date,stock_id,Trading_Volume,Trading_money,open,max,min,close,spread,Trading_turnover
2016-01-04,1558,44005.0,6065715.0,137.5,138.5,137.0,137.5,-0.5,45.0
2016-01-05,1558,67200.0,9199100.0,137.0,137.5,136.0,137.0,-0.5,70.0
2016-01-06,1558,144538.0,19531820.0,137.0,137.0,134.0,135.0,-2.0,138.0
2016-01-07,1558,204289.0,26999804.0,135.0,135.5,130.0,132.0,-3.0,172.0
2016-01-08,1558,82102.0,10929188.0,131.0,134.5,130.5,133.5,1.5,83.0
2016-01-11,1558,136014.0,17618390.0,131.0,131.0,128.5,129.5,-4.0,125.0
2016-01-12,1558,96057.0,12441138.0,130.0,130.5,128.5,128.5,-1.0,83.0
2016-01-13,1558,41689.0,5395759.0,130.0,130.0,129.0,129.0,0.5,50.0
2016-01-14,1558,123193.0,15868283.0,128.0,130.0,127.0,129.0,0.0,127.0
2016-01-15,1558,159724.0,21083516.0,131.5,133.5,130.5,132.5,3.5,145.0
2016-01-18,1558,169080.0,22806620.0,128.0,138.0,128.0,137.5,5.0,147.0
2016-01-19,1558,40300.0,5521400.0,137.5,138.0,136.0,137.0,-0.5,44.0
2016-01-20,1558,97249.0,13312113.0,137.0,138.0,134.0,137.0,0.0,99.0
2016-01-21,1558,116099.0,16097652.0,137.0,142.0,135.5,139.0,2.0,112.0
2016-01-22,1558,35198.0,4894119.0,140.0,141.0,137.5,139.5,0.5,42.0
2016-01-25,1558,56002.0,7850794.0,142.0,142.0,139.0,141.0,1.5,51.0
2016-01-26,1558,56548.0,7955220.0,141.0,141.5,139.5,140.0,-1.0,65.0
2016-01-27,1558,58025.0,8187536.0,141.0,141.5,140.0,141.5,1.5,57.0
2016-01-28,1558,93549.0,13236409.0,141.0,142.0,140.0,141.0,-0.5,94.0
2016-01-29,1558,94157.0,13326029.0,139.0,142.5,138.5,142.5,1.5,88.0
2016-01-30,1558,47284.0,6765968.0,143.0,144.0,140.5,142.0,-0.5,48.0
2016-02-01,1558,61702.0,8821532.0,140.5,143.5,140.5,143.0,1.0,73.0
2016-02-02,1558,41765.0,5918365.0,143.5,143.5,140.5,140.5,-2.5,47.0
2016-02-03,1558,45416.0,6406156.0,141.5,141.5,140.5,141.0,0.5,54.0
2016-02-15,1558,51489.0,7164916.0,140.0,140.0,138.5,138.5,-2.5,70.0
2016-02-16,1558,61489.0,8543460.0,139.0,139.5,138.0,139.5,1.0,60.0
2016-02-17,1558,44004.0,6131580.0,139.0,140.0,138.5,139.5,0.0,31.0
2016-02-18,1558,72103.0,10073935.0,139.0,140.5,139.0,140.0,0.5,68.0
2016-02-19,1558,69530.0,9679492.0,140.0,140.5,138.5,140.5,0.5,68.0
2016-02-22,1558,249077.0,34800123.0,140.5,141.0,139.5,139.5,-1.0,62.0
2016-02-23,1558,87609.0,12239760.0,140.5,141.0,139.0,139.5,0.0,81.0
2016-02-24,1558,49576.0,6919347.0,140.0,140.0,139.0,140.0,0.5,58.0
2016-02-25,1558,65058.0,9142678.0,140.5,141.0,139.5,140.5,0.5,68.0
2016-02-26,1558,155365.0,22277425.0,141.0,145.0,141.0,144.0,3.5,139.0
2016-03-01,1558,221750.0,32631750.0,145.5,148.5,145.0,147.0,3.0,194.0
2016-03-02,1558,121917.0,17898299.0,148.5,148.5,145.5,147.0,0.0,114.0
2016-03-03,1558,99320.0,14557695.0,146.5,148.0,145.5,146.5,-0.5,81.0
2016-03-04,1558,561142.0,85088584.0,151.0,153.5,150.0,150.0,3.5,440.0
2016-03-07,1558,156723.0,23754197.0,150.5,153.5,150.5,150.5,0.5,148.0
2016-03-08,1558,210424.0,31935656.0,151.0,153.0,151.0,151.5,1.0,195.0
2016-03-09,1558,200645.0,30540685.0,152.0,153.0,151.0,153.0,1.5,192.0
2016-03-10,1558,194350.0,29851750.0,153.0,155.0,152.5,154.0,1.0,189.0
2016-03-11,1558,102091.0,15641696.0,154.0,154.0,152.5,154.0,0.0,95.0
2016-03-14,1558,224858.0,35102706.0,154.0,157.0,154.0,156.5,2.5,203.0
2016-03-15,1558,166399.0,25807634.0,158.0,158.0,153.5,153.5,-3.0,155.0
2016-03-16,1558,165811.0,25501394.0,153.0,155.0,153.0,154.0,0.5,137.0
2016-03-17,1558,128376.0,19863088.0,155.0,156.0,153.5,153.5,-0.5,119.0
2016-03-18,1558,120996.0,18603874.0,153.5,155.5,153.0,153.5,0.0,142.0
2016-03-21,1558,195628.0,29777258.0,153.5,153.5,151.0,152.0,-1.5,179.0
2016-03-22,1558,87324.0,13318072.0,152.5,153.5,151.0,152.5,0.5,88.0
2016-03-23,1558,81305.0,12365507.0,152.0,153.0,151.5,152.5,0.0,74.0
2016-03-24,1558,95200.0,14455997.0,151.0,152.5,151.0,152.0,-0.5,97.0
2016-03-25,1558,104049.0,15768997.0,151.0,152.5,150.5,152.0,0.0,88.0
2016-03-28,1558,74007.0,11199564.0,152.0,152.0,151.0,151.0,-1.0,73.0
2016-03-29,1558,125249.0,18912218.0,152.5,152.5,150.0,151.0,0.0,120.0
2016-03-30,1558,147483.0,22269173.0,151.0,152.0,150.0,151.0,0.0,129.0
2016-03-31,1558,277603.0,41506530.0,151.5,151.5,148.0,148.5,-2.5,256.0
2016-04-01,1558,88401.0,13212444.0,148.5,150.0,148.5,149.5,1.0,95.0
2016-04-06,1558,108322.0,16197127.0,150.5,150.5,148.5,149.5,0.0,133.0
2016-04-07,1558,69070.0,10384570.0,150.0,151.0,150.0,150.5,1.0,56.0
2016-04-08,1558,115186.0,17258492.0,149.5,150.5,149.0,150.0,-0.5,82.0
2016-04-11,1558,167065.0,24705685.0,148.5,148.5,147.0,147.5,-2.5,160.0
2016-04-12,1558,183252.0,26796544.0,147.5,148.0,145.0,145.5,-2.0,171.0
2016-04-13,1558,88213.0,12920024.0,147.0,147.5,145.5,147.0,1.5,93.0
2016-04-14,1558,42466.0,6264468.0,147.5,148.0,147.0,147.5,0.5,44.0
2016-04-15,1558,44446.0,6611454.0,146.5,149.5,146.5,149.0,1.5,53.0
2016-04-18,1558,63307.0,9360243.0,147.5,149.0,147.5,147.5,-1.5,58.0
2016-04-19,1558,72100.0,10599300.0,148.5,148.5,146.5,146.5,-1.0,68.0
2016-04-20,1558,87458.0,12738596.0,146.5,147.0,145.0,146.0,-0.5,89.0
2016-04-21,1558,133000.0,19329500.0,147.0,147.0,144.5,145.5,-0.5,106.0
2016-04-22,1558,75011.0,10919622.0,145.5,146.0,145.0,145.5,0.0,56.0
2016-04-25,1558,46001.0,6713150.0,146.0,146.5,145.5,145.5,0.0,38.0
2016-04-26,1558,29162.0,4257232.0,146.5,146.5,145.5,146.5,1.0,32.0
2016-04-27,1558,29121.0,4255150.0,146.5,146.5,145.5,146.0,-0.5,30.0
2016-04-28,1558,70469.0,10252206.0,145.5,146.0,145.0,146.0,0.0,65.0
2016-04-29,1558,56922.0,8253150.0,145.0,145.5,144.5,145.5,-0.5,48.0
2016-05-03,1558,135280.0,19398040.0,144.5,145.0,141.5,142.5,-3.0,117.0
2016-05-04,1558,215361.0,30331942.0,141.0,143.0,139.5,142.5,0.0,124.0
2016-05-05,1558,43280.0,6145118.0,142.5,143.0,141.0,141.5,-1.0,39.0
2016-05-06,1558,73085.0,10520740.0,141.0,145.5,141.0,144.0,2.5,62.0
2016-05-09,1558,51000.0,7305000.0,143.0,144.0,142.5,143.0,-1.0,51.0
2016-05-10,1558,78070.0,11375324.0,143.0,147.5,143.0,146.5,3.5,58.0
2016-05-11,1558,67226.0,9836448.0,147.5,147.5,145.5,147.0,0.5,62.0
2016-05-12,1558,24314.0,3547344.0,146.5,147.0,145.0,145.0,-2.0,29.0
2016-05-13,1558,42517.0,6115220.0,146.5,146.5,143.0,145.0,0.0,50.0
2016-05-16,1558,34299.0,4939904.0,145.0,145.0,143.5,143.5,-1.5,43.0
2016-05-17,1558,27436.0,3950565.0,144.5,145.0,143.5,143.5,0.0,31.0
2016-05-18,1558,13485.0,1935340.0,143.5,144.0,143.0,144.0,0.5,16.0
2016-05-19,1558,30334.0,4368263.0,143.5,145.0,143.0,144.0,0.0,31.0
2016-05-20,1558,15170.0,2184065.0,143.0,144.5,143.0,144.5,0.5,17.0
2016-05-23,1558,36254.0,5292838.0,144.5,147.0,144.5,146.0,1.5,33.0
2016-05-24,1558,25697.0,3707065.0,142.0,145.5,142.0,145.5,-0.5,33.0
2016-05-25,1558,34552.0,5053592.0,146.0,147.0,145.5,146.5,1.0,39.0
2016-05-26,1558,20300.0,2966600.0,145.5,147.0,145.5,146.0,-0.5,21.0
2016-05-27,1558,34735.0,5064810.0,145.5,146.5,145.0,146.0,0.0,37.0
2016-05-30,1558,48274.0,7080004.0,147.0,147.0,146.0,147.0,1.0,50.0
2016-05-31,1558,90314.0,13187530.0,146.5,147.5,145.0,145.0,-2.0,79.0
2016-06-01,1558,101096.0,14900112.0,146.5,148.0,146.0,147.0,2.0,86.0
2016-06-02,1558,52156.0,7710088.0,148.0,148.5,147.5,148.0,1.0,50.0
2016-06-03,1558,66262.0,9786883.0,147.0,149.0,146.5,146.5,-1.5,58.0
2016-06-04,1558,32150.0,4749700.0,145.5,148.5,145.5,148.5,2.0,22.0
2016-06-06,1558,41001.0,6054148.0,147.5,148.0,147.0,147.0,-1.5,35.0
2016-06-07,1558,51300.0,7546250.0,147.5,147.5,146.5,147.5,0.5,43.0
2016-06-08,1558,43639.0,6464572.0,148.0,149.0,147.5,147.5,0.0,42.0
2016-06-13,1558,19505.0,2862985.0,148.0,148.0,146.5,146.5,-1.0,26.0
2016-06-14,1558,41282.0,6055812.0,146.5,147.5,146.0,146.5,0.0,45.0
2016-06-15,1558,34251.0,5027397.0,145.5,147.5,145.5,147.0,0.5,34.0
2016-06-16,1558,169982.0,24763860.0,146.0,147.0,144.5,145.5,-1.5,109.0
2016-06-17,1558,45261.0,6632867.0,146.0,147.0,146.0,147.0,1.5,29.0
2016-06-20,1558,78564.0,11568408.0,147.0,147.5,146.5,147.0,0.0,53.0
2016-06-21,1558,62000.0,9137000.0,147.0,148.0,147.0,148.0,1.0,42.0
2016-06-22,1558,70174.0,10341600.0,148.0,148.0,146.0,148.0,0.0,61.0
2016-06-23,1558,65191.0,9608664.0,147.0,148.0,147.0,147.5,-0.5,69.0
2016-06-24,1558,150052.0,21917300.0,147.5,147.5,144.5,145.5,-2.0,126.0
2016-06-27,1558,92249.0,13331354.0,143.0,145.5,142.0,145.5,0.0,62.0
2016-06-28,1558,82277.0,11967442.0,145.5,146.0,144.0,146.0,0.5,58.0
2016-06-29,1558,197176.0,28857696.0,146.5,147.0,145.5,147.0,1.0,167.0
2016-06-30,1558,702366.0,104480204.0,147.0,149.5,147.0,149.5,2.5,476.0
2016-07-01,1558,633745.0,90514035.0,141.0,144.5,141.0,143.0,0.0,444.0
2016-07-04,1558,160813.0,22928446.0,144.0,144.5,141.0,141.5,-1.5,130.0
2016-07-05,1558,85211.0,12028562.0,141.5,142.0,140.0,142.0,0.5,73.0
2016-07-06,1558,76059.0,10685407.0,141.0,141.0,140.0,140.5,-1.5,55.0
2016-07-07,1558,55055.0,7748337.0,141.0,141.5,140.0,141.0,0.5,49.0
2016-07-11,1558,165066.0,23078806.0,142.0,142.0,138.0,140.0,-1.0,136.0
2016-07-12,1558,75311.0,10493851.0,140.5,140.5,138.5,139.5,-0.5,72.0
2016-07-13,1558,80002.0,11105282.0,140.0,140.0,138.0,138.0,-1.5,57.0
2016-07-14,1558,67411.0,9413743.0,139.5,140.5,139.0,139.0,1.0,54.0
2016-07-15,1558,46217.0,6442597.0,140.0,140.0,139.0,139.5,0.5,48.0
2016-07-18,1558,55176.0,7693316.0,139.5,140.0,139.0,140.0,0.5,57.0
2016-07-19,1558,92676.0,12851640.0,140.5,140.5,136.5,138.5,-1.5,83.0
2016-07-20,1558,107248.0,14948720.0,137.5,140.5,137.5,139.5,1.0,90.0
2016-07-21,1558,64964.0,9086473.0,140.5,140.5,139.0,139.5,0.0,67.0
2016-07-22,1558,74403.0,10496023.0,140.0,141.5,140.0,141.5,2.0,67.0
2016-07-25,1558,98156.0,13909152.0,140.0,142.5,140.0,142.0,0.5,73.0
2016-07-26,1558,184199.0,26478156.0,141.5,145.0,141.5,144.0,2.0,134.0
2016-07-27,1558,80095.0,11550275.0,144.0,145.0,144.0,144.0,0.0,66.0
2016-07-28,1558,166688.0,24310948.0,145.0,147.0,144.0,146.0,2.0,137.0
2016-07-29,1558,134151.0,19661546.0,147.0,147.0,146.0,146.5,0.5,132.0
2016-08-01,1558,110070.0,16050220.0,147.0,147.0,145.0,145.5,-1.0,83.0
2016-08-02,1558,67105.0,9809380.0,146.5,147.0,145.5,145.5,0.0,59.0
2016-08-03,1558,55102.0,7988892.0,145.5,145.5,144.5,145.0,-0.5,37.0
2016-08-04,1558,94363.0,13641451.0,145.0,145.5,144.0,144.5,-0.5,77.0
2016-08-05,1558,60500.0,8732247.0,144.0,145.0,144.0,145.0,0.5,47.0
2016-08-08,1558,109006.0,15966382.0,145.0,147.0,145.0,146.0,1.0,91.0
2016-08-09,1558,171287.0,25216189.0,147.5,148.5,146.5,147.5,1.5,145.0
2016-08-10,1558,56562.0,8327114.0,147.5,147.5,147.0,147.5,0.0,55.0
2016-08-11,1558,595209.0,90656977.0,153.0,154.5,149.5,154.0,6.5,441.0
2016-08-12,1558,219526.0,33864233.0,154.5,155.0,153.0,154.5,0.5,203.0
2016-08-15,1558,144880.0,22243640.0,155.0,155.5,152.5,153.0,-1.5,139.0
2016-08-16,1558,374991.0,57763614.0,154.0,156.5,152.5,155.0,2.0,329.0
2016-08-17,1558,239890.0,37175950.0,155.5,156.0,154.0,156.0,1.0,198.0
2016-08-18,1558,461661.0,72340438.0,156.0,158.5,155.5,158.5,2.5,359.0
2016-08-19,1558,393730.0,62942840.0,158.5,162.0,158.0,159.0,0.5,329.0
2016-08-22,1558,280404.0,43583317.0,158.0,158.0,153.5,155.5,-3.5,231.0
2016-08-23,1558,127100.0,19948700.0,156.5,158.0,155.0,156.5,1.0,113.0
2016-08-24,1558,327256.0,52029460.0,158.0,160.0,157.0,159.0,2.5,282.0
2016-08-25,1558,195961.0,31332314.0,159.0,161.0,158.0,158.5,-0.5,183.0
2016-08-26,1558,164523.0,26186915.0,160.0,160.0,158.5,159.5,1.0,164.0
2016-08-29,1558,159959.0,25465440.0,159.5,160.5,157.5,160.5,1.0,155.0
2016-08-30,1558,118818.0,18967562.0,160.5,161.0,159.0,160.0,-0.5,112.0
2016-08-31,1558,182589.0,28838765.0,161.0,161.0,156.0,157.5,-2.5,157.0
2016-09-01,1558,78878.0,12379846.0,157.5,159.0,156.5,157.0,-0.5,78.0
2016-09-02,1558,164020.0,25446610.0,157.0,158.0,153.5,155.5,-1.5,141.0
2016-09-05,1558,127062.0,19850734.0,156.5,157.5,154.5,157.0,1.5,105.0
2016-09-06,1558,397454.0,63270459.0,158.0,161.5,158.0,158.5,1.5,301.0
2016-09-07,1558,335131.0,53739591.0,160.5,161.0,158.0,161.0,2.5,299.0
2016-09-08,1558,397423.0,64019103.0,161.0,162.5,158.5,162.0,1.0,349.0
2016-09-09,1558,604122.0,95755959.0,158.5,161.0,156.5,160.0,-2.0,470.0
2016-09-10,1558,113236.0,17870788.0,158.0,158.5,157.0,157.5,-2.5,78.0
2016-09-12,1558,265150.0,42243350.0,159.5,160.0,158.0,159.5,2.0,244.0
2016-09-13,1558,148627.0,23661693.0,160.0,160.0,158.0,158.5,-1.0,144.0
2016-09-14,1558,214200.0,33512100.0,158.5,158.5,155.0,158.0,-0.5,191.0
2016-09-19,1558,196950.0,31212100.0,158.5,159.5,157.5,159.5,1.5,173.0
2016-09-20,1558,170885.0,27200330.0,159.5,160.0,158.5,158.5,-1.0,132.0
2016-09-21,1558,143233.0,22758280.0,159.5,160.0,158.0,160.0,1.5,121.0
2016-09-22,1558,262228.0,42401480.0,160.0,163.0,160.0,161.0,1.0,216.0
2016-09-23,1558,392456.0,63819828.0,160.5,164.0,160.5,163.0,2.0,342.0
2016-09-26,1558,107301.0,17448063.0,163.0,163.0,161.5,163.0,0.0,102.0
2016-09-29,1558,212474.0,34141340.0,160.5,162.5,159.5,160.0,-3.0,178.0
2016-09-30,1558,116312.0,18748732.0,160.0,162.0,160.0,161.0,1.0,107.0
2016-10-03,1558,221180.0,36056340.0,161.0,164.0,161.0,163.5,2.5,180.0
2016-10-04,1558,419016.0,69734672.0,163.0,168.5,163.0,167.0,3.5,379.0
2016-10-05,1558,123995.0,20662670.0,168.0,168.0,166.0,166.0,-1.0,120.0
2016-10-06,1558,147822.0,24448038.0,165.5,167.0,164.5,165.5,-0.5,140.0
2016-10-07,1558,232899.0,38344436.0,164.5,167.5,162.0,164.0,-1.5,213.0
2016-10-11,1558,406653.0,64412998.0,161.0,162.0,157.0,157.0,-7.0,319.0
2016-10-12,1558,153320.0,24252217.0,157.0,159.0,157.0,158.5,1.5,136.0
2016-10-13,1558,152340.0,24183560.0,158.5,159.5,158.0,159.5,1.0,128.0
2016-10-14,1558,86135.0,13546195.0,157.5,160.0,156.5,157.0,-2.5,93.0
2016-10-17,1558,165271.0,25918818.0,156.5,158.0,153.0,158.0,1.0,121.0
2016-10-18,1558,115251.0,18109409.0,157.0,158.0,155.5,157.5,-0.5,99.0
2016-10-19,1558,186421.0,29524939.0,157.5,159.5,157.0,159.0,1.5,164.0
2016-10-20,1558,136069.0,21468040.0,158.5,158.5,157.0,158.5,-0.5,117.0
2016-10-21,1558,386466.0,59751696.0,158.0,158.5,153.0,153.0,-5.5,249.0
2016-10-24,1558,173787.0,26369411.0,153.0,153.0,150.5,151.5,-1.5,179.0
2016-10-25,1558,95754.0,14506484.0,151.0,152.0,150.5,151.5,0.0,102.0
2016-10-26,1558,108230.0,16369844.0,151.5,152.0,150.5,151.0,-0.5,109.0
2016-10-27,1558,93525.0,14228800.0,151.0,153.0,151.0,151.5,0.5,96.0
2016-10-28,1558,81700.0,12321200.0,151.5,151.5,150.5,150.5,-1.0,88.0
2016-10-31,1558,85221.0,12885313.0,149.0,152.5,148.5,152.5,2.0,85.0
2016-11-01,1558,78502.0,11961053.0,150.5,153.0,150.5,152.0,-0.5,87.0
2016-11-02,1558,83250.0,12574000.0,151.0,152.0,150.5,151.5,-0.5,81.0
2016-11-03,1558,232677.0,34608033.0,151.0,151.0,147.5,148.5,-3.0,203.0
2016-11-04,1558,58602.0,8778800.0,148.5,150.5,148.5,150.0,1.5,62.0
2016-11-07,1558,40087.0,6033637.0,150.5,151.5,150.0,150.5,0.5,40.0
2016-11-08,1558,55141.0,8222650.0,150.5,150.5,148.0,150.0,-0.5,53.0
2016-11-09,1558,403600.0,59285200.0,149.0,149.0,145.0,146.0,-4.0,328.0
2016-11-10,1558,217101.0,32424598.0,148.0,151.0,147.0,149.0,3.0,156.0
2016-11-11,1558,102327.0,15107557.0,149.0,149.5,146.0,148.0,-1.0,89.0
2016-11-14,1558,76324.0,11254952.0,149.5,149.5,146.5,148.0,0.0,79.0
2016-11-15,1558,65207.0,9681257.0,148.0,150.0,147.0,149.5,1.5,59.0
2016-11-16,1558,66615.0,9928326.0,149.5,150.0,148.0,148.5,-1.0,66.0
2016-11-17,1558,78227.0,11600935.0,149.0,149.0,147.5,148.5,0.0,62.0
2016-11-18,1558,119000.0,17863000.0,149.0,151.0,149.0,151.0,2.5,83.0
2016-11-21,1558,35002.0,5259304.0,149.5,151.0,149.0,151.0,0.0,35.0
2016-11-22,1558,79282.0,11979364.0,150.0,152.0,150.0,151.5,0.5,71.0
2016-11-23,1558,69001.0,10362650.0,151.5,151.5,149.5,150.0,-1.5,67.0
2016-11-24,1558,34000.0,5051000.0,149.0,149.5,148.0,149.0,-1.0,25.0
2016-11-25,1558,47480.0,7119000.0,150.0,150.5,149.0,150.0,1.0,40.0
2016-11-28,1558,130300.0,19719450.0,150.0,152.0,150.0,151.5,1.5,98.0
2016-11-29,1558,29019.0,4380407.0,151.5,152.0,150.5,151.5,0.0,30.0
2016-11-30,1558,30094.0,4538788.0,150.0,151.5,150.0,151.0,-0.5,30.0
2016-12-01,1558,32000.0,4828000.0,151.0,151.5,150.0,150.5,-0.5,31.0
2016-12-02,1558,48100.0,7225549.0,149.5,151.0,149.5,150.0,-0.5,34.0
2016-12-05,1558,47243.0,7127693.0,150.0,151.5,150.0,151.0,1.0,52.0
2016-12-06,1558,27031.0,4065181.0,151.5,151.5,150.0,150.0,-1.0,29.0
2016-12-07,1558,63001.0,9489153.0,150.0,151.5,150.0,150.5,0.5,60.0
2016-12-08,1558,70139.0,10591415.0,150.5,151.5,150.5,150.5,0.0,85.0
2016-12-09,1558,153054.0,23201208.0,150.0,153.5,150.0,153.0,2.5,149.0
2016-12-12,1558,138013.0,21123495.0,153.5,153.5,152.5,153.0,0.0,118.0
2016-12-13,1558,56575.0,8614900.0,152.0,153.0,151.5,152.0,-1.0,63.0
2016-12-14,1558,97716.0,14838332.0,151.0,153.0,151.0,152.0,0.0,103.0
2016-12-15,1558,116150.0,17771024.0,152.0,154.0,151.0,152.5,0.5,107.0
2016-12-16,1558,116500.0,17987249.0,152.5,155.0,152.5,155.0,2.5,115.0
2016-12-19,1558,185939.0,29274423.0,155.0,159.5,155.0,157.0,2.0,186.0
2016-12-20,1558,152317.0,24203744.0,156.0,159.5,156.0,158.5,1.5,149.0
2016-12-21,1558,196781.0,31504460.0,158.5,161.0,158.0,160.0,1.5,181.0
2016-12-22,1558,195110.0,31274100.0,159.5,161.5,159.5,160.0,0.0,157.0
2016-12-23,1558,111275.0,17784725.0,160.0,161.0,158.0,159.0,-1.0,102.0
2016-12-26,1558,53501.0,8564160.0,159.0,160.5,159.0,160.0,1.0,40.0
2016-12-27,1558,65602.0,10518820.0,160.0,161.0,159.0,160.0,0.0,71.0
2016-12-28,1558,23136.0,3695624.0,160.0,160.0,159.5,159.5,-0.5,24.0
2016-12-29,1558,53601.0,8576660.0,159.5,160.5,159.0,160.0,0.5,44.0
2016-12-30,1558,72157.0,11587463.0,160.5,161.0,160.0,160.5,0.5,62.0
2017-01-03,1558,22380.0,3581920.0,161.0,161.0,159.0,159.0,-1.5,32.0
2017-01-04,1558,67937.0,10885451.0,159.0,161.0,159.0,160.0,1.0,60.0
2017-01-05,1558,147793.0,23889380.0,160.0,162.5,160.0,161.5,1.5,150.0
2017-01-06,1558,128136.0,20790032.0,160.5,163.0,160.5,163.0,1.5,129.0
2017-01-09,1558,56149.0,9082562.0,163.0,163.0,161.0,161.5,-1.5,57.0
2017-01-10,1558,94206.0,15248372.0,162.5,163.0,161.0,162.5,1.0,89.0
2017-01-11,1558,103716.0,16915208.0,162.5,163.5,162.5,163.5,1.0,111.0
2017-01-12,1558,28300.0,4605749.0,163.5,163.5,162.0,162.0,-1.5,34.0
2017-01-13,1558,37348.0,6044028.0,163.0,163.0,161.5,162.0,0.0,46.0
2017-01-16,1558,116667.0,18715220.0,160.0,162.0,159.5,160.5,-1.5,113.0
2017-01-17,1558,49505.0,7967810.0,159.5,162.5,159.5,161.5,1.0,48.0
2017-01-18,1558,100457.0,16303534.0,162.0,163.0,161.5,162.5,1.0,105.0
2017-01-19,1558,78442.0,12754322.0,162.5,163.0,162.0,163.0,0.5,86.0
2017-01-20,1558,41087.0,6666507.0,163.0,163.0,161.5,162.0,-1.0,45.0
2017-01-23,1558,25435.0,4125905.0,160.5,163.0,160.5,163.0,1.0,30.0
2017-01-24,1558,41349.0,6671038.0,162.5,162.5,161.0,161.0,-2.0,45.0
2017-02-02,1558,64703.0,10425480.0,161.0,162.5,160.5,161.0,0.0,70.0
2017-02-03,1558,56008.0,8967780.0,161.0,161.0,159.5,160.0,-1.0,63.0
2017-02-06,1558,78111.0,12484199.0,159.5,161.0,159.5,160.0,0.0,95.0
2017-02-07,1558,66760.0,10693600.0,161.0,161.0,159.5,161.0,1.0,67.0
2017-02-08,1558,51052.0,8188342.0,161.0,161.0,160.0,160.5,-0.5,49.0
2017-02-09,1558,200425.0,31608150.0,159.5,159.5,157.0,157.5,-3.0,169.0
2017-02-10,1558,52020.0,8227200.0,158.0,159.0,157.5,158.5,1.0,67.0
2017-02-13,1558,34856.0,5538655.0,159.0,159.5,158.5,158.5,0.0,78.0
2017-02-14,1558,62324.0,9893851.0,158.5,159.5,158.0,158.0,-0.5,65.0
2017-02-15,1558,40003.0,6353477.0,159.0,159.5,158.0,158.0,0.0,42.0
2017-02-16,1558,40165.0,6354570.0,158.0,159.5,158.0,158.0,0.0,45.0
2017-02-17,1558,54064.0,8550612.0,159.0,159.0,157.5,158.5,0.5,61.0
2017-02-18,1558,31713.0,5016154.0,158.0,158.5,158.0,158.0,-0.5,33.0
2017-02-20,1558,60399.0,9598441.0,158.5,159.5,158.0,159.0,1.0,64.0
2017-02-21,1558,77050.0,12197900.0,159.0,159.5,157.5,157.5,-1.5,77.0
2017-02-22,1558,54126.0,8554970.0,157.5,158.5,157.5,158.0,0.5,50.0
2017-02-23,1558,130115.0,20552724.0,159.0,159.5,157.5,158.0,0.0,128.0
2017-02-24,1558,105249.0,16579091.0,158.5,158.5,157.0,158.5,0.5,106.0
2017-03-01,1558,62557.0,9906063.0,158.5,159.0,157.0,158.5,0.0,69.0
2017-03-02,1558,86050.0,13558900.0,159.5,159.5,157.0,157.0,-1.5,77.0
2017-03-03,1558,112203.0,17639471.0,158.0,158.0,156.0,156.0,-1.0,109.0
2017-03-06,1558,133893.0,20814354.0,156.0,156.5,155.0,155.5,-0.5,149.0
2017-03-07,1558,176083.0,27223402.0,156.0,156.0,154.0,155.0,-0.5,156.0
2017-03-08,1558,73160.0,11284460.0,155.5,155.5,154.0,154.5,-0.5,80.0
2017-03-09,1558,287212.0,43699268.0,154.5,154.5,151.0,151.5,-3.0,242.0
2017-03-10,1558,83720.0,12759160.0,153.0,153.0,151.5,152.5,1.0,83.0
2017-03-13,1558,76094.0,11667446.0,152.5,154.0,152.5,154.0,1.5,158.0
2017-03-14,1558,91149.0,14045042.0,154.0,155.0,153.0,153.5,-0.5,121.0
2017-03-15,1558,118613.0,18376515.0,155.0,156.0,154.0,154.5,1.0,150.0
2017-03-16,1558,48762.0,7583468.0,156.0,156.0,155.0,156.0,1.5,72.0
2017-03-17,1558,148202.0,23109714.0,156.0,157.0,155.0,157.0,1.0,146.0
2017-03-20,1558,79239.0,12415523.0,157.0,158.0,156.0,156.0,-1.0,106.0
2017-03-21,1558,99046.0,15402925.0,156.5,157.0,154.5,155.0,-1.0,85.0
2017-03-22,1558,130120.0,19967840.0,154.5,154.5,153.0,153.5,-1.5,121.0
2017-03-23,1558,188575.0,29327775.0,154.5,156.5,154.5,156.0,2.5,194.0
2017-03-24,1558,107179.0,16757603.0,157.5,157.5,155.0,155.0,-1.0,113.0
2017-03-27,1558,67341.0,10519696.0,155.5,157.5,155.0,155.5,0.5,79.0
2017-03-28,1558,139008.0,21543288.0,155.5,156.5,154.0,155.5,0.0,138.0
2017-03-29,1558,81288.0,12607064.0,155.0,156.5,154.5,155.5,0.0,92.0
2017-03-30,1558,114500.0,17849000.0,155.5,156.5,155.5,156.0,0.5,99.0
2017-03-31,1558,122582.0,19106792.0,156.0,156.5,155.5,156.0,0.0,114.0
2017-04-05,1558,123344.0,19309698.0,156.0,157.5,156.0,156.5,0.5,147.0
2017-04-06,1558,244700.0,37794000.0,156.5,157.0,153.5,154.5,-2.0,192.0
2017-04-07,1558,82242.0,12598010.0,154.0,154.0,152.0,153.0,-1.5,89.0
2017-04-10,1558,74532.0,11391396.0,153.5,153.5,152.0,153.0,0.0,132.0
2017-04-11,1558,68033.0,10389615.0,154.0,154.0,152.0,152.5,-0.5,88.0
2017-04-12,1558,127023.0,19279226.0,152.5,152.5,151.0,152.0,-0.5,102.0
2017-04-13,1558,195228.0,29366656.0,151.5,151.5,149.5,150.5,-1.5,171.0
2017-04-14,1558,136396.0,20428296.0,150.5,150.5,149.0,149.0,-1.5,111.0
2017-04-17,1558,62139.0,9286850.0,149.0,150.0,149.0,149.5,0.5,74.0
2017-04-18,1558,149015.0,22297825.0,150.0,151.0,149.0,150.5,1.0,96.0
2017-04-19,1558,54147.0,8153264.0,150.5,151.0,149.5,151.0,0.5,61.0
2017-04-20,1558,54350.0,8167350.0,151.0,152.0,149.5,150.0,-1.0,59.0
2017-04-21,1558,62105.0,9310405.0,150.5,151.0,149.5,149.5,-0.5,56.0
2017-04-24,1558,105144.0,15687100.0,150.0,150.0,148.5,149.0,-0.5,85.0
2017-04-25,1558,149053.0,22182556.0,150.0,150.0,148.0,148.5,-0.5,128.0
2017-04-26,1558,75001.0,11174152.0,148.5,150.0,148.5,150.0,1.5,70.0
2017-04-27,1558,60140.0,9025208.0,150.0,150.5,149.5,150.0,0.0,60.0
2017-04-28,1558,78195.0,11806236.0,150.5,151.5,150.5,151.5,1.5,64.0
2017-05-02,1558,136997.0,20845540.0,151.5,152.5,151.0,152.5,1.0,122.0
2017-05-03,1558,71533.0,10952615.0,153.0,153.5,152.5,153.5,1.0,68.0
2017-05-04,1558,1123770.0,162039339.0,140.0,148.5,140.0,148.0,-5.5,770.0
2017-05-05,1558,232991.0,34348168.0,147.0,149.0,146.0,147.5,-0.5,194.0
2017-05-08,1558,278562.0,40383990.0,147.0,147.0,143.5,144.0,-3.5,256.0
2017-05-09,1558,239258.0,34161216.0,144.5,144.5,142.0,142.5,-1.5,163.0
2017-05-10,1558,330823.0,46947777.0,142.5,143.5,141.0,141.5,-1.0,287.0
2017-05-11,1558,257019.0,36325236.0,141.5,143.5,140.0,141.0,-0.5,218.0
2017-05-12,1558,240577.0,34058798.0,140.5,142.5,140.5,142.0,1.0,216.0
2017-05-15,1558,142000.0,20189500.0,143.5,143.5,141.0,142.0,0.0,124.0
2017-05-16,1558,118784.0,16957896.0,142.0,143.5,142.0,142.0,0.0,96.0
2017-05-17,1558,135095.0,19384726.0,142.5,145.0,142.0,144.5,2.5,144.0
2017-05-18,1558,127212.0,18173028.0,143.0,144.0,142.0,143.0,-1.5,127.0
2017-05-19,1558,121138.0,17256661.0,143.0,143.5,142.0,142.5,-0.5,138.0
2017-05-22,1558,121852.0,17328336.0,142.5,143.5,141.5,142.0,-0.5,123.0
2017-05-23,1558,111187.0,15732054.0,142.0,142.0,141.0,141.5,-0.5,91.0
2017-05-24,1558,95066.0,13415570.0,141.0,142.0,140.5,142.0,0.5,91.0
2017-05-25,1558,145099.0,20565256.0,142.0,143.0,141.0,141.5,-0.5,107.0
2017-05-26,1558,86288.0,12267972.0,141.5,143.0,141.5,143.0,1.5,86.0
2017-05-31,1558,132300.0,19000000.0,143.5,145.0,143.0,143.0,0.0,110.0
2017-06-01,1558,75695.0,10920775.0,143.0,145.0,143.0,144.5,1.5,69.0
2017-06-02,1558,80308.0,11636312.0,144.5,145.5,144.5,144.5,0.0,80.0
2017-06-03,1558,38000.0,5465000.0,144.5,144.5,143.5,144.0,-0.5,37.0
2017-06-05,1558,54000.0,7740000.0,143.5,144.5,143.0,143.5,-0.5,54.0
2017-06-06,1558,76154.0,10909830.0,143.5,144.0,143.0,143.5,0.0,77.0
2017-06-07,1558,66001.0,9473645.0,144.0,144.0,143.0,143.0,-0.5,64.0
2017-06-08,1558,97609.0,13960196.0,143.0,143.5,142.5,142.5,-0.5,101.0
2017-06-09,1558,153120.0,21618660.0,142.5,143.0,140.0,140.0,-2.5,130.0
2017-06-12,1558,295676.0,40971316.0,140.0,140.0,138.0,138.0,-2.0,265.0
2017-06-13,1558,116207.0,16243394.0,138.0,140.5,138.0,140.0,2.0,93.0
2017-06-14,1558,150490.0,20963090.0,140.0,140.0,138.5,140.0,0.0,132.0
2017-06-15,1558,71050.0,10073850.0,141.0,143.0,141.0,141.5,1.5,67.0
2017-06-16,1558,82045.0,11632935.0,142.0,142.0,141.5,141.5,0.0,79.0
2017-06-19,1558,71805.0,10190709.0,141.5,142.5,141.5,142.5,1.0,76.0
2017-06-20,1558,126110.0,18086394.0,143.0,144.0,143.0,143.5,1.0,117.0
2017-06-21,1558,116894.0,16785524.0,144.0,144.5,142.5,144.0,0.5,111.0
2017-06-22,1558,221128.0,31939492.0,144.0,145.0,143.5,144.5,0.5,175.0
2017-06-23,1558,143500.0,20757000.0,145.0,145.0,144.0,144.5,0.0,95.0
2017-06-26,1558,220733.0,32113149.0,144.5,146.5,144.0,145.5,1.0,163.0
2017-06-27,1558,203643.0,29702378.0,146.0,146.5,145.0,146.0,0.5,181.0
2017-06-28,1558,135386.0,19675970.0,146.5,146.5,145.0,145.0,-1.0,141.0
2017-06-29,1558,218712.0,31634240.0,144.0,146.0,144.0,145.0,0.0,166.0
2017-06-30,1558,254090.0,36486594.0,143.0,145.0,142.5,145.0,0.0,176.0
2017-07-03,1558,411529.0,59190676.0,144.0,144.5,143.0,144.0,-1.0,326.0
2017-07-04,1558,552933.0,75177821.0,135.0,137.0,135.0,136.0,0.0,373.0
2017-07-05,1558,206858.0,28035188.0,136.0,136.0,135.0,135.0,-1.0,190.0
2017-07-06,1558,189397.0,25738188.0,135.0,136.5,135.0,136.5,1.5,184.0
2017-07-07,1558,187110.0,25333460.0,136.5,136.5,134.5,136.0,-0.5,172.0
2017-07-10,1558,338785.0,45491475.0,137.0,137.0,133.0,133.5,-2.5,242.0
2017-07-11,1558,132813.0,17811755.0,134.5,134.5,133.5,134.0,0.5,127.0
2017-07-12,1558,100661.0,13502574.0,134.0,135.0,133.5,134.5,0.5,106.0
2017-07-13,1558,147925.0,19919337.0,134.5,135.5,134.0,134.5,0.0,133.0
2017-07-14,1558,100200.0,13491000.0,135.0,135.0,134.0,134.5,0.0,78.0
2017-07-17,1558,73100.0,9869900.0,135.0,135.5,134.5,135.0,0.5,68.0
2017-07-18,1558,116001.0,15650637.0,135.0,135.5,134.5,135.0,0.0,98.0
2017-07-19,1558,239318.0,32249566.0,135.0,135.5,134.0,134.5,-0.5,181.0
2017-07-20,1558,183050.0,24707350.0,135.0,135.5,134.5,134.5,0.0,158.0
2017-07-21,1558,224628.0,29799280.0,134.5,134.5,132.0,132.0,-2.5,214.0
2017-07-24,1558,407502.0,53012262.0,132.0,132.0,129.0,129.5,-2.5,327.0
2017-07-25,1558,153598.0,19811039.0,129.5,129.5,128.5,129.0,-0.5,151.0
2017-07-26,1558,180915.0,23580365.0,129.0,131.5,129.0,130.0,1.0,151.0
2017-07-27,1558,94678.0,12311318.0,130.0,131.0,129.5,130.5,0.5,146.0
2017-07-28,1558,160911.0,20757471.0,130.5,130.5,128.5,129.0,-1.5,168.0
2017-07-31,1558,157230.0,20102900.0,129.0,129.0,127.5,128.0,-1.0,136.0
2017-08-01,1558,89401.0,11531531.0,128.5,130.5,128.0,129.5,1.5,89.0
2017-08-02,1558,147052.0,19202812.0,131.0,131.0,129.5,130.0,0.5,123.0
2017-08-03,1558,127500.0,16456000.0,130.0,130.5,128.5,128.5,-1.5,123.0
2017-08-04,1558,73190.0,9478794.0,128.5,130.0,128.5,130.0,1.5,62.0
2017-08-07,1558,157614.0,20348706.0,130.5,131.0,128.0,128.0,-2.0,155.0
2017-08-08,1558,129963.0,16570278.0,128.0,128.5,127.0,127.0,-1.0,130.0
2017-08-09,1558,168482.0,21308435.0,127.0,127.0,126.0,126.5,-0.5,142.0
2017-08-10,1558,297752.0,37347760.0,127.5,128.0,124.5,125.0,-1.5,243.0
2017-08-11,1558,141786.0,17959858.0,124.0,128.0,124.0,128.0,3.0,129.0
2017-08-14,1558,219825.0,28274100.0,127.0,130.5,126.0,126.5,-1.5,189.0
2017-08-15,1558,99575.0,12713175.0,128.0,128.5,127.0,128.0,1.5,87.0
2017-08-16,1558,139466.0,17993580.0,128.0,130.5,127.5,130.0,2.0,115.0
2017-08-17,1558,101732.0,13285526.0,130.0,131.0,130.0,130.5,0.5,97.0
2017-08-18,1558,60170.0,7784185.0,130.0,130.0,129.0,129.5,-1.0,61.0
2017-08-21,1558,49006.0,6341786.0,129.0,130.5,129.0,129.5,0.0,48.0
2017-08-22,1558,84350.0,10897024.0,130.0,130.0,128.5,129.5,0.0,86.0
2017-08-23,1558,101400.0,13011100.0,129.5,129.5,127.5,128.5,-1.0,94.0
2017-08-24,1558,80768.0,10301072.0,128.5,128.5,127.0,128.0,-0.5,83.0
2017-08-25,1558,54587.0,6971428.0,127.0,128.5,127.0,127.5,-0.5,63.0
2017-08-28,1558,40545.0,5202531.0,128.0,129.0,128.0,128.5,1.0,46.0
2017-08-29,1558,35600.0,4572598.0,128.0,129.0,128.0,128.5,0.0,45.0
2017-08-30,1558,46803.0,6036987.0,128.5,129.5,128.5,129.5,1.0,51.0
2017-08-31,1558,122157.0,15963724.0,130.0,131.5,129.5,131.5,2.0,114.0
2017-09-01,1558,164408.0,21741764.0,133.0,133.5,131.5,132.5,1.0,140.0
2017-09-04,1558,51176.0,6747232.0,132.5,133.0,131.0,131.0,-1.5,49.0
2017-09-05,1558,47314.0,6227948.0,131.5,132.0,131.5,131.5,0.5,40.0
2017-09-06,1558,36275.0,4759800.0,131.0,132.5,130.5,132.5,1.0,47.0
2017-09-07,1558,35178.0,4629996.0,132.5,132.5,131.0,131.0,-1.5,38.0
2017-09-08,1558,60123.0,7878613.0,130.0,132.0,130.0,130.5,-0.5,45.0
2017-09-11,1558,68620.0,9013646.0,132.0,132.0,131.0,131.5,1.0,66.0
2017-09-12,1558,113167.0,14939045.0,132.0,132.5,131.5,132.0,0.5,82.0
2017-09-13,1558,82921.0,10890993.0,132.0,132.0,130.5,132.0,0.0,81.0
2017-09-14,1558,79070.0,10428485.0,132.0,132.5,131.0,132.0,0.0,53.0
2017-09-15,1558,41118.0,5417312.0,132.0,132.0,131.5,132.0,0.0,38.0
2017-09-18,1558,101228.0,13411666.0,132.5,133.0,132.0,132.5,0.5,86.0
2017-09-19,1558,63399.0,8365966.0,132.5,132.5,131.5,131.5,-1.0,66.0
2017-09-20,1558,38165.0,5019445.0,131.5,132.0,131.0,132.0,0.5,35.0
2017-09-21,1558,48030.0,6332020.0,132.0,132.5,131.5,132.0,0.0,44.0
2017-09-22,1558,53098.0,6983936.0,131.5,132.0,131.0,131.5,-0.5,44.0
2017-09-25,1558,134221.0,17368672.0,131.0,131.0,129.0,129.0,-2.5,117.0
2017-09-26,1558,65310.0,8483420.0,129.5,130.5,129.5,130.0,1.0,49.0
2017-09-27,1558,40928.0,5337068.0,130.0,131.0,130.0,131.0,1.0,46.0
2017-09-28,1558,48185.0,6262050.0,131.0,131.0,129.5,130.0,-1.0,41.0
2017-09-29,1558,70289.0,9156502.0,130.0,131.5,129.5,131.5,1.5,72.0
2017-09-30,1558,42218.0,5569276.0,132.0,132.5,131.5,132.0,0.5,33.0
2017-10-02,1558,35189.0,4632515.0,132.0,132.0,131.0,132.0,0.0,36.0
2017-10-03,1558,67058.0,8773156.0,131.0,131.5,130.0,131.0,-1.0,65.0
2017-10-05,1558,89368.0,11671208.0,131.0,131.0,130.0,131.0,0.0,78.0
2017-10-06,1558,68048.0,8852740.0,130.5,131.0,129.5,129.5,-1.5,85.0
2017-10-11,1558,364454.0,46089791.0,127.0,129.0,125.0,128.5,-1.0,265.0
2017-10-12,1558,122507.0,15540396.0,128.5,128.5,126.0,128.0,-0.5,118.0
2017-10-13,1558,76917.0,9767914.0,128.0,128.0,126.5,127.5,-0.5,83.0
2017-10-16,1558,147452.0,18594452.0,127.0,127.0,125.5,126.0,-1.5,122.0
2017-10-17,1558,120368.0,15204550.0,126.0,128.0,125.5,126.5,0.5,92.0
2017-10-18,1558,91669.0,11548294.0,126.5,127.5,125.0,126.5,0.0,103.0
2017-10-19,1558,24058.0,3030308.0,126.5,126.5,125.5,125.5,-1.0,39.0
2017-10-20,1558,298449.0,38433023.0,125.5,130.5,125.5,130.5,5.0,205.0
2017-10-23,1558,78668.0,10148337.0,130.5,130.5,128.0,128.5,-2.0,78.0
2017-10-24,1558,56216.0,7185648.0,127.5,129.0,127.0,127.5,-1.0,47.0
2017-10-25,1558,17934.0,2283083.0,127.5,127.5,127.0,127.5,0.0,26.0
2017-10-26,1558,17800.0,2279700.0,127.5,128.5,127.5,128.5,1.0,22.0
2017-10-27,1558,35291.0,4509248.0,128.0,128.5,127.0,127.0,-1.5,37.0
2017-10-30,1558,28231.0,3577720.0,127.5,127.5,126.5,126.5,-0.5,29.0
2017-10-31,1558,108575.0,13788736.0,126.5,129.0,126.0,126.0,-0.5,87.0
2017-11-01,1558,30000.0,3800500.0,127.5,127.5,126.0,127.5,1.5,28.0
2017-11-02,1558,16648.0,2114119.0,127.0,127.5,126.5,126.5,-1.0,21.0
2017-11-03,1558,45418.0,5743293.0,127.5,127.5,126.0,127.5,1.0,50.0
2017-11-06,1558,20217.0,2562559.0,127.0,127.0,126.5,127.0,-0.5,25.0
2017-11-07,1558,18600.0,2355300.0,127.0,127.0,126.5,127.0,0.0,25.0
2017-11-08,1558,24333.0,3078124.0,126.5,127.0,126.0,127.0,0.0,22.0
2017-11-09,1558,18300.0,2323100.0,127.0,127.0,126.5,127.0,0.0,24.0
2017-11-10,1558,80545.0,10243215.0,126.5,129.0,126.0,127.0,0.0,66.0
2017-11-13,1558,46000.0,5825000.0,127.0,127.0,126.0,126.5,-0.5,38.0
2017-11-14,1558,116979.0,14733854.0,126.5,127.0,125.5,126.0,-0.5,104.0
2017-11-15,1558,66339.0,8404892.0,126.0,127.5,126.0,127.5,1.5,54.0
2017-11-16,1558,55300.0,7006748.0,127.0,127.0,126.0,126.5,-1.0,50.0
2017-11-17,1558,33912.0,4292208.0,126.5,127.0,126.0,126.5,0.0,41.0
2017-11-20,1558,31010.0,3921290.0,126.5,127.0,126.0,126.5,0.0,32.0
2017-11-21,1558,52652.0,6669304.0,126.5,127.0,126.0,126.5,0.0,57.0
2017-11-22,1558,68456.0,8709093.0,126.5,128.0,126.5,128.0,1.5,69.0
2017-11-23,1558,13980.0,1781930.0,127.0,127.5,127.0,127.5,-0.5,17.0
2017-11-24,1558,63008.0,8055080.0,127.5,129.0,127.0,129.0,1.5,57.0
2017-11-27,1558,61425.0,7933825.0,129.0,130.0,128.5,128.5,-0.5,66.0
2017-11-28,1558,57374.0,7391746.0,129.0,129.0,128.5,129.0,0.5,57.0
2017-11-29,1558,192404.0,25109424.0,129.5,131.0,129.5,131.0,2.0,147.0
2017-11-30,1558,124628.0,16314768.0,131.0,131.5,130.0,131.5,0.5,109.0
2017-12-01,1558,90829.0,11849183.0,131.5,131.5,129.5,130.5,-1.0,78.0
2017-12-04,1558,14200.0,1850799.0,130.5,130.5,130.0,130.5,0.0,15.0
2017-12-05,1558,60150.0,7773500.0,130.5,131.0,128.0,129.5,-1.0,61.0
2017-12-06,1558,89697.0,11588563.0,128.0,131.0,127.0,128.0,-1.5,74.0
2017-12-07,1558,28454.0,3651337.0,128.0,129.0,128.0,129.0,1.0,33.0
2017-12-08,1558,18238.0,2335821.0,128.0,128.5,128.0,128.5,-0.5,21.0
2017-12-11,1558,50034.0,6492920.0,129.0,130.5,129.0,129.5,1.0,50.0
2017-12-12,1558,46788.0,6075045.0,129.5,130.5,129.5,129.5,0.0,49.0
2017-12-13,1558,37430.0,4873830.0,129.0,130.5,129.0,130.0,0.5,40.0
2017-12-14,1558,43157.0,5586410.0,130.0,130.0,129.0,129.0,-1.0,41.0
2017-12-15,1558,101001.0,13116633.0,130.5,130.5,129.0,129.5,0.5,74.0
2017-12-18,1558,56003.0,7221902.0,130.0,130.0,128.0,128.5,-1.0,55.0
2017-12-19,1558,79993.0,10239602.0,129.5,129.5,127.5,127.5,-1.0,89.0
2017-12-20,1558,32359.0,4134130.0,127.5,128.0,127.5,128.0,0.5,34.0
2017-12-21,1558,21267.0,2741809.0,129.0,129.5,128.5,128.5,0.5,24.0
2017-12-22,1558,28001.0,3607629.0,128.5,129.0,128.5,129.0,0.5,22.0
2017-12-25,1558,11148.0,1443332.0,130.0,130.0,129.0,130.0,1.0,17.0
2017-12-26,1558,24013.0,3100708.0,129.5,129.5,129.0,129.0,-1.0,20.0
2017-12-27,1558,18926.0,2431454.0,129.0,129.5,128.0,129.0,0.0,27.0
2017-12-28,1558,18100.0,2338449.0,129.0,129.5,128.5,129.5,0.5,19.0
2017-12-29,1558,39828.0,5148640.0,129.5,129.5,129.0,129.5,0.0,46.0
2018-01-02,1558,29097.0,3759707.0,129.0,129.5,129.0,129.5,0.0,30.0
2018-01-03,1558,64050.0,8253625.0,129.5,129.5,128.5,128.5,-1.0,52.0
2018-01-04,1558,87411.0,11191811.0,128.5,129.0,127.5,127.5,-1.0,78.0
2018-01-05,1558,58377.0,7482821.0,128.0,129.0,128.0,129.0,1.5,49.0
2018-01-08,1558,52267.0,6729575.0,129.0,129.0,128.5,128.5,-0.5,43.0
2018-01-09,1558,93230.0,11970783.0,128.5,129.0,128.0,128.0,-0.5,76.0
2018-01-10,1558,130514.0,16620792.0,128.5,128.5,127.0,127.5,-0.5,94.0
2018-01-11,1558,69087.0,8831677.0,128.0,128.0,127.5,128.0,0.5,57.0
2018-01-12,1558,135227.0,17495510.0,127.5,131.0,127.5,129.0,1.0,79.0
2018-01-15,1558,63722.0,8238138.0,129.5,129.5,129.0,129.0,0.0,60.0
2018-01-16,1558,33117.0,4282210.0,130.0,130.0,129.0,129.5,0.5,26.0
2018-01-17,1558,49001.0,6337131.0,129.0,130.0,129.0,129.5,0.0,47.0
2018-01-18,1558,92734.0,12007285.0,129.5,130.0,129.0,130.0,0.5,86.0
2018-01-19,1558,106099.0,13725969.0,130.0,130.0,129.0,129.5,-0.5,76.0
2018-01-22,1558,64140.0,8291768.0,130.0,130.0,129.0,129.0,-0.5,55.0
2018-01-23,1558,57057.0,7370437.0,129.5,129.5,128.5,129.0,0.0,52.0
2018-01-24,1558,78100.0,10022500.0,129.0,129.0,128.0,129.0,0.0,45.0
2018-01-25,1558,25584.0,3287920.0,128.5,128.5,128.0,128.5,-0.5,31.0
2018-01-26,1558,76020.0,9748090.0,128.0,129.0,128.0,128.5,0.0,67.0
2018-01-29,1558,67001.0,8589634.0,128.5,129.0,128.0,128.0,-0.5,50.0
2018-01-30,1558,38008.0,4879532.0,128.0,129.0,128.0,129.0,1.0,43.0
2018-01-31,1558,39598.0,5097142.0,129.0,129.5,128.0,128.5,-0.5,43.0
2018-02-01,1558,25199.0,3240770.0,129.0,129.0,128.5,129.0,0.5,23.0
2018-02-02,1558,35050.0,4505024.0,129.0,129.0,128.0,129.0,0.0,26.0
2018-02-05,1558,53175.0,6819575.0,128.0,129.0,127.5,129.0,0.0,51.0
2018-02-06,1558,203095.0,25670061.0,128.0,128.0,125.5,126.0,-3.0,171.0
2018-02-07,1558,54345.0,6885315.0,126.0,127.5,126.0,126.5,0.5,69.0
2018-02-08,1558,82599.0,10404871.0,126.5,127.0,125.5,126.0,-0.5,65.0
2018-02-09,1558,111315.0,13876367.0,124.5,126.0,124.0,125.5,-0.5,84.0
2018-02-12,1558,56788.0,7186576.0,125.5,127.5,125.5,126.5,1.0,61.0
2018-02-21,1558,47001.0,5975135.0,128.0,128.0,126.5,127.5,1.0,52.0
2018-02-22,1558,61001.0,7723627.0,127.0,127.5,126.0,126.5,-1.0,67.0
2018-02-23,1558,58783.0,7428941.0,127.5,127.5,126.0,127.0,0.5,81.0
2018-02-26,1558,48437.0,6131436.0,127.0,127.0,126.0,127.0,0.0,55.0
2018-02-27,1558,46728.0,5915956.0,127.0,127.0,126.0,126.5,-0.5,61.0
2018-03-01,1558,61065.0,7703255.0,126.5,126.5,125.5,126.0,-0.5,60.0
2018-03-02,1558,47443.0,5963536.0,126.0,126.0,125.5,125.5,-0.5,56.0
2018-03-05,1558,33887.0,4255262.0,125.5,126.0,125.5,125.5,0.0,48.0
2018-03-06,1558,96779.0,12085654.0,126.0,126.0,124.5,124.5,-1.0,96.0
2018-03-07,1558,64501.0,8034873.0,124.0,125.0,124.0,124.5,0.0,67.0
2018-03-08,1558,35300.0,4416300.0,125.5,125.5,125.0,125.0,0.5,41.0
2018-03-09,1558,181661.0,23079447.0,126.5,129.5,125.5,127.0,2.0,139.0
2018-03-12,1558,71597.0,9103819.0,127.5,127.5,126.5,127.0,0.0,68.0
2018-03-13,1558,90565.0,11524320.0,127.0,128.0,126.5,127.0,0.0,65.0
2018-03-14,1558,37305.0,4732690.0,127.0,127.0,126.5,127.0,0.0,43.0
2018-03-15,1558,31202.0,3956956.0,126.5,127.0,126.5,126.5,-0.5,32.0
2018-03-16,1558,87234.0,11123186.0,126.5,128.0,126.5,128.0,1.5,76.0
2018-03-19,1558,73005.0,9378140.0,128.0,129.0,127.5,128.5,0.5,75.0
2018-03-20,1558,37880.0,4850020.0,127.5,129.0,127.5,128.5,0.0,45.0
2018-03-21,1558,577000.0,75982500.0,129.5,133.0,129.5,131.5,3.0,490.0
2018-03-22,1558,143809.0,18888788.0,132.5,132.5,130.5,131.5,0.0,281.0
2018-03-23,1558,92190.0,12063270.0,129.5,132.0,129.0,130.5,-1.0,160.0
2018-03-26,1558,94516.0,12444798.0,130.5,132.0,130.5,132.0,1.5,262.0
2018-03-27,1558,83700.0,11039900.0,132.0,132.5,131.0,131.5,-0.5,175.0
2018-03-28,1558,54735.0,7178785.0,131.5,131.5,131.0,131.0,-0.5,146.0
2018-03-29,1558,69109.0,9088388.0,131.0,132.0,131.0,131.0,0.0,86.0
2018-03-30,1558,35721.0,4699172.0,131.5,132.0,131.5,131.5,0.5,63.0
2018-03-31,1558,73458.0,9624207.0,131.5,131.5,130.5,130.5,-1.0,103.0
2018-04-02,1558,38213.0,5002616.0,130.5,131.5,130.5,131.0,0.5,74.0
2018-04-03,1558,63163.0,8264896.0,131.0,131.5,130.5,130.5,-0.5,104.0
2018-04-09,1558,67630.0,8813530.0,130.5,131.0,130.0,130.5,0.0,134.0
2018-04-10,1558,111055.0,14404645.0,130.0,130.5,129.5,129.5,-1.0,122.0
2018-04-11,1558,75500.0,9767000.0,129.5,130.0,129.0,129.0,-0.5,146.0
2018-04-12,1558,38564.0,4987320.0,129.0,130.0,129.0,130.0,1.0,48.0
2018-04-13,1558,45021.0,5821419.0,129.0,130.0,129.0,129.5,-0.5,47.0
2018-04-16,1558,88203.0,11363217.0,129.5,129.5,128.0,129.0,-0.5,75.0
2018-04-17,1558,45607.0,5879303.0,129.0,129.0,128.5,128.5,-0.5,55.0
2018-04-18,1558,74150.0,9511900.0,128.5,129.5,128.0,128.0,-0.5,42.0
2018-04-19,1558,24004.0,3089024.0,128.0,129.0,128.0,128.5,0.5,24.0
2018-04-20,1558,30554.0,3952741.0,128.5,130.0,128.5,129.5,1.0,43.0
2018-04-23,1558,27000.0,3497500.0,130.5,130.5,129.0,129.0,-0.5,27.0
2018-04-24,1558,54000.0,6934000.0,130.0,130.0,127.5,128.0,-1.0,40.0
2018-04-25,1558,55337.0,7062639.0,128.0,128.0,127.5,127.5,-0.5,57.0
2018-04-26,1558,71000.0,9070500.0,127.5,128.5,127.0,128.0,0.5,63.0
2018-04-27,1558,28400.0,3645500.0,128.0,129.0,128.0,129.0,1.0,24.0
2018-04-30,1558,27195.0,3517655.0,129.0,129.5,129.0,129.0,0.0,34.0
2018-05-02,1558,19177.0,2480095.0,129.0,129.5,129.0,129.5,0.5,26.0
2018-05-03,1558,41623.0,5389676.0,129.5,130.0,129.0,129.0,-0.5,46.0
2018-05-04,1558,206149.0,25998923.0,127.0,127.5,125.0,127.0,-2.0,204.0
2018-05-07,1558,50112.0,6372278.0,127.0,128.0,126.5,127.0,0.0,47.0
2018-05-08,1558,32464.0,4142892.0,127.0,128.0,127.0,128.0,1.0,34.0
2018-05-09,1558,74530.0,9461870.0,127.0,128.0,126.0,127.0,-1.0,67.0
2018-05-10,1558,22200.0,2821100.0,127.0,128.0,127.0,127.0,0.0,19.0
2018-05-11,1558,34050.0,4330974.0,127.5,127.5,126.5,127.0,0.0,34.0
2018-05-14,1558,78521.0,9955667.0,127.0,128.0,125.5,126.5,-0.5,71.0
2018-05-15,1558,25287.0,3194949.0,126.5,127.0,126.0,126.5,0.0,30.0
2018-05-16,1558,49161.0,6159363.0,124.5,126.5,124.5,126.5,0.0,57.0
2018-05-17,1558,43100.0,5429350.0,126.5,126.5,125.5,126.5,0.0,37.0
2018-05-18,1558,38087.0,4797049.0,126.0,126.5,125.5,126.0,-0.5,30.0
2018-05-21,1558,34813.0,4399442.0,126.0,127.0,125.5,126.0,0.0,33.0
2018-05-22,1558,36301.0,4577075.0,126.0,126.5,125.5,126.5,0.5,36.0
2018-05-23,1558,30779.0,3889944.0,126.0,126.5,126.0,126.0,-0.5,31.0
2018-05-24,1558,113628.0,14340256.0,126.0,127.0,125.5,127.0,1.0,82.0
2018-05-25,1558,13338.0,1691256.0,127.0,127.5,126.0,126.5,-0.5,18.0
2018-05-28,1558,19564.0,2486906.0,127.5,127.5,126.5,127.5,1.0,25.0
2018-05-29,1558,54130.0,6850074.0,127.5,128.0,126.0,127.0,-0.5,40.0
2018-05-30,1558,41201.0,5208027.0,127.0,127.5,126.0,127.0,0.0,36.0
2018-05-31,1558,113631.0,14524899.0,126.0,130.0,126.0,130.0,3.0,86.0
2018-06-01,1558,44879.0,5776451.0,129.0,129.0,127.5,128.5,-1.5,53.0
2018-06-04,1558,36300.0,4676700.0,128.5,129.0,128.5,129.0,0.5,28.0
2018-06-05,1558,19545.0,2495485.0,128.0,128.0,127.5,127.5,-1.5,29.0
2018-06-06,1558,38049.0,4843772.0,127.0,128.0,127.0,128.0,0.5,30.0
2018-06-07,1558,11423.0,1463644.0,128.0,128.5,128.0,128.0,0.0,17.0
2018-06-08,1558,29734.0,3813319.0,128.5,129.0,128.0,128.0,0.0,27.0
2018-06-11,1558,22291.0,2872039.0,129.0,129.5,128.5,129.0,1.0,26.0
2018-06-12,1558,25089.0,3235070.0,129.0,129.0,128.5,129.0,0.0,25.0
2018-06-13,1558,47606.0,6139674.0,129.0,129.5,128.0,129.0,0.0,54.0
2018-06-14,1558,25151.0,3238554.0,129.0,129.0,128.0,129.0,0.0,23.0
2018-06-15,1558,58127.0,7475883.0,129.0,129.0,128.0,129.0,0.0,45.0
2018-06-19,1558,64207.0,8237910.0,129.0,129.0,128.0,128.0,-1.0,39.0
2018-06-20,1558,43473.0,5566280.0,128.0,128.5,128.0,128.0,0.0,36.0
2018-06-21,1558,145782.0,18680378.0,129.0,129.0,128.0,129.0,1.0,54.0
2018-06-22,1558,33094.0,4259626.0,129.0,129.0,128.0,129.0,0.0,32.0
2018-06-25,1558,58101.0,7512630.0,128.5,130.0,128.5,129.5,0.5,37.0
2018-06-26,1558,28007.0,3615417.0,129.0,129.5,128.5,129.5,0.0,28.0
2018-06-27,1558,82227.0,10675510.0,129.5,130.0,129.5,129.5,0.0,56.0
2018-06-28,1558,60108.0,7769540.0,129.0,130.0,128.5,129.0,-0.5,37.0
2018-06-29,1558,75038.0,9693459.0,129.5,130.0,129.0,129.0,0.0,44.0
2018-07-02,1558,62148.0,8055740.0,129.5,130.0,129.5,129.5,0.5,38.0
2018-07-03,1558,94781.0,12328418.0,129.5,130.5,129.5,130.5,1.0,75.0
2018-07-04,1558,92199.0,12036569.0,131.0,131.0,129.5,130.5,0.0,61.0
2018-07-05,1558,128129.0,16692962.0,130.5,131.0,129.5,130.5,0.0,107.0
2018-07-06,1558,248677.0,32293510.0,130.5,130.5,129.5,129.5,-1.0,157.0
2018-07-09,1558,216938.0,26918188.0,125.0,125.0,123.0,123.5,0.0,145.0
2018-07-10,1558,64340.0,7971880.0,125.0,125.0,123.5,123.5,0.0,55.0
2018-07-11,1558,85540.0,10606540.0,124.0,124.5,123.0,124.5,1.0,70.0
2018-07-12,1558,71010.0,8835760.0,124.5,125.0,124.0,124.5,0.0,51.0
2018-07-13,1558,51584.0,6400706.0,124.0,124.5,123.5,124.5,0.0,54.0
2018-07-16,1558,60140.0,7503069.0,124.5,125.0,124.5,124.5,0.0,54.0
2018-07-17,1558,59745.0,7491125.0,125.0,126.0,124.5,126.0,1.5,63.0
2018-07-18,1558,27020.0,3402520.0,126.0,126.5,125.5,125.5,-0.5,27.0
2018-07-19,1558,29285.0,3684910.0,125.5,126.0,125.5,126.0,0.5,31.0
2018-07-20,1558,69824.0,8832148.0,126.0,127.0,126.0,127.0,1.0,61.0
2018-07-23,1558,25098.0,3191494.0,128.0,128.0,127.0,127.5,0.5,24.0
2018-07-24,1558,47269.0,6027026.0,128.0,128.0,127.0,127.0,-0.5,50.0
2018-07-25,1558,46220.0,5882220.0,127.0,128.0,127.0,127.0,0.0,39.0
2018-07-26,1558,29003.0,3685384.0,127.5,127.5,126.5,127.0,0.0,31.0
2018-07-27,1558,34307.0,4366489.0,127.0,128.0,127.0,127.5,0.5,33.0
2018-07-30,1558,34264.0,4371792.0,128.0,128.0,127.5,127.5,0.0,30.0
2018-07-31,1558,98662.0,12657903.0,128.0,129.0,128.0,128.0,0.5,81.0
2018-08-01,1558,64815.0,8343820.0,128.5,129.0,128.5,129.0,1.0,57.0
2018-08-02,1558,66025.0,8534237.0,129.5,130.0,128.5,129.5,0.5,55.0
2018-08-03,1558,127319.0,16647289.0,129.5,131.5,129.5,131.0,1.5,117.0
2018-08-06,1558,320144.0,42939796.0,132.5,135.5,132.5,134.5,3.5,240.0
2018-08-07,1558,351854.0,48289644.0,136.0,138.5,136.0,137.0,2.5,249.0
2018-08-08,1558,214631.0,29437447.0,138.0,138.5,136.0,137.5,0.5,162.0
2018-08-09,1558,369969.0,51293784.0,138.5,140.0,137.0,137.0,-0.5,288.0
2018-08-10,1558,128535.0,17776830.0,137.5,139.0,137.5,139.0,2.0,124.0
2018-08-13,1558,216425.0,29282375.0,139.0,139.5,132.5,135.0,-4.0,186.0
2018-08-14,1558,85632.0,11685262.0,135.0,138.0,135.0,136.5,1.5,91.0
2018-08-15,1558,215433.0,29802687.0,136.5,139.5,136.5,139.5,3.0,204.0
2018-08-16,1558,244717.0,34147803.0,139.5,140.5,138.0,139.0,-0.5,190.0
2018-08-17,1558,216977.0,30528766.0,140.5,141.0,140.0,141.0,2.0,144.0
2018-08-20,1558,107038.0,14998875.0,141.0,141.0,139.5,140.5,-0.5,99.0
2018-08-21,1558,70660.0,9864728.0,139.0,140.5,139.0,140.5,0.0,77.0
2018-08-22,1558,117140.0,16282600.0,140.5,140.5,138.5,139.5,-1.0,93.0
2018-08-23,1558,96343.0,13428347.0,140.0,140.5,138.0,140.0,0.5,92.0
2018-08-24,1558,29453.0,4101467.0,140.0,140.0,138.5,139.0,-1.0,38.0
2018-08-27,1558,117075.0,16391925.0,140.0,140.5,139.5,140.0,1.0,109.0
2018-08-28,1558,103100.0,14512600.0,140.0,141.0,140.0,141.0,1.0,93.0
2018-08-29,1558,518093.0,74389892.0,142.0,145.5,142.0,144.5,3.5,374.0
2018-08-30,1558,122238.0,17594272.0,144.5,144.5,143.5,143.5,-1.0,109.0
2018-08-31,1558,104706.0,15002958.0,142.5,144.0,142.0,143.0,-0.5,80.0
2018-09-03,1558,94337.0,13439191.0,143.0,144.5,141.0,142.0,-1.0,78.0
2018-09-04,1558,36001.0,5106642.0,142.0,142.0,141.5,141.5,-0.5,29.0
2018-09-05,1558,118791.0,16665822.0,141.5,141.5,139.5,141.0,-0.5,94.0
2018-09-06,1558,87485.0,12208900.0,139.5,140.0,139.0,140.0,-1.0,91.0
2018-09-07,1558,125491.0,17358749.0,140.0,140.0,138.0,139.0,-1.0,122.0
2018-09-10,1558,194890.0,26908320.0,139.5,140.0,137.0,138.5,-0.5,172.0
2018-09-11,1558,53000.0,7321500.0,138.5,138.5,138.0,138.0,-0.5,48.0
2018-09-12,1558,120358.0,16779262.0,138.0,140.0,138.0,140.0,2.0,114.0
2018-09-13,1558,93300.0,13166400.0,141.0,143.5,140.0,143.0,3.0,81.0
2018-09-14,1558,71100.0,10145800.0,143.0,144.0,142.0,142.5,-0.5,63.0
2018-09-17,1558,34285.0,4853325.0,142.5,142.5,141.0,141.5,-1.0,41.0
2018-09-18,1558,104210.0,14671003.0,141.0,142.0,139.5,140.5,-1.0,90.0
2018-09-19,1558,187099.0,26773204.0,141.5,144.0,141.5,143.5,3.0,163.0
2018-09-20,1558,83781.0,11845902.0,143.5,143.5,140.5,142.0,-1.5,80.0
2018-09-21,1558,96202.0,13661484.0,142.0,143.5,140.5,143.5,1.5,80.0
2018-09-25,1558,95307.0,13509245.0,143.0,143.5,140.0,142.5,-1.0,90.0
2018-09-26,1558,79059.0,11138348.0,143.0,143.0,140.5,141.0,-1.5,50.0
2018-09-27,1558,70462.0,9946104.0,141.0,142.0,140.5,142.0,1.0,75.0
2018-09-28,1558,81231.0,11461917.0,141.0,142.0,140.0,142.0,0.0,76.0
2018-10-01,1558,51524.0,7287645.0,140.5,142.5,140.5,141.0,-1.0,48.0
2018-10-02,1558,45189.0,6365243.0,141.0,141.5,140.5,141.5,0.5,44.0
2018-10-03,1558,44524.0,6265646.0,140.5,141.5,140.5,141.0,-0.5,48.0
2018-10-04,1558,54101.0,7587741.0,141.0,141.0,140.0,140.0,-1.0,53.0
2018-10-05,1558,211121.0,29126198.0,139.0,139.5,136.5,139.0,-1.0,175.0
2018-10-08,1558,71551.0,9878808.0,138.0,139.0,137.5,138.5,-0.5,72.0
2018-10-09,1558,91304.0,12673907.0,140.0,140.0,138.0,138.5,0.0,74.0
2018-10-11,1558,412629.0,55479727.0,136.0,136.5,133.5,135.0,-3.5,271.0
2018-10-12,1558,146220.0,19643027.0,132.0,136.0,132.0,135.5,0.5,134.0
2018-10-15,1558,89505.0,12173429.0,136.0,137.0,135.5,135.5,0.0,86.0
2018-10-16,1558,85861.0,11688386.0,136.0,137.5,135.5,136.5,1.0,74.0
2018-10-17,1558,138387.0,19009211.0,136.5,138.5,136.0,137.5,1.0,125.0
2018-10-18,1558,165557.0,23109537.0,137.5,141.0,137.0,140.0,2.5,140.0
2018-10-19,1558,572154.0,81762676.0,140.0,145.0,140.0,145.0,5.0,391.0
2018-10-22,1558,202667.0,29326215.0,144.0,145.5,143.0,145.5,0.5,188.0
2018-10-23,1558,302456.0,43923975.0,144.0,149.5,142.0,143.0,-2.5,293.0
2018-10-24,1558,191430.0,27425920.0,144.0,144.5,140.5,144.5,1.5,169.0
2018-10-25,1558,185125.0,26362875.0,141.0,143.5,141.0,143.0,-1.5,152.0
2018-10-26,1558,132519.0,18979736.0,144.0,145.0,141.5,144.0,1.0,136.0
2018-10-29,1558,67692.0,9658605.0,144.0,144.5,142.0,142.5,-1.5,78.0
2018-10-30,1558,63116.0,8977028.0,143.5,143.5,141.0,142.5,0.0,67.0
2018-10-31,1558,121750.0,17390874.0,143.5,143.5,142.0,143.5,1.0,104.0
2018-11-01,1558,63069.0,8975867.0,143.5,143.5,142.0,142.0,-1.5,56.0
2018-11-02,1558,77301.0,10983392.0,142.0,143.0,141.0,142.5,0.5,67.0
2018-11-05,1558,71424.0,10083784.0,141.0,142.0,141.0,141.0,-1.5,68.0
2018-11-06,1558,59266.0,8318006.0,142.0,142.0,140.0,140.0,-1.0,59.0
2018-11-07,1558,54318.0,7703314.0,140.5,143.0,140.5,142.5,2.5,57.0
2018-11-08,1558,78209.0,11154991.0,143.0,143.0,142.0,142.5,0.0,67.0
2018-11-09,1558,231291.0,33169758.0,144.0,145.0,142.5,143.5,1.0,194.0
2018-11-12,1558,28239.0,4044677.0,143.0,143.5,142.5,143.0,-0.5,31.0
2018-11-13,1558,66502.0,9473034.0,142.0,143.0,141.5,143.0,0.0,66.0
2018-11-14,1558,59225.0,8444561.0,143.0,143.0,142.0,143.0,0.0,63.0
2018-11-15,1558,39215.0,5563030.0,142.5,142.5,141.5,141.5,-1.5,45.0
2018-11-16,1558,67343.0,9525078.0,141.5,142.0,141.0,142.0,0.5,61.0
2018-11-19,1558,24820.0,3520526.0,142.0,142.0,141.5,142.0,0.0,37.0
2018-11-20,1558,31200.0,4408299.0,141.5,141.5,141.0,141.0,-1.0,30.0
2018-11-21,1558,39100.0,5517249.0,141.0,142.0,140.5,142.0,1.0,38.0
2018-11-22,1558,42250.0,6000624.0,142.0,143.0,141.0,142.5,0.5,42.0
2018-11-23,1558,24060.0,3393020.0,142.0,142.0,140.5,140.5,-2.0,27.0
2018-11-26,1558,22000.0,3106000.0,140.5,142.0,140.5,141.0,0.5,21.0
2018-11-27,1558,20003.0,2817929.0,141.0,141.0,140.5,141.0,0.0,20.0
2018-11-28,1558,24517.0,3440154.0,140.5,141.0,140.0,140.5,-0.5,30.0
2018-11-29,1558,31958.0,4504096.0,141.0,141.5,140.5,140.5,0.0,42.0
2018-11-30,1558,86116.0,12158972.0,140.5,142.0,140.5,142.0,1.5,74.0
2018-12-03,1558,50250.0,7158124.0,142.0,143.0,142.0,142.0,0.0,51.0
2018-12-04,1558,90114.0,12866351.0,142.0,143.0,142.0,143.0,1.0,77.0
2018-12-05,1558,17203.0,2441722.0,142.5,142.5,141.5,141.5,-1.5,23.0
2018-12-06,1558,39000.0,5478000.0,141.5,141.5,140.0,140.0,-1.5,39.0
2018-12-07,1558,30000.0,4220500.0,142.0,142.0,140.0,140.0,0.0,28.0
2018-12-10,1558,131753.0,18180288.0,139.0,139.0,137.5,137.5,-2.5,134.0
2018-12-11,1558,78516.0,10753949.0,137.5,137.5,136.5,137.0,-0.5,74.0
2018-12-12,1558,105500.0,14536500.0,137.0,139.0,137.0,139.0,2.0,91.0
2018-12-13,1558,25603.0,3557117.0,138.0,139.5,138.0,139.5,0.5,31.0
2018-12-14,1558,23400.0,3252900.0,139.5,139.5,138.5,138.5,-1.0,24.0
2018-12-17,1558,24905.0,3427436.0,138.5,138.5,137.0,137.5,-1.0,30.0
2018-12-18,1558,25283.0,3480054.0,137.5,138.5,137.0,138.5,1.0,31.0
2018-12-19,1558,7080.0,974540.0,138.0,138.0,137.0,137.5,-1.0,10.0
2018-12-20,1558,25081.0,3449136.0,137.5,138.5,137.0,137.0,-0.5,28.0
2018-12-21,1558,144205.0,19689891.0,136.0,137.5,135.5,137.5,0.5,79.0
2018-12-22,1558,52002.0,7063774.0,137.0,137.0,135.0,135.5,-2.0,47.0
2018-12-24,1558,54185.0,7319751.0,135.5,135.5,134.5,135.0,-0.5,55.0
2018-12-25,1558,55200.0,7352500.0,134.0,134.0,132.5,134.0,-1.0,54.0
2018-12-26,1558,18202.0,2442072.0,134.5,134.5,134.0,134.0,0.0,21.0
2018-12-27,1558,18172.0,2452477.0,135.5,135.5,134.5,135.0,1.0,21.0
2018-12-28,1558,3101.0,418285.0,135.0,135.0,134.5,135.0,0.0,6.0
2019-01-02,1558,62101.0,8451285.0,135.0,137.0,135.0,135.0,0.0,54.0
2019-01-03,1558,46300.0,6289450.0,135.0,137.5,135.0,135.0,0.0,45.0
2019-01-04,1558,41370.0,5602501.0,136.0,136.0,135.0,136.0,1.0,46.0
2019-01-07,1558,32033.0,4359063.0,137.0,137.0,135.5,136.0,0.0,44.0
2019-01-08,1558,48295.0,6602562.0,137.0,137.0,136.0,136.5,0.5,45.0
2019-01-09,1558,20001.0,2743640.0,137.0,137.5,137.0,137.0,0.5,19.0
2019-01-10,1558,15109.0,2073651.0,137.5,137.5,137.0,137.0,0.0,19.0
2019-01-11,1558,41000.0,5624000.0,138.0,138.0,137.0,137.5,0.5,35.0
2019-01-14,1558,35200.0,4837100.0,138.0,138.0,137.0,137.0,-0.5,36.0
2019-01-15,1558,41352.0,5687428.0,137.5,138.0,137.0,138.0,1.0,43.0
2019-01-16,1558,70001.0,9705142.0,138.0,139.5,138.0,138.0,0.0,70.0
2019-01-17,1558,70800.0,9822400.0,138.0,140.0,138.0,139.0,1.0,63.0
2019-01-18,1558,93126.0,13065140.0,139.0,141.5,138.5,140.0,1.0,92.0
2019-01-21,1558,35172.0,4911080.0,140.0,140.0,139.0,139.0,-1.0,79.0
2019-01-22,1558,36081.0,5044840.0,140.5,141.0,139.5,139.5,0.5,33.0
2019-01-23,1558,9425.0,1314500.0,139.0,140.0,139.0,139.0,-0.5,16.0
2019-01-24,1558,21569.0,2992591.0,139.5,139.5,138.5,138.5,-0.5,31.0
2019-01-25,1558,56001.0,7759143.0,139.0,139.5,138.0,138.0,-0.5,49.0
2019-01-28,1558,42100.0,5856500.0,138.0,139.5,138.0,139.0,1.0,42.0
2019-01-29,1558,87000.0,12074000.0,139.0,139.5,138.0,138.5,-0.5,43.0
2019-01-30,1558,47002.0,6542282.0,139.5,139.5,138.5,139.0,0.5,43.0
2019-02-11,1558,66133.0,9226253.0,139.0,140.0,139.0,139.5,0.5,73.0
2019-02-12,1558,135057.0,19011379.0,139.5,141.5,139.5,141.0,1.5,75.0
2019-02-13,1558,212186.0,30117875.0,141.5,142.0,141.5,142.0,1.0,101.0
2019-02-14,1558,184702.0,26339386.0,143.0,143.0,142.0,142.5,0.5,95.0
2019-02-15,1558,67050.0,9591800.0,143.0,143.5,142.5,143.0,0.5,64.0
2019-02-18,1558,72249.0,10396854.0,144.0,144.0,143.5,144.0,1.0,100.0
2019-02-19,1558,54303.0,7845541.0,144.0,145.0,144.0,144.5,0.5,83.0
2019-02-20,1558,43143.0,6252021.0,144.5,145.0,144.5,145.0,0.5,49.0
2019-02-21,1558,43025.0,6226103.0,145.0,145.5,144.0,144.5,-0.5,64.0
2019-02-22,1558,76107.0,10903564.0,144.5,144.5,142.5,143.5,-1.0,77.0
2019-02-25,1558,74009.0,10620805.0,143.5,144.5,143.0,143.5,0.0,66.0
2019-02-26,1558,105005.0,15082245.0,143.0,144.0,143.0,144.0,0.5,97.0
2019-02-27,1558,45215.0,6506960.0,144.0,144.0,143.5,144.0,0.0,63.0
2019-03-04,1558,147723.0,21386835.0,144.5,145.0,144.0,145.0,1.0,121.0
2019-03-05,1558,252837.0,37071202.0,145.5,148.0,145.5,146.0,1.0,189.0
2019-03-06,1558,159367.0,23524183.0,146.0,148.5,146.0,148.0,2.0,149.0
2019-03-07,1558,101313.0,15022824.0,148.0,149.0,147.5,148.0,0.0,99.0
2019-03-08,1558,57500.0,8507000.0,148.0,149.0,147.0,148.0,0.0,70.0
2019-03-11,1558,47545.0,6967160.0,146.5,147.5,145.5,147.0,-1.0,57.0
2019-03-12,1558,86442.0,12739751.0,147.0,148.0,146.5,146.5,-0.5,77.0
2019-03-13,1558,49572.0,7293656.0,146.5,148.0,146.5,148.0,1.5,53.0
2019-03-14,1558,74062.0,10938266.0,148.5,148.5,147.0,148.0,0.0,68.0
2019-03-15,1558,80063.0,11898387.0,147.5,149.0,147.5,149.0,1.0,78.0
2019-03-18,1558,132120.0,19744500.0,148.5,150.5,148.5,150.5,1.5,124.0
2019-03-19,1558,104831.0,15651399.0,150.5,150.5,148.5,148.5,-2.0,100.0
2019-03-20,1558,92770.0,13807230.0,148.0,150.0,148.0,149.0,0.5,80.0
2019-03-21,1558,169071.0,24945437.0,149.5,149.5,147.0,147.0,-2.0,105.0
2019-03-22,1558,442035.0,66702250.0,152.0,152.0,149.5,150.0,3.0,324.0
2019-03-25,1558,102115.0,15297920.0,150.0,150.5,148.5,150.5,0.5,87.0
2019-03-26,1558,178712.0,26944724.0,151.0,152.0,149.5,151.0,0.5,138.0
2019-03-27,1558,110762.0,16776824.0,152.0,152.0,151.0,151.5,0.5,93.0
2019-03-28,1558,162138.0,24447700.0,151.5,152.0,150.0,150.0,-1.5,147.0
2019-03-29,1558,125212.0,18796614.0,150.0,151.5,149.5,150.0,0.0,115.0
2019-04-01,1558,111178.0,16695783.0,150.0,151.0,149.5,149.5,-0.5,112.0
2019-04-02,1558,179297.0,26762753.0,150.0,151.0,148.5,148.5,-1.0,152.0
2019-04-03,1558,147461.0,22074650.0,149.0,150.0,149.0,150.0,1.5,113.0
2019-04-08,1558,143186.0,21423803.0,150.5,150.5,148.5,148.5,-1.5,137.0
2019-04-09,1558,293836.0,44026812.0,149.0,150.5,149.0,150.0,1.5,200.0
2019-04-10,1558,224067.0,33447550.0,150.0,150.0,148.5,149.0,-1.0,173.0
2019-04-11,1558,141258.0,21170700.0,150.0,150.0,149.5,150.0,1.0,123.0
2019-04-12,1558,81019.0,12146369.0,150.0,150.0,149.5,150.0,0.0,79.0
2019-04-15,1558,69110.0,10337110.0,150.0,150.0,149.5,149.5,-0.5,58.0
2019-04-16,1558,161902.0,24243800.0,150.0,150.0,149.5,150.0,0.5,158.0
2019-04-17,1558,122180.0,18315590.0,150.5,150.5,149.5,150.0,0.0,106.0
2019-04-18,1558,132409.0,19774969.0,150.0,150.0,148.5,149.0,-1.0,93.0
2019-04-19,1558,112468.0,16747963.0,149.0,149.5,148.5,149.0,0.0,79.0
2019-04-22,1558,72150.0,10766750.0,149.0,149.5,149.0,149.0,0.0,50.0
2019-04-23,1558,62545.0,9339750.0,149.0,150.0,149.0,150.0,1.0,62.0
2019-04-24,1558,88194.0,13239294.0,150.0,150.5,149.5,150.5,0.5,63.0
2019-04-25,1558,63001.0,9464155.0,150.0,150.5,150.0,150.5,0.0,54.0
2019-04-26,1558,60240.0,9049700.0,151.0,151.0,149.5,150.0,-0.5,65.0
2019-04-29,1558,95401.0,14313150.0,150.0,150.5,150.0,150.0,0.0,96.0
2019-04-30,1558,67719.0,10176206.0,150.0,150.5,150.0,150.5,0.5,62.0
2019-05-02,1558,177320.0,26811476.0,150.5,152.0,150.5,152.0,1.5,138.0
2019-05-03,1558,152020.0,23147060.0,152.0,153.0,151.5,152.0,0.0,143.0
2019-05-06,1558,129039.0,19369928.0,151.0,151.0,149.5,150.0,-2.0,89.0
2019-05-07,1558,48358.0,7261058.0,150.0,150.5,149.0,150.5,0.5,47.0
2019-05-08,1558,132674.0,19923100.0,150.5,150.5,149.5,150.0,-0.5,124.0
2019-05-09,1558,160277.0,24065104.0,150.5,151.0,149.5,149.5,-0.5,126.0
2019-05-10,1558,66042.0,9871884.0,149.5,150.0,149.0,150.0,0.5,62.0
2019-05-13,1558,67003.0,9999453.0,149.5,150.0,149.0,149.0,-1.0,69.0
2019-05-14,1558,176094.0,25913600.0,148.5,148.5,145.0,148.0,-1.0,166.0
2019-05-15,1558,92158.0,13614042.0,148.0,149.0,147.0,147.0,-1.0,97.0
2019-05-16,1558,196236.0,28550692.0,147.0,147.0,145.0,145.0,-2.0,175.0
2019-05-17,1558,116249.0,16916103.0,145.0,146.0,145.0,145.0,0.0,110.0
2019-05-20,1558,147562.0,21274706.0,145.0,145.5,143.0,143.5,-1.5,149.0
2019-05-21,1558,141400.0,20389200.0,143.5,145.0,143.5,144.5,1.0,139.0
2019-05-22,1558,216389.0,31139209.0,144.5,145.0,143.0,144.0,-0.5,225.0
2019-05-23,1558,101250.0,14579250.0,144.5,144.5,143.5,144.0,0.0,109.0
2019-05-24,1558,131984.0,19147171.0,144.5,145.5,144.0,145.5,1.5,148.0
2019-05-27,1558,155578.0,22715388.0,145.5,147.0,145.5,145.5,0.0,144.0
2019-05-28,1558,611366.0,91419216.0,146.5,150.5,145.0,150.5,5.0,2194.0
2019-05-29,1558,192782.0,28408236.0,148.0,148.0,146.0,147.0,-3.5,179.0
2019-05-30,1558,220614.0,32317949.0,146.5,148.0,145.5,146.0,-1.0,200.0
2019-05-31,1558,121443.0,17812397.0,146.0,147.5,146.0,146.5,0.5,122.0
2019-06-03,1558,83626.0,12317335.0,146.5,148.0,146.0,147.5,1.0,86.0
2019-06-04,1558,87250.0,12898624.0,147.5,148.5,147.5,148.0,0.5,87.0
2019-06-05,1558,98380.0,14531240.0,148.0,148.0,147.0,148.0,0.0,84.0
2019-06-06,1558,240773.0,35130966.0,149.0,149.0,145.0,145.5,-2.5,211.0
2019-06-10,1558,239239.0,34380770.0,143.0,146.0,143.0,145.5,0.0,223.0
2019-06-11,1558,31875.0,4606500.0,144.0,145.0,144.0,144.5,-1.0,46.0
2019-06-12,1558,93001.0,13392644.0,144.5,144.5,143.5,144.0,-0.5,92.0
2019-06-13,1558,82984.0,11980180.0,144.0,145.5,143.5,145.0,1.0,82.0
2019-06-14,1558,29540.0,4285800.0,145.0,145.5,144.5,145.5,0.5,39.0
2019-06-17,1558,103420.0,15170529.0,145.0,147.5,145.0,147.0,1.5,84.0
2019-06-18,1558,72580.0,10691260.0,147.0,148.0,147.0,148.0,1.0,72.0
2019-06-19,1558,275577.0,40081665.0,147.5,147.5,144.5,145.0,-3.0,231.0
2019-06-20,1558,168127.0,24614796.0,145.0,148.5,144.5,147.0,2.0,117.0
2019-06-21,1558,120999.0,17694854.0,147.0,147.0,146.0,146.0,-1.0,88.0
2019-06-24,1558,134700.0,19767900.0,146.0,148.0,146.0,147.5,1.5,116.0
2019-06-25,1558,120510.0,17605715.0,147.0,147.5,145.0,146.0,-1.5,91.0
2019-06-26,1558,82133.0,11996984.0,146.0,147.0,145.5,146.0,0.0,75.0
2019-06-27,1558,69688.0,10196324.0,146.5,147.0,146.0,147.0,1.0,69.0
2019-06-28,1558,111480.0,16324540.0,147.0,147.5,146.0,146.5,-0.5,102.0
2019-07-01,1558,249628.0,36567316.0,147.0,147.5,145.5,147.0,0.5,183.0
2019-07-02,1558,184406.0,27061088.0,147.0,147.5,146.0,147.0,0.0,148.0
2019-07-03,1558,525272.0,77372256.0,147.0,148.0,146.5,148.0,1.0,337.0
2019-07-04,1558,386102.0,53454086.0,137.5,139.5,137.5,138.0,0.0,337.0
2019-07-05,1558,145489.0,20245427.0,138.5,140.0,138.5,139.5,1.5,122.0
2019-07-08,1558,62531.0,8748402.0,140.5,140.5,139.5,140.0,0.5,66.0
2019-07-09,1558,109300.0,15160950.0,138.5,139.0,138.0,139.0,-1.0,101.0
2019-07-10,1558,104382.0,14478670.0,139.0,139.0,138.0,139.0,0.0,106.0
2019-07-11,1558,203344.0,27973641.0,139.0,139.0,136.5,137.5,-1.5,167.0
2019-07-12,1558,147431.0,20284123.0,138.0,138.5,136.5,138.5,1.0,133.0
2019-07-15,1558,73700.0,10149449.0,138.5,138.5,137.0,138.0,-0.5,60.0
2019-07-16,1558,63900.0,8796647.0,138.0,138.5,137.0,137.5,-0.5,70.0
2019-07-17,1558,76308.0,10501312.0,138.5,138.5,137.0,137.5,0.0,75.0
2019-07-18,1558,27688.0,3801098.0,137.5,137.5,137.0,137.0,-0.5,37.0
2019-07-19,1558,69249.0,9482736.0,137.0,137.5,136.5,137.0,0.0,68.0
2019-07-22,1558,67633.0,9247354.0,137.0,137.0,136.0,136.5,-0.5,66.0
2019-07-23,1558,61850.0,8430525.0,136.5,137.0,136.0,136.0,-0.5,63.0
2019-07-24,1558,70261.0,9521626.0,136.0,136.0,135.0,135.5,-0.5,67.0
2019-07-25,1558,55699.0,7533413.0,135.5,136.0,135.0,136.0,0.5,60.0
2019-07-26,1558,56384.0,7611724.0,135.5,135.5,134.5,135.0,-1.0,56.0
2019-07-29,1558,48438.0,6559568.0,135.0,136.0,135.0,136.0,1.0,52.0
2019-07-30,1558,45381.0,6160816.0,136.0,136.0,135.5,135.5,-0.5,40.0
2019-07-31,1558,59050.0,8003850.0,135.5,136.0,135.0,136.0,0.5,42.0
2019-08-01,1558,31536.0,4289432.0,136.0,136.0,136.0,136.0,0.0,32.0
2019-08-02,1558,74040.0,10007480.0,136.0,136.0,134.0,135.5,-0.5,46.0
2019-08-05,1558,107355.0,14359635.0,135.5,136.0,132.0,133.0,-2.5,85.0
2019-08-06,1558,125251.0,16429506.0,132.0,132.0,130.0,132.0,-1.0,126.0
2019-08-07,1558,110000.0,14481500.0,132.0,133.0,130.5,130.5,-1.5,120.0
2019-08-08,1558,76638.0,10025893.0,130.5,131.5,130.5,131.0,0.5,86.0
2019-08-12,1558,70619.0,9325565.0,131.0,133.0,131.0,133.0,2.0,72.0
2019-08-13,1558,55971.0,7432614.0,133.0,133.0,132.5,132.5,-0.5,56.0
2019-08-14,1558,60500.0,8035249.0,133.0,133.5,132.5,132.5,0.0,61.0
2019-08-15,1558,99001.0,13173634.0,132.5,134.5,132.0,132.5,0.0,94.0
2019-08-16,1558,56425.0,7548375.0,132.5,134.5,132.5,134.0,1.5,58.0
2019-08-19,1558,136051.0,18065436.0,134.0,134.0,131.5,132.5,-1.5,113.0
2019-08-20,1558,72553.0,9596324.0,132.5,132.5,131.5,132.0,-0.5,56.0
2019-08-21,1558,93950.0,12371900.0,132.0,132.5,131.0,131.5,-0.5,86.0
2019-08-22,1558,147349.0,19627766.0,132.0,133.5,131.5,133.5,2.0,134.0
2019-08-23,1558,87545.0,11774799.0,134.5,135.0,134.0,134.0,0.5,84.0
2019-08-26,1558,71696.0,9495656.0,134.0,134.0,131.5,132.5,-1.5,63.0
2019-08-27,1558,14144.0,1884940.0,134.0,134.0,133.0,133.0,0.5,17.0
2019-08-28,1558,52003.0,6873902.0,132.0,133.0,132.0,132.0,-1.0,46.0
2019-08-29,1558,23437.0,3097337.0,132.0,132.5,132.0,132.0,0.0,32.0
2019-08-30,1558,36576.0,4855891.0,133.0,133.0,132.5,132.5,0.5,45.0
2019-09-02,1558,25749.0,3418488.0,132.5,133.0,132.5,133.0,0.5,35.0
2019-09-03,1558,24379.0,3237665.0,133.0,133.0,132.5,132.5,-0.5,28.0
2019-09-04,1558,68102.0,9089168.0,133.0,134.0,133.0,133.0,0.5,60.0
2019-09-05,1558,26866.0,3581608.0,133.0,133.5,133.0,133.5,0.5,35.0
2019-09-06,1558,43766.0,5865910.0,133.5,134.5,133.5,134.0,0.5,39.0
2019-09-09,1558,21526.0,2889510.0,135.0,135.0,133.5,133.5,-0.5,26.0
2019-09-10,1558,19033.0,2556436.0,133.5,135.0,133.5,134.5,1.0,28.0
2019-09-11,1558,42260.0,5680469.0,134.5,135.0,134.0,134.0,-0.5,47.0
2019-09-12,1558,21249.0,2849115.0,133.5,134.5,133.5,133.5,-0.5,33.0
2019-09-16,1558,96885.0,12888760.0,133.5,134.5,132.0,132.0,-1.5,106.0
2019-09-17,1558,9117.0,1214061.0,133.0,133.5,133.0,133.0,1.0,26.0
2019-09-18,1558,53430.0,7142120.0,133.0,134.5,133.0,133.5,0.5,59.0
2019-09-19,1558,81569.0,11005815.0,134.0,135.5,134.0,135.0,1.5,79.0
2019-09-20,1558,26090.0,3517830.0,134.5,135.0,134.5,135.0,0.0,26.0
2019-09-23,1558,64059.0,8579583.0,134.0,134.5,133.5,133.5,-1.5,65.0
2019-09-24,1558,48419.0,6480065.0,133.5,134.5,133.0,134.5,1.0,47.0
2019-09-25,1558,30571.0,4088797.0,134.5,134.5,133.5,134.5,0.0,42.0
2019-09-26,1558,53663.0,7158670.0,133.5,134.5,133.0,133.0,-1.5,53.0
2019-09-27,1558,92453.0,12228973.0,133.0,133.0,132.0,132.5,-0.5,81.0
2019-10-01,1558,106174.0,14037729.0,132.5,133.0,131.5,132.0,-0.5,78.0
2019-10-02,1558,46636.0,6170588.0,131.5,133.0,131.5,133.0,1.0,51.0
2019-10-03,1558,14573.0,1926919.0,133.0,133.0,132.0,132.0,-1.0,23.0
2019-10-04,1558,26357.0,3480159.0,132.0,132.5,132.0,132.0,0.0,32.0
2019-10-07,1558,75450.0,9962350.0,132.0,132.5,132.0,132.0,0.0,56.0
2019-10-08,1558,38113.0,5034029.0,132.0,132.5,131.5,131.5,-0.5,40.0
2019-10-09,1558,13265.0,1749245.0,131.5,132.0,131.5,132.0,0.5,16.0
2019-10-14,1558,66750.0,8814750.0,133.0,133.0,131.5,132.0,0.0,70.0
2019-10-15,1558,42370.0,5604210.0,131.5,132.5,131.5,132.0,0.0,46.0
2019-10-16,1558,79101.0,10460135.0,132.0,133.0,132.0,132.0,0.0,81.0
2019-10-17,1558,61434.0,8103722.0,133.0,133.0,131.5,131.5,-0.5,70.0
2019-10-18,1558,540291.0,70672765.0,131.5,132.0,130.0,131.0,-0.5,329.0
2019-10-21,1558,62821.0,8298776.0,131.5,132.5,131.5,132.0,1.0,77.0
2019-10-22,1558,38712.0,5101484.0,132.5,132.5,131.5,131.5,-0.5,47.0
2019-10-23,1558,57852.0,7652888.0,131.5,133.5,131.5,132.0,0.5,63.0
2019-10-24,1558,83800.0,11131300.0,132.0,133.5,132.0,133.5,1.5,85.0
2019-10-25,1558,65216.0,8702376.0,133.0,134.0,132.5,134.0,0.5,63.0
2019-10-28,1558,68324.0,9163740.0,134.5,134.5,133.5,134.0,0.0,56.0
2019-10-29,1558,76415.0,10251730.0,134.0,135.0,133.5,135.0,1.0,64.0
2019-10-30,1558,43212.0,5796832.0,135.0,135.0,133.5,134.0,-1.0,46.0
2019-10-31,1558,51281.0,6852654.0,134.0,134.0,133.0,133.0,-1.0,35.0
2019-11-01,1558,42800.0,5703798.0,133.0,134.0,133.0,133.0,0.0,34.0
2019-11-04,1558,51751.0,6921634.0,133.0,134.5,133.0,133.5,0.5,57.0
2019-11-05,1558,84640.0,11345400.0,134.0,134.5,133.5,134.5,1.0,73.0
2019-11-06,1558,63300.0,8503400.0,134.0,135.0,133.5,134.0,-0.5,65.0
2019-11-07,1558,32287.0,4328745.0,134.0,134.5,134.0,134.0,0.0,27.0
2019-11-08,1558,143903.0,19499808.0,135.0,136.5,135.0,136.0,2.0,132.0
2019-11-11,1558,87051.0,11716857.0,136.0,136.0,134.0,134.0,-2.0,82.0
2019-11-12,1558,44247.0,5904345.0,133.5,133.5,133.0,133.5,-0.5,41.0
2019-11-13,1558,61455.0,8215380.0,134.5,134.5,133.0,133.5,0.0,55.0
2019-11-14,1558,54675.0,7325461.0,134.0,134.0,133.5,134.0,0.5,53.0
2019-11-15,1558,82470.0,11001713.0,134.0,134.0,133.0,133.0,-1.0,81.0
2019-11-18,1558,58939.0,7868265.0,133.5,134.0,133.0,134.0,1.0,57.0
2019-11-19,1558,57150.0,7649175.0,134.0,134.5,133.5,133.5,-0.5,51.0
2019-11-20,1558,21375.0,2856625.0,134.0,134.0,133.5,133.5,0.0,28.0
2019-11-21,1558,21250.0,2829250.0,133.0,133.5,133.0,133.0,-0.5,26.0
2019-11-22,1558,71187.0,9563245.0,133.0,135.0,133.0,134.0,1.0,62.0
2019-11-25,1558,32721.0,4388835.0,134.0,134.5,133.5,134.5,0.5,43.0
2019-11-26,1558,31146.0,4184710.0,134.5,134.5,134.0,134.5,0.0,33.0
2019-11-27,1558,27262.0,3668999.0,134.5,135.0,134.5,135.0,0.5,33.0
2019-11-28,1558,21062.0,2831370.0,135.0,135.0,134.0,134.0,-1.0,22.0
2019-11-29,1558,27913.0,3744233.0,134.0,134.0,133.5,134.0,0.0,34.0
2019-12-02,1558,24226.0,3240236.0,134.0,134.0,133.5,133.5,-0.5,29.0
2019-12-03,1558,14117.0,1884912.0,133.0,134.0,133.0,133.5,0.0,17.0
2019-12-04,1558,25001.0,3336135.0,133.5,134.0,133.0,133.0,-0.5,24.0
2019-12-05,1558,22687.0,3033245.0,133.0,134.0,133.0,133.5,0.5,31.0
2019-12-06,1558,29600.0,3958600.0,134.0,134.0,133.5,133.5,0.0,33.0
2019-12-09,1558,42191.0,5629594.0,133.0,134.0,133.0,133.5,0.0,46.0
2019-12-10,1558,40172.0,5359048.0,133.5,133.5,133.0,133.5,0.0,37.0
2019-12-11,1558,24619.0,3291446.0,134.0,134.0,133.5,133.5,0.0,30.0
2019-12-12,1558,30100.0,4012948.0,133.5,134.0,133.0,133.5,0.0,31.0
2019-12-13,1558,46037.0,6134532.0,133.0,133.5,133.0,133.0,-0.5,43.0
2019-12-16,1558,53242.0,7114289.0,133.5,134.0,133.0,133.5,0.5,54.0
2019-12-17,1558,35388.0,4723684.0,133.5,134.0,133.0,133.5,0.0,40.0
2019-12-18,1558,43055.0,5740452.0,133.5,133.5,133.0,133.5,0.0,41.0
2019-12-19,1558,119501.0,15903634.0,134.0,134.0,132.5,133.0,-0.5,99.0
2019-12-20,1558,105257.0,13943681.0,133.5,133.5,132.0,132.0,-1.0,81.0
2019-12-23,1558,52050.0,6896650.0,133.0,133.0,132.0,132.0,0.0,54.0
2019-12-24,1558,41201.0,5480934.0,133.5,133.5,132.5,132.5,0.5,32.0
2019-12-25,1558,28163.0,3743342.0,132.5,133.5,132.5,133.0,0.5,27.0
2019-12-26,1558,39260.0,5211340.0,133.0,133.0,132.5,133.0,0.0,41.0
2019-12-27,1558,86100.0,11440950.0,133.0,133.0,132.5,133.0,0.0,65.0
2019-12-30,1558,87295.0,11558530.0,133.0,133.0,132.0,132.5,-0.5,74.0
2019-12-31,1558,45118.0,5981249.0,132.5,133.0,132.5,132.5,0.0,48.0
2020-01-02,1558,46429.0,6171486.0,132.5,133.5,132.5,133.0,0.5,49.0
2020-01-03,1558,68223.0,9103493.0,133.0,134.0,133.0,133.5,0.5,64.0
2020-01-06,1558,63820.0,8467467.0,133.5,133.5,132.0,133.0,-0.5,68.0
2020-01-07,1558,33153.0,4384925.0,132.5,132.5,132.0,132.0,-1.0,33.0
2020-01-08,1558,61891.0,8172553.0,132.0,132.5,132.0,132.5,0.5,67.0
2020-01-09,1558,72414.0,9581562.0,132.5,132.5,132.0,132.0,-0.5,64.0
2020-01-10,1558,58973.0,7787909.0,132.0,132.5,132.0,132.0,0.0,71.0
2020-01-13,1558,75093.0,9917319.0,132.0,132.5,131.5,131.5,-0.5,86.0
2020-01-14,1558,64500.0,8532500.0,132.0,133.0,132.0,132.0,0.5,58.0
2020-01-15,1558,17800.0,2354900.0,132.5,132.5,132.0,132.0,0.0,28.0
2020-01-16,1558,87460.0,11575180.0,132.0,133.0,132.0,132.0,0.0,93.0
2020-01-17,1558,55139.0,7285916.0,132.0,132.5,132.0,132.0,0.0,68.0
2020-01-20,1558,62004.0,8217030.0,133.0,133.0,132.0,133.0,1.0,57.0
2020-01-30,1558,569300.0,73348500.0,130.5,130.5,128.0,128.5,-4.5,420.0
2020-01-31,1558,245453.0,31595843.0,128.5,129.5,128.5,128.5,0.0,185.0
2020-02-03,1558,219596.0,27837082.0,126.5,128.5,126.0,127.5,-1.0,208.0
2020-02-04,1558,108861.0,14077430.0,127.5,130.5,127.5,129.5,2.0,96.0
2020-02-05,1558,60501.0,7825378.0,129.5,129.5,129.0,129.0,-0.5,60.0
2020-02-06,1558,97807.0,12681767.0,129.0,130.0,129.0,129.5,0.5,90.0
2020-02-07,1558,84002.0,10845764.0,129.5,129.5,129.0,129.0,-0.5,65.0
2020-02-10,1558,60593.0,7793885.0,129.0,129.0,128.0,128.5,-0.5,58.0
2020-02-11,1558,81027.0,10429064.0,129.0,129.5,128.0,128.5,0.0,73.0
2020-02-12,1558,97724.0,12653479.0,129.0,130.0,129.0,129.5,1.0,72.0
2020-02-13,1558,88502.0,11472008.0,129.5,130.0,129.0,129.5,0.0,76.0
2020-02-14,1558,68371.0,8858601.0,130.0,130.0,129.0,129.0,-0.5,67.0
2020-02-17,1558,125451.0,16305081.0,129.5,130.5,129.5,130.5,1.5,131.0
2020-02-18,1558,140064.0,18098884.0,130.0,130.5,128.0,129.0,-1.5,98.0
2020-02-19,1558,83027.0,10725537.0,129.0,130.0,128.5,129.5,0.5,81.0
2020-02-20,1558,69350.0,8998672.0,129.5,130.5,129.5,129.5,0.0,76.0
2020-02-21,1558,76008.0,9915548.0,130.0,131.0,130.0,130.0,0.5,62.0
2020-02-24,1558,97042.0,12637521.0,130.0,131.5,129.5,130.0,0.0,88.0
2020-02-25,1558,136120.0,17596280.0,129.5,130.0,129.0,129.0,-1.0,95.0
2020-02-26,1558,57123.0,7378613.0,129.0,129.5,129.0,129.0,0.0,57.0
2020-02-27,1558,99738.0,12869940.0,129.0,129.5,128.5,128.5,-0.5,91.0
2020-03-02,1558,164300.0,21083845.0,128.5,129.5,127.0,128.5,0.0,149.0
2020-03-03,1558,40774.0,5269120.0,129.0,130.0,128.5,129.5,1.0,48.0
2020-03-04,1558,39521.0,5097466.0,129.5,129.5,128.5,129.0,-0.5,44.0
2020-03-05,1558,66581.0,8621530.0,129.5,130.0,129.0,129.5,0.5,56.0
2020-03-06,1558,21510.0,2781300.0,129.5,129.5,129.0,129.0,-0.5,35.0
2020-03-09,1558,208069.0,26645901.0,129.0,129.0,127.5,127.5,-1.5,202.0
2020-03-10,1558,164215.0,20813020.0,127.5,127.5,126.0,127.5,0.0,163.0
2020-03-11,1558,59500.0,7634743.0,128.0,129.0,128.0,128.0,0.5,72.0
2020-03-12,1558,341734.0,42876984.0,128.0,128.0,125.0,125.0,-3.0,299.0
2020-03-13,1558,386400.0,46720600.0,123.5,123.5,119.0,121.0,-4.0,323.0
2020-03-16,1558,340328.0,41269677.0,122.0,123.5,120.0,120.0,-1.0,244.0
2020-03-17,1558,289701.0,34119620.0,116.5,119.0,116.0,118.0,-2.0,237.0
2020-03-18,1558,378422.0,44108083.0,118.0,118.5,115.5,115.5,-2.5,298.0
2020-03-19,1558,418644.0,45757340.0,114.5,114.5,107.0,108.0,-7.5,329.0
2020-03-20,1558,210022.0,23634596.0,110.0,113.5,110.0,113.0,5.0,183.0
2020-03-23,1558,133767.0,14798171.0,111.5,111.5,110.0,111.0,-2.0,101.0
2020-03-24,1558,120341.0,13689556.0,114.0,114.5,112.5,114.0,3.0,125.0
2020-03-25,1558,165096.0,19454424.0,118.0,118.5,116.0,117.5,3.5,141.0
2020-03-26,1558,138581.0,16396639.0,121.0,121.0,117.0,119.0,1.5,116.0
2020-03-27,1558,225410.0,26767790.0,119.5,121.0,116.5,117.0,-2.0,173.0
2020-03-30,1558,61750.0,7170500.0,115.0,118.0,114.0,117.5,0.5,58.0
2020-03-31,1558,82664.0,9757516.0,119.0,119.0,117.5,117.5,0.0,85.0
2020-04-01,1558,59501.0,7028620.0,118.0,118.5,118.0,118.5,1.0,56.0
2020-04-06,1558,96312.0,11445940.0,119.0,119.5,117.5,119.0,0.5,87.0
2020-04-07,1558,73237.0,8814336.0,120.0,121.5,119.5,120.0,1.0,74.0
2020-04-08,1558,78960.0,9545760.0,120.5,121.5,120.0,120.5,0.5,85.0
2020-04-09,1558,162688.0,20079812.0,122.0,124.5,122.0,123.0,2.5,148.0
2020-04-10,1558,70191.0,8702661.0,123.0,125.0,123.0,124.0,1.0,67.0
2020-04-13,1558,92617.0,11406625.0,123.0,124.0,122.5,123.5,-0.5,93.0
2020-04-14,1558,187612.0,23349415.0,123.5,125.5,123.0,125.5,2.0,137.0
2020-04-15,1558,137401.0,17487025.0,125.5,128.0,125.5,127.5,2.0,125.0
2020-04-16,1558,115527.0,14773483.0,127.5,128.5,127.0,128.0,0.5,100.0
2020-04-17,1558,156893.0,20135304.0,129.0,129.5,127.0,127.5,-0.5,132.0
2020-04-20,1558,67701.0,8599537.0,127.0,128.0,126.5,126.5,-1.0,68.0
2020-04-21,1558,158482.0,19736506.0,126.5,127.5,123.5,123.5,-3.0,169.0
2020-04-22,1558,91299.0,11329174.0,123.0,125.5,122.5,125.5,2.0,79.0
2020-04-23,1558,68760.0,8716139.0,126.5,127.5,126.0,126.5,1.0,64.0
2020-04-24,1558,26503.0,3360884.0,126.5,127.0,126.0,127.0,0.5,35.0
2020-04-27,1558,81337.0,10362302.0,127.5,128.0,126.5,128.0,1.0,74.0
2020-04-28,1558,89887.0,11506476.0,128.5,128.5,127.5,128.0,0.0,66.0
2020-04-29,1558,97526.0,12583880.0,128.5,129.5,128.5,129.0,1.0,94.0
2020-04-30,1558,102802.0,13379657.0,129.0,130.5,129.0,130.5,1.5,108.0
2020-05-04,1558,46105.0,5954360.0,129.0,130.0,128.5,129.5,-1.0,52.0
2020-05-05,1558,68219.0,8816078.0,129.5,130.5,129.0,129.5,0.0,58.0
2020-05-06,1558,32752.0,4245260.0,129.5,130.0,129.0,129.5,0.0,45.0
2020-05-07,1558,238024.0,31887199.0,132.5,137.0,132.5,133.5,4.0,212.0
2020-05-08,1558,114238.0,15227271.0,133.5,134.5,132.5,133.0,-0.5,109.0
2020-05-11,1558,80102.0,10618117.0,133.0,133.0,132.0,132.5,-0.5,74.0
2020-05-12,1558,77450.0,10288075.0,132.5,133.0,132.5,133.0,0.5,67.0
2020-05-13,1558,42771.0,5661043.0,132.5,133.0,132.0,133.0,0.0,50.0
2020-05-14,1558,80000.0,10576500.0,132.5,132.5,132.0,132.0,-1.0,62.0
2020-05-15,1558,45000.0,5926500.0,132.0,132.5,130.5,131.5,-0.5,40.0
2020-05-18,1558,110305.0,14388455.0,131.5,131.5,130.0,130.0,-1.5,93.0
2020-05-19,1558,54212.0,7128484.0,131.0,132.0,131.0,132.0,2.0,55.0
2020-05-20,1558,29111.0,3825207.0,131.0,132.0,131.0,131.5,-0.5,31.0
2020-05-21,1558,108814.0,14454762.0,132.0,133.5,132.0,133.0,1.5,86.0
2020-05-22,1558,123155.0,16189960.0,132.0,133.0,130.5,130.5,-2.5,113.0
2020-05-25,1558,43519.0,5713766.0,131.5,132.5,130.0,132.5,2.0,51.0
2020-05-26,1558,70000.0,9298000.0,132.5,133.0,132.0,132.5,0.0,62.0
2020-05-27,1558,136612.0,18280508.0,133.0,134.5,132.5,134.5,2.0,126.0
2020-05-28,1558,113387.0,15186825.0,134.5,134.5,133.0,134.0,-0.5,91.0
2020-05-29,1558,26181.0,3496754.0,134.0,134.0,133.0,133.0,-1.0,26.0
2020-06-01,1558,62464.0,8353176.0,133.0,134.5,133.0,134.0,1.0,63.0
2020-06-02,1558,44601.0,5985534.0,134.0,134.5,133.5,134.5,0.5,49.0
2020-06-03,1558,89230.0,12001280.0,134.5,135.0,134.0,135.0,0.5,93.0
2020-06-04,1558,93297.0,12626240.0,135.0,136.0,134.5,135.5,0.5,83.0
2020-06-05,1558,64387.0,8737132.0,136.0,136.5,135.0,136.5,1.0,66.0
2020-06-08,1558,102958.0,13981788.0,136.5,136.5,135.5,135.5,-1.0,106.0
2020-06-09,1558,210268.0,28323180.0,135.0,135.5,133.5,134.0,-1.5,167.0
2020-06-10,1558,148006.0,19974346.0,134.0,135.5,134.0,135.5,1.5,116.0
2020-06-11,1558,128554.0,17302290.0,135.5,135.5,134.0,134.0,-1.5,113.0
2020-06-12,1558,172301.0,22806983.0,131.5,134.0,131.0,133.5,-0.5,156.0
2020-06-15,1558,210533.0,28507955.0,135.0,136.0,134.5,135.0,1.5,187.0
2020-06-16,1558,317737.0,43561469.0,136.5,137.5,136.0,137.5,2.5,266.0
2020-06-17,1558,176958.0,24357725.0,138.0,138.5,136.0,138.0,0.5,130.0
2020-06-18,1558,278969.0,38801673.0,139.0,139.5,138.0,139.0,1.0,229.0
2020-06-19,1558,263159.0,36750760.0,139.0,140.5,139.0,139.0,0.0,230.0
2020-06-22,1558,200514.0,27972960.0,139.5,140.0,139.0,139.5,0.5,143.0
2020-06-23,1558,273809.0,38037451.0,139.0,140.0,138.0,139.0,-0.5,214.0
2020-06-24,1558,264376.0,36828640.0,139.0,139.5,139.0,139.0,0.0,132.0
2020-06-29,1558,604734.0,83531292.0,138.0,139.0,137.5,138.0,-1.0,343.0
2020-06-30,1558,592641.0,82193415.0,138.0,139.5,138.0,139.0,1.0,386.0
2020-07-01,1558,461150.0,60671950.0,131.0,132.5,131.0,132.5,0.0,288.0
2020-07-02,1558,121935.0,16132387.0,133.0,133.0,131.5,132.0,-0.5,112.0
2020-07-03,1558,97550.0,12893600.0,133.0,133.0,132.0,132.0,0.0,90.0
2020-07-06,1558,151931.0,20093354.0,132.5,133.0,132.0,132.5,0.5,141.0
2020-07-07,1558,167041.0,21897412.0,133.0,133.0,130.5,131.0,-1.5,157.0
2020-07-08,1558,99776.0,13051932.0,131.0,131.5,130.5,131.5,0.5,97.0
2020-07-09,1558,159531.0,21095092.0,132.5,133.0,132.0,132.0,0.5,129.0
2020-07-10,1558,103264.0,13511215.0,132.0,132.0,130.5,131.0,-1.0,78.0
2020-07-13,1558,60056.0,7864836.0,130.5,131.5,130.5,130.5,-0.5,68.0
2020-07-14,1558,66020.0,8625620.0,131.0,131.0,130.5,130.5,0.0,48.0
2020-07-15,1558,51531.0,6765561.0,131.5,131.5,131.0,131.5,1.0,56.0
2020-07-16,1558,102566.0,13543278.0,131.5,133.0,131.5,133.0,1.5,97.0
2020-07-17,1558,158223.0,21023769.0,133.0,133.5,132.0,133.0,0.0,137.0
2020-07-20,1558,133084.0,17724256.0,133.0,134.0,132.0,134.0,1.0,142.0
2020-07-21,1558,174970.0,23683950.0,134.5,136.0,134.0,135.5,1.5,171.0
2020-07-22,1558,123406.0,16783216.0,135.5,136.5,135.5,136.0,0.5,114.0
2020-07-23,1558,90475.0,12280625.0,135.5,136.0,135.5,136.0,0.0,80.0
2020-07-24,1558,92755.0,12474415.0,136.0,136.0,134.0,134.0,-2.0,89.0
2020-07-27,1558,106569.0,14122108.0,134.0,134.0,132.0,132.5,-1.5,104.0
2020-07-28,1558,112552.0,14809086.0,132.0,133.5,131.0,131.0,-1.5,106.0
2020-07-29,1558,105321.0,13982193.0,131.0,134.0,130.5,133.0,2.0,87.0
2020-07-30,1558,33200.0,4403000.0,134.0,134.0,132.0,132.5,-0.5,32.0
2020-07-31,1558,48181.0,6398981.0,134.0,134.0,132.0,132.5,0.0,43.0
2020-08-03,1558,53796.0,7095072.0,133.5,133.5,131.5,131.5,-1.0,57.0
2020-08-04,1558,106846.0,14040172.0,131.5,132.0,131.0,131.5,0.0,84.0
2020-08-05,1558,85855.0,11347285.0,131.5,133.0,131.5,132.5,1.0,79.0
2020-08-06,1558,65293.0,8670115.0,133.5,133.5,132.0,133.5,1.0,58.0
2020-08-07,1558,61306.0,8142848.0,133.5,133.5,132.0,133.5,0.0,57.0
2020-08-10,1558,126467.0,16919045.0,134.0,134.5,133.0,134.0,0.5,103.0
2020-08-11,1558,57301.0,7667334.0,134.0,134.0,133.5,134.0,0.0,52.0
2020-08-12,1558,37500.0,5006000.0,133.5,133.5,133.0,133.5,-0.5,43.0
2020-08-13,1558,229376.0,30821760.0,133.5,135.5,133.5,134.5,1.0,153.0
2020-08-14,1558,562021.0,76587384.0,135.0,137.5,135.0,137.5,3.0,363.0
2020-08-17,1558,583862.0,81858680.0,139.0,142.0,138.5,141.0,3.5,463.0
2020-08-18,1558,472946.0,66219886.0,140.0,141.5,137.0,141.5,0.5,392.0
2020-08-19,1558,203717.0,28652880.0,142.5,143.0,140.0,140.5,-1.0,144.0
2020-08-20,1558,356211.0,49151829.0,139.5,140.0,135.0,138.5,-2.0,232.0
2020-08-21,1558,131303.0,18232117.0,140.0,140.0,138.5,138.5,0.0,120.0
2020-08-24,1558,66778.0,9290530.0,139.5,139.5,138.5,139.5,1.0,56.0
2020-08-25,1558,78376.0,10890450.0,140.0,140.0,138.0,138.5,-1.0,55.0
2020-08-26,1558,55150.0,7621350.0,138.5,139.0,137.5,138.5,0.0,45.0
2020-08-27,1558,105289.0,14622671.0,139.5,139.5,138.0,138.0,-0.5,71.0
2020-08-28,1558,82349.0,11339662.0,138.0,138.0,137.0,137.5,-0.5,54.0
2020-08-31,1558,58000.0,8017000.0,137.5,138.5,137.5,137.5,0.0,44.0
2020-09-01,1558,124175.0,17048236.0,138.0,138.0,136.5,137.5,0.0,74.0
2020-09-02,1558,65153.0,8963189.0,137.5,138.0,137.0,137.5,0.0,46.0
2020-09-03,1558,43088.0,5936187.0,138.0,138.0,137.5,137.5,0.0,27.0
2020-09-04,1558,253290.0,35132100.0,137.0,139.5,136.5,139.5,2.0,197.0
2020-09-07,1558,50662.0,7034518.0,139.5,139.5,138.5,138.5,-1.0,55.0
2020-09-08,1558,143881.0,20060395.0,140.0,140.5,139.0,139.5,1.0,123.0
2020-09-09,1558,85001.0,11811139.0,139.0,139.5,138.0,139.5,0.0,68.0
2020-09-10,1558,107035.0,14953365.0,139.5,140.0,139.0,139.5,0.0,89.0
2020-09-11,1558,85422.0,11927367.0,140.0,140.0,139.0,139.5,0.0,83.0
2020-09-14,1558,56184.0,7843944.0,140.0,140.0,139.0,140.0,0.5,51.0
2020-09-15,1558,65429.0,9135560.0,140.0,140.0,139.0,139.5,-0.5,63.0
2020-09-16,1558,65174.0,9101272.0,139.5,140.0,139.0,139.5,0.0,64.0
2020-09-17,1558,44145.0,6147372.0,140.0,140.0,139.0,139.5,0.0,40.0
2020-09-18,1558,39100.0,5440948.0,139.5,139.5,139.0,139.5,0.0,41.0
2020-09-21,1558,84200.0,11677800.0,139.0,139.5,138.5,139.0,-0.5,71.0
2020-09-22,1558,68322.0,9433595.0,138.5,139.0,137.5,138.0,-1.0,69.0
2020-09-23,1558,81225.0,11142210.0,138.0,138.0,136.5,136.5,-1.5,75.0
2020-09-24,1558,209606.0,28274110.0,135.0,136.0,134.0,134.5,-2.0,181.0
2020-09-25,1558,68206.0,9175016.0,134.5,135.5,134.0,134.5,0.0,71.0
2020-09-28,1558,44000.0,5957500.0,135.0,136.5,134.5,136.0,1.5,35.0
2020-09-29,1558,89030.0,12246610.0,136.5,138.0,136.5,138.0,2.0,51.0
2020-09-30,1558,32039.0,4440421.0,138.0,139.0,138.0,138.0,0.0,31.0
2020-10-05,1558,45188.0,6235035.0,138.0,138.5,137.5,138.0,0.0,48.0
2020-10-06,1558,176374.0,24044923.0,139.0,139.0,135.5,136.5,-1.5,178.0
2020-10-07,1558,32956.0,4505472.0,136.5,137.5,135.5,137.5,1.0,40.0
2020-10-08,1558,29205.0,4006495.0,137.5,137.5,136.5,137.5,0.0,29.0
2020-10-12,1558,67217.0,9129617.0,137.0,137.0,135.0,135.5,-2.0,60.0
2020-10-13,1558,109594.0,14775485.0,135.5,135.5,134.0,134.0,-1.5,99.0
2020-10-14,1558,63500.0,8632500.0,136.0,136.5,135.5,136.0,2.0,51.0
2020-10-15,1558,15000.0,2034500.0,135.0,136.5,135.0,136.0,0.0,14.0
2020-10-16,1558,98087.0,13452093.0,136.0,137.5,135.5,137.5,1.5,91.0
2020-10-19,1558,69141.0,9503458.0,136.0,138.0,136.0,138.0,0.5,74.0
2020-10-20,1558,46029.0,6371574.0,138.0,139.0,136.5,139.0,1.0,47.0
2020-10-21,1558,69155.0,9585890.0,140.0,140.0,137.5,138.0,-1.0,75.0
2020-10-22,1558,146523.0,19559651.0,137.5,138.0,132.5,132.5,-5.5,100.0
2020-10-23,1558,146143.0,19895091.0,134.5,137.0,134.5,136.0,3.5,128.0
2020-10-26,1558,25002.0,3407772.0,136.0,137.5,136.0,136.0,0.0,26.0
2020-10-27,1558,125304.0,17191936.0,136.0,138.5,136.0,137.0,1.0,79.0
2020-10-28,1558,82021.0,11332399.0,138.0,139.0,137.0,138.0,1.0,71.0
2020-10-29,1558,24731.0,3387146.0,136.0,137.5,136.0,136.5,-1.5,31.0
2020-10-30,1558,37380.0,5098250.0,138.0,138.0,136.0,136.0,-0.5,31.0
2020-11-02,1558,33136.0,4531268.0,136.5,137.5,136.0,136.0,0.0,30.0
2020-11-03,1558,17220.0,2353400.0,136.5,137.0,136.0,137.0,1.0,16.0
2020-11-04,1558,23495.0,3205215.0,136.5,137.0,136.0,137.0,0.0,25.0
2020-11-05,1558,57564.0,7932863.0,137.0,138.0,137.0,137.5,0.5,45.0
2020-11-06,1558,20187.0,2767804.0,138.0,138.0,136.5,136.5,-1.0,31.0
2020-11-09,1558,68620.0,9441866.0,137.0,138.5,137.0,137.5,1.0,67.0
2020-11-10,1558,220888.0,30723431.0,139.0,140.0,138.5,138.5,1.0,185.0
2020-11-11,1558,161117.0,22472294.0,139.0,140.0,139.0,139.5,1.0,153.0
2020-11-12,1558,67685.0,9399529.0,139.5,139.5,138.5,139.0,-0.5,81.0
2020-11-13,1558,75428.0,10496575.0,139.5,139.5,139.0,139.5,0.5,65.0
2020-11-16,1558,213173.0,29830917.0,139.5,140.5,138.5,139.5,0.0,182.0
2020-11-17,1558,122142.0,17089291.0,140.0,140.5,139.0,140.0,0.5,113.0
2020-11-18,1558,83713.0,11684330.0,139.5,140.0,139.0,139.5,-0.5,73.0
2020-11-19,1558,23135.0,3218351.0,139.0,139.5,139.0,139.5,0.0,36.0
2020-11-20,1558,58819.0,8185647.0,140.0,140.0,138.5,139.0,-0.5,56.0
2020-11-23,1558,65520.0,9123520.0,139.0,140.0,139.0,139.0,0.0,56.0
2020-11-24,1558,48110.0,6695454.0,140.0,140.0,138.5,138.5,-0.5,55.0
2020-11-25,1558,135908.0,18797181.0,139.0,139.0,137.5,137.5,-1.0,119.0
2020-11-26,1558,70315.0,9695519.0,138.0,138.5,137.5,137.5,0.0,77.0
2020-11-27,1558,45204.0,6271466.0,137.5,138.5,137.5,138.5,1.0,34.0
2020-11-30,1558,37435.0,5204592.0,138.5,139.5,138.5,139.0,0.5,47.0
2020-12-01,1558,50496.0,7024400.0,139.0,139.5,138.5,139.0,0.0,56.0
2020-12-02,1558,46751.0,6494057.0,139.0,139.5,138.5,138.5,-0.5,60.0
2020-12-03,1558,54872.0,7633918.0,139.5,139.5,138.5,139.0,0.5,66.0
2020-12-04,1558,77670.0,10831299.0,139.0,140.0,139.0,139.5,0.5,80.0
2020-12-07,1558,75375.0,10486580.0,139.5,139.5,138.5,139.0,-0.5,79.0
2020-12-08,1558,61284.0,8511492.0,139.0,139.0,138.5,139.0,0.0,79.0
2020-12-09,1558,428470.0,60761977.0,140.5,143.0,140.0,142.0,3.0,350.0
2020-12-10,1558,123907.0,17569682.0,142.0,143.0,141.0,142.0,0.0,117.0
2020-12-11,1558,173083.0,24395850.0,142.5,142.5,140.0,141.0,-1.0,154.0
2020-12-14,1558,54794.0,7690365.0,141.0,141.0,140.0,140.5,-0.5,68.0
2020-12-15,1558,98475.0,13741106.0,140.5,140.5,139.0,139.5,-1.0,100.0
2020-12-16,1558,79060.0,11058018.0,139.5,140.5,139.5,139.5,0.0,64.0
2020-12-17,1558,37462.0,5231684.0,139.5,140.0,139.0,140.0,0.5,44.0
2020-12-18,1558,69554.0,9747510.0,140.0,140.5,139.5,140.5,0.5,73.0
2020-12-21,1558,30120.0,4207800.0,140.5,140.5,139.0,140.0,-0.5,41.0
2020-12-22,1558,92085.0,12809481.0,139.5,140.0,138.5,138.5,-1.5,103.0
2020-12-23,1558,72449.0,10057296.0,138.5,140.0,138.0,139.0,0.5,63.0
2020-12-24,1558,17243.0,2403594.0,139.0,139.5,139.0,139.5,0.5,24.0
2020-12-25,1558,43110.0,6017449.0,139.5,140.0,139.0,139.0,-0.5,40.0
2020-12-28,1558,58062.0,8114237.0,139.0,140.0,139.0,140.0,1.0,49.0
2020-12-29,1558,42771.0,5995371.0,140.0,140.5,139.5,140.5,0.5,49.0
2020-12-30,1558,105364.0,14743830.0,140.5,140.5,139.5,139.5,-1.0,83.0
2020-12-31,1558,88929.0,12456267.0,140.0,140.5,139.5,140.5,1.0,84.0
2021-01-04,1558,119836.0,16894791.0,141.0,141.5,140.5,141.0,0.5,94.0
2021-01-05,1558,223512.0,31779865.0,141.5,143.0,141.0,142.5,1.5,201.0
2021-01-06,1558,157662.0,22302524.0,142.5,142.5,141.0,141.5,-1.0,147.0
2021-01-07,1558,69777.0,9863991.0,141.5,142.0,141.0,142.0,0.5,72.0
2021-01-08,1558,111789.0,15796334.0,142.0,142.5,140.0,142.0,0.0,117.0
2021-01-11,1558,128594.0,18130538.0,141.0,141.5,140.5,141.0,-1.0,165.0
2021-01-12,1558,196534.0,27577914.0,140.5,141.0,140.0,140.0,-1.0,164.0
2021-01-13,1558,79750.0,11187631.0,140.0,140.5,140.0,140.0,0.0,87.0
2021-01-14,1558,94724.0,13279638.0,140.5,140.5,140.0,140.5,0.5,106.0
2021-01-15,1558,76484.0,10716690.0,141.0,141.0,140.0,140.0,-0.5,92.0
2021-01-18,1558,108833.0,15226076.0,139.0,140.5,139.0,140.0,0.0,96.0
2021-01-19,1558,34818.0,4871450.0,140.0,140.0,139.5,140.0,0.0,55.0
2021-01-20,1558,171065.0,23786649.0,140.0,140.0,138.5,139.0,-1.0,168.0
2021-01-21,1558,100394.0,13987031.0,139.0,140.5,138.5,138.5,-0.5,98.0
2021-01-22,1558,154580.0,21643151.0,139.0,140.5,139.0,140.5,2.0,141.0
2021-01-25,1558,63801.0,8903449.0,139.0,140.5,139.0,140.5,0.0,95.0
2021-01-26,1558,67218.0,9381941.0,140.0,140.5,139.0,139.5,-1.0,62.0
2021-01-27,1558,90944.0,12756670.0,139.5,140.5,139.5,140.5,1.0,66.0
2021-01-28,1558,71230.0,9925920.0,139.5,140.0,139.0,139.5,-1.0,82.0
2021-01-29,1558,65867.0,9208316.0,139.5,140.5,139.5,140.5,1.0,90.0
2021-02-01,1558,43830.0,6112370.0,140.0,140.0,139.0,139.0,-1.5,92.0
2021-02-02,1558,65576.0,9141832.0,139.0,140.0,139.0,139.0,0.0,91.0
2021-02-03,1558,33841.0,4731970.0,139.0,140.0,139.0,140.0,1.0,55.0
2021-02-04,1558,38925.0,5450694.0,140.0,140.5,140.0,140.0,0.0,66.0
2021-02-05,1558,86670.0,12191831.0,140.5,141.0,140.0,140.5,0.5,84.0
2021-02-17,1558,656209.0,95135101.0,144.5,146.5,144.0,145.5,5.0,538.0
2021-02-18,1558,286232.0,41902082.0,145.5,147.5,145.0,147.5,2.0,272.0
2021-02-19,1558,763864.0,115938886.0,148.5,154.5,148.5,153.0,5.5,823.0
2021-02-22,1558,326768.0,49613049.0,153.0,154.5,150.5,150.5,-2.5,382.0
2021-02-23,1558,342325.0,51706191.0,149.5,153.0,149.0,152.0,1.5,383.0
2021-02-24,1558,159364.0,24121410.0,152.0,152.0,150.5,151.5,-0.5,161.0
2021-02-25,1558,157841.0,23886058.0,152.0,152.0,151.0,151.0,-0.5,168.0
2021-02-26,1558,226488.0,33804692.0,149.5,150.5,148.0,150.0,-1.0,242.0
2021-03-02,1558,153774.0,23321810.0,152.5,152.5,150.5,150.5,0.5,195.0
2021-03-03,1558,262596.0,39980411.0,151.0,153.5,151.0,152.0,1.5,246.0
2021-03-04,1558,500325.0,76986612.0,153.5,155.0,153.0,154.0,2.0,477.0
2021-03-05,1558,258654.0,39974398.0,154.0,155.0,153.0,155.0,1.0,282.0
2021-03-08,1558,813550.0,128891241.0,156.5,160.0,156.5,158.0,3.0,714.0
2021-03-09,1558,548199.0,87587318.0,160.0,161.0,158.0,159.0,1.0,512.0
2021-03-10,1558,353026.0,56647138.0,161.0,161.5,159.0,161.5,2.5,332.0
2021-03-11,1558,325237.0,52662542.0,161.5,163.0,161.0,161.0,-0.5,407.0
2021-03-12,1558,280322.0,45249731.0,161.0,162.5,160.0,162.5,1.5,261.0
2021-03-15,1558,244773.0,40230891.0,163.0,165.0,162.5,165.0,2.5,313.0
2021-03-16,1558,295500.0,48115801.0,165.0,165.0,161.5,162.5,-2.5,312.0
2021-03-17,1558,230041.0,37515303.0,162.5,164.0,161.5,164.0,1.5,220.0
2021-03-18,1558,188659.0,30815785.0,164.5,164.5,162.5,163.5,-0.5,188.0
2021-03-19,1558,182062.0,29604566.0,163.5,163.5,162.0,162.0,-1.5,182.0
2021-03-22,1558,142899.0,23211933.0,162.0,163.0,161.5,162.5,0.5,517.0
2021-03-23,1558,207153.0,33477494.0,162.5,163.0,160.5,162.0,-0.5,420.0
2021-03-24,1558,161776.0,26306260.0,162.0,163.5,161.0,162.5,0.5,309.0
2021-03-25,1558,252974.0,41339175.0,162.5,165.0,162.0,165.0,2.5,286.0
2021-03-26,1558,295495.0,49167835.0,165.0,167.0,165.0,166.0,1.0,384.0
2021-03-29,1558,400658.0,67717234.0,167.5,170.0,167.5,169.0,3.0,541.0
2021-03-30,1558,182989.0,30877646.0,169.0,170.0,168.0,168.0,-1.0,350.0
2021-03-31,1558,488680.0,80831774.0,169.0,169.0,163.5,163.5,-4.5,577.0
2021-04-01,1558,243231.0,40016284.0,162.5,167.0,162.5,166.0,2.5,377.0
2021-04-06,1558,229040.0,38445470.0,167.5,169.0,166.5,168.0,2.0,440.0
2021-04-07,1558,143077.0,24094258.0,169.5,169.5,167.5,169.0,1.0,463.0
2021-04-08,1558,91224.0,15402077.0,169.0,169.5,168.0,169.0,0.0,330.0
2021-04-09,1558,1350558.0,240113362.0,175.5,181.5,175.0,177.0,8.0,1166.0
2021-04-12,1558,955322.0,172408823.0,179.0,186.5,175.0,179.0,2.0,942.0
2021-04-13,1558,378818.0,67035658.0,179.0,179.5,174.5,176.5,-2.5,420.0
2021-04-14,1558,447408.0,77385539.0,176.0,177.0,170.0,175.0,-1.5,558.0
2021-04-15,1558,301151.0,52714195.0,175.0,177.0,173.0,174.5,-0.5,297.0
2021-04-16,1558,195603.0,34189673.0,175.0,176.0,173.5,175.0,0.5,204.0
2021-04-19,1558,160997.0,28039557.0,176.0,176.0,173.0,174.0,-1.0,199.0
2021-04-20,1558,152713.0,26554856.0,174.0,174.5,173.5,173.5,-0.5,194.0
2021-04-21,1558,368574.0,65214145.0,174.5,180.0,173.5,179.0,5.5,360.0
2021-04-22,1558,586982.0,103621354.0,180.0,180.0,171.5,173.0,-6.0,397.0
2021-04-23,1558,276021.0,48018028.0,173.0,176.0,172.5,175.0,2.0,245.0
2021-04-26,1558,140823.0,24730480.0,175.5,176.5,174.5,176.0,1.0,192.0
2021-04-27,1558,98233.0,17242338.0,178.0,178.0,175.0,176.0,0.0,120.0
2021-04-28,1558,127891.0,22400783.0,176.5,176.5,174.0,175.5,-0.5,133.0
2021-04-29,1558,506010.0,90174349.0,176.0,179.5,175.0,178.5,3.0,411.0
2021-05-03,1558,1013645.0,184412216.0,179.0,185.5,178.0,180.5,2.0,826.0
2021-05-04,1558,1440283.0,253254687.0,181.0,184.0,170.0,175.0,-5.5,1462.0
2021-05-05,1558,326937.0,56893811.0,173.0,176.0,172.5,173.5,-1.5,519.0
2021-05-06,1558,216588.0,37510565.0,174.0,175.0,171.5,172.5,-1.0,264.0
2021-05-07,1558,272474.0,47178132.0,174.0,175.0,172.5,175.0,2.5,224.0
2021-05-10,1558,484869.0,83109197.0,172.5,173.0,170.0,172.5,-2.5,442.0
2021-05-11,1558,515176.0,86998077.0,171.0,171.0,167.0,168.0,-4.5,448.0
2021-05-12,1558,750804.0,120595052.0,167.0,167.0,156.0,163.0,-5.0,757.0
2021-05-13,1558,441354.0,71410443.0,161.0,165.5,156.5,164.0,1.0,400.0
2021-05-14,1558,227861.0,37548887.0,164.0,167.5,163.0,163.0,-1.0,238.0
2021-05-17,1558,356242.0,56314324.0,154.0,161.0,154.0,157.0,-6.0,361.0
2021-05-18,1558,286876.0,46263322.0,157.0,164.5,157.0,163.0,6.0,270.0
2021-05-19,1558,213177.0,34298566.0,162.0,162.5,160.0,161.0,-2.0,190.0
2021-05-20,1558,86270.0,13912211.0,161.0,163.5,161.0,162.0,1.0,114.0
2021-05-21,1558,127499.0,20815618.0,161.5,164.5,161.5,164.0,2.0,125.0
2021-05-24,1558,103543.0,17083050.0,164.0,165.5,164.0,165.0,1.0,126.0
2021-05-25,1558,116799.0,19297697.0,166.0,166.5,164.0,164.5,-0.5,145.0
2021-05-26,1558,85811.0,14107641.0,164.5,165.5,163.5,164.5,0.0,77.0
2021-05-27,1558,46748.0,7689912.0,164.5,165.0,163.5,164.5,0.0,68.0
2021-05-28,1558,50088.0,8279277.0,165.5,166.0,165.0,165.0,0.5,74.0
2021-05-31,1558,137346.0,22093493.0,165.0,166.0,164.0,164.5,-0.5,121.0
2021-06-01,1558,51789.0,8581622.0,165.0,166.5,165.0,166.0,1.5,65.0
2021-06-02,1558,55448.0,9194332.0,166.5,166.5,165.0,165.5,-0.5,75.0
2021-06-03,1558,52527.0,8719396.0,165.0,167.0,165.0,167.0,1.5,101.0
2021-06-04,1558,53186.0,8843946.0,166.5,167.0,165.5,166.5,-0.5,58.0
2021-06-07,1558,107328.0,17697871.0,166.5,166.5,163.5,166.0,-0.5,131.0
2021-06-08,1558,59802.0,9870854.0,165.0,166.0,164.5,165.0,-1.0,101.0
2021-06-09,1558,383175.0,62297233.0,164.0,164.5,161.5,162.5,-2.5,380.0
2021-06-10,1558,101668.0,16542210.0,162.0,163.5,162.0,163.0,0.5,116.0
2021-06-11,1558,61173.0,10036196.0,164.0,165.0,163.0,163.5,0.5,98.0
2021-06-15,1558,68633.0,11293990.0,165.0,165.5,164.0,164.0,0.5,90.0
2021-06-16,1558,186338.0,31052999.0,164.5,168.0,164.5,167.0,3.0,226.0
2021-06-17,1558,199242.0,33548269.0,169.0,169.0,167.5,168.5,1.5,201.0
2021-06-18,1558,110242.0,18598423.0,169.0,169.5,168.0,168.5,0.0,137.0
2021-06-21,1558,101442.0,16932990.0,169.5,169.5,166.0,167.5,-1.0,112.0
2021-06-22,1558,47183.0,7889550.0,168.0,168.0,166.5,167.0,-0.5,65.0
2021-06-23,1558,55891.0,9341159.0,167.0,168.0,166.5,167.5,0.5,69.0
2021-06-24,1558,60777.0,10203423.0,167.5,168.5,167.5,168.0,0.5,80.0
2021-06-25,1558,94344.0,15890233.0,168.0,169.5,167.5,168.0,0.0,93.0
2021-06-28,1558,76015.0,12794282.0,168.0,169.0,168.0,168.5,0.5,97.0
2021-06-29,1558,144716.0,24204523.0,169.0,169.0,166.0,167.0,-1.5,156.0
2021-06-30,1558,95822.0,15998225.0,168.0,168.0,166.5,166.5,-0.5,117.0
2021-07-01,1558,61863.0,10315255.0,166.5,167.5,166.5,166.5,0.0,78.0
2021-07-02,1558,53078.0,8853684.0,166.5,168.0,166.5,166.5,0.0,60.0
2021-07-05,1558,89109.0,14891022.0,166.5,168.0,166.5,168.0,1.5,114.0
2021-07-06,1558,94676.0,15931224.0,168.0,168.5,167.5,168.5,0.5,104.0
2021-07-07,1558,85641.0,14386836.0,168.5,169.0,167.0,167.5,-1.0,91.0
2021-07-08,1558,73721.0,12336232.0,167.0,168.0,167.0,167.0,-0.5,89.0
2021-07-09,1558,147597.0,24423945.0,167.0,167.0,163.0,165.5,-1.5,133.0
2021-07-12,1558,153206.0,25455838.0,168.0,168.0,165.5,166.0,0.5,158.0
2021-07-13,1558,94738.0,15775141.0,165.5,167.5,165.5,166.0,0.0,107.0
2021-07-14,1558,96295.0,15961829.0,167.5,167.5,165.0,166.0,0.0,102.0
2021-07-15,1558,68126.0,11310755.0,166.0,166.5,165.5,166.0,0.0,88.0
2021-07-16,1558,87682.0,14587294.0,166.0,167.0,165.5,166.5,0.5,86.0
2021-07-19,1558,353551.0,58008058.0,165.5,165.5,163.5,164.0,-2.5,275.0
2021-07-20,1558,113132.0,18550704.0,163.5,165.0,163.0,164.0,0.0,133.0
2021-07-21,1558,57999.0,9560052.0,165.0,166.0,164.0,164.0,0.0,84.0
2021-07-22,1558,62399.0,10278272.0,164.0,165.0,164.0,164.0,0.0,86.0
2021-07-23,1558,59245.0,9822606.0,164.5,166.5,164.5,166.5,2.5,80.0
2021-07-26,1558,106368.0,17574625.0,166.5,166.5,164.0,165.0,-1.5,138.0
2021-07-27,1558,109485.0,17970713.0,165.0,165.0,163.5,163.5,-1.5,149.0
2021-07-28,1558,144893.0,23610144.0,164.0,164.0,162.5,163.0,-0.5,142.0
2021-07-29,1558,131508.0,21459520.0,163.0,164.0,162.5,163.5,0.5,131.0
2021-07-30,1558,163505.0,26574091.0,163.5,163.5,162.0,163.0,-0.5,181.0
2021-08-02,1558,58649.0,9556948.0,163.0,163.5,162.0,162.5,-0.5,78.0
2021-08-03,1558,78272.0,12742006.0,162.5,163.5,162.5,163.5,1.0,99.0
2021-08-04,1558,66135.0,10838419.0,163.5,164.5,163.0,164.5,1.0,92.0
2021-08-05,1558,74786.0,12259397.0,164.5,164.5,163.5,163.5,-1.0,97.0
2021-08-06,1558,282229.0,45925249.0,164.0,164.0,162.0,162.5,-1.0,283.0
2021-08-09,1558,248870.0,40808223.0,163.5,164.5,163.5,163.5,1.0,253.0
2021-08-10,1558,223689.0,36538268.0,164.0,164.5,162.5,162.5,-1.0,245.0
2021-08-11,1558,204600.0,33232392.0,162.5,163.5,162.0,162.0,-0.5,215.0
2021-08-12,1558,90808.0,14805798.0,164.0,164.0,162.5,162.5,0.5,116.0
2021-08-13,1558,119677.0,19505766.0,162.5,163.5,162.0,162.5,0.0,166.0
2021-08-16,1558,242327.0,39617925.0,163.0,164.5,162.5,163.0,0.5,270.0
2021-08-17,1558,299461.0,48758472.0,163.0,164.0,162.0,162.0,-1.0,254.0
2021-08-18,1558,395107.0,63328793.0,161.5,161.5,159.0,161.0,-1.0,416.0
2021-08-19,1558,512337.0,81798750.0,161.0,161.0,159.0,159.0,-2.0,485.0
2021-08-20,1558,602166.0,89765582.0,150.5,150.5,147.0,148.0,0.0,599.0
2021-08-23,1558,351321.0,51619678.0,148.0,149.0,145.5,146.5,-1.5,428.0
2021-08-24,1558,131536.0,19303316.0,147.0,147.5,146.5,146.5,0.0,182.0
2021-08-25,1558,83324.0,12330228.0,146.5,149.5,146.5,148.5,2.0,130.0
2021-08-26,1558,101753.0,15185629.0,149.0,150.0,148.0,149.5,1.0,135.0
2021-08-27,1558,156740.0,23821458.0,150.0,153.5,150.0,152.5,3.0,191.0
2021-08-30,1558,90928.0,14010614.0,154.0,155.0,153.0,154.0,1.5,131.0
2021-08-31,1558,141032.0,21570267.0,154.0,154.0,151.5,152.0,-2.0,176.0
2021-09-01,1558,124124.0,18741927.0,152.0,152.0,150.0,150.5,-1.5,185.0
2021-09-02,1558,148215.0,22333001.0,150.5,152.0,150.0,150.0,-0.5,168.0
2021-09-03,1558,83209.0,12469143.0,150.5,150.5,149.5,149.5,-0.5,131.0
2021-09-06,1558,86263.0,12910455.0,149.5,150.5,149.0,149.0,-0.5,106.0
2021-09-07,1558,82577.0,12285584.0,149.0,149.5,148.5,148.5,-0.5,128.0
2021-09-08,1558,131468.0,19368482.0,148.5,148.5,146.5,146.5,-2.0,184.0
2021-09-09,1558,97544.0,14295019.0,146.0,147.0,146.0,146.5,0.0,132.0
2021-09-10,1558,113462.0,16647237.0,146.5,147.5,146.5,146.5,0.0,130.0
2021-09-13,1558,87166.0,12821675.0,146.5,148.0,146.5,147.0,0.5,112.0
2021-09-14,1558,85595.0,12673237.0,147.5,149.5,147.0,148.5,1.5,108.0
2021-09-15,1558,94788.0,13998060.0,148.0,148.5,147.0,148.5,0.0,125.0
2021-09-16,1558,75515.0,11141800.0,148.0,148.0,147.0,147.5,-1.0,103.0
2021-09-17,1558,119625.0,17596149.0,147.5,147.5,146.5,147.0,-0.5,170.0
2021-09-22,1558,118414.0,17266002.0,145.0,146.5,145.0,146.0,-1.0,203.0
2021-09-23,1558,32137.0,4722192.0,147.0,148.0,146.5,147.0,1.0,73.0
2021-09-24,1558,49626.0,7315449.0,147.0,148.0,147.0,147.0,0.0,81.0
2021-09-27,1558,80729.0,11890175.0,147.5,148.0,146.5,147.0,0.0,109.0
2021-09-28,1558,59260.0,8704707.0,147.0,147.5,146.5,146.5,-0.5,98.0
2021-09-29,1558,80565.0,11786624.0,146.5,147.0,146.0,146.0,-0.5,127.0
2021-09-30,1558,82219.0,12056001.0,146.5,147.5,146.0,146.5,0.5,129.0
2021-10-01,1558,142735.0,20760776.0,146.0,146.0,145.0,145.0,-1.5,214.0
2021-10-04,1558,180251.0,25949744.0,145.5,145.5,143.0,143.5,-1.5,254.0
2021-10-05,1558,102838.0,14691690.0,143.0,143.5,142.0,143.0,-0.5,164.0
2021-10-06,1558,64855.0,9291591.0,143.0,143.5,143.0,143.0,0.0,98.0
2021-10-07,1558,142916.0,20645758.0,143.0,145.5,143.0,145.5,2.5,175.0
2021-10-08,1558,139391.0,20191597.0,145.5,145.5,144.0,144.5,-1.0,167.0
2021-10-12,1558,92574.0,13311808.0,145.0,145.0,143.0,143.5,-1.0,166.0
2021-10-13,1558,117732.0,16819682.0,144.0,144.0,142.0,143.0,-0.5,168.0
2021-10-14,1558,56700.0,8144938.0,144.0,144.0,143.0,144.0,1.0,76.0
2021-10-15,1558,51268.0,7462570.0,144.0,146.5,144.0,146.5,2.5,108.0
2021-10-18,1558,73160.0,10760465.0,146.5,148.0,146.5,146.5,0.0,229.0
2021-10-19,1558,63487.0,9298636.0,146.5,148.0,146.0,147.0,0.5,78.0
2021-10-20,1558,64861.0,9537469.0,148.0,148.0,146.5,147.0,0.0,86.0
2021-10-21,1558,581567.0,90661991.0,147.5,161.0,147.5,161.0,14.0,653.0
2021-10-22,1558,216352.0,33498086.0,156.0,158.0,153.0,153.5,-7.5,298.0
2021-10-25,1558,66439.0,10067864.0,152.0,152.0,151.0,152.0,-1.5,242.0
2021-10-26,1558,50004.0,7623701.0,152.0,153.0,152.0,153.0,1.0,71.0
2021-10-27,1558,39752.0,6043269.0,153.0,153.0,151.0,152.0,-1.0,81.0
2021-10-28,1558,41494.0,6339820.0,152.0,153.5,152.0,153.0,1.0,55.0
2021-10-29,1558,39420.0,6000182.0,153.0,153.0,152.0,152.5,-0.5,67.0
2021-11-01,1558,36769.0,5596261.0,152.0,152.5,151.5,152.5,0.0,68.0
2021-11-02,1558,39804.0,6042117.0,151.5,152.0,151.0,151.5,-1.0,58.0
2021-11-03,1558,43711.0,6598690.0,150.5,151.5,150.5,151.0,-0.5,79.0
2021-11-04,1558,46310.0,7006448.0,151.0,151.5,150.5,151.5,0.5,59.0
2021-11-05,1558,99717.0,14947034.0,152.5,152.5,148.5,150.5,-1.0,116.0
2021-11-08,1558,103212.0,15402132.0,150.0,150.5,148.0,150.0,-0.5,131.0
2021-11-09,1558,108538.0,16270986.0,149.0,150.5,149.0,150.0,0.0,129.0
2021-11-10,1558,57299.0,8589889.0,149.5,150.5,149.5,150.0,0.0,91.0
2021-11-11,1558,26110.0,3908676.0,149.5,150.0,149.5,149.5,-0.5,43.0
2021-11-12,1558,57748.0,8620078.0,148.5,149.5,148.5,149.5,0.0,82.0
2021-11-15,1558,152964.0,22649865.0,149.5,149.5,147.5,147.5,-2.0,195.0
2021-11-16,1558,89653.0,13155010.0,146.0,147.5,146.0,146.5,-1.0,133.0
2021-11-17,1558,228437.0,33276598.0,146.0,147.5,145.0,147.0,0.5,290.0
2021-11-18,1558,247075.0,35932430.0,146.0,146.5,145.0,145.0,-2.0,311.0
2021-11-19,1558,63640.0,9255377.0,145.0,146.0,145.0,145.5,0.5,134.0
2021-11-22,1558,81931.0,11885582.0,145.0,145.5,144.5,145.0,-0.5,113.0
2021-11-23,1558,86791.0,12542508.0,144.5,145.0,144.0,144.5,-0.5,129.0
2021-11-24,1558,157312.0,22985977.0,144.0,147.5,144.0,147.0,2.5,150.0
2021-11-25,1558,57649.0,8398182.0,146.0,146.0,145.0,145.5,-1.5,91.0
2021-11-26,1558,92579.0,13411829.0,145.5,145.5,144.5,144.5,-1.0,141.0
2021-11-29,1558,166898.0,23916225.0,143.5,144.0,143.0,143.5,-1.0,220.0
2021-11-30,1558,107737.0,15616931.0,145.0,149.0,143.5,144.5,1.0,125.0
2021-12-01,1558,50149.0,7224150.0,144.5,144.5,143.5,143.5,-1.0,96.0
2021-12-02,1558,72024.0,10325116.0,143.0,144.0,143.0,143.0,-0.5,120.0
2021-12-03,1558,50810.0,7307334.0,143.5,145.0,143.0,144.0,1.0,85.0
2021-12-06,1558,47105.0,6856975.0,145.0,146.0,145.0,146.0,2.0,60.0
2021-12-07,1558,33207.0,4833592.0,146.0,146.0,145.0,145.5,-0.5,181.0
2021-12-08,1558,35979.0,5239596.0,146.5,146.5,145.0,145.0,-0.5,64.0
2021-12-09,1558,39558.0,5780858.0,146.5,147.0,145.5,146.0,1.0,57.0
2021-12-10,1558,15023.0,2187751.0,146.0,146.0,145.0,146.0,0.0,41.0
2021-12-13,1558,57590.0,8318090.0,145.5,145.5,144.0,144.5,-1.5,166.0
2021-12-14,1558,75155.0,10784786.0,144.0,144.0,143.0,143.0,-1.5,107.0
2021-12-15,1558,18758.0,2698479.0,143.0,144.5,143.0,144.0,1.0,44.0
2021-12-16,1558,65536.0,9450739.0,143.5,145.0,143.5,144.0,0.0,84.0
2021-12-17,1558,30211.0,4350589.0,143.5,145.0,143.5,144.0,0.0,50.0
2021-12-20,1558,26400.0,3798303.0,144.0,144.5,143.5,144.0,0.0,34.0
2021-12-21,1558,107344.0,15384428.0,144.0,144.0,143.0,143.5,-0.5,109.0
2021-12-22,1558,66000.0,9465935.0,144.5,144.5,143.0,143.5,0.0,108.0
2021-12-23,1558,39751.0,5699245.0,143.5,143.5,143.0,143.5,0.0,55.0
2021-12-24,1558,46007.0,6625859.0,144.0,144.5,144.0,144.5,1.0,57.0
2021-12-27,1558,56765.0,8178502.0,144.5,144.5,143.5,144.0,-0.5,90.0
2021-12-28,1558,85542.0,12289553.0,144.0,144.5,143.0,143.5,-0.5,128.0
2021-12-29,1558,39637.0,5713664.0,143.5,145.0,143.5,145.0,1.5,80.0
2021-12-30,1558,59001.0,8591644.0,145.0,146.0,145.0,146.0,1.0,106.0
2022-01-03,1558,52221.0,7628223.0,146.5,146.5,145.5,146.0,0.0,330.0
2022-01-04,1558,29604.0,4328172.0,146.0,146.5,146.0,146.5,0.5,46.0
2022-01-05,1558,36272.0,5278989.0,146.0,146.0,145.0,146.0,-0.5,69.0
2022-01-06,1558,48483.0,7051167.0,146.0,146.0,145.0,146.0,0.0,313.0
2022-01-07,1558,49048.0,7112681.0,145.5,145.5,144.5,145.0,-1.0,269.0
2022-01-10,1558,27741.0,4005657.0,144.0,145.0,144.0,144.0,-1.0,63.0
2022-01-11,1558,74731.0,10740669.0,144.5,144.5,143.5,143.5,-0.5,107.0
2022-01-12,1558,33911.0,4870515.0,143.5,144.0,143.5,144.0,0.5,52.0
2022-01-13,1558,35339.0,5087741.0,144.0,144.5,143.5,144.5,0.5,74.0
2022-01-14,1558,41717.0,6013780.0,144.5,145.0,143.5,144.5,0.0,56.0
2022-01-17,1558,39973.0,5749536.0,144.5,144.5,143.5,143.5,-1.0,70.0
2022-01-18,1558,56888.0,8185892.0,144.0,144.5,143.5,143.5,0.0,64.0
2022-01-19,1558,52952.0,7629077.0,144.5,144.5,143.5,144.5,1.0,63.0
2022-01-20,1558,61204.0,8824431.0,143.5,145.0,143.5,144.5,0.0,86.0
2022-01-21,1558,44961.0,6468415.0,144.5,144.5,143.5,143.5,-1.0,79.0
2022-01-24,1558,68442.0,9835897.0,144.0,144.5,143.0,143.5,0.0,90.0
2022-01-25,1558,66883.0,9606196.0,143.0,144.5,143.0,144.5,1.0,103.0
2022-01-26,1558,38604.0,5575025.0,144.0,145.0,144.0,144.0,-0.5,74.0
2022-02-07,1558,77682.0,11300132.0,144.0,146.5,144.0,146.0,2.0,112.0
2022-02-08,1558,65456.0,9629763.0,146.5,148.0,146.0,147.0,1.0,96.0
2022-02-09,1558,96241.0,14329143.0,147.5,149.5,147.5,149.0,2.0,175.0
2022-02-10,1558,160302.0,23354642.0,148.0,148.0,145.0,145.5,-3.5,228.0
2022-02-11,1558,63509.0,9274925.0,145.5,146.5,145.5,146.0,0.5,107.0
2022-02-14,1558,66713.0,9683825.0,145.0,146.0,144.5,145.5,-0.5,105.0
2022-02-15,1558,37855.0,5505767.0,145.0,146.0,144.5,144.5,-1.0,62.0
2022-02-16,1558,37419.0,5442465.0,144.5,146.0,144.5,145.0,0.5,78.0
2022-02-17,1558,66704.0,9712631.0,145.5,146.0,145.0,145.0,0.0,90.0
2022-02-18,1558,42577.0,6165121.0,145.0,145.5,144.0,145.0,0.0,70.0
2022-02-21,1558,54821.0,7994036.0,146.0,146.0,145.0,146.0,1.0,94.0
2022-02-22,1558,58296.0,8457373.0,145.5,146.0,144.5,145.0,-1.0,101.0
2022-02-23,1558,31974.0,4656348.0,146.0,146.0,145.0,146.0,1.0,77.0
2022-02-24,1558,121057.0,17452065.0,144.0,145.0,143.5,144.0,-2.0,156.0
2022-02-25,1558,75271.0,10844364.0,144.0,144.5,143.5,143.5,-0.5,103.0
2022-03-01,1558,72503.0,10457808.0,144.0,145.0,143.5,144.0,0.5,111.0
2022-03-02,1558,59912.0,8638114.0,145.5,145.5,143.5,143.5,-0.5,77.0
2022-03-03,1558,51913.0,7466345.0,144.5,144.5,143.5,143.5,0.0,72.0
2022-03-04,1558,69642.0,10000579.0,143.5,144.0,143.5,143.5,0.0,122.0
2022-03-07,1558,186340.0,26407569.0,143.0,143.0,141.0,141.5,-2.0,275.0
2022-03-08,1558,179499.0,25199682.0,141.5,141.5,139.5,140.5,-1.0,257.0
2022-03-09,1558,30732.0,4333372.0,140.5,141.5,140.5,141.5,1.0,82.0
2022-03-10,1558,127997.0,18192465.0,142.0,143.0,141.0,142.5,1.0,131.0
2022-03-11,1558,47578.0,6751455.0,142.0,142.0,141.0,142.0,-0.5,89.0
2022-03-14,1558,37324.0,5315418.0,141.5,143.0,141.5,143.0,1.0,86.0
2022-03-15,1558,42731.0,6064315.0,143.0,143.0,141.5,141.5,-1.5,57.0
2022-03-16,1558,69924.0,9927810.0,143.0,143.0,141.5,141.5,0.0,91.0
2022-03-17,1558,26937.0,3841288.0,143.0,143.0,142.0,143.0,1.5,49.0
2022-03-18,1558,40936.0,5862338.0,143.0,143.5,142.5,143.5,0.5,71.0
2022-03-21,1558,52458.0,7522880.0,143.5,144.5,143.0,143.0,-0.5,67.0
2022-03-22,1558,366961.0,51566718.0,142.5,143.5,140.0,141.5,-1.5,314.0
2022-03-23,1558,41213.0,5854817.0,141.5,142.5,141.5,142.0,0.5,106.0
2022-03-24,1558,47550.0,6729709.0,142.0,142.0,141.0,141.5,-0.5,79.0
2022-03-25,1558,70828.0,10018865.0,142.0,142.0,141.0,141.5,0.0,102.0
2022-03-28,1558,54808.0,7719041.0,141.0,141.5,140.0,141.0,-0.5,104.0
2022-03-29,1558,90473.0,12770465.0,141.0,142.0,140.5,140.5,-0.5,143.0
2022-03-30,1558,43668.0,6176647.0,141.0,142.0,141.0,141.5,1.0,72.0
2022-03-31,1558,376825.0,52738029.0,141.5,141.5,139.5,139.5,-2.0,361.0
2022-04-01,1558,72272.0,10110669.0,139.5,140.0,139.5,139.5,0.0,150.0
2022-04-06,1558,53836.0,7527698.0,139.5,140.5,139.0,139.5,0.0,103.0
2022-04-07,1558,106077.0,14798237.0,139.5,140.0,139.0,139.0,-0.5,149.0
2022-04-08,1558,79769.0,11114833.0,139.0,140.0,139.0,139.0,0.0,139.0
2022-04-11,1558,65109.0,9049861.0,139.0,139.5,138.5,139.0,0.0,125.0
2022-04-12,1558,81054.0,11219090.0,139.0,139.0,138.0,138.5,-0.5,140.0
2022-04-13,1558,53774.0,7496916.0,139.0,140.0,138.5,140.0,1.5,92.0
2022-04-14,1558,49700.0,6918611.0,139.5,139.5,139.0,139.0,-1.0,61.0
2022-04-15,1558,48902.0,6789966.0,139.5,139.5,138.5,138.5,-0.5,61.0
2022-04-18,1558,55235.0,7704626.0,138.5,140.0,138.5,140.0,1.5,94.0
2022-04-19,1558,70107.0,9734992.0,140.0,140.0,138.0,140.0,0.0,84.0
2022-04-20,1558,63726.0,8922463.0,139.5,140.5,139.5,140.0,0.0,89.0
2022-04-21,1558,57652.0,8080179.0,140.0,141.0,139.5,140.0,0.0,73.0
2022-04-22,1558,50510.0,7090980.0,140.0,141.0,140.0,140.0,0.0,72.0
2022-04-25,1558,52278.0,7266587.0,140.0,140.0,138.5,138.5,-1.5,100.0
2022-04-26,1558,55710.0,7754540.0,138.5,140.0,138.5,139.0,0.5,65.0
2022-04-27,1558,82152.0,11310974.0,138.5,138.5,137.5,137.5,-1.5,131.0
2022-04-28,1558,26632.0,3669136.0,138.0,138.0,137.5,138.0,0.5,43.0
2022-04-29,1558,12696.0,1758830.0,138.0,139.0,138.0,138.5,0.5,40.0
2022-05-03,1558,47426.0,6519441.0,138.5,138.5,137.0,138.0,-0.5,89.0
2022-05-04,1558,48262.0,6628630.0,137.0,138.0,136.5,137.5,-0.5,89.0
2022-05-05,1558,19755.0,2730993.0,138.0,139.0,138.0,138.5,1.0,41.0
2022-05-06,1558,44032.0,6055712.0,138.5,138.5,137.0,138.0,-0.5,75.0
2022-05-09,1558,90815.0,12366211.0,137.0,137.0,135.5,136.5,-1.5,144.0
2022-05-10,1558,121642.0,16356620.0,135.0,136.0,133.0,136.0,-0.5,217.0
2022-05-11,1558,33925.0,4547429.0,134.5,135.0,133.5,135.0,-1.0,81.0
2022-05-12,1558,48952.0,6524651.0,134.0,134.0,133.0,133.0,-2.0,98.0
2022-05-13,1558,84043.0,11263684.0,133.0,136.5,132.0,136.5,3.5,111.0
2022-05-16,1558,128594.0,17804120.0,137.0,142.5,135.5,138.5,2.0,140.0
2022-05-17,1558,46507.0,6502222.0,139.5,140.5,138.0,140.5,2.0,72.0
2022-05-18,1558,44859.0,6241056.0,137.5,141.0,137.5,140.0,-0.5,75.0
2022-05-19,1558,54596.0,7511794.0,137.5,138.0,137.0,137.5,-2.5,71.0
2022-05-20,1558,11599.0,1600712.0,138.0,138.0,138.0,138.0,0.5,29.0
2022-05-23,1558,23750.0,3282591.0,140.0,140.0,137.0,138.0,0.0,43.0
2022-05-24,1558,23716.0,3266195.0,138.0,138.5,137.0,138.0,0.0,32.0
2022-05-25,1558,19996.0,2746255.0,137.5,138.0,136.5,137.5,-0.5,41.0
2022-05-26,1558,14479.0,1994976.0,138.0,138.0,137.5,138.0,0.5,25.0
2022-05-27,1558,15030.0,2064014.0,138.0,138.0,137.0,137.0,-1.0,31.0
2022-05-30,1558,27206.0,3763364.0,138.5,139.0,138.0,138.5,1.5,47.0
2022-05-31,1558,7266.0,1007435.0,139.0,139.0,138.0,138.5,0.0,16.0
2022-06-01,1558,24406.0,3384438.0,138.5,139.0,138.5,139.0,0.5,36.0
2022-06-02,1558,17745.0,2465172.0,139.0,139.0,138.5,139.0,0.0,32.0
2022-06-06,1558,41950.0,5832870.0,139.0,139.5,138.5,139.5,0.5,51.0
2022-06-07,1558,30987.0,4313386.0,139.5,139.5,139.0,139.5,0.0,61.0
2022-06-08,1558,21698.0,3023996.0,139.5,139.5,139.0,139.5,0.0,39.0
2022-06-09,1558,15835.0,2211769.0,140.0,140.0,139.5,140.0,0.5,42.0
2022-06-10,1558,7517.0,1043605.0,138.5,139.0,138.5,139.0,-1.0,32.0
2022-06-13,1558,28382.0,3912928.0,138.0,138.5,137.5,138.0,-1.0,44.0
2022-06-14,1558,40573.0,5552793.0,137.5,137.5,136.5,137.0,-1.0,69.0
2022-06-15,1558,32825.0,4533163.0,137.5,138.5,137.5,138.5,1.5,49.0
2022-06-16,1558,40061.0,5555694.0,138.5,139.5,138.0,138.0,-0.5,59.0
2022-06-17,1558,43826.0,6005421.0,137.5,138.0,136.5,136.5,-1.5,55.0
2022-06-20,1558,54693.0,7419443.0,136.5,136.5,135.0,135.5,-1.0,91.0
2022-06-21,1558,47507.0,6494139.0,135.5,137.0,135.5,137.0,1.5,52.0
2022-06-22,1558,48826.0,6622936.0,136.0,136.5,135.0,136.0,-1.0,62.0
2022-06-23,1558,43192.0,5879776.0,136.5,138.0,135.5,136.5,0.5,63.0
2022-06-24,1558,64658.0,8833750.0,136.5,138.0,135.5,138.0,1.5,79.0
2022-06-27,1558,52710.0,7321031.0,138.0,139.5,138.0,139.5,1.5,52.0
2022-06-28,1558,21742.0,3025627.0,139.0,139.5,139.0,139.0,-0.5,45.0
2022-06-29,1558,68924.0,9582670.0,139.0,139.5,138.5,139.5,0.5,104.0
2022-06-30,1558,59719.0,8265797.0,139.5,139.5,137.5,139.0,-0.5,96.0
2022-07-01,1558,80074.0,11075028.0,137.5,139.5,137.5,138.0,-1.0,87.0
2022-07-04,1558,29831.0,4115507.0,138.0,138.5,137.5,138.0,0.0,46.0
2022-07-05,1558,37471.0,5183803.0,139.0,139.5,137.5,138.5,0.5,62.0
2022-07-06,1558,33409.0,4562909.0,137.5,137.5,135.0,137.5,-1.0,73.0
2022-07-07,1558,39814.0,5418496.0,137.5,137.5,135.5,136.5,-1.0,84.0
2022-07-08,1558,37018.0,5064346.0,137.0,137.5,136.0,137.5,1.0,56.0
2022-07-11,1558,24422.0,3352738.0,137.5,138.0,136.5,137.5,0.0,38.0
2022-07-12,1558,55382.0,7528360.0,136.5,136.5,135.5,136.5,-1.0,83.0
2022-07-13,1558,24109.0,3315069.0,137.5,138.0,137.0,138.0,1.5,39.0
2022-07-14,1558,14225.0,1947692.0,136.0,137.5,136.0,137.5,-0.5,22.0
2022-07-15,1558,12262.0,1691157.0,138.0,138.0,137.5,138.0,0.5,23.0
2022-07-18,1558,55701.0,7681878.0,138.0,139.0,136.5,137.0,-1.0,73.0
2022-07-19,1558,27765.0,3819771.0,137.5,138.0,137.0,137.5,0.5,41.0
2022-07-20,1558,47561.0,6583992.0,138.0,138.5,138.0,138.0,0.5,50.0
2022-07-21,1558,32032.0,4434859.0,138.0,138.5,138.0,138.0,0.0,45.0
2022-07-22,1558,35001.0,4843539.0,138.0,139.0,138.0,138.5,0.5,64.0
2022-07-25,1558,55084.0,7637860.0,138.5,139.0,138.5,139.0,0.5,64.0
2022-07-26,1558,73932.0,10274970.0,139.0,139.5,138.5,139.0,0.0,90.0
2022-07-27,1558,95886.0,13333050.0,139.5,139.5,138.5,139.0,0.0,154.0
2022-07-28,1558,156799.0,20813587.0,133.0,133.5,132.0,133.0,0.0,246.0
2022-07-29,1558,68546.0,9160562.0,133.5,134.0,133.0,134.0,1.0,91.0
2022-08-01,1558,47004.0,6275369.0,134.0,134.0,133.0,133.5,-0.5,71.0
2022-08-02,1558,61289.0,8114600.0,133.0,133.0,132.0,132.0,-1.5,97.0
2022-08-03,1558,85510.0,11311692.0,132.0,133.0,132.0,132.5,0.5,97.0
2022-08-04,1558,49323.0,6519046.0,132.5,132.5,131.5,132.5,0.0,63.0
2022-08-05,1558,51490.0,6841674.0,132.5,133.5,132.5,132.5,0.0,69.0
2022-08-08,1558,50554.0,6738737.0,133.0,133.5,133.0,133.5,1.0,60.0
2022-08-09,1558,71921.0,9582158.0,133.0,134.0,132.5,133.5,0.0,91.0
2022-08-10,1558,74474.0,9831640.0,133.0,133.0,131.5,131.5,-2.0,137.0
2022-08-11,1558,50881.0,6713860.0,132.0,132.5,131.5,131.5,0.0,93.0
2022-08-12,1558,56920.0,7517244.0,131.5,132.5,131.5,131.5,0.0,75.0
2022-08-15,1558,66265.0,8773852.0,131.5,133.0,131.5,133.0,1.5,80.0
2022-08-16,1558,34438.0,4570535.0,132.0,133.0,132.0,133.0,0.0,47.0
2022-08-17,1558,41372.0,5474882.0,133.0,133.0,132.0,132.0,-1.0,73.0
2022-08-18,1558,20110.0,2654133.0,132.5,132.5,131.5,131.5,-0.5,50.0
2022-08-19,1558,30253.0,3996045.0,131.5,132.5,131.5,132.0,0.5,51.0
2022-08-22,1558,40728.0,5373057.0,132.0,132.0,131.5,132.0,0.0,60.0
2022-08-23,1558,131265.0,17379895.0,132.0,133.0,132.0,133.0,1.0,120.0
2022-08-24,1558,46401.0,6173168.0,133.0,133.5,132.5,133.0,0.0,66.0
2022-08-25,1558,57444.0,7628702.0,132.0,133.5,132.0,132.5,-0.5,59.0
2022-08-26,1558,71529.0,9507836.0,132.5,133.5,132.5,133.0,0.5,79.0
2022-08-29,1558,56394.0,7474917.0,132.0,133.0,132.0,133.0,0.0,76.0
2022-08-30,1558,68253.0,9076260.0,133.0,133.0,132.5,132.5,-0.5,73.0
2022-08-31,1558,41203.0,5477103.0,132.5,133.5,132.5,133.5,1.0,53.0
2022-09-01,1558,62649.0,8269920.0,132.5,132.5,131.5,132.0,-1.5,88.0
2022-09-02,1558,28023.0,3701269.0,131.5,132.5,131.5,132.0,0.0,58.0
2022-09-05,1558,99910.0,13108179.0,133.0,133.0,130.0,130.0,-2.0,158.0
2022-09-06,1558,136362.0,17621287.0,130.0,130.0,128.5,128.5,-1.5,244.0
2022-09-07,1558,90997.0,11630810.0,128.5,128.5,127.0,128.0,-0.5,210.0
2022-09-08,1558,101079.0,12910520.0,128.5,128.5,127.0,128.0,0.0,163.0
2022-09-12,1558,112250.0,14525068.0,129.0,130.0,128.5,129.5,1.5,142.0
2022-09-13,1558,92804.0,12043495.0,129.0,130.0,129.0,130.0,0.5,94.0
2022-09-14,1558,78081.0,10149745.0,128.5,130.5,128.5,130.5,0.5,155.0
2022-09-15,1558,42083.0,5464877.0,129.0,130.0,129.0,130.0,-0.5,71.0
2022-09-16,1558,53989.0,6995162.0,129.0,130.0,129.0,129.5,-0.5,61.0
2022-09-19,1558,43761.0,5646076.0,129.5,129.5,129.0,129.0,-0.5,81.0
2022-09-20,1558,69818.0,9012032.0,129.0,129.5,128.5,129.5,0.5,63.0
2022-09-21,1558,70760.0,9157219.0,129.0,130.0,129.0,129.5,0.0,70.0
2022-09-22,1558,175224.0,22800402.0,128.5,132.5,127.5,130.0,0.5,152.0
2022-09-23,1558,56050.0,7236088.0,129.0,129.5,128.5,129.0,-1.0,77.0
2022-09-26,1558,175654.0,22133312.0,128.0,128.0,124.5,126.0,-3.0,202.0
2022-09-27,1558,58873.0,7411254.0,126.5,126.5,125.5,126.0,0.0,91.0
2022-09-28,1558,145323.0,17970154.0,126.0,126.0,122.5,123.0,-3.0,257.0
2022-09-29,1558,328362.0,40609314.0,123.0,128.0,120.0,123.0,0.0,276.0
2022-09-30,1558,85684.0,10664569.0,122.0,125.0,122.0,125.0,2.0,103.0
2022-10-03,1558,96040.0,11703785.0,123.0,123.0,121.0,121.0,-4.0,145.0
2022-10-04,1558,115594.0,13930863.0,122.0,122.0,120.0,120.5,-0.5,193.0
2022-10-05,1558,93015.0,11183292.0,121.0,121.5,119.5,119.5,-1.0,182.0
2022-10-06,1558,202009.0,23726648.0,119.5,119.5,116.5,117.5,-2.0,375.0
2022-10-07,1558,281059.0,32200090.0,118.0,118.0,113.5,115.0,-2.5,372.0
2022-10-11,1558,135832.0,15346485.0,114.0,114.0,112.0,113.5,-1.5,201.0
2022-10-12,1558,121210.0,13635731.0,113.0,113.5,111.5,113.5,0.0,164.0
2022-10-13,1558,76827.0,8648659.0,114.5,114.5,112.0,112.5,-1.0,132.0
2022-10-14,1558,72596.0,8221911.0,114.0,114.0,112.5,113.0,0.5,124.0
2022-10-17,1558,77453.0,8838033.0,113.0,116.0,112.5,116.0,3.0,108.0
2022-10-18,1558,137452.0,15670286.0,116.0,116.0,112.5,113.5,-2.5,184.0
2022-10-19,1558,57861.0,6565659.0,113.5,114.0,113.0,114.0,0.5,106.0
2022-10-20,1558,793464.0,87290346.0,114.0,114.0,108.0,110.0,-4.0,490.0
2022-10-21,1558,149214.0,16299713.0,110.0,110.0,108.0,110.0,0.0,165.0
2022-10-24,1558,144689.0,15850898.0,111.5,111.5,108.5,109.0,-1.0,184.0
2022-10-25,1558,119185.0,12902695.0,109.5,109.5,108.0,109.0,0.0,143.0
2022-10-26,1558,116613.0,12599794.0,108.0,109.0,107.5,107.5,-1.5,132.0
2022-10-27,1558,118196.0,12693994.0,108.0,108.0,106.5,108.0,0.5,154.0
2022-10-28,1558,81478.0,8730364.0,107.5,107.5,106.5,107.5,-0.5,113.0
2022-10-31,1558,67375.0,7239081.0,107.5,107.5,107.0,107.5,0.0,76.0
2022-11-01,1558,61264.0,6602077.0,107.5,108.0,107.5,108.0,0.5,59.0
2022-11-02,1558,89583.0,9726764.0,108.5,109.5,108.0,109.0,1.0,93.0
2022-11-03,1558,78621.0,8571171.0,108.5,109.5,108.5,109.5,0.5,106.0
2022-11-04,1558,70143.0,7653678.0,109.0,109.5,108.5,109.0,-0.5,99.0
2022-11-07,1558,100532.0,10924474.0,109.0,109.0,108.0,109.0,0.0,155.0
2022-11-08,1558,95078.0,10369502.0,108.5,109.5,108.5,109.0,0.0,112.0
2022-11-09,1558,222326.0,24620056.0,109.0,113.0,109.0,112.0,3.0,224.0
2022-11-10,1558,126465.0,14329990.0,112.0,114.0,112.0,114.0,2.0,158.0
2022-11-11,1558,158126.0,18138562.0,116.5,116.5,114.0,114.5,0.5,184.0
2022-11-14,1558,182923.0,20709956.0,114.5,114.5,112.0,113.0,-1.5,233.0
2022-11-15,1558,184389.0,20848191.0,114.0,114.0,112.5,113.0,0.0,133.0
2022-11-16,1558,172559.0,19546307.0,113.0,114.0,113.0,113.0,0.0,191.0
2022-11-17,1558,94125.0,10696418.0,113.0,114.5,113.0,114.0,1.0,109.0
2022-11-18,1558,120243.0,13575679.0,114.0,114.0,112.0,112.5,-1.5,135.0
2022-11-21,1558,53893.0,6070739.0,113.5,113.5,112.0,112.5,0.0,68.0
2022-11-22,1558,46484.0,5231531.0,113.0,113.0,112.0,112.5,0.0,77.0
2022-11-23,1558,78262.0,8828953.0,113.0,113.0,112.5,112.5,0.0,99.0
2022-11-24,1558,434001.0,48160777.0,110.0,112.0,109.0,112.0,-0.5,492.0
2022-11-25,1558,114052.0,12769364.0,112.0,112.0,111.5,112.0,0.0,195.0
2022-11-28,1558,63068.0,7083359.0,111.0,113.0,111.0,112.5,0.5,111.0
2022-11-29,1558,72667.0,8221490.0,112.0,113.5,112.0,113.5,1.0,114.0
2022-11-30,1558,198444.0,23023916.0,113.5,117.0,113.5,117.0,3.5,281.0
2022-12-01,1558,154016.0,18075234.0,118.0,118.5,116.5,117.0,0.0,206.0
2022-12-02,1558,78310.0,9160107.0,116.5,117.0,116.5,117.0,0.0,130.0
2022-12-05,1558,109270.0,12968044.0,117.0,119.0,117.0,119.0,2.0,164.0
2022-12-06,1558,79017.0,9381974.0,119.0,119.0,118.0,118.5,-0.5,119.0
2022-12-07,1558,81000.0,9560180.0,117.5,119.0,117.5,118.0,-0.5,107.0
2022-12-08,1558,58265.0,6825171.0,118.0,118.0,116.5,117.0,-1.0,101.0
2022-12-09,1558,43260.0,5084955.0,117.0,118.0,117.0,117.5,0.5,73.0
2022-12-12,1558,29314.0,3447612.0,117.5,118.0,117.0,118.0,0.5,59.0
2022-12-13,1558,191358.0,22754900.0,119.0,120.0,117.0,120.0,2.0,196.0
2022-12-14,1558,209571.0,25507184.0,121.0,122.5,120.0,122.0,2.0,247.0
2022-12-15,1558,80909.0,9851192.0,123.0,123.0,120.5,121.5,-0.5,147.0
2022-12-16,1558,106751.0,12825961.0,121.0,121.0,119.5,119.5,-2.0,129.0
2022-12-19,1558,111067.0,13483445.0,119.0,123.0,119.0,122.0,2.5,152.0
2022-12-20,1558,100561.0,12259916.0,122.0,123.0,120.5,121.5,-0.5,139.0
2022-12-21,1558,112236.0,13523232.0,121.0,121.0,120.0,120.5,-1.0,66.0
2022-12-22,1558,43587.0,5243487.0,120.0,121.0,120.0,120.0,-0.5,63.0
2022-12-23,1558,27133.0,3260105.0,120.0,121.0,120.0,120.0,0.0,51.0
2022-12-26,1558,17885.0,2150727.0,120.0,121.0,119.5,120.0,0.0,41.0
2022-12-27,1558,54240.0,6489804.0,119.5,120.5,119.0,120.0,0.0,81.0
2022-12-28,1558,63511.0,7560442.0,120.0,120.0,118.5,119.0,-1.0,86.0
2022-12-29,1558,191050.0,22273414.0,118.0,119.0,115.5,118.5,-0.5,235.0
2022-12-30,1558,98662.0,11750656.0,117.5,120.0,117.5,119.0,0.5,126.0
2023-01-03,1558,43953.0,5228528.0,119.0,119.5,118.5,119.0,0.0,63.0
2023-01-04,1558,28348.0,3359254.0,119.0,119.0,118.0,118.5,-0.5,43.0
2023-01-05,1558,26546.0,3148253.0,118.5,119.0,118.0,118.5,0.0,54.0
2023-01-06,1558,49365.0,5857018.0,118.5,119.5,118.0,119.0,0.5,69.0
2023-01-09,1558,48415.0,5784451.0,119.5,120.0,119.0,120.0,1.0,119.0
2023-01-10,1558,55283.0,6605184.0,119.0,120.0,119.0,119.5,-0.5,92.0
2023-01-11,1558,59876.0,7091145.0,119.0,119.0,117.5,118.0,-1.5,89.0
2023-01-12,1558,55112.0,6526569.0,118.0,119.0,118.0,118.0,0.0,73.0
2023-01-13,1558,44241.0,5232598.0,118.0,118.5,118.0,118.5,0.5,61.0
2023-01-16,1558,28542.0,3373076.0,118.5,118.5,117.5,118.0,-0.5,52.0
2023-01-17,1558,28534.0,3374563.0,118.0,118.5,118.0,118.5,0.5,41.0
2023-01-30,1558,45054.0,5388441.0,120.0,120.0,119.0,119.5,1.0,99.0
2023-01-31,1558,30638.0,3653605.0,119.5,119.5,119.0,119.5,0.0,79.0
2023-02-01,1558,42362.0,5064231.0,119.5,120.0,119.0,120.0,0.5,71.0
2023-02-02,1558,65042.0,7794311.0,119.0,120.0,119.0,120.0,0.0,89.0
2023-02-03,1558,62820.0,7536867.0,119.5,120.5,119.5,120.5,0.5,109.0
2023-02-06,1558,73700.0,8884142.0,120.5,121.0,120.0,121.0,0.5,109.0
2023-02-07,1558,49756.0,6013966.0,121.5,121.5,120.5,120.5,-0.5,85.0
2023-02-08,1558,66883.0,8070676.0,121.0,121.0,120.0,120.5,0.0,113.0
2023-02-09,1558,47039.0,5674126.0,121.0,121.0,120.5,120.5,0.0,84.0
2023-02-10,1558,43144.0,5209138.0,121.0,121.0,120.5,121.0,0.5,70.0
2023-02-13,1558,31710.0,3826994.0,121.0,121.0,120.5,120.5,-0.5,64.0
2023-02-14,1558,34462.0,4149635.0,120.5,120.5,120.0,120.5,0.0,81.0
2023-02-15,1558,51422.0,6183743.0,120.5,120.5,120.0,120.5,0.0,102.0
2023-02-16,1558,48080.0,5788668.0,120.5,121.0,120.0,121.0,0.5,88.0
2023-02-17,1558,43211.0,5238353.0,121.0,121.0,120.5,121.0,0.0,86.0
2023-02-20,1558,84741.0,10238489.0,121.0,121.0,120.5,120.5,-0.5,123.0
2023-02-21,1558,82966.0,10027184.0,120.5,121.5,120.5,121.0,0.5,109.0
2023-02-22,1558,59180.0,7168568.0,121.0,121.5,120.5,121.0,0.0,83.0
2023-02-23,1558,99111.0,12086208.0,121.5,122.5,121.0,122.0,1.0,140.0
2023-02-24,1558,114462.0,13985171.0,122.5,122.5,122.0,122.0,0.0,150.0
2023-03-01,1558,75292.0,9188705.0,122.0,122.5,121.5,122.0,0.0,114.0
2023-03-02,1558,69012.0,8405765.0,121.5,122.0,121.5,121.5,-0.5,95.0
2023-03-03,1558,114656.0,14056109.0,122.0,123.5,121.5,122.5,1.0,131.0
2023-03-06,1558,277024.0,34674122.0,123.5,127.0,123.5,126.5,4.0,312.0
2023-03-07,1558,118064.0,14875399.0,126.5,127.0,125.0,125.5,-1.0,201.0
2023-03-08,1558,114698.0,14310093.0,124.5,125.0,124.5,124.5,-1.0,156.0
2023-03-09,1558,169545.0,21044803.0,124.5,125.0,123.0,123.5,-1.0,205.0
2023-03-10,1558,124953.0,15289656.0,123.5,123.5,122.0,122.5,-1.0,185.0
2023-03-13,1558,687888.0,78704331.0,116.0,117.0,112.0,114.5,-8.0,905.0
2023-03-14,1558,117242.0,13408682.0,114.5,115.0,114.0,114.0,-0.5,210.0
2023-03-15,1558,107276.0,12281445.0,115.0,115.5,114.0,114.0,0.0,158.0
2023-03-16,1558,124980.0,14061391.0,113.0,113.0,112.0,112.0,-2.0,225.0
2023-03-17,1558,121657.0,13681447.0,112.0,113.5,112.0,112.0,0.0,189.0
2023-03-20,1558,72066.0,8066730.0,112.0,113.0,111.5,112.0,0.0,139.0
2023-03-21,1558,92599.0,10381530.0,112.0,112.5,112.0,112.0,0.0,137.0
2023-03-22,1558,82486.0,9305792.0,112.5,113.5,112.0,113.0,1.0,138.0
2023-03-23,1558,114978.0,12941096.0,113.0,113.0,112.0,112.5,-0.5,140.0
2023-03-24,1558,99161.0,11152696.0,112.5,112.5,112.0,112.0,-0.5,153.0
2023-03-27,1558,87920.0,9863949.0,112.0,112.5,112.0,112.5,0.5,129.0
2023-03-28,1558,70188.0,7911927.0,112.5,113.0,112.5,112.5,0.0,92.0
2023-03-29,1558,91764.0,10329680.0,113.5,113.5,112.0,112.0,-0.5,127.0
2023-03-30,1558,28144.0,3171991.0,112.5,113.0,112.5,112.5,0.5,59.0
2023-03-31,1558,112009.0,12681869.0,112.5,114.0,112.0,113.5,1.0,145.0
2023-04-06,1558,77041.0,8682551.0,113.0,113.0,112.5,113.0,-0.5,136.0
2023-04-07,1558,88336.0,9933145.0,113.0,113.0,112.0,112.5,-0.5,181.0
2023-04-10,1558,88978.0,10034729.0,112.5,113.0,112.5,112.5,0.0,87.0
2023-04-11,1558,68897.0,7801876.0,114.0,114.0,113.0,113.5,1.0,105.0
2023-04-12,1558,81618.0,9272466.0,114.0,114.0,113.5,113.5,0.0,117.0
2023-04-13,1558,88612.0,10047571.0,113.5,114.0,113.0,114.0,0.5,122.0
2023-04-14,1558,96441.0,10903825.0,114.0,114.0,112.5,113.5,-0.5,143.0
2023-04-17,1558,93353.0,10543017.0,113.5,113.5,112.5,113.0,-0.5,170.0
2023-04-18,1558,98852.0,11184433.0,113.0,114.0,112.5,112.5,-0.5,130.0
2023-04-19,1558,115314.0,13017761.0,114.0,114.0,112.5,112.5,0.0,187.0
2023-04-20,1558,79690.0,8984356.0,112.5,113.5,112.5,113.5,1.0,107.0
2023-04-21,1558,110773.0,12475381.0,113.5,113.5,112.0,113.0,-0.5,142.0
2023-04-24,1558,51348.0,5775139.0,112.5,112.5,112.0,112.5,-0.5,80.0
2023-04-25,1558,153324.0,17144141.0,112.5,112.5,111.0,111.0,-1.5,250.0
2023-04-26,1558,35014.0,3906607.0,111.0,112.0,111.0,112.0,1.0,96.0
2023-04-27,1558,40096.0,4472899.0,112.0,112.0,111.0,112.0,0.0,83.0
2023-04-28,1558,146276.0,16275247.0,112.0,112.0,111.0,111.5,-0.5,230.0
2023-05-02,1558,60942.0,6799564.0,111.5,112.0,111.5,111.5,0.0,97.0
2023-05-03,1558,46688.0,5214333.0,112.0,112.0,111.5,112.0,0.5,67.0
2023-05-04,1558,31470.0,3529924.0,112.0,112.5,112.0,112.0,0.0,50.0
2023-05-05,1558,66150.0,7442372.0,112.0,113.0,112.0,113.0,1.0,93.0
2023-05-08,1558,48732.0,5498214.0,113.0,113.0,112.5,112.5,-0.5,86.0
2023-05-09,1558,53388.0,5997144.0,112.5,113.0,112.0,112.5,0.0,77.0
2023-05-10,1558,196731.0,21798724.0,111.0,112.0,110.0,111.5,-1.0,294.0
2023-05-11,1558,262314.0,28940485.0,111.5,111.5,110.0,110.5,-1.0,320.0
2023-05-12,1558,238644.0,25965888.0,110.0,110.0,108.0,109.0,-1.5,397.0
2023-05-15,1558,159454.0,17211864.0,109.0,109.0,107.5,108.0,-1.0,294.0
2023-05-16,1558,189903.0,20477684.0,108.0,108.5,107.0,108.5,0.5,264.0
2023-05-17,1558,143900.0,15661109.0,108.0,110.5,108.0,110.0,1.5,158.0
2023-05-18,1558,116865.0,12759110.0,110.0,110.0,109.0,109.5,-0.5,182.0
2023-05-19,1558,127450.0,14044996.0,110.0,111.0,109.5,111.0,1.5,132.0
2023-05-22,1558,60871.0,6707987.0,110.0,111.0,110.0,110.0,-1.0,132.0
2023-05-23,1558,61428.0,6741790.0,110.0,110.0,109.5,110.0,0.0,102.0
2023-05-24,1558,63012.0,6917521.0,109.5,110.0,109.5,110.0,0.0,99.0
2023-05-25,1558,101853.0,11142229.0,110.0,110.0,109.0,109.5,-0.5,163.0
2023-05-26,1558,190371.0,20793107.0,110.0,110.0,108.5,109.0,-0.5,202.0
2023-05-29,1558,142031.0,15674110.0,110.0,111.0,109.0,110.5,1.5,178.0
2023-05-30,1558,100965.0,11076773.0,110.0,110.0,109.0,109.0,-1.5,133.0
2023-05-31,1558,74040.0,8115971.0,109.0,110.0,109.0,109.5,0.5,122.0
2023-06-01,1558,76717.0,8414489.0,109.5,110.0,109.5,109.5,0.0,121.0
2023-06-02,1558,83229.0,9187890.0,110.0,111.0,110.0,111.0,1.5,130.0
2023-06-05,1558,60700.0,6716128.0,111.0,111.0,110.0,110.5,-0.5,106.0
2023-06-06,1558,56150.0,6199544.0,110.5,111.0,110.0,111.0,0.5,87.0
2023-06-07,1558,54804.0,6066812.0,111.0,111.0,110.5,110.5,-0.5,90.0
2023-06-08,1558,147815.0,16188287.0,110.0,110.0,109.0,110.0,-0.5,180.0
2023-06-09,1558,54932.0,6044789.0,110.0,110.5,110.0,110.0,0.0,88.0
2023-06-12,1558,128662.0,14314624.0,111.0,112.0,110.5,111.5,1.5,171.0
2023-06-13,1558,104694.0,11662463.0,111.5,112.0,111.0,111.0,-0.5,116.0
2023-06-14,1558,221827.0,25050622.0,111.0,114.5,111.0,113.5,2.5,240.0
2023-06-15,1558,71398.0,8085037.0,114.0,114.0,112.5,113.5,0.0,118.0
2023-06-16,1558,98122.0,11058441.0,113.5,113.5,112.0,113.0,-0.5,122.0
2023-06-19,1558,54592.0,6161830.0,112.5,113.5,112.0,113.5,0.5,83.0
2023-06-20,1558,136616.0,15531655.0,113.5,114.0,113.5,114.0,0.5,135.0
2023-06-21,1558,104255.0,11921775.0,113.5,115.0,113.5,114.5,0.5,110.0
2023-06-26,1558,46027.0,5237269.0,114.0,114.0,113.5,114.0,-0.5,76.0
2023-06-27,1558,45500.0,5158614.0,113.5,113.5,113.0,113.5,-0.5,56.0
2023-06-28,1558,55196.0,6204425.0,113.0,113.5,112.0,112.5,-1.0,142.0
2023-06-29,1558,21046.0,2368742.0,113.5,113.5,112.0,112.5,0.0,68.0
2023-06-30,1558,215822.0,23981222.0,113.0,113.0,110.5,111.5,-1.0,248.0
2023-07-03,1558,45423.0,5091267.0,112.0,112.5,111.5,112.5,1.0,62.0
2023-07-04,1558,41206.0,4591056.0,112.0,112.0,111.0,111.5,-1.0,105.0
2023-07-05,1558,38971.0,4355828.0,112.0,112.0,111.5,111.5,0.0,61.0
2023-07-06,1558,32578.0,3633504.0,111.5,111.5,111.5,111.5,0.0,75.0
2023-07-07,1558,31637.0,3523741.0,111.5,112.0,110.5,112.0,0.5,57.0
2023-07-10,1558,68138.0,7683069.0,112.0,113.0,112.0,113.0,1.0,128.0
2023-07-11,1558,133844.0,15166239.0,113.0,113.5,113.0,113.5,0.5,106.0
2023-07-12,1558,74520.0,8430168.0,113.5,113.5,112.5,113.0,-0.5,102.0
2023-07-13,1558,58460.0,6572919.0,114.0,114.0,112.0,112.0,-1.0,117.0
2023-07-14,1558,67834.0,7615731.0,112.0,113.0,111.5,112.0,0.0,83.0
2023-07-17,1558,65322.0,7361444.0,112.5,113.0,112.0,112.5,0.5,73.0
2023-07-18,1558,82616.0,9287853.0,112.5,113.0,112.0,112.5,0.0,115.0
2023-07-19,1558,250276.0,27925888.0,112.0,112.5,110.0,111.0,-1.5,268.0
2023-07-20,1558,202075.0,22512800.0,112.0,112.0,110.5,111.5,0.5,256.0
2023-07-21,1558,245002.0,26359652.0,106.5,108.5,106.0,107.5,0.0,448.0
2023-07-24,1558,149458.0,16022096.0,108.0,108.5,106.5,107.0,-0.5,226.0
2023-07-25,1558,193927.0,20617583.0,107.5,107.5,106.0,106.0,-1.0,314.0
2023-07-26,1558,76386.0,8100753.0,106.0,107.0,105.5,105.5,-0.5,150.0
2023-07-27,1558,102624.0,10880545.0,106.0,106.5,105.5,106.0,0.5,162.0
2023-07-28,1558,106866.0,11315378.0,106.0,106.5,105.5,106.0,0.0,162.0
2023-07-31,1558,121681.0,12893201.0,106.0,106.5,105.5,106.0,0.0,188.0
2023-08-01,1558,48206.0,5120765.0,106.0,106.5,106.0,106.5,0.5,70.0
2023-08-02,1558,65007.0,6898956.0,106.0,106.5,106.0,106.0,-0.5,137.0
2023-08-04,1558,76199.0,8151401.0,107.0,107.5,106.0,107.5,1.5,138.0
2023-08-07,1558,43030.0,4580312.0,107.0,107.0,106.0,106.0,-1.5,94.0
2023-08-08,1558,76214.0,8120101.0,107.0,107.5,106.0,106.5,0.5,114.0
2023-08-09,1558,100910.0,10723657.0,107.0,107.0,106.0,106.0,-0.5,138.0
2023-08-10,1558,188092.0,19684175.0,107.0,107.0,104.0,104.5,-1.5,295.0
2023-08-11,1558,50889.0,5324094.0,104.5,105.0,104.5,105.0,0.5,116.0
2023-08-14,1558,291445.0,29864648.0,104.0,105.0,101.0,102.5,-2.5,342.0
2023-08-15,1558,69253.0,7110778.0,102.5,103.0,102.0,102.5,0.0,119.0
2023-08-16,1558,151724.0,15393720.0,102.0,102.0,101.0,101.5,-1.0,204.0
2023-08-17,1558,188614.0,18935844.0,101.0,101.0,100.0,100.5,-1.0,267.0
2023-08-18,1558,192963.0,19289283.0,100.5,100.5,99.8,99.8,-0.7,259.0
2023-08-21,1558,156813.0,15567633.0,100.0,100.0,98.6,99.2,-0.6,270.0
2023-08-22,1558,291053.0,28654210.0,99.2,99.2,97.8,98.2,-1.0,412.0
2023-08-23,1558,826060.0,79417358.0,98.0,98.0,94.7,95.7,-2.5,962.0
2023-08-24,1558,249770.0,24188425.0,95.5,98.7,95.5,96.5,0.8,313.0
2023-08-25,1558,213669.0,20754560.0,96.3,98.5,96.1,98.3,1.8,237.0
2023-08-28,1558,111292.0,10969476.0,100.0,100.0,98.2,98.3,0.0,162.0
2023-08-29,1558,43334.0,4294944.0,98.5,99.6,98.5,99.4,1.1,74.0
2023-08-30,1558,181633.0,18240746.0,99.5,102.0,99.3,101.5,2.1,198.0
2023-08-31,1558,99620.0,10021168.0,101.5,101.5,100.0,100.5,-1.0,108.0
2023-09-01,1558,74499.0,7508404.0,100.5,101.5,100.5,101.0,0.5,79.0
2023-09-04,1558,93061.0,9381848.0,101.0,102.0,100.0,101.5,0.5,127.0
2023-09-05,1558,97998.0,9884194.0,101.5,101.5,100.5,101.0,-0.5,127.0
2023-09-06,1558,95188.0,9551620.0,101.0,101.0,100.0,100.5,-0.5,105.0
2023-09-07,1558,48712.0,4902280.0,100.5,101.0,100.0,101.0,0.5,59.0
2023-09-08,1558,95069.0,9660812.0,100.5,102.0,100.5,102.0,1.0,99.0
2023-09-11,1558,263273.0,27712536.0,105.0,106.0,104.0,105.5,3.5,273.0
2023-09-12,1558,125774.0,13273273.0,106.0,107.0,104.5,105.0,-0.5,176.0
2023-09-13,1558,89631.0,9419138.0,105.0,105.5,104.5,105.5,0.5,91.0
2023-09-14,1558,115281.0,12123042.0,106.0,106.0,104.5,105.5,0.0,149.0
2023-09-15,1558,77058.0,8124298.0,105.0,106.0,105.0,105.5,0.0,88.0
2023-09-18,1558,99514.0,10566770.0,105.5,107.0,105.5,107.0,1.5,126.0
2023-09-19,1558,84219.0,8996173.0,107.0,107.5,106.0,106.5,-0.5,129.0
2023-09-20,1558,356383.0,39066054.0,107.0,110.5,107.0,110.0,3.5,382.0
2023-09-21,1558,104786.0,11348669.0,110.0,110.0,107.5,108.0,-2.0,161.0
2023-09-22,1558,64543.0,6931353.0,108.0,108.0,107.0,107.5,-0.5,87.0
2023-09-25,1558,83570.0,9041211.0,108.0,109.0,107.5,108.0,0.5,88.0
2023-09-26,1558,115389.0,12614632.0,109.5,111.0,108.0,109.5,1.5,117.0
2023-09-27,1558,73491.0,7951434.0,109.5,109.5,108.0,108.0,-1.5,69.0
2023-09-28,1558,16641.0,1798216.0,108.0,108.5,107.5,108.0,0.0,45.0
2023-10-02,1558,87703.0,9428239.0,108.0,108.5,107.0,107.5,-0.5,108.0
2023-10-03,1558,109132.0,11698726.0,107.0,108.0,106.5,107.5,0.0,115.0
2023-10-04,1558,31450.0,3353962.0,107.0,107.0,106.5,107.0,-0.5,214.0
2023-10-05,1558,28106.0,3001890.0,106.5,107.5,106.5,107.5,0.5,240.0
2023-10-06,1558,24535.0,2638427.0,108.0,108.0,107.0,107.5,0.0,37.0
2023-10-11,1558,344670.0,37981798.0,108.5,111.5,108.5,111.0,3.5,397.0
2023-10-12,1558,224824.0,25386032.0,112.0,114.0,111.5,113.5,2.5,291.0
2023-10-13,1558,245956.0,28075741.0,114.5,114.5,113.5,113.5,0.0,277.0
2023-10-16,1558,138457.0,15720424.0,113.5,114.5,112.5,114.0,0.5,169.0
2023-10-17,1558,224033.0,25298313.0,114.5,114.5,111.5,112.0,-2.0,222.0
2023-10-18,1558,199370.0,21500602.0,112.0,112.5,106.5,106.5,-5.5,170.0
2023-10-19,1558,118117.0,12803980.0,107.5,109.0,107.5,108.0,1.5,184.0
2023-10-20,1558,81091.0,8774019.0,108.0,109.0,107.5,108.0,0.0,106.0
2023-10-23,1558,29054.0,3160316.0,109.0,109.0,108.5,108.5,0.5,77.0
2023-10-24,1558,59278.0,6473257.0,108.5,110.0,108.5,110.0,1.5,73.0
2023-10-25,1558,47991.0,5293165.0,111.0,111.5,109.0,109.0,-1.0,82.0
2023-10-26,1558,29222.0,3164767.0,109.0,109.0,108.0,108.0,-1.0,83.0
2023-10-27,1558,51632.0,5630701.0,109.0,110.0,108.5,108.5,0.5,63.0
2023-10-30,1558,11634.0,1263416.0,108.5,109.0,108.5,109.0,0.5,42.0
2023-10-31,1558,70670.0,7588561.0,108.5,108.5,107.0,107.0,-2.0,108.0
2023-11-01,1558,68658.0,7291855.0,107.0,107.0,105.5,106.0,-1.0,106.0
2023-11-02,1558,37296.0,3984883.0,106.0,107.5,106.0,107.0,1.0,64.0
2023-11-03,1558,47741.0,5146655.0,107.0,108.5,107.0,107.5,0.5,65.0
2023-11-06,1558,86923.0,9347237.0,107.5,109.5,106.5,107.0,-0.5,269.0
2023-11-07,1558,21692.0,2328867.0,107.5,107.5,107.0,107.5,0.5,52.0
2023-11-08,1558,83548.0,8940797.0,107.5,107.5,106.5,107.0,-0.5,100.0
2023-11-09,1558,28275.0,3013593.0,107.0,107.0,106.0,106.5,-0.5,80.0
2023-11-10,1558,148849.0,15572212.0,105.0,105.5,104.0,104.0,-2.5,239.0
2023-11-13,1558,238375.0,24312300.0,102.5,103.0,101.0,101.5,-2.5,326.0
2023-11-14,1558,107858.0,11007147.0,101.5,102.5,101.5,102.5,1.0,122.0
2023-11-15,1558,139846.0,14383701.0,103.0,103.5,102.5,103.0,0.5,164.0
2023-11-16,1558,90414.0,9321409.0,103.5,103.5,102.5,103.5,0.5,106.0
2023-11-17,1558,100904.0,10486339.0,103.5,104.0,103.5,103.5,0.0,119.0
2023-11-20,1558,89654.0,9267095.0,103.5,104.0,102.5,103.0,-0.5,112.0
2023-11-21,1558,149128.0,15437751.0,104.0,104.0,103.0,103.0,0.0,145.0
2023-11-22,1558,90222.0,9373262.0,103.0,104.0,103.0,104.0,1.0,110.0
2023-11-23,1558,51296.0,5340575.0,104.5,104.5,104.0,104.5,0.5,91.0
2023-11-24,1558,41418.0,4320546.0,104.5,104.5,103.5,104.0,-0.5,83.0
2023-11-27,1558,75097.0,7850252.0,104.0,105.0,104.0,105.0,1.0,104.0
2023-11-28,1558,108691.0,11404023.0,105.0,105.5,104.5,105.5,0.5,256.0
2023-11-29,1558,82347.0,8667731.0,105.0,106.0,105.0,106.0,0.5,103.0
2023-11-30,1558,42835.0,4524335.0,106.0,106.0,105.5,106.0,0.0,75.0
2023-12-01,1558,142740.0,15169098.0,106.0,107.0,105.5,107.0,1.0,120.0
2023-12-04,1558,252647.0,27531481.0,108.0,110.0,108.0,109.5,2.5,270.0
2023-12-05,1558,177784.0,19531118.0,109.5,111.0,108.5,111.0,1.5,204.0
2023-12-06,1558,94099.0,10392487.0,111.0,111.0,110.0,110.5,-0.5,125.0
2023-12-07,1558,105681.0,11498170.0,109.5,109.5,108.0,108.0,-2.5,368.0
2023-12-08,1558,48248.0,5218582.0,109.0,109.0,107.5,107.5,-0.5,195.0
2023-12-11,1558,57891.0,6234451.0,107.5,108.5,106.5,108.0,0.5,78.0
2023-12-12,1558,36238.0,3896367.0,108.0,108.0,107.0,107.5,-0.5,48.0
2023-12-13,1558,55280.0,5906306.0,108.0,108.0,106.5,106.5,-1.0,93.0
2023-12-14,1558,94794.0,10313609.0,107.5,110.0,107.5,109.0,2.5,116.0
2023-12-15,1558,58218.0,6305151.0,109.0,109.0,107.5,108.5,-0.5,141.0
2023-12-18,1558,68402.0,7373943.0,108.0,108.5,107.5,108.0,-0.5,103.0
2023-12-19,1558,62013.0,6615203.0,107.0,107.5,106.5,106.5,-1.5,99.0
2023-12-20,1558,63435.0,6790824.0,106.5,107.5,106.5,107.5,1.0,84.0
2023-12-21,1558,65122.0,6945157.0,107.5,107.5,106.0,106.5,-1.0,79.0
2023-12-22,1558,74564.0,7907698.0,106.5,107.0,105.5,106.0,-0.5,102.0
2023-12-25,1558,45782.0,4827996.0,106.0,106.0,105.0,105.5,-0.5,75.0
2023-12-26,1558,121097.0,12883360.0,105.5,107.5,105.0,106.5,1.0,132.0
2023-12-27,1558,53068.0,5645258.0,107.0,107.0,106.0,106.0,-0.5,75.0
2023-12-28,1558,35037.0,3722892.0,106.0,106.5,106.0,106.0,0.0,61.0
2023-12-29,1558,22195.0,2366864.0,106.5,107.0,106.0,106.5,0.5,52.0
2024-01-02,1558,48031.0,5090065.0,107.0,107.0,105.5,106.0,-0.5,82.0
2024-01-03,1558,27774.0,2930868.0,106.0,106.0,105.0,105.5,-0.5,61.0
2024-01-04,1558,49556.0,5210464.0,105.5,105.5,105.0,105.5,0.0,66.0
2024-01-05,1558,108798.0,11475866.0,105.5,106.5,104.5,105.5,0.0,84.0
2024-01-08,1558,17755.0,1869462.0,106.0,106.0,105.0,105.0,-0.5,57.0
2024-01-09,1558,208368.0,21557898.0,105.0,105.0,102.5,102.5,-2.5,222.0
2024-01-10,1558,63407.0,6534968.0,104.0,104.0,102.5,103.0,0.5,112.0
2024-01-11,1558,28686.0,2975652.0,103.0,104.0,103.0,104.0,1.0,58.0
2024-01-12,1558,20358.0,2112491.0,104.0,104.0,103.5,103.5,-0.5,57.0
2024-01-15,1558,42647.0,4402274.0,103.5,103.5,103.0,103.0,-0.5,86.0
2024-01-16,1558,172359.0,17662448.0,103.0,103.0,102.0,102.5,-0.5,139.0
2024-01-17,1558,204303.0,20796617.0,102.0,102.5,101.0,102.0,-0.5,237.0
2024-01-18,1558,85280.0,8631785.0,102.0,102.0,100.5,101.0,-1.0,150.0
2024-01-19,1558,161528.0,16320407.0,101.5,102.0,100.5,100.5,-0.5,184.0
2024-01-22,1558,92871.0,9367982.0,100.5,101.5,100.5,101.0,0.5,140.0
2024-01-23,1558,23764.0,2410893.0,101.5,101.5,101.0,101.0,0.0,55.0
2024-01-24,1558,31815.0,3239887.0,101.0,102.0,101.0,101.5,0.5,72.0
2024-01-25,1558,36622.0,3748819.0,102.0,102.5,102.0,102.0,0.5,79.0
2024-01-26,1558,54521.0,5540851.0,101.5,102.0,101.5,101.5,-0.5,84.0
2024-01-29,1558,46068.0,4679529.0,102.0,102.0,101.0,101.5,0.0,83.0
2024-01-30,1558,64277.0,6512932.0,101.5,102.0,101.0,101.0,-0.5,108.0
2024-01-31,1558,44239.0,4476648.0,101.0,101.5,101.0,101.0,0.0,76.0
2024-02-01,1558,106284.0,10717153.0,101.5,101.5,100.5,100.5,-0.5,119.0
2024-02-02,1558,50119.0,5069777.0,101.0,101.5,100.5,101.0,0.5,67.0
2024-02-05,1558,38767.0,3912582.0,101.0,101.0,100.5,101.0,0.0,88.0
2024-02-15,1558,114354.0,11636965.0,101.0,103.0,101.0,102.5,1.5,176.0
2024-02-16,1558,79379.0,8165171.0,102.0,103.5,102.0,103.0,0.5,129.0
2024-02-19,1558,83675.0,8617078.0,103.5,103.5,102.5,103.0,0.0,167.0
2024-02-20,1558,114780.0,11753001.0,103.0,103.0,101.5,102.5,-0.5,205.0
2024-02-21,1558,53208.0,5460176.0,102.5,103.0,102.5,102.5,0.0,108.0
2024-02-22,1558,71232.0,7292735.0,102.5,102.5,102.0,102.5,0.0,124.0
2024-02-23,1558,80667.0,8246186.0,102.0,103.0,102.0,102.0,-0.5,139.0
2024-02-26,1558,75029.0,7691180.0,102.0,103.0,102.0,102.5,0.5,164.0
2024-02-27,1558,95866.0,9793381.0,102.5,102.5,101.5,102.0,-0.5,158.0
2024-02-29,1558,108814.0,11124768.0,102.0,103.0,101.5,102.0,0.0,151.0
2024-03-01,1558,79428.0,8147970.0,102.5,103.0,102.0,102.5,0.5,148.0
2024-03-04,1558,284118.0,29211858.0,102.5,103.5,101.5,103.0,0.5,227.0
2024-03-05,1558,57941.0,5969594.0,103.5,103.5,102.5,102.5,-0.5,133.0
2024-03-06,1558,96952.0,9934700.0,102.5,103.0,102.0,102.0,-0.5,156.0
2024-03-07,1558,136080.0,13821086.0,102.0,102.0,101.0,102.0,0.0,191.0
2024-03-08,1558,277052.0,27936859.0,101.5,101.5,100.5,100.5,-1.5,308.0
2024-03-11,1558,460285.0,45731003.0,99.9,100.0,98.6,99.6,-0.9,575.0
2024-03-12,1558,279393.0,27800528.0,99.1,100.5,98.9,100.5,0.9,335.0
2024-03-13,1558,159642.0,16071635.0,100.0,101.5,99.9,100.5,0.0,184.0
2024-03-14,1558,106702.0,10668883.0,100.5,100.5,99.7,100.0,-0.5,168.0
2024-03-15,1558,66802.0,6665298.0,100.0,100.0,99.5,99.8,-0.2,159.0
2024-03-18,1558,100013.0,9973567.0,99.8,100.0,99.5,99.5,-0.3,194.0
2024-03-19,1558,98647.0,9811699.0,99.5,99.9,99.2,99.3,-0.2,180.0
2024-03-20,1558,299927.0,29631396.0,99.1,99.3,98.0,98.3,-1.0,486.0
2024-03-21,1558,215173.0,21101064.0,98.3,98.6,97.5,98.1,-0.2,1212.0
2024-03-22,1558,126461.0,12402126.0,98.3,98.5,97.8,98.1,0.0,704.0
2024-03-25,1558,151371.0,14787432.0,98.0,98.0,97.5,97.8,-0.3,701.0
2024-03-26,1558,160982.0,15702804.0,97.8,97.9,97.3,97.5,-0.3,507.0
2024-03-27,1558,106459.0,10439034.0,97.5,98.8,97.5,98.5,1.0,389.0
2024-03-28,1558,57987.0,5740212.0,98.8,99.3,98.8,99.0,0.5,429.0
2024-03-29,1558,73510.0,7303043.0,99.0,99.6,99.0,99.2,0.2,325.0
2024-04-01,1558,74055.0,7327717.0,99.2,99.2,98.7,98.8,-0.4,322.0
2024-04-02,1558,47418.0,4679349.0,98.8,98.8,98.6,98.6,-0.2,240.0
2024-04-03,1558,30231.0,2980638.0,98.6,98.7,98.5,98.5,-0.1,172.0
2024-04-08,1558,178575.0,17449509.0,98.5,98.5,97.3,97.5,-1.0,676.0
2024-04-09,1558,87333.0,8516250.0,97.3,97.8,97.2,97.6,0.1,302.0
2024-04-10,1558,68774.0,6729537.0,97.6,98.1,97.4,97.9,0.3,317.0
2024-04-11,1558,73865.0,7236388.0,97.9,98.3,97.8,97.8,-0.1,304.0
2024-04-12,1558,57268.0,5635576.0,98.6,98.6,98.0,98.3,0.5,366.0
2024-04-15,1558,85911.0,8431152.0,98.0,98.6,97.8,98.2,-0.1,742.0
2024-04-16,1558,88792.0,8693824.0,98.0,98.2,97.7,97.9,-0.3,633.0
2024-04-17,1558,40968.0,4020621.0,97.9,98.4,97.7,98.0,0.1,487.0
2024-04-18,1558,30191.0,2970174.0,97.8,98.5,97.8,98.4,0.4,1370.0
2024-04-19,1558,148267.0,14449289.0,98.1,98.1,96.9,97.2,-1.2,784.0
2024-04-22,1558,75053.0,7322428.0,97.6,97.9,97.4,97.4,0.2,393.0
2024-04-23,1558,29592.0,2889674.0,97.6,97.9,97.6,97.6,0.2,140.0
2024-04-24,1558,43806.0,4280827.0,97.7,98.0,97.6,97.7,0.1,166.0
2024-04-25,1558,74738.0,7330685.0,97.7,98.6,97.6,98.2,0.5,148.0
2024-04-26,1558,42655.0,4187068.0,98.2,98.4,98.0,98.1,-0.1,345.0
2024-04-29,1558,64390.0,6346911.0,98.2,99.0,98.2,98.9,0.8,294.0
2024-04-30,1558,63910.0,6331050.0,99.0,99.2,98.9,99.0,0.1,82.0
2024-05-02,1558,42703.0,4224395.0,99.0,99.1,98.8,99.1,0.1,111.0
2024-05-03,1558,66301.0,6553971.0,98.4,99.1,98.4,98.9,-0.2,111.0
2024-05-06,1558,59321.0,5883891.0,99.1,99.3,99.0,99.1,0.2,122.0
2024-05-07,1558,337768.0,34294844.0,99.5,103.0,99.5,102.5,3.4,385.0
2024-05-08,1558,55694.0,5685900.0,102.5,103.0,101.5,102.0,-0.5,243.0
2024-05-09,1558,92626.0,9337975.0,101.0,101.5,100.5,100.5,-1.5,131.0
2024-05-10,1558,44023.0,4457558.0,100.5,101.5,100.5,101.5,1.0,91.0
2024-05-13,1558,48357.0,4886634.0,101.5,102.0,100.5,100.5,-1.0,153.0
2024-05-14,1558,54935.0,5513662.0,100.5,100.5,100.0,100.5,0.0,95.0
2024-05-15,1558,91902.0,9294055.0,100.5,102.0,100.5,101.0,0.5,130.0
2024-05-16,1558,133837.0,13697615.0,102.5,103.0,101.5,102.0,1.0,164.0
2024-05-17,1558,103496.0,10650457.0,102.0,103.5,102.0,102.5,0.5,167.0
2024-05-20,1558,72245.0,7445053.0,103.5,103.5,102.5,103.0,0.5,166.0
2024-05-21,1558,80438.0,8296205.0,103.0,104.0,102.5,102.5,-0.5,100.0
2024-05-22,1558,57109.0,5825974.0,102.0,102.5,101.5,101.5,-1.0,160.0
2024-05-23,1558,50495.0,5108277.0,101.5,102.0,100.5,100.5,-1.0,116.0
2024-05-24,1558,25184.0,2538437.0,100.5,101.5,100.5,100.5,0.0,77.0
2024-05-27,1558,37142.0,3755163.0,101.0,101.5,100.5,101.0,0.5,96.0
2024-05-28,1558,27186.0,2750366.0,101.0,101.5,101.0,101.0,0.0,71.0
2024-05-29,1558,69105.0,6954255.0,101.0,101.5,100.5,100.5,-0.5,113.0
2024-05-30,1558,37189.0,3752176.0,100.5,101.5,100.5,101.0,0.5,71.0
2024-05-31,1558,57841.0,5851854.0,101.0,102.0,101.0,101.5,0.5,82.0
2024-06-03,1558,40268.0,4074561.0,101.5,101.5,100.5,101.0,-0.5,92.0
2024-06-04,1558,26788.0,2710840.0,102.0,102.0,101.0,101.5,0.5,60.0
2024-06-05,1558,43033.0,4343561.0,101.5,101.5,100.0,101.0,-0.5,93.0
2024-06-06,1558,28481.0,2874677.0,101.0,101.0,100.5,100.5,-0.5,86.0
2024-06-07,1558,35376.0,3566147.0,100.5,101.5,100.5,101.0,0.5,70.0
2024-06-11,1558,64675.0,6558148.0,102.0,102.0,101.0,101.5,0.5,94.0
2024-06-12,1558,129565.0,13105033.0,102.0,102.0,100.5,101.0,-0.5,143.0
2024-06-13,1558,90349.0,9114017.0,101.0,101.0,100.5,101.0,0.0,126.0
2024-06-14,1558,41505.0,4189577.0,101.0,101.5,100.5,101.5,0.5,74.0
2024-06-17,1558,53713.0,5453547.0,101.0,102.0,101.0,101.5,0.0,106.0
2024-06-18,1558,66974.0,6768392.0,101.5,101.5,100.5,100.5,-1.0,91.0
2024-06-19,1558,47179.0,4762662.0,101.0,101.5,100.5,100.5,0.0,85.0
2024-06-20,1558,92663.0,9329915.0,100.5,101.0,100.5,100.5,0.0,87.0
2024-06-21,1558,45850.0,4643995.0,100.5,101.5,100.5,101.0,0.5,76.0
2024-06-24,1558,37837.0,3833145.0,101.5,101.5,101.0,101.5,0.5,90.0
2024-06-25,1558,34735.0,3516476.0,102.0,102.0,101.0,101.0,-0.5,73.0
2024-06-26,1558,44189.0,4474517.0,101.0,101.5,100.5,101.0,0.0,333.0
2024-06-27,1558,46906.0,4728344.0,100.5,101.0,100.5,101.0,0.0,61.0
2024-06-28,1558,30207.0,3054236.0,101.0,101.5,100.5,101.0,0.0,60.0
2024-07-01,1558,31647.0,3195992.0,101.0,101.5,100.5,101.0,0.0,56.0
2024-07-02,1558,49481.0,4987479.0,101.5,101.5,100.5,100.5,-0.5,91.0
2024-07-03,1558,64595.0,6504937.0,101.0,101.0,100.5,100.5,0.0,85.0
2024-07-04,1558,89979.0,9069926.0,101.0,101.0,100.5,101.0,0.5,107.0
2024-07-05,1558,101231.0,10214263.0,101.0,101.5,100.5,101.0,0.0,125.0
2024-07-08,1558,91374.0,9212845.0,101.0,101.0,100.5,101.0,0.0,151.0
2024-07-09,1558,95316.0,9588009.0,100.5,101.0,100.0,100.5,-0.5,141.0
2024-07-10,1558,78600.0,7926104.0,101.0,101.0,100.5,101.0,0.5,88.0
2024-07-11,1558,90589.0,9142326.0,101.0,101.0,100.5,101.0,0.0,120.0
2024-07-12,1558,93711.0,9496863.0,100.5,101.5,100.5,101.5,0.5,139.0
2024-07-15,1558,93011.0,9471172.0,101.0,102.5,101.0,102.5,1.0,121.0
2024-07-16,1558,79715.0,8153663.0,102.5,102.5,102.0,102.0,-0.5,211.0
2024-07-17,1558,99723.0,10224043.0,102.0,103.0,102.0,102.5,0.5,130.0
2024-07-18,1558,76877.0,7882244.0,102.5,103.0,102.0,103.0,0.5,108.0
2024-07-19,1558,75840.0,7926713.0,102.0,102.0,101.5,102.0,-1.0,96.0
2024-07-22,1558,151990.0,15261841.0,101.0,101.0,100.0,100.5,-1.5,209.0
2024-07-23,1558,31526.0,3181111.0,101.0,101.5,100.5,101.0,0.5,84.0
2024-07-26,1558,63620.0,6374521.0,100.5,101.0,99.6,101.0,0.0,120.0
2024-07-29,1558,56662.0,5709699.0,101.5,101.5,100.5,100.5,-0.5,113.0
2024-07-30,1558,179114.0,18042661.0,100.0,101.0,100.0,101.0,0.5,132.0
2024-07-31,1558,89358.0,9046502.0,101.0,101.5,100.5,101.5,0.5,134.0
2024-08-01,1558,191760.0,19030403.0,98.5,99.5,98.5,99.4,0.0,150.0
2024-08-02,1558,182542.0,18050117.0,99.3,99.8,98.6,98.7,-0.7,210.0
2024-08-05,1558,281967.0,27175434.0,98.0,99.8,95.0,96.1,-2.6,449.0
2024-08-06,1558,134365.0,12787094.0,96.0,96.2,93.2,96.0,-0.1,259.0
2024-08-07,1558,72906.0,7107040.0,96.1,98.0,96.1,97.7,1.7,162.0
2024-08-08,1558,78193.0,7675115.0,98.0,98.6,97.4,98.5,0.8,141.0
2024-08-09,1558,167067.0,17087052.0,102.5,104.0,101.5,102.0,3.5,239.0
2024-08-12,1558,145798.0,15001400.0,102.5,104.0,102.0,102.5,0.5,207.0
2024-08-13,1558,184450.0,19114979.0,104.0,104.0,103.0,104.0,1.5,877.0
2024-08-14,1558,212170.0,22290127.0,105.0,106.0,104.5,104.5,0.5,230.0
2024-08-15,1558,397726.0,42563537.0,106.5,108.0,105.5,107.0,2.5,495.0
2024-08-16,1558,168513.0,17963524.0,109.0,109.0,107.5,107.5,0.5,320.0
2024-08-19,1558,97492.0,10349945.0,108.5,108.5,105.5,106.0,-1.5,184.0
2024-08-20,1558,138135.0,14712299.0,106.0,107.0,106.0,107.0,1.0,215.0
2024-08-21,1558,80398.0,8615418.0,107.0,107.5,106.5,107.5,0.5,151.0
2024-08-22,1558,71614.0,7661366.0,107.5,107.5,106.5,106.5,-1.0,96.0
2024-08-23,1558,69754.0,7407919.0,107.0,107.0,105.5,106.5,0.0,98.0
2024-08-26,1558,68518.0,7289359.0,106.5,107.0,106.0,106.5,0.0,91.0
2024-08-27,1558,54049.0,5742535.0,106.0,107.0,105.5,107.0,0.5,110.0
2024-08-28,1558,51345.0,5483474.0,107.0,107.5,106.5,106.5,-0.5,89.0
2024-08-29,1558,46025.0,4886719.0,106.0,107.0,106.0,106.0,-0.5,69.0
2024-08-30,1558,255228.0,27669963.0,106.0,109.0,106.0,109.0,3.0,292.0
2024-09-02,1558,238154.0,26368929.0,110.0,111.5,110.0,111.0,2.0,334.0
2024-09-03,1558,194144.0,21662464.0,111.0,112.5,110.5,112.5,1.5,332.0
2024-09-04,1558,199737.0,21818593.0,109.0,111.0,107.5,108.0,-4.5,330.0
2024-09-05,1558,113653.0,12501187.0,109.5,111.0,109.0,109.0,1.0,174.0
2024-09-06,1558,80450.0,8850840.0,110.5,110.5,109.5,110.0,1.0,150.0
2024-09-09,1558,106166.0,11511698.0,108.5,109.5,108.0,108.0,-2.0,292.0
2024-09-10,1558,429356.0,48331161.0,112.5,113.5,111.0,111.5,3.5,483.0
2024-09-11,1558,717765.0,83024403.0,113.0,118.0,112.0,115.5,4.0,1122.0
2024-09-12,1558,246638.0,28432608.0,117.0,117.5,114.0,115.5,0.0,361.0
2024-09-13,1558,333418.0,39129266.0,115.5,119.0,114.5,117.0,1.5,372.0
2024-09-16,1558,199792.0,23512775.0,118.0,119.0,117.0,117.5,0.5,246.0
2024-09-18,1558,238849.0,27747337.0,117.5,118.0,115.0,115.5,-2.0,282.0
2024-09-19,1558,143175.0,16742136.0,116.5,118.0,115.0,118.0,2.5,213.0
2024-09-20,1558,176030.0,20690676.0,119.0,119.0,116.0,117.0,-1.0,174.0
2024-09-23,1558,102394.0,12005926.0,118.0,118.0,116.5,117.0,0.0,159.0
2024-09-24,1558,139001.0,16265597.0,117.0,117.5,116.0,117.5,0.5,134.0
2024-09-25,1558,79419.0,9308237.0,117.5,117.5,116.5,117.5,0.0,144.0
2024-09-26,1558,90225.0,10512569.0,117.5,117.5,116.0,116.0,-1.5,116.0
2024-09-27,1558,95669.0,11155524.0,116.5,117.0,116.0,117.0,1.0,131.0
2024-09-30,1558,115294.0,13311307.0,116.5,116.5,115.0,115.5,-1.5,371.0
2024-10-01,1558,104609.0,12077566.0,115.0,116.5,115.0,116.5,1.0,122.0
2024-10-04,1558,161518.0,18518759.0,116.0,116.0,113.5,114.0,-2.5,339.0
2024-10-07,1558,176568.0,19962022.0,114.0,114.0,112.0,113.0,-1.0,370.0
2024-10-08,1558,66779.0,7591014.0,113.0,114.0,113.0,113.5,0.5,119.0
2024-10-09,1558,144900.0,16272264.0,114.0,114.0,111.0,112.0,-1.5,404.0
2024-10-11,1558,336042.0,36827361.0,110.0,111.0,108.5,108.5,-3.5,403.0
2024-10-14,1558,220649.0,23933513.0,108.0,109.5,108.0,109.0,0.5,282.0
2024-10-15,1558,85541.0,9452997.0,109.0,111.0,109.0,110.5,1.5,120.0
2024-10-16,1558,112415.0,12422787.0,109.0,111.5,109.0,111.5,1.0,160.0
2024-10-17,1558,47069.0,5217143.0,111.5,111.5,110.0,110.5,-1.0,73.0
2024-10-18,1558,62807.0,6882501.0,110.5,110.5,109.0,109.0,-1.5,743.0
2024-10-21,1558,78435.0,8515388.0,109.0,109.5,107.5,108.5,-0.5,99.0
2024-10-22,1558,80593.0,8716113.0,108.0,109.0,107.5,108.5,0.0,90.0
2024-10-23,1558,33068.0,3583198.0,107.5,108.5,107.5,108.5,0.0,55.0
2024-10-24,1558,76579.0,8280248.0,108.0,108.5,107.5,107.5,-1.0,75.0
2024-10-25,1558,31942.0,3469076.0,108.5,109.0,108.0,108.5,1.0,56.0
2024-10-28,1558,65112.0,7052702.0,108.0,109.0,108.0,108.5,0.0,74.0
2024-10-29,1558,37379.0,4030126.0,108.5,108.5,107.5,107.5,-1.0,61.0
2024-10-30,1558,63168.0,6784998.0,107.5,108.5,107.0,107.0,-0.5,97.0
2024-11-01,1558,97677.0,10340565.0,106.5,106.5,105.0,106.0,-1.0,117.0
2024-11-04,1558,50038.0,5336161.0,106.0,108.0,106.0,106.0,0.0,95.0
2024-11-05,1558,50944.0,5458048.0,105.5,108.0,105.5,107.5,1.5,75.0
2024-11-06,1558,39267.0,4236774.0,107.0,108.5,107.0,107.0,-0.5,62.0
2024-11-07,1558,56465.0,6081884.0,107.0,108.5,107.0,108.0,1.0,60.0
2024-11-08,1558,61580.0,6659685.0,108.0,109.0,108.0,108.0,0.0,90.0
2024-11-11,1558,148107.0,15727427.0,108.0,108.0,105.5,106.0,-2.0,187.0
2024-11-12,1558,179874.0,18791753.0,105.5,105.5,104.0,104.5,-1.5,228.0
2024-11-13,1558,107602.0,11155522.0,104.5,104.5,103.0,103.5,-1.0,180.0
2024-11-14,1558,89032.0,9157650.0,103.5,103.5,102.5,102.5,-1.0,126.0
2024-11-15,1558,320721.0,32685332.0,102.5,103.0,101.0,101.0,-1.5,321.0
2024-11-18,1558,112119.0,11428008.0,101.5,103.0,101.0,103.0,2.0,156.0
2024-11-19,1558,47392.0,4886132.0,102.5,104.0,102.5,103.5,0.5,93.0
2024-11-20,1558,42396.0,4377235.0,103.5,103.5,103.0,103.5,0.0,88.0
2024-11-21,1558,90632.0,9502986.0,104.5,105.5,103.5,105.5,2.0,113.0
2024-11-22,1558,117808.0,12654634.0,106.0,108.0,106.0,108.0,2.5,155.0
2024-11-25,1558,84241.0,8975545.0,108.0,108.0,105.5,107.0,-1.0,117.0
2024-11-26,1558,126707.0,13339048.0,105.0,105.5,105.0,105.0,-2.0,88.0
2024-11-27,1558,54164.0,5642662.0,104.5,104.5,103.5,104.0,-1.0,79.0
2024-11-28,1558,133902.0,13806641.0,103.5,104.0,102.5,103.0,-1.0,121.0
2024-11-29,1558,31500.0,3255090.0,103.0,104.0,102.0,103.5,0.5,45.0
2024-12-02,1558,30283.0,3128035.0,103.0,104.0,103.0,103.0,-0.5,74.0
2024-12-03,1558,40288.0,4191088.0,103.5,104.5,103.5,104.5,1.5,71.0
2024-12-04,1558,48443.0,5027441.0,103.5,104.0,103.5,103.5,-1.0,75.0
2024-12-05,1558,68523.0,7078063.0,103.5,104.0,103.0,103.5,0.0,81.0
2024-12-06,1558,55908.0,5788735.0,103.0,104.0,103.0,103.0,-0.5,76.0
2024-12-09,1558,34562.0,3567584.0,103.0,104.0,103.0,103.0,0.0,135.0
2024-12-10,1558,139686.0,14656542.0,105.5,105.5,103.5,103.5,0.5,117.0
2024-12-11,1558,65649.0,6830618.0,103.5,104.5,103.0,104.5,1.0,107.0
2024-12-12,1558,44450.0,4633647.0,104.5,104.5,103.5,103.5,-1.0,92.0
2024-12-13,1558,59780.0,6172653.0,103.0,103.5,102.5,103.5,0.0,125.0
2024-12-16,1558,59663.0,6172880.0,103.5,104.0,102.5,102.5,-1.0,91.0
2024-12-17,1558,21949.0,2259208.0,102.0,103.5,102.0,103.0,0.5,60.0
2024-12-18,1558,78131.0,8155392.0,102.5,105.0,102.5,104.5,1.5,104.0
2024-12-19,1558,36366.0,3796186.0,103.5,105.0,103.5,104.0,-0.5,86.0
2024-12-20,1558,64659.0,6742034.0,104.0,105.0,103.5,104.0,0.0,146.0
2024-12-23,1558,96932.0,10202069.0,104.0,106.0,104.0,105.5,1.5,118.0
2024-12-24,1558,458852.0,49798075.0,106.0,110.0,105.5,109.0,3.5,816.0
2024-12-25,1558,230631.0,25129295.0,110.5,110.5,108.0,108.5,-0.5,244.0
2024-12-26,1558,171670.0,18855681.0,110.0,112.5,108.5,108.5,0.0,201.0
2024-12-27,1558,86204.0,9357580.0,110.0,110.0,108.0,108.5,0.0,134.0
2024-12-30,1558,152541.0,16544855.0,108.5,109.5,107.5,108.5,0.0,172.0
2024-12-31,1558,320694.0,35427392.0,109.0,112.0,108.5,111.0,2.5,373.0
2025-01-02,1558,243823.0,27228868.0,111.0,112.5,110.5,111.5,0.5,624.0
2025-01-03,1558,164262.0,18274764.0,112.0,112.0,111.0,111.0,-0.5,253.0
2025-01-06,1558,510697.0,58378980.0,112.5,116.0,112.5,113.0,2.0,684.0
2025-01-07,1558,115185.0,13022475.0,114.0,114.0,112.5,113.0,0.0,359.0
2025-01-08,1558,120151.0,13434642.0,113.0,113.0,111.0,112.0,-1.0,682.0
2025-01-09,1558,103862.0,11455629.0,112.0,112.0,108.5,109.5,-2.5,173.0
2025-01-10,1558,62778.0,6795880.0,109.0,109.5,107.5,108.5,-1.0,543.0
2025-01-13,1558,179215.0,18940572.0,107.5,107.5,105.0,105.0,-3.5,216.0
2025-01-14,1558,44628.0,4737714.0,105.5,107.0,105.0,106.0,1.0,65.0
2025-01-15,1558,36152.0,3815026.0,105.5,106.5,105.0,105.5,-0.5,159.0
2025-01-16,1558,70774.0,7568551.0,107.5,107.5,106.0,107.0,1.5,92.0
2025-01-17,1558,61862.0,6558449.0,106.0,106.5,105.5,106.0,-1.0,93.0
2025-01-20,1558,58888.0,6233349.0,105.5,106.0,105.5,105.5,-0.5,111.0
2025-01-21,1558,64738.0,6863232.0,106.0,106.5,105.5,106.0,0.5,76.0
2025-01-22,1558,18000.0,1912714.0,106.0,107.0,106.0,107.0,1.0,60.0
2025-02-03,1558,128079.0,13500708.0,105.5,106.0,105.0,105.5,-1.5,171.0
2025-02-04,1558,111513.0,11717665.0,105.5,106.0,104.0,104.0,-1.5,175.0
2025-02-05,1558,104500.0,10989048.0,104.0,105.5,104.0,105.5,1.5,139.0
2025-02-06,1558,69185.0,7352337.0,106.0,106.5,106.0,106.0,0.5,125.0
2025-02-07,1558,84959.0,9045531.0,105.5,107.0,105.5,106.5,0.5,155.0
2025-02-10,1558,68243.0,7312740.0,106.5,107.5,106.5,107.5,1.0,166.0
2025-02-11,1558,124020.0,13428614.0,109.0,109.0,108.0,108.0,0.5,170.0
2025-02-12,1558,51723.0,5588868.0,108.5,108.5,107.5,107.5,-0.5,106.0
2025-02-13,1558,82037.0,8847845.0,108.0,108.5,107.5,108.0,0.5,147.0
2025-02-14,1558,40003.0,4313697.0,108.5,108.5,107.0,108.0,0.0,120.0
2025-02-17,1558,63434.0,6878742.0,108.0,109.0,108.0,108.5,0.5,157.0
2025-02-18,1558,37131.0,4024488.0,108.5,108.5,108.0,108.0,-0.5,118.0
2025-02-19,1558,179454.0,19708225.0,108.5,111.0,108.5,110.5,2.5,214.0
2025-02-20,1558,93209.0,10252953.0,110.5,110.5,109.5,110.0,-0.5,154.0
2025-02-21,1558,106484.0,11774977.0,110.0,111.0,110.0,110.5,0.5,180.0
2025-02-24,1558,88771.0,9775598.0,110.5,110.5,109.5,109.5,-1.0,169.0
2025-02-25,1558,67333.0,7369250.0,109.5,110.0,109.0,110.0,0.5,175.0
2025-02-26,1558,89171.0,9828358.0,110.0,110.5,109.5,110.0,0.0,138.0
2025-02-27,1558,164264.0,18216305.0,110.5,111.5,110.0,111.0,1.0,189.0
2025-03-03,1558,67219.0,7427153.0,111.0,111.5,110.0,111.0,0.0,167.0
2025-03-04,1558,134907.0,14921315.0,111.0,111.5,110.0,111.5,0.5,272.0
2025-03-05,1558,76659.0,8562453.0,112.0,112.5,110.5,112.0,0.5,154.0
2025-03-06,1558,316596.0,35819214.0,112.5,113.5,112.5,113.5,1.5,384.0
2025-03-07,1558,89242.0,9995514.0,113.5,113.5,111.0,111.5,-2.0,579.0
2025-03-10,1558,305940.0,33799132.0,110.5,111.5,109.0,111.5,0.0,1190.0
2025-03-11,1558,194327.0,21379885.0,109.5,111.5,109.0,111.0,-0.5,205.0
2025-03-12,1558,80593.0,8965582.0,112.0,112.0,110.5,112.0,1.0,232.0
2025-03-13,1558,136872.0,15216339.0,111.5,112.5,110.5,110.5,-1.5,297.0
2025-03-14,1558,116446.0,12852763.0,111.5,111.5,110.0,110.0,-0.5,154.0
2025-03-17,1558,95099.0,10626311.0,110.0,112.5,110.0,111.5,1.5,195.0
2025-03-18,1558,71479.0,8013540.0,112.0,112.5,111.5,112.5,1.0,229.0
2025-03-19,1558,42596.0,4768071.0,111.5,112.0,111.5,112.0,-0.5,136.0
2025-03-20,1558,40552.0,4536811.0,112.0,112.0,111.0,111.5,-0.5,120.0
2025-03-21,1558,74100.0,8450636.0,111.5,111.5,111.0,111.0,-0.5,399.0
2025-03-24,1558,102399.0,11363000.0,111.5,112.0,110.5,111.0,0.0,275.0
2025-03-25,1558,78709.0,8749778.0,111.5,111.5,111.0,111.0,0.0,395.0
2025-03-26,1558,44211.0,4921146.0,111.5,112.0,111.0,111.0,0.0,146.0
2025-03-27,1558,131390.0,14454383.0,111.0,111.0,109.5,110.0,-1.0,190.0
2025-03-28,1558,163395.0,17702481.0,109.0,109.0,107.5,107.5,-2.5,303.0
2025-03-31,1558,240400.0,25489066.0,105.5,107.0,105.0,105.5,-2.0,373.0
2025-04-01,1558,85172.0,9030803.0,105.5,107.0,105.5,106.5,1.0,186.0
2025-04-02,1558,71551.0,7638343.0,106.0,107.5,106.0,106.5,0.0,204.0
2025-04-07,1558,440834.0,42276154.0,95.9,95.9,95.9,95.9,-10.6,725.0
2025-04-08,1558,308290.0,28920645.0,93.0,95.8,92.0,95.3,-0.6,588.0
2025-04-09,1558,451356.0,41040702.0,93.0,93.3,89.0,89.0,-6.3,1227.0
2025-04-10,1558,121502.0,11853048.0,97.8,97.9,94.6,97.9,8.9,486.0
2025-04-11,1558,166801.0,16195436.0,93.2,98.2,93.2,97.3,-0.6,553.0
2025-04-14,1558,230811.0,22315801.0,96.0,97.5,96.0,96.6,-0.7,502.0
2025-04-15,1558,212754.0,20814851.0,96.0,99.3,96.0,97.9,1.3,365.0
2025-04-16,1558,54707.0,5368185.0,97.5,98.9,97.5,97.8,-0.1,134.0
2025-04-17,1558,64452.0,6294701.0,97.5,98.8,97.4,97.5,-0.3,101.0
2025-04-18,1558,44639.0,4363885.0,97.5,98.9,97.5,97.5,0.0,364.0
2025-04-21,1558,60517.0,5884545.0,97.6,98.4,96.2,96.2,-1.3,335.0
2025-04-22,1558,100946.0,9648347.0,95.5,97.0,94.8,95.0,-1.2,173.0
2025-04-23,1558,39642.0,3836865.0,96.6,97.2,96.6,96.7,1.7,99.0
2025-04-24,1558,15177.0,1477162.0,97.1,98.0,97.0,98.0,1.3,168.0
2025-04-25,1558,56981.0,5622929.0,98.3,99.0,98.3,98.9,0.9,88.0
2025-04-28,1558,65946.0,6519874.0,98.8,99.0,98.7,98.7,-0.2,101.0
2025-04-29,1558,55293.0,5483289.0,98.4,99.7,98.2,99.4,0.7,152.0
2025-04-30,1558,85514.0,8542867.0,99.8,101.0,99.3,99.3,-0.1,142.0
2025-05-02,1558,45166.0,4497712.0,99.3,100.0,99.3,99.8,0.5,130.0
2025-05-05,1558,192009.0,18656948.0,99.3,99.3,96.0,96.3,-3.5,412.0
2025-05-06,1558,21366.0,2068206.0,95.7,97.8,95.7,97.1,0.8,55.0
2025-05-07,1558,34607.0,3355408.0,97.2,97.9,96.5,97.0,-0.1,54.0
2025-05-08,1558,12938.0,1267132.0,96.6,98.3,96.6,97.9,0.9,36.0
2025-05-09,1558,33336.0,3284830.0,97.9,99.3,97.6,98.9,1.0,40.0
2025-05-12,1558,78841.0,7732257.0,98.3,98.8,97.7,98.5,-0.4,120.0
2025-05-13,1558,69931.0,6926427.0,99.1,99.9,98.3,98.8,0.3,99.0
2025-05-14,1558,43625.0,4347224.0,99.0,100.5,99.0,100.0,1.2,152.0
2025-05-15,1558,67126.0,6704783.0,100.5,100.5,99.6,99.6,-0.4,173.0
2025-05-16,1558,93258.0,9230709.0,99.1,99.7,98.5,99.1,-0.5,142.0
2025-05-19,1558,24471.0,2417020.0,98.5,99.5,98.5,98.6,-0.5,57.0
2025-05-20,1558,19621.0,1931651.0,98.4,98.7,98.1,98.6,0.0,52.0
2025-05-21,1558,9882.0,977995.0,99.2,99.4,98.4,99.3,0.7,36.0
2025-05-22,1558,24360.0,2401906.0,98.6,99.0,98.4,98.5,-0.8,57.0
2025-05-23,1558,21178.0,2093533.0,98.5,99.7,98.5,99.1,0.6,34.0
2025-05-26,1558,19885.0,1965977.0,99.0,99.1,98.7,98.8,-0.3,47.0
2025-05-27,1558,65094.0,6372680.0,98.2,98.3,97.0,97.0,-1.8,68.0
2025-05-28,1558,68167.0,6616628.0,97.2,97.4,96.6,96.9,-0.1,63.0
2025-05-29,1558,17630.0,1710861.0,96.9,97.3,96.8,96.9,0.0,52.0
2025-06-02,1558,59394.0,5694272.0,96.9,96.9,95.5,95.8,-1.1,87.0
2025-06-03,1558,14352.0,1378357.0,95.8,96.3,95.8,96.0,0.2,38.0
2025-06-04,1558,25247.0,2439643.0,95.8,97.2,95.8,96.5,0.5,93.0
2025-06-05,1558,26663.0,2583785.0,96.6,97.8,96.0,96.6,0.1,58.0
2025-06-06,1558,18708.0,1807118.0,96.5,97.6,96.0,96.6,0.0,82.0
2025-06-09,1558,20177.0,1966454.0,96.5,98.0,96.4,96.7,0.1,40.0
2025-06-10,1558,41488.0,4083796.0,98.0,99.0,97.3,98.0,1.3,76.0
2025-06-11,1558,43528.0,4297558.0,98.5,99.3,98.3,98.6,0.6,63.0
2025-06-12,1558,22355.0,2211737.0,98.6,99.4,98.6,98.8,0.2,54.0
2025-06-13,1558,26309.0,2588287.0,98.7,98.8,97.6,98.3,-0.5,53.0
2025-06-16,1558,53186.0,5268632.0,98.2,99.8,98.0,99.8,1.5,119.0
2025-06-17,1558,30715.0,3059056.0,99.3,99.8,99.3,99.8,0.0,56.0
2025-06-18,1558,142442.0,14251555.0,99.6,100.5,99.6,100.0,0.2,225.0
2025-06-19,1558,48512.0,4839861.0,100.0,100.0,99.6,99.6,-0.4,197.0
2025-06-20,1558,62286.0,6167700.0,99.6,99.6,98.5,98.6,-1.0,107.0
2025-06-23,1558,37715.0,3696127.0,97.9,98.4,97.1,98.1,-0.5,101.0
2025-06-24,1558,25250.0,2507685.0,98.6,99.7,98.6,99.7,1.6,43.0
2025-06-25,1558,12846.0,1283471.0,99.9,100.0,99.8,99.8,0.1,64.0
2025-06-26,1558,54489.0,5459625.0,99.7,101.0,99.7,99.9,0.1,170.0
2025-06-27,1558,36766.0,3679461.0,99.9,100.5,99.9,100.0,0.1,53.0
2025-06-30,1558,49263.0,4924142.0,100.0,100.0,99.8,99.9,-0.1,66.0
2025-07-01,1558,266416.0,26790038.0,100.5,104.5,98.6,103.0,3.1,586.0
2025-07-02,1558,156977.0,16353698.0,102.0,106.0,102.0,105.0,2.0,174.0
2025-07-03,1558,51360.0,5363065.0,105.0,105.0,103.5,104.0,-1.0,113.0
2025-07-04,1558,27192.0,2812952.0,103.0,104.0,103.0,103.5,-0.5,42.0
2025-07-07,1558,18829.0,1944443.0,103.0,104.0,102.5,102.5,-1.0,48.0
2025-07-08,1558,37678.0,3816786.0,102.0,102.5,100.0,101.0,-1.5,119.0
2025-07-09,1558,31146.0,3152316.0,101.5,102.0,101.0,101.0,0.0,42.0
2025-07-10,1558,26380.0,2660916.0,100.5,101.5,100.0,101.0,0.0,289.0
2025-07-11,1558,15447.0,1561932.0,101.0,101.5,101.0,101.0,0.0,69.0
2025-07-14,1558,25251.0,2558584.0,101.0,102.0,101.0,101.0,0.0,132.0
2025-07-15,1558,25384.0,2577533.0,102.0,102.0,101.0,101.0,0.0,33.0
2025-07-16,1558,76515.0,7785899.0,101.0,102.5,101.0,102.5,1.5,94.0
2025-07-17,1558,59860.0,6119357.0,102.5,102.5,102.0,102.0,-0.5,80.0
2025-07-18,1558,56037.0,5750485.0,102.0,103.0,102.0,102.5,0.5,76.0
2025-07-21,1558,107881.0,11074631.0,102.5,103.0,102.5,102.5,0.0,114.0
2025-07-22,1558,129720.0,13321660.0,102.5,103.5,101.5,101.5,-1.0,164.0
2025-07-23,1558,136045.0,14046458.0,101.5,104.5,101.5,103.5,2.0,166.0
2025-07-24,1558,433402.0,44964581.0,103.5,104.5,103.5,104.0,0.5,520.0
2025-07-25,1558,348166.0,34199523.0,98.3,99.0,97.3,98.5,0.0,308.0
2025-07-28,1558,50884.0,4991480.0,98.0,98.6,97.6,98.0,-0.5,416.0
2025-07-29,1558,67764.0,6598889.0,96.7,98.4,96.7,97.6,-0.4,259.0
2025-07-30,1558,17443.0,1707514.0,97.8,98.1,97.8,97.8,0.2,45.0
2025-07-31,1558,44205.0,4331108.0,98.3,98.3,97.5,98.0,0.2,110.0
2025-08-01,1558,28242.0,2774383.0,97.7,99.0,97.7,97.9,-0.1,51.0
2025-08-04,1558,39188.0,3810340.0,97.0,97.9,96.7,97.6,-0.3,80.0
2025-08-05,1558,20320.0,1988581.0,97.8,98.1,97.7,97.8,0.2,52.0
2025-08-06,1558,51323.0,5001771.0,97.9,97.9,96.9,96.9,-0.9,126.0
2025-08-07,1558,56555.0,5474157.0,97.7,97.7,96.4,96.8,-0.1,262.0
2025-08-08,1558,65911.0,6425521.0,96.7,99.0,96.3,97.7,0.9,88.0
2025-08-11,1558,15963.0,1550791.0,96.7,97.4,96.7,97.1,-0.6,45.0
2025-08-12,1558,33156.0,3215039.0,96.5,97.4,96.5,97.0,-0.1,92.0
2025-08-13,1558,38901.0,3766106.0,97.0,97.0,96.5,96.7,-0.3,253.0
2025-08-14,1558,58958.0,5705873.0,96.1,97.2,96.1,96.8,0.1,92.0
2025-08-15,1558,29151.0,2839223.0,97.0,98.2,96.9,98.0,1.2,149.0
2025-08-18,1558,64280.0,6339729.0,98.0,99.5,97.9,99.5,1.5,149.0
2025-08-19,1558,6856.0,677760.0,99.2,99.5,98.3,98.4,-1.1,90.0
2025-08-20,1558,27214.0,2639294.0,97.1,97.2,96.6,97.0,-1.4,279.0
2025-08-21,1558,52786.0,4903248.0,97.2,97.2,96.9,96.9,-0.1,152.0
2025-08-22,1558,28801.0,2789558.0,96.7,97.2,96.6,96.6,-0.3,52.0
2025-08-25,1558,77059.0,7456851.0,96.7,97.1,96.6,96.6,0.0,98.0
2025-08-26,1558,42952.0,4128805.0,96.6,97.0,95.8,95.8,-0.8,60.0
2025-08-27,1558,42106.0,4046239.0,95.8,96.4,95.8,96.0,0.2,71.0
2025-08-28,1558,56304.0,5429907.0,97.4,97.4,96.2,96.4,0.4,74.0
2025-08-29,1558,65222.0,6296972.0,96.5,96.8,96.4,96.5,0.1,91.0
2025-09-01,1558,61451.0,5866560.0,96.3,96.3,95.2,95.3,-1.2,229.0
2025-09-02,1558,126242.0,11908761.0,95.2,95.2,94.0,94.1,-1.2,243.0
2025-09-03,1558,41666.0,3930643.0,94.3,94.5,94.2,94.2,0.1,95.0
2025-09-04,1558,20702.0,1961973.0,94.8,94.9,94.4,94.7,0.5,61.0
2025-09-05,1558,29628.0,2801524.0,94.6,94.7,94.5,94.6,-0.1,229.0
2025-09-08,1558,37286.0,3527661.0,94.6,94.9,94.6,94.6,0.0,49.0
2025-09-09,1558,34381.0,3255378.0,94.7,94.8,94.3,94.3,-0.3,84.0
2025-09-10,1558,55108.0,5240223.0,94.3,96.7,94.0,94.9,0.6,93.0
2025-09-11,1558,119582.0,11204469.0,94.9,94.9,93.2,93.3,-1.6,466.0
2025-09-12,1558,145188.0,13433271.0,93.4,93.4,92.0,92.1,-1.2,311.0
2025-09-15,1558,51388.0,4737368.0,92.5,92.5,92.0,92.2,0.1,119.0
2025-09-16,1558,112851.0,10320206.0,92.0,92.4,91.0,91.2,-1.0,224.0
2025-09-17,1558,73267.0,6675147.0,91.0,91.5,91.0,91.1,-0.1,148.0
2025-09-18,1558,38039.0,3493188.0,91.1,92.0,91.1,91.9,0.8,87.0
2025-09-19,1558,64798.0,5925204.0,92.0,92.0,91.3,91.3,-0.6,223.0
2025-09-22,1558,39082.0,3569165.0,91.3,91.4,91.2,91.3,0.0,80.0
2025-09-23,1558,94162.0,8549401.0,91.3,91.3,90.5,90.8,-0.5,186.0
2025-09-24,1558,41028.0,3732060.0,90.5,91.2,90.5,90.8,0.0,83.0
2025-09-25,1558,26427.0,2408952.0,91.0,91.2,91.0,91.2,0.4,47.0
2025-09-26,1558,122868.0,11096889.0,90.8,90.8,90.1,90.3,-0.9,158.0
2025-09-30,1558,38588.0,3487309.0,90.5,90.6,90.3,90.4,0.1,59.0
2025-10-01,1558,46290.0,4184591.0,90.4,90.5,90.2,90.4,0.0,71.0
2025-10-02,1558,74010.0,6678906.0,90.0,90.5,90.0,90.1,-0.3,76.0
2025-10-03,1558,51439.0,4643146.0,90.2,90.4,90.1,90.4,0.3,73.0
2025-10-07,1558,173103.0,15562912.0,90.3,90.6,89.4,89.5,-0.9,257.0
2025-10-08,1558,75336.0,6728790.0,89.8,89.9,89.0,89.9,0.4,113.0
2025-10-09,1558,167413.0,14919727.0,89.5,89.6,88.8,89.1,-0.8,280.0
2025-10-13,1558,74545.0,6638598.0,89.0,89.2,88.8,89.1,0.0,129.0
2025-10-14,1558,124316.0,11084112.0,89.2,89.4,88.7,89.4,0.3,136.0
2025-10-15,1558,66392.0,5939118.0,89.0,89.8,89.0,89.7,0.3,115.0
2025-10-16,1558,158702.0,14423377.0,89.9,91.7,89.9,91.1,1.4,143.0
2025-10-17,1558,178332.0,16367284.0,90.9,92.5,90.9,92.2,1.1,161.0
2025-10-20,1558,194101.0,17832422.0,92.2,92.4,91.0,91.9,-0.3,284.0
2025-10-21,1558,54391.0,4957299.0,91.3,91.4,90.9,90.9,-1.0,259.0
2025-10-22,1558,23954.0,2174719.0,90.8,90.9,90.6,90.6,-0.3,138.0
2025-10-23,1558,79654.0,7257273.0,90.6,91.8,90.2,91.5,0.9,171.0
2025-10-27,1558,93746.0,8529835.0,91.2,91.4,90.5,91.2,-0.3,252.0
2025-10-28,1558,81285.0,7356204.0,90.7,91.0,90.2,90.3,-0.9,138.0
2025-10-29,1558,45984.0,4172351.0,90.4,91.1,90.3,90.9,0.6,66.0
2025-10-30,1558,75049.0,6785784.0,91.0,91.0,90.0,90.5,-0.4,197.0
2025-10-31,1558,157390.0,14476148.0,90.5,92.7,90.5,92.3,1.8,172.0
2025-11-03,1558,34318.0,3163040.0,92.3,93.0,91.5,92.4,0.1,206.0
2025-11-04,1558,19905.0,1828931.0,91.0,92.5,91.0,91.9,-0.5,45.0
2025-11-05,1558,25192.0,2316185.0,91.9,92.4,91.0,92.3,0.4,64.0
2025-11-06,1558,60058.0,5551435.0,92.3,92.7,92.0,92.4,0.1,151.0
2025-11-07,1558,233123.0,21850344.0,92.4,94.5,92.4,94.4,2.0,455.0
2025-11-10,1558,237609.0,22703560.0,93.8,96.9,93.8,96.5,2.1,306.0
2025-11-11,1558,132564.0,12774901.0,96.5,96.7,95.4,96.5,0.0,260.0
2025-11-12,1558,270954.0,26633080.0,96.5,99.0,96.5,98.7,2.2,298.0
2025-11-13,1558,124485.0,12204623.0,98.6,98.9,96.6,96.6,-2.1,189.0
2025-11-14,1558,295153.0,28965961.0,96.5,98.8,96.0,98.0,1.4,209.0
2025-11-17,1558,55414.0,5406241.0,98.1,98.3,96.9,97.0,-1.0,91.0
2025-11-18,1558,270898.0,26382293.0,97.0,97.9,96.8,97.5,0.5,176.0
2025-11-19,1558,26901.0,2612508.0,97.5,97.5,96.2,97.3,-0.2,54.0
2025-11-20,1558,168681.0,16513790.0,97.4,98.8,97.0,98.8,1.5,144.0
2025-11-21,1558,32361.0,3178824.0,97.0,99.0,97.0,97.5,-1.3,43.0
2025-11-24,1558,50225.0,4911165.0,97.5,98.2,97.5,97.5,0.0,109.0
2025-11-25,1558,48675.0,4767854.0,97.1,98.4,97.1,97.5,0.0,68.0
2025-11-26,1558,176836.0,17465827.0,97.5,99.3,97.5,99.3,1.8,144.0
2025-11-27,1558,28130.0,2776999.0,99.2,99.3,98.5,98.9,-0.4,42.0
2025-11-28,1558,200244.0,19979675.0,99.2,100.5,98.7,100.5,1.6,188.0
2025-12-01,1558,44372.0,4435561.0,99.8,100.0,99.8,99.8,-0.7,67.0
2025-12-02,1558,23019.0,2299491.0,100.0,100.0,99.7,99.7,-0.1,37.0
2025-12-03,1558,42568.0,4252397.0,100.0,100.0,99.7,99.8,0.1,36.0
2025-12-04,1558,105034.0,10581339.0,99.8,101.5,99.6,101.0,1.2,112.0
2025-12-05,1558,515558.0,53329771.0,101.5,106.0,100.5,103.0,2.0,407.0
2025-12-08,1558,57415.0,5846321.0,103.0,103.0,101.5,101.5,-1.5,92.0
2025-12-09,1558,14779.0,1499344.0,102.0,102.0,101.0,101.0,-0.5,40.0
2025-12-10,1558,141763.0,14041489.0,100.0,100.5,98.4,98.5,-2.5,568.0
2025-12-11,1558,44642.0,4441900.0,99.0,100.5,98.5,100.0,1.5,67.0
2025-12-12,1558,32445.0,3265693.0,100.0,101.5,99.6,99.7,-0.3,51.0
2025-12-15,1558,73219.0,7348108.0,98.5,101.5,98.5,101.0,1.3,74.0
2025-12-16,1558,184765.0,18855833.0,101.0,103.5,100.0,102.0,1.0,132.0
2025-12-17,1558,99669.0,10256730.0,102.0,103.5,102.0,102.0,0.0,126.0
2025-12-18,1558,107189.0,11000390.0,102.0,103.5,101.5,101.5,-0.5,97.0
2025-12-19,1558,56978.0,5837999.0,101.5,103.0,101.5,101.5,0.0,52.0
2025-12-22,1558,19985.0,2029114.0,98.4,102.0,98.4,101.0,-0.5,78.0
2025-12-23,1558,91265.0,9367549.0,100.5,103.5,100.5,102.0,1.0,99.0
2025-12-24,1558,444704.0,46348205.0,101.0,106.0,100.0,103.5,1.5,325.0
2025-12-26,1558,42204.0,4350909.0,103.5,104.0,102.0,102.5,-1.0,92.0
2025-12-29,1558,17403.0,1775094.0,101.5,102.5,101.5,102.0,-0.5,45.0
2025-12-30,1558,182570.0,18837929.0,102.0,104.0,101.0,104.0,2.0,177.0
2025-12-31,1558,34047.0,3497591.0,103.0,103.0,102.0,102.5,-1.5,120.0
2026-01-02,1558,60881.0,6276633.0,102.0,104.0,101.5,101.5,-1.0,67.0
2026-01-05,1558,182155.0,18974362.0,101.0,106.5,101.0,103.5,2.0,165.0
2026-01-06,1558,147187.0,15441522.0,103.5,106.0,102.5,104.5,1.0,139.0
2026-01-07,1558,49032.0,5095897.0,104.0,104.5,103.5,104.0,-0.5,76.0
2026-01-08,1558,58468.0,6111249.0,105.0,105.0,103.5,103.5,-0.5,81.0
2026-01-09,1558,15605.0,1618032.0,104.0,104.0,103.5,103.5,0.0,33.0
2026-01-12,1558,123983.0,12797808.0,102.0,104.5,102.0,103.0,-0.5,100.0
2026-01-13,1558,88473.0,9022635.0,101.0,102.5,101.0,101.5,-1.5,117.0
2026-01-14,1558,50875.0,5141589.0,101.0,101.5,100.5,101.5,0.0,63.0
2026-01-15,1558,22078.0,2249442.0,101.5,102.5,101.5,102.0,0.5,58.0
2026-01-16,1558,86632.0,8872649.0,102.0,104.0,100.5,104.0,2.0,118.0
2026-01-19,1558,27076.0,2776682.0,103.5,103.5,102.0,102.0,-2.0,83.0
2026-01-20,1558,106472.0,10590933.0,101.5,101.5,98.5,98.5,-3.5,2041.0
2026-01-21,1558,47631.0,4695543.0,98.2,99.6,98.0,98.8,0.3,209.0
2026-01-22,1558,39322.0,3867212.0,98.3,99.1,98.0,98.0,-0.8,663.0
2026-01-23,1558,8323.0,816365.0,98.1,98.1,98.0,98.0,0.0,35.0
2026-01-26,1558,30506.0,2979716.0,98.0,98.1,97.4,97.4,-0.6,144.0
2026-01-27,1558,56935.0,5557697.0,97.4,99.7,97.1,97.1,-0.3,599.0
2026-01-28,1558,50307.0,4870346.0,97.1,97.2,96.5,96.6,-0.5,376.0
2026-01-29,1558,34447.0,3339874.0,96.8,97.3,96.8,96.8,0.2,72.0
2026-01-30,1558,25664.0,2473411.0,96.5,96.5,96.2,96.2,-0.6,67.0
2026-02-02,1558,28015.0,2669370.0,96.0,96.0,95.0,95.2,-1.0,762.0
2026-02-03,1558,36151.0,3440663.0,95.2,95.4,95.0,95.0,-0.2,106.0
2026-02-04,1558,25529.0,2438967.0,95.0,96.1,95.0,96.1,1.1,40.0
2026-02-05,1558,29756.0,2845629.0,95.9,96.1,95.2,95.2,-0.9,95.0
2026-02-06,1558,44802.0,4252738.0,95.0,95.8,94.0,95.0,-0.2,227.0
2026-02-09,1558,25727.0,2471206.0,96.9,97.2,95.4,95.4,0.4,174.0
2026-02-10,1558,16762.0,1602753.0,95.9,95.9,95.5,95.6,0.2,129.0
2026-02-11,1558,35155.0,3355713.0,95.2,95.8,95.0,95.1,-0.5,242.0
2026-02-23,1558,184164.0,18227260.0,95.1,102.0,95.1,101.0,5.9,298.0
2026-02-24,1558,70329.0,7011394.0,100.0,101.5,99.2,99.9,-1.1,118.0
2026-02-25,1558,31987.0,3162676.0,98.0,101.0,98.0,98.9,-1.0,146.0
2026-02-26,1558,42672.0,4191016.0,98.0,98.8,98.0,98.7,-0.2,316.0
2026-03-02,1558,32290.0,3143516.0,97.8,98.0,97.1,97.1,-1.6,628.0
2026-03-03,1558,40776.0,3950192.0,98.3,98.3,96.3,97.0,-0.1,208.0
2026-03-04,1558,85541.0,8154502.0,95.4,96.4,94.4,95.0,-2.0,221.0
2026-03-05,1558,43550.0,4153128.0,96.0,96.0,95.0,95.4,0.4,474.0
2026-03-06,1558,26193.0,2493362.0,95.5,95.6,94.8,95.4,0.0,222.0
2026-03-09,1558,66033.0,6178722.0,93.0,94.0,92.9,93.6,-1.8,763.0
2026-03-10,1558,83321.0,7858207.0,93.6,95.7,93.5,93.5,-0.1,645.0
2026-03-11,1558,37435.0,3527505.0,94.0,95.0,94.0,94.1,0.6,165.0
2026-03-12,1558,36530.0,3435062.0,93.1,94.9,93.1,93.9,-0.2,372.0
2026-03-13,1558,41165.0,3914110.0,93.9,96.3,93.9,94.0,0.1,244.0
2026-03-16,1558,92363.0,8717242.0,94.0,96.9,93.4,94.2,0.2,680.0
2026-03-17,1558,22100.0,2099458.0,94.3,95.2,94.3,94.9,0.7,163.0
2026-03-18,1558,36379.0,3437288.0,96.6,96.6,94.0,94.7,-0.2,698.0
2026-03-19,1558,20824.0,1952305.0,93.8,93.8,93.5,93.8,-0.9,547.0
2026-03-20,1558,75206.0,7037686.0,93.4,94.7,93.1,93.2,-0.6,744.0
2026-03-23,1558,38960.0,3590112.0,92.5,92.8,91.5,92.2,-1.0,1473.0
2026-03-24,1558,29780.0,2774983.0,93.1,94.7,92.6,92.9,0.7,915.0
2026-03-25,1558,13596.0,1281355.0,95.6,95.6,93.2,93.8,0.9,802.0
2026-03-26,1558,10537.0,983504.0,93.6,93.6,93.2,93.4,-0.4,86.0
2026-03-27,1558,33827.0,3124146.0,92.0,92.9,92.0,92.5,-0.9,190.0
2026-03-30,1558,43075.0,3985214.0,92.2,92.8,92.2,92.5,0.0,172.0
2026-03-31,1558,42151.0,3888962.0,92.6,92.6,91.8,91.8,-0.7,242.0
2026-04-01,1558,46452.0,4297863.0,91.8,93.7,91.5,92.7,0.9,79.0
2026-04-02,1558,25328.0,2335487.0,92.2,92.8,92.0,92.0,-0.7,52.0
2026-04-07,1558,27700.0,2544474.0,92.0,92.0,91.7,91.7,-0.3,68.0
2026-04-08,1558,38659.0,3588836.0,92.3,93.3,92.3,92.7,1.0,68.0
2026-04-09,1558,21777.0,2010306.0,92.5,92.7,92.1,92.2,-0.5,230.0
2026-04-10,1558,39287.0,3646527.0,92.4,93.6,92.4,92.7,0.5,39.0
2026-04-13,1558,29408.0,2725164.0,92.7,92.9,92.5,92.7,0.0,58.0
2026-04-14,1558,36408.0,3373411.0,92.6,93.1,92.4,92.7,0.0,494.0
2026-04-15,1558,21420.0,1992831.0,93.2,93.2,92.7,93.0,0.3,262.0
2026-04-16,1558,50780.0,4747091.0,92.9,93.9,92.9,93.8,0.8,173.0
2026-04-17,1558,40932.0,3839241.0,93.8,94.0,93.5,93.7,-0.1,127.0
2026-04-20,1558,45314.0,4211060.0,93.5,93.5,92.1,93.4,-0.3,82.0
2026-04-21,1558,92087.0,8558217.0,93.0,93.7,92.1,93.0,-0.4,550.0
2026-04-22,1558,20628.0,1917560.0,92.6,93.4,92.6,92.9,-0.1,104.0
2026-04-23,1558,104258.0,9614578.0,92.5,92.6,92.0,92.0,-0.9,428.0
2026-04-24,1558,114610.0,10546648.0,92.0,93.3,91.6,91.7,-0.3,286.0
2026-04-27,1558,180105.0,16247232.0,91.5,91.5,89.8,90.0,-1.7,1605.0
2026-04-28,1558,64926.0,5884957.0,90.9,91.0,90.1,91.0,1.0,125.0
2026-04-29,1558,33172.0,3019680.0,91.0,91.9,90.8,91.0,0.0,78.0
2026-04-30,1558,56487.0,5160485.0,91.0,92.2,91.0,92.2,1.2,161.0
2026-05-04,1558,43987.0,4024702.0,92.2,92.2,91.2,91.3,-0.9,301.0
2026-05-05,1558,78726.0,7165749.0,91.3,91.4,90.8,91.2,-0.1,403.0
2026-05-06,1558,48970.0,4471003.0,91.9,91.9,91.0,91.7,0.5,132.0
2026-05-07,1558,38285.0,3495422.0,91.4,91.9,91.1,91.3,-0.4,72.0
2026-05-08,1558,76239.0,6966138.0,91.3,91.7,91.1,91.3,0.0,344.0
2026-05-11,1558,93273.0,8541091.0,91.3,92.2,91.1,92.2,0.9,450.0
2026-05-12,1558,56299.0,5132025.0,92.0,92.0,91.0,91.2,-1.0,204.0
2026-05-13,1558,43495.0,3950473.0,91.1,91.1,90.6,90.9,-0.3,300.0
2026-05-14,1558,57887.0,5251897.0,90.9,90.9,90.5,90.5,-0.4,162.0
2026-05-15,1558,145686.0,13112899.0,91.4,91.4,89.6,89.6,-0.9,247.0
2026-05-18,1558,83594.0,7486959.0,89.2,90.3,89.1,90.3,0.7,126.0
2026-05-19,1558,40621.0,3664456.0,90.4,90.8,90.0,90.3,0.0,91.0
2026-05-20,1558,45399.0,4087830.0,90.3,90.3,89.8,90.0,-0.3,118.0
2026-05-21,1558,24812.0,2243778.0,90.6,90.7,90.0,90.3,0.3,50.0
2026-05-22,1558,51525.0,4657004.0,90.3,91.0,90.0,90.8,0.5,121.0
2026-05-25,1558,88435.0,7959452.0,90.8,90.8,89.7,90.1,-0.7,144.0
2026-05-26,1558,127347.0,11720739.0,93.0,93.8,91.2,91.5,1.4,332.0
2026-05-27,1558,103311.0,9400160.0,91.5,91.6,90.5,90.7,-0.8,167.0
2026-05-28,1558,70905.0,6436801.0,90.7,91.3,90.5,91.2,0.5,96.0
2026-05-29,1558,43360.0,3953509.0,91.2,91.8,90.8,91.6,0.4,71.0
2026-06-01,1558,106492.0,9707377.0,91.8,91.8,90.6,91.6,0.0,132.0
2026-06-02,1558,30118.0,2744400.0,91.5,91.5,91.0,91.1,-0.5,50.0
2026-06-03,1558,73400.0,6699564.0,91.1,91.5,90.8,91.4,0.3,95.0
2026-06-04,1558,96770.0,8861817.0,91.4,91.9,91.3,91.9,0.5,116.0
2026-06-05,1558,45103.0,4129375.0,91.6,91.8,91.2,91.8,-0.1,97.0
2026-06-08,1558,112982.0,10172391.0,91.5,91.5,89.6,90.0,-1.8,163.0
2026-06-09,1558,67559.0,6094178.0,90.1,90.8,90.0,90.2,0.2,123.0
2026-06-10,1558,31346.0,2826548.0,90.0,90.6,90.0,90.6,0.4,72.0
2026-06-11,1558,50784.0,4584692.0,90.3,90.8,90.1,90.4,-0.2,75.0
2026-06-12,1558,36366.0,3288761.0,90.5,90.6,90.3,90.4,0.0,69.0
2026-06-15,1558,61359.0,5559389.0,90.7,91.0,90.4,90.5,0.1,96.0
2026-06-16,1558,63722.0,5792338.0,90.5,91.3,90.5,91.0,0.5,84.0
2026-06-17,1558,26164.0,2375170.0,90.7,91.0,90.5,91.0,0.0,83.0
2026-06-18,1558,57936.0,5287587.0,91.5,91.6,91.0,91.5,0.5,71.0
2026-06-22,1558,87667.0,7987879.0,91.0,91.4,91.0,91.2,-0.3,111.0
2026-06-23,1558,52927.0,4810586.0,91.0,91.2,90.5,91.2,0.0,128.0
2026-06-24,1558,52935.0,4807019.0,90.9,91.2,90.5,90.7,-0.5,74.0
2026-06-25,1558,51981.0,4708636.0,90.6,90.8,90.5,90.7,0.0,95.0
2026-06-26,1558,108166.0,9775321.0,90.7,91.1,90.0,90.0,-0.7,166.0
2026-06-29,1558,48513.0,4386443.0,91.0,91.0,90.1,90.4,0.4,75.0
2026-06-30,1558,44584.0,4034483.0,90.4,90.9,90.1,90.5,0.1,71.0
2026-07-01,1558,69740.0,6324276.0,90.5,91.0,90.5,90.6,0.1,106.0
2026-07-02,1558,38464.0,3489554.0,90.6,91.2,90.6,90.8,0.2,63.0
2026-07-03,1558,106852.0,9773536.0,90.8,91.9,90.8,91.9,1.1,143.0
2026-07-06,1558,104805.0,9699675.0,91.9,92.8,91.9,92.8,0.9,148.0
2026-07-07,1558,68100.0,6303757.0,92.8,92.8,92.3,92.6,-0.2,87.0
2026-07-08,1558,64619.0,5968631.0,92.0,92.6,91.9,92.3,-0.3,93.0
2026-07-09,1558,39588.0,3654263.0,92.2,92.5,92.2,92.4,0.1,56.0
2026-07-13,1558,45501.0,4209684.0,92.4,92.8,92.3,92.6,0.2,68.0
2026-07-14,1558,104082.0,9584114.0,92.1,92.6,91.0,92.3,-0.3,174.0
2026-07-15,1558,87683.0,8137156.0,92.5,93.2,92.4,93.0,0.7,125.0
2026-07-16,1558,136405.0,12801812.0,92.1,94.6,92.1,94.6,1.6,202.0
2026-07-17,1558,106445.0,9901589.0,94.3,94.3,92.4,93.1,-1.5,200.0
2026-07-20,1558,615826.0,58427094.0,94.8,95.5,93.4,94.3,1.2,234.0
2026-07-21,1558,272172.0,25830032.0,94.3,96.0,93.9,94.7,0.4,613.0
2026-07-22,1558,171825.0,16111502.0,95.1,95.1,93.3,93.6,-1.1,683.0
2026-07-23,1558,216840.0,19325251.0,88.6,90.4,88.6,89.7,0.0,187.0
2026-07-24,1558,80430.0,7201908.0,90.1,90.8,88.7,90.3,0.6,148.0
2026-07-27,1558,27161.0,2437190.0,90.2,90.2,89.1,89.5,-0.8,68.0
2026-07-28,1558,102987.0,9208062.0,90.2,90.2,88.9,89.2,-0.3,141.0
2026-07-29,1558,188206.0,17100428.0,89.9,91.6,89.9,91.2,2.0,220.0
2026-07-30,1558,209716.0,19240302.0,91.5,92.5,88.9,91.9,0.7,191.0
2026-07-31,1558,131470.0,12137366.0,91.9,92.8,91.8,91.8,-0.1,117.0
2026-08-03,1558,113159.0,10332796.0,91.7,91.8,90.6,91.2,-0.6,155.0
2026-08-04,1558,60777.0,5546222.0,90.2,92.0,90.2,91.7,0.5,64.0
2026-08-05,1558,77498.0,7101932.0,91.7,92.0,91.0,91.0,-0.7,61.0
2026-08-06,1558,74258.0,6776216.0,90.4,91.7,90.3,91.5,0.5,135.0
2026-08-07,1558,111518.0,10305450.0,93.1,93.1,91.5,92.4,0.9,126.0
2026-08-10,1558,155960.0,14653369.0,93.5,94.6,93.2,94.6,2.2,161.0
2026-08-11,1558,143501.0,13631163.0,94.6,95.4,94.6,95.4,0.8,157.0
2026-08-12,1558,133359.0,12878646.0,95.6,97.4,95.6,97.0,1.6,192.0
2026-08-13,1558,118817.0,11547783.0,97.5,97.9,96.6,96.9,-0.1,335.0
2026-08-14,1558,100453.0,9684522.0,96.8,96.8,96.0,96.6,-0.3,147.0
2026-08-17,1558,151905.0,15071824.0,96.6,99.9,96.4,99.7,3.1,239.0
2026-08-18,1558,112656.0,11128989.0,99.9,99.9,98.4,98.9,-0.8,114.0
2026-08-19,1558,190919.0,19049444.0,98.5,100.5,98.4,99.7,0.8,170.0
2026-08-20,1558,239014.0,24357863.0,100.0,103.0,99.8,103.0,3.3,250.0
2026-08-21,1558,184925.0,18604625.0,104.5,104.5,98.2,100.0,-3.0,481.0
2026-08-24,1558,110593.0,11218893.0,100.0,103.5,99.1,102.5,2.5,148.0
2026-08-25,1558,114621.0,11782074.0,101.5,104.0,101.0,103.5,1.0,149.0
2026-08-26,1558,78947.0,8083499.0,101.5,103.0,101.5,102.5,-1.0,217.0
2026-08-27,1558,115420.0,11742083.0,101.5,102.5,100.5,102.0,-0.5,127.0
2026-08-28,1558,58760.0,5977245.0,101.0,102.5,100.5,102.0,0.0,217.0
2026-08-31,1558,90309.0,9291616.0,102.0,103.5,102.0,103.5,1.5,117.0
2026-09-01,1558,164224.0,17080584.0,104.0,104.5,103.0,103.0,-0.5,132.0
2026-09-02,1558,328491.0,34329461.0,104.0,105.5,103.5,105.5,2.5,282.0
2026-09-03,1558,204979.0,21886493.0,104.5,108.5,104.5,106.0,0.5,449.0
2026-09-04,1558,80444.0,8524818.0,106.0,106.5,105.5,106.5,0.5,109.0
2026-09-07,1558,143939.0,15384618.0,108.0,108.0,106.0,106.5,0.0,140.0
2026-09-08,1558,73609.0,7797755.0,107.5,107.5,104.5,106.0,-0.5,458.0
