date,stock_id,Trading_Volume,Trading_money,open,max,min,close,spread,Trading_turnover
2016-01-04,1598,0.0,0.0,32.2,0.0,0.0,0.0,0.0,0.0
2016-01-05,1598,0.0,0.0,32.2,0.0,0.0,0.0,0.0,0.0
2016-01-06,1598,10000.0,317590.0,32.2,32.0,31.5,32.0,-0.44,4.0
2016-01-07,1598,6000.0,189750.0,31.76,31.75,31.5,31.75,-0.13,2.0
2016-01-08,1598,2000.0,64000.0,31.63,32.0,32.0,32.0,0.37,1.0
2016-01-11,1598,0.0,0.0,32.0,0.0,0.0,0.0,0.0,0.0
2016-01-12,1598,25000.0,818380.0,32.0,33.0,32.44,33.0,0.74,11.0
2016-01-13,1598,21050.0,715105.0,32.74,34.32,32.5,34.32,1.23,9.0
2016-01-14,1598,5000.0,169150.0,33.97,33.85,33.8,33.85,-0.14,2.0
2016-01-15,1598,0.0,0.0,33.83,0.0,0.0,0.0,0.0,0.0
2016-01-18,1598,4600.0,157064.0,33.83,34.68,34.0,34.0,0.31,4.0
2016-01-19,1598,34000.0,1191150.0,34.14,36.0,34.0,36.0,0.89,14.0
2016-01-20,1598,22700.0,797050.0,35.03,35.5,35.0,35.4,0.08,9.0
2016-01-21,1598,16300.0,581075.0,35.11,36.0,35.25,36.0,0.54,6.0
2016-01-22,1598,13300.0,471065.0,35.65,36.0,35.2,35.78,-0.23,8.0
2016-01-25,1598,2500.0,88960.0,35.42,35.78,34.8,35.78,0.16,3.0
2016-01-26,1598,6000.0,215400.0,35.58,36.0,35.8,35.8,0.32,4.0
2016-01-27,1598,0.0,0.0,35.9,0.0,0.0,0.0,0.0,0.0
2016-01-28,1598,7000.0,248310.0,35.9,36.2,34.71,34.71,-0.43,3.0
2016-01-29,1598,37105.0,1336720.0,35.47,36.3,35.8,36.0,0.56,21.0
2016-01-30,1598,28000.0,1010500.0,36.03,36.1,36.0,36.1,0.06,13.0
2016-02-01,1598,59786.0,2162796.0,36.09,36.5,36.0,36.0,0.09,14.0
2016-02-02,1598,36000.0,1304900.0,36.18,36.5,36.15,36.2,0.07,13.0
2016-02-03,1598,12300.0,448525.0,36.25,36.8,36.0,36.5,0.22,9.0
2016-02-15,1598,1000.0,37000.0,36.47,37.0,37.0,37.0,0.53,1.0
2016-02-16,1598,21000.0,762460.0,37.0,36.32,36.3,36.3,-0.69,6.0
2016-02-17,1598,35000.0,1270500.0,36.31,36.5,36.1,36.3,-0.01,8.0
2016-02-18,1598,9000.0,330100.0,36.3,37.0,36.3,37.0,0.38,6.0
2016-02-19,1598,23000.0,833600.0,36.68,36.3,36.2,36.2,-0.44,3.0
2016-02-22,1598,28000.0,1028600.0,36.24,37.5,36.1,37.5,0.5,11.0
2016-02-23,1598,22500.0,852100.0,36.74,38.42,37.1,38.0,1.13,15.0
2016-02-24,1598,37000.0,1394740.0,37.87,37.87,37.5,37.5,-0.17,12.0
2016-02-25,1598,2200.0,83600.0,37.7,38.0,38.0,38.0,0.3,2.0
2016-02-26,1598,24000.0,910000.0,38.0,38.5,37.6,38.0,-0.08,10.0
2016-03-01,1598,4000.0,151900.0,37.92,38.5,37.6,37.8,0.06,4.0
2016-03-02,1598,1000.0,37700.0,37.98,37.7,37.7,37.7,-0.28,1.0
2016-03-03,1598,12000.0,456200.0,37.7,38.2,37.8,38.0,0.32,6.0
2016-03-04,1598,22233.0,862071.0,38.02,39.98,38.2,39.98,0.75,21.0
2016-03-07,1598,9601.0,372299.0,38.77,39.98,38.5,39.6,0.01,7.0
2016-03-08,1598,3084.0,122032.0,38.78,39.59,38.6,39.0,0.79,3.0
2016-03-09,1598,5250.0,207855.0,39.57,39.6,39.3,39.3,0.02,4.0
2016-03-10,1598,38000.0,1492990.0,39.59,39.59,39.0,39.5,-0.3,15.0
2016-03-11,1598,14000.0,545700.0,39.29,39.5,38.5,38.5,-0.31,8.0
2016-03-14,1598,3000.0,118200.0,38.98,39.4,39.4,39.4,0.42,2.0
2016-03-15,1598,8000.0,316460.0,39.4,39.97,38.75,38.75,0.16,4.0
2016-03-16,1598,2000.0,80000.0,39.56,40.0,40.0,40.0,0.44,2.0
2016-03-17,1598,24100.0,957420.0,40.0,40.2,39.2,40.0,-0.27,12.0
2016-03-18,1598,29689.0,1214182.0,39.73,42.0,40.0,40.8,1.17,20.0
2016-03-21,1598,28001.0,1194631.0,40.9,43.4,41.0,43.0,1.76,19.0
2016-03-22,1598,29399.0,1357652.0,42.66,47.57,44.5,47.2,3.52,28.0
2016-03-23,1598,182305.0,9540166.0,46.18,54.4,48.0,54.0,6.15,90.0
2016-03-24,1598,87322.0,4461318.0,52.33,54.4,49.0,51.99,-1.24,54.0
2016-03-25,1598,51720.0,2575971.0,51.09,51.09,48.8,49.1,-1.28,29.0
2016-03-28,1598,2200.0,108520.0,49.81,50.0,48.7,49.1,-0.48,3.0
2016-03-29,1598,10000.0,485420.0,49.33,48.9,48.1,48.9,-0.79,7.0
2016-03-30,1598,11050.0,536880.0,48.54,49.0,48.0,48.0,0.05,6.0
2016-03-31,1598,0.0,0.0,48.59,0.0,0.0,0.0,0.0,0.0
2016-04-01,1598,0.0,0.0,48.59,0.0,0.0,0.0,0.0,0.0
2016-04-06,1598,6862.0,339138.0,48.59,49.9,49.0,49.0,0.83,6.0
2016-04-07,1598,20000.0,985000.0,49.42,49.6,49.0,49.1,-0.17,13.0
2016-04-08,1598,48100.0,2292865.0,49.25,49.0,47.0,47.05,-1.58,22.0
2016-04-11,1598,23205.0,1089623.0,47.67,47.4,46.7,46.9,-0.71,17.0
2016-04-12,1598,8000.0,374850.0,46.96,47.4,46.7,46.7,-0.1,5.0
2016-04-13,1598,47000.0,2196750.0,46.86,47.4,46.5,46.75,-0.12,17.0
2016-04-14,1598,67000.0,3060100.0,46.74,46.8,45.2,45.8,-1.07,26.0
2016-04-15,1598,42000.0,1932200.0,45.67,46.3,45.67,46.29,0.33,16.0
2016-04-18,1598,26000.0,1190650.0,46.0,45.9,45.65,45.65,-0.21,9.0
2016-04-19,1598,50000.0,2264430.0,45.79,45.5,45.0,45.4,-0.5,23.0
2016-04-20,1598,20000.0,902700.0,45.29,45.5,45.0,45.2,-0.15,7.0
2016-04-21,1598,19000.0,872900.0,45.14,46.52,45.6,46.0,0.8,9.0
2016-04-22,1598,1298.0,59767.0,45.94,46.2,46.0,46.0,0.11,2.0
2016-04-25,1598,6050.0,277885.0,46.05,46.2,45.7,45.7,-0.12,5.0
2016-04-26,1598,8000.0,365700.0,45.93,46.1,45.4,45.6,-0.22,6.0
2016-04-27,1598,0.0,0.0,45.71,0.0,0.0,0.0,0.0,0.0
2016-04-28,1598,0.0,0.0,45.71,0.0,0.0,0.0,0.0,0.0
2016-04-29,1598,5100.0,235110.0,45.71,46.1,46.1,46.1,0.39,5.0
2016-05-03,1598,15700.0,716780.0,46.1,46.3,45.2,45.5,-0.45,14.0
2016-05-04,1598,16277.0,742892.0,45.65,46.0,45.1,46.0,-0.01,9.0
2016-05-05,1598,0.0,0.0,45.64,0.0,0.0,0.0,0.0,0.0
2016-05-06,1598,9000.0,410700.0,45.64,45.8,45.5,45.8,-0.01,3.0
2016-05-09,1598,7100.0,325230.0,45.63,46.0,45.2,46.0,0.18,6.0
2016-05-10,1598,18000.0,825600.0,45.81,46.0,45.6,46.0,0.06,8.0
2016-05-11,1598,15000.0,687420.0,45.87,46.0,45.7,45.81,-0.04,9.0
2016-05-12,1598,9000.0,412410.0,45.83,45.97,45.7,45.97,-0.01,4.0
2016-05-13,1598,12000.0,551400.0,45.82,46.0,45.8,45.9,0.13,7.0
2016-05-16,1598,9888.0,460963.0,45.95,46.8,46.52,46.8,0.67,8.0
2016-05-17,1598,22900.0,1061130.0,46.62,46.8,46.1,46.5,-0.28,13.0
2016-05-18,1598,22800.0,1066550.0,46.34,47.0,46.5,46.7,0.44,8.0
2016-05-19,1598,20000.0,942300.0,46.78,47.5,46.6,47.0,0.34,10.0
2016-05-20,1598,31200.0,1465680.0,47.12,47.1,46.8,46.8,-0.14,8.0
2016-05-23,1598,36000.0,1694700.0,46.98,47.4,46.9,46.9,0.1,10.0
2016-05-24,1598,7813.0,364194.0,47.08,46.8,46.2,46.8,-0.47,7.0
2016-05-25,1598,0.0,0.0,46.61,0.0,0.0,0.0,0.0,0.0
2016-05-26,1598,6000.0,282000.0,46.61,47.0,47.0,47.0,0.39,2.0
2016-05-27,1598,15000.0,702900.0,47.0,47.0,46.7,46.8,-0.14,7.0
2016-05-30,1598,2000.0,93500.0,46.86,47.2,46.3,47.2,-0.11,2.0
2016-05-31,1598,24000.0,1129700.0,46.75,47.4,46.8,47.4,0.32,15.0
2016-06-01,1598,17000.0,792100.0,47.07,47.0,46.2,46.5,-0.48,8.0
2016-06-02,1598,1000.0,46900.0,46.59,46.9,46.9,46.9,0.31,1.0
2016-06-03,1598,11000.0,516480.0,46.9,47.0,46.9,47.0,0.05,5.0
2016-06-04,1598,12100.0,567900.0,46.95,47.2,46.8,47.0,-0.02,8.0
2016-06-06,1598,4000.0,187800.0,46.93,47.0,46.8,47.0,0.02,3.0
2016-06-07,1598,22050.0,1037880.0,46.95,47.26,47.0,47.0,0.12,18.0
2016-06-08,1598,216350.0,10777385.0,47.07,52.2,47.1,49.7,2.74,93.0
2016-06-13,1598,153200.0,7580300.0,49.81,50.52,49.0,49.85,-0.33,56.0
2016-06-14,1598,66200.0,3293688.0,49.48,50.19,49.0,50.0,0.27,26.0
2016-06-15,1598,276200.0,14077500.0,49.75,52.63,50.0,52.2,1.22,113.0
2016-06-16,1598,128200.0,6561780.0,50.97,52.5,50.5,52.0,0.21,52.0
2016-06-17,1598,217000.0,11314388.0,51.18,52.79,51.5,52.7,0.96,75.0
2016-06-20,1598,112200.0,5726380.0,52.14,52.7,50.07,50.5,-1.1,61.0
2016-06-21,1598,52000.0,2612230.0,51.04,50.7,50.0,50.7,-0.8,31.0
2016-06-22,1598,12200.0,611248.0,50.24,50.3,49.8,50.05,-0.14,7.0
2016-06-23,1598,47050.0,2346250.0,50.1,50.5,49.5,50.0,-0.23,19.0
2016-06-24,1598,60000.0,2984720.0,49.87,50.0,49.47,49.8,-0.12,27.0
2016-06-27,1598,3000.0,149400.0,49.75,49.8,49.8,49.8,0.05,1.0
2016-06-28,1598,29347.0,1473350.0,49.8,50.4,50.0,50.0,0.4,11.0
2016-06-29,1598,22000.0,1100500.0,50.2,50.8,49.7,49.7,-0.18,14.0
2016-06-30,1598,30100.0,1519220.0,50.02,50.8,49.7,50.25,0.45,16.0
2016-07-01,1598,4188.0,211794.0,50.47,50.8,50.2,50.8,0.1,5.0
2016-07-04,1598,118986.0,6246435.0,50.57,53.0,50.8,53.0,1.93,48.0
2016-07-05,1598,91818.0,4846749.0,52.5,53.2,52.2,53.0,0.29,46.0
2016-07-06,1598,16000.0,845360.0,52.79,53.2,52.5,52.85,0.05,9.0
2016-07-07,1598,40000.0,2107540.0,52.84,53.18,52.3,52.5,-0.15,20.0
2016-07-11,1598,47000.0,2451230.0,52.69,53.3,51.0,52.0,-0.54,24.0
2016-07-12,1598,13000.0,673100.0,52.15,52.1,51.6,51.6,-0.37,8.0
2016-07-13,1598,24000.0,1218000.0,51.78,51.4,50.2,50.2,-1.03,13.0
2016-07-14,1598,28000.0,1424000.0,50.75,51.3,50.5,50.8,0.11,17.0
2016-07-15,1598,70500.0,3571050.0,50.86,51.2,50.2,50.2,-0.21,37.0
2016-07-18,1598,28050.0,1419682.0,50.65,51.5,50.2,51.5,-0.04,18.0
2016-07-19,1598,20050.0,1043345.0,50.61,52.84,50.45,51.5,1.43,11.0
2016-07-20,1598,197550.0,10896140.0,52.04,56.5,52.3,56.0,3.12,102.0
2016-07-21,1598,166050.0,9521350.0,55.16,57.9,56.3,57.9,2.18,82.0
2016-07-22,1598,122379.0,6994389.0,57.34,57.9,56.7,56.7,-0.19,60.0
2016-07-25,1598,72000.0,4048350.0,57.15,57.25,55.61,56.0,-0.92,36.0
2016-07-26,1598,51268.0,2870541.0,56.23,56.7,55.65,56.0,-0.24,23.0
2016-07-27,1598,28662.0,1585824.0,55.99,56.0,54.5,55.2,-0.66,17.0
2016-07-28,1598,63000.0,3494090.0,55.33,56.0,55.0,55.3,0.13,33.0
2016-07-29,1598,26292.0,1457873.0,55.46,55.75,54.85,55.73,-0.01,16.0
2016-08-01,1598,68750.0,3823962.0,55.45,56.4,55.3,56.0,0.17,38.0
2016-08-02,1598,90749.0,5006968.0,55.62,56.1,54.7,55.0,-0.45,45.0
2016-08-03,1598,55510.0,3065255.0,55.17,56.0,54.5,55.1,0.05,22.0
2016-08-04,1598,26192.0,1451952.0,55.22,56.0,54.7,56.0,0.21,16.0
2016-08-05,1598,32854.0,1845558.0,55.43,56.5,56.0,56.3,0.74,21.0
2016-08-08,1598,36200.0,2027210.0,56.17,56.4,55.3,56.4,-0.17,22.0
2016-08-09,1598,40300.0,2267650.0,56.0,56.5,55.55,56.25,0.27,20.0
2016-08-10,1598,17000.0,957800.0,56.27,56.7,56.05,56.05,0.07,13.0
2016-08-11,1598,104000.0,5724640.0,56.34,56.79,53.96,54.3,-1.3,53.0
2016-08-12,1598,37000.0,2017060.0,55.04,55.0,54.2,54.7,-0.52,31.0
2016-08-15,1598,51000.0,2781330.0,54.52,55.1,54.0,54.5,0.02,24.0
2016-08-16,1598,45000.0,2440350.0,54.54,54.79,53.85,53.85,-0.31,24.0
2016-08-17,1598,49050.0,2675410.0,54.23,54.74,54.0,54.41,0.31,23.0
2016-08-18,1598,22000.0,1211250.0,54.54,56.3,54.1,56.3,0.52,12.0
2016-08-19,1598,34000.0,1899370.0,55.06,56.84,54.7,56.0,0.8,17.0
2016-08-22,1598,341000.0,20168230.0,55.86,60.5,56.0,59.0,3.28,154.0
2016-08-23,1598,64000.0,3775540.0,59.14,59.84,58.5,59.0,-0.15,41.0
2016-08-24,1598,42000.0,2447850.0,58.99,59.0,57.55,58.5,-0.71,20.0
2016-08-25,1598,27000.0,1591460.0,58.28,59.3,58.5,58.5,0.66,20.0
2016-08-26,1598,80000.0,4646480.0,58.94,58.99,57.35,58.5,-0.86,40.0
2016-08-29,1598,32484.0,1917386.0,58.08,59.29,58.5,58.5,0.95,18.0
2016-08-30,1598,31150.0,1815140.0,59.03,58.8,58.0,58.3,-0.76,23.0
2016-08-31,1598,65074.0,3740814.0,58.27,58.29,56.73,57.11,-0.78,36.0
2016-09-01,1598,84400.0,4761810.0,57.49,57.1,55.11,56.2,-1.07,41.0
2016-09-02,1598,25000.0,1397920.0,56.42,56.1,55.21,56.1,-0.5,10.0
2016-09-05,1598,68840.0,3748304.0,55.92,56.0,53.31,54.6,-1.47,46.0
2016-09-06,1598,77307.0,4111459.0,54.45,54.99,52.3,53.67,-1.27,46.0
2016-09-07,1598,35000.0,1835010.0,53.18,53.49,51.31,53.2,-0.75,20.0
2016-09-08,1598,40550.0,2154859.0,52.43,53.5,52.0,53.0,0.71,21.0
2016-09-09,1598,41500.0,2208265.0,53.14,53.98,52.71,53.49,0.07,24.0
2016-09-10,1598,39240.0,2072450.0,53.21,53.2,51.51,53.2,-0.4,21.0
2016-09-12,1598,49459.0,2599790.0,52.81,53.29,51.81,51.81,-0.25,29.0
2016-09-13,1598,22000.0,1150700.0,52.56,52.8,51.8,52.5,-0.26,13.0
2016-09-14,1598,84003.0,4329714.0,52.3,52.3,51.0,51.85,-0.76,46.0
2016-09-19,1598,171200.0,9138475.0,51.54,55.0,51.7,53.99,1.84,93.0
2016-09-20,1598,2779154.0,134582111.0,48.9,49.5,47.05,47.15,0.0,1666.0
2016-09-21,1598,1573000.0,73036300.0,47.5,47.55,45.15,47.0,-0.15,721.0
2016-09-22,1598,374023.0,17434382.0,47.0,47.0,46.2,46.95,-0.05,246.0
2016-09-23,1598,684169.0,32471945.0,46.75,48.5,46.75,47.5,0.55,415.0
2016-09-26,1598,912000.0,42778550.0,47.45,47.8,46.3,47.1,-0.4,294.0
2016-09-29,1598,404944.0,18904729.0,47.35,47.35,46.35,46.4,-0.7,224.0
2016-09-30,1598,562150.0,26524169.0,46.3,47.95,46.0,47.3,0.9,295.0
2016-10-03,1598,266103.0,12462241.0,47.0,47.2,46.4,46.55,-0.75,152.0
2016-10-04,1598,252000.0,11663400.0,46.5,46.95,46.0,46.05,-0.5,139.0
2016-10-05,1598,162102.0,7444151.0,46.05,46.3,45.7,45.75,-0.3,99.0
2016-10-06,1598,101369.0,4666363.0,45.65,46.5,45.65,45.85,0.1,66.0
2016-10-07,1598,96034.0,4365157.0,45.85,45.85,45.1,45.5,-0.35,83.0
2016-10-11,1598,696368.0,29093290.0,45.8,45.8,40.95,41.15,-4.35,443.0
2016-10-12,1598,199000.0,8073750.0,41.0,41.0,40.0,40.8,-0.35,103.0
2016-10-13,1598,139070.0,5757705.0,40.8,42.0,40.8,41.1,0.3,96.0
2016-10-14,1598,146000.0,5871150.0,40.9,41.3,40.0,40.3,-0.8,102.0
2016-10-17,1598,88200.0,3590620.0,40.35,41.3,40.35,40.7,0.4,60.0
2016-10-18,1598,113200.0,4667750.0,40.7,41.6,40.65,41.35,0.65,82.0
2016-10-19,1598,75010.0,3116370.0,41.35,42.0,41.0,41.6,0.25,59.0
2016-10-20,1598,133000.0,5568100.0,41.3,42.2,41.1,42.05,0.45,98.0
2016-10-21,1598,109000.0,4600400.0,42.8,42.8,41.75,41.9,-0.15,55.0
2016-10-24,1598,115000.0,4775500.0,41.1,42.0,41.1,41.8,-0.1,73.0
2016-10-25,1598,83000.0,3439500.0,41.8,41.8,41.2,41.35,-0.45,43.0
2016-10-26,1598,154000.0,6371250.0,41.2,41.95,40.8,41.5,0.15,82.0
2016-10-27,1598,161000.0,6525200.0,41.3,41.3,40.35,40.4,-1.1,113.0
2016-10-28,1598,182000.0,7312950.0,40.4,40.85,39.6,40.0,-0.4,96.0
2016-10-31,1598,91000.0,3595450.0,40.0,40.0,38.7,39.4,-0.6,65.0
2016-11-01,1598,370000.0,14431650.0,39.4,39.4,38.9,39.0,-0.4,43.0
2016-11-02,1598,65000.0,2553000.0,39.3,39.9,38.8,38.8,-0.2,53.0
2016-11-03,1598,157484.0,5933083.0,38.5,38.5,37.0,37.2,-1.6,113.0
2016-11-04,1598,129100.0,4802500.0,37.2,37.5,36.5,37.5,0.3,89.0
2016-11-07,1598,169200.0,6362390.0,37.1,38.5,36.5,37.95,0.45,111.0
2016-11-08,1598,60000.0,2237400.0,37.5,38.0,37.0,37.0,-0.95,57.0
2016-11-09,1598,248400.0,8790559.0,37.0,37.05,34.75,34.85,-2.15,138.0
2016-11-10,1598,138000.0,5027750.0,36.5,37.15,36.1,36.25,1.4,110.0
2016-11-11,1598,69000.0,2477350.0,36.25,36.8,35.4,35.7,-0.55,61.0
2016-11-14,1598,284028.0,10148502.0,36.3,36.4,35.1,35.35,-0.35,104.0
2016-11-15,1598,134400.0,4751260.0,35.0,35.7,34.05,35.3,-0.05,74.0
2016-11-16,1598,121200.0,4375100.0,35.8,36.5,35.8,36.2,0.9,81.0
2016-11-17,1598,76000.0,2780300.0,36.15,36.8,36.15,36.8,0.6,58.0
2016-11-18,1598,73170.0,2726650.0,36.8,37.85,36.6,37.65,0.85,57.0
2016-11-21,1598,101071.0,3830572.0,38.0,38.3,37.5,38.0,0.35,73.0
2016-11-22,1598,309222.0,11888780.0,38.0,39.4,38.0,39.3,1.3,125.0
2016-11-23,1598,1372420.0,57753144.0,40.8,43.2,40.7,43.2,3.9,798.0
2016-11-24,1598,590079.0,24915979.0,42.4,44.0,41.2,42.3,-0.9,449.0
2016-11-25,1598,235026.0,9864752.0,42.5,42.7,41.5,41.9,-0.4,187.0
2016-11-28,1598,210170.0,8706671.0,42.0,42.2,41.0,41.3,-0.6,132.0
2016-11-29,1598,150000.0,6222550.0,41.3,41.8,40.6,41.8,0.5,99.0
2016-11-30,1598,112000.0,4691150.0,41.6,42.35,41.6,41.8,0.0,67.0
2016-12-01,1598,89037.0,3743135.0,41.6,42.4,41.55,42.4,0.6,71.0
2016-12-02,1598,81000.0,3426800.0,42.15,42.55,41.9,42.45,0.05,60.0
2016-12-05,1598,75000.0,3149250.0,42.35,42.35,41.8,41.8,-0.65,42.0
2016-12-06,1598,108000.0,4515250.0,41.8,42.2,41.2,41.95,0.15,48.0
2016-12-07,1598,62000.0,2579450.0,41.95,42.0,41.0,41.45,-0.5,50.0
2016-12-08,1598,170000.0,7166200.0,41.45,42.5,41.45,41.7,0.25,120.0
2016-12-09,1598,120000.0,5014250.0,42.0,42.2,41.3,41.8,0.1,94.0
2016-12-12,1598,109000.0,4520300.0,41.8,42.0,41.2,41.3,-0.5,60.0
2016-12-13,1598,157000.0,6394500.0,41.2,41.3,40.45,40.45,-0.85,77.0
2016-12-14,1598,117000.0,4728350.0,40.5,40.95,40.0,40.0,-0.45,86.0
2016-12-15,1598,231850.0,9141537.0,40.0,40.0,38.9,39.4,-0.6,140.0
2016-12-16,1598,110000.0,4282050.0,39.6,39.6,38.5,39.0,-0.4,71.0
2016-12-19,1598,94000.0,3731300.0,38.6,40.7,38.6,40.0,1.0,77.0
2016-12-20,1598,103393.0,4125894.0,40.0,40.35,39.5,39.7,-0.3,70.0
2016-12-21,1598,133393.0,5218208.0,39.7,39.7,39.0,39.0,-0.7,85.0
2016-12-22,1598,47871.0,1865833.0,39.0,39.35,38.8,38.8,-0.2,38.0
2016-12-23,1598,38786.0,1514168.0,38.7,39.3,38.7,39.1,0.3,32.0
2016-12-26,1598,68000.0,2654550.0,39.0,39.15,38.9,39.1,0.0,31.0
2016-12-27,1598,65128.0,2553129.0,39.45,39.5,39.0,39.3,0.2,50.0
2016-12-28,1598,391069.0,16126479.0,40.3,41.7,40.3,41.4,2.1,324.0
2016-12-29,1598,144320.0,5867525.0,41.0,41.1,40.1,40.55,-0.85,115.0
2016-12-30,1598,116745.0,4792333.0,40.8,41.5,40.8,40.85,0.3,100.0
2017-01-03,1598,77413.0,3148284.0,40.8,41.0,40.1,40.8,-0.05,61.0
2017-01-04,1598,520779.0,21813568.0,40.95,42.5,40.95,42.25,1.45,335.0
2017-01-05,1598,222179.0,9302641.0,42.1,42.3,41.3,41.7,-0.55,145.0
2017-01-06,1598,365713.0,15503059.0,42.4,43.0,42.0,42.25,0.55,217.0
2017-01-09,1598,165393.0,6918859.0,42.25,42.5,41.4,41.85,-0.4,103.0
2017-01-10,1598,132000.0,5483400.0,41.85,41.85,41.05,41.4,-0.45,72.0
2017-01-11,1598,224050.0,9025445.0,40.6,40.7,39.8,40.2,-1.2,157.0
2017-01-12,1598,98130.0,3979315.0,40.2,41.05,40.0,40.75,0.55,67.0
2017-01-13,1598,84000.0,3427000.0,40.7,41.1,40.5,40.75,0.0,65.0
2017-01-16,1598,180687.0,7496104.0,41.85,41.85,41.0,41.5,0.75,111.0
2017-01-17,1598,55000.0,2280850.0,41.5,41.6,41.35,41.5,0.0,32.0
2017-01-18,1598,131100.0,5450770.0,41.95,41.95,41.4,41.7,0.2,89.0
2017-01-19,1598,73005.0,3021256.0,41.7,41.75,41.0,41.3,-0.4,52.0
2017-01-20,1598,101010.0,4193016.0,41.45,41.75,41.0,41.55,0.25,62.0
2017-01-23,1598,52010.0,2160114.0,41.8,41.8,41.25,41.4,-0.15,40.0
2017-01-24,1598,67562.0,2788773.0,41.2,41.5,41.0,41.5,0.1,50.0
2017-02-02,1598,148238.0,6080891.0,41.5,41.8,40.75,41.0,-0.5,85.0
2017-02-03,1598,150001.0,6113090.0,40.8,41.0,40.6,41.0,0.0,87.0
2017-02-06,1598,85100.0,3480404.0,40.65,41.1,40.65,40.8,-0.2,59.0
2017-02-07,1598,92200.0,3753960.0,40.8,40.8,40.65,40.65,-0.15,56.0
2017-02-08,1598,127000.0,5170750.0,41.0,41.0,40.55,40.7,0.05,80.0
2017-02-09,1598,286000.0,11722350.0,41.0,41.7,40.7,41.0,0.3,183.0
2017-02-10,1598,706299.0,29603258.0,41.1,42.9,41.0,41.9,0.9,429.0
2017-02-13,1598,512302.0,21680674.0,42.2,42.65,42.0,42.5,0.6,308.0
2017-02-14,1598,1266342.0,56523525.0,43.8,45.7,43.8,45.5,3.0,850.0
2017-02-15,1598,664726.0,29722186.0,44.7,45.6,44.0,45.4,-0.1,476.0
2017-02-16,1598,373500.0,16682849.0,45.15,45.15,44.5,44.5,-0.9,228.0
2017-02-17,1598,651151.0,29682298.0,45.0,46.5,45.0,45.0,0.5,473.0
2017-02-18,1598,1366082.0,64784125.0,45.0,48.8,45.0,48.1,3.1,902.0
2017-02-20,1598,1353658.0,65779138.0,49.4,49.4,47.0,47.7,-0.4,886.0
2017-02-21,1598,659500.0,30892724.0,47.2,48.35,46.2,46.5,-1.2,431.0
2017-02-22,1598,581478.0,26872520.0,46.5,47.1,45.3,45.9,-0.6,371.0
2017-02-23,1598,263138.0,12108555.0,45.7,46.9,45.6,46.0,0.1,194.0
2017-02-24,1598,255000.0,11855250.0,46.15,46.9,45.8,46.3,0.3,218.0
2017-03-01,1598,188201.0,8629035.0,46.8,46.8,45.6,45.65,-0.65,148.0
2017-03-02,1598,242011.0,10926693.0,45.65,45.7,44.4,44.75,-0.9,209.0
2017-03-03,1598,129000.0,5857250.0,45.0,45.7,44.8,45.7,0.95,104.0
2017-03-06,1598,103430.0,4701521.0,46.0,46.0,45.15,45.3,-0.4,89.0
2017-03-07,1598,248000.0,11492200.0,45.5,47.45,45.35,46.2,0.9,181.0
2017-03-08,1598,94000.0,4316900.0,46.1,46.15,45.8,45.85,-0.35,86.0
2017-03-09,1598,103000.0,4667800.0,46.05,46.05,44.95,45.3,-0.55,84.0
2017-03-10,1598,446250.0,19398700.0,44.9,44.9,42.9,43.4,-1.9,329.0
2017-03-13,1598,163547.0,7100688.0,42.6,43.9,42.6,43.4,0.0,122.0
2017-03-14,1598,176205.0,7606926.0,43.1,43.9,42.9,43.0,-0.4,114.0
2017-03-15,1598,124003.0,5336079.0,43.0,43.15,42.8,43.0,0.0,82.0
2017-03-16,1598,541260.0,22634890.0,42.95,42.95,41.1,41.5,-1.5,330.0
2017-03-17,1598,172000.0,7202000.0,41.1,42.4,41.1,42.3,0.8,124.0
2017-03-20,1598,257000.0,11061000.0,42.35,43.6,42.35,43.6,1.3,181.0
2017-03-21,1598,322101.0,13820792.0,44.0,44.0,42.0,42.0,-1.6,244.0
2017-03-22,1598,52175.0,2204861.0,41.85,42.65,41.8,42.45,0.45,47.0
2017-03-23,1598,87009.0,3704028.0,42.35,42.7,42.35,42.6,0.15,68.0
2017-03-24,1598,121836.0,5170351.0,42.55,42.75,42.2,42.35,-0.25,97.0
2017-03-27,1598,225078.0,9467249.0,42.05,42.35,41.7,42.1,-0.25,100.0
2017-03-28,1598,202303.0,8502576.0,42.3,42.55,41.5,41.9,-0.2,130.0
2017-03-29,1598,46349.0,1937870.0,41.6,42.0,41.6,41.7,-0.2,43.0
2017-03-30,1598,64093.0,2675701.0,42.25,42.25,41.65,42.0,0.3,51.0
2017-03-31,1598,405900.0,17109225.0,43.2,43.25,41.45,41.5,-0.5,267.0
2017-04-05,1598,227000.0,9461900.0,42.0,42.4,41.45,42.1,0.6,111.0
2017-04-06,1598,147048.0,6117266.0,42.1,42.15,41.35,41.4,-0.7,109.0
2017-04-07,1598,161000.0,6614600.0,41.5,41.85,40.85,40.9,-0.5,114.0
2017-04-10,1598,439000.0,17518250.0,40.7,40.7,39.4,40.2,-0.7,271.0
2017-04-11,1598,194100.0,7761850.0,39.7,40.4,39.7,40.0,-0.2,126.0
2017-04-12,1598,161000.0,6381900.0,40.0,40.0,39.45,39.5,-0.5,99.0
2017-04-13,1598,126100.0,4978650.0,39.5,39.75,39.3,39.5,0.0,81.0
2017-04-14,1598,254000.0,9759550.0,39.5,39.5,38.0,38.0,-1.5,191.0
2017-04-17,1598,125000.0,4692150.0,38.1,38.15,37.15,37.35,-0.65,82.0
2017-04-18,1598,149000.0,5654700.0,37.75,38.45,37.5,38.0,0.65,127.0
2017-04-19,1598,64000.0,2433650.0,38.2,38.3,37.75,37.75,-0.25,52.0
2017-04-20,1598,81000.0,3072200.0,37.75,38.1,37.75,37.85,0.1,52.0
2017-04-21,1598,88050.0,3333040.0,37.9,38.2,37.45,37.75,-0.1,64.0
2017-04-24,1598,41200.0,1549739.0,37.95,37.95,37.45,37.5,-0.25,33.0
2017-04-25,1598,57000.0,2156650.0,37.8,38.0,37.55,38.0,0.5,42.0
2017-04-26,1598,49000.0,1865400.0,38.0,38.25,38.0,38.2,0.2,34.0
2017-04-27,1598,98214.0,3802810.0,38.2,39.2,38.2,38.6,0.4,73.0
2017-04-28,1598,46200.0,1794809.0,39.0,39.05,38.6,38.65,0.05,40.0
2017-05-02,1598,64030.0,2463461.0,38.55,38.7,38.35,38.7,0.05,48.0
2017-05-03,1598,30000.0,1167900.0,38.7,39.0,38.7,38.95,0.25,29.0
2017-05-04,1598,53200.0,2063400.0,38.95,38.95,38.6,38.9,-0.05,34.0
2017-05-05,1598,111000.0,4219050.0,38.8,38.9,37.8,38.0,-0.9,76.0
2017-05-08,1598,43000.0,1636200.0,38.3,38.3,37.8,37.8,-0.2,31.0
2017-05-09,1598,36532.0,1377352.0,37.55,37.8,37.55,37.6,-0.2,32.0
2017-05-10,1598,81000.0,3039700.0,37.5,37.6,37.4,37.6,0.0,40.0
2017-05-11,1598,346000.0,13629750.0,37.8,40.8,37.8,40.2,2.6,258.0
2017-05-12,1598,719276.0,29252216.0,39.0,41.4,39.0,41.3,1.1,407.0
2017-05-15,1598,295200.0,12173630.0,41.25,41.7,40.35,41.35,0.05,165.0
2017-05-16,1598,191429.0,7796589.0,41.0,41.4,40.4,41.4,0.05,96.0
2017-05-17,1598,132000.0,5443050.0,41.6,41.7,40.7,40.7,-0.7,65.0
2017-05-18,1598,354512.0,14754760.0,39.8,42.7,39.8,40.85,0.15,198.0
2017-05-19,1598,180000.0,7439750.0,40.85,41.7,40.85,41.7,0.85,95.0
2017-05-22,1598,212000.0,8785200.0,41.7,41.95,40.85,41.7,0.0,95.0
2017-05-23,1598,105100.0,4351470.0,41.65,41.65,41.0,41.65,-0.05,68.0
2017-05-24,1598,215000.0,8893650.0,41.7,41.8,40.95,41.8,0.15,105.0
2017-05-25,1598,159786.0,6671386.0,41.8,42.0,41.5,41.95,0.15,79.0
2017-05-26,1598,138000.0,5717800.0,41.75,41.75,41.1,41.15,-0.8,79.0
2017-05-31,1598,118500.0,4789350.0,41.5,41.5,40.0,40.1,-1.05,81.0
2017-06-01,1598,99000.0,3980350.0,40.25,40.45,39.85,40.4,0.3,55.0
2017-06-02,1598,53000.0,2140750.0,40.45,40.9,40.2,40.3,-0.1,31.0
2017-06-03,1598,541138.0,21975325.0,40.85,40.85,40.6,40.7,0.4,41.0
2017-06-05,1598,1396400.0,58521689.0,41.4,44.0,40.7,42.05,1.35,589.0
2017-06-06,1598,957167.0,40631830.0,42.1,43.1,42.1,42.3,0.25,301.0
2017-06-07,1598,791000.0,33214350.0,42.3,42.7,41.1,41.1,-1.2,190.0
2017-06-08,1598,254000.0,10650300.0,41.45,42.7,41.45,41.5,0.4,118.0
2017-06-09,1598,224070.0,9231855.0,41.55,42.0,40.9,40.95,-0.55,148.0
2017-06-12,1598,148000.0,6008950.0,40.4,41.0,40.3,40.5,-0.45,92.0
2017-06-13,1598,459255.0,18614253.0,40.55,40.8,40.35,40.4,-0.1,192.0
2017-06-14,1598,277000.0,10587650.0,38.3,38.5,37.85,38.05,0.0,191.0
2017-06-15,1598,65000.0,2501300.0,39.0,39.0,38.3,38.3,0.25,51.0
2017-06-16,1598,59200.0,2297060.0,38.2,38.95,38.2,38.6,0.3,45.0
2017-06-19,1598,49009.0,1892397.0,39.2,39.2,38.5,38.6,0.0,31.0
2017-06-20,1598,104002.0,4008577.0,38.6,38.9,38.3,38.3,-0.3,51.0
2017-06-21,1598,41000.0,1575350.0,38.45,38.6,38.35,38.35,0.05,32.0
2017-06-22,1598,124000.0,4675050.0,38.0,38.2,37.3,38.0,-0.35,88.0
2017-06-23,1598,43000.0,1636100.0,38.0,38.15,38.0,38.1,0.1,29.0
2017-06-26,1598,93000.0,3534050.0,38.1,38.2,37.9,38.0,-0.1,66.0
2017-06-27,1598,42000.0,1590600.0,38.0,38.1,37.6,38.1,0.1,31.0
2017-06-28,1598,50100.0,1888320.0,37.7,37.8,37.6,37.7,-0.4,46.0
2017-06-29,1598,54000.0,2042400.0,37.7,38.05,37.6,37.6,-0.1,38.0
2017-06-30,1598,41050.0,1542280.0,37.6,37.6,37.5,37.55,-0.05,32.0
2017-07-03,1598,30000.0,1129000.0,37.55,37.85,37.55,37.8,0.25,24.0
2017-07-04,1598,19100.0,720400.0,37.8,37.85,37.6,37.85,0.05,21.0
2017-07-05,1598,75042.0,2848330.0,37.85,38.3,37.6,38.0,0.15,53.0
2017-07-06,1598,39000.0,1468050.0,37.8,37.8,37.5,37.5,-0.5,32.0
2017-07-07,1598,29000.0,1088100.0,37.6,37.7,37.3,37.3,-0.2,25.0
2017-07-10,1598,84000.0,3164650.0,37.3,38.1,37.2,38.1,0.8,51.0
2017-07-11,1598,77058.0,2896027.0,37.7,38.1,37.25,37.3,-0.8,62.0
2017-07-12,1598,52000.0,1950600.0,37.65,37.65,37.25,37.6,0.3,40.0
2017-07-13,1598,51000.0,1931800.0,38.0,38.0,37.45,38.0,0.4,35.0
2017-07-14,1598,223000.0,8586450.0,38.3,39.45,38.1,38.2,0.2,128.0
2017-07-17,1598,36000.0,1368850.0,38.3,38.3,37.8,37.8,-0.4,30.0
2017-07-18,1598,70000.0,2638000.0,37.6,38.0,37.5,37.6,-0.2,33.0
2017-07-19,1598,79000.0,2986900.0,37.6,38.0,37.4,37.65,0.05,55.0
2017-07-20,1598,50000.0,1887800.0,37.5,37.9,37.45,37.8,0.15,31.0
2017-07-21,1598,90000.0,3381550.0,37.8,37.9,37.35,37.8,0.0,52.0
2017-07-24,1598,30000.0,1129700.0,37.85,37.85,37.55,37.6,-0.2,19.0
2017-07-25,1598,81200.0,3120039.0,39.4,39.4,38.05,38.05,0.45,67.0
2017-07-26,1598,39000.0,1475200.0,38.05,38.05,37.6,37.8,-0.25,29.0
2017-07-27,1598,107000.0,4045100.0,37.65,38.3,37.55,37.9,0.1,60.0
2017-07-28,1598,64000.0,2425800.0,37.7,38.1,37.65,38.0,0.1,52.0
2017-07-31,1598,87005.0,3290890.0,38.05,38.3,37.5,38.0,0.0,63.0
2017-08-01,1598,37000.0,1401800.0,37.7,38.1,37.7,38.1,0.1,36.0
2017-08-02,1598,27966.0,1058321.0,38.0,38.0,37.8,38.0,-0.1,21.0
2017-08-03,1598,66000.0,2508550.0,38.0,38.3,37.75,37.95,-0.05,38.0
2017-08-04,1598,80000.0,3039400.0,38.0,38.2,37.85,38.15,0.2,47.0
2017-08-07,1598,110000.0,4178700.0,38.15,38.3,37.7,38.15,0.0,57.0
2017-08-08,1598,27000.0,1018800.0,37.8,37.9,37.6,37.65,-0.5,20.0
2017-08-09,1598,31000.0,1165800.0,37.95,37.95,37.45,37.45,-0.2,24.0
2017-08-10,1598,126393.0,4704019.0,37.4,37.65,36.7,37.5,0.05,89.0
2017-08-11,1598,81251.0,3043362.0,37.65,37.9,37.0,37.6,0.1,50.0
2017-08-14,1598,115000.0,4253300.0,37.4,37.4,36.65,37.25,-0.35,68.0
2017-08-15,1598,117100.0,4315795.0,36.65,37.35,36.6,37.0,-0.25,75.0
2017-08-16,1598,279000.0,10319700.0,36.95,37.2,36.9,37.05,0.05,50.0
2017-08-17,1598,74000.0,2711150.0,37.0,37.0,36.4,36.5,-0.55,51.0
2017-08-18,1598,77000.0,2792350.0,36.4,36.5,36.05,36.5,0.0,59.0
2017-08-21,1598,76000.0,2754800.0,36.2,36.55,36.1,36.55,0.05,43.0
2017-08-22,1598,131000.0,4751000.0,36.25,36.5,36.1,36.45,-0.1,60.0
2017-08-23,1598,499100.0,18324100.0,36.15,37.1,36.05,36.95,0.5,110.0
2017-08-24,1598,253004.0,9257547.0,36.45,37.1,36.1,37.1,0.15,111.0
2017-08-25,1598,174414.0,6540416.0,37.4,38.0,37.1,37.6,0.5,92.0
2017-08-28,1598,418648.0,15918138.0,38.0,38.6,37.3,38.35,0.75,125.0
2017-08-29,1598,189999.0,7242111.0,38.35,38.35,37.95,38.35,0.0,72.0
2017-08-30,1598,115072.0,4406186.0,38.1,38.4,38.1,38.15,-0.2,84.0
2017-08-31,1598,215000.0,8209100.0,38.15,38.35,38.0,38.0,-0.15,54.0
2017-09-01,1598,194000.0,7412950.0,38.35,38.35,38.1,38.35,0.35,76.0
2017-09-04,1598,238078.0,9138641.0,38.35,38.5,38.3,38.35,0.0,70.0
2017-09-05,1598,247421.0,9503795.0,38.35,38.65,38.3,38.5,0.15,92.0
2017-09-06,1598,292500.0,11285100.0,38.6,39.0,38.2,38.75,0.25,121.0
2017-09-07,1598,463528.0,18380015.0,39.2,40.0,39.2,39.9,1.15,283.0
2017-09-08,1598,570218.0,23108229.0,40.2,41.4,39.95,40.5,0.6,265.0
2017-09-11,1598,419774.0,17131284.0,40.5,41.1,40.5,40.7,0.2,180.0
2017-09-12,1598,1381999.0,58661854.0,41.5,43.0,41.5,42.6,1.9,554.0
2017-09-13,1598,665490.0,28274875.0,42.6,43.1,41.7,42.45,-0.15,269.0
2017-09-14,1598,429022.0,18279238.0,42.4,43.0,42.35,42.75,0.3,161.0
2017-09-15,1598,831778.0,35697779.0,42.65,43.5,42.0,43.5,0.75,298.0
2017-09-18,1598,594786.0,25957662.0,43.5,44.2,42.8,43.6,0.1,224.0
2017-09-19,1598,449500.0,19355700.0,43.6,43.6,41.8,43.4,-0.2,177.0
2017-09-20,1598,494369.0,20727129.0,43.0,43.0,41.5,41.75,-1.65,242.0
2017-09-21,1598,217018.0,9024588.0,40.7,42.2,40.7,41.6,-0.15,115.0
2017-09-22,1598,647332.0,27507093.0,41.75,43.8,41.7,41.9,0.3,253.0
2017-09-25,1598,313003.0,13199076.0,41.9,42.45,41.9,41.95,0.05,144.0
2017-09-26,1598,326342.0,13857277.0,42.5,43.4,41.9,42.35,0.4,178.0
2017-09-27,1598,549365.0,23512048.0,42.3,43.25,42.25,43.25,0.9,228.0
2017-09-28,1598,504104.0,21917661.0,43.6,44.0,42.85,42.95,-0.3,261.0
2017-09-29,1598,1261277.0,54879117.0,43.0,44.2,42.3,42.3,-0.65,525.0
2017-09-30,1598,340443.0,14582731.0,42.9,43.15,42.5,42.9,0.6,103.0
2017-10-02,1598,184008.0,7852686.0,42.9,42.9,42.45,42.9,0.0,100.0
2017-10-03,1598,145004.0,6202218.0,43.0,43.0,42.3,42.85,-0.05,76.0
2017-10-05,1598,434200.0,18861610.0,42.9,43.8,42.9,43.3,0.45,244.0
2017-10-06,1598,338000.0,14514200.0,43.35,43.55,42.5,43.3,0.0,161.0
2017-10-11,1598,300000.0,12759100.0,43.0,43.0,42.25,42.35,-0.95,104.0
2017-10-12,1598,740216.0,31620142.0,43.0,43.5,42.3,43.5,1.15,234.0
2017-10-13,1598,197505.0,8510917.0,43.45,43.45,42.85,42.9,-0.6,133.0
2017-10-16,1598,375000.0,16040100.0,43.0,43.15,42.6,42.85,-0.05,84.0
2017-10-17,1598,143000.0,6076550.0,43.0,43.15,41.8,42.0,-0.85,89.0
2017-10-18,1598,79038.0,3317084.0,42.3,42.4,41.5,41.9,-0.1,43.0
2017-10-19,1598,108000.0,4527300.0,42.0,42.2,41.6,42.1,0.2,73.0
2017-10-20,1598,105000.0,4423250.0,42.35,42.45,41.75,42.15,0.05,46.0
2017-10-23,1598,150200.0,6201910.0,41.8,41.95,40.7,41.5,-0.65,92.0
2017-10-24,1598,158000.0,6530750.0,41.05,42.3,40.9,42.3,0.8,71.0
2017-10-25,1598,144000.0,5958450.0,42.3,42.3,40.9,41.0,-1.3,77.0
2017-10-26,1598,60000.0,2454500.0,40.7,41.2,40.6,41.0,0.0,46.0
2017-10-27,1598,148020.0,6049870.0,40.5,41.2,40.5,41.15,0.15,93.0
2017-10-30,1598,40100.0,1648534.0,41.4,41.7,40.8,40.9,-0.25,31.0
2017-10-31,1598,69000.0,2811550.0,41.0,41.0,40.5,41.0,0.1,43.0
2017-11-01,1598,161000.0,6608650.0,41.25,41.4,40.8,41.0,0.0,38.0
2017-11-02,1598,72000.0,2945600.0,41.0,41.35,40.5,41.1,0.1,44.0
2017-11-03,1598,103000.0,4197100.0,40.05,41.15,40.05,41.0,-0.1,75.0
2017-11-06,1598,37023.0,1500690.0,40.6,40.8,40.4,40.5,-0.5,32.0
2017-11-07,1598,137000.0,5465550.0,40.4,40.4,39.5,39.9,-0.6,88.0
2017-11-08,1598,102000.0,4112450.0,40.6,40.65,40.0,40.55,0.65,59.0
2017-11-09,1598,131047.0,5198844.0,40.3,40.55,39.25,39.3,-1.25,94.0
2017-11-10,1598,121000.0,4724350.0,39.95,40.05,38.65,39.2,-0.1,72.0
2017-11-13,1598,79001.0,3067188.0,39.3,39.3,38.5,38.65,-0.55,43.0
2017-11-14,1598,101000.0,3883600.0,38.65,38.7,38.25,38.3,-0.35,60.0
2017-11-15,1598,68000.0,2612450.0,38.75,38.9,38.25,38.5,0.2,43.0
2017-11-16,1598,53115.0,2038327.0,38.7,38.7,38.15,38.3,-0.2,25.0
2017-11-17,1598,92088.0,3528633.0,38.3,38.6,38.2,38.5,0.2,42.0
2017-11-20,1598,931000.0,36720100.0,39.0,41.75,38.75,40.15,1.65,295.0
2017-11-21,1598,170400.0,6846900.0,40.15,40.6,40.0,40.1,-0.05,111.0
2017-11-22,1598,95000.0,3793150.0,40.1,40.25,39.6,40.0,-0.1,57.0
2017-11-23,1598,33000.0,1316550.0,40.0,40.2,39.7,40.0,0.0,25.0
2017-11-24,1598,95150.0,3799188.0,40.05,40.35,39.5,40.0,0.0,55.0
2017-11-27,1598,183000.0,7411100.0,40.6,40.75,40.1,40.2,0.2,119.0
2017-11-28,1598,101500.0,4068400.0,40.3,40.3,39.6,40.0,-0.2,52.0
2017-11-29,1598,110001.0,4398389.0,40.75,40.75,39.5,39.5,-0.5,65.0
2017-11-30,1598,36715.0,1450035.0,39.4,39.8,39.35,39.35,-0.15,32.0
2017-12-01,1598,45000.0,1765600.0,39.35,39.4,39.0,39.25,-0.1,24.0
2017-12-04,1598,157000.0,6346350.0,39.75,40.9,39.75,40.75,1.5,95.0
2017-12-05,1598,221021.0,9105055.0,40.75,41.75,40.75,40.75,0.0,114.0
2017-12-06,1598,76250.0,3123700.0,40.8,41.1,40.8,40.8,0.05,54.0
2017-12-07,1598,133000.0,5347550.0,40.8,40.8,39.8,40.65,-0.15,81.0
2017-12-08,1598,28000.0,1127350.0,40.55,40.55,40.15,40.2,-0.45,17.0
2017-12-11,1598,22300.0,897160.0,40.2,40.5,40.0,40.2,0.0,20.0
2017-12-12,1598,60010.0,2395853.0,40.0,40.1,39.8,39.95,-0.25,35.0
2017-12-13,1598,23000.0,916350.0,40.0,40.0,39.7,39.8,-0.15,18.0
2017-12-14,1598,81000.0,3256800.0,40.4,40.4,40.1,40.3,0.5,48.0
2017-12-15,1598,217000.0,8942800.0,40.8,41.8,40.6,41.5,1.2,120.0
2017-12-18,1598,274980.0,11534369.0,41.5,42.75,41.5,41.75,0.25,129.0
2017-12-19,1598,137300.0,5694045.0,41.5,41.65,41.2,41.2,-0.55,68.0
2017-12-20,1598,309000.0,12976950.0,41.55,42.4,41.5,42.2,1.0,137.0
2017-12-21,1598,353050.0,14996480.0,42.6,42.95,42.1,42.95,0.75,179.0
2017-12-22,1598,1508714.0,65655235.0,43.1,44.0,42.95,43.85,0.9,472.0
2017-12-25,1598,937503.0,41087779.0,43.85,44.1,43.2,43.9,0.05,337.0
2017-12-26,1598,201300.0,8771715.0,43.6,43.9,43.2,43.6,-0.3,113.0
2017-12-27,1598,261000.0,11441950.0,43.95,44.0,43.65,43.65,0.05,93.0
2017-12-28,1598,330000.0,14482950.0,43.95,44.35,43.6,43.65,0.0,141.0
2017-12-29,1598,815280.0,36156566.0,43.7,44.8,43.55,44.8,1.15,355.0
2018-01-02,1598,318905.0,14230186.0,44.6,44.85,44.3,44.5,-0.3,139.0
2018-01-03,1598,239020.0,10556036.0,44.25,44.3,44.05,44.25,-0.25,84.0
2018-01-04,1598,267199.0,11833695.0,44.1,44.55,44.1,44.35,0.1,110.0
2018-01-05,1598,550383.0,24426205.0,44.1,44.6,44.1,44.55,0.2,162.0
2018-01-08,1598,308000.0,13569950.0,44.6,44.6,43.6,44.3,-0.25,127.0
2018-01-09,1598,224393.0,9908311.0,44.45,44.45,43.8,44.3,0.0,90.0
2018-01-10,1598,144000.0,6368000.0,44.2,44.55,43.95,44.05,-0.25,72.0
2018-01-11,1598,345000.0,15039150.0,44.05,44.6,42.7,42.85,-1.2,165.0
2018-01-12,1598,179425.0,7691709.0,43.5,43.5,42.6,42.85,0.0,108.0
2018-01-15,1598,212000.0,9032800.0,42.8,42.9,42.0,42.8,-0.05,95.0
2018-01-16,1598,154000.0,6566550.0,42.8,42.8,42.35,42.5,-0.3,77.0
2018-01-17,1598,184493.0,7813828.0,42.45,42.45,42.2,42.45,-0.05,88.0
2018-01-18,1598,149201.0,6324692.0,42.45,42.5,41.7,42.4,-0.05,80.0
2018-01-19,1598,147000.0,6208700.0,42.4,42.55,41.7,42.15,-0.25,72.0
2018-01-22,1598,118900.0,4993810.0,42.15,42.15,41.7,42.1,-0.05,62.0
2018-01-23,1598,135450.0,5716900.0,42.0,42.5,42.0,42.2,0.1,55.0
2018-01-24,1598,168000.0,7058700.0,42.15,42.2,41.75,42.05,-0.15,81.0
2018-01-25,1598,327032.0,13984226.0,42.1,43.05,42.1,42.8,0.75,218.0
2018-01-26,1598,228000.0,9688800.0,43.0,43.2,41.9,42.3,-0.5,102.0
2018-01-29,1598,124001.0,5208142.0,42.3,42.3,41.7,42.0,-0.3,71.0
2018-01-30,1598,258500.0,10778174.0,41.5,41.95,41.45,41.85,-0.15,125.0
2018-01-31,1598,291032.0,11997481.0,41.55,41.8,40.8,41.6,-0.25,114.0
2018-02-01,1598,159000.0,6638450.0,41.6,42.5,41.1,41.1,-0.5,82.0
2018-02-02,1598,100010.0,4154318.0,41.6,41.9,41.1,41.5,0.4,62.0
2018-02-05,1598,101000.0,4174650.0,41.1,41.5,41.1,41.5,0.0,48.0
2018-02-06,1598,210000.0,8597850.0,40.85,41.5,40.45,41.1,-0.4,132.0
2018-02-07,1598,87000.0,3575500.0,41.1,41.5,40.75,41.2,0.1,48.0
2018-02-08,1598,268000.0,11042450.0,40.75,42.9,40.55,41.2,0.0,147.0
2018-02-09,1598,157109.0,6410691.0,40.6,41.0,40.6,40.8,-0.4,112.0
2018-02-12,1598,964000.0,40932450.0,42.0,43.2,41.5,42.0,1.2,474.0
2018-02-21,1598,1239071.0,53476010.0,44.0,44.0,42.5,43.3,1.3,602.0
2018-02-22,1598,343000.0,14622750.0,42.7,43.0,42.2,42.55,-0.75,198.0
2018-02-23,1598,327792.0,13945430.0,42.6,42.95,42.25,42.5,-0.05,167.0
2018-02-26,1598,348000.0,14734600.0,42.5,43.05,42.0,42.35,-0.15,194.0
2018-02-27,1598,717101.0,29589316.0,41.65,42.0,40.3,41.85,-0.5,509.0
2018-03-01,1598,155250.0,6438262.0,41.75,41.75,41.1,41.5,-0.35,84.0
2018-03-02,1598,261754.0,10962557.0,41.45,43.0,41.2,42.5,1.0,116.0
2018-03-05,1598,383000.0,16294200.0,42.5,43.0,42.25,42.7,0.2,214.0
2018-03-06,1598,295000.0,12528150.0,42.7,43.0,42.1,42.5,-0.2,173.0
2018-03-07,1598,231000.0,9715050.0,42.7,42.7,41.7,42.1,-0.4,136.0
2018-03-08,1598,385000.0,15980450.0,41.75,42.3,41.0,41.9,-0.2,264.0
2018-03-09,1598,356000.0,14799550.0,41.9,42.4,41.25,41.65,-0.25,252.0
2018-03-12,1598,196000.0,8076350.0,41.3,41.7,40.85,41.0,-0.65,132.0
2018-03-13,1598,571786.0,23281893.0,41.0,41.9,40.15,40.8,-0.2,371.0
2018-03-14,1598,352400.0,14129540.0,40.5,40.85,39.9,39.9,-0.9,235.0
2018-03-15,1598,412000.0,16515100.0,39.95,40.55,39.6,40.0,0.1,167.0
2018-03-16,1598,410500.0,16446875.0,40.1,40.35,39.8,39.8,-0.2,89.0
2018-03-19,1598,122000.0,4851600.0,39.9,39.9,39.6,39.8,0.0,79.0
2018-03-20,1598,89000.0,3545750.0,39.9,39.95,39.7,39.95,0.15,66.0
2018-03-21,1598,217001.0,8704390.0,40.0,40.3,40.0,40.2,0.25,153.0
2018-03-22,1598,164000.0,6554400.0,40.2,40.25,39.7,39.9,-0.3,118.0
2018-03-23,1598,184000.0,7209450.0,39.5,39.5,38.95,39.45,-0.45,148.0
2018-03-26,1598,82500.0,3254050.0,39.5,40.0,39.0,40.0,0.55,58.0
2018-03-27,1598,135000.0,5417750.0,40.6,40.7,39.45,39.95,-0.05,74.0
2018-03-28,1598,47000.0,1864550.0,39.55,39.95,39.5,39.9,-0.05,36.0
2018-03-29,1598,29000.0,1153400.0,40.0,40.2,39.6,39.9,0.0,27.0
2018-03-30,1598,127000.0,5048550.0,40.25,40.25,39.45,39.7,-0.2,82.0
2018-03-31,1598,143000.0,5604700.0,39.3,39.5,39.1,39.1,-0.6,87.0
2018-04-02,1598,70000.0,2734500.0,39.3,39.45,38.95,39.0,-0.1,48.0
2018-04-03,1598,98046.0,3818871.0,39.0,39.65,38.5,39.65,0.65,82.0
2018-04-09,1598,69000.0,2729300.0,39.9,39.9,39.2,39.8,0.15,54.0
2018-04-10,1598,132000.0,5251100.0,39.65,39.95,39.55,39.85,0.05,99.0
2018-04-11,1598,174000.0,6936400.0,39.85,40.5,39.6,39.6,-0.25,126.0
2018-04-12,1598,27004.0,1067859.0,39.9,39.9,39.5,39.5,-0.1,24.0
2018-04-13,1598,71786.0,2838764.0,39.85,39.85,39.4,39.65,0.15,51.0
2018-04-16,1598,72070.0,2840767.0,39.4,39.85,39.1,39.55,-0.1,54.0
2018-04-17,1598,179000.0,6963950.0,39.55,39.55,38.6,39.3,-0.25,90.0
2018-04-18,1598,51000.0,1999200.0,39.3,39.5,38.9,39.35,0.05,43.0
2018-04-19,1598,34000.0,1331050.0,39.4,39.4,38.8,39.3,-0.05,31.0
2018-04-20,1598,45000.0,1762150.0,39.05,39.4,39.0,39.4,0.1,36.0
2018-04-23,1598,50000.0,1952950.0,39.3,39.35,38.7,39.15,-0.25,34.0
2018-04-24,1598,100000.0,3871450.0,39.0,39.0,38.6,38.7,-0.45,47.0
2018-04-25,1598,208500.0,8097349.0,38.7,39.7,38.4,39.0,0.3,97.0
2018-04-26,1598,60000.0,2332900.0,39.0,39.2,38.65,39.0,0.0,45.0
2018-04-27,1598,52000.0,2021550.0,39.1,39.1,38.65,38.9,-0.1,36.0
2018-04-30,1598,15000.0,582500.0,38.85,38.9,38.65,38.9,0.0,12.0
2018-05-02,1598,17500.0,680100.0,38.9,39.0,38.75,38.85,-0.05,15.0
2018-05-03,1598,73002.0,2819078.0,38.7,38.9,38.4,38.8,-0.05,55.0
2018-05-04,1598,17000.0,660350.0,39.25,39.25,38.65,38.7,-0.1,15.0
2018-05-07,1598,31000.0,1198300.0,38.85,38.9,38.3,38.7,0.0,23.0
2018-05-08,1598,79000.0,3038000.0,38.5,38.7,38.2,38.6,-0.1,72.0
2018-05-09,1598,109000.0,4176050.0,38.35,38.55,38.1,38.5,-0.1,95.0
2018-05-10,1598,75000.0,2872750.0,38.3,38.5,38.1,38.5,0.0,65.0
2018-05-11,1598,130000.0,4954400.0,38.5,38.8,37.9,38.15,-0.35,98.0
2018-05-14,1598,197000.0,7430350.0,38.15,38.15,37.45,37.85,-0.3,123.0
2018-05-15,1598,167000.0,6278400.0,37.95,37.95,37.15,37.85,0.0,115.0
2018-05-16,1598,1341000.0,46271700.0,34.15,38.4,34.1,38.0,0.15,490.0
2018-05-17,1598,165005.0,6116085.0,38.2,38.2,35.55,37.0,-1.0,132.0
2018-05-18,1598,128000.0,4658600.0,36.7,37.0,36.05,37.0,0.0,104.0
2018-05-21,1598,195000.0,7020000.0,37.1,37.1,35.35,36.0,-1.0,140.0
2018-05-22,1598,210000.0,7395700.0,36.1,36.35,33.85,36.1,0.1,185.0
2018-05-23,1598,55000.0,1952900.0,36.1,36.1,35.3,35.5,-0.6,42.0
2018-05-24,1598,52050.0,1849905.0,35.6,36.0,35.15,35.8,0.3,47.0
2018-05-25,1598,188000.0,6637550.0,35.3,35.8,34.9,35.65,-0.15,126.0
2018-05-28,1598,87500.0,3092050.0,35.65,35.75,35.0,35.45,-0.2,58.0
2018-05-29,1598,67000.0,2353950.0,35.5,35.5,35.0,35.3,-0.15,58.0
2018-05-30,1598,870000.0,30699150.0,35.3,35.45,35.0,35.2,-0.1,114.0
2018-05-31,1598,142030.0,4966956.0,35.25,35.25,34.8,34.8,-0.4,98.0
2018-06-01,1598,127000.0,4398450.0,34.6,35.0,34.4,35.0,0.2,80.0
2018-06-04,1598,205000.0,7255850.0,35.05,35.65,35.0,35.55,0.55,107.0
2018-06-05,1598,90000.0,3187150.0,35.55,35.7,35.2,35.6,0.05,68.0
2018-06-06,1598,514000.0,18273350.0,35.65,35.75,35.35,35.65,0.05,97.0
2018-06-07,1598,97000.0,3449600.0,35.5,35.85,35.35,35.85,0.2,65.0
2018-06-08,1598,65010.0,2326658.0,35.85,36.0,35.55,36.0,0.15,59.0
2018-06-11,1598,261000.0,9427100.0,35.9,36.45,35.65,36.45,0.45,134.0
2018-06-12,1598,363000.0,13113500.0,36.55,36.55,35.85,36.2,-0.25,127.0
2018-06-13,1598,115500.0,4109500.0,35.9,36.1,35.25,35.25,-0.95,98.0
2018-06-14,1598,109084.0,3816869.0,35.3,35.3,34.7,35.25,0.0,82.0
2018-06-15,1598,34000.0,1189900.0,35.25,35.25,34.85,35.0,-0.25,29.0
2018-06-19,1598,91000.0,3140750.0,34.9,34.9,34.2,34.7,-0.3,73.0
2018-06-20,1598,20000.0,688000.0,34.7,34.7,34.15,34.65,-0.05,19.0
2018-06-21,1598,38050.0,1316482.0,34.7,34.7,34.45,34.7,0.05,23.0
2018-06-22,1598,37000.0,1290950.0,34.7,35.0,34.7,35.0,0.3,28.0
2018-06-25,1598,25002.0,870018.0,34.95,34.95,34.6,34.9,-0.1,22.0
2018-06-26,1598,31005.0,1076873.0,34.9,34.95,34.5,34.9,0.0,29.0
2018-06-27,1598,14100.0,490685.0,34.7,34.95,34.7,34.8,-0.1,14.0
2018-06-28,1598,58000.0,2006300.0,34.3,34.85,34.3,34.8,0.0,46.0
2018-06-29,1598,21000.0,735100.0,34.7,35.35,34.7,34.9,0.1,16.0
2018-07-02,1598,24034.0,837734.0,34.8,34.9,34.7,34.8,-0.1,15.0
2018-07-03,1598,38000.0,1315000.0,34.85,34.85,34.4,34.6,-0.2,29.0
2018-07-04,1598,71000.0,2440600.0,34.15,34.8,34.15,34.5,-0.1,45.0
2018-07-05,1598,60000.0,2054300.0,34.15,34.45,33.9,34.45,-0.05,46.0
2018-07-06,1598,74000.0,2533950.0,34.45,34.45,34.0,34.45,0.0,51.0
2018-07-09,1598,24000.0,821800.0,34.45,34.45,34.0,34.45,0.0,20.0
2018-07-10,1598,15001.0,514334.0,34.45,34.45,34.15,34.45,0.0,15.0
2018-07-11,1598,26000.0,890150.0,34.3,34.45,34.1,34.35,-0.1,25.0
2018-07-12,1598,88000.0,3010600.0,34.35,34.45,34.0,34.35,0.0,64.0
2018-07-13,1598,28100.0,962450.0,34.15,34.35,34.15,34.35,0.0,14.0
2018-07-16,1598,93000.0,3168350.0,34.1,34.25,33.85,34.2,-0.15,63.0
2018-07-17,1598,52000.0,1771250.0,34.3,34.3,33.8,34.2,0.0,38.0
2018-07-18,1598,47000.0,1600100.0,34.0,34.35,33.95,34.1,-0.1,33.0
2018-07-19,1598,48000.0,1633000.0,34.25,34.25,33.8,34.05,-0.05,30.0
2018-07-20,1598,21000.0,714300.0,34.15,34.15,33.85,34.05,0.0,14.0
2018-07-23,1598,79000.0,2681600.0,34.1,34.1,33.7,34.0,-0.05,45.0
2018-07-24,1598,471000.0,15831250.0,33.95,34.0,33.5,34.0,0.0,129.0
2018-07-25,1598,214000.0,7271150.0,34.0,34.3,33.6,34.05,0.05,167.0
2018-07-26,1598,310000.0,10472800.0,33.75,34.15,33.6,34.15,0.1,171.0
2018-07-27,1598,276500.0,9521700.0,34.1,34.8,34.1,34.45,0.3,215.0
2018-07-30,1598,197000.0,6788000.0,34.45,34.55,34.3,34.55,0.1,107.0
2018-07-31,1598,194720.0,6717995.0,34.4,34.65,34.4,34.6,0.05,97.0
2018-08-01,1598,117577.0,4075793.0,34.4,34.8,34.4,34.8,0.2,95.0
2018-08-02,1598,117000.0,4055650.0,34.7,34.85,34.55,34.85,0.05,75.0
2018-08-03,1598,71034.0,2474900.0,34.6,35.2,34.6,35.2,0.35,67.0
2018-08-06,1598,201407.0,7068418.0,35.0,35.5,34.95,35.5,0.3,140.0
2018-08-07,1598,222000.0,7877500.0,35.3,36.5,35.2,35.8,0.3,141.0
2018-08-08,1598,190000.0,6749400.0,35.45,35.85,35.35,35.85,0.05,108.0
2018-08-09,1598,154275.0,5475767.0,35.5,35.85,35.35,35.65,-0.2,131.0
2018-08-10,1598,99000.0,3521250.0,35.6,35.8,35.4,35.4,-0.25,87.0
2018-08-13,1598,182791.0,6374029.0,35.2,35.7,34.5,34.65,-0.75,149.0
2018-08-14,1598,89000.0,3087050.0,34.65,35.3,34.45,35.15,0.5,78.0
2018-08-15,1598,227000.0,7816150.0,35.0,35.0,34.1,34.75,-0.4,136.0
2018-08-16,1598,129000.0,4428300.0,34.5,34.55,34.15,34.45,-0.3,109.0
2018-08-17,1598,144000.0,4926550.0,34.45,34.45,34.0,34.45,0.0,117.0
2018-08-20,1598,166009.0,5645704.0,34.45,34.55,33.65,34.1,-0.35,122.0
2018-08-21,1598,97000.0,3317600.0,34.1,34.55,34.05,34.15,0.05,88.0
2018-08-22,1598,55000.0,1879800.0,34.1,34.5,34.1,34.2,0.05,50.0
2018-08-23,1598,56010.0,1915945.0,34.15,34.3,34.15,34.25,0.05,52.0
2018-08-24,1598,77000.0,2626950.0,34.2,34.35,34.0,34.15,-0.1,69.0
2018-08-27,1598,77003.0,2625252.0,34.15,34.35,33.95,33.95,-0.2,74.0
2018-08-28,1598,112000.0,3821900.0,34.4,34.4,34.05,34.05,0.1,62.0
2018-08-29,1598,192000.0,6534500.0,34.05,34.2,33.85,34.1,0.05,121.0
2018-08-30,1598,69000.0,2348800.0,34.05,34.3,33.9,34.1,0.0,66.0
2018-08-31,1598,63000.0,2141850.0,34.0,34.1,33.9,34.1,0.0,53.0
2018-09-03,1598,47000.0,1601650.0,34.5,34.5,33.95,34.15,0.05,45.0
2018-09-04,1598,91000.0,3095200.0,34.05,34.15,33.85,34.1,-0.05,83.0
2018-09-05,1598,95001.0,3230234.0,34.05,34.15,33.95,34.1,0.0,88.0
2018-09-06,1598,143000.0,4856650.0,34.0,34.1,33.9,34.1,0.0,124.0
2018-09-07,1598,378000.0,12699200.0,33.9,34.0,33.45,33.8,-0.3,106.0
2018-09-10,1598,307000.0,10264050.0,33.6,33.65,33.1,33.55,-0.25,176.0
2018-09-11,1598,250000.0,8247100.0,33.35,33.35,32.45,33.3,-0.25,208.0
2018-09-12,1598,282100.0,9249020.0,33.3,33.3,32.6,32.95,-0.35,114.0
2018-09-13,1598,253493.0,8194448.0,32.85,33.0,32.0,32.2,-0.75,214.0
2018-09-14,1598,402420.0,12206692.0,31.2,31.6,29.9,29.9,-2.3,287.0
2018-09-17,1598,325620.0,9770720.0,30.0,30.5,29.75,29.85,-0.05,198.0
2018-09-18,1598,73000.0,2164400.0,29.85,29.9,29.4,29.6,-0.25,60.0
2018-09-19,1598,101072.0,2963133.0,29.5,29.75,29.1,29.15,-0.45,69.0
2018-09-20,1598,109473.0,3183085.0,29.0,29.3,28.85,29.3,0.15,68.0
2018-09-21,1598,475130.0,13371292.0,28.45,28.6,27.75,28.0,0.0,203.0
2018-09-25,1598,313193.0,8570407.0,28.0,28.0,26.8,27.5,-0.5,183.0
2018-09-26,1598,646175.0,18003220.0,27.3,28.65,27.3,28.45,0.95,289.0
2018-09-27,1598,463154.0,13293500.0,28.4,29.65,28.1,29.55,1.1,239.0
2018-09-28,1598,476200.0,14031379.0,29.7,29.9,29.2,29.9,0.35,311.0
2018-10-01,1598,290450.0,8856314.0,30.1,30.85,30.1,30.75,0.85,220.0
2018-10-02,1598,303000.0,9202400.0,30.9,31.0,30.0,30.95,0.2,191.0
2018-10-03,1598,397000.0,12045700.0,30.95,30.95,30.05,30.4,-0.55,217.0
2018-10-04,1598,199410.0,5955195.0,30.0,30.45,29.5,29.55,-0.85,152.0
2018-10-05,1598,154400.0,4456190.0,29.4,29.4,28.25,29.15,-0.4,125.0
2018-10-08,1598,78000.0,2232400.0,29.0,29.0,28.4,28.6,-0.55,69.0
2018-10-09,1598,261320.0,7531600.0,28.6,29.05,28.6,28.75,0.15,142.0
2018-10-11,1598,291300.0,8308524.0,28.7,28.8,28.35,28.8,0.05,162.0
2018-10-12,1598,220320.0,6354926.0,28.55,29.35,28.5,29.35,0.55,156.0
2018-10-15,1598,136000.0,3934000.0,29.1,29.15,28.8,29.15,-0.2,103.0
2018-10-16,1598,138000.0,3975000.0,28.9,29.35,28.65,28.65,-0.5,100.0
2018-10-17,1598,128000.0,3658550.0,28.7,28.8,28.45,28.7,0.05,101.0
2018-10-18,1598,221050.0,6301520.0,28.5,28.65,28.35,28.65,-0.05,120.0
2018-10-19,1598,105150.0,2996912.0,28.4,28.85,28.3,28.8,0.15,83.0
2018-10-22,1598,97000.0,2762300.0,28.45,28.7,28.4,28.4,-0.4,75.0
2018-10-23,1598,242578.0,6828415.0,28.4,28.45,27.95,28.45,0.05,143.0
2018-10-24,1598,211000.0,5981450.0,28.35,28.45,28.25,28.3,-0.15,129.0
2018-10-25,1598,444000.0,12539250.0,28.3,28.4,28.0,28.15,-0.15,145.0
2018-10-26,1598,357000.0,10027200.0,28.15,28.2,28.0,28.15,0.0,115.0
2018-10-29,1598,335995.0,9447810.0,28.15,28.15,28.05,28.05,-0.1,137.0
2018-10-30,1598,393100.0,11035445.0,28.05,28.5,28.0,28.0,-0.05,152.0
2018-10-31,1598,145000.0,4070700.0,28.05,28.25,28.0,28.0,0.0,118.0
2018-11-01,1598,101061.0,2835670.0,28.05,28.15,28.0,28.0,0.0,98.0
2018-11-02,1598,323344.0,9069000.0,28.05,28.3,28.0,28.05,0.05,88.0
2018-11-05,1598,150000.0,4211550.0,28.1,28.1,28.0,28.0,-0.05,85.0
2018-11-06,1598,535000.0,15003550.0,28.05,28.1,28.0,28.05,0.05,83.0
2018-11-07,1598,67000.0,1882000.0,28.1,28.15,28.05,28.15,0.1,43.0
2018-11-08,1598,247000.0,6955700.0,28.2,28.3,28.15,28.2,0.05,50.0
2018-11-09,1598,231000.0,6493100.0,28.05,28.3,28.05,28.2,0.0,38.0
2018-11-12,1598,190000.0,5349200.0,28.1,28.3,28.05,28.1,-0.1,19.0
2018-11-13,1598,164000.0,4632500.0,28.25,28.35,28.1,28.25,0.15,46.0
2018-11-14,1598,251000.0,7118100.0,28.35,28.6,28.25,28.25,0.0,94.0
2018-11-15,1598,128000.0,3622450.0,28.3,28.35,28.25,28.35,0.1,43.0
2018-11-16,1598,666000.0,18943600.0,28.35,28.5,28.1,28.5,0.15,49.0
2018-11-19,1598,169000.0,4902750.0,28.8,29.25,28.7,29.05,0.55,120.0
2018-11-20,1598,133000.0,3862600.0,29.05,29.25,28.9,29.1,0.05,82.0
2018-11-21,1598,205000.0,5973800.0,29.1,29.35,29.05,29.35,0.25,87.0
2018-11-22,1598,84000.0,2454150.0,29.35,29.4,29.1,29.4,0.05,68.0
2018-11-23,1598,342000.0,10090550.0,29.4,29.6,29.2,29.6,0.2,100.0
2018-11-26,1598,328507.0,9786763.0,29.6,30.2,29.6,30.2,0.6,141.0
2018-11-27,1598,263000.0,7897300.0,30.05,30.05,29.9,29.95,-0.25,60.0
2018-11-28,1598,315140.0,9455306.0,29.95,30.15,29.95,30.15,0.2,73.0
2018-11-29,1598,425000.0,12797950.0,30.4,30.4,30.0,30.0,-0.15,72.0
2018-11-30,1598,123000.0,3695000.0,30.0,30.1,30.0,30.0,0.0,83.0
2018-12-03,1598,416000.0,12645800.0,30.3,30.5,30.3,30.5,0.5,105.0
2018-12-04,1598,322000.0,9832450.0,30.45,30.8,30.45,30.8,0.3,104.0
2018-12-05,1598,376010.0,11555707.0,30.6,30.85,30.6,30.8,0.0,72.0
2018-12-06,1598,468000.0,14258350.0,30.65,30.7,30.3,30.35,-0.45,118.0
2018-12-07,1598,325000.0,10146050.0,30.5,31.5,30.5,31.5,1.15,165.0
2018-12-10,1598,290100.0,9107810.0,31.3,31.5,31.2,31.35,-0.15,88.0
2018-12-11,1598,316000.0,9977050.0,31.55,31.75,31.45,31.75,0.4,96.0
2018-12-12,1598,214474.0,6772157.0,31.6,31.7,31.5,31.5,-0.25,70.0
2018-12-13,1598,94473.0,2969573.0,31.45,31.5,31.35,31.4,-0.1,60.0
2018-12-14,1598,24100.0,756635.0,31.45,31.45,31.35,31.4,0.0,13.0
2018-12-17,1598,373200.0,12002540.0,31.5,32.35,31.5,32.3,0.9,125.0
2018-12-18,1598,174000.0,5619800.0,32.3,32.3,32.25,32.3,0.0,56.0
2018-12-19,1598,134000.0,4297800.0,32.3,32.3,31.95,32.2,-0.1,73.0
2018-12-20,1598,71000.0,2273750.0,32.15,32.15,31.95,32.0,-0.2,40.0
2018-12-21,1598,60966.0,1947214.0,32.0,32.05,31.85,32.0,0.0,26.0
2018-12-22,1598,37000.0,1180950.0,32.0,32.0,31.85,31.95,-0.05,17.0
2018-12-24,1598,142006.0,4612145.0,32.2,32.55,32.05,32.5,0.55,58.0
2018-12-25,1598,139000.0,4500150.0,32.35,32.75,32.15,32.75,0.25,42.0
2018-12-26,1598,104000.0,3399650.0,32.75,32.85,32.5,32.5,-0.25,53.0
2018-12-27,1598,484000.0,15915200.0,32.7,33.3,32.5,33.05,0.55,240.0
2018-12-28,1598,419000.0,14015000.0,33.4,34.0,33.0,34.0,0.95,273.0
2019-01-02,1598,88005.0,2967083.0,33.9,34.0,33.6,33.7,-0.3,72.0
2019-01-03,1598,76000.0,2547700.0,33.7,33.7,33.4,33.4,-0.3,54.0
2019-01-04,1598,102000.0,3389200.0,33.4,33.4,33.1,33.3,-0.1,57.0
2019-01-07,1598,216000.0,7231200.0,33.4,33.7,33.3,33.5,0.2,74.0
2019-01-08,1598,99000.0,3305700.0,33.4,33.45,33.3,33.45,-0.05,45.0
2019-01-09,1598,252000.0,8497900.0,33.5,33.95,33.45,33.8,0.35,122.0
2019-01-10,1598,246000.0,8335200.0,33.95,33.95,33.65,33.9,0.1,40.0
2019-01-11,1598,400015.0,13587266.0,33.9,34.1,33.8,34.1,0.2,117.0
2019-01-14,1598,80036.0,2716168.0,34.05,34.05,33.8,33.85,-0.25,48.0
2019-01-15,1598,157000.0,5313850.0,33.85,33.95,33.75,33.85,0.0,80.0
2019-01-16,1598,99000.0,3349600.0,33.9,33.9,33.75,33.75,-0.1,57.0
2019-01-17,1598,34000.0,1145400.0,33.75,33.8,33.65,33.75,0.0,23.0
2019-01-18,1598,307200.0,10413880.0,33.8,33.95,33.75,33.95,0.2,79.0
2019-01-21,1598,28393.0,965212.0,33.95,34.1,33.8,34.1,0.15,20.0
2019-01-22,1598,114000.0,3896800.0,34.0,34.3,34.0,34.3,0.2,42.0
2019-01-23,1598,58000.0,1990600.0,34.25,34.4,34.25,34.35,0.05,35.0
2019-01-24,1598,92000.0,3184400.0,34.3,35.85,34.25,34.35,0.0,49.0
2019-01-25,1598,345180.0,11939246.0,34.5,34.8,34.35,34.8,0.45,93.0
2019-01-28,1598,80200.0,2784510.0,34.6,34.8,34.6,34.8,0.0,37.0
2019-01-29,1598,379000.0,13165500.0,34.75,34.8,34.55,34.75,-0.05,117.0
2019-01-30,1598,107750.0,3741075.0,34.7,34.85,34.55,34.55,-0.2,53.0
2019-02-11,1598,212099.0,7379590.0,34.65,34.85,34.65,34.8,0.25,96.0
2019-02-12,1598,220198.0,7699509.0,34.9,35.2,34.85,35.15,0.35,89.0
2019-02-13,1598,388000.0,13720400.0,35.2,35.5,35.2,35.45,0.3,135.0
2019-02-14,1598,198185.0,7032917.0,35.45,35.55,35.4,35.5,0.05,63.0
2019-02-15,1598,162000.0,5711700.0,35.55,35.55,34.95,35.0,-0.5,82.0
2019-02-18,1598,124000.0,4347150.0,35.0,35.2,34.95,35.15,0.15,90.0
2019-02-19,1598,95000.0,3333300.0,35.15,35.25,34.9,35.15,0.0,45.0
2019-02-20,1598,87000.0,3053400.0,35.15,35.2,35.05,35.15,0.0,34.0
2019-02-21,1598,133000.0,4679150.0,35.05,35.5,35.0,35.5,0.35,74.0
2019-02-22,1598,73002.0,2589425.0,35.5,35.55,35.35,35.4,-0.1,36.0
2019-02-25,1598,32200.0,1138370.0,35.45,35.5,35.3,35.3,-0.1,18.0
2019-02-26,1598,45000.0,1578100.0,35.3,35.3,34.9,35.1,-0.2,39.0
2019-02-27,1598,34000.0,1189300.0,35.15,35.15,34.9,35.0,-0.1,23.0
2019-03-04,1598,54150.0,1881597.0,35.0,35.0,34.55,34.65,-0.35,31.0
2019-03-05,1598,91507.0,3151590.0,34.65,34.65,34.3,34.35,-0.3,56.0
2019-03-06,1598,37886.0,1299839.0,34.6,34.6,34.25,34.45,0.1,28.0
2019-03-07,1598,33001.0,1133434.0,34.45,34.5,34.25,34.25,-0.2,29.0
2019-03-08,1598,44000.0,1501850.0,34.25,34.35,34.05,34.2,-0.05,21.0
2019-03-11,1598,44000.0,1512750.0,34.3,34.4,34.3,34.4,0.2,20.0
2019-03-12,1598,60015.0,2065764.0,34.4,34.45,34.35,34.35,-0.05,45.0
2019-03-13,1598,85334.0,2923389.0,34.4,34.4,34.2,34.35,0.0,44.0
2019-03-14,1598,88504.0,3045411.0,34.4,34.55,34.3,34.55,0.2,74.0
2019-03-15,1598,19000.0,656100.0,34.55,34.55,34.45,34.55,0.0,14.0
2019-03-18,1598,30500.0,1054774.0,34.55,34.55,34.5,34.55,0.0,15.0
2019-03-19,1598,254000.0,8749500.0,34.55,34.55,34.35,34.45,-0.1,38.0
2019-03-20,1598,62000.0,2130950.0,34.55,34.55,34.2,34.5,0.05,32.0
2019-03-21,1598,44000.0,1509900.0,34.5,34.5,34.2,34.2,-0.3,28.0
2019-03-22,1598,37000.0,1264550.0,34.25,34.3,34.1,34.15,-0.05,27.0
2019-03-25,1598,35100.0,1195105.0,34.2,34.2,34.0,34.1,-0.05,18.0
2019-03-26,1598,19000.0,647550.0,34.1,34.15,34.05,34.15,0.05,10.0
2019-03-27,1598,165000.0,5673750.0,34.15,34.6,34.15,34.6,0.45,91.0
2019-03-28,1598,261000.0,9081950.0,34.65,34.95,34.65,34.85,0.25,115.0
2019-03-29,1598,405140.0,14226107.0,34.95,35.5,34.95,35.3,0.45,185.0
2019-04-01,1598,227140.0,8034621.0,35.4,35.45,35.1,35.2,-0.1,115.0
2019-04-02,1598,240060.0,8476621.0,35.25,35.4,35.15,35.25,0.05,180.0
2019-04-03,1598,185000.0,6532000.0,35.3,35.45,35.2,35.4,0.15,86.0
2019-04-08,1598,212000.0,7536900.0,35.5,35.65,35.45,35.5,0.1,95.0
2019-04-09,1598,279725.0,9945718.0,35.6,35.6,35.5,35.55,0.05,121.0
2019-04-10,1598,288000.0,10228000.0,35.55,35.55,35.4,35.45,-0.1,96.0
2019-04-11,1598,419000.0,14933000.0,35.7,35.85,35.5,35.85,0.4,184.0
2019-04-12,1598,348054.0,12530841.0,36.1,36.15,35.85,36.0,0.15,140.0
2019-04-15,1598,375000.0,13496950.0,36.25,36.25,35.5,35.75,-0.25,123.0
2019-04-16,1598,275000.0,9840450.0,35.75,35.85,35.7,35.75,0.0,88.0
2019-04-17,1598,128000.0,4574250.0,35.75,35.85,35.65,35.75,0.0,47.0
2019-04-18,1598,164000.0,5840850.0,35.6,35.75,35.45,35.5,-0.25,93.0
2019-04-19,1598,136000.0,4841200.0,35.55,35.65,35.5,35.65,0.15,75.0
2019-04-22,1598,372012.0,13406339.0,35.8,36.2,35.75,36.15,0.5,169.0
2019-04-23,1598,230000.0,8312250.0,36.2,36.2,36.05,36.15,0.0,130.0
2019-04-24,1598,131000.0,4731200.0,36.2,36.2,36.05,36.2,0.05,82.0
2019-04-25,1598,259000.0,9380350.0,36.25,36.35,36.15,36.35,0.15,108.0
2019-04-26,1598,41000.0,1489550.0,36.45,36.45,36.25,36.3,-0.05,32.0
2019-04-29,1598,157003.0,5695358.0,36.35,36.35,36.1,36.25,-0.05,96.0
2019-04-30,1598,119042.0,4314833.0,36.25,36.3,36.1,36.3,0.05,71.0
2019-05-02,1598,199000.0,7235050.0,36.35,36.4,36.3,36.4,0.1,112.0
2019-05-03,1598,327194.0,11994689.0,36.45,36.85,36.3,36.85,0.45,176.0
2019-05-06,1598,304313.0,11191487.0,36.85,36.9,36.6,36.7,-0.15,86.0
2019-05-07,1598,192167.0,7082545.0,36.8,36.95,36.75,36.85,0.15,101.0
2019-05-08,1598,516000.0,19254000.0,36.85,37.6,36.75,37.5,0.65,237.0
2019-05-09,1598,369350.0,13839560.0,37.6,37.7,37.15,37.65,0.15,204.0
2019-05-10,1598,1028221.0,39449773.0,37.65,39.2,37.6,38.85,1.2,538.0
2019-05-13,1598,226103.0,8692274.0,38.7,38.85,38.2,38.6,-0.25,126.0
2019-05-14,1598,650999.0,24644661.0,38.2,38.65,36.9,38.65,0.05,307.0
2019-05-15,1598,247100.0,9380020.0,38.65,38.65,37.3,38.0,-0.65,154.0
2019-05-16,1598,262110.0,9850824.0,38.15,38.15,37.1,37.5,-0.5,167.0
2019-05-17,1598,146376.0,5472000.0,37.4,37.9,37.0,37.9,0.4,86.0
2019-05-20,1598,113004.0,4304852.0,38.2,38.3,37.65,38.0,0.1,49.0
2019-05-21,1598,358623.0,13818440.0,38.05,39.2,37.85,39.2,1.2,236.0
2019-05-22,1598,308000.0,12027050.0,39.25,39.55,38.5,39.15,-0.05,229.0
2019-05-23,1598,507000.0,20048200.0,39.1,40.0,39.0,39.95,0.8,316.0
2019-05-24,1598,924000.0,37439200.0,40.2,41.15,39.8,40.85,0.9,576.0
2019-05-27,1598,1696184.0,70225135.0,40.95,42.45,40.9,41.5,0.65,808.0
2019-05-28,1598,455003.0,18664922.0,41.6,41.65,40.65,40.95,-0.55,277.0
2019-05-29,1598,388250.0,15865524.0,40.95,41.15,40.45,41.1,0.15,247.0
2019-05-30,1598,144305.0,5906039.0,41.15,41.15,40.75,40.95,-0.15,119.0
2019-05-31,1598,523000.0,21523850.0,41.1,41.4,40.75,41.35,0.4,314.0
2019-06-03,1598,513003.0,21361135.0,41.2,42.3,41.15,41.15,-0.2,357.0
2019-06-04,1598,297000.0,12130800.0,41.05,41.2,40.6,41.0,-0.15,180.0
2019-06-05,1598,291719.0,11896798.0,41.05,41.1,40.55,40.75,-0.25,155.0
2019-06-06,1598,406393.0,16733661.0,40.8,41.3,40.8,41.25,0.5,245.0
2019-06-10,1598,465000.0,19471700.0,41.4,42.05,41.4,42.0,0.75,302.0
2019-06-11,1598,348328.0,14576177.0,42.25,42.25,41.45,42.0,0.0,188.0
2019-06-12,1598,177749.0,7440333.0,42.05,42.05,41.65,41.85,-0.15,110.0
2019-06-13,1598,218000.0,9165700.0,41.8,42.25,41.8,42.05,0.2,145.0
2019-06-14,1598,1273914.0,55762175.0,42.0,45.0,42.0,44.45,2.4,826.0
2019-06-17,1598,1362812.0,61320976.0,44.45,45.65,44.35,45.0,0.55,810.0
2019-06-18,1598,245350.0,10910859.0,45.0,45.0,44.2,44.6,-0.4,184.0
2019-06-19,1598,345373.0,15463021.0,44.6,45.0,44.4,44.85,0.25,227.0
2019-06-20,1598,392108.0,17628010.0,44.9,45.05,44.75,45.0,0.15,202.0
2019-06-21,1598,731000.0,32888700.0,45.0,45.1,44.75,45.1,0.1,165.0
2019-06-24,1598,1121657.0,51158604.0,45.05,46.1,44.9,45.7,0.6,529.0
2019-06-25,1598,246200.0,11252940.0,45.75,45.9,45.5,45.8,0.1,177.0
2019-06-26,1598,501403.0,23204206.0,45.9,46.6,45.9,46.4,0.6,351.0
2019-06-27,1598,710101.0,33274726.0,46.45,47.1,46.45,46.8,0.4,422.0
2019-06-28,1598,279250.0,13091562.0,46.8,46.95,46.7,46.8,0.0,169.0
2019-07-01,1598,841061.0,38661815.0,46.9,46.95,44.9,46.15,-0.65,534.0
2019-07-02,1598,244000.0,11283150.0,45.95,46.55,45.9,46.55,0.4,167.0
2019-07-03,1598,196000.0,9095200.0,46.6,46.65,46.2,46.4,-0.15,137.0
2019-07-04,1598,318097.0,14787089.0,46.4,46.6,46.3,46.6,0.2,175.0
2019-07-05,1598,222850.0,10387184.0,46.6,46.75,46.45,46.75,0.15,131.0
2019-07-08,1598,172000.0,8030250.0,46.75,46.85,46.45,46.55,-0.2,122.0
2019-07-09,1598,1053046.0,49502299.0,46.65,47.25,46.55,47.05,0.5,571.0
2019-07-10,1598,216014.0,10152108.0,47.05,47.1,46.75,47.0,-0.05,152.0
2019-07-11,1598,493500.0,23015375.0,46.3,46.95,46.3,46.95,-0.05,278.0
2019-07-12,1598,450048.0,21229113.0,47.0,47.5,46.9,47.15,0.2,290.0
2019-07-15,1598,138310.0,6511904.0,47.2,47.2,46.95,47.05,-0.1,89.0
2019-07-16,1598,314718.0,14803019.0,47.05,47.3,46.75,47.05,0.0,220.0
2019-07-17,1598,230000.0,10824700.0,46.95,47.2,46.9,47.05,0.0,125.0
2019-07-18,1598,180000.0,8454150.0,46.95,47.1,46.8,47.1,0.05,129.0
2019-07-19,1598,327254.0,15407513.0,47.2,47.2,47.0,47.1,0.0,137.0
2019-07-22,1598,416213.0,19697081.0,47.25,47.65,47.05,47.3,0.2,224.0
2019-07-23,1598,350001.0,16529897.0,47.3,47.3,47.1,47.3,0.0,145.0
2019-07-24,1598,375000.0,17682200.0,47.2,47.25,47.0,47.0,-0.3,124.0
2019-07-25,1598,525000.0,24482550.0,46.9,47.25,46.2,47.25,0.25,330.0
2019-07-26,1598,243500.0,11479650.0,47.2,47.35,46.95,47.0,-0.25,143.0
2019-07-29,1598,321657.0,15034385.0,47.1,47.1,46.45,46.45,-0.55,164.0
2019-07-30,1598,487639.0,22345611.0,46.45,46.45,45.4,45.8,-0.65,301.0
2019-07-31,1598,251350.0,11007697.0,44.1,44.2,43.45,43.45,0.0,149.0
2019-08-01,1598,925000.0,39266350.0,43.1,43.2,42.0,43.15,-0.3,278.0
2019-08-02,1598,211400.0,9034480.0,43.0,43.0,42.6,42.7,-0.45,83.0
2019-08-05,1598,136000.0,5786350.0,42.7,42.75,42.35,42.65,-0.05,106.0
2019-08-06,1598,117000.0,4946000.0,42.35,42.5,42.1,42.4,-0.25,94.0
2019-08-07,1598,593000.0,25084100.0,42.4,42.95,42.05,42.85,0.45,240.0
2019-08-08,1598,505028.0,21741876.0,42.9,43.5,42.85,43.5,0.65,213.0
2019-08-12,1598,454349.0,19976285.0,43.5,44.35,43.5,44.0,0.5,238.0
2019-08-13,1598,150000.0,6572600.0,44.0,44.0,43.65,43.8,-0.2,101.0
2019-08-14,1598,355000.0,15325050.0,43.7,43.7,42.85,43.0,-0.8,193.0
2019-08-15,1598,327000.0,13786300.0,42.75,42.85,41.9,41.95,-1.05,172.0
2019-08-16,1598,349786.0,14326653.0,41.55,41.6,40.4,40.4,-1.55,220.0
2019-08-19,1598,235040.0,9512980.0,40.4,40.75,40.2,40.75,0.35,93.0
2019-08-20,1598,130228.0,5311940.0,40.95,40.95,40.65,40.75,0.0,84.0
2019-08-21,1598,119000.0,4843350.0,40.7,40.9,40.6,40.85,0.1,72.0
2019-08-22,1598,178000.0,7285000.0,40.9,41.2,40.65,41.05,0.2,104.0
2019-08-23,1598,97000.0,3959500.0,41.05,41.15,40.6,40.8,-0.25,61.0
2019-08-26,1598,485175.0,19360489.0,40.35,40.45,39.4,40.2,-0.6,228.0
2019-08-27,1598,92300.0,3706615.0,40.4,40.45,40.0,40.15,-0.05,58.0
2019-08-28,1598,64341.0,2577705.0,40.15,40.15,39.95,40.1,-0.05,50.0
2019-08-29,1598,210000.0,8420050.0,40.15,40.5,40.0,40.1,0.0,54.0
2019-08-30,1598,53000.0,2131850.0,40.35,40.5,40.1,40.2,0.1,43.0
2019-09-02,1598,200300.0,8021740.0,40.2,40.2,39.9,40.2,0.0,99.0
2019-09-03,1598,143000.0,5708950.0,40.15,40.15,39.8,40.0,-0.2,80.0
2019-09-04,1598,70000.0,2799400.0,40.0,40.15,39.85,40.15,0.15,50.0
2019-09-05,1598,54000.0,2175100.0,40.25,40.35,40.2,40.2,0.05,34.0
2019-09-06,1598,119000.0,4764900.0,40.45,40.45,39.9,40.2,0.0,72.0
2019-09-09,1598,106002.0,4279180.0,40.5,40.55,40.15,40.4,0.2,67.0
2019-09-10,1598,132000.0,5299500.0,40.4,40.4,40.0,40.1,-0.3,80.0
2019-09-11,1598,51000.0,2047750.0,40.15,40.35,40.05,40.2,0.1,27.0
2019-09-12,1598,157001.0,6360890.0,40.4,40.9,40.35,40.9,0.7,86.0
2019-09-16,1598,85001.0,3469890.0,41.0,41.0,40.65,40.8,-0.1,65.0
2019-09-17,1598,106351.0,4334830.0,40.8,40.8,40.6,40.8,0.0,45.0
2019-09-18,1598,143244.0,5804417.0,40.75,40.75,40.45,40.45,-0.35,103.0
2019-09-19,1598,76774.0,3107440.0,40.5,40.5,40.4,40.45,0.0,41.0
2019-09-20,1598,41000.0,1658950.0,40.65,40.65,40.35,40.45,0.0,32.0
2019-09-23,1598,156889.0,6339490.0,40.45,40.45,40.25,40.45,0.0,67.0
2019-09-24,1598,392403.0,15876768.0,40.5,40.5,40.25,40.45,0.0,77.0
2019-09-25,1598,167093.0,6743742.0,40.45,40.45,40.2,40.45,0.0,99.0
2019-09-26,1598,3240758.0,134945994.0,40.5,44.45,40.15,40.8,0.35,1005.0
2019-09-27,1598,394907.0,15866151.0,40.3,40.45,40.0,40.45,-0.35,266.0
2019-10-01,1598,143029.0,5774864.0,40.45,40.55,40.25,40.45,0.0,124.0
2019-10-02,1598,183975.0,7428434.0,40.55,40.55,40.3,40.35,-0.1,135.0
2019-10-03,1598,178399.0,7181108.0,40.35,40.35,40.15,40.3,-0.05,123.0
2019-10-04,1598,233715.0,9375312.0,40.3,40.35,39.95,40.35,0.05,147.0
2019-10-07,1598,97999.0,3931310.0,40.35,40.35,40.0,40.15,-0.2,79.0
2019-10-08,1598,243120.0,9735700.0,40.15,40.35,39.95,40.05,-0.1,163.0
2019-10-09,1598,501636.0,20136709.0,40.05,40.4,40.05,40.1,0.05,105.0
2019-10-14,1598,647698.0,25987454.0,40.15,40.35,40.0,40.15,0.05,105.0
2019-10-15,1598,1057656.0,41782084.0,40.2,40.35,39.0,39.0,-1.15,367.0
2019-10-16,1598,730756.0,29235737.0,39.3,40.15,39.3,40.05,1.05,239.0
2019-10-17,1598,702791.0,28171568.0,40.1,40.3,39.95,40.05,0.0,123.0
2019-10-18,1598,848735.0,34020333.0,40.1,40.15,39.95,40.0,-0.05,187.0
2019-10-21,1598,195710.0,7831432.0,40.05,40.1,39.95,39.95,-0.05,79.0
2019-10-22,1598,166942.0,6688470.0,40.1,40.2,39.95,40.2,0.25,97.0
2019-10-23,1598,111000.0,4464900.0,40.3,40.4,40.15,40.15,-0.05,59.0
2019-10-24,1598,105816.0,4249310.0,40.15,40.25,40.05,40.2,0.05,80.0
2019-10-25,1598,168103.0,6760450.0,40.25,40.3,40.1,40.15,-0.05,90.0
2019-10-28,1598,169733.0,6792242.0,40.25,40.25,39.75,40.0,-0.15,71.0
2019-10-29,1598,254518.0,10094506.0,40.05,40.05,39.4,39.55,-0.45,156.0
2019-10-30,1598,175327.0,6933979.0,39.55,39.7,39.4,39.6,0.05,87.0
2019-10-31,1598,185200.0,7344199.0,39.75,39.8,39.45,39.45,-0.15,65.0
2019-11-01,1598,211734.0,8368619.0,39.65,39.65,39.2,39.45,0.0,69.0
2019-11-04,1598,307467.0,12074752.0,39.45,39.6,39.0,39.4,-0.05,152.0
2019-11-05,1598,113975.0,4518108.0,39.55,39.8,39.4,39.65,0.25,79.0
2019-11-06,1598,736008.0,29255320.0,39.65,40.3,39.65,40.05,0.4,150.0
2019-11-07,1598,66791.0,2680917.0,40.2,40.2,40.0,40.1,0.05,49.0
2019-11-08,1598,574440.0,23049263.0,40.1,40.35,39.95,40.0,-0.1,128.0
2019-11-11,1598,262173.0,10452720.0,40.3,40.35,39.5,40.0,0.0,138.0
2019-11-12,1598,278308.0,11103053.0,39.95,40.0,39.75,40.0,0.0,107.0
2019-11-13,1598,204027.0,8159381.0,39.85,40.1,39.85,40.0,0.0,90.0
2019-11-14,1598,175100.0,6989900.0,40.0,40.05,39.75,40.0,0.0,91.0
2019-11-15,1598,374269.0,14942860.0,40.0,40.0,39.7,40.0,0.0,141.0
2019-11-18,1598,1090498.0,44506441.0,40.1,41.45,40.05,41.45,1.45,550.0
2019-11-19,1598,1214733.0,51092795.0,41.55,42.45,41.4,42.2,0.75,657.0
2019-11-20,1598,1543545.0,66454591.0,42.15,43.85,41.85,43.8,1.6,803.0
2019-11-21,1598,1441871.0,63246057.0,43.85,44.4,43.3,43.4,-0.4,723.0
2019-11-22,1598,689097.0,29794064.0,43.55,43.7,42.75,43.0,-0.4,372.0
2019-11-25,1598,411624.0,17760749.0,43.2,43.45,42.85,43.0,0.0,249.0
2019-11-26,1598,476041.0,20266228.0,43.05,43.1,42.25,42.4,-0.6,235.0
2019-11-27,1598,649582.0,26768194.0,42.35,42.35,40.3,40.75,-1.65,420.0
2019-11-28,1598,567477.0,23285837.0,40.95,41.35,40.6,41.35,0.6,289.0
2019-11-29,1598,154000.0,6302000.0,41.5,41.5,40.7,40.95,-0.4,91.0
2019-12-02,1598,254707.0,10190909.0,40.7,40.9,39.5,40.1,-0.85,171.0
2019-12-03,1598,82000.0,3281000.0,40.0,40.25,39.7,40.05,-0.05,62.0
2019-12-04,1598,145561.0,5796511.0,39.85,40.05,39.55,40.0,0.0,100.0
2019-12-05,1598,109967.0,4399470.0,40.05,40.3,39.5,40.2,0.2,92.0
2019-12-06,1598,180265.0,7292158.0,40.2,40.8,39.85,40.6,0.4,145.0
2019-12-09,1598,131174.0,5315597.0,40.6,40.8,39.85,40.7,0.1,110.0
2019-12-10,1598,289329.0,11784557.0,40.5,41.1,40.2,40.5,-0.2,170.0
2019-12-11,1598,173000.0,6938800.0,40.5,40.5,39.85,40.0,-0.5,87.0
2019-12-12,1598,132152.0,5275092.0,40.05,40.1,39.7,39.95,-0.05,82.0
2019-12-13,1598,127102.0,5039238.0,40.0,40.0,39.5,39.6,-0.35,89.0
2019-12-16,1598,44067.0,1748852.0,39.6,40.0,39.5,39.6,0.0,37.0
2019-12-17,1598,167000.0,6602350.0,39.6,40.0,39.4,39.65,0.05,115.0
2019-12-18,1598,49034.0,1946310.0,39.45,40.0,39.45,40.0,0.35,37.0
2019-12-19,1598,136034.0,5391044.0,39.95,39.95,39.45,39.55,-0.45,84.0
2019-12-20,1598,70006.0,2791890.0,39.6,40.1,39.6,40.05,0.5,50.0
2019-12-23,1598,238000.0,9705500.0,40.1,41.2,40.1,40.55,0.5,114.0
2019-12-24,1598,81278.0,3286930.0,40.55,40.55,40.35,40.4,-0.15,36.0
2019-12-25,1598,47173.0,1902973.0,40.5,40.5,40.15,40.4,0.0,39.0
2019-12-26,1598,75335.0,3035732.0,40.4,40.6,40.15,40.2,-0.2,50.0
2019-12-27,1598,127678.0,5151337.0,40.4,40.5,40.25,40.45,0.25,49.0
2019-12-30,1598,165132.0,6668340.0,40.45,40.65,40.2,40.55,0.1,86.0
2019-12-31,1598,480894.0,19735308.0,40.55,41.35,40.55,41.2,0.65,267.0
2020-01-02,1598,528743.0,21972335.0,41.5,41.85,41.25,41.25,0.05,291.0
2020-01-03,1598,1005000.0,41377950.0,41.95,42.05,40.2,40.35,-0.9,505.0
2020-01-06,1598,259300.0,10314254.0,40.0,40.2,39.4,39.85,-0.5,161.0
2020-01-07,1598,315000.0,12531350.0,39.85,40.2,39.2,39.9,0.05,185.0
2020-01-08,1598,304001.0,12129439.0,39.8,40.1,39.5,39.7,-0.2,186.0
2020-01-09,1598,288855.0,11542131.0,39.75,40.1,39.7,39.85,0.15,146.0
2020-01-10,1598,176348.0,7031527.0,40.1,40.1,39.7,39.75,-0.1,118.0
2020-01-13,1598,66349.0,2640855.0,39.8,39.95,39.7,39.85,0.1,52.0
2020-01-14,1598,288139.0,11613136.0,40.35,40.75,39.85,39.85,0.0,195.0
2020-01-15,1598,151470.0,5996214.0,40.0,40.1,39.15,39.15,-0.7,120.0
2020-01-16,1598,1179512.0,45709535.0,39.0,39.05,38.25,38.75,-0.4,546.0
2020-01-17,1598,643717.0,25056653.0,38.75,39.5,38.55,38.8,0.05,308.0
2020-01-20,1598,573704.0,22146918.0,38.8,39.0,38.45,39.0,0.2,240.0
2020-01-30,1598,722362.0,27506006.0,38.15,38.4,37.95,38.0,-1.0,461.0
2020-01-31,1598,468568.0,17749606.0,38.1,38.3,37.65,38.0,0.0,298.0
2020-02-03,1598,386017.0,14309129.0,37.65,37.65,36.8,37.1,-0.9,300.0
2020-02-04,1598,469351.0,17365615.0,37.1,37.5,36.8,37.2,0.1,205.0
2020-02-05,1598,308020.0,11367333.0,37.0,37.2,36.7,37.1,-0.1,179.0
2020-02-06,1598,117201.0,4321876.0,37.05,37.05,36.7,37.05,-0.05,97.0
2020-02-07,1598,198001.0,7295786.0,37.0,37.05,36.6,37.05,0.0,167.0
2020-02-10,1598,243254.0,8974333.0,36.95,37.05,36.6,37.0,-0.05,136.0
2020-02-11,1598,299853.0,11038245.0,37.0,37.05,36.6,37.0,0.0,161.0
2020-02-12,1598,64400.0,2392967.0,37.0,37.45,36.9,37.25,0.25,69.0
2020-02-13,1598,136100.0,5093679.0,37.25,37.7,37.1,37.3,0.05,108.0
2020-02-14,1598,193849.0,7305089.0,37.55,37.9,37.45,37.75,0.45,152.0
2020-02-17,1598,179527.0,6787544.0,37.85,37.9,37.7,37.85,0.1,70.0
2020-02-18,1598,195372.0,7392722.0,37.85,37.9,37.65,37.9,0.05,68.0
2020-02-19,1598,205502.0,7799674.0,37.9,38.1,37.75,38.1,0.2,107.0
2020-02-20,1598,463124.0,17821752.0,38.2,38.85,38.0,38.85,0.75,256.0
2020-02-21,1598,279303.0,10828403.0,38.85,38.9,38.6,38.8,-0.05,163.0
2020-02-24,1598,338151.0,12840607.0,37.9,38.5,37.5,37.5,-1.3,198.0
2020-02-25,1598,171003.0,6330711.0,37.2,37.35,36.8,37.15,-0.35,129.0
2020-02-26,1598,132580.0,4927046.0,37.0,37.65,36.85,37.35,0.2,113.0
2020-02-27,1598,169239.0,6232654.0,36.6,37.1,36.6,37.0,-0.35,131.0
2020-03-02,1598,450020.0,16457930.0,36.5,36.95,36.35,36.95,-0.05,286.0
2020-03-03,1598,142495.0,5253640.0,36.95,37.05,36.7,37.0,0.05,105.0
2020-03-04,1598,119476.0,4384618.0,36.8,36.9,36.55,36.55,-0.45,89.0
2020-03-05,1598,130429.0,4791762.0,36.85,37.0,36.55,36.75,0.2,100.0
2020-03-06,1598,180660.0,6614921.0,36.75,36.8,36.45,36.75,0.0,125.0
2020-03-09,1598,312349.0,11429618.0,36.75,36.9,36.35,36.7,-0.05,201.0
2020-03-10,1598,286424.0,10439952.0,36.7,36.7,36.1,36.7,0.0,186.0
2020-03-11,1598,112560.0,4114034.0,36.7,36.7,36.35,36.7,0.0,90.0
2020-03-12,1598,1140205.0,41321237.0,36.45,36.55,35.75,36.55,-0.15,571.0
2020-03-13,1598,704014.0,23787367.0,35.8,35.8,32.9,33.65,-2.9,370.0
2020-03-16,1598,1169104.0,40933290.0,34.0,36.8,34.0,36.8,3.15,620.0
2020-03-17,1598,638034.0,22908380.0,35.65,36.6,35.2,36.6,-0.2,352.0
2020-03-18,1598,1014989.0,36584150.0,35.65,36.6,35.25,36.6,0.0,308.0
2020-03-19,1598,1089148.0,36821225.0,36.1,36.1,32.95,32.95,-3.65,447.0
2020-03-20,1598,4590395.0,140523251.0,29.7,33.95,29.7,33.3,0.35,1417.0
2020-03-23,1598,585825.0,19037361.0,31.6,32.95,31.1,32.8,-0.5,311.0
2020-03-24,1598,555721.0,18231756.0,32.85,33.2,32.55,32.65,-0.15,247.0
2020-03-25,1598,396305.0,12962615.0,33.0,33.15,32.05,32.55,-0.1,238.0
2020-03-26,1598,456000.0,14900050.0,32.6,32.95,32.2,32.55,0.0,199.0
2020-03-27,1598,391044.0,12727168.0,32.8,32.9,32.15,32.45,-0.1,174.0
2020-03-30,1598,121936.0,3893858.0,32.3,32.35,31.7,32.0,-0.45,101.0
2020-03-31,1598,225469.0,7103241.0,32.0,32.0,30.9,31.9,-0.1,169.0
2020-04-01,1598,325723.0,10235420.0,31.9,31.9,31.0,31.7,-0.2,219.0
2020-04-06,1598,419550.0,13104925.0,31.7,31.95,30.8,31.45,-0.25,264.0
2020-04-07,1598,395197.0,12377905.0,31.45,31.6,31.0,31.45,0.0,176.0
2020-04-08,1598,459914.0,14462060.0,31.4,31.65,31.3,31.45,0.0,194.0
2020-04-09,1598,1315101.0,41863176.0,31.5,32.3,31.45,31.95,0.5,463.0
2020-04-10,1598,2873229.0,93856590.0,33.0,33.6,31.75,33.15,1.2,1265.0
2020-04-13,1598,2460495.0,81289461.0,33.35,33.55,32.3,32.3,-0.85,1219.0
2020-04-14,1598,1544090.0,50732170.0,32.5,33.35,32.5,33.05,0.75,667.0
2020-04-15,1598,2550977.0,86383124.0,33.05,34.65,33.05,33.9,0.85,1324.0
2020-04-16,1598,2024069.0,69440083.0,33.95,35.0,33.6,34.55,0.65,982.0
2020-04-17,1598,3129169.0,109934672.0,35.45,35.6,34.3,35.15,0.6,1332.0
2020-04-20,1598,4895719.0,177360661.0,35.5,37.85,34.9,36.8,1.65,2389.0
2020-04-21,1598,3209494.0,116731563.0,37.0,37.45,35.15,35.15,-1.65,1670.0
2020-04-22,1598,3489000.0,127832247.0,35.5,37.75,34.3,37.55,2.4,1958.0
2020-04-23,1598,2644403.0,99298880.0,37.85,38.5,36.8,37.55,0.0,1602.0
2020-04-24,1598,1152839.0,43196326.0,37.55,38.2,37.05,37.1,-0.45,715.0
2020-04-27,1598,2168513.0,81927039.0,37.45,38.4,37.0,37.7,0.6,1247.0
2020-04-28,1598,1450212.0,54811525.0,38.0,38.35,37.05,37.05,-0.65,885.0
2020-04-29,1598,821513.0,30469078.0,37.2,37.7,36.85,36.9,-0.15,531.0
2020-04-30,1598,985034.0,36770625.0,37.0,37.75,36.95,37.5,0.6,539.0
2020-05-04,1598,1864600.0,70795338.0,37.3,38.75,37.05,38.5,1.0,1050.0
2020-05-05,1598,2711677.0,106699250.0,39.2,40.25,38.1,39.15,0.65,1798.0
2020-05-06,1598,2272912.0,90014220.0,39.75,40.45,38.9,38.9,-0.25,1383.0
2020-05-07,1598,1294534.0,51041611.0,39.4,39.85,39.0,39.55,0.65,783.0
2020-05-08,1598,3560383.0,144469154.0,40.25,41.35,39.8,40.3,0.75,2013.0
2020-05-11,1598,2075988.0,82940818.0,40.55,40.8,39.5,39.65,-0.65,1201.0
2020-05-12,1598,1053334.0,41242476.0,40.0,40.05,38.7,38.9,-0.75,638.0
2020-05-13,1598,528651.0,20499939.0,39.0,39.25,38.5,39.25,0.35,351.0
2020-05-14,1598,955620.0,36756405.0,39.45,39.45,37.1,37.35,-1.9,575.0
2020-05-15,1598,1643204.0,62262843.0,36.8,38.8,36.8,38.7,1.35,837.0
2020-05-18,1598,1572199.0,62416049.0,39.0,40.2,38.75,39.9,1.2,976.0
2020-05-19,1598,1007282.0,40416383.0,40.15,40.65,39.75,39.75,-0.15,579.0
2020-05-20,1598,2806868.0,115979970.0,40.0,42.45,39.85,42.45,2.7,1703.0
2020-05-21,1598,7834138.0,350673542.0,44.45,46.0,43.15,45.15,2.7,4245.0
2020-05-22,1598,8615288.0,408347792.0,48.0,49.6,46.2,47.1,1.95,4676.0
2020-05-25,1598,3891894.0,185246108.0,48.0,48.45,46.8,47.6,0.5,2228.0
2020-05-26,1598,6323061.0,308925098.0,48.85,50.9,47.2,47.9,0.3,3337.0
2020-05-27,1598,3831755.0,184731061.0,48.35,48.8,47.45,48.6,0.7,2019.0
2020-05-28,1598,4446987.0,216549327.0,49.3,50.1,47.0,47.05,-1.55,2379.0
2020-05-29,1598,1989022.0,93993339.0,47.2,47.85,46.5,47.55,0.5,1162.0
2020-06-01,1598,1665961.0,80162679.0,48.05,48.8,47.8,47.8,0.25,863.0
2020-06-02,1598,1522121.0,72707824.0,47.9,48.5,47.0,47.6,-0.2,861.0
2020-06-03,1598,1526585.0,73547963.0,48.3,48.8,47.7,47.85,0.25,781.0
2020-06-04,1598,1489593.0,71688286.0,48.25,48.6,47.6,48.35,0.5,770.0
2020-06-05,1598,4389789.0,215553101.0,48.5,49.7,48.45,49.5,1.15,2324.0
2020-06-08,1598,2691326.0,133399649.0,49.6,50.0,49.0,49.9,0.4,1336.0
2020-06-09,1598,7242075.0,371270400.0,50.4,53.3,49.5,50.3,0.4,4141.0
2020-06-10,1598,4835744.0,241410124.0,51.0,51.5,49.0,49.5,-0.8,2690.0
2020-06-11,1598,2586116.0,125796857.0,49.75,50.3,46.85,47.5,-2.0,1413.0
2020-06-12,1598,3095800.0,150130061.0,47.0,49.9,46.0,49.45,1.95,1717.0
2020-06-15,1598,2896714.0,144669525.0,49.55,50.9,49.2,49.4,-0.05,1534.0
2020-06-16,1598,1026619.0,51117181.0,50.1,50.4,49.5,49.5,0.1,688.0
2020-06-17,1598,4220554.0,214857425.0,50.1,51.8,49.8,51.7,2.2,2417.0
2020-06-18,1598,6376133.0,339073144.0,52.0,55.0,51.5,52.6,0.9,3794.0
2020-06-19,1598,4707207.0,253947993.0,52.8,55.3,52.2,54.8,2.2,2705.0
2020-06-22,1598,3435812.0,186568580.0,55.6,55.8,53.5,53.8,-1.0,1961.0
2020-06-23,1598,2562172.0,136333183.0,54.5,54.6,51.5,53.6,-0.2,1303.0
2020-06-24,1598,1306418.0,70219962.0,52.9,54.4,52.9,53.9,0.3,812.0
2020-06-29,1598,1725155.0,93494653.0,53.5,55.5,53.0,54.1,0.2,885.0
2020-06-30,1598,5710945.0,320908021.0,54.1,57.5,54.1,56.2,2.1,3020.0
2020-07-01,1598,2828056.0,161485080.0,57.4,58.2,56.0,57.1,0.9,1585.0
2020-07-02,1598,6330525.0,382458210.0,57.0,62.8,57.0,62.8,5.7,3438.0
2020-07-03,1598,7081722.0,456485062.0,63.9,66.3,62.7,64.5,1.7,4156.0
2020-07-06,1598,4964280.0,327859680.0,66.0,67.7,64.7,66.0,1.5,2822.0
2020-07-07,1598,3522106.0,232717901.0,66.2,67.3,65.0,66.4,0.4,1736.0
2020-07-08,1598,3546129.0,238441503.0,67.5,68.5,66.2,67.5,1.1,2058.0
2020-07-09,1598,4327580.0,295257147.0,69.1,69.5,67.3,67.5,0.0,2475.0
2020-07-10,1598,7554058.0,514882615.0,67.5,70.5,64.3,68.0,0.5,4185.0
2020-07-13,1598,5839969.0,396673703.0,66.0,69.5,66.0,67.3,0.0,2965.0
2020-07-14,1598,5105020.0,339175291.0,67.5,68.4,64.5,64.8,-2.5,2577.0
2020-07-15,1598,3626077.0,232624785.0,65.8,66.4,62.4,62.6,-2.2,1813.0
2020-07-16,1598,3174303.0,203866718.0,62.8,65.2,62.6,64.0,1.4,1720.0
2020-07-17,1598,2619166.0,167577224.0,64.0,65.0,63.1,63.9,-0.1,1433.0
2020-07-20,1598,2427424.0,155369774.0,64.0,65.0,62.0,64.3,0.4,1479.0
2020-07-21,1598,3152460.0,208623841.0,64.6,67.5,64.6,65.5,1.2,1719.0
2020-07-22,1598,5987952.0,408360125.0,65.9,70.2,65.8,68.0,2.5,3157.0
2020-07-23,1598,3599233.0,246811167.0,68.9,70.0,67.0,68.0,0.0,1871.0
2020-07-24,1598,2283836.0,156255265.0,68.6,69.5,67.0,68.5,0.5,1229.0
2020-07-27,1598,2918596.0,201149464.0,69.2,70.3,67.8,68.4,-0.1,1662.0
2020-07-28,1598,2835989.0,194710743.0,68.2,69.6,67.4,69.0,0.6,1576.0
2020-07-29,1598,3912256.0,273085289.0,69.6,72.0,68.6,69.5,0.5,2272.0
2020-07-30,1598,8132014.0,592559052.0,69.5,76.0,69.5,75.8,6.3,4807.0
2020-07-31,1598,4764103.0,360306741.0,75.1,77.0,74.2,75.2,-0.6,2774.0
2020-08-03,1598,3776768.0,290387249.0,75.8,78.6,74.8,78.6,3.4,2295.0
2020-08-04,1598,4652593.0,367050540.0,78.6,80.3,77.7,79.7,1.1,2620.0
2020-08-05,1598,4516705.0,365651910.0,79.8,83.0,78.9,82.0,2.3,2545.0
2020-08-06,1598,4967128.0,416984139.0,82.8,85.7,82.3,85.4,3.4,2774.0
2020-08-07,1598,3010917.0,256603899.0,85.4,86.4,83.9,86.0,0.6,1749.0
2020-08-10,1598,2936106.0,252638899.0,86.1,87.4,85.2,85.7,-0.3,1577.0
2020-08-11,1598,6963095.0,590112452.0,84.0,87.8,81.0,85.3,-0.4,3991.0
2020-08-12,1598,3193175.0,275616309.0,85.8,87.6,84.6,87.5,2.2,1811.0
2020-08-13,1598,7556205.0,702880827.0,89.0,96.0,88.0,96.0,8.5,4605.0
2020-08-14,1598,6031828.0,572653687.0,98.8,98.8,92.6,94.8,-1.2,3797.0
2020-08-17,1598,7603005.0,769945720.0,98.0,104.0,96.1,104.0,9.2,3980.0
2020-08-18,1598,9997955.0,1068583330.0,108.0,112.0,102.0,103.0,-1.0,6204.0
2020-08-19,1598,11496033.0,1275818229.0,107.5,113.0,105.5,113.0,10.0,6262.0
2020-08-20,1598,15283589.0,1650038078.0,116.0,118.5,102.0,102.0,-11.0,8599.0
2020-08-21,1598,9379628.0,1017406580.0,106.0,112.0,103.0,110.0,8.0,5780.0
2020-08-24,1598,8063217.0,893777672.0,110.0,117.0,105.0,116.5,6.5,4703.0
2020-08-25,1598,2310238.0,267690485.0,115.0,118.0,114.5,114.5,-2.0,1555.0
2020-08-26,1598,1877117.0,216242306.0,114.0,118.0,112.5,118.0,3.5,1169.0
2020-08-27,1598,3195193.0,382712774.0,121.0,122.0,117.0,118.0,0.0,1805.0
2020-08-28,1598,4027786.0,504955536.0,119.5,129.5,119.0,126.0,8.0,2279.0
2020-08-31,1598,4141708.0,558710554.0,128.0,138.5,128.0,138.5,12.5,2444.0
2020-09-01,1598,4932531.0,693622537.0,139.0,147.5,135.0,137.5,-1.0,3048.0
2020-09-02,1598,1855698.0,260483418.0,140.5,143.5,137.0,141.0,3.5,1295.0
2020-09-03,1598,2529695.0,364634190.0,142.0,147.0,140.0,143.0,2.0,1581.0
2020-09-04,1598,2175917.0,305319048.0,135.0,143.0,135.0,143.0,0.0,1338.0
2020-09-07,1598,2955130.0,408929113.0,143.0,145.0,129.0,135.5,-7.5,1792.0
2020-09-08,1598,7870599.0,1096540761.0,136.5,146.0,134.0,136.0,0.5,4767.0
2020-09-09,1598,4609232.0,634787016.0,136.5,141.5,132.0,139.0,3.0,3022.0
2020-09-10,1598,9800030.0,1259630262.0,141.0,141.5,125.5,125.5,-13.5,6006.0
2020-09-11,1598,10325522.0,1254731228.0,125.0,128.0,116.0,125.0,-0.5,5970.0
2020-09-14,1598,6010931.0,732648974.0,125.0,126.0,117.5,125.0,0.0,3770.0
2020-09-15,1598,3909100.0,494447800.0,124.5,129.0,122.0,129.0,4.0,2466.0
2020-09-16,1598,4310577.0,546754911.0,129.0,130.5,124.5,126.5,-2.5,2503.0
2020-09-17,1598,2517771.0,311900062.0,125.0,128.0,122.0,122.0,-4.5,1607.0
2020-09-18,1598,4761744.0,594542597.0,122.5,129.0,119.5,128.5,6.5,2906.0
2020-09-21,1598,4019448.0,501837604.0,128.5,128.5,122.0,122.0,-6.5,2515.0
2020-09-22,1598,4407490.0,536918770.0,120.0,125.0,118.5,123.0,1.0,2559.0
2020-09-23,1598,2991429.0,359389835.0,123.0,124.0,118.0,118.5,-4.5,1913.0
2020-09-24,1598,3809603.0,448878247.0,116.0,121.0,114.0,116.5,-2.0,2370.0
2020-09-25,1598,3950246.0,446795552.0,118.0,119.5,109.0,112.0,-4.5,2302.0
2020-09-28,1598,3500680.0,411243560.0,114.0,122.0,112.0,117.0,5.0,2167.0
2020-09-29,1598,3106068.0,368168057.0,117.0,121.0,115.0,119.5,2.5,2021.0
2020-09-30,1598,4114801.0,497842718.0,119.5,124.0,118.0,119.0,-0.5,2512.0
2020-10-05,1598,2981236.0,364168028.0,120.0,124.0,119.5,123.5,4.5,1767.0
2020-10-06,1598,3652297.0,448252937.0,125.0,126.5,120.0,121.0,-2.5,2278.0
2020-10-07,1598,3952863.0,489698168.0,121.0,127.0,119.5,126.5,5.5,2426.0
2020-10-08,1598,3472458.0,435613666.0,126.5,128.0,123.5,127.0,0.5,2175.0
2020-10-12,1598,5459765.0,698766271.0,131.0,133.0,125.0,126.0,-1.0,3437.0
2020-10-13,1598,5885706.0,767203192.0,127.5,133.0,125.5,133.0,7.0,3770.0
2020-10-14,1598,4191425.0,549561600.0,134.0,134.5,129.0,131.0,-2.0,2852.0
2020-10-15,1598,3915375.0,506168809.0,132.0,133.5,126.0,127.5,-3.5,2562.0
2020-10-16,1598,2673097.0,336126431.0,128.5,129.5,122.5,123.0,-4.5,1645.0
2020-10-19,1598,1441374.0,177786876.0,124.5,125.0,121.0,125.0,2.0,975.0
2020-10-20,1598,1317278.0,164488528.0,125.0,127.0,122.0,127.0,2.0,936.0
2020-10-21,1598,1308819.0,163922737.0,127.0,127.5,124.0,124.0,-3.0,823.0
2020-10-22,1598,1656543.0,205594289.0,123.5,126.5,122.5,123.0,-1.0,1005.0
2020-10-23,1598,10994594.0,1451325608.0,124.0,135.0,124.0,132.0,9.0,6295.0
2020-10-26,1598,10910783.0,1439729318.0,131.0,136.0,127.0,127.0,-5.0,7152.0
2020-10-27,1598,3819636.0,489929724.0,125.5,132.0,124.5,132.0,5.0,2488.0
2020-10-28,1598,2865809.0,373363262.0,131.0,132.5,129.0,129.0,-3.0,1944.0
2020-10-29,1598,4644675.0,610819402.0,128.0,135.0,127.0,135.0,6.0,2951.0
2020-10-30,1598,3873755.0,516992744.0,135.0,135.0,132.0,132.5,-2.5,2390.0
2020-11-02,1598,4615687.0,614629965.0,134.0,137.0,130.0,130.5,-2.0,2889.0
2020-11-03,1598,2842403.0,379626287.0,132.0,135.5,131.0,135.0,4.5,1882.0
2020-11-04,1598,17917640.0,2595480579.0,135.0,148.5,133.0,147.0,12.0,9491.0
2020-11-05,1598,8580718.0,1245512915.0,147.0,148.5,142.0,146.5,-0.5,5556.0
2020-11-06,1598,13690836.0,2053267407.0,148.0,155.5,145.0,148.5,2.0,8417.0
2020-11-09,1598,12567774.0,1990909896.0,152.5,162.0,151.0,159.5,11.0,8096.0
2020-11-10,1598,13204126.0,1933469817.0,147.5,152.5,144.0,145.0,-14.5,7650.0
2020-11-11,1598,12024925.0,1676579431.0,145.0,148.0,133.5,134.0,-11.0,7745.0
2020-11-12,1598,8525073.0,1131062386.0,135.5,138.5,128.0,132.0,-2.0,5489.0
2020-11-13,1598,4220094.0,559512219.0,131.5,134.5,129.5,133.0,1.0,2742.0
2020-11-16,1598,3002266.0,400619272.0,134.0,135.5,132.0,133.0,0.0,1826.0
2020-11-17,1598,12102904.0,1481458036.0,131.5,132.5,120.0,120.0,-13.0,7208.0
2020-11-18,1598,6751441.0,818465329.0,120.0,124.0,116.0,122.0,2.0,3922.0
2020-11-19,1598,6874074.0,811072256.0,121.0,122.0,115.0,119.0,-3.0,4433.0
2020-11-20,1598,2222546.0,264651050.0,119.0,120.5,117.0,120.0,1.0,1550.0
2020-11-23,1598,2995033.0,364524372.0,120.0,124.0,119.0,124.0,4.0,2063.0
2020-11-24,1598,2573802.0,312544358.0,123.0,124.0,119.0,120.5,-3.5,1862.0
2020-11-25,1598,1517209.0,183492927.0,121.0,122.0,119.5,120.5,0.0,1026.0
2020-11-26,1598,1415624.0,171232451.0,120.5,122.5,120.0,121.0,0.5,931.0
2020-11-27,1598,2132783.0,262638692.0,121.0,125.0,120.5,123.5,2.5,1452.0
2020-11-30,1598,2933470.0,357307853.0,124.5,125.5,119.0,122.0,-1.5,1809.0
2020-12-01,1598,1872643.0,224166855.0,121.5,122.0,118.5,119.0,-3.0,1197.0
2020-12-02,1598,4743290.0,546786773.0,119.0,119.5,112.0,116.0,-3.0,3056.0
2020-12-03,1598,1490078.0,174123610.0,116.0,118.5,115.5,116.0,0.0,1101.0
2020-12-04,1598,1316750.0,151745921.0,117.5,117.5,114.0,114.0,-2.0,876.0
2020-12-07,1598,1725812.0,196688092.0,114.5,117.0,111.0,114.5,0.5,1198.0
2020-12-08,1598,1200559.0,140256284.0,115.0,118.0,114.5,118.0,3.5,873.0
2020-12-09,1598,1825038.0,209498377.0,117.0,117.5,113.0,115.5,-2.5,1178.0
2020-12-10,1598,3477776.0,407221202.0,117.0,120.0,114.5,115.0,-0.5,2243.0
2020-12-11,1598,1325806.0,150285575.0,115.0,116.5,111.0,112.5,-2.5,972.0
2020-12-14,1598,975603.0,110510479.0,114.5,114.5,112.0,114.0,1.5,640.0
2020-12-15,1598,1124324.0,126114803.0,114.0,115.0,111.0,111.0,-3.0,770.0
2020-12-16,1598,2085655.0,240225812.0,112.5,117.5,112.0,115.0,4.0,1247.0
2020-12-17,1598,1464023.0,169792271.0,116.0,118.5,114.0,114.5,-0.5,958.0
2020-12-18,1598,582469.0,66558966.0,114.5,115.5,113.5,113.5,-1.0,422.0
2020-12-21,1598,692707.0,78115816.0,114.5,114.5,111.5,112.5,-1.0,470.0
2020-12-22,1598,756796.0,85008716.0,112.5,113.5,110.5,110.5,-2.0,575.0
2020-12-23,1598,4685357.0,548516906.0,112.0,119.0,112.0,116.5,6.0,2859.0
2020-12-24,1598,1928422.0,226961518.0,116.0,119.0,114.5,119.0,2.5,1206.0
2020-12-25,1598,1379086.0,162454587.0,118.0,119.5,116.5,117.0,-2.0,769.0
2020-12-28,1598,919183.0,106790375.0,117.5,118.5,115.0,115.5,-1.5,571.0
2020-12-29,1598,793506.0,90313002.0,115.5,116.0,113.0,113.0,-2.5,606.0
2020-12-30,1598,1753469.0,205239060.0,113.0,118.5,113.0,118.0,5.0,1205.0
2020-12-31,1598,2321561.0,277940254.0,118.5,122.0,117.5,118.0,0.0,1550.0
2021-01-04,1598,1154920.0,135384000.0,117.5,119.5,115.0,116.5,-1.5,652.0
2021-01-05,1598,689061.0,80039076.0,115.5,117.5,115.0,116.0,-0.5,477.0
2021-01-06,1598,2690718.0,319484221.0,116.5,122.0,116.0,117.0,1.0,1639.0
2021-01-07,1598,5856054.0,719200788.0,118.0,125.5,118.0,124.5,7.5,3473.0
2021-01-08,1598,5012911.0,624136660.0,128.5,128.5,121.0,123.5,-1.0,2572.0
2021-01-11,1598,5389243.0,688641976.0,126.0,131.0,124.5,128.0,4.5,3103.0
2021-01-12,1598,2739444.0,341856549.0,128.0,129.5,121.0,121.5,-6.5,1860.0
2021-01-13,1598,3128840.0,371616734.0,122.5,124.0,116.5,116.5,-5.0,1921.0
2021-01-14,1598,1220226.0,142832395.0,117.0,118.0,115.5,117.5,1.0,783.0
2021-01-15,1598,2611152.0,297098821.0,118.0,118.0,111.0,112.0,-5.5,1564.0
2021-01-18,1598,2079419.0,226137669.0,112.0,112.5,106.0,109.0,-3.0,1333.0
2021-01-19,1598,748388.0,82257740.0,109.5,111.5,109.0,109.0,0.0,529.0
2021-01-20,1598,2249503.0,236416110.0,109.5,109.5,103.0,105.0,-4.0,1432.0
2021-01-21,1598,2745085.0,299478134.0,106.5,112.0,106.5,107.0,2.0,1465.0
2021-01-22,1598,759517.0,81913704.0,108.0,109.0,106.5,108.0,1.0,523.0
2021-01-25,1598,939890.0,99627072.0,108.5,108.5,104.0,106.0,-2.0,582.0
2021-01-26,1598,1055517.0,109802412.0,107.0,107.0,102.5,103.0,-3.0,701.0
2021-01-27,1598,1129440.0,117496629.0,103.5,106.0,103.0,103.0,0.0,713.0
2021-01-28,1598,1369695.0,138201090.0,102.0,102.5,100.0,100.5,-2.5,732.0
2021-01-29,1598,1699643.0,170994147.0,101.0,102.5,98.5,98.5,-2.0,898.0
2021-02-01,1598,2868743.0,282733098.0,98.5,102.0,95.1,99.8,1.3,1691.0
2021-02-02,1598,2634686.0,275881038.0,100.0,109.5,99.9,109.5,9.7,1529.0
2021-02-03,1598,4232130.0,468944739.0,114.0,115.5,107.5,108.0,-1.5,2956.0
2021-02-04,1598,924833.0,99169379.0,107.0,109.0,105.0,107.0,-1.0,597.0
2021-02-05,1598,895774.0,95381213.0,107.5,109.5,105.0,106.5,-0.5,532.0
2021-02-17,1598,2684060.0,272263617.0,104.5,105.5,99.6,100.5,-6.0,1846.0
2021-02-18,1598,2515763.0,254491831.0,101.5,103.5,99.8,100.0,-0.5,1474.0
2021-02-19,1598,1759966.0,178887293.0,101.0,103.0,100.0,102.5,2.5,1184.0
2021-02-22,1598,3399897.0,365846801.0,104.0,110.0,103.5,108.0,5.5,2200.0
2021-02-23,1598,1754864.0,186658965.0,109.0,109.5,105.0,105.5,-2.5,1286.0
2021-02-24,1598,790486.0,83669915.0,106.0,107.5,105.0,105.0,-0.5,605.0
2021-02-25,1598,1773067.0,187403306.0,108.0,109.5,103.0,104.0,-1.0,1268.0
2021-02-26,1598,784760.0,82149428.0,103.5,105.5,102.5,105.5,1.5,517.0
2021-03-02,1598,771138.0,81435357.0,106.5,108.5,104.0,104.5,-1.0,590.0
2021-03-03,1598,1241213.0,130450046.0,105.0,106.5,103.5,106.0,1.5,713.0
2021-03-04,1598,3276193.0,340081069.0,106.0,109.0,100.5,101.5,-4.5,2278.0
2021-03-05,1598,1734702.0,173180009.0,99.9,100.5,99.0,99.5,-2.0,1212.0
2021-03-08,1598,1180020.0,118089959.0,101.0,102.0,99.1,99.1,-0.4,839.0
2021-03-09,1598,1202342.0,119780864.0,99.6,100.5,98.6,99.8,0.7,723.0
2021-03-10,1598,4232454.0,444886849.0,103.5,108.5,100.5,105.0,5.2,2790.0
2021-03-11,1598,5211112.0,562472342.0,105.0,110.5,104.0,108.5,3.5,3427.0
2021-03-12,1598,6297075.0,705847306.0,109.5,115.0,108.5,110.0,1.5,4020.0
2021-03-15,1598,2506287.0,280307598.0,111.5,114.0,109.0,112.5,2.5,1796.0
2021-03-16,1598,3397483.0,388118051.0,112.5,116.5,111.5,114.0,1.5,2281.0
2021-03-17,1598,2814072.0,325426405.0,114.5,117.5,114.0,116.0,2.0,1829.0
2021-03-18,1598,2369606.0,276535208.0,116.5,118.0,116.0,116.5,0.5,1617.0
2021-03-19,1598,5621099.0,662464632.0,118.0,120.5,115.0,118.0,1.5,2455.0
2021-03-22,1598,1890762.0,223372074.0,118.0,120.0,117.0,117.0,-1.0,1189.0
2021-03-23,1598,2510958.0,288907052.0,119.0,119.0,113.0,115.5,-1.5,1609.0
2021-03-24,1598,1048436.0,121714495.0,116.0,118.0,115.0,115.0,-0.5,700.0
2021-03-25,1598,2496115.0,289151745.0,115.5,119.0,113.0,113.0,-2.0,1680.0
2021-03-26,1598,1888985.0,217050112.0,113.0,117.0,112.5,117.0,4.0,1280.0
2021-03-29,1598,6261386.0,754947573.0,119.0,122.5,118.0,122.0,5.0,3814.0
2021-03-30,1598,5807711.0,722327567.0,122.0,127.5,122.0,127.5,5.5,3864.0
2021-03-31,1598,10273791.0,1250509985.0,126.0,126.5,118.5,119.0,-8.5,6739.0
2021-04-01,1598,5040164.0,583852879.0,119.0,119.0,114.5,114.5,-4.5,3652.0
2021-04-06,1598,2635291.0,302336153.0,116.0,116.0,113.5,114.5,0.0,1748.0
2021-04-07,1598,1718051.0,196318675.0,114.5,116.0,113.5,114.0,-0.5,1275.0
2021-04-08,1598,1730491.0,197237985.0,114.5,115.5,113.5,113.5,-0.5,1363.0
2021-04-09,1598,2832998.0,316590396.0,114.5,114.5,110.5,111.5,-2.0,2324.0
2021-04-12,1598,2659330.0,292137730.0,111.0,112.0,107.5,112.0,0.5,2046.0
2021-04-13,1598,4151724.0,455081953.0,113.0,114.0,107.0,108.0,-4.0,3100.0
2021-04-14,1598,3499686.0,365894818.0,108.0,109.0,101.0,104.5,-3.5,2482.0
2021-04-15,1598,1905986.0,200465139.0,104.5,107.0,103.0,107.0,2.5,1183.0
2021-04-16,1598,1566012.0,169312800.0,107.0,110.0,107.0,108.5,1.5,1279.0
2021-04-19,1598,858410.0,92082528.0,108.5,108.5,106.5,107.0,-1.5,695.0
2021-04-20,1598,1055301.0,111946321.0,107.5,107.5,105.0,105.5,-1.5,772.0
2021-04-21,1598,765560.0,81060489.0,105.5,107.0,105.0,106.0,0.5,658.0
2021-04-22,1598,1401374.0,148260469.0,108.0,108.5,104.0,104.5,-1.5,1039.0
2021-04-23,1598,778321.0,81319578.0,105.0,105.5,103.5,104.5,0.0,603.0
2021-04-26,1598,989975.0,105370586.0,106.0,108.0,105.0,106.5,2.0,730.0
2021-04-27,1598,1064429.0,112002620.0,108.0,108.0,103.5,104.0,-2.5,884.0
2021-04-28,1598,1043008.0,108560756.0,104.5,105.5,103.0,105.0,1.0,766.0
2021-04-29,1598,663550.0,69777062.0,105.5,106.0,104.0,105.0,0.0,493.0
2021-05-03,1598,1329995.0,136199183.0,105.0,105.5,100.5,101.0,-4.0,999.0
2021-05-04,1598,2697925.0,264266012.0,101.5,102.0,94.1,98.1,-2.9,2021.0
2021-05-05,1598,1126606.0,112191965.0,98.0,101.5,98.0,98.2,0.1,796.0
2021-05-06,1598,606463.0,59759697.0,99.2,99.9,97.1,98.3,0.1,543.0
2021-05-07,1598,595107.0,58945973.0,99.1,100.5,97.9,99.8,1.5,500.0
2021-05-10,1598,1262147.0,124167289.0,101.5,102.0,97.0,97.0,-2.8,1024.0
2021-05-11,1598,3487387.0,318027015.0,94.8,96.8,87.6,89.1,-7.9,2599.0
2021-05-12,1598,3814077.0,325274868.0,90.0,91.9,80.2,83.1,-6.0,2531.0
2021-05-13,1598,2469927.0,212771219.0,81.0,89.5,80.6,87.2,4.1,2201.0
2021-05-14,1598,1351575.0,119200360.0,91.2,91.2,86.5,87.2,0.0,994.0
2021-05-17,1598,4162167.0,331094513.0,78.6,82.9,78.5,78.5,-8.7,2440.0
2021-05-18,1598,3290634.0,267002083.0,80.2,83.8,78.1,82.9,4.4,2167.0
2021-05-19,1598,2092971.0,174752704.0,83.0,86.0,82.0,82.7,-0.2,1314.0
2021-05-20,1598,1649634.0,137892377.0,83.6,85.4,82.4,82.9,0.2,1060.0
2021-05-21,1598,2180337.0,187787373.0,84.8,89.0,83.2,87.8,4.9,1567.0
2021-05-24,1598,2065522.0,183619174.0,87.8,91.0,85.5,89.0,1.2,1330.0
2021-05-25,1598,1360294.0,120371668.0,90.5,90.5,86.8,87.5,-1.5,1029.0
2021-05-26,1598,1373103.0,123171484.0,89.4,90.9,88.6,90.0,2.5,1020.0
2021-05-27,1598,1028592.0,93119565.0,90.8,91.3,89.1,91.2,1.2,745.0
2021-05-28,1598,1121314.0,101780106.0,92.2,92.4,90.0,90.6,-0.6,870.0
2021-05-31,1598,973739.0,88920365.0,91.0,92.1,90.7,91.3,0.7,694.0
2021-06-01,1598,1153891.0,106681012.0,91.6,93.5,91.5,93.2,1.9,783.0
2021-06-02,1598,2565193.0,243669505.0,94.1,96.4,93.7,94.8,1.6,1724.0
2021-06-03,1598,773247.0,73222611.0,95.7,95.8,94.0,94.5,-0.3,567.0
2021-06-04,1598,711903.0,67494273.0,95.0,95.7,94.0,94.5,0.0,544.0
2021-06-07,1598,935527.0,88639877.0,94.7,95.8,93.1,95.1,0.6,743.0
2021-06-08,1598,893938.0,85941055.0,95.7,97.1,95.5,96.3,1.2,662.0
2021-06-09,1598,928712.0,89260472.0,96.5,97.3,95.1,95.5,-0.8,717.0
2021-06-10,1598,2382315.0,222008909.0,95.2,95.2,91.5,92.8,-2.7,1747.0
2021-06-11,1598,1694267.0,160025522.0,93.0,95.2,92.9,94.9,2.1,966.0
2021-06-15,1598,2049350.0,199430916.0,97.0,98.7,96.1,98.7,3.8,1338.0
2021-06-16,1598,2651522.0,265675529.0,99.2,102.5,98.9,99.4,0.7,1652.0
2021-06-17,1598,1797896.0,182052932.0,99.0,102.5,98.5,102.5,3.1,1203.0
2021-06-18,1598,5160835.0,551672390.0,105.0,109.5,104.0,108.5,6.0,3180.0
2021-06-21,1598,2729585.0,288409263.0,108.0,108.0,104.0,106.0,-2.5,1900.0
2021-06-22,1598,2229125.0,233383245.0,107.0,108.0,103.0,104.0,-2.0,1561.0
2021-06-23,1598,1877417.0,194310466.0,105.0,105.0,102.5,103.5,-0.5,1079.0
2021-06-24,1598,2932015.0,306560236.0,104.5,105.5,103.5,105.0,1.5,1775.0
2021-06-25,1598,4290923.0,430983701.0,98.4,102.5,98.4,100.5,0.0,2372.0
2021-06-28,1598,1839650.0,182280709.0,102.0,102.0,98.0,98.0,-2.5,1351.0
2021-06-29,1598,1407642.0,138966636.0,99.6,99.9,97.8,98.4,0.4,1017.0
2021-06-30,1598,1041194.0,102359006.0,99.5,99.5,97.7,97.7,-0.7,773.0
2021-07-01,1598,1626266.0,155527184.0,97.7,98.0,94.0,94.7,-3.0,1232.0
2021-07-02,1598,1630559.0,152666890.0,94.9,95.3,92.1,94.7,0.0,1145.0
2021-07-05,1598,1484526.0,139287513.0,95.3,96.3,92.5,93.0,-1.7,1184.0
2021-07-06,1598,2031731.0,184096748.0,93.0,93.1,89.9,89.9,-3.1,1570.0
2021-07-07,1598,1150068.0,104727729.0,89.5,92.4,89.2,91.0,1.1,875.0
2021-07-08,1598,1382124.0,123695611.0,92.0,92.0,88.4,89.2,-1.8,1057.0
2021-07-09,1598,836659.0,75025425.0,88.1,90.8,88.1,89.8,0.6,564.0
2021-07-12,1598,1760811.0,154256123.0,89.7,89.7,86.7,86.9,-2.9,1503.0
2021-07-13,1598,2106719.0,177491711.0,86.9,87.0,83.0,83.1,-3.8,1659.0
2021-07-14,1598,1048124.0,87364007.0,83.6,85.5,81.7,84.6,1.5,732.0
2021-07-15,1598,1288310.0,111731171.0,84.0,87.7,84.0,87.7,3.1,1001.0
2021-07-16,1598,795266.0,69422870.0,87.6,88.2,86.4,88.1,0.4,633.0
2021-07-19,1598,764182.0,67282366.0,87.8,88.8,87.0,88.0,-0.1,591.0
2021-07-20,1598,757598.0,65751428.0,87.7,88.0,85.7,86.0,-2.0,550.0
2021-07-21,1598,506028.0,43989739.0,86.5,88.3,85.9,86.2,0.2,427.0
2021-07-22,1598,804351.0,69104896.0,86.8,87.9,84.5,84.6,-1.6,661.0
2021-07-23,1598,375137.0,31840607.0,84.8,85.6,84.5,84.7,0.1,276.0
2021-07-26,1598,498854.0,41682885.0,84.5,84.9,82.7,82.9,-1.8,394.0
2021-07-27,1598,429167.0,35636390.0,82.9,83.8,82.5,82.6,-0.3,353.0
2021-07-28,1598,781491.0,63750556.0,82.4,84.1,79.6,82.2,-0.4,584.0
2021-07-29,1598,428235.0,35012486.0,82.3,83.2,81.2,82.0,-0.2,358.0
2021-07-30,1598,480099.0,39633755.0,81.9,84.6,81.6,82.4,0.4,353.0
2021-08-02,1598,363818.0,29845833.0,82.4,83.0,81.5,82.0,-0.4,286.0
2021-08-03,1598,323961.0,26425193.0,81.9,82.6,80.9,81.4,-0.6,250.0
2021-08-04,1598,1456759.0,123593201.0,81.6,87.0,81.6,86.5,5.1,1090.0
2021-08-05,1598,1142865.0,96318503.0,86.0,86.0,83.5,83.5,-3.0,927.0
2021-08-06,1598,320305.0,26579098.0,83.5,84.1,82.2,82.3,-1.2,288.0
2021-08-09,1598,254927.0,21005477.0,83.8,83.8,81.9,82.0,-0.3,236.0
2021-08-10,1598,2098236.0,161979149.0,80.0,80.1,75.8,76.1,-5.9,1579.0
2021-08-11,1598,1550339.0,115406450.0,75.8,76.1,73.1,73.8,-2.3,1232.0
2021-08-12,1598,563814.0,41356588.0,73.6,74.5,72.0,73.4,-0.4,412.0
2021-08-13,1598,626533.0,45321534.0,73.0,73.1,71.6,72.1,-1.3,453.0
2021-08-16,1598,707819.0,49981051.0,70.5,72.0,70.0,70.6,-1.5,590.0
2021-08-17,1598,1202933.0,82078204.0,70.6,71.2,66.6,66.8,-3.8,840.0
2021-08-18,1598,1048665.0,70296506.0,65.5,69.6,65.1,69.4,2.6,722.0
2021-08-19,1598,539991.0,36142742.0,68.8,68.8,66.4,66.4,-3.0,418.0
2021-08-20,1598,1028847.0,66408506.0,65.2,66.4,63.5,63.9,-2.5,762.0
2021-08-23,1598,644549.0,42720208.0,64.8,68.0,64.7,68.0,4.1,470.0
2021-08-24,1598,523156.0,34986238.0,68.0,68.5,65.9,67.0,-1.0,379.0
2021-08-25,1598,407596.0,27624547.0,67.3,68.6,66.2,68.6,1.6,285.0
2021-08-26,1598,227727.0,15361286.0,67.4,68.3,67.1,67.3,-1.3,188.0
2021-08-27,1598,230414.0,15675093.0,67.0,68.5,67.0,68.1,0.8,174.0
2021-08-30,1598,579438.0,40494065.0,68.6,70.8,68.6,69.8,1.7,399.0
2021-08-31,1598,225834.0,15669048.0,70.0,70.4,68.7,69.7,-0.1,175.0
2021-09-01,1598,314067.0,22160921.0,69.7,71.0,69.7,70.9,1.2,225.0
2021-09-02,1598,419643.0,29132032.0,70.0,70.2,68.9,68.9,-2.0,343.0
2021-09-03,1598,344969.0,23596625.0,68.2,69.4,67.9,68.2,-0.7,298.0
2021-09-06,1598,526504.0,35287617.0,67.0,68.0,66.0,66.3,-1.9,398.0
2021-09-07,1598,451826.0,29521359.0,66.3,67.0,64.7,64.9,-1.4,411.0
2021-09-08,1598,529263.0,33687543.0,65.0,65.0,62.7,62.7,-2.2,449.0
2021-09-09,1598,675800.0,42904092.0,61.3,64.6,61.3,63.8,1.1,391.0
2021-09-10,1598,299139.0,19323769.0,63.2,65.2,63.2,64.4,0.6,255.0
2021-09-13,1598,207500.0,13324498.0,64.1,64.9,63.9,64.0,-0.4,173.0
2021-09-14,1598,237425.0,15158812.0,64.2,65.4,63.5,63.5,-0.5,231.0
2021-09-15,1598,417670.0,25999122.0,63.3,64.0,61.5,62.5,-1.0,328.0
2021-09-16,1598,253728.0,15733842.0,63.5,63.5,61.6,61.8,-0.7,229.0
2021-09-17,1598,232431.0,14360460.0,61.5,62.2,61.5,61.6,-0.2,202.0
2021-09-22,1598,801330.0,47809621.0,61.3,61.3,58.6,59.3,-2.3,617.0
2021-09-23,1598,897587.0,52785083.0,60.0,60.6,57.9,58.5,-0.8,768.0
2021-09-24,1598,1408364.0,85779015.0,58.6,62.4,58.6,62.1,3.6,936.0
2021-09-27,1598,394952.0,24151695.0,62.1,62.1,60.7,60.9,-1.2,298.0
2021-09-28,1598,524075.0,32212788.0,60.5,62.6,60.4,61.3,0.4,413.0
2021-09-29,1598,478099.0,28840891.0,61.2,61.2,59.7,60.7,-0.6,360.0
2021-09-30,1598,1443612.0,90261744.0,63.0,64.0,61.3,62.5,1.8,1011.0
2021-10-01,1598,737196.0,46221372.0,62.5,63.5,62.0,62.5,0.0,537.0
2021-10-04,1598,868124.0,54665855.0,63.3,64.6,61.3,62.1,-0.4,686.0
2021-10-05,1598,462451.0,28486053.0,62.0,62.1,60.6,61.9,-0.2,377.0
2021-10-06,1598,625711.0,39649964.0,62.2,64.3,62.2,62.7,0.8,534.0
2021-10-07,1598,407691.0,25907293.0,63.8,63.9,63.1,63.4,0.7,322.0
2021-10-08,1598,466271.0,29130691.0,63.4,63.4,62.0,62.3,-1.1,453.0
2021-10-12,1598,462791.0,28204197.0,61.7,62.2,60.0,60.8,-1.5,383.0
2021-10-13,1598,325167.0,19725304.0,60.8,61.8,59.8,60.4,-0.4,256.0
2021-10-14,1598,173564.0,10519372.0,61.2,61.6,60.2,60.5,0.1,158.0
2021-10-15,1598,350336.0,21125386.0,60.9,61.3,59.9,60.5,0.0,378.0
2021-10-18,1598,233653.0,14120970.0,60.2,60.8,60.0,60.7,0.2,208.0
2021-10-19,1598,364178.0,22558091.0,60.7,62.5,60.7,61.7,1.0,296.0
2021-10-20,1598,293599.0,18268080.0,62.2,62.9,61.6,61.7,0.0,369.0
2021-10-21,1598,582395.0,36446865.0,61.4,63.6,61.4,61.8,0.1,485.0
2021-10-22,1598,572840.0,36136608.0,62.1,63.7,61.9,63.5,1.7,455.0
2021-10-25,1598,958487.0,61999937.0,64.1,65.6,63.5,65.4,1.9,874.0
2021-10-26,1598,754288.0,48713508.0,65.9,65.9,63.8,64.4,-1.0,550.0
2021-10-27,1598,373370.0,23765493.0,64.0,64.7,63.0,63.8,-0.6,312.0
2021-10-28,1598,598929.0,38652402.0,64.3,65.3,63.7,65.3,1.5,460.0
2021-10-29,1598,571187.0,36993537.0,65.3,65.4,64.0,64.8,-0.5,354.0
2021-11-01,1598,555433.0,35603035.0,64.8,65.0,63.7,64.0,-0.8,346.0
2021-11-02,1598,618526.0,39416632.0,63.7,64.5,63.3,63.7,-0.3,525.0
2021-11-03,1598,959233.0,62625772.0,63.9,66.6,63.3,64.6,0.9,825.0
2021-11-04,1598,469727.0,30469611.0,65.5,65.9,64.2,64.6,0.0,543.0
2021-11-05,1598,317615.0,20597260.0,64.6,65.3,64.1,65.0,0.4,260.0
2021-11-08,1598,1421071.0,95470794.0,65.1,68.0,65.1,68.0,3.0,1111.0
2021-11-09,1598,834793.0,55802360.0,68.0,68.0,66.2,66.7,-1.3,715.0
2021-11-10,1598,497232.0,32896322.0,66.5,67.2,65.8,65.8,-0.9,390.0
2021-11-11,1598,425767.0,27827144.0,65.7,66.2,64.4,65.5,-0.3,335.0
2021-11-12,1598,528488.0,34211716.0,66.0,66.0,64.3,64.8,-0.7,434.0
2021-11-15,1598,450701.0,28974525.0,64.8,64.8,63.7,64.1,-0.7,393.0
2021-11-16,1598,501528.0,31827596.0,64.2,64.3,62.9,63.0,-1.1,452.0
2021-11-17,1598,395164.0,24767077.0,63.0,63.5,62.3,63.0,0.0,320.0
2021-11-18,1598,347170.0,21685786.0,62.6,63.0,62.2,62.6,-0.4,300.0
2021-11-19,1598,455489.0,28251296.0,62.6,62.6,61.8,62.0,-0.6,456.0
2021-11-22,1598,225822.0,13914841.0,61.5,62.0,61.3,61.9,-0.1,220.0
2021-11-23,1598,333996.0,20968553.0,61.9,63.6,61.6,62.8,0.9,282.0
2021-11-24,1598,187203.0,11719222.0,62.8,62.9,62.3,62.8,0.0,302.0
2021-11-25,1598,284419.0,17740901.0,62.8,63.3,62.0,62.5,-0.3,221.0
2021-11-26,1598,245710.0,15306292.0,62.7,62.9,61.8,62.3,-0.2,251.0
2021-11-29,1598,463108.0,28852552.0,62.2,63.5,61.4,62.4,0.1,512.0
2021-11-30,1598,1532531.0,93829180.0,62.4,62.4,60.6,61.3,-1.1,728.0
2021-12-01,1598,693049.0,41685383.0,61.2,61.2,59.8,60.1,-1.2,571.0
2021-12-02,1598,614580.0,36427011.0,60.1,60.1,59.0,59.2,-0.9,359.0
2021-12-03,1598,297567.0,17658239.0,59.4,60.1,59.0,59.5,0.3,282.0
2021-12-06,1598,630087.0,36818025.0,59.4,59.4,58.0,58.3,-1.2,564.0
2021-12-07,1598,780781.0,44696712.0,58.8,58.8,56.7,56.8,-1.5,720.0
2021-12-08,1598,503391.0,28507576.0,57.3,57.3,56.3,56.9,0.1,408.0
2021-12-09,1598,379867.0,21809638.0,57.4,57.9,56.9,57.6,0.7,346.0
2021-12-10,1598,333733.0,19073966.0,58.2,58.2,56.9,57.2,-0.4,287.0
2021-12-13,1598,1296839.0,71199433.0,56.0,56.3,54.2,54.8,-2.4,1015.0
2021-12-14,1598,855137.0,45331630.0,54.7,54.7,52.5,52.7,-2.1,728.0
2021-12-15,1598,514836.0,27002856.0,52.5,53.4,51.5,52.7,0.0,394.0
2021-12-16,1598,175574.0,9310011.0,53.5,53.5,52.5,53.2,0.5,171.0
2021-12-17,1598,415257.0,22354570.0,53.2,54.4,53.2,53.5,0.3,328.0
2021-12-20,1598,151925.0,8124671.0,53.7,54.0,53.1,53.6,0.1,184.0
2021-12-21,1598,362932.0,19973928.0,53.6,55.9,53.6,55.3,1.7,321.0
2021-12-22,1598,174120.0,9577403.0,55.9,55.9,54.7,54.8,-0.5,285.0
2021-12-23,1598,167924.0,9201653.0,55.7,55.7,54.1,54.7,-0.1,138.0
2021-12-24,1598,105220.0,5746918.0,55.1,55.1,54.3,54.5,-0.2,84.0
2021-12-27,1598,141430.0,7644433.0,54.4,54.4,53.8,54.0,-0.5,120.0
2021-12-28,1598,121935.0,6604473.0,54.2,54.6,54.0,54.2,0.2,109.0
2021-12-29,1598,287317.0,15579623.0,54.2,54.8,53.8,54.3,0.1,233.0
2021-12-30,1598,172564.0,9366707.0,54.4,54.5,54.0,54.1,-0.2,111.0
2022-01-03,1598,501916.0,27731365.0,55.0,55.8,54.5,55.4,1.3,390.0
2022-01-04,1598,528481.0,29593193.0,55.8,56.5,55.3,55.3,-0.1,426.0
2022-01-05,1598,198092.0,10927919.0,55.2,55.8,54.8,54.9,-0.4,193.0
2022-01-06,1598,333262.0,18065288.0,54.9,55.0,53.8,53.9,-1.0,292.0
2022-01-07,1598,559135.0,29249149.0,53.5,53.8,51.4,52.2,-1.7,475.0
2022-01-10,1598,209865.0,10785955.0,52.1,52.1,50.3,51.8,-0.4,200.0
2022-01-11,1598,212109.0,10858113.0,51.6,51.6,51.0,51.1,-0.7,201.0
2022-01-12,1598,583577.0,29157794.0,51.1,51.5,49.55,49.7,-1.4,575.0
2022-01-13,1598,331628.0,16539840.0,50.1,50.1,49.6,49.7,0.0,289.0
2022-01-14,1598,1166440.0,55636267.0,49.5,49.7,47.0,47.6,-2.1,989.0
2022-01-17,1598,649514.0,30985278.0,47.45,48.75,46.65,48.4,0.8,577.0
2022-01-18,1598,282028.0,13705790.0,48.4,49.2,48.25,48.5,0.1,523.0
2022-01-19,1598,307743.0,14762113.0,48.5,48.5,47.55,48.0,-0.5,274.0
2022-01-20,1598,186852.0,8962515.0,47.9,48.3,47.8,48.1,0.1,200.0
2022-01-21,1598,419908.0,20167867.0,48.1,48.4,47.25,48.05,-0.05,336.0
2022-01-24,1598,938958.0,43045019.0,47.25,47.25,45.4,45.65,-2.4,721.0
2022-01-25,1598,1014866.0,45100600.0,45.6,45.6,43.2,43.2,-2.45,717.0
2022-01-26,1598,819552.0,35913297.0,43.2,44.35,43.2,43.5,0.3,750.0
2022-02-07,1598,790236.0,34497130.0,43.65,44.8,42.55,44.65,1.15,676.0
2022-02-08,1598,770501.0,35565898.0,44.7,46.9,44.1,46.75,2.1,682.0
2022-02-09,1598,297695.0,13902989.0,46.25,47.2,46.25,46.95,0.2,355.0
2022-02-10,1598,781280.0,37612950.0,46.95,48.65,46.9,48.4,1.45,730.0
2022-02-11,1598,691546.0,32713719.0,47.7,48.0,46.7,46.9,-1.5,595.0
2022-02-14,1598,376887.0,17612549.0,45.95,47.7,45.7,47.15,0.25,299.0
2022-02-15,1598,296698.0,13914539.0,47.0,47.4,46.55,46.6,-0.55,272.0
2022-02-16,1598,164644.0,7735212.0,46.8,47.25,46.8,47.0,0.4,143.0
2022-02-17,1598,316104.0,14940411.0,47.1,47.85,47.0,47.2,0.2,273.0
2022-02-18,1598,271026.0,12704674.0,46.8,47.15,46.6,47.1,-0.1,190.0
2022-02-21,1598,868670.0,42135227.0,47.0,49.35,47.0,49.35,2.25,584.0
2022-02-22,1598,606292.0,29009741.0,49.0,49.3,47.05,47.3,-2.05,566.0
2022-02-23,1598,244600.0,11783405.0,47.9,48.7,47.7,48.65,1.35,196.0
2022-02-24,1598,403794.0,19065471.0,48.0,48.05,46.5,46.7,-1.95,351.0
2022-02-25,1598,176532.0,8280852.0,47.5,47.65,46.4,46.85,0.15,140.0
2022-03-01,1598,176488.0,8402585.0,47.1,47.95,47.0,47.75,0.9,156.0
2022-03-02,1598,193305.0,9172095.0,47.6,47.9,47.05,47.7,-0.05,123.0
2022-03-03,1598,204799.0,9789964.0,47.6,48.3,47.3,47.9,0.2,136.0
2022-03-04,1598,219070.0,10444543.0,47.85,48.0,47.4,47.8,-0.1,174.0
2022-03-07,1598,442014.0,20328691.0,47.45,47.45,45.35,45.65,-2.15,313.0
2022-03-08,1598,455288.0,20151837.0,44.65,45.4,43.3,44.65,-1.0,354.0
2022-03-09,1598,236859.0,10430802.0,44.75,44.8,43.8,44.0,-0.65,183.0
2022-03-10,1598,199134.0,8912621.0,45.5,45.5,44.2,44.35,0.35,155.0
2022-03-11,1598,291395.0,12726986.0,44.25,44.5,43.3,43.3,-1.05,216.0
2022-03-14,1598,192111.0,8431684.0,43.95,44.45,43.05,44.35,1.05,164.0
2022-03-15,1598,186840.0,8163119.0,44.2,44.2,43.3,43.75,-0.6,166.0
2022-03-16,1598,198151.0,8712485.0,44.1,44.15,43.5,44.0,0.25,140.0
2022-03-17,1598,591074.0,26870904.0,44.25,46.15,44.25,45.9,1.9,393.0
2022-03-18,1598,564899.0,26667018.0,45.9,47.7,45.9,47.65,1.75,414.0
2022-03-21,1598,340111.0,16149184.0,47.7,48.8,46.65,46.9,-0.75,304.0
2022-03-22,1598,159304.0,7525625.0,46.8,47.75,46.5,47.6,0.7,135.0
2022-03-23,1598,139262.0,6599303.0,47.6,47.65,47.0,47.4,-0.2,134.0
2022-03-24,1598,54111.0,2552121.0,46.85,47.45,46.85,47.0,-0.4,58.0
2022-03-25,1598,160493.0,7463417.0,46.95,47.4,46.25,46.8,-0.2,162.0
2022-03-28,1598,221506.0,10138024.0,46.5,46.5,45.25,45.75,-1.05,174.0
2022-03-29,1598,166325.0,7711463.0,47.3,47.3,45.9,46.05,0.3,158.0
2022-03-30,1598,368120.0,17374104.0,46.0,47.85,46.0,47.8,1.75,325.0
2022-03-31,1598,1545108.0,76739650.0,47.8,51.0,47.7,49.3,1.5,1355.0
2022-04-01,1598,686704.0,33032764.0,48.25,48.7,47.8,48.0,-1.3,583.0
2022-04-06,1598,309134.0,14466632.0,47.25,47.3,46.55,46.9,-1.1,304.0
2022-04-07,1598,251491.0,11622233.0,47.1,47.1,45.5,45.7,-1.2,231.0
2022-04-08,1598,487757.0,22903351.0,45.7,47.85,45.55,47.1,1.4,349.0
2022-04-11,1598,318329.0,14601712.0,47.2,47.4,45.3,45.5,-1.6,300.0
2022-04-12,1598,274943.0,12314520.0,45.5,45.5,44.2,44.85,-0.65,231.0
2022-04-13,1598,191277.0,8685437.0,44.9,45.8,44.85,45.2,0.35,165.0
2022-04-14,1598,222075.0,9994357.0,45.25,45.4,44.75,44.75,-0.45,191.0
2022-04-15,1598,431027.0,19100412.0,44.7,44.9,43.7,44.7,-0.05,352.0
2022-04-18,1598,344640.0,15075778.0,44.7,44.7,43.35,43.7,-1.0,282.0
2022-04-19,1598,150130.0,6619184.0,43.65,44.4,43.65,44.3,0.6,122.0
2022-04-20,1598,192084.0,8596555.0,44.4,45.1,44.2,44.8,0.5,160.0
2022-04-21,1598,278376.0,12588969.0,44.8,45.55,44.8,45.5,0.7,187.0
2022-04-22,1598,294274.0,13461517.0,45.6,46.4,45.3,45.5,0.0,237.0
2022-04-25,1598,260266.0,11424542.0,45.4,45.4,43.55,43.6,-1.9,252.0
2022-04-26,1598,154422.0,6698722.0,43.6,43.8,43.0,43.4,-0.2,151.0
2022-04-27,1598,427301.0,17599372.0,43.0,43.0,40.5,40.9,-2.5,400.0
2022-04-28,1598,207426.0,8624672.0,42.0,42.0,41.2,41.7,0.8,144.0
2022-04-29,1598,142686.0,5924009.0,41.7,41.9,41.0,41.4,-0.3,118.0
2022-05-03,1598,124850.0,5128880.0,41.4,41.55,40.65,41.25,-0.15,106.0
2022-05-04,1598,119027.0,4922864.0,41.5,41.8,41.25,41.25,0.0,95.0
2022-05-05,1598,99226.0,4152379.0,41.6,42.25,41.6,41.85,0.6,73.0
2022-05-06,1598,156353.0,6392515.0,41.2,41.25,40.6,41.25,-0.6,137.0
2022-05-09,1598,277534.0,11101378.0,41.1,41.1,39.7,39.9,-1.35,225.0
2022-05-10,1598,188430.0,7474456.0,39.65,40.55,38.6,39.95,0.05,131.0
2022-05-11,1598,236421.0,9463248.0,39.1,40.7,39.1,40.2,0.25,178.0
2022-05-12,1598,274909.0,10927708.0,39.65,40.3,39.3,39.8,-0.4,249.0
2022-05-13,1598,903785.0,38152864.0,40.1,43.75,40.1,42.0,2.2,740.0
2022-05-16,1598,191857.0,8017129.0,42.5,42.5,41.45,41.9,-0.1,158.0
2022-05-17,1598,182192.0,7642132.0,40.65,42.25,40.65,42.1,0.2,159.0
2022-05-18,1598,164775.0,6954547.0,42.0,42.35,42.0,42.25,0.15,134.0
2022-05-19,1598,204211.0,8599742.0,41.9,42.95,41.35,42.25,0.0,136.0
2022-05-20,1598,99060.0,4205197.0,42.55,42.65,42.15,42.55,0.3,92.0
2022-05-23,1598,79303.0,3378247.0,42.65,43.0,42.25,42.55,0.0,75.0
2022-05-24,1598,135150.0,5719147.0,42.9,42.9,41.85,42.35,-0.2,120.0
2022-05-25,1598,176165.0,7450086.0,42.95,42.95,41.95,42.65,0.3,147.0
2022-05-26,1598,202629.0,8652482.0,42.75,43.45,42.2,42.8,0.15,163.0
2022-05-27,1598,216399.0,9323881.0,42.9,43.4,42.8,43.2,0.4,188.0
2022-05-30,1598,122399.0,5321671.0,43.75,43.75,43.3,43.55,0.35,114.0
2022-05-31,1598,108269.0,4741877.0,43.6,44.1,43.5,43.8,0.25,98.0
2022-06-01,1598,307554.0,13690675.0,43.8,45.0,43.75,44.85,1.05,304.0
2022-06-02,1598,130783.0,5877293.0,44.85,45.3,44.6,44.95,0.1,158.0
2022-06-06,1598,151866.0,6886306.0,45.2,45.75,44.8,45.3,0.35,151.0
2022-06-07,1598,94374.0,4274656.0,45.5,45.6,45.0,45.3,0.0,82.0
2022-06-08,1598,91807.0,4178217.0,45.8,45.8,45.3,45.4,0.1,98.0
2022-06-09,1598,92086.0,4198565.0,45.4,45.8,45.4,45.55,0.15,86.0
2022-06-10,1598,131635.0,5876857.0,45.3,45.3,44.1,44.4,-1.15,153.0
2022-06-13,1598,154258.0,6634948.0,43.6,43.6,42.5,42.7,-1.7,189.0
2022-06-14,1598,151881.0,6341972.0,42.65,42.65,41.35,42.0,-0.7,133.0
2022-06-15,1598,73476.0,3072262.0,42.1,42.5,41.5,41.55,-0.45,77.0
2022-06-16,1598,150356.0,6269760.0,41.8,42.3,41.55,41.55,0.0,107.0
2022-06-17,1598,203160.0,8395841.0,41.0,41.8,40.8,41.3,-0.25,129.0
2022-06-20,1598,449970.0,17992717.0,41.5,41.5,39.3,39.3,-2.0,274.0
2022-06-21,1598,340179.0,13621698.0,39.9,40.65,39.35,39.35,0.05,270.0
2022-06-22,1598,427837.0,16499734.0,39.45,40.0,38.0,38.0,-1.35,364.0
2022-06-23,1598,265091.0,10109357.0,38.35,39.0,37.3,37.5,-0.5,214.0
2022-06-24,1598,690109.0,26613756.0,37.5,39.2,37.4,37.8,0.3,364.0
2022-06-27,1598,728362.0,27800186.0,36.45,38.8,36.2,38.8,0.0,527.0
2022-06-28,1598,975893.0,38975614.0,40.7,41.15,39.0,39.2,0.4,742.0
2022-06-29,1598,288188.0,11295929.0,38.5,39.6,38.5,39.25,0.05,252.0
2022-06-30,1598,447896.0,17633228.0,38.7,39.95,38.7,39.3,0.05,376.0
2022-07-01,1598,1454610.0,59661303.0,40.0,42.15,39.7,40.45,1.15,1244.0
2022-07-04,1598,1183352.0,48166321.0,40.5,41.8,39.6,40.85,0.4,892.0
2022-07-05,1598,1129303.0,47579294.0,40.85,43.0,40.85,42.1,1.25,858.0
2022-07-06,1598,736902.0,31124001.0,42.5,43.0,41.8,42.0,-0.1,602.0
2022-07-07,1598,731491.0,29495432.0,41.15,41.75,39.8,39.95,-2.05,628.0
2022-07-08,1598,551481.0,21997266.0,39.85,40.7,39.5,39.95,0.0,418.0
2022-07-11,1598,382050.0,15348149.0,39.8,40.65,39.55,40.65,0.7,325.0
2022-07-12,1598,622738.0,23563823.0,40.05,40.1,36.8,37.15,-3.5,584.0
2022-07-13,1598,302222.0,11432264.0,38.7,38.75,37.3,37.9,0.75,258.0
2022-07-14,1598,187556.0,7114847.0,37.2,38.35,37.2,38.2,0.3,159.0
2022-07-15,1598,180000.0,6806050.0,37.65,38.2,37.6,37.85,-0.35,142.0
2022-07-18,1598,351798.0,13803951.0,37.85,39.9,37.85,39.25,1.4,326.0
2022-07-19,1598,92239.0,3610951.0,38.6,39.45,38.6,39.3,0.05,94.0
2022-07-20,1598,262814.0,10244689.0,40.4,40.4,38.5,38.6,-0.7,274.0
2022-07-21,1598,360274.0,14294713.0,39.0,40.4,38.75,40.0,1.4,295.0
2022-07-22,1598,313607.0,12533840.0,40.0,41.8,39.35,39.6,-0.4,273.0
2022-07-25,1598,56127.0,2230201.0,39.45,40.0,39.45,39.7,0.1,50.0
2022-07-26,1598,120116.0,4757666.0,40.4,40.4,39.1,39.2,-0.5,83.0
2022-07-27,1598,55918.0,2175371.0,39.2,39.25,38.6,39.2,0.0,79.0
2022-07-28,1598,136558.0,5286554.0,39.8,39.8,38.35,38.35,-0.85,148.0
2022-07-29,1598,89688.0,3441970.0,38.4,38.8,38.15,38.3,-0.05,137.0
2022-08-01,1598,44317.0,1701628.0,38.35,38.5,38.3,38.4,0.1,38.0
2022-08-02,1598,141183.0,5314676.0,38.4,38.4,37.4,37.65,-0.75,122.0
2022-08-03,1598,74586.0,2796723.0,37.65,37.8,37.2,37.75,0.1,71.0
2022-08-04,1598,169000.0,6267350.0,38.4,38.4,36.7,37.5,-0.25,127.0
2022-08-05,1598,93060.0,3523065.0,37.9,38.1,37.65,37.95,0.45,66.0
2022-08-08,1598,74314.0,2823845.0,38.05,38.35,37.6,38.15,0.2,71.0
2022-08-09,1598,59258.0,2281028.0,38.15,38.8,38.15,38.7,0.55,51.0
2022-08-10,1598,111299.0,4338535.0,38.7,39.45,38.65,39.1,0.4,94.0
2022-08-11,1598,75658.0,2939475.0,38.45,39.35,38.45,38.8,-0.3,101.0
2022-08-12,1598,162416.0,6408208.0,38.5,40.5,38.5,39.8,1.0,142.0
2022-08-15,1598,260628.0,10393554.0,39.5,40.2,39.5,40.05,0.25,181.0
2022-08-16,1598,92144.0,3668597.0,39.55,40.1,39.55,39.9,-0.15,92.0
2022-08-17,1598,566963.0,23303718.0,40.0,41.75,40.0,41.4,1.5,453.0
2022-08-18,1598,202190.0,8292270.0,41.45,41.8,40.7,41.0,-0.4,169.0
2022-08-19,1598,165874.0,6721899.0,41.1,41.1,40.0,40.25,-0.75,214.0
2022-08-22,1598,423793.0,17579935.0,40.0,42.3,40.0,41.95,1.7,298.0
2022-08-23,1598,135007.0,5589331.0,42.2,42.2,41.15,41.15,-0.8,278.0
2022-08-24,1598,484249.0,19872029.0,42.0,42.0,40.7,41.4,0.25,130.0
2022-08-25,1598,1984840.0,87959767.0,41.95,45.4,41.9,44.6,3.2,1242.0
2022-08-26,1598,609754.0,26833417.0,44.45,44.85,43.65,43.85,-0.75,524.0
2022-08-29,1598,311435.0,13182657.0,43.0,43.0,42.0,42.15,-1.7,266.0
2022-08-30,1598,243788.0,10339602.0,42.1,42.85,42.05,42.8,0.65,173.0
2022-08-31,1598,315860.0,13774041.0,43.0,43.95,42.85,43.5,0.7,273.0
2022-09-01,1598,240581.0,10294499.0,43.5,43.55,42.35,43.0,-0.5,225.0
2022-09-02,1598,342479.0,15021934.0,44.1,44.5,43.15,43.8,0.8,288.0
2022-09-05,1598,276897.0,12016756.0,44.25,44.25,42.5,42.5,-1.3,267.0
2022-09-06,1598,285139.0,11702499.0,42.55,42.7,40.0,40.35,-2.15,420.0
2022-09-07,1598,204107.0,8042526.0,40.1,40.1,39.1,39.5,-0.85,199.0
2022-09-08,1598,516894.0,21173822.0,39.8,41.85,39.25,41.65,2.15,438.0
2022-09-12,1598,513418.0,21946991.0,41.8,43.45,41.25,42.9,1.25,425.0
2022-09-13,1598,1152211.0,51326498.0,43.05,45.4,43.05,44.2,1.3,871.0
2022-09-14,1598,295787.0,12828201.0,43.2,43.85,42.95,43.5,-0.7,279.0
2022-09-15,1598,318404.0,13808184.0,43.7,44.5,42.8,42.8,-0.7,309.0
2022-09-16,1598,342970.0,14366023.0,42.75,42.75,41.3,41.3,-1.5,434.0
2022-09-19,1598,172964.0,7069803.0,42.25,42.25,40.6,40.8,-0.5,171.0
2022-09-20,1598,119507.0,4894187.0,41.0,41.1,40.6,41.0,0.2,97.0
2022-09-21,1598,162109.0,6618771.0,41.0,41.3,40.6,40.6,-0.4,133.0
2022-09-22,1598,194184.0,7868997.0,40.25,41.0,40.15,40.9,0.3,134.0
2022-09-23,1598,253527.0,10333448.0,40.9,41.95,40.1,40.3,-0.6,216.0
2022-09-26,1598,517785.0,20149745.0,40.3,40.45,37.85,38.05,-2.25,378.0
2022-09-27,1598,263035.0,9867062.0,38.15,38.15,37.1,38.0,-0.05,197.0
2022-09-28,1598,393515.0,14667710.0,39.0,39.0,36.85,37.05,-0.95,312.0
2022-09-29,1598,182178.0,6911401.0,38.5,38.5,37.2,38.45,1.4,160.0
2022-09-30,1598,258466.0,9976910.0,37.7,39.65,37.55,39.55,1.1,176.0
2022-10-03,1598,171135.0,6798033.0,39.55,40.1,39.2,39.75,0.2,127.0
2022-10-04,1598,237554.0,9439686.0,40.5,40.5,39.4,39.4,-0.35,234.0
2022-10-05,1598,242097.0,9556691.0,39.95,40.3,39.0,39.75,0.35,305.0
2022-10-06,1598,91026.0,3599126.0,40.1,40.1,39.25,39.3,-0.45,83.0
2022-10-07,1598,34048.0,1335793.0,38.95,39.55,38.95,39.2,-0.1,37.0
2022-10-11,1598,172526.0,6568520.0,38.6,38.7,37.7,37.8,-1.4,139.0
2022-10-12,1598,101580.0,3857845.0,37.8,38.65,37.35,38.5,0.7,78.0
2022-10-13,1598,190803.0,7095689.0,38.7,38.7,36.6,36.6,-1.9,240.0
2022-10-14,1598,52201.0,1950724.0,36.85,38.1,36.85,37.3,0.7,53.0
2022-10-17,1598,68587.0,2498987.0,37.4,37.4,35.8,36.8,-0.5,69.0
2022-10-18,1598,40860.0,1514159.0,36.8,37.4,36.7,37.25,0.45,41.0
2022-10-19,1598,63155.0,2363139.0,37.25,37.7,37.25,37.35,0.1,57.0
2022-10-20,1598,149400.0,5447615.0,37.1,37.1,36.2,36.5,-0.85,132.0
2022-10-21,1598,148934.0,5372799.0,36.45,36.5,35.85,35.85,-0.65,126.0
2022-10-24,1598,71013.0,2569270.0,36.25,36.55,36.0,36.0,0.15,60.0
2022-10-25,1598,274743.0,9653539.0,36.65,36.65,34.3,34.75,-1.25,243.0
2022-10-26,1598,84743.0,2956575.0,34.85,35.7,34.7,34.95,0.2,99.0
2022-10-27,1598,166085.0,5967076.0,35.3,36.25,35.2,36.2,1.25,136.0
2022-10-28,1598,49448.0,1766920.0,36.55,36.55,35.2,35.5,-0.7,103.0
2022-10-31,1598,57032.0,2039197.0,35.55,36.2,35.55,35.65,0.15,45.0
2022-11-01,1598,72300.0,2617002.0,36.2,36.45,35.75,36.1,0.45,66.0
2022-11-02,1598,80338.0,2924595.0,36.4,36.65,36.05,36.6,0.5,77.0
2022-11-03,1598,78073.0,2821784.0,36.55,36.55,36.05,36.2,-0.4,69.0
2022-11-04,1598,43555.0,1574188.0,36.2,36.4,36.0,36.4,0.2,80.0
2022-11-07,1598,91739.0,3344488.0,36.4,36.75,35.85,36.75,0.35,98.0
2022-11-08,1598,142610.0,5323437.0,36.9,37.75,36.6,37.35,0.6,127.0
2022-11-09,1598,101249.0,3798958.0,37.95,37.95,37.3,37.55,0.2,118.0
2022-11-10,1598,70319.0,2603210.0,37.85,37.85,36.85,37.0,-0.55,97.0
2022-11-11,1598,103461.0,3838907.0,37.55,37.75,36.9,36.9,-0.1,150.0
2022-11-14,1598,351526.0,13498751.0,37.25,39.4,37.25,39.1,2.2,396.0
2022-11-15,1598,92067.0,3558731.0,39.3,39.3,38.15,39.0,-0.1,186.0
2022-11-16,1598,101332.0,3890482.0,39.25,39.25,38.15,38.15,-0.85,122.0
2022-11-17,1598,382845.0,15207011.0,38.8,40.35,38.4,39.55,1.4,332.0
2022-11-18,1598,283581.0,11305004.0,39.55,40.45,39.45,39.55,0.0,239.0
2022-11-21,1598,270948.0,10852553.0,39.65,40.6,39.0,39.65,0.1,361.0
2022-11-22,1598,108380.0,4264071.0,39.7,40.0,39.0,39.2,-0.45,102.0
2022-11-23,1598,59055.0,2310410.0,40.1,40.1,38.9,39.2,0.0,65.0
2022-11-24,1598,77081.0,3027922.0,39.8,39.8,39.0,39.2,0.0,66.0
2022-11-25,1598,111364.0,4298823.0,39.2,39.2,38.2,38.5,-0.7,100.0
2022-11-28,1598,47183.0,1809899.0,38.5,38.7,38.1,38.65,0.15,32.0
2022-11-29,1598,466731.0,18707393.0,39.5,41.2,39.4,40.1,1.45,340.0
2022-11-30,1598,197290.0,7864700.0,40.1,40.3,39.7,39.9,-0.2,131.0
2022-12-01,1598,181160.0,7255753.0,40.8,40.9,39.7,39.8,-0.1,270.0
2022-12-02,1598,293706.0,11902501.0,40.15,41.0,40.0,40.85,1.05,248.0
2022-12-05,1598,1222411.0,53114411.0,41.0,44.6,41.0,44.2,3.35,953.0
2022-12-06,1598,1275280.0,56061971.0,44.55,45.0,42.5,42.6,-1.6,1058.0
2022-12-07,1598,1757250.0,77572219.0,43.0,45.2,43.0,43.2,0.6,1331.0
2022-12-08,1598,702404.0,30694056.0,43.9,44.5,42.8,43.7,0.5,690.0
2022-12-09,1598,1210518.0,53969602.0,44.75,45.75,43.5,43.6,-0.1,1040.0
2022-12-12,1598,376404.0,16237740.0,44.0,44.0,42.5,42.8,-0.8,313.0
2022-12-13,1598,903542.0,39679305.0,43.45,45.3,42.6,44.0,1.2,638.0
2022-12-14,1598,544138.0,23896322.0,44.05,44.6,43.3,43.9,-0.1,376.0
2022-12-15,1598,421538.0,18678692.0,44.0,44.8,44.0,44.0,0.1,300.0
2022-12-16,1598,299422.0,13067046.0,43.8,44.7,43.2,43.2,-0.8,273.0
2022-12-19,1598,502354.0,22155248.0,43.2,44.9,43.1,43.85,0.65,384.0
2022-12-20,1598,469261.0,20145227.0,44.1,44.4,42.0,42.0,-1.85,365.0
2022-12-21,1598,368979.0,15882534.0,42.15,43.9,42.0,43.1,1.1,270.0
2022-12-22,1598,238594.0,10407443.0,43.85,44.0,43.15,43.3,0.2,180.0
2022-12-23,1598,148001.0,6383442.0,43.25,43.6,42.6,43.0,-0.3,122.0
2022-12-26,1598,625070.0,27539778.0,43.3,44.95,43.2,43.2,0.2,483.0
2022-12-27,1598,205846.0,8876805.0,43.55,43.55,42.5,42.65,-0.55,173.0
2022-12-28,1598,476315.0,19686860.0,42.65,42.65,40.6,40.7,-1.95,409.0
2022-12-29,1598,171849.0,6976628.0,40.45,41.3,40.0,41.1,0.4,146.0
2022-12-30,1598,78155.0,3199005.0,41.65,41.65,40.6,40.7,-0.4,99.0
2023-01-03,1598,120100.0,4843850.0,40.7,41.05,39.85,41.05,0.35,88.0
2023-01-04,1598,63510.0,2605704.0,41.0,41.3,40.7,41.3,0.25,77.0
2023-01-05,1598,136270.0,5695800.0,41.45,42.2,41.4,41.45,0.15,126.0
2023-01-06,1598,62138.0,2565522.0,41.95,41.95,41.1,41.15,-0.3,54.0
2023-01-09,1598,120079.0,4962323.0,41.15,41.7,40.9,41.25,0.1,106.0
2023-01-10,1598,181205.0,7450913.0,41.0,41.75,40.75,41.25,0.0,163.0
2023-01-11,1598,75421.0,3086055.0,41.2,41.2,40.65,41.1,-0.15,73.0
2023-01-12,1598,134457.0,5567616.0,41.05,41.65,41.05,41.45,0.35,119.0
2023-01-13,1598,116576.0,4863424.0,41.7,42.2,41.45,41.75,0.3,127.0
2023-01-16,1598,65326.0,2707956.0,41.75,41.75,41.3,41.4,-0.35,78.0
2023-01-17,1598,88565.0,3666241.0,41.4,41.75,41.15,41.45,0.05,94.0
2023-01-30,1598,179724.0,7506355.0,41.6,42.25,41.2,42.0,0.55,176.0
2023-01-31,1598,246475.0,10495912.0,42.0,42.9,42.0,42.85,0.85,206.0
2023-02-01,1598,151674.0,6493575.0,43.1,43.1,42.55,43.0,0.15,149.0
2023-02-02,1598,446747.0,19556671.0,43.1,44.25,43.1,44.05,1.05,312.0
2023-02-03,1598,487062.0,21627198.0,44.0,44.85,43.5,44.65,0.6,437.0
2023-02-06,1598,381898.0,17110425.0,44.65,45.3,44.3,44.8,0.15,273.0
2023-02-07,1598,259351.0,11605884.0,45.0,45.3,44.25,44.55,-0.25,321.0
2023-02-08,1598,384953.0,17218274.0,44.8,45.2,44.05,44.95,0.4,268.0
2023-02-09,1598,624443.0,28431361.0,44.8,45.95,44.8,45.95,1.0,473.0
2023-02-10,1598,2118594.0,101511744.0,46.0,48.55,46.0,48.0,2.05,1714.0
2023-02-13,1598,2651998.0,131257030.0,49.0,50.8,48.35,49.4,1.4,1918.0
2023-02-14,1598,1919833.0,96957704.0,49.4,51.5,49.4,50.5,1.1,1456.0
2023-02-15,1598,1618301.0,81453847.0,50.7,51.6,48.7,50.4,-0.1,1239.0
2023-02-16,1598,768072.0,39046573.0,50.4,51.1,50.4,51.0,0.6,561.0
2023-02-17,1598,1132094.0,58608211.0,51.0,52.8,50.8,51.6,0.6,930.0
2023-02-20,1598,1424098.0,70472837.0,51.5,51.5,48.8,49.1,-2.5,1096.0
2023-02-21,1598,811724.0,39860125.0,49.25,49.7,48.85,49.1,0.0,488.0
2023-02-22,1598,498122.0,24478794.0,48.95,49.6,48.05,49.5,0.4,448.0
2023-02-23,1598,582094.0,28406355.0,49.65,49.85,48.3,48.7,-0.8,484.0
2023-02-24,1598,449841.0,21492726.0,49.05,49.05,47.25,47.55,-1.15,443.0
2023-03-01,1598,375574.0,18298366.0,47.8,49.15,47.7,48.8,1.25,337.0
2023-03-02,1598,311191.0,15269345.0,49.0,49.4,48.85,48.85,0.05,228.0
2023-03-03,1598,220289.0,10750054.0,49.2,49.3,48.55,48.65,-0.2,231.0
2023-03-06,1598,345943.0,17025424.0,49.0,49.8,48.45,49.8,1.15,292.0
2023-03-07,1598,561776.0,28079543.0,49.8,50.4,49.5,50.0,0.2,435.0
2023-03-08,1598,812734.0,41069412.0,50.0,51.6,49.2,51.4,1.4,631.0
2023-03-09,1598,724261.0,36253976.0,51.6,51.6,49.15,49.5,-1.9,713.0
2023-03-10,1598,729016.0,34913108.0,49.5,49.5,47.0,47.05,-2.45,628.0
2023-03-13,1598,494962.0,22702757.0,46.5,46.65,45.1,46.35,-0.7,459.0
2023-03-14,1598,381750.0,17786894.0,46.4,47.25,45.8,46.45,0.1,271.0
2023-03-15,1598,220752.0,10408554.0,46.7,47.75,46.6,47.0,0.55,166.0
2023-03-16,1598,320106.0,14674568.0,46.75,46.75,45.45,45.85,-1.15,279.0
2023-03-17,1598,266000.0,12400700.0,46.1,47.0,46.1,46.8,0.95,156.0
2023-03-20,1598,136772.0,6371052.0,46.6,46.9,46.1,46.8,0.0,106.0
2023-03-21,1598,239792.0,11122100.0,47.35,47.35,46.05,46.25,-0.55,160.0
2023-03-22,1598,91161.0,4230200.0,46.95,46.95,46.2,46.3,0.05,82.0
2023-03-23,1598,614875.0,28018620.0,46.05,46.15,45.15,45.55,-0.75,379.0
2023-03-24,1598,345887.0,15871080.0,45.6,46.2,45.25,46.1,0.55,231.0
2023-03-27,1598,228320.0,10606522.0,46.2,46.8,46.0,46.8,0.7,212.0
2023-03-28,1598,482137.0,22165372.0,46.8,47.25,45.5,45.55,-1.25,339.0
2023-03-29,1598,454810.0,20529201.0,45.65,46.6,44.4,44.65,-0.9,367.0
2023-03-30,1598,179092.0,8018272.0,45.15,45.15,44.4,44.95,0.3,145.0
2023-03-31,1598,119197.0,5351545.0,45.1,45.25,44.75,44.9,-0.05,111.0
2023-04-06,1598,214373.0,9498773.0,44.5,44.6,44.05,44.2,-0.7,216.0
2023-04-07,1598,291564.0,12773075.0,44.2,44.2,43.55,43.9,-0.3,213.0
2023-04-10,1598,349202.0,15098057.0,43.55,43.55,43.0,43.2,-0.7,252.0
2023-04-11,1598,252463.0,11103354.0,43.5,44.4,43.4,44.4,1.2,219.0
2023-04-12,1598,187909.0,8321782.0,44.3,44.7,43.9,44.6,0.2,158.0
2023-04-13,1598,155843.0,6895189.0,44.4,44.6,44.1,44.2,-0.4,130.0
2023-04-14,1598,216497.0,9674237.0,44.0,45.0,44.0,44.8,0.6,165.0
2023-04-17,1598,232773.0,10561615.0,45.0,45.7,44.9,45.2,0.4,208.0
2023-04-18,1598,285148.0,12683124.0,45.2,45.25,44.1,44.1,-1.1,229.0
2023-04-19,1598,146681.0,6496433.0,44.2,44.5,44.1,44.1,0.0,118.0
2023-04-20,1598,287813.0,12501695.0,44.5,44.5,43.15,43.15,-0.95,229.0
2023-04-21,1598,257919.0,11006529.0,43.05,43.45,42.2,42.3,-0.85,225.0
2023-04-24,1598,106420.0,4530952.0,42.25,43.1,41.95,42.9,0.6,92.0
2023-04-25,1598,252163.0,10474676.0,42.95,42.95,41.0,41.15,-1.75,219.0
2023-04-26,1598,148417.0,6109424.0,40.85,41.8,40.7,41.5,0.35,118.0
2023-04-27,1598,55070.0,2297532.0,41.6,41.95,41.5,41.7,0.2,52.0
2023-04-28,1598,98713.0,4150615.0,42.0,42.65,41.55,42.5,0.8,91.0
2023-05-02,1598,84389.0,3608145.0,42.2,42.95,42.2,42.95,0.45,59.0
2023-05-03,1598,85206.0,3616239.0,42.6,42.6,42.25,42.25,-0.7,76.0
2023-05-04,1598,109170.0,4562685.0,42.25,42.3,41.55,41.8,-0.45,105.0
2023-05-05,1598,100171.0,4184711.0,41.8,42.05,41.55,41.85,0.05,94.0
2023-05-08,1598,122374.0,5077322.0,41.65,41.75,41.4,41.4,-0.45,136.0
2023-05-09,1598,258532.0,10489776.0,41.4,41.7,40.05,40.15,-1.25,250.0
2023-05-10,1598,1217428.0,49755115.0,39.6,42.45,39.5,42.2,2.05,531.0
2023-05-11,1598,442466.0,17982620.0,41.85,41.95,40.05,40.05,-2.15,450.0
2023-05-12,1598,190240.0,7717169.0,39.9,41.1,39.8,40.35,0.3,169.0
2023-05-15,1598,107005.0,4319450.0,40.35,40.65,40.05,40.5,0.15,75.0
2023-05-16,1598,826098.0,33816172.0,40.15,41.75,40.1,40.8,0.3,329.0
2023-05-17,1598,310423.0,12746115.0,40.7,41.4,40.7,41.1,0.3,280.0
2023-05-18,1598,486167.0,20455911.0,41.15,42.8,41.15,42.25,1.15,407.0
2023-05-19,1598,392532.0,16370841.0,42.15,42.5,41.2,41.2,-1.05,358.0
2023-05-22,1598,360764.0,15085818.0,41.7,42.05,41.55,41.95,0.75,212.0
2023-05-23,1598,316855.0,13316548.0,41.9,42.4,41.85,42.0,0.05,219.0
2023-05-24,1598,387449.0,16182873.0,42.2,42.2,41.5,41.6,-0.4,326.0
2023-05-25,1598,575096.0,23525004.0,41.6,41.6,40.55,40.6,-1.0,478.0
2023-05-26,1598,551623.0,22011590.0,40.0,40.1,39.65,39.9,0.0,323.0
2023-05-29,1598,227619.0,9201278.0,40.1,40.8,40.1,40.45,0.55,180.0
2023-05-30,1598,321404.0,12814366.0,40.15,40.5,39.65,39.9,-0.55,281.0
2023-05-31,1598,185189.0,7391656.0,40.0,40.2,39.65,40.0,0.1,182.0
2023-06-01,1598,313710.0,12717060.0,40.0,41.2,40.0,40.2,0.2,220.0
2023-06-02,1598,183975.0,7458760.0,40.25,40.9,40.25,40.7,0.5,151.0
2023-06-05,1598,192549.0,7757989.0,40.7,41.0,40.0,40.25,-0.45,167.0
2023-06-06,1598,406041.0,16354604.0,40.35,40.7,39.85,40.7,0.45,319.0
2023-06-07,1598,497261.0,20141413.0,40.75,40.9,40.0,40.8,0.1,496.0
2023-06-08,1598,803889.0,33161995.0,40.85,41.9,40.75,40.8,0.0,813.0
2023-06-09,1598,479758.0,19337973.0,40.8,40.9,39.9,40.3,-0.5,596.0
2023-06-12,1598,521395.0,20981513.0,40.55,40.85,39.9,39.95,-0.35,492.0
2023-06-13,1598,376331.0,15097438.0,40.0,40.5,39.8,40.2,0.25,282.0
2023-06-14,1598,374028.0,14943627.0,40.3,40.3,39.8,39.85,-0.35,300.0
2023-06-15,1598,705835.0,27619385.0,39.85,39.9,38.5,39.1,-0.75,595.0
2023-06-16,1598,257799.0,10079991.0,39.2,39.35,38.6,39.2,0.1,236.0
2023-06-19,1598,164491.0,6396024.0,38.9,39.15,38.7,38.9,-0.3,241.0
2023-06-20,1598,202083.0,7848178.0,39.0,39.05,38.65,38.85,-0.05,162.0
2023-06-21,1598,615843.0,23733942.0,38.9,38.9,38.2,38.25,-0.6,398.0
2023-06-26,1598,2798508.0,102047171.0,37.0,37.65,35.35,37.0,-1.25,2381.0
2023-06-27,1598,867936.0,32300511.0,37.0,37.7,36.6,37.0,0.0,972.0
2023-06-28,1598,1236788.0,47471058.0,37.15,39.3,37.05,39.0,2.0,1160.0
2023-06-29,1598,1058968.0,41689934.0,39.3,40.0,38.8,38.8,-0.2,1041.0
2023-06-30,1598,397063.0,15453072.0,39.0,39.15,38.45,39.05,0.25,373.0
2023-07-03,1598,443692.0,17279418.0,38.95,39.4,38.8,38.8,-0.25,476.0
2023-07-04,1598,675456.0,25785440.0,38.7,38.8,37.95,37.95,-0.85,575.0
2023-07-05,1598,510526.0,19766912.0,38.05,39.1,37.95,38.85,0.9,407.0
2023-07-06,1598,688445.0,26946007.0,38.85,39.45,38.7,39.25,0.4,491.0
2023-07-07,1598,658181.0,25726977.0,39.25,39.7,38.45,39.5,0.25,679.0
2023-07-10,1598,557927.0,21722825.0,39.45,39.45,38.6,38.85,-0.65,428.0
2023-07-11,1598,367106.0,14359919.0,39.0,39.6,38.75,38.85,0.0,288.0
2023-07-12,1598,440254.0,16940331.0,39.0,39.05,38.3,38.3,-0.55,380.0
2023-07-13,1598,499728.0,19002360.0,38.3,38.3,37.6,37.95,-0.35,372.0
2023-07-14,1598,266079.0,10263637.0,38.0,38.8,38.0,38.45,0.5,244.0
2023-07-17,1598,378775.0,14361445.0,38.45,38.45,37.8,37.8,-0.65,453.0
2023-07-18,1598,903068.0,33200246.0,37.8,37.8,36.3,36.75,-1.05,728.0
2023-07-19,1598,392285.0,14731357.0,36.8,37.9,36.8,37.5,0.75,322.0
2023-07-20,1598,118893.0,4469848.0,37.35,37.95,37.35,37.55,0.05,149.0
2023-07-21,1598,348861.0,12955514.0,37.6,37.6,36.85,36.95,-0.6,304.0
2023-07-24,1598,444876.0,16148365.0,37.1,37.1,36.05,36.15,-0.8,456.0
2023-07-25,1598,214716.0,7760350.0,36.4,36.4,35.95,36.1,-0.05,176.0
2023-07-26,1598,332793.0,11942364.0,36.2,36.2,35.75,35.75,-0.35,286.0
2023-07-27,1598,254131.0,9312702.0,35.85,36.95,35.85,36.85,1.1,201.0
2023-07-28,1598,172746.0,6313096.0,36.85,36.85,36.3,36.35,-0.5,156.0
2023-07-31,1598,159900.0,5812464.0,36.7,36.7,36.1,36.15,-0.2,155.0
2023-08-01,1598,124052.0,4487457.0,36.25,36.45,36.0,36.15,0.0,155.0
2023-08-02,1598,597431.0,21297114.0,36.05,36.3,35.35,35.4,-0.75,512.0
2023-08-04,1598,3302872.0,105874007.0,31.9,33.0,31.9,32.7,-2.7,1853.0
2023-08-07,1598,649234.0,21314494.0,32.2,33.8,32.15,33.65,0.95,519.0
2023-08-08,1598,474074.0,15561616.0,33.75,33.75,32.5,32.7,-0.95,376.0
2023-08-09,1598,260664.0,8441698.0,32.75,32.9,32.1,32.55,-0.15,285.0
2023-08-10,1598,370404.0,11864359.0,32.8,32.8,31.8,32.3,-0.25,306.0
2023-08-11,1598,205131.0,6586272.0,32.0,32.45,31.9,32.1,-0.2,156.0
2023-08-14,1598,1347350.0,41590190.0,32.1,32.25,30.25,30.8,-1.3,598.0
2023-08-15,1598,209710.0,6701203.0,30.85,32.4,30.85,32.1,1.3,188.0
2023-08-16,1598,185307.0,5878330.0,32.1,32.1,31.15,31.85,-0.25,141.0
2023-08-17,1598,124972.0,3997845.0,31.85,32.35,31.5,31.95,0.1,121.0
2023-08-18,1598,121048.0,3869397.0,31.9,32.25,31.8,32.0,0.05,174.0
2023-08-21,1598,52261.0,1671261.0,32.0,32.1,31.9,32.0,0.0,103.0
2023-08-22,1598,120131.0,3809688.0,32.0,32.0,31.55,31.6,-0.4,104.0
2023-08-23,1598,134101.0,4248270.0,31.5,31.95,31.4,31.6,0.0,113.0
2023-08-24,1598,108050.0,3431733.0,31.6,32.1,31.6,31.65,0.05,78.0
2023-08-25,1598,103823.0,3279782.0,31.4,31.85,31.3,31.55,-0.1,117.0
2023-08-28,1598,186131.0,5871109.0,31.65,31.85,31.35,31.4,-0.15,100.0
2023-08-29,1598,180758.0,5627391.0,31.35,31.5,30.95,31.1,-0.3,152.0
2023-08-30,1598,240262.0,7648225.0,31.3,32.3,31.3,32.2,1.1,150.0
2023-08-31,1598,79637.0,2570690.0,32.2,32.55,32.1,32.2,0.0,71.0
2023-09-01,1598,71210.0,2313702.0,32.2,32.8,32.2,32.5,0.3,69.0
2023-09-04,1598,65654.0,2115554.0,32.35,32.5,31.9,32.35,-0.15,76.0
2023-09-05,1598,74306.0,2418581.0,32.55,32.8,32.35,32.6,0.25,77.0
2023-09-06,1598,80174.0,2594264.0,32.6,32.6,32.1,32.35,-0.25,74.0
2023-09-07,1598,57589.0,1854961.0,32.3,32.45,31.95,32.3,-0.05,52.0
2023-09-08,1598,177919.0,5820001.0,32.35,33.0,32.25,32.95,0.65,123.0
2023-09-11,1598,535735.0,18027484.0,32.95,34.5,32.95,33.75,0.8,462.0
2023-09-12,1598,905783.0,31499880.0,33.7,35.2,33.7,35.15,1.4,755.0
2023-09-13,1598,624363.0,22013489.0,35.2,35.75,34.7,35.0,-0.15,516.0
2023-09-14,1598,225757.0,7891932.0,34.55,35.25,34.55,35.0,0.0,279.0
2023-09-15,1598,164714.0,5755225.0,34.9,35.3,34.8,35.0,0.0,122.0
2023-09-18,1598,589230.0,21098474.0,34.75,36.25,34.75,36.15,1.15,547.0
2023-09-19,1598,271033.0,9751673.0,36.15,36.5,35.55,35.75,-0.4,356.0
2023-09-20,1598,218467.0,7739179.0,35.8,35.8,34.9,35.5,-0.25,191.0
2023-09-21,1598,226016.0,7904716.0,35.4,35.5,34.5,34.5,-1.0,249.0
2023-09-22,1598,211372.0,7208393.0,34.15,34.75,33.7,33.7,-0.8,253.0
2023-09-25,1598,149535.0,5157172.0,34.05,34.75,34.05,34.6,0.9,124.0
2023-09-26,1598,131943.0,4513510.0,34.8,34.8,34.05,34.2,-0.4,127.0
2023-09-27,1598,92346.0,3139581.0,34.05,34.2,33.8,34.2,0.0,93.0
2023-09-28,1598,157366.0,5366202.0,34.15,34.6,33.8,34.4,0.2,108.0
2023-10-02,1598,86652.0,2980851.0,34.4,34.5,34.2,34.5,0.1,95.0
2023-10-03,1598,155282.0,5289675.0,34.55,34.6,33.85,33.85,-0.65,280.0
2023-10-04,1598,217071.0,7240063.0,33.8,33.9,32.85,33.9,0.05,189.0
2023-10-05,1598,411704.0,14363234.0,34.1,35.3,33.9,34.9,1.0,309.0
2023-10-06,1598,152760.0,5273700.0,35.05,35.05,34.15,34.7,-0.2,201.0
2023-10-11,1598,185162.0,6307309.0,34.9,34.9,33.6,33.9,-0.8,246.0
2023-10-12,1598,101479.0,3445915.0,33.95,34.05,33.8,34.05,0.15,127.0
2023-10-13,1598,95313.0,3213212.0,34.05,34.1,33.6,33.6,-0.45,194.0
2023-10-16,1598,185441.0,6102326.0,33.45,33.45,32.6,32.7,-0.9,515.0
2023-10-17,1598,202120.0,6543077.0,32.75,32.9,32.0,32.0,-0.7,360.0
2023-10-18,1598,153368.0,4894352.0,32.0,32.1,31.7,31.7,-0.3,210.0
2023-10-19,1598,115049.0,3663496.0,31.75,32.05,31.15,31.95,0.25,163.0
2023-10-20,1598,147493.0,4719183.0,31.95,32.35,31.55,32.35,0.4,117.0
2023-10-23,1598,125209.0,4028501.0,32.0,32.45,32.0,32.15,-0.2,135.0
2023-10-24,1598,74783.0,2399030.0,32.4,32.4,31.9,32.15,0.0,108.0
2023-10-25,1598,1078260.0,37877322.0,32.15,32.5,32.1,32.2,0.05,66.0
2023-10-26,1598,75393.0,2414518.0,32.2,32.2,31.9,31.9,-0.3,76.0
2023-10-27,1598,97265.0,3118126.0,31.9,32.3,31.5,32.0,0.1,76.0
2023-10-30,1598,55288.0,1769823.0,32.05,32.2,31.95,31.95,-0.05,61.0
2023-10-31,1598,105678.0,3354013.0,32.0,32.1,31.5,31.6,-0.35,123.0
2023-11-01,1598,86746.0,2747543.0,31.85,31.95,31.55,31.6,0.0,105.0
2023-11-02,1598,522203.0,16994128.0,31.9,33.4,31.85,32.5,0.9,364.0
2023-11-03,1598,317803.0,10380474.0,32.85,33.1,32.15,32.3,-0.2,208.0
2023-11-06,1598,122019.0,3943892.0,32.3,32.55,32.05,32.35,0.05,95.0
2023-11-07,1598,168752.0,5460363.0,32.45,32.5,32.25,32.35,0.0,68.0
2023-11-08,1598,255703.0,8389492.0,32.3,33.2,32.3,32.55,0.2,194.0
2023-11-09,1598,206127.0,6671423.0,32.55,32.75,32.2,32.2,-0.35,118.0
2023-11-10,1598,41970.0,1350999.0,32.2,32.3,32.1,32.25,0.05,39.0
2023-11-13,1598,665902.0,22580915.0,32.9,34.85,32.35,34.35,2.1,596.0
2023-11-14,1598,1308416.0,48280297.0,34.5,34.5,33.55,34.2,-0.15,256.0
2023-11-15,1598,614172.0,21323454.0,34.4,35.05,34.4,34.5,0.3,629.0
2023-11-16,1598,273490.0,9418275.0,34.8,35.0,34.25,34.25,-0.25,403.0
2023-11-17,1598,893741.0,31502577.0,34.25,36.15,34.1,36.05,1.8,610.0
2023-11-20,1598,4379102.0,166655341.0,36.2,39.0,36.15,37.9,1.85,2993.0
2023-11-21,1598,1751746.0,65753538.0,38.0,38.2,37.05,37.5,-0.4,1540.0
2023-11-22,1598,1224296.0,44977411.0,37.5,37.5,36.35,36.55,-0.95,895.0
2023-11-23,1598,730681.0,26628190.0,36.7,37.25,36.0,36.2,-0.35,613.0
2023-11-24,1598,548330.0,19895439.0,36.4,36.9,35.9,35.9,-0.3,430.0
2023-11-27,1598,326099.0,11776217.0,35.95,36.45,35.85,35.85,-0.05,230.0
2023-11-28,1598,497391.0,18135583.0,36.2,36.85,36.2,36.2,0.35,321.0
2023-11-29,1598,298297.0,10816634.0,36.6,36.6,35.95,36.2,0.0,258.0
2023-11-30,1598,408101.0,14813191.0,36.25,36.6,36.0,36.3,0.1,345.0
2023-12-01,1598,582050.0,21380065.0,36.3,37.1,36.05,36.45,0.15,483.0
2023-12-04,1598,487311.0,17844944.0,36.45,37.05,36.05,36.9,0.45,393.0
2023-12-05,1598,338551.0,12478726.0,36.75,37.2,36.65,36.75,-0.15,320.0
2023-12-06,1598,452584.0,16381761.0,36.85,36.85,36.0,36.15,-0.6,422.0
2023-12-07,1598,356436.0,12960061.0,36.15,36.8,36.05,36.15,0.0,228.0
2023-12-08,1598,841104.0,31038998.0,36.85,37.85,36.15,36.45,0.3,579.0
2023-12-11,1598,452542.0,16672285.0,36.85,37.15,36.45,36.55,0.1,328.0
2023-12-12,1598,345824.0,12616835.0,36.65,36.95,36.25,36.25,-0.3,351.0
2023-12-13,1598,270322.0,9913513.0,36.4,36.9,36.35,36.65,0.4,237.0
2023-12-14,1598,511848.0,18543364.0,36.85,36.85,36.0,36.0,-0.65,422.0
2023-12-15,1598,470665.0,17188492.0,36.2,37.0,36.05,36.25,0.25,329.0
2023-12-18,1598,423673.0,15616215.0,36.45,37.25,36.45,36.55,0.3,313.0
2023-12-19,1598,239219.0,8689943.0,36.55,36.9,36.15,36.25,-0.3,202.0
2023-12-20,1598,129104.0,4683317.0,36.25,36.5,36.2,36.2,-0.05,117.0
2023-12-21,1598,469294.0,16820318.0,36.2,36.2,35.6,35.65,-0.55,316.0
2023-12-22,1598,483958.0,16932409.0,35.75,35.75,34.65,34.75,-0.9,470.0
2023-12-25,1598,129388.0,4519865.0,34.75,35.15,34.65,34.9,0.15,98.0
2023-12-26,1598,367376.0,12906911.0,34.9,35.55,34.85,35.45,0.55,243.0
2023-12-27,1598,181341.0,6447429.0,35.4,35.9,35.25,35.3,-0.15,226.0
2023-12-28,1598,104857.0,3680770.0,35.25,35.4,34.85,35.15,-0.15,142.0
2023-12-29,1598,142773.0,4977666.0,35.15,35.15,34.65,34.85,-0.3,225.0
2024-01-02,1598,96597.0,3363965.0,34.8,35.05,34.7,34.85,0.0,85.0
2024-01-03,1598,93993.0,3256879.0,34.7,34.8,34.5,34.6,-0.25,99.0
2024-01-04,1598,103597.0,3607055.0,34.65,34.95,34.65,34.8,0.2,120.0
2024-01-05,1598,176306.0,6185052.0,34.8,35.75,34.8,35.45,0.65,166.0
2024-01-08,1598,308140.0,11073886.0,35.5,36.2,35.45,35.8,0.35,244.0
2024-01-09,1598,178994.0,6324944.0,36.2,36.2,35.0,35.1,-0.7,212.0
2024-01-10,1598,312775.0,10750353.0,35.2,35.2,33.9,34.0,-1.1,439.0
2024-01-11,1598,164821.0,5600365.0,34.0,34.25,33.85,33.85,-0.15,132.0
2024-01-12,1598,744496.0,27181586.0,33.8,34.0,33.45,33.65,-0.2,152.0
2024-01-15,1598,81398.0,2758748.0,34.15,34.15,33.65,33.9,0.25,92.0
2024-01-16,1598,168951.0,5630103.0,33.55,33.7,33.1,33.1,-0.8,206.0
2024-01-17,1598,304990.0,9964706.0,32.55,33.1,32.5,32.7,-0.4,238.0
2024-01-18,1598,78870.0,2573204.0,32.75,33.1,32.4,32.45,-0.25,84.0
2024-01-19,1598,85636.0,2784739.0,32.45,32.75,32.1,32.6,0.15,82.0
2024-01-22,1598,108200.0,3549703.0,32.9,33.5,32.5,32.95,0.35,94.0
2024-01-23,1598,68134.0,2277062.0,32.95,33.6,32.95,33.5,0.55,68.0
2024-01-24,1598,64634.0,2168700.0,33.3,33.8,33.25,33.25,-0.25,90.0
2024-01-25,1598,42209.0,1402367.0,33.65,33.65,33.15,33.15,-0.1,50.0
2024-01-26,1598,79679.0,2629876.0,33.2,33.2,32.8,32.85,-0.3,85.0
2024-01-29,1598,81474.0,2696341.0,32.9,33.3,32.85,33.1,0.25,62.0
2024-01-30,1598,109473.0,3621875.0,33.7,33.7,32.85,32.85,-0.25,135.0
2024-01-31,1598,163351.0,5345783.0,32.85,33.0,32.5,32.6,-0.25,140.0
2024-02-01,1598,115436.0,3811710.0,32.65,33.2,32.65,32.95,0.35,101.0
2024-02-02,1598,93105.0,3091395.0,33.1,33.45,33.0,33.15,0.2,90.0
2024-02-05,1598,198385.0,6455541.0,33.15,33.15,32.3,32.3,-0.85,465.0
2024-02-15,1598,293045.0,9352135.0,32.25,32.25,31.6,32.0,-0.3,229.0
2024-02-16,1598,143152.0,4629334.0,32.0,32.75,32.0,32.7,0.7,127.0
2024-02-19,1598,199901.0,6610067.0,32.95,33.45,32.8,32.95,0.25,186.0
2024-02-20,1598,149634.0,4873008.0,33.05,33.05,32.35,32.45,-0.5,138.0
2024-02-21,1598,202410.0,6550948.0,32.65,32.75,32.0,32.05,-0.4,170.0
2024-02-22,1598,270094.0,8655103.0,32.15,32.2,31.9,31.95,-0.1,179.0
2024-02-23,1598,402899.0,12750443.0,32.25,32.3,31.1,31.35,-0.6,391.0
2024-02-26,1598,228170.0,7209825.0,31.4,31.85,31.4,31.55,0.2,135.0
2024-02-27,1598,470800.0,14682531.0,31.6,31.75,30.85,31.0,-0.55,302.0
2024-02-29,1598,672933.0,20800035.0,31.1,31.45,30.6,31.05,0.05,357.0
2024-03-01,1598,518300.0,16526555.0,31.45,32.3,31.25,31.85,0.8,326.0
2024-03-04,1598,486722.0,15200092.0,31.9,31.9,30.8,31.05,-0.8,437.0
2024-03-05,1598,629935.0,19309926.0,31.1,31.3,30.4,30.75,-0.3,347.0
2024-03-06,1598,260496.0,8101138.0,30.75,31.5,30.75,31.0,0.25,218.0
2024-03-07,1598,220714.0,6843699.0,30.8,31.3,30.75,31.1,0.1,186.0
2024-03-08,1598,269969.0,8303105.0,31.1,31.15,30.5,30.9,-0.2,225.0
2024-03-11,1598,389042.0,12329075.0,30.85,32.15,30.8,31.8,0.9,287.0
2024-03-12,1598,182757.0,5797581.0,32.0,32.0,31.5,31.85,0.05,128.0
2024-03-13,1598,217526.0,6824141.0,31.6,31.7,31.15,31.15,-0.7,162.0
2024-03-14,1598,162207.0,5026183.0,31.05,31.3,30.8,30.8,-0.35,135.0
2024-03-15,1598,282354.0,8610736.0,30.8,30.8,30.4,30.4,-0.4,250.0
2024-03-18,1598,207291.0,6277386.0,30.25,30.85,30.0,30.85,0.45,173.0
2024-03-19,1598,155892.0,4798386.0,30.7,31.2,30.55,30.6,-0.25,110.0
2024-03-20,1598,169648.0,5137084.0,30.6,30.6,30.2,30.2,-0.4,178.0
2024-03-21,1598,120229.0,3650163.0,30.35,30.5,30.2,30.5,0.3,123.0
2024-03-22,1598,121279.0,3725045.0,30.35,31.0,30.35,30.8,0.3,110.0
2024-03-25,1598,131600.0,4082823.0,30.8,31.15,30.8,30.95,0.15,110.0
2024-03-26,1598,179425.0,5532160.0,31.25,31.25,30.45,31.2,0.25,174.0
2024-03-27,1598,129440.0,3997916.0,31.15,31.25,30.5,30.85,-0.35,113.0
2024-03-28,1598,90582.0,2800781.0,31.05,31.05,30.65,30.9,0.05,66.0
2024-03-29,1598,64075.0,1972168.0,31.1,31.1,30.65,30.7,-0.2,69.0
2024-04-01,1598,151693.0,4683488.0,30.7,31.1,30.7,30.9,0.2,115.0
2024-04-02,1598,95888.0,2944879.0,30.9,30.9,30.6,30.65,-0.25,106.0
2024-04-03,1598,57465.0,1767504.0,30.75,31.0,30.6,30.9,0.25,53.0
2024-04-08,1598,86619.0,2667692.0,30.65,31.0,30.65,30.9,0.0,80.0
2024-04-09,1598,309358.0,9712212.0,31.2,31.6,31.0,31.6,0.7,218.0
2024-04-10,1598,249656.0,7851293.0,31.5,31.6,31.35,31.4,-0.2,269.0
2024-04-11,1598,140935.0,4361173.0,31.3,31.3,30.8,30.85,-0.55,137.0
2024-04-12,1598,130606.0,4016136.0,30.85,30.95,30.6,30.85,0.0,126.0
2024-04-15,1598,97073.0,3001984.0,30.7,31.1,30.7,30.95,0.1,85.0
2024-04-16,1598,244570.0,7480174.0,30.85,30.85,30.35,30.35,-0.6,212.0
2024-04-17,1598,206993.0,6311633.0,30.35,30.8,30.35,30.4,0.05,133.0
2024-04-18,1598,130552.0,4017292.0,30.2,31.0,30.2,30.8,0.4,153.0
2024-04-19,1598,347248.0,10488927.0,30.75,30.8,29.8,30.1,-0.7,330.0
2024-04-22,1598,209076.0,6369809.0,30.4,30.7,30.1,30.5,0.4,159.0
2024-04-23,1598,157629.0,4841783.0,30.55,30.8,30.5,30.75,0.25,142.0
2024-04-24,1598,582275.0,18091507.0,30.85,31.3,30.85,31.3,0.55,204.0
2024-04-25,1598,78364.0,2438163.0,31.3,31.3,31.0,31.0,-0.3,94.0
2024-04-26,1598,127447.0,3912064.0,31.3,31.3,30.6,30.6,-0.4,166.0
2024-04-29,1598,128853.0,3978192.0,30.6,31.0,30.6,30.85,0.25,119.0
2024-04-30,1598,73318.0,2257189.0,30.85,30.85,30.7,30.8,-0.05,91.0
2024-05-02,1598,163499.0,5094209.0,31.0,31.3,30.85,31.15,0.35,117.0
2024-05-03,1598,149500.0,4628217.0,31.15,31.2,30.8,31.0,-0.15,128.0
2024-05-06,1598,235351.0,7333396.0,31.05,31.45,30.8,31.1,0.1,159.0
2024-05-07,1598,102572.0,3185956.0,31.1,31.25,30.8,31.1,0.0,117.0
2024-05-08,1598,527034.0,16671761.0,31.1,32.15,31.0,32.15,1.05,363.0
2024-05-09,1598,421288.0,13513518.0,32.45,32.7,31.3,31.35,-0.8,387.0
2024-05-10,1598,84148.0,2638976.0,31.4,31.6,31.2,31.5,0.15,83.0
2024-05-13,1598,209113.0,6551614.0,31.5,31.6,30.95,31.15,-0.35,189.0
2024-05-14,1598,1014980.0,32886746.0,31.75,33.05,31.55,32.95,1.8,690.0
2024-05-15,1598,936666.0,30540132.0,33.3,33.3,31.9,32.95,0.0,718.0
2024-05-16,1598,1082448.0,36028409.0,33.05,33.5,33.0,33.3,0.35,642.0
2024-05-17,1598,785449.0,26095418.0,33.5,33.7,32.9,33.2,-0.1,818.0
2024-05-20,1598,401796.0,13031033.0,33.5,33.5,32.15,32.15,-1.05,487.0
2024-05-21,1598,281350.0,9004683.0,32.2,32.45,31.8,32.15,0.0,239.0
2024-05-22,1598,176455.0,5647932.0,32.45,32.45,31.8,31.85,-0.3,169.0
2024-05-23,1598,283356.0,8893979.0,31.7,31.7,31.15,31.15,-0.7,303.0
2024-05-24,1598,167859.0,5234959.0,31.15,31.65,30.85,31.3,0.15,147.0
2024-05-27,1598,257768.0,7990028.0,31.55,31.55,30.9,30.9,-0.4,221.0
2024-05-28,1598,120038.0,3742191.0,31.0,31.35,30.9,31.35,0.45,136.0
2024-05-29,1598,218067.0,6856443.0,31.5,31.85,31.25,31.85,0.5,152.0
2024-05-30,1598,224979.0,7129476.0,31.7,32.4,31.4,31.5,-0.35,179.0
2024-05-31,1598,132671.0,4184235.0,31.7,31.7,31.35,31.5,0.0,118.0
2024-06-03,1598,130142.0,4087047.0,31.8,31.8,31.25,31.4,-0.1,128.0
2024-06-04,1598,177477.0,5540028.0,31.6,31.6,31.05,31.2,-0.2,147.0
2024-06-05,1598,157748.0,4892161.0,31.2,31.5,30.9,30.9,-0.3,135.0
2024-06-06,1598,194943.0,6015641.0,30.9,31.05,30.65,30.85,-0.05,148.0
2024-06-07,1598,121043.0,3782596.0,30.9,31.45,30.9,31.45,0.6,114.0
2024-06-11,1598,178085.0,5537826.0,31.5,31.5,30.8,30.8,-0.65,153.0
2024-06-12,1598,180607.0,5534079.0,31.0,31.0,30.5,30.5,-0.3,169.0
2024-06-13,1598,291843.0,8908937.0,30.65,31.0,30.4,30.5,0.0,172.0
2024-06-14,1598,120597.0,3680992.0,30.45,30.65,30.4,30.4,-0.1,102.0
2024-06-17,1598,373295.0,11487155.0,30.55,31.2,30.4,30.95,0.55,218.0
2024-06-18,1598,146836.0,4529990.0,31.3,31.3,30.75,30.75,-0.2,222.0
2024-06-19,1598,283889.0,8687491.0,31.05,31.05,30.4,30.7,-0.05,233.0
2024-06-20,1598,413486.0,12893042.0,30.8,31.5,30.8,31.5,0.8,288.0
2024-06-21,1598,514268.0,16311739.0,31.5,32.2,31.2,32.2,0.7,366.0
2024-06-24,1598,260440.0,8258336.0,32.35,32.35,31.5,31.75,-0.45,305.0
2024-06-25,1598,230116.0,7217921.0,31.95,32.0,31.0,31.95,0.2,216.0
2024-06-26,1598,141017.0,4468165.0,31.95,32.0,31.5,31.5,-0.45,120.0
2024-06-27,1598,120266.0,3765535.0,31.4,31.5,31.1,31.3,-0.2,108.0
2024-06-28,1598,99072.0,3106283.0,31.15,31.65,31.15,31.25,-0.05,92.0
2024-07-01,1598,200189.0,6306341.0,31.25,32.2,31.15,31.6,0.35,159.0
2024-07-02,1598,159148.0,4956226.0,31.5,31.5,30.7,31.2,-0.4,206.0
2024-07-03,1598,144605.0,4523932.0,31.3,31.5,31.2,31.4,0.2,113.0
2024-07-04,1598,148317.0,4663196.0,31.5,31.6,31.2,31.55,0.15,138.0
2024-07-05,1598,427155.0,13645218.0,31.6,32.2,31.45,31.8,0.25,338.0
2024-07-08,1598,414828.0,13282476.0,32.0,32.25,31.65,32.15,0.35,339.0
2024-07-09,1598,1145698.0,37739285.0,32.3,33.8,32.0,32.65,0.5,919.0
2024-07-10,1598,469523.0,15358811.0,32.6,33.3,32.3,32.55,-0.1,387.0
2024-07-11,1598,537507.0,17540761.0,32.6,32.95,32.2,32.55,0.0,338.0
2024-07-12,1598,1373774.0,45227479.0,32.75,32.95,32.4,32.8,0.25,296.0
2024-07-15,1598,282341.0,9091405.0,32.8,32.9,31.9,32.0,-0.8,407.0
2024-07-16,1598,252408.0,8069325.0,32.1,32.5,31.7,32.1,0.1,201.0
2024-07-17,1598,383702.0,12271908.0,32.0,32.4,31.8,31.9,-0.2,234.0
2024-07-18,1598,224443.0,6923217.0,30.8,31.2,30.05,31.1,0.0,206.0
2024-07-19,1598,392743.0,11942591.0,31.05,31.05,30.2,30.35,-0.75,328.0
2024-07-22,1598,412662.0,12660826.0,30.4,31.15,30.25,30.25,-0.1,304.0
2024-07-23,1598,129479.0,3997606.0,30.4,31.0,30.4,30.9,0.65,133.0
2024-07-26,1598,229445.0,6982951.0,30.85,30.85,30.15,30.6,-0.3,178.0
2024-07-29,1598,100700.0,3101650.0,31.2,31.2,30.65,30.65,0.05,101.0
2024-07-30,1598,225427.0,6791343.0,30.65,30.65,29.9,30.6,-0.05,251.0
2024-07-31,1598,74046.0,2270534.0,30.6,30.8,30.45,30.75,0.15,113.0
2024-08-01,1598,261576.0,8178916.0,30.9,31.65,30.9,31.3,0.55,181.0
2024-08-02,1598,210451.0,6414613.0,30.5,31.0,30.3,30.35,-0.95,179.0
2024-08-05,1598,756737.0,21083796.0,29.9,29.9,27.35,27.4,-2.95,579.0
2024-08-06,1598,567710.0,15160696.0,27.5,27.65,25.35,27.15,-0.25,439.0
2024-08-07,1598,147380.0,4109270.0,27.1,28.2,27.0,28.2,1.05,144.0
2024-08-08,1598,78387.0,2186645.0,27.35,28.2,27.35,28.15,-0.05,90.0
2024-08-09,1598,198763.0,5601994.0,28.15,28.4,27.9,28.15,0.0,202.0
2024-08-12,1598,160274.0,4486386.0,28.2,28.4,27.8,27.8,-0.35,187.0
2024-08-13,1598,109516.0,3038997.0,27.85,27.85,27.65,27.75,-0.05,97.0
2024-08-14,1598,85359.0,2366629.0,27.5,28.0,27.5,27.6,-0.15,122.0
2024-08-15,1598,94593.0,2618044.0,27.5,27.85,27.35,27.8,0.2,108.0
2024-08-16,1598,177134.0,4988629.0,28.05,28.4,27.7,28.0,0.2,131.0
2024-08-19,1598,240110.0,6665320.0,28.1,28.15,27.5,27.6,-0.4,313.0
2024-08-20,1598,68881.0,1900049.0,27.65,27.8,27.5,27.6,0.0,71.0
2024-08-21,1598,66632.0,1832823.0,27.35,27.75,27.35,27.75,0.15,83.0
2024-08-22,1598,57701.0,1593215.0,27.7,27.7,27.5,27.5,-0.25,91.0
2024-08-23,1598,100852.0,2754979.0,27.65,27.65,27.1,27.3,-0.2,113.0
2024-08-26,1598,276050.0,7536576.0,27.2,27.7,27.0,27.2,-0.1,249.0
2024-08-27,1598,115473.0,3139560.0,27.2,27.35,27.0,27.3,0.1,122.0
2024-08-28,1598,124331.0,3410828.0,27.35,27.55,27.35,27.45,0.15,117.0
2024-08-29,1598,126814.0,3499280.0,27.55,28.0,27.25,27.95,0.5,118.0
2024-08-30,1598,494173.0,14357559.0,28.45,29.7,28.3,29.05,1.1,418.0
2024-09-02,1598,181183.0,5221086.0,29.7,29.7,28.5,28.7,-0.35,185.0
2024-09-03,1598,103768.0,2959668.0,28.65,28.75,28.25,28.7,0.0,161.0
2024-09-04,1598,203581.0,5645295.0,27.8,28.0,27.15,27.6,-1.1,264.0
2024-09-05,1598,109236.0,3036840.0,27.7,28.3,27.4,27.7,0.1,93.0
2024-09-06,1598,249359.0,7046830.0,27.55,28.6,27.5,28.35,0.65,233.0
2024-09-09,1598,192562.0,5323303.0,27.65,27.95,27.45,27.45,-0.9,373.0
2024-09-10,1598,216763.0,6039764.0,27.35,28.4,27.35,27.55,0.1,283.0
2024-09-11,1598,88082.0,2426720.0,27.6,27.9,27.4,27.45,-0.1,246.0
2024-09-12,1598,127728.0,3506082.0,27.45,27.7,27.3,27.35,-0.1,731.0
2024-09-13,1598,100709.0,2772370.0,27.4,27.8,27.4,27.75,0.4,127.0
2024-09-16,1598,84881.0,2349309.0,27.55,27.95,27.45,27.85,0.1,117.0
2024-09-18,1598,132397.0,3701265.0,27.85,28.2,27.65,28.1,0.25,221.0
2024-09-19,1598,598631.0,16970752.0,28.1,29.0,27.95,28.7,0.6,451.0
2024-09-20,1598,219541.0,6317682.0,28.7,29.0,28.35,29.0,0.3,207.0
2024-09-23,1598,262925.0,7525589.0,29.0,29.0,28.45,28.75,-0.25,291.0
2024-09-24,1598,177719.0,5072117.0,29.05,29.05,28.45,28.65,-0.1,298.0
2024-09-25,1598,285516.0,8072213.0,28.8,28.8,28.05,28.35,-0.3,194.0
2024-09-26,1598,93870.0,2667497.0,28.5,28.6,28.35,28.4,0.05,103.0
2024-09-27,1598,166130.0,4744235.0,28.95,28.95,28.4,28.65,0.25,148.0
2024-09-30,1598,151736.0,4315794.0,28.7,28.95,28.0,28.95,0.3,150.0
2024-10-01,1598,270593.0,7946053.0,28.9,29.6,28.9,29.3,0.35,310.0
2024-10-04,1598,236522.0,6831652.0,29.35,29.35,28.5,28.5,-0.8,350.0
2024-10-07,1598,422735.0,12133667.0,28.5,29.15,28.4,28.7,0.2,206.0
2024-10-08,1598,192130.0,5548308.0,28.7,29.2,28.5,28.9,0.2,161.0
2024-10-09,1598,119661.0,3442136.0,28.75,29.0,28.5,28.65,-0.25,107.0
2024-10-11,1598,110710.0,3176194.0,28.7,29.0,28.55,28.55,-0.1,77.0
2024-10-14,1598,265129.0,7705826.0,28.6,29.9,28.55,28.65,0.1,217.0
2024-10-15,1598,85466.0,2461080.0,28.8,29.15,28.5,28.5,-0.15,208.0
2024-10-16,1598,95041.0,2701291.0,28.55,28.55,28.25,28.45,-0.05,121.0
2024-10-17,1598,80781.0,2286236.0,28.25,28.6,28.2,28.25,-0.2,91.0
2024-10-18,1598,176990.0,4940081.0,28.4,28.4,27.65,27.95,-0.3,241.0
2024-10-21,1598,47218.0,1318953.0,27.7,28.1,27.7,27.95,0.0,56.0
2024-10-22,1598,70908.0,1973567.0,27.95,27.95,27.7,27.75,-0.2,86.0
2024-10-23,1598,200985.0,5539673.0,27.65,27.8,27.4,27.4,-0.35,167.0
2024-10-24,1598,283053.0,7700372.0,27.4,27.55,26.85,27.45,0.05,210.0
2024-10-25,1598,72426.0,1981930.0,27.4,27.6,27.3,27.35,-0.1,64.0
2024-10-28,1598,427031.0,11534736.0,27.4,27.45,26.8,27.45,0.1,271.0
2024-10-29,1598,193925.0,5289658.0,27.45,27.6,26.9,27.5,0.05,149.0
2024-10-30,1598,140500.0,3832161.0,27.5,27.6,27.0,27.5,0.0,104.0
2024-11-01,1598,283874.0,7967567.0,27.25,28.4,27.25,28.3,0.8,161.0
2024-11-04,1598,145393.0,4080875.0,28.0,28.35,27.8,27.95,-0.35,75.0
2024-11-05,1598,338769.0,9741469.0,28.3,29.25,28.05,29.0,1.05,340.0
2024-11-06,1598,83259.0,2389736.0,29.0,29.0,28.5,28.55,-0.45,122.0
2024-11-07,1598,166748.0,4711075.0,28.2,28.65,28.15,28.2,-0.35,199.0
2024-11-08,1598,89732.0,2538917.0,28.35,28.4,28.1,28.2,0.0,103.0
2024-11-11,1598,103206.0,2925395.0,28.2,28.5,28.2,28.5,0.3,76.0
2024-11-12,1598,139829.0,3889528.0,27.0,28.2,27.0,28.0,-0.5,160.0
2024-11-13,1598,172418.0,4825493.0,27.8,28.15,27.75,28.0,0.0,237.0
2024-11-14,1598,311480.0,8550007.0,27.8,27.85,27.1,27.25,-0.75,195.0
2024-11-15,1598,126560.0,3466199.0,27.3,27.55,27.3,27.3,0.05,92.0
2024-11-18,1598,142319.0,3911795.0,27.45,27.6,27.3,27.5,0.2,83.0
2024-11-19,1598,354045.0,9730422.0,27.4,27.8,27.35,27.7,0.2,152.0
2024-11-20,1598,81100.0,2246087.0,27.5,27.85,27.5,27.85,0.15,63.0
2024-11-21,1598,51479.0,1418403.0,27.8,27.8,27.5,27.5,-0.35,50.0
2024-11-22,1598,40064.0,1104229.0,27.85,27.85,27.35,27.5,0.0,48.0
2024-11-25,1598,59924.0,1661225.0,27.75,28.0,27.55,28.0,0.5,80.0
2024-11-26,1598,70417.0,1973904.0,27.9,28.25,27.8,28.25,0.25,101.0
2024-11-27,1598,96880.0,2722439.0,28.2,28.85,27.5,28.85,0.6,122.0
2024-11-28,1598,132202.0,3715019.0,28.35,28.35,27.8,28.25,-0.6,142.0
2024-11-29,1598,56009.0,1562742.0,27.75,28.3,27.5,27.85,-0.4,56.0
2024-12-02,1598,31250.0,871537.0,27.7,28.05,27.7,27.95,0.1,47.0
2024-12-03,1598,113675.0,3205847.0,27.9,28.3,27.9,28.1,0.15,115.0
2024-12-04,1598,406713.0,11748330.0,28.25,29.4,28.25,28.9,0.8,418.0
2024-12-05,1598,111800.0,3214282.0,29.2,29.25,28.5,28.6,-0.3,152.0
2024-12-06,1598,56878.0,1626241.0,28.3,28.8,28.25,28.75,0.15,65.0
2024-12-09,1598,63265.0,1808286.0,28.75,28.75,28.4,28.45,-0.3,67.0
2024-12-10,1598,191515.0,5395746.0,28.45,28.65,27.9,28.0,-0.45,210.0
2024-12-11,1598,208234.0,5880280.0,27.95,28.5,27.95,28.15,0.15,181.0
2024-12-12,1598,77704.0,2191589.0,28.15,28.7,28.05,28.05,-0.1,85.0
2024-12-13,1598,299705.0,8201219.0,28.0,28.0,26.85,27.2,-0.85,629.0
2024-12-16,1598,145730.0,3929577.0,27.0,27.15,26.8,27.05,-0.15,197.0
2024-12-17,1598,288522.0,7693138.0,27.1,27.15,26.0,27.15,0.1,410.0
2024-12-18,1598,119581.0,3187914.0,27.0,27.05,26.35,26.4,-0.75,261.0
2024-12-19,1598,215887.0,5649673.0,26.45,26.45,25.9,26.4,0.0,168.0
2024-12-20,1598,345709.0,9101338.0,26.05,26.65,25.95,26.65,0.25,227.0
2024-12-23,1598,55481.0,1477325.0,26.85,26.85,26.55,26.7,0.05,101.0
2024-12-24,1598,39077.0,1038896.0,26.7,26.85,26.55,26.55,-0.15,50.0
2024-12-25,1598,88265.0,2342407.0,26.55,26.7,26.4,26.6,0.05,69.0
2024-12-26,1598,299714.0,8178822.0,26.95,27.8,26.8,27.1,0.5,255.0
2024-12-27,1598,314966.0,8702660.0,27.5,27.85,27.35,27.4,0.3,262.0
2024-12-30,1598,170102.0,4648158.0,27.85,27.85,27.0,27.0,-0.4,178.0
2024-12-31,1598,210850.0,5646868.0,26.6,27.3,26.5,27.1,0.1,173.0
2025-01-02,1598,143019.0,3878371.0,27.1,27.3,26.6,27.2,0.1,143.0
2025-01-03,1598,339906.0,9319789.0,26.9,27.8,26.9,27.45,0.25,229.0
2025-01-06,1598,314069.0,8811843.0,27.95,28.2,27.9,28.0,0.55,241.0
2025-01-07,1598,553354.0,15844184.0,28.1,28.95,28.1,28.55,0.55,399.0
2025-01-08,1598,1732553.0,51831735.0,28.45,30.8,28.45,29.8,1.25,1336.0
2025-01-09,1598,1000401.0,30280794.0,29.8,30.75,29.6,29.85,0.05,737.0
2025-01-10,1598,420919.0,12614898.0,29.65,30.35,29.65,29.95,0.1,405.0
2025-01-13,1598,1465291.0,44664408.0,30.0,31.15,29.7,30.9,0.95,1006.0
2025-01-14,1598,478838.0,14624973.0,30.95,30.95,30.0,30.8,-0.1,711.0
2025-01-15,1598,428145.0,12904241.0,30.8,30.8,29.6,30.15,-0.65,384.0
2025-01-16,1598,260332.0,7828139.0,30.45,30.45,29.85,30.05,-0.1,206.0
2025-01-17,1598,189089.0,5673560.0,30.05,30.25,29.85,29.95,-0.1,170.0
2025-01-20,1598,232197.0,6862256.0,30.0,30.0,29.25,29.7,-0.25,202.0
2025-01-21,1598,300789.0,8994433.0,29.4,30.4,29.15,30.3,0.6,240.0
2025-01-22,1598,1367270.0,42704334.0,30.6,31.85,30.2,31.45,1.15,1055.0
2025-02-03,1598,1594494.0,50920666.0,31.45,32.9,30.8,31.3,-0.15,1161.0
2025-02-04,1598,847839.0,26837402.0,31.4,32.3,30.75,31.6,0.3,652.0
2025-02-05,1598,515112.0,16335925.0,31.95,32.05,31.3,32.0,0.4,403.0
2025-02-06,1598,895649.0,29144225.0,32.1,32.95,31.9,32.6,0.6,673.0
2025-02-07,1598,538407.0,17448299.0,32.6,32.65,32.1,32.5,-0.1,531.0
2025-02-10,1598,497978.0,15975992.0,32.5,32.7,31.5,32.4,-0.1,417.0
2025-02-11,1598,667055.0,21247448.0,32.0,32.4,31.35,31.5,-0.9,658.0
2025-02-12,1598,539598.0,17240929.0,31.35,32.5,31.35,31.5,0.0,493.0
2025-02-13,1598,1383952.0,45005465.0,31.5,32.8,31.5,32.6,1.1,1046.0
2025-02-14,1598,561450.0,18053731.0,32.6,32.6,31.9,32.3,-0.3,442.0
2025-02-17,1598,1442392.0,46391963.0,32.7,32.95,31.8,31.9,-0.4,573.0
2025-02-18,1598,736331.0,23566271.0,31.9,32.45,31.5,32.3,0.4,421.0
2025-02-19,1598,528777.0,16941041.0,32.3,32.5,31.75,32.0,-0.3,385.0
2025-02-20,1598,572044.0,18361953.0,32.3,32.6,31.75,32.35,0.35,504.0
2025-02-21,1598,1605811.0,52801402.0,32.35,33.3,32.15,33.0,0.65,1105.0
2025-02-24,1598,1264458.0,42390146.0,33.4,33.95,33.0,33.5,0.5,905.0
2025-02-25,1598,793923.0,26573267.0,33.7,33.85,33.1,33.2,-0.3,721.0
2025-02-26,1598,848816.0,27759987.0,33.6,33.6,32.3,32.7,-0.5,615.0
2025-02-27,1598,571458.0,18256815.0,32.75,32.75,31.65,31.7,-1.0,1193.0
2025-03-03,1598,774697.0,23654234.0,31.4,31.45,29.9,30.8,-0.9,971.0
2025-03-04,1598,328778.0,10013451.0,30.6,31.0,30.1,30.35,-0.45,460.0
2025-03-05,1598,526571.0,16212237.0,30.3,31.2,30.3,30.9,0.55,366.0
2025-03-06,1598,782058.0,23709677.0,30.25,31.0,29.9,30.1,0.0,806.0
2025-03-07,1598,1073435.0,31207615.0,30.1,30.1,28.6,28.65,-1.45,1651.0
2025-03-10,1598,484494.0,13771391.0,28.7,28.7,28.2,28.35,-0.3,497.0
2025-03-11,1598,882663.0,24130384.0,27.7,28.5,26.9,27.25,-1.1,1033.0
2025-03-12,1598,373981.0,10367401.0,27.25,28.25,27.25,27.9,0.65,353.0
2025-03-13,1598,2675302.0,79224361.0,29.3,30.65,28.4,28.4,0.5,1706.0
2025-03-14,1598,816325.0,23194939.0,28.3,28.9,28.0,28.3,-0.1,647.0
2025-03-17,1598,650595.0,18204458.0,28.3,28.3,27.75,27.8,-0.5,615.0
2025-03-18,1598,554729.0,15578869.0,28.1,28.4,27.8,27.8,0.0,381.0
2025-03-19,1598,1055460.0,29692784.0,27.95,28.6,27.7,28.0,0.2,652.0
2025-03-20,1598,879440.0,24288129.0,27.7,27.8,27.3,27.75,-0.25,774.0
2025-03-21,1598,3656016.0,98504227.0,27.5,27.7,26.8,26.8,-0.95,871.0
2025-03-24,1598,746533.0,20258226.0,26.85,27.35,26.85,27.25,0.45,414.0
2025-03-25,1598,641218.0,17397032.0,27.4,27.95,26.9,26.95,-0.3,380.0
2025-03-26,1598,170452.0,4621955.0,27.1,27.25,26.95,27.25,0.3,136.0
2025-03-27,1598,343534.0,9279579.0,27.0,27.2,26.85,26.95,-0.3,212.0
2025-03-28,1598,470551.0,12593681.0,27.0,27.15,26.5,26.8,-0.15,382.0
2025-03-31,1598,895732.0,22919015.0,25.95,26.2,25.2,25.25,-1.55,609.0
2025-04-01,1598,2251954.0,60976455.0,25.35,27.65,25.35,27.3,2.05,4878.0
2025-04-02,1598,383587.0,10405686.0,27.3,27.4,26.95,27.2,-0.1,382.0
2025-04-07,1598,67263.0,1647925.0,24.5,24.5,24.5,24.5,-2.7,146.0
2025-04-08,1598,1152404.0,25423119.0,22.05,22.35,22.05,22.05,-2.45,535.0
2025-04-09,1598,2151663.0,43195730.0,21.6,21.6,19.85,19.85,-2.2,961.0
2025-04-10,1598,1026652.0,22235405.0,21.8,21.8,21.05,21.8,1.95,529.0
2025-04-11,1598,625292.0,13132988.0,21.0,21.7,20.3,21.7,-0.1,454.0
2025-04-14,1598,528465.0,12034224.0,22.5,23.7,22.1,22.4,0.7,411.0
2025-04-15,1598,748178.0,17842665.0,22.5,24.6,22.5,24.6,2.2,958.0
2025-04-16,1598,1013877.0,25391819.0,24.5,25.55,24.0,25.4,0.8,658.0
2025-04-17,1598,429220.0,10632813.0,25.4,25.4,24.35,24.75,-0.65,479.0
2025-04-18,1598,250974.0,6182687.0,24.75,24.95,24.4,24.4,-0.35,170.0
2025-04-21,1598,232037.0,5547116.0,24.45,24.55,23.6,23.8,-0.6,246.0
2025-04-22,1598,383109.0,8891870.0,23.75,23.8,22.9,22.9,-0.9,407.0
2025-04-23,1598,248031.0,5842542.0,23.2,23.75,23.2,23.55,0.65,225.0
2025-04-24,1598,107358.0,2546285.0,23.55,23.95,23.55,23.75,0.2,184.0
2025-04-25,1598,163961.0,3942168.0,24.05,24.25,23.9,23.9,0.15,146.0
2025-04-28,1598,115434.0,2770829.0,23.95,24.15,23.9,23.95,0.05,159.0
2025-04-29,1598,222566.0,5371860.0,24.25,24.3,24.0,24.1,0.15,167.0
2025-04-30,1598,251277.0,5991209.0,24.05,24.1,23.55,23.6,-0.5,297.0
2025-05-02,1598,506772.0,11814680.0,23.85,23.85,22.9,23.15,-0.45,363.0
2025-05-05,1598,696872.0,15204053.0,23.25,23.25,21.3,21.5,-1.65,704.0
2025-05-06,1598,201752.0,4321628.0,21.5,21.65,21.1,21.25,-0.25,211.0
2025-05-07,1598,278481.0,5939658.0,21.25,21.55,21.05,21.45,0.2,217.0
2025-05-08,1598,318737.0,7052461.0,21.65,22.35,21.55,22.35,0.9,218.0
2025-05-09,1598,283074.0,6377976.0,22.35,22.9,22.3,22.85,0.5,176.0
2025-05-12,1598,366502.0,8543558.0,23.1,23.5,22.95,23.35,0.5,217.0
2025-05-13,1598,256791.0,6037933.0,23.35,23.85,23.15,23.7,0.35,213.0
2025-05-14,1598,801975.0,18626743.0,23.7,23.7,22.85,23.55,-0.15,498.0
2025-05-15,1598,417252.0,9645239.0,23.2,23.55,22.95,23.35,-0.2,258.0
2025-05-16,1598,979022.0,22016248.0,23.1,23.25,22.25,22.6,-0.75,914.0
2025-05-19,1598,169777.0,3790099.0,22.6,22.6,22.1,22.2,-0.4,154.0
2025-05-20,1598,55094.0,1233245.0,22.5,22.5,22.3,22.45,0.25,70.0
2025-05-21,1598,133985.0,3003684.0,22.4,22.65,22.25,22.35,-0.1,145.0
2025-05-22,1598,104273.0,2324766.0,22.25,22.55,22.1,22.5,0.15,111.0
2025-05-23,1598,83683.0,1888415.0,22.4,22.7,22.4,22.6,0.1,88.0
2025-05-26,1598,113034.0,2547907.0,22.35,22.7,22.35,22.6,0.0,113.0
2025-05-27,1598,184961.0,4135529.0,22.6,22.6,22.2,22.4,-0.2,140.0
2025-05-28,1598,189682.0,4286942.0,22.5,22.7,22.5,22.55,0.15,135.0
2025-05-29,1598,292056.0,6637802.0,22.2,22.9,22.2,22.7,0.15,224.0
2025-06-02,1598,433421.0,9747627.0,22.25,23.4,21.95,22.05,0.0,456.0
2025-06-03,1598,158337.0,3526001.0,22.3,22.6,22.05,22.1,0.05,127.0
2025-06-04,1598,585147.0,13632740.0,22.55,23.95,22.55,23.6,1.5,524.0
2025-06-05,1598,793566.0,19165251.0,24.5,24.65,23.65,24.2,0.6,582.0
2025-06-06,1598,547710.0,13390572.0,24.0,24.7,24.0,24.35,0.15,388.0
2025-06-09,1598,327983.0,7876907.0,24.4,24.55,23.7,24.0,-0.35,272.0
2025-06-10,1598,244017.0,5824524.0,24.25,24.25,23.6,24.0,0.0,192.0
2025-06-11,1598,2136724.0,49921792.0,23.8,23.95,22.8,23.2,-0.8,1228.0
2025-06-12,1598,260170.0,6064774.0,23.3,23.6,23.15,23.4,0.2,192.0
2025-06-13,1598,724326.0,16867059.0,22.95,23.65,22.9,23.4,0.0,484.0
2025-06-16,1598,460918.0,10938062.0,23.3,24.05,22.95,24.0,0.6,339.0
2025-06-17,1598,874801.0,21105814.0,23.85,24.65,23.7,24.0,0.0,597.0
2025-06-18,1598,778680.0,18586773.0,23.85,24.5,23.35,24.5,0.5,412.0
2025-06-19,1598,805251.0,18295349.0,23.95,23.95,22.2,22.25,-2.25,668.0
2025-06-20,1598,307858.0,6717064.0,22.25,22.25,21.6,21.65,-0.6,311.0
2025-06-23,1598,403014.0,8525073.0,21.55,21.55,20.7,21.35,-0.3,263.0
2025-06-24,1598,163783.0,3554947.0,21.75,21.9,21.5,21.8,0.45,141.0
2025-06-25,1598,81426.0,1766630.0,21.8,21.9,21.5,21.65,-0.15,83.0
2025-06-26,1598,145999.0,3195674.0,21.65,22.1,21.55,21.75,0.1,127.0
2025-06-27,1598,116620.0,2555176.0,21.5,22.2,21.5,21.95,0.2,116.0
2025-06-30,1598,152971.0,3309409.0,21.95,21.95,21.5,21.75,-0.2,148.0
2025-07-01,1598,99221.0,2165342.0,21.75,22.1,21.6,21.8,0.05,109.0
2025-07-02,1598,34563.0,754787.0,21.8,22.0,21.7,21.85,0.05,54.0
2025-07-03,1598,86546.0,1909554.0,21.85,22.2,21.85,22.1,0.25,91.0
2025-07-04,1598,97614.0,2113221.0,21.9,21.95,21.4,21.4,-0.7,164.0
2025-07-07,1598,47701.0,1023881.0,21.25,21.6,21.15,21.55,0.15,70.0
2025-07-08,1598,109170.0,2310170.0,21.55,21.55,20.95,21.3,-0.25,162.0
2025-07-09,1598,38022.0,821532.0,21.45,22.0,21.25,22.0,0.7,71.0
2025-07-10,1598,112279.0,2404466.0,21.65,21.7,21.25,21.45,-0.55,150.0
2025-07-11,1598,99123.0,2134478.0,21.3,21.85,21.2,21.45,0.0,79.0
2025-07-14,1598,37159.0,800603.0,21.3,21.8,21.25,21.6,0.15,35.0
2025-07-15,1598,99017.0,2119248.0,21.15,21.7,21.15,21.4,-0.2,144.0
2025-07-16,1598,107292.0,2304893.0,21.35,21.6,21.25,21.6,0.2,99.0
2025-07-17,1598,143890.0,3128834.0,21.7,21.95,21.4,21.75,0.15,107.0
2025-07-18,1598,65729.0,1427153.0,22.05,22.2,21.5,21.55,-0.2,145.0
2025-07-21,1598,85616.0,1837630.0,21.55,21.55,21.3,21.45,-0.1,90.0
2025-07-22,1598,218740.0,4620214.0,21.75,21.8,20.8,20.8,-0.65,210.0
2025-07-23,1598,161987.0,3440796.0,21.25,21.6,21.05,21.55,0.75,141.0
2025-07-24,1598,87009.0,1864994.0,21.45,21.75,21.2,21.7,0.15,102.0
2025-07-25,1598,105348.0,2245259.0,21.4,21.55,21.2,21.25,-0.45,163.0
2025-07-28,1598,121304.0,2623221.0,21.45,21.9,21.4,21.5,0.25,100.0
2025-07-29,1598,100790.0,2145160.0,21.5,21.8,21.1,21.4,-0.1,142.0
2025-07-30,1598,59413.0,1264785.0,21.55,21.55,21.15,21.4,0.0,60.0
2025-07-31,1598,157438.0,3346071.0,21.4,21.55,21.05,21.35,-0.05,108.0
2025-08-01,1598,134984.0,2867680.0,21.15,21.4,21.1,21.35,0.0,87.0
2025-08-04,1598,226196.0,4853236.0,21.3,21.8,21.2,21.8,0.45,165.0
2025-08-05,1598,205067.0,4459612.0,21.9,22.0,21.5,22.0,0.2,207.0
2025-08-06,1598,87971.0,1927180.0,21.95,22.1,21.8,21.8,-0.2,93.0
2025-08-07,1598,75485.0,1624131.0,21.8,21.8,21.4,21.55,-0.25,124.0
2025-08-08,1598,62417.0,1342227.0,21.25,21.8,21.25,21.8,0.25,76.0
2025-08-11,1598,83713.0,1783420.0,21.6,21.6,21.0,21.4,-0.4,83.0
2025-08-12,1598,195513.0,4150670.0,21.25,21.5,21.0,21.4,0.0,192.0
2025-08-13,1598,89251.0,1914250.0,21.65,21.8,21.2,21.4,0.0,156.0
2025-08-14,1598,91878.0,1956808.0,21.3,21.4,21.15,21.4,0.0,154.0
2025-08-15,1598,208351.0,4439719.0,21.2,21.65,21.1,21.65,0.25,195.0
2025-08-18,1598,315839.0,6929148.0,21.8,22.35,21.5,22.25,0.6,262.0
2025-08-19,1598,162975.0,3630514.0,22.3,22.45,22.0,22.3,0.05,179.0
2025-08-20,1598,228996.0,5099161.0,22.45,22.5,22.05,22.3,0.0,211.0
2025-08-21,1598,141761.0,3176659.0,22.45,22.5,22.3,22.4,0.1,180.0
2025-08-22,1598,80098.0,1772115.0,22.3,22.35,21.95,21.95,-0.45,256.0
2025-08-25,1598,169084.0,3760020.0,22.35,22.4,21.95,21.95,0.0,120.0
2025-08-26,1598,77957.0,1699231.0,21.85,21.95,21.65,21.65,-0.3,109.0
2025-08-27,1598,171617.0,3693705.0,21.65,21.75,21.25,21.35,-0.3,216.0
2025-08-28,1598,113996.0,2441917.0,21.45,21.65,21.25,21.25,-0.1,107.0
2025-08-29,1598,63971.0,1359446.0,21.45,21.45,21.15,21.2,-0.05,78.0
2025-09-01,1598,193303.0,4049030.0,21.4,21.4,20.75,20.8,-0.4,192.0
2025-09-02,1598,76386.0,1594331.0,20.95,21.1,20.7,20.8,0.0,88.0
2025-09-03,1598,132372.0,2811763.0,21.0,21.45,21.0,21.25,0.45,101.0
2025-09-04,1598,131568.0,2850705.0,21.25,21.9,21.25,21.5,0.25,114.0
2025-09-05,1598,100217.0,2157555.0,21.45,21.7,21.4,21.5,0.0,88.0
2025-09-08,1598,56377.0,1211700.0,21.35,21.6,21.35,21.5,0.0,58.0
2025-09-09,1598,51319.0,1101757.0,21.55,21.55,21.4,21.4,-0.1,87.0
2025-09-10,1598,183822.0,3866159.0,21.4,21.4,20.85,20.95,-0.45,318.0
2025-09-11,1598,173923.0,3621750.0,21.0,21.0,20.7,20.75,-0.2,207.0
2025-09-12,1598,48640.0,1013710.0,21.15,21.15,20.75,20.8,0.05,87.0
2025-09-15,1598,599722.0,12490341.0,20.8,21.2,20.8,20.95,0.15,91.0
2025-09-16,1598,62198.0,1307620.0,20.95,21.25,20.95,20.95,0.0,97.0
2025-09-17,1598,145226.0,3072099.0,21.0,21.35,20.9,21.05,0.1,176.0
2025-09-18,1598,53948.0,1135785.0,21.2,21.2,20.95,20.95,-0.1,74.0
2025-09-19,1598,3067747.0,70161698.0,22.0,23.0,22.0,22.95,2.0,4667.0
2025-09-22,1598,1565158.0,36318432.0,22.95,23.75,22.65,23.0,0.05,1083.0
2025-09-23,1598,521207.0,11790312.0,23.2,23.2,22.0,22.6,-0.4,331.0
2025-09-24,1598,319532.0,7131681.0,22.6,22.6,22.1,22.55,-0.05,269.0
2025-09-25,1598,337730.0,7684443.0,22.8,23.15,22.35,22.55,0.0,213.0
2025-09-26,1598,203208.0,4517901.0,22.5,22.55,22.0,22.55,0.0,177.0
2025-09-30,1598,259841.0,5788444.0,22.6,22.6,22.15,22.4,-0.15,210.0
2025-10-01,1598,296215.0,6651073.0,22.45,22.65,22.15,22.65,0.25,205.0
2025-10-02,1598,230960.0,5202341.0,22.5,22.9,22.4,22.4,-0.25,194.0
2025-10-03,1598,277234.0,6215180.0,22.5,22.65,22.15,22.55,0.15,191.0
2025-10-07,1598,272540.0,6110542.0,22.4,22.6,22.25,22.6,0.05,186.0
2025-10-08,1598,267608.0,6005975.0,22.55,22.6,22.25,22.6,0.0,139.0
2025-10-09,1598,283861.0,6397386.0,22.75,22.75,22.4,22.6,0.0,178.0
2025-10-13,1598,399144.0,8895043.0,22.1,22.55,21.8,22.55,-0.05,248.0
2025-10-14,1598,524402.0,11681656.0,22.5,22.65,22.1,22.1,-0.45,282.0
2025-10-15,1598,355867.0,7956382.0,22.25,22.6,21.95,22.6,0.5,176.0
2025-10-16,1598,402793.0,9082879.0,22.45,22.7,22.4,22.7,0.1,188.0
2025-10-17,1598,381857.0,8620765.0,22.6,22.75,22.35,22.75,0.05,210.0
2025-10-20,1598,575015.0,13365446.0,22.75,23.45,22.75,23.25,0.5,411.0
2025-10-21,1598,1330956.0,32026753.0,23.4,24.6,23.1,24.35,1.1,995.0
2025-10-22,1598,687276.0,16368973.0,24.45,24.45,23.5,23.7,-0.65,821.0
2025-10-23,1598,231943.0,5412877.0,23.5,23.5,23.2,23.45,-0.25,215.0
2025-10-27,1598,345264.0,8026254.0,23.85,23.85,22.8,23.5,0.05,266.0
2025-10-28,1598,243826.0,5637115.0,23.5,23.5,23.0,23.2,-0.3,238.0
2025-10-29,1598,561058.0,13024053.0,23.2,23.9,22.85,23.4,0.2,384.0
2025-10-30,1598,392640.0,9044860.0,23.4,23.4,22.95,22.95,-0.45,219.0
2025-10-31,1598,460783.0,10461905.0,22.95,22.95,22.45,22.8,-0.15,356.0
2025-11-03,1598,724961.0,16186829.0,22.75,22.75,22.0,22.4,-0.4,388.0
2025-11-04,1598,217146.0,4873562.0,22.2,22.6,22.15,22.6,0.2,172.0
2025-11-05,1598,311454.0,6893754.0,22.25,22.25,22.05,22.1,-0.5,224.0
2025-11-06,1598,245739.0,5504329.0,22.2,22.5,22.15,22.5,0.4,134.0
2025-11-07,1598,348023.0,7803829.0,22.55,22.6,22.15,22.6,0.1,144.0
2025-11-10,1598,403272.0,9195721.0,22.75,23.1,22.6,22.9,0.3,274.0
2025-11-11,1598,264169.0,6017430.0,22.85,22.9,22.55,22.85,-0.05,160.0
2025-11-12,1598,576540.0,13413808.0,22.95,23.5,22.85,23.5,0.65,383.0
2025-11-13,1598,561564.0,13036399.0,23.5,23.6,22.8,23.5,0.0,416.0
2025-11-14,1598,446427.0,10462814.0,23.15,23.55,23.15,23.55,0.05,263.0
2025-11-17,1598,639921.0,14958432.0,23.55,23.55,23.1,23.55,0.0,375.0
2025-11-18,1598,412554.0,9391435.0,23.2,23.2,22.3,22.3,-1.25,402.0
2025-11-19,1598,130298.0,2895510.0,22.85,22.95,21.75,21.9,-0.4,141.0
2025-11-20,1598,379722.0,8192090.0,22.0,22.1,21.2,21.65,-0.25,359.0
2025-11-21,1598,155691.0,3305707.0,21.5,21.65,21.05,21.1,-0.55,227.0
2025-11-24,1598,233901.0,5019863.0,21.25,21.85,21.2,21.85,0.75,130.0
2025-11-25,1598,109472.0,2413449.0,21.8,22.35,21.7,22.35,0.5,99.0
2025-11-26,1598,125305.0,2779206.0,22.25,22.45,21.9,22.35,0.0,143.0
2025-11-27,1598,196646.0,4327422.0,22.35,22.35,21.7,22.2,-0.15,200.0
2025-11-28,1598,143091.0,3186447.0,22.0,22.45,22.0,22.45,0.25,114.0
2025-12-01,1598,129974.0,2860248.0,22.2,22.4,21.8,21.8,-0.65,125.0
2025-12-02,1598,232902.0,5044572.0,21.8,21.9,21.1,21.9,0.1,178.0
2025-12-03,1598,63474.0,1397296.0,21.95,22.1,21.9,22.0,0.1,63.0
2025-12-04,1598,195286.0,4308788.0,21.8,22.25,21.8,22.25,0.25,105.0
2025-12-05,1598,93346.0,2054338.0,22.25,22.3,21.8,22.2,-0.05,66.0
2025-12-08,1598,222117.0,4899178.0,22.0,22.3,21.8,22.25,0.05,178.0
2025-12-09,1598,243416.0,5318708.0,21.95,22.05,21.65,21.65,-0.6,169.0
2025-12-10,1598,179775.0,3879487.0,21.9,21.9,21.45,21.6,-0.05,116.0
2025-12-11,1598,746128.0,15622208.0,21.5,21.5,20.6,21.0,-0.6,434.0
2025-12-12,1598,232837.0,5004124.0,21.1,21.85,21.1,21.4,0.4,157.0
2025-12-15,1598,192970.0,4185909.0,21.2,22.2,21.1,21.85,0.45,157.0
2025-12-16,1598,89756.0,1925072.0,21.35,21.6,21.3,21.4,-0.45,91.0
2025-12-17,1598,242275.0,5112803.0,21.4,21.85,20.8,21.0,-0.4,204.0
2025-12-18,1598,71770.0,1504189.0,20.95,21.1,20.85,20.95,-0.05,78.0
2025-12-19,1598,102607.0,2145329.0,21.1,21.1,20.8,20.9,-0.05,78.0
2025-12-22,1598,83598.0,1747949.0,21.1,21.1,20.85,20.9,0.0,83.0
2025-12-23,1598,149351.0,3117897.0,21.2,21.2,20.75,20.85,-0.05,115.0
2025-12-24,1598,127115.0,2646340.0,20.8,20.95,20.6,20.9,0.05,125.0
2025-12-26,1598,82585.0,1718767.0,21.0,21.0,20.75,20.8,-0.1,73.0
2025-12-29,1598,78544.0,1637309.0,20.8,20.95,20.8,20.8,0.0,66.0
2025-12-30,1598,250519.0,5131269.0,20.8,20.8,20.25,20.55,-0.25,208.0
2025-12-31,1598,83214.0,1721595.0,20.55,20.85,20.55,20.7,0.15,80.0
2026-01-02,1598,135197.0,2795661.0,20.6,20.85,20.5,20.6,-0.1,102.0
2026-01-05,1598,308763.0,6276153.0,20.7,20.7,20.15,20.25,-0.35,324.0
2026-01-06,1598,218805.0,4418749.0,20.25,20.4,20.05,20.05,-0.2,158.0
2026-01-07,1598,414997.0,8332343.0,20.0,20.3,20.0,20.1,0.05,254.0
2026-01-08,1598,214136.0,4286999.0,20.2,20.2,19.95,20.0,-0.1,221.0
2026-01-09,1598,427159.0,8400842.0,20.15,20.15,19.5,19.6,-0.4,388.0
2026-01-12,1598,232993.0,4599875.0,19.85,19.85,19.6,19.8,0.2,99.0
2026-01-13,1598,1389233.0,29337684.0,19.8,21.75,19.8,21.75,1.95,690.0
2026-01-14,1598,1318831.0,28835963.0,22.5,22.5,21.2,22.45,0.7,845.0
2026-01-15,1598,256264.0,5632600.0,22.15,22.15,21.8,21.9,-0.55,243.0
2026-01-16,1598,495782.0,10568892.0,21.9,22.2,21.0,21.0,-0.9,386.0
2026-01-19,1598,187486.0,3932866.0,20.95,21.1,20.85,20.95,-0.05,169.0
2026-01-20,1598,298120.0,6180083.0,21.1,21.45,20.45,20.45,-0.5,346.0
2026-01-21,1598,266148.0,5397418.0,20.5,20.5,20.15,20.25,-0.2,193.0
2026-01-22,1598,198102.0,3996499.0,20.45,20.45,20.05,20.1,-0.15,175.0
2026-01-23,1598,186484.0,3745797.0,20.3,20.3,20.0,20.05,-0.05,167.0
2026-01-26,1598,119855.0,2439005.0,20.1,20.45,20.1,20.35,0.3,105.0
2026-01-27,1598,295759.0,5959541.0,20.35,20.35,20.0,20.25,-0.1,308.0
2026-01-28,1598,334103.0,6732940.0,20.25,20.6,20.0,20.45,0.2,219.0
2026-01-29,1598,284278.0,5706114.0,20.45,20.45,19.9,19.95,-0.5,240.0
2026-01-30,1598,362509.0,7211520.0,20.1,20.3,19.8,19.95,0.0,216.0
2026-02-02,1598,312572.0,6218323.0,20.0,20.25,19.75,20.2,0.25,216.0
2026-02-03,1598,144784.0,2904888.0,20.15,20.2,19.95,20.15,-0.05,110.0
2026-02-04,1598,129548.0,2607500.0,20.15,20.25,19.9,20.25,0.1,114.0
2026-02-05,1598,206696.0,4221827.0,20.2,20.65,20.2,20.45,0.2,153.0
2026-02-06,1598,148795.0,2981812.0,20.45,20.45,19.85,20.05,-0.4,149.0
2026-02-09,1598,158686.0,3192926.0,20.3,20.35,20.0,20.1,0.05,89.0
2026-02-10,1598,136457.0,2737144.0,20.0,20.15,19.95,20.05,-0.05,120.0
2026-02-11,1598,1682328.0,32028965.0,19.9,19.9,18.65,19.7,-0.35,1058.0
2026-02-23,1598,718145.0,13873549.0,19.7,19.7,19.0,19.35,-0.35,495.0
2026-02-24,1598,296941.0,5718067.0,19.4,19.55,19.15,19.3,-0.05,265.0
2026-02-25,1598,565211.0,10685866.0,19.3,19.3,18.8,18.95,-0.35,374.0
2026-02-26,1598,209617.0,3966429.0,19.0,19.05,18.75,18.95,0.0,157.0
2026-03-02,1598,295680.0,5548958.0,18.75,18.9,18.65,18.85,-0.1,251.0
2026-03-03,1598,379154.0,7209015.0,18.7,19.2,18.7,19.1,0.25,236.0
2026-03-04,1598,717919.0,13680753.0,19.2,19.2,18.7,19.05,-0.05,385.0
2026-03-05,1598,835168.0,16630532.0,19.2,20.2,19.1,19.95,0.9,609.0
2026-03-06,1598,284015.0,5626694.0,19.9,20.05,19.55,19.8,-0.15,214.0
2026-03-09,1598,525181.0,9939699.0,19.4,19.4,18.65,18.8,-1.0,360.0
2026-03-10,1598,187535.0,3562221.0,19.05,19.25,18.8,18.95,0.15,123.0
2026-03-11,1598,366257.0,7233372.0,19.4,20.0,19.4,19.75,0.8,280.0
2026-03-12,1598,582654.0,11717535.0,19.7,20.4,19.7,20.2,0.45,596.0
2026-03-13,1598,2728431.0,51801782.0,19.85,20.15,19.7,19.8,-0.4,322.0
2026-03-16,1598,431031.0,8744487.0,19.85,20.5,19.85,20.35,0.55,291.0
2026-03-17,1598,375563.0,7551798.0,20.4,20.4,19.95,19.95,-0.4,231.0
2026-03-18,1598,309470.0,6190358.0,20.15,20.3,19.9,20.1,0.15,181.0
2026-03-19,1598,247075.0,4944414.0,20.0,20.15,19.8,20.05,-0.05,114.0
2026-03-20,1598,249254.0,4988316.0,19.8,20.2,19.75,19.9,-0.15,159.0
2026-03-23,1598,231420.0,4576391.0,19.9,20.1,19.45,19.75,-0.15,186.0
2026-03-24,1598,94423.0,1840075.0,19.8,19.8,19.35,19.35,-0.4,113.0
2026-03-25,1598,143329.0,2785392.0,20.1,20.1,19.25,19.25,-0.1,139.0
2026-03-26,1598,171692.0,3287047.0,19.6,19.6,19.0,19.0,-0.25,171.0
2026-03-27,1598,272479.0,5173371.0,19.15,19.25,18.75,19.25,0.25,224.0
2026-03-30,1598,282030.0,5425296.0,18.85,19.55,18.8,19.55,0.3,212.0
2026-03-31,1598,727727.0,13810050.0,19.8,19.8,18.55,19.3,-0.25,649.0
2026-04-01,1598,513601.0,9939297.0,19.2,20.0,19.0,19.9,0.6,379.0
2026-04-02,1598,298356.0,5873033.0,19.9,19.9,19.4,19.65,-0.25,225.0
2026-04-07,1598,318697.0,6328310.0,20.6,20.6,19.3,19.6,-0.05,213.0
2026-04-08,1598,498292.0,9623289.0,19.6,19.7,19.15,19.2,-0.4,407.0
2026-04-09,1598,1347443.0,25869344.0,19.4,19.4,19.0,19.35,0.15,211.0
2026-04-10,1598,372718.0,7233767.0,19.25,19.7,19.15,19.65,0.3,266.0
2026-04-13,1598,541435.0,10808504.0,19.55,20.3,19.55,20.0,0.35,301.0
2026-04-14,1598,296852.0,5938397.0,20.05,20.25,19.8,20.05,0.05,219.0
2026-04-15,1598,221892.0,4409295.0,20.05,20.05,19.75,19.95,-0.1,164.0
2026-04-16,1598,393774.0,8041901.0,20.05,20.7,20.0,20.4,0.45,305.0
2026-04-17,1598,539604.0,11137039.0,20.6,20.85,20.35,20.65,0.25,399.0
2026-04-20,1598,229391.0,4701053.0,20.65,20.95,20.25,20.55,-0.1,234.0
2026-04-21,1598,215622.0,4363831.0,20.5,20.5,20.05,20.15,-0.4,227.0
2026-04-22,1598,190665.0,3833072.0,20.15,20.3,19.9,20.15,0.0,155.0
2026-04-23,1598,265017.0,5186836.0,19.95,20.0,19.35,19.35,-0.8,259.0
2026-04-24,1598,292820.0,5757827.0,19.8,19.95,19.35,19.9,0.55,184.0
2026-04-27,1598,352063.0,6884917.0,19.75,20.0,19.2,20.0,0.1,255.0
2026-04-28,1598,582856.0,11931964.0,20.35,21.5,19.75,20.9,0.9,393.0
2026-04-29,1598,383716.0,7999999.0,21.25,21.25,20.55,21.0,0.1,239.0
2026-04-30,1598,476997.0,9996928.0,21.0,21.1,20.8,20.8,-0.2,273.0
2026-05-04,1598,563405.0,11592817.0,20.85,21.15,20.05,20.5,-0.3,323.0
2026-05-05,1598,303179.0,6177732.0,20.7,21.0,20.1,20.65,0.15,217.0
2026-05-06,1598,342126.0,7032834.0,20.6,21.0,20.2,20.75,0.1,253.0
2026-05-07,1598,450412.0,9296708.0,20.6,20.95,20.45,20.8,0.05,246.0
2026-05-08,1598,1373029.0,29785419.0,20.8,22.5,20.55,22.2,1.4,821.0
2026-05-11,1598,438235.0,9662597.0,22.2,22.45,21.75,21.8,-0.4,333.0
2026-05-12,1598,484149.0,10096848.0,21.55,21.55,20.4,20.4,-1.4,390.0
2026-05-13,1598,253274.0,5141709.0,20.5,20.6,20.15,20.35,-0.05,197.0
2026-05-14,1598,178264.0,3646322.0,20.5,20.75,20.15,20.15,-0.2,171.0
2026-05-15,1598,198889.0,3998971.0,20.15,20.45,20.0,20.1,-0.05,153.0
2026-05-18,1598,139833.0,2811241.0,20.1,20.25,19.9,20.1,0.0,114.0
2026-05-19,1598,190983.0,3869844.0,20.1,20.5,20.1,20.1,0.0,127.0
2026-05-20,1598,114197.0,2315927.0,20.35,20.5,20.1,20.3,0.2,80.0
2026-05-21,1598,124866.0,2524809.0,20.2,20.4,20.15,20.15,-0.15,121.0
2026-05-22,1598,226179.0,4539004.0,20.2,20.2,19.95,20.1,-0.05,139.0
2026-05-25,1598,418561.0,8357488.0,20.25,20.25,19.65,20.15,0.05,286.0
2026-05-26,1598,215753.0,4345035.0,20.3,20.45,20.0,20.25,0.1,120.0
2026-05-27,1598,179398.0,3586540.0,20.2,20.2,19.85,20.0,-0.25,133.0
2026-05-28,1598,287523.0,5731762.0,20.0,20.2,19.8,19.95,-0.05,226.0
2026-05-29,1598,480720.0,9712104.0,20.0,20.5,20.0,20.45,0.5,292.0
2026-06-01,1598,504150.0,10255404.0,20.5,20.75,20.05,20.65,0.2,283.0
2026-06-02,1598,301717.0,6179344.0,21.0,21.0,20.2,20.4,-0.25,220.0
2026-06-03,1598,517208.0,10739799.0,20.5,21.0,20.3,21.0,0.6,360.0
2026-06-04,1598,253558.0,5248733.0,21.0,21.0,20.5,20.85,-0.15,190.0
2026-06-05,1598,637173.0,13575650.0,20.95,21.45,20.95,21.3,0.45,390.0
2026-06-08,1598,466760.0,9800427.0,20.25,21.35,20.25,21.0,-0.3,338.0
2026-06-09,1598,473482.0,10115153.0,21.1,21.65,21.0,21.25,0.25,356.0
2026-06-10,1598,333010.0,7045266.0,21.0,21.55,20.9,21.0,-0.25,264.0
2026-06-11,1598,241753.0,5034846.0,21.0,21.0,20.65,20.95,-0.05,181.0
2026-06-12,1598,158837.0,3337655.0,20.95,21.15,20.85,20.95,0.0,169.0
2026-06-15,1598,293580.0,6180854.0,21.15,21.2,20.95,21.0,0.05,192.0
2026-06-16,1598,243517.0,5091962.0,21.0,21.1,20.7,20.8,-0.2,199.0
2026-06-17,1598,358052.0,7349597.0,20.65,20.8,20.35,20.45,-0.35,255.0
2026-06-18,1598,278098.0,5628844.0,20.3,20.4,20.1,20.2,-0.25,241.0
2026-06-22,1598,337875.0,6721063.0,20.2,20.2,19.8,19.85,-0.35,280.0
2026-06-23,1598,170006.0,3353802.0,20.0,20.0,19.65,19.7,-0.15,223.0
2026-06-24,1598,219499.0,4286706.0,19.7,19.7,19.45,19.45,-0.25,170.0
2026-06-25,1598,135602.0,2651090.0,19.65,19.7,19.45,19.45,0.0,111.0
2026-06-26,1598,215124.0,4131662.0,19.2,19.45,19.1,19.2,-0.25,199.0
2026-06-29,1598,191733.0,3735671.0,19.4,19.65,19.25,19.35,0.15,107.0
2026-06-30,1598,198575.0,3766921.0,19.3,19.3,18.85,18.95,0.0,154.0
2026-07-01,1598,157878.0,3020892.0,19.25,19.3,19.0,19.05,0.1,121.0
2026-07-02,1598,112707.0,2154314.0,19.05,19.25,19.0,19.0,-0.05,108.0
2026-07-03,1598,237519.0,4675856.0,19.2,19.9,19.2,19.65,0.65,204.0
2026-07-06,1598,141810.0,2773883.0,19.65,19.8,19.4,19.5,-0.15,108.0
2026-07-07,1598,182580.0,3498089.0,19.5,19.5,19.0,19.1,-0.4,184.0
2026-07-08,1598,134881.0,2560464.0,19.15,19.15,18.9,19.0,-0.1,99.0
2026-07-09,1598,47747.0,908957.0,19.4,19.4,18.95,19.1,0.1,54.0
2026-07-13,1598,88543.0,1688461.0,19.15,19.2,18.9,19.2,0.1,74.0
2026-07-14,1598,212126.0,4063734.0,19.3,19.5,18.85,19.25,0.05,174.0
2026-07-15,1598,184223.0,3585014.0,19.15,19.95,19.1,19.8,0.55,156.0
2026-07-16,1598,310747.0,6176895.0,19.85,20.35,19.15,20.3,0.5,214.0
2026-07-17,1598,341896.0,6768175.0,19.9,20.25,19.45,19.85,-0.45,266.0
2026-07-20,1598,180498.0,3565058.0,20.05,20.05,19.55,19.9,0.05,135.0
2026-07-21,1598,247514.0,4960806.0,19.95,20.25,19.85,20.1,0.2,193.0
2026-07-22,1598,160454.0,3183626.0,20.05,20.15,19.6,19.7,-0.4,148.0
2026-07-23,1598,114589.0,2254938.0,19.85,19.9,19.55,19.7,0.0,146.0
2026-07-24,1598,95048.0,1864477.0,19.55,19.8,19.45,19.75,0.05,90.0
2026-07-27,1598,109061.0,2132739.0,19.9,19.9,19.4,19.6,-0.15,88.0
2026-07-28,1598,315908.0,6159896.0,19.7,19.8,19.05,19.75,0.15,223.0
2026-07-29,1598,4037036.0,86248012.0,21.0,21.7,20.2,20.75,1.0,3432.0
2026-07-30,1598,1166098.0,23667640.0,20.65,21.1,19.8,19.8,-0.95,761.0
2026-07-31,1598,452819.0,9165194.0,20.3,20.7,20.0,20.1,0.3,353.0
2026-08-03,1598,310304.0,6186259.0,20.05,20.15,19.65,20.15,0.05,324.0
2026-08-04,1598,313521.0,6337650.0,19.85,20.5,19.7,20.45,0.3,249.0
2026-08-05,1598,317714.0,6413389.0,20.45,20.5,20.05,20.15,-0.3,216.0
2026-08-06,1598,128523.0,2564681.0,20.1,20.1,19.85,20.0,-0.15,94.0
2026-08-07,1598,241234.0,4894603.0,20.1,20.4,20.0,20.3,0.3,128.0
2026-08-10,1598,117655.0,2384307.0,20.45,20.45,20.15,20.35,0.05,91.0
2026-08-11,1598,363241.0,7435190.0,20.45,20.65,20.2,20.6,0.25,211.0
2026-08-12,1598,257178.0,5276384.0,20.6,20.7,20.4,20.6,0.0,134.0
2026-08-13,1598,249917.0,5063144.0,20.65,20.65,20.1,20.2,-0.4,240.0
2026-08-14,1598,538859.0,11042761.0,20.2,20.75,20.05,20.55,0.35,422.0
2026-08-17,1598,406006.0,8195014.0,20.55,20.8,19.9,20.0,-0.55,279.0
2026-08-18,1598,743103.0,14765798.0,20.1,20.15,19.8,19.85,-0.15,181.0
2026-08-19,1598,182277.0,3597290.0,19.5,20.15,19.5,19.65,-0.2,133.0
2026-08-20,1598,140280.0,2787086.0,19.75,20.15,19.7,20.15,0.5,104.0
2026-08-21,1598,95667.0,1930878.0,20.15,20.3,20.0,20.3,0.15,99.0
2026-08-24,1598,703040.0,14558475.0,20.3,21.15,20.3,20.95,0.65,464.0
2026-08-25,1598,180140.0,3694526.0,20.75,20.75,20.4,20.55,-0.4,122.0
2026-08-26,1598,119284.0,2446004.0,20.5,20.8,20.35,20.6,0.05,113.0
2026-08-27,1598,129518.0,2660061.0,20.6,20.65,20.4,20.65,0.05,96.0
2026-08-28,1598,229049.0,4690520.0,20.7,20.7,20.2,20.6,-0.05,209.0
2026-08-31,1598,118434.0,2409898.0,20.7,20.7,20.25,20.25,-0.35,106.0
2026-09-01,1598,81708.0,1655715.0,20.35,20.4,20.15,20.25,0.0,60.0
2026-09-02,1598,84032.0,1690034.0,20.2,20.2,20.05,20.15,-0.1,113.0
2026-09-03,1598,123957.0,2473544.0,20.15,20.15,19.8,19.9,-0.25,210.0
2026-09-04,1598,233793.0,4708601.0,19.9,20.55,19.7,20.2,0.3,196.0
2026-09-07,1598,311260.0,6350225.0,20.35,20.55,20.1,20.5,0.3,170.0
2026-09-08,1598,126129.0,2593958.0,20.5,20.65,20.5,20.55,0.05,98.0
2026-09-09,1598,699525.0,14784993.0,20.85,21.6,20.85,21.1,0.55,509.0
2026-09-10,1598,167413.0,3496068.0,21.2,21.2,20.65,20.85,-0.25,119.0
2026-09-11,1598,130090.0,2673424.0,20.95,20.95,20.35,20.5,-0.35,252.0
