date,stock_id,Trading_Volume,Trading_money,open,max,min,close,spread,Trading_turnover
2016-01-04,1730,110000.0,3883050.0,35.5,35.65,35.0,35.0,-0.75,85.0
2016-01-05,1730,140059.0,4856765.0,34.8,34.95,34.55,34.55,-0.45,100.0
2016-01-06,1730,618311.0,20604094.0,34.15,34.2,32.9,33.55,-1.0,282.0
2016-01-07,1730,280097.0,9327505.0,34.0,34.1,32.9,33.0,-0.55,163.0
2016-01-08,1730,123000.0,4179750.0,33.0,34.85,33.0,34.4,1.4,85.0
2016-01-11,1730,215000.0,7260200.0,34.0,34.0,33.55,33.8,-0.6,112.0
2016-01-12,1730,186010.0,6272564.0,34.0,34.1,33.5,33.5,-0.3,101.0
2016-01-13,1730,278000.0,9472050.0,33.5,34.85,33.5,34.0,0.5,130.0
2016-01-14,1730,265423.0,8932475.0,33.95,33.95,33.45,33.55,-0.45,103.0
2016-01-15,1730,248000.0,8471800.0,33.75,34.6,33.75,34.4,0.85,108.0
2016-01-18,1730,240000.0,8170800.0,34.0,34.45,33.55,34.45,0.05,98.0
2016-01-19,1730,182000.0,6338500.0,34.0,35.4,34.0,35.4,0.95,105.0
2016-01-20,1730,111260.0,3898248.0,35.4,35.4,34.65,35.0,-0.4,83.0
2016-01-21,1730,158000.0,5476550.0,35.0,35.0,34.3,34.8,-0.2,107.0
2016-01-22,1730,119000.0,4152000.0,34.8,35.15,34.65,35.0,0.2,67.0
2016-01-25,1730,100140.0,3525062.0,35.2,35.4,34.9,35.3,0.3,59.0
2016-01-26,1730,128000.0,4455850.0,35.2,35.25,34.6,34.85,-0.45,60.0
2016-01-27,1730,169000.0,5803300.0,35.1,35.1,33.95,34.5,-0.35,104.0
2016-01-28,1730,122068.0,4159916.0,34.1,34.4,33.55,34.4,-0.1,82.0
2016-01-29,1730,249000.0,8660850.0,34.2,35.7,34.2,35.2,0.8,135.0
2016-01-30,1730,133000.0,4675150.0,35.2,35.4,34.9,35.25,0.05,83.0
2016-02-01,1730,155070.0,5379477.0,35.0,35.1,34.15,34.7,0.0,83.0
2016-02-02,1730,145500.0,5047700.0,34.7,34.8,34.5,34.5,-0.2,111.0
2016-02-03,1730,2516397.0,92110647.0,34.9,37.8,34.9,36.9,2.4,1347.0
2016-02-15,1730,1059343.0,39341384.0,37.0,38.0,36.2,37.0,0.1,605.0
2016-02-16,1730,436081.0,16041628.0,37.5,37.7,36.3,36.6,-0.4,262.0
2016-02-17,1730,268364.0,9722326.0,37.0,37.0,36.1,36.4,-0.2,195.0
2016-02-18,1730,345309.0,12506877.0,36.5,36.6,36.05,36.05,-0.35,204.0
2016-02-19,1730,270220.0,9804156.0,36.6,36.6,36.1,36.4,0.35,164.0
2016-02-22,1730,210047.0,7599365.0,36.15,36.4,36.05,36.15,-0.25,139.0
2016-02-23,1730,240346.0,8758496.0,36.9,37.0,36.2,36.4,0.25,190.0
2016-02-24,1730,398100.0,14474800.0,36.5,37.0,35.8,35.8,-0.6,216.0
2016-02-25,1730,160200.0,5790699.0,36.4,36.45,35.9,36.1,0.3,109.0
2016-02-26,1730,230000.0,8408349.0,36.3,36.9,36.25,36.5,0.4,135.0
2016-03-01,1730,447675.0,16548887.0,37.0,37.45,36.55,37.0,0.5,229.0
2016-03-02,1730,283919.0,10641011.0,37.5,37.75,37.25,37.4,0.4,199.0
2016-03-03,1730,408310.0,15110390.0,37.5,37.5,36.6,36.8,-0.6,256.0
2016-03-04,1730,252400.0,9295750.0,37.0,37.0,36.7,36.7,-0.1,173.0
2016-03-07,1730,406224.0,14873553.0,36.65,36.85,36.45,36.85,0.15,359.0
2016-03-08,1730,230934.0,8437125.0,36.6,36.85,36.3,36.6,-0.25,162.0
2016-03-09,1730,431574.0,15925541.0,36.5,37.1,36.35,36.95,0.35,266.0
2016-03-10,1730,389977.0,14528286.0,36.75,37.65,36.75,37.65,0.7,242.0
2016-03-11,1730,341620.0,12784102.0,37.7,37.85,37.2,37.4,-0.25,183.0
2016-03-14,1730,189337.0,7076828.0,37.5,37.5,37.3,37.35,-0.05,138.0
2016-03-15,1730,190624.0,7049061.0,37.35,37.35,36.5,36.75,-0.6,137.0
2016-03-16,1730,209614.0,7737868.0,36.75,37.05,36.6,37.0,0.25,131.0
2016-03-17,1730,201837.0,7471874.0,37.2,37.3,36.85,36.85,-0.15,129.0
2016-03-18,1730,194569.0,7157036.0,36.85,37.0,36.6,36.8,-0.05,121.0
2016-03-21,1730,161530.0,5961555.0,37.0,37.0,36.85,36.9,0.1,102.0
2016-03-22,1730,144281.0,5331768.0,36.9,37.0,36.9,36.95,0.05,90.0
2016-03-23,1730,340244.0,12478777.0,37.05,37.05,36.45,36.6,-0.35,162.0
2016-03-24,1730,203209.0,7385478.0,36.6,36.7,36.0,36.5,-0.1,109.0
2016-03-25,1730,311627.0,11564340.0,36.75,37.3,36.75,37.0,0.5,123.0
2016-03-28,1730,189235.0,7010716.0,37.0,37.2,36.8,36.9,-0.1,104.0
2016-03-29,1730,213231.0,7797857.0,36.9,36.95,36.3,36.35,-0.55,139.0
2016-03-30,1730,115087.0,4200373.0,36.7,36.7,36.4,36.5,0.15,72.0
2016-03-31,1730,78100.0,2858364.0,37.0,37.0,36.5,36.55,0.05,51.0
2016-04-01,1730,140949.0,5154534.0,36.6,36.75,36.4,36.6,0.05,87.0
2016-04-06,1730,120186.0,4390515.0,36.7,36.7,36.4,36.65,0.05,79.0
2016-04-07,1730,64574.0,2357511.0,36.5,36.7,36.4,36.7,0.05,40.0
2016-04-08,1730,149055.0,5464271.0,36.7,37.15,36.6,36.6,-0.1,69.0
2016-04-11,1730,346477.0,12809219.0,36.85,37.35,36.75,36.95,0.35,156.0
2016-04-12,1730,358679.0,13306873.0,37.0,37.25,36.8,37.05,0.1,153.0
2016-04-13,1730,330224.0,12370949.0,37.2,37.7,37.2,37.4,0.35,205.0
2016-04-14,1730,218249.0,8216209.0,37.45,37.8,37.45,37.75,0.35,137.0
2016-04-15,1730,287679.0,10934980.0,37.85,38.5,37.7,37.85,0.1,173.0
2016-04-18,1730,149664.0,5660215.0,37.85,37.95,37.6,37.7,-0.15,85.0
2016-04-19,1730,285863.0,10948294.0,37.7,39.8,37.7,38.1,0.4,156.0
2016-04-20,1730,156036.0,5891803.0,38.7,38.7,37.5,37.9,-0.2,114.0
2016-04-21,1730,227145.0,8568193.0,38.0,38.0,37.45,38.0,0.1,122.0
2016-04-22,1730,101747.0,3827186.0,38.0,38.0,37.35,37.5,-0.5,67.0
2016-04-25,1730,88422.0,3318073.0,37.5,37.75,37.5,37.5,0.0,55.0
2016-04-26,1730,137057.0,5181341.0,37.5,38.1,37.5,37.85,0.35,69.0
2016-04-27,1730,119391.0,4562958.0,38.5,38.5,37.9,38.05,0.2,71.0
2016-04-28,1730,168500.0,6402299.0,38.1,38.15,37.8,38.05,0.0,87.0
2016-04-29,1730,62777.0,2376631.0,38.1,38.15,37.75,37.8,-0.25,37.0
2016-05-03,1730,127637.0,4822478.0,37.85,37.9,37.6,37.7,-0.1,71.0
2016-05-04,1730,105440.0,3961258.0,37.7,37.7,37.4,37.4,-0.3,67.0
2016-05-05,1730,42157.0,1576994.0,37.5,37.6,37.3,37.6,0.2,33.0
2016-05-06,1730,43260.0,1629175.0,38.05,38.05,37.5,37.5,-0.1,33.0
2016-05-09,1730,86150.0,3222782.0,37.5,37.8,37.2,37.2,-0.3,49.0
2016-05-10,1730,69502.0,2609024.0,37.6,37.65,37.25,37.5,0.3,45.0
2016-05-11,1730,56500.0,2118449.0,37.5,37.55,37.45,37.45,-0.05,37.0
2016-05-12,1730,56081.0,2104010.0,37.55,37.6,37.45,37.45,0.0,37.0
2016-05-13,1730,72243.0,2701049.0,37.5,37.5,37.25,37.4,-0.05,56.0
2016-05-16,1730,135627.0,5030349.0,37.2,37.35,36.8,36.8,-0.6,90.0
2016-05-17,1730,64000.0,2377000.0,36.8,37.35,36.8,37.35,0.55,39.0
2016-05-18,1730,62349.0,2309335.0,37.0,37.3,36.85,36.95,-0.4,40.0
2016-05-19,1730,64364.0,2385526.0,36.9,37.2,36.9,37.2,0.25,44.0
2016-05-20,1730,52001.0,1919887.0,37.2,37.2,36.8,37.0,-0.2,33.0
2016-05-23,1730,100004.0,3716198.0,37.0,37.4,36.9,37.4,0.4,40.0
2016-05-24,1730,76318.0,2828129.0,37.05,37.35,37.0,37.1,-0.3,47.0
2016-05-25,1730,107056.0,3973078.0,37.45,37.45,36.85,36.85,-0.25,63.0
2016-05-26,1730,65458.0,2422241.0,37.0,37.1,36.9,37.0,0.15,33.0
2016-05-27,1730,110514.0,4081717.0,37.25,37.25,36.5,37.1,0.1,78.0
2016-05-30,1730,105837.0,3922635.0,37.3,37.3,36.85,37.05,-0.05,64.0
2016-05-31,1730,101000.0,3733050.0,37.0,37.1,36.9,36.9,-0.15,58.0
2016-06-01,1730,117223.0,4341106.0,36.9,37.25,36.8,37.0,0.1,82.0
2016-06-02,1730,102104.0,3786368.0,37.2,37.2,36.95,36.95,-0.05,40.0
2016-06-03,1730,52000.0,1922900.0,36.95,37.2,36.9,36.9,-0.05,29.0
2016-06-04,1730,103089.0,3808001.0,36.95,37.1,36.8,37.1,0.2,47.0
2016-06-06,1730,186135.0,6866365.0,37.1,37.15,36.8,36.85,-0.25,60.0
2016-06-07,1730,69024.0,2551182.0,37.75,37.75,36.85,36.85,0.0,45.0
2016-06-08,1730,78616.0,2904727.0,37.2,37.2,36.85,36.9,0.05,43.0
2016-06-13,1730,82890.0,3055490.0,36.9,36.95,36.8,36.95,0.05,54.0
2016-06-14,1730,85155.0,3124911.0,36.9,36.9,36.6,36.75,-0.2,58.0
2016-06-15,1730,69100.0,2535950.0,36.8,36.85,36.6,36.75,0.0,43.0
2016-06-16,1730,84790.0,3125450.0,36.8,36.95,36.8,36.8,0.05,60.0
2016-06-17,1730,91533.0,3382044.0,37.0,37.0,36.85,36.9,0.1,45.0
2016-06-20,1730,138000.0,5100950.0,37.0,37.0,36.9,36.95,0.05,62.0
2016-06-21,1730,190128.0,7045286.0,37.0,37.2,36.95,37.2,0.25,89.0
2016-06-22,1730,72186.0,2673001.0,37.05,37.2,37.0,37.0,-0.2,52.0
2016-06-23,1730,78369.0,2897703.0,37.0,37.1,36.9,37.0,0.0,51.0
2016-06-24,1730,89926.0,3311183.0,37.0,37.0,36.7,36.7,-0.3,71.0
2016-06-27,1730,73152.0,2684148.0,36.5,36.85,36.5,36.6,-0.1,53.0
2016-06-28,1730,48207.0,1767184.0,36.55,36.7,36.55,36.6,0.0,35.0
2016-06-29,1730,62352.0,2293802.0,36.75,36.9,36.65,36.8,0.2,41.0
2016-06-30,1730,48368.0,1784392.0,36.9,37.0,36.75,36.95,0.15,31.0
2016-07-01,1730,103523.0,3817398.0,37.0,37.0,36.8,36.85,-0.1,58.0
2016-07-04,1730,40123.0,1479874.0,36.8,37.0,36.75,36.9,0.05,25.0
2016-07-05,1730,231052.0,8503624.0,36.9,37.05,36.65,36.7,-0.2,106.0
2016-07-06,1730,134050.0,4935735.0,37.45,37.45,36.65,36.7,0.0,94.0
2016-07-07,1730,149025.0,5474525.0,36.8,36.9,36.65,36.8,0.1,81.0
2016-07-11,1730,107000.0,3942750.0,36.8,36.95,36.7,36.95,0.15,71.0
2016-07-12,1730,166753.0,6144443.0,36.9,36.9,36.8,36.8,-0.15,86.0
2016-07-13,1730,118283.0,4355371.0,36.8,36.9,36.75,36.75,-0.05,66.0
2016-07-14,1730,113100.0,4164465.0,36.75,36.95,36.75,36.85,0.1,70.0
2016-07-15,1730,168155.0,6234240.0,36.95,37.2,36.95,37.15,0.3,92.0
2016-07-18,1730,161470.0,6003675.0,37.2,37.3,37.15,37.15,0.0,98.0
2016-07-19,1730,100040.0,3725904.0,37.5,37.5,37.05,37.35,0.2,66.0
2016-07-20,1730,77314.0,2886374.0,37.35,37.4,37.3,37.35,0.0,54.0
2016-07-21,1730,105304.0,3954128.0,37.4,37.65,37.35,37.6,0.25,71.0
2016-07-22,1730,99278.0,3733085.0,37.6,37.7,37.55,37.6,0.0,57.0
2016-07-25,1730,129122.0,4862636.0,37.6,37.75,37.6,37.75,0.15,70.0
2016-07-26,1730,138200.0,5209739.0,37.8,37.8,37.6,37.7,-0.05,76.0
2016-07-27,1730,135053.0,5096464.0,37.8,37.8,37.7,37.7,0.0,60.0
2016-07-28,1730,116214.0,4389009.0,38.0,38.0,37.7,37.7,0.0,66.0
2016-07-29,1730,188001.0,7080637.0,37.7,37.8,37.45,37.65,-0.05,96.0
2016-08-01,1730,252092.0,9595020.0,38.0,38.5,37.85,38.25,0.6,158.0
2016-08-02,1730,280582.0,10800602.0,38.5,38.6,38.4,38.4,0.15,182.0
2016-08-03,1730,539017.0,20944815.0,38.6,39.0,38.55,39.0,0.6,327.0
2016-08-04,1730,432511.0,16330118.0,37.95,38.0,37.5,37.7,0.0,285.0
2016-08-05,1730,208311.0,7908035.0,38.2,38.65,37.7,37.75,0.05,124.0
2016-08-08,1730,169087.0,6336573.0,37.75,37.9,37.2,37.4,-0.35,95.0
2016-08-09,1730,178352.0,6677013.0,38.0,38.0,37.2,37.25,-0.15,123.0
2016-08-10,1730,181821.0,6744389.0,37.3,37.3,37.0,37.0,-0.25,115.0
2016-08-11,1730,324010.0,11899023.0,37.0,37.0,36.5,36.95,-0.05,201.0
2016-08-12,1730,170750.0,6268975.0,36.8,36.95,36.6,36.75,-0.2,92.0
2016-08-15,1730,90478.0,3330613.0,37.0,37.0,36.7,36.75,0.0,65.0
2016-08-16,1730,77498.0,2856699.0,36.7,37.0,36.7,36.9,0.15,55.0
2016-08-17,1730,111166.0,4103890.0,36.9,37.0,36.8,36.85,-0.05,75.0
2016-08-18,1730,111642.0,4128995.0,37.0,37.1,36.9,37.05,0.2,57.0
2016-08-19,1730,87876.0,3251100.0,37.1,37.1,36.9,37.0,-0.05,68.0
2016-08-22,1730,87000.0,3209900.0,37.0,37.0,36.8,36.85,-0.15,54.0
2016-08-23,1730,68386.0,2533532.0,37.0,37.5,36.85,36.9,0.05,45.0
2016-08-24,1730,61000.0,2253850.0,37.0,37.0,36.85,36.85,-0.05,27.0
2016-08-25,1730,61556.0,2275583.0,36.9,37.0,36.85,36.95,0.1,39.0
2016-08-26,1730,76626.0,2838504.0,36.95,37.15,36.95,37.15,0.2,52.0
2016-08-29,1730,91280.0,3392965.0,37.3,37.3,37.1,37.2,0.05,53.0
2016-08-30,1730,101036.0,3763189.0,37.3,37.45,37.2,37.2,0.0,60.0
2016-08-31,1730,99300.0,3683149.0,37.2,37.2,37.0,37.05,-0.15,50.0
2016-09-01,1730,109300.0,4041765.0,36.85,37.15,36.8,37.0,-0.05,62.0
2016-09-02,1730,89362.0,3314684.0,37.0,37.2,36.95,37.2,0.2,63.0
2016-09-05,1730,71168.0,2631049.0,37.0,37.1,36.85,37.0,-0.2,52.0
2016-09-06,1730,60100.0,2221565.0,37.0,37.1,36.85,37.0,0.0,43.0
2016-09-07,1730,83100.0,3066980.0,37.0,37.0,36.85,36.85,-0.15,51.0
2016-09-08,1730,38310.0,1416885.0,37.0,37.1,36.9,36.9,0.05,29.0
2016-09-09,1730,64229.0,2372873.0,36.9,37.05,36.85,36.95,0.05,35.0
2016-09-10,1730,91366.0,3368953.0,36.9,36.95,36.8,36.85,-0.1,60.0
2016-09-12,1730,148020.0,5438940.0,36.8,36.85,36.55,36.55,-0.3,84.0
2016-09-13,1730,67332.0,2464934.0,36.85,36.85,36.5,36.55,0.0,51.0
2016-09-14,1730,99000.0,3604900.0,36.4,36.45,36.35,36.4,-0.15,66.0
2016-09-19,1730,56306.0,2056772.0,36.45,36.7,36.4,36.5,0.1,33.0
2016-09-20,1730,43529.0,1592887.0,36.55,36.7,36.5,36.55,0.05,24.0
2016-09-21,1730,71756.0,2633295.0,36.6,36.85,36.6,36.7,0.15,55.0
2016-09-22,1730,47753.0,1753635.0,36.7,36.8,36.65,36.8,0.1,30.0
2016-09-23,1730,69168.0,2540491.0,37.0,37.0,36.6,36.7,-0.1,39.0
2016-09-26,1730,69739.0,2554023.0,36.6,36.7,36.55,36.6,-0.1,47.0
2016-09-29,1730,105000.0,3850000.0,36.8,36.95,36.5,36.55,-0.05,63.0
2016-09-30,1730,105000.0,3832350.0,36.55,36.55,36.45,36.45,-0.1,58.0
2016-10-03,1730,71071.0,2591790.0,36.5,36.55,36.4,36.5,0.05,53.0
2016-10-04,1730,51700.0,1886050.0,36.5,36.5,36.45,36.5,0.0,27.0
2016-10-05,1730,46100.0,1683600.0,36.45,36.6,36.45,36.6,0.1,27.0
2016-10-06,1730,87717.0,3196396.0,36.5,36.55,36.4,36.4,-0.2,51.0
2016-10-07,1730,81999.0,2982663.0,36.35,36.5,36.3,36.45,0.05,39.0
2016-10-11,1730,94200.0,3428950.0,36.45,36.55,36.3,36.3,-0.15,57.0
2016-10-12,1730,69687.0,2529304.0,36.2,36.45,36.2,36.4,0.1,49.0
2016-10-13,1730,57700.0,2093763.0,36.5,36.5,36.2,36.25,-0.15,41.0
2016-10-14,1730,63684.0,2302790.0,36.25,36.25,36.1,36.1,-0.15,52.0
2016-10-17,1730,70100.0,2534840.0,36.05,36.3,36.0,36.1,0.0,43.0
2016-10-18,1730,43666.0,1578855.0,36.1,36.3,36.05,36.2,0.1,31.0
2016-10-19,1730,50570.0,1830976.0,36.45,36.45,36.1,36.2,0.0,34.0
2016-10-20,1730,69001.0,2496286.0,36.2,36.25,36.1,36.2,0.0,43.0
2016-10-21,1730,65350.0,2365640.0,36.2,36.4,36.1,36.1,-0.1,43.0
2016-10-24,1730,55541.0,2004818.0,36.1,36.3,36.05,36.05,-0.05,32.0
2016-10-25,1730,56082.0,2023980.0,36.05,36.15,36.05,36.1,0.05,32.0
2016-10-26,1730,43237.0,1565564.0,36.3,36.3,36.1,36.3,0.2,29.0
2016-10-27,1730,45264.0,1638756.0,36.3,36.3,36.15,36.25,-0.05,30.0
2016-10-28,1730,111000.0,4014949.0,36.3,36.3,36.0,36.2,-0.05,49.0
2016-10-31,1730,143630.0,5240006.0,36.45,36.6,36.35,36.5,0.3,82.0
2016-11-01,1730,54100.0,1982030.0,36.7,36.8,36.55,36.6,0.1,33.0
2016-11-02,1730,96735.0,3539710.0,36.85,36.85,36.55,36.55,-0.05,60.0
2016-11-03,1730,52631.0,1920372.0,36.4,36.6,36.4,36.55,0.0,35.0
2016-11-04,1730,73131.0,2657553.0,36.4,36.55,36.25,36.3,-0.25,56.0
2016-11-07,1730,45484.0,1653816.0,36.3,36.5,36.3,36.35,0.05,27.0
2016-11-08,1730,55100.0,2000350.0,36.3,36.4,36.25,36.3,-0.05,32.0
2016-11-09,1730,200500.0,7243050.0,36.2,36.4,35.9,35.9,-0.4,123.0
2016-11-10,1730,152401.0,5560163.0,36.6,36.7,36.25,36.65,0.75,80.0
2016-11-11,1730,66000.0,2405800.0,36.5,36.6,36.3,36.45,-0.2,31.0
2016-11-14,1730,83233.0,3027055.0,36.45,36.5,36.3,36.35,-0.1,45.0
2016-11-15,1730,69104.0,2505840.0,36.45,36.45,36.15,36.4,0.05,47.0
2016-11-16,1730,49000.0,1780300.0,36.4,36.45,36.2,36.3,-0.1,30.0
2016-11-17,1730,51446.0,1868422.0,36.3,36.4,36.25,36.4,0.1,37.0
2016-11-18,1730,107400.0,3925810.0,36.5,36.7,36.4,36.5,0.1,62.0
2016-11-21,1730,68356.0,2511531.0,36.6,36.85,36.5,36.75,0.25,57.0
2016-11-22,1730,195185.0,7229927.0,36.75,37.35,36.75,37.35,0.6,116.0
2016-11-23,1730,121209.0,4540265.0,37.3,37.6,37.3,37.4,0.05,87.0
2016-11-24,1730,94500.0,3541949.0,37.4,37.65,37.4,37.5,0.1,58.0
2016-11-25,1730,72296.0,2706933.0,37.45,37.5,37.35,37.4,-0.1,54.0
2016-11-28,1730,82453.0,3075545.0,37.4,37.4,37.15,37.35,-0.05,56.0
2016-11-29,1730,56052.0,2091455.0,37.35,37.4,37.25,37.3,-0.05,43.0
2016-11-30,1730,109024.0,4093290.0,37.8,37.8,37.35,37.6,0.3,78.0
2016-12-01,1730,62654.0,2354823.0,37.6,37.7,37.45,37.6,0.0,47.0
2016-12-02,1730,119069.0,4497307.0,37.75,37.9,37.7,37.8,0.2,90.0
2016-12-05,1730,142335.0,5402630.0,37.85,38.05,37.85,38.0,0.2,103.0
2016-12-06,1730,151452.0,5770691.0,38.05,38.2,38.05,38.15,0.15,92.0
2016-12-07,1730,148000.0,5655300.0,38.5,38.6,38.05,38.1,-0.05,102.0
2016-12-08,1730,173357.0,6588692.0,38.0,38.1,37.95,38.0,-0.1,94.0
2016-12-09,1730,172050.0,6539950.0,38.0,38.1,37.95,38.0,0.0,77.0
2016-12-12,1730,128962.0,4906547.0,38.1,38.4,38.0,38.05,0.05,77.0
2016-12-13,1730,72365.0,2760187.0,38.1,38.25,38.1,38.2,0.15,52.0
2016-12-14,1730,83258.0,3187845.0,38.25,38.45,38.25,38.4,0.2,59.0
2016-12-15,1730,131523.0,5083461.0,38.5,38.85,38.5,38.65,0.25,98.0
2016-12-16,1730,109954.0,4262514.0,38.8,39.0,38.7,38.75,0.1,70.0
2016-12-19,1730,138400.0,5356530.0,38.9,38.9,38.6,38.65,-0.1,71.0
2016-12-20,1730,66408.0,2557656.0,38.45,38.7,38.4,38.4,-0.25,48.0
2016-12-21,1730,122000.0,4655300.0,38.4,38.4,38.0,38.0,-0.4,64.0
2016-12-22,1730,72274.0,2749874.0,38.05,38.25,38.0,38.0,0.0,47.0
2016-12-23,1730,63100.0,2400804.0,38.05,38.1,38.0,38.05,0.05,41.0
2016-12-26,1730,77200.0,2935468.0,38.1,38.35,37.9,38.0,-0.05,58.0
2016-12-27,1730,59088.0,2249316.0,38.0,38.2,37.95,38.2,0.2,34.0
2016-12-28,1730,40000.0,1524750.0,38.3,38.4,38.05,38.05,-0.15,23.0
2016-12-29,1730,64534.0,2455498.0,38.1,38.25,37.9,38.05,0.0,43.0
2016-12-30,1730,51150.0,1948694.0,38.05,38.2,38.05,38.1,0.05,31.0
2017-01-03,1730,73400.0,2792340.0,38.3,38.3,38.0,38.0,-0.1,39.0
2017-01-04,1730,70308.0,2677080.0,38.0,38.15,38.0,38.05,0.05,38.0
2017-01-05,1730,50096.0,1910435.0,38.05,38.25,38.05,38.25,0.2,33.0
2017-01-06,1730,43415.0,1657426.0,38.2,38.45,38.1,38.15,-0.1,31.0
2017-01-09,1730,62001.0,2362338.0,38.05,38.3,38.05,38.2,0.05,33.0
2017-01-10,1730,47500.0,1808400.0,38.1,38.2,38.05,38.05,-0.15,26.0
2017-01-11,1730,93052.0,3538028.0,38.1,38.1,38.0,38.05,0.0,63.0
2017-01-12,1730,51000.0,1941750.0,38.1,38.3,38.05,38.05,0.0,31.0
2017-01-13,1730,58360.0,2222397.0,38.05,38.15,38.05,38.05,0.0,30.0
2017-01-16,1730,45030.0,1717750.0,38.1,38.25,38.1,38.1,0.05,25.0
2017-01-17,1730,48000.0,1828250.0,38.1,38.1,38.05,38.05,-0.05,27.0
2017-01-18,1730,75614.0,2881140.0,38.1,38.15,38.05,38.1,0.05,51.0
2017-01-19,1730,70384.0,2680649.0,38.1,38.15,38.05,38.15,0.05,47.0
2017-01-20,1730,69500.0,2650099.0,38.25,38.25,38.0,38.15,0.0,35.0
2017-01-23,1730,89252.0,3410150.0,38.35,38.35,38.05,38.2,0.05,52.0
2017-01-24,1730,58452.0,2227610.0,38.1,38.3,38.05,38.1,-0.1,43.0
2017-02-02,1730,73322.0,2800631.0,38.2,38.3,38.1,38.1,0.0,50.0
2017-02-03,1730,71206.0,2725059.0,38.1,38.35,38.1,38.25,0.15,46.0
2017-02-06,1730,134680.0,5182411.0,38.45,38.55,38.4,38.4,0.15,84.0
2017-02-07,1730,60311.0,2314889.0,38.4,38.4,38.3,38.4,0.0,46.0
2017-02-08,1730,56700.0,2176699.0,38.4,38.5,38.3,38.45,0.05,43.0
2017-02-09,1730,80533.0,3088138.0,38.45,38.45,38.3,38.3,-0.15,55.0
2017-02-10,1730,55012.0,2112611.0,38.4,38.5,38.35,38.4,0.1,36.0
2017-02-13,1730,307150.0,11960264.0,38.75,39.6,38.55,39.0,0.6,185.0
2017-02-14,1730,183678.0,7239476.0,39.8,39.8,39.1,39.3,0.3,126.0
2017-02-15,1730,94602.0,3703747.0,39.4,39.4,39.05,39.1,-0.2,68.0
2017-02-16,1730,103680.0,4053270.0,39.0,39.15,39.0,39.15,0.05,66.0
2017-02-17,1730,134646.0,5252444.0,39.2,39.2,38.9,39.0,-0.15,68.0
2017-02-18,1730,72251.0,2815625.0,38.95,39.0,38.85,38.95,-0.05,41.0
2017-02-20,1730,66105.0,2575399.0,38.9,39.0,38.9,38.95,0.0,41.0
2017-02-21,1730,53952.0,2102378.0,39.0,39.0,38.9,39.0,0.05,34.0
2017-02-22,1730,80329.0,3128962.0,39.0,39.0,38.8,38.95,-0.05,44.0
2017-02-23,1730,73712.0,2868918.0,38.9,39.1,38.8,39.0,0.05,55.0
2017-02-24,1730,118596.0,4639790.0,39.1,39.25,39.0,39.25,0.25,88.0
2017-03-01,1730,152369.0,6016853.0,39.5,39.75,39.3,39.7,0.45,102.0
2017-03-02,1730,98337.0,3904361.0,39.7,39.75,39.65,39.65,-0.05,65.0
2017-03-03,1730,103454.0,4107986.0,39.65,39.9,39.65,39.7,0.05,59.0
2017-03-06,1730,117374.0,4688765.0,40.15,40.2,39.8,39.95,0.25,78.0
2017-03-07,1730,117205.0,4695967.0,40.0,40.2,40.0,40.1,0.15,92.0
2017-03-08,1730,186483.0,7593353.0,40.4,40.9,40.4,40.7,0.6,136.0
2017-03-09,1730,212011.0,8635596.0,40.7,40.85,40.6,40.85,0.15,108.0
2017-03-10,1730,187520.0,7570670.0,40.85,40.85,40.2,40.8,-0.05,89.0
2017-03-13,1730,307675.0,12433187.0,40.5,40.7,39.8,40.05,-0.75,182.0
2017-03-14,1730,76378.0,3071312.0,40.05,40.35,40.05,40.25,0.2,61.0
2017-03-15,1730,76108.0,3057346.0,40.3,40.3,40.1,40.15,-0.1,58.0
2017-03-16,1730,150261.0,6031954.0,40.2,40.2,40.1,40.2,0.05,89.0
2017-03-17,1730,149630.0,6019835.0,40.4,40.4,40.2,40.25,0.05,108.0
2017-03-20,1730,153054.0,6149743.0,40.2,40.25,40.15,40.15,-0.1,93.0
2017-03-21,1730,175224.0,7024627.0,40.1,40.35,40.0,40.15,0.0,96.0
2017-03-22,1730,112200.0,4488500.0,40.0,40.15,39.9,40.0,-0.15,84.0
2017-03-23,1730,87486.0,3508633.0,40.05,40.55,39.95,40.2,0.2,61.0
2017-03-24,1730,99120.0,3968772.0,40.15,40.15,40.0,40.0,-0.2,64.0
2017-03-27,1730,141104.0,5627660.0,40.0,40.05,39.8,39.9,-0.1,102.0
2017-03-28,1730,131631.0,5257854.0,40.0,40.25,39.8,39.9,0.0,78.0
2017-03-29,1730,47000.0,1875950.0,40.0,40.0,39.8,39.9,0.0,29.0
2017-03-30,1730,45111.0,1801522.0,40.0,40.0,39.9,40.0,0.1,33.0
2017-03-31,1730,97979.0,3906760.0,40.0,40.0,39.8,39.85,-0.15,55.0
2017-04-05,1730,124325.0,4965950.0,39.85,40.5,39.85,40.0,0.15,81.0
2017-04-06,1730,106253.0,4238946.0,40.0,40.0,39.85,39.85,-0.15,60.0
2017-04-07,1730,71335.0,2836850.0,39.9,39.9,39.6,39.8,-0.05,49.0
2017-04-10,1730,100275.0,3981900.0,39.75,39.9,39.6,39.7,-0.1,60.0
2017-04-11,1730,301779.0,11792305.0,39.6,39.6,38.85,39.0,-0.7,206.0
2017-04-12,1730,171598.0,6632104.0,39.0,39.0,38.4,38.65,-0.35,130.0
2017-04-13,1730,79125.0,3073525.0,38.65,38.9,38.65,38.9,0.25,50.0
2017-04-14,1730,108156.0,4178135.0,38.8,38.8,38.55,38.6,-0.3,77.0
2017-04-17,1730,71000.0,2738846.0,38.7,38.7,38.5,38.5,-0.1,59.0
2017-04-18,1730,52004.0,2007255.0,38.5,38.7,38.5,38.55,0.05,29.0
2017-04-19,1730,48978.0,1888100.0,38.6,38.6,38.5,38.5,-0.05,34.0
2017-04-20,1730,65051.0,2503220.0,38.6,38.6,38.4,38.4,-0.1,44.0
2017-04-21,1730,157835.0,6051495.0,38.4,38.6,38.1,38.5,0.1,83.0
2017-04-24,1730,108210.0,4147777.0,38.55,38.55,38.2,38.4,-0.1,57.0
2017-04-25,1730,80405.0,3096162.0,38.4,38.7,38.4,38.6,0.2,45.0
2017-04-26,1730,62300.0,2402650.0,38.6,38.65,38.45,38.65,0.05,37.0
2017-04-27,1730,50400.0,1954220.0,38.75,39.0,38.65,38.8,0.15,31.0
2017-04-28,1730,65126.0,2536888.0,39.0,39.3,38.85,38.95,0.15,43.0
2017-05-02,1730,70223.0,2736189.0,38.95,39.1,38.9,39.0,0.05,43.0
2017-05-03,1730,72256.0,2816624.0,39.1,39.1,38.9,39.0,0.0,40.0
2017-05-04,1730,86100.0,3364840.0,39.0,39.35,39.0,39.3,0.3,51.0
2017-05-05,1730,67235.0,2640044.0,39.4,39.5,39.15,39.35,0.05,50.0
2017-05-08,1730,65650.0,2581290.0,39.5,39.5,39.2,39.3,-0.05,46.0
2017-05-09,1730,97100.0,3818449.0,39.35,39.4,39.3,39.35,0.05,53.0
2017-05-10,1730,59053.0,2312929.0,39.35,39.35,39.05,39.15,-0.2,35.0
2017-05-11,1730,134048.0,5234113.0,39.1,39.3,38.85,38.9,-0.25,76.0
2017-05-12,1730,70152.0,2719509.0,38.85,38.85,38.6,38.7,-0.2,47.0
2017-05-15,1730,68358.0,2648792.0,38.6,38.95,38.6,38.75,0.05,52.0
2017-05-16,1730,81000.0,3138450.0,38.8,38.85,38.65,38.75,0.0,47.0
2017-05-17,1730,61261.0,2382179.0,38.7,39.0,38.7,38.9,0.15,37.0
2017-05-18,1730,72751.0,2841538.0,38.9,39.2,38.9,39.2,0.3,42.0
2017-05-19,1730,44421.0,1738246.0,39.1,39.5,39.0,39.2,0.0,36.0
2017-05-22,1730,68003.0,2660869.0,39.2,39.2,39.05,39.15,-0.05,42.0
2017-05-23,1730,90950.0,3588164.0,39.3,39.6,39.3,39.55,0.4,61.0
2017-05-24,1730,74401.0,2951109.0,39.55,39.75,39.4,39.75,0.2,44.0
2017-05-25,1730,60250.0,2398537.0,39.95,39.95,39.75,39.8,0.05,37.0
2017-05-26,1730,67444.0,2693203.0,39.75,40.0,39.75,40.0,0.2,42.0
2017-05-31,1730,101600.0,4044100.0,39.8,39.95,39.75,39.9,-0.1,50.0
2017-06-01,1730,42172.0,1682137.0,39.9,39.95,39.8,39.95,0.05,27.0
2017-06-02,1730,95721.0,3831709.0,40.0,40.3,39.95,40.05,0.1,70.0
2017-06-03,1730,101100.0,4043170.0,40.15,40.15,39.85,40.15,0.1,66.0
2017-06-05,1730,89000.0,3560950.0,40.15,40.15,39.95,40.15,0.0,51.0
2017-06-06,1730,45363.0,1814220.0,39.95,40.1,39.9,40.0,-0.15,38.0
2017-06-07,1730,133200.0,5388999.0,40.5,40.7,40.0,40.5,0.5,82.0
2017-06-08,1730,95030.0,3852193.0,40.5,40.7,40.25,40.65,0.15,61.0
2017-06-09,1730,131127.0,5320410.0,40.5,40.75,40.2,40.5,-0.15,45.0
2017-06-12,1730,248682.0,10249752.0,40.5,42.0,40.5,41.6,1.1,165.0
2017-06-13,1730,83347.0,3459331.0,41.6,41.65,41.3,41.4,-0.2,57.0
2017-06-14,1730,149511.0,6134846.0,41.1,41.4,40.0,40.9,-0.5,110.0
2017-06-15,1730,203416.0,8465377.0,40.5,41.8,40.5,41.8,0.9,113.0
2017-06-16,1730,74000.0,3083450.0,41.95,41.95,41.35,41.8,0.0,45.0
2017-06-19,1730,115600.0,4843700.0,41.8,42.0,41.6,41.85,0.05,74.0
2017-06-20,1730,139795.0,5861398.0,41.8,42.1,41.8,41.85,0.0,67.0
2017-06-21,1730,168239.0,7104485.0,42.0,43.0,41.9,42.45,0.6,102.0
2017-06-22,1730,206300.0,8675100.0,42.45,42.5,41.75,41.75,-0.7,98.0
2017-06-23,1730,125100.0,5206450.0,41.5,41.8,41.5,41.5,-0.25,43.0
2017-06-26,1730,95922.0,3978661.0,41.6,41.6,41.05,41.45,-0.05,67.0
2017-06-27,1730,140642.0,5811180.0,41.2,41.45,41.1,41.2,-0.25,65.0
2017-06-28,1730,108000.0,4468100.0,41.2,41.7,41.2,41.4,0.2,50.0
2017-06-29,1730,109415.0,4526258.0,41.4,41.4,41.25,41.3,-0.1,42.0
2017-06-30,1730,42224.0,1739108.0,41.3,41.3,41.15,41.15,-0.15,35.0
2017-07-03,1730,161348.0,6655288.0,41.15,41.5,41.1,41.45,0.3,56.0
2017-07-04,1730,53021.0,2194521.0,41.5,41.5,41.2,41.35,-0.1,37.0
2017-07-05,1730,55000.0,2267100.0,41.3,41.3,41.1,41.15,-0.2,40.0
2017-07-06,1730,71283.0,2917294.0,41.15,41.15,40.8,40.95,-0.2,52.0
2017-07-07,1730,53287.0,2181988.0,41.0,41.05,40.85,41.0,0.05,36.0
2017-07-10,1730,46000.0,1882650.0,40.85,40.95,40.85,40.95,-0.05,38.0
2017-07-11,1730,147523.0,6044094.0,40.95,41.0,40.85,40.9,-0.05,58.0
2017-07-12,1730,134171.0,5476747.0,40.85,40.95,40.75,40.9,0.0,62.0
2017-07-13,1730,164048.0,6721696.0,40.9,41.4,40.8,41.4,0.5,78.0
2017-07-14,1730,65000.0,2680650.0,41.4,41.4,41.1,41.2,-0.2,45.0
2017-07-17,1730,91523.0,3751444.0,41.1,41.1,40.9,41.05,-0.15,63.0
2017-07-18,1730,165100.0,6782924.0,41.0,41.15,40.9,41.1,0.05,41.0
2017-07-19,1730,216192.0,8896145.0,41.0,41.4,41.0,41.4,0.3,65.0
2017-07-20,1730,189200.0,7832739.0,41.4,41.5,41.35,41.4,0.0,66.0
2017-07-21,1730,268464.0,11182925.0,41.4,42.15,41.4,42.1,0.7,88.0
2017-07-24,1730,182066.0,7595707.0,42.1,42.1,41.2,41.65,-0.45,81.0
2017-07-25,1730,236905.0,9886226.0,41.65,41.9,41.65,41.8,0.15,91.0
2017-07-26,1730,265200.0,11027690.0,41.7,41.75,41.25,41.6,-0.2,153.0
2017-07-27,1730,286269.0,11516813.0,39.8,41.05,39.8,40.5,0.0,179.0
2017-07-28,1730,98055.0,3946216.0,39.9,40.4,39.85,40.25,-0.25,52.0
2017-07-31,1730,132101.0,5304328.0,40.25,40.25,40.05,40.15,-0.1,86.0
2017-08-01,1730,196001.0,7870292.0,40.1,40.25,40.1,40.25,0.1,103.0
2017-08-02,1730,236862.0,9537751.0,40.25,40.45,40.2,40.25,0.0,167.0
2017-08-03,1730,156099.0,6258974.0,40.1,40.2,40.0,40.15,-0.1,85.0
2017-08-04,1730,83124.0,3337894.0,40.15,40.2,40.1,40.2,0.05,53.0
2017-08-07,1730,183402.0,7376088.0,40.2,40.45,40.1,40.45,0.25,106.0
2017-08-08,1730,193685.0,7839475.0,40.45,40.65,40.4,40.55,0.1,102.0
2017-08-09,1730,243831.0,9874830.0,40.55,40.65,40.3,40.6,0.05,120.0
2017-08-10,1730,150304.0,6045364.0,40.6,40.6,40.1,40.35,-0.25,101.0
2017-08-11,1730,108001.0,4340491.0,40.25,40.45,40.0,40.4,0.05,67.0
2017-08-14,1730,238025.0,9538707.0,40.25,40.25,39.85,39.9,-0.5,142.0
2017-08-15,1730,307461.0,12398987.0,39.9,41.3,39.9,40.45,0.55,176.0
2017-08-16,1730,292594.0,11855972.0,40.2,40.95,40.15,40.6,0.15,171.0
2017-08-17,1730,162698.0,6601838.0,40.85,40.85,40.45,40.75,0.15,108.0
2017-08-18,1730,75000.0,3049450.0,40.75,40.75,40.45,40.65,-0.1,49.0
2017-08-21,1730,54000.0,2190750.0,40.65,40.65,40.5,40.6,-0.05,38.0
2017-08-22,1730,71085.0,2888235.0,40.6,40.7,40.55,40.65,0.05,42.0
2017-08-23,1730,172369.0,6981160.0,40.65,40.65,40.4,40.4,-0.25,98.0
2017-08-24,1730,57051.0,2316234.0,40.4,40.7,40.4,40.6,0.2,51.0
2017-08-25,1730,57980.0,2359279.0,40.6,40.9,40.6,40.8,0.2,52.0
2017-08-28,1730,70166.0,2866430.0,40.8,41.0,40.8,40.9,0.1,29.0
2017-08-29,1730,91116.0,3697364.0,41.0,41.25,40.9,41.25,0.35,56.0
2017-08-30,1730,76347.0,3153045.0,41.25,41.45,41.2,41.25,0.0,56.0
2017-08-31,1730,91281.0,3749484.0,41.25,41.3,41.0,41.0,-0.25,59.0
2017-09-01,1730,99520.0,4052971.0,41.0,41.0,40.7,40.7,-0.3,55.0
2017-09-04,1730,92999.0,3795755.0,40.7,41.2,40.4,41.15,0.45,75.0
2017-09-05,1730,85104.0,3472684.0,40.8,41.0,40.7,40.7,-0.45,46.0
2017-09-06,1730,65201.0,2656762.0,40.7,40.95,40.65,40.75,0.05,60.0
2017-09-07,1730,58928.0,2403203.0,41.0,41.0,40.7,40.75,0.0,43.0
2017-09-08,1730,84230.0,3442694.0,40.75,41.0,40.75,41.0,0.25,70.0
2017-09-11,1730,129255.0,5319460.0,41.0,41.4,41.0,41.1,0.1,88.0
2017-09-12,1730,60012.0,2479149.0,41.4,41.5,41.2,41.4,0.3,48.0
2017-09-13,1730,55134.0,2275828.0,41.25,41.4,41.15,41.3,-0.1,43.0
2017-09-14,1730,84196.0,3480886.0,41.3,41.45,41.3,41.3,0.0,73.0
2017-09-15,1730,152332.0,6266860.0,41.3,41.4,40.9,41.0,-0.3,77.0
2017-09-18,1730,71862.0,2944611.0,41.0,41.15,40.9,41.15,0.15,59.0
2017-09-19,1730,83663.0,3447280.0,41.15,41.4,41.05,41.3,0.15,50.0
2017-09-20,1730,81897.0,3381743.0,41.35,41.4,41.25,41.25,-0.05,56.0
2017-09-21,1730,43031.0,1771677.0,41.25,41.35,41.1,41.15,-0.1,28.0
2017-09-22,1730,82314.0,3397681.0,41.2,41.45,41.15,41.4,0.25,48.0
2017-09-25,1730,114668.0,4719522.0,41.4,41.4,41.1,41.4,0.0,86.0
2017-09-26,1730,84824.0,3487158.0,41.15,41.2,41.0,41.1,-0.3,55.0
2017-09-27,1730,43093.0,1772375.0,41.1,41.2,41.1,41.1,0.0,36.0
2017-09-28,1730,78897.0,3239969.0,41.1,41.15,41.0,41.0,-0.1,67.0
2017-09-29,1730,86215.0,3533265.0,41.0,41.2,40.9,40.9,-0.1,60.0
2017-09-30,1730,41104.0,1682224.0,41.0,41.0,40.8,41.0,0.1,28.0
2017-10-02,1730,94494.0,3886981.0,41.0,41.4,40.85,41.2,0.2,60.0
2017-10-03,1730,70274.0,2879358.0,41.0,41.2,40.9,41.15,-0.05,41.0
2017-10-05,1730,99320.0,4080990.0,41.15,41.4,40.85,41.3,0.15,62.0
2017-10-06,1730,83402.0,3438384.0,41.3,41.3,41.05,41.3,0.0,56.0
2017-10-11,1730,169342.0,6993114.0,41.3,41.7,41.1,41.35,0.05,85.0
2017-10-12,1730,56000.0,2314448.0,41.4,41.45,41.2,41.3,-0.05,40.0
2017-10-13,1730,91200.0,3771050.0,41.5,41.5,41.2,41.3,0.0,52.0
2017-10-16,1730,75032.0,3100621.0,41.5,41.5,41.25,41.25,-0.05,54.0
2017-10-17,1730,42181.0,1741001.0,41.3,41.4,41.25,41.25,0.0,30.0
2017-10-18,1730,48322.0,1992424.0,41.25,41.3,41.2,41.2,-0.05,27.0
2017-10-19,1730,75052.0,3087397.0,41.2,41.25,41.0,41.05,-0.15,43.0
2017-10-20,1730,60300.0,2481070.0,41.1,41.2,41.05,41.1,0.05,34.0
2017-10-23,1730,103000.0,4234100.0,41.1,41.3,41.0,41.2,0.1,64.0
2017-10-24,1730,50292.0,2067568.0,41.2,41.2,41.05,41.1,-0.1,31.0
2017-10-25,1730,60500.0,2482100.0,41.1,41.1,41.0,41.0,-0.1,43.0
2017-10-26,1730,103000.0,4234550.0,41.0,41.5,41.0,41.0,0.0,62.0
2017-10-27,1730,67160.0,2772639.0,41.05,41.5,41.05,41.1,0.1,42.0
2017-10-30,1730,74666.0,3077839.0,41.1,41.5,41.1,41.3,0.2,42.0
2017-10-31,1730,69209.0,2857994.0,41.3,41.4,41.2,41.2,-0.1,37.0
2017-11-01,1730,72201.0,2986201.0,41.25,41.5,41.0,41.5,0.3,43.0
2017-11-02,1730,85301.0,3530821.0,41.5,41.5,41.25,41.45,-0.05,52.0
2017-11-03,1730,49000.0,2025750.0,41.45,41.45,41.3,41.35,-0.1,28.0
2017-11-06,1730,80522.0,3345594.0,41.35,41.8,41.3,41.8,0.45,46.0
2017-11-07,1730,42052.0,1750821.0,41.8,41.8,41.6,41.65,-0.15,25.0
2017-11-08,1730,58025.0,2415561.0,41.5,41.7,41.5,41.6,-0.05,31.0
2017-11-09,1730,73773.0,3060068.0,41.5,41.7,41.3,41.3,-0.3,46.0
2017-11-10,1730,47314.0,1959543.0,41.45,41.6,41.3,41.5,0.2,37.0
2017-11-13,1730,74300.0,3068080.0,41.5,41.5,41.15,41.15,-0.35,49.0
2017-11-14,1730,56380.0,2328420.0,41.4,41.45,41.2,41.2,0.05,33.0
2017-11-15,1730,37001.0,1528092.0,41.4,41.5,41.2,41.5,0.3,30.0
2017-11-16,1730,48052.0,1984158.0,41.5,41.5,41.2,41.2,-0.3,32.0
2017-11-17,1730,48610.0,2008053.0,41.4,41.6,41.2,41.55,0.35,41.0
2017-11-20,1730,38634.0,1601136.0,41.6,41.6,41.25,41.5,-0.05,39.0
2017-11-21,1730,93358.0,3863186.0,41.55,41.55,41.3,41.3,-0.2,52.0
2017-11-22,1730,77694.0,3206414.0,41.4,41.45,41.2,41.2,-0.1,52.0
2017-11-23,1730,41030.0,1693498.0,41.25,41.35,41.2,41.25,0.05,25.0
2017-11-24,1730,70010.0,2891920.0,41.25,41.45,41.25,41.3,0.05,36.0
2017-11-27,1730,42107.0,1739201.0,41.35,41.35,41.25,41.25,-0.05,30.0
2017-11-28,1730,76201.0,3146619.0,41.4,41.4,41.15,41.3,0.05,47.0
2017-11-29,1730,75322.0,3102680.0,41.3,41.4,41.1,41.1,-0.2,46.0
2017-11-30,1730,282300.0,11472350.0,41.05,41.05,40.5,40.7,-0.4,193.0
2017-12-01,1730,75575.0,3078925.0,40.7,41.0,40.6,40.85,0.15,56.0
2017-12-04,1730,61395.0,2507773.0,40.85,40.9,40.75,40.85,0.0,44.0
2017-12-05,1730,60018.0,2443615.0,40.75,40.85,40.55,40.75,-0.1,45.0
2017-12-06,1730,70157.0,2853387.0,40.6,40.8,40.6,40.7,-0.05,57.0
2017-12-07,1730,64150.0,2609479.0,41.0,41.0,40.55,40.55,-0.15,51.0
2017-12-08,1730,73204.0,2962264.0,40.55,40.55,40.4,40.55,0.0,59.0
2017-12-11,1730,66622.0,2709052.0,40.55,40.9,40.55,40.9,0.35,55.0
2017-12-12,1730,51149.0,2083059.0,40.8,40.8,40.6,40.75,-0.15,41.0
2017-12-13,1730,98488.0,4020858.0,40.85,40.95,40.75,40.8,0.05,60.0
2017-12-14,1730,74022.0,3022871.0,40.9,40.9,40.8,40.85,0.05,51.0
2017-12-15,1730,208101.0,8490741.0,40.95,40.95,40.75,40.8,-0.05,77.0
2017-12-18,1730,42210.0,1718110.0,40.8,40.8,40.55,40.7,-0.1,29.0
2017-12-19,1730,79006.0,3212145.0,40.7,40.75,40.6,40.65,-0.05,52.0
2017-12-20,1730,111617.0,4533910.0,40.65,40.7,40.55,40.55,-0.1,56.0
2017-12-21,1730,79263.0,3217280.0,40.55,40.65,40.55,40.6,0.05,43.0
2017-12-22,1730,61085.0,2481021.0,40.8,40.8,40.55,40.6,0.0,36.0
2017-12-25,1730,58582.0,2381673.0,40.6,40.7,40.6,40.6,0.0,34.0
2017-12-26,1730,81322.0,3297402.0,40.6,40.65,40.5,40.6,0.0,49.0
2017-12-27,1730,42060.0,1708615.0,40.6,40.7,40.6,40.7,0.1,28.0
2017-12-28,1730,61230.0,2488730.0,40.6,40.7,40.6,40.7,0.0,29.0
2017-12-29,1730,103073.0,4204543.0,40.75,40.95,40.7,40.85,0.15,58.0
2018-01-02,1730,55343.0,2261950.0,40.85,40.9,40.85,40.9,0.05,39.0
2018-01-03,1730,56616.0,2316884.0,40.9,40.95,40.9,40.9,0.0,41.0
2018-01-04,1730,54466.0,2226756.0,40.9,40.9,40.8,40.8,-0.1,32.0
2018-01-05,1730,52251.0,2133675.0,40.8,40.9,40.75,40.85,0.05,34.0
2018-01-08,1730,98244.0,4017621.0,40.9,40.95,40.85,40.85,0.0,68.0
2018-01-09,1730,80105.0,3273805.0,40.85,40.9,40.8,40.9,0.05,56.0
2018-01-10,1730,62000.0,2533900.0,40.9,40.95,40.8,40.8,-0.1,35.0
2018-01-11,1730,60461.0,2470001.0,40.8,40.9,40.8,40.8,0.0,38.0
2018-01-12,1730,58253.0,2382457.0,40.8,40.95,40.8,40.9,0.1,45.0
2018-01-15,1730,72316.0,2960556.0,40.85,41.0,40.85,41.0,0.1,57.0
2018-01-16,1730,84102.0,3446861.0,41.2,41.25,40.85,41.1,0.1,64.0
2018-01-17,1730,74862.0,3069560.0,40.9,41.1,40.9,41.1,0.0,56.0
2018-01-18,1730,43337.0,1777034.0,41.0,41.1,40.95,41.0,-0.1,35.0
2018-01-19,1730,82149.0,3367095.0,41.0,41.1,40.9,40.95,-0.05,59.0
2018-01-22,1730,55051.0,2255982.0,40.95,41.0,40.9,40.9,-0.05,41.0
2018-01-23,1730,84150.0,3439323.0,40.9,40.95,40.8,40.8,-0.1,56.0
2018-01-24,1730,108024.0,4407185.0,40.8,40.9,40.75,40.8,0.0,70.0
2018-01-25,1730,90495.0,3692467.0,40.8,40.9,40.75,40.9,0.1,66.0
2018-01-26,1730,54588.0,2235014.0,40.9,41.0,40.9,41.0,0.1,39.0
2018-01-29,1730,48786.0,2001726.0,41.1,41.15,40.95,41.0,0.0,45.0
2018-01-30,1730,63001.0,2580991.0,41.0,41.1,40.9,40.95,-0.05,44.0
2018-01-31,1730,44501.0,1819241.0,40.75,41.0,40.75,40.9,-0.05,27.0
2018-02-01,1730,72472.0,2964098.0,40.9,40.95,40.85,40.9,0.0,42.0
2018-02-02,1730,35572.0,1456168.0,40.9,41.0,40.9,40.95,0.05,33.0
2018-02-05,1730,92155.0,3761755.0,40.95,40.95,40.75,40.8,-0.15,57.0
2018-02-06,1730,185121.0,7494311.0,40.7,40.9,40.1,40.25,-0.55,143.0
2018-02-07,1730,96300.0,3922983.0,40.5,40.95,40.5,40.8,0.55,63.0
2018-02-08,1730,162044.0,6811793.0,40.8,44.45,40.8,41.05,0.25,104.0
2018-02-09,1730,117154.0,4799990.0,41.0,41.5,40.3,41.2,0.15,77.0
2018-02-12,1730,116100.0,4788400.0,41.4,41.5,41.0,41.5,0.3,73.0
2018-02-21,1730,166348.0,6999277.0,41.75,42.6,41.75,42.15,0.65,142.0
2018-02-22,1730,216576.0,9264161.0,42.25,43.0,42.2,43.0,0.85,164.0
2018-02-23,1730,381413.0,16785873.0,43.55,44.8,43.55,43.7,0.7,271.0
2018-02-26,1730,149708.0,6512106.0,44.0,44.0,43.3,43.4,-0.3,114.0
2018-02-27,1730,104389.0,4527996.0,43.1,43.45,43.1,43.3,-0.1,76.0
2018-03-01,1730,175050.0,7651755.0,43.3,44.0,43.25,43.9,0.6,110.0
2018-03-02,1730,119393.0,5242442.0,43.7,44.5,43.7,43.9,0.0,79.0
2018-03-05,1730,101050.0,4424145.0,43.9,43.95,43.7,43.7,-0.2,63.0
2018-03-06,1730,121088.0,5256770.0,43.5,43.65,43.25,43.3,-0.4,100.0
2018-03-07,1730,80337.0,3467307.0,43.3,43.3,42.8,43.3,0.0,60.0
2018-03-08,1730,93052.0,4057279.0,43.5,43.9,43.3,43.5,0.2,60.0
2018-03-09,1730,74340.0,3251910.0,43.6,43.9,43.6,43.8,0.3,43.0
2018-03-12,1730,153369.0,6751533.0,44.0,44.5,43.8,43.8,0.0,104.0
2018-03-13,1730,148676.0,6535709.0,43.85,44.1,43.8,43.9,0.1,88.0
2018-03-14,1730,82120.0,3619737.0,44.2,44.2,43.95,44.2,0.3,57.0
2018-03-15,1730,94270.0,4162608.0,44.2,44.25,44.05,44.2,0.0,60.0
2018-03-16,1730,68050.0,3007880.0,44.05,44.25,44.05,44.25,0.05,30.0
2018-03-19,1730,84600.0,3748409.0,44.25,44.5,44.25,44.3,0.05,60.0
2018-03-20,1730,73321.0,3251595.0,44.3,44.4,44.3,44.4,0.1,49.0
2018-03-21,1730,320537.0,14584486.0,44.4,47.6,44.4,45.5,1.1,220.0
2018-03-22,1730,190554.0,8838157.0,45.5,46.6,45.5,46.5,1.0,154.0
2018-03-23,1730,190666.0,8880151.0,46.4,47.0,45.5,46.5,0.0,144.0
2018-03-26,1730,76518.0,3529742.0,46.1,46.3,45.5,46.1,-0.4,61.0
2018-03-27,1730,95069.0,4396923.0,46.1,46.5,46.0,46.0,-0.1,80.0
2018-03-28,1730,118045.0,5451044.0,46.0,46.4,46.0,46.15,0.15,59.0
2018-03-29,1730,45031.0,2072537.0,45.85,46.05,45.85,46.0,-0.15,37.0
2018-03-30,1730,95464.0,4373744.0,45.95,46.0,45.6,45.6,-0.4,78.0
2018-03-31,1730,62367.0,2813797.0,45.5,45.6,45.0,45.2,-0.4,50.0
2018-04-02,1730,71390.0,3258029.0,45.2,46.0,45.2,45.9,0.7,46.0
2018-04-03,1730,73024.0,3352232.0,45.5,46.15,45.5,46.0,0.1,44.0
2018-04-09,1730,55064.0,2539422.0,46.0,46.35,46.0,46.1,0.1,41.0
2018-04-10,1730,59631.0,2749492.0,46.1,46.2,46.0,46.1,0.0,47.0
2018-04-11,1730,80457.0,3707200.0,46.1,46.3,46.0,46.1,0.0,51.0
2018-04-12,1730,104350.0,4876326.0,46.3,47.2,46.25,46.4,0.3,61.0
2018-04-13,1730,89216.0,4197582.0,46.8,47.3,46.8,46.95,0.55,70.0
2018-04-16,1730,82080.0,3884357.0,47.1,47.45,47.1,47.3,0.35,62.0
2018-04-17,1730,68708.0,3244936.0,47.3,47.4,47.1,47.2,-0.1,50.0
2018-04-18,1730,107802.0,5184005.0,47.5,48.95,47.35,48.05,0.85,87.0
2018-04-19,1730,81271.0,3910859.0,48.05,48.2,48.0,48.2,0.15,70.0
2018-04-20,1730,283568.0,13934900.0,48.2,49.7,48.2,49.05,0.85,196.0
2018-04-23,1730,254571.0,12925301.0,49.5,51.5,49.5,50.5,1.45,205.0
2018-04-24,1730,247400.0,12335065.0,50.7,51.3,49.0,49.55,-0.95,208.0
2018-04-25,1730,210547.0,10174076.0,49.3,49.3,48.0,48.3,-1.25,152.0
2018-04-26,1730,110775.0,5319381.0,48.0,48.4,47.7,47.7,-0.6,90.0
2018-04-27,1730,80954.0,3857350.0,47.5,47.9,47.3,47.65,-0.05,67.0
2018-04-30,1730,52001.0,2469748.0,47.65,47.65,47.2,47.6,-0.05,39.0
2018-05-02,1730,76660.0,3687257.0,47.6,48.5,47.6,48.4,0.8,71.0
2018-05-03,1730,86050.0,4154110.0,48.4,48.7,48.0,48.0,-0.4,52.0
2018-05-04,1730,109115.0,5194552.0,48.0,48.2,47.0,47.5,-0.5,69.0
2018-05-07,1730,32397.0,1545072.0,47.55,47.8,47.55,47.7,0.2,32.0
2018-05-08,1730,89584.0,4284532.0,47.8,48.2,47.6,47.8,0.1,60.0
2018-05-09,1730,33357.0,1597007.0,48.0,48.2,47.8,47.8,0.0,24.0
2018-05-10,1730,67500.0,3212699.0,47.8,48.0,46.35,47.6,-0.2,49.0
2018-05-11,1730,49155.0,2347430.0,47.7,48.0,47.6,47.8,0.2,32.0
2018-05-14,1730,71394.0,3434812.0,48.0,48.4,47.8,48.0,0.2,60.0
2018-05-15,1730,42126.0,2025925.0,48.0,48.4,48.0,48.15,0.15,27.0
2018-05-16,1730,38244.0,1839183.0,48.3,48.3,48.0,48.0,-0.15,26.0
2018-05-17,1730,42000.0,2022450.0,48.05,48.3,48.05,48.1,0.1,24.0
2018-05-18,1730,44002.0,2128247.0,48.0,48.9,48.0,48.15,0.05,33.0
2018-05-21,1730,72252.0,3485995.0,48.15,48.45,48.15,48.15,0.0,52.0
2018-05-22,1730,92024.0,4436158.0,48.15,48.85,48.0,48.0,-0.15,62.0
2018-05-23,1730,48053.0,2298754.0,48.0,48.2,47.6,48.0,0.0,42.0
2018-05-24,1730,44103.0,2108595.0,47.65,47.9,47.65,47.8,-0.2,22.0
2018-05-25,1730,30261.0,1444652.0,47.7,47.9,47.7,47.7,-0.1,26.0
2018-05-28,1730,47734.0,2298196.0,48.0,49.55,47.9,48.3,0.6,37.0
2018-05-29,1730,41547.0,2004726.0,48.3,48.4,48.15,48.3,0.0,32.0
2018-05-30,1730,40021.0,1921681.0,48.3,48.3,47.8,47.9,-0.4,25.0
2018-05-31,1730,57000.0,2732350.0,47.9,48.0,47.8,48.0,0.1,29.0
2018-06-01,1730,18000.0,862750.0,48.3,48.3,47.8,48.0,0.0,13.0
2018-06-04,1730,37466.0,1801874.0,47.7,48.5,47.7,48.3,0.3,30.0
2018-06-05,1730,57000.0,2746700.0,48.3,48.5,48.0,48.3,0.0,34.0
2018-06-06,1730,54100.0,2613500.0,48.5,48.7,48.05,48.1,-0.2,38.0
2018-06-07,1730,106312.0,5129218.0,48.3,48.5,48.0,48.05,-0.05,57.0
2018-06-08,1730,40046.0,1925954.0,48.05,48.2,48.05,48.05,0.0,26.0
2018-06-11,1730,135276.0,6657311.0,52.0,52.0,48.1,48.8,0.75,80.0
2018-06-12,1730,54254.0,2627500.0,48.8,48.8,48.35,48.35,-0.45,29.0
2018-06-13,1730,91001.0,4429099.0,49.0,49.0,48.4,48.9,0.55,51.0
2018-06-14,1730,34039.0,1655208.0,48.7,48.7,48.55,48.65,-0.25,24.0
2018-06-15,1730,57101.0,2787352.0,48.65,49.0,48.6,48.65,0.0,34.0
2018-06-19,1730,73055.0,3572850.0,49.0,49.2,48.7,48.75,0.1,47.0
2018-06-20,1730,61200.0,2984820.0,48.75,48.9,48.7,48.8,0.05,44.0
2018-06-21,1730,49021.0,2381342.0,48.7,48.75,48.5,48.55,-0.25,35.0
2018-06-22,1730,47021.0,2284129.0,48.55,48.7,48.55,48.55,0.0,28.0
2018-06-25,1730,84593.0,4133862.0,49.0,49.0,48.6,48.65,0.1,47.0
2018-06-26,1730,70140.0,3416122.0,48.6,48.9,48.5,48.9,0.25,44.0
2018-06-27,1730,39205.0,1914755.0,48.8,49.0,48.75,48.9,0.0,30.0
2018-06-28,1730,62021.0,3018000.0,48.8,48.9,48.5,48.6,-0.3,38.0
2018-06-29,1730,70560.0,3451046.0,48.6,49.45,48.6,49.4,0.8,51.0
2018-07-02,1730,48144.0,2355883.0,49.4,49.4,48.8,49.0,-0.4,38.0
2018-07-03,1730,38171.0,1863464.0,49.0,49.0,48.5,48.9,-0.1,31.0
2018-07-04,1730,64313.0,3151649.0,49.0,49.2,48.9,48.9,0.0,38.0
2018-07-05,1730,50200.0,2459200.0,49.0,49.2,48.9,49.2,0.3,32.0
2018-07-06,1730,38121.0,1863543.0,49.2,49.2,48.5,48.8,-0.4,29.0
2018-07-09,1730,73022.0,3614756.0,49.3,49.9,49.2,49.9,1.1,53.0
2018-07-10,1730,151079.0,7709598.0,50.4,52.0,50.1,51.6,1.7,121.0
2018-07-11,1730,152372.0,7815053.0,52.0,52.0,50.9,51.5,-0.1,97.0
2018-07-12,1730,240359.0,12895886.0,52.1,54.5,52.1,53.5,2.0,203.0
2018-07-13,1730,441239.0,24702807.0,54.0,58.8,54.0,57.6,4.1,320.0
2018-07-16,1730,590408.0,35174372.0,57.6,62.7,57.6,58.8,1.2,504.0
2018-07-17,1730,371373.0,22072281.0,59.1,60.6,58.0,58.1,-0.7,311.0
2018-07-18,1730,279108.0,15864600.0,58.8,59.3,55.8,56.2,-1.9,255.0
2018-07-19,1730,278080.0,15187881.0,56.2,56.2,53.5,54.4,-1.8,214.0
2018-07-20,1730,161456.0,8913505.0,54.0,55.6,54.0,55.1,0.7,125.0
2018-07-23,1730,160119.0,8834111.0,55.2,55.5,54.8,55.4,0.3,99.0
2018-07-24,1730,114566.0,6427744.0,55.5,56.5,55.5,56.5,1.1,84.0
2018-07-25,1730,177302.0,9963020.0,56.6,56.6,55.9,56.4,-0.1,137.0
2018-07-26,1730,331484.0,18248603.0,54.9,56.2,54.5,55.5,0.0,221.0
2018-07-27,1730,217174.0,12204007.0,56.3,56.5,55.7,56.2,0.7,154.0
2018-07-30,1730,183062.0,10294979.0,55.7,56.7,55.7,56.0,-0.2,126.0
2018-07-31,1730,132379.0,7315371.0,56.0,56.0,55.0,55.2,-0.8,106.0
2018-08-01,1730,458531.0,26225831.0,55.2,58.0,55.0,57.3,2.1,299.0
2018-08-02,1730,236226.0,13283008.0,57.0,57.0,55.5,56.3,-1.0,164.0
2018-08-03,1730,94762.0,5298846.0,56.5,56.6,55.6,55.8,-0.5,78.0
2018-08-06,1730,317829.0,17224995.0,55.4,55.4,53.6,53.7,-2.1,243.0
2018-08-07,1730,495093.0,25551690.0,53.5,53.5,51.1,51.6,-2.1,379.0
2018-08-08,1730,123852.0,6453556.0,51.6,52.5,51.6,52.5,0.9,117.0
2018-08-09,1730,160789.0,8358622.0,52.5,52.5,51.7,51.9,-0.6,122.0
2018-08-10,1730,103843.0,5386071.0,51.9,51.9,51.7,51.9,0.0,79.0
2018-08-13,1730,318795.0,16090701.0,51.7,51.7,50.0,50.5,-1.4,247.0
2018-08-14,1730,220941.0,11284532.0,50.5,52.1,50.2,51.7,1.2,136.0
2018-08-15,1730,95401.0,4914129.0,52.6,52.6,51.0,51.1,-0.6,74.0
2018-08-16,1730,39310.0,2001889.0,51.1,51.1,50.5,50.9,-0.2,34.0
2018-08-17,1730,88295.0,4531340.0,51.2,51.7,51.0,51.1,0.2,68.0
2018-08-20,1730,58402.0,2987183.0,51.4,51.4,51.0,51.1,0.0,38.0
2018-08-21,1730,84050.0,4322579.0,51.4,51.5,51.3,51.4,0.3,56.0
2018-08-22,1730,121520.0,6226929.0,51.6,51.6,51.0,51.2,-0.2,56.0
2018-08-23,1730,96850.0,4947604.0,51.3,51.4,50.9,50.9,-0.3,75.0
2018-08-24,1730,67946.0,3462024.0,50.9,51.4,50.5,51.0,0.1,57.0
2018-08-27,1730,193112.0,9986234.0,51.4,52.1,51.3,51.6,0.6,137.0
2018-08-28,1730,152100.0,7916550.0,52.1,52.4,51.8,51.9,0.3,115.0
2018-08-29,1730,90120.0,4658247.0,52.0,52.0,51.5,51.8,-0.1,78.0
2018-08-30,1730,68900.0,3543720.0,51.6,51.6,51.2,51.3,-0.5,51.0
2018-08-31,1730,59995.0,3077042.0,51.4,51.4,51.1,51.2,-0.1,52.0
2018-09-03,1730,78700.0,4032208.0,51.3,51.4,51.1,51.1,-0.1,63.0
2018-09-04,1730,86575.0,4428353.0,51.1,51.3,51.1,51.2,0.1,57.0
2018-09-05,1730,81100.0,4129070.0,50.9,51.0,50.8,50.9,-0.3,61.0
2018-09-06,1730,87643.0,4454093.0,50.8,50.9,50.7,50.7,-0.2,58.0
2018-09-07,1730,151028.0,7568056.0,50.5,50.5,49.95,50.0,-0.7,130.0
2018-09-10,1730,122965.0,6149000.0,50.7,50.7,49.8,50.1,0.1,108.0
2018-09-11,1730,245848.0,12578472.0,50.7,51.8,50.7,51.2,1.1,148.0
2018-09-12,1730,102178.0,5224066.0,51.5,51.6,50.9,51.2,0.0,77.0
2018-09-13,1730,100300.0,5105849.0,51.0,51.2,50.7,50.9,-0.3,78.0
2018-09-14,1730,132776.0,6774708.0,51.1,51.5,50.8,51.0,0.1,79.0
2018-09-17,1730,96006.0,4863206.0,51.0,51.0,50.5,50.6,-0.4,73.0
2018-09-18,1730,99088.0,4990551.0,50.5,50.7,50.1,50.4,-0.2,71.0
2018-09-19,1730,69019.0,3471265.0,50.1,50.6,50.1,50.3,-0.1,49.0
2018-09-20,1730,46330.0,2329995.0,50.3,50.6,50.1,50.2,-0.1,41.0
2018-09-21,1730,63100.0,3167789.0,50.3,50.3,50.0,50.2,0.0,52.0
2018-09-25,1730,75890.0,3818829.0,50.3,50.6,50.0,50.5,0.3,69.0
2018-09-26,1730,60019.0,3019461.0,50.5,50.5,50.2,50.3,-0.2,46.0
2018-09-27,1730,63888.0,3231953.0,50.4,50.9,50.3,50.9,0.6,43.0
2018-09-28,1730,81500.0,4177800.0,50.9,51.5,50.8,51.4,0.5,70.0
2018-10-01,1730,94157.0,4849547.0,51.6,51.7,51.2,51.4,0.0,70.0
2018-10-02,1730,41844.0,2152731.0,51.4,51.5,51.3,51.4,0.0,43.0
2018-10-03,1730,77424.0,3983534.0,51.9,51.9,51.1,51.2,-0.2,53.0
2018-10-04,1730,52450.0,2674784.0,51.2,51.2,50.7,50.9,-0.3,41.0
2018-10-05,1730,217100.0,10882829.0,50.7,50.7,49.9,50.0,-0.9,162.0
2018-10-08,1730,53261.0,2661202.0,50.0,50.1,49.8,50.0,0.0,46.0
2018-10-09,1730,78076.0,3901887.0,50.3,50.3,49.8,49.95,-0.05,73.0
2018-10-11,1730,590240.0,29429846.0,51.2,51.2,49.3,49.5,-0.45,346.0
2018-10-12,1730,167205.0,8296102.0,49.2,50.2,48.85,50.2,0.7,143.0
2018-10-15,1730,149744.0,7538314.0,50.2,50.5,50.1,50.2,0.0,114.0
2018-10-16,1730,86501.0,4341200.0,50.2,50.4,50.0,50.0,-0.2,62.0
2018-10-17,1730,70488.0,3533094.0,50.1,50.2,50.0,50.1,0.1,50.0
2018-10-18,1730,103721.0,5179000.0,50.0,50.0,49.8,49.8,-0.3,61.0
2018-10-19,1730,75890.0,3750292.0,49.8,49.8,49.0,49.4,-0.4,70.0
2018-10-22,1730,76710.0,3794370.0,49.7,49.7,49.3,49.3,-0.1,66.0
2018-10-23,1730,152024.0,7467933.0,49.3,49.4,48.9,49.0,-0.3,98.0
2018-10-24,1730,60052.0,2949566.0,49.3,49.3,49.0,49.15,0.15,46.0
2018-10-25,1730,138218.0,6745266.0,48.1,49.15,48.1,48.8,-0.35,104.0
2018-10-26,1730,197262.0,9584806.0,48.95,49.1,48.15,48.4,-0.4,129.0
2018-10-29,1730,82999.0,4012151.0,48.4,48.65,48.0,48.35,-0.05,60.0
2018-10-30,1730,517416.0,25019092.0,48.3,48.5,48.2,48.5,0.15,51.0
2018-10-31,1730,613981.0,30261707.0,48.5,49.5,48.5,49.35,0.85,103.0
2018-11-01,1730,227226.0,11337675.0,49.6,50.1,49.6,49.95,0.6,161.0
2018-11-02,1730,144410.0,7224350.0,50.5,50.5,49.85,49.85,-0.1,106.0
2018-11-05,1730,210554.0,10597812.0,49.85,50.8,49.8,50.3,0.45,111.0
2018-11-06,1730,88100.0,4402360.0,50.1,50.1,49.8,49.85,-0.45,65.0
2018-11-07,1730,124872.0,6252621.0,50.2,50.3,49.9,50.2,0.35,84.0
2018-11-08,1730,106358.0,5308662.0,50.4,50.4,49.8,49.8,-0.4,84.0
2018-11-09,1730,99238.0,4956976.0,50.0,50.0,49.75,50.0,0.2,58.0
2018-11-12,1730,273475.0,13746426.0,50.0,50.7,49.9,50.4,0.4,177.0
2018-11-13,1730,174640.0,8765782.0,50.0,50.4,49.85,50.2,-0.2,123.0
2018-11-14,1730,325373.0,16719432.0,52.0,52.4,51.0,51.2,1.0,251.0
2018-11-15,1730,199062.0,10253478.0,51.2,51.8,50.7,51.4,0.2,193.0
2018-11-16,1730,137002.0,7058802.0,51.9,51.9,51.2,51.6,0.2,94.0
2018-11-19,1730,107443.0,5566412.0,51.6,52.0,51.6,52.0,0.4,89.0
2018-11-20,1730,41613.0,2157776.0,52.0,52.0,51.7,51.9,-0.1,48.0
2018-11-21,1730,67001.0,3467352.0,51.7,52.0,51.5,51.9,0.0,53.0
2018-11-22,1730,106026.0,5503967.0,51.9,52.2,51.5,52.2,0.3,71.0
2018-11-23,1730,174300.0,9132138.0,52.2,52.6,52.2,52.4,0.2,105.0
2018-11-26,1730,389391.0,20866369.0,52.7,54.0,52.7,54.0,1.6,223.0
2018-11-27,1730,778860.0,43355768.0,54.5,56.5,54.3,55.9,1.9,529.0
2018-11-28,1730,306152.0,17078712.0,56.5,56.5,55.4,55.9,0.0,220.0
2018-11-29,1730,169513.0,9478580.0,56.2,56.4,55.4,55.9,0.0,126.0
2018-11-30,1730,781616.0,44058622.0,56.2,57.3,55.6,56.7,0.8,457.0
2018-12-03,1730,609942.0,34499420.0,57.3,57.7,55.6,55.9,-0.8,382.0
2018-12-04,1730,143600.0,7962400.0,55.7,55.9,55.0,55.0,-0.9,104.0
2018-12-05,1730,284631.0,15628136.0,54.8,55.7,54.0,55.7,0.7,199.0
2018-12-06,1730,180286.0,10004316.0,56.0,56.1,54.5,55.7,0.0,142.0
2018-12-07,1730,55200.0,3080100.0,55.7,56.0,55.6,55.8,0.1,51.0
2018-12-10,1730,756794.0,43533491.0,56.0,58.3,56.0,57.5,1.7,585.0
2018-12-11,1730,3252653.0,202994358.0,59.5,63.2,59.0,63.2,5.7,1863.0
2018-12-12,1730,1969452.0,124627275.0,63.4,64.9,61.0,63.5,0.3,1428.0
2018-12-13,1730,2208280.0,148925240.0,63.6,69.2,63.6,68.0,4.5,1704.0
2018-12-14,1730,2612806.0,181023013.0,68.2,71.7,66.5,69.4,1.4,2024.0
2018-12-17,1730,1094881.0,73854296.0,69.0,69.1,66.6,67.2,-2.2,851.0
2018-12-18,1730,1131524.0,76403293.0,66.7,68.9,65.6,66.8,-0.4,898.0
2018-12-19,1730,921650.0,60563677.0,67.3,67.9,64.2,65.2,-1.6,710.0
2018-12-20,1730,1053420.0,69848369.0,65.1,67.5,64.9,66.6,1.4,802.0
2018-12-21,1730,2209868.0,151127524.0,66.6,69.6,66.6,67.8,1.2,1571.0
2018-12-22,1730,1233605.0,85369160.0,68.8,70.5,67.6,68.2,0.4,973.0
2018-12-24,1730,549286.0,37206315.0,69.3,69.3,67.1,67.3,-0.9,449.0
2018-12-25,1730,1069393.0,68938952.0,66.0,66.8,63.3,63.7,-3.6,797.0
2018-12-26,1730,1089503.0,68920738.0,63.9,65.2,60.7,61.3,-2.4,799.0
2018-12-27,1730,572521.0,35853865.0,62.7,63.5,62.0,62.5,1.2,460.0
2018-12-28,1730,389579.0,24819023.0,63.3,64.4,62.7,64.2,1.7,338.0
2019-01-02,1730,262734.0,16695008.0,64.4,64.7,63.0,63.0,-1.2,231.0
2019-01-03,1730,186552.0,11828337.0,63.2,64.1,63.0,63.2,0.2,175.0
2019-01-04,1730,333191.0,20748303.0,63.0,63.1,61.2,62.8,-0.4,274.0
2019-01-07,1730,218090.0,13807783.0,63.8,63.8,62.3,63.1,0.3,201.0
2019-01-08,1730,437472.0,27876808.0,63.8,64.4,62.5,64.2,1.1,361.0
2019-01-09,1730,486410.0,31488707.0,64.9,65.3,64.0,64.6,0.4,360.0
2019-01-10,1730,542645.0,36030438.0,65.5,67.5,65.5,65.7,1.1,475.0
2019-01-11,1730,258684.0,16820794.0,65.7,66.2,64.4,65.1,-0.6,201.0
2019-01-14,1730,238198.0,15565420.0,64.9,65.6,64.8,65.4,0.3,139.0
2019-01-15,1730,140379.0,9195424.0,65.4,65.8,65.0,65.5,0.1,124.0
2019-01-16,1730,223595.0,14598375.0,65.5,65.7,65.0,65.0,-0.5,165.0
2019-01-17,1730,154599.0,10059373.0,64.3,65.4,64.3,65.1,0.1,128.0
2019-01-18,1730,139616.0,9132692.0,65.9,65.9,65.0,65.9,0.8,114.0
2019-01-21,1730,221865.0,14534490.0,65.9,66.2,64.9,65.0,-0.9,173.0
2019-01-22,1730,153318.0,9913471.0,65.5,65.5,64.2,64.3,-0.7,139.0
2019-01-23,1730,80179.0,5171535.0,64.3,64.8,64.3,64.6,0.3,73.0
2019-01-24,1730,225352.0,14804773.0,64.9,66.7,64.6,66.7,2.1,190.0
2019-01-25,1730,807251.0,55145093.0,67.5,69.3,67.3,67.6,0.9,627.0
2019-01-28,1730,146127.0,9774081.0,67.6,67.7,66.5,66.8,-0.8,142.0
2019-01-29,1730,161160.0,10576760.0,66.5,66.6,65.0,65.4,-1.4,139.0
2019-01-30,1730,142452.0,9293483.0,65.4,65.6,65.0,65.6,0.2,115.0
2019-02-11,1730,400369.0,25933216.0,65.9,65.9,64.2,64.8,-0.8,281.0
2019-02-12,1730,232541.0,15166606.0,65.2,65.7,64.8,65.3,0.5,166.0
2019-02-13,1730,229689.0,14975427.0,65.5,65.8,64.6,65.3,0.0,175.0
2019-02-14,1730,289161.0,18979854.0,65.6,66.9,64.9,66.6,1.3,203.0
2019-02-15,1730,566554.0,38439834.0,66.7,68.5,66.7,68.3,1.7,447.0
2019-02-18,1730,1621653.0,118979516.0,72.9,75.1,71.8,71.8,3.5,1234.0
2019-02-19,1730,470656.0,33733232.0,72.0,72.9,70.3,71.9,0.1,386.0
2019-02-20,1730,353415.0,25316309.0,72.0,72.4,70.9,71.2,-0.7,276.0
2019-02-21,1730,364508.0,25526958.0,71.2,71.2,69.4,70.0,-1.2,285.0
2019-02-22,1730,197500.0,13741200.0,70.0,70.3,69.2,69.4,-0.6,153.0
2019-02-25,1730,175608.0,12231735.0,69.4,70.2,69.2,69.4,0.0,162.0
2019-02-26,1730,239031.0,16483650.0,69.7,69.8,68.3,68.8,-0.6,192.0
2019-02-27,1730,223368.0,15453787.0,68.8,70.2,68.6,70.2,1.4,164.0
2019-03-04,1730,247470.0,17162093.0,69.8,69.8,68.9,69.3,-0.9,189.0
2019-03-05,1730,137130.0,9462600.0,69.0,69.6,68.6,69.2,-0.1,112.0
2019-03-06,1730,131450.0,9162550.0,69.9,69.9,69.2,69.8,0.6,109.0
2019-03-07,1730,140501.0,9799621.0,69.8,69.9,69.4,69.9,0.1,104.0
2019-03-08,1730,190243.0,13287678.0,70.0,70.3,69.6,70.2,0.3,150.0
2019-03-11,1730,987039.0,71483947.0,70.2,73.2,70.2,72.7,2.5,726.0
2019-03-12,1730,434914.0,31711722.0,73.5,73.7,72.2,72.3,-0.4,339.0
2019-03-13,1730,175250.0,12636550.0,72.7,72.9,71.4,71.5,-0.8,157.0
2019-03-14,1730,298304.0,21145943.0,71.5,71.9,70.3,70.6,-0.9,235.0
2019-03-15,1730,176357.0,12412947.0,70.5,70.7,70.1,70.5,-0.1,140.0
2019-03-18,1730,130097.0,9184887.0,70.5,70.8,70.4,70.4,-0.1,109.0
2019-03-19,1730,119059.0,8382980.0,70.5,70.9,70.1,70.5,0.1,103.0
2019-03-20,1730,260350.0,18261450.0,70.6,70.6,69.9,70.0,-0.5,226.0
2019-03-21,1730,98438.0,6920998.0,70.5,70.7,70.0,70.5,0.5,91.0
2019-03-22,1730,234394.0,16558089.0,70.6,70.9,70.2,70.8,0.3,196.0
2019-03-25,1730,139210.0,9835355.0,70.2,71.1,70.2,70.6,-0.2,118.0
2019-03-26,1730,196041.0,13944827.0,71.1,71.4,70.8,71.0,0.4,124.0
2019-03-27,1730,245443.0,17586637.0,71.2,72.1,71.0,71.9,0.9,186.0
2019-03-28,1730,228150.0,16157569.0,71.9,72.0,70.3,70.3,-1.6,205.0
2019-03-29,1730,568471.0,39537770.0,70.3,70.3,69.0,69.6,-0.7,359.0
2019-04-01,1730,142300.0,9906220.0,69.6,70.1,69.4,69.6,0.0,121.0
2019-04-02,1730,357869.0,24731165.0,69.5,69.6,68.6,69.2,-0.4,238.0
2019-04-03,1730,165200.0,11435200.0,69.2,69.6,68.8,69.5,0.3,120.0
2019-04-08,1730,300164.0,21154155.0,69.9,71.2,69.9,71.1,1.6,256.0
2019-04-09,1730,162808.0,11484503.0,71.1,71.1,70.1,70.6,-0.5,146.0
2019-04-10,1730,143655.0,10102001.0,70.3,70.7,70.0,70.7,0.1,124.0
2019-04-11,1730,854490.0,59043354.0,70.2,70.2,68.7,68.8,-1.9,654.0
2019-04-12,1730,150503.0,10398857.0,68.8,69.4,68.8,68.8,0.0,128.0
2019-04-15,1730,92152.0,6390391.0,70.0,70.0,69.0,69.2,0.4,87.0
2019-04-16,1730,109348.0,7571684.0,69.9,69.9,69.0,69.1,-0.1,99.0
2019-04-17,1730,168560.0,11666944.0,69.1,69.6,68.9,69.1,0.0,128.0
2019-04-18,1730,269100.0,18499340.0,69.1,69.1,68.5,68.6,-0.5,181.0
2019-04-19,1730,112200.0,7709500.0,68.6,68.8,68.6,68.7,0.1,74.0
2019-04-22,1730,123200.0,8481700.0,69.3,69.3,68.6,69.0,0.3,79.0
2019-04-23,1730,149384.0,10243480.0,69.1,69.1,68.2,68.9,-0.1,97.0
2019-04-24,1730,162337.0,11199190.0,68.9,69.5,68.6,69.2,0.3,122.0
2019-04-25,1730,684566.0,48296868.0,69.7,71.1,69.4,71.0,1.8,520.0
2019-04-26,1730,656666.0,47032383.0,71.0,72.5,70.9,71.2,0.2,498.0
2019-04-29,1730,473982.0,34131095.0,71.3,73.3,71.3,71.9,0.7,399.0
2019-04-30,1730,489783.0,35663159.0,72.2,73.4,72.2,72.9,1.0,383.0
2019-05-02,1730,295540.0,21602136.0,73.4,73.4,72.7,72.9,0.0,244.0
2019-05-03,1730,832799.0,61805557.0,73.3,74.9,72.9,74.2,1.3,587.0
2019-05-06,1730,2271721.0,177924595.0,78.2,79.8,76.4,77.9,3.7,1620.0
2019-05-07,1730,2100775.0,166615469.0,77.9,81.4,77.3,77.5,-0.4,1486.0
2019-05-08,1730,919086.0,70175904.0,77.5,77.6,75.2,76.6,-0.9,716.0
2019-05-09,1730,595518.0,45620739.0,76.6,77.8,76.0,76.7,0.1,424.0
2019-05-10,1730,441112.0,34213634.0,77.0,78.2,76.3,78.1,1.4,384.0
2019-05-13,1730,1951893.0,157572693.0,79.5,83.2,78.7,79.8,1.7,1485.0
2019-05-14,1730,605784.0,48183050.0,78.5,80.8,78.0,79.9,0.1,501.0
2019-05-15,1730,756743.0,61053322.0,80.3,81.2,80.0,80.9,1.0,575.0
2019-05-16,1730,360354.0,29007831.0,81.3,81.3,79.9,79.9,-1.0,298.0
2019-05-17,1730,766931.0,60292480.0,80.0,80.3,77.7,77.8,-2.1,583.0
2019-05-20,1730,399277.0,31646677.0,78.0,80.1,78.0,80.1,2.3,324.0
2019-05-21,1730,465359.0,37491379.0,79.2,81.1,79.2,80.6,0.5,364.0
2019-05-22,1730,1480955.0,123217375.0,81.2,85.0,80.6,84.8,4.2,1108.0
2019-05-23,1730,1107625.0,93008558.0,84.9,86.1,82.6,83.0,-1.8,876.0
2019-05-24,1730,538813.0,45357617.0,83.0,85.2,82.6,84.9,1.9,458.0
2019-05-27,1730,1972607.0,174254142.0,85.5,91.1,85.5,91.1,6.2,1602.0
2019-05-28,1730,1250850.0,111562377.0,90.9,90.9,88.0,89.3,-1.8,1016.0
2019-05-29,1730,934585.0,82421465.0,88.4,89.6,87.4,88.4,-0.9,746.0
2019-05-30,1730,479396.0,42214780.0,88.4,88.9,87.4,88.2,-0.2,407.0
2019-05-31,1730,1357606.0,121414464.0,88.5,91.2,87.7,88.0,-0.2,1160.0
2019-06-03,1730,711726.0,62326729.0,88.1,88.7,86.0,87.9,-0.1,619.0
2019-06-04,1730,384225.0,33886739.0,88.5,89.5,87.3,88.0,0.1,350.0
2019-06-05,1730,400002.0,35183576.0,88.0,88.8,87.4,88.3,0.3,342.0
2019-06-06,1730,308946.0,27353117.0,88.8,89.0,88.0,88.5,0.2,277.0
2019-06-10,1730,598275.0,53446317.0,89.4,90.3,88.3,90.3,1.8,527.0
2019-06-11,1730,1278527.0,117225619.0,92.8,93.8,90.3,90.5,0.2,1033.0
2019-06-12,1730,340310.0,30895463.0,90.6,91.5,90.1,91.3,0.8,260.0
2019-06-13,1730,315314.0,28668774.0,91.5,92.2,90.5,90.7,-0.6,270.0
2019-06-14,1730,452413.0,40723970.0,91.0,91.0,89.3,89.5,-1.2,358.0
2019-06-17,1730,490695.0,43357212.0,89.2,89.2,87.8,88.5,-1.0,400.0
2019-06-18,1730,419208.0,37693661.0,88.6,90.9,88.6,89.6,1.1,346.0
2019-06-19,1730,266794.0,24121153.0,90.1,90.8,90.0,90.3,0.7,228.0
2019-06-20,1730,317606.0,28687220.0,90.4,91.2,89.8,89.8,-0.5,244.0
2019-06-21,1730,287563.0,25978948.0,90.1,90.9,89.8,90.5,0.7,256.0
2019-06-24,1730,624287.0,57224110.0,91.0,92.3,90.8,91.7,1.2,515.0
2019-06-25,1730,329191.0,30162190.0,91.7,92.2,91.1,91.4,-0.3,292.0
2019-06-26,1730,209868.0,19044488.0,91.5,91.5,90.4,90.5,-0.9,185.0
2019-06-27,1730,304676.0,27489173.0,90.7,90.9,89.7,90.2,-0.3,251.0
2019-06-28,1730,121280.0,10988508.0,90.3,91.0,90.3,90.6,0.4,102.0
2019-07-01,1730,374498.0,33684361.0,90.9,90.9,89.1,90.2,-0.4,291.0
2019-07-02,1730,289828.0,26314861.0,90.2,91.4,90.0,90.7,0.5,235.0
2019-07-03,1730,155442.0,14039022.0,91.0,91.0,89.8,90.5,-0.2,126.0
2019-07-04,1730,118310.0,10728241.0,90.9,90.9,90.3,90.7,0.2,107.0
2019-07-05,1730,728181.0,67200133.0,91.0,93.0,91.0,92.6,1.9,612.0
2019-07-08,1730,329472.0,30309224.0,93.0,93.0,91.0,91.6,-1.0,285.0
2019-07-09,1730,124556.0,11448805.0,91.6,92.4,91.4,91.8,0.2,118.0
2019-07-10,1730,206160.0,18969880.0,92.0,92.7,91.5,92.7,0.9,161.0
2019-07-11,1730,1945524.0,172468136.0,90.6,90.6,88.0,88.2,-4.5,1604.0
2019-07-12,1730,1855799.0,158506245.0,88.1,88.2,83.6,86.0,-2.2,1559.0
2019-07-15,1730,532062.0,46340008.0,86.0,88.5,85.0,87.9,1.9,490.0
2019-07-16,1730,239807.0,21105318.0,88.2,88.5,87.1,88.0,0.1,218.0
2019-07-17,1730,169342.0,14853767.0,88.0,88.0,87.4,87.5,-0.5,151.0
2019-07-18,1730,200909.0,17677479.0,87.5,88.4,87.5,87.7,0.2,182.0
2019-07-19,1730,298587.0,26357245.0,88.0,88.6,87.7,88.3,0.6,224.0
2019-07-22,1730,266535.0,23660015.0,88.3,89.2,88.3,88.6,0.3,184.0
2019-07-23,1730,241450.0,21288225.0,88.6,88.8,88.0,88.0,-0.6,172.0
2019-07-24,1730,144398.0,12782622.0,88.0,88.8,88.0,88.5,0.5,122.0
2019-07-25,1730,261633.0,23084716.0,88.5,88.5,88.0,88.1,-0.4,199.0
2019-07-26,1730,141516.0,12475608.0,88.1,88.5,87.9,88.4,0.3,139.0
2019-07-29,1730,255243.0,22675250.0,88.8,89.2,88.6,88.6,0.2,204.0
2019-07-30,1730,414275.0,36280050.0,88.8,88.8,86.8,87.2,-1.4,348.0
2019-07-31,1730,416023.0,36615240.0,87.2,88.4,87.2,88.4,1.2,323.0
2019-08-01,1730,546245.0,46544370.0,85.1,86.0,84.0,85.1,0.0,451.0
2019-08-02,1730,215102.0,18149951.0,85.0,85.0,84.0,84.4,-0.7,216.0
2019-08-05,1730,614133.0,50463606.0,84.4,84.4,81.2,81.5,-2.9,548.0
2019-08-06,1730,349855.0,27825537.0,80.0,80.9,77.4,80.6,-0.9,322.0
2019-08-07,1730,427555.0,36045903.0,81.0,85.9,81.0,84.9,4.3,404.0
2019-08-08,1730,246540.0,20958263.0,85.5,85.9,84.3,85.3,0.4,241.0
2019-08-12,1730,382146.0,31987664.0,84.5,84.5,83.1,83.3,-2.0,333.0
2019-08-13,1730,250887.0,20591973.0,82.6,83.0,81.5,82.0,-1.3,237.0
2019-08-14,1730,224793.0,18504322.0,82.6,83.3,81.5,81.8,-0.2,184.0
2019-08-15,1730,279410.0,22505488.0,80.0,81.0,80.0,80.5,-1.3,251.0
2019-08-16,1730,160870.0,12954670.0,81.0,81.2,80.2,80.3,-0.2,169.0
2019-08-19,1730,432453.0,34425640.0,80.1,80.5,79.2,79.2,-1.1,366.0
2019-08-20,1730,295596.0,23877230.0,79.6,81.6,79.6,80.6,1.4,253.0
2019-08-21,1730,225215.0,18557848.0,81.4,83.3,81.3,83.0,2.4,216.0
2019-08-22,1730,124567.0,10243919.0,83.1,83.3,81.8,81.9,-1.1,128.0
2019-08-23,1730,104573.0,8546286.0,81.6,82.8,81.5,81.7,-0.2,111.0
2019-08-26,1730,261275.0,20967112.0,80.0,80.9,80.0,80.3,-1.4,237.0
2019-08-27,1730,156347.0,12584779.0,81.2,81.2,80.1,80.7,0.4,121.0
2019-08-28,1730,70004.0,5635016.0,81.5,81.5,80.2,80.3,-0.4,74.0
2019-08-29,1730,120250.0,9647175.0,80.3,80.6,80.1,80.5,0.2,100.0
2019-08-30,1730,88152.0,7083612.0,80.5,80.8,80.1,80.3,-0.2,93.0
2019-09-02,1730,147257.0,11835317.0,80.3,80.6,80.2,80.5,0.2,114.0
2019-09-03,1730,77661.0,6233041.0,80.5,80.5,80.1,80.2,-0.3,74.0
2019-09-04,1730,128200.0,10293400.0,80.2,80.5,80.1,80.5,0.3,115.0
2019-09-05,1730,106458.0,8593087.0,80.6,81.0,80.4,80.8,0.3,103.0
2019-09-06,1730,164810.0,13242510.0,80.8,81.0,80.1,80.5,-0.3,148.0
2019-09-09,1730,106349.0,8539430.0,80.2,80.5,80.0,80.4,-0.1,103.0
2019-09-10,1730,108088.0,8677683.0,80.3,80.7,80.1,80.2,-0.2,100.0
2019-09-11,1730,1179360.0,90148158.0,78.1,78.3,75.5,76.1,-4.1,1058.0
2019-09-12,1730,915156.0,68179900.0,75.8,76.0,74.0,74.2,-1.9,760.0
2019-09-16,1730,298200.0,22412800.0,74.2,75.6,74.1,75.5,1.3,270.0
2019-09-17,1730,146210.0,10948406.0,75.5,75.5,74.6,74.8,-0.7,146.0
2019-09-18,1730,100348.0,7554175.0,74.8,75.5,74.8,75.3,0.5,101.0
2019-09-19,1730,149154.0,11228172.0,75.3,75.6,75.0,75.1,-0.2,132.0
2019-09-20,1730,96580.0,7232488.0,75.1,75.1,74.6,75.0,-0.1,87.0
2019-09-23,1730,124475.0,9382600.0,74.6,75.9,74.6,75.3,0.3,123.0
2019-09-24,1730,375190.0,28683040.0,75.5,77.3,75.5,77.3,2.0,272.0
2019-09-25,1730,167780.0,12869760.0,77.4,77.4,76.5,76.6,-0.7,153.0
2019-09-26,1730,378802.0,28462652.0,76.3,76.3,74.6,74.8,-1.8,336.0
2019-09-27,1730,120021.0,9011886.0,75.9,75.9,74.7,74.9,0.1,113.0
2019-10-01,1730,149800.0,11159400.0,74.9,75.0,74.0,74.3,-0.6,115.0
2019-10-02,1730,85545.0,6376375.0,74.3,74.9,74.3,74.4,0.1,86.0
2019-10-03,1730,105516.0,7819600.0,74.4,74.4,74.0,74.1,-0.3,105.0
2019-10-04,1730,208233.0,15331242.0,74.0,74.2,73.2,73.2,-0.9,204.0
2019-10-07,1730,512934.0,36763032.0,73.2,73.2,71.0,71.2,-2.0,467.0
2019-10-08,1730,368725.0,26359657.0,70.9,73.0,70.3,72.8,1.6,335.0
2019-10-09,1730,114100.0,8225747.0,72.8,72.8,71.8,72.0,-0.8,106.0
2019-10-14,1730,417311.0,29453531.0,70.3,71.8,70.3,70.3,-1.7,379.0
2019-10-15,1730,144348.0,10198644.0,70.3,71.0,70.0,70.8,0.5,142.0
2019-10-16,1730,130303.0,9286416.0,71.3,71.5,71.1,71.3,0.5,121.0
2019-10-17,1730,135750.0,9782775.0,71.3,72.5,71.3,72.3,1.0,129.0
2019-10-18,1730,112969.0,8159639.0,72.4,72.4,72.0,72.4,0.1,110.0
2019-10-21,1730,269307.0,19696018.0,72.4,73.8,71.8,73.8,1.4,198.0
2019-10-22,1730,610934.0,46163539.0,74.3,76.3,74.0,76.2,2.4,506.0
2019-10-23,1730,276551.0,20833681.0,76.4,76.4,75.0,75.1,-1.1,256.0
2019-10-24,1730,194110.0,14453850.0,75.1,75.1,73.7,74.4,-0.7,183.0
2019-10-25,1730,190193.0,14017382.0,74.4,74.5,73.2,73.2,-1.2,189.0
2019-10-28,1730,223620.0,16268381.0,73.2,73.5,72.6,72.6,-0.6,145.0
2019-10-29,1730,100233.0,7312978.0,73.0,73.3,72.6,72.6,0.0,89.0
2019-10-30,1730,97177.0,7091009.0,73.6,73.6,72.7,72.9,0.3,87.0
2019-10-31,1730,101792.0,7442170.0,73.3,73.4,72.9,72.9,0.0,92.0
2019-11-01,1730,211743.0,15234488.0,72.9,72.9,71.7,72.1,-0.8,185.0
2019-11-04,1730,195048.0,13986478.0,72.1,72.1,71.3,71.6,-0.5,172.0
2019-11-05,1730,137954.0,9929269.0,71.6,72.3,71.6,72.0,0.4,139.0
2019-11-06,1730,140625.0,10124409.0,72.0,72.4,71.9,71.9,-0.1,121.0
2019-11-07,1730,145525.0,10458749.0,72.0,72.0,71.7,71.8,-0.1,116.0
2019-11-08,1730,111551.0,7979275.0,71.8,72.0,71.2,72.0,0.2,107.0
2019-11-11,1730,185026.0,13160755.0,71.9,71.9,70.8,71.0,-1.0,185.0
2019-11-12,1730,62560.0,4455220.0,71.0,71.4,71.0,71.4,0.4,59.0
2019-11-13,1730,235960.0,17171861.0,71.4,73.3,71.4,72.9,1.5,196.0
2019-11-14,1730,124014.0,9067518.0,73.1,73.4,72.9,73.0,0.1,125.0
2019-11-15,1730,165957.0,12025361.0,73.1,73.2,72.1,72.1,-0.9,153.0
2019-11-18,1730,149065.0,10665417.0,72.1,72.1,71.2,71.8,-0.3,122.0
2019-11-19,1730,91879.0,6581288.0,71.7,71.8,71.5,71.5,-0.3,98.0
2019-11-20,1730,83052.0,5967244.0,71.5,72.1,71.5,72.0,0.5,87.0
2019-11-21,1730,129278.0,9387494.0,72.0,73.0,72.0,72.8,0.8,138.0
2019-11-22,1730,211185.0,15448105.0,73.0,73.5,72.5,72.5,-0.3,197.0
2019-11-25,1730,83919.0,6100887.0,73.2,73.2,72.5,72.5,0.0,89.0
2019-11-26,1730,83913.0,6068062.0,72.5,72.5,72.2,72.4,-0.1,84.0
2019-11-27,1730,59702.0,4335634.0,72.6,72.9,72.4,72.4,0.0,56.0
2019-11-28,1730,96972.0,6993072.0,72.1,72.4,72.0,72.0,-0.4,90.0
2019-11-29,1730,63023.0,4538856.0,72.0,72.3,71.9,71.9,-0.1,72.0
2019-12-02,1730,141742.0,10094326.0,71.6,71.6,71.0,71.2,-0.7,127.0
2019-12-03,1730,54500.0,3909000.0,71.0,72.0,71.0,71.7,0.5,53.0
2019-12-04,1730,76340.0,5437790.0,71.7,71.7,71.1,71.2,-0.5,71.0
2019-12-05,1730,71017.0,5064031.0,71.2,71.5,71.2,71.3,0.1,66.0
2019-12-06,1730,60721.0,4355478.0,71.3,71.9,71.3,71.9,0.6,72.0
2019-12-09,1730,57802.0,4153420.0,72.0,72.0,71.6,71.8,-0.1,66.0
2019-12-10,1730,79550.0,5701000.0,71.7,71.9,71.5,71.7,-0.1,61.0
2019-12-11,1730,327500.0,23173048.0,71.5,71.5,70.5,70.9,-0.8,283.0
2019-12-12,1730,199656.0,14116202.0,70.9,71.3,70.5,70.6,-0.3,176.0
2019-12-13,1730,233713.0,16407834.0,70.6,70.6,70.0,70.3,-0.3,219.0
2019-12-16,1730,102391.0,7200719.0,70.3,70.5,70.1,70.4,0.1,94.0
2019-12-17,1730,111575.0,7887425.0,70.5,71.0,70.4,70.9,0.5,123.0
2019-12-18,1730,92189.0,6543271.0,70.9,71.3,70.7,71.3,0.4,89.0
2019-12-19,1730,78700.0,5581508.0,71.3,71.4,70.8,70.8,-0.5,79.0
2019-12-20,1730,190200.0,13378500.0,70.6,70.7,70.1,70.5,-0.3,139.0
2019-12-23,1730,114342.0,8036212.0,70.5,70.5,70.1,70.2,-0.3,97.0
2019-12-24,1730,69735.0,4911862.0,70.3,70.7,70.3,70.3,0.1,69.0
2019-12-25,1730,118500.0,8387800.0,70.5,71.0,70.4,70.5,0.2,104.0
2019-12-26,1730,107881.0,7622490.0,70.6,70.9,70.5,70.5,0.0,87.0
2019-12-27,1730,82600.0,5829436.0,70.9,70.9,70.4,70.4,-0.1,84.0
2019-12-30,1730,113500.0,7997349.0,70.4,70.6,70.3,70.4,0.0,86.0
2019-12-31,1730,771359.0,56147582.0,70.9,74.1,70.6,73.2,2.8,653.0
2020-01-02,1730,874413.0,65426654.0,74.5,75.4,74.2,74.7,1.5,747.0
2020-01-03,1730,482683.0,35475899.0,75.0,75.1,72.3,72.7,-2.0,418.0
2020-01-06,1730,439386.0,32535876.0,74.7,74.7,73.5,73.6,0.9,408.0
2020-01-07,1730,185620.0,13573529.0,74.0,74.0,72.5,72.8,-0.8,178.0
2020-01-08,1730,150100.0,10748820.0,72.8,72.8,71.4,71.6,-1.2,147.0
2020-01-09,1730,121240.0,8732723.0,71.7,72.6,71.7,71.8,0.2,106.0
2020-01-10,1730,96202.0,6924246.0,71.9,72.5,71.8,72.1,0.3,85.0
2020-01-13,1730,192243.0,13730718.0,72.1,72.1,71.2,71.2,-0.9,184.0
2020-01-14,1730,88334.0,6303813.0,71.5,71.6,71.2,71.5,0.3,87.0
2020-01-15,1730,102612.0,7380743.0,71.9,72.6,71.7,71.9,0.4,106.0
2020-01-16,1730,101790.0,7314835.0,72.2,72.2,71.8,71.8,-0.1,96.0
2020-01-17,1730,173425.0,12376224.0,71.8,71.8,71.2,71.4,-0.4,143.0
2020-01-20,1730,3150445.0,239474970.0,72.6,77.9,72.3,77.3,5.9,2544.0
2020-01-30,1730,1019802.0,86683170.0,85.0,85.0,85.0,85.0,7.7,723.0
2020-01-31,1730,8595502.0,776288797.0,93.4,93.4,86.0,88.5,3.5,6303.0
2020-02-03,1730,7978535.0,761926919.0,91.0,97.3,89.9,97.3,8.8,5596.0
2020-02-04,1730,6336446.0,578272842.0,98.0,98.0,87.6,87.6,-9.7,4913.0
2020-02-05,1730,3657022.0,294281916.0,84.3,84.5,78.9,78.9,-8.7,2813.0
2020-02-06,1730,5288296.0,386915556.0,74.1,75.0,72.3,72.6,-6.3,3968.0
2020-02-07,1730,6886819.0,534580852.0,74.8,79.6,74.8,77.6,5.0,5444.0
2020-02-10,1730,4936486.0,382997721.0,78.0,81.1,75.0,75.9,-1.7,3763.0
2020-02-11,1730,1768506.0,133281802.0,75.8,77.0,74.6,75.0,-0.9,1319.0
2020-02-12,1730,1362457.0,101565131.0,75.6,75.8,73.7,74.1,-0.9,1081.0
2020-02-13,1730,1256614.0,92748650.0,74.1,74.8,73.1,74.8,0.7,1041.0
2020-02-14,1730,954987.0,71604925.0,75.7,76.3,74.4,74.4,-0.4,760.0
2020-02-17,1730,2318670.0,177147550.0,76.3,77.8,75.0,75.0,0.6,1755.0
2020-02-18,1730,700401.0,52600513.0,75.1,75.9,74.7,74.7,-0.3,544.0
2020-02-19,1730,513216.0,38104378.0,73.9,74.8,73.9,74.2,-0.5,413.0
2020-02-20,1730,381025.0,28344457.0,74.4,74.8,74.1,74.1,-0.1,292.0
2020-02-21,1730,2402863.0,183215150.0,74.3,77.1,74.3,75.3,1.2,1859.0
2020-02-24,1730,2619294.0,202119425.0,77.1,77.9,76.0,76.0,0.7,2004.0
2020-02-25,1730,1174666.0,89400078.0,76.9,77.6,75.1,75.1,-0.9,965.0
2020-02-26,1730,549700.0,41178590.0,75.5,76.0,74.1,74.2,-0.9,482.0
2020-02-27,1730,958500.0,71237050.0,74.4,75.6,73.5,73.5,-0.7,738.0
2020-03-02,1730,870260.0,63425847.0,73.6,74.5,72.1,72.2,-1.3,677.0
2020-03-03,1730,614850.0,44805050.0,72.8,73.3,72.6,72.7,0.5,484.0
2020-03-04,1730,880107.0,65113456.0,74.0,74.5,73.6,73.8,1.1,710.0
2020-03-05,1730,454479.0,33549139.0,74.2,74.3,73.5,73.7,-0.1,355.0
2020-03-06,1730,601195.0,44648230.0,73.9,75.0,73.5,73.5,-0.2,512.0
2020-03-09,1730,834550.0,60616083.0,73.7,74.3,70.9,71.0,-2.5,685.0
2020-03-10,1730,1458856.0,98585989.0,68.5,69.0,65.3,68.1,-2.9,1187.0
2020-03-11,1730,760468.0,51556324.0,68.0,68.6,67.1,67.2,-0.9,623.0
2020-03-12,1730,1422583.0,89195694.0,66.3,66.4,61.2,61.2,-6.0,1161.0
2020-03-13,1730,1619325.0,89547400.0,55.5,56.0,55.1,55.6,-5.6,1238.0
2020-03-16,1730,1554532.0,89307226.0,57.5,59.0,56.0,56.6,1.0,1227.0
2020-03-17,1730,682523.0,37018849.0,56.0,56.0,52.6,54.0,-2.6,571.0
2020-03-18,1730,596308.0,32325736.0,54.0,55.0,53.0,53.1,-0.9,483.0
2020-03-19,1730,1202035.0,58289777.0,50.2,51.0,47.8,47.8,-5.3,962.0
2020-03-20,1730,827992.0,41443985.0,48.6,51.0,48.6,50.8,3.0,628.0
2020-03-23,1730,361200.0,17892558.0,48.6,50.8,47.85,50.2,-0.6,321.0
2020-03-24,1730,496100.0,25453100.0,50.9,51.9,50.7,51.3,1.1,342.0
2020-03-25,1730,674780.0,36306690.0,53.2,54.8,52.6,54.5,3.2,538.0
2020-03-26,1730,1133334.0,64896631.0,55.1,58.8,55.0,58.8,4.3,912.0
2020-03-27,1730,967279.0,56969272.0,60.0,61.3,57.0,57.2,-1.6,739.0
2020-03-30,1730,418392.0,23991365.0,56.0,59.0,55.2,58.8,1.6,351.0
2020-03-31,1730,296321.0,17456998.0,59.2,59.8,58.6,58.8,0.0,244.0
2020-04-01,1730,233500.0,13753299.0,59.2,59.3,58.4,59.3,0.5,181.0
2020-04-06,1730,552309.0,33342704.0,59.3,61.3,59.0,61.1,1.8,444.0
2020-04-07,1730,465149.0,28477095.0,61.9,62.5,60.5,60.9,-0.2,385.0
2020-04-08,1730,200710.0,12233564.0,61.0,61.4,60.5,61.2,0.3,176.0
2020-04-09,1730,316529.0,19233306.0,61.3,61.7,60.3,60.5,-0.7,271.0
2020-04-10,1730,345380.0,21224260.0,61.0,61.8,61.0,61.6,1.1,266.0
2020-04-13,1730,321150.0,20037871.0,61.7,63.3,61.4,62.4,0.8,287.0
2020-04-14,1730,288552.0,18146250.0,62.6,63.3,62.6,62.8,0.4,214.0
2020-04-15,1730,310070.0,19710042.0,62.9,64.0,62.9,63.6,0.8,251.0
2020-04-16,1730,340960.0,21838814.0,63.6,64.7,63.1,64.1,0.5,262.0
2020-04-17,1730,304747.0,19718452.0,65.8,65.8,64.1,64.3,0.2,264.0
2020-04-20,1730,269430.0,17364275.0,64.0,65.3,63.4,65.0,0.7,204.0
2020-04-21,1730,356791.0,22753284.0,65.1,65.1,63.3,63.4,-1.6,296.0
2020-04-22,1730,197165.0,12311273.0,62.9,63.4,61.5,63.3,-0.1,199.0
2020-04-23,1730,143036.0,9142504.0,64.9,64.9,63.5,63.8,0.5,130.0
2020-04-24,1730,129310.0,8228895.0,63.8,64.1,63.0,63.6,-0.2,113.0
2020-04-27,1730,257000.0,16473300.0,64.0,64.8,63.5,63.7,0.1,192.0
2020-04-28,1730,225236.0,14373298.0,64.4,64.4,63.6,64.0,0.3,187.0
2020-04-29,1730,226402.0,14521348.0,64.0,64.4,63.9,64.2,0.2,201.0
2020-04-30,1730,372685.0,24178328.0,64.5,65.2,64.5,64.8,0.6,316.0
2020-05-04,1730,445593.0,29083739.0,64.1,66.5,63.8,64.5,-0.3,379.0
2020-05-05,1730,384775.0,25217937.0,64.7,66.0,64.7,65.5,1.0,309.0
2020-05-06,1730,2472389.0,173385184.0,66.9,72.0,66.8,69.1,3.6,1818.0
2020-05-07,1730,793220.0,54857007.0,69.9,70.7,67.6,70.1,1.0,611.0
2020-05-08,1730,557400.0,38721900.0,70.8,70.8,68.6,68.9,-1.2,423.0
2020-05-11,1730,488703.0,34187042.0,69.1,71.3,69.0,70.0,1.1,400.0
2020-05-12,1730,276316.0,19330320.0,70.2,70.4,69.7,70.1,0.1,229.0
2020-05-13,1730,538728.0,38509816.0,70.3,72.5,70.2,71.5,1.4,426.0
2020-05-14,1730,627846.0,45179055.0,72.0,73.0,71.2,71.5,0.0,445.0
2020-05-15,1730,305309.0,21506161.0,71.2,71.9,69.5,70.0,-1.5,266.0
2020-05-18,1730,423610.0,30254924.0,70.1,72.5,70.1,70.8,0.8,309.0
2020-05-19,1730,193607.0,13765379.0,71.0,72.0,70.8,71.4,0.6,172.0
2020-05-20,1730,179430.0,12702190.0,71.5,71.5,70.2,70.7,-0.7,141.0
2020-05-21,1730,179268.0,12749887.0,70.8,71.5,70.8,71.0,0.3,144.0
2020-05-22,1730,230584.0,16401236.0,71.2,71.9,70.8,71.0,0.0,188.0
2020-05-25,1730,129369.0,9155753.0,71.5,71.5,70.4,70.8,-0.2,126.0
2020-05-26,1730,184511.0,13128826.0,70.8,71.5,70.8,70.9,0.1,164.0
2020-05-27,1730,1025258.0,75078064.0,71.5,74.8,70.5,74.7,3.8,768.0
2020-05-28,1730,545481.0,40137142.0,74.0,74.3,72.3,73.9,-0.8,493.0
2020-05-29,1730,254206.0,18797844.0,73.6,74.2,73.3,74.0,0.1,222.0
2020-06-01,1730,359601.0,26797112.0,73.3,75.4,73.2,75.0,1.0,278.0
2020-06-02,1730,346780.0,26163072.0,76.9,77.0,74.5,75.3,0.3,284.0
2020-06-03,1730,714653.0,55045381.0,76.5,77.7,76.0,76.7,1.4,465.0
2020-06-04,1730,171126.0,13150334.0,76.8,77.7,76.2,76.4,-0.3,157.0
2020-06-05,1730,363565.0,28103205.0,76.6,77.7,76.6,77.0,0.6,243.0
2020-06-08,1730,378218.0,29297946.0,77.2,78.0,77.0,77.0,0.0,279.0
2020-06-09,1730,582259.0,45679661.0,77.2,79.4,77.1,78.6,1.6,407.0
2020-06-10,1730,300927.0,23869734.0,79.4,80.0,78.7,78.8,0.2,259.0
2020-06-11,1730,613281.0,46534696.0,78.8,78.8,74.0,75.5,-3.3,539.0
2020-06-12,1730,411100.0,30714149.0,74.4,76.5,72.0,76.0,0.5,317.0
2020-06-15,1730,166790.0,12834870.0,76.5,77.4,76.3,76.3,0.3,136.0
2020-06-16,1730,164944.0,12707762.0,77.2,77.4,76.5,77.2,0.9,143.0
2020-06-17,1730,190010.0,14707676.0,77.3,78.3,76.6,76.7,-0.5,136.0
2020-06-18,1730,145440.0,11133435.0,76.7,76.8,76.2,76.3,-0.4,125.0
2020-06-19,1730,175687.0,13435615.0,77.0,77.0,75.6,76.3,0.0,117.0
2020-06-22,1730,164308.0,12655680.0,76.0,77.5,76.0,76.7,0.4,148.0
2020-06-23,1730,152204.0,11657745.0,77.2,77.4,76.2,76.4,-0.3,115.0
2020-06-24,1730,160101.0,12147938.0,76.4,76.4,75.6,75.7,-0.7,146.0
2020-06-29,1730,208300.0,15533226.0,75.7,75.7,73.4,75.0,-0.7,194.0
2020-06-30,1730,100229.0,7499504.0,75.4,75.4,74.5,74.7,-0.3,78.0
2020-07-01,1730,157200.0,11876400.0,75.0,76.4,74.7,75.7,1.0,121.0
2020-07-02,1730,147054.0,11236238.0,75.9,77.0,75.9,76.7,1.0,105.0
2020-07-03,1730,205394.0,15755558.0,77.0,77.0,76.3,76.3,-0.4,132.0
2020-07-06,1730,208950.0,16072950.0,76.9,77.4,76.6,76.8,0.5,160.0
2020-07-07,1730,172920.0,13182893.0,76.9,77.0,75.8,76.0,-0.8,150.0
2020-07-08,1730,150591.0,11396316.0,76.0,76.0,75.3,75.9,-0.1,103.0
2020-07-09,1730,105449.0,7976582.0,75.9,75.9,75.5,75.5,-0.4,100.0
2020-07-10,1730,160428.0,11974311.0,76.4,76.4,73.8,74.5,-1.0,143.0
2020-07-13,1730,99101.0,7416576.0,74.7,75.7,74.2,74.9,0.4,84.0
2020-07-14,1730,120528.0,9100367.0,75.5,76.0,75.0,75.2,0.3,91.0
2020-07-15,1730,84489.0,6357866.0,75.5,75.5,74.9,75.3,0.1,73.0
2020-07-16,1730,91218.0,6895279.0,75.6,76.0,75.3,75.6,0.3,81.0
2020-07-17,1730,96252.0,7221722.0,75.6,75.6,74.8,74.9,-0.7,85.0
2020-07-20,1730,58409.0,4344754.0,74.9,74.9,73.9,74.9,0.0,59.0
2020-07-21,1730,54293.0,4071475.0,75.0,75.3,74.8,74.8,-0.1,59.0
2020-07-22,1730,86183.0,6436362.0,74.6,75.0,74.5,74.6,-0.2,88.0
2020-07-23,1730,54556.0,4081052.0,74.6,75.0,74.0,74.9,0.3,51.0
2020-07-24,1730,139500.0,10350199.0,74.9,74.9,73.6,74.2,-0.7,127.0
2020-07-27,1730,189091.0,13901860.0,73.6,74.1,73.2,73.2,-1.0,129.0
2020-07-28,1730,276340.0,19758951.0,73.2,73.2,70.6,71.1,-2.1,215.0
2020-07-29,1730,132030.0,9470405.0,70.3,72.5,70.1,72.5,1.4,104.0
2020-07-30,1730,82501.0,6017723.0,72.7,73.7,72.6,73.0,0.5,53.0
2020-07-31,1730,64200.0,4697397.0,73.6,73.6,72.8,73.3,0.3,65.0
2020-08-03,1730,130500.0,9665496.0,73.5,75.0,73.4,74.6,1.3,113.0
2020-08-04,1730,95117.0,7120947.0,75.0,75.2,74.6,74.8,0.2,94.0
2020-08-05,1730,94100.0,7056600.0,74.8,75.2,74.8,75.0,0.2,79.0
2020-08-06,1730,80514.0,6054253.0,75.0,75.5,75.0,75.0,0.0,72.0
2020-08-07,1730,117300.0,8841409.0,75.1,75.5,75.1,75.5,0.5,88.0
2020-08-10,1730,112321.0,8522560.0,75.6,76.2,75.6,75.7,0.2,107.0
2020-08-11,1730,151776.0,11367664.0,76.0,76.0,74.0,74.3,-1.4,138.0
2020-08-12,1730,256775.0,19194825.0,74.3,75.0,74.3,74.8,0.5,110.0
2020-08-13,1730,263390.0,19605150.0,75.2,75.3,74.1,74.5,-0.3,206.0
2020-08-14,1730,225422.0,16133939.0,70.8,72.1,70.7,71.9,0.0,182.0
2020-08-17,1730,206396.0,14950226.0,71.8,72.8,71.8,72.5,0.6,78.0
2020-08-18,1730,64020.0,4629360.0,72.7,72.9,72.0,72.2,-0.3,57.0
2020-08-19,1730,118702.0,8489944.0,72.2,72.2,71.2,71.3,-0.9,106.0
2020-08-20,1730,232708.0,16384420.0,71.3,71.3,69.8,70.6,-0.7,188.0
2020-08-21,1730,83580.0,5929960.0,70.2,71.8,69.8,71.8,1.2,86.0
2020-08-24,1730,32150.0,2289100.0,71.5,71.6,71.0,71.2,-0.6,30.0
2020-08-25,1730,48324.0,3429596.0,71.2,71.2,70.7,71.1,-0.1,47.0
2020-08-26,1730,262144.0,19090093.0,71.3,73.5,71.3,73.5,2.4,215.0
2020-08-27,1730,107092.0,7834616.0,73.5,73.8,72.6,72.8,-0.7,92.0
2020-08-28,1730,115216.0,8302094.0,72.7,73.3,71.5,71.7,-1.1,98.0
2020-08-31,1730,80261.0,5850730.0,73.0,73.3,72.7,72.9,1.2,80.0
2020-09-01,1730,55400.0,4033600.0,73.0,73.0,72.7,72.9,0.0,55.0
2020-09-02,1730,68286.0,4951448.0,72.9,73.0,72.0,72.3,-0.6,59.0
2020-09-03,1730,32340.0,2329188.0,72.9,72.9,71.9,72.0,-0.3,32.0
2020-09-04,1730,62442.0,4448277.0,71.5,71.5,71.0,71.2,-0.8,61.0
2020-09-07,1730,72115.0,5150167.0,71.2,73.0,71.0,71.1,-0.1,74.0
2020-09-08,1730,45494.0,3245568.0,71.2,72.6,70.9,71.3,0.2,46.0
2020-09-09,1730,37326.0,2653041.0,71.1,71.2,71.0,71.1,-0.2,35.0
2020-09-10,1730,36155.0,2582284.0,71.9,71.9,71.2,71.4,0.3,37.0
2020-09-11,1730,54295.0,3888399.0,71.6,72.0,71.5,71.5,0.1,54.0
2020-09-14,1730,53359.0,3826483.0,71.6,72.0,71.6,71.6,0.1,54.0
2020-09-15,1730,46505.0,3316463.0,71.5,71.5,71.1,71.1,-0.5,43.0
2020-09-16,1730,82450.0,5857220.0,71.2,71.2,71.0,71.0,-0.1,72.0
2020-09-17,1730,48300.0,3430680.0,71.0,71.3,70.8,71.1,0.1,35.0
2020-09-18,1730,71846.0,5094789.0,71.1,71.1,70.8,70.9,-0.2,71.0
2020-09-21,1730,72611.0,5149722.0,70.9,71.0,70.8,70.9,0.0,59.0
2020-09-22,1730,39407.0,2786777.0,71.0,71.0,70.5,70.8,-0.1,43.0
2020-09-23,1730,54457.0,3863074.0,71.0,71.1,70.8,71.1,0.3,56.0
2020-09-24,1730,105570.0,7410425.0,71.1,71.1,69.7,69.9,-1.2,97.0
2020-09-25,1730,102640.0,7110372.0,69.9,70.1,68.8,69.2,-0.7,104.0
2020-09-28,1730,38800.0,2681020.0,69.3,69.3,69.0,69.1,-0.1,38.0
2020-09-29,1730,14660.0,1019730.0,69.2,70.2,69.1,69.6,0.5,21.0
2020-09-30,1730,22000.0,1536800.0,69.7,70.0,69.7,69.8,0.2,20.0
2020-10-05,1730,46055.0,3226849.0,70.0,70.6,69.8,70.2,0.4,34.0
2020-10-06,1730,66000.0,4677700.0,70.7,71.2,70.5,70.8,0.6,52.0
2020-10-07,1730,58237.0,4148838.0,70.8,71.4,70.7,71.4,0.6,49.0
2020-10-08,1730,36374.0,2584377.0,71.2,71.3,70.8,70.9,-0.5,30.0
2020-10-12,1730,323800.0,23689800.0,72.4,74.0,72.4,73.0,2.1,250.0
2020-10-13,1730,211806.0,15569057.0,73.0,74.0,73.0,73.4,0.4,168.0
2020-10-14,1730,143478.0,10585274.0,73.7,74.0,73.6,73.7,0.3,100.0
2020-10-15,1730,34942.0,2553866.0,73.7,73.7,73.0,73.0,-0.7,41.0
2020-10-16,1730,65482.0,4789587.0,73.5,73.5,72.1,72.8,-0.2,69.0
2020-10-19,1730,74386.0,5437207.0,72.8,73.5,72.8,73.2,0.4,73.0
2020-10-20,1730,28250.0,2063399.0,73.3,73.4,72.5,72.5,-0.7,30.0
2020-10-21,1730,25446.0,1847899.0,72.5,73.0,72.4,72.8,0.3,29.0
2020-10-22,1730,31104.0,2247639.0,72.0,72.7,72.0,72.0,-0.8,32.0
2020-10-23,1730,9000.0,648000.0,72.0,72.0,72.0,72.0,0.0,9.0
2020-10-26,1730,43021.0,3084182.0,72.0,72.0,71.5,71.5,-0.5,38.0
2020-10-27,1730,18006.0,1290230.0,71.5,72.0,71.5,71.6,0.1,20.0
2020-10-28,1730,79121.0,5700388.0,71.6,73.5,71.2,72.1,0.5,62.0
2020-10-29,1730,66359.0,4762794.0,72.3,72.3,71.1,72.0,-0.1,65.0
2020-10-30,1730,45290.0,3239264.0,72.0,72.0,71.2,71.7,-0.3,40.0
2020-11-02,1730,36294.0,2596278.0,71.2,72.0,71.2,72.0,0.3,35.0
2020-11-03,1730,23900.0,1708009.0,71.4,71.5,71.4,71.4,-0.6,31.0
2020-11-04,1730,67013.0,4842561.0,71.5,72.4,71.5,72.3,0.9,59.0
2020-11-05,1730,72205.0,5254391.0,72.5,73.1,72.5,72.8,0.5,65.0
2020-11-06,1730,52719.0,3846025.0,72.6,73.0,72.6,73.0,0.2,51.0
2020-11-09,1730,89560.0,6573049.0,73.2,73.5,73.2,73.4,0.4,82.0
2020-11-10,1730,28651.0,2092898.0,73.4,73.4,72.9,73.0,-0.4,30.0
2020-11-11,1730,144740.0,10315983.0,72.5,72.5,70.5,71.8,-1.2,134.0
2020-11-12,1730,53324.0,3865079.0,72.9,72.9,72.0,72.4,0.6,61.0
2020-11-13,1730,32402.0,2346135.0,72.4,72.6,72.3,72.5,0.1,38.0
2020-11-16,1730,62675.0,4532105.0,72.6,72.6,72.0,72.2,-0.3,74.0
2020-11-17,1730,89538.0,6414702.0,72.2,72.2,71.2,71.7,-0.5,110.0
2020-11-18,1730,29289.0,2105491.0,71.6,72.3,71.6,71.9,0.2,37.0
2020-11-19,1730,21554.0,1549306.0,72.0,72.0,71.6,71.7,-0.2,41.0
2020-11-20,1730,67157.0,4826004.0,71.8,72.5,71.4,72.4,0.7,60.0
2020-11-23,1730,57599.0,4169081.0,72.4,72.4,72.3,72.4,0.0,61.0
2020-11-24,1730,46292.0,3350895.0,72.4,72.4,72.2,72.4,0.0,49.0
2020-11-25,1730,42020.0,3038535.0,72.3,72.4,72.0,72.0,-0.4,58.0
2020-11-26,1730,43087.0,3107124.0,72.0,72.4,72.0,72.2,0.2,32.0
2020-11-27,1730,38816.0,2786661.0,72.3,72.3,71.7,71.8,-0.4,51.0
2020-11-30,1730,75406.0,5401748.0,71.8,71.8,71.5,71.6,-0.2,90.0
2020-12-01,1730,26671.0,1914576.0,71.8,72.0,71.6,71.8,0.2,30.0
2020-12-02,1730,55921.0,4002319.0,71.8,71.8,71.5,71.5,-0.3,54.0
2020-12-03,1730,38979.0,2787588.0,71.5,71.7,71.5,71.5,0.0,48.0
2020-12-04,1730,147221.0,10478768.0,71.5,71.5,70.9,71.5,0.0,160.0
2020-12-07,1730,80598.0,5774740.0,71.5,71.9,71.4,71.5,0.0,81.0
2020-12-08,1730,42583.0,3048978.0,71.6,71.7,71.5,71.6,0.1,54.0
2020-12-09,1730,97507.0,7005626.0,71.7,72.0,71.7,71.9,0.3,82.0
2020-12-10,1730,77527.0,5549840.0,72.1,72.1,70.7,71.5,-0.4,72.0
2020-12-11,1730,85252.0,6109152.0,72.1,72.1,71.5,71.6,0.1,87.0
2020-12-14,1730,41150.0,2945800.0,71.7,71.8,71.3,71.3,-0.3,40.0
2020-12-15,1730,119180.0,8416766.0,71.3,71.3,70.3,70.3,-1.0,121.0
2020-12-16,1730,77048.0,5434075.0,70.4,70.7,70.2,70.7,0.4,98.0
2020-12-17,1730,56449.0,3983973.0,70.9,70.9,70.5,70.8,0.1,81.0
2020-12-18,1730,42504.0,3002710.0,70.5,70.9,70.5,70.7,-0.1,65.0
2020-12-21,1730,65095.0,4602048.0,70.7,71.0,70.5,71.0,0.3,65.0
2020-12-22,1730,243847.0,17634469.0,71.7,73.0,71.5,72.7,1.7,216.0
2020-12-23,1730,188991.0,13697060.0,73.5,74.0,71.4,71.6,-1.1,176.0
2020-12-24,1730,53231.0,3818836.0,71.7,71.9,71.5,71.8,0.2,46.0
2020-12-25,1730,70734.0,5043870.0,71.8,71.8,71.0,71.3,-0.5,65.0
2020-12-28,1730,56286.0,4012947.0,71.4,71.5,71.1,71.3,0.0,61.0
2020-12-29,1730,56984.0,4055805.0,71.3,71.5,71.0,71.3,0.0,64.0
2020-12-30,1730,45849.0,3277641.0,71.5,71.8,71.1,71.7,0.4,52.0
2020-12-31,1730,65775.0,4715731.0,71.7,72.0,71.0,71.7,0.0,63.0
2021-01-04,1730,96076.0,6891695.0,71.7,72.2,71.4,72.0,0.3,103.0
2021-01-05,1730,56765.0,4069480.0,72.0,72.0,71.4,71.5,-0.5,59.0
2021-01-06,1730,130647.0,9283493.0,71.3,71.3,70.9,71.0,-0.5,121.0
2021-01-07,1730,157775.0,11160498.0,71.2,71.2,70.6,70.9,-0.1,159.0
2021-01-08,1730,112806.0,7966318.0,70.9,70.9,70.5,70.8,-0.1,117.0
2021-01-11,1730,139294.0,9812259.0,70.9,70.9,70.2,70.5,-0.3,151.0
2021-01-12,1730,142605.0,10070901.0,70.5,71.1,70.2,71.0,0.5,149.0
2021-01-13,1730,121421.0,8570695.0,71.0,71.0,70.3,70.7,-0.3,142.0
2021-01-14,1730,138911.0,9764610.0,70.6,70.8,70.0,70.7,0.0,155.0
2021-01-15,1730,186997.0,13111455.0,70.7,70.7,70.0,70.0,-0.7,194.0
2021-01-18,1730,96117.0,6752099.0,70.0,70.5,70.0,70.2,0.2,93.0
2021-01-19,1730,106771.0,7469401.0,70.2,70.2,69.8,69.9,-0.3,138.0
2021-01-20,1730,190743.0,13339651.0,70.1,70.2,69.6,69.6,-0.3,207.0
2021-01-21,1730,86772.0,6064412.0,70.5,70.6,69.6,69.8,0.2,100.0
2021-01-22,1730,78792.0,5490897.0,70.0,70.0,69.5,69.7,-0.1,120.0
2021-01-25,1730,241973.0,17232293.0,71.2,72.0,70.6,70.6,0.9,214.0
2021-01-26,1730,133506.0,9430537.0,72.0,72.0,70.0,70.0,-0.6,134.0
2021-01-27,1730,52002.0,3637740.0,70.1,70.1,69.8,69.9,-0.1,42.0
2021-01-28,1730,73911.0,5148885.0,69.5,69.8,69.5,69.6,-0.3,80.0
2021-01-29,1730,110893.0,7722596.0,69.6,70.0,69.4,69.6,0.0,119.0
2021-02-01,1730,123330.0,8501336.0,69.6,69.6,68.0,68.9,-0.7,121.0
2021-02-02,1730,92969.0,6392545.0,69.0,69.0,68.6,68.7,-0.2,115.0
2021-02-03,1730,52936.0,3639858.0,68.7,68.9,68.5,68.8,0.1,70.0
2021-02-04,1730,75460.0,5177760.0,68.8,68.8,68.5,68.6,-0.2,80.0
2021-02-05,1730,53270.0,3664563.0,69.9,69.9,68.7,68.7,0.1,65.0
2021-02-17,1730,89862.0,6296406.0,71.8,71.8,69.0,69.9,1.2,108.0
2021-02-18,1730,114766.0,8073069.0,70.0,71.0,70.0,70.4,0.5,94.0
2021-02-19,1730,106021.0,7496209.0,70.4,71.5,70.2,70.6,0.2,105.0
2021-02-22,1730,79660.0,5647661.0,71.0,71.3,70.7,70.7,0.1,92.0
2021-02-23,1730,74080.0,5263980.0,71.0,71.1,70.9,71.1,0.4,91.0
2021-02-24,1730,96947.0,6865850.0,71.2,71.2,70.5,70.6,-0.5,87.0
2021-02-25,1730,71969.0,5105804.0,71.1,71.5,70.7,70.9,0.3,82.0
2021-02-26,1730,119025.0,8378869.0,70.9,70.9,70.1,70.3,-0.6,111.0
2021-03-02,1730,176134.0,12371407.0,70.2,70.6,69.9,70.0,-0.3,157.0
2021-03-03,1730,64993.0,4577178.0,70.2,70.6,70.2,70.4,0.4,71.0
2021-03-04,1730,79075.0,5575174.0,70.6,70.7,70.4,70.5,0.1,81.0
2021-03-05,1730,53683.0,3773894.0,70.4,70.5,70.1,70.3,-0.2,70.0
2021-03-08,1730,119551.0,8465976.0,70.6,71.0,70.6,70.8,0.5,127.0
2021-03-09,1730,177504.0,12651855.0,70.8,71.6,70.8,71.6,0.8,176.0
2021-03-10,1730,191520.0,13780108.0,71.8,72.1,71.7,72.0,0.4,181.0
2021-03-11,1730,93873.0,6762286.0,72.1,72.4,71.9,72.0,0.0,100.0
2021-03-12,1730,71581.0,5130328.0,72.0,72.0,71.4,71.6,-0.4,95.0
2021-03-15,1730,82455.0,5910003.0,71.6,72.0,71.2,71.8,0.2,100.0
2021-03-16,1730,131288.0,9359331.0,72.0,72.0,71.0,71.4,-0.4,136.0
2021-03-17,1730,71409.0,5104349.0,71.4,71.7,71.4,71.5,0.1,77.0
2021-03-18,1730,139890.0,9983733.0,71.6,71.6,71.3,71.3,-0.2,111.0
2021-03-19,1730,56680.0,4036923.0,71.3,71.4,71.1,71.3,0.0,60.0
2021-03-22,1730,97615.0,6957065.0,71.3,71.4,71.2,71.4,0.1,98.0
2021-03-23,1730,75818.0,5408493.0,71.4,71.4,71.3,71.3,-0.1,66.0
2021-03-24,1730,83434.0,5938370.0,71.4,71.4,71.0,71.1,-0.2,84.0
2021-03-25,1730,60643.0,4317871.0,71.2,71.3,71.1,71.2,0.1,82.0
2021-03-26,1730,53023.0,3780546.0,71.3,71.4,71.1,71.3,0.1,58.0
2021-03-29,1730,98644.0,7040557.0,71.4,71.5,71.2,71.4,0.1,93.0
2021-03-30,1730,92967.0,6639627.0,71.4,71.5,71.3,71.5,0.1,104.0
2021-03-31,1730,113423.0,8110748.0,71.5,71.6,71.4,71.6,0.1,95.0
2021-04-01,1730,122969.0,8804340.0,71.6,71.7,71.5,71.7,0.1,110.0
2021-04-06,1730,130214.0,9351709.0,71.9,71.9,71.7,71.9,0.2,147.0
2021-04-07,1730,85857.0,6168935.0,71.8,71.9,71.8,71.9,0.0,88.0
2021-04-08,1730,72906.0,5235092.0,71.9,71.9,71.7,71.8,-0.1,78.0
2021-04-09,1730,102446.0,7335248.0,71.8,71.8,71.5,71.6,-0.2,113.0
2021-04-12,1730,108691.0,7758675.0,71.6,71.6,71.2,71.2,-0.4,142.0
2021-04-13,1730,69983.0,4991761.0,71.2,71.6,71.2,71.2,0.0,76.0
2021-04-14,1730,69477.0,4945524.0,71.4,71.4,71.1,71.2,0.0,90.0
2021-04-15,1730,59271.0,4217498.0,71.2,71.3,71.1,71.1,-0.1,76.0
2021-04-16,1730,61333.0,4371775.0,71.1,71.5,71.1,71.3,0.2,68.0
2021-04-19,1730,181544.0,13042216.0,71.6,72.1,71.5,72.1,0.8,177.0
2021-04-20,1730,94696.0,6818593.0,72.1,72.1,71.8,72.1,0.0,112.0
2021-04-21,1730,102092.0,7360517.0,72.1,72.3,71.9,72.0,-0.1,119.0
2021-04-22,1730,154320.0,11098964.0,72.0,72.3,71.6,71.7,-0.3,151.0
2021-04-23,1730,109903.0,7838622.0,71.7,71.7,71.1,71.2,-0.5,122.0
2021-04-26,1730,136825.0,9776747.0,71.2,71.9,71.2,71.2,0.0,132.0
2021-04-27,1730,123042.0,8790688.0,71.6,71.7,71.2,71.2,0.0,119.0
2021-04-28,1730,79068.0,5654849.0,71.3,71.8,71.3,71.7,0.5,100.0
2021-04-29,1730,73114.0,5249505.0,71.8,72.0,71.7,71.8,0.1,83.0
2021-05-03,1730,353931.0,25863255.0,74.0,74.0,71.8,71.8,0.0,330.0
2021-05-04,1730,256072.0,18151727.0,72.1,72.1,70.3,70.8,-1.0,226.0
2021-05-05,1730,80409.0,5719389.0,71.0,71.7,70.9,71.3,0.5,106.0
2021-05-06,1730,125090.0,8839253.0,71.3,71.3,70.4,70.5,-0.8,123.0
2021-05-07,1730,91971.0,6522875.0,70.9,71.2,70.5,70.9,0.4,118.0
2021-05-10,1730,103225.0,7295965.0,71.3,71.3,70.5,70.6,-0.3,120.0
2021-05-11,1730,405283.0,28474993.0,70.6,71.1,69.6,70.1,-0.5,379.0
2021-05-12,1730,1057969.0,76079643.0,73.6,73.6,69.9,70.8,0.7,883.0
2021-05-13,1730,1819728.0,133242690.0,72.5,76.3,70.8,71.3,0.5,1616.0
2021-05-14,1730,1397242.0,102467371.0,74.0,75.5,70.8,72.4,1.1,1209.0
2021-05-17,1730,3493813.0,264812879.0,77.4,79.2,72.8,73.3,0.9,2715.0
2021-05-18,1730,1105187.0,78702657.0,73.8,74.0,70.0,70.9,-2.4,953.0
2021-05-19,1730,371665.0,26094217.0,70.8,71.0,70.0,70.1,-0.8,386.0
2021-05-20,1730,256755.0,18074463.0,70.5,71.2,70.0,70.0,-0.1,282.0
2021-05-21,1730,177817.0,12465399.0,70.1,70.4,70.0,70.2,0.2,196.0
2021-05-24,1730,334371.0,23403638.0,70.3,70.4,69.5,70.0,-0.2,336.0
2021-05-25,1730,408656.0,28441059.0,70.0,70.3,69.2,69.5,-0.5,488.0
2021-05-26,1730,142873.0,9928055.0,69.5,69.7,69.3,69.5,0.0,175.0
2021-05-27,1730,226926.0,15748944.0,69.8,69.8,69.1,69.6,0.1,222.0
2021-05-28,1730,246867.0,17082304.0,69.5,69.5,69.0,69.3,-0.3,298.0
2021-05-31,1730,113939.0,7905085.0,69.3,69.7,69.2,69.4,0.1,160.0
2021-06-01,1730,238557.0,16478493.0,69.5,69.5,68.8,69.2,-0.2,295.0
2021-06-02,1730,127827.0,8859394.0,69.5,69.7,69.1,69.2,0.0,159.0
2021-06-03,1730,157664.0,10932600.0,69.5,69.7,69.0,69.2,0.0,174.0
2021-06-04,1730,94594.0,6602573.0,69.2,70.0,69.2,69.9,0.7,127.0
2021-06-07,1730,139208.0,9705741.0,70.3,70.4,69.3,69.7,-0.2,136.0
2021-06-08,1730,119421.0,8292728.0,69.7,69.7,69.2,69.3,-0.4,182.0
2021-06-09,1730,199918.0,13797886.0,69.3,69.3,68.8,68.9,-0.4,214.0
2021-06-10,1730,159287.0,10968677.0,68.9,69.6,68.5,69.0,0.1,201.0
2021-06-11,1730,181245.0,12472356.0,69.4,69.4,68.5,68.9,-0.1,192.0
2021-06-15,1730,345861.0,23639499.0,69.1,69.1,68.0,68.3,-0.6,396.0
2021-06-16,1730,132945.0,9126373.0,68.5,69.0,68.3,68.9,0.6,154.0
2021-06-17,1730,151834.0,10394163.0,69.0,69.2,68.1,68.5,-0.4,186.0
2021-06-18,1730,225088.0,15380957.0,68.5,69.0,68.0,68.7,0.2,250.0
2021-06-21,1730,202783.0,13810487.0,68.7,68.7,67.9,68.0,-0.7,252.0
2021-06-22,1730,146650.0,9981309.0,68.1,68.4,68.0,68.2,0.2,150.0
2021-06-23,1730,151657.0,10320342.0,68.1,68.3,68.0,68.0,-0.2,168.0
2021-06-24,1730,142700.0,9711167.0,68.0,68.2,68.0,68.1,0.1,152.0
2021-06-25,1730,174355.0,11868153.0,68.1,68.5,68.0,68.1,0.0,208.0
2021-06-28,1730,181387.0,12345644.0,68.1,68.4,67.9,67.9,-0.2,200.0
2021-06-29,1730,251105.0,17069956.0,68.0,68.4,67.8,68.3,0.4,252.0
2021-06-30,1730,172258.0,11718617.0,68.2,68.4,67.8,68.3,0.0,178.0
2021-07-01,1730,69646.0,4773738.0,68.1,69.0,68.1,68.5,0.2,85.0
2021-07-02,1730,89442.0,6127717.0,68.5,68.9,68.2,68.5,0.0,95.0
2021-07-05,1730,57450.0,3946466.0,68.5,68.9,68.5,68.9,0.4,78.0
2021-07-06,1730,72769.0,5017614.0,69.0,69.2,68.8,68.8,-0.1,101.0
2021-07-07,1730,46503.0,3197027.0,68.6,68.8,68.6,68.7,-0.1,65.0
2021-07-08,1730,49268.0,3393589.0,68.9,69.0,68.8,69.0,0.3,81.0
2021-07-09,1730,54940.0,3789545.0,68.9,69.2,68.9,69.0,0.0,75.0
2021-07-12,1730,142087.0,9708357.0,69.0,69.0,67.9,68.4,-0.6,172.0
2021-07-13,1730,271107.0,18414186.0,68.5,68.5,67.8,67.9,-0.5,269.0
2021-07-14,1730,108947.0,7382892.0,67.7,68.0,67.5,67.9,0.0,162.0
2021-07-15,1730,56524.0,3858064.0,68.5,68.5,67.9,68.4,0.5,97.0
2021-07-16,1730,35795.0,2439824.0,68.0,68.3,68.0,68.1,-0.3,46.0
2021-07-19,1730,46929.0,3203835.0,68.1,68.5,68.1,68.3,0.2,65.0
2021-07-20,1730,61154.0,4172365.0,68.3,68.5,68.0,68.3,0.0,77.0
2021-07-21,1730,73147.0,4985036.0,68.3,68.4,68.0,68.3,0.0,77.0
2021-07-22,1730,46530.0,3176138.0,68.3,68.5,68.1,68.2,-0.1,72.0
2021-07-23,1730,68887.0,4711230.0,68.3,68.6,68.0,68.5,0.3,68.0
2021-07-26,1730,83908.0,5778675.0,68.5,69.0,68.5,68.8,0.3,94.0
2021-07-27,1730,90277.0,6233989.0,69.1,69.1,68.9,69.0,0.2,100.0
2021-07-28,1730,75739.0,5200762.0,68.9,68.9,68.5,68.5,-0.5,71.0
2021-07-29,1730,85063.0,5891149.0,68.9,69.4,68.9,69.3,0.8,95.0
2021-07-30,1730,129069.0,8969584.0,69.3,69.6,69.0,69.6,0.3,127.0
2021-08-02,1730,80189.0,5586457.0,69.6,69.8,69.5,69.7,0.1,96.0
2021-08-03,1730,56556.0,3944602.0,69.7,69.9,69.6,69.6,-0.1,78.0
2021-08-04,1730,67839.0,4708651.0,69.6,69.6,69.2,69.5,-0.1,78.0
2021-08-05,1730,318883.0,21975220.0,69.5,69.5,68.8,68.8,-0.7,212.0
2021-08-06,1730,229536.0,15706649.0,68.8,68.8,68.2,68.5,-0.3,274.0
2021-08-09,1730,265424.0,17490511.0,67.0,67.0,65.5,65.8,0.0,348.0
2021-08-10,1730,73206.0,4805278.0,66.0,66.0,65.5,65.6,-0.2,138.0
2021-08-11,1730,73429.0,4801570.0,65.6,65.6,65.2,65.2,-0.4,119.0
2021-08-12,1730,23097.0,1511530.0,65.2,65.5,65.2,65.5,0.3,57.0
2021-08-13,1730,117637.0,7651854.0,65.5,65.5,64.8,64.8,-0.7,159.0
2021-08-16,1730,120133.0,7725440.0,64.8,65.0,64.0,64.1,-0.7,147.0
2021-08-17,1730,38095.0,2444836.0,64.5,64.6,64.0,64.0,-0.1,80.0
2021-08-18,1730,118655.0,7486363.0,64.1,64.1,62.7,63.0,-1.0,219.0
2021-08-19,1730,114933.0,7205486.0,63.0,63.0,62.1,62.1,-0.9,194.0
2021-08-20,1730,111450.0,6896741.0,62.5,62.6,61.6,61.8,-0.3,200.0
2021-08-23,1730,70865.0,4456059.0,62.0,64.4,62.0,64.4,2.6,98.0
2021-08-24,1730,29982.0,1923207.0,64.6,64.6,63.6,64.2,-0.2,57.0
2021-08-25,1730,279258.0,18067577.0,64.5,65.2,64.5,64.7,0.5,57.0
2021-08-26,1730,29565.0,1921231.0,65.4,65.4,64.8,65.1,0.4,63.0
2021-08-27,1730,37749.0,2445198.0,65.1,65.1,64.6,65.0,-0.1,67.0
2021-08-30,1730,39858.0,2573765.0,65.0,65.0,64.1,64.1,-0.9,73.0
2021-08-31,1730,23045.0,1487750.0,64.8,65.0,64.1,64.4,0.3,41.0
2021-09-01,1730,19198.0,1240524.0,64.5,64.7,64.5,64.6,0.2,46.0
2021-09-02,1730,21443.0,1378047.0,64.2,64.3,64.2,64.3,-0.3,49.0
2021-09-03,1730,27964.0,1811641.0,64.3,65.0,64.3,65.0,0.7,61.0
2021-09-06,1730,27894.0,1810120.0,65.0,65.1,64.7,64.9,-0.1,45.0
2021-09-07,1730,55052.0,3577127.0,64.9,65.1,64.7,65.0,0.1,65.0
2021-09-08,1730,202548.0,13360288.0,65.0,66.5,65.0,66.5,1.5,205.0
2021-09-09,1730,61219.0,4028667.0,66.5,66.5,65.4,65.5,-1.0,75.0
2021-09-10,1730,40659.0,2653843.0,65.5,65.5,65.0,65.2,-0.3,63.0
2021-09-13,1730,32774.0,2144897.0,65.2,66.0,65.1,65.1,-0.1,73.0
2021-09-14,1730,21092.0,1372562.0,65.0,65.2,65.0,65.0,-0.1,44.0
2021-09-15,1730,21059.0,1368237.0,65.0,65.5,64.7,64.7,-0.3,53.0
2021-09-16,1730,37403.0,2424109.0,64.5,66.0,64.5,64.6,-0.1,69.0
2021-09-17,1730,35065.0,2273325.0,65.0,65.0,64.5,64.8,0.2,27.0
2021-09-22,1730,62084.0,3947505.0,63.5,63.9,63.4,63.7,-1.1,102.0
2021-09-23,1730,13961.0,894721.0,63.8,64.3,63.8,64.3,0.6,41.0
2021-09-24,1730,7757.0,500320.0,64.3,64.7,64.3,64.7,0.4,48.0
2021-09-27,1730,19202.0,1240541.0,64.6,64.7,64.5,64.5,-0.2,40.0
2021-09-28,1730,23517.0,1513181.0,64.1,64.5,64.1,64.3,-0.2,48.0
2021-09-29,1730,42196.0,2699814.0,64.3,64.3,63.8,64.0,-0.3,58.0
2021-09-30,1730,17703.0,1135146.0,64.0,64.4,64.0,64.0,0.0,29.0
2021-10-01,1730,78184.0,4965837.0,64.0,64.0,63.0,63.1,-0.9,137.0
2021-10-04,1730,45182.0,2847235.0,63.3,63.4,62.6,62.6,-0.5,103.0
2021-10-05,1730,30817.0,1925456.0,62.5,62.6,62.2,62.4,-0.2,78.0
2021-10-06,1730,33121.0,2071430.0,62.5,62.9,62.3,62.3,-0.1,73.0
2021-10-07,1730,32011.0,2018159.0,63.0,63.3,62.8,63.0,0.7,34.0
2021-10-08,1730,18102.0,1149411.0,63.0,64.0,63.0,63.3,0.3,35.0
2021-10-12,1730,25721.0,1629875.0,63.3,63.5,63.1,63.4,0.1,37.0
2021-10-13,1730,33947.0,2142069.0,63.4,63.4,63.0,63.2,-0.2,50.0
2021-10-14,1730,12870.0,815587.0,63.2,63.5,63.2,63.3,0.1,24.0
2021-10-15,1730,26042.0,1648099.0,63.3,63.4,63.0,63.4,0.1,42.0
2021-10-18,1730,12297.0,781021.0,63.6,63.6,63.4,63.6,0.2,38.0
2021-10-19,1730,38765.0,2455208.0,63.8,63.8,63.2,63.3,-0.3,52.0
2021-10-20,1730,18001.0,1147954.0,63.4,63.9,63.4,63.8,0.5,35.0
2021-10-21,1730,28237.0,1798835.0,63.8,63.8,63.3,63.3,-0.5,51.0
2021-10-22,1730,6830.0,433238.0,63.2,63.7,63.2,63.7,0.4,33.0
2021-10-25,1730,21342.0,1360414.0,63.7,64.0,63.6,63.8,0.1,56.0
2021-10-26,1730,25716.0,1636633.0,64.0,64.0,63.5,63.9,0.1,41.0
2021-10-27,1730,16988.0,1083573.0,63.9,63.9,63.6,63.7,-0.2,37.0
2021-10-28,1730,29509.0,1879847.0,63.7,63.8,63.6,63.6,-0.1,42.0
2021-10-29,1730,22388.0,1425322.0,63.6,63.7,63.5,63.5,-0.1,28.0
2021-11-01,1730,23151.0,1473140.0,63.5,63.9,63.5,63.6,0.1,50.0
2021-11-02,1730,27556.0,1750884.0,63.6,63.9,63.4,63.5,-0.1,47.0
2021-11-03,1730,30333.0,1916909.0,63.4,63.5,63.0,63.4,-0.1,51.0
2021-11-04,1730,45397.0,2925062.0,63.4,66.6,63.3,64.3,0.9,78.0
2021-11-05,1730,19565.0,1257964.0,64.6,64.6,64.0,64.0,-0.3,41.0
2021-11-08,1730,36033.0,2307042.0,64.0,64.1,64.0,64.0,0.0,54.0
2021-11-09,1730,29158.0,1861042.0,64.0,64.0,63.6,63.6,-0.4,60.0
2021-11-10,1730,43566.0,2768713.0,63.5,63.6,63.5,63.5,-0.1,74.0
2021-11-11,1730,43615.0,2779096.0,63.8,64.0,63.5,64.0,0.5,55.0
2021-11-12,1730,33589.0,2161726.0,63.8,65.0,63.8,64.4,0.4,38.0
2021-11-15,1730,50700.0,3254838.0,64.4,64.4,64.0,64.1,-0.3,65.0
2021-11-16,1730,41246.0,2639146.0,64.1,64.1,63.8,63.9,-0.2,71.0
2021-11-17,1730,66609.0,4239750.0,63.9,63.9,63.3,63.6,-0.3,104.0
2021-11-18,1730,53212.0,3380812.0,63.6,63.7,63.5,63.5,-0.1,86.0
2021-11-19,1730,21070.0,1342011.0,63.6,63.8,63.6,63.6,0.1,45.0
2021-11-22,1730,43682.0,2772811.0,63.8,63.8,63.3,63.5,-0.1,54.0
2021-11-23,1730,12646.0,804654.0,63.6,63.7,63.6,63.6,0.1,29.0
2021-11-24,1730,38956.0,2478195.0,63.6,63.7,63.5,63.5,-0.1,48.0
2021-11-25,1730,32042.0,2035939.0,63.6,63.6,63.5,63.5,0.0,47.0
2021-11-26,1730,100508.0,6448414.0,63.5,64.6,63.5,64.0,0.5,116.0
2021-11-29,1730,172695.0,11202029.0,65.1,65.5,64.0,64.0,0.0,174.0
2021-11-30,1730,34351.0,2182668.0,64.0,64.0,63.3,63.6,-0.4,59.0
2021-12-01,1730,29860.0,1902590.0,64.0,64.1,63.4,63.7,0.1,42.0
2021-12-02,1730,14008.0,891901.0,63.7,63.7,63.6,63.6,-0.1,32.0
2021-12-03,1730,19714.0,1254785.0,63.6,64.0,63.5,63.5,-0.1,31.0
2021-12-06,1730,32620.0,2069419.0,63.5,63.5,63.3,63.5,0.0,55.0
2021-12-07,1730,19220.0,1218137.0,63.4,63.4,63.3,63.4,-0.1,41.0
2021-12-08,1730,16271.0,1034477.0,63.5,63.7,63.5,63.6,0.2,35.0
2021-12-09,1730,40263.0,2560013.0,63.6,63.7,63.5,63.5,-0.1,47.0
2021-12-10,1730,33931.0,2155362.0,63.5,63.9,63.4,63.5,0.0,52.0
2021-12-13,1730,37251.0,2359569.0,63.5,63.5,63.2,63.5,0.0,75.0
2021-12-14,1730,27078.0,1711096.0,63.4,63.4,63.1,63.4,-0.1,43.0
2021-12-15,1730,27904.0,1759919.0,63.0,63.1,63.0,63.0,-0.4,47.0
2021-12-16,1730,32038.0,2023603.0,63.1,63.5,63.0,63.1,0.1,59.0
2021-12-17,1730,24717.0,1560468.0,63.1,63.3,63.1,63.3,0.2,112.0
2021-12-20,1730,41994.0,2649430.0,63.3,63.5,63.0,63.2,-0.1,58.0
2021-12-21,1730,25886.0,1634941.0,63.2,63.3,63.1,63.1,-0.1,84.0
2021-12-22,1730,25313.0,1598944.0,63.1,63.4,63.0,63.4,0.3,44.0
2021-12-23,1730,32122.0,2027361.0,63.4,63.5,63.0,63.0,-0.4,95.0
2021-12-24,1730,28581.0,1803464.0,63.1,63.3,63.0,63.2,0.2,47.0
2021-12-27,1730,39812.0,2515936.0,63.2,63.4,63.1,63.2,0.0,47.0
2021-12-28,1730,25339.0,1603526.0,63.2,63.4,63.2,63.3,0.1,37.0
2021-12-29,1730,28087.0,1778920.0,63.3,63.4,63.1,63.4,0.1,47.0
2021-12-30,1730,8596.0,544925.0,63.4,63.5,63.3,63.5,0.1,18.0
2022-01-03,1730,44095.0,2797008.0,63.5,63.6,63.1,63.2,-0.3,65.0
2022-01-04,1730,52204.0,3300800.0,63.2,63.5,63.0,63.5,0.3,65.0
2022-01-05,1730,26769.0,1695751.0,63.5,63.5,63.2,63.2,-0.3,54.0
2022-01-06,1730,26712.0,1693290.0,63.5,63.5,63.3,63.3,0.1,36.0
2022-01-07,1730,200716.0,12931594.0,63.5,65.0,63.4,64.7,1.4,223.0
2022-01-10,1730,545487.0,36283010.0,65.3,68.0,65.2,65.4,0.7,545.0
2022-01-11,1730,127057.0,8164211.0,65.4,65.4,63.8,64.2,-1.2,184.0
2022-01-12,1730,26782.0,1716546.0,64.2,64.2,64.0,64.2,0.0,54.0
2022-01-13,1730,39680.0,2548316.0,64.4,64.4,64.2,64.2,0.0,55.0
2022-01-14,1730,53337.0,3408915.0,64.1,64.1,63.7,63.8,-0.4,67.0
2022-01-17,1730,57605.0,3685820.0,63.8,64.8,63.6,64.0,0.2,76.0
2022-01-18,1730,43118.0,2772849.0,65.0,65.0,64.0,64.0,0.0,67.0
2022-01-19,1730,16714.0,1070328.0,64.0,64.1,63.9,64.0,0.0,40.0
2022-01-20,1730,34859.0,2227692.0,64.1,64.1,63.6,64.1,0.1,57.0
2022-01-21,1730,26001.0,1666045.0,64.4,64.5,63.9,64.0,-0.1,39.0
2022-01-24,1730,60115.0,3844925.0,64.4,64.6,63.5,63.6,-0.4,280.0
2022-01-25,1730,53892.0,3416898.0,63.7,63.7,63.2,63.2,-0.4,101.0
2022-01-26,1730,58354.0,3692273.0,63.7,63.7,63.1,63.3,0.1,94.0
2022-02-07,1730,58064.0,3666516.0,63.2,63.3,63.1,63.1,-0.2,96.0
2022-02-08,1730,20183.0,1281159.0,63.6,63.6,63.2,63.5,0.4,60.0
2022-02-09,1730,24362.0,1547225.0,63.5,63.6,63.4,63.6,0.1,44.0
2022-02-10,1730,23007.0,1462292.0,63.6,63.6,63.5,63.5,-0.1,42.0
2022-02-11,1730,18801.0,1194333.0,63.5,63.6,63.5,63.5,0.0,40.0
2022-02-14,1730,28758.0,1832583.0,63.5,64.1,63.5,63.8,0.3,53.0
2022-02-15,1730,13699.0,874151.0,64.1,64.1,63.6,63.6,-0.2,30.0
2022-02-16,1730,20360.0,1294957.0,63.6,63.6,63.5,63.6,0.0,32.0
2022-02-17,1730,15991.0,1017405.0,63.6,63.7,63.6,63.6,0.0,41.0
2022-02-18,1730,28225.0,1790612.0,63.3,63.6,63.1,63.5,-0.1,55.0
2022-02-21,1730,30188.0,1915588.0,63.5,63.5,63.3,63.4,-0.1,49.0
2022-02-22,1730,26968.0,1705575.0,63.4,63.4,63.1,63.3,-0.1,36.0
2022-02-23,1730,15665.0,992414.0,63.3,63.6,63.3,63.3,0.0,27.0
2022-02-24,1730,48033.0,3039979.0,63.3,63.4,63.1,63.2,-0.1,77.0
2022-02-25,1730,43236.0,2727727.0,63.1,63.2,63.0,63.1,-0.1,57.0
2022-03-01,1730,33868.0,2137672.0,63.0,63.2,63.0,63.1,0.0,73.0
2022-03-02,1730,22025.0,1394037.0,63.4,63.5,63.1,63.2,0.1,48.0
2022-03-03,1730,22460.0,1422591.0,63.2,63.5,63.2,63.4,0.2,32.0
2022-03-04,1730,13623.0,861145.0,63.1,63.2,63.1,63.1,-0.3,28.0
2022-03-07,1730,66798.0,4204226.0,63.1,63.1,62.8,62.8,-0.3,93.0
2022-03-08,1730,76452.0,4763446.0,62.8,62.8,62.2,62.2,-0.6,107.0
2022-03-09,1730,20983.0,1306703.0,62.2,62.4,62.2,62.3,0.1,51.0
2022-03-10,1730,17542.0,1095202.0,62.3,62.5,62.2,62.4,0.1,43.0
2022-03-11,1730,64712.0,4009878.0,62.0,62.3,61.7,62.3,-0.1,146.0
2022-03-14,1730,39200.0,2431594.0,62.1,62.1,61.9,62.0,-0.3,73.0
2022-03-15,1730,37509.0,2315601.0,62.0,62.0,61.6,61.6,-0.4,64.0
2022-03-16,1730,70942.0,4334984.0,61.6,61.6,61.0,61.2,-0.4,117.0
2022-03-17,1730,74056.0,4511235.0,61.2,61.2,60.5,61.1,-0.1,139.0
2022-03-18,1730,29246.0,1789265.0,61.1,62.3,61.0,61.2,0.1,83.0
2022-03-21,1730,28490.0,1753011.0,61.2,61.6,61.2,61.6,0.4,65.0
2022-03-22,1730,24284.0,1501096.0,61.6,62.1,61.5,62.0,0.4,32.0
2022-03-23,1730,22698.0,1413891.0,62.0,63.4,62.0,62.2,0.2,33.0
2022-03-24,1730,38010.0,2360600.0,62.0,62.9,61.7,61.8,-0.4,59.0
2022-03-25,1730,20509.0,1271952.0,62.0,62.1,62.0,62.0,0.2,30.0
2022-03-28,1730,162060.0,10246463.0,62.8,65.0,61.7,61.7,-0.3,180.0
2022-03-29,1730,21707.0,1343600.0,61.7,62.0,61.7,61.9,0.2,35.0
2022-03-30,1730,25664.0,1591335.0,62.0,62.0,61.8,61.9,0.0,47.0
2022-03-31,1730,12912.0,798845.0,61.9,61.9,61.8,61.9,0.0,39.0
2022-04-01,1730,11796.0,728666.0,61.6,61.9,61.6,61.8,-0.1,29.0
2022-04-06,1730,19088.0,1183598.0,62.9,62.9,61.8,61.9,0.1,55.0
2022-04-07,1730,28633.0,1774006.0,61.8,62.4,61.8,62.0,0.1,57.0
2022-04-08,1730,17922.0,1107742.0,61.5,62.0,61.5,61.8,-0.2,39.0
2022-04-11,1730,28286.0,1740826.0,61.6,61.6,61.5,61.5,-0.3,57.0
2022-04-12,1730,16257.0,995385.0,61.5,61.5,61.0,61.0,-0.5,60.0
2022-04-13,1730,30278.0,1862464.0,61.1,62.1,61.1,61.9,0.9,56.0
2022-04-14,1730,28694.0,1762826.0,61.9,61.9,61.3,61.6,-0.3,50.0
2022-04-15,1730,11766.0,721580.0,61.5,61.5,61.3,61.3,-0.3,25.0
2022-04-18,1730,36637.0,2239394.0,61.3,61.4,61.0,61.0,-0.3,66.0
2022-04-19,1730,35532.0,2167374.0,61.0,61.0,60.9,61.0,0.0,68.0
2022-04-20,1730,33167.0,2023083.0,61.0,61.0,60.9,61.0,0.0,53.0
2022-04-21,1730,25871.0,1576527.0,61.0,61.0,60.8,60.9,-0.1,52.0
2022-04-22,1730,34402.0,2103231.0,60.6,61.8,60.6,61.0,0.1,68.0
2022-04-25,1730,60631.0,3713864.0,60.9,62.0,60.8,60.8,-0.2,85.0
2022-04-26,1730,12006.0,729667.0,60.8,60.8,60.7,60.8,0.0,48.0
2022-04-27,1730,30479.0,1839598.0,60.8,60.8,60.1,60.3,-0.5,116.0
2022-04-28,1730,13085.0,792603.0,60.3,60.9,60.3,60.6,0.3,29.0
2022-04-29,1730,28484.0,1721987.0,60.6,60.7,60.1,60.5,-0.1,39.0
2022-05-03,1730,22368.0,1355445.0,60.5,61.0,60.2,60.5,0.0,50.0
2022-05-04,1730,18743.0,1133300.0,60.5,60.6,60.4,60.4,-0.1,25.0
2022-05-05,1730,10005.0,604132.0,60.5,60.5,60.3,60.4,0.0,29.0
2022-05-06,1730,20807.0,1252263.0,60.0,60.3,60.0,60.3,-0.1,41.0
2022-05-09,1730,73828.0,4417701.0,60.1,60.1,59.4,59.4,-0.9,126.0
2022-05-10,1730,43257.0,2551751.0,59.0,59.0,58.8,59.0,-0.4,91.0
2022-05-11,1730,30723.0,1804963.0,59.0,59.0,58.6,58.7,-0.3,85.0
2022-05-12,1730,59260.0,3460090.0,58.6,58.7,58.0,58.0,-0.7,90.0
2022-05-13,1730,52573.0,3033334.0,58.0,58.0,57.5,57.6,-0.4,80.0
2022-05-16,1730,36520.0,2112714.0,57.6,58.0,57.6,58.0,0.4,73.0
2022-05-17,1730,35831.0,2088766.0,58.0,58.5,58.0,58.5,0.5,46.0
2022-05-18,1730,13811.0,823223.0,58.3,61.0,58.3,59.3,0.8,36.0
2022-05-19,1730,34195.0,2015226.0,59.0,59.2,58.7,58.9,-0.4,63.0
2022-05-20,1730,10604.0,627187.0,59.0,59.5,59.0,59.5,0.6,24.0
2022-05-23,1730,2748.0,163524.0,59.5,59.5,59.5,59.5,0.0,12.0
2022-05-24,1730,13636.0,810351.0,59.5,59.5,59.1,59.4,-0.1,23.0
2022-05-25,1730,22740.0,1341648.0,59.4,59.4,58.5,59.0,-0.4,32.0
2022-05-26,1730,7755.0,462451.0,60.1,60.1,59.3,59.3,0.3,23.0
2022-05-27,1730,10266.0,609155.0,59.1,59.4,59.1,59.4,0.1,19.0
2022-05-30,1730,16484.0,987000.0,59.4,60.2,59.4,60.1,0.7,22.0
2022-05-31,1730,7007.0,418647.0,59.6,59.8,59.6,59.7,-0.4,28.0
2022-06-01,1730,14191.0,847265.0,59.7,59.7,59.6,59.7,0.0,26.0
2022-06-02,1730,6066.0,362181.0,59.7,59.7,59.6,59.7,0.0,17.0
2022-06-06,1730,11536.0,691355.0,60.0,60.0,59.8,59.9,0.2,21.0
2022-06-07,1730,15766.0,949197.0,60.0,61.5,59.8,60.2,0.3,27.0
2022-06-08,1730,6762.0,406867.0,60.3,60.3,60.0,60.0,-0.2,32.0
2022-06-09,1730,16553.0,1003253.0,61.2,61.2,60.1,60.1,0.1,25.0
2022-06-10,1730,7553.0,454101.0,60.0,60.9,59.9,60.1,0.0,16.0
2022-06-13,1730,18017.0,1071907.0,59.9,59.9,59.2,59.4,-0.7,56.0
2022-06-14,1730,24596.0,1445606.0,59.0,59.0,58.6,58.8,-0.6,55.0
2022-06-15,1730,24745.0,1474053.0,59.0,60.5,59.0,60.5,1.7,34.0
2022-06-16,1730,21512.0,1294110.0,61.1,61.1,59.9,60.0,-0.5,32.0
2022-06-17,1730,29742.0,1765543.0,59.0,60.0,59.0,60.0,0.0,39.0
2022-06-20,1730,20608.0,1228210.0,60.0,60.0,59.0,59.4,-0.6,34.0
2022-06-21,1730,25460.0,1509365.0,59.0,59.6,59.0,59.5,0.1,31.0
2022-06-22,1730,22625.0,1336267.0,59.2,59.3,58.8,58.8,-0.7,40.0
2022-06-23,1730,20863.0,1228228.0,58.8,59.3,58.6,59.0,0.2,37.0
2022-06-24,1730,25696.0,1513727.0,59.0,59.0,58.9,58.9,-0.1,50.0
2022-06-27,1730,24308.0,1438695.0,58.9,60.0,58.9,60.0,1.1,39.0
2022-06-28,1730,16849.0,997744.0,59.9,59.9,59.0,59.3,-0.7,37.0
2022-06-29,1730,19683.0,1158690.0,59.3,59.3,58.4,58.9,-0.4,40.0
2022-06-30,1730,12517.0,729782.0,58.2,58.5,58.2,58.2,-0.7,44.0
2022-07-01,1730,12726.0,741296.0,58.2,58.8,58.0,58.2,0.0,40.0
2022-07-04,1730,18141.0,1061923.0,59.0,59.0,58.2,58.7,0.5,41.0
2022-07-05,1730,9470.0,557011.0,58.7,60.0,58.3,59.1,0.4,27.0
2022-07-06,1730,9531.0,559196.0,59.5,59.6,58.1,58.7,-0.4,36.0
2022-07-07,1730,22854.0,1328620.0,58.3,58.3,58.0,58.3,-0.4,46.0
2022-07-08,1730,13203.0,768298.0,58.3,58.3,58.1,58.2,-0.1,53.0
2022-07-11,1730,10492.0,608597.0,58.0,58.3,57.5,58.0,-0.2,36.0
2022-07-12,1730,14132.0,813636.0,57.4,57.9,57.2,57.7,-0.3,51.0
2022-07-13,1730,12376.0,717972.0,58.0,58.3,57.8,58.1,0.4,20.0
2022-07-14,1730,12123.0,701241.0,57.4,58.3,57.3,58.2,0.1,34.0
2022-07-15,1730,10370.0,601919.0,58.1,58.2,58.0,58.0,-0.2,16.0
2022-07-18,1730,14199.0,820131.0,57.5,58.0,57.5,57.9,-0.1,34.0
2022-07-19,1730,6388.0,371218.0,58.0,58.5,58.0,58.5,0.6,14.0
2022-07-20,1730,33809.0,1964184.0,58.2,58.3,58.0,58.0,-0.5,86.0
2022-07-21,1730,10432.0,605416.0,58.0,58.0,58.0,58.0,0.0,28.0
2022-07-22,1730,9699.0,563452.0,58.0,58.1,58.0,58.1,0.1,23.0
2022-07-25,1730,8426.0,494138.0,58.5,58.6,58.5,58.6,0.5,35.0
2022-07-26,1730,36431.0,2152200.0,58.6,59.8,58.5,59.8,1.2,53.0
2022-07-27,1730,50641.0,2997487.0,59.8,59.8,59.0,59.0,-0.8,95.0
2022-07-28,1730,61946.0,3530638.0,56.8,57.2,56.8,57.1,0.0,122.0
2022-07-29,1730,18450.0,1057210.0,57.3,57.3,57.2,57.2,0.1,49.0
2022-08-01,1730,15730.0,903563.0,57.2,57.6,57.2,57.5,0.3,31.0
2022-08-02,1730,33410.0,1919038.0,57.5,57.5,57.3,57.5,0.0,52.0
2022-08-03,1730,12176.0,696466.0,57.2,57.4,57.1,57.1,-0.4,33.0
2022-08-04,1730,42696.0,2421808.0,57.0,57.0,56.1,56.9,-0.2,59.0
2022-08-05,1730,23328.0,1325294.0,56.5,57.0,56.5,56.9,0.0,49.0
2022-08-08,1730,23320.0,1325456.0,56.9,57.0,56.8,57.0,0.1,35.0
2022-08-09,1730,15650.0,891876.0,56.9,57.1,56.8,57.1,0.1,22.0
2022-08-10,1730,14622.0,832910.0,56.8,57.1,56.8,57.1,0.0,29.0
2022-08-11,1730,23119.0,1321666.0,57.5,57.5,57.1,57.2,0.1,37.0
2022-08-12,1730,15433.0,889951.0,57.2,58.0,57.2,57.5,0.3,33.0
2022-08-15,1730,13597.0,782471.0,57.6,57.6,57.4,57.4,-0.1,51.0
2022-08-16,1730,15823.0,907960.0,57.4,57.6,57.2,57.2,-0.2,43.0
2022-08-17,1730,18153.0,1039865.0,57.4,57.5,57.1,57.2,0.0,33.0
2022-08-18,1730,6779.0,388546.0,57.2,57.3,57.2,57.3,0.1,17.0
2022-08-19,1730,13541.0,776774.0,57.4,57.5,57.3,57.5,0.2,24.0
2022-08-22,1730,24122.0,1384785.0,57.4,57.6,57.1,57.3,-0.2,60.0
2022-08-23,1730,23889.0,1379441.0,60.8,60.8,57.3,57.3,0.0,82.0
2022-08-24,1730,5956.0,342307.0,57.3,57.5,57.3,57.5,0.2,25.0
2022-08-25,1730,16734.0,969805.0,58.3,58.3,57.6,57.6,0.1,38.0
2022-08-26,1730,7386.0,426561.0,57.8,57.8,57.6,57.8,0.2,28.0
2022-08-29,1730,21263.0,1223345.0,57.6,57.7,57.4,57.5,-0.3,60.0
2022-08-30,1730,13140.0,756527.0,57.5,57.9,57.5,57.9,0.4,24.0
2022-08-31,1730,27428.0,1603151.0,58.3,58.9,58.3,58.4,0.5,38.0
2022-09-01,1730,17133.0,989955.0,58.0,58.0,57.6,57.9,-0.5,49.0
2022-09-02,1730,16689.0,964358.0,57.9,57.9,57.6,57.6,-0.3,51.0
2022-09-05,1730,24905.0,1424232.0,57.6,57.6,57.0,57.3,-0.3,60.0
2022-09-06,1730,25359.0,1444091.0,57.3,57.3,56.8,56.8,-0.5,68.0
2022-09-07,1730,33397.0,1889827.0,56.8,57.1,56.3,57.1,0.3,76.0
2022-09-08,1730,15229.0,866432.0,56.8,57.0,56.8,57.0,-0.1,40.0
2022-09-12,1730,25946.0,1483400.0,57.3,57.5,57.0,57.1,0.1,48.0
2022-09-13,1730,20371.0,1163093.0,57.5,57.5,57.0,57.2,0.1,30.0
2022-09-14,1730,8350.0,475496.0,56.6,57.1,56.6,57.1,-0.1,28.0
2022-09-15,1730,10434.0,595581.0,57.1,57.2,57.0,57.2,0.1,34.0
2022-09-16,1730,10413.0,596934.0,57.0,57.5,57.0,57.5,0.3,17.0
2022-09-19,1730,9436.0,539568.0,57.5,57.5,57.0,57.0,-0.5,20.0
2022-09-20,1730,12180.0,691908.0,57.0,57.0,56.7,56.7,-0.3,39.0
2022-09-21,1730,29204.0,1646238.0,56.5,56.5,56.3,56.4,-0.3,67.0
2022-09-22,1730,9600.0,541970.0,56.4,56.4,56.3,56.3,-0.1,19.0
2022-09-23,1730,8245.0,465813.0,56.1,56.9,56.1,56.6,0.3,19.0
2022-09-26,1730,24697.0,1387253.0,56.8,56.8,56.0,56.1,-0.5,62.0
2022-09-27,1730,33175.0,1860825.0,56.1,56.8,56.0,56.8,0.7,34.0
2022-09-28,1730,15095.0,846769.0,56.5,56.5,56.0,56.2,-0.6,43.0
2022-09-29,1730,14305.0,803248.0,55.9,56.2,55.9,56.2,0.0,31.0
2022-09-30,1730,24129.0,1343402.0,55.7,55.8,55.5,55.8,-0.4,60.0
2022-10-03,1730,28866.0,1590623.0,55.3,55.3,55.0,55.0,-0.8,69.0
2022-10-04,1730,27109.0,1495781.0,55.1,55.3,55.0,55.3,0.3,39.0
2022-10-05,1730,20848.0,1152420.0,55.2,55.7,55.1,55.3,0.0,63.0
2022-10-06,1730,4552.0,252214.0,55.4,55.4,55.3,55.4,0.1,31.0
2022-10-07,1730,10321.0,574446.0,55.3,56.5,55.3,55.3,-0.1,25.0
2022-10-11,1730,25051.0,1368578.0,55.3,55.3,54.4,54.4,-0.9,54.0
2022-10-12,1730,19574.0,1063682.0,54.2,55.4,54.2,54.4,0.0,32.0
2022-10-13,1730,19410.0,1041901.0,54.4,54.4,53.0,53.5,-0.9,56.0
2022-10-14,1730,10100.0,547150.0,53.5,55.5,53.5,54.0,0.5,11.0
2022-10-17,1730,12616.0,671853.0,54.0,54.0,52.7,53.1,-0.9,37.0
2022-10-18,1730,16325.0,869541.0,53.3,53.3,53.1,53.2,0.1,27.0
2022-10-19,1730,4616.0,246025.0,53.2,53.2,53.2,53.2,0.0,23.0
2022-10-20,1730,14440.0,761820.0,53.2,53.2,52.5,52.8,-0.4,53.0
2022-10-21,1730,8444.0,446774.0,52.8,53.0,52.8,52.9,0.1,17.0
2022-10-24,1730,21727.0,1147484.0,53.0,53.0,52.6,52.8,-0.1,36.0
2022-10-25,1730,7512.0,396936.0,53.2,53.2,52.6,52.8,0.0,19.0
2022-10-26,1730,19419.0,1020848.0,52.6,52.9,52.4,52.7,-0.1,22.0
2022-10-27,1730,10019.0,529710.0,52.5,53.0,52.5,53.0,0.3,28.0
2022-10-28,1730,11774.0,626632.0,54.0,54.0,52.6,52.9,-0.1,33.0
2022-10-31,1730,3546.0,190049.0,53.5,53.5,53.4,53.4,0.5,17.0
2022-11-01,1730,5347.0,283929.0,52.9,53.2,52.9,53.2,-0.2,31.0
2022-11-02,1730,6716.0,357665.0,53.1,53.3,53.1,53.3,0.1,25.0
2022-11-03,1730,5071.0,270642.0,53.3,53.3,53.3,53.3,0.0,13.0
2022-11-04,1730,4411.0,234816.0,53.5,53.5,53.0,53.1,-0.2,16.0
2022-11-07,1730,5688.0,303586.0,53.2,53.5,53.2,53.5,0.4,25.0
2022-11-08,1730,36958.0,1965332.0,53.3,54.0,52.9,53.6,0.1,54.0
2022-11-09,1730,9313.0,499927.0,53.6,53.8,53.6,53.7,0.1,31.0
2022-11-10,1730,5149.0,275714.0,53.5,53.7,53.5,53.7,0.0,15.0
2022-11-11,1730,26123.0,1396930.0,53.4,53.9,53.1,53.9,0.2,36.0
2022-11-14,1730,13925.0,755328.0,53.9,55.5,53.5,54.4,0.5,30.0
2022-11-15,1730,11488.0,626403.0,54.4,55.4,54.1,54.5,0.1,33.0
2022-11-16,1730,35207.0,1930671.0,55.3,55.5,54.2,55.0,0.5,41.0
2022-11-17,1730,9455.0,518985.0,54.9,55.5,54.5,54.8,-0.2,19.0
2022-11-18,1730,7458.0,409490.0,54.8,55.0,54.8,54.9,0.1,36.0
2022-11-21,1730,7457.0,410154.0,55.0,55.0,55.0,55.0,0.1,17.0
2022-11-22,1730,5134.0,282263.0,55.0,55.0,54.9,54.9,-0.1,10.0
2022-11-23,1730,7247.0,397588.0,55.0,55.1,54.7,54.8,-0.1,16.0
2022-11-24,1730,14678.0,806079.0,55.0,55.3,54.7,55.0,0.2,31.0
2022-11-25,1730,19651.0,1092908.0,55.0,56.4,55.0,55.5,0.5,37.0
2022-11-28,1730,14759.0,815694.0,55.5,55.5,54.8,55.5,0.0,33.0
2022-11-29,1730,25336.0,1411434.0,55.5,56.1,55.4,55.4,-0.1,38.0
2022-11-30,1730,18673.0,1037746.0,55.7,55.7,55.4,55.6,0.2,29.0
2022-12-01,1730,15803.0,885396.0,55.9,56.5,55.6,56.2,0.6,32.0
2022-12-02,1730,28858.0,1624446.0,58.0,58.0,55.7,56.1,-0.1,46.0
2022-12-05,1730,22815.0,1289067.0,56.1,56.4,55.8,56.4,0.3,51.0
2022-12-06,1730,911327.0,51040350.0,56.6,57.0,56.0,56.0,-0.4,49.0
2022-12-07,1730,36533.0,2053131.0,56.5,56.7,55.7,55.9,-0.1,53.0
2022-12-08,1730,22643.0,1262903.0,56.0,56.0,55.2,55.4,-0.5,38.0
2022-12-09,1730,3400.0,188780.0,55.4,55.7,55.4,55.4,0.0,11.0
2022-12-12,1730,11256.0,621904.0,55.2,55.5,55.0,55.0,-0.4,25.0
2022-12-13,1730,15956.0,879701.0,55.1,56.3,54.8,55.0,0.0,44.0
2022-12-14,1730,9071.0,501413.0,55.3,55.4,55.2,55.2,0.2,31.0
2022-12-15,1730,16178.0,894217.0,56.4,56.5,55.0,55.1,-0.1,28.0
2022-12-16,1730,40362.0,2231031.0,55.0,56.3,55.0,55.3,0.2,64.0
2022-12-19,1730,10480.0,580595.0,55.0,55.7,55.0,55.4,0.1,21.0
2022-12-20,1730,33646.0,1892381.0,56.0,58.0,55.5,55.5,0.1,49.0
2022-12-21,1730,26640.0,1485811.0,56.1,56.2,55.1,55.3,-0.2,41.0
2022-12-22,1730,11513.0,635424.0,55.1,55.2,55.1,55.1,-0.2,38.0
2022-12-23,1730,5467.0,302270.0,55.6,55.6,55.1,55.3,0.2,17.0
2022-12-26,1730,13998.0,774276.0,55.1,55.7,55.1,55.2,-0.1,25.0
2022-12-27,1730,5238.0,289684.0,55.3,55.3,55.3,55.3,0.1,12.0
2022-12-28,1730,8259.0,461534.0,55.9,56.0,55.9,55.9,0.6,23.0
2022-12-29,1730,2142.0,118916.0,55.4,55.6,55.4,55.6,-0.3,8.0
2022-12-30,1730,9436.0,523783.0,55.6,55.6,55.3,55.4,-0.2,24.0
2023-01-03,1730,9726.0,538728.0,55.4,55.4,55.3,55.3,-0.1,39.0
2023-01-04,1730,5747.0,323155.0,57.0,57.0,55.5,55.5,0.2,15.0
2023-01-05,1730,18916.0,1044957.0,55.5,55.5,55.0,55.0,-0.5,40.0
2023-01-06,1730,19679.0,1083531.0,55.1,55.4,55.0,55.0,0.0,34.0
2023-01-09,1730,17353.0,955112.0,55.0,55.2,55.0,55.0,0.0,50.0
2023-01-10,1730,25637.0,1413217.0,55.3,55.3,55.0,55.1,0.1,45.0
2023-01-11,1730,18472.0,1015311.0,55.1,55.2,54.7,54.7,-0.4,52.0
2023-01-12,1730,10481.0,573917.0,54.7,54.8,54.7,54.8,0.1,37.0
2023-01-13,1730,8227.0,451725.0,54.8,54.9,54.8,54.9,0.1,37.0
2023-01-16,1730,9911.0,547224.0,55.2,55.3,55.1,55.3,0.4,27.0
2023-01-17,1730,13771.0,755622.0,54.7,55.0,54.7,55.0,-0.3,59.0
2023-01-30,1730,37642.0,2067776.0,55.0,55.0,54.8,54.9,-0.1,67.0
2023-01-31,1730,13625.0,749452.0,55.1,55.1,54.9,55.0,0.1,39.0
2023-02-01,1730,10516.0,581269.0,55.3,55.3,55.1,55.1,0.1,25.0
2023-02-02,1730,25603.0,1418600.0,55.3,55.5,55.3,55.5,0.4,54.0
2023-02-03,1730,9075.0,505697.0,55.7,55.9,55.6,55.9,0.4,38.0
2023-02-06,1730,18536.0,1038665.0,56.0,56.1,56.0,56.0,0.1,40.0
2023-02-07,1730,12979.0,723441.0,55.9,55.9,55.6,55.8,-0.2,40.0
2023-02-08,1730,19721.0,1105597.0,55.8,56.1,55.8,56.1,0.3,28.0
2023-02-09,1730,18949.0,1065175.0,56.3,56.3,56.2,56.3,0.2,45.0
2023-02-10,1730,20786.0,1153336.0,55.8,55.8,54.9,55.5,-0.8,38.0
2023-02-13,1730,15546.0,861861.0,55.5,56.0,55.1,55.2,-0.3,34.0
2023-02-14,1730,18428.0,1024999.0,55.3,55.7,55.3,55.6,0.4,39.0
2023-02-15,1730,11199.0,622674.0,55.6,55.6,55.6,55.6,0.0,16.0
2023-02-16,1730,22536.0,1254167.0,55.6,55.9,55.5,55.7,0.1,32.0
2023-02-17,1730,19751.0,1105671.0,55.9,56.0,55.8,55.9,0.2,26.0
2023-02-20,1730,43840.0,2442563.0,56.0,56.0,55.6,55.6,-0.3,59.0
2023-02-21,1730,17594.0,979468.0,55.8,55.8,55.6,55.7,0.1,48.0
2023-02-22,1730,30542.0,1693372.0,55.7,55.7,55.3,55.3,-0.4,64.0
2023-02-23,1730,87602.0,4768181.0,55.3,55.4,52.6,55.4,0.1,129.0
2023-02-24,1730,19518.0,1089607.0,55.8,56.0,55.5,55.5,0.1,37.0
2023-03-01,1730,11453.0,638339.0,55.6,56.0,55.6,55.8,0.3,34.0
2023-03-02,1730,16760.0,941718.0,55.8,56.5,55.8,56.3,0.5,38.0
2023-03-03,1730,21888.0,1232645.0,56.2,56.5,56.2,56.3,0.0,47.0
2023-03-06,1730,30743.0,1747890.0,57.6,57.6,56.3,56.8,0.5,65.0
2023-03-07,1730,22261.0,1269245.0,57.2,57.2,56.7,57.0,0.2,38.0
2023-03-08,1730,26924.0,1534200.0,57.0,57.0,56.9,56.9,-0.1,46.0
2023-03-09,1730,20403.0,1159727.0,56.9,56.9,56.7,56.8,-0.1,46.0
2023-03-10,1730,32863.0,1858611.0,57.3,57.3,56.3,56.3,-0.5,52.0
2023-03-13,1730,17401.0,976491.0,56.3,56.3,56.0,56.1,-0.2,27.0
2023-03-14,1730,20328.0,1138978.0,56.0,56.7,55.9,56.0,-0.1,37.0
2023-03-15,1730,11363.0,635791.0,56.1,56.1,55.8,55.8,-0.2,26.0
2023-03-16,1730,46236.0,2570871.0,55.9,55.9,55.3,55.7,-0.1,56.0
2023-03-17,1730,13282.0,740137.0,55.7,55.8,55.7,55.7,0.0,19.0
2023-03-20,1730,17297.0,971103.0,56.1,56.2,56.1,56.1,0.4,31.0
2023-03-21,1730,15673.0,882983.0,56.1,56.6,56.1,56.4,0.3,46.0
2023-03-22,1730,19376.0,1097630.0,56.4,56.9,56.4,56.6,0.2,42.0
2023-03-23,1730,11980.0,674640.0,56.5,56.5,56.1,56.3,-0.3,50.0
2023-03-24,1730,21042.0,1182789.0,56.3,56.3,56.1,56.3,0.0,37.0
2023-03-27,1730,26703.0,1501557.0,56.3,56.3,56.2,56.2,-0.1,48.0
2023-03-28,1730,19745.0,1113271.0,56.3,56.5,56.3,56.3,0.1,31.0
2023-03-29,1730,14325.0,805829.0,56.3,56.3,56.1,56.3,0.0,25.0
2023-03-30,1730,14369.0,808807.0,56.1,56.4,56.1,56.4,0.1,21.0
2023-03-31,1730,20108.0,1136329.0,56.4,56.6,56.4,56.6,0.2,31.0
2023-04-06,1730,22651.0,1283892.0,56.6,56.7,56.6,56.7,0.1,40.0
2023-04-07,1730,42943.0,2432029.0,56.8,56.8,56.5,56.5,-0.2,59.0
2023-04-10,1730,28193.0,1593878.0,56.5,56.6,56.4,56.6,0.1,36.0
2023-04-11,1730,27331.0,1551356.0,56.6,56.9,56.6,56.7,0.1,46.0
2023-04-12,1730,23126.0,1316912.0,57.0,57.0,56.7,56.9,0.2,50.0
2023-04-13,1730,18398.0,1051566.0,56.9,57.5,56.9,57.3,0.4,54.0
2023-04-14,1730,22681.0,1301871.0,57.3,57.5,57.0,57.5,0.2,78.0
2023-04-17,1730,34484.0,1982441.0,57.5,57.7,57.1,57.6,0.1,60.0
2023-04-18,1730,15748.0,907707.0,57.6,58.1,57.3,57.7,0.1,27.0
2023-04-19,1730,15359.0,891490.0,59.0,59.0,57.8,57.8,0.1,45.0
2023-04-20,1730,23949.0,1375107.0,57.9,57.9,57.3,57.3,-0.5,44.0
2023-04-21,1730,10207.0,587185.0,57.4,57.7,57.4,57.5,0.2,25.0
2023-04-24,1730,12706.0,726142.0,57.1,57.2,57.1,57.1,-0.4,24.0
2023-04-25,1730,7061.0,402574.0,57.0,57.0,56.9,57.0,-0.1,32.0
2023-04-26,1730,8688.0,500065.0,57.6,57.7,57.5,57.6,0.6,20.0
2023-04-27,1730,17625.0,1018632.0,57.7,58.2,57.6,57.7,0.1,29.0
2023-04-28,1730,20723.0,1196356.0,57.7,57.9,57.5,57.7,0.0,33.0
2023-05-02,1730,24353.0,1412777.0,57.7,58.2,57.7,58.0,0.3,32.0
2023-05-03,1730,12361.0,716788.0,57.8,58.0,57.8,58.0,0.0,20.0
2023-05-04,1730,17892.0,1039178.0,57.8,58.3,57.7,58.2,0.2,25.0
2023-05-05,1730,15249.0,889287.0,58.4,58.4,58.2,58.3,0.1,38.0
2023-05-08,1730,24390.0,1423006.0,58.5,58.5,58.2,58.2,-0.1,50.0
2023-05-09,1730,10166.0,594567.0,58.5,58.5,58.4,58.4,0.2,32.0
2023-05-10,1730,16091.0,944387.0,58.4,59.0,58.4,58.7,0.3,38.0
2023-05-11,1730,22417.0,1313072.0,58.8,58.8,58.4,58.6,-0.1,87.0
2023-05-12,1730,14555.0,852717.0,58.6,58.6,58.5,58.6,0.0,35.0
2023-05-15,1730,32372.0,1918465.0,59.4,59.5,58.6,59.1,0.5,61.0
2023-05-16,1730,39894.0,2357032.0,59.3,59.3,58.8,58.8,-0.3,49.0
2023-05-17,1730,22620.0,1336984.0,58.8,59.3,58.8,59.2,0.4,40.0
2023-05-18,1730,30617.0,1807672.0,59.0,59.2,58.8,59.0,-0.2,48.0
2023-05-19,1730,35234.0,2096953.0,59.3,59.7,59.3,59.5,0.5,56.0
2023-05-22,1730,42876.0,2553664.0,59.5,59.6,59.5,59.5,0.0,41.0
2023-05-23,1730,18113.0,1079767.0,59.5,59.7,59.5,59.7,0.2,19.0
2023-05-24,1730,24848.0,1492598.0,60.0,60.2,59.9,60.1,0.4,58.0
2023-05-25,1730,28752.0,1732141.0,60.4,60.4,60.0,60.1,0.0,45.0
2023-05-26,1730,16579.0,996327.0,60.1,60.2,60.0,60.2,0.1,29.0
2023-05-29,1730,23270.0,1398700.0,60.1,60.2,60.0,60.1,-0.1,33.0
2023-05-30,1730,23161.0,1389256.0,60.2,60.2,59.8,59.8,-0.3,45.0
2023-05-31,1730,19815.0,1187282.0,60.0,60.0,59.8,59.8,0.0,49.0
2023-06-01,1730,17038.0,1018582.0,59.6,59.8,59.6,59.8,0.0,22.0
2023-06-02,1730,30641.0,1831604.0,59.9,59.9,59.6,59.8,0.0,54.0
2023-06-05,1730,22317.0,1338046.0,59.8,60.0,59.8,59.9,0.1,50.0
2023-06-06,1730,17636.0,1056087.0,60.0,60.0,59.6,60.0,0.1,34.0
2023-06-07,1730,20748.0,1245790.0,60.2,60.2,60.0,60.0,0.0,50.0
2023-06-08,1730,17795.0,1067783.0,60.0,60.1,59.9,59.9,-0.1,29.0
2023-06-09,1730,23456.0,1409513.0,60.0,60.3,60.0,60.2,0.3,32.0
2023-06-12,1730,12083.0,725258.0,60.1,60.1,60.0,60.0,-0.2,27.0
2023-06-13,1730,15058.0,904672.0,60.0,60.1,60.0,60.0,0.0,37.0
2023-06-14,1730,22081.0,1321930.0,60.0,60.2,59.7,59.7,-0.3,50.0
2023-06-15,1730,53456.0,3181852.0,59.6,59.7,59.3,59.5,-0.2,94.0
2023-06-16,1730,47292.0,2800989.0,59.4,59.4,59.1,59.3,-0.2,83.0
2023-06-19,1730,39585.0,2338413.0,59.3,59.3,59.0,59.0,-0.3,89.0
2023-06-20,1730,5658.0,333775.0,58.9,59.0,58.9,59.0,0.0,27.0
2023-06-21,1730,23653.0,1409171.0,59.0,59.9,59.0,59.9,0.9,38.0
2023-06-26,1730,15058.0,900850.0,59.9,59.9,59.7,59.9,0.0,43.0
2023-06-27,1730,16000.0,957216.0,59.9,59.9,59.8,59.9,0.0,33.0
2023-06-28,1730,15164.0,901986.0,59.9,59.9,59.1,59.4,-0.5,87.0
2023-06-29,1730,14383.0,856051.0,59.5,59.6,59.5,59.6,0.2,34.0
2023-06-30,1730,15093.0,898882.0,59.5,59.6,59.5,59.5,-0.1,19.0
2023-07-03,1730,28234.0,1677217.0,59.5,59.6,59.3,59.5,0.0,53.0
2023-07-04,1730,32648.0,1952788.0,59.5,60.0,59.5,59.8,0.3,48.0
2023-07-05,1730,16411.0,981276.0,59.8,59.8,59.7,59.7,-0.1,29.0
2023-07-06,1730,8776.0,521795.0,59.2,59.7,59.2,59.5,-0.2,27.0
2023-07-07,1730,4664.0,277225.0,59.5,59.5,59.3,59.3,-0.2,21.0
2023-07-10,1730,25525.0,1513448.0,59.4,59.4,59.2,59.3,0.0,35.0
2023-07-11,1730,9585.0,569621.0,59.4,59.5,59.3,59.3,0.0,33.0
2023-07-12,1730,15951.0,944445.0,59.1,59.4,59.1,59.4,0.1,33.0
2023-07-13,1730,18436.0,1095761.0,59.5,59.5,59.3,59.3,-0.1,58.0
2023-07-14,1730,32265.0,1914481.0,59.3,59.6,59.3,59.5,0.2,55.0
2023-07-17,1730,23307.0,1387655.0,59.4,59.8,59.3,59.6,0.1,32.0
2023-07-18,1730,21229.0,1268557.0,59.6,59.9,59.6,59.8,0.2,52.0
2023-07-19,1730,23673.0,1418874.0,59.8,60.0,59.8,59.9,0.1,28.0
2023-07-20,1730,20817.0,1249102.0,60.0,60.2,59.9,59.9,0.0,38.0
2023-07-21,1730,43917.0,2589952.0,59.9,59.9,58.0,59.6,-0.3,97.0
2023-07-24,1730,22526.0,1350069.0,60.1,60.1,59.6,59.7,0.1,32.0
2023-07-25,1730,28700.0,1721278.0,60.1,60.1,59.7,60.0,0.3,49.0
2023-07-26,1730,23701.0,1424317.0,60.1,60.2,60.0,60.1,0.1,38.0
2023-07-27,1730,34482.0,2074459.0,60.1,60.3,60.0,60.2,0.1,48.0
2023-07-28,1730,22283.0,1344208.0,60.3,60.4,60.2,60.3,0.1,51.0
2023-07-31,1730,80602.0,4883907.0,60.5,60.8,60.4,60.6,0.3,125.0
2023-08-01,1730,48219.0,2927147.0,60.6,60.9,60.6,60.8,0.2,73.0
2023-08-02,1730,134896.0,8204733.0,60.8,60.9,60.7,60.9,0.1,139.0
2023-08-04,1730,139005.0,8074245.0,58.0,58.2,57.9,58.1,0.2,183.0
2023-08-07,1730,68023.0,3982400.0,58.4,58.8,58.4,58.7,0.6,109.0
2023-08-08,1730,25338.0,1488209.0,59.0,59.0,58.5,58.5,-0.2,51.0
2023-08-09,1730,15673.0,928691.0,59.8,59.8,58.6,59.0,0.5,24.0
2023-08-10,1730,17282.0,1011306.0,58.6,58.6,58.3,58.5,-0.5,47.0
2023-08-11,1730,12432.0,725517.0,58.5,58.5,58.3,58.3,-0.2,36.0
2023-08-14,1730,21869.0,1269228.0,58.2,58.2,57.9,58.0,-0.3,52.0
2023-08-15,1730,14651.0,848639.0,58.0,58.0,57.9,57.9,-0.1,30.0
2023-08-16,1730,12827.0,741302.0,57.9,57.9,57.6,57.7,-0.2,35.0
2023-08-17,1730,8988.0,519140.0,57.7,57.9,57.6,57.9,0.2,28.0
2023-08-18,1730,15159.0,876699.0,57.9,57.9,57.8,57.8,-0.1,40.0
2023-08-21,1730,14774.0,871808.0,59.9,59.9,58.1,58.3,0.5,30.0
2023-08-22,1730,10492.0,609281.0,58.3,58.3,58.0,58.0,-0.3,24.0
2023-08-23,1730,7785.0,452489.0,58.0,58.2,58.0,58.1,0.1,43.0
2023-08-24,1730,9280.0,538906.0,58.1,58.1,58.0,58.0,-0.1,97.0
2023-08-25,1730,12903.0,748868.0,58.0,58.0,57.9,57.9,-0.1,73.0
2023-08-28,1730,19201.0,1112460.0,58.0,58.0,57.9,57.9,0.0,28.0
2023-08-29,1730,4553.0,263858.0,57.9,58.0,57.9,58.0,0.1,24.0
2023-08-30,1730,7733.0,448673.0,58.0,58.0,58.0,58.0,0.0,23.0
2023-08-31,1730,25446.0,1475705.0,58.0,58.0,57.9,57.9,-0.1,42.0
2023-09-01,1730,15746.0,914158.0,57.8,58.1,57.8,58.1,0.2,46.0
2023-09-04,1730,14880.0,863309.0,58.1,58.1,57.8,58.0,-0.1,37.0
2023-09-05,1730,7513.0,435852.0,57.9,58.1,57.9,58.0,0.0,24.0
2023-09-06,1730,16704.0,970315.0,57.9,58.2,57.9,58.1,0.1,26.0
2023-09-07,1730,20207.0,1171153.0,58.0,58.0,57.9,57.9,-0.2,47.0
2023-09-08,1730,17041.0,986269.0,57.8,58.0,57.8,57.8,-0.1,53.0
2023-09-11,1730,18301.0,1058089.0,57.8,57.9,57.7,57.8,0.0,54.0
2023-09-12,1730,5386.0,311105.0,57.8,57.8,57.7,57.7,-0.1,15.0
2023-09-13,1730,12315.0,710863.0,57.7,57.7,57.7,57.7,0.0,49.0
2023-09-14,1730,27943.0,1613802.0,57.7,58.0,57.7,57.8,0.1,31.0
2023-09-15,1730,18651.0,1080193.0,57.8,58.0,57.8,58.0,0.2,38.0
2023-09-18,1730,9477.0,548366.0,58.0,58.0,57.8,57.8,-0.2,27.0
2023-09-19,1730,18386.0,1060177.0,57.7,57.7,57.6,57.7,-0.1,45.0
2023-09-20,1730,15235.0,878254.0,57.6,57.7,57.6,57.7,0.0,43.0
2023-09-21,1730,10209.0,588509.0,57.7,57.8,57.6,57.6,-0.1,37.0
2023-09-22,1730,14800.0,852706.0,57.6,57.7,57.6,57.6,0.0,26.0
2023-09-25,1730,8287.0,478800.0,58.0,58.0,57.6,57.6,0.0,39.0
2023-09-26,1730,12369.0,713778.0,57.6,57.9,57.6,57.7,0.1,41.0
2023-09-27,1730,19329.0,1112880.0,57.7,57.7,57.5,57.6,-0.1,64.0
2023-09-28,1730,16010.0,921175.0,57.6,57.6,57.5,57.5,-0.1,18.0
2023-10-02,1730,9867.0,567032.0,57.5,57.5,57.5,57.5,0.0,45.0
2023-10-03,1730,17546.0,1007315.0,57.5,57.5,57.3,57.4,-0.1,156.0
2023-10-04,1730,25676.0,1464772.0,57.2,57.2,57.0,57.0,-0.4,67.0
2023-10-05,1730,9996.0,569902.0,57.0,57.0,57.0,57.0,0.0,31.0
2023-10-06,1730,15300.0,873340.0,57.5,57.5,57.0,57.1,0.1,17.0
2023-10-11,1730,27281.0,1558342.0,57.1,57.3,56.8,57.1,0.0,29.0
2023-10-12,1730,66394.0,3762597.0,57.1,57.1,56.5,56.6,-0.5,104.0
2023-10-13,1730,53874.0,3034925.0,56.6,56.6,56.1,56.4,-0.2,113.0
2023-10-16,1730,24491.0,1378216.0,56.4,56.6,56.1,56.6,0.2,42.0
2023-10-17,1730,10110.0,571665.0,56.7,56.7,56.4,56.5,-0.1,13.0
2023-10-18,1730,11000.0,619300.0,56.5,56.5,56.2,56.2,-0.3,11.0
2023-10-19,1730,7870.0,443289.0,56.3,56.4,56.2,56.4,0.2,26.0
2023-10-20,1730,10793.0,606814.0,56.2,56.4,56.1,56.3,-0.1,29.0
2023-10-23,1730,2505.0,141224.0,56.3,56.4,56.3,56.4,0.1,21.0
2023-10-24,1730,13931.0,784944.0,56.4,56.4,56.2,56.2,-0.2,25.0
2023-10-25,1730,25644.0,1441857.0,56.0,56.5,56.0,56.5,0.3,44.0
2023-10-26,1730,2398.0,135498.0,56.6,56.6,56.4,56.4,-0.1,16.0
2023-10-27,1730,15679.0,882928.0,56.4,56.4,56.3,56.3,-0.1,31.0
2023-10-30,1730,6979.0,393011.0,56.3,56.3,56.2,56.3,0.0,64.0
2023-10-31,1730,8349.0,469997.0,56.3,56.3,56.2,56.2,-0.1,29.0
2023-11-01,1730,16565.0,930337.0,56.2,56.2,56.1,56.1,-0.1,33.0
2023-11-02,1730,13505.0,758978.0,56.4,56.4,56.1,56.2,0.1,19.0
2023-11-03,1730,14969.0,840817.0,56.2,56.3,56.1,56.3,0.1,48.0
2023-11-06,1730,17964.0,1012229.0,56.3,56.4,56.2,56.4,0.1,49.0
2023-11-07,1730,10884.0,614316.0,56.4,56.6,56.4,56.6,0.2,27.0
2023-11-08,1730,7083.0,400409.0,56.6,56.6,56.5,56.6,0.0,10.0
2023-11-09,1730,29434.0,1657379.0,56.6,56.6,56.1,56.5,-0.1,43.0
2023-11-10,1730,6447.0,363184.0,56.5,56.5,56.4,56.4,-0.1,17.0
2023-11-13,1730,9892.0,558944.0,56.4,56.6,56.4,56.4,0.0,24.0
2023-11-14,1730,12055.0,678430.0,56.4,56.4,56.2,56.2,-0.2,22.0
2023-11-15,1730,20589.0,1160489.0,56.3,56.4,56.3,56.3,0.1,45.0
2023-11-16,1730,24381.0,1371755.0,56.3,56.3,56.2,56.3,0.0,36.0
2023-11-17,1730,21040.0,1189591.0,56.5,56.7,56.5,56.7,0.4,41.0
2023-11-20,1730,25847.0,1458732.0,56.5,56.5,56.4,56.4,-0.3,38.0
2023-11-21,1730,52940.0,2980165.0,56.5,56.6,56.0,56.4,0.0,75.0
2023-11-22,1730,13974.0,789465.0,56.4,56.5,56.4,56.5,0.1,39.0
2023-11-23,1730,15890.0,898041.0,56.5,56.6,56.4,56.4,-0.1,32.0
2023-11-24,1730,24941.0,1409138.0,56.4,56.5,56.4,56.5,0.1,38.0
2023-11-27,1730,186882.0,10845788.0,56.7,59.0,56.7,57.3,0.8,187.0
2023-11-28,1730,80180.0,4650180.0,57.7,58.2,57.4,58.1,0.8,126.0
2023-11-29,1730,35294.0,2034827.0,57.4,58.0,57.4,57.6,-0.5,67.0
2023-11-30,1730,14752.0,853503.0,57.7,58.0,57.7,57.9,0.3,42.0
2023-12-01,1730,31387.0,1811843.0,57.9,57.9,57.6,57.6,-0.3,39.0
2023-12-04,1730,28625.0,1652622.0,57.9,58.0,57.5,57.6,0.0,53.0
2023-12-05,1730,18900.0,1087522.0,57.9,57.9,57.2,57.6,0.0,35.0
2023-12-06,1730,16454.0,949338.0,57.6,57.8,57.5,57.6,0.0,30.0
2023-12-07,1730,27374.0,1569785.0,57.6,57.6,57.0,57.5,-0.1,54.0
2023-12-08,1730,17704.0,1019099.0,57.5,57.8,57.3,57.3,-0.2,33.0
2023-12-11,1730,3459.0,198472.0,57.3,57.4,57.3,57.4,0.1,11.0
2023-12-12,1730,27572.0,1584088.0,57.4,57.7,57.4,57.7,0.3,40.0
2023-12-13,1730,15601.0,897204.0,57.5,57.7,57.3,57.5,-0.2,61.0
2023-12-14,1730,34768.0,1992063.0,57.3,57.4,57.2,57.3,-0.2,99.0
2023-12-15,1730,26985.0,1545556.0,57.3,57.5,57.2,57.5,0.2,51.0
2023-12-18,1730,8200.0,470244.0,57.3,57.5,57.3,57.5,0.0,24.0
2023-12-19,1730,26328.0,1518298.0,57.5,57.9,57.5,57.5,0.0,38.0
2023-12-20,1730,24215.0,1393920.0,57.8,57.8,57.5,57.6,0.1,46.0
2023-12-21,1730,24708.0,1423781.0,57.6,57.9,57.5,57.5,-0.1,33.0
2023-12-22,1730,16874.0,966401.0,57.5,57.5,57.2,57.3,-0.2,29.0
2023-12-25,1730,13610.0,780375.0,57.5,57.5,57.3,57.3,0.0,25.0
2023-12-26,1730,13194.0,755819.0,57.2,57.5,57.1,57.5,0.2,30.0
2023-12-27,1730,4073.0,234043.0,57.5,57.5,57.4,57.4,-0.1,24.0
2023-12-28,1730,24932.0,1432838.0,57.4,57.5,57.4,57.5,0.1,36.0
2023-12-29,1730,12560.0,722996.0,57.5,57.7,57.5,57.7,0.2,31.0
2024-01-02,1730,22184.0,1272584.0,57.7,57.7,57.3,57.3,-0.4,43.0
2024-01-03,1730,18710.0,1070089.0,57.1,57.3,57.1,57.2,-0.1,40.0
2024-01-04,1730,30308.0,1728195.0,57.0,57.1,57.0,57.0,-0.2,55.0
2024-01-05,1730,8989.0,513858.0,57.0,57.3,57.0,57.3,0.3,25.0
2024-01-08,1730,11495.0,657212.0,57.1,57.4,57.1,57.2,-0.1,33.0
2024-01-09,1730,10602.0,606038.0,57.5,57.5,57.0,57.1,-0.1,26.0
2024-01-10,1730,62055.0,3538101.0,57.0,57.1,56.8,56.9,-0.2,65.0
2024-01-11,1730,14348.0,816083.0,56.9,57.1,56.8,56.9,0.0,30.0
2024-01-12,1730,21644.0,1230401.0,56.9,57.1,56.8,56.8,-0.1,35.0
2024-01-15,1730,23188.0,1316083.0,56.8,57.4,56.5,57.0,0.2,37.0
2024-01-16,1730,15980.0,905253.0,56.8,56.8,56.6,56.6,-0.4,49.0
2024-01-17,1730,25673.0,1451720.0,56.6,57.0,56.4,56.5,-0.1,36.0
2024-01-18,1730,11206.0,632178.0,56.4,56.5,56.4,56.4,-0.1,18.0
2024-01-19,1730,10106.0,571191.0,56.5,56.6,56.4,56.6,0.2,28.0
2024-01-22,1730,4042.0,228255.0,56.4,56.4,56.4,56.4,-0.2,30.0
2024-01-23,1730,3811.0,216812.0,57.0,57.0,56.9,56.9,0.5,18.0
2024-01-24,1730,17088.0,972023.0,56.9,57.0,56.8,56.8,-0.1,38.0
2024-01-25,1730,9341.0,529557.0,56.7,56.7,56.6,56.6,-0.2,65.0
2024-01-26,1730,12640.0,715690.0,56.6,56.7,56.6,56.6,0.0,38.0
2024-01-29,1730,6471.0,366924.0,56.7,56.7,56.7,56.7,0.1,30.0
2024-01-30,1730,10555.0,598162.0,56.6,56.8,56.6,56.6,-0.1,82.0
2024-01-31,1730,5918.0,334987.0,56.6,56.6,56.6,56.6,0.0,24.0
2024-02-01,1730,15652.0,886477.0,56.6,56.8,56.5,56.7,0.1,43.0
2024-02-02,1730,31942.0,1806219.0,56.6,56.8,56.3,56.6,-0.1,52.0
2024-02-05,1730,33110.0,1865736.0,56.3,56.4,56.3,56.4,-0.2,95.0
2024-02-15,1730,15335.0,868186.0,56.5,56.9,56.5,56.5,0.1,46.0
2024-02-16,1730,25831.0,1459695.0,56.6,56.6,56.4,56.5,0.0,64.0
2024-02-19,1730,33885.0,1927362.0,56.5,57.2,56.5,56.9,0.4,71.0
2024-02-20,1730,57736.0,3265316.0,56.8,56.8,56.5,56.7,-0.2,115.0
2024-02-21,1730,21457.0,1220053.0,56.7,57.0,56.7,56.9,0.2,41.0
2024-02-22,1730,31449.0,1793112.0,56.9,57.1,56.9,56.9,0.0,47.0
2024-02-23,1730,13338.0,759370.0,56.9,57.0,56.9,56.9,0.0,33.0
2024-02-26,1730,25353.0,1440473.0,56.8,56.9,56.7,56.8,-0.1,66.0
2024-02-27,1730,30917.0,1754203.0,56.8,56.9,56.5,56.7,-0.1,62.0
2024-02-29,1730,51449.0,2915330.0,56.7,56.7,56.6,56.7,0.0,67.0
2024-03-01,1730,33586.0,1903019.0,56.7,56.8,56.6,56.7,0.0,41.0
2024-03-04,1730,67773.0,3832243.0,56.6,56.7,56.4,56.4,-0.3,84.0
2024-03-05,1730,33563.0,1896157.0,56.4,56.6,56.4,56.5,0.1,68.0
2024-03-06,1730,49797.0,2807897.0,56.5,56.5,56.2,56.4,-0.1,81.0
2024-03-07,1730,41819.0,2355384.0,56.4,56.4,56.2,56.3,-0.1,153.0
2024-03-08,1730,52675.0,2964670.0,56.2,56.4,56.2,56.2,-0.1,93.0
2024-03-11,1730,37806.0,2126228.0,56.2,56.4,56.2,56.2,0.0,60.0
2024-03-12,1730,60762.0,3417602.0,56.2,56.3,56.1,56.2,0.0,80.0
2024-03-13,1730,39199.0,2204503.0,56.2,56.3,56.1,56.2,0.0,85.0
2024-03-14,1730,42593.0,2398116.0,56.2,56.4,56.2,56.4,0.2,68.0
2024-03-15,1730,21287.0,1204524.0,56.4,56.9,56.2,56.6,0.2,62.0
2024-03-18,1730,23002.0,1301506.0,56.6,56.7,56.4,56.6,0.0,84.0
2024-03-19,1730,31683.0,1793512.0,56.5,56.7,56.5,56.7,0.1,104.0
2024-03-20,1730,40280.0,2275516.0,56.5,56.5,56.4,56.5,-0.2,86.0
2024-03-21,1730,52358.0,2966787.0,56.5,56.8,56.5,56.6,0.1,62.0
2024-03-22,1730,30014.0,1695791.0,56.6,56.6,56.4,56.4,-0.2,48.0
2024-03-25,1730,59270.0,3336971.0,56.3,56.4,56.2,56.3,-0.1,69.0
2024-03-26,1730,39812.0,2242808.0,56.3,56.5,56.2,56.2,-0.1,63.0
2024-03-27,1730,28862.0,1629105.0,56.2,56.8,56.2,56.5,0.3,44.0
2024-03-28,1730,52450.0,2958212.0,56.3,56.6,56.3,56.5,0.0,60.0
2024-03-29,1730,9781.0,553253.0,56.5,56.7,56.4,56.7,0.2,26.0
2024-04-01,1730,34219.0,1937222.0,56.7,56.8,56.5,56.7,0.0,49.0
2024-04-02,1730,37642.0,2135393.0,56.7,56.8,56.6,56.7,0.0,46.0
2024-04-03,1730,13459.0,763380.0,56.6,56.8,56.6,56.7,0.0,14.0
2024-04-08,1730,32515.0,1843648.0,56.9,56.9,56.6,56.7,0.0,37.0
2024-04-09,1730,43571.0,2468316.0,56.7,56.8,56.5,56.6,-0.1,60.0
2024-04-10,1730,37862.0,2139841.0,56.4,56.7,56.4,56.6,0.0,52.0
2024-04-11,1730,36718.0,2072718.0,56.3,56.7,56.3,56.6,0.0,44.0
2024-04-12,1730,19909.0,1125719.0,56.6,56.6,56.5,56.6,0.0,34.0
2024-04-15,1730,22158.0,1250602.0,56.4,56.5,56.3,56.5,-0.1,37.0
2024-04-16,1730,71896.0,4042821.0,56.5,56.5,56.1,56.3,-0.2,121.0
2024-04-17,1730,23173.0,1304689.0,56.2,56.4,56.2,56.2,-0.1,61.0
2024-04-18,1730,25710.0,1444519.0,56.2,56.3,56.1,56.2,0.0,41.0
2024-04-19,1730,66210.0,3716524.0,56.3,56.4,56.0,56.1,-0.1,111.0
2024-04-22,1730,84523.0,4729490.0,56.1,56.2,55.5,56.1,0.0,107.0
2024-04-23,1730,21982.0,1232586.0,56.1,56.2,56.0,56.0,-0.1,54.0
2024-04-24,1730,4968.0,279598.0,56.4,56.4,56.1,56.2,0.2,23.0
2024-04-25,1730,14859.0,834112.0,56.1,56.2,56.0,56.2,0.0,52.0
2024-04-26,1730,18162.0,1023119.0,56.2,56.5,56.2,56.3,0.1,34.0
2024-04-29,1730,31939.0,1796535.0,56.3,56.3,56.2,56.2,-0.1,63.0
2024-04-30,1730,25286.0,1427426.0,56.3,56.5,56.2,56.3,0.1,40.0
2024-05-02,1730,23502.0,1325705.0,56.2,56.5,56.2,56.5,0.2,32.0
2024-05-03,1730,13561.0,766835.0,56.5,56.6,56.5,56.6,0.1,37.0
2024-05-06,1730,24018.0,1359604.0,56.6,56.7,56.5,56.6,0.0,48.0
2024-05-07,1730,31657.0,1784670.0,56.6,56.6,56.2,56.2,-0.4,46.0
2024-05-08,1730,96118.0,5386631.0,56.2,56.3,55.9,56.0,-0.2,126.0
2024-05-09,1730,19577.0,1098391.0,56.0,56.2,56.0,56.2,0.2,48.0
2024-05-10,1730,18116.0,1017932.0,56.2,56.4,56.1,56.4,0.2,31.0
2024-05-13,1730,25430.0,1434752.0,56.4,56.5,56.4,56.4,0.0,45.0
2024-05-14,1730,35277.0,1982796.0,56.4,56.4,56.0,56.1,-0.3,55.0
2024-05-15,1730,125394.0,7026643.0,56.1,56.2,55.9,55.9,-0.2,140.0
2024-05-16,1730,59723.0,3343394.0,56.1,56.2,55.9,55.9,0.0,89.0
2024-05-17,1730,22230.0,1246709.0,55.9,56.2,55.9,56.0,0.1,53.0
2024-05-20,1730,28064.0,1574224.0,56.0,56.2,56.0,56.2,0.2,55.0
2024-05-21,1730,17794.0,999799.0,56.2,56.3,56.0,56.2,0.0,42.0
2024-05-22,1730,34719.0,1952852.0,56.3,56.3,56.0,56.3,0.1,65.0
2024-05-23,1730,21995.0,1237999.0,56.3,56.3,56.2,56.2,-0.1,38.0
2024-05-24,1730,21400.0,1202170.0,56.2,56.2,56.1,56.2,0.0,29.0
2024-05-27,1730,25844.0,1450114.0,56.2,56.2,56.0,56.2,0.0,41.0
2024-05-28,1730,21719.0,1221105.0,56.2,56.5,56.1,56.5,0.3,42.0
2024-05-29,1730,15012.0,845107.0,56.4,56.4,56.2,56.3,-0.2,38.0
2024-05-30,1730,13526.0,759557.0,56.1,56.4,56.1,56.4,0.1,29.0
2024-05-31,1730,27337.0,1541424.0,56.2,56.5,56.2,56.4,0.0,43.0
2024-06-03,1730,24065.0,1356066.0,56.3,56.5,56.2,56.4,0.0,47.0
2024-06-04,1730,18460.0,1037361.0,56.3,56.3,56.1,56.2,-0.2,22.0
2024-06-05,1730,8788.0,495192.0,56.5,56.5,56.1,56.3,0.1,29.0
2024-06-06,1730,20157.0,1132069.0,56.3,56.3,56.0,56.1,-0.2,46.0
2024-06-07,1730,11724.0,658598.0,56.1,56.2,56.1,56.1,0.0,27.0
2024-06-11,1730,20393.0,1143876.0,56.1,56.2,56.0,56.1,0.0,38.0
2024-06-12,1730,22047.0,1236946.0,56.1,56.1,56.0,56.1,0.0,52.0
2024-06-13,1730,42742.0,2395016.0,56.1,56.1,56.0,56.1,0.0,102.0
2024-06-14,1730,36460.0,2047188.0,56.1,56.4,56.0,56.0,-0.1,71.0
2024-06-17,1730,38036.0,2136889.0,56.0,56.4,56.0,56.2,0.2,78.0
2024-06-18,1730,27074.0,1521317.0,56.2,56.3,56.1,56.3,0.1,55.0
2024-06-19,1730,38300.0,2155353.0,56.2,56.4,56.1,56.2,-0.1,48.0
2024-06-20,1730,31155.0,1748743.0,56.2,56.2,56.1,56.2,0.0,71.0
2024-06-21,1730,29213.0,1643188.0,56.1,56.4,56.1,56.3,0.1,53.0
2024-06-24,1730,24278.0,1367682.0,56.5,56.5,56.2,56.2,-0.1,109.0
2024-06-25,1730,19843.0,1117156.0,56.5,56.5,56.1,56.3,0.1,37.0
2024-06-26,1730,24387.0,1373150.0,56.5,56.5,56.2,56.2,-0.1,41.0
2024-06-27,1730,24819.0,1394300.0,56.1,56.5,56.1,56.1,-0.1,119.0
2024-06-28,1730,24383.0,1371834.0,56.5,56.5,56.2,56.2,0.1,138.0
2024-07-01,1730,16403.0,922850.0,56.1,56.4,56.1,56.2,0.0,49.0
2024-07-02,1730,16666.0,936576.0,56.2,56.2,56.1,56.1,-0.1,23.0
2024-07-03,1730,17180.0,965640.0,56.1,56.3,56.1,56.2,0.1,53.0
2024-07-04,1730,28371.0,1596452.0,56.2,56.4,56.2,56.2,0.0,36.0
2024-07-05,1730,23024.0,1295995.0,56.4,56.5,56.2,56.2,0.0,96.0
2024-07-08,1730,30037.0,1690713.0,56.2,56.3,56.2,56.3,0.1,44.0
2024-07-09,1730,29978.0,1686122.0,56.3,56.4,56.1,56.3,0.0,42.0
2024-07-10,1730,47707.0,2683958.0,56.2,56.4,56.2,56.3,0.0,41.0
2024-07-11,1730,38211.0,2147739.0,56.2,56.4,56.1,56.3,0.0,61.0
2024-07-12,1730,20765.0,1169214.0,56.2,56.4,56.2,56.4,0.1,41.0
2024-07-15,1730,49786.0,2812493.0,56.5,56.6,56.4,56.4,0.0,63.0
2024-07-16,1730,27508.0,1552192.0,56.5,56.5,56.3,56.3,-0.1,29.0
2024-07-17,1730,29172.0,1644054.0,56.3,56.5,56.3,56.3,0.0,46.0
2024-07-18,1730,38012.0,2144213.0,56.3,56.5,56.3,56.4,0.1,47.0
2024-07-19,1730,58147.0,3277392.0,56.4,56.5,56.3,56.3,-0.1,67.0
2024-07-22,1730,61067.0,3438259.0,56.4,56.5,56.1,56.3,0.0,181.0
2024-07-23,1730,39738.0,2240476.0,56.3,56.5,56.3,56.3,0.0,68.0
2024-07-26,1730,420961.0,24418962.0,59.6,61.5,56.1,56.2,-0.1,510.0
2024-07-29,1730,148157.0,8365955.0,56.3,57.3,56.0,56.2,0.0,174.0
2024-07-30,1730,58220.0,3289368.0,56.3,56.7,56.2,56.7,0.5,107.0
2024-07-31,1730,162369.0,9209412.0,56.6,56.8,56.6,56.7,0.0,193.0
2024-08-01,1730,184695.0,10055736.0,54.1,54.9,54.1,54.3,0.0,251.0
2024-08-02,1730,181586.0,9795224.0,54.3,54.3,53.8,53.8,-0.5,229.0
2024-08-05,1730,182818.0,9698334.0,53.8,53.8,52.3,52.8,-1.0,283.0
2024-08-06,1730,38063.0,2012533.0,53.2,53.3,52.6,52.9,0.1,71.0
2024-08-07,1730,40178.0,2137620.0,53.0,53.3,52.9,53.2,0.3,50.0
2024-08-08,1730,18279.0,972357.0,53.2,53.2,53.1,53.1,-0.1,48.0
2024-08-09,1730,37489.0,2017137.0,53.1,54.9,53.1,53.9,0.8,60.0
2024-08-12,1730,50896.0,2745807.0,54.0,54.0,53.8,54.0,0.1,59.0
2024-08-13,1730,34240.0,1846867.0,53.9,54.0,53.7,54.0,0.0,55.0
2024-08-14,1730,32411.0,1751884.0,54.0,54.1,53.9,54.0,0.0,38.0
2024-08-15,1730,33589.0,1810985.0,54.0,54.1,53.6,53.9,-0.1,51.0
2024-08-16,1730,19717.0,1064668.0,53.9,54.1,53.9,54.0,0.1,40.0
2024-08-19,1730,16792.0,903759.0,53.8,54.0,53.7,54.0,0.0,48.0
2024-08-20,1730,50409.0,2715938.0,54.0,54.0,53.8,53.8,-0.2,72.0
2024-08-21,1730,21643.0,1165304.0,53.8,54.0,53.7,54.0,0.2,45.0
2024-08-22,1730,45037.0,2431464.0,53.6,54.2,53.6,53.9,-0.1,57.0
2024-08-23,1730,22235.0,1208191.0,53.9,54.5,53.8,54.5,0.6,31.0
2024-08-26,1730,38596.0,2091340.0,54.4,54.4,54.1,54.2,-0.3,65.0
2024-08-27,1730,13932.0,752420.0,54.1,54.1,53.8,54.0,-0.2,38.0
2024-08-28,1730,34482.0,1873181.0,54.0,54.6,54.0,54.3,0.3,64.0
2024-08-29,1730,37950.0,2053532.0,54.3,54.3,54.0,54.1,-0.2,55.0
2024-08-30,1730,12188.0,659965.0,54.1,54.2,54.1,54.1,0.0,32.0
2024-09-02,1730,12046.0,651992.0,54.1,54.2,54.0,54.0,-0.1,34.0
2024-09-03,1730,47721.0,2569572.0,54.1,54.1,53.6,53.8,-0.2,85.0
2024-09-04,1730,86497.0,4618926.0,53.6,53.8,53.2,53.2,-0.6,145.0
2024-09-05,1730,21778.0,1160002.0,53.3,53.5,53.1,53.1,-0.1,82.0
2024-09-06,1730,25474.0,1354601.0,53.1,53.4,53.0,53.2,0.1,56.0
2024-09-09,1730,17879.0,948957.0,53.1,53.3,53.0,53.0,-0.2,61.0
2024-09-10,1730,17251.0,915268.0,53.0,53.4,53.0,53.1,0.1,49.0
2024-09-11,1730,27993.0,1484778.0,53.1,53.1,53.0,53.0,-0.1,87.0
2024-09-12,1730,31031.0,1646393.0,53.1,53.2,53.0,53.0,0.0,53.0
2024-09-13,1730,8746.0,463947.0,53.0,53.0,53.0,53.0,0.0,54.0
2024-09-16,1730,41006.0,2173847.0,53.0,53.1,52.9,53.0,0.0,91.0
2024-09-18,1730,13486.0,715056.0,53.0,53.1,53.0,53.0,0.0,42.0
2024-09-19,1730,20151.0,1069601.0,53.0,53.3,52.9,53.3,0.3,36.0
2024-09-20,1730,23725.0,1260370.0,53.3,53.3,53.0,53.2,-0.1,66.0
2024-09-23,1730,25245.0,1344198.0,53.2,53.3,53.0,53.1,-0.1,47.0
2024-09-24,1730,6766.0,359365.0,53.1,53.2,53.0,53.1,0.0,24.0
2024-09-25,1730,26934.0,1430580.0,53.0,53.2,53.0,53.1,0.0,42.0
2024-09-26,1730,30071.0,1595073.0,53.2,53.2,53.0,53.0,-0.1,57.0
2024-09-27,1730,27987.0,1487921.0,53.1,53.3,53.0,53.2,0.2,53.0
2024-09-30,1730,28201.0,1506996.0,53.2,53.7,53.1,53.7,0.5,51.0
2024-10-01,1730,30643.0,1649965.0,53.7,54.3,53.7,54.3,0.6,97.0
2024-10-04,1730,56566.0,3030199.0,54.3,54.3,53.3,53.5,-0.8,181.0
2024-10-07,1730,23639.0,1264484.0,53.6,53.6,53.3,53.4,-0.1,59.0
2024-10-08,1730,22122.0,1177059.0,53.5,53.5,53.1,53.1,-0.3,44.0
2024-10-09,1730,14331.0,762714.0,53.9,53.9,53.1,53.1,0.0,21.0
2024-10-11,1730,25383.0,1347149.0,53.1,53.2,53.0,53.0,-0.1,49.0
2024-10-14,1730,20485.0,1086100.0,53.0,53.1,53.0,53.0,0.0,34.0
2024-10-15,1730,26110.0,1384648.0,53.0,53.1,53.0,53.0,0.0,72.0
2024-10-16,1730,15461.0,823398.0,53.4,53.4,53.0,53.0,0.0,34.0
2024-10-17,1730,18922.0,1004706.0,53.0,53.1,53.0,53.1,0.1,40.0
2024-10-18,1730,25046.0,1332099.0,53.2,53.3,53.1,53.1,0.0,42.0
2024-10-21,1730,42571.0,2257007.0,53.1,53.1,53.0,53.0,-0.1,47.0
2024-10-22,1730,16702.0,883819.0,53.0,53.0,52.9,52.9,-0.1,32.0
2024-10-23,1730,16306.0,863284.0,53.0,53.0,52.9,53.0,0.1,23.0
2024-10-24,1730,27205.0,1439177.0,52.9,53.0,52.8,52.8,-0.2,61.0
2024-10-25,1730,20570.0,1088620.0,52.8,53.0,52.8,53.0,0.2,28.0
2024-10-28,1730,8676.0,459742.0,53.0,53.0,52.9,53.0,0.0,27.0
2024-10-29,1730,41348.0,2186486.0,53.0,53.0,52.8,52.9,-0.1,40.0
2024-10-30,1730,11237.0,595571.0,53.0,53.0,53.0,53.0,0.1,15.0
2024-11-01,1730,17141.0,906893.0,53.0,53.0,52.6,53.0,0.0,22.0
2024-11-04,1730,31079.0,1640525.0,52.8,52.9,52.7,52.8,-0.2,71.0
2024-11-05,1730,26090.0,1386019.0,53.0,53.3,52.9,53.2,0.4,83.0
2024-11-06,1730,8335.0,443319.0,53.1,53.3,53.1,53.2,0.0,46.0
2024-11-07,1730,11492.0,610483.0,53.2,53.2,53.1,53.1,-0.1,194.0
2024-11-08,1730,15768.0,837939.0,53.1,53.2,53.1,53.2,0.1,29.0
2024-11-11,1730,29712.0,1579226.0,53.1,53.3,53.0,53.1,-0.1,42.0
2024-11-12,1730,31781.0,1681938.0,53.1,53.1,52.8,52.9,-0.2,62.0
2024-11-13,1730,18123.0,960656.0,52.9,53.2,52.9,52.9,0.0,46.0
2024-11-14,1730,17297.0,915114.0,52.9,52.9,52.9,52.9,0.0,23.0
2024-11-15,1730,32120.0,1710509.0,52.9,53.4,52.9,53.4,0.5,61.0
2024-11-18,1730,80323.0,4331488.0,53.5,54.1,53.5,54.0,0.6,122.0
2024-11-19,1730,45575.0,2470104.0,54.4,54.4,54.0,54.0,0.0,68.0
2024-11-20,1730,11292.0,609670.0,54.0,54.0,53.9,54.0,0.0,119.0
2024-11-21,1730,17181.0,923578.0,54.0,54.0,53.5,53.9,-0.1,29.0
2024-11-22,1730,7574.0,409824.0,54.1,54.3,54.0,54.0,0.1,58.0
2024-11-25,1730,51946.0,2797110.0,54.0,54.0,53.6,53.9,-0.1,95.0
2024-11-26,1730,8416.0,452095.0,53.8,53.8,53.7,53.7,-0.2,43.0
2024-11-27,1730,28980.0,1551533.0,53.6,53.7,53.5,53.5,-0.2,78.0
2024-11-28,1730,12579.0,672282.0,53.4,53.5,53.4,53.4,-0.1,104.0
2024-11-29,1730,15801.0,841647.0,53.2,53.3,53.1,53.3,-0.1,81.0
2024-12-02,1730,15862.0,852176.0,53.3,54.2,53.3,53.6,0.3,31.0
2024-12-03,1730,23261.0,1248835.0,53.6,53.8,53.6,53.8,0.2,32.0
2024-12-04,1730,26429.0,1418312.0,54.1,54.1,53.6,53.8,0.0,28.0
2024-12-05,1730,16602.0,890786.0,53.5,53.9,53.5,53.8,0.0,38.0
2024-12-06,1730,18449.0,985269.0,53.6,53.6,53.2,53.5,-0.3,31.0
2024-12-09,1730,50928.0,2748673.0,53.5,54.2,53.5,54.1,0.6,100.0
2024-12-10,1730,38803.0,2091048.0,53.6,54.2,53.6,53.8,-0.3,48.0
2024-12-11,1730,27572.0,1490388.0,54.1,54.1,53.9,54.0,0.2,45.0
2024-12-12,1730,9597.0,517528.0,54.0,54.1,53.8,53.8,-0.2,40.0
2024-12-13,1730,12772.0,686900.0,53.8,53.8,53.7,53.8,0.0,72.0
2024-12-16,1730,14602.0,784016.0,53.6,53.8,53.6,53.7,-0.1,73.0
2024-12-17,1730,10127.0,543905.0,53.6,53.8,53.6,53.6,-0.1,35.0
2024-12-18,1730,12029.0,644006.0,53.6,53.6,53.4,53.5,-0.1,39.0
2024-12-19,1730,16146.0,864330.0,53.6,53.6,53.5,53.5,0.0,19.0
2024-12-20,1730,13440.0,715194.0,53.5,53.5,53.1,53.1,-0.4,36.0
2024-12-23,1730,25235.0,1344483.0,53.3,53.4,53.1,53.3,0.2,44.0
2024-12-24,1730,13899.0,739674.0,53.3,53.3,53.2,53.3,0.0,35.0
2024-12-25,1730,8933.0,475877.0,53.2,53.4,53.2,53.4,0.1,31.0
2024-12-26,1730,195013.0,10761843.0,53.9,56.1,53.9,54.7,1.3,247.0
2024-12-27,1730,151598.0,8402618.0,55.6,56.4,54.2,54.2,-0.5,204.0
2024-12-30,1730,37279.0,2028120.0,54.1,54.7,54.0,54.6,0.4,53.0
2024-12-31,1730,20689.0,1118461.0,54.0,54.5,54.0,54.5,-0.1,37.0
2025-01-02,1730,27313.0,1484909.0,54.5,54.5,54.1,54.2,-0.3,49.0
2025-01-03,1730,24583.0,1337211.0,54.2,54.6,54.2,54.6,0.4,33.0
2025-01-06,1730,34558.0,1875079.0,54.7,54.7,54.0,54.4,-0.2,111.0
2025-01-07,1730,56431.0,3051583.0,54.1,54.2,54.0,54.0,-0.4,51.0
2025-01-08,1730,31350.0,1698587.0,54.4,54.7,53.9,53.9,-0.1,36.0
2025-01-09,1730,41897.0,2252876.0,53.6,54.2,53.5,53.7,-0.2,78.0
2025-01-10,1730,47543.0,2543972.0,54.0,54.0,53.4,53.5,-0.2,70.0
2025-01-13,1730,40295.0,2130596.0,52.7,53.1,52.7,52.9,-0.6,201.0
2025-01-14,1730,14663.0,775733.0,52.9,53.0,52.7,53.0,0.1,46.0
2025-01-15,1730,24137.0,1279206.0,53.0,53.2,52.9,52.9,-0.1,41.0
2025-01-16,1730,13784.0,732101.0,53.0,53.3,53.0,53.1,0.2,31.0
2025-01-17,1730,17286.0,916993.0,53.1,53.1,53.0,53.0,-0.1,82.0
2025-01-20,1730,14765.0,782174.0,53.1,53.1,52.8,52.9,-0.1,117.0
2025-01-21,1730,15340.0,814448.0,53.1,53.2,53.0,53.1,0.2,36.0
2025-01-22,1730,20118.0,1068867.0,53.0,53.3,53.0,53.2,0.1,39.0
2025-02-03,1730,17712.0,944059.0,53.4,53.4,53.2,53.2,0.0,46.0
2025-02-04,1730,10638.0,567023.0,53.2,53.4,53.2,53.4,0.2,38.0
2025-02-05,1730,15392.0,828994.0,54.0,54.0,53.5,53.5,0.1,119.0
2025-02-06,1730,20241.0,1082806.0,53.5,53.5,53.4,53.5,0.0,73.0
2025-02-07,1730,23962.0,1280672.0,53.5,53.5,53.3,53.3,-0.2,36.0
2025-02-10,1730,21857.0,1164105.0,53.1,53.5,53.1,53.3,0.0,60.0
2025-02-11,1730,82753.0,4469811.0,53.5,54.4,53.4,53.9,0.6,89.0
2025-02-12,1730,82376.0,4472361.0,54.0,54.6,54.0,54.3,0.4,118.0
2025-02-13,1730,37843.0,2061210.0,54.4,54.7,54.3,54.7,0.4,52.0
2025-02-14,1730,12592.0,683716.0,54.7,54.7,54.0,54.1,-0.6,145.0
2025-02-17,1730,28338.0,1542880.0,54.3,54.6,54.3,54.5,0.4,108.0
2025-02-18,1730,10578.0,574681.0,54.4,54.4,54.2,54.3,-0.2,56.0
2025-02-19,1730,97449.0,5343497.0,54.3,55.4,54.3,54.7,0.4,100.0
2025-02-20,1730,31819.0,1743857.0,54.8,55.0,54.7,54.9,0.2,84.0
2025-02-21,1730,40184.0,2212008.0,55.0,55.1,55.0,55.1,0.2,79.0
2025-02-24,1730,41002.0,2262094.0,55.1,55.5,55.0,55.0,-0.1,141.0
2025-02-25,1730,75942.0,4210415.0,55.5,56.0,55.3,55.4,0.4,103.0
2025-02-26,1730,48819.0,2726027.0,55.5,56.0,55.5,55.9,0.5,114.0
2025-02-27,1730,39091.0,2178062.0,55.8,55.9,55.5,55.7,-0.2,182.0
2025-03-03,1730,25426.0,1414719.0,55.7,56.0,55.4,55.6,-0.1,57.0
2025-03-04,1730,26210.0,1454715.0,55.6,55.6,55.3,55.5,-0.1,37.0
2025-03-05,1730,29545.0,1644235.0,55.6,55.7,55.5,55.6,0.1,41.0
2025-03-06,1730,34529.0,1909562.0,55.6,55.6,55.2,55.5,-0.1,42.0
2025-03-07,1730,34163.0,1897076.0,55.5,55.7,55.5,55.5,0.0,58.0
2025-03-10,1730,40304.0,2239759.0,55.6,55.6,55.4,55.4,-0.1,35.0
2025-03-11,1730,172314.0,9393428.0,55.2,55.2,54.2,54.3,-1.1,179.0
2025-03-12,1730,22505.0,1227836.0,54.3,54.9,54.3,54.7,0.4,64.0
2025-03-13,1730,13254.0,728942.0,54.8,55.8,54.7,54.7,0.0,33.0
2025-03-14,1730,34762.0,1921008.0,54.9,55.6,54.5,55.3,0.6,101.0
2025-03-17,1730,20466.0,1131666.0,54.6,55.5,54.5,55.4,0.1,34.0
2025-03-18,1730,11768.0,653154.0,55.4,55.7,55.4,55.5,0.1,36.0
2025-03-19,1730,7712.0,426432.0,55.5,55.5,55.1,55.1,-0.4,30.0
2025-03-20,1730,23802.0,1314067.0,54.7,55.5,54.7,55.0,-0.1,36.0
2025-03-21,1730,12435.0,685825.0,55.0,55.3,55.0,55.3,0.3,27.0
2025-03-24,1730,11233.0,618098.0,55.4,55.4,54.8,55.0,-0.3,55.0
2025-03-25,1730,12362.0,681143.0,55.0,55.4,55.0,55.4,0.4,40.0
2025-03-26,1730,27356.0,1517981.0,55.5,55.5,55.4,55.5,0.1,35.0
2025-03-27,1730,30231.0,1666589.0,55.5,55.5,55.0,55.0,-0.5,52.0
2025-03-28,1730,20803.0,1138657.0,54.8,55.0,54.5,55.0,0.0,103.0
2025-03-31,1730,54618.0,2991783.0,54.9,55.1,54.5,55.1,0.1,94.0
2025-04-01,1730,21601.0,1185193.0,55.0,55.0,54.8,54.8,-0.3,75.0
2025-04-02,1730,36705.0,2005744.0,54.9,54.9,54.5,54.5,-0.3,53.0
2025-04-07,1730,189711.0,9567739.0,50.1,51.2,49.5,50.5,-4.0,284.0
2025-04-08,1730,108048.0,5644384.0,51.0,53.7,50.9,52.1,1.6,228.0
2025-04-09,1730,119514.0,6093461.0,50.7,52.0,50.3,50.3,-1.8,248.0
2025-04-10,1730,55997.0,3000536.0,53.2,54.0,53.2,53.6,3.3,120.0
2025-04-11,1730,32836.0,1722750.0,53.5,53.5,52.0,52.8,-0.8,66.0
2025-04-14,1730,31287.0,1647415.0,53.2,53.2,52.4,52.7,-0.1,63.0
2025-04-15,1730,15395.0,818628.0,52.8,53.5,52.7,53.5,0.8,46.0
2025-04-16,1730,14259.0,759523.0,53.5,53.5,53.0,53.0,-0.5,30.0
2025-04-17,1730,16939.0,897770.0,53.0,53.1,52.9,52.9,-0.1,55.0
2025-04-18,1730,12961.0,685170.0,52.6,53.0,52.6,52.9,0.0,28.0
2025-04-21,1730,9290.0,490993.0,52.8,53.0,52.8,53.0,0.1,48.0
2025-04-22,1730,17960.0,943689.0,52.8,52.8,52.3,52.5,-0.5,99.0
2025-04-23,1730,16492.0,873062.0,53.4,53.4,52.6,52.7,0.2,71.0
2025-04-24,1730,16346.0,864743.0,52.8,53.0,52.8,53.0,0.3,38.0
2025-04-25,1730,25496.0,1356222.0,53.3,53.3,53.0,53.0,0.0,28.0
2025-04-28,1730,6459.0,342465.0,52.9,53.0,52.9,53.0,0.0,32.0
2025-04-29,1730,29684.0,1582031.0,53.0,53.6,53.0,53.3,0.3,36.0
2025-04-30,1730,21986.0,1189756.0,53.3,55.2,53.3,55.0,1.7,84.0
2025-05-02,1730,40136.0,2192292.0,55.0,55.0,53.6,54.4,-0.6,89.0
2025-05-05,1730,167634.0,9290804.0,55.6,56.0,54.7,55.7,1.3,221.0
2025-05-06,1730,145019.0,8240032.0,56.1,58.0,56.1,56.5,0.8,203.0
2025-05-07,1730,94432.0,5386506.0,56.6,57.5,56.5,57.0,0.5,174.0
2025-05-08,1730,76965.0,4413476.0,57.7,57.7,57.1,57.1,0.1,125.0
2025-05-09,1730,51662.0,2948500.0,57.1,57.5,56.8,57.0,-0.1,86.0
2025-05-12,1730,83261.0,4684259.0,57.0,57.0,55.8,56.1,-0.9,227.0
2025-05-13,1730,31053.0,1740038.0,56.1,56.3,55.9,56.3,0.2,69.0
2025-05-14,1730,49897.0,2812709.0,56.3,56.8,55.6,56.8,0.5,168.0
2025-05-15,1730,140545.0,8033925.0,56.8,57.5,56.8,57.0,0.2,199.0
2025-05-16,1730,101592.0,5821447.0,57.0,58.0,56.9,57.1,0.1,166.0
2025-05-19,1730,313043.0,18305013.0,57.9,59.9,57.3,57.4,0.3,956.0
2025-05-20,1730,47680.0,2742164.0,57.4,57.7,57.3,57.4,0.0,80.0
2025-05-21,1730,20677.0,1186863.0,57.4,57.7,57.0,57.5,0.1,67.0
2025-05-22,1730,10606.0,604972.0,56.9,57.3,56.9,57.3,-0.2,72.0
2025-05-23,1730,32870.0,1873494.0,57.0,57.3,56.8,57.3,0.0,88.0
2025-05-26,1730,38713.0,2210685.0,57.3,57.3,56.8,57.2,-0.1,140.0
2025-05-27,1730,56029.0,3204651.0,57.2,57.3,57.1,57.2,0.0,53.0
2025-05-28,1730,75454.0,4321694.0,57.3,57.5,56.6,57.3,0.1,79.0
2025-05-29,1730,49721.0,2857937.0,57.8,57.8,57.3,57.4,0.1,47.0
2025-06-02,1730,37436.0,2145994.0,57.4,57.5,57.1,57.1,-0.3,45.0
2025-06-03,1730,27210.0,1544511.0,57.0,57.0,56.7,56.7,-0.4,49.0
2025-06-04,1730,12177.0,690405.0,56.7,56.9,56.6,56.7,0.0,53.0
2025-06-05,1730,17933.0,1017892.0,56.7,56.9,56.7,56.7,0.0,70.0
2025-06-06,1730,37596.0,2130998.0,56.6,56.9,56.6,56.7,0.0,145.0
2025-06-09,1730,35919.0,2045644.0,56.8,57.1,56.7,57.1,0.4,76.0
2025-06-10,1730,53605.0,3058960.0,57.1,57.4,56.8,57.0,-0.1,70.0
2025-06-11,1730,66771.0,3776531.0,57.0,57.0,56.2,56.2,-0.8,208.0
2025-06-12,1730,69173.0,3878955.0,56.2,56.4,55.9,56.0,-0.2,78.0
2025-06-13,1730,40051.0,2238336.0,55.8,56.4,55.8,55.9,-0.1,207.0
2025-06-16,1730,51497.0,2855072.0,55.5,55.9,55.2,55.8,-0.1,1022.0
2025-06-17,1730,46372.0,2588972.0,55.8,56.0,55.6,56.0,0.2,54.0
2025-06-18,1730,24824.0,1394955.0,56.0,56.4,56.0,56.2,0.2,48.0
2025-06-19,1730,29261.0,1639011.0,56.0,56.4,55.8,55.8,-0.4,201.0
2025-06-20,1730,59840.0,3300599.0,55.6,55.7,55.0,55.0,-0.8,266.0
2025-06-23,1730,43689.0,2396790.0,54.8,55.2,54.5,54.6,-0.4,159.0
2025-06-24,1730,21053.0,1156109.0,54.1,55.4,54.1,55.3,0.7,44.0
2025-06-25,1730,43254.0,2386253.0,55.0,55.3,55.0,55.1,-0.2,123.0
2025-06-26,1730,22088.0,1232777.0,55.6,56.0,55.5,56.0,0.9,108.0
2025-06-27,1730,24300.0,1352314.0,55.5,56.0,55.4,55.8,-0.2,81.0
2025-06-30,1730,49242.0,2771512.0,55.9,56.4,55.9,56.3,0.5,123.0
2025-07-01,1730,79535.0,4488262.0,56.3,56.9,55.9,56.6,0.3,217.0
2025-07-02,1730,137845.0,7833236.0,56.3,57.0,56.3,56.8,0.2,144.0
2025-07-03,1730,99276.0,5371924.0,53.8,54.5,53.8,54.2,0.0,129.0
2025-07-04,1730,29734.0,1607691.0,54.2,54.3,54.0,54.0,-0.2,209.0
2025-07-07,1730,26169.0,1418862.0,54.5,54.5,53.9,53.9,-0.1,70.0
2025-07-08,1730,23566.0,1268711.0,53.9,53.9,53.5,53.7,-0.2,33.0
2025-07-09,1730,20469.0,1097782.0,53.7,53.7,53.6,53.6,-0.1,29.0
2025-07-10,1730,10329.0,552685.0,53.6,53.6,53.3,53.4,-0.2,31.0
2025-07-11,1730,25995.0,1387661.0,53.3,53.4,53.3,53.4,0.0,46.0
2025-07-14,1730,21908.0,1175411.0,53.4,54.1,53.4,54.1,0.7,34.0
2025-07-15,1730,33396.0,1790126.0,53.8,53.9,53.4,53.9,-0.2,41.0
2025-07-16,1730,56139.0,3015977.0,53.7,54.1,53.5,54.1,0.2,77.0
2025-07-17,1730,30337.0,1631240.0,54.0,54.0,53.6,53.6,-0.5,48.0
2025-07-18,1730,36576.0,1978440.0,53.6,54.4,53.5,54.2,0.6,68.0
2025-07-21,1730,14381.0,773995.0,54.0,54.1,53.7,53.8,-0.4,24.0
2025-07-22,1730,37839.0,2021650.0,53.8,53.8,53.3,53.4,-0.4,52.0
2025-07-23,1730,12137.0,649616.0,53.7,53.7,53.4,53.5,0.1,19.0
2025-07-24,1730,31436.0,1691045.0,53.8,54.0,53.6,53.6,0.1,68.0
2025-07-25,1730,24403.0,1316734.0,54.0,54.0,53.9,53.9,0.3,27.0
2025-07-28,1730,25227.0,1360491.0,54.0,54.0,53.9,53.9,0.0,50.0
2025-07-29,1730,9601.0,517478.0,53.9,53.9,53.9,53.9,0.0,46.0
2025-07-30,1730,10792.0,580049.0,53.8,53.8,53.5,53.7,-0.2,108.0
2025-07-31,1730,15723.0,845345.0,53.7,53.8,53.6,53.7,0.0,53.0
2025-08-01,1730,25263.0,1354690.0,53.7,53.7,53.5,53.6,-0.1,47.0
2025-08-04,1730,139439.0,7621520.0,56.3,56.3,54.1,54.6,1.0,107.0
2025-08-05,1730,116846.0,6375597.0,55.4,55.4,54.0,54.4,-0.2,103.0
2025-08-06,1730,30096.0,1640842.0,54.7,54.8,54.4,54.4,0.0,43.0
2025-08-07,1730,13372.0,727802.0,54.4,54.5,54.4,54.4,0.0,28.0
2025-08-08,1730,44760.0,2435264.0,54.4,54.5,54.3,54.4,0.0,94.0
2025-08-11,1730,36422.0,1960387.0,54.2,54.3,53.6,53.9,-0.5,68.0
2025-08-12,1730,35331.0,1899321.0,53.7,53.9,53.6,53.6,-0.3,57.0
2025-08-13,1730,45681.0,2454479.0,54.2,54.2,53.5,53.6,0.0,55.0
2025-08-14,1730,93996.0,5019056.0,53.6,53.7,53.2,53.2,-0.4,164.0
2025-08-15,1730,112939.0,5983553.0,53.0,53.2,52.8,52.9,-0.3,197.0
2025-08-18,1730,49686.0,2623320.0,53.0,53.0,52.6,52.7,-0.2,97.0
2025-08-19,1730,38748.0,2042194.0,53.1,53.1,52.6,52.7,0.0,78.0
2025-08-20,1730,29932.0,1575353.0,52.6,52.7,52.6,52.6,-0.1,80.0
2025-08-21,1730,21012.0,1109329.0,52.9,52.9,52.7,52.7,0.1,40.0
2025-08-22,1730,49072.0,2578033.0,52.7,52.7,52.4,52.4,-0.3,107.0
2025-08-25,1730,26328.0,1386738.0,52.9,53.0,52.5,52.5,0.1,32.0
2025-08-26,1730,27300.0,1434169.0,52.5,52.6,52.5,52.5,0.0,35.0
2025-08-27,1730,12414.0,652668.0,52.4,52.7,52.4,52.5,0.0,26.0
2025-08-28,1730,27094.0,1425182.0,52.5,52.7,52.5,52.6,0.1,46.0
2025-08-29,1730,30944.0,1627494.0,52.6,52.7,52.5,52.6,0.0,59.0
2025-09-01,1730,37334.0,1956743.0,52.6,52.6,52.3,52.4,-0.2,75.0
2025-09-02,1730,16646.0,875142.0,52.4,52.6,52.4,52.6,0.2,51.0
2025-09-03,1730,16109.0,846030.0,52.5,52.6,52.4,52.6,0.0,15.0
2025-09-04,1730,30809.0,1618559.0,52.6,52.6,52.5,52.5,-0.1,49.0
2025-09-05,1730,22126.0,1166006.0,52.7,52.8,52.6,52.7,0.2,46.0
2025-09-08,1730,32299.0,1702933.0,52.8,52.8,52.6,52.7,0.0,42.0
2025-09-09,1730,25233.0,1331651.0,52.7,52.9,52.6,52.8,0.1,37.0
2025-09-10,1730,34321.0,1809459.0,52.8,52.8,52.7,52.7,-0.1,61.0
2025-09-11,1730,37774.0,1984646.0,52.7,52.7,52.4,52.5,-0.2,53.0
2025-09-12,1730,41363.0,2168895.0,52.6,52.6,52.4,52.5,0.0,45.0
2025-09-15,1730,58210.0,3039836.0,52.1,52.4,52.1,52.3,-0.2,105.0
2025-09-16,1730,26663.0,1394722.0,52.3,52.4,52.2,52.2,-0.1,36.0
2025-09-17,1730,30573.0,1598581.0,52.2,52.5,52.1,52.1,-0.1,69.0
2025-09-18,1730,58517.0,3049475.0,52.1,52.4,52.0,52.1,0.0,74.0
2025-09-19,1730,6192.0,324129.0,52.3,52.4,52.3,52.4,0.3,34.0
2025-09-22,1730,17662.0,924821.0,52.4,52.4,52.3,52.4,0.0,45.0
2025-09-23,1730,31123.0,1623399.0,52.1,52.3,52.1,52.1,-0.3,61.0
2025-09-24,1730,37539.0,1957643.0,52.1,52.3,52.1,52.3,0.2,48.0
2025-09-25,1730,8303.0,434671.0,52.3,52.4,52.3,52.4,0.1,27.0
2025-09-26,1730,16330.0,852632.0,52.3,52.3,52.1,52.3,-0.1,22.0
2025-09-30,1730,5659.0,295947.0,52.1,52.3,52.1,52.3,0.0,22.0
2025-10-01,1730,23699.0,1238107.0,52.2,52.4,52.2,52.2,-0.1,63.0
2025-10-02,1730,15326.0,799880.0,52.2,52.2,52.1,52.2,0.0,22.0
2025-10-03,1730,35236.0,1837341.0,52.2,52.2,52.1,52.2,0.0,31.0
2025-10-07,1730,36649.0,1917953.0,52.2,52.4,52.2,52.3,0.1,48.0
2025-10-08,1730,28962.0,1515387.0,52.3,52.4,52.2,52.2,-0.1,48.0
2025-10-09,1730,49380.0,2586979.0,52.4,52.5,52.2,52.4,0.2,60.0
2025-10-13,1730,26891.0,1403903.0,52.3,52.4,52.1,52.4,0.0,58.0
2025-10-14,1730,25851.0,1354004.0,52.4,52.4,52.3,52.3,-0.1,45.0
2025-10-15,1730,19278.0,1007320.0,52.3,52.3,52.2,52.2,-0.1,61.0
2025-10-16,1730,19424.0,1017160.0,52.4,52.5,52.3,52.3,0.1,23.0
2025-10-17,1730,15665.0,819277.0,52.3,52.3,52.3,52.3,0.0,31.0
2025-10-20,1730,40045.0,2093525.0,52.3,52.3,52.2,52.2,-0.1,42.0
2025-10-21,1730,29175.0,1525142.0,52.5,52.5,52.2,52.2,0.0,41.0
2025-10-22,1730,27742.0,1457652.0,52.3,52.7,52.3,52.7,0.5,37.0
2025-10-23,1730,15930.0,836466.0,52.7,52.7,52.4,52.7,0.0,28.0
2025-10-27,1730,23301.0,1221487.0,52.6,52.6,52.3,52.3,-0.4,45.0
2025-10-28,1730,32982.0,1725609.0,52.4,52.4,52.3,52.3,0.0,38.0
2025-10-29,1730,49736.0,2597745.0,52.4,52.4,52.1,52.2,-0.1,61.0
2025-10-30,1730,23973.0,1252719.0,52.2,52.4,52.1,52.2,0.0,35.0
2025-10-31,1730,29933.0,1563513.0,52.2,52.4,52.1,52.2,0.0,43.0
2025-11-03,1730,49067.0,2555831.0,52.2,52.2,52.0,52.0,-0.2,53.0
2025-11-04,1730,22689.0,1182262.0,52.1,52.2,52.0,52.1,0.1,33.0
2025-11-05,1730,92943.0,4892400.0,52.5,52.8,52.3,52.8,0.7,124.0
2025-11-06,1730,33295.0,1769008.0,53.1,53.2,53.0,53.2,0.4,92.0
2025-11-07,1730,58289.0,3092378.0,53.2,53.2,52.7,52.7,-0.5,168.0
2025-11-10,1730,11071.0,584491.0,52.5,53.0,52.5,52.8,0.1,46.0
2025-11-11,1730,46723.0,2482269.0,53.2,53.3,52.8,53.0,0.2,60.0
2025-11-12,1730,38659.0,2054474.0,53.3,53.3,53.0,53.1,0.1,64.0
2025-11-13,1730,10723.0,569755.0,53.0,53.2,53.0,53.1,0.0,30.0
2025-11-14,1730,33021.0,1747578.0,53.0,53.0,52.7,52.7,-0.4,67.0
2025-11-17,1730,60963.0,3195808.0,52.7,52.8,52.0,52.0,-0.7,82.0
2025-11-18,1730,38127.0,1994122.0,52.1,52.4,52.1,52.3,0.3,57.0
2025-11-19,1730,17190.0,898307.0,52.3,52.4,52.2,52.4,0.1,52.0
2025-11-20,1730,17340.0,911571.0,52.4,52.7,52.4,52.7,0.3,63.0
2025-11-21,1730,40744.0,2130158.0,52.3,52.4,52.2,52.4,-0.3,92.0
2025-11-24,1730,24134.0,1266362.0,52.5,52.6,52.3,52.6,0.2,31.0
2025-11-25,1730,44433.0,2350282.0,52.4,53.3,52.4,52.8,0.2,58.0
2025-11-26,1730,49240.0,2606608.0,52.8,53.4,52.8,53.1,0.3,43.0
2025-11-27,1730,65243.0,3452036.0,53.1,53.4,52.6,52.8,-0.3,77.0
2025-11-28,1730,23474.0,1241424.0,52.8,53.0,52.8,52.8,0.0,32.0
2025-12-01,1730,33587.0,1772119.0,52.7,53.0,52.6,52.7,-0.1,56.0
2025-12-02,1730,29926.0,1588269.0,52.8,53.3,52.8,53.0,0.3,36.0
2025-12-03,1730,19431.0,1033577.0,53.0,53.3,53.0,53.1,0.1,47.0
2025-12-04,1730,39783.0,2107378.0,53.2,53.3,52.8,53.2,0.1,109.0
2025-12-05,1730,33454.0,1784804.0,53.3,53.4,53.3,53.3,0.1,60.0
2025-12-08,1730,11554.0,612706.0,53.0,53.1,53.0,53.1,-0.2,40.0
2025-12-09,1730,17701.0,941999.0,53.1,53.3,53.1,53.2,0.1,61.0
2025-12-10,1730,9498.0,505325.0,53.2,53.3,53.1,53.1,-0.1,18.0
2025-12-11,1730,7658.0,407591.0,53.1,53.4,53.1,53.1,0.0,30.0
2025-12-12,1730,22168.0,1179085.0,53.1,53.4,53.1,53.4,0.3,50.0
2025-12-15,1730,28179.0,1505593.0,53.6,53.6,53.2,53.2,-0.2,62.0
2025-12-16,1730,33396.0,1770299.0,53.2,53.2,52.9,52.9,-0.3,25.0
2025-12-17,1730,25307.0,1341389.0,52.9,53.3,52.8,52.9,0.0,37.0
2025-12-18,1730,11575.0,612077.0,52.9,52.9,52.8,52.8,-0.1,57.0
2025-12-19,1730,17192.0,910042.0,53.0,53.0,52.8,53.0,0.2,47.0
2025-12-22,1730,29546.0,1567320.0,53.2,53.2,53.0,53.0,0.0,61.0
2025-12-23,1730,18701.0,988775.0,53.0,53.1,52.8,52.9,-0.1,88.0
2025-12-24,1730,18357.0,970983.0,52.9,52.9,52.8,52.9,0.0,30.0
2025-12-26,1730,20401.0,1082395.0,53.0,53.2,52.9,53.0,0.1,60.0
2025-12-29,1730,54047.0,2860011.0,52.9,53.0,52.8,52.9,-0.1,111.0
2025-12-30,1730,21769.0,1151416.0,52.8,53.0,52.8,52.9,0.0,33.0
2025-12-31,1730,33585.0,1777278.0,52.8,53.0,52.8,52.8,-0.1,54.0
2026-01-02,1730,25320.0,1332509.0,52.7,52.8,52.4,52.8,0.0,114.0
2026-01-05,1730,37185.0,1960921.0,52.8,52.8,52.6,52.7,-0.1,124.0
2026-01-06,1730,36573.0,1922747.0,52.5,52.7,52.5,52.6,-0.1,78.0
2026-01-07,1730,29077.0,1531570.0,52.6,53.0,52.6,52.8,0.2,61.0
2026-01-08,1730,35135.0,1849252.0,52.7,52.7,52.6,52.6,-0.2,87.0
2026-01-09,1730,27123.0,1429564.0,52.8,53.1,52.5,52.5,-0.1,49.0
2026-01-12,1730,19586.0,1029823.0,52.9,52.9,52.5,52.5,0.0,137.0
2026-01-13,1730,46229.0,2424869.0,52.4,52.5,52.4,52.4,-0.1,68.0
2026-01-14,1730,22509.0,1182459.0,52.5,52.6,52.4,52.5,0.1,58.0
2026-01-15,1730,34759.0,1829594.0,52.8,52.8,52.5,52.8,0.3,41.0
2026-01-16,1730,29708.0,1563179.0,52.8,52.8,52.5,52.7,-0.1,52.0
2026-01-19,1730,28910.0,1523152.0,52.7,52.8,52.6,52.7,0.0,51.0
2026-01-20,1730,64368.0,3379990.0,52.6,52.6,52.4,52.4,-0.3,91.0
2026-01-21,1730,44382.0,2323344.0,52.3,52.4,52.3,52.4,0.0,105.0
2026-01-22,1730,51819.0,2711969.0,52.5,52.5,52.2,52.4,0.0,73.0
2026-01-23,1730,43305.0,2265617.0,52.5,52.5,52.3,52.3,-0.1,54.0
2026-01-26,1730,58431.0,3056567.0,52.3,52.4,52.3,52.3,0.0,68.0
2026-01-27,1730,121245.0,6446191.0,52.3,53.4,52.3,53.3,1.0,152.0
2026-01-28,1730,76620.0,4053201.0,52.6,53.3,52.5,53.2,-0.1,155.0
2026-01-29,1730,35353.0,1866414.0,52.8,53.0,52.7,53.0,-0.2,111.0
2026-01-30,1730,26805.0,1415967.0,53.0,53.0,52.7,53.0,0.0,40.0
2026-02-02,1730,101448.0,5452169.0,53.7,55.0,53.0,53.1,0.1,151.0
2026-02-03,1730,27943.0,1482026.0,53.1,53.2,53.0,53.1,0.0,50.0
2026-02-04,1730,29585.0,1570463.0,53.1,53.2,53.0,53.0,-0.1,68.0
2026-02-05,1730,45027.0,2392325.0,53.0,53.3,53.0,53.1,0.1,87.0
2026-02-06,1730,44396.0,2357269.0,53.0,53.2,53.0,53.1,0.0,46.0
2026-02-09,1730,41500.0,2204698.0,53.1,53.3,53.0,53.1,0.0,51.0
2026-02-10,1730,45203.0,2400430.0,53.1,53.2,53.0,53.1,0.0,49.0
2026-02-11,1730,119074.0,6316512.0,53.1,53.2,53.0,53.2,0.1,90.0
2026-02-23,1730,102208.0,5432528.0,53.1,53.5,53.0,53.4,0.2,112.0
2026-02-24,1730,97022.0,5200568.0,53.4,54.0,53.4,53.5,0.1,105.0
2026-02-25,1730,125934.0,6722443.0,53.5,53.6,53.1,53.5,0.0,156.0
2026-02-26,1730,65249.0,3493381.0,53.9,53.9,53.3,53.6,0.1,96.0
2026-03-02,1730,103633.0,5532851.0,53.6,53.6,53.3,53.5,-0.1,114.0
2026-03-03,1730,42012.0,2246763.0,53.5,53.6,53.4,53.4,-0.1,58.0
2026-03-04,1730,74848.0,3973978.0,53.3,53.4,53.0,53.2,-0.2,102.0
2026-03-05,1730,26495.0,1412843.0,53.2,53.5,53.2,53.3,0.1,41.0
2026-03-06,1730,16510.0,880443.0,53.3,53.4,53.2,53.3,0.0,29.0
2026-03-09,1730,94724.0,4997677.0,53.0,53.2,52.3,53.1,-0.2,140.0
2026-03-10,1730,47193.0,2501138.0,52.6,53.2,52.6,53.2,0.1,63.0
2026-03-11,1730,35425.0,1890491.0,53.0,53.6,53.0,53.5,0.3,51.0
2026-03-12,1730,45029.0,2404149.0,53.1,53.6,53.1,53.4,-0.1,73.0
2026-03-13,1730,93445.0,4954214.0,53.5,53.5,52.7,53.0,-0.4,105.0
2026-03-16,1730,42132.0,2232176.0,53.0,53.2,52.8,53.0,0.0,82.0
2026-03-17,1730,44115.0,2335407.0,53.0,53.2,52.8,52.9,-0.1,45.0
2026-03-18,1730,46189.0,2463885.0,53.2,53.5,53.0,53.0,0.1,47.0
2026-03-19,1730,19523.0,1033615.0,53.2,53.2,52.8,52.8,-0.2,48.0
2026-03-20,1730,17197.0,909887.0,53.0,53.0,52.8,52.8,0.0,22.0
2026-03-23,1730,43617.0,2295660.0,52.8,52.9,52.5,52.5,-0.3,42.0
2026-03-24,1730,17827.0,940059.0,52.7,52.8,52.7,52.7,0.2,30.0
2026-03-25,1730,9614.0,508340.0,52.9,53.0,52.7,52.8,0.1,21.0
2026-03-26,1730,23660.0,1250259.0,52.9,53.0,52.7,52.7,-0.1,27.0
2026-03-27,1730,21610.0,1140924.0,52.9,52.9,52.6,52.6,-0.1,46.0
2026-03-30,1730,37399.0,1972130.0,52.6,53.4,52.6,53.4,0.8,47.0
2026-03-31,1730,17312.0,918076.0,53.3,53.3,52.8,52.8,-0.6,47.0
2026-04-01,1730,21201.0,1123253.0,53.0,53.0,52.8,53.0,0.2,27.0
2026-04-02,1730,10338.0,547134.0,53.0,53.0,52.8,52.8,-0.2,26.0
2026-04-07,1730,26010.0,1372540.0,52.8,52.9,52.7,52.8,0.0,61.0
2026-04-08,1730,23488.0,1250123.0,52.8,53.4,52.8,53.2,0.4,33.0
2026-04-09,1730,9820.0,521150.0,53.2,53.2,53.0,53.0,-0.2,53.0
2026-04-10,1730,31434.0,1666579.0,53.0,53.1,53.0,53.0,0.0,49.0
2026-04-13,1730,38098.0,2007464.0,52.6,52.9,52.6,52.6,-0.4,69.0
2026-04-14,1730,24295.0,1279503.0,52.5,52.8,52.5,52.6,0.0,68.0
2026-04-15,1730,47940.0,2523927.0,52.6,52.8,52.5,52.8,0.2,66.0
2026-04-16,1730,31175.0,1642573.0,52.6,52.8,52.5,52.8,0.0,63.0
2026-04-17,1730,23572.0,1242857.0,52.6,52.8,52.6,52.8,0.0,41.0
2026-04-20,1730,81772.0,4305547.0,52.8,52.8,52.5,52.8,0.0,79.0
2026-04-21,1730,22405.0,1183465.0,52.8,52.9,52.7,52.7,-0.1,69.0
2026-04-22,1730,41012.0,2157958.0,52.7,52.7,52.5,52.6,-0.1,62.0
2026-04-23,1730,57708.0,3034318.0,52.5,52.7,52.5,52.6,0.0,95.0
2026-04-24,1730,38266.0,2009999.0,52.5,52.6,52.5,52.5,-0.1,65.0
2026-04-27,1730,36464.0,1914180.0,52.5,52.6,52.4,52.5,0.0,51.0
2026-04-28,1730,28501.0,1496393.0,52.5,52.6,52.4,52.5,0.0,60.0
2026-04-29,1730,37309.0,1955831.0,52.4,52.5,52.4,52.5,0.0,38.0
2026-04-30,1730,28525.0,1495802.0,52.4,52.5,52.4,52.5,0.0,44.0
2026-05-04,1730,34504.0,1812237.0,52.5,52.6,52.4,52.4,-0.1,62.0
2026-05-05,1730,35649.0,1868869.0,52.4,52.5,52.3,52.5,0.1,63.0
2026-05-06,1730,77050.0,4080744.0,53.8,53.8,52.5,52.9,0.4,92.0
2026-05-07,1730,71537.0,3782107.0,52.9,53.0,52.7,52.9,0.0,81.0
2026-05-08,1730,26906.0,1422647.0,53.0,53.0,52.8,52.8,-0.1,49.0
2026-05-11,1730,71310.0,3763132.0,52.8,52.9,52.6,52.7,-0.1,91.0
2026-05-12,1730,56475.0,2991908.0,52.7,53.3,52.5,52.9,0.2,64.0
2026-05-13,1730,23948.0,1265644.0,52.9,53.0,52.7,52.8,-0.1,38.0
2026-05-14,1730,43888.0,2321752.0,52.9,53.1,52.8,52.8,0.0,53.0
2026-05-15,1730,36499.0,1922045.0,52.7,52.8,52.5,52.6,-0.2,84.0
2026-05-18,1730,27227.0,1436792.0,52.6,53.2,52.6,52.7,0.1,46.0
2026-05-19,1730,40282.0,2132982.0,53.2,53.2,52.6,52.9,0.2,50.0
2026-05-20,1730,28872.0,1526844.0,52.8,53.0,52.8,52.9,0.0,48.0
2026-05-21,1730,40835.0,2164775.0,53.1,53.3,52.9,52.9,0.0,115.0
2026-05-22,1730,96844.0,5099426.0,52.9,52.9,52.5,52.5,-0.4,102.0
2026-05-25,1730,64827.0,3406621.0,52.8,52.8,52.5,52.7,0.2,83.0
2026-05-26,1730,36460.0,1917000.0,52.5,52.7,52.5,52.5,-0.2,50.0
2026-05-27,1730,50581.0,2655280.0,52.5,52.7,52.4,52.4,-0.1,83.0
2026-05-28,1730,42883.0,2249264.0,52.4,52.6,52.4,52.4,0.0,61.0
2026-05-29,1730,31232.0,1640741.0,52.4,52.7,52.4,52.5,0.1,71.0
2026-06-01,1730,66755.0,3497945.0,52.4,52.5,52.3,52.5,0.0,102.0
2026-06-02,1730,70651.0,3702554.0,52.5,52.6,52.3,52.6,0.1,124.0
2026-06-03,1730,72353.0,3798073.0,52.6,52.7,52.3,52.6,0.0,112.0
2026-06-04,1730,113440.0,5999204.0,53.0,53.2,52.6,53.2,0.6,114.0
2026-06-05,1730,59537.0,3147329.0,53.0,53.0,52.8,52.8,-0.4,58.0
2026-06-08,1730,67990.0,3565066.0,52.5,52.8,52.3,52.5,-0.3,82.0
2026-06-09,1730,102572.0,5427247.0,52.8,53.2,52.5,52.9,0.4,96.0
2026-06-10,1730,67006.0,3543400.0,53.3,53.3,52.6,52.6,-0.3,99.0
2026-06-11,1730,50224.0,2650555.0,53.0,53.0,52.7,52.7,0.1,38.0
2026-06-12,1730,32044.0,1694638.0,52.8,53.2,52.7,52.8,0.1,46.0
2026-06-15,1730,40442.0,2145378.0,53.0,53.2,53.0,53.1,0.3,44.0
2026-06-16,1730,32545.0,1726413.0,53.1,53.1,53.0,53.0,-0.1,47.0
2026-06-17,1730,44457.0,2361558.0,53.2,53.2,53.0,53.0,0.0,57.0
2026-06-18,1730,57609.0,3059917.0,53.0,53.2,53.0,53.0,0.0,64.0
2026-06-22,1730,85805.0,4571910.0,53.7,53.7,53.0,53.3,0.3,91.0
2026-06-23,1730,174627.0,9377376.0,53.3,54.0,53.2,53.5,0.2,142.0
2026-06-24,1730,74899.0,4013725.0,53.5,53.8,53.5,53.6,0.1,66.0
2026-06-25,1730,74118.0,3972974.0,53.1,53.7,53.1,53.7,0.1,79.0
2026-06-26,1730,152230.0,8193730.0,53.5,54.0,53.5,53.6,-0.1,222.0
2026-06-29,1730,66001.0,3543838.0,53.6,53.9,53.6,53.8,0.2,82.0
2026-06-30,1730,64687.0,3472943.0,53.8,53.9,53.5,53.5,-0.3,87.0
2026-07-01,1730,112660.0,6035389.0,53.5,53.9,53.5,53.6,0.1,126.0
2026-07-02,1730,326233.0,17470198.0,53.7,53.8,53.3,53.3,-0.3,280.0
2026-07-03,1730,314563.0,16002507.0,50.3,51.4,50.3,51.2,0.0,385.0
2026-07-06,1730,143841.0,7369941.0,51.0,51.8,51.0,51.2,0.0,190.0
2026-07-07,1730,63834.0,3273469.0,51.3,51.5,51.1,51.2,0.0,111.0
2026-07-08,1730,70154.0,3594851.0,51.2,51.4,51.0,51.3,0.1,85.0
2026-07-09,1730,110337.0,5627546.0,51.0,51.4,50.5,51.3,0.0,123.0
2026-07-13,1730,92501.0,4759592.0,51.3,52.0,51.3,51.5,0.2,70.0
2026-07-14,1730,88080.0,4509905.0,51.5,51.5,50.9,51.1,-0.4,102.0
2026-07-15,1730,36189.0,1850587.0,51.1,51.4,51.0,51.1,0.0,57.0
2026-07-16,1730,25291.0,1301825.0,51.4,51.6,51.2,51.6,0.5,54.0
2026-07-17,1730,32199.0,1656598.0,51.7,51.7,51.2,51.4,-0.2,64.0
2026-07-20,1730,40190.0,2066774.0,51.6,51.6,51.1,51.4,0.0,44.0
2026-07-21,1730,30552.0,1564887.0,51.4,51.4,51.2,51.2,-0.2,40.0
2026-07-22,1730,14623.0,751582.0,51.2,51.6,51.2,51.4,0.2,38.0
2026-07-23,1730,39507.0,2030797.0,51.4,51.7,51.3,51.3,-0.1,60.0
2026-07-24,1730,13365.0,685965.0,51.3,51.5,51.2,51.5,0.2,27.0
2026-07-27,1730,35231.0,1818457.0,51.9,51.9,51.5,51.6,0.1,41.0
2026-07-28,1730,46915.0,2401718.0,51.6,51.6,51.0,51.1,-0.5,82.0
2026-07-29,1730,99634.0,5074065.0,51.5,51.5,50.6,51.0,-0.1,122.0
2026-07-30,1730,36335.0,1852419.0,51.3,51.3,50.7,51.0,0.0,36.0
2026-07-31,1730,29151.0,1494742.0,51.0,51.4,51.0,51.2,0.2,63.0
2026-08-03,1730,18772.0,964228.0,51.0,51.7,51.0,51.3,0.1,46.0
2026-08-04,1730,33899.0,1735019.0,51.0,51.5,50.7,51.2,-0.1,80.0
2026-08-05,1730,36665.0,1885503.0,51.5,51.6,51.2,51.2,0.0,85.0
2026-08-06,1730,55556.0,2855091.0,51.4,51.5,51.2,51.4,0.2,53.0
2026-08-07,1730,17346.0,892772.0,51.4,51.5,51.3,51.4,0.0,43.0
2026-08-10,1730,44926.0,2309260.0,51.2,51.5,51.2,51.4,0.0,55.0
2026-08-11,1730,27971.0,1442714.0,51.7,51.8,51.4,51.4,0.0,46.0
2026-08-12,1730,42009.0,2164862.0,51.4,51.7,51.4,51.6,0.2,66.0
2026-08-13,1730,17468.0,900467.0,51.5,51.7,51.5,51.5,-0.1,27.0
2026-08-14,1730,20603.0,1060691.0,51.5,51.6,51.4,51.4,-0.1,36.0
2026-08-17,1730,25916.0,1331704.0,51.4,51.5,51.3,51.3,-0.1,39.0
2026-08-18,1730,20290.0,1043488.0,51.1,51.6,51.1,51.3,0.0,30.0
2026-08-19,1730,42145.0,2170693.0,51.8,51.8,51.3,51.4,0.1,45.0
2026-08-20,1730,28343.0,1459633.0,51.3,51.7,51.3,51.7,0.3,22.0
2026-08-21,1730,34958.0,1799551.0,51.7,51.7,51.2,51.2,-0.5,52.0
2026-08-24,1730,23071.0,1184213.0,51.3,51.7,51.2,51.3,0.1,62.0
2026-08-25,1730,117652.0,6112784.0,51.3,52.5,51.3,51.9,0.6,129.0
2026-08-26,1730,69587.0,3599106.0,52.0,52.0,51.5,51.7,-0.2,114.0
2026-08-27,1730,88012.0,4565204.0,52.0,52.3,51.3,51.9,0.2,93.0
2026-08-28,1730,7067.0,365970.0,51.9,51.9,51.5,51.7,-0.2,26.0
2026-08-31,1730,41789.0,2155931.0,51.7,51.7,51.5,51.5,-0.2,182.0
2026-09-01,1730,39540.0,2028543.0,52.0,52.0,50.9,51.4,-0.1,53.0
2026-09-02,1730,15608.0,801250.0,51.3,51.5,51.2,51.5,0.1,31.0
2026-09-03,1730,25802.0,1330675.0,51.6,51.8,51.5,51.5,0.0,43.0
2026-09-04,1730,12078.0,622423.0,51.7,51.7,51.4,51.5,0.0,35.0
2026-09-07,1730,22822.0,1176976.0,51.5,51.9,51.4,51.8,0.3,45.0
2026-09-08,1730,23710.0,1219454.0,51.6,51.6,51.3,51.3,-0.5,93.0
2026-09-09,1730,21914.0,1125484.0,51.3,51.5,51.3,51.4,0.1,43.0
