date,stock_id,Trading_Volume,Trading_money,open,max,min,close,spread,Trading_turnover
2016-01-04,1742,91000.0,1014650.0,11.0,11.3,10.9,11.25,0.1,46.0
2016-01-05,1742,40000.0,439300.0,11.05,11.25,10.9,11.0,-0.25,22.0
2016-01-06,1742,97000.0,1072900.0,10.9,11.3,10.9,11.15,0.15,55.0
2016-01-07,1742,268000.0,2959000.0,11.15,11.4,10.7,11.15,0.0,111.0
2016-01-08,1742,207000.0,2315350.0,11.15,11.3,11.0,11.05,-0.1,67.0
2016-01-11,1742,23240.0,257273.0,11.2,11.2,11.0,11.15,0.1,36.0
2016-01-12,1742,54471.0,606463.0,11.3,11.35,11.0,11.15,0.0,47.0
2016-01-13,1742,153400.0,1682158.0,11.2,11.2,10.8,10.95,-0.2,45.0
2016-01-14,1742,197001.0,2127561.0,10.65,11.0,10.65,10.9,-0.05,18.0
2016-01-15,1742,84400.0,911938.0,10.95,11.0,10.55,10.65,-0.25,34.0
2016-01-18,1742,50895.0,543151.0,10.4,10.95,10.25,10.95,0.3,21.0
2016-01-19,1742,38004.0,413894.0,11.25,11.25,10.7,11.0,0.05,24.0
2016-01-20,1742,21001.0,225560.0,10.8,10.8,10.7,10.75,-0.25,14.0
2016-01-21,1742,47000.0,503200.0,10.6,10.75,10.6,10.75,0.0,21.0
2016-01-22,1742,26016.0,278210.0,10.95,10.95,10.55,10.6,-0.15,29.0
2016-01-25,1742,35504.0,383039.0,11.25,11.25,10.6,10.65,0.05,33.0
2016-01-26,1742,35183.0,370905.0,10.65,10.65,10.45,10.6,-0.05,24.0
2016-01-27,1742,33000.0,346300.0,10.9,10.9,10.4,10.4,-0.2,22.0
2016-01-28,1742,40000.0,420100.0,10.45,10.6,10.4,10.55,0.15,16.0
2016-01-29,1742,69857.0,740227.0,10.2,10.7,10.2,10.55,0.0,67.0
2016-01-30,1742,128721.0,1413653.0,10.5,11.5,10.5,11.0,0.45,57.0
2016-02-01,1742,23008.0,247588.0,10.8,10.95,10.7,10.95,-0.05,22.0
2016-02-02,1742,20002.0,216670.0,10.7,10.95,10.7,10.9,-0.05,9.0
2016-02-03,1742,42084.0,450501.0,10.85,10.85,10.6,10.6,-0.3,27.0
2016-02-15,1742,30039.0,315040.0,10.4,10.9,10.4,10.4,-0.2,56.0
2016-02-16,1742,99001.0,1039611.0,10.6,10.6,10.4,10.5,0.1,50.0
2016-02-17,1742,99000.0,1029550.0,10.4,10.75,10.3,10.5,0.0,50.0
2016-02-18,1742,32000.0,334350.0,10.55,10.6,10.2,10.4,-0.1,23.0
2016-02-19,1742,204065.0,2062893.0,10.4,10.5,9.92,10.05,-0.35,125.0
2016-02-22,1742,344098.0,3367050.0,10.05,10.15,9.5,9.65,-0.4,137.0
2016-02-23,1742,120000.0,1178260.0,9.7,10.05,9.68,9.86,0.21,67.0
2016-02-24,1742,53052.0,512244.0,9.96,9.96,9.53,9.63,-0.23,42.0
2016-02-25,1742,106002.0,1020458.0,9.78,9.78,9.59,9.59,-0.04,47.0
2016-02-26,1742,75128.0,732540.0,9.65,9.85,9.55,9.81,0.22,36.0
2016-03-01,1742,3150011.0,31411369.0,9.82,10.3,9.82,9.97,0.16,85.0
2016-03-02,1742,1884308.0,20610772.0,10.6,10.95,10.6,10.95,0.98,339.0
2016-03-03,1742,880000.0,10560000.0,12.0,12.0,12.0,12.0,1.05,170.0
2016-03-04,1742,3215303.0,39711536.0,13.15,13.15,11.7,12.1,0.1,1099.0
2016-03-07,1742,717182.0,8683058.0,12.3,12.3,11.95,12.25,0.15,336.0
2016-03-08,1742,1578318.0,20448126.0,12.25,13.3,12.25,13.0,0.75,664.0
2016-03-09,1742,800200.0,10481127.0,13.0,13.45,12.6,13.0,0.0,326.0
2016-03-10,1742,522860.0,6826340.0,13.0,13.35,12.8,13.0,0.0,211.0
2016-03-11,1742,643652.0,8103427.0,12.8,13.05,12.25,12.45,-0.55,257.0
2016-03-14,1742,760501.0,9763154.0,12.45,13.2,12.45,12.7,0.25,276.0
2016-03-15,1742,378488.0,4680201.0,12.7,12.7,12.1,12.2,-0.5,161.0
2016-03-16,1742,199006.0,2411072.0,12.35,12.45,11.9,12.05,-0.15,118.0
2016-03-17,1742,208560.0,2511497.0,12.1,12.45,11.75,11.75,-0.3,117.0
2016-03-18,1742,268740.0,3146654.0,11.8,12.1,11.5,11.8,0.05,126.0
2016-03-21,1742,234017.0,2711337.0,11.65,11.9,11.5,11.65,-0.15,112.0
2016-03-22,1742,467006.0,5458516.0,11.75,12.4,11.4,11.6,-0.05,205.0
2016-03-23,1742,377483.0,4429845.0,11.65,12.05,11.5,11.75,0.15,187.0
2016-03-24,1742,194012.0,2226435.0,11.75,11.75,11.3,11.35,-0.4,95.0
2016-03-25,1742,89688.0,1025772.0,11.35,11.6,11.35,11.35,0.0,54.0
2016-03-28,1742,107240.0,1209534.0,11.4,11.45,11.1,11.25,-0.1,74.0
2016-03-29,1742,992618.0,11256526.0,11.0,12.25,10.8,12.0,0.75,295.0
2016-03-30,1742,343009.0,4023052.0,12.1,12.2,11.45,11.45,-0.55,165.0
2016-03-31,1742,664560.0,7635781.0,11.65,11.85,11.15,11.45,0.0,198.0
2016-04-01,1742,169009.0,1927149.0,11.2,11.5,11.2,11.45,0.0,68.0
2016-04-06,1742,471372.0,5256908.0,11.35,11.6,11.05,11.05,-0.4,87.0
2016-04-07,1742,109279.0,1233746.0,11.35,11.5,11.2,11.35,0.3,69.0
2016-04-08,1742,322019.0,3545109.0,11.5,11.5,10.7,11.05,-0.3,147.0
2016-04-11,1742,571035.0,6274885.0,11.1,11.55,10.85,10.9,-0.15,190.0
2016-04-12,1742,270014.0,2940404.0,11.0,11.3,10.75,10.95,0.05,75.0
2016-04-13,1742,253024.0,2748190.0,10.85,10.95,10.8,10.85,-0.1,89.0
2016-04-14,1742,133377.0,1434831.0,10.95,10.95,10.6,10.75,-0.1,61.0
2016-04-15,1742,90345.0,973057.0,10.7,10.95,10.6,10.95,0.2,50.0
2016-04-18,1742,173030.0,1837850.0,11.0,11.0,10.5,10.65,-0.3,83.0
2016-04-19,1742,109082.0,1157988.0,10.65,10.7,10.5,10.65,0.0,98.0
2016-04-20,1742,103203.0,1099627.0,10.8,10.8,10.5,10.7,0.05,73.0
2016-04-21,1742,109800.0,1135914.0,10.35,10.65,10.25,10.65,-0.05,47.0
2016-04-22,1742,67003.0,705080.0,10.35,10.65,10.35,10.5,-0.15,41.0
2016-04-25,1742,47198.0,489527.0,10.35,10.6,10.25,10.6,0.1,35.0
2016-04-26,1742,78300.0,811600.0,10.6,10.6,10.3,10.55,-0.05,32.0
2016-04-27,1742,44046.0,455932.0,10.5,10.5,10.3,10.35,-0.2,27.0
2016-04-28,1742,147250.0,1491625.0,10.35,10.35,10.0,10.3,-0.05,62.0
2016-04-29,1742,57280.0,580985.0,9.89,10.3,9.89,10.3,0.0,35.0
2016-05-03,1742,83002.0,844270.0,10.0,10.25,10.0,10.25,-0.05,31.0
2016-05-04,1742,76200.0,779570.0,10.25,10.65,10.1,10.1,-0.15,44.0
2016-05-05,1742,22002.0,226120.0,10.3,10.3,10.2,10.3,0.2,16.0
2016-05-06,1742,35000.0,359000.0,10.45,10.45,10.1,10.35,0.05,23.0
2016-05-09,1742,58000.0,590600.0,10.35,10.35,10.05,10.25,-0.1,30.0
2016-05-10,1742,121005.0,1206711.0,10.05,10.3,9.51,10.3,0.05,50.0
2016-05-11,1742,99360.0,978717.0,10.15,10.15,9.52,9.9,-0.4,73.0
2016-05-12,1742,139018.0,1327911.0,9.7,9.7,9.44,9.44,-0.46,75.0
2016-05-13,1742,388341.0,3331173.0,8.52,9.29,8.5,9.27,-0.17,156.0
2016-05-16,1742,151527.0,1279211.0,8.61,8.74,8.36,8.37,-0.9,85.0
2016-05-17,1742,120000.0,1029930.0,8.09,8.88,8.09,8.8,0.43,45.0
2016-05-18,1742,54008.0,467099.0,8.6,8.86,8.42,8.79,-0.01,33.0
2016-05-19,1742,3001.0,26378.0,8.79,8.79,8.79,8.79,0.0,4.0
2016-05-20,1742,44280.0,374763.0,8.3,8.89,8.3,8.89,0.1,18.0
2016-05-23,1742,89003.0,772814.0,8.5,8.88,8.5,8.64,-0.25,37.0
2016-05-24,1742,116400.0,988298.0,8.61,8.64,8.36,8.36,-0.28,59.0
2016-05-25,1742,49280.0,417977.0,8.45,8.59,8.37,8.5,0.14,39.0
2016-05-26,1742,35374.0,302887.0,8.51,8.78,8.51,8.55,0.05,27.0
2016-05-27,1742,62280.0,533156.0,8.56,8.64,8.55,8.64,0.09,28.0
2016-05-30,1742,21080.0,181314.0,8.6,8.61,8.6,8.61,-0.03,18.0
2016-05-31,1742,62120.0,544086.0,8.48,9.0,8.48,9.0,0.39,36.0
2016-06-01,1742,85880.0,777107.0,9.0,9.14,9.0,9.13,0.13,33.0
2016-06-02,1742,83000.0,740280.0,9.0,9.15,8.69,9.15,0.02,24.0
2016-06-03,1742,33018.0,302932.0,9.3,9.3,9.15,9.15,0.0,25.0
2016-06-04,1742,14101.0,130757.0,9.34,9.34,9.25,9.25,0.1,18.0
2016-06-06,1742,31004.0,284476.0,9.15,9.38,9.15,9.15,-0.1,21.0
2016-06-07,1742,30120.0,274503.0,9.15,9.25,9.0,9.25,0.1,14.0
2016-06-08,1742,18001.0,163829.0,9.05,9.3,9.0,9.3,0.05,11.0
2016-06-13,1742,27122.0,244887.0,9.19,9.19,9.0,9.09,-0.21,20.0
2016-06-14,1742,60000.0,526910.0,9.05,9.05,8.58,8.98,-0.11,28.0
2016-06-15,1742,45111.0,398503.0,8.68,9.04,8.68,8.96,-0.02,22.0
2016-06-16,1742,36003.0,314214.0,8.75,8.88,8.7,8.88,-0.08,24.0
2016-06-17,1742,19279.0,169339.0,8.71,8.98,8.71,8.98,0.1,17.0
2016-06-20,1742,95000.0,858840.0,8.97,9.3,8.8,9.12,0.14,13.0
2016-06-21,1742,42169.0,385939.0,9.3,9.3,9.13,9.26,0.14,16.0
2016-06-22,1742,336560.0,3285974.0,9.35,10.15,9.26,10.15,0.89,112.0
2016-06-23,1742,283708.0,3130190.0,10.7,11.15,10.7,11.15,1.0,105.0
2016-06-24,1742,1480886.0,17734875.0,12.25,12.25,11.2,11.2,0.05,439.0
2016-06-27,1742,235960.0,2649851.0,11.0,11.45,11.0,11.25,0.05,98.0
2016-06-28,1742,345008.0,4101541.0,11.2,12.3,11.2,11.8,0.55,143.0
2016-06-29,1742,137300.0,1625773.0,11.85,12.1,11.45,11.8,0.0,70.0
2016-06-30,1742,267720.0,3212790.0,12.1,12.1,11.8,12.1,0.3,108.0
2016-07-01,1742,207280.0,2480760.0,12.2,12.2,11.8,12.1,0.0,80.0
2016-07-04,1742,181913.0,2194896.0,12.4,12.4,11.9,12.15,0.05,59.0
2016-07-05,1742,122638.0,1467389.0,12.15,12.15,11.9,11.95,-0.2,46.0
2016-07-06,1742,152593.0,1771895.0,11.9,12.0,11.3,11.9,-0.05,71.0
2016-07-07,1742,240240.0,2829980.0,11.8,12.2,11.55,12.1,0.2,76.0
2016-07-11,1742,141205.0,1596495.0,12.2,12.2,10.95,11.5,-0.6,49.0
2016-07-12,1742,282978.0,3045017.0,11.3,11.3,10.45,10.55,-0.95,95.0
2016-07-13,1742,195500.0,2164698.0,10.65,11.6,10.6,11.55,1.0,81.0
2016-07-14,1742,200581.0,2259641.0,11.5,11.5,11.0,11.35,-0.2,75.0
2016-07-15,1742,99862.0,1141912.0,11.05,11.6,11.05,11.6,0.25,41.0
2016-07-18,1742,293100.0,3261145.0,11.2,11.35,10.9,11.35,-0.25,60.0
2016-07-19,1742,188012.0,2095832.0,11.05,11.35,11.0,11.1,-0.25,37.0
2016-07-20,1742,99002.0,1090422.0,11.0,11.15,10.85,11.15,0.05,48.0
2016-07-21,1742,392002.0,4349822.0,10.95,11.4,10.9,11.3,0.15,73.0
2016-07-22,1742,111844.0,1249552.0,11.3,11.3,11.1,11.3,0.0,32.0
2016-07-25,1742,93003.0,1039383.0,11.6,11.6,11.0,11.2,-0.1,29.0
2016-07-26,1742,80280.0,905063.0,11.2,11.4,11.15,11.35,0.15,35.0
2016-07-27,1742,60012.0,674832.0,11.3,11.3,11.2,11.2,-0.15,26.0
2016-07-28,1742,150005.0,1691755.0,11.35,11.4,11.15,11.2,0.0,42.0
2016-07-29,1742,19174.0,214730.0,11.2,11.2,11.2,11.2,0.0,15.0
2016-08-01,1742,30280.0,342012.0,11.1,11.35,11.1,11.35,0.15,14.0
2016-08-02,1742,388910.0,4646340.0,11.4,12.35,11.4,12.35,1.0,146.0
2016-08-03,1742,189009.0,2269958.0,11.85,12.25,11.85,12.1,-0.25,71.0
2016-08-04,1742,120009.0,1442758.0,12.2,12.2,11.8,11.9,-0.2,56.0
2016-08-05,1742,14001.0,168211.0,12.1,12.1,11.9,11.95,0.05,10.0
2016-08-08,1742,47015.0,560080.0,11.9,12.0,11.8,11.9,-0.05,26.0
2016-08-09,1742,81007.0,975984.0,12.15,12.2,11.9,12.0,0.1,52.0
2016-08-10,1742,136080.0,1605337.0,12.0,12.0,11.6,11.9,-0.1,50.0
2016-08-11,1742,19505.0,228105.0,11.9,11.9,11.65,11.7,-0.2,19.0
2016-08-12,1742,49015.0,574372.0,11.7,11.85,11.7,11.7,0.0,19.0
2016-08-15,1742,57018.0,666354.0,11.65,11.9,11.65,11.65,-0.05,34.0
2016-08-16,1742,58280.0,680239.0,11.8,11.8,11.6,11.65,0.0,39.0
2016-08-17,1742,41008.0,475038.0,11.5,11.75,11.5,11.5,-0.15,25.0
2016-08-18,1742,55150.0,638624.0,11.6,11.8,11.5,11.55,0.05,30.0
2016-08-19,1742,22007.0,253177.0,11.4,11.55,11.4,11.4,-0.15,23.0
2016-08-22,1742,20026.0,225486.0,11.4,11.4,11.2,11.2,-0.2,34.0
2016-08-23,1742,88468.0,978548.0,11.25,11.25,10.95,11.05,-0.15,43.0
2016-08-24,1742,95802.0,1044374.0,11.0,11.1,10.8,10.8,-0.25,41.0
2016-08-25,1742,46382.0,512552.0,11.0,11.1,11.0,11.05,0.25,32.0
2016-08-26,1742,70017.0,784287.0,11.15,11.55,11.05,11.5,0.45,38.0
2016-08-29,1742,100055.0,1157405.0,11.65,11.8,11.4,11.5,0.0,110.0
2016-08-30,1742,188079.0,2222822.0,11.75,12.35,11.7,11.85,0.35,142.0
2016-08-31,1742,99545.0,1170331.0,12.0,12.0,11.6,11.8,-0.05,110.0
2016-09-01,1742,82400.0,962988.0,11.65,11.8,11.65,11.7,-0.1,31.0
2016-09-02,1742,934073.0,11793885.0,11.65,12.85,11.65,12.85,1.15,279.0
2016-09-05,1742,1201851.0,16565595.0,13.0,14.1,13.0,14.1,1.25,429.0
2016-09-06,1742,1045853.0,14758292.0,14.1,14.65,13.55,14.1,0.0,415.0
2016-09-07,1742,572474.0,8003143.0,14.7,14.7,13.5,13.65,-0.45,224.0
2016-09-08,1742,780135.0,9999957.0,13.65,13.65,12.4,12.7,-0.95,334.0
2016-09-09,1742,233320.0,2883020.0,12.5,12.9,12.0,12.65,-0.05,148.0
2016-09-10,1742,174154.0,2212975.0,12.25,12.9,12.2,12.75,0.1,106.0
2016-09-12,1742,541710.0,7226602.0,12.95,14.0,12.6,13.7,0.95,232.0
2016-09-13,1742,330000.0,4429000.0,13.1,13.9,13.0,13.9,0.2,147.0
2016-09-14,1742,2324612.0,34812939.0,13.8,15.25,13.8,15.25,1.35,671.0
2016-09-19,1742,4819034.0,69756203.0,15.7,16.0,13.75,13.75,-1.5,1184.0
2016-09-20,1742,797323.0,10956311.0,13.3,14.05,13.15,13.7,-0.05,591.0
2016-09-21,1742,786262.0,10655430.0,13.5,14.0,13.1,13.2,-0.5,373.0
2016-09-22,1742,1445960.0,20559920.0,13.25,14.5,13.25,14.5,1.3,476.0
2016-09-23,1742,740367.0,10603392.0,14.5,14.65,14.0,14.1,-0.4,526.0
2016-09-26,1742,605208.0,8436944.0,13.9,14.4,13.75,13.75,-0.35,273.0
2016-09-29,1742,1848583.0,24782663.0,13.85,14.0,13.35,13.35,-0.4,307.0
2016-09-30,1742,1107435.0,14800559.0,13.75,13.8,13.05,13.6,0.25,294.0
2016-10-03,1742,1080039.0,13967333.0,13.4,13.45,12.4,12.55,-1.05,409.0
2016-10-04,1742,510025.0,6331000.0,12.8,12.8,12.3,12.3,-0.25,212.0
2016-10-05,1742,188452.0,2303462.0,12.3,12.3,12.1,12.25,-0.05,98.0
2016-10-06,1742,348511.0,4389061.0,12.3,12.85,12.3,12.55,0.3,156.0
2016-10-07,1742,388306.0,4707651.0,12.3,12.4,12.0,12.0,-0.55,170.0
2016-10-11,1742,456000.0,5261000.0,12.1,12.15,11.25,11.3,-0.7,166.0
2016-10-12,1742,157004.0,1786748.0,11.2,11.75,11.05,11.7,0.4,84.0
2016-10-13,1742,53000.0,615000.0,11.45,11.7,11.45,11.6,-0.1,22.0
2016-10-14,1742,104000.0,1193750.0,11.65,11.65,11.4,11.5,-0.1,49.0
2016-10-17,1742,95000.0,1116300.0,11.9,11.95,11.6,11.8,0.3,49.0
2016-10-18,1742,170000.0,2046600.0,11.7,12.3,11.7,12.2,0.4,83.0
2016-10-19,1742,86000.0,1055600.0,12.1,12.4,12.1,12.2,0.0,48.0
2016-10-20,1742,59000.0,713400.0,11.95,12.2,11.95,12.1,-0.1,32.0
2016-10-21,1742,41036.0,499338.0,12.15,12.2,12.15,12.15,0.05,40.0
2016-10-24,1742,50500.0,609821.0,12.15,12.25,12.0,12.0,-0.15,65.0
2016-10-25,1742,69400.0,836450.0,11.95,12.2,11.9,12.1,0.1,58.0
2016-10-26,1742,35018.0,426916.0,12.2,12.3,12.1,12.1,0.0,28.0
2016-10-27,1742,39003.0,473986.0,12.1,12.2,12.1,12.2,0.1,22.0
2016-10-28,1742,370007.0,4840037.0,13.0,13.35,12.8,12.9,0.7,224.0
2016-10-31,1742,106597.0,1365837.0,12.85,13.0,12.5,12.8,-0.1,61.0
2016-11-01,1742,114010.0,1432471.0,12.95,12.95,12.4,12.45,-0.35,79.0
2016-11-02,1742,91010.0,1147520.0,12.45,12.85,12.45,12.5,0.05,59.0
2016-11-03,1742,93000.0,1132000.0,12.4,12.45,12.1,12.2,-0.3,29.0
2016-11-04,1742,21400.0,262421.0,12.5,12.5,12.1,12.25,0.05,56.0
2016-11-07,1742,67006.0,809572.0,12.25,12.25,12.0,12.05,-0.2,34.0
2016-11-08,1742,55960.0,678770.0,12.3,12.3,12.1,12.1,0.05,16.0
2016-11-09,1742,128006.0,1523166.0,12.1,12.2,11.7,11.7,-0.4,64.0
2016-11-10,1742,40020.0,474982.0,11.8,12.0,11.8,11.85,0.15,23.0
2016-11-11,1742,44520.0,528878.0,11.85,12.0,11.8,11.8,-0.05,25.0
2016-11-14,1742,116079.0,1371601.0,11.8,11.95,11.7,11.85,0.05,46.0
2016-11-15,1742,125006.0,1484169.0,11.8,12.0,11.65,11.9,0.05,50.0
2016-11-16,1742,90020.0,1074636.0,12.0,12.1,11.9,11.9,0.0,40.0
2016-11-17,1742,103004.0,1205994.0,11.8,11.8,11.6,11.6,-0.3,54.0
2016-11-18,1742,96092.0,1093144.0,11.6,11.6,11.3,11.35,-0.25,54.0
2016-11-21,1742,103009.0,1160249.0,11.35,11.4,11.1,11.15,-0.2,55.0
2016-11-22,1742,235016.0,2871895.0,11.9,12.25,11.85,12.25,1.1,102.0
2016-11-23,1742,217646.0,2630981.0,12.2,12.35,11.9,11.95,-0.3,121.0
2016-11-24,1742,97517.0,1158023.0,11.9,12.3,11.8,11.8,-0.15,56.0
2016-11-25,1742,98277.0,1148559.0,11.9,11.9,11.6,11.6,-0.2,54.0
2016-11-28,1742,124000.0,1419250.0,11.5,11.6,11.3,11.35,-0.25,54.0
2016-11-29,1742,103280.0,1180553.0,11.4,11.65,11.4,11.45,0.1,57.0
2016-11-30,1742,170000.0,1910950.0,11.45,11.45,11.1,11.3,-0.15,90.0
2016-12-01,1742,119160.0,1352224.0,11.45,11.5,11.25,11.25,-0.05,47.0
2016-12-02,1742,71592.0,803208.0,11.3,11.3,11.2,11.2,-0.05,36.0
2016-12-05,1742,44000.0,502850.0,11.3,11.55,11.3,11.4,0.2,25.0
2016-12-06,1742,84006.0,947166.0,11.45,11.45,11.2,11.2,-0.2,37.0
2016-12-07,1742,42000.0,476550.0,11.3,11.5,11.25,11.4,0.2,25.0
2016-12-08,1742,72000.0,817050.0,11.4,11.45,11.3,11.35,-0.05,24.0
2016-12-09,1742,20282.0,230700.0,11.45,11.45,11.3,11.35,0.0,16.0
2016-12-12,1742,58000.0,653700.0,11.35,11.35,11.25,11.25,-0.1,31.0
2016-12-13,1742,89830.0,1003110.0,11.2,11.25,11.1,11.2,-0.05,54.0
2016-12-14,1742,43004.0,483994.0,11.2,11.45,11.2,11.25,0.05,30.0
2016-12-15,1742,24000.0,270550.0,11.2,11.3,11.2,11.3,0.05,8.0
2016-12-16,1742,42013.0,469393.0,11.3,11.3,11.1,11.1,-0.2,34.0
2016-12-19,1742,65017.0,717138.0,11.1,11.2,11.0,11.1,0.0,48.0
2016-12-20,1742,141023.0,1619865.0,11.0,11.7,11.0,11.5,0.4,83.0
2016-12-21,1742,49320.0,562716.0,11.5,11.5,11.35,11.35,-0.15,30.0
2016-12-22,1742,69385.0,793311.0,11.25,11.55,11.25,11.25,-0.1,49.0
2016-12-23,1742,38006.0,433917.0,11.4,11.6,11.3,11.3,0.05,25.0
2016-12-26,1742,6013.0,67993.0,11.3,11.4,11.25,11.25,-0.05,15.0
2016-12-27,1742,26114.0,291776.0,11.2,11.3,11.1,11.1,-0.15,20.0
2016-12-28,1742,90008.0,997938.0,11.05,11.2,11.0,11.2,0.1,49.0
2016-12-29,1742,29003.0,321983.0,11.1,11.2,11.05,11.1,-0.1,17.0
2016-12-30,1742,61123.0,681023.0,11.1,11.25,11.1,11.1,0.0,47.0
2017-01-03,1742,82035.0,904538.0,11.1,11.1,11.0,11.0,-0.1,42.0
2017-01-04,1742,41000.0,455600.0,11.0,11.2,11.0,11.2,0.2,17.0
2017-01-05,1742,80050.0,889959.0,11.0,11.3,11.0,11.15,-0.05,59.0
2017-01-06,1742,88000.0,974200.0,11.15,11.15,11.0,11.15,0.0,34.0
2017-01-09,1742,81003.0,891586.0,11.0,11.1,10.95,10.95,-0.2,30.0
2017-01-10,1742,96019.0,1052159.0,10.85,11.15,10.85,11.0,0.05,66.0
2017-01-11,1742,75004.0,823248.0,10.9,11.2,10.85,11.0,0.0,31.0
2017-01-12,1742,77004.0,851198.0,11.0,11.15,11.0,11.0,0.0,38.0
2017-01-13,1742,70840.0,791771.0,11.1,11.3,11.0,11.15,0.15,60.0
2017-01-16,1742,123018.0,1362598.0,11.25,11.25,11.0,11.0,-0.15,54.0
2017-01-17,1742,74400.0,820456.0,11.0,11.1,11.0,11.0,0.0,28.0
2017-01-18,1742,219034.0,2520640.0,11.0,12.0,11.0,11.4,0.4,126.0
2017-01-19,1742,238005.0,2680105.0,11.1,11.4,11.1,11.2,-0.2,87.0
2017-01-20,1742,82280.0,939233.0,11.35,11.55,11.3,11.3,0.1,53.0
2017-01-23,1742,110015.0,1252517.0,11.3,11.6,11.25,11.55,0.25,60.0
2017-01-24,1742,439004.0,5201698.0,11.85,12.15,11.6,11.9,0.35,184.0
2017-02-02,1742,1251421.0,16029043.0,12.1,13.05,12.1,13.05,1.15,403.0
2017-02-03,1742,1121420.0,14496191.0,13.0,13.6,12.55,12.6,-0.45,365.0
2017-02-06,1742,167352.0,2125724.0,12.95,13.0,12.6,12.65,0.05,98.0
2017-02-07,1742,200022.0,2463714.0,12.6,12.6,12.05,12.2,-0.45,119.0
2017-02-08,1742,98012.0,1191494.0,12.3,12.35,12.1,12.15,-0.05,66.0
2017-02-09,1742,189041.0,2262910.0,12.2,12.2,11.85,11.95,-0.2,126.0
2017-02-10,1742,117059.0,1421258.0,11.95,12.7,11.95,12.05,0.1,119.0
2017-02-13,1742,99321.0,1208102.0,12.55,12.55,12.05,12.05,0.0,125.0
2017-02-14,1742,104239.0,1259368.0,12.25,12.25,12.0,12.1,0.05,146.0
2017-02-15,1742,158258.0,1905366.0,12.1,12.2,11.95,11.95,-0.15,128.0
2017-02-16,1742,160100.0,1907694.0,11.95,12.0,11.85,11.9,-0.05,116.0
2017-02-17,1742,64017.0,765737.0,11.9,12.05,11.9,12.0,0.1,43.0
2017-02-18,1742,135037.0,1628747.0,12.0,12.2,11.95,12.1,0.1,93.0
2017-02-20,1742,1576033.0,17653496.0,12.0,12.7,11.9,12.5,0.4,139.0
2017-02-21,1742,529096.0,6765048.0,12.55,13.2,12.3,12.75,0.25,273.0
2017-02-22,1742,761600.0,9895417.0,12.5,13.2,12.45,13.0,0.25,262.0
2017-02-23,1742,278023.0,3571879.0,12.95,13.0,12.65,12.7,-0.3,115.0
2017-02-24,1742,177048.0,2273632.0,12.8,12.95,12.7,12.8,0.1,111.0
2017-03-01,1742,1316087.0,15530444.0,12.8,12.8,12.2,12.3,-0.5,191.0
2017-03-02,1742,705222.0,8289312.0,11.9,11.9,11.35,11.6,-0.7,406.0
2017-03-03,1742,286980.0,3289262.0,11.5,11.6,11.35,11.6,0.0,143.0
2017-03-06,1742,167662.0,1919629.0,11.6,11.6,11.4,11.5,-0.1,114.0
2017-03-07,1742,149302.0,1697867.0,11.5,11.5,11.3,11.4,-0.1,79.0
2017-03-08,1742,673018.0,7504548.0,11.4,11.4,11.0,11.3,-0.1,255.0
2017-03-09,1742,130023.0,1466503.0,11.3,11.35,11.2,11.25,-0.05,77.0
2017-03-10,1742,440320.0,5121601.0,11.3,12.0,11.2,11.7,0.45,195.0
2017-03-13,1742,809095.0,9862250.0,11.65,12.5,11.65,12.45,0.75,370.0
2017-03-14,1742,500200.0,6261532.0,12.5,12.75,12.2,12.25,-0.2,213.0
2017-03-15,1742,48028.0,585586.0,12.2,12.35,12.15,12.2,-0.05,51.0
2017-03-16,1742,616280.0,7312808.0,12.2,12.2,12.1,12.2,0.0,87.0
2017-03-17,1742,72961.0,887066.0,12.5,12.5,12.1,12.25,0.05,69.0
2017-03-20,1742,182047.0,2231714.0,12.3,12.5,12.1,12.1,-0.15,107.0
2017-03-21,1742,140388.0,1673464.0,12.1,12.15,11.75,11.85,-0.25,85.0
2017-03-22,1742,68235.0,803603.0,11.75,11.8,11.75,11.8,-0.05,58.0
2017-03-23,1742,855017.0,10019454.0,11.75,12.85,11.7,12.25,0.45,156.0
2017-03-24,1742,77620.0,949499.0,12.25,12.4,12.0,12.2,-0.05,62.0
2017-03-27,1742,143151.0,1705332.0,12.15,12.25,11.8,11.85,-0.35,96.0
2017-03-28,1742,118400.0,1397907.0,11.85,11.9,11.7,11.85,0.0,55.0
2017-03-29,1742,48112.0,564367.0,11.8,11.85,11.7,11.85,0.0,33.0
2017-03-30,1742,133026.0,1560890.0,11.95,11.95,11.7,11.7,-0.15,72.0
2017-03-31,1742,122006.0,1412766.0,11.6,11.7,11.55,11.7,0.0,69.0
2017-04-05,1742,47028.0,553208.0,11.6,11.85,11.6,11.75,0.05,55.0
2017-04-06,1742,61560.0,725886.0,11.7,11.9,11.65,11.8,0.05,60.0
2017-04-07,1742,114005.0,1334955.0,11.7,11.9,11.6,11.75,-0.05,53.0
2017-04-10,1742,54855.0,638737.0,11.65,11.8,11.6,11.8,0.05,54.0
2017-04-11,1742,73014.0,853505.0,11.65,11.8,11.6,11.65,-0.15,45.0
2017-04-12,1742,50100.0,584709.0,11.6,11.75,11.6,11.65,0.0,110.0
2017-04-13,1742,61303.0,714183.0,11.65,11.7,11.6,11.7,0.05,332.0
2017-04-14,1742,55319.0,645634.0,11.7,11.9,11.6,11.6,-0.1,100.0
2017-04-17,1742,153148.0,1730178.0,11.6,11.6,11.2,11.3,-0.3,210.0
2017-04-18,1742,104077.0,1163447.0,11.3,11.3,11.05,11.2,-0.1,126.0
2017-04-19,1742,173060.0,1908360.0,11.05,11.2,11.0,11.1,-0.1,117.0
2017-04-20,1742,43024.0,485814.0,11.3,11.3,11.2,11.2,0.1,27.0
2017-04-21,1742,70027.0,792697.0,11.0,11.4,11.0,11.3,0.1,60.0
2017-04-24,1742,38018.0,426698.0,11.1,11.25,11.1,11.2,-0.1,31.0
2017-04-25,1742,199004.0,2258644.0,11.15,11.7,11.15,11.2,0.0,58.0
2017-04-26,1742,122027.0,1355097.0,11.2,11.2,11.05,11.15,-0.05,70.0
2017-04-27,1742,51023.0,562703.0,11.05,11.1,11.0,11.0,-0.15,47.0
2017-04-28,1742,162014.0,1787554.0,11.0,11.3,11.0,11.05,0.05,64.0
2017-05-02,1742,59013.0,650443.0,11.05,11.15,10.95,11.05,0.0,45.0
2017-05-03,1742,132206.0,1458216.0,11.05,11.3,10.85,10.95,-0.1,70.0
2017-05-04,1742,44008.0,484034.0,11.0,11.2,10.9,10.95,0.0,34.0
2017-05-05,1742,75201.0,822011.0,11.0,11.15,10.8,10.9,-0.05,49.0
2017-05-08,1742,243036.0,2547525.0,10.85,10.9,10.0,10.5,-0.4,111.0
2017-05-09,1742,86000.0,890800.0,10.55,10.55,10.15,10.5,0.0,60.0
2017-05-10,1742,72568.0,757955.0,10.35,10.55,10.3,10.45,-0.05,40.0
2017-05-11,1742,175001.0,1788260.0,10.3,10.4,10.05,10.35,-0.1,62.0
2017-05-12,1742,72002.0,744920.0,10.3,10.45,10.2,10.45,0.1,38.0
2017-05-15,1742,168003.0,1770681.0,10.55,10.95,10.4,10.6,0.15,52.0
2017-05-16,1742,113002.0,1174520.0,10.6,10.6,10.3,10.4,-0.2,34.0
2017-05-17,1742,59002.0,601870.0,10.3,10.3,10.1,10.2,-0.2,27.0
2017-05-18,1742,18003.0,183880.0,10.2,10.25,10.2,10.2,0.0,14.0
2017-05-19,1742,41002.0,421320.0,10.25,10.4,10.2,10.35,0.15,31.0
2017-05-22,1742,34004.0,351490.0,10.45,10.45,10.2,10.25,-0.1,17.0
2017-05-23,1742,50007.0,509270.0,10.25,10.25,10.15,10.15,-0.1,33.0
2017-05-24,1742,88561.0,897866.0,10.15,10.25,10.1,10.15,0.0,45.0
2017-05-25,1742,84280.0,857378.0,10.2,10.3,10.15,10.15,0.0,39.0
2017-05-26,1742,161013.0,1617231.0,10.0,10.15,10.0,10.1,-0.05,71.0
2017-05-31,1742,395882.0,4375140.0,10.25,11.1,10.25,11.1,1.0,134.0
2017-06-01,1742,2276006.0,27571372.0,12.0,12.2,11.75,12.2,1.1,548.0
2017-06-02,1742,788121.0,9446913.0,11.7,12.3,11.6,12.0,-0.2,260.0
2017-06-03,1742,374500.0,4615748.0,11.9,12.7,11.9,12.35,0.35,164.0
2017-06-05,1742,806530.0,9977424.0,12.35,12.8,11.95,12.75,0.4,271.0
2017-06-06,1742,307015.0,3839734.0,12.7,12.7,12.3,12.4,-0.35,136.0
2017-06-07,1742,88273.0,1088229.0,12.3,12.5,12.25,12.3,-0.1,55.0
2017-06-08,1742,143825.0,1775314.0,12.7,12.7,12.2,12.25,-0.05,48.0
2017-06-09,1742,142002.0,1708122.0,12.15,12.25,11.95,11.95,-0.3,56.0
2017-06-12,1742,88001.0,1043411.0,11.95,11.95,11.75,11.75,-0.2,48.0
2017-06-13,1742,115000.0,1373500.0,11.7,12.05,11.7,12.05,0.3,43.0
2017-06-14,1742,119000.0,1449250.0,12.15,12.3,12.0,12.0,-0.05,61.0
2017-06-15,1742,103000.0,1217900.0,11.9,11.95,11.75,11.8,-0.2,36.0
2017-06-16,1742,95003.0,1118883.0,11.8,11.95,11.75,11.75,-0.05,36.0
2017-06-19,1742,98584.0,1146773.0,11.65,11.75,11.5,11.65,-0.1,37.0
2017-06-20,1742,332005.0,3750505.0,11.6,11.6,10.95,11.2,-0.45,119.0
2017-06-21,1742,133003.0,1486733.0,11.2,11.3,11.05,11.15,-0.05,67.0
2017-06-22,1742,61319.0,686190.0,11.25,11.3,11.1,11.15,0.0,34.0
2017-06-23,1742,88000.0,972500.0,11.2,11.2,11.0,11.2,0.05,27.0
2017-06-26,1742,81302.0,904651.0,11.0,11.2,11.0,11.2,0.0,31.0
2017-06-27,1742,140000.0,1550900.0,11.2,11.2,11.0,11.05,-0.15,50.0
2017-06-28,1742,61032.0,672452.0,11.05,11.1,11.0,11.05,0.0,38.0
2017-06-29,1742,191001.0,2151011.0,11.0,11.45,11.0,11.35,0.3,76.0
2017-06-30,1742,61001.0,682461.0,11.25,11.25,11.1,11.2,-0.15,25.0
2017-07-03,1742,72000.0,810500.0,11.45,11.45,11.15,11.15,-0.05,20.0
2017-07-04,1742,38004.0,424394.0,11.15,11.2,11.15,11.15,0.0,18.0
2017-07-05,1742,23001.0,257761.0,11.15,11.3,11.15,11.25,0.1,16.0
2017-07-06,1742,93816.0,1052026.0,11.4,11.4,11.1,11.1,-0.15,48.0
2017-07-07,1742,65001.0,723361.0,11.2,11.3,11.1,11.15,0.05,23.0
2017-07-10,1742,125001.0,1380311.0,11.15,11.15,11.0,11.0,-0.15,35.0
2017-07-11,1742,56003.0,611783.0,11.1,11.1,10.85,11.0,0.0,28.0
2017-07-12,1742,5001.0,55011.0,11.0,11.0,11.0,11.0,0.0,6.0
2017-07-13,1742,78303.0,850570.0,11.0,11.0,10.8,10.8,-0.2,45.0
2017-07-14,1742,60187.0,655969.0,10.8,11.15,10.8,10.9,0.1,31.0
2017-07-17,1742,58256.0,641036.0,11.1,11.25,10.9,10.95,0.05,31.0
2017-07-18,1742,39001.0,428060.0,11.0,11.0,10.95,11.0,0.05,22.0
2017-07-19,1742,66133.0,720895.0,10.85,10.95,10.85,10.95,-0.05,31.0
2017-07-20,1742,52291.0,569006.0,10.9,10.95,10.85,10.85,-0.1,22.0
2017-07-21,1742,63192.0,672002.0,10.6,10.85,10.5,10.8,-0.05,39.0
2017-07-24,1742,73120.0,776777.0,10.6,10.7,10.6,10.6,-0.2,31.0
2017-07-25,1742,101004.0,1102340.0,10.45,11.5,10.45,10.75,0.15,52.0
2017-07-26,1742,132002.0,1412972.0,10.65,11.0,10.5,10.9,0.15,47.0
2017-07-27,1742,60000.0,657400.0,10.95,11.05,10.85,10.9,0.0,32.0
2017-07-28,1742,22305.0,242869.0,10.95,10.95,10.8,10.8,-0.1,13.0
2017-07-31,1742,31120.0,336086.0,10.65,10.9,10.65,10.9,0.1,35.0
2017-08-01,1742,101600.0,1103038.0,10.9,11.0,10.7,11.0,0.1,43.0
2017-08-02,1742,38002.0,414422.0,11.0,11.0,10.75,10.95,-0.05,15.0
2017-08-03,1742,18001.0,196060.0,10.95,10.95,10.85,10.85,-0.1,9.0
2017-08-04,1742,27010.0,291709.0,11.25,11.25,10.65,10.8,-0.05,15.0
2017-08-07,1742,24344.0,265080.0,10.8,11.0,10.8,10.9,0.1,16.0
2017-08-08,1742,19003.0,205730.0,10.9,10.9,10.8,10.8,-0.1,18.0
2017-08-09,1742,46007.0,494627.0,10.8,10.9,10.7,10.9,0.1,22.0
2017-08-10,1742,79007.0,841370.0,10.7,10.85,10.5,10.5,-0.4,34.0
2017-08-11,1742,46051.0,485740.0,10.45,10.7,10.45,10.7,0.2,22.0
2017-08-14,1742,70004.0,725390.0,10.7,10.7,10.2,10.2,-0.5,28.0
2017-08-15,1742,111001.0,1138460.0,10.6,10.6,10.2,10.45,0.25,36.0
2017-08-16,1742,102001.0,1058310.0,10.25,10.75,10.2,10.2,-0.25,44.0
2017-08-17,1742,69576.0,725874.0,10.65,10.65,10.3,10.3,0.1,33.0
2017-08-18,1742,196001.0,2082610.0,10.5,11.1,10.35,10.6,0.3,87.0
2017-08-21,1742,36506.0,385437.0,10.6,10.6,10.5,10.6,0.0,21.0
2017-08-22,1742,96001.0,1010160.0,10.6,10.6,10.5,10.5,-0.1,33.0
2017-08-23,1742,56001.0,590810.0,10.65,10.7,10.5,10.5,0.0,28.0
2017-08-24,1742,63000.0,664550.0,10.6,10.6,10.35,10.5,0.0,27.0
2017-08-25,1742,29010.0,306504.0,10.4,10.6,10.35,10.6,0.1,24.0
2017-08-28,1742,74016.0,775115.0,10.6,10.7,10.4,10.4,-0.2,43.0
2017-08-29,1742,71400.0,746598.0,10.5,10.6,10.4,10.5,0.1,27.0
2017-08-30,1742,139920.0,1470658.0,10.5,10.6,10.45,10.6,0.1,55.0
2017-08-31,1742,42005.0,443400.0,10.8,10.8,10.5,10.5,-0.1,25.0
2017-09-01,1742,79179.0,832273.0,10.5,10.65,10.45,10.55,0.05,32.0
2017-09-04,1742,75001.0,786511.0,10.5,10.55,10.4,10.45,-0.1,32.0
2017-09-05,1742,60688.0,639271.0,10.45,10.6,10.45,10.6,0.15,32.0
2017-09-06,1742,58306.0,612295.0,10.5,10.55,10.5,10.5,-0.1,26.0
2017-09-07,1742,63850.0,685858.0,10.55,10.95,10.55,10.65,0.15,49.0
2017-09-08,1742,203001.0,2196560.0,10.65,10.9,10.65,10.85,0.2,75.0
2017-09-11,1742,251280.0,2734194.0,11.0,11.1,10.7,10.8,-0.05,69.0
2017-09-12,1742,125729.0,1357277.0,10.8,11.05,10.7,10.7,-0.1,45.0
2017-09-13,1742,53280.0,574952.0,11.0,11.0,10.7,10.95,0.25,32.0
2017-09-14,1742,140000.0,1507300.0,11.0,11.0,10.7,10.7,-0.25,58.0
2017-09-15,1742,75633.0,811085.0,10.85,10.85,10.65,10.85,0.15,34.0
2017-09-18,1742,114001.0,1219210.0,10.7,10.85,10.65,10.85,0.0,48.0
2017-09-19,1742,105004.0,1137940.0,10.85,10.95,10.7,10.75,-0.1,42.0
2017-09-20,1742,89001.0,956910.0,10.8,10.9,10.6,10.8,0.05,50.0
2017-09-21,1742,164001.0,1744010.0,10.8,10.85,10.5,10.8,0.0,86.0
2017-09-22,1742,155416.0,1651066.0,10.8,10.8,10.55,10.6,-0.2,73.0
2017-09-25,1742,134280.0,1401361.0,10.45,10.6,10.3,10.5,-0.1,60.0
2017-09-26,1742,222869.0,2322899.0,10.6,10.6,10.3,10.35,-0.15,83.0
2017-09-27,1742,73000.0,768300.0,10.45,10.6,10.4,10.6,0.25,37.0
2017-09-28,1742,101000.0,1078250.0,10.8,10.8,10.6,10.7,0.1,43.0
2017-09-29,1742,17202.0,182981.0,10.7,10.7,10.5,10.7,0.0,12.0
2017-09-30,1742,20236.0,216299.0,10.7,10.7,10.65,10.7,0.0,19.0
2017-10-02,1742,25014.0,267949.0,10.75,10.75,10.7,10.75,0.05,14.0
2017-10-03,1742,64000.0,677700.0,10.75,10.75,10.5,10.7,-0.05,28.0
2017-10-05,1742,65002.0,687020.0,10.6,10.6,10.5,10.6,-0.1,38.0
2017-10-06,1742,96300.0,1009890.0,10.6,10.75,10.4,10.7,0.1,55.0
2017-10-11,1742,73005.0,765452.0,10.7,10.7,10.45,10.5,-0.2,34.0
2017-10-12,1742,24001.0,252110.0,10.5,10.55,10.45,10.5,0.0,16.0
2017-10-13,1742,58000.0,607950.0,10.5,10.55,10.4,10.4,-0.1,24.0
2017-10-16,1742,86001.0,894160.0,10.6,10.6,10.35,10.35,-0.05,43.0
2017-10-17,1742,24202.0,251571.0,10.5,10.5,10.35,10.4,0.05,18.0
2017-10-18,1742,38360.0,397757.0,10.35,10.5,10.3,10.4,0.0,24.0
2017-10-19,1742,28005.0,290700.0,10.4,10.4,10.35,10.35,-0.05,16.0
2017-10-20,1742,146002.0,1540120.0,10.5,10.85,10.35,10.55,0.2,62.0
2017-10-23,1742,26001.0,274210.0,10.55,10.9,10.5,10.5,-0.05,16.0
2017-10-24,1742,282310.0,3080310.0,10.5,11.1,10.4,10.9,0.4,128.0
2017-10-25,1742,119003.0,1294380.0,10.9,11.0,10.8,10.9,0.0,52.0
2017-10-26,1742,24001.0,258760.0,10.85,10.85,10.7,10.7,-0.2,14.0
2017-10-27,1742,86083.0,915883.0,10.7,10.8,10.6,10.8,0.1,36.0
2017-10-30,1742,65005.0,702650.0,10.8,10.9,10.75,10.75,-0.05,30.0
2017-10-31,1742,86002.0,924520.0,10.75,10.8,10.7,10.7,-0.05,35.0
2017-11-01,1742,41001.0,436810.0,10.7,10.7,10.6,10.65,-0.05,15.0
2017-11-02,1742,504738.0,5664163.0,10.65,11.7,10.6,11.3,0.65,141.0
2017-11-03,1742,158402.0,1779251.0,11.5,11.8,11.1,11.2,-0.1,65.0
2017-11-06,1742,178005.0,1977405.0,11.2,11.5,11.0,11.2,0.0,45.0
2017-11-07,1742,250600.0,2805759.0,11.35,11.4,11.0,11.15,-0.05,86.0
2017-11-08,1742,199840.0,2183890.0,11.1,11.1,10.8,11.1,-0.05,66.0
2017-11-09,1742,137000.0,1488150.0,11.1,11.1,10.75,10.75,-0.35,37.0
2017-11-10,1742,35560.0,381291.0,10.7,10.8,10.7,10.8,0.05,29.0
2017-11-13,1742,87361.0,925290.0,10.8,10.8,10.5,10.6,-0.2,39.0
2017-11-14,1742,54001.0,567460.0,10.65,10.65,10.45,10.6,0.0,35.0
2017-11-15,1742,60800.0,633489.0,10.5,10.5,10.4,10.4,-0.2,35.0
2017-11-16,1742,208011.0,2126110.0,10.4,10.4,10.2,10.2,-0.2,88.0
2017-11-17,1742,206006.0,2118160.0,10.3,10.55,10.2,10.45,0.25,90.0
2017-11-20,1742,85001.0,887710.0,10.45,10.55,10.3,10.3,-0.15,29.0
2017-11-21,1742,109003.0,1123530.0,10.55,10.55,10.25,10.3,0.0,37.0
2017-11-22,1742,45840.0,473050.0,10.3,10.4,10.3,10.35,0.05,24.0
2017-11-23,1742,293319.0,3004069.0,10.35,10.35,10.2,10.3,-0.05,91.0
2017-11-24,1742,30303.0,311665.0,10.3,10.35,10.25,10.35,0.05,17.0
2017-11-27,1742,153724.0,1570784.0,10.3,10.3,10.15,10.2,-0.15,54.0
2017-11-28,1742,40003.0,412030.0,10.35,10.35,10.2,10.25,0.05,24.0
2017-11-29,1742,128000.0,1304900.0,10.25,10.25,10.15,10.15,-0.1,53.0
2017-11-30,1742,18128.0,184792.0,10.2,10.2,10.15,10.2,0.05,9.0
2017-12-01,1742,106002.0,1074370.0,10.3,10.3,10.1,10.2,0.0,41.0
2017-12-04,1742,28174.0,286605.0,10.2,10.2,10.15,10.15,-0.05,24.0
2017-12-05,1742,19002.0,192370.0,10.15,10.15,10.1,10.15,0.0,16.0
2017-12-06,1742,121104.0,1217950.0,10.1,10.3,10.0,10.0,-0.15,50.0
2017-12-07,1742,61010.0,623250.0,10.3,10.3,10.1,10.1,0.1,33.0
2017-12-08,1742,16004.0,161040.0,10.1,10.1,10.05,10.1,0.0,10.0
2017-12-11,1742,63206.0,637350.0,10.0,10.1,10.0,10.1,0.0,21.0
2017-12-12,1742,148002.0,1483420.0,10.1,10.1,10.0,10.1,0.0,42.0
2017-12-13,1742,55005.0,561050.0,10.2,10.2,10.2,10.2,0.1,21.0
2017-12-14,1742,38224.0,389860.0,10.1,10.25,10.1,10.2,0.0,24.0
2017-12-15,1742,17004.0,171790.0,10.1,10.2,10.05,10.15,-0.05,13.0
2017-12-18,1742,134006.0,1343260.0,10.05,10.1,10.0,10.0,-0.15,38.0
2017-12-19,1742,61100.0,623319.0,10.15,10.25,10.05,10.2,0.2,37.0
2017-12-20,1742,78010.0,790150.0,10.2,10.2,10.0,10.2,0.0,28.0
2017-12-21,1742,164791.0,1661838.0,10.25,10.4,10.0,10.15,-0.05,56.0
2017-12-22,1742,92280.0,936741.0,10.15,10.2,10.05,10.15,0.0,33.0
2017-12-25,1742,51011.0,519960.0,10.2,10.25,10.1,10.25,0.1,37.0
2017-12-26,1742,60007.0,610070.0,10.25,10.25,10.1,10.15,-0.1,27.0
2017-12-27,1742,66007.0,674570.0,10.1,10.25,10.1,10.25,0.1,31.0
2017-12-28,1742,217011.0,2186560.0,10.15,10.15,10.0,10.15,-0.1,53.0
2017-12-29,1742,55600.0,563708.0,10.15,10.15,10.1,10.15,0.0,52.0
2018-01-02,1742,316005.0,3236951.0,10.25,10.35,10.1,10.3,0.15,46.0
2018-01-03,1742,204607.0,2116030.0,10.3,10.4,10.3,10.4,0.1,59.0
2018-01-04,1742,67006.0,693110.0,10.45,10.45,10.3,10.35,-0.05,24.0
2018-01-05,1742,34009.0,351390.0,10.35,10.35,10.3,10.3,-0.05,22.0
2018-01-08,1742,146252.0,1483181.0,10.3,10.3,10.0,10.1,-0.2,61.0
2018-01-09,1742,94001.0,973560.0,10.2,10.65,10.15,10.15,0.05,51.0
2018-01-10,1742,78001.0,796810.0,10.25,10.35,10.15,10.2,0.05,27.0
2018-01-11,1742,21002.0,213470.0,10.2,10.2,10.1,10.2,0.0,15.0
2018-01-12,1742,86009.0,870640.0,10.15,10.2,10.1,10.1,-0.1,55.0
2018-01-15,1742,70513.0,717578.0,10.3,10.3,10.1,10.15,0.05,35.0
2018-01-16,1742,43008.0,435580.0,10.15,10.2,10.1,10.1,-0.05,24.0
2018-01-17,1742,76604.0,774898.0,10.15,10.2,10.1,10.1,0.0,49.0
2018-01-18,1742,85267.0,871744.0,10.25,10.3,10.1,10.15,0.05,54.0
2018-01-19,1742,110007.0,1113120.0,10.15,10.2,10.05,10.1,-0.05,52.0
2018-01-22,1742,339068.0,3397180.0,10.1,10.1,10.0,10.05,-0.05,136.0
2018-01-23,1742,43303.0,434080.0,10.05,10.1,10.0,10.05,0.0,62.0
2018-01-24,1742,26435.0,265488.0,10.0,10.1,10.0,10.1,0.05,59.0
2018-01-25,1742,161033.0,1611629.0,10.1,10.2,9.95,10.1,0.0,70.0
2018-01-26,1742,239009.0,2401340.0,10.1,10.1,10.0,10.0,-0.1,73.0
2018-01-29,1742,230137.0,2322220.0,10.2,10.25,10.0,10.0,0.0,109.0
2018-01-30,1742,298133.0,2996656.0,10.3,10.3,9.96,9.98,-0.02,87.0
2018-01-31,1742,110016.0,1098860.0,10.05,10.05,9.95,10.0,0.02,62.0
2018-02-01,1742,62015.0,619570.0,10.0,10.0,9.98,10.0,0.0,38.0
2018-02-02,1742,65020.0,648570.0,10.0,10.0,9.96,9.96,-0.04,53.0
2018-02-05,1742,137633.0,1365046.0,9.96,9.98,9.86,9.86,-0.1,88.0
2018-02-06,1742,197622.0,1870305.0,9.76,9.76,9.1,9.16,-0.7,111.0
2018-02-07,1742,149246.0,1375468.0,9.35,9.35,9.11,9.2,0.04,72.0
2018-02-08,1742,111042.0,1019792.0,9.22,9.22,9.15,9.16,-0.04,47.0
2018-02-09,1742,125720.0,1135707.0,8.3,9.5,8.3,9.28,0.12,67.0
2018-02-12,1742,130021.0,1212221.0,9.3,9.4,9.29,9.4,0.12,63.0
2018-02-21,1742,64128.0,604964.0,9.55,9.7,9.35,9.65,0.25,158.0
2018-02-22,1742,75423.0,717541.0,9.59,9.59,9.48,9.5,-0.15,78.0
2018-02-23,1742,95381.0,941864.0,10.0,10.0,9.7,9.8,0.3,67.0
2018-02-26,1742,122496.0,1205016.0,9.8,9.95,9.62,9.79,-0.01,89.0
2018-02-27,1742,94503.0,924328.0,9.79,9.85,9.72,9.74,-0.05,64.0
2018-03-01,1742,93281.0,902675.0,9.75,9.75,9.63,9.7,-0.04,66.0
2018-03-02,1742,223847.0,2179780.0,9.6,9.94,9.6,9.62,-0.08,131.0
2018-03-05,1742,128409.0,1253602.0,9.75,9.84,9.66,9.78,0.16,93.0
2018-03-13,1742,1260899.0,21120024.0,16.75,16.75,16.75,16.75,1.5,398.0
2018-03-14,1742,809508.0,13330674.0,16.7,16.95,15.9,16.1,-0.65,395.0
2018-03-15,1742,198935.0,3230360.0,16.1,16.6,16.0,16.1,0.0,147.0
2018-03-16,1742,283795.0,4457872.0,16.1,16.2,15.2,15.2,-0.9,228.0
2018-03-19,1742,655815.0,9464327.0,15.5,15.5,14.0,14.4,-0.8,353.0
2018-03-20,1742,325377.0,4685501.0,14.35,14.65,14.2,14.65,0.25,305.0
2018-03-21,1742,79484.0,1153559.0,14.25,14.7,14.25,14.55,-0.1,263.0
2018-03-22,1742,110989.0,1608817.0,14.55,14.6,14.4,14.6,0.05,102.0
2018-03-23,1742,112776.0,1615995.0,14.45,14.5,14.2,14.3,-0.3,151.0
2018-03-26,1742,122199.0,1755451.0,14.3,14.55,14.2,14.3,0.0,164.0
2018-03-27,1742,77429.0,1109441.0,14.35,14.4,14.25,14.25,-0.05,110.0
2018-03-28,1742,161321.0,2284728.0,14.15,14.35,14.0,14.15,-0.1,122.0
2018-03-29,1742,204762.0,2920725.0,14.2,14.55,14.15,14.15,0.0,97.0
2018-03-30,1742,128406.0,1830424.0,14.3,14.3,14.2,14.3,0.15,77.0
2018-03-31,1742,694288.0,10836761.0,14.35,15.7,14.35,15.7,1.4,210.0
2018-04-02,1742,2293757.0,39316558.0,16.6,17.25,16.35,17.25,1.55,781.0
2018-04-03,1742,984195.0,16315198.0,17.0,17.0,16.1,16.2,-1.05,447.0
2018-04-09,1742,395288.0,6171199.0,15.7,16.0,15.1,15.8,-0.4,261.0
2018-04-10,1742,292841.0,4561514.0,15.5,15.85,15.35,15.35,-0.45,190.0
2018-04-11,1742,224219.0,3427094.0,15.2,15.55,15.15,15.5,0.15,209.0
2018-04-12,1742,932408.0,15557977.0,15.65,17.05,15.65,17.05,1.55,510.0
2018-04-13,1742,1169721.0,19959255.0,16.8,17.75,16.55,16.7,-0.35,674.0
2018-04-16,1742,490726.0,8307829.0,17.5,17.5,16.3,16.9,0.2,343.0
2018-04-17,1742,219027.0,3653544.0,16.9,17.0,16.45,16.7,-0.2,190.0
2018-04-18,1742,156274.0,2612192.0,16.9,16.9,16.55,16.65,-0.05,132.0
2018-04-19,1742,2423929.0,43785385.0,16.75,18.3,16.5,18.3,1.65,869.0
2018-04-20,1742,6427571.0,126662224.0,18.75,20.1,18.5,20.1,1.8,1969.0
2018-04-23,1742,1838284.0,40626056.0,22.1,22.1,22.1,22.1,2.0,475.0
2018-04-24,1742,8583515.0,200361046.0,23.0,24.2,22.1,22.4,0.3,3610.0
2018-04-25,1742,3898840.0,94058214.0,23.1,24.6,22.9,24.6,2.2,1508.0
2018-04-26,1742,10058723.0,263850898.0,26.1,27.05,24.3,26.2,1.6,4640.0
2018-04-27,1742,1755908.0,41814275.0,24.05,24.5,23.6,23.6,-2.6,567.0
2018-04-30,1742,7521769.0,165179251.0,22.1,22.85,21.25,21.6,-2.0,3029.0
2018-05-02,1742,3169622.0,68580061.0,21.7,22.45,20.6,20.7,-0.9,1448.0
2018-05-03,1742,4612342.0,88265323.0,21.1,21.4,18.65,18.65,-2.05,1854.0
2018-05-04,1742,1903511.0,34830746.0,18.65,18.85,18.05,18.05,-0.6,868.0
2018-05-07,1742,2121191.0,40494562.0,18.9,19.4,18.75,18.95,0.9,949.0
2018-05-08,1742,779748.0,14637923.0,18.75,19.05,18.5,18.75,-0.2,327.0
2018-05-09,1742,812189.0,15260029.0,18.75,19.0,18.7,18.7,-0.05,272.0
2018-05-10,1742,985722.0,18465169.0,18.55,19.2,18.55,18.8,0.1,282.0
2018-05-11,1742,2056361.0,40832304.0,18.85,20.4,18.8,19.65,0.85,1083.0
2018-05-14,1742,750418.0,14436444.0,19.65,19.9,18.8,19.05,-0.6,410.0
2018-05-15,1742,546740.0,10467834.0,19.3,19.7,18.85,19.0,-0.05,254.0
2018-05-16,1742,272522.0,5167518.0,19.15,19.2,18.85,18.9,-0.1,123.0
2018-05-17,1742,404354.0,7725458.0,18.95,19.55,18.9,19.0,0.1,174.0
2018-05-18,1742,343439.0,6523441.0,19.05,19.35,18.9,18.9,-0.1,148.0
2018-05-21,1742,394012.0,7466666.0,19.0,19.2,18.9,18.9,0.0,148.0
2018-05-22,1742,246870.0,4724365.0,19.05,19.4,19.0,19.25,0.35,129.0
2018-05-23,1742,530000.0,10173200.0,19.5,19.55,19.0,19.55,0.3,167.0
2018-05-24,1742,362100.0,7003900.0,19.25,19.75,19.15,19.4,-0.15,170.0
2018-05-25,1742,435127.0,8370163.0,19.55,19.55,19.1,19.1,-0.3,164.0
2018-05-28,1742,368683.0,7139077.0,19.2,19.6,19.15,19.15,0.05,182.0
2018-05-29,1742,2700408.0,55497780.0,19.2,21.05,19.2,21.05,1.9,665.0
2018-05-30,1742,4593595.0,99475512.0,21.5,22.35,20.9,22.15,1.1,2106.0
2018-05-31,1742,1499624.0,33153966.0,21.85,23.0,21.1,21.1,-1.05,779.0
2018-06-01,1742,743225.0,15382292.0,21.45,21.65,20.3,20.3,-0.8,405.0
2018-06-04,1742,476817.0,10040907.0,20.35,21.6,20.35,21.1,0.8,313.0
2018-06-05,1742,344509.0,7283910.0,21.15,21.6,20.8,21.0,-0.1,181.0
2018-06-06,1742,277788.0,5845818.0,21.05,21.25,20.8,21.05,0.05,130.0
2018-06-07,1742,542076.0,11651959.0,21.2,21.95,21.2,21.2,0.15,284.0
2018-06-08,1742,381931.0,8238861.0,21.3,21.8,21.3,21.7,0.5,221.0
2018-06-11,1742,2886644.0,66752398.0,21.9,23.85,21.9,23.85,2.15,1011.0
2018-06-12,1742,3226272.0,77942844.0,24.0,25.0,23.75,24.0,0.15,1044.0
2018-06-13,1742,962352.0,22516037.0,24.25,24.4,22.7,22.8,-1.2,468.0
2018-06-14,1742,454064.0,10544436.0,22.8,23.75,22.8,23.4,0.6,253.0
2018-06-15,1742,269059.0,6177811.0,23.4,23.6,22.5,23.25,-0.15,150.0
2018-06-19,1742,287800.0,6703067.0,23.55,23.55,22.95,23.0,-0.25,144.0
2018-06-20,1742,308977.0,6898390.0,23.0,23.0,22.0,22.3,-0.7,169.0
2018-06-21,1742,235694.0,5304002.0,22.5,22.85,22.2,22.4,0.1,123.0
2018-06-22,1742,233340.0,5123846.0,22.4,22.4,21.6,21.9,-0.5,107.0
2018-06-25,1742,92694.0,2046651.0,21.9,22.4,21.8,22.15,0.25,76.0
2018-06-26,1742,302601.0,6555930.0,22.15,22.2,21.15,21.5,-0.65,148.0
2018-06-27,1742,309396.0,6578366.0,21.35,21.55,21.1,21.1,-0.4,130.0
2018-06-28,1742,119509.0,2497387.0,20.9,21.35,20.15,21.0,-0.1,78.0
2018-06-29,1742,273000.0,5636300.0,20.95,20.95,20.4,20.55,-0.45,122.0
2018-07-02,1742,429840.0,9611680.0,20.55,22.6,20.55,22.6,2.05,209.0
2018-07-03,1742,1058102.0,23808972.0,22.0,23.5,21.8,21.8,-0.8,616.0
2018-07-04,1742,465501.0,10549622.0,22.0,23.1,22.0,22.5,0.7,307.0
2018-07-05,1742,242418.0,5489211.0,22.9,22.95,22.4,22.6,0.1,130.0
2018-07-06,1742,173100.0,3863524.0,22.8,22.8,22.05,22.25,-0.35,93.0
2018-07-09,1742,152640.0,3409943.0,22.5,22.6,22.2,22.25,0.0,87.0
2018-07-10,1742,206613.0,4591224.0,22.25,22.5,21.9,22.05,-0.2,104.0
2018-07-11,1742,301001.0,6627471.0,21.95,22.6,21.85,21.9,-0.15,107.0
2018-07-12,1742,115336.0,2549192.0,21.9,22.45,21.9,22.1,0.2,62.0
2018-07-13,1742,150160.0,3320920.0,22.35,22.35,22.0,22.0,-0.1,81.0
2018-07-16,1742,128000.0,2834450.0,22.05,22.4,22.0,22.25,0.25,65.0
2018-07-17,1742,802200.0,18193350.0,22.25,23.4,22.05,22.05,-0.2,344.0
2018-07-18,1742,136000.0,2969250.0,22.15,22.15,21.6,21.7,-0.35,77.0
2018-07-19,1742,206750.0,4382450.0,21.5,21.5,21.0,21.15,-0.55,106.0
2018-07-20,1742,216591.0,4537894.0,21.2,21.3,20.5,20.55,-0.6,118.0
2018-07-23,1742,131983.0,2660158.0,20.1,20.45,20.1,20.1,-0.45,70.0
2018-07-24,1742,634455.0,13745273.0,20.05,22.1,20.05,21.85,1.75,317.0
2018-07-25,1742,155203.0,3372023.0,21.9,22.3,21.2,21.2,-0.65,92.0
2018-07-26,1742,39500.0,842600.0,21.65,21.65,21.2,21.3,0.1,27.0
2018-07-27,1742,56500.0,1205000.0,21.5,21.5,21.2,21.4,0.1,27.0
2018-07-30,1742,175436.0,3690967.0,21.2,21.2,20.9,20.9,-0.5,87.0
2018-07-31,1742,69526.0,1469338.0,21.7,21.7,21.0,21.0,0.1,56.0
2018-08-01,1742,64440.0,1351290.0,21.1,21.15,20.9,20.95,-0.05,30.0
2018-08-02,1742,109000.0,2255500.0,21.0,21.0,20.6,20.6,-0.35,50.0
2018-08-03,1742,124179.0,2559818.0,20.95,20.95,20.55,20.6,0.0,43.0
2018-08-06,1742,84000.0,1727050.0,20.65,20.65,20.5,20.55,-0.05,32.0
2018-08-07,1742,108122.0,2272486.0,20.75,21.3,20.6,21.0,0.45,70.0
2018-08-08,1742,24467.0,514246.0,20.8,21.4,20.7,21.4,0.4,22.0
2018-08-09,1742,21000.0,441750.0,21.05,21.2,20.85,21.15,-0.25,17.0
2018-08-10,1742,19604.0,409801.0,20.9,21.0,20.85,20.9,-0.25,20.0
2018-08-13,1742,71214.0,1480358.0,20.95,20.95,20.55,20.7,-0.2,38.0
2018-08-14,1742,148777.0,3136266.0,20.9,21.3,20.7,21.2,0.5,77.0
2018-08-15,1742,91277.0,1923810.0,21.25,21.3,20.9,20.9,-0.3,48.0
2018-08-16,1742,97458.0,2038226.0,20.2,21.0,20.2,21.0,0.1,36.0
2018-08-17,1742,397378.0,8657138.0,21.0,22.9,21.0,21.65,0.65,215.0
2018-08-20,1742,164501.0,3487869.0,21.65,21.9,20.75,20.8,-0.85,83.0
2018-08-21,1742,52000.0,1100300.0,21.0,21.25,20.85,21.25,0.45,26.0
2018-08-22,1742,50222.0,1058267.0,21.2,21.45,20.8,20.9,-0.35,30.0
2018-08-23,1742,32049.0,668254.0,20.9,21.0,20.7,20.7,-0.2,21.0
2018-08-24,1742,51931.0,1083604.0,20.85,21.1,20.7,21.1,0.4,39.0
2018-08-27,1742,37000.0,777150.0,21.3,21.3,20.9,20.95,-0.15,28.0
2018-08-28,1742,79742.0,1672333.0,21.0,21.1,20.8,21.0,0.05,43.0
2018-08-29,1742,91530.0,1914525.0,20.95,21.0,20.8,20.9,-0.1,46.0
2018-08-30,1742,74000.0,1542900.0,20.9,20.9,20.8,20.9,0.0,31.0
2018-08-31,1742,67180.0,1408630.0,20.9,21.0,20.85,21.0,0.1,23.0
2018-09-03,1742,125281.0,2610679.0,21.05,21.1,20.7,20.75,-0.25,56.0
2018-09-04,1742,29000.0,601650.0,20.7,20.9,20.7,20.7,-0.05,15.0
2018-09-05,1742,46062.0,952479.0,20.8,20.8,20.65,20.65,-0.05,25.0
2018-09-06,1742,14001.0,287920.0,20.65,20.65,20.5,20.5,-0.15,12.0
2018-09-07,1742,104531.0,2105962.0,20.5,20.5,20.0,20.0,-0.5,46.0
2018-09-10,1742,212818.0,4093873.0,20.0,20.0,19.0,19.25,-0.75,103.0
2018-09-11,1742,48078.0,923063.0,19.0,19.5,19.0,19.25,0.0,43.0
2018-09-12,1742,73022.0,1412875.0,19.5,19.5,19.0,19.35,0.1,49.0
2018-09-13,1742,22000.0,425350.0,19.55,19.6,19.05,19.05,-0.3,12.0
2018-09-14,1742,35631.0,691567.0,19.1,19.7,19.1,19.2,0.15,39.0
2018-09-17,1742,45338.0,874972.0,19.2,19.6,19.2,19.4,0.2,36.0
2018-09-18,1742,36998.0,716460.0,19.2,19.5,19.2,19.25,-0.15,29.0
2018-09-19,1742,32641.0,629342.0,19.5,19.5,19.25,19.25,0.0,24.0
2018-09-20,1742,29409.0,563152.0,19.2,19.4,19.0,19.35,0.1,22.0
2018-09-21,1742,43000.0,822450.0,19.1,19.35,19.05,19.35,0.0,20.0
2018-09-25,1742,71486.0,1419575.0,19.35,20.1,19.35,19.6,0.25,51.0
2018-09-26,1742,11011.0,216616.0,19.7,19.85,19.6,19.6,0.0,12.0
2018-09-27,1742,13358.0,266024.0,19.6,20.0,19.6,20.0,0.4,10.0
2018-09-28,1742,14000.0,277600.0,19.9,19.9,19.7,19.7,-0.3,10.0
2018-10-01,1742,34825.0,685434.0,19.55,19.95,19.5,19.95,0.25,23.0
2018-10-02,1742,14000.0,278200.0,20.0,20.0,19.8,19.8,-0.15,10.0
2018-10-03,1742,15003.0,296157.0,19.8,19.9,19.6,19.7,-0.1,15.0
2018-10-04,1742,66001.0,1287769.0,19.75,19.75,19.4,19.5,-0.2,36.0
2018-10-05,1742,0.0,0.0,0.0,0.0,0.0,0.0,0.0,0.0
2018-10-08,1742,6459.0,124501.0,19.2,19.4,19.2,19.4,-0.05,13.0
2018-10-09,1742,13000.0,249000.0,19.25,19.5,19.0,19.0,-0.4,9.0
2018-10-11,1742,141225.0,2424046.0,19.0,19.0,17.1,17.1,-1.9,73.0
2018-10-12,1742,180641.0,2946711.0,15.8,17.3,15.8,17.1,0.0,95.0
2018-10-15,1742,49690.0,850988.0,17.1,17.7,16.8,16.8,-0.3,27.0
2018-10-16,1742,21018.0,358199.0,17.0,17.2,16.7,16.85,0.05,19.0
2018-10-17,1742,157164.0,2773586.0,17.2,17.9,17.15,17.7,0.85,101.0
2018-10-18,1742,28719.0,507276.0,17.3,17.9,17.3,17.7,0.0,17.0
2018-10-19,1742,58091.0,1018651.0,17.55,17.85,17.4,17.7,0.0,20.0
2018-10-22,1742,21000.0,369550.0,17.5,17.85,17.45,17.45,-0.25,14.0
2018-10-23,1742,34000.0,577250.0,17.2,17.2,16.65,17.0,-0.45,19.0
2018-10-24,1742,11001.0,190417.0,17.3,17.5,17.05,17.05,0.05,11.0
2018-10-25,1742,39156.0,663008.0,17.0,17.1,16.55,16.9,-0.15,29.0
2018-10-26,1742,30018.0,502498.0,16.8,16.8,16.65,16.7,-0.2,18.0
2018-10-29,1742,109005.0,1804782.0,16.5,16.6,16.5,16.6,-0.1,23.0
2018-10-30,1742,10000.0,167450.0,16.65,16.8,16.65,16.75,0.15,9.0
2018-10-31,1742,298919.0,5146273.0,17.0,18.0,17.0,17.1,0.35,62.0
2018-11-01,1742,34078.0,581129.0,17.45,17.45,16.9,16.9,-0.2,20.0
2018-11-02,1742,2079.0,36639.0,17.8,17.8,17.45,17.45,0.55,5.0
2018-11-05,1742,7145.0,121118.0,17.0,17.0,16.85,16.85,-0.6,10.0
2018-11-06,1742,19001.0,310716.0,17.0,17.0,16.05,16.1,-0.75,13.0
2018-11-07,1742,53005.0,854630.0,16.1,16.2,16.05,16.15,0.05,30.0
2018-11-08,1742,16979.0,278305.0,16.45,16.45,16.25,16.45,0.3,18.0
2018-11-09,1742,5180.0,84460.0,16.3,16.3,16.3,16.3,-0.15,6.0
2018-11-12,1742,14000.0,229900.0,16.3,16.45,16.3,16.4,0.1,7.0
2018-11-13,1742,9018.0,148744.0,16.45,16.5,16.45,16.5,0.1,10.0
2018-11-14,1742,23001.0,382116.0,16.5,16.95,16.5,16.6,0.1,16.0
2018-11-15,1742,107025.0,1819462.0,17.6,17.6,16.45,16.7,0.1,49.0
2018-11-16,1742,45002.0,781534.0,17.2,17.5,17.1,17.35,0.65,46.0
2018-11-19,1742,140018.0,2478264.0,17.7,18.0,17.3,17.65,0.3,34.0
2018-11-20,1742,31005.0,546135.0,17.65,17.65,17.55,17.6,-0.05,18.0
2018-11-21,1742,40845.0,720705.0,17.9,17.9,17.55,17.8,0.2,17.0
2018-11-22,1742,44840.0,798467.0,17.9,17.9,17.8,17.8,0.0,19.0
2018-11-23,1742,22013.0,391029.0,17.8,17.85,17.7,17.85,0.05,11.0
2018-11-26,1742,34378.0,616526.0,17.85,18.05,17.85,17.95,0.1,19.0
2018-11-27,1742,126002.0,2329636.0,17.95,18.8,17.95,18.65,0.7,58.0
2018-11-28,1742,40417.0,768029.0,18.6,19.7,18.6,19.0,0.35,34.0
2018-11-29,1742,26000.0,503150.0,19.2,19.6,19.0,19.3,0.3,15.0
2018-11-30,1742,182281.0,3701407.0,19.9,21.0,19.4,19.7,0.4,110.0
2018-12-03,1742,80007.0,1555684.0,19.6,19.85,19.4,19.45,-0.25,31.0
2018-12-04,1742,66500.0,1296325.0,19.55,19.65,19.4,19.6,0.15,28.0
2018-12-05,1742,33003.0,644508.0,19.5,19.7,19.5,19.55,-0.05,21.0
2018-12-06,1742,69179.0,1351136.0,19.5,19.9,19.3,19.3,-0.25,25.0
2018-12-07,1742,39001.0,753069.0,19.35,19.4,19.25,19.25,-0.05,19.0
2018-12-10,1742,52227.0,991787.0,19.1,19.4,18.6,19.0,-0.25,30.0
2018-12-11,1742,48640.0,942752.0,19.25,19.5,19.15,19.5,0.5,22.0
2018-12-12,1742,73281.0,1429629.0,19.6,19.85,19.45,19.65,0.15,28.0
2018-12-13,1742,41006.0,794464.0,19.6,19.6,19.0,19.0,-0.65,29.0
2018-12-14,1742,41968.0,795895.0,19.0,19.35,18.75,19.1,0.1,23.0
2018-12-17,1742,25166.0,475183.0,18.85,18.9,18.85,18.9,-0.2,16.0
2018-12-18,1742,40959.0,760639.0,18.9,18.9,18.5,18.6,-0.3,22.0
2018-12-19,1742,42008.0,779146.0,18.6,18.65,18.45,18.45,-0.15,21.0
2018-12-20,1742,56000.0,1036500.0,18.5,18.85,18.4,18.4,-0.05,24.0
2018-12-21,1742,46753.0,856103.0,18.4,18.45,18.3,18.3,-0.1,18.0
2018-12-22,1742,152410.0,2768403.0,18.1,18.4,18.1,18.4,0.1,12.0
2018-12-24,1742,28641.0,538542.0,18.4,19.75,18.4,18.5,0.1,29.0
2018-12-25,1742,35281.0,652651.0,18.5,18.8,18.45,18.8,0.3,21.0
2018-12-26,1742,35007.0,642026.0,18.55,18.85,18.0,18.0,-0.8,25.0
2018-12-27,1742,131003.0,2349801.0,18.05,18.25,17.6,17.6,-0.4,47.0
2018-12-28,1742,103001.0,1797017.0,17.6,17.7,17.1,17.4,-0.2,38.0
2019-01-02,1742,51003.0,885751.0,17.25,17.4,17.25,17.35,-0.05,21.0
2019-01-03,1742,42000.0,733700.0,17.6,17.6,17.3,17.4,0.05,22.0
2019-01-04,1742,61818.0,1059731.0,17.3,17.55,17.0,17.55,0.15,21.0
2019-01-07,1742,15018.0,268924.0,17.8,18.1,17.8,18.1,0.55,26.0
2019-01-08,1742,28643.0,523924.0,18.05,18.7,18.05,18.1,0.0,28.0
2019-01-09,1742,216281.0,4078704.0,18.1,19.35,18.1,18.8,0.7,118.0
2019-01-10,1742,166579.0,3196201.0,19.0,19.75,19.0,19.1,0.3,61.0
2019-01-11,1742,63001.0,1224369.0,19.7,19.7,19.25,19.3,0.2,38.0
2019-01-14,1742,8031.0,152539.0,19.2,19.2,18.85,19.0,-0.3,28.0
2019-01-15,1742,13640.0,261810.0,19.0,19.55,19.0,19.15,0.15,15.0
2019-01-16,1742,177002.0,3361888.0,19.1,19.2,18.8,19.15,0.0,31.0
2019-01-17,1742,29004.0,549476.0,19.0,19.0,18.9,19.0,-0.15,10.0
2019-01-18,1742,21204.0,406096.0,18.2,19.5,18.2,19.2,0.2,19.0
2019-01-21,1742,32210.0,609372.0,18.9,19.55,18.7,18.8,-0.4,26.0
2019-01-22,1742,44500.0,836649.0,18.8,19.05,18.75,18.9,0.1,27.0
2019-01-23,1742,31204.0,580643.0,18.6,18.85,18.5,18.7,-0.2,22.0
2019-01-24,1742,58004.0,1071622.0,18.6,18.85,18.35,18.5,-0.2,32.0
2019-01-25,1742,41008.0,764695.0,18.6,18.9,18.5,18.75,0.25,36.0
2019-01-28,1742,162640.0,2985507.0,18.6,18.6,18.25,18.4,-0.35,61.0
2019-01-29,1742,98496.0,1799177.0,18.35,18.4,18.2,18.2,-0.2,36.0
2019-01-30,1742,52454.0,970199.0,18.5,18.9,18.4,18.5,0.3,33.0
2019-02-11,1742,39533.0,734552.0,18.4,18.8,18.4,18.7,0.2,50.0
2019-02-12,1742,31012.0,585316.0,18.9,18.95,18.85,18.85,0.15,33.0
2019-02-13,1742,124600.0,2344665.0,18.9,19.0,18.5,18.9,0.05,61.0
2019-02-14,1742,46024.0,869092.0,18.9,19.0,18.7,18.7,-0.2,29.0
2019-02-15,1742,271732.0,5180943.0,18.9,19.6,18.7,19.15,0.45,93.0
2019-02-18,1742,215342.0,4139080.0,19.3,19.6,19.05,19.25,0.1,109.0
2019-02-19,1742,38000.0,716700.0,18.85,19.0,18.8,18.8,-0.45,18.0
2019-02-20,1742,97250.0,1821111.0,18.8,19.1,18.6,18.8,0.0,63.0
2019-02-21,1742,57023.0,1066914.0,18.7,18.9,18.6,18.65,-0.15,47.0
2019-02-22,1742,55482.0,1032607.0,18.75,18.8,18.55,18.7,0.05,40.0
2019-02-25,1742,56204.0,1060484.0,18.7,19.05,18.6,18.75,0.05,47.0
2019-02-26,1742,31007.0,580126.0,18.75,18.75,18.6,18.7,-0.05,29.0
2019-02-27,1742,32640.0,609308.0,18.7,18.7,18.6,18.6,-0.1,24.0
2019-03-04,1742,39016.0,740589.0,18.6,19.5,18.6,18.8,0.2,35.0
2019-03-05,1742,68139.0,1281691.0,18.8,19.0,18.75,18.8,0.0,32.0
2019-03-06,1742,33008.0,617952.0,18.65,18.9,18.65,18.8,0.0,25.0
2019-03-07,1742,93019.0,1759143.0,18.7,19.1,18.7,18.8,0.0,48.0
2019-03-08,1742,38013.0,715134.0,18.75,19.0,18.75,18.95,0.15,37.0
2019-03-11,1742,80075.0,1522260.0,19.05,19.3,18.8,18.95,0.0,116.0
2019-03-12,1742,42121.0,797962.0,19.2,19.2,18.8,18.8,-0.15,48.0
2019-03-13,1742,22014.0,412452.0,18.75,19.0,18.65,18.75,-0.05,33.0
2019-03-14,1742,29204.0,547027.0,18.75,18.75,18.7,18.75,0.0,42.0
2019-03-15,1742,113044.0,2118017.0,19.0,19.15,18.5,19.05,0.3,62.0
2019-03-18,1742,140088.0,2680322.0,19.1,19.4,18.75,19.05,0.0,166.0
2019-03-19,1742,64680.0,1216237.0,19.0,19.0,18.75,18.75,-0.3,47.0
2019-03-20,1742,322531.0,6177538.0,18.75,19.5,18.75,19.3,0.55,138.0
2019-03-21,1742,142654.0,2785153.0,19.5,19.95,19.25,19.3,0.0,75.0
2019-03-22,1742,163054.0,3196345.0,19.55,19.7,19.35,19.65,0.35,103.0
2019-03-25,1742,231924.0,4513466.0,19.3,19.6,19.2,19.5,-0.15,94.0
2019-03-26,1742,1021597.0,21363722.0,19.55,21.45,19.5,20.4,0.9,444.0
2019-03-27,1742,241662.0,4974826.0,20.45,21.0,20.15,21.0,0.6,142.0
2019-03-28,1742,234260.0,4933364.0,20.85,21.5,20.75,20.9,-0.1,147.0
2019-03-29,1742,179562.0,3757450.0,20.95,21.15,20.8,20.85,-0.05,87.0
2019-04-01,1742,181729.0,3789556.0,20.85,21.0,20.65,20.85,0.0,95.0
2019-04-02,1742,193281.0,4024311.0,20.9,21.0,20.3,20.85,0.0,99.0
2019-04-03,1742,219431.0,4618001.0,20.95,21.3,20.85,21.0,0.15,147.0
2019-04-08,1742,472308.0,9988800.0,21.0,21.5,20.95,20.95,-0.05,160.0
2019-04-09,1742,390034.0,8178159.0,21.45,21.45,20.8,21.05,0.1,117.0
2019-04-10,1742,424258.0,8918599.0,21.0,21.15,20.95,20.95,-0.1,248.0
2019-04-11,1742,1435662.0,32944126.0,23.0,23.0,22.6,23.0,2.05,486.0
2019-04-12,1742,3338566.0,80388277.0,23.1,24.85,23.0,24.55,1.55,2491.0
2019-04-15,1742,1452151.0,35974840.0,25.0,25.2,24.4,24.75,0.2,1381.0
2019-04-16,1742,1010077.0,24556948.0,24.85,24.9,23.9,24.0,-0.75,896.0
2019-04-17,1742,1490627.0,34367821.0,24.0,24.0,22.7,23.15,-0.85,962.0
2019-04-18,1742,567759.0,13040223.0,23.2,23.25,22.7,23.0,-0.15,510.0
2019-04-19,1742,546264.0,12298232.0,23.0,23.2,21.9,22.3,-0.7,471.0
2019-04-22,1742,439019.0,9698800.0,22.65,22.65,21.95,21.95,-0.35,642.0
2019-04-23,1742,453196.0,10107062.0,22.0,22.6,21.95,21.95,0.0,387.0
2019-04-24,1742,312755.0,7002062.0,22.2,22.5,22.15,22.3,0.35,362.0
2019-04-25,1742,168004.0,3729888.0,22.3,22.35,22.05,22.1,-0.2,118.0
2019-04-26,1742,239001.0,5291271.0,22.2,22.55,21.8,21.8,-0.3,158.0
2019-04-29,1742,368678.0,7760160.0,21.9,22.0,20.15,20.15,-1.65,234.0
2019-04-30,1742,433374.0,9110439.0,20.45,22.0,20.05,21.5,1.35,268.0
2019-05-02,1742,117723.0,2532297.0,22.0,22.0,21.2,21.4,-0.1,74.0
2019-05-03,1742,114002.0,2453492.0,21.35,21.65,21.2,21.6,0.2,69.0
2019-05-06,1742,102002.0,2187592.0,21.6,21.65,21.25,21.4,-0.2,60.0
2019-05-07,1742,339468.0,7303581.0,21.1,21.7,21.1,21.65,0.25,140.0
2019-05-08,1742,292565.0,6439581.0,21.35,22.45,21.35,22.45,0.8,128.0
2019-05-09,1742,292000.0,6587050.0,23.2,23.2,22.3,22.7,0.25,186.0
2019-05-10,1742,327280.0,7403181.0,22.8,22.95,22.2,22.95,0.25,164.0
2019-05-13,1742,535204.0,11995588.0,22.95,22.95,22.0,22.0,-0.95,306.0
2019-05-14,1742,177250.0,3805696.0,21.5,21.95,21.1,21.95,-0.05,144.0
2019-05-15,1742,200104.0,4310704.0,21.65,21.9,21.3,21.3,-0.65,112.0
2019-05-16,1742,180105.0,3730640.0,21.4,21.4,20.4,20.55,-0.75,108.0
2019-05-17,1742,459561.0,9154343.0,20.55,20.7,19.6,19.6,-0.95,213.0
2019-05-20,1742,557506.0,10904170.0,19.6,20.2,19.35,19.8,0.2,150.0
2019-05-21,1742,192048.0,3916187.0,19.8,20.7,19.8,20.7,0.9,80.0
2019-05-22,1742,161207.0,3262860.0,20.25,20.6,20.15,20.2,-0.5,66.0
2019-05-23,1742,104001.0,2097920.0,20.15,20.4,20.0,20.35,0.15,60.0
2019-05-24,1742,44182.0,897553.0,20.4,20.4,20.2,20.4,0.05,34.0
2019-05-27,1742,84734.0,1755150.0,20.6,21.0,20.5,20.85,0.45,57.0
2019-05-28,1742,29006.0,599023.0,20.7,20.75,20.6,20.6,-0.25,23.0
2019-05-29,1742,94094.0,1929020.0,20.6,20.6,20.45,20.45,-0.15,31.0
2019-05-30,1742,63867.0,1308849.0,20.5,20.65,20.45,20.45,0.0,33.0
2019-05-31,1742,78996.0,1623968.0,21.0,21.0,20.3,20.45,0.0,53.0
2019-06-03,1742,47300.0,975429.0,20.3,20.75,20.2,20.65,0.2,39.0
2019-06-04,1742,81001.0,1649520.0,20.35,20.55,20.3,20.3,-0.35,51.0
2019-06-05,1742,80188.0,1639814.0,20.4,20.55,20.4,20.4,0.1,45.0
2019-06-06,1742,31000.0,635400.0,20.5,20.6,20.45,20.45,0.05,26.0
2019-06-10,1742,75174.0,1539646.0,20.5,20.55,20.2,20.2,-0.25,38.0
2019-06-11,1742,75389.0,1528205.0,20.55,20.6,20.1,20.1,-0.1,54.0
2019-06-12,1742,72401.0,1435089.0,20.0,20.15,19.65,19.8,-0.3,46.0
2019-06-13,1742,69051.0,1360399.0,19.75,20.05,19.6,19.7,-0.1,40.0
2019-06-14,1742,65431.0,1298033.0,19.75,19.95,19.75,19.8,0.1,50.0
2019-06-17,1742,808867.0,15321875.0,19.55,19.55,19.0,19.5,-0.3,84.0
2019-06-18,1742,12004.0,234026.0,19.5,19.55,19.35,19.35,-0.15,13.0
2019-06-19,1742,110052.0,2152058.0,19.35,19.8,19.35,19.4,0.05,72.0
2019-06-20,1742,33001.0,639369.0,19.25,19.5,19.25,19.4,0.0,29.0
2019-06-21,1742,76205.0,1472206.0,19.4,19.45,19.2,19.45,0.05,54.0
2019-06-24,1742,27002.0,521588.0,19.45,19.45,19.2,19.25,-0.2,23.0
2019-06-25,1742,50001.0,962719.0,19.4,19.4,19.2,19.2,-0.05,28.0
2019-06-26,1742,70079.0,1336104.0,19.2,19.2,19.0,19.05,-0.15,49.0
2019-06-27,1742,347001.0,6995069.0,20.6,20.6,19.8,19.95,0.9,224.0
2019-06-28,1742,111000.0,2181850.0,19.6,20.05,19.55,19.65,-0.3,51.0
2019-07-01,1742,50000.0,970300.0,19.55,19.55,19.25,19.5,-0.15,40.0
2019-07-02,1742,111004.0,2174626.0,19.35,19.85,19.35,19.45,-0.05,81.0
2019-07-03,1742,35155.0,684514.0,19.3,19.6,19.3,19.45,0.0,29.0
2019-07-04,1742,73894.0,1445043.0,19.55,19.6,19.5,19.55,0.1,43.0
2019-07-05,1742,51123.0,997823.0,19.55,19.65,19.45,19.45,-0.1,35.0
2019-07-08,1742,24727.0,481064.0,19.5,19.55,19.4,19.4,-0.05,26.0
2019-07-09,1742,57587.0,1109261.0,19.2,19.4,19.1,19.25,-0.15,34.0
2019-07-10,1742,46142.0,901390.0,19.35,19.8,19.35,19.45,0.2,30.0
2019-07-11,1742,188355.0,3718071.0,19.7,19.95,19.55,19.65,0.2,134.0
2019-07-12,1742,237640.0,4585492.0,19.6,19.65,19.0,19.6,-0.05,103.0
2019-07-15,1742,192058.0,3703254.0,19.75,19.75,19.0,19.0,-0.6,95.0
2019-07-16,1742,252022.0,4740807.0,19.15,19.15,18.65,18.65,-0.35,123.0
2019-07-17,1742,160000.0,3051550.0,18.8,19.65,18.75,18.75,0.1,111.0
2019-07-18,1742,76001.0,1436818.0,19.0,19.1,18.75,18.75,0.0,43.0
2019-07-19,1742,90064.0,1712009.0,19.0,19.15,18.9,19.05,0.3,43.0
2019-07-22,1742,77065.0,1451561.0,19.1,19.1,18.65,18.65,-0.4,47.0
2019-07-23,1742,121063.0,2286434.0,18.8,19.0,18.7,18.95,0.3,54.0
2019-07-24,1742,68044.0,1298232.0,19.2,19.2,18.95,18.95,0.0,29.0
2019-07-25,1742,275410.0,5160644.0,18.85,19.0,18.5,18.5,-0.45,107.0
2019-07-26,1742,86773.0,1644097.0,18.7,19.3,18.7,18.8,0.3,66.0
2019-07-29,1742,106409.0,2008857.0,19.25,19.25,18.75,18.75,-0.05,71.0
2019-07-30,1742,101564.0,1897976.0,18.85,18.85,18.55,18.55,-0.2,53.0
2019-07-31,1742,142092.0,2658255.0,18.7,19.1,18.55,18.55,0.0,83.0
2019-08-01,1742,337033.0,6169634.0,18.55,19.0,17.9,17.9,-0.65,130.0
2019-08-02,1742,185007.0,3336224.0,18.1,18.2,17.9,17.95,0.05,104.0
2019-08-05,1742,212001.0,3781067.0,18.1,18.25,17.65,17.65,-0.3,72.0
2019-08-06,1742,253034.0,4391888.0,17.5,17.65,16.7,17.3,-0.35,106.0
2019-08-07,1742,245853.0,4340506.0,17.55,18.05,17.3,17.3,0.0,100.0
2019-08-08,1742,575148.0,10781662.0,17.45,19.0,17.45,19.0,1.7,263.0
2019-08-12,1742,737442.0,14023398.0,18.9,19.4,18.8,19.0,0.0,316.0
2019-08-13,1742,143474.0,2728807.0,19.0,19.2,18.95,19.0,0.0,82.0
2019-08-14,1742,254076.0,4884644.0,19.1,19.7,19.1,19.15,0.15,138.0
2019-08-15,1742,99139.0,1896211.0,19.05,19.2,19.05,19.1,-0.05,59.0
2019-08-16,1742,385008.0,7603009.0,19.15,20.25,19.15,20.25,1.15,191.0
2019-08-19,1742,410008.0,8374860.0,20.3,20.9,20.0,20.2,-0.05,204.0
2019-08-20,1742,111602.0,2249100.0,20.5,20.5,20.1,20.2,0.0,66.0
2019-08-21,1742,119952.0,2420335.0,20.15,20.25,20.1,20.15,-0.05,50.0
2019-08-22,1742,199400.0,4022240.0,20.2,20.3,20.0,20.2,0.05,85.0
2019-08-23,1742,55001.0,1109820.0,20.2,20.4,20.15,20.2,0.0,35.0
2019-08-26,1742,145104.0,2909430.0,20.05,20.15,20.0,20.05,-0.15,66.0
2019-08-27,1742,85000.0,1704750.0,20.1,20.1,20.05,20.1,0.05,43.0
2019-08-28,1742,136364.0,2730030.0,20.1,20.1,19.75,20.05,-0.05,71.0
2019-08-29,1742,57003.0,1140060.0,20.0,20.0,20.0,20.0,-0.05,30.0
2019-08-30,1742,82009.0,1646930.0,20.05,20.15,20.05,20.15,0.15,30.0
2019-09-02,1742,76003.0,1528210.0,20.15,20.3,20.05,20.05,-0.1,43.0
2019-09-03,1742,48508.0,976358.0,20.1,20.35,20.05,20.3,0.25,35.0
2019-09-04,1742,45205.0,910159.0,20.3,20.35,20.1,20.1,-0.2,28.0
2019-09-05,1742,163001.0,3279320.0,20.3,20.3,20.05,20.1,0.0,44.0
2019-09-06,1742,49341.0,994570.0,20.1,20.4,20.1,20.2,0.1,33.0
2019-09-09,1742,152449.0,3091368.0,20.05,20.9,20.05,20.35,0.15,86.0
2019-09-10,1742,210460.0,4395251.0,20.35,21.35,20.3,21.2,0.85,133.0
2019-09-11,1742,231437.0,4834870.0,20.3,21.5,20.3,21.3,0.1,149.0
2019-09-12,1742,139304.0,2959764.0,21.0,21.8,21.0,21.2,-0.1,91.0
2019-09-16,1742,62204.0,1308524.0,21.2,21.25,20.75,21.2,0.0,44.0
2019-09-17,1742,9179.0,192072.0,20.95,21.05,20.8,20.9,-0.3,10.0
2019-09-18,1742,36640.0,770390.0,21.1,21.25,20.85,21.1,0.2,32.0
2019-09-19,1742,44000.0,921100.0,21.3,21.3,20.75,20.75,-0.35,33.0
2019-09-20,1742,107281.0,2234384.0,20.85,21.0,20.75,20.75,0.0,37.0
2019-09-23,1742,67287.0,1404762.0,20.75,20.95,20.6,20.6,-0.15,21.0
2019-09-24,1742,121535.0,2469209.0,20.55,20.55,20.2,20.3,-0.3,46.0
2019-09-25,1742,78000.0,1566750.0,19.9,20.2,19.9,20.0,-0.3,30.0
2019-09-26,1742,121771.0,2479900.0,20.0,20.55,20.0,20.5,0.5,43.0
2019-09-27,1742,78000.0,1588650.0,20.55,20.55,20.15,20.15,-0.35,18.0
2019-10-01,1742,95002.0,1911840.0,20.2,20.2,20.0,20.0,-0.15,26.0
2019-10-02,1742,657719.0,14030434.0,21.9,21.95,20.1,20.1,0.1,352.0
2019-10-03,1742,120900.0,2460749.0,20.0,20.55,20.0,20.5,0.4,67.0
2019-10-04,1742,77577.0,1574940.0,20.5,20.5,20.25,20.3,-0.2,33.0
2019-10-07,1742,106964.0,2205812.0,20.4,20.85,20.4,20.65,0.35,44.0
2019-10-08,1742,71000.0,1463950.0,20.8,20.8,20.5,20.5,-0.15,22.0
2019-10-09,1742,107002.0,2151190.0,20.2,20.2,20.0,20.1,-0.4,43.0
2019-10-14,1742,22001.0,443020.0,20.1,20.35,20.05,20.05,-0.05,18.0
2019-10-15,1742,93819.0,1894296.0,20.25,20.45,20.0,20.05,0.0,51.0
2019-10-16,1742,71005.0,1423500.0,20.05,20.3,20.0,20.0,-0.05,35.0
2019-10-17,1742,67000.0,1331650.0,20.2,20.2,19.5,20.15,0.15,42.0
2019-10-18,1742,49697.0,1001328.0,20.2,20.25,20.0,20.2,0.05,33.0
2019-10-21,1742,61030.0,1226651.0,20.0,20.15,20.0,20.05,-0.15,30.0
2019-10-22,1742,65102.0,1303878.0,20.05,20.15,19.95,20.0,-0.05,34.0
2019-10-23,1742,28000.0,560050.0,20.05,20.05,19.95,20.0,0.0,16.0
2019-10-24,1742,209202.0,4276249.0,20.2,21.85,20.2,20.5,0.5,86.0
2019-10-25,1742,79454.0,1612075.0,20.4,20.4,20.2,20.25,-0.25,34.0
2019-10-28,1742,224922.0,4693939.0,20.5,21.5,20.35,20.75,0.5,146.0
2019-10-29,1742,211531.0,4443538.0,21.0,21.3,20.8,20.8,0.05,111.0
2019-10-30,1742,70965.0,1453340.0,20.8,20.8,20.3,20.4,-0.4,31.0
2019-10-31,1742,106000.0,2183400.0,20.4,21.2,20.4,20.45,0.05,35.0
2019-11-01,1742,29003.0,592011.0,20.4,20.5,20.35,20.45,0.0,16.0
2019-11-04,1742,172005.0,3527550.0,20.8,20.8,20.45,20.5,0.05,35.0
2019-11-05,1742,107687.0,2207410.0,20.4,20.6,20.4,20.4,-0.1,32.0
2019-11-06,1742,462676.0,9576688.0,20.6,21.35,20.4,20.5,0.1,174.0
2019-11-07,1742,322001.0,6667370.0,20.5,20.95,20.5,20.75,0.25,98.0
2019-11-08,1742,36001.0,737770.0,20.4,20.65,20.4,20.55,-0.2,22.0
2019-11-11,1742,33003.0,676960.0,20.55,20.6,20.45,20.5,-0.05,25.0
2019-11-12,1742,24286.0,498554.0,20.55,20.65,20.5,20.65,0.15,13.0
2019-11-13,1742,17002.0,349241.0,20.55,20.55,20.5,20.55,-0.1,13.0
2019-11-14,1742,76000.0,1539050.0,20.5,20.5,20.1,20.15,-0.4,38.0
2019-11-15,1742,25640.0,518963.0,20.15,20.35,20.15,20.2,0.05,17.0
2019-11-18,1742,126974.0,2581021.0,20.4,20.6,20.3,20.4,0.2,33.0
2019-11-19,1742,353129.0,7381518.0,20.65,21.3,20.5,20.85,0.45,151.0
2019-11-20,1742,415360.0,8624956.0,20.85,21.25,20.35,20.4,-0.45,188.0
2019-11-21,1742,28004.0,571981.0,20.4,20.55,20.35,20.5,0.1,23.0
2019-11-22,1742,201414.0,4137353.0,20.55,20.6,20.4,20.4,-0.1,40.0
2019-11-25,1742,59051.0,1218835.0,20.7,20.8,20.4,20.4,0.0,35.0
2019-11-26,1742,21383.0,437424.0,20.65,20.65,20.4,20.4,0.0,19.0
2019-11-27,1742,48201.0,985998.0,20.5,20.6,20.4,20.4,0.0,38.0
2019-11-28,1742,183300.0,3776827.0,20.45,20.8,20.45,20.75,0.35,62.0
2019-11-29,1742,235921.0,4777003.0,20.75,20.75,19.7,20.2,-0.55,96.0
2019-12-02,1742,195742.0,3922889.0,20.1,20.2,19.8,20.0,-0.2,66.0
2019-12-03,1742,121010.0,2471803.0,20.0,20.8,20.0,20.3,0.3,38.0
2019-12-04,1742,115128.0,2306210.0,20.2,20.2,20.0,20.0,-0.3,55.0
2019-12-05,1742,207001.0,4153520.0,20.0,20.15,19.95,20.0,0.0,52.0
2019-12-06,1742,228590.0,4609088.0,20.15,20.45,20.1,20.2,0.2,40.0
2019-12-09,1742,73456.0,1503746.0,20.4,20.75,20.3,20.7,0.5,43.0
2019-12-10,1742,225001.0,4652371.0,20.7,21.0,20.3,21.0,0.3,95.0
2019-12-11,1742,463000.0,9999150.0,21.9,21.95,21.25,21.25,0.25,238.0
2019-12-12,1742,101000.0,2112650.0,21.05,21.3,20.75,20.75,-0.5,60.0
2019-12-13,1742,84500.0,1747475.0,20.75,20.85,20.5,20.7,-0.05,58.0
2019-12-16,1742,45921.0,947545.0,20.9,20.9,20.5,20.5,-0.2,37.0
2019-12-17,1742,48002.0,985990.0,20.5,20.6,20.4,20.5,0.0,19.0
2019-12-18,1742,78448.0,1598403.0,20.8,20.8,20.3,20.3,-0.2,42.0
2019-12-19,1742,23410.0,475891.0,20.3,20.4,20.2,20.2,-0.1,13.0
2019-12-20,1742,63002.0,1271790.0,20.2,20.3,20.05,20.15,-0.05,34.0
2019-12-23,1742,39713.0,801610.0,20.3,20.4,20.15,20.15,0.0,26.0
2019-12-24,1742,41941.0,844812.0,20.15,20.2,20.1,20.1,-0.05,24.0
2019-12-25,1742,125008.0,2571810.0,20.3,21.0,20.3,20.35,0.25,87.0
2019-12-26,1742,62007.0,1264540.0,20.35,20.6,20.3,20.4,0.05,46.0
2019-12-27,1742,176050.0,3607817.0,20.45,20.8,20.4,20.4,0.0,42.0
2019-12-30,1742,162121.0,3288056.0,20.35,20.35,20.05,20.3,-0.1,48.0
2019-12-31,1742,148008.0,3021410.0,20.2,20.7,20.2,20.25,-0.05,45.0
2020-01-02,1742,47486.0,972514.0,20.25,20.6,20.25,20.4,0.15,38.0
2020-01-03,1742,71690.0,1456650.0,20.25,20.6,20.15,20.2,-0.2,43.0
2020-01-06,1742,56001.0,1140770.0,20.35,20.7,20.1,20.35,0.15,40.0
2020-01-07,1742,64500.0,1304300.0,20.35,20.35,20.15,20.15,-0.2,36.0
2020-01-08,1742,12002.0,243340.0,20.25,20.3,20.2,20.25,0.1,13.0
2020-01-09,1742,181000.0,3729400.0,20.55,20.8,20.5,20.5,0.25,95.0
2020-01-10,1742,142528.0,2898110.0,20.5,20.5,20.2,20.25,-0.25,67.0
2020-01-13,1742,57922.0,1181162.0,20.3,20.5,20.3,20.5,0.25,49.0
2020-01-14,1742,73005.0,1486200.0,20.5,20.5,20.3,20.35,-0.15,31.0
2020-01-15,1742,53001.0,1082620.0,20.4,20.55,20.35,20.4,0.05,28.0
2020-01-16,1742,240034.0,4990655.0,20.5,21.0,20.5,20.9,0.5,128.0
2020-01-17,1742,234197.0,4915214.0,21.2,21.2,20.8,21.0,0.1,104.0
2020-01-20,1742,249166.0,5309751.0,21.7,21.7,21.05,21.25,0.25,127.0
2020-01-30,1742,418500.0,8626144.0,21.1,21.1,20.45,20.7,-0.55,169.0
2020-01-31,1742,392392.0,8210819.0,20.65,21.3,20.65,21.05,0.35,152.0
2020-02-03,1742,261281.0,5465151.0,20.8,21.15,20.65,21.15,0.1,147.0
2020-02-04,1742,890846.0,19963210.0,21.7,23.0,21.7,22.45,1.3,429.0
2020-02-05,1742,792045.0,18211564.0,23.0,23.5,22.7,22.75,0.3,384.0
2020-02-06,1742,264433.0,6049368.0,22.95,23.0,22.6,22.8,0.05,140.0
2020-02-07,1742,211506.0,4821232.0,22.95,22.95,22.7,22.8,0.0,109.0
2020-02-10,1742,855674.0,19989725.0,22.75,23.55,22.75,23.5,0.7,506.0
2020-02-11,1742,662282.0,15809370.0,24.0,24.35,23.6,23.65,0.15,433.0
2020-02-12,1742,777508.0,18364834.0,23.8,24.0,23.25,23.7,0.05,353.0
2020-02-13,1742,720414.0,17226249.0,24.0,24.2,23.7,23.8,0.1,273.0
2020-02-14,1742,312484.0,7480311.0,23.95,24.0,23.8,24.0,0.2,159.0
2020-02-17,1742,548928.0,13148322.0,24.1,24.3,23.75,23.95,-0.05,339.0
2020-02-18,1742,624673.0,15266165.0,24.05,25.0,23.85,24.55,0.6,327.0
2020-02-19,1742,607173.0,15046943.0,24.75,24.9,24.55,24.75,0.2,316.0
2020-02-20,1742,430520.0,10720536.0,24.85,25.0,24.8,24.8,0.05,204.0
2020-02-21,1742,706218.0,17286022.0,24.75,24.9,24.2,24.2,-0.6,357.0
2020-02-24,1742,576409.0,13620595.0,24.05,24.05,23.4,24.0,-0.2,304.0
2020-02-25,1742,223409.0,5303351.0,23.6,23.95,23.55,23.85,-0.15,142.0
2020-02-26,1742,266012.0,6360127.0,23.65,24.2,23.65,23.9,0.05,155.0
2020-02-27,1742,385548.0,9150584.0,23.85,24.0,23.55,24.0,0.1,195.0
2020-03-02,1742,366473.0,8612257.0,23.85,23.9,23.2,23.55,-0.45,208.0
2020-03-03,1742,376408.0,8953051.0,23.55,24.05,23.55,23.95,0.4,169.0
2020-03-04,1742,290026.0,6908124.0,23.75,24.0,23.65,23.9,-0.05,144.0
2020-03-05,1742,795293.0,19418160.0,24.3,24.65,24.1,24.65,0.75,456.0
2020-03-06,1742,1048330.0,26056850.0,24.6,25.4,24.45,25.0,0.35,648.0
2020-03-09,1742,407000.0,10043350.0,24.8,25.0,24.4,24.5,-0.5,229.0
2020-03-10,1742,506000.0,11710000.0,24.25,24.25,22.1,23.3,-1.2,261.0
2020-03-11,1742,207250.0,4756998.0,22.9,23.35,22.35,22.35,-0.95,125.0
2020-03-12,1742,941013.0,19204711.0,22.05,22.1,20.15,20.45,-1.9,313.0
2020-03-13,1742,695184.0,12834733.0,18.5,18.65,18.45,18.45,-2.0,228.0
2020-03-16,1742,464821.0,8685707.0,18.85,19.2,17.8,18.75,0.3,233.0
2020-03-17,1742,341628.0,6155304.0,18.0,18.4,17.85,18.15,-0.6,179.0
2020-03-18,1742,283640.0,5072318.0,18.05,18.3,17.7,17.8,-0.35,147.0
2020-03-19,1742,394422.0,6351713.0,17.35,17.35,16.05,16.15,-1.65,197.0
2020-03-20,1742,347644.0,6128825.0,16.15,17.75,16.1,17.75,1.6,130.0
2020-03-23,1742,173014.0,2965038.0,16.9,17.5,16.8,17.5,-0.25,113.0
2020-03-24,1742,270199.0,4850478.0,17.65,18.3,17.65,18.25,0.75,139.0
2020-03-25,1742,314016.0,5975954.0,18.9,19.2,18.5,19.2,0.95,166.0
2020-03-26,1742,170023.0,3255487.0,19.65,19.65,18.85,19.25,0.05,128.0
2020-03-27,1742,197038.0,3782522.0,19.35,19.4,19.05,19.2,-0.05,132.0
2020-03-30,1742,171682.0,3264258.0,19.2,19.2,18.85,19.1,-0.1,125.0
2020-03-31,1742,372007.0,7216983.0,19.5,19.75,19.05,19.25,0.15,119.0
2020-04-01,1742,109204.0,2072017.0,19.1,19.3,18.85,19.0,-0.25,87.0
2020-04-06,1742,83362.0,1579871.0,19.25,19.35,18.8,19.0,0.0,67.0
2020-04-07,1742,145013.0,2743884.0,19.25,19.25,18.7,18.7,-0.3,94.0
2020-04-08,1742,128017.0,2413757.0,18.65,19.0,18.65,18.75,0.05,88.0
2020-04-09,1742,65004.0,1229822.0,18.95,19.0,18.8,18.8,0.05,42.0
2020-04-10,1742,176006.0,3347714.0,18.8,19.2,18.8,19.15,0.35,80.0
2020-04-13,1742,138503.0,2650607.0,19.0,19.35,19.0,19.2,0.05,69.0
2020-04-14,1742,150642.0,2916736.0,19.15,19.45,19.1,19.45,0.25,77.0
2020-04-15,1742,427410.0,8683869.0,19.4,20.85,19.4,20.45,1.0,192.0
2020-04-16,1742,133821.0,2734591.0,20.65,20.65,20.2,20.5,0.05,97.0
2020-04-17,1742,121225.0,2475287.0,20.6,20.9,20.3,20.4,-0.1,75.0
2020-04-20,1742,125009.0,2513130.0,20.3,20.55,19.75,19.95,-0.45,53.0
2020-04-21,1742,92269.0,1809445.0,20.25,20.25,19.3,19.8,-0.15,67.0
2020-04-22,1742,39117.0,765439.0,19.6,19.75,19.35,19.75,-0.05,33.0
2020-04-23,1742,37006.0,725816.0,19.75,19.75,19.5,19.65,-0.1,31.0
2020-04-24,1742,57000.0,1121450.0,19.95,19.95,19.45,19.9,0.25,37.0
2020-04-27,1742,130509.0,2647180.0,19.9,20.5,19.85,20.3,0.4,56.0
2020-04-28,1742,247502.0,5085990.0,20.3,20.85,20.3,20.5,0.2,78.0
2020-04-29,1742,239820.0,4924295.0,20.5,20.9,20.2,20.5,0.0,63.0
2020-04-30,1742,122035.0,2506314.0,20.55,20.8,20.4,20.6,0.1,72.0
2020-05-04,1742,26004.0,535830.0,20.6,20.7,20.5,20.7,0.1,22.0
2020-05-05,1742,39033.0,802672.0,21.0,21.0,20.35,20.5,-0.2,30.0
2020-05-06,1742,459000.0,9779747.0,20.4,22.5,20.2,21.55,1.05,240.0
2020-05-07,1742,3645915.0,85859195.0,23.5,23.7,22.9,23.15,1.6,1416.0
2020-05-08,1742,857642.0,19385224.0,23.5,23.6,21.5,22.2,-0.95,489.0
2020-05-11,1742,592408.0,13693779.0,23.15,23.7,22.6,22.6,0.4,296.0
2020-05-12,1742,245640.0,5591777.0,23.0,23.05,22.4,22.8,0.2,129.0
2020-05-13,1742,405000.0,9383800.0,22.7,23.65,22.7,23.35,0.55,198.0
2020-05-14,1742,376457.0,8654111.0,23.15,23.4,22.7,23.15,-0.2,209.0
2020-05-15,1742,251001.0,5577321.0,22.85,22.85,21.8,22.0,-1.15,147.0
2020-05-18,1742,125001.0,2705471.0,21.75,22.0,21.4,21.6,-0.4,93.0
2020-05-19,1742,140014.0,3026899.0,21.95,22.3,21.35,21.5,-0.1,96.0
2020-05-20,1742,120914.0,2580259.0,21.7,21.7,21.15,21.6,0.1,84.0
2020-05-21,1742,132500.0,2839375.0,21.6,21.8,21.2,21.6,0.0,96.0
2020-05-22,1742,184002.0,3911042.0,21.45,21.55,21.05,21.55,-0.05,134.0
2020-05-25,1742,841813.0,19187640.0,21.35,23.45,20.8,23.4,1.85,444.0
2020-05-26,1742,1733173.0,40868305.0,23.7,24.0,22.8,23.45,0.05,982.0
2020-05-27,1742,508000.0,11680900.0,23.45,23.45,22.7,23.05,-0.4,252.0
2020-05-28,1742,379001.0,8748072.0,23.05,23.45,22.9,23.05,0.0,168.0
2020-05-29,1742,272281.0,6235856.0,22.95,23.1,22.5,22.95,-0.1,135.0
2020-06-01,1742,326281.0,7405386.0,22.95,22.95,22.55,22.65,-0.3,106.0
2020-06-02,1742,148360.0,3364298.0,22.55,22.9,22.55,22.65,0.0,80.0
2020-06-03,1742,155557.0,3522866.0,22.65,22.7,22.55,22.7,0.05,92.0
2020-06-04,1742,615000.0,14134450.0,22.9,23.65,22.55,22.55,-0.15,285.0
2020-06-05,1742,254000.0,5753600.0,22.7,22.95,22.5,22.6,0.05,100.0
2020-06-08,1742,258002.0,5752944.0,22.6,22.6,21.9,22.5,-0.1,147.0
2020-06-09,1742,245180.0,5403410.0,22.1,22.45,21.85,22.0,-0.5,118.0
2020-06-10,1742,161000.0,3482900.0,21.6,22.05,21.45,21.55,-0.45,99.0
2020-06-11,1742,145032.0,3068772.0,21.3,21.55,20.9,21.1,-0.45,121.0
2020-06-12,1742,97327.0,2042664.0,20.6,21.4,20.6,21.4,0.3,76.0
2020-06-15,1742,88000.0,1865400.0,21.2,21.55,21.05,21.5,0.1,52.0
2020-06-16,1742,374167.0,8503223.0,22.85,23.2,22.25,22.7,1.2,200.0
2020-06-17,1742,73030.0,1646113.0,22.7,22.8,22.2,22.2,-0.5,57.0
2020-06-18,1742,42563.0,945057.0,22.4,22.5,22.0,22.1,-0.1,37.0
2020-06-19,1742,113336.0,2505408.0,22.1,22.2,21.85,22.15,0.05,49.0
2020-06-22,1742,121453.0,2645919.0,22.15,22.15,21.25,22.05,-0.1,88.0
2020-06-23,1742,71641.0,1560359.0,21.9,22.1,21.6,21.85,-0.2,56.0
2020-06-24,1742,160000.0,3401100.0,21.7,21.7,21.0,21.05,-0.8,100.0
2020-06-29,1742,1242500.0,28332649.0,20.7,23.15,20.55,23.0,1.95,534.0
2020-06-30,1742,1157047.0,25555316.0,23.0,23.0,21.4,21.65,-1.35,675.0
2020-07-01,1742,207528.0,4541974.0,21.75,22.3,21.5,21.6,-0.05,123.0
2020-07-02,1742,130942.0,2862037.0,21.8,22.2,21.6,21.85,0.25,96.0
2020-07-03,1742,101640.0,2217202.0,22.0,22.2,21.5,22.0,0.15,74.0
2020-07-06,1742,128203.0,2783112.0,22.15,22.15,21.55,21.55,-0.45,86.0
2020-07-07,1742,153228.0,3300178.0,21.55,21.9,21.2,21.5,-0.05,117.0
2020-07-08,1742,233046.0,4998199.0,21.6,21.85,21.1,21.75,0.25,146.0
2020-07-09,1742,154868.0,3317010.0,21.7,21.7,21.2,21.65,-0.1,89.0
2020-07-10,1742,76000.0,1610100.0,21.3,21.4,21.0,21.15,-0.5,48.0
2020-07-13,1742,74150.0,1582625.0,21.15,21.65,21.05,21.5,0.35,38.0
2020-07-14,1742,153213.0,3242204.0,21.4,21.65,20.65,21.25,-0.25,90.0
2020-07-15,1742,147001.0,3102571.0,21.3,21.3,21.05,21.05,-0.2,40.0
2020-07-16,1742,64128.0,1345913.0,21.05,21.3,20.85,21.3,0.25,35.0
2020-07-17,1742,67179.0,1416894.0,20.95,21.35,20.8,21.3,0.0,47.0
2020-07-20,1742,57754.0,1198657.0,21.0,21.0,20.6,20.9,-0.4,42.0
2020-07-21,1742,67670.0,1394934.0,20.8,20.8,20.5,20.5,-0.4,54.0
2020-07-22,1742,180412.0,3787527.0,20.5,21.3,20.5,20.85,0.35,80.0
2020-07-23,1742,94125.0,1985549.0,21.0,21.4,20.9,21.3,0.45,48.0
2020-07-24,1742,448001.0,9582971.0,21.15,22.2,20.6,21.6,0.3,215.0
2020-07-27,1742,522001.0,11036570.0,22.0,22.0,20.9,21.05,-0.55,179.0
2020-07-28,1742,488096.0,10416655.0,21.2,22.1,20.75,21.05,0.0,182.0
2020-07-29,1742,211000.0,4439900.0,21.15,21.3,20.95,21.15,0.1,63.0
2020-07-30,1742,135245.0,2851045.0,21.15,21.45,20.75,21.15,0.0,64.0
2020-07-31,1742,145001.0,3022070.0,21.0,21.1,20.65,20.95,-0.2,79.0
2020-08-03,1742,176800.0,3680719.0,21.0,21.35,20.6,20.9,-0.05,108.0
2020-08-04,1742,132563.0,2721691.0,20.95,21.0,20.25,20.65,-0.25,80.0
2020-08-05,1742,198003.0,4065710.0,20.65,20.95,20.2,20.4,-0.25,133.0
2020-08-06,1742,324002.0,6604540.0,20.5,20.85,20.1,20.2,-0.2,195.0
2020-08-07,1742,49226.0,1007204.0,20.2,20.7,20.15,20.7,0.5,44.0
2020-08-10,1742,594504.0,12455729.0,20.9,21.35,20.35,20.9,0.2,220.0
2020-08-11,1742,245007.0,5097797.0,21.2,21.2,20.6,21.1,0.2,99.0
2020-08-12,1742,229000.0,4786450.0,20.9,21.3,20.6,20.8,-0.3,113.0
2020-08-13,1742,121001.0,2508820.0,20.8,20.95,20.6,20.9,0.1,63.0
2020-08-14,1742,261408.0,5504380.0,20.95,21.7,20.6,21.55,0.65,154.0
2020-08-17,1742,154296.0,3314782.0,21.75,21.75,21.25,21.5,-0.05,76.0
2020-08-18,1742,314005.0,6633653.0,21.3,21.5,20.8,21.35,-0.15,139.0
2020-08-19,1742,157768.0,3316353.0,21.35,21.35,20.8,21.3,-0.05,103.0
2020-08-20,1742,86000.0,1783650.0,20.9,21.05,20.5,20.9,-0.4,53.0
2020-08-21,1742,142436.0,2978156.0,20.9,21.15,20.8,21.1,0.2,81.0
2020-08-24,1742,349196.0,7389464.0,20.9,21.5,20.8,21.4,0.3,127.0
2020-08-25,1742,108630.0,2315868.0,21.5,21.5,21.2,21.25,-0.15,50.0
2020-08-26,1742,127281.0,2702435.0,21.4,21.55,21.1,21.45,0.2,63.0
2020-08-27,1742,237146.0,5007516.0,21.35,21.35,21.0,21.2,-0.25,100.0
2020-08-28,1742,164500.0,3479799.0,21.2,21.3,21.0,21.3,0.1,69.0
2020-08-31,1742,140514.0,2980471.0,21.3,21.4,21.1,21.3,0.0,70.0
2020-09-01,1742,69002.0,1469142.0,21.2,21.4,21.15,21.4,0.1,39.0
2020-09-02,1742,141477.0,2990118.0,21.25,21.35,21.05,21.05,-0.35,70.0
2020-09-03,1742,144822.0,3106025.0,21.05,21.8,21.05,21.35,0.3,68.0
2020-09-04,1742,195001.0,4164771.0,21.3,21.6,21.0,21.45,0.1,81.0
2020-09-07,1742,488860.0,10513254.0,21.65,21.7,21.25,21.5,0.05,124.0
2020-09-08,1742,298083.0,6426437.0,21.5,21.75,21.4,21.7,0.2,122.0
2020-09-09,1742,89209.0,1916292.0,21.6,21.6,21.35,21.6,-0.1,67.0
2020-09-10,1742,413004.0,9071134.0,21.65,22.5,21.6,21.7,0.1,213.0
2020-09-11,1742,513000.0,11236600.0,21.85,22.2,21.7,21.85,0.15,196.0
2020-09-14,1742,494618.0,10828151.0,21.9,22.4,21.75,22.0,0.15,179.0
2020-09-15,1742,501885.0,11014143.0,22.2,22.25,21.8,21.95,-0.05,193.0
2020-09-16,1742,145001.0,3173771.0,22.1,22.1,21.8,22.0,0.05,73.0
2020-09-17,1742,210302.0,4604413.0,21.9,22.0,21.8,22.0,0.0,103.0
2020-09-18,1742,107024.0,2346528.0,22.0,22.0,21.8,21.9,-0.1,50.0
2020-09-21,1742,135922.0,2978848.0,21.8,22.0,21.8,21.95,0.05,62.0
2020-09-22,1742,116502.0,2543541.0,21.95,22.0,21.75,22.0,0.05,59.0
2020-09-23,1742,73164.0,1597675.0,22.0,22.0,21.8,21.8,-0.2,36.0
2020-09-24,1742,108500.0,2340100.0,21.7,21.75,21.4,21.4,-0.4,60.0
2020-09-25,1742,88100.0,1873730.0,21.4,21.7,20.9,21.4,0.0,59.0
2020-09-28,1742,70781.0,1534640.0,21.4,21.95,21.4,21.7,0.3,39.0
2020-09-29,1742,63334.0,1371147.0,21.7,21.8,21.5,21.8,0.1,37.0
2020-09-30,1742,53331.0,1160080.0,21.65,21.85,21.65,21.85,0.05,33.0
2020-10-05,1742,91254.0,1987061.0,22.0,22.0,21.65,21.85,0.0,48.0
2020-10-06,1742,6001.0,131421.0,21.85,22.0,21.85,21.85,0.0,7.0
2020-10-07,1742,55365.0,1198928.0,21.65,21.7,21.55,21.55,-0.3,33.0
2020-10-08,1742,31140.0,675774.0,21.7,21.8,21.6,21.7,0.15,25.0
2020-10-12,1742,81205.0,1728161.0,21.6,21.6,20.9,20.9,-0.8,48.0
2020-10-13,1742,177499.0,3691879.0,20.9,21.5,20.45,21.2,0.3,105.0
2020-10-14,1742,86000.0,1819400.0,21.3,21.45,21.0,21.4,0.2,51.0
2020-10-15,1742,144922.0,3081112.0,21.4,21.45,21.1,21.15,-0.25,47.0
2020-10-16,1742,131000.0,2783250.0,21.15,21.5,21.1,21.4,0.25,56.0
2020-10-19,1742,50001.0,1073271.0,21.2,21.6,21.2,21.4,0.0,27.0
2020-10-20,1742,81001.0,1724671.0,21.3,21.5,21.2,21.5,0.1,49.0
2020-10-21,1742,51340.0,1101875.0,21.5,21.6,21.4,21.55,0.05,37.0
2020-10-22,1742,124000.0,2713900.0,21.65,22.4,21.6,21.75,0.2,78.0
2020-10-23,1742,110001.0,2396972.0,21.9,21.9,21.7,21.8,0.05,35.0
2020-10-26,1742,24701.0,538369.0,21.8,22.0,21.7,21.8,0.0,21.0
2020-10-27,1742,37501.0,813121.0,21.8,21.85,21.6,21.7,-0.1,22.0
2020-10-28,1742,87004.0,1877586.0,21.7,21.7,21.45,21.65,-0.05,54.0
2020-10-29,1742,54117.0,1160519.0,21.25,21.75,21.25,21.75,0.1,40.0
2020-10-30,1742,51001.0,1095623.0,21.6,21.6,21.4,21.4,-0.35,32.0
2020-11-02,1742,81006.0,1727531.0,21.4,21.4,21.25,21.25,-0.15,38.0
2020-11-03,1742,116854.0,2496792.0,21.25,21.7,21.25,21.4,0.15,79.0
2020-11-04,1742,42208.0,904584.0,21.5,21.6,21.35,21.4,0.0,31.0
2020-11-05,1742,83084.0,1789726.0,21.35,21.7,21.3,21.6,0.2,39.0
2020-11-06,1742,31219.0,672050.0,21.55,21.6,21.45,21.6,0.0,22.0
2020-11-09,1742,192080.0,4069272.0,21.6,21.6,21.0,21.0,-0.6,108.0
2020-11-10,1742,95100.0,1976393.0,21.0,21.0,20.7,20.75,-0.25,54.0
2020-11-11,1742,160074.0,3323617.0,20.55,21.7,20.45,21.3,0.55,89.0
2020-11-12,1742,41006.0,870934.0,21.15,21.4,21.05,21.35,0.05,34.0
2020-11-13,1742,19002.0,403944.0,21.3,21.35,21.2,21.35,0.0,19.0
2020-11-16,1742,100140.0,2121040.0,21.45,21.45,21.05,21.1,-0.25,44.0
2020-11-17,1742,102001.0,2116821.0,21.1,21.1,20.4,20.75,-0.35,45.0
2020-11-18,1742,27154.0,562969.0,20.7,20.8,20.65,20.75,0.0,27.0
2020-11-19,1742,59414.0,1220736.0,20.75,20.75,20.45,20.6,-0.15,39.0
2020-11-20,1742,31000.0,643450.0,20.75,20.85,20.7,20.75,0.15,17.0
2020-11-23,1742,60333.0,1238762.0,20.75,20.75,20.5,20.5,-0.25,48.0
2020-11-24,1742,123219.0,2491139.0,20.5,20.5,20.1,20.45,-0.05,73.0
2020-11-25,1742,115003.0,2330664.0,20.4,20.65,20.15,20.15,-0.3,53.0
2020-11-26,1742,86039.0,1729432.0,20.15,20.15,20.05,20.1,-0.05,37.0
2020-11-27,1742,58258.0,1167546.0,20.1,20.1,20.0,20.05,-0.05,32.0
2020-11-30,1742,54044.0,1081675.0,20.05,20.1,19.95,20.0,-0.05,35.0
2020-12-01,1742,30773.0,616747.0,20.0,20.15,20.0,20.05,0.05,23.0
2020-12-02,1742,67182.0,1350154.0,20.0,20.35,19.95,20.35,0.3,46.0
2020-12-03,1742,60331.0,1223719.0,20.25,20.5,20.2,20.4,0.05,34.0
2020-12-04,1742,74501.0,1521345.0,20.4,20.55,20.3,20.5,0.1,33.0
2020-12-07,1742,69845.0,1417951.0,20.6,20.6,20.2,20.5,0.0,39.0
2020-12-08,1742,140000.0,2842650.0,20.45,20.95,20.0,20.35,-0.15,70.0
2020-12-09,1742,32003.0,646759.0,20.35,20.35,20.15,20.15,-0.2,28.0
2020-12-10,1742,27501.0,554919.0,20.15,20.3,20.05,20.3,0.15,24.0
2020-12-11,1742,98046.0,1960990.0,20.15,20.3,19.4,20.25,-0.05,52.0
2020-12-14,1742,96819.0,1939779.0,20.05,20.25,20.0,20.15,-0.1,51.0
2020-12-15,1742,104636.0,2096793.0,20.0,20.25,20.0,20.2,0.05,27.0
2020-12-16,1742,36002.0,724990.0,20.2,20.2,20.1,20.1,-0.1,27.0
2020-12-17,1742,29257.0,585340.0,20.1,20.1,19.95,20.0,-0.1,18.0
2020-12-18,1742,72308.0,1441506.0,20.0,20.0,19.9,19.9,-0.1,37.0
2020-12-21,1742,69012.0,1378936.0,19.95,20.1,19.9,20.0,0.1,39.0
2020-12-22,1742,173009.0,3407373.0,19.95,19.95,19.5,19.5,-0.5,91.0
2020-12-23,1742,58645.0,1163663.0,19.5,19.95,19.5,19.75,0.25,50.0
2020-12-24,1742,27305.0,539435.0,19.7,19.9,19.7,19.9,0.15,27.0
2020-12-25,1742,28001.0,556969.0,19.9,20.0,19.75,19.85,-0.05,21.0
2020-12-28,1742,142541.0,2809654.0,19.8,19.9,19.5,19.85,0.0,53.0
2020-12-29,1742,177216.0,3567127.0,20.05,20.35,19.85,19.85,0.0,71.0
2020-12-30,1742,111253.0,2215322.0,19.8,20.2,19.65,20.15,0.3,46.0
2020-12-31,1742,83101.0,1652922.0,19.95,20.1,19.75,20.0,-0.15,41.0
2021-01-04,1742,45007.0,893338.0,20.0,20.0,19.75,19.95,-0.05,38.0
2021-01-05,1742,16502.0,328786.0,19.85,20.0,19.8,20.0,0.05,20.0
2021-01-06,1742,80262.0,1576515.0,19.75,19.8,19.5,19.6,-0.4,48.0
2021-01-07,1742,19291.0,379999.0,19.5,19.95,19.5,19.8,0.2,24.0
2021-01-08,1742,66356.0,1298855.0,19.8,19.8,19.5,19.55,-0.25,39.0
2021-01-11,1742,107644.0,2052336.0,19.0,19.3,18.95,19.15,-0.4,83.0
2021-01-12,1742,62835.0,1195231.0,19.15,19.25,18.8,19.0,-0.15,55.0
2021-01-13,1742,34416.0,653758.0,19.25,19.25,18.9,19.0,0.0,33.0
2021-01-14,1742,46029.0,873945.0,19.0,19.1,18.85,19.0,0.0,32.0
2021-01-15,1742,63614.0,1200981.0,18.9,18.95,18.85,18.9,-0.1,29.0
2021-01-18,1742,69113.0,1312266.0,18.9,19.4,18.8,19.3,0.4,39.0
2021-01-19,1742,97846.0,1905596.0,19.1,19.85,19.05,19.6,0.3,61.0
2021-01-20,1742,22136.0,425828.0,19.15,19.4,19.15,19.3,-0.3,26.0
2021-01-21,1742,35000.0,666400.0,19.05,19.1,19.0,19.0,-0.3,13.0
2021-01-22,1742,124717.0,2392904.0,19.15,20.1,19.0,19.4,0.4,75.0
2021-01-25,1742,44009.0,836786.0,19.2,19.25,18.9,18.9,-0.5,42.0
2021-01-26,1742,7184.0,136123.0,19.1,19.1,18.8,19.0,0.1,12.0
2021-01-27,1742,44001.0,835970.0,18.8,19.2,18.8,19.0,0.0,21.0
2021-01-28,1742,73001.0,1383169.0,18.95,19.1,18.85,19.05,0.05,30.0
2021-01-29,1742,49365.0,934430.0,19.2,19.2,18.8,18.8,-0.25,40.0
2021-02-01,1742,38827.0,737771.0,18.9,19.15,18.85,19.15,0.35,45.0
2021-02-02,1742,35008.0,670811.0,19.15,19.2,19.1,19.2,0.05,27.0
2021-02-03,1742,38645.0,733192.0,18.95,19.05,18.9,19.0,-0.2,27.0
2021-02-04,1742,110066.0,2079997.0,19.1,19.1,18.8,19.05,0.05,28.0
2021-02-05,1742,63009.0,1194779.0,18.9,19.15,18.85,19.15,0.1,28.0
2021-02-17,1742,166655.0,3291395.0,19.5,20.05,19.5,19.6,0.45,51.0
2021-02-18,1742,34209.0,673002.0,19.5,19.8,19.5,19.75,0.15,26.0
2021-02-19,1742,147383.0,2917777.0,20.0,20.0,19.45,19.9,0.15,80.0
2021-02-22,1742,110016.0,2184159.0,19.95,19.95,19.75,19.95,0.05,47.0
2021-02-23,1742,152013.0,3019004.0,19.95,19.95,19.6,19.85,-0.1,56.0
2021-02-24,1742,149364.0,2944040.0,19.95,19.95,19.6,19.75,-0.1,46.0
2021-02-25,1742,56522.0,1112542.0,19.7,19.9,19.6,19.85,0.1,55.0
2021-02-26,1742,170415.0,3383476.0,19.5,20.2,19.15,19.95,0.1,76.0
2021-03-02,1742,212457.0,4173965.0,19.75,19.95,19.35,19.35,-0.6,110.0
2021-03-03,1742,88036.0,1698046.0,19.35,19.45,19.2,19.3,-0.05,65.0
2021-03-04,1742,104741.0,1979171.0,19.0,19.0,18.65,18.95,-0.35,78.0
2021-03-05,1742,108021.0,2018495.0,18.65,18.8,18.55,18.65,-0.3,87.0
2021-03-08,1742,155252.0,2880799.0,18.9,18.9,18.4,18.5,-0.15,125.0
2021-03-09,1742,221292.0,3982354.0,18.35,18.35,17.75,18.1,-0.4,143.0
2021-03-10,1742,430734.0,7611931.0,18.1,18.25,17.4,17.8,-0.3,286.0
2021-03-11,1742,187013.0,3375941.0,17.75,18.4,17.6,18.25,0.45,91.0
2021-03-12,1742,344025.0,6143473.0,18.3,18.35,17.65,17.85,-0.4,165.0
2021-03-15,1742,128323.0,2307324.0,17.85,18.05,17.85,17.9,0.05,97.0
2021-03-16,1742,133243.0,2349855.0,17.95,17.95,17.5,17.65,-0.25,118.0
2021-03-17,1742,127801.0,2249211.0,17.6,17.8,17.4,17.7,0.05,83.0
2021-03-18,1742,24009.0,426566.0,17.7,17.85,17.7,17.8,0.1,27.0
2021-03-19,1742,29019.0,514594.0,17.7,17.85,17.55,17.7,-0.1,35.0
2021-03-22,1742,169481.0,3024670.0,17.7,18.05,17.6,18.0,0.3,100.0
2021-03-23,1742,43018.0,769535.0,18.0,18.1,17.8,18.1,0.1,42.0
2021-03-24,1742,56207.0,1006412.0,18.05,18.05,17.7,17.85,-0.25,25.0
2021-03-25,1742,66010.0,1174729.0,17.85,18.0,17.7,17.95,0.1,31.0
2021-03-26,1742,53784.0,964484.0,17.8,18.0,17.8,18.0,0.05,29.0
2021-03-29,1742,53637.0,963337.0,18.05,18.3,17.8,18.0,0.0,46.0
2021-03-30,1742,254765.0,4533498.0,18.15,18.15,17.7,17.7,-0.3,91.0
2021-03-31,1742,51021.0,902983.0,17.8,17.8,17.5,17.8,0.1,50.0
2021-04-01,1742,20010.0,354977.0,17.7,17.85,17.7,17.7,-0.1,23.0
2021-04-06,1742,57472.0,1019762.0,17.9,17.9,17.65,17.7,0.0,110.0
2021-04-07,1742,111424.0,1953837.0,17.6,17.65,17.45,17.6,-0.1,71.0
2021-04-08,1742,67775.0,1196074.0,17.6,17.85,17.45,17.8,0.2,59.0
2021-04-09,1742,66230.0,1164122.0,17.8,17.8,17.5,17.55,-0.25,47.0
2021-04-12,1742,214054.0,3709482.0,17.4,17.5,17.25,17.25,-0.3,115.0
2021-04-13,1742,98356.0,1699230.0,17.3,17.45,17.2,17.2,-0.05,57.0
2021-04-14,1742,84316.0,1453039.0,17.2,17.55,17.2,17.55,0.35,51.0
2021-04-15,1742,34336.0,599777.0,17.55,17.55,17.4,17.45,-0.1,25.0
2021-04-16,1742,52035.0,909459.0,17.6,17.6,17.4,17.55,0.1,27.0
2021-04-19,1742,87998.0,1550179.0,17.55,17.85,17.5,17.85,0.3,75.0
2021-04-20,1742,186266.0,3354906.0,17.8,18.45,17.8,18.0,0.15,86.0
2021-04-21,1742,95775.0,1723073.0,18.0,18.2,17.8,18.0,0.0,63.0
2021-04-22,1742,259815.0,4588268.0,18.0,18.1,17.4,17.45,-0.55,114.0
2021-04-23,1742,46451.0,819245.0,17.45,17.8,17.45,17.5,0.05,30.0
2021-04-26,1742,22285.0,390058.0,17.55,17.55,17.45,17.45,-0.05,22.0
2021-04-27,1742,91921.0,1595628.0,17.4,17.45,17.3,17.45,0.0,48.0
2021-04-28,1742,82852.0,1440834.0,17.45,17.5,17.35,17.35,-0.1,33.0
2021-04-29,1742,49466.0,860842.0,17.35,17.5,17.35,17.45,0.1,31.0
2021-05-03,1742,305404.0,5204896.0,17.45,17.75,16.95,17.0,-0.45,118.0
2021-05-04,1742,303183.0,4983618.0,17.0,17.0,16.3,16.9,-0.1,63.0
2021-05-05,1742,29001.0,483916.0,16.6,16.8,16.6,16.75,-0.15,10.0
2021-05-06,1742,43462.0,724131.0,16.75,17.05,16.5,16.55,-0.2,46.0
2021-05-07,1742,33007.0,539164.0,16.6,16.6,16.0,16.5,-0.05,28.0
2021-05-10,1742,110590.0,1834223.0,16.8,16.95,16.35,16.85,0.35,60.0
2021-05-11,1742,44130.0,723214.0,16.8,16.85,16.25,16.25,-0.6,39.0
2021-05-12,1742,61010.0,963010.0,16.0,16.0,15.35,15.8,-0.45,34.0
2021-05-13,1742,45002.0,692129.0,15.3,15.6,15.05,15.55,-0.25,30.0
2021-05-14,1742,66253.0,1079683.0,15.75,16.95,15.35,15.8,0.25,58.0
2021-05-17,1742,228027.0,3484578.0,15.05,16.2,15.05,16.1,0.3,38.0
2021-05-18,1742,46000.0,746050.0,16.4,16.4,16.1,16.4,0.3,16.0
2021-05-19,1742,91002.0,1428280.0,15.3,16.3,15.3,15.95,-0.45,30.0
2021-05-20,1742,134642.0,2093193.0,16.4,16.4,15.4,15.9,-0.05,52.0
2021-05-21,1742,59010.0,935503.0,15.65,16.35,15.65,16.3,0.4,37.0
2021-05-24,1742,83000.0,1318950.0,15.75,16.25,15.75,15.8,-0.5,47.0
2021-05-25,1742,18228.0,289877.0,15.9,15.95,15.8,15.9,0.1,17.0
2021-05-26,1742,51234.0,806768.0,15.7,15.95,15.7,15.9,0.0,22.0
2021-05-27,1742,50000.0,787450.0,15.7,15.9,15.6,15.6,-0.3,28.0
2021-05-28,1742,40000.0,628750.0,15.65,15.8,15.6,15.8,0.2,21.0
2021-05-31,1742,53823.0,856823.0,16.1,16.5,15.75,15.75,-0.05,39.0
2021-06-01,1742,11552.0,182119.0,15.75,15.9,15.7,15.85,0.1,14.0
2021-06-02,1742,71002.0,1109631.0,15.85,15.85,15.4,15.65,-0.2,35.0
2021-06-03,1742,17141.0,267898.0,15.6,15.75,15.6,15.65,0.0,14.0
2021-06-04,1742,96528.0,1503008.0,15.65,16.15,15.4,15.65,0.0,62.0
2021-06-07,1742,119333.0,1839870.0,15.6,15.6,15.4,15.4,-0.25,50.0
2021-06-08,1742,48038.0,741636.0,15.45,15.45,15.4,15.45,0.05,22.0
2021-06-09,1742,64004.0,994660.0,15.5,15.75,15.45,15.65,0.2,35.0
2021-06-10,1742,77671.0,1220509.0,15.6,16.3,15.6,15.6,-0.05,44.0
2021-06-11,1742,50020.0,786058.0,15.65,15.85,15.55,15.65,0.05,33.0
2021-06-15,1742,29005.0,452525.0,15.8,15.8,15.5,15.7,0.05,18.0
2021-06-16,1742,55517.0,866203.0,15.65,15.7,15.4,15.7,0.0,43.0
2021-06-17,1742,67763.0,1059082.0,15.7,16.1,15.45,16.1,0.4,49.0
2021-06-18,1742,19001.0,298865.0,15.8,15.8,15.7,15.7,-0.4,13.0
2021-06-21,1742,47303.0,735646.0,15.6,15.7,15.5,15.7,0.0,22.0
2021-06-22,1742,43701.0,684674.0,15.7,15.8,15.55,15.65,-0.05,34.0
2021-06-23,1742,67225.0,1044936.0,15.55,15.65,15.4,15.6,-0.05,29.0
2021-06-24,1742,72158.0,1117632.0,15.6,15.6,15.45,15.45,-0.15,30.0
2021-06-25,1742,68820.0,1062275.0,15.45,15.55,15.4,15.5,0.05,40.0
2021-06-28,1742,165619.0,2528899.0,15.4,15.6,15.2,15.25,-0.25,77.0
2021-06-29,1742,32243.0,490601.0,15.25,15.3,15.2,15.3,0.05,30.0
2021-06-30,1742,47215.0,717946.0,15.35,15.35,15.15,15.2,-0.1,33.0
2021-07-01,1742,91319.0,1385372.0,15.25,15.25,15.1,15.25,0.05,45.0
2021-07-02,1742,160033.0,2436153.0,15.3,15.35,15.1,15.35,0.1,54.0
2021-07-05,1742,72284.0,1109285.0,15.35,15.35,15.25,15.25,-0.1,21.0
2021-07-06,1742,54829.0,831985.0,15.25,15.25,15.15,15.2,-0.05,29.0
2021-07-07,1742,104698.0,1577671.0,15.2,15.25,15.0,15.15,-0.05,57.0
2021-07-08,1742,155981.0,2382292.0,15.15,15.4,15.15,15.2,0.05,57.0
2021-07-09,1742,126613.0,1904150.0,15.1,15.2,15.0,15.05,-0.15,80.0
2021-07-12,1742,55306.0,829779.0,15.2,15.2,14.95,15.0,-0.05,34.0
2021-07-13,1742,572604.0,9368114.0,15.55,16.5,15.55,16.5,1.5,169.0
2021-07-14,1742,430806.0,7819125.0,18.15,18.15,18.15,18.15,1.65,117.0
2021-07-15,1742,498630.0,9947659.0,19.95,19.95,19.95,19.95,1.8,185.0
2021-07-16,1742,5292741.0,115679348.0,21.9,21.9,21.2,21.9,1.95,2114.0
2021-07-19,1742,3340770.0,75170974.0,22.8,22.9,22.0,22.2,0.3,1727.0
2021-07-20,1742,1965702.0,43795810.0,22.3,23.05,21.5,22.95,0.75,1026.0
2021-07-21,1742,1649291.0,39659888.0,24.7,24.7,23.25,24.5,1.55,974.0
2021-07-22,1742,908771.0,21796126.0,24.5,24.5,23.5,23.7,-0.8,486.0
2021-07-23,1742,612037.0,14090572.0,23.2,23.9,22.1,22.6,-1.1,361.0
2021-07-26,1742,635439.0,14294352.0,22.6,23.0,21.9,22.6,0.0,359.0
2021-07-27,1742,384289.0,8698174.0,23.0,23.1,22.1,22.1,-0.5,204.0
2021-07-28,1742,493417.0,10277755.0,21.9,22.05,20.1,20.7,-1.4,250.0
2021-07-29,1742,459874.0,9409496.0,19.5,21.3,19.5,21.2,0.5,224.0
2021-07-30,1742,208917.0,4433907.0,21.0,21.35,21.0,21.0,-0.2,115.0
2021-08-02,1742,166522.0,3572507.0,21.15,22.0,21.15,21.35,0.35,100.0
2021-08-03,1742,481388.0,10170224.0,21.4,22.0,20.4,20.55,-0.8,275.0
2021-08-04,1742,219773.0,4497230.0,20.35,20.8,20.2,20.65,0.1,133.0
2021-08-05,1742,233466.0,4707273.0,20.75,20.85,19.85,20.0,-0.65,146.0
2021-08-06,1742,412483.0,7977188.0,19.75,20.2,18.8,18.8,-1.2,241.0
2021-08-09,1742,447217.0,8617955.0,19.7,19.75,18.9,19.35,0.55,176.0
2021-08-10,1742,360567.0,6644999.0,18.6,19.15,18.2,18.2,-1.15,165.0
2021-08-11,1742,198110.0,3538089.0,18.05,18.2,17.6,17.9,-0.3,109.0
2021-08-12,1742,849101.0,16417793.0,17.9,19.65,17.75,19.65,1.75,410.0
2021-08-13,1742,738377.0,13740743.0,18.6,19.15,18.2,18.7,-0.95,335.0
2021-08-16,1742,89002.0,1640086.0,18.8,18.8,18.25,18.3,-0.4,62.0
2021-08-17,1742,829527.0,16147073.0,18.7,20.1,18.3,18.6,0.3,469.0
2021-08-18,1742,261181.0,4948861.0,18.6,19.5,18.35,19.5,0.9,149.0
2021-08-19,1742,93051.0,1765664.0,19.4,19.4,18.55,18.8,-0.7,60.0
2021-08-20,1742,219360.0,4134621.0,19.1,19.25,18.7,18.8,0.0,44.0
2021-08-23,1742,87008.0,1675300.0,19.0,19.8,18.8,19.2,0.4,68.0
2021-08-24,1742,52103.0,1003119.0,19.2,19.4,19.1,19.15,-0.05,44.0
2021-08-25,1742,87001.0,1671020.0,19.4,19.4,19.1,19.1,-0.05,55.0
2021-08-26,1742,129004.0,2463474.0,19.45,19.45,18.85,18.85,-0.25,59.0
2021-08-27,1742,85235.0,1616625.0,18.95,19.15,18.55,19.1,0.25,60.0
2021-08-30,1742,77594.0,1477378.0,18.9,19.2,18.75,19.2,0.1,42.0
2021-08-31,1742,94042.0,1797553.0,19.15,19.15,19.0,19.15,-0.05,48.0
2021-09-01,1742,88134.0,1676703.0,19.1,19.2,18.85,19.15,0.0,57.0
2021-09-02,1742,88644.0,1675331.0,19.15,19.15,18.75,19.05,-0.1,66.0
2021-09-03,1742,113576.0,2150229.0,19.0,19.1,18.8,19.1,0.05,59.0
2021-09-06,1742,251439.0,4743641.0,19.3,19.3,18.7,18.8,-0.3,48.0
2021-09-07,1742,96222.0,1776617.0,18.8,18.8,18.35,18.4,-0.4,39.0
2021-09-08,1742,97760.0,1782570.0,18.1,18.4,18.0,18.25,-0.15,51.0
2021-09-09,1742,90027.0,1641341.0,18.15,18.35,18.15,18.2,-0.05,43.0
2021-09-10,1742,83000.0,1507550.0,18.2,18.2,18.0,18.15,-0.05,41.0
2021-09-13,1742,38115.0,693783.0,18.2,18.3,18.1,18.1,-0.05,36.0
2021-09-14,1742,48020.0,868911.0,18.2,18.2,18.0,18.05,-0.05,29.0
2021-09-15,1742,109102.0,1946847.0,17.7,18.05,17.7,17.8,-0.25,67.0
2021-09-16,1742,90813.0,1616293.0,17.95,18.0,17.55,17.7,-0.1,60.0
2021-09-17,1742,113103.0,2003590.0,17.7,17.85,17.65,17.7,0.0,45.0
2021-09-22,1742,57062.0,978766.0,17.5,17.55,17.0,17.2,-0.5,39.0
2021-09-23,1742,146000.0,2752300.0,18.4,18.9,18.4,18.9,1.7,82.0
2021-09-24,1742,637001.0,13210918.0,20.75,20.75,20.2,20.75,1.85,227.0
2021-09-27,1742,2428311.0,53342362.0,22.75,22.8,20.5,21.0,0.25,1196.0
2021-09-28,1742,1031620.0,22469602.0,21.0,22.5,21.0,21.35,0.35,521.0
2021-09-29,1742,794818.0,16171258.0,20.75,21.5,19.6,19.6,-1.75,417.0
2021-09-30,1742,499794.0,10263871.0,20.1,21.2,19.75,21.1,1.5,285.0
2021-10-01,1742,3810457.0,86258070.0,21.2,23.2,20.9,23.2,2.1,1321.0
2021-10-04,1742,3669123.0,81376454.0,23.35,23.35,20.9,21.4,-1.8,1550.0
2021-10-05,1742,1452686.0,32280541.0,21.9,23.0,21.15,21.9,0.5,878.0
2021-10-06,1742,808237.0,17827373.0,21.8,22.75,21.4,21.6,-0.3,450.0
2021-10-07,1742,356033.0,7792708.0,21.7,22.3,21.5,21.65,0.05,228.0
2021-10-08,1742,1442565.0,32686054.0,22.0,23.6,21.5,21.5,-0.15,863.0
2021-10-12,1742,380268.0,8165559.0,21.4,21.95,20.95,21.8,0.3,253.0
2021-10-13,1742,650389.0,14156663.0,22.4,22.6,21.0,22.3,0.5,414.0
2021-10-14,1742,1165755.0,26508271.0,22.3,23.7,21.7,21.7,-0.6,656.0
2021-10-15,1742,227908.0,4947928.0,21.7,22.0,21.4,21.5,-0.2,164.0
2021-10-18,1742,208101.0,4513800.0,21.3,22.15,21.1,21.8,0.3,164.0
2021-10-19,1742,159055.0,3443145.0,21.85,21.85,21.5,21.8,0.0,69.0
2021-10-20,1742,172487.0,3664161.0,21.95,21.95,21.0,21.0,-0.8,124.0
2021-10-21,1742,363700.0,7450654.0,21.0,21.1,20.3,20.65,-0.35,197.0
2021-10-22,1742,85306.0,1733993.0,20.65,20.65,20.2,20.3,-0.35,72.0
2021-10-25,1742,114146.0,2305568.0,20.4,20.45,19.85,20.2,-0.1,79.0
2021-10-26,1742,250555.0,5136322.0,20.2,21.2,20.05,20.35,0.15,121.0
2021-10-27,1742,63187.0,1291358.0,20.95,20.95,20.35,20.45,0.1,49.0
2021-10-28,1742,89013.0,1806707.0,20.4,20.45,20.2,20.35,-0.1,56.0
2021-10-29,1742,80001.0,1631619.0,20.5,20.6,20.2,20.2,-0.15,57.0
2021-11-01,1742,250257.0,4968125.0,20.15,20.25,19.7,19.75,-0.45,152.0
2021-11-02,1742,362113.0,6967717.0,19.75,19.75,19.0,19.0,-0.75,209.0
2021-11-03,1742,122804.0,2363370.0,19.15,19.55,19.0,19.55,0.55,94.0
2021-11-04,1742,165446.0,3175498.0,19.55,19.55,18.95,19.3,-0.25,113.0
2021-11-05,1742,106930.0,2042289.0,19.2,19.25,19.05,19.25,-0.05,57.0
2021-11-08,1742,103925.0,1985863.0,19.25,19.25,19.0,19.2,-0.05,79.0
2021-11-09,1742,126137.0,2424264.0,19.1,19.45,19.0,19.4,0.2,96.0
2021-11-10,1742,273316.0,5331548.0,19.35,19.9,19.1,19.4,0.0,139.0
2021-11-11,1742,299621.0,5825274.0,19.45,20.1,19.15,19.3,-0.1,136.0
2021-11-12,1742,156000.0,3067800.0,19.65,19.9,19.4,19.7,0.4,87.0
2021-11-15,1742,75105.0,1472906.0,19.7,19.8,19.4,19.7,0.0,53.0
2021-11-16,1742,243138.0,4681819.0,19.55,19.95,19.05,19.15,-0.55,130.0
2021-11-17,1742,53591.0,1032376.0,19.3,19.55,19.15,19.35,0.2,45.0
2021-11-18,1742,79004.0,1524675.0,19.25,19.35,19.2,19.25,-0.1,39.0
2021-11-19,1742,111305.0,2172285.0,19.3,19.85,19.2,19.75,0.5,79.0
2021-11-22,1742,44137.0,866342.0,19.8,19.8,19.4,19.55,-0.2,38.0
2021-11-23,1742,194525.0,3861316.0,20.05,20.05,19.65,19.7,0.15,115.0
2021-11-24,1742,35487.0,699242.0,19.7,19.85,19.65,19.75,0.05,33.0
2021-11-25,1742,29002.0,569389.0,19.9,19.9,19.5,19.8,0.05,25.0
2021-11-26,1742,84101.0,1643033.0,19.6,19.85,19.25,19.85,0.05,58.0
2021-11-29,1742,80109.0,1550203.0,19.7,19.7,19.2,19.3,-0.55,62.0
2021-11-30,1742,176012.0,3471328.0,19.5,19.95,19.35,19.95,0.65,91.0
2021-12-01,1742,162004.0,3275778.0,19.95,20.5,19.95,20.1,0.15,94.0
2021-12-02,1742,103083.0,2079699.0,20.3,20.5,20.05,20.05,-0.05,67.0
2021-12-03,1742,67358.0,1364473.0,20.45,20.5,20.1,20.15,0.1,42.0
2021-12-06,1742,72132.0,1464665.0,20.45,20.45,20.15,20.35,0.2,48.0
2021-12-07,1742,81411.0,1633665.0,20.4,20.4,19.95,20.05,-0.3,62.0
2021-12-08,1742,104056.0,2074659.0,20.05,20.15,19.7,19.85,-0.2,50.0
2021-12-09,1742,47695.0,935873.0,19.7,19.75,19.5,19.6,-0.25,44.0
2021-12-10,1742,40025.0,780089.0,19.6,19.65,19.35,19.6,0.0,27.0
2021-12-13,1742,60104.0,1189085.0,19.8,19.9,19.7,19.8,0.2,57.0
2021-12-14,1742,85058.0,1688196.0,19.9,20.05,19.7,19.9,0.1,53.0
2021-12-15,1742,95005.0,1883495.0,19.7,19.9,19.7,19.9,0.0,44.0
2021-12-16,1742,67003.0,1337558.0,20.0,20.1,19.9,19.95,0.05,33.0
2021-12-17,1742,100100.0,1992850.0,19.7,20.1,19.6,20.0,0.05,37.0
2021-12-20,1742,24200.0,484150.0,20.2,20.2,19.9,20.0,0.0,18.0
2021-12-21,1742,84504.0,1676803.0,20.0,20.0,19.7,19.95,-0.05,35.0
2021-12-22,1742,74052.0,1461073.0,19.8,19.85,19.65,19.65,-0.3,37.0
2021-12-23,1742,126013.0,2464604.0,19.55,19.75,19.4,19.7,0.05,73.0
2021-12-24,1742,109713.0,2150119.0,19.6,19.7,19.5,19.6,-0.1,49.0
2021-12-27,1742,64137.0,1255595.0,19.55,19.75,19.45,19.7,0.1,41.0
2021-12-28,1742,61037.0,1198825.0,19.8,19.8,19.6,19.6,-0.1,45.0
2021-12-29,1742,56067.0,1099017.0,19.55,19.85,19.55,19.85,0.25,52.0
2021-12-30,1742,48001.0,948069.0,19.8,19.85,19.7,19.75,-0.1,27.0
2022-01-03,1742,91653.0,1805855.0,19.75,19.8,19.6,19.65,-0.1,52.0
2022-01-04,1742,48003.0,945407.0,19.6,19.85,19.6,19.75,0.1,24.0
2022-01-05,1742,32804.0,647589.0,19.75,19.8,19.65,19.8,0.05,25.0
2022-01-06,1742,33000.0,649500.0,19.65,19.8,19.6,19.7,-0.1,15.0
2022-01-07,1742,50003.0,988557.0,19.85,19.95,19.65,19.75,0.05,33.0
2022-01-10,1742,142007.0,2761533.0,19.65,19.95,19.0,19.6,-0.15,76.0
2022-01-11,1742,48539.0,949857.0,19.6,19.65,19.55,19.6,0.0,35.0
2022-01-12,1742,38003.0,742658.0,19.6,19.65,19.5,19.55,-0.05,27.0
2022-01-13,1742,22011.0,429261.0,19.5,19.6,19.45,19.55,0.0,27.0
2022-01-14,1742,37369.0,726804.0,19.6,19.6,19.4,19.5,-0.05,32.0
2022-01-17,1742,92089.0,1770503.0,19.65,19.65,19.05,19.3,-0.2,59.0
2022-01-18,1742,34615.0,679848.0,19.5,20.0,19.5,19.5,0.2,28.0
2022-01-19,1742,116021.0,2245857.0,19.3,19.95,19.2,19.95,0.45,71.0
2022-01-20,1742,131480.0,2589210.0,19.55,20.1,19.4,19.7,-0.25,71.0
2022-01-21,1742,102005.0,1991746.0,19.7,19.95,19.3,19.95,0.25,61.0
2022-01-24,1742,122004.0,2394180.0,19.6,19.95,19.45,19.5,-0.45,72.0
2022-01-25,1742,71009.0,1373928.0,19.35,19.45,19.25,19.35,-0.15,52.0
2022-01-26,1742,68004.0,1315176.0,19.25,19.5,19.25,19.4,0.05,41.0
2022-02-07,1742,142091.0,2834589.0,20.0,20.1,19.5,19.65,0.25,85.0
2022-02-08,1742,40839.0,804869.0,19.5,19.8,19.5,19.8,0.15,46.0
2022-02-09,1742,26060.0,514121.0,19.8,19.8,19.65,19.7,-0.1,29.0
2022-02-10,1742,166061.0,3287949.0,19.65,19.9,19.55,19.9,0.2,70.0
2022-02-11,1742,182207.0,3642194.0,19.9,20.1,19.9,19.95,0.05,86.0
2022-02-14,1742,1765431.0,38328861.0,19.95,21.9,19.9,21.9,1.95,683.0
2022-02-15,1742,2444523.0,53799153.0,22.0,22.75,21.0,21.35,-0.55,1418.0
2022-02-16,1742,660045.0,13720355.0,21.5,21.5,20.25,20.6,-0.75,429.0
2022-02-17,1742,415196.0,8806419.0,20.75,21.8,20.6,20.85,0.25,295.0
2022-02-18,1742,433308.0,9203270.0,21.15,21.7,20.6,21.5,0.65,243.0
2022-02-21,1742,477211.0,10310119.0,21.65,22.2,21.2,21.4,-0.1,297.0
2022-02-22,1742,154008.0,3218020.0,21.45,21.45,20.55,20.85,-0.55,101.0
2022-02-23,1742,80647.0,1691320.0,21.3,21.3,20.8,20.95,0.1,61.0
2022-02-24,1742,255781.0,5323981.0,21.1,21.1,20.7,21.0,0.05,132.0
2022-02-25,1742,150520.0,3163120.0,21.0,21.15,20.75,21.0,0.0,103.0
2022-03-01,1742,77547.0,1630439.0,20.95,21.1,20.95,21.05,0.05,78.0
2022-03-02,1742,147008.0,3123822.0,21.1,21.5,20.95,21.5,0.45,91.0
2022-03-03,1742,242505.0,5264853.0,21.9,21.9,21.45,21.65,0.15,131.0
2022-03-04,1742,159046.0,3422526.0,21.6,21.8,21.05,21.65,0.0,106.0
2022-03-07,1742,247013.0,5317195.0,21.5,21.75,21.35,21.4,-0.25,136.0
2022-03-08,1742,341125.0,7327268.0,21.75,21.75,21.25,21.25,-0.15,166.0
2022-03-09,1742,108295.0,2292156.0,21.05,21.35,21.0,21.2,-0.05,55.0
2022-03-10,1742,85230.0,1812269.0,21.2,21.65,21.1,21.1,-0.1,69.0
2022-03-11,1742,154128.0,3216072.0,21.1,21.1,20.65,20.75,-0.35,98.0
2022-03-14,1742,796631.0,17231639.0,20.95,21.95,20.95,21.95,1.2,357.0
2022-03-15,1742,3045242.0,69362220.0,22.2,23.6,21.75,21.75,-0.2,1582.0
2022-03-16,1742,434785.0,9377973.0,21.9,22.1,21.1,21.35,-0.4,273.0
2022-03-17,1742,1456035.0,34078063.0,23.25,23.45,22.7,23.45,2.1,349.0
2022-03-18,1742,3567440.0,79519801.0,23.0,23.25,21.25,22.7,-0.75,1748.0
2022-03-21,1742,470714.0,10503565.0,22.7,22.7,22.05,22.35,-0.35,344.0
2022-03-22,1742,1090125.0,24593263.0,22.6,23.35,21.8,21.8,-0.55,707.0
2022-03-23,1742,1075424.0,22847944.0,21.95,22.1,20.85,21.05,-0.75,565.0
2022-03-24,1742,433329.0,9060306.0,21.05,21.1,20.8,20.8,-0.25,264.0
2022-03-25,1742,307366.0,6474792.0,20.9,21.4,20.75,21.1,0.3,193.0
2022-03-28,1742,395403.0,8107524.0,21.1,21.1,20.35,20.4,-0.7,205.0
2022-03-29,1742,505515.0,10820528.0,20.5,21.9,20.5,21.8,1.4,319.0
2022-03-30,1742,199214.0,4276361.0,21.8,21.85,21.25,21.4,-0.4,118.0
2022-03-31,1742,397306.0,8629032.0,21.75,22.0,21.35,21.85,0.45,249.0
2022-04-01,1742,356499.0,7643784.0,21.8,22.15,20.9,21.25,-0.6,204.0
2022-04-06,1742,137012.0,2860014.0,20.95,21.0,20.7,20.95,-0.3,108.0
2022-04-07,1742,113057.0,2334435.0,20.9,21.0,20.55,20.6,-0.35,78.0
2022-04-08,1742,696670.0,15191202.0,20.75,22.45,20.75,21.8,1.2,407.0
2022-04-11,1742,320740.0,6901117.0,21.85,22.3,21.1,21.15,-0.65,233.0
2022-04-12,1742,140025.0,2938081.0,21.55,21.55,20.8,20.9,-0.25,90.0
2022-04-13,1742,93537.0,1985005.0,21.05,21.45,20.9,21.4,0.5,74.0
2022-04-14,1742,121634.0,2575659.0,21.2,21.4,20.95,21.2,-0.2,94.0
2022-04-15,1742,241187.0,5039974.0,21.45,21.45,20.65,20.65,-0.55,182.0
2022-04-18,1742,81165.0,1667104.0,20.65,20.65,20.4,20.55,-0.1,84.0
2022-04-19,1742,142027.0,2980171.0,20.6,21.4,20.6,20.8,0.25,100.0
2022-04-20,1742,59343.0,1246178.0,21.0,21.4,20.8,20.8,0.0,63.0
2022-04-21,1742,36306.0,760726.0,21.0,21.15,20.8,20.8,0.0,41.0
2022-04-22,1742,76341.0,1603005.0,20.8,21.25,20.8,20.85,0.05,82.0
2022-04-25,1742,101200.0,2077743.0,20.85,20.85,20.3,20.5,-0.35,53.0
2022-04-26,1742,58003.0,1193660.0,20.5,20.65,20.5,20.55,0.05,33.0
2022-04-27,1742,264002.0,5359790.0,20.5,20.85,20.1,20.3,-0.25,82.0
2022-04-28,1742,63198.0,1292037.0,20.3,20.7,20.3,20.55,0.25,39.0
2022-04-29,1742,52298.0,1076003.0,20.6,20.75,20.4,20.45,-0.1,54.0
2022-05-03,1742,119112.0,2492973.0,20.4,21.15,20.4,20.75,0.3,79.0
2022-05-04,1742,64002.0,1350892.0,20.85,21.2,20.85,21.2,0.45,32.0
2022-05-05,1742,299825.0,6457460.0,21.55,22.0,20.9,21.55,0.35,189.0
2022-05-06,1742,45038.0,933291.0,21.1,21.1,20.4,20.85,-0.7,33.0
2022-05-09,1742,68011.0,1413472.0,20.55,21.0,20.55,20.75,-0.1,50.0
2022-05-10,1742,30001.0,623670.0,20.75,21.0,20.75,20.85,0.1,23.0
2022-05-11,1742,28742.0,601161.0,20.9,21.0,20.85,20.95,0.1,41.0
2022-05-12,1742,56167.0,1171555.0,20.9,21.0,20.7,20.7,-0.25,38.0
2022-05-13,1742,51390.0,1065216.0,21.0,21.0,20.65,20.9,0.2,34.0
2022-05-16,1742,98505.0,2046323.0,20.85,20.9,20.65,20.65,-0.25,55.0
2022-05-17,1742,17007.0,354590.0,20.75,20.95,20.75,20.85,0.2,17.0
2022-05-18,1742,93008.0,1943463.0,20.9,21.0,20.7,20.8,-0.05,40.0
2022-05-19,1742,62300.0,1286395.0,20.65,20.7,20.6,20.65,-0.15,30.0
2022-05-20,1742,18007.0,377845.0,20.9,21.25,20.75,20.95,0.3,23.0
2022-05-23,1742,82004.0,1712680.0,20.85,21.0,20.8,20.8,-0.15,42.0
2022-05-24,1742,19002.0,395191.0,20.8,20.9,20.75,20.75,-0.05,15.0
2022-05-25,1742,25532.0,532485.0,20.8,21.0,20.8,20.9,0.15,25.0
2022-05-26,1742,55182.0,1155715.0,20.9,21.0,20.85,20.85,-0.05,38.0
2022-05-27,1742,78587.0,1651352.0,20.95,21.2,20.95,20.95,0.1,49.0
2022-05-30,1742,46202.0,976420.0,21.0,21.4,21.0,21.2,0.25,46.0
2022-05-31,1742,30199.0,643425.0,21.25,21.45,21.0,21.25,0.05,36.0
2022-06-01,1742,14101.0,300501.0,21.25,21.35,21.2,21.35,0.1,16.0
2022-06-02,1742,27000.0,573250.0,21.1,21.3,21.1,21.3,-0.05,14.0
2022-06-06,1742,62002.0,1331691.0,21.95,21.95,21.25,21.5,0.2,49.0
2022-06-07,1742,39045.0,827861.0,21.5,21.5,21.05,21.15,-0.35,35.0
2022-06-08,1742,24507.0,517770.0,21.2,21.2,21.05,21.2,0.05,32.0
2022-06-09,1742,30300.0,645007.0,21.2,21.45,21.1,21.4,0.2,26.0
2022-06-10,1742,53214.0,1137397.0,21.55,21.55,21.35,21.35,-0.05,35.0
2022-06-13,1742,52001.0,1104570.0,20.95,21.3,20.95,21.3,-0.05,23.0
2022-06-14,1742,45015.0,946462.0,21.25,21.25,20.9,20.95,-0.35,28.0
2022-06-15,1742,66047.0,1379422.0,21.0,21.0,20.85,20.95,0.0,31.0
2022-06-16,1742,37003.0,774010.0,21.0,21.0,20.85,20.85,-0.1,24.0
2022-06-17,1742,35369.0,735121.0,20.8,20.85,20.75,20.85,0.0,26.0
2022-06-20,1742,46004.0,948880.0,20.65,20.8,20.6,20.6,-0.25,24.0
2022-06-21,1742,20344.0,425231.0,20.65,21.2,20.65,21.2,0.6,27.0
2022-06-22,1742,150001.0,3139370.0,21.0,21.0,20.75,20.75,-0.45,19.0
2022-06-23,1742,88000.0,1829750.0,20.8,20.8,20.75,20.75,0.0,19.0
2022-06-24,1742,8002.0,166141.0,20.8,20.8,20.75,20.75,0.0,5.0
2022-06-27,1742,11220.0,233304.0,20.8,20.8,20.75,20.8,0.05,16.0
2022-06-28,1742,27014.0,562237.0,20.9,21.0,20.8,21.0,0.2,17.0
2022-06-29,1742,16181.0,336851.0,21.0,21.0,20.8,20.8,-0.2,12.0
2022-06-30,1742,176113.0,3743887.0,21.1,21.9,20.8,21.75,0.95,132.0
2022-07-01,1742,115118.0,2429023.0,21.75,21.75,20.8,20.95,-0.8,70.0
2022-07-04,1742,54026.0,1124691.0,20.85,20.9,20.8,20.8,-0.15,34.0
2022-07-05,1742,4003.0,82863.0,20.7,20.7,20.7,20.7,-0.1,5.0
2022-07-06,1742,38001.0,780720.0,20.8,20.8,20.1,20.75,0.05,26.0
2022-07-07,1742,33295.0,683776.0,20.4,20.8,20.4,20.8,0.05,15.0
2022-07-08,1742,21000.0,433850.0,20.65,20.8,20.6,20.8,0.0,10.0
2022-07-11,1742,28196.0,596224.0,20.85,21.85,20.5,20.85,0.05,26.0
2022-07-12,1742,51289.0,1060772.0,20.6,21.05,20.5,21.05,0.2,31.0
2022-07-13,1742,204307.0,4433637.0,21.1,22.0,20.9,20.9,-0.15,74.0
2022-07-14,1742,17218.0,357971.0,21.2,21.2,20.6,20.9,0.0,18.0
2022-07-15,1742,58004.0,1197680.0,20.75,20.75,20.6,20.7,-0.2,30.0
2022-07-18,1742,11024.0,227939.0,20.6,20.8,20.6,20.8,0.1,17.0
2022-07-19,1742,11183.0,231532.0,20.6,20.8,20.6,20.8,0.0,17.0
2022-07-20,1742,10405.0,214802.0,20.8,20.8,20.6,20.6,-0.2,12.0
2022-07-21,1742,49000.0,1006400.0,20.6,20.75,20.5,20.75,0.15,16.0
2022-07-22,1742,27021.0,559932.0,20.8,20.8,20.6,20.6,-0.15,14.0
2022-07-25,1742,3188.0,66103.0,20.8,20.8,20.7,20.7,0.1,24.0
2022-07-26,1742,16012.0,331651.0,20.7,20.9,20.7,20.9,0.2,9.0
2022-07-27,1742,31204.0,645242.0,20.95,21.05,20.5,20.55,-0.35,23.0
2022-07-28,1742,19003.0,391261.0,20.5,20.65,20.5,20.6,0.05,14.0
2022-07-29,1742,35361.0,726216.0,20.6,20.6,20.35,20.35,-0.25,15.0
2022-08-01,1742,24021.0,490834.0,20.4,20.45,20.4,20.45,0.1,16.0
2022-08-02,1742,119010.0,2451854.0,20.45,21.25,20.45,20.45,0.0,27.0
2022-08-03,1742,64101.0,1290026.0,20.0,20.4,20.0,20.4,-0.05,34.0
2022-08-04,1742,16000.0,321300.0,20.2,20.2,20.0,20.1,-0.3,12.0
2022-08-05,1742,31201.0,645029.0,20.5,20.7,20.5,20.55,0.45,16.0
2022-08-08,1742,1003.0,20810.0,20.75,20.75,20.75,20.75,0.2,4.0
2022-08-09,1742,8001.0,166220.0,20.8,20.8,20.65,20.65,-0.1,6.0
2022-08-10,1742,9043.0,185937.0,20.6,20.6,20.55,20.55,-0.1,7.0
2022-08-11,1742,26157.0,545785.0,20.65,21.0,20.65,20.7,0.15,20.0
2022-08-12,1742,12002.0,246290.0,20.7,20.7,20.3,20.5,-0.2,13.0
2022-08-15,1742,15021.0,308034.0,20.5,20.6,20.5,20.5,0.0,16.0
2022-08-16,1742,4012.0,82998.0,20.8,20.8,20.45,20.7,0.2,7.0
2022-08-17,1742,14121.0,289479.0,20.7,20.7,20.4,20.45,-0.25,14.0
2022-08-18,1742,14700.0,300620.0,20.3,20.75,20.25,20.45,0.0,18.0
2022-08-19,1742,18112.0,370894.0,20.5,20.5,20.4,20.4,-0.05,18.0
2022-08-22,1742,5400.0,111857.0,20.9,20.9,20.5,20.5,0.1,25.0
2022-08-23,1742,36328.0,736969.0,20.3,20.6,20.2,20.6,0.1,31.0
2022-08-24,1742,64361.0,1332666.0,20.6,20.8,20.6,20.7,0.1,30.0
2022-08-25,1742,79156.0,1653167.0,20.75,21.0,20.75,20.95,0.25,36.0
2022-08-26,1742,27224.0,567036.0,20.95,20.95,20.8,20.8,-0.15,16.0
2022-08-29,1742,8017.0,164948.0,20.7,20.7,20.5,20.6,-0.2,11.0
2022-08-30,1742,14001.0,293771.0,21.0,21.0,20.75,20.75,0.15,8.0
2022-08-31,1742,11051.0,228255.0,20.65,20.75,20.6,20.65,-0.1,10.0
2022-09-01,1742,9002.0,184590.0,20.5,20.55,20.5,20.5,-0.15,8.0
2022-09-02,1742,11175.0,230142.0,20.55,20.9,20.45,20.5,0.0,14.0
2022-09-05,1742,15384.0,316902.0,20.55,20.7,20.5,20.55,0.05,35.0
2022-09-06,1742,5061.0,104353.0,20.5,20.7,20.5,20.7,0.15,6.0
2022-09-07,1742,13156.0,270894.0,20.7,20.7,20.5,20.5,-0.2,14.0
2022-09-08,1742,7007.0,143340.0,20.4,20.6,20.4,20.6,0.1,11.0
2022-09-12,1742,3102.0,63949.0,20.6,20.7,20.55,20.7,0.1,7.0
2022-09-13,1742,19006.0,391620.0,20.7,20.7,20.5,20.65,-0.05,20.0
2022-09-14,1742,5107.0,104901.0,20.7,20.7,20.35,20.65,0.0,12.0
2022-09-15,1742,21208.0,435868.0,20.65,20.8,20.45,20.65,0.0,30.0
2022-09-16,1742,7896.0,162207.0,20.5,20.65,20.5,20.5,-0.15,7.0
2022-09-19,1742,18002.0,368790.0,20.5,20.5,20.4,20.5,0.0,10.0
2022-09-20,1742,290291.0,6166847.0,20.5,21.65,20.5,21.05,0.55,115.0
2022-09-21,1742,277194.0,5900730.0,20.95,21.45,20.95,21.1,0.05,110.0
2022-09-22,1742,248164.0,5350569.0,21.1,21.8,21.1,21.5,0.4,101.0
2022-09-23,1742,574180.0,12557175.0,21.65,22.35,21.4,21.4,-0.1,233.0
2022-09-26,1742,120480.0,2471012.0,21.4,21.4,20.1,20.1,-1.3,90.0
2022-09-27,1742,301043.0,6142857.0,20.1,20.9,19.8,20.15,0.05,108.0
2022-09-28,1742,102228.0,2047906.0,20.75,20.75,19.5,19.6,-0.55,85.0
2022-09-29,1742,89007.0,1759583.0,19.4,20.3,19.4,19.85,0.25,65.0
2022-09-30,1742,4000.0,79900.0,19.85,20.1,19.85,20.1,0.25,4.0
2022-10-03,1742,23320.0,470728.0,20.1,20.25,20.1,20.15,0.05,52.0
2022-10-04,1742,9433.0,191591.0,20.2,20.35,20.2,20.35,0.2,31.0
2022-10-05,1742,66104.0,1344959.0,20.4,20.4,20.15,20.35,0.0,56.0
2022-10-06,1742,340175.0,6495780.0,20.35,20.35,18.7,18.9,-1.45,239.0
2022-10-07,1742,240759.0,4557862.0,18.9,19.4,18.6,19.15,0.25,163.0
2022-10-11,1742,83537.0,1589504.0,19.15,19.2,18.85,18.95,-0.2,79.0
2022-10-12,1742,111297.0,2101955.0,18.95,19.05,18.75,18.95,0.0,102.0
2022-10-13,1742,123261.0,1928777.0,16.3,16.6,15.1,15.2,0.0,107.0
2022-10-14,1742,24225.0,376860.0,15.3,15.65,15.3,15.4,0.2,33.0
2022-10-17,1742,1287180.0,18087579.0,15.25,15.25,13.9,14.0,-1.4,385.0
2022-10-18,1742,161556.0,2340595.0,14.35,15.35,14.05,14.55,0.55,108.0
2022-10-19,1742,41002.0,594879.0,14.65,14.85,14.25,14.45,-0.1,35.0
2022-10-20,1742,21005.0,303111.0,14.55,14.6,14.25,14.55,0.1,33.0
2022-10-21,1742,26601.0,391880.0,14.6,14.85,14.6,14.75,0.2,27.0
2022-10-24,1742,29872.0,437541.0,14.75,14.8,14.5,14.8,0.05,25.0
2022-10-25,1742,14803.0,219056.0,14.85,14.85,14.8,14.8,0.0,18.0
2022-10-26,1742,315001.0,4704265.0,14.8,15.1,14.8,15.1,0.3,23.0
2022-10-27,1742,19000.0,286100.0,14.65,15.15,14.65,15.05,-0.05,13.0
2022-10-28,1742,44001.0,666715.0,15.1,15.2,15.1,15.1,0.05,17.0
2022-10-31,1742,3082.0,47454.0,15.5,15.5,15.2,15.2,0.1,5.0
2022-11-01,1742,21099.0,317404.0,15.2,15.2,14.95,15.2,0.0,14.0
2022-11-02,1742,30003.0,450695.0,15.1,15.15,15.0,15.15,-0.05,15.0
2022-11-03,1742,42069.0,636103.0,15.25,15.3,14.9,15.05,-0.1,29.0
2022-11-04,1742,22089.0,337304.0,15.0,15.4,15.0,15.4,0.35,29.0
2022-11-07,1742,11002.0,170430.0,15.2,15.65,15.2,15.65,0.25,12.0
2022-11-08,1742,33030.0,528519.0,15.8,16.2,15.8,15.95,0.3,20.0
2022-11-09,1742,8180.0,130378.0,15.8,16.1,15.8,16.0,0.05,7.0
2022-11-10,1742,22001.0,353965.0,15.9,16.3,15.8,16.1,0.1,15.0
2022-11-11,1742,15020.0,241962.0,16.25,16.25,16.1,16.1,0.0,13.0
2022-11-14,1742,7287.0,116792.0,16.2,16.2,15.95,16.1,0.0,9.0
2022-11-15,1742,13006.0,205087.0,15.85,15.9,15.55,15.65,-0.45,19.0
2022-11-16,1742,16000.0,249250.0,15.5,15.7,15.5,15.7,0.05,13.0
2022-11-17,1742,84067.0,1265318.0,15.6,15.6,14.85,15.1,-0.6,54.0
2022-11-18,1742,93204.0,1403223.0,15.2,15.2,14.85,15.05,-0.05,81.0
2022-11-21,1742,67939.0,1010911.0,14.8,15.0,14.8,14.8,-0.25,75.0
2022-11-22,1742,139484.0,2075055.0,14.8,15.0,14.8,14.8,0.0,43.0
2022-11-23,1742,31302.0,471256.0,15.0,15.3,15.0,15.0,0.2,31.0
2022-11-24,1742,18181.0,274816.0,15.35,15.35,15.05,15.05,0.05,30.0
2022-11-25,1742,60045.0,890156.0,15.35,15.35,14.6,14.6,-0.45,94.0
2022-11-28,1742,26358.0,383102.0,14.6,14.7,14.2,14.65,0.05,29.0
2022-11-29,1742,25651.0,370943.0,14.3,14.65,14.25,14.65,0.0,25.0
2022-11-30,1742,21605.0,319285.0,14.7,14.9,14.7,14.75,0.1,19.0
2022-12-01,1742,29664.0,438534.0,14.85,14.9,14.6,14.9,0.15,37.0
2022-12-02,1742,44248.0,670829.0,14.9,15.35,14.9,15.35,0.45,59.0
2022-12-05,1742,30605.0,468067.0,15.3,15.5,15.15,15.35,0.0,29.0
2022-12-06,1742,29407.0,447982.0,15.3,15.3,15.2,15.2,-0.15,30.0
2022-12-07,1742,44232.0,673047.0,15.3,15.3,15.1,15.1,-0.1,28.0
2022-12-08,1742,29317.0,441987.0,15.1,15.2,15.05,15.2,0.1,13.0
2022-12-09,1742,24528.0,369797.0,15.1,15.15,15.0,15.1,-0.1,21.0
2022-12-12,1742,8599.0,129641.0,15.0,15.05,14.9,15.05,-0.05,19.0
2022-12-13,1742,7235.0,108886.0,15.05,15.05,15.05,15.05,0.0,7.0
2022-12-14,1742,165920.0,2461557.0,14.6,15.3,14.6,14.75,-0.3,53.0
2022-12-15,1742,19979.0,297498.0,14.65,15.05,14.65,14.95,0.2,33.0
2022-12-16,1742,38142.0,563920.0,14.6,14.8,14.6,14.8,-0.15,16.0
2022-12-19,1742,8846.0,130059.0,15.0,15.0,14.65,14.65,-0.15,14.0
2022-12-20,1742,45835.0,671850.0,14.8,14.8,14.6,14.7,0.05,31.0
2022-12-21,1742,5320.0,78186.0,14.7,14.7,14.7,14.7,0.0,6.0
2022-12-22,1742,7479.0,110753.0,14.8,14.8,14.8,14.8,0.1,18.0
2022-12-23,1742,89150.0,1318406.0,14.75,14.95,14.7,14.85,0.05,24.0
2022-12-26,1742,4109.0,60967.0,14.85,14.85,14.8,14.8,-0.05,12.0
2022-12-27,1742,14809.0,220544.0,14.95,14.95,14.7,14.7,-0.1,22.0
2022-12-28,1742,10663.0,157575.0,14.8,14.85,14.7,14.85,0.15,18.0
2022-12-29,1742,40456.0,595668.0,14.9,14.9,14.7,14.75,-0.1,16.0
2022-12-30,1742,74000.0,1082750.0,14.55,14.9,14.55,14.65,-0.1,26.0
2023-01-03,1742,9493.0,137948.0,14.45,14.6,14.45,14.6,-0.05,19.0
2023-01-04,1742,28278.0,410565.0,14.45,14.6,14.45,14.6,0.0,21.0
2023-01-05,1742,29016.0,424933.0,14.9,14.9,14.55,14.6,0.0,22.0
2023-01-06,1742,21095.0,305873.0,14.45,14.55,14.45,14.45,-0.15,19.0
2023-01-09,1742,44766.0,652179.0,14.7,14.7,14.45,14.55,0.1,32.0
2023-01-10,1742,25550.0,370689.0,14.35,14.65,14.35,14.6,0.05,26.0
2023-01-11,1742,72908.0,1055353.0,14.55,14.6,14.3,14.6,0.0,46.0
2023-01-12,1742,19002.0,274629.0,14.65,14.65,14.35,14.4,-0.2,10.0
2023-01-13,1742,12675.0,183049.0,14.5,14.55,14.35,14.55,0.15,17.0
2023-01-16,1742,43007.0,622503.0,14.7,14.7,14.4,14.5,-0.05,26.0
2023-01-17,1742,35013.0,503891.0,14.4,14.5,14.3,14.5,0.0,24.0
2023-01-30,1742,70013.0,1008441.0,14.35,14.5,14.3,14.4,-0.1,37.0
2023-01-31,1742,62043.0,893826.0,14.35,14.5,14.3,14.4,0.0,31.0
2023-02-01,1742,51404.0,744437.0,14.5,14.5,14.45,14.5,0.1,29.0
2023-02-02,1742,105224.0,1530806.0,14.45,14.65,14.4,14.55,0.05,54.0
2023-02-03,1742,63095.0,920438.0,14.6,14.7,14.5,14.7,0.15,32.0
2023-02-06,1742,33806.0,495158.0,14.65,14.7,14.6,14.6,-0.1,29.0
2023-02-07,1742,26107.0,377866.0,14.55,14.65,14.3,14.65,0.05,29.0
2023-02-08,1742,25552.0,371274.0,14.55,14.6,14.5,14.6,-0.05,38.0
2023-02-09,1742,127520.0,1911495.0,15.05,15.1,14.85,14.9,0.3,74.0
2023-02-10,1742,26173.0,389881.0,14.9,14.9,14.85,14.9,0.0,20.0
2023-02-13,1742,25007.0,365307.0,14.8,14.8,14.55,14.55,-0.35,28.0
2023-02-14,1742,55043.0,805427.0,14.6,14.65,14.6,14.65,0.1,36.0
2023-02-15,1742,6475.0,95525.0,14.65,14.85,14.65,14.85,0.2,13.0
2023-02-16,1742,69168.0,1029985.0,14.8,15.05,14.8,14.85,0.0,37.0
2023-02-17,1742,22581.0,333777.0,14.9,14.9,14.65,14.65,-0.2,31.0
2023-02-20,1742,18566.0,274968.0,14.8,14.9,14.7,14.75,0.1,27.0
2023-02-21,1742,72458.0,1080918.0,14.95,14.95,14.8,14.95,0.2,39.0
2023-02-22,1742,71014.0,1057452.0,14.9,14.95,14.8,14.8,-0.15,27.0
2023-02-23,1742,194009.0,2845685.0,14.8,14.85,14.6,14.65,-0.15,93.0
2023-02-24,1742,38211.0,558830.0,14.7,14.7,14.6,14.6,-0.05,38.0
2023-03-01,1742,31183.0,459115.0,14.65,14.8,14.65,14.75,0.15,35.0
2023-03-02,1742,85549.0,1270096.0,14.8,14.95,14.75,14.85,0.1,58.0
2023-03-03,1742,930780.0,14895437.0,14.85,16.3,14.85,15.7,0.85,563.0
2023-03-06,1742,658232.0,10510149.0,15.7,16.3,15.7,15.9,0.2,334.0
2023-03-07,1742,214392.0,3380919.0,15.95,15.95,15.65,15.75,-0.15,80.0
2023-03-08,1742,179590.0,2789028.0,15.6,15.75,15.45,15.5,-0.25,117.0
2023-03-09,1742,38115.0,588842.0,15.5,15.5,15.4,15.5,0.0,46.0
2023-03-10,1742,106869.0,1633100.0,15.4,15.45,15.15,15.2,-0.3,76.0
2023-03-13,1742,95281.0,1453773.0,15.2,15.55,14.95,15.35,0.15,78.0
2023-03-14,1742,117675.0,1807607.0,15.3,15.6,15.25,15.3,-0.05,77.0
2023-03-15,1742,117107.0,1803584.0,15.5,15.55,15.3,15.35,0.05,60.0
2023-03-16,1742,51613.0,792118.0,15.35,15.4,15.25,15.25,-0.1,42.0
2023-03-17,1742,14138.0,218065.0,15.35,15.45,15.35,15.45,0.2,24.0
2023-03-20,1742,14625.0,225798.0,15.5,15.5,15.35,15.5,0.05,35.0
2023-03-21,1742,30773.0,476888.0,15.45,15.55,15.35,15.55,0.05,27.0
2023-03-22,1742,183054.0,2807270.0,15.35,15.5,15.15,15.15,-0.4,91.0
2023-03-23,1742,31521.0,479291.0,15.15,15.25,15.15,15.25,0.1,31.0
2023-03-24,1742,94762.0,1439298.0,15.2,15.25,15.15,15.15,-0.1,43.0
2023-03-27,1742,387854.0,5860138.0,15.05,15.2,15.05,15.1,-0.05,125.0
2023-03-28,1742,187342.0,2798185.0,15.1,15.1,14.8,14.95,-0.15,103.0
2023-03-29,1742,280197.0,4157570.0,14.9,14.95,14.7,14.7,-0.25,117.0
2023-03-30,1742,22346.0,332913.0,14.8,14.95,14.8,14.95,0.25,46.0
2023-03-31,1742,69405.0,1035129.0,14.95,15.0,14.9,15.0,0.05,28.0
2023-04-06,1742,215592.0,3244689.0,15.05,15.1,15.0,15.0,0.0,37.0
2023-04-07,1742,186110.0,2775004.0,14.9,15.0,14.9,15.0,0.0,79.0
2023-04-10,1742,13166.0,197061.0,15.0,15.0,14.95,14.95,-0.05,29.0
2023-04-11,1742,46621.0,693638.0,14.9,14.95,14.85,14.9,-0.05,35.0
2023-04-12,1742,31218.0,469940.0,15.2,15.2,14.95,15.05,0.15,39.0
2023-04-13,1742,40062.0,598880.0,15.0,15.0,14.9,14.9,-0.15,33.0
2023-04-14,1742,17162.0,256015.0,14.95,14.95,14.9,14.9,0.0,23.0
2023-04-17,1742,161554.0,2388874.0,14.85,14.9,14.75,14.8,-0.1,82.0
2023-04-18,1742,42342.0,624237.0,14.75,14.8,14.7,14.75,-0.05,32.0
2023-04-19,1742,54012.0,798627.0,14.8,14.9,14.75,14.8,0.05,32.0
2023-04-20,1742,50299.0,741952.0,14.8,14.85,14.7,14.7,-0.1,33.0
2023-04-21,1742,77142.0,1136370.0,14.75,14.85,14.65,14.65,-0.05,34.0
2023-04-24,1742,24013.0,353290.0,14.65,14.8,14.65,14.8,0.15,20.0
2023-04-25,1742,67226.0,982350.0,14.7,14.7,14.5,14.7,-0.1,47.0
2023-04-26,1742,17398.0,254766.0,14.6,14.7,14.6,14.7,0.0,29.0
2023-04-27,1742,30202.0,446112.0,14.8,14.9,14.65,14.65,-0.05,23.0
2023-04-28,1742,59410.0,891040.0,15.3,15.3,14.75,14.8,0.15,49.0
2023-05-02,1742,8503.0,126311.0,14.85,14.9,14.8,14.8,0.0,20.0
2023-05-03,1742,19582.0,286998.0,14.8,14.8,14.55,14.65,-0.15,18.0
2023-05-04,1742,22111.0,324897.0,14.7,14.75,14.65,14.7,0.05,21.0
2023-05-05,1742,21228.0,311246.0,14.7,14.75,14.6,14.6,-0.1,25.0
2023-05-08,1742,16238.0,238143.0,14.7,14.7,14.6,14.6,0.0,19.0
2023-05-09,1742,11012.0,161625.0,14.6,14.75,14.6,14.7,0.1,12.0
2023-05-10,1742,1220586.0,18873380.0,14.8,16.15,14.7,15.15,0.45,527.0
2023-05-11,1742,2195662.0,34698761.0,15.6,16.35,15.4,16.2,1.05,1073.0
2023-05-12,1742,5577319.0,98430935.0,16.35,17.8,16.35,17.6,1.4,2117.0
2023-05-15,1742,1589805.0,27757762.0,17.2,17.9,17.05,17.2,-0.4,965.0
2023-05-16,1742,1231450.0,21106888.0,17.2,17.7,16.6,17.7,0.5,791.0
2023-05-17,1742,1167432.0,20644182.0,17.8,18.3,17.25,17.4,-0.3,777.0
2023-05-18,1742,391154.0,6697527.0,17.4,17.4,16.9,16.9,-0.5,306.0
2023-05-19,1742,532557.0,8849039.0,17.1,17.1,16.3,16.35,-0.55,474.0
2023-05-22,1742,465257.0,7903641.0,16.6,17.45,16.6,17.1,0.75,490.0
2023-05-23,1742,675406.0,11153944.0,17.0,17.05,16.35,16.45,-0.65,465.0
2023-05-24,1742,355904.0,5904244.0,16.55,17.0,16.45,16.55,0.1,233.0
2023-05-25,1742,248573.0,4105182.0,16.6,16.85,16.45,16.45,-0.1,156.0
2023-05-26,1742,424835.0,7099406.0,16.45,17.2,16.45,16.6,0.15,281.0
2023-05-29,1742,204105.0,3394888.0,16.9,16.9,16.5,16.55,-0.05,127.0
2023-05-30,1742,180471.0,2996807.0,16.55,16.9,16.5,16.65,0.1,134.0
2023-05-31,1742,77832.0,1296657.0,16.65,16.75,16.6,16.7,0.05,65.0
2023-06-01,1742,164530.0,2716049.0,16.55,16.7,16.3,16.55,-0.15,110.0
2023-06-02,1742,160200.0,2648195.0,16.55,16.65,16.45,16.45,-0.1,81.0
2023-06-05,1742,122403.0,2017103.0,16.7,16.7,16.4,16.45,0.0,75.0
2023-06-06,1742,131612.0,2160500.0,16.4,16.5,16.3,16.5,0.05,78.0
2023-06-07,1742,111094.0,1824340.0,16.6,16.6,16.3,16.4,-0.1,89.0
2023-06-08,1742,132512.0,2161620.0,16.4,16.4,16.25,16.3,-0.1,76.0
2023-06-09,1742,69037.0,1130379.0,16.3,16.45,16.3,16.45,0.15,59.0
2023-06-12,1742,1300859.0,23423934.0,17.5,18.05,17.5,18.05,1.6,377.0
2023-06-13,1742,2002432.0,39082036.0,19.3,19.85,19.0,19.85,1.8,674.0
2023-06-14,1742,4003035.0,81099162.0,21.15,21.25,19.4,19.4,-0.45,2185.0
2023-06-15,1742,1394462.0,26927509.0,19.25,20.2,18.4,18.75,-0.65,977.0
2023-06-16,1742,984794.0,19102645.0,19.15,19.85,18.55,19.55,0.8,724.0
2023-06-19,1742,813748.0,15373384.0,19.45,19.45,18.6,18.75,-0.8,528.0
2023-06-20,1742,631556.0,11918782.0,18.85,19.4,18.6,18.85,0.1,456.0
2023-06-21,1742,461290.0,8793702.0,19.05,19.5,18.65,19.5,0.65,306.0
2023-06-26,1742,478849.0,9433796.0,19.65,20.0,19.3,19.95,0.45,328.0
2023-06-27,1742,788602.0,15855343.0,20.5,20.5,19.85,20.05,0.1,486.0
2023-06-28,1742,305645.0,6049059.0,20.15,20.25,19.55,19.6,-0.45,234.0
2023-06-29,1742,219490.0,4275158.0,19.8,19.8,19.2,19.45,-0.15,140.0
2023-06-30,1742,209967.0,4052760.0,19.5,19.5,19.2,19.25,-0.2,146.0
2023-07-03,1742,254178.0,4879855.0,19.3,19.45,19.05,19.25,0.0,165.0
2023-07-04,1742,252944.0,4829215.0,19.4,19.45,18.9,19.05,-0.2,155.0
2023-07-05,1742,281349.0,5302669.0,18.95,19.15,18.75,18.8,-0.25,199.0
2023-07-06,1742,187075.0,3535665.0,19.0,19.0,18.65,18.8,0.0,93.0
2023-07-07,1742,192161.0,3537191.0,18.9,18.9,18.2,18.35,-0.45,155.0
2023-07-10,1742,194125.0,3526887.0,18.15,18.4,17.95,18.05,-0.3,122.0
2023-07-11,1742,1029079.0,17329903.0,17.15,17.55,16.3,16.4,-1.65,671.0
2023-07-12,1742,272437.0,4568559.0,16.45,17.0,16.45,16.85,0.45,175.0
2023-07-13,1742,185494.0,3112631.0,17.0,17.0,16.6,16.8,-0.05,114.0
2023-07-14,1742,210160.0,3491115.0,16.8,16.9,16.5,16.55,-0.25,109.0
2023-07-17,1742,92777.0,1545356.0,16.55,16.85,16.55,16.65,0.1,110.0
2023-07-18,1742,163453.0,2744007.0,16.85,17.0,16.65,16.85,0.2,109.0
2023-07-19,1742,133204.0,2266814.0,17.0,17.25,16.75,16.75,-0.1,90.0
2023-07-20,1742,66002.0,1110882.0,16.8,17.0,16.7,16.8,0.05,51.0
2023-07-21,1742,74332.0,1250081.0,17.0,17.0,16.7,16.75,-0.05,68.0
2023-07-24,1742,141364.0,2362739.0,16.65,16.8,16.65,16.8,0.05,64.0
2023-07-25,1742,71749.0,1214440.0,16.75,17.1,16.75,17.1,0.3,65.0
2023-07-26,1742,114352.0,1931939.0,17.0,17.05,16.75,16.85,-0.25,87.0
2023-07-27,1742,107527.0,1822978.0,16.85,17.2,16.75,17.2,0.35,78.0
2023-07-28,1742,65531.0,1120059.0,17.2,17.25,16.9,17.1,-0.1,53.0
2023-07-31,1742,108351.0,1838418.0,17.1,17.2,16.8,16.95,-0.15,68.0
2023-08-01,1742,657518.0,12065469.0,16.95,18.6,16.95,18.6,1.65,378.0
2023-08-02,1742,5432815.0,108466763.0,19.35,20.4,19.05,19.65,1.05,3373.0
2023-08-04,1742,1624022.0,29476000.0,18.7,18.7,17.75,18.05,-1.6,1004.0
2023-08-07,1742,461226.0,8184794.0,18.1,18.3,17.4,17.55,-0.5,335.0
2023-08-08,1742,321111.0,5591759.0,17.9,17.9,17.3,17.35,-0.2,213.0
2023-08-09,1742,141165.0,2430676.0,17.4,17.5,17.1,17.3,-0.05,112.0
2023-08-10,1742,199485.0,3384982.0,17.25,17.25,16.65,16.65,-0.65,149.0
2023-08-11,1742,110281.0,1851425.0,16.7,16.95,16.6,16.85,0.2,93.0
2023-08-14,1742,277469.0,4536673.0,16.85,16.85,15.7,16.25,-0.6,202.0
2023-08-15,1742,170224.0,2758536.0,16.15,16.4,16.0,16.25,0.0,109.0
2023-08-16,1742,161596.0,2666471.0,16.25,16.7,16.2,16.5,0.25,56.0
2023-08-17,1742,85646.0,1416476.0,16.3,16.65,16.3,16.6,0.1,94.0
2023-08-18,1742,145064.0,2449400.0,16.6,17.25,16.55,16.55,-0.05,103.0
2023-08-21,1742,38060.0,632990.0,16.6,16.7,16.55,16.55,0.0,30.0
2023-08-22,1742,82328.0,1349562.0,16.5,16.5,16.35,16.4,-0.15,69.0
2023-08-23,1742,35155.0,577910.0,16.3,16.5,16.3,16.4,0.0,32.0
2023-08-24,1742,103408.0,1702943.0,16.55,16.55,16.35,16.35,-0.05,78.0
2023-08-25,1742,77291.0,1281996.0,16.45,16.7,16.45,16.55,0.2,59.0
2023-08-28,1742,77016.0,1268267.0,16.55,16.6,16.35,16.5,-0.05,59.0
2023-08-29,1742,26002.0,428783.0,16.45,16.55,16.4,16.5,0.0,21.0
2023-08-30,1742,93415.0,1563208.0,16.5,16.8,16.45,16.65,0.15,48.0
2023-08-31,1742,16063.0,267559.0,16.6,16.75,16.6,16.7,0.05,20.0
2023-09-01,1742,127388.0,2152805.0,16.7,17.1,16.7,17.05,0.35,98.0
2023-09-04,1742,47616.0,796844.0,16.8,16.85,16.65,16.65,-0.4,147.0
2023-09-05,1742,35360.0,590561.0,16.7,16.95,16.6,16.8,0.15,38.0
2023-09-06,1742,29327.0,489411.0,16.8,16.8,16.65,16.65,-0.15,33.0
2023-09-07,1742,39613.0,658940.0,16.65,16.65,16.6,16.6,-0.05,39.0
2023-09-08,1742,41187.0,687023.0,16.6,16.9,16.6,16.65,0.05,45.0
2023-09-11,1742,37031.0,612820.0,16.6,16.6,16.5,16.5,-0.15,31.0
2023-09-12,1742,45096.0,743451.0,16.3,16.8,16.25,16.65,0.15,65.0
2023-09-13,1742,220445.0,3755812.0,16.65,17.3,16.65,17.2,0.55,161.0
2023-09-14,1742,72306.0,1228976.0,17.35,17.35,16.95,17.05,-0.15,51.0
2023-09-15,1742,99005.0,1687634.0,17.05,17.2,16.9,17.0,-0.05,36.0
2023-09-18,1742,13002.0,221184.0,17.0,17.15,16.95,17.0,0.0,14.0
2023-09-19,1742,71900.0,1225496.0,17.1,17.2,17.0,17.1,0.1,33.0
2023-09-20,1742,44289.0,755001.0,17.25,17.25,17.0,17.0,-0.1,37.0
2023-09-21,1742,71139.0,1195828.0,16.95,16.95,16.7,16.7,-0.3,40.0
2023-09-22,1742,35119.0,590812.0,16.7,17.2,16.6,16.75,0.05,31.0
2023-09-25,1742,51414.0,866754.0,16.8,16.95,16.75,16.95,0.2,35.0
2023-09-26,1742,10942.0,183118.0,16.75,16.8,16.65,16.65,-0.3,25.0
2023-09-27,1742,16473.0,275043.0,16.7,16.7,16.65,16.7,0.05,19.0
2023-09-28,1742,36250.0,603074.0,16.8,16.85,16.5,16.5,-0.2,36.0
2023-10-02,1742,53395.0,885111.0,16.95,16.95,16.5,16.6,0.1,46.0
2023-10-03,1742,17145.0,284707.0,16.55,16.65,16.55,16.6,0.0,12.0
2023-10-04,1742,26150.0,431622.0,16.55,16.55,16.5,16.5,-0.1,21.0
2023-10-05,1742,38428.0,635818.0,16.5,16.7,16.45,16.6,0.1,24.0
2023-10-06,1742,34280.0,567219.0,16.6,16.6,16.45,16.6,0.0,27.0
2023-10-11,1742,41005.0,679331.0,16.6,16.65,16.5,16.5,-0.1,28.0
2023-10-12,1742,65203.0,1075600.0,16.5,16.6,16.4,16.45,-0.05,36.0
2023-10-13,1742,82340.0,1355712.0,16.45,16.55,16.4,16.45,0.0,35.0
2023-10-16,1742,33918.0,559412.0,16.45,16.6,16.4,16.6,0.15,41.0
2023-10-17,1742,69446.0,1142146.0,16.5,16.5,16.4,16.4,-0.2,28.0
2023-10-18,1742,65671.0,1063156.0,16.35,16.5,16.0,16.0,-0.4,49.0
2023-10-19,1742,27058.0,435756.0,16.3,16.3,16.0,16.0,0.0,21.0
2023-10-20,1742,23811.0,384074.0,16.0,16.3,16.0,16.15,0.15,68.0
2023-10-23,1742,27020.0,438481.0,16.1,16.5,16.0,16.35,0.2,29.0
2023-10-24,1742,12107.0,197462.0,16.35,16.4,16.2,16.35,0.0,20.0
2023-10-25,1742,31002.0,505733.0,16.3,16.5,16.25,16.25,-0.1,26.0
2023-10-26,1742,57637.0,942010.0,16.25,16.4,16.2,16.3,0.05,57.0
2023-10-27,1742,14235.0,232396.0,16.3,16.4,16.3,16.4,0.1,12.0
2023-10-30,1742,90092.0,1480751.0,16.4,16.5,16.4,16.45,0.05,40.0
2023-10-31,1742,21004.0,344617.0,16.55,16.55,16.25,16.25,-0.2,18.0
2023-11-01,1742,52148.0,846468.0,16.25,16.35,16.1,16.25,0.0,23.0
2023-11-02,1742,38583.0,627841.0,16.25,16.3,16.25,16.25,0.0,38.0
2023-11-03,1742,36001.0,590117.0,16.3,16.55,16.25,16.45,0.2,26.0
2023-11-06,1742,40003.0,661300.0,16.6,16.7,16.4,16.4,-0.05,30.0
2023-11-07,1742,31747.0,523476.0,16.4,16.6,16.4,16.5,0.1,16.0
2023-11-08,1742,34004.0,560410.0,16.55,16.55,16.4,16.4,-0.1,18.0
2023-11-09,1742,44005.0,733683.0,16.65,16.75,16.65,16.65,0.25,34.0
2023-11-10,1742,180362.0,3043473.0,16.8,17.0,16.7,16.7,0.05,99.0
2023-11-13,1742,26093.0,436403.0,17.0,17.0,16.6,16.65,-0.05,25.0
2023-11-14,1742,16101.0,268264.0,16.6,16.85,16.6,16.6,-0.05,14.0
2023-11-15,1742,754166.0,13729267.0,17.75,18.25,17.7,18.25,1.65,386.0
2023-11-16,1742,1464607.0,26196655.0,18.4,18.5,17.1,17.35,-0.9,852.0
2023-11-17,1742,412002.0,7259082.0,17.5,17.9,17.35,17.6,0.25,235.0
2023-11-20,1742,139011.0,2442094.0,17.65,17.75,17.45,17.5,-0.1,93.0
2023-11-21,1742,237176.0,4134357.0,17.75,17.75,17.25,17.3,-0.2,143.0
2023-11-22,1742,154123.0,2692693.0,17.55,17.65,17.3,17.35,0.05,105.0
2023-11-23,1742,188306.0,3270620.0,17.45,17.5,17.25,17.5,0.15,100.0
2023-11-24,1742,216938.0,3761916.0,17.45,17.6,17.2,17.4,-0.1,108.0
2023-11-27,1742,123114.0,2116331.0,17.4,17.4,17.1,17.1,-0.3,84.0
2023-11-28,1742,141645.0,2458200.0,17.3,17.5,17.25,17.35,0.25,103.0
2023-11-29,1742,71025.0,1235333.0,17.4,17.45,17.25,17.4,0.05,45.0
2023-11-30,1742,82627.0,1441613.0,17.4,17.55,17.35,17.4,0.0,54.0
2023-12-01,1742,125108.0,2180828.0,17.45,17.5,17.4,17.5,0.1,78.0
2023-12-04,1742,221925.0,3920368.0,17.65,17.8,17.55,17.6,0.1,157.0
2023-12-05,1742,90750.0,1596336.0,17.75,17.75,17.5,17.6,0.0,68.0
2023-12-06,1742,69654.0,1220204.0,17.6,17.6,17.45,17.5,-0.1,75.0
2023-12-07,1742,73454.0,1287937.0,17.55,17.75,17.4,17.4,-0.1,54.0
2023-12-08,1742,134011.0,2336691.0,17.5,17.55,17.25,17.45,0.05,63.0
2023-12-11,1742,496547.0,8986435.0,18.4,18.5,17.8,17.9,0.45,277.0
2023-12-12,1742,157216.0,2806357.0,17.95,18.0,17.75,17.75,-0.15,110.0
2023-12-13,1742,111687.0,1987986.0,17.75,17.85,17.7,17.7,-0.05,60.0
2023-12-14,1742,169001.0,3021466.0,17.9,18.1,17.7,17.7,0.0,90.0
2023-12-15,1742,123169.0,2182882.0,17.95,17.95,17.6,17.6,-0.1,80.0
2023-12-18,1742,88205.0,1552005.0,17.7,17.7,17.5,17.55,-0.05,74.0
2023-12-19,1742,77132.0,1352355.0,17.65,17.65,17.5,17.6,0.05,46.0
2023-12-20,1742,97668.0,1708078.0,17.75,17.75,17.45,17.55,-0.05,75.0
2023-12-21,1742,34142.0,598483.0,17.65,17.65,17.4,17.5,-0.05,36.0
2023-12-22,1742,119227.0,2077796.0,17.5,17.5,17.35,17.45,-0.05,71.0
2023-12-25,1742,76154.0,1320708.0,17.5,17.5,17.3,17.35,-0.1,52.0
2023-12-26,1742,139890.0,2436937.0,17.4,17.5,17.3,17.5,0.15,81.0
2023-12-27,1742,55006.0,958570.0,17.5,17.5,17.4,17.4,-0.1,47.0
2023-12-28,1742,68183.0,1184804.0,17.55,17.55,17.35,17.45,0.05,51.0
2023-12-29,1742,62008.0,1078019.0,17.4,17.45,17.3,17.45,0.0,49.0
2024-01-02,1742,102966.0,1787656.0,17.4,17.4,17.3,17.3,-0.15,81.0
2024-01-03,1742,95750.0,1651214.0,17.25,17.3,17.2,17.2,-0.1,95.0
2024-01-04,1742,34003.0,587750.0,17.25,17.35,17.25,17.25,0.05,24.0
2024-01-05,1742,19002.0,329684.0,17.25,17.4,17.25,17.35,0.1,14.0
2024-01-08,1742,39181.0,679535.0,17.35,17.45,17.25,17.25,-0.1,40.0
2024-01-09,1742,45002.0,774884.0,17.3,17.3,17.15,17.15,-0.1,37.0
2024-01-10,1742,32064.0,551002.0,17.2,17.3,17.1,17.2,0.05,31.0
2024-01-11,1742,293329.0,4857780.0,16.55,16.9,16.35,16.75,-0.45,192.0
2024-01-12,1742,346900.0,5695846.0,16.5,16.75,16.25,16.25,-0.5,190.0
2024-01-15,1742,96348.0,1576760.0,16.35,16.5,16.25,16.4,0.15,68.0
2024-01-16,1742,102629.0,1665928.0,16.3,16.35,16.1,16.1,-0.3,92.0
2024-01-17,1742,59542.0,968024.0,16.15,16.35,16.1,16.3,0.2,67.0
2024-01-18,1742,31903.0,517758.0,16.3,16.3,16.2,16.2,-0.1,28.0
2024-01-19,1742,164485.0,2692242.0,16.35,16.5,16.2,16.5,0.3,65.0
2024-01-22,1742,76241.0,1270367.0,16.55,16.8,16.55,16.7,0.2,115.0
2024-01-23,1742,61005.0,1016680.0,16.7,16.8,16.55,16.75,0.05,36.0
2024-01-24,1742,29036.0,484998.0,16.85,16.85,16.6,16.75,0.0,27.0
2024-01-25,1742,23044.0,384131.0,16.65,16.75,16.6,16.75,0.0,26.0
2024-01-26,1742,39002.0,650984.0,16.65,16.8,16.65,16.75,0.0,27.0
2024-01-29,1742,78700.0,1303517.0,16.75,16.75,16.4,16.6,-0.15,59.0
2024-01-30,1742,51004.0,842764.0,16.75,16.75,16.45,16.55,-0.05,30.0
2024-01-31,1742,43152.0,711584.0,16.55,16.65,16.45,16.5,-0.05,26.0
2024-02-01,1742,156316.0,2617398.0,16.5,16.9,16.45,16.8,0.3,119.0
2024-02-02,1742,27403.0,458667.0,16.8,16.85,16.65,16.65,-0.15,52.0
2024-02-05,1742,139593.0,2294136.0,16.65,16.7,16.35,16.35,-0.3,91.0
2024-02-15,1742,79150.0,1306487.0,16.4,16.6,16.4,16.6,0.25,50.0
2024-02-16,1742,56619.0,943444.0,16.5,16.75,16.5,16.75,0.15,62.0
2024-02-19,1742,452285.0,7485591.0,16.75,16.75,16.4,16.6,-0.15,228.0
2024-02-20,1742,306626.0,5045930.0,16.65,16.7,16.35,16.4,-0.2,207.0
2024-02-21,1742,63677.0,1046828.0,16.45,16.5,16.35,16.5,0.1,49.0
2024-02-22,1742,89010.0,1472165.0,16.6,16.6,16.45,16.5,0.0,69.0
2024-02-23,1742,63873.0,1056645.0,16.5,16.65,16.45,16.55,0.05,77.0
2024-02-26,1742,120224.0,2013018.0,16.65,16.8,16.6,16.75,0.2,96.0
2024-02-27,1742,56143.0,938610.0,16.85,16.85,16.55,16.7,-0.05,55.0
2024-02-29,1742,95293.0,1591263.0,16.75,16.75,16.55,16.7,0.0,140.0
2024-03-01,1742,66022.0,1103122.0,16.7,16.8,16.7,16.7,0.0,57.0
2024-03-04,1742,85811.0,1440309.0,16.7,16.95,16.7,16.8,0.1,69.0
2024-03-05,1742,56293.0,943305.0,16.8,16.85,16.65,16.75,-0.05,52.0
2024-03-06,1742,86080.0,1437177.0,16.7,16.75,16.65,16.75,0.0,66.0
2024-03-07,1742,67208.0,1120344.0,16.8,16.8,16.55,16.75,0.0,57.0
2024-03-08,1742,101787.0,1698995.0,16.8,16.8,16.55,16.75,0.0,59.0
2024-03-11,1742,159789.0,2684571.0,16.7,16.9,16.7,16.7,-0.05,102.0
2024-03-12,1742,85036.0,1420159.0,16.75,16.8,16.65,16.75,0.05,62.0
2024-03-13,1742,56724.0,943706.0,16.75,16.75,16.55,16.75,0.0,56.0
2024-03-14,1742,31555.0,527064.0,16.75,16.75,16.65,16.75,0.0,26.0
2024-03-15,1742,524654.0,8441102.0,16.5,16.5,15.8,15.95,-0.8,291.0
2024-03-18,1742,187612.0,3017800.0,15.95,16.3,15.95,16.2,0.25,97.0
2024-03-19,1742,58004.0,943864.0,16.15,16.35,16.15,16.25,0.05,37.0
2024-03-20,1742,69755.0,1130460.0,16.15,16.3,16.15,16.2,-0.05,43.0
2024-03-21,1742,57124.0,928508.0,16.2,16.3,16.1,16.3,0.1,45.0
2024-03-22,1742,331478.0,5517424.0,16.3,17.0,16.25,16.8,0.5,142.0
2024-03-25,1742,133296.0,2233562.0,16.8,16.8,16.7,16.8,0.0,65.0
2024-03-26,1742,128577.0,2157460.0,16.7,16.85,16.7,16.8,0.0,52.0
2024-03-27,1742,115304.0,1938022.0,16.8,16.95,16.8,16.95,0.15,55.0
2024-03-28,1742,64185.0,1084227.0,16.9,16.95,16.85,16.9,-0.05,45.0
2024-03-29,1742,93427.0,1586136.0,17.2,17.2,16.75,16.95,0.05,66.0
2024-04-01,1742,61004.0,1029215.0,16.8,16.95,16.8,16.9,-0.05,32.0
2024-04-02,1742,130233.0,2204815.0,16.85,17.05,16.8,17.0,0.1,60.0
2024-04-03,1742,44107.0,746549.0,17.0,17.0,16.85,16.9,-0.1,19.0
2024-04-08,1742,32008.0,539435.0,17.0,17.0,16.75,16.9,0.0,36.0
2024-04-09,1742,44031.0,740661.0,16.8,16.9,16.75,16.9,0.0,75.0
2024-04-10,1742,61109.0,1035353.0,17.0,17.0,16.8,17.0,0.1,43.0
2024-04-11,1742,109000.0,1848250.0,17.0,17.0,16.9,17.0,0.0,43.0
2024-04-12,1742,42671.0,724886.0,16.9,17.05,16.85,17.0,0.0,24.0
2024-04-15,1742,93837.0,1588577.0,16.9,17.0,16.85,17.0,0.0,54.0
2024-04-16,1742,293371.0,4978136.0,17.0,17.1,16.75,17.0,0.0,182.0
2024-04-17,1742,65612.0,1117186.0,17.2,17.2,16.85,17.15,0.15,64.0
2024-04-18,1742,180541.0,3124906.0,17.15,17.45,17.1,17.35,0.2,139.0
2024-04-19,1742,199212.0,3431387.0,17.4,17.4,17.2,17.35,0.0,88.0
2024-04-22,1742,241721.0,4233709.0,17.45,17.65,17.4,17.65,0.3,132.0
2024-04-23,1742,567620.0,10219976.0,17.65,18.35,17.55,18.25,0.6,379.0
2024-04-24,1742,289768.0,5325447.0,18.7,18.8,18.1,18.4,0.15,176.0
2024-04-25,1742,171457.0,3104403.0,18.3,18.3,18.0,18.1,-0.3,111.0
2024-04-26,1742,116786.0,2105861.0,18.05,18.1,17.9,18.1,0.0,74.0
2024-04-29,1742,328034.0,5911124.0,18.1,18.2,17.95,18.1,0.0,76.0
2024-04-30,1742,88064.0,1594216.0,18.1,18.15,18.05,18.15,0.05,60.0
2024-05-02,1742,77386.0,1403154.0,18.1,18.15,18.1,18.15,0.0,46.0
2024-05-03,1742,76858.0,1396117.0,18.15,18.25,18.15,18.2,0.05,51.0
2024-05-06,1742,99737.0,1823805.0,18.3,18.35,18.2,18.3,0.1,58.0
2024-05-07,1742,311625.0,5841334.0,18.45,19.3,18.4,18.75,0.45,190.0
2024-05-08,1742,172786.0,3247650.0,18.7,18.95,18.55,18.75,0.0,91.0
2024-05-09,1742,453172.0,8593927.0,18.85,19.15,18.8,19.0,0.25,174.0
2024-05-10,1742,510431.0,9543820.0,19.3,19.3,18.3,18.6,-0.4,271.0
2024-05-13,1742,157117.0,2926356.0,18.65,18.8,18.6,18.6,0.0,54.0
2024-05-14,1742,74425.0,1387740.0,18.6,18.7,18.6,18.6,0.0,39.0
2024-05-15,1742,98666.0,1843109.0,18.7,18.75,18.55,18.6,0.0,71.0
2024-05-16,1742,112810.0,2104367.0,18.6,18.75,18.6,18.65,0.05,68.0
2024-05-17,1742,49775.0,925198.0,18.6,18.7,18.55,18.6,-0.05,76.0
2024-05-20,1742,103364.0,1922002.0,18.6,18.8,18.5,18.55,-0.05,80.0
2024-05-21,1742,160482.0,2985228.0,18.55,18.7,18.5,18.6,0.05,66.0
2024-05-22,1742,156045.0,2877771.0,18.5,18.6,18.2,18.6,0.0,86.0
2024-05-23,1742,62248.0,1155695.0,18.6,18.65,18.5,18.65,0.05,34.0
2024-05-24,1742,62217.0,1158558.0,18.65,18.65,18.6,18.65,0.0,41.0
2024-05-27,1742,92857.0,1731693.0,18.65,18.7,18.6,18.65,0.0,60.0
2024-05-28,1742,153085.0,2849152.0,18.6,18.7,18.6,18.65,0.0,73.0
2024-05-29,1742,252214.0,4703853.0,18.65,18.7,18.65,18.7,0.05,69.0
2024-05-30,1742,138525.0,2597746.0,18.7,18.9,18.65,18.75,0.05,84.0
2024-05-31,1742,34203.0,640477.0,18.75,18.75,18.65,18.75,0.0,34.0
2024-06-03,1742,130367.0,2434577.0,18.8,18.8,18.55,18.6,-0.15,108.0
2024-06-04,1742,148040.0,2755563.0,18.6,18.75,18.55,18.6,0.0,80.0
2024-06-05,1742,115006.0,2131609.0,18.6,18.6,18.45,18.5,-0.1,47.0
2024-06-06,1742,197926.0,3631830.0,18.45,18.45,18.2,18.25,-0.25,185.0
2024-06-07,1742,115201.0,2108393.0,18.25,18.5,18.2,18.4,0.15,55.0
2024-06-11,1742,109734.0,2014388.0,18.4,18.4,18.2,18.3,-0.1,47.0
2024-06-12,1742,135368.0,2417915.0,17.8,18.1,17.75,17.8,-0.5,88.0
2024-06-13,1742,103316.0,1819557.0,17.6,17.7,17.5,17.65,-0.15,65.0
2024-06-14,1742,71006.0,1246704.0,17.6,17.65,17.5,17.5,-0.15,33.0
2024-06-17,1742,46453.0,813331.0,17.4,17.75,17.4,17.75,0.25,46.0
2024-06-18,1742,157719.0,2751775.0,17.5,17.7,17.15,17.25,-0.5,124.0
2024-06-19,1742,95499.0,1650905.0,17.25,17.4,17.2,17.35,0.1,57.0
2024-06-20,1742,9462.0,164859.0,17.35,17.45,17.35,17.45,0.1,19.0
2024-06-21,1742,46205.0,802783.0,17.35,17.5,17.3,17.5,0.05,34.0
2024-06-24,1742,19373.0,338699.0,17.45,17.55,17.45,17.55,0.05,36.0
2024-06-25,1742,27267.0,473798.0,17.5,17.55,17.1,17.45,-0.1,35.0
2024-06-26,1742,26014.0,452289.0,17.5,17.5,17.35,17.35,-0.1,22.0
2024-06-27,1742,19518.0,338617.0,17.1,17.7,17.1,17.7,0.35,23.0
2024-06-28,1742,36099.0,630224.0,17.65,17.65,17.4,17.4,-0.3,39.0
2024-07-01,1742,75512.0,1332398.0,17.4,17.7,17.4,17.6,0.2,57.0
2024-07-02,1742,19085.0,336742.0,17.65,17.7,17.55,17.65,0.05,17.0
2024-07-03,1742,56111.0,991803.0,17.7,17.8,17.55,17.65,0.0,34.0
2024-07-04,1742,47153.0,828612.0,17.6,17.65,17.5,17.6,-0.05,35.0
2024-07-05,1742,43067.0,763040.0,17.7,17.85,17.65,17.85,0.25,44.0
2024-07-08,1742,170167.0,3021788.0,17.7,17.9,17.6,17.85,0.0,87.0
2024-07-09,1742,41465.0,736834.0,17.85,17.85,17.7,17.7,-0.15,51.0
2024-07-10,1742,20351.0,360352.0,17.7,17.75,17.7,17.75,0.05,24.0
2024-07-11,1742,65684.0,1164493.0,17.75,17.8,17.65,17.8,0.05,66.0
2024-07-12,1742,86100.0,1519496.0,17.6,17.7,17.6,17.65,-0.15,42.0
2024-07-15,1742,9514.0,168735.0,17.95,17.95,17.7,17.7,0.05,18.0
2024-07-16,1742,176022.0,3094435.0,17.65,17.7,17.5,17.55,-0.15,33.0
2024-07-17,1742,23301.0,409465.0,17.6,17.6,17.55,17.55,0.0,37.0
2024-07-18,1742,64167.0,1125470.0,17.55,17.6,17.45,17.6,0.05,29.0
2024-07-19,1742,35004.0,613468.0,17.6,17.6,17.45,17.5,-0.1,22.0
2024-07-22,1742,15598.0,272224.0,17.5,17.5,17.45,17.5,0.0,16.0
2024-07-23,1742,14531.0,253133.0,17.4,17.6,17.35,17.6,0.1,21.0
2024-07-26,1742,15150.0,263434.0,17.2,17.5,17.2,17.4,-0.2,12.0
2024-07-29,1742,24243.0,421693.0,17.75,17.75,17.3,17.35,-0.05,26.0
2024-07-30,1742,61574.0,1079179.0,17.4,17.6,17.4,17.4,0.05,37.0
2024-07-31,1742,38524.0,667039.0,17.05,17.4,17.05,17.35,-0.05,19.0
2024-08-01,1742,57055.0,992000.0,17.35,17.45,17.35,17.45,0.1,28.0
2024-08-02,1742,56388.0,980568.0,17.45,17.45,17.3,17.3,-0.15,26.0
2024-08-05,1742,70189.0,1167559.0,16.95,17.05,16.3,16.95,-0.35,115.0
2024-08-06,1742,133160.0,2188106.0,16.95,16.95,16.25,16.5,-0.45,56.0
2024-08-07,1742,28148.0,473041.0,16.7,16.9,16.7,16.75,0.25,21.0
2024-08-08,1742,40004.0,671165.0,16.75,16.95,16.7,16.9,0.15,25.0
2024-08-09,1742,47312.0,805771.0,16.9,17.3,16.9,17.1,0.2,34.0
2024-08-12,1742,42042.0,711405.0,17.1,17.1,16.8,16.9,-0.2,39.0
2024-08-13,1742,123517.0,2045947.0,16.8,16.85,16.4,16.4,-0.5,76.0
2024-08-14,1742,56315.0,959328.0,16.95,17.15,16.9,16.9,0.5,41.0
2024-08-15,1742,23330.0,396628.0,16.85,17.1,16.85,17.1,0.2,17.0
2024-08-16,1742,29990.0,511001.0,17.1,17.1,16.95,17.05,-0.05,34.0
2024-08-19,1742,24007.0,409166.0,17.05,17.05,16.95,17.05,0.0,17.0
2024-08-20,1742,51826.0,891299.0,17.15,17.45,17.05,17.05,0.0,39.0
2024-08-21,1742,16257.0,274926.0,17.0,17.0,16.85,16.95,-0.1,15.0
2024-08-22,1742,122270.0,2104087.0,17.1,17.45,17.1,17.1,0.15,75.0
2024-08-23,1742,21001.0,358517.0,17.1,17.1,17.0,17.05,-0.05,16.0
2024-08-26,1742,46603.0,792734.0,17.05,17.1,16.9,17.05,0.0,32.0
2024-08-27,1742,44302.0,756223.0,17.05,17.15,17.0,17.05,0.0,32.0
2024-08-28,1742,29001.0,498768.0,17.1,17.25,17.1,17.2,0.15,23.0
2024-08-29,1742,44157.0,759270.0,17.05,17.25,17.05,17.25,0.05,35.0
2024-08-30,1742,55448.0,961204.0,17.4,17.45,17.2,17.2,-0.05,40.0
2024-09-02,1742,89040.0,1527080.0,17.2,17.25,17.0,17.05,-0.15,42.0
2024-09-03,1742,21001.0,360267.0,17.1,17.2,17.1,17.15,0.1,14.0
2024-09-04,1742,49103.0,833532.0,17.05,17.05,16.85,16.9,-0.25,29.0
2024-09-05,1742,23060.0,392629.0,17.1,17.1,17.0,17.05,0.15,14.0
2024-09-06,1742,27080.0,465434.0,17.05,17.25,17.05,17.25,0.2,17.0
2024-09-09,1742,23001.0,392466.0,17.15,17.15,17.0,17.05,-0.2,17.0
2024-09-10,1742,15267.0,261152.0,17.15,17.15,17.1,17.1,0.05,24.0
2024-09-11,1742,25000.0,428550.0,17.2,17.35,17.05,17.05,-0.05,21.0
2024-09-12,1742,18160.0,310368.0,17.1,17.15,17.05,17.15,0.1,15.0
2024-09-13,1742,9148.0,157225.0,17.1,17.25,17.1,17.25,0.1,15.0
2024-09-16,1742,273161.0,4808798.0,17.35,18.2,17.25,17.85,0.6,160.0
2024-09-18,1742,72630.0,1299874.0,17.8,18.05,17.8,17.85,0.0,76.0
2024-09-19,1742,216414.0,3938861.0,17.85,18.5,17.7,18.3,0.45,146.0
2024-09-20,1742,86505.0,1575153.0,18.25,18.35,18.05,18.25,-0.05,74.0
2024-09-23,1742,77004.0,1389666.0,18.15,18.3,17.95,17.95,-0.3,52.0
2024-09-24,1742,95004.0,1694574.0,17.9,17.95,17.7,17.9,-0.05,42.0
2024-09-25,1742,59054.0,1060271.0,17.9,18.15,17.75,17.9,0.0,47.0
2024-09-26,1742,54021.0,969125.0,17.8,18.1,17.8,17.85,-0.05,30.0
2024-09-27,1742,61303.0,1101054.0,18.0,18.4,17.8,17.9,0.05,40.0
2024-09-30,1742,18591.0,332805.0,17.85,18.0,17.85,17.9,0.0,32.0
2024-10-01,1742,2268354.0,44056929.0,17.9,19.65,17.9,19.65,1.75,767.0
2024-10-04,1742,2814693.0,54967004.0,20.6,20.8,18.5,18.6,-1.05,1518.0
2024-10-07,1742,627340.0,11481937.0,18.7,18.8,18.05,18.05,-0.55,359.0
2024-10-08,1742,534850.0,9799714.0,17.95,18.8,17.75,18.55,0.5,342.0
2024-10-09,1742,266159.0,4848758.0,18.65,18.8,18.0,18.0,-0.55,276.0
2024-10-11,1742,123084.0,2219569.0,18.0,18.3,17.95,18.0,0.0,96.0
2024-10-14,1742,86490.0,1557078.0,18.05,18.1,17.9,17.95,-0.05,67.0
2024-10-15,1742,313728.0,5556147.0,17.7,18.05,17.5,17.65,-0.3,177.0
2024-10-16,1742,116116.0,2036696.0,17.65,17.85,17.5,17.5,-0.15,110.0
2024-10-17,1742,193001.0,3411617.0,17.65,17.95,17.5,17.8,0.3,98.0
2024-10-18,1742,378493.0,6947333.0,17.85,18.75,17.8,18.5,0.7,210.0
2024-10-21,1742,541447.0,10304443.0,18.55,19.35,18.55,18.75,0.25,360.0
2024-10-22,1742,196878.0,3728114.0,18.85,19.15,18.7,18.85,0.1,147.0
2024-10-23,1742,258234.0,4865518.0,18.9,19.3,18.6,18.95,0.1,149.0
2024-10-24,1742,104313.0,1949539.0,18.9,19.05,18.5,18.5,-0.45,84.0
2024-10-25,1742,132181.0,2426562.0,18.55,18.65,18.15,18.25,-0.25,92.0
2024-10-28,1742,110360.0,1993333.0,18.2,18.2,17.9,17.9,-0.35,67.0
2024-10-29,1742,49617.0,885561.0,18.0,18.0,17.75,18.0,0.1,45.0
2024-10-30,1742,31373.0,563323.0,17.8,18.05,17.8,18.05,0.05,31.0
2024-11-01,1742,115821.0,2076794.0,18.05,18.15,17.8,17.85,-0.2,72.0
2024-11-04,1742,45105.0,805139.0,17.85,18.3,17.7,17.7,-0.15,34.0
2024-11-05,1742,46397.0,825624.0,17.75,17.95,17.7,17.9,0.2,33.0
2024-11-06,1742,21002.0,374033.0,17.8,17.95,17.75,17.95,0.05,17.0
2024-11-07,1742,157277.0,2807325.0,17.8,17.95,17.8,17.8,-0.15,75.0
2024-11-08,1742,57069.0,1017884.0,18.25,18.25,17.75,17.8,0.0,28.0
2024-11-11,1742,9180.0,164651.0,17.8,18.15,17.8,17.85,0.05,14.0
2024-11-12,1742,44001.0,780917.0,17.6,18.15,17.6,17.85,0.0,40.0
2024-11-13,1742,156026.0,2727252.0,17.75,17.75,17.0,17.4,-0.45,87.0
2024-11-14,1742,62538.0,1074326.0,17.55,17.55,17.05,17.05,-0.35,52.0
2024-11-15,1742,47621.0,824955.0,17.2,17.4,17.2,17.35,0.3,35.0
2024-11-18,1742,16071.0,275814.0,17.05,17.3,17.05,17.2,-0.15,17.0
2024-11-19,1742,41556.0,717483.0,17.2,17.35,17.15,17.35,0.15,30.0
2024-11-20,1742,38202.0,658089.0,17.15,17.45,17.1,17.1,-0.25,30.0
2024-11-21,1742,64458.0,1109062.0,17.2,17.4,17.1,17.2,0.1,38.0
2024-11-22,1742,67507.0,1165300.0,17.25,17.3,17.2,17.3,0.1,61.0
2024-11-25,1742,21506.0,371858.0,17.4,17.4,17.2,17.3,0.0,15.0
2024-11-26,1742,9447.0,164394.0,17.3,17.6,17.3,17.35,0.05,16.0
2024-11-27,1742,14580.0,253561.0,17.4,17.5,17.35,17.4,0.05,20.0
2024-11-28,1742,10766.0,186555.0,17.4,17.45,17.25,17.4,0.0,16.0
2024-11-29,1742,11100.0,192450.0,17.4,17.45,17.3,17.3,-0.1,10.0
2024-12-02,1742,49298.0,851343.0,17.15,17.35,17.15,17.3,0.0,28.0
2024-12-03,1742,48293.0,835676.0,17.55,17.55,17.25,17.3,0.0,31.0
2024-12-04,1742,40622.0,700915.0,17.25,17.4,17.2,17.3,0.0,50.0
2024-12-05,1742,12302.0,212573.0,17.3,17.3,17.25,17.3,0.0,16.0
2024-12-06,1742,17042.0,294022.0,17.15,17.3,17.15,17.25,-0.05,12.0
2024-12-09,1742,85187.0,1461956.0,17.25,17.25,16.9,17.05,-0.2,49.0
2024-12-10,1742,32001.0,546516.0,17.05,17.25,17.05,17.05,0.0,16.0
2024-12-11,1742,52000.0,891600.0,16.95,17.2,16.95,17.2,0.15,33.0
2024-12-12,1742,41745.0,708715.0,17.1,17.15,16.9,16.95,-0.25,66.0
2024-12-13,1742,41029.0,700270.0,17.0,17.1,17.0,17.0,0.05,12.0
2024-12-16,1742,112247.0,1883223.0,17.05,17.05,16.3,16.4,-0.6,78.0
2024-12-17,1742,17000.0,281500.0,16.45,16.7,16.45,16.65,0.25,11.0
2024-12-18,1742,44030.0,739797.0,16.85,16.85,16.75,16.75,0.1,14.0
2024-12-19,1742,13001.0,218118.0,16.65,17.05,16.65,16.8,0.05,9.0
2024-12-20,1742,69906.0,1190579.0,17.2,17.2,16.75,17.1,0.3,29.0
2024-12-23,1742,29848.0,510631.0,17.15,17.3,17.05,17.05,-0.05,16.0
2024-12-24,1742,78227.0,1348389.0,17.2,17.35,17.1,17.35,0.3,33.0
2024-12-25,1742,34448.0,593822.0,17.1,17.45,17.1,17.3,-0.05,45.0
2024-12-26,1742,8153.0,141856.0,17.4,17.5,17.35,17.35,0.05,11.0
2024-12-27,1742,8443.0,146230.0,17.25,17.4,17.25,17.3,-0.05,21.0
2024-12-30,1742,5001.0,86367.0,17.25,17.3,17.25,17.25,-0.05,6.0
2024-12-31,1742,20382.0,350872.0,17.25,17.4,17.15,17.2,-0.05,24.0
2025-01-02,1742,12782.0,220198.0,17.2,17.35,17.15,17.3,0.1,14.0
2025-01-03,1742,34002.0,584132.0,17.25,17.3,17.1,17.1,-0.2,23.0
2025-01-06,1742,13001.0,223716.0,17.2,17.3,17.2,17.2,0.1,8.0
2025-01-07,1742,7002.0,120735.0,17.4,17.4,17.15,17.15,-0.05,7.0
2025-01-08,1742,30726.0,527364.0,17.3,17.3,17.1,17.3,0.15,16.0
2025-01-09,1742,90212.0,1540855.0,17.35,17.35,16.95,17.0,-0.3,65.0
2025-01-10,1742,25886.0,440861.0,17.0,17.15,17.0,17.05,0.05,22.0
2025-01-13,1742,51202.0,866835.0,17.0,17.0,16.85,17.0,-0.05,32.0
2025-01-14,1742,15661.0,266527.0,17.4,17.4,16.95,16.95,-0.05,18.0
2025-01-15,1742,2253.0,38498.0,17.1,17.1,17.1,17.1,0.15,10.0
2025-01-16,1742,44100.0,754624.0,17.1,17.25,17.0,17.15,0.05,29.0
2025-01-17,1742,49038.0,844046.0,17.3,17.4,17.05,17.25,0.1,26.0
2025-01-20,1742,7002.0,120883.0,17.1,17.45,17.1,17.3,0.05,8.0
2025-01-21,1742,32001.0,551567.0,17.2,17.35,17.15,17.35,0.05,22.0
2025-01-22,1742,15041.0,259003.0,17.2,17.4,17.15,17.15,-0.2,12.0
2025-02-03,1742,18010.0,309470.0,17.2,17.3,17.15,17.3,0.15,23.0
2025-02-04,1742,17005.0,292384.0,17.35,17.35,17.1,17.35,0.05,17.0
2025-02-05,1742,21003.0,361401.0,17.15,17.35,17.15,17.2,-0.15,18.0
2025-02-06,1742,6046.0,104083.0,17.2,17.25,17.2,17.25,0.05,9.0
2025-02-07,1742,27145.0,468213.0,17.15,17.5,17.15,17.2,-0.05,21.0
2025-02-10,1742,17163.0,295195.0,17.2,17.2,17.2,17.2,0.0,10.0
2025-02-11,1742,10322.0,178470.0,17.4,17.4,17.2,17.2,0.0,16.0
2025-02-12,1742,3106.0,53891.0,17.5,17.5,17.3,17.3,0.1,10.0
2025-02-13,1742,71322.0,1234494.0,17.3,17.45,17.25,17.3,0.0,40.0
2025-02-14,1742,22003.0,383251.0,17.35,17.6,17.3,17.45,0.15,21.0
2025-02-17,1742,4008.0,70135.0,17.5,17.5,17.5,17.5,0.05,11.0
2025-02-18,1742,10005.0,174734.0,17.5,17.5,17.4,17.5,0.0,13.0
2025-02-19,1742,40119.0,702243.0,17.45,17.65,17.4,17.6,0.1,41.0
2025-02-20,1742,7006.0,123899.0,17.75,17.75,17.55,17.55,-0.05,12.0
2025-02-21,1742,31058.0,548116.0,17.7,17.8,17.55,17.6,0.05,20.0
2025-02-24,1742,46009.0,816653.0,17.6,18.0,17.6,17.8,0.2,33.0
2025-02-25,1742,82938.0,1471894.0,17.85,18.0,17.6,17.7,-0.1,110.0
2025-02-26,1742,8470.0,149755.0,17.85,17.85,17.65,17.75,0.05,12.0
2025-02-27,1742,30398.0,538296.0,17.7,17.9,17.65,17.65,-0.1,24.0
2025-03-03,1742,10005.0,177236.0,17.6,17.85,17.6,17.8,0.15,12.0
2025-03-04,1742,35000.0,616900.0,17.6,17.85,17.4,17.65,-0.15,21.0
2025-03-05,1742,11601.0,206437.0,17.7,17.85,17.65,17.8,0.15,24.0
2025-03-06,1742,22052.0,392276.0,17.7,17.85,17.7,17.8,0.0,11.0
2025-03-07,1742,52506.0,933779.0,17.9,17.95,17.7,17.9,0.1,33.0
2025-03-10,1742,34004.0,605716.0,17.7,17.9,17.7,17.9,0.0,22.0
2025-03-11,1742,14009.0,248001.0,17.8,17.8,17.65,17.65,-0.25,15.0
2025-03-12,1742,37068.0,661350.0,17.75,18.3,17.75,17.8,0.15,25.0
2025-03-13,1742,27003.0,479101.0,17.8,17.85,17.65,17.65,-0.15,19.0
2025-03-14,1742,26002.0,462186.0,17.75,17.9,17.75,17.75,0.1,19.0
2025-03-17,1742,26677.0,472817.0,17.75,17.75,17.7,17.75,0.0,25.0
2025-03-18,1742,20222.0,358263.0,17.7,17.8,17.7,17.75,0.0,24.0
2025-03-19,1742,28026.0,497559.0,17.75,17.8,17.7,17.75,0.0,18.0
2025-03-20,1742,18031.0,321453.0,17.7,17.85,17.7,17.85,0.1,41.0
2025-03-21,1742,13282.0,234488.0,17.7,17.7,17.65,17.65,-0.2,23.0
2025-03-24,1742,93803.0,1678006.0,17.75,18.25,17.7,18.0,0.35,73.0
2025-03-25,1742,6005.0,107086.0,17.8,17.95,17.8,17.8,-0.2,10.0
2025-03-26,1742,107048.0,1916483.0,17.8,18.0,17.8,17.9,0.1,47.0
2025-03-27,1742,9773.0,173838.0,17.7,17.9,17.7,17.85,-0.05,26.0
2025-03-28,1742,157010.0,2797222.0,17.75,18.1,17.75,17.95,0.1,63.0
2025-03-31,1742,112492.0,2001224.0,17.8,17.95,17.65,17.7,-0.25,48.0
2025-04-01,1742,108137.0,1917114.0,17.7,17.8,17.6,17.8,0.1,48.0
2025-04-02,1742,61143.0,1078258.0,17.8,17.8,17.55,17.8,0.0,35.0
2025-04-07,1742,266420.0,4308079.0,16.05,16.45,16.05,16.3,-1.5,114.0
2025-04-08,1742,155135.0,2497462.0,15.9,16.25,15.9,16.2,-0.1,61.0
2025-04-09,1742,255754.0,4120125.0,16.15,16.75,16.0,16.0,-0.2,67.0
2025-04-10,1742,70032.0,1171671.0,16.3,16.95,16.3,16.75,0.75,46.0
2025-04-11,1742,107000.0,1784550.0,16.5,16.8,16.5,16.75,0.0,30.0
2025-04-14,1742,4396.0,74860.0,17.15,17.15,17.15,17.15,0.4,7.0
2025-04-15,1742,20164.0,342734.0,16.95,17.1,16.9,17.0,-0.15,23.0
2025-04-16,1742,55469.0,933120.0,16.95,17.0,16.7,16.7,-0.3,37.0
2025-04-17,1742,10422.0,173696.0,16.6,16.9,16.6,16.65,-0.05,15.0
2025-04-18,1742,12206.0,203826.0,16.75,16.8,16.65,16.65,0.0,10.0
2025-04-21,1742,5062.0,86900.0,17.45,17.45,17.0,17.0,0.35,8.0
2025-04-22,1742,30148.0,502451.0,16.8,16.9,16.5,16.5,-0.5,24.0
2025-04-23,1742,11083.0,183614.0,16.75,16.75,16.5,16.5,0.0,11.0
2025-04-24,1742,19079.0,314703.0,16.55,16.75,16.4,16.4,-0.1,15.0
2025-04-25,1742,16002.0,263130.0,16.85,16.85,16.4,16.4,0.0,13.0
2025-04-28,1742,33004.0,540964.0,16.85,16.85,16.25,16.45,0.05,21.0
2025-04-29,1742,5001.0,83016.0,16.7,16.7,16.55,16.55,0.1,6.0
2025-04-30,1742,65103.0,1066897.0,16.55,16.55,16.3,16.3,-0.25,23.0
2025-05-02,1742,18786.0,305746.0,16.3,16.35,16.25,16.25,-0.05,27.0
2025-05-05,1742,22276.0,358605.0,16.3,16.3,16.0,16.15,-0.1,30.0
2025-05-06,1742,8168.0,131980.0,16.2,16.2,16.15,16.15,0.0,10.0
2025-05-07,1742,32281.0,518953.0,16.55,16.55,16.0,16.05,-0.1,31.0
2025-05-08,1742,6001.0,97467.0,16.3,16.3,16.15,16.25,0.2,6.0
2025-05-09,1742,3005.0,48825.0,16.25,16.25,16.25,16.25,0.0,7.0
2025-05-12,1742,5515.0,89119.0,15.9,16.35,15.9,16.25,0.0,14.0
2025-05-13,1742,9212.0,150534.0,16.2,16.45,16.2,16.25,0.0,10.0
2025-05-14,1742,9061.0,147136.0,16.3,16.4,16.2,16.4,0.15,10.0
2025-05-15,1742,2178.0,35297.0,16.1,16.35,16.1,16.35,-0.05,7.0
2025-05-16,1742,1001.0,16366.0,16.35,16.35,16.35,16.35,0.0,2.0
2025-05-19,1742,156113.0,2591745.0,16.45,16.9,16.45,16.6,0.25,13.0
2025-05-20,1742,213491.0,3486426.0,16.75,16.75,16.1,16.35,-0.25,58.0
2025-05-21,1742,6003.0,98198.0,16.35,16.4,16.35,16.4,0.05,9.0
2025-05-22,1742,4023.0,65956.0,16.3,16.5,16.3,16.5,0.1,5.0
2025-05-23,1742,0.0,0.0,0.0,0.0,0.0,0.0,0.0,0.0
2025-05-26,1742,215050.0,3474803.0,16.4,16.4,16.0,16.15,-0.35,26.0
2025-05-27,1742,231043.0,3799003.0,16.2,16.8,16.2,16.4,0.25,35.0
2025-05-28,1742,86385.0,1435338.0,16.6,16.8,16.4,16.8,0.4,33.0
2025-05-29,1742,12687.0,212047.0,16.75,16.75,16.6,16.6,-0.2,31.0
2025-06-02,1742,14457.0,239757.0,16.55,16.65,16.55,16.65,0.05,15.0
2025-06-03,1742,66264.0,1086264.0,16.6,16.6,16.3,16.4,-0.25,35.0
2025-06-04,1742,151893.0,2476270.0,16.5,16.55,16.15,16.2,-0.2,76.0
2025-06-05,1742,61112.0,992151.0,16.3,16.35,16.2,16.2,0.0,30.0
2025-06-06,1742,28020.0,453351.0,16.2,16.3,16.1,16.2,0.0,31.0
2025-06-09,1742,47630.0,772388.0,16.15,16.25,16.15,16.25,0.05,42.0
2025-06-10,1742,44479.0,721808.0,16.2,16.4,16.2,16.4,0.15,15.0
2025-06-11,1742,79360.0,1289431.0,16.2,16.4,16.15,16.4,0.0,40.0
2025-06-12,1742,36066.0,584712.0,16.2,16.25,16.2,16.2,-0.2,24.0
2025-06-13,1742,6112.0,98850.0,16.15,16.25,16.15,16.15,-0.05,11.0
2025-06-16,1742,98320.0,1582901.0,16.1,16.25,15.9,16.25,0.1,42.0
2025-06-17,1742,16654.0,268943.0,16.2,16.2,16.05,16.2,-0.05,19.0
2025-06-18,1742,10003.0,161798.0,16.2,16.2,16.15,16.15,-0.05,5.0
2025-06-19,1742,93385.0,1522127.0,16.15,17.2,16.0,16.15,0.0,48.0
2025-06-20,1742,21015.0,339191.0,16.15,16.25,16.1,16.25,0.1,10.0
2025-06-23,1742,35073.0,567266.0,16.05,16.2,16.05,16.2,-0.05,14.0
2025-06-24,1742,110962.0,1791209.0,16.15,16.2,16.05,16.15,-0.05,38.0
2025-06-25,1742,47003.0,760186.0,16.15,16.2,16.15,16.2,0.05,15.0
2025-06-26,1742,3283.0,53211.0,16.2,16.25,16.2,16.25,0.05,13.0
2025-06-27,1742,65638.0,1062997.0,16.25,16.3,16.1,16.3,0.05,36.0
2025-06-30,1742,13003.0,210947.0,16.2,16.3,16.2,16.3,0.0,7.0
2025-07-01,1742,2015.0,32989.0,16.55,16.55,16.55,16.55,0.25,8.0
2025-07-02,1742,28002.0,454181.0,16.25,16.25,16.2,16.2,-0.35,9.0
2025-07-03,1742,4264.0,69218.0,16.3,16.3,16.25,16.25,0.05,21.0
2025-07-04,1742,462.0,7154.0,0.0,0.0,0.0,0.0,0.0,23.0
2025-07-07,1742,6945.0,112186.0,16.3,16.3,16.15,16.15,-0.1,14.0
2025-07-08,1742,7449.0,120035.0,16.15,16.2,16.1,16.2,0.05,10.0
2025-07-09,1742,4000.0,64750.0,16.2,16.2,16.15,16.15,-0.05,4.0
2025-07-10,1742,2450.0,39439.0,16.2,16.2,16.2,16.2,0.05,6.0
2025-07-11,1742,40001.0,642915.0,16.1,16.15,16.0,16.15,-0.05,26.0
2025-07-14,1742,218.0,3455.0,0.0,0.0,0.0,0.0,0.0,6.0
2025-07-15,1742,2053.0,33127.0,16.15,16.15,16.15,16.15,0.0,4.0
2025-07-16,1742,5001.0,80615.0,16.1,16.15,16.1,16.1,-0.05,6.0
2025-07-17,1742,22339.0,358954.0,16.05,16.15,16.0,16.1,0.0,15.0
2025-07-18,1742,5515.0,88806.0,16.2,16.2,16.1,16.1,0.0,11.0
2025-07-21,1742,9053.0,145325.0,16.15,16.15,16.0,16.0,-0.1,10.0
2025-07-22,1742,4149.0,66331.0,16.0,16.05,15.95,16.05,0.05,11.0
2025-07-23,1742,30324.0,484916.0,15.9,16.05,15.9,15.95,-0.1,15.0
2025-07-24,1742,2308.0,37007.0,16.1,16.1,16.1,16.1,0.15,9.0
2025-07-25,1742,49806.0,789595.0,15.95,15.95,15.8,15.85,-0.25,117.0
2025-07-28,1742,210731.0,3275293.0,15.85,15.9,15.3,15.3,-0.55,149.0
2025-07-29,1742,364079.0,5317797.0,15.4,15.4,14.2,14.4,-0.9,304.0
2025-07-30,1742,25240.0,370713.0,14.6,14.85,14.6,14.65,0.25,37.0
2025-07-31,1742,28614.0,427985.0,14.55,15.05,14.55,15.05,0.4,28.0
2025-08-01,1742,20160.0,302009.0,15.3,15.35,14.85,15.1,0.05,23.0
2025-08-04,1742,10067.0,150955.0,14.8,15.1,14.8,14.95,-0.15,38.0
2025-08-05,1742,106895.0,1583605.0,14.95,15.0,14.65,14.8,-0.15,81.0
2025-08-06,1742,26235.0,388323.0,14.8,14.85,14.8,14.8,0.0,16.0
2025-08-07,1742,40001.0,592064.0,14.75,14.85,14.75,14.8,0.0,19.0
2025-08-08,1742,1002.0,14928.0,14.9,14.9,14.9,14.9,0.1,3.0
2025-08-11,1742,35171.0,518200.0,14.75,14.95,14.7,14.95,0.05,21.0
2025-08-12,1742,12025.0,180789.0,15.4,15.4,14.95,14.95,0.0,16.0
2025-08-13,1742,29339.0,439316.0,14.95,15.0,14.9,14.9,-0.05,22.0
2025-08-14,1742,11298.0,169755.0,15.1,15.1,14.95,14.95,0.05,8.0
2025-08-15,1742,11305.0,169826.0,15.1,15.25,14.95,15.1,0.15,15.0
2025-08-18,1742,35059.0,528040.0,15.2,15.2,15.05,15.1,0.0,7.0
2025-08-19,1742,7322.0,110044.0,15.05,15.05,15.0,15.0,-0.1,8.0
2025-08-20,1742,6077.0,89794.0,14.9,14.9,14.85,14.85,-0.15,14.0
2025-08-21,1742,3298.0,49198.0,14.75,15.1,14.75,15.1,0.25,11.0
2025-08-22,1742,151.0,2188.0,0.0,0.0,0.0,0.0,0.0,4.0
2025-08-25,1742,7051.0,105816.0,15.0,15.05,14.95,14.95,-0.15,8.0
2025-08-26,1742,2100.0,31450.0,14.95,15.0,14.95,15.0,0.05,7.0
2025-08-27,1742,1071.0,16121.0,15.05,15.05,15.05,15.05,0.05,3.0
2025-08-28,1742,32216.0,477859.0,15.05,15.05,14.8,14.95,-0.1,25.0
2025-08-29,1742,17001.0,252414.0,14.9,15.0,14.8,15.0,0.05,8.0
2025-09-01,1742,29143.0,429550.0,14.75,14.9,14.7,14.75,-0.25,16.0
2025-09-02,1742,13750.0,203179.0,14.8,15.05,14.7,14.8,0.05,20.0
2025-09-03,1742,9002.0,135278.0,15.0,15.05,15.0,15.05,0.25,7.0
2025-09-04,1742,25000.0,370600.0,14.8,14.85,14.75,14.85,-0.2,14.0
2025-09-05,1742,34049.0,501522.0,14.8,15.0,14.65,14.65,-0.2,22.0
2025-09-08,1742,8101.0,119064.0,14.65,14.75,14.65,14.7,0.05,8.0
2025-09-09,1742,2328.0,34289.0,14.75,14.75,14.75,14.75,0.05,7.0
2025-09-10,1742,17098.0,252958.0,14.75,14.85,14.65,14.8,0.05,9.0
2025-09-11,1742,5310.0,77645.0,14.65,14.7,14.6,14.7,-0.1,9.0
2025-09-12,1742,5057.0,74387.0,14.7,14.85,14.6,14.85,0.15,10.0
2025-09-15,1742,15154.0,222702.0,14.7,14.8,14.65,14.8,-0.05,18.0
2025-09-16,1742,2003.0,29742.0,14.85,14.85,14.85,14.85,0.05,5.0
2025-09-17,1742,11217.0,164704.0,14.7,14.8,14.65,14.65,-0.2,14.0
2025-09-18,1742,6300.0,92379.0,14.85,14.85,14.6,14.6,-0.05,9.0
2025-09-19,1742,12003.0,175193.0,14.6,14.65,14.55,14.65,0.05,12.0
2025-09-22,1742,6001.0,88064.0,14.8,14.8,14.65,14.65,0.0,6.0
2025-09-23,1742,10002.0,146028.0,14.6,14.6,14.6,14.6,-0.05,9.0
2025-09-24,1742,3067.0,44770.0,14.6,14.6,14.6,14.6,0.0,11.0
2025-09-25,1742,41422.0,601770.0,14.6,14.6,14.45,14.45,-0.15,53.0
2025-09-26,1742,28002.0,404629.0,14.5,14.5,14.4,14.45,0.0,12.0
2025-09-30,1742,21051.0,306741.0,14.55,14.7,14.5,14.5,0.05,14.0
2025-10-01,1742,39576.0,571192.0,14.55,14.75,14.3,14.3,-0.2,30.0
2025-10-02,1742,17880.0,258709.0,14.7,14.7,14.35,14.35,0.05,14.0
2025-10-03,1742,71020.0,1028690.0,14.6,14.6,14.35,14.45,0.1,24.0
2025-10-07,1742,23023.0,332228.0,14.4,14.5,14.4,14.45,0.0,14.0
2025-10-08,1742,9682.0,139648.0,14.45,14.5,14.45,14.5,0.05,9.0
2025-10-09,1742,31925.0,471496.0,14.95,15.15,14.6,14.6,0.1,33.0
2025-10-13,1742,31192.0,444517.0,14.5,14.5,14.05,14.05,-0.55,24.0
2025-10-14,1742,21227.0,303750.0,14.4,14.8,14.1,14.3,0.25,22.0
2025-10-15,1742,16002.0,229528.0,14.5,14.5,14.2,14.35,0.05,11.0
2025-10-16,1742,1002.0,14378.0,14.35,14.35,14.35,14.35,0.0,3.0
2025-10-17,1742,6598.0,94948.0,14.6,14.6,14.3,14.45,0.1,19.0
2025-10-20,1742,15005.0,217766.0,14.45,14.55,14.45,14.5,0.05,14.0
2025-10-21,1742,263959.0,3768957.0,14.5,14.5,14.25,14.25,-0.25,38.0
2025-10-22,1742,61424.0,870880.0,14.2,14.25,14.1,14.15,-0.1,33.0
2025-10-23,1742,100448.0,1422026.0,14.15,14.2,14.15,14.2,0.05,30.0
2025-10-27,1742,32752.0,465987.0,14.2,14.3,14.15,14.3,0.1,24.0
2025-10-28,1742,45763.0,646741.0,14.3,14.3,14.0,14.2,-0.1,27.0
2025-10-29,1742,58123.0,817222.0,14.2,14.2,13.95,13.95,-0.25,32.0
2025-10-30,1742,32071.0,444896.0,14.0,14.0,13.75,13.75,-0.2,29.0
2025-10-31,1742,2116.0,29315.0,13.8,13.9,13.8,13.9,0.15,5.0
2025-11-03,1742,28711.0,391692.0,13.8,13.8,13.55,13.55,-0.35,37.0
2025-11-04,1742,46477.0,648664.0,13.7,14.4,13.65,13.9,0.35,22.0
2025-11-05,1742,33082.0,458183.0,13.8,13.95,13.8,13.95,0.05,13.0
2025-11-06,1742,4077.0,56779.0,14.0,14.0,13.8,13.95,0.0,7.0
2025-11-07,1742,28000.0,390650.0,14.0,14.0,13.85,14.0,0.05,11.0
2025-11-10,1742,7000.0,98600.0,14.15,14.15,14.0,14.15,0.15,5.0
2025-11-11,1742,8069.0,114276.0,14.4,14.4,14.0,14.0,-0.15,16.0
2025-11-12,1742,49007.0,692943.0,14.2,14.2,14.0,14.0,0.0,17.0
2025-11-13,1742,21741.0,298913.0,14.0,14.0,13.7,13.7,-0.3,20.0
2025-11-14,1742,26689.0,369394.0,13.8,14.25,13.8,13.8,0.1,25.0
2025-11-17,1742,3002.0,41227.0,13.75,13.75,13.7,13.75,-0.05,5.0
2025-11-18,1742,20175.0,273410.0,13.75,13.85,13.15,13.8,0.05,20.0
2025-11-19,1742,4105.0,55315.0,13.45,13.6,13.35,13.35,-0.45,7.0
2025-11-20,1742,15002.0,200726.0,13.35,13.65,13.35,13.65,0.3,10.0
2025-11-21,1742,6002.0,80675.0,13.35,13.65,13.35,13.65,0.0,5.0
2025-11-24,1742,8947.0,122099.0,13.8,13.8,13.65,13.65,0.0,19.0
2025-11-25,1742,23048.0,306942.0,13.4,13.4,13.3,13.3,-0.35,28.0
2025-11-26,1742,12703.0,171869.0,13.4,13.6,13.4,13.5,0.2,15.0
2025-11-27,1742,3053.0,41415.0,13.5,13.6,13.5,13.6,0.1,5.0
2025-11-28,1742,11554.0,154715.0,13.35,13.5,13.3,13.5,-0.1,23.0
2025-12-01,1742,64002.0,862826.0,13.65,13.65,13.4,13.6,0.1,14.0
2025-12-02,1742,122356.0,1630369.0,13.45,13.5,13.1,13.1,-0.5,80.0
2025-12-03,1742,31830.0,417889.0,13.1,13.2,13.05,13.15,0.05,51.0
2025-12-04,1742,14077.0,187766.0,13.3,13.5,13.2,13.4,0.25,10.0
2025-12-05,1742,10145.0,134950.0,13.3,13.35,13.25,13.35,-0.05,9.0
2025-12-08,1742,11902.0,157781.0,13.3,13.35,13.25,13.25,-0.1,18.0
2025-12-09,1742,3260.0,43193.0,13.25,13.3,13.2,13.3,0.05,8.0
2025-12-10,1742,4000.0,53200.0,13.3,13.3,13.3,13.3,0.0,2.0
2025-12-11,1742,5177.0,69058.0,13.45,13.45,13.3,13.35,0.05,6.0
2025-12-12,1742,3150.0,42400.0,13.55,13.55,13.35,13.35,0.0,7.0
2025-12-15,1742,18000.0,239950.0,13.35,13.45,13.3,13.45,0.1,5.0
2025-12-16,1742,36050.0,479865.0,13.35,13.65,13.2,13.45,0.0,13.0
2025-12-17,1742,7310.0,100217.0,13.9,14.05,13.5,13.5,0.05,13.0
2025-12-18,1742,19001.0,254313.0,13.55,13.6,13.25,13.25,-0.25,14.0
2025-12-19,1742,4590.0,61908.0,13.6,13.6,13.45,13.45,0.2,10.0
2025-12-22,1742,18643.0,248671.0,13.65,13.65,13.25,13.3,-0.15,22.0
2025-12-23,1742,15002.0,201225.0,13.5,13.5,13.4,13.4,0.1,8.0
2025-12-24,1742,4001.0,53763.0,13.55,13.55,13.3,13.45,0.05,4.0
2025-12-26,1742,41026.0,553995.0,13.65,13.65,13.5,13.5,0.05,11.0
2025-12-29,1742,16001.0,217463.0,13.55,13.6,13.55,13.6,0.1,8.0
2025-12-30,1742,35523.0,479315.0,13.55,13.7,13.4,13.6,0.0,24.0
2025-12-31,1742,31127.0,424773.0,13.65,13.7,13.6,13.6,0.0,10.0
2026-01-02,1742,248217.0,3681083.0,13.75,14.95,13.75,14.95,1.35,119.0
2026-01-05,1742,536638.0,8403112.0,15.5,16.4,15.0,16.4,1.45,389.0
2026-01-06,1742,518282.0,8841150.0,16.75,17.4,16.55,16.8,0.4,379.0
2026-01-07,1742,350812.0,5774685.0,16.9,16.95,16.0,16.6,-0.2,188.0
2026-01-08,1742,145837.0,2420498.0,16.6,16.8,16.4,16.5,-0.1,76.0
2026-01-09,1742,134504.0,2200474.0,16.3,16.65,16.2,16.4,-0.1,59.0
2026-01-12,1742,107616.0,1729206.0,16.4,16.4,15.8,16.0,-0.4,82.0
2026-01-13,1742,61105.0,953034.0,16.0,16.0,15.1,15.45,-0.55,41.0
2026-01-14,1742,118976.0,1817040.0,15.45,15.45,15.0,15.4,-0.05,55.0
2026-01-15,1742,126703.0,1955423.0,15.35,15.65,15.3,15.6,0.2,60.0
2026-01-16,1742,50247.0,789254.0,15.6,15.85,15.6,15.8,0.2,37.0
2026-01-19,1742,84153.0,1314185.0,15.75,15.8,15.45,15.65,-0.15,95.0
2026-01-20,1742,71003.0,1107745.0,15.5,15.65,15.5,15.6,-0.05,24.0
2026-01-21,1742,80813.0,1256579.0,15.6,15.65,15.5,15.6,0.0,40.0
2026-01-22,1742,35101.0,549532.0,15.65,15.7,15.6,15.7,0.1,16.0
2026-01-23,1742,29487.0,474474.0,16.0,16.3,16.0,16.0,0.3,29.0
2026-01-26,1742,25006.0,408184.0,16.35,16.4,16.2,16.35,0.35,27.0
2026-01-27,1742,50319.0,816350.0,16.55,16.55,16.05,16.15,-0.2,53.0
2026-01-28,1742,179595.0,2960676.0,16.5,16.55,16.4,16.45,0.3,82.0
2026-01-29,1742,49937.0,804856.0,16.6,16.6,15.8,15.8,-0.65,38.0
2026-01-30,1742,5032.0,79302.0,15.75,15.8,15.75,15.8,0.0,10.0
2026-02-02,1742,80681.0,1300019.0,16.15,16.2,15.8,16.2,0.4,43.0
2026-02-03,1742,95761.0,1606833.0,16.05,16.95,16.05,16.9,0.7,68.0
2026-02-04,1742,70768.0,1197525.0,16.8,17.0,16.6,16.6,-0.3,48.0
2026-02-05,1742,87007.0,1470516.0,17.05,17.05,16.7,16.8,0.2,26.0
2026-02-06,1742,52366.0,830075.0,16.75,16.8,15.45,15.9,-0.9,105.0
2026-02-09,1742,85857.0,1403110.0,16.5,16.6,16.15,16.15,0.25,50.0
2026-02-10,1742,4048.0,65925.0,16.35,16.35,16.2,16.3,0.15,5.0
2026-02-11,1742,261141.0,4308480.0,16.35,16.6,16.35,16.6,0.3,41.0
2026-02-23,1742,75699.0,1272121.0,16.65,17.1,16.65,16.9,0.3,178.0
2026-02-24,1742,42388.0,704803.0,17.05,17.05,16.5,16.9,0.0,293.0
2026-02-25,1742,25070.0,417578.0,16.65,16.9,16.5,16.9,0.0,94.0
2026-02-26,1742,68011.0,1158080.0,17.45,17.45,16.8,17.1,0.2,32.0
2026-03-02,1742,9562.0,162013.0,17.1,17.1,16.65,17.1,0.0,51.0
2026-03-03,1742,62001.0,1051467.0,17.1,17.1,16.8,17.0,-0.1,21.0
2026-03-04,1742,66513.0,1122858.0,16.6,17.3,16.6,17.0,0.0,33.0
2026-03-05,1742,18005.0,306281.0,17.55,17.55,16.95,17.0,0.0,19.0
2026-03-06,1742,4027.0,68859.0,17.15,17.15,17.0,17.1,0.1,9.0
2026-03-09,1742,28126.0,472191.0,17.3,17.3,16.7,16.75,-0.35,28.0
2026-03-10,1742,237126.0,4089720.0,16.85,17.85,16.85,17.1,0.35,66.0
2026-03-11,1742,65270.0,1109965.0,16.5,17.1,16.5,17.0,-0.1,39.0
2026-03-12,1742,19730.0,331458.0,17.55,17.55,16.7,16.9,-0.1,21.0
2026-03-13,1742,218179.0,3677832.0,16.85,16.95,16.7,16.75,-0.15,20.0
2026-03-16,1742,16056.0,273499.0,17.2,17.3,16.85,17.0,0.25,19.0
2026-03-17,1742,29298.0,497059.0,17.15,17.2,16.85,16.9,-0.1,45.0
2026-03-18,1742,26754.0,450835.0,16.9,17.0,16.7,16.95,0.05,24.0
2026-03-19,1742,11122.0,187987.0,16.95,17.0,16.8,16.9,-0.05,16.0
2026-03-20,1742,23503.0,387420.0,16.4,16.7,16.35,16.5,-0.4,35.0
2026-03-23,1742,56411.0,972693.0,16.9,18.0,16.55,17.75,1.25,67.0
2026-03-24,1742,33129.0,570743.0,17.75,17.75,16.95,17.25,-0.5,44.0
2026-03-25,1742,36763.0,636826.0,17.45,17.45,17.1,17.1,-0.15,62.0
2026-03-26,1742,18074.0,308254.0,17.1,17.1,17.0,17.1,0.0,29.0
2026-03-27,1742,32102.0,544737.0,17.1,17.1,16.8,17.0,-0.1,23.0
2026-03-30,1742,36099.0,595678.0,17.0,17.0,16.4,16.5,-0.5,43.0
2026-03-31,1742,19006.0,309792.0,16.6,16.6,16.2,16.2,-0.3,11.0
2026-04-01,1742,20254.0,332229.0,16.85,16.85,16.3,16.35,0.15,19.0
2026-04-02,1742,34023.0,556524.0,16.35,16.55,16.25,16.45,0.1,15.0
2026-04-07,1742,43001.0,707466.0,16.55,16.7,16.05,16.05,-0.4,24.0
2026-04-08,1742,28941.0,470707.0,16.2,16.4,16.15,16.15,0.1,25.0
2026-04-09,1742,28300.0,450589.0,15.8,16.35,15.6,16.35,0.2,22.0
2026-04-10,1742,100103.0,1590633.0,16.0,16.3,15.8,16.3,-0.05,39.0
2026-04-13,1742,25488.0,411010.0,16.1,16.35,16.0,16.0,-0.3,28.0
2026-04-14,1742,113099.0,1798578.0,16.0,16.1,15.75,15.8,-0.2,37.0
2026-04-15,1742,59046.0,945804.0,16.0,16.15,15.9,16.1,0.3,26.0
2026-04-16,1742,50148.0,806468.0,16.0,16.4,15.95,16.15,0.05,22.0
2026-04-17,1742,76102.0,1207921.0,16.0,16.0,15.7,15.85,-0.3,33.0
2026-04-20,1742,14317.0,228072.0,15.95,15.95,15.85,15.85,0.0,7.0
2026-04-21,1742,49279.0,780504.0,16.3,16.4,15.65,16.4,0.55,46.0
2026-04-22,1742,21369.0,341914.0,16.0,16.2,16.0,16.05,-0.35,95.0
2026-04-23,1742,30002.0,470578.0,15.7,15.8,15.6,15.6,-0.45,18.0
2026-04-24,1742,18300.0,284664.0,15.55,15.6,15.5,15.55,-0.05,11.0
2026-04-27,1742,8252.0,130955.0,16.55,16.55,15.7,15.75,0.2,13.0
2026-04-28,1742,18791.0,302457.0,16.0,16.3,15.7,16.1,0.35,27.0
2026-04-29,1742,12451.0,197806.0,16.0,16.0,15.75,16.0,-0.1,20.0
2026-04-30,1742,7003.0,111195.0,16.0,16.0,15.75,15.9,-0.1,10.0
2026-05-04,1742,11147.0,176804.0,16.0,16.0,15.7,15.9,0.0,19.0
2026-05-05,1742,69001.0,1070365.0,15.8,15.8,15.25,15.5,-0.4,41.0
2026-05-06,1742,17445.0,271124.0,15.75,15.75,15.5,15.5,0.0,23.0
2026-05-07,1742,15854.0,243387.0,15.25,15.6,15.2,15.5,0.0,16.0
2026-05-08,1742,20262.0,309611.0,15.7,15.7,15.2,15.5,0.0,22.0
2026-05-11,1742,34425.0,533272.0,15.45,15.85,15.35,15.75,0.25,38.0
2026-05-12,1742,42012.0,644032.0,15.35,15.85,15.25,15.6,-0.15,28.0
2026-05-13,1742,3150.0,48509.0,15.3,15.6,15.3,15.6,0.0,6.0
2026-05-14,1742,34007.0,519141.0,15.6,15.6,15.15,15.15,-0.45,28.0
2026-05-15,1742,38619.0,590039.0,15.2,15.9,15.05,15.05,-0.1,33.0
2026-05-18,1742,29832.0,449325.0,15.05,15.45,15.05,15.45,0.4,22.0
2026-05-19,1742,12000.0,181000.0,15.3,15.3,15.05,15.1,-0.35,9.0
2026-05-20,1742,9352.0,141148.0,15.0,15.2,15.0,15.2,0.1,11.0
2026-05-21,1742,26591.0,399933.0,15.7,15.7,15.0,15.0,-0.2,37.0
2026-05-22,1742,24963.0,373646.0,15.0,15.0,14.8,15.0,0.0,18.0
2026-05-25,1742,55463.0,835192.0,15.0,15.25,14.8,15.2,0.2,34.0
2026-05-26,1742,21005.0,316588.0,15.2,15.4,14.85,15.0,-0.2,26.0
2026-05-27,1742,45561.0,683197.0,15.0,15.1,14.85,14.85,-0.15,19.0
2026-05-28,1742,21709.0,325127.0,15.15,15.15,14.9,15.15,0.3,24.0
2026-05-29,1742,26606.0,400985.0,15.0,15.3,15.0,15.2,0.05,19.0
2026-06-01,1742,47555.0,734178.0,15.5,15.9,15.35,15.4,0.2,34.0
2026-06-02,1742,53580.0,826487.0,15.5,15.5,15.3,15.5,0.1,31.0
2026-06-03,1742,85348.0,1327591.0,15.6,15.6,15.5,15.6,0.1,35.0
2026-06-04,1742,63831.0,1007449.0,15.7,16.15,15.65,15.9,0.3,41.0
2026-06-05,1742,106106.0,1732535.0,17.2,17.2,16.05,16.1,0.2,99.0
2026-06-08,1742,32129.0,501199.0,15.6,15.95,15.1,15.5,-0.6,26.0
2026-06-09,1742,42404.0,647676.0,15.25,15.75,15.05,15.3,-0.2,44.0
2026-06-10,1742,52930.0,794624.0,15.0,15.2,14.6,14.6,-0.7,40.0
2026-06-11,1742,43275.0,651923.0,14.8,15.75,14.7,15.75,1.15,35.0
2026-06-12,1742,39738.0,624578.0,15.2,15.95,15.2,15.5,-0.25,37.0
2026-06-15,1742,35111.0,547729.0,15.7,15.7,15.5,15.7,0.2,23.0
2026-06-16,1742,34446.0,533907.0,15.7,15.8,15.5,15.6,-0.1,30.0
2026-06-17,1742,38007.0,591859.0,16.1,16.25,15.3,15.5,-0.1,19.0
2026-06-18,1742,75144.0,1171497.0,15.65,15.7,15.45,15.6,0.1,34.0
2026-06-22,1742,18812.0,289030.0,15.4,15.45,15.3,15.4,-0.2,43.0
2026-06-23,1742,22585.0,342960.0,15.5,15.5,15.15,15.3,-0.1,31.0
2026-06-24,1742,15617.0,236436.0,15.15,15.25,15.1,15.25,-0.05,21.0
2026-06-25,1742,27623.0,411250.0,14.9,15.0,14.3,14.95,-0.3,21.0
2026-06-26,1742,13316.0,202124.0,15.3,15.35,15.05,15.05,0.1,19.0
2026-06-29,1742,3101.0,46774.0,14.85,15.25,14.85,15.15,0.1,6.0
2026-06-30,1742,1100.0,16800.0,15.3,15.3,15.3,15.3,0.15,3.0
2026-07-01,1742,60817.0,919845.0,15.05,15.35,15.0,15.35,0.05,27.0
2026-07-02,1742,17151.0,260645.0,15.2,15.4,14.9,15.4,0.05,18.0
2026-07-03,1742,35834.0,547924.0,15.5,15.5,15.05,15.5,0.1,32.0
2026-07-06,1742,5060.0,77656.0,15.35,15.35,15.35,15.35,-0.15,6.0
2026-07-07,1742,35472.0,546276.0,15.45,15.55,15.3,15.3,-0.05,14.0
2026-07-08,1742,12274.0,185171.0,15.05,15.3,15.05,15.25,-0.05,18.0
2026-07-09,1742,6002.0,91178.0,15.35,15.35,15.1,15.2,-0.05,6.0
2026-07-13,1742,5005.0,76475.0,15.4,15.4,15.25,15.25,0.05,8.0
2026-07-14,1742,21324.0,323961.0,15.75,15.75,15.0,15.35,0.1,26.0
2026-07-15,1742,91226.0,1448906.0,15.85,16.45,15.05,16.2,0.85,87.0
2026-07-16,1742,63344.0,1012961.0,16.3,16.3,15.8,16.25,0.05,47.0
2026-07-17,1742,52071.0,830326.0,15.8,16.2,15.8,16.2,-0.05,83.0
2026-07-20,1742,63746.0,1037859.0,16.5,16.75,16.1,16.3,0.1,98.0
2026-07-21,1742,64504.0,1049689.0,16.3,16.4,16.05,16.4,0.1,51.0
2026-07-22,1742,36301.0,576036.0,16.0,16.0,15.7,15.85,-0.55,20.0
2026-07-23,1742,33672.0,547094.0,16.0,16.4,15.95,16.4,0.55,35.0
2026-07-24,1742,32010.0,523310.0,16.65,16.65,16.1,16.5,0.1,24.0
2026-07-27,1742,5004.0,80914.0,16.2,16.2,16.15,16.15,-0.35,8.0
2026-07-28,1742,22229.0,355528.0,16.05,16.05,15.9,16.0,-0.15,20.0
2026-07-29,1742,55983.0,897519.0,15.95,16.3,15.8,16.05,0.05,41.0
2026-07-30,1742,88000.0,1413650.0,16.0,16.55,15.8,16.55,0.5,58.0
2026-07-31,1742,301902.0,5180294.0,16.65,18.15,15.85,17.9,1.35,176.0
2026-08-03,1742,238160.0,4329775.0,17.9,18.75,17.65,18.5,0.6,172.0
2026-08-04,1742,71341.0,1305279.0,18.5,18.5,18.05,18.35,-0.15,62.0
2026-08-05,1742,267070.0,4620214.0,18.0,18.2,16.55,18.1,-0.25,178.0
2026-08-06,1742,121003.0,2099351.0,17.85,17.95,17.0,17.95,-0.15,80.0
2026-08-07,1742,52155.0,924153.0,18.0,18.0,17.5,17.8,-0.15,30.0
2026-08-10,1742,41212.0,730185.0,17.95,17.95,17.55,17.85,0.05,38.0
2026-08-11,1742,93101.0,1638787.0,17.85,17.9,17.15,17.9,0.05,56.0
2026-08-12,1742,104216.0,1825912.0,17.65,17.75,17.35,17.65,-0.25,58.0
2026-08-13,1742,28268.0,497292.0,17.4,17.7,17.4,17.65,0.0,35.0
2026-08-14,1742,34110.0,600706.0,17.7,17.85,17.5,17.5,-0.15,27.0
2026-08-17,1742,83013.0,1445826.0,17.7,17.7,17.3,17.5,0.0,41.0
2026-08-18,1742,83092.0,1482705.0,17.6,18.4,17.35,17.95,0.45,55.0
2026-08-19,1742,129026.0,2295664.0,17.7,18.2,17.5,18.0,0.05,50.0
2026-08-20,1742,204486.0,3630285.0,18.15,18.15,17.5,17.8,-0.2,133.0
2026-08-21,1742,99050.0,1744985.0,17.95,18.15,17.45,17.8,0.0,47.0
2026-08-24,1742,27513.0,482078.0,17.5,17.75,17.5,17.75,-0.05,19.0
2026-08-25,1742,50003.0,875353.0,18.2,18.2,17.4,17.4,-0.35,25.0
2026-08-26,1742,107327.0,1879891.0,17.45,17.85,17.4,17.85,0.45,43.0
2026-08-27,1742,62037.0,1088429.0,17.6,17.8,17.5,17.6,-0.25,24.0
2026-08-28,1742,144272.0,2540021.0,17.5,17.75,17.4,17.75,0.15,40.0
2026-08-31,1742,62000.0,1091050.0,17.95,17.95,17.5,17.9,0.15,33.0
2026-09-01,1742,111033.0,1967034.0,17.9,18.0,17.6,17.9,0.0,42.0
2026-09-02,1742,74037.0,1312102.0,18.05,18.05,17.6,17.9,0.0,21.0
2026-09-03,1742,103543.0,1837346.0,18.05,18.05,17.6,17.6,-0.3,40.0
2026-09-04,1742,58522.0,1032934.0,17.8,17.8,17.6,17.8,0.2,23.0
2026-09-07,1742,117922.0,2075188.0,18.0,18.0,17.0,17.8,0.0,42.0
