date,stock_id,Trading_Volume,Trading_money,open,max,min,close,spread,Trading_turnover
2016-01-04,2538,1222000.0,18751800.0,15.8,15.8,15.15,15.15,-0.65,668.0
2016-01-05,2538,1088500.0,16381224.0,15.15,15.2,14.9,14.95,-0.2,596.0
2016-01-06,2538,703045.0,10418460.0,15.1,15.15,14.7,14.75,-0.2,448.0
2016-01-07,2538,1594110.0,22798983.0,14.75,14.8,14.05,14.3,-0.45,734.0
2016-01-08,2538,791623.0,11309636.0,14.2,14.4,14.15,14.35,0.05,410.0
2016-01-11,2538,1552380.0,21696397.0,14.3,14.3,13.85,13.95,-0.4,615.0
2016-01-12,2538,501130.0,6997726.0,13.9,14.05,13.9,13.95,0.0,242.0
2016-01-13,2538,491580.0,6891199.0,13.95,14.15,13.95,14.05,0.1,370.0
2016-01-14,2538,742120.0,10262930.0,13.9,13.95,13.7,13.85,-0.2,463.0
2016-01-15,2538,839080.0,11721424.0,14.0,14.05,13.85,14.0,0.15,491.0
2016-01-18,2538,498202.0,6967197.0,13.75,14.15,13.7,14.1,0.1,250.0
2016-01-19,2538,580287.0,8216931.0,14.15,14.3,14.0,14.2,0.1,240.0
2016-01-20,2538,562020.0,7842030.0,14.15,14.2,13.85,13.85,-0.35,317.0
2016-01-21,2538,647074.0,8994589.0,13.8,14.0,13.8,13.8,-0.05,292.0
2016-01-22,2538,386105.0,5344875.0,14.0,14.05,13.8,13.8,0.0,216.0
2016-01-25,2538,364697.0,5056303.0,13.9,13.95,13.8,13.85,0.05,226.0
2016-01-26,2538,274275.0,3824700.0,13.85,14.0,13.85,14.0,0.15,146.0
2016-01-27,2538,290378.0,4045403.0,14.05,14.05,13.9,13.9,-0.1,125.0
2016-01-28,2538,331500.0,4583273.0,13.7,13.95,13.7,13.85,-0.05,203.0
2016-01-29,2538,711556.0,9929834.0,13.9,14.1,13.8,14.05,0.2,342.0
2016-01-30,2538,649877.0,9286040.0,14.15,14.45,14.1,14.35,0.3,320.0
2016-02-01,2538,469484.0,6726921.0,14.4,14.4,14.25,14.3,-0.05,221.0
2016-02-02,2538,442240.0,6296058.0,14.3,14.3,14.15,14.3,0.0,233.0
2016-02-03,2538,950500.0,13591949.0,14.3,14.45,14.15,14.3,0.0,439.0
2016-02-15,2538,2715058.0,39886301.0,14.25,14.9,14.25,14.7,0.4,1130.0
2016-02-16,2538,782222.0,11562044.0,14.75,14.85,14.6,14.8,0.1,376.0
2016-02-17,2538,704875.0,10381611.0,14.9,14.9,14.6,14.75,-0.05,308.0
2016-02-18,2538,686531.0,10094524.0,14.8,14.85,14.6,14.6,-0.15,336.0
2016-02-19,2538,502376.0,7346326.0,14.5,14.7,14.5,14.6,0.0,242.0
2016-02-22,2538,389095.0,5699337.0,14.7,14.7,14.55,14.65,0.05,255.0
2016-02-23,2538,419290.0,6158513.0,14.65,14.75,14.65,14.7,0.05,201.0
2016-02-24,2538,311462.0,4559966.0,14.7,14.7,14.6,14.6,-0.1,189.0
2016-02-25,2538,490500.0,7218524.0,14.7,14.8,14.65,14.65,0.05,228.0
2016-02-26,2538,880761.0,12970698.0,14.75,14.85,14.65,14.65,0.0,361.0
2016-03-01,2538,1224068.0,18300320.0,14.7,15.1,14.7,15.05,0.4,509.0
2016-03-02,2538,963444.0,14541760.0,15.2,15.25,14.95,15.1,0.05,482.0
2016-03-03,2538,3161246.0,49027171.0,15.1,15.85,15.1,15.7,0.6,1136.0
2016-03-04,2538,1765772.0,27612828.0,15.7,15.75,15.5,15.65,-0.05,776.0
2016-03-07,2538,5988435.0,97431028.0,15.75,16.6,15.75,16.35,0.7,2088.0
2016-03-08,2538,1992377.0,32449953.0,16.6,16.6,16.05,16.2,-0.15,823.0
2016-03-09,2538,1416505.0,22960129.0,16.1,16.4,16.0,16.35,0.15,709.0
2016-03-10,2538,1214882.0,19761788.0,16.4,16.4,16.2,16.2,-0.15,552.0
2016-03-11,2538,1040708.0,16856182.0,16.15,16.3,16.1,16.25,0.05,500.0
2016-03-14,2538,1997559.0,31959344.0,16.2,16.2,15.8,16.0,-0.25,785.0
2016-03-15,2538,2229417.0,34613598.0,15.9,15.95,15.25,15.3,-0.7,1139.0
2016-03-16,2538,934955.0,14570589.0,15.45,15.75,15.4,15.65,0.35,465.0
2016-03-17,2538,732020.0,11483810.0,15.8,15.85,15.55,15.55,-0.1,299.0
2016-03-18,2538,1125692.0,17711114.0,15.6,15.85,15.55,15.85,0.3,444.0
2016-03-21,2538,671662.0,10682958.0,15.9,16.0,15.75,15.95,0.1,289.0
2016-03-22,2538,829212.0,13300963.0,16.05,16.15,15.95,16.1,0.15,364.0
2016-03-23,2538,2776979.0,45386855.0,16.2,16.55,16.05,16.35,0.25,1030.0
2016-03-24,2538,3575041.0,59531629.0,16.55,16.8,16.4,16.75,0.4,1200.0
2016-03-25,2538,9882479.0,171714511.0,17.2,17.65,17.0,17.0,0.25,3291.0
2016-03-28,2538,3778224.0,64337467.0,17.2,17.4,16.6,16.7,-0.3,1236.0
2016-03-29,2538,2320200.0,38358129.0,16.85,16.85,16.25,16.65,-0.05,958.0
2016-03-30,2538,2157020.0,35910584.0,16.7,16.8,16.5,16.7,0.05,775.0
2016-03-31,2538,1165287.0,19260518.0,16.7,16.75,16.45,16.45,-0.25,505.0
2016-04-01,2538,2017745.0,33662164.0,16.45,16.9,16.3,16.6,0.15,738.0
2016-04-06,2538,958672.0,15741133.0,16.6,16.6,16.3,16.5,-0.1,392.0
2016-04-07,2538,997216.0,16306364.0,16.4,16.45,16.25,16.4,-0.1,413.0
2016-04-08,2538,808295.0,13336341.0,16.35,16.6,16.3,16.6,0.2,432.0
2016-04-11,2538,545349.0,8951093.0,16.45,16.5,16.35,16.4,-0.2,301.0
2016-04-12,2538,1320985.0,21270506.0,16.4,16.45,15.85,16.0,-0.4,723.0
2016-04-13,2538,601511.0,9626676.0,16.0,16.1,15.9,16.05,0.05,302.0
2016-04-14,2538,1060800.0,17208959.0,16.1,16.45,16.0,16.2,0.15,477.0
2016-04-15,2538,1342900.0,21540694.0,16.2,16.25,15.9,15.95,-0.25,750.0
2016-04-18,2538,667706.0,10752200.0,15.95,16.15,15.95,16.15,0.2,258.0
2016-04-19,2538,828000.0,13408050.0,16.25,16.4,16.1,16.1,-0.05,455.0
2016-04-20,2538,700000.0,11251650.0,16.1,16.2,16.0,16.0,-0.1,409.0
2016-04-21,2538,999424.0,15890860.0,16.05,16.05,15.8,15.8,-0.2,414.0
2016-04-22,2538,3490201.0,53537674.0,15.5,15.5,15.2,15.25,-0.55,1140.0
2016-04-25,2538,692276.0,10495622.0,15.2,15.2,15.1,15.2,-0.05,276.0
2016-04-26,2538,476134.0,7252034.0,15.25,15.3,15.15,15.25,0.05,221.0
2016-04-27,2538,405244.0,6181857.0,15.25,15.3,15.2,15.2,-0.05,189.0
2016-04-28,2538,793412.0,12061209.0,15.2,15.25,15.15,15.2,0.0,384.0
2016-04-29,2538,573150.0,8708595.0,15.2,15.25,15.1,15.25,0.05,312.0
2016-05-03,2538,731100.0,11023935.0,15.25,15.25,15.0,15.05,-0.2,265.0
2016-05-04,2538,633752.0,9397639.0,15.0,15.0,14.75,14.8,-0.25,306.0
2016-05-05,2538,508653.0,7494329.0,14.75,14.8,14.7,14.7,-0.1,195.0
2016-05-06,2538,543554.0,7919233.0,14.7,14.7,14.5,14.5,-0.2,289.0
2016-05-09,2538,420050.0,6116135.0,14.55,14.7,14.45,14.5,0.0,210.0
2016-05-10,2538,412092.0,5994035.0,14.5,14.7,14.45,14.55,0.05,196.0
2016-05-11,2538,754508.0,10860738.0,14.55,14.55,14.3,14.3,-0.25,298.0
2016-05-12,2538,516222.0,7326985.0,14.3,14.35,14.1,14.1,-0.2,224.0
2016-05-13,2538,636303.0,8923992.0,14.15,14.15,13.9,14.0,-0.1,268.0
2016-05-16,2538,508000.0,7098649.0,14.0,14.05,13.9,14.0,0.0,190.0
2016-05-17,2538,337075.0,4754909.0,14.1,14.2,14.0,14.15,0.15,156.0
2016-05-18,2538,375287.0,5292610.0,14.1,14.2,14.0,14.15,0.0,226.0
2016-05-19,2538,449439.0,6346938.0,14.15,14.2,14.05,14.15,0.0,207.0
2016-05-20,2538,299585.0,4236496.0,14.05,14.25,14.05,14.2,0.05,134.0
2016-05-23,2538,320387.0,4611170.0,14.25,14.5,14.2,14.5,0.3,191.0
2016-05-24,2538,275200.0,3939629.0,14.4,14.45,14.25,14.3,-0.2,158.0
2016-05-25,2538,309335.0,4446757.0,14.3,14.45,14.3,14.4,0.1,171.0
2016-05-26,2538,334150.0,4789960.0,14.45,14.45,14.3,14.3,-0.1,137.0
2016-05-27,2538,370375.0,5310111.0,14.4,14.45,14.25,14.4,0.1,180.0
2016-05-30,2538,587924.0,8441503.0,14.4,14.4,14.3,14.4,0.0,200.0
2016-05-31,2538,1047723.0,15050822.0,14.35,14.45,14.3,14.45,0.05,456.0
2016-06-01,2538,665386.0,9597265.0,14.45,14.45,14.35,14.45,0.0,266.0
2016-06-02,2538,4031011.0,59368610.0,14.45,14.95,14.4,14.6,0.15,1186.0
2016-06-03,2538,1397970.0,20227913.0,14.5,14.65,14.35,14.5,-0.1,551.0
2016-06-04,2538,255607.0,3694639.0,14.5,14.55,14.4,14.5,0.0,101.0
2016-06-06,2538,705347.0,10159129.0,14.5,14.5,14.35,14.4,-0.1,237.0
2016-06-07,2538,839473.0,12087133.0,14.4,14.5,14.3,14.4,0.0,311.0
2016-06-08,2538,802100.0,11555195.0,14.45,14.45,14.35,14.35,-0.05,314.0
2016-06-13,2538,608685.0,8678860.0,14.35,14.4,14.2,14.25,-0.1,286.0
2016-06-14,2538,418000.0,5977100.0,14.2,14.4,14.2,14.25,0.0,176.0
2016-06-15,2538,582849.0,8345725.0,14.3,14.4,14.25,14.35,0.1,172.0
2016-06-16,2538,573804.0,8219636.0,14.35,14.4,14.25,14.35,0.0,237.0
2016-06-17,2538,590492.0,8470507.0,14.35,14.4,14.3,14.4,0.05,280.0
2016-06-20,2538,593429.0,8504055.0,14.35,14.4,14.3,14.35,-0.05,265.0
2016-06-21,2538,757641.0,10887945.0,14.4,14.4,14.35,14.4,0.05,241.0
2016-06-22,2538,626832.0,9023180.0,14.4,14.45,14.35,14.4,0.0,191.0
2016-06-23,2538,502211.0,7230988.0,14.4,14.45,14.35,14.4,0.0,186.0
2016-06-24,2538,1295893.0,18423434.0,14.4,14.4,14.05,14.05,-0.35,542.0
2016-06-27,2538,598219.0,8507959.0,14.05,14.35,14.05,14.25,0.2,208.0
2016-06-28,2538,528643.0,7519224.0,14.2,14.3,14.2,14.3,0.05,205.0
2016-06-29,2538,2059020.0,29802083.0,14.3,14.55,14.25,14.45,0.15,582.0
2016-06-30,2538,925926.0,13431490.0,14.5,14.55,14.45,14.5,0.05,409.0
2016-07-01,2538,838248.0,12129294.0,14.5,14.55,14.4,14.5,0.0,314.0
2016-07-04,2538,2103681.0,30811226.0,14.55,14.8,14.5,14.7,0.2,614.0
2016-07-05,2538,2318836.0,33921084.0,14.65,14.7,14.55,14.6,-0.1,785.0
2016-07-06,2538,1557900.0,20852363.0,13.4,13.45,13.3,13.35,0.0,615.0
2016-07-07,2538,1604304.0,21188457.0,13.35,13.45,13.05,13.05,-0.3,744.0
2016-07-11,2538,1114519.0,14563147.0,13.1,13.15,13.0,13.05,0.0,414.0
2016-07-12,2538,729586.0,9501975.0,13.05,13.1,12.95,13.0,-0.05,252.0
2016-07-13,2538,752955.0,9769765.0,13.05,13.05,12.95,13.0,0.0,380.0
2016-07-14,2538,459720.0,5969510.0,13.05,13.1,12.95,12.95,-0.05,277.0
2016-07-15,2538,791327.0,10355051.0,13.0,13.25,12.95,13.15,0.2,408.0
2016-07-18,2538,558963.0,7337063.0,13.2,13.2,13.1,13.1,-0.05,237.0
2016-07-19,2538,529139.0,6907207.0,13.05,13.1,13.0,13.0,-0.1,334.0
2016-07-20,2538,568740.0,7462920.0,13.05,13.2,13.0,13.1,0.1,322.0
2016-07-21,2538,532683.0,6986979.0,13.1,13.2,13.05,13.1,0.0,262.0
2016-07-22,2538,451644.0,5901022.0,13.1,13.15,13.0,13.05,-0.05,189.0
2016-07-25,2538,417713.0,5439619.0,13.05,13.15,12.95,13.0,-0.05,162.0
2016-07-26,2538,455261.0,5921143.0,13.0,13.05,12.95,13.0,0.0,208.0
2016-07-27,2538,826935.0,10700309.0,13.0,13.05,12.85,12.95,-0.05,371.0
2016-07-28,2538,438495.0,5660009.0,12.95,12.95,12.85,12.9,-0.05,220.0
2016-07-29,2538,897823.0,11479721.0,12.9,12.9,12.75,12.8,-0.1,419.0
2016-08-01,2538,1322439.0,16606056.0,12.75,12.75,12.5,12.55,-0.25,586.0
2016-08-02,2538,843783.0,10639353.0,12.5,12.75,12.45,12.65,0.1,271.0
2016-08-03,2538,384531.0,4831239.0,12.65,12.65,12.5,12.55,-0.1,176.0
2016-08-04,2538,379236.0,4755709.0,12.55,12.65,12.5,12.55,0.0,246.0
2016-08-05,2538,411621.0,5152468.0,12.55,12.6,12.45,12.5,-0.05,210.0
2016-08-08,2538,502742.0,6274648.0,12.55,12.55,12.45,12.5,0.0,185.0
2016-08-09,2538,319687.0,3994986.0,12.5,12.55,12.45,12.5,0.0,143.0
2016-08-10,2538,633207.0,7913936.0,12.5,12.55,12.45,12.5,0.0,217.0
2016-08-11,2538,588905.0,7328221.0,12.5,12.55,12.4,12.45,-0.05,295.0
2016-08-12,2538,578158.0,7164098.0,12.45,12.45,12.35,12.4,-0.05,320.0
2016-08-15,2538,637083.0,7856710.0,12.4,12.4,12.3,12.3,-0.1,304.0
2016-08-16,2538,419967.0,5164742.0,12.3,12.4,12.25,12.25,-0.05,232.0
2016-08-17,2538,674369.0,8297243.0,12.25,12.45,12.2,12.4,0.15,310.0
2016-08-18,2538,402667.0,4944317.0,12.4,12.4,12.25,12.3,-0.1,275.0
2016-08-19,2538,468694.0,5748199.0,12.35,12.35,12.2,12.25,-0.05,342.0
2016-08-22,2538,1050970.0,12651536.0,12.2,12.25,11.95,11.95,-0.3,481.0
2016-08-23,2538,453866.0,5439992.0,11.95,12.05,11.95,12.0,0.05,181.0
2016-08-24,2538,1071544.0,12703394.0,12.0,12.0,11.8,11.85,-0.15,460.0
2016-08-25,2538,1093921.0,12961358.0,11.8,12.0,11.7,12.0,0.15,371.0
2016-08-26,2538,1034027.0,12455674.0,12.0,12.15,11.95,12.05,0.05,325.0
2016-08-29,2538,591647.0,7170160.0,12.15,12.2,12.0,12.15,0.1,280.0
2016-08-30,2538,343245.0,4185588.0,12.2,12.25,12.15,12.2,0.05,195.0
2016-08-31,2538,1029587.0,12674169.0,12.2,12.4,12.15,12.3,0.1,359.0
2016-09-01,2538,377787.0,4602311.0,12.3,12.3,12.15,12.15,-0.15,222.0
2016-09-02,2538,285073.0,3444129.0,12.1,12.2,12.0,12.05,-0.1,129.0
2016-09-05,2538,598985.0,7186020.0,12.1,12.1,11.95,11.95,-0.1,206.0
2016-09-06,2538,231979.0,2786548.0,11.95,12.1,11.95,12.1,0.15,146.0
2016-09-07,2538,863385.0,10313420.0,12.0,12.15,11.85,11.9,-0.2,274.0
2016-09-08,2538,256063.0,3058546.0,11.95,12.0,11.9,11.95,0.05,141.0
2016-09-09,2538,413095.0,4904670.0,12.05,12.05,11.8,11.9,-0.05,243.0
2016-09-10,2538,352005.0,4138107.0,11.85,11.85,11.7,11.75,-0.15,146.0
2016-09-12,2538,988101.0,11507336.0,11.75,11.75,11.55,11.6,-0.15,337.0
2016-09-13,2538,590080.0,6775365.0,11.65,11.65,11.4,11.4,-0.2,249.0
2016-09-14,2538,436844.0,5002220.0,11.4,11.55,11.35,11.5,0.1,205.0
2016-09-19,2538,511570.0,5843074.0,11.5,11.6,11.4,11.4,-0.1,336.0
2016-09-20,2538,591873.0,6685413.0,11.4,11.4,11.25,11.25,-0.15,286.0
2016-09-21,2538,726929.0,8173041.0,11.25,11.35,11.15,11.3,0.05,298.0
2016-09-22,2538,611760.0,6872007.0,11.3,11.3,11.2,11.25,-0.05,224.0
2016-09-23,2538,482185.0,5437529.0,11.3,11.35,11.25,11.25,0.0,193.0
2016-09-26,2538,677421.0,7535692.0,11.25,11.25,11.05,11.1,-0.15,280.0
2016-09-29,2538,1031657.0,11328443.0,11.1,11.1,10.9,10.95,-0.15,560.0
2016-09-30,2538,807124.0,8718379.0,11.0,11.0,10.75,10.75,-0.2,388.0
2016-10-03,2538,1094100.0,11615958.0,10.75,10.75,10.55,10.55,-0.2,383.0
2016-10-04,2538,976541.0,10507942.0,10.6,10.9,10.6,10.85,0.3,422.0
2016-10-05,2538,1047002.0,11500922.0,10.9,11.1,10.85,11.05,0.2,386.0
2016-10-06,2538,869266.0,9661879.0,11.05,11.25,11.0,11.1,0.05,328.0
2016-10-07,2538,630960.0,6969404.0,11.15,11.15,10.95,11.05,-0.05,217.0
2016-10-11,2538,813963.0,8894292.0,11.05,11.1,10.85,10.9,-0.15,258.0
2016-10-12,2538,465758.0,5013135.0,10.8,10.85,10.7,10.75,-0.15,341.0
2016-10-13,2538,511600.0,5481228.0,10.7,10.8,10.65,10.7,-0.05,343.0
2016-10-14,2538,673135.0,7115078.0,10.7,10.7,10.5,10.55,-0.15,347.0
2016-10-17,2538,596341.0,6174846.0,10.5,10.5,10.3,10.3,-0.25,273.0
2016-10-18,2538,585450.0,5997144.0,10.25,10.3,10.2,10.25,-0.05,395.0
2016-10-19,2538,205221.0,2116913.0,10.25,10.35,10.25,10.3,0.05,111.0
2016-10-20,2538,378545.0,3950708.0,10.3,10.5,10.3,10.4,0.1,195.0
2016-10-21,2538,1807147.0,18398447.0,10.4,10.45,10.1,10.1,-0.3,529.0
2016-10-24,2538,761523.0,7778356.0,10.15,10.25,10.15,10.25,0.15,360.0
2016-10-25,2538,326743.0,3329836.0,10.3,10.3,10.15,10.2,-0.05,231.0
2016-10-26,2538,425735.0,4325622.0,10.2,10.25,10.15,10.15,-0.05,257.0
2016-10-27,2538,599700.0,6055954.0,10.15,10.15,10.05,10.1,-0.05,353.0
2016-10-28,2538,349144.0,3532252.0,10.1,10.15,10.1,10.1,0.0,235.0
2016-10-31,2538,476514.0,4819140.0,10.1,10.2,10.05,10.1,0.0,177.0
2016-11-01,2538,433762.0,4377370.0,10.1,10.15,10.05,10.1,0.0,168.0
2016-11-02,2538,797114.0,7962699.0,10.1,10.1,9.92,9.92,-0.18,457.0
2016-11-03,2538,663061.0,6593418.0,10.0,10.0,9.86,9.86,-0.06,368.0
2016-11-04,2538,1002360.0,9708156.0,9.86,9.86,9.6,9.61,-0.25,427.0
2016-11-07,2538,1532400.0,14530999.0,9.61,9.68,9.42,9.44,-0.17,535.0
2016-11-08,2538,433000.0,4091380.0,9.46,9.5,9.41,9.43,-0.01,249.0
2016-11-09,2538,1006097.0,9337916.0,9.4,9.45,9.06,9.06,-0.37,359.0
2016-11-10,2538,355103.0,3304807.0,9.1,9.36,9.1,9.35,0.29,191.0
2016-11-11,2538,999010.0,9107671.0,9.35,9.35,9.06,9.07,-0.28,532.0
2016-11-14,2538,453190.0,4138671.0,9.23,9.23,9.05,9.08,0.01,255.0
2016-11-15,2538,2520490.0,23600127.0,9.05,9.6,9.02,9.3,0.22,1028.0
2016-11-16,2538,707000.0,6522970.0,9.32,9.35,9.16,9.19,-0.11,407.0
2016-11-17,2538,1277230.0,11619336.0,9.12,9.23,9.05,9.05,-0.14,771.0
2016-11-18,2538,2785547.0,25055237.0,9.04,9.08,8.95,8.97,-0.08,1246.0
2016-11-21,2538,942500.0,8457030.0,9.01,9.04,8.93,8.93,-0.04,441.0
2016-11-22,2538,564649.0,5072154.0,8.95,9.02,8.95,8.97,0.04,267.0
2016-11-23,2538,625401.0,5600783.0,9.02,9.02,8.9,8.92,-0.05,363.0
2016-11-24,2538,1906240.0,16741231.0,8.92,8.92,8.72,8.74,-0.18,633.0
2016-11-25,2538,3120698.0,26538211.0,8.74,8.74,8.34,8.37,-0.37,1161.0
2016-11-28,2538,3980034.0,33548312.0,8.32,8.65,8.16,8.47,0.1,1360.0
2016-11-29,2538,10331723.0,93574796.0,8.49,9.31,8.42,9.1,0.63,2799.0
2016-11-30,2538,11814245.0,116546800.0,9.1,10.0,9.1,10.0,0.9,2268.0
2016-12-01,2538,17888021.0,186099564.0,10.4,10.65,10.2,10.2,0.2,4931.0
2016-12-02,2538,4347558.0,44095781.0,10.15,10.3,10.0,10.2,0.0,1280.0
2016-12-05,2538,3230580.0,33328715.0,10.4,10.6,10.05,10.1,-0.1,1182.0
2016-12-06,2538,2069934.0,20978681.0,10.2,10.3,10.05,10.1,0.0,635.0
2016-12-07,2538,3137350.0,31137981.0,10.15,10.15,9.78,9.8,-0.3,1114.0
2016-12-08,2538,1108706.0,10902637.0,9.81,9.99,9.8,9.8,0.0,426.0
2016-12-09,2538,2208301.0,22131357.0,9.81,10.2,9.81,10.0,0.2,744.0
2016-12-12,2538,1467114.0,14505528.0,10.1,10.15,9.8,9.83,-0.17,564.0
2016-12-13,2538,1087298.0,10702022.0,9.85,9.9,9.81,9.83,0.0,400.0
2016-12-14,2538,1159476.0,11353262.0,9.86,9.87,9.71,9.71,-0.12,383.0
2016-12-15,2538,2012500.0,19221140.0,9.71,9.73,9.48,9.58,-0.13,707.0
2016-12-16,2538,1253738.0,11995784.0,9.65,9.65,9.5,9.51,-0.07,421.0
2016-12-19,2538,4679654.0,46486703.0,9.63,10.15,9.61,9.96,0.45,1557.0
2016-12-20,2538,1933441.0,18928021.0,10.05,10.05,9.71,9.83,-0.13,759.0
2016-12-21,2538,911305.0,8877835.0,9.93,9.93,9.68,9.72,-0.11,288.0
2016-12-22,2538,964408.0,9257526.0,9.72,9.72,9.54,9.56,-0.16,322.0
2016-12-23,2538,511519.0,4937351.0,9.65,9.69,9.61,9.63,0.07,214.0
2016-12-26,2538,690238.0,6748544.0,9.8,9.83,9.7,9.71,0.08,200.0
2016-12-27,2538,661999.0,6448468.0,9.82,9.82,9.68,9.68,-0.03,177.0
2016-12-28,2538,916500.0,8837363.0,9.75,9.76,9.61,9.63,-0.05,246.0
2016-12-29,2538,451695.0,4356962.0,9.62,9.71,9.61,9.62,-0.01,171.0
2016-12-30,2538,806872.0,7829904.0,9.72,9.75,9.65,9.71,0.09,306.0
2017-01-03,2538,303522.0,2951028.0,9.75,9.76,9.7,9.74,0.03,149.0
2017-01-04,2538,651339.0,6315697.0,9.72,9.74,9.66,9.72,-0.02,255.0
2017-01-05,2538,652175.0,6325771.0,9.72,9.72,9.68,9.7,-0.02,221.0
2017-01-06,2538,967652.0,9444124.0,9.74,9.8,9.71,9.75,0.05,387.0
2017-01-09,2538,682699.0,6621717.0,9.8,9.81,9.65,9.66,-0.09,351.0
2017-01-10,2538,550801.0,5297201.0,9.67,9.68,9.59,9.59,-0.07,251.0
2017-01-11,2538,947772.0,9028722.0,9.69,9.69,9.49,9.5,-0.09,378.0
2017-01-12,2538,675045.0,6415349.0,9.5,9.59,9.47,9.49,-0.01,272.0
2017-01-13,2538,610273.0,5756923.0,9.49,9.5,9.39,9.39,-0.1,309.0
2017-01-16,2538,1310415.0,12069663.0,9.45,9.45,9.16,9.17,-0.22,514.0
2017-01-17,2538,358528.0,3285950.0,9.15,9.2,9.13,9.17,0.0,193.0
2017-01-18,2538,478419.0,4383360.0,9.17,9.24,9.12,9.19,0.02,284.0
2017-01-19,2538,426407.0,3906292.0,9.2,9.2,9.11,9.17,-0.02,195.0
2017-01-20,2538,462400.0,4243257.0,9.15,9.24,9.15,9.16,-0.01,197.0
2017-01-23,2538,587555.0,5384357.0,9.16,9.23,9.13,9.15,-0.01,282.0
2017-01-24,2538,384080.0,3522964.0,9.15,9.22,9.14,9.18,0.03,219.0
2017-02-02,2538,800024.0,7392120.0,9.2,9.29,9.19,9.25,0.07,418.0
2017-02-03,2538,1493300.0,14120514.0,9.3,9.64,9.3,9.55,0.3,694.0
2017-02-06,2538,5471101.0,54696433.0,9.69,10.15,9.68,10.0,0.45,1667.0
2017-02-07,2538,14815884.0,156724790.0,10.05,11.0,10.05,10.95,0.95,4055.0
2017-02-08,2538,6522822.0,70980548.0,10.95,11.15,10.6,11.0,0.05,2098.0
2017-02-09,2538,2815672.0,30607384.0,11.0,11.15,10.75,10.8,-0.2,882.0
2017-02-10,2538,3652548.0,38997572.0,10.85,10.95,10.45,10.45,-0.35,1076.0
2017-02-13,2538,1602591.0,17014262.0,10.55,10.7,10.45,10.65,0.2,486.0
2017-02-14,2538,1966749.0,21094763.0,10.8,11.05,10.5,10.5,-0.15,649.0
2017-02-15,2538,4279524.0,45999307.0,10.6,10.95,10.55,10.85,0.35,1128.0
2017-02-16,2538,2026373.0,21730119.0,10.9,11.0,10.6,10.65,-0.2,584.0
2017-02-17,2538,1321485.0,14006490.0,10.65,10.65,10.5,10.65,0.0,409.0
2017-02-18,2538,1186550.0,12649679.0,10.7,10.8,10.6,10.6,-0.05,294.0
2017-02-20,2538,848500.0,9038049.0,10.65,10.75,10.6,10.6,0.0,281.0
2017-02-21,2538,862607.0,9119333.0,10.65,10.7,10.55,10.6,0.0,316.0
2017-02-22,2538,881511.0,9367916.0,10.65,10.7,10.6,10.6,0.0,309.0
2017-02-23,2538,1511042.0,15918090.0,10.65,10.65,10.45,10.55,-0.05,448.0
2017-02-24,2538,1179250.0,12535497.0,10.65,10.7,10.55,10.6,0.05,369.0
2017-03-01,2538,1784036.0,19113834.0,10.75,10.85,10.65,10.65,0.05,522.0
2017-03-02,2538,8581182.0,95904082.0,10.8,11.55,10.75,11.2,0.55,2644.0
2017-03-03,2538,16432511.0,194200332.0,11.25,12.3,11.0,12.05,0.85,4187.0
2017-03-06,2538,7747711.0,90188551.0,11.95,12.0,11.45,11.5,-0.55,2079.0
2017-03-07,2538,6018411.0,71161525.0,11.65,12.1,11.5,11.75,0.25,1836.0
2017-03-08,2538,3496094.0,40705535.0,11.85,11.9,11.5,11.65,-0.1,975.0
2017-03-09,2538,2812584.0,32038282.0,11.65,11.65,11.25,11.45,-0.2,936.0
2017-03-10,2538,3243548.0,37539081.0,11.45,11.9,11.2,11.55,0.1,1080.0
2017-03-13,2538,1944995.0,22277388.0,11.7,11.7,11.35,11.4,-0.15,649.0
2017-03-14,2538,1775530.0,20238943.0,11.4,11.6,11.3,11.35,-0.05,626.0
2017-03-15,2538,1385300.0,15612689.0,11.35,11.45,11.2,11.2,-0.15,462.0
2017-03-16,2538,1283587.0,14511002.0,11.35,11.4,11.2,11.25,0.05,484.0
2017-03-17,2538,4876230.0,56715966.0,11.25,11.75,11.25,11.7,0.45,1500.0
2017-03-20,2538,6191618.0,74282144.0,11.75,12.3,11.7,11.95,0.25,1839.0
2017-03-21,2538,4137918.0,48231947.0,12.05,12.1,11.45,11.65,-0.3,1293.0
2017-03-22,2538,1321430.0,15329286.0,11.5,11.65,11.45,11.65,0.0,397.0
2017-03-23,2538,3742211.0,44383818.0,11.75,12.05,11.7,11.7,0.05,1057.0
2017-03-24,2538,1239387.0,14599077.0,11.9,11.9,11.7,11.7,0.0,415.0
2017-03-27,2538,1321146.0,15380328.0,11.75,11.8,11.55,11.6,-0.1,430.0
2017-03-28,2538,1596175.0,18400894.0,11.6,11.75,11.4,11.5,-0.1,451.0
2017-03-29,2538,989500.0,11348599.0,11.55,11.6,11.4,11.5,0.0,310.0
2017-03-30,2538,559522.0,6450952.0,11.5,11.6,11.5,11.55,0.05,260.0
2017-03-31,2538,879226.0,10126242.0,11.55,11.65,11.45,11.5,-0.05,297.0
2017-04-05,2538,972511.0,11177972.0,11.5,11.65,11.45,11.45,-0.05,495.0
2017-04-06,2538,619105.0,7118894.0,11.55,11.55,11.45,11.5,0.05,335.0
2017-04-07,2538,1379590.0,15770372.0,11.5,11.6,11.4,11.45,-0.05,356.0
2017-04-10,2538,1725963.0,19737029.0,11.5,11.55,11.4,11.4,-0.05,351.0
2017-04-11,2538,1894904.0,21584890.0,11.4,11.45,11.3,11.35,-0.05,428.0
2017-04-12,2538,1274631.0,14338515.0,11.35,11.4,11.1,11.2,-0.15,394.0
2017-04-13,2538,797312.0,8989943.0,11.15,11.4,11.15,11.25,0.05,306.0
2017-04-14,2538,1432328.0,15700157.0,11.2,11.25,10.85,10.85,-0.4,489.0
2017-04-17,2538,1331040.0,14227579.0,10.85,10.85,10.6,10.65,-0.2,461.0
2017-04-18,2538,528166.0,5691526.0,10.75,10.85,10.7,10.75,0.1,240.0
2017-04-19,2538,563037.0,5980833.0,10.75,10.75,10.5,10.5,-0.25,245.0
2017-04-20,2538,833383.0,8748671.0,10.45,10.6,10.45,10.5,0.0,384.0
2017-04-21,2538,331300.0,3515579.0,10.55,10.7,10.55,10.6,0.1,150.0
2017-04-24,2538,309861.0,3283668.0,10.6,10.65,10.55,10.6,0.0,131.0
2017-04-25,2538,270020.0,2878964.0,10.6,10.7,10.6,10.7,0.1,124.0
2017-04-26,2538,1033777.0,11233590.0,10.85,10.95,10.8,10.8,0.1,341.0
2017-04-27,2538,2521243.0,28242296.0,10.85,11.35,10.85,11.2,0.4,787.0
2017-04-28,2538,558970.0,6211370.0,11.25,11.25,11.05,11.1,-0.1,205.0
2017-05-02,2538,678416.0,7426976.0,11.1,11.1,10.9,10.95,-0.15,360.0
2017-05-03,2538,2477145.0,28222790.0,11.35,11.55,11.3,11.4,0.45,1063.0
2017-05-04,2538,851270.0,9653960.0,11.4,11.4,11.25,11.35,-0.05,357.0
2017-05-05,2538,576483.0,6518805.0,11.3,11.35,11.25,11.3,-0.05,294.0
2017-05-08,2538,1124400.0,12749390.0,11.35,11.4,11.3,11.3,0.0,436.0
2017-05-09,2538,1284020.0,14362674.0,11.25,11.3,11.1,11.1,-0.2,488.0
2017-05-10,2538,625954.0,6986687.0,11.1,11.25,11.1,11.1,0.0,289.0
2017-05-11,2538,725485.0,8103206.0,11.2,11.25,11.1,11.15,0.05,310.0
2017-05-12,2538,588871.0,6591111.0,11.15,11.25,11.1,11.15,0.0,212.0
2017-05-15,2538,361384.0,4025831.0,11.1,11.25,11.1,11.15,0.0,163.0
2017-05-16,2538,469870.0,5223386.0,11.15,11.25,11.05,11.2,0.05,194.0
2017-05-17,2538,1240961.0,14102204.0,11.25,11.5,11.25,11.4,0.2,456.0
2017-05-18,2538,586712.0,6609295.0,11.25,11.35,11.2,11.25,-0.15,269.0
2017-05-19,2538,467162.0,5268930.0,11.25,11.35,11.25,11.3,0.05,183.0
2017-05-22,2538,694506.0,7899717.0,11.35,11.45,11.3,11.3,0.0,251.0
2017-05-23,2538,1115918.0,12718662.0,11.35,11.45,11.35,11.4,0.1,365.0
2017-05-24,2538,602676.0,6865955.0,11.4,11.4,11.35,11.4,0.0,230.0
2017-05-25,2538,997008.0,11351938.0,11.4,11.45,11.35,11.35,-0.05,325.0
2017-05-26,2538,1210424.0,13801282.0,11.35,11.45,11.3,11.4,0.05,414.0
2017-05-31,2538,825090.0,9380570.0,11.4,11.45,11.3,11.35,-0.05,281.0
2017-06-01,2538,852290.0,9718839.0,11.4,11.45,11.35,11.4,0.05,290.0
2017-06-02,2538,528527.0,6018405.0,11.4,11.45,11.35,11.4,0.0,214.0
2017-06-03,2538,906520.0,10363575.0,11.4,11.45,11.4,11.45,0.05,215.0
2017-06-05,2538,858194.0,9770499.0,11.4,11.45,11.35,11.35,-0.1,301.0
2017-06-06,2538,642874.0,7320267.0,11.35,11.45,11.35,11.4,0.05,213.0
2017-06-07,2538,699098.0,7939306.0,11.4,11.4,11.3,11.35,-0.05,284.0
2017-06-08,2538,627100.0,7116044.0,11.35,11.4,11.3,11.35,0.0,224.0
2017-06-09,2538,610840.0,6939348.0,11.35,11.4,11.3,11.35,0.0,187.0
2017-06-12,2538,739650.0,8327760.0,11.35,11.35,11.15,11.25,-0.1,272.0
2017-06-13,2538,1628260.0,18125885.0,11.25,11.25,11.05,11.05,-0.2,536.0
2017-06-14,2538,1010819.0,11247098.0,11.05,11.25,11.05,11.05,0.0,352.0
2017-06-15,2538,1229302.0,13567002.0,11.1,11.1,10.95,11.0,-0.05,398.0
2017-06-16,2538,1223829.0,13477369.0,11.0,11.1,10.95,11.1,0.1,376.0
2017-06-19,2538,1479968.0,16458041.0,11.1,11.2,11.05,11.05,-0.05,501.0
2017-06-20,2538,1123385.0,12455351.0,11.1,11.15,11.0,11.05,0.0,406.0
2017-06-21,2538,809499.0,8989337.0,11.1,11.15,11.05,11.15,0.1,360.0
2017-06-22,2538,1023428.0,11391296.0,11.15,11.2,11.05,11.2,0.05,389.0
2017-06-23,2538,625299.0,7005096.0,11.2,11.25,11.15,11.2,0.0,267.0
2017-06-26,2538,1134055.0,12686310.0,11.2,11.25,11.1,11.15,-0.05,455.0
2017-06-27,2538,1514189.0,16973245.0,11.2,11.25,11.15,11.2,0.05,465.0
2017-06-28,2538,836854.0,9419699.0,11.2,11.3,11.2,11.3,0.1,316.0
2017-06-29,2538,891964.0,10076939.0,11.3,11.35,11.25,11.35,0.05,302.0
2017-06-30,2538,815207.0,9231038.0,11.3,11.35,11.25,11.35,0.0,221.0
2017-07-03,2538,952127.0,10795785.0,11.35,11.4,11.3,11.35,0.0,311.0
2017-07-04,2538,1268200.0,14384619.0,11.35,11.4,11.3,11.35,0.0,245.0
2017-07-05,2538,2360691.0,26888146.0,11.35,11.45,11.35,11.4,0.05,573.0
2017-07-06,2538,2522961.0,28580855.0,11.35,11.4,11.25,11.3,-0.1,522.0
2017-07-07,2538,3702975.0,41891509.0,11.3,11.4,11.25,11.3,0.0,741.0
2017-07-10,2538,3675709.0,38122113.0,10.4,10.45,10.3,10.3,0.0,759.0
2017-07-11,2538,1612455.0,16572665.0,10.35,10.35,10.15,10.15,-0.15,448.0
2017-07-12,2538,804448.0,8159896.0,10.2,10.25,10.1,10.15,0.0,299.0
2017-07-13,2538,785009.0,7929539.0,10.2,10.2,10.05,10.15,0.0,313.0
2017-07-14,2538,596812.0,6076840.0,10.15,10.25,10.15,10.15,0.0,244.0
2017-07-17,2538,336100.0,3431069.0,10.2,10.25,10.15,10.2,0.05,166.0
2017-07-18,2538,330033.0,3371285.0,10.3,10.3,10.15,10.2,0.0,151.0
2017-07-19,2538,670249.0,6822258.0,10.2,10.25,10.15,10.15,-0.05,246.0
2017-07-20,2538,339734.0,3449758.0,10.15,10.2,10.15,10.15,0.0,133.0
2017-07-21,2538,366821.0,3720441.0,10.15,10.2,10.1,10.15,0.0,159.0
2017-07-24,2538,358345.0,3618050.0,10.25,10.25,10.05,10.05,-0.1,160.0
2017-07-25,2538,917019.0,9169873.0,10.05,10.05,9.97,9.98,-0.07,401.0
2017-07-26,2538,406940.0,4060876.0,9.98,10.05,9.96,9.96,-0.02,212.0
2017-07-27,2538,688534.0,6884010.0,9.97,10.05,9.97,10.05,0.09,244.0
2017-07-28,2538,326755.0,3265910.0,10.05,10.05,9.98,10.05,0.0,139.0
2017-07-31,2538,334063.0,3344520.0,10.05,10.1,9.99,10.0,-0.05,151.0
2017-08-01,2538,198281.0,1988776.0,10.0,10.1,10.0,10.0,0.0,93.0
2017-08-02,2538,240130.0,2404130.0,10.0,10.1,9.99,10.05,0.05,138.0
2017-08-03,2538,512104.0,5122080.0,10.05,10.05,9.99,9.99,-0.06,173.0
2017-08-04,2538,310055.0,3099140.0,10.0,10.05,9.98,9.98,-0.01,126.0
2017-08-07,2538,522001.0,5214272.0,9.98,10.0,9.98,9.98,0.0,197.0
2017-08-08,2538,354436.0,3531465.0,9.98,9.98,9.95,9.96,-0.02,153.0
2017-08-09,2538,987407.0,9759078.0,9.96,9.96,9.8,9.8,-0.16,377.0
2017-08-10,2538,532896.0,5200181.0,9.85,9.85,9.68,9.7,-0.1,230.0
2017-08-11,2538,752407.0,7234162.0,9.66,9.68,9.56,9.62,-0.08,269.0
2017-08-14,2538,814777.0,7723831.0,9.6,9.6,9.4,9.4,-0.22,349.0
2017-08-15,2538,376946.0,3566388.0,9.4,9.54,9.38,9.46,0.06,169.0
2017-08-16,2538,716779.0,6856657.0,9.46,9.72,9.46,9.49,0.03,349.0
2017-08-17,2538,1084031.0,10708097.0,9.64,10.05,9.59,9.99,0.5,531.0
2017-08-18,2538,384685.0,3808459.0,10.0,10.0,9.84,9.89,-0.1,189.0
2017-08-21,2538,403008.0,3997576.0,9.9,9.98,9.87,9.9,0.01,157.0
2017-08-22,2538,401003.0,3991109.0,9.99,9.99,9.91,9.91,0.01,153.0
2017-08-23,2538,383010.0,3824898.0,9.99,10.0,9.97,9.99,0.08,167.0
2017-08-24,2538,354461.0,3535784.0,9.99,10.0,9.95,9.99,0.0,119.0
2017-08-25,2538,1302819.0,13239279.0,10.0,10.3,9.97,10.15,0.16,383.0
2017-08-28,2538,929320.0,9561780.0,10.25,10.35,10.2,10.2,0.05,318.0
2017-08-29,2538,374697.0,3762500.0,10.25,10.25,10.05,10.1,-0.1,150.0
2017-08-30,2538,339499.0,3442989.0,10.15,10.2,10.05,10.15,0.05,165.0
2017-08-31,2538,230185.0,2333216.0,10.15,10.25,10.1,10.15,0.0,119.0
2017-09-01,2538,547317.0,5582117.0,10.15,10.3,10.1,10.2,0.05,219.0
2017-09-04,2538,252943.0,2570722.0,10.2,10.2,10.1,10.15,-0.05,111.0
2017-09-05,2538,244433.0,2476072.0,10.15,10.2,10.1,10.15,0.0,89.0
2017-09-06,2538,303100.0,3060764.0,10.1,10.15,10.05,10.05,-0.1,126.0
2017-09-07,2538,329566.0,3322287.0,10.1,10.15,10.05,10.05,0.0,145.0
2017-09-08,2538,341521.0,3451332.0,10.1,10.15,10.05,10.15,0.1,150.0
2017-09-11,2538,329101.0,3320769.0,10.15,10.15,10.05,10.05,-0.1,155.0
2017-09-12,2538,349825.0,3535880.0,10.15,10.15,10.05,10.15,0.1,126.0
2017-09-13,2538,355966.0,3583707.0,10.1,10.1,10.05,10.1,-0.05,122.0
2017-09-14,2538,312332.0,3153534.0,10.1,10.15,10.05,10.05,-0.05,117.0
2017-09-15,2538,638363.0,6411480.0,10.05,10.1,10.0,10.1,0.05,196.0
2017-09-18,2538,687510.0,6917900.0,10.1,10.15,10.0,10.05,-0.05,208.0
2017-09-19,2538,443450.0,4472344.0,10.1,10.15,10.05,10.05,0.0,153.0
2017-09-20,2538,633279.0,6400290.0,10.15,10.15,10.05,10.1,0.05,149.0
2017-09-21,2538,463452.0,4729863.0,10.2,10.3,10.15,10.2,0.1,171.0
2017-09-22,2538,462597.0,4702779.0,10.15,10.25,10.1,10.2,0.0,137.0
2017-09-25,2538,924242.0,9259613.0,10.05,10.2,9.95,10.05,-0.15,279.0
2017-09-26,2538,935200.0,9511160.0,10.15,10.25,10.1,10.1,0.05,256.0
2017-09-27,2538,382905.0,3889969.0,10.1,10.25,10.1,10.1,0.0,129.0
2017-09-28,2538,383653.0,3878980.0,10.15,10.2,10.1,10.1,0.0,101.0
2017-09-29,2538,431286.0,4327873.0,10.1,10.1,10.0,10.05,-0.05,124.0
2017-09-30,2538,138600.0,1391400.0,10.1,10.1,10.0,10.05,0.0,65.0
2017-10-02,2538,247128.0,2484684.0,10.05,10.1,10.0,10.05,0.0,99.0
2017-10-03,2538,453118.0,4535730.0,10.05,10.05,10.0,10.05,0.0,139.0
2017-10-05,2538,436160.0,4366067.0,10.05,10.1,9.99,10.1,0.05,135.0
2017-10-06,2538,294168.0,2969645.0,10.1,10.15,10.05,10.1,0.0,118.0
2017-10-11,2538,456702.0,4617403.0,10.15,10.2,10.05,10.05,-0.05,148.0
2017-10-12,2538,227456.0,2294410.0,10.05,10.15,10.05,10.1,0.05,88.0
2017-10-13,2538,273092.0,2760970.0,10.05,10.15,10.05,10.15,0.05,100.0
2017-10-16,2538,296292.0,3003393.0,10.15,10.2,10.1,10.15,0.0,112.0
2017-10-17,2538,315000.0,3174899.0,10.15,10.15,10.05,10.05,-0.1,117.0
2017-10-18,2538,287200.0,2889450.0,10.05,10.1,10.0,10.05,0.0,105.0
2017-10-19,2538,273080.0,2740655.0,10.05,10.1,10.0,10.1,0.05,102.0
2017-10-20,2538,550000.0,5517600.0,10.05,10.1,10.0,10.0,-0.1,149.0
2017-10-23,2538,163089.0,1638490.0,10.05,10.1,10.0,10.0,0.0,72.0
2017-10-24,2538,181186.0,1820068.0,10.0,10.1,10.0,10.05,0.05,76.0
2017-10-25,2538,248659.0,2501440.0,10.1,10.1,10.05,10.05,0.0,82.0
2017-10-26,2538,733838.0,7436812.0,10.1,10.2,10.05,10.1,0.05,189.0
2017-10-27,2538,3335694.0,34632395.0,10.15,10.6,10.15,10.35,0.25,1022.0
2017-10-30,2538,2169880.0,23159888.0,10.5,10.9,10.5,10.6,0.25,770.0
2017-10-31,2538,841058.0,8842501.0,10.65,10.65,10.4,10.5,-0.1,250.0
2017-11-01,2538,802500.0,8434774.0,10.45,10.65,10.45,10.45,-0.05,179.0
2017-11-02,2538,450260.0,4734854.0,10.5,10.6,10.45,10.5,0.05,172.0
2017-11-03,2538,593236.0,6187965.0,10.5,10.5,10.35,10.45,-0.05,182.0
2017-11-06,2538,392473.0,4093516.0,10.5,10.5,10.35,10.5,0.05,150.0
2017-11-07,2538,467635.0,4911552.0,10.5,10.55,10.45,10.5,0.0,138.0
2017-11-08,2538,244587.0,2554974.0,10.45,10.5,10.4,10.4,-0.1,100.0
2017-11-09,2538,458439.0,4747120.0,10.45,10.45,10.3,10.4,0.0,157.0
2017-11-10,2538,384516.0,3970015.0,10.4,10.4,10.3,10.3,-0.1,114.0
2017-11-13,2538,539524.0,5531341.0,10.3,10.3,10.2,10.2,-0.1,165.0
2017-11-14,2538,181252.0,1852955.0,10.2,10.3,10.15,10.25,0.05,69.0
2017-11-15,2538,512624.0,5193800.0,10.15,10.25,10.1,10.15,-0.1,236.0
2017-11-16,2538,845383.0,8507875.0,10.15,10.2,10.0,10.1,-0.05,274.0
2017-11-17,2538,546397.0,5565628.0,10.2,10.25,10.15,10.15,0.05,157.0
2017-11-20,2538,391286.0,3994315.0,10.15,10.3,10.15,10.25,0.1,176.0
2017-11-21,2538,315474.0,3235807.0,10.2,10.3,10.2,10.25,0.0,125.0
2017-11-22,2538,423953.0,4368420.0,10.25,10.35,10.25,10.3,0.05,177.0
2017-11-23,2538,482660.0,4964780.0,10.35,10.35,10.25,10.3,0.0,145.0
2017-11-24,2538,334716.0,3446888.0,10.35,10.35,10.25,10.3,0.0,97.0
2017-11-27,2538,310330.0,3188166.0,10.3,10.3,10.25,10.25,-0.05,115.0
2017-11-28,2538,416794.0,4295827.0,10.25,10.35,10.25,10.3,0.05,137.0
2017-11-29,2538,321538.0,3310186.0,10.3,10.35,10.25,10.25,-0.05,119.0
2017-11-30,2538,661200.0,6755290.0,10.25,10.3,10.15,10.2,-0.05,265.0
2017-12-01,2538,968500.0,9797949.0,10.2,10.2,10.05,10.1,-0.1,219.0
2017-12-04,2538,414211.0,4198530.0,10.1,10.2,10.1,10.15,0.05,139.0
2017-12-05,2538,242032.0,2452870.0,10.15,10.2,10.1,10.1,-0.05,109.0
2017-12-06,2538,378028.0,3817932.0,10.1,10.15,10.05,10.1,0.0,123.0
2017-12-07,2538,599369.0,6031876.0,10.05,10.15,10.05,10.05,-0.05,143.0
2017-12-08,2538,384040.0,3859350.0,10.05,10.1,10.0,10.1,0.05,145.0
2017-12-11,2538,314138.0,3161253.0,10.05,10.1,10.05,10.05,-0.05,119.0
2017-12-12,2538,267641.0,2683840.0,10.0,10.1,10.0,10.1,0.05,115.0
2017-12-13,2538,298500.0,3006899.0,10.05,10.1,10.05,10.05,-0.05,136.0
2017-12-14,2538,181000.0,1821750.0,10.05,10.1,10.0,10.1,0.05,82.0
2017-12-15,2538,254310.0,2558900.0,10.05,10.1,10.05,10.05,-0.05,95.0
2017-12-18,2538,515292.0,5199296.0,10.1,10.15,10.0,10.15,0.1,144.0
2017-12-19,2538,3312260.0,34268650.0,10.15,10.55,10.15,10.25,0.1,854.0
2017-12-20,2538,467650.0,4789610.0,10.3,10.3,10.2,10.25,0.0,154.0
2017-12-21,2538,241072.0,2465434.0,10.25,10.25,10.2,10.2,-0.05,76.0
2017-12-22,2538,539187.0,5505347.0,10.25,10.25,10.15,10.2,0.0,152.0
2017-12-25,2538,387775.0,3977754.0,10.25,10.3,10.2,10.3,0.1,123.0
2017-12-26,2538,320357.0,3275541.0,10.25,10.25,10.2,10.2,-0.1,96.0
2017-12-27,2538,389068.0,3983993.0,10.3,10.3,10.2,10.25,0.05,118.0
2017-12-28,2538,363908.0,3716559.0,10.25,10.25,10.2,10.25,0.0,105.0
2017-12-29,2538,758657.0,7800300.0,10.25,10.35,10.25,10.3,0.05,211.0
2018-01-02,2538,1112511.0,11457310.0,10.3,10.4,10.25,10.35,0.05,261.0
2018-01-03,2538,1314295.0,13650435.0,10.4,10.45,10.3,10.4,0.05,308.0
2018-01-04,2538,972217.0,10085056.0,10.45,10.45,10.3,10.35,-0.05,267.0
2018-01-05,2538,1872465.0,19623581.0,10.4,10.55,10.35,10.55,0.2,596.0
2018-01-08,2538,4291163.0,46486658.0,10.55,11.05,10.5,10.9,0.35,1223.0
2018-01-09,2538,1416849.0,15130097.0,10.9,10.9,10.6,10.65,-0.25,460.0
2018-01-10,2538,1178427.0,12638147.0,10.65,10.8,10.65,10.7,0.05,371.0
2018-01-11,2538,895531.0,9543052.0,10.7,10.75,10.55,10.65,-0.05,278.0
2018-01-12,2538,447640.0,4782012.0,10.65,10.75,10.65,10.7,0.05,194.0
2018-01-15,2538,1072030.0,11606272.0,10.75,10.95,10.75,10.85,0.15,353.0
2018-01-16,2538,1147387.0,12314609.0,10.9,10.9,10.65,10.65,-0.2,387.0
2018-01-17,2538,1219345.0,13041491.0,10.75,10.8,10.6,10.75,0.1,409.0
2018-01-18,2538,748779.0,7993092.0,10.75,10.75,10.6,10.65,-0.1,264.0
2018-01-19,2538,1182344.0,12433576.0,10.65,10.65,10.45,10.55,-0.1,508.0
2018-01-22,2538,724218.0,7561694.0,10.55,10.55,10.4,10.4,-0.15,308.0
2018-01-23,2538,673363.0,7020388.0,10.4,10.5,10.35,10.4,0.0,180.0
2018-01-24,2538,487290.0,5070100.0,10.4,10.5,10.35,10.35,-0.05,161.0
2018-01-25,2538,457135.0,4753793.0,10.4,10.45,10.35,10.4,0.05,164.0
2018-01-26,2538,1585988.0,16885419.0,10.4,10.75,10.4,10.7,0.3,456.0
2018-01-29,2538,787758.0,8320407.0,10.7,10.7,10.5,10.55,-0.15,257.0
2018-01-30,2538,750612.0,7840614.0,10.55,10.55,10.4,10.4,-0.15,221.0
2018-01-31,2538,494211.0,5150844.0,10.4,10.5,10.4,10.45,0.05,125.0
2018-02-01,2538,358507.0,3749271.0,10.5,10.5,10.4,10.4,-0.05,74.0
2018-02-02,2538,455894.0,4751695.0,10.5,10.5,10.4,10.4,0.0,126.0
2018-02-05,2538,840127.0,8649912.0,10.3,10.35,10.25,10.35,-0.05,390.0
2018-02-06,2538,2362020.0,23704558.0,10.25,10.25,9.9,9.98,-0.37,807.0
2018-02-07,2538,780900.0,7885533.0,10.05,10.15,10.05,10.15,0.17,290.0
2018-02-08,2538,817395.0,8194929.0,10.15,10.15,9.99,10.0,-0.15,276.0
2018-02-09,2538,766444.0,7609464.0,9.96,10.1,9.8,10.1,0.1,315.0
2018-02-12,2538,540776.0,5412637.0,10.1,10.1,9.98,10.0,-0.1,194.0
2018-02-21,2538,405594.0,4096996.0,10.1,10.15,10.05,10.1,0.1,172.0
2018-02-22,2538,467171.0,4763660.0,10.1,10.3,10.05,10.3,0.2,145.0
2018-02-23,2538,459100.0,4718385.0,10.25,10.35,10.2,10.35,0.05,169.0
2018-02-26,2538,286108.0,2948734.0,10.3,10.4,10.25,10.3,-0.05,94.0
2018-02-27,2538,234406.0,2414310.0,10.3,10.35,10.25,10.25,-0.05,117.0
2018-03-01,2538,339249.0,3474500.0,10.25,10.3,10.2,10.3,0.05,125.0
2018-03-02,2538,474202.0,4816510.0,10.2,10.25,10.1,10.15,-0.15,188.0
2018-03-05,2538,324010.0,3307701.0,10.25,10.3,10.15,10.2,0.05,100.0
2018-03-06,2538,486356.0,4994197.0,10.3,10.35,10.2,10.3,0.1,115.0
2018-03-07,2538,618500.0,6346575.0,10.25,10.35,10.2,10.25,-0.05,123.0
2018-03-08,2538,394140.0,4040583.0,10.3,10.3,10.25,10.25,0.0,90.0
2018-03-09,2538,569183.0,5837921.0,10.25,10.3,10.2,10.3,0.05,149.0
2018-03-12,2538,1034996.0,10597405.0,10.3,10.35,10.15,10.2,-0.1,295.0
2018-03-13,2538,2144235.0,22427791.0,10.25,10.65,10.25,10.5,0.3,525.0
2018-03-14,2538,562576.0,5896797.0,10.45,10.5,10.4,10.5,0.0,175.0
2018-03-15,2538,281455.0,2957627.0,10.45,10.55,10.45,10.55,0.05,126.0
2018-03-16,2538,857279.0,8963601.0,10.5,10.5,10.4,10.45,-0.1,227.0
2018-03-19,2538,247647.0,2587258.0,10.5,10.5,10.4,10.5,0.05,94.0
2018-03-20,2538,992277.0,10259151.0,10.5,10.5,10.3,10.3,-0.2,254.0
2018-03-21,2538,169445.0,1753404.0,10.3,10.4,10.3,10.35,0.05,76.0
2018-03-22,2538,734874.0,7589763.0,10.4,10.4,10.3,10.3,-0.05,202.0
2018-03-23,2538,772385.0,7889814.0,10.25,10.25,10.2,10.2,-0.1,225.0
2018-03-26,2538,313433.0,3192215.0,10.15,10.25,10.15,10.15,-0.05,146.0
2018-03-27,2538,391189.0,4007495.0,10.25,10.3,10.2,10.25,0.1,137.0
2018-03-28,2538,207856.0,2132573.0,10.25,10.3,10.2,10.3,0.05,81.0
2018-03-29,2538,481158.0,4932061.0,10.3,10.3,10.2,10.25,-0.05,112.0
2018-03-30,2538,463764.0,4786057.0,10.25,10.35,10.25,10.3,0.05,130.0
2018-03-31,2538,651542.0,6769186.0,10.3,10.45,10.3,10.45,0.15,170.0
2018-04-02,2538,908343.0,9534167.0,10.5,10.55,10.45,10.5,0.05,261.0
2018-04-03,2538,554494.0,5792337.0,10.5,10.5,10.4,10.4,-0.1,192.0
2018-04-09,2538,819952.0,8622741.0,10.4,10.6,10.4,10.55,0.15,259.0
2018-04-10,2538,568236.0,5979726.0,10.6,10.6,10.45,10.55,0.0,194.0
2018-04-11,2538,887704.0,9315692.0,10.55,10.6,10.35,10.5,-0.05,227.0
2018-04-12,2538,523175.0,5471577.0,10.4,10.5,10.4,10.45,-0.05,149.0
2018-04-13,2538,362134.0,3786096.0,10.5,10.5,10.4,10.45,0.0,110.0
2018-04-16,2538,480685.0,5004773.0,10.4,10.5,10.35,10.45,0.0,152.0
2018-04-17,2538,737988.0,7636124.0,10.4,10.4,10.3,10.3,-0.15,173.0
2018-04-18,2538,270500.0,2802499.0,10.35,10.4,10.35,10.35,0.05,80.0
2018-04-19,2538,234445.0,2426755.0,10.4,10.4,10.3,10.35,0.0,86.0
2018-04-20,2538,292405.0,3035961.0,10.35,10.4,10.35,10.4,0.05,83.0
2018-04-23,2538,474492.0,4952790.0,10.4,10.5,10.4,10.45,0.05,161.0
2018-04-24,2538,657000.0,6811200.0,10.45,10.5,10.3,10.4,-0.05,160.0
2018-04-25,2538,418327.0,4335484.0,10.35,10.45,10.35,10.35,-0.05,109.0
2018-04-26,2538,476699.0,4914633.0,10.35,10.4,10.25,10.25,-0.1,164.0
2018-04-27,2538,6489705.0,69677118.0,10.45,10.95,10.45,10.6,0.35,1432.0
2018-04-30,2538,6661929.0,72227419.0,10.7,11.05,10.55,10.85,0.25,1374.0
2018-05-02,2538,1600951.0,17336915.0,10.85,10.95,10.75,10.9,0.05,509.0
2018-05-03,2538,712746.0,7708203.0,10.85,10.9,10.75,10.9,0.0,253.0
2018-05-04,2538,1249009.0,13515244.0,10.85,10.95,10.75,10.75,-0.15,352.0
2018-05-07,2538,907137.0,9708057.0,10.8,10.8,10.65,10.65,-0.1,274.0
2018-05-08,2538,987780.0,10626173.0,10.7,10.85,10.65,10.8,0.15,284.0
2018-05-09,2538,729286.0,7870572.0,10.8,10.85,10.7,10.8,0.0,194.0
2018-05-10,2538,608027.0,6573538.0,10.85,10.85,10.75,10.8,0.0,196.0
2018-05-11,2538,1149925.0,12342701.0,10.85,10.85,10.7,10.7,-0.1,258.0
2018-05-14,2538,837329.0,9036817.0,10.75,10.9,10.7,10.8,0.1,207.0
2018-05-15,2538,525507.0,5697726.0,10.85,10.9,10.8,10.85,0.05,200.0
2018-05-16,2538,935273.0,10197139.0,10.85,10.95,10.85,10.85,0.0,326.0
2018-05-17,2538,914676.0,9942066.0,10.9,10.95,10.8,10.95,0.1,258.0
2018-05-18,2538,2181100.0,24078559.0,10.95,11.2,10.9,11.0,0.05,635.0
2018-05-21,2538,3218209.0,36410069.0,11.1,11.5,11.05,11.35,0.35,915.0
2018-05-22,2538,1045793.0,11825177.0,11.4,11.45,11.2,11.3,-0.05,442.0
2018-05-23,2538,1514025.0,16891124.0,11.3,11.3,11.05,11.1,-0.2,454.0
2018-05-24,2538,664320.0,7396652.0,11.1,11.2,11.1,11.2,0.1,224.0
2018-05-25,2538,727712.0,8142102.0,11.25,11.25,11.15,11.15,-0.05,219.0
2018-05-28,2538,712585.0,7977601.0,11.15,11.25,11.1,11.25,0.1,201.0
2018-05-29,2538,662579.0,7422274.0,11.25,11.25,11.15,11.2,-0.05,165.0
2018-05-30,2538,998550.0,11067480.0,11.15,11.15,11.0,11.15,-0.05,279.0
2018-05-31,2538,948632.0,10670426.0,11.1,11.35,11.1,11.3,0.15,280.0
2018-06-01,2538,1859736.0,21254524.0,11.3,11.5,11.3,11.45,0.15,499.0
2018-06-04,2538,1252713.0,14392548.0,11.5,11.55,11.45,11.5,0.05,412.0
2018-06-05,2538,1157217.0,13323622.0,11.55,11.55,11.5,11.5,0.0,298.0
2018-06-06,2538,1341585.0,15433876.0,11.5,11.6,11.45,11.55,0.05,424.0
2018-06-07,2538,999485.0,11606222.0,11.55,11.65,11.55,11.65,0.1,347.0
2018-06-08,2538,718725.0,8346018.0,11.65,11.7,11.55,11.65,0.0,260.0
2018-06-11,2538,639998.0,7404875.0,11.65,11.65,11.5,11.55,-0.1,253.0
2018-06-12,2538,898760.0,10259412.0,11.55,11.55,11.35,11.45,-0.1,306.0
2018-06-13,2538,732301.0,8308050.0,11.4,11.45,11.3,11.35,-0.1,267.0
2018-06-14,2538,927613.0,10429315.0,11.35,11.35,11.2,11.25,-0.1,263.0
2018-06-15,2538,1335861.0,15050441.0,11.25,11.35,11.2,11.25,0.0,313.0
2018-06-19,2538,706461.0,7882412.0,11.2,11.2,11.1,11.2,-0.05,241.0
2018-06-20,2538,761081.0,8481554.0,11.15,11.2,11.1,11.2,0.0,244.0
2018-06-21,2538,540534.0,6064030.0,11.2,11.3,11.15,11.2,0.0,113.0
2018-06-22,2538,588574.0,6596112.0,11.2,11.3,11.15,11.25,0.05,158.0
2018-06-25,2538,805287.0,9010249.0,11.25,11.3,11.15,11.15,-0.1,165.0
2018-06-26,2538,1050227.0,11736603.0,11.15,11.25,11.1,11.2,0.05,156.0
2018-06-27,2538,810001.0,9129711.0,11.3,11.3,11.2,11.3,0.1,163.0
2018-06-28,2538,1038213.0,11674493.0,11.25,11.3,11.2,11.2,-0.1,222.0
2018-06-29,2538,687613.0,7714645.0,11.25,11.3,11.2,11.25,0.05,132.0
2018-07-02,2538,816745.0,9152380.0,11.25,11.3,11.15,11.15,-0.1,156.0
2018-07-03,2538,1204397.0,13395685.0,11.15,11.2,11.05,11.05,-0.1,247.0
2018-07-04,2538,779593.0,8580600.0,11.0,11.05,10.95,11.05,0.0,191.0
2018-07-05,2538,1016263.0,11257943.0,11.1,11.15,11.0,11.0,-0.05,147.0
2018-07-06,2538,1785600.0,19606120.0,11.0,11.1,10.9,10.95,-0.05,278.0
2018-07-09,2538,2143561.0,23657248.0,10.95,11.15,10.95,11.05,0.1,399.0
2018-07-10,2538,2404400.0,24940440.0,10.35,10.5,10.3,10.35,0.0,370.0
2018-07-11,2538,3830700.0,39997388.0,10.35,10.45,10.3,10.45,0.1,101.0
2018-07-12,2538,329040.0,3418564.0,10.45,10.45,10.35,10.35,-0.1,98.0
2018-07-13,2538,405245.0,4206085.0,10.4,10.45,10.35,10.35,0.0,127.0
2018-07-16,2538,508405.0,5243680.0,10.35,10.4,10.3,10.3,-0.05,119.0
2018-07-17,2538,450683.0,4653000.0,10.35,10.4,10.3,10.3,0.0,119.0
2018-07-18,2538,165815.0,1717183.0,10.35,10.4,10.3,10.4,0.1,102.0
2018-07-19,2538,169764.0,1765932.0,10.45,10.45,10.35,10.4,0.0,68.0
2018-07-20,2538,208163.0,2164578.0,10.45,10.45,10.35,10.35,-0.05,66.0
2018-07-23,2538,1077790.0,11371794.0,10.4,10.65,10.4,10.6,0.25,392.0
2018-07-24,2538,1337030.0,14422921.0,10.6,10.85,10.6,10.75,0.15,470.0
2018-07-25,2538,499969.0,5399113.0,10.75,10.85,10.75,10.8,0.05,175.0
2018-07-26,2538,441334.0,4752822.0,10.8,10.85,10.7,10.75,-0.05,144.0
2018-07-27,2538,338776.0,3630703.0,10.75,10.75,10.7,10.7,-0.05,116.0
2018-07-30,2538,231008.0,2472830.0,10.7,10.75,10.65,10.7,0.0,99.0
2018-07-31,2538,276049.0,2957228.0,10.65,10.8,10.65,10.75,0.05,112.0
2018-08-01,2538,343524.0,3705532.0,10.8,10.8,10.75,10.8,0.05,139.0
2018-08-02,2538,288440.0,3095849.0,10.8,10.8,10.7,10.7,-0.1,111.0
2018-08-03,2538,320424.0,3431006.0,10.75,10.8,10.65,10.7,0.0,117.0
2018-08-06,2538,210290.0,2250146.0,10.7,10.75,10.65,10.7,0.0,87.0
2018-08-07,2538,249743.0,2684573.0,10.7,10.8,10.7,10.8,0.1,107.0
2018-08-08,2538,581310.0,6231067.0,10.8,10.8,10.65,10.7,-0.1,149.0
2018-08-09,2538,321822.0,3429253.0,10.7,10.7,10.6,10.65,-0.05,125.0
2018-08-10,2538,497280.0,5309345.0,10.7,10.75,10.6,10.7,0.05,139.0
2018-08-13,2538,1165967.0,12341547.0,10.7,10.7,10.5,10.6,-0.1,279.0
2018-08-14,2538,437969.0,4629367.0,10.6,10.65,10.55,10.6,0.0,100.0
2018-08-15,2538,609802.0,6393420.0,10.6,10.6,10.45,10.45,-0.15,198.0
2018-08-16,2538,550106.0,5705968.0,10.45,10.45,10.3,10.45,0.0,156.0
2018-08-17,2538,308396.0,3220288.0,10.4,10.5,10.4,10.45,0.0,85.0
2018-08-20,2538,243918.0,2545388.0,10.5,10.5,10.4,10.5,0.05,126.0
2018-08-21,2538,525001.0,5497460.0,10.45,10.55,10.4,10.45,-0.05,115.0
2018-08-22,2538,486475.0,5141031.0,10.55,10.65,10.5,10.65,0.2,120.0
2018-08-23,2538,866764.0,9183335.0,10.65,10.7,10.55,10.55,-0.1,102.0
2018-08-24,2538,448100.0,4716210.0,10.55,10.6,10.5,10.55,0.0,67.0
2018-08-27,2538,1577473.0,16856057.0,10.6,10.85,10.6,10.8,0.25,315.0
2018-08-28,2538,3051801.0,33798088.0,10.8,11.3,10.8,11.2,0.4,795.0
2018-08-29,2538,2737599.0,30842216.0,11.25,11.35,11.15,11.35,0.15,569.0
2018-08-30,2538,1417020.0,16082326.0,11.3,11.4,11.3,11.4,0.05,342.0
2018-08-31,2538,10479073.0,126064073.0,11.4,12.4,11.4,12.1,0.7,2764.0
2018-09-03,2538,11203569.0,146689256.0,12.3,13.3,12.3,13.3,1.2,2504.0
2018-09-04,2538,16661199.0,233008055.0,14.3,14.3,13.6,13.9,0.6,4988.0
2018-09-05,2538,7457883.0,103642862.0,13.8,14.1,13.65,14.1,0.2,1894.0
2018-09-06,2538,4069312.0,57013718.0,13.95,14.15,13.85,14.05,-0.05,1223.0
2018-09-07,2538,7476828.0,100793958.0,14.15,14.15,13.05,13.3,-0.75,2026.0
2018-09-10,2538,3390091.0,44317873.0,13.4,13.6,12.8,13.0,-0.3,1136.0
2018-09-11,2538,2461844.0,32386664.0,13.2,13.45,13.05,13.1,0.1,727.0
2018-09-12,2538,3564579.0,45535559.0,13.05,13.05,12.6,12.9,-0.2,900.0
2018-09-13,2538,2865018.0,37936137.0,12.9,13.55,12.9,13.3,0.4,955.0
2018-09-14,2538,1972501.0,26047513.0,13.55,13.55,13.1,13.15,-0.15,558.0
2018-09-17,2538,2144734.0,28593461.0,13.25,13.5,13.1,13.4,0.25,584.0
2018-09-18,2538,2170624.0,29211583.0,13.2,13.75,13.2,13.3,-0.1,823.0
2018-09-19,2538,3898210.0,53203344.0,13.3,13.9,13.3,13.9,0.6,1216.0
2018-09-20,2538,3812026.0,53109007.0,14.0,14.3,13.75,13.9,0.0,1312.0
2018-09-21,2538,6608593.0,93878400.0,13.85,14.35,13.75,14.35,0.45,1897.0
2018-09-25,2538,8930081.0,131827268.0,14.6,15.1,14.35,14.5,0.15,2893.0
2018-09-26,2538,2459692.0,35348659.0,14.4,14.55,14.25,14.45,-0.05,812.0
2018-09-27,2538,1709850.0,24714538.0,14.45,14.65,14.35,14.5,0.05,590.0
2018-09-28,2538,2875437.0,40958699.0,14.5,14.5,13.95,14.4,-0.1,799.0
2018-10-01,2538,860968.0,12397891.0,14.5,14.55,14.25,14.4,0.0,288.0
2018-10-02,2538,1925054.0,27781666.0,14.35,14.6,14.3,14.3,-0.1,616.0
2018-10-03,2538,1778433.0,25062462.0,14.3,14.35,13.9,14.05,-0.25,556.0
2018-10-04,2538,3592846.0,49701589.0,14.05,14.05,13.7,13.7,-0.35,849.0
2018-10-05,2538,4182182.0,55173487.0,13.65,13.65,12.85,13.25,-0.45,1111.0
2018-10-08,2538,4129973.0,53099256.0,13.25,13.25,12.7,12.7,-0.55,939.0
2018-10-09,2538,2087715.0,27497693.0,12.8,13.5,12.8,13.4,0.7,780.0
2018-10-11,2538,2853190.0,36749370.0,13.0,13.1,12.65,12.9,-0.5,951.0
2018-10-12,2538,1025399.0,13170992.0,12.75,13.1,12.65,13.0,0.1,462.0
2018-10-15,2538,812654.0,10478718.0,12.9,13.0,12.8,12.95,-0.05,330.0
2018-10-16,2538,907242.0,11772509.0,12.95,13.15,12.85,12.85,-0.1,351.0
2018-10-17,2538,1166194.0,14840674.0,12.9,13.0,12.3,12.45,-0.4,550.0
2018-10-18,2538,1465096.0,18185768.0,12.35,12.7,12.25,12.6,0.15,489.0
2018-10-19,2538,3410107.0,44050445.0,12.4,13.05,12.25,13.05,0.45,683.0
2018-10-22,2538,744077.0,9552243.0,12.75,13.0,12.7,12.9,-0.15,366.0
2018-10-23,2538,354040.0,4511758.0,12.75,12.85,12.7,12.7,-0.2,188.0
2018-10-24,2538,557108.0,7010010.0,12.7,12.7,12.5,12.6,-0.1,240.0
2018-10-25,2538,1591870.0,19179590.0,12.3,12.4,11.85,11.95,-0.65,556.0
2018-10-26,2538,945700.0,11247678.0,12.1,12.15,11.6,11.95,0.0,310.0
2018-10-29,2538,732399.0,8576937.0,11.8,11.95,11.6,11.65,-0.3,265.0
2018-10-30,2538,379820.0,4423311.0,11.6,11.75,11.55,11.6,-0.05,198.0
2018-10-31,2538,559461.0,6560047.0,11.7,11.8,11.65,11.7,0.1,175.0
2018-11-01,2538,655396.0,7844821.0,11.8,12.1,11.75,12.05,0.35,228.0
2018-11-02,2538,391000.0,4736700.0,12.1,12.2,12.0,12.1,0.05,179.0
2018-11-05,2538,251327.0,3012673.0,12.1,12.1,11.9,12.05,-0.05,124.0
2018-11-06,2538,708122.0,8638388.0,12.1,12.4,12.0,12.25,0.2,232.0
2018-11-07,2538,241000.0,2947750.0,12.3,12.35,12.1,12.3,0.05,97.0
2018-11-08,2538,715718.0,8918483.0,12.3,12.65,12.3,12.65,0.35,267.0
2018-11-09,2538,405425.0,5080568.0,12.75,12.75,12.4,12.6,-0.05,153.0
2018-11-12,2538,386300.0,4871180.0,12.5,12.7,12.5,12.7,0.1,153.0
2018-11-13,2538,484000.0,6056400.0,12.5,12.6,12.45,12.5,-0.2,172.0
2018-11-14,2538,912581.0,11363724.0,12.65,12.65,12.35,12.35,-0.15,233.0
2018-11-15,2538,400318.0,4955627.0,12.35,12.5,12.3,12.35,0.0,203.0
2018-11-16,2538,251296.0,3131219.0,12.45,12.5,12.4,12.5,0.15,109.0
2018-11-19,2538,638702.0,8039174.0,12.45,12.7,12.35,12.6,0.1,173.0
2018-11-20,2538,295000.0,3689200.0,12.5,12.55,12.45,12.45,-0.15,75.0
2018-11-21,2538,235704.0,2923113.0,12.45,12.5,12.35,12.45,0.0,81.0
2018-11-22,2538,254539.0,3170137.0,12.4,12.5,12.35,12.5,0.05,120.0
2018-11-23,2538,482170.0,6066642.0,12.5,12.7,12.5,12.55,0.05,183.0
2018-11-26,2538,453040.0,5730910.0,12.7,12.85,12.55,12.6,0.05,191.0
2018-11-27,2538,414605.0,5234540.0,12.7,12.7,12.55,12.65,0.05,121.0
2018-11-28,2538,589150.0,7439212.0,12.6,12.75,12.55,12.75,0.1,179.0
2018-11-29,2538,969000.0,12257500.0,12.8,12.8,12.5,12.55,-0.2,231.0
2018-11-30,2538,438000.0,5543650.0,12.55,12.7,12.55,12.65,0.1,128.0
2018-12-03,2538,1433051.0,18076587.0,12.7,12.75,12.55,12.6,-0.05,308.0
2018-12-04,2538,1885006.0,23207470.0,12.6,12.6,12.1,12.15,-0.45,525.0
2018-12-05,2538,583939.0,7072499.0,12.05,12.25,12.05,12.1,-0.05,185.0
2018-12-06,2538,1380295.0,16485359.0,12.15,12.15,11.8,11.8,-0.3,319.0
2018-12-07,2538,636255.0,7627771.0,11.9,12.1,11.9,11.95,0.15,174.0
2018-12-10,2538,252496.0,2999826.0,11.95,11.95,11.8,11.85,-0.1,107.0
2018-12-11,2538,611647.0,7230265.0,11.85,11.9,11.8,11.8,-0.05,146.0
2018-12-12,2538,356109.0,4263974.0,11.85,12.05,11.85,12.05,0.25,132.0
2018-12-13,2538,531153.0,6454723.0,12.1,12.25,12.05,12.1,0.05,163.0
2018-12-14,2538,664888.0,7914322.0,12.05,12.1,11.8,11.85,-0.25,177.0
2018-12-17,2538,150020.0,1779388.0,11.85,11.95,11.8,11.9,0.05,70.0
2018-12-18,2538,543085.0,6379194.0,11.8,11.85,11.65,11.7,-0.2,220.0
2018-12-19,2538,171530.0,2008298.0,11.65,11.8,11.65,11.7,0.0,61.0
2018-12-20,2538,221166.0,2572742.0,11.7,11.7,11.6,11.6,-0.1,112.0
2018-12-21,2538,699137.0,8056161.0,11.5,11.65,11.45,11.5,-0.1,239.0
2018-12-22,2538,120058.0,1395172.0,11.5,11.65,11.5,11.65,0.15,34.0
2018-12-24,2538,261078.0,3018348.0,11.65,11.65,11.5,11.55,-0.1,112.0
2018-12-25,2538,499000.0,5824000.0,11.6,11.8,11.5,11.65,0.1,171.0
2018-12-26,2538,199000.0,2329200.0,11.65,11.75,11.65,11.75,0.1,98.0
2018-12-27,2538,717557.0,8509322.0,11.8,11.95,11.8,11.85,0.1,191.0
2018-12-28,2538,2866335.0,35775770.0,11.85,13.0,11.85,12.35,0.5,1359.0
2019-01-02,2538,700952.0,8593749.0,12.5,12.5,12.05,12.35,0.0,359.0
2019-01-03,2538,725183.0,8965087.0,12.4,12.6,12.15,12.55,0.2,296.0
2019-01-04,2538,1562515.0,19589551.0,12.6,12.75,12.25,12.45,-0.1,731.0
2019-01-07,2538,611302.0,7576962.0,12.45,12.55,12.2,12.4,-0.05,311.0
2019-01-08,2538,857131.0,10699823.0,12.5,12.65,12.4,12.45,0.05,289.0
2019-01-09,2538,421793.0,5253333.0,12.5,12.5,12.4,12.45,0.0,130.0
2019-01-10,2538,390717.0,4843738.0,12.5,12.5,12.3,12.4,-0.05,147.0
2019-01-11,2538,258000.0,3172600.0,12.4,12.4,12.25,12.25,-0.15,127.0
2019-01-14,2538,199162.0,2424784.0,12.35,12.35,12.1,12.2,-0.05,112.0
2019-01-15,2538,137310.0,1678082.0,12.25,12.25,12.2,12.25,0.05,89.0
2019-01-16,2538,175000.0,2140400.0,12.25,12.3,12.15,12.15,-0.1,106.0
2019-01-17,2538,342737.0,4157394.0,12.15,12.25,12.05,12.1,-0.05,133.0
2019-01-18,2538,445514.0,5459770.0,12.1,12.3,12.1,12.25,0.15,151.0
2019-01-21,2538,294109.0,3587373.0,12.25,12.25,12.15,12.15,-0.1,115.0
2019-01-22,2538,242364.0,2947903.0,12.15,12.2,12.1,12.2,0.05,94.0
2019-01-23,2538,333963.0,4094797.0,12.2,12.35,12.2,12.3,0.1,130.0
2019-01-24,2538,182361.0,2234871.0,12.3,12.3,12.2,12.25,-0.05,76.0
2019-01-25,2538,251200.0,3070200.0,12.25,12.25,12.15,12.2,-0.05,109.0
2019-01-28,2538,352222.0,4294346.0,12.2,12.3,12.15,12.2,0.0,104.0
2019-01-29,2538,88310.0,1071351.0,12.1,12.2,12.1,12.15,-0.05,69.0
2019-01-30,2538,135250.0,1642912.0,12.15,12.2,12.1,12.15,0.0,72.0
2019-02-11,2538,541583.0,6597162.0,12.2,12.25,12.1,12.25,0.1,237.0
2019-02-12,2538,338291.0,4123964.0,12.2,12.25,12.15,12.25,0.0,131.0
2019-02-13,2538,262636.0,3202609.0,12.2,12.25,12.15,12.25,0.0,112.0
2019-02-14,2538,416890.0,5128739.0,12.25,12.35,12.25,12.3,0.05,120.0
2019-02-15,2538,215827.0,2642321.0,12.3,12.35,12.15,12.2,-0.1,92.0
2019-02-18,2538,243580.0,2966324.0,12.2,12.25,12.15,12.2,0.0,87.0
2019-02-19,2538,174122.0,2122575.0,12.2,12.25,12.15,12.2,0.0,76.0
2019-02-20,2538,245879.0,2996673.0,12.2,12.25,12.15,12.25,0.05,119.0
2019-02-21,2538,244135.0,2972883.0,12.25,12.25,12.15,12.15,-0.1,113.0
2019-02-22,2538,243283.0,2948324.0,12.15,12.2,12.1,12.1,-0.05,98.0
2019-02-25,2538,394100.0,4765615.0,12.2,12.2,12.05,12.15,0.05,132.0
2019-02-26,2538,314247.0,3833488.0,12.15,12.25,12.15,12.2,0.05,109.0
2019-02-27,2538,108663.0,1321122.0,12.2,12.25,12.1,12.2,0.0,45.0
2019-03-04,2538,494220.0,5955900.0,12.15,12.2,12.0,12.05,-0.15,184.0
2019-03-05,2538,227778.0,2746602.0,12.05,12.15,12.0,12.1,0.05,140.0
2019-03-06,2538,358835.0,4338470.0,12.15,12.15,12.0,12.1,0.0,119.0
2019-03-07,2538,239000.0,2880550.0,12.15,12.15,12.0,12.05,-0.05,75.0
2019-03-08,2538,267335.0,3201002.0,12.05,12.05,11.9,12.0,-0.05,118.0
2019-03-11,2538,337450.0,4020400.0,12.0,12.0,11.9,11.9,-0.1,155.0
2019-03-12,2538,538397.0,6386914.0,11.9,11.9,11.8,11.8,-0.1,189.0
2019-03-13,2538,554227.0,6549424.0,11.8,11.9,11.75,11.85,0.05,143.0
2019-03-14,2538,264465.0,3123585.0,11.85,11.85,11.75,11.85,0.0,103.0
2019-03-15,2538,294823.0,3489649.0,11.8,11.85,11.8,11.8,-0.05,80.0
2019-03-18,2538,622285.0,7312382.0,11.8,11.8,11.7,11.7,-0.1,192.0
2019-03-19,2538,530742.0,6297354.0,11.75,11.95,11.7,11.9,0.2,163.0
2019-03-20,2538,669691.0,7899086.0,11.9,11.95,11.75,11.8,-0.1,248.0
2019-03-21,2538,689860.0,8120494.0,11.8,11.85,11.7,11.8,0.0,194.0
2019-03-22,2538,424905.0,5010879.0,11.8,11.85,11.75,11.8,0.0,126.0
2019-03-25,2538,241201.0,2833648.0,11.8,11.8,11.7,11.75,-0.05,87.0
2019-03-26,2538,306221.0,3606284.0,11.8,11.8,11.75,11.75,0.0,115.0
2019-03-27,2538,408847.0,4802951.0,11.8,11.8,11.7,11.75,0.0,168.0
2019-03-28,2538,908811.0,10777799.0,11.8,11.95,11.75,11.95,0.2,253.0
2019-03-29,2538,696488.0,8349556.0,12.0,12.05,11.95,11.95,0.0,285.0
2019-04-01,2538,456655.0,5427726.0,11.95,11.95,11.8,11.8,-0.15,127.0
2019-04-02,2538,208584.0,2465026.0,11.8,11.9,11.8,11.8,0.0,83.0
2019-04-03,2538,220773.0,2606470.0,11.8,11.85,11.75,11.85,0.05,116.0
2019-04-08,2538,199292.0,2370692.0,11.9,11.95,11.85,11.9,0.05,80.0
2019-04-09,2538,234393.0,2784036.0,11.9,11.9,11.85,11.9,0.0,66.0
2019-04-10,2538,367063.0,4333742.0,11.9,11.9,11.75,11.85,-0.05,172.0
2019-04-11,2538,322261.0,3802115.0,11.9,11.9,11.75,11.8,-0.05,120.0
2019-04-12,2538,189366.0,2231030.0,11.8,11.85,11.75,11.75,-0.05,95.0
2019-04-15,2538,247499.0,2922137.0,11.75,11.9,11.75,11.85,0.1,109.0
2019-04-16,2538,367467.0,4348359.0,11.85,11.9,11.8,11.85,0.0,120.0
2019-04-17,2538,318911.0,3798349.0,11.85,11.95,11.85,11.9,0.05,168.0
2019-04-18,2538,670993.0,7979291.0,11.9,11.95,11.8,11.8,-0.1,119.0
2019-04-19,2538,217921.0,2579116.0,11.85,11.95,11.8,11.85,0.05,95.0
2019-04-22,2538,234259.0,2763430.0,11.85,11.85,11.75,11.8,-0.05,96.0
2019-04-23,2538,272235.0,3214160.0,11.8,11.85,11.75,11.75,-0.05,92.0
2019-04-24,2538,197135.0,2333640.0,11.8,11.85,11.8,11.85,0.1,109.0
2019-04-25,2538,314920.0,3724053.0,11.9,11.9,11.75,11.85,0.0,99.0
2019-04-26,2538,386748.0,4539350.0,11.8,11.8,11.7,11.7,-0.15,142.0
2019-04-29,2538,158256.0,1855193.0,11.75,11.75,11.7,11.75,0.05,85.0
2019-04-30,2538,676047.0,7860849.0,11.7,11.7,11.6,11.6,-0.15,224.0
2019-05-02,2538,428200.0,5026749.0,11.6,11.85,11.6,11.75,0.15,143.0
2019-05-03,2538,792649.0,9310174.0,11.75,11.75,11.7,11.75,0.0,193.0
2019-05-06,2538,471211.0,5510289.0,11.75,11.75,11.65,11.7,-0.05,176.0
2019-05-07,2538,345561.0,4045995.0,11.7,11.75,11.65,11.7,0.0,127.0
2019-05-08,2538,254549.0,2972818.0,11.7,11.75,11.65,11.75,0.05,98.0
2019-05-09,2538,326587.0,3807591.0,11.7,11.75,11.6,11.65,-0.1,130.0
2019-05-10,2538,222143.0,2584205.0,11.65,11.7,11.6,11.6,-0.05,94.0
2019-05-13,2538,410780.0,4738430.0,11.6,11.6,11.5,11.5,-0.1,169.0
2019-05-14,2538,177146.0,2038823.0,11.45,11.6,11.4,11.5,0.0,100.0
2019-05-15,2538,361841.0,4174903.0,11.5,11.6,11.5,11.6,0.1,111.0
2019-05-16,2538,262391.0,3044620.0,11.6,11.7,11.55,11.6,0.0,86.0
2019-05-17,2538,273306.0,3164682.0,11.6,11.6,11.55,11.6,0.0,100.0
2019-05-20,2538,415940.0,4804207.0,11.6,11.65,11.5,11.5,-0.1,121.0
2019-05-21,2538,421729.0,4878542.0,11.5,11.65,11.5,11.6,0.1,148.0
2019-05-22,2538,1033874.0,12118236.0,11.65,11.8,11.6,11.75,0.15,190.0
2019-05-23,2538,515184.0,6038210.0,11.65,11.75,11.65,11.75,0.0,94.0
2019-05-24,2538,424972.0,4958070.0,11.65,11.75,11.6,11.7,-0.05,144.0
2019-05-27,2538,2320716.0,27878471.0,11.7,12.15,11.7,12.15,0.45,704.0
2019-05-28,2538,2582409.0,31777020.0,12.25,12.45,12.15,12.4,0.25,939.0
2019-05-29,2538,3300359.0,41164722.0,12.5,12.6,12.35,12.45,0.05,1030.0
2019-05-30,2538,1345704.0,16528336.0,12.55,12.55,12.15,12.2,-0.25,502.0
2019-05-31,2538,839737.0,10277212.0,12.25,12.3,12.15,12.25,0.05,339.0
2019-06-03,2538,471281.0,5775580.0,12.25,12.3,12.2,12.3,0.05,208.0
2019-06-04,2538,223683.0,2746582.0,12.3,12.35,12.25,12.25,-0.05,112.0
2019-06-05,2538,987903.0,11994521.0,12.3,12.3,12.05,12.05,-0.2,292.0
2019-06-06,2538,410772.0,4946214.0,12.05,12.1,12.0,12.0,-0.05,201.0
2019-06-10,2538,459721.0,5558336.0,12.1,12.15,12.05,12.05,0.05,121.0
2019-06-11,2538,469742.0,5679654.0,12.05,12.1,12.05,12.1,0.05,166.0
2019-06-12,2538,326911.0,3953871.0,12.15,12.15,12.05,12.15,0.05,107.0
2019-06-13,2538,385275.0,4656100.0,12.1,12.1,12.05,12.05,-0.1,97.0
2019-06-14,2538,769004.0,9368848.0,12.05,12.25,12.05,12.2,0.15,229.0
2019-06-17,2538,963220.0,11844627.0,12.25,12.4,12.2,12.3,0.1,268.0
2019-06-18,2538,298100.0,3649966.0,12.3,12.3,12.2,12.2,-0.1,118.0
2019-06-19,2538,740677.0,9076194.0,12.2,12.3,12.2,12.3,0.1,206.0
2019-06-20,2538,556853.0,6818224.0,12.25,12.3,12.2,12.3,0.0,174.0
2019-06-21,2538,704409.0,8619034.0,12.3,12.3,12.2,12.3,0.0,202.0
2019-06-24,2538,1028001.0,12622404.0,12.3,12.35,12.2,12.3,0.0,285.0
2019-06-25,2538,711083.0,8759413.0,12.3,12.4,12.25,12.35,0.05,194.0
2019-06-26,2538,1071458.0,13284928.0,12.35,12.45,12.35,12.45,0.1,313.0
2019-06-27,2538,1454081.0,18084190.0,12.45,12.5,12.35,12.4,-0.05,394.0
2019-06-28,2538,460430.0,5701086.0,12.45,12.45,12.3,12.4,0.0,158.0
2019-07-01,2538,1247981.0,15396915.0,12.4,12.4,12.3,12.3,-0.1,234.0
2019-07-02,2538,805126.0,9981042.0,12.3,12.45,12.3,12.4,0.1,204.0
2019-07-03,2538,1144106.0,14133154.0,12.4,12.4,12.3,12.35,-0.05,291.0
2019-07-04,2538,1253734.0,15015693.0,11.85,12.1,11.85,12.05,0.0,463.0
2019-07-05,2538,950121.0,11507924.0,12.1,12.2,12.05,12.2,0.15,266.0
2019-07-08,2538,543894.0,6637294.0,12.15,12.25,12.15,12.2,0.0,180.0
2019-07-09,2538,618243.0,7534013.0,12.3,12.3,12.1,12.2,0.0,152.0
2019-07-10,2538,706020.0,8671995.0,12.25,12.35,12.25,12.3,0.1,221.0
2019-07-11,2538,365001.0,4484862.0,12.35,12.35,12.25,12.25,-0.05,115.0
2019-07-12,2538,688857.0,8483175.0,12.3,12.4,12.25,12.4,0.15,204.0
2019-07-15,2538,479854.0,5909166.0,12.4,12.4,12.2,12.25,-0.15,159.0
2019-07-16,2538,328010.0,4039170.0,12.3,12.4,12.25,12.35,0.1,128.0
2019-07-17,2538,918064.0,11223930.0,12.35,12.35,12.15,12.25,-0.1,305.0
2019-07-18,2538,280006.0,3420022.0,12.25,12.3,12.15,12.2,-0.05,99.0
2019-07-19,2538,462415.0,5626010.0,12.2,12.25,12.1,12.2,0.0,177.0
2019-07-22,2538,541514.0,6551766.0,12.2,12.2,12.05,12.1,-0.1,185.0
2019-07-23,2538,815846.0,9782902.0,12.1,12.1,11.9,12.0,-0.1,269.0
2019-07-24,2538,484208.0,5815023.0,12.0,12.1,11.9,11.95,-0.05,151.0
2019-07-25,2538,340499.0,4081559.0,11.95,12.05,11.9,12.0,0.05,132.0
2019-07-26,2538,209476.0,2506558.0,12.0,12.0,11.95,12.0,0.0,92.0
2019-07-29,2538,610160.0,7318570.0,12.0,12.05,11.95,12.05,0.05,141.0
2019-07-30,2538,478318.0,5741346.0,12.0,12.05,11.95,12.05,0.0,112.0
2019-07-31,2538,728111.0,8795592.0,12.0,12.15,12.0,12.1,0.05,134.0
2019-08-01,2538,820286.0,9955108.0,12.05,12.25,12.05,12.2,0.1,175.0
2019-08-02,2538,829352.0,10079775.0,12.25,12.25,12.1,12.15,-0.05,206.0
2019-08-05,2538,691100.0,8361720.0,12.1,12.15,12.05,12.1,-0.05,177.0
2019-08-06,2538,934005.0,11171910.0,12.0,12.05,11.9,12.05,-0.05,202.0
2019-08-07,2538,369507.0,4426308.0,12.05,12.05,11.9,12.0,-0.05,122.0
2019-08-08,2538,398994.0,4788028.0,12.05,12.05,11.95,12.0,0.0,119.0
2019-08-12,2538,708723.0,8428926.0,12.05,12.1,11.85,11.85,-0.15,243.0
2019-08-13,2538,663082.0,7822202.0,11.85,11.9,11.75,11.75,-0.1,174.0
2019-08-14,2538,629080.0,7375082.0,11.8,11.85,11.65,11.65,-0.1,222.0
2019-08-15,2538,723600.0,8350859.0,11.5,11.6,11.5,11.5,-0.15,198.0
2019-08-16,2538,485288.0,5587124.0,11.5,11.6,11.45,11.5,0.0,154.0
2019-08-19,2538,334200.0,3855670.0,11.55,11.6,11.5,11.5,0.0,108.0
2019-08-20,2538,457922.0,5255644.0,11.6,11.6,11.4,11.5,0.0,164.0
2019-08-21,2538,794494.0,9107829.0,11.5,11.6,11.35,11.4,-0.1,279.0
2019-08-22,2538,519058.0,5927413.0,11.45,11.5,11.35,11.4,0.0,206.0
2019-08-23,2538,304350.0,3473353.0,11.4,11.45,11.4,11.45,0.05,110.0
2019-08-26,2538,375282.0,4242426.0,11.45,11.45,11.25,11.25,-0.2,154.0
2019-08-27,2538,216081.0,2433861.0,11.35,11.35,11.2,11.25,0.0,119.0
2019-08-28,2538,419389.0,4710091.0,11.25,11.3,11.15,11.2,-0.05,161.0
2019-08-29,2538,134866.0,1518283.0,11.25,11.3,11.2,11.3,0.1,71.0
2019-08-30,2538,261538.0,2949572.0,11.3,11.35,11.25,11.3,0.0,99.0
2019-09-02,2538,912054.0,10499712.0,11.35,11.7,11.35,11.7,0.4,286.0
2019-09-03,2538,508453.0,5947898.0,11.7,11.75,11.6,11.7,0.0,157.0
2019-09-04,2538,214948.0,2511493.0,11.7,11.7,11.65,11.7,0.0,82.0
2019-09-05,2538,246647.0,2865090.0,11.75,11.75,11.6,11.6,-0.1,81.0
2019-09-06,2538,323409.0,3739492.0,11.65,11.65,11.5,11.6,0.0,110.0
2019-09-09,2538,212490.0,2473831.0,11.6,11.7,11.6,11.65,0.05,60.0
2019-09-10,2538,198865.0,2303122.0,11.65,11.65,11.55,11.65,0.0,76.0
2019-09-11,2538,133329.0,1546780.0,11.65,11.65,11.55,11.6,-0.05,55.0
2019-09-12,2538,182478.0,2111096.0,11.65,11.65,11.5,11.55,-0.05,78.0
2019-09-16,2538,423511.0,4871699.0,11.55,11.6,11.45,11.5,-0.05,138.0
2019-09-17,2538,1024931.0,12129772.0,11.7,11.95,11.7,11.85,0.35,290.0
2019-09-18,2538,318193.0,3746755.0,11.85,11.85,11.7,11.75,-0.1,178.0
2019-09-19,2538,147080.0,1720876.0,11.7,11.75,11.65,11.7,-0.05,73.0
2019-09-20,2538,256572.0,3007238.0,11.75,11.8,11.65,11.65,-0.05,96.0
2019-09-23,2538,166342.0,1941863.0,11.65,11.7,11.65,11.7,0.05,110.0
2019-09-24,2538,130533.0,1528256.0,11.7,11.75,11.7,11.7,0.0,91.0
2019-09-25,2538,229310.0,2691956.0,11.7,11.75,11.7,11.75,0.05,105.0
2019-09-26,2538,405837.0,4783862.0,11.7,11.85,11.7,11.85,0.1,203.0
2019-09-27,2538,343122.0,4041480.0,11.85,11.85,11.75,11.8,-0.05,137.0
2019-10-01,2538,165960.0,1948674.0,11.75,11.75,11.7,11.75,-0.05,77.0
2019-10-02,2538,79032.0,930421.0,11.75,11.8,11.75,11.8,0.05,55.0
2019-10-03,2538,232921.0,2750709.0,11.75,11.85,11.75,11.85,0.05,98.0
2019-10-04,2538,290429.0,3447360.0,11.85,11.95,11.85,11.9,0.05,117.0
2019-10-07,2538,1029521.0,12363052.0,11.9,12.1,11.9,11.95,0.05,433.0
2019-10-08,2538,145257.0,1734684.0,11.95,12.0,11.9,11.95,0.0,68.0
2019-10-09,2538,522752.0,6180270.0,11.9,11.95,11.75,11.8,-0.15,188.0
2019-10-14,2538,389040.0,4640974.0,11.85,12.0,11.85,11.9,0.1,156.0
2019-10-15,2538,436870.0,5234864.0,11.85,12.15,11.85,12.15,0.25,285.0
2019-10-16,2538,998457.0,12269122.0,12.4,12.4,12.2,12.3,0.15,416.0
2019-10-17,2538,4650265.0,58921034.0,12.25,12.95,12.15,12.65,0.35,1490.0
2019-10-18,2538,4111900.0,50814412.0,12.65,12.7,12.2,12.3,-0.35,830.0
2019-10-21,2538,6353983.0,82171322.0,12.55,13.2,12.55,12.9,0.6,2113.0
2019-10-22,2538,1477080.0,18923467.0,12.85,12.95,12.7,12.85,-0.05,531.0
2019-10-23,2538,797030.0,10111476.0,12.9,12.9,12.6,12.65,-0.2,309.0
2019-10-24,2538,1561646.0,19566738.0,12.7,12.7,12.4,12.55,-0.1,436.0
2019-10-25,2538,1263055.0,15631630.0,12.55,12.55,12.3,12.35,-0.2,388.0
2019-10-28,2538,491382.0,6039562.0,12.45,12.45,12.25,12.3,-0.05,194.0
2019-10-29,2538,582802.0,7133531.0,12.3,12.3,12.2,12.25,-0.05,207.0
2019-10-30,2538,697210.0,8633161.0,12.25,12.45,12.2,12.4,0.15,251.0
2019-10-31,2538,390200.0,4800687.0,12.45,12.45,12.25,12.25,-0.15,188.0
2019-11-01,2538,354204.0,4343447.0,12.2,12.35,12.2,12.3,0.05,112.0
2019-11-04,2538,1641507.0,20654434.0,12.3,12.7,12.3,12.6,0.3,472.0
2019-11-05,2538,1386839.0,17559763.0,12.7,12.8,12.55,12.55,-0.05,405.0
2019-11-06,2538,443620.0,5550600.0,12.55,12.65,12.45,12.55,0.0,163.0
2019-11-07,2538,514460.0,6396653.0,12.45,12.5,12.35,12.45,-0.1,153.0
2019-11-08,2538,258236.0,3214949.0,12.45,12.5,12.4,12.5,0.05,80.0
2019-11-11,2538,596867.0,7410710.0,12.5,12.55,12.35,12.35,-0.15,165.0
2019-11-12,2538,672150.0,8232136.0,12.35,12.35,12.2,12.25,-0.1,206.0
2019-11-13,2538,356040.0,4375392.0,12.2,12.4,12.2,12.4,0.15,106.0
2019-11-14,2538,390162.0,4799026.0,12.35,12.35,12.25,12.3,-0.1,142.0
2019-11-15,2538,292299.0,3581125.0,12.2,12.3,12.2,12.25,-0.05,98.0
2019-11-18,2538,284626.0,3481086.0,12.25,12.3,12.2,12.3,0.05,105.0
2019-11-19,2538,269300.0,3297410.0,12.3,12.3,12.2,12.25,-0.05,105.0
2019-11-20,2538,170203.0,2093293.0,12.25,12.35,12.25,12.35,0.1,89.0
2019-11-21,2538,149105.0,1828485.0,12.35,12.35,12.2,12.25,-0.1,67.0
2019-11-22,2538,137488.0,1683626.0,12.25,12.3,12.2,12.25,0.0,62.0
2019-11-25,2538,198967.0,2455790.0,12.3,12.4,12.3,12.35,0.1,73.0
2019-11-26,2538,215335.0,2658617.0,12.35,12.4,12.3,12.35,0.0,99.0
2019-11-27,2538,348667.0,4296736.0,12.35,12.4,12.3,12.35,0.0,125.0
2019-11-28,2538,369327.0,4566054.0,12.35,12.4,12.3,12.35,0.0,110.0
2019-11-29,2538,2891890.0,37046015.0,12.4,13.15,12.4,12.6,0.25,1106.0
2019-12-02,2538,502302.0,6309584.0,12.6,12.7,12.45,12.5,-0.1,227.0
2019-12-03,2538,307372.0,3821218.0,12.45,12.5,12.35,12.5,0.0,139.0
2019-12-04,2538,342600.0,4244209.0,12.45,12.45,12.35,12.45,-0.05,139.0
2019-12-05,2538,273428.0,3404047.0,12.45,12.5,12.4,12.45,0.0,126.0
2019-12-06,2538,705784.0,8799407.0,12.45,12.6,12.35,12.4,-0.05,227.0
2019-12-09,2538,1218076.0,15497854.0,12.45,12.85,12.45,12.6,0.2,462.0
2019-12-10,2538,370898.0,4663874.0,12.55,12.65,12.5,12.6,0.0,151.0
2019-12-11,2538,1399676.0,17940984.0,12.6,13.0,12.6,12.65,0.05,475.0
2019-12-12,2538,541101.0,6851572.0,12.7,12.8,12.55,12.7,0.05,181.0
2019-12-13,2538,398071.0,5031844.0,12.7,12.75,12.55,12.65,-0.05,184.0
2019-12-16,2538,1329165.0,17008801.0,12.7,12.85,12.7,12.85,0.2,472.0
2019-12-17,2538,3728806.0,48480295.0,13.0,13.25,12.8,12.85,0.0,1260.0
2019-12-18,2538,3158021.0,41116422.0,12.8,13.15,12.8,13.05,0.2,1009.0
2019-12-19,2538,763261.0,9912164.0,13.0,13.05,12.9,13.0,-0.05,230.0
2019-12-20,2538,1377432.0,17951334.0,13.2,13.2,12.95,13.0,0.0,325.0
2019-12-23,2538,839196.0,10931498.0,13.1,13.1,12.95,13.0,0.0,284.0
2019-12-24,2538,804518.0,10443327.0,13.0,13.05,12.95,13.0,0.0,200.0
2019-12-25,2538,378973.0,4908251.0,13.0,13.1,12.9,12.9,-0.1,134.0
2019-12-26,2538,791508.0,10218021.0,12.95,13.0,12.85,12.95,0.05,145.0
2019-12-27,2538,695667.0,8975263.0,12.95,12.95,12.85,12.95,0.0,217.0
2019-12-30,2538,487892.0,6293909.0,12.95,12.95,12.85,12.9,-0.05,150.0
2019-12-31,2538,380020.0,4900704.0,12.85,12.95,12.85,12.9,0.0,139.0
2020-01-02,2538,566791.0,7344833.0,12.85,13.05,12.85,12.95,0.05,207.0
2020-01-03,2538,326451.0,4205618.0,12.95,12.95,12.85,12.9,-0.05,158.0
2020-01-06,2538,871602.0,11094490.0,12.85,12.85,12.65,12.7,-0.2,285.0
2020-01-07,2538,442905.0,5598051.0,12.65,12.75,12.6,12.65,-0.05,173.0
2020-01-08,2538,431318.0,5410338.0,12.7,12.7,12.5,12.55,-0.1,176.0
2020-01-09,2538,294188.0,3697156.0,12.55,12.6,12.5,12.55,0.0,116.0
2020-01-10,2538,355622.0,4456221.0,12.6,12.6,12.5,12.55,0.0,137.0
2020-01-13,2538,438068.0,5463694.0,12.45,12.55,12.4,12.55,0.0,177.0
2020-01-14,2538,304047.0,3801531.0,12.55,12.6,12.45,12.5,-0.05,130.0
2020-01-15,2538,381545.0,4756199.0,12.5,12.5,12.45,12.5,0.0,145.0
2020-01-16,2538,1499551.0,19072833.0,12.5,13.15,12.4,12.85,0.35,515.0
2020-01-17,2538,466018.0,5940869.0,12.9,12.9,12.65,12.75,-0.1,228.0
2020-01-20,2538,427465.0,5425361.0,12.7,12.75,12.65,12.75,0.0,176.0
2020-01-30,2538,1945968.0,23311516.0,12.1,12.25,11.75,11.9,-0.85,645.0
2020-01-31,2538,828395.0,9852377.0,11.9,12.0,11.8,11.95,0.05,267.0
2020-02-03,2538,1853599.0,21138439.0,11.7,11.85,11.25,11.75,-0.2,553.0
2020-02-04,2538,821022.0,9557564.0,11.7,11.75,11.55,11.7,-0.05,247.0
2020-02-05,2538,1364279.0,15709932.0,11.7,11.7,11.4,11.6,-0.1,410.0
2020-02-06,2538,1133242.0,13161018.0,11.5,11.9,11.5,11.8,0.2,325.0
2020-02-07,2538,667905.0,7731369.0,11.7,11.75,11.5,11.75,-0.05,274.0
2020-02-10,2538,508228.0,5906038.0,11.5,11.7,11.5,11.65,-0.1,278.0
2020-02-11,2538,595457.0,6905969.0,11.65,11.65,11.55,11.65,0.0,196.0
2020-02-12,2538,813141.0,9448974.0,11.65,11.75,11.55,11.7,0.05,227.0
2020-02-13,2538,955775.0,11172066.0,11.7,11.85,11.6,11.7,0.0,247.0
2020-02-14,2538,487733.0,5713526.0,11.7,11.75,11.7,11.75,0.05,177.0
2020-02-17,2538,1031975.0,11929393.0,11.65,11.7,11.5,11.65,-0.1,357.0
2020-02-18,2538,306465.0,3551254.0,11.6,11.65,11.55,11.65,0.0,145.0
2020-02-19,2538,225773.0,2626685.0,11.65,11.7,11.6,11.65,0.0,127.0
2020-02-20,2538,438533.0,5088391.0,11.7,11.7,11.55,11.7,0.05,139.0
2020-02-21,2538,317088.0,3694513.0,11.65,11.7,11.6,11.7,0.0,189.0
2020-02-24,2538,926121.0,10643552.0,11.55,11.6,11.4,11.55,-0.15,382.0
2020-02-25,2538,468252.0,5362510.0,11.4,11.55,11.35,11.5,-0.05,277.0
2020-02-26,2538,354039.0,4029321.0,11.45,11.45,11.35,11.35,-0.15,158.0
2020-02-27,2538,734036.0,8241933.0,11.35,11.35,11.1,11.2,-0.15,297.0
2020-03-02,2538,1070344.0,11816043.0,11.0,11.2,10.9,11.15,-0.05,367.0
2020-03-03,2538,350060.0,3911713.0,11.2,11.3,11.1,11.2,0.05,156.0
2020-03-04,2538,391996.0,4324892.0,11.2,11.2,11.0,11.1,-0.1,210.0
2020-03-05,2538,655782.0,7258502.0,11.1,11.15,11.0,11.1,0.0,312.0
2020-03-06,2538,514064.0,5662868.0,11.1,11.1,10.95,11.1,0.0,169.0
2020-03-09,2538,1052609.0,11236590.0,10.95,10.95,10.55,10.6,-0.5,450.0
2020-03-10,2538,785569.0,8148966.0,10.15,10.55,10.15,10.45,-0.15,256.0
2020-03-11,2538,326001.0,3451689.0,10.6,10.65,10.5,10.55,0.1,159.0
2020-03-12,2538,2036016.0,20377630.0,10.4,10.4,9.8,10.0,-0.55,542.0
2020-03-13,2538,2918060.0,26470427.0,9.46,9.46,9.0,9.37,-0.63,815.0
2020-03-16,2538,852759.0,7795379.0,9.38,9.38,9.01,9.07,-0.3,373.0
2020-03-17,2538,1151858.0,10251383.0,8.98,9.0,8.79,8.91,-0.16,393.0
2020-03-18,2538,1062491.0,9385224.0,8.89,8.94,8.75,8.75,-0.16,404.0
2020-03-19,2538,2228927.0,17778456.0,8.5,8.5,7.88,7.88,-0.87,637.0
2020-03-20,2538,981568.0,7938574.0,7.65,8.4,7.65,8.28,0.4,409.0
2020-03-23,2538,332420.0,2674176.0,7.95,8.2,7.84,8.06,-0.22,155.0
2020-03-24,2538,689618.0,5737742.0,8.15,8.49,8.15,8.35,0.29,298.0
2020-03-25,2538,1217417.0,10753536.0,8.6,8.95,8.6,8.88,0.53,429.0
2020-03-26,2538,558100.0,4884564.0,8.91,8.91,8.63,8.78,-0.1,276.0
2020-03-27,2538,1005395.0,8915625.0,8.85,8.92,8.78,8.84,0.06,240.0
2020-03-30,2538,341452.0,3000028.0,8.8,8.87,8.65,8.83,-0.01,219.0
2020-03-31,2538,647408.0,5686686.0,8.85,8.85,8.75,8.83,0.0,181.0
2020-04-01,2538,349770.0,3075114.0,8.67,8.84,8.67,8.83,0.0,158.0
2020-04-06,2538,361400.0,3152938.0,8.78,8.78,8.65,8.72,-0.11,208.0
2020-04-07,2538,377461.0,3340463.0,8.82,8.91,8.73,8.86,0.14,160.0
2020-04-08,2538,469123.0,4201308.0,8.85,9.1,8.85,9.05,0.19,187.0
2020-04-09,2538,656514.0,5996457.0,9.1,9.26,9.04,9.21,0.16,225.0
2020-04-10,2538,400668.0,3703090.0,9.2,9.33,9.15,9.29,0.08,178.0
2020-04-13,2538,581915.0,5364152.0,9.31,9.39,9.1,9.14,-0.15,209.0
2020-04-14,2538,556471.0,5113982.0,9.1,9.29,9.09,9.25,0.11,192.0
2020-04-15,2538,517857.0,4846291.0,9.3,9.42,9.3,9.38,0.13,189.0
2020-04-16,2538,480877.0,4458703.0,9.38,9.38,9.22,9.24,-0.14,163.0
2020-04-17,2538,675812.0,6325923.0,9.35,9.43,9.26,9.27,0.03,217.0
2020-04-20,2538,299200.0,2764424.0,9.23,9.3,9.19,9.27,0.0,103.0
2020-04-21,2538,889332.0,8135966.0,9.27,9.3,9.05,9.1,-0.17,229.0
2020-04-22,2538,346704.0,3140242.0,9.05,9.18,9.0,9.1,0.0,110.0
2020-04-23,2538,183540.0,1673784.0,9.1,9.16,9.05,9.15,0.05,80.0
2020-04-24,2538,288799.0,2636167.0,9.1,9.2,9.09,9.13,-0.02,90.0
2020-04-27,2538,467947.0,4331964.0,9.26,9.31,9.16,9.26,0.13,141.0
2020-04-28,2538,233141.0,2157709.0,9.26,9.3,9.23,9.25,-0.01,86.0
2020-04-29,2538,413240.0,3882672.0,9.27,9.45,9.27,9.42,0.17,173.0
2020-04-30,2538,1107642.0,10792222.0,9.49,10.0,9.38,9.76,0.34,447.0
2020-05-04,2538,735069.0,6986474.0,9.6,9.62,9.4,9.42,-0.34,226.0
2020-05-05,2538,460098.0,4325412.0,9.43,9.51,9.21,9.42,0.0,168.0
2020-05-06,2538,687698.0,6555180.0,9.48,9.6,9.45,9.54,0.12,230.0
2020-05-07,2538,1038325.0,10103361.0,9.61,9.81,9.61,9.76,0.22,395.0
2020-05-08,2538,471538.0,4635896.0,9.76,9.89,9.76,9.84,0.08,166.0
2020-05-11,2538,644040.0,6386837.0,9.91,9.98,9.84,9.94,0.1,221.0
2020-05-12,2538,363043.0,3607558.0,9.94,9.99,9.88,9.95,0.01,157.0
2020-05-13,2538,356183.0,3507145.0,9.95,9.95,9.81,9.85,-0.1,139.0
2020-05-14,2538,582258.0,5692768.0,9.86,9.88,9.65,9.73,-0.12,209.0
2020-05-15,2538,540363.0,5211399.0,9.74,9.82,9.57,9.68,-0.05,166.0
2020-05-18,2538,247966.0,2406139.0,9.61,9.75,9.61,9.68,0.0,93.0
2020-05-19,2538,270166.0,2637175.0,9.7,9.83,9.7,9.8,0.12,110.0
2020-05-20,2538,189066.0,1854313.0,9.8,9.85,9.77,9.8,0.0,76.0
2020-05-21,2538,301486.0,2962766.0,9.85,9.85,9.8,9.81,0.01,115.0
2020-05-22,2538,554148.0,5454814.0,9.81,9.88,9.74,9.82,0.01,140.0
2020-05-25,2538,195472.0,1925684.0,9.82,9.95,9.77,9.92,0.1,91.0
2020-05-26,2538,2859895.0,30268593.0,9.92,10.9,9.92,10.45,0.53,1113.0
2020-05-27,2538,841156.0,8642520.0,10.45,10.45,10.15,10.35,-0.1,326.0
2020-05-28,2538,793646.0,8077387.0,10.4,10.4,10.1,10.1,-0.25,237.0
2020-05-29,2538,249518.0,2545384.0,10.15,10.25,10.15,10.2,0.1,82.0
2020-06-01,2538,409542.0,4243334.0,10.2,10.4,10.2,10.35,0.15,182.0
2020-06-02,2538,161641.0,1676965.0,10.4,10.45,10.35,10.35,0.0,88.0
2020-06-03,2538,349220.0,3619314.0,10.35,10.45,10.3,10.4,0.05,158.0
2020-06-04,2538,243809.0,2541021.0,10.4,10.5,10.35,10.4,0.0,109.0
2020-06-05,2538,427806.0,4432681.0,10.4,10.4,10.35,10.4,0.0,123.0
2020-06-08,2538,528931.0,5483428.0,10.4,10.45,10.3,10.4,0.0,151.0
2020-06-09,2538,450617.0,4735877.0,10.4,10.6,10.4,10.5,0.1,169.0
2020-06-10,2538,340057.0,3553249.0,10.55,10.55,10.4,10.45,-0.05,118.0
2020-06-11,2538,512060.0,5271412.0,10.35,10.4,10.2,10.25,-0.2,162.0
2020-06-12,2538,1208325.0,12144170.0,10.05,10.2,9.98,10.0,-0.25,308.0
2020-06-15,2538,917060.0,9170458.0,10.0,10.1,9.98,9.98,-0.02,180.0
2020-06-16,2538,498223.0,5009561.0,10.0,10.15,10.0,10.1,0.12,135.0
2020-06-17,2538,501630.0,5101211.0,10.15,10.25,10.1,10.2,0.1,138.0
2020-06-18,2538,573286.0,5857230.0,10.25,10.3,10.15,10.2,0.0,153.0
2020-06-19,2538,1412572.0,14330968.0,10.2,10.4,10.05,10.05,-0.15,283.0
2020-06-22,2538,567491.0,5802331.0,10.1,10.3,10.1,10.25,0.2,197.0
2020-06-23,2538,463287.0,4769240.0,10.3,10.5,10.2,10.25,0.0,146.0
2020-06-24,2538,210479.0,2163879.0,10.25,10.4,10.2,10.3,0.05,78.0
2020-06-29,2538,421284.0,4307288.0,10.25,10.3,10.15,10.25,-0.05,162.0
2020-06-30,2538,545000.0,5540698.0,10.25,10.25,10.05,10.15,-0.1,164.0
2020-07-01,2538,393227.0,4009973.0,10.15,10.25,10.15,10.2,0.05,139.0
2020-07-02,2538,581685.0,5957905.0,10.2,10.3,10.2,10.25,0.05,195.0
2020-07-03,2538,712705.0,7347708.0,10.3,10.35,10.25,10.3,0.05,171.0
2020-07-06,2538,2713313.0,28571114.0,10.3,10.7,10.3,10.55,0.25,712.0
2020-07-07,2538,1361792.0,13817814.0,10.1,10.25,10.1,10.25,0.0,397.0
2020-07-08,2538,439917.0,4483705.0,10.25,10.25,10.15,10.15,-0.1,176.0
2020-07-09,2538,828869.0,8385973.0,10.2,10.2,10.0,10.1,-0.05,280.0
2020-07-10,2538,834017.0,8330365.0,10.1,10.1,9.96,10.05,-0.05,291.0
2020-07-13,2538,528905.0,5301283.0,10.05,10.1,10.0,10.05,0.0,163.0
2020-07-14,2538,196554.0,1968948.0,10.1,10.1,9.99,10.05,0.0,85.0
2020-07-15,2538,406597.0,4076960.0,10.1,10.1,9.99,10.0,-0.05,120.0
2020-07-16,2538,366699.0,3673780.0,10.05,10.1,9.99,10.0,0.0,123.0
2020-07-17,2538,313100.0,3135800.0,10.05,10.05,10.0,10.0,0.0,92.0
2020-07-20,2538,294288.0,2936383.0,10.05,10.05,9.93,9.98,-0.02,104.0
2020-07-21,2538,637673.0,6378334.0,10.0,10.05,9.98,10.0,0.02,159.0
2020-07-22,2538,506608.0,5082029.0,10.0,10.1,9.99,10.0,0.0,127.0
2020-07-23,2538,321065.0,3214730.0,10.1,10.1,9.99,10.0,0.0,82.0
2020-07-24,2538,676796.0,6758888.0,10.0,10.05,9.95,9.97,-0.03,173.0
2020-07-27,2538,1125270.0,11146011.0,9.96,9.98,9.8,9.8,-0.17,274.0
2020-07-28,2538,897421.0,8751407.0,9.79,9.8,9.66,9.68,-0.12,260.0
2020-07-29,2538,624207.0,6105829.0,9.6,9.89,9.6,9.8,0.12,151.0
2020-07-30,2538,585426.0,5759243.0,9.81,9.94,9.8,9.85,0.05,141.0
2020-07-31,2538,240923.0,2377094.0,9.95,9.95,9.85,9.89,0.04,100.0
2020-08-03,2538,471502.0,4627888.0,9.9,9.9,9.79,9.8,-0.09,150.0
2020-08-04,2538,358178.0,3508399.0,9.83,9.83,9.77,9.8,0.0,91.0
2020-08-05,2538,485994.0,4759535.0,9.81,9.85,9.77,9.82,0.02,127.0
2020-08-06,2538,684472.0,6712440.0,9.89,9.89,9.77,9.78,-0.04,288.0
2020-08-07,2538,599727.0,5855408.0,9.79,9.81,9.72,9.74,-0.04,184.0
2020-08-10,2538,521886.0,5155376.0,9.87,9.92,9.83,9.83,0.09,316.0
2020-08-11,2538,296603.0,2931906.0,9.85,9.93,9.85,9.87,0.04,101.0
2020-08-12,2538,365816.0,3594355.0,9.88,9.88,9.78,9.83,-0.04,145.0
2020-08-13,2538,367682.0,3609230.0,9.88,9.95,9.79,9.8,-0.03,260.0
2020-08-14,2538,330419.0,3234370.0,9.8,9.88,9.73,9.78,-0.02,136.0
2020-08-17,2538,714830.0,7116290.0,9.78,10.05,9.78,10.0,0.22,258.0
2020-08-18,2538,627775.0,6277761.0,10.05,10.05,9.91,10.0,0.0,187.0
2020-08-19,2538,1281878.0,13085603.0,10.1,10.6,10.0,10.25,0.25,546.0
2020-08-20,2538,1190120.0,11899970.0,10.35,10.35,9.85,10.0,-0.25,421.0
2020-08-21,2538,334835.0,3377700.0,10.0,10.15,10.0,10.05,0.05,173.0
2020-08-24,2538,436275.0,4356520.0,10.05,10.05,9.96,9.98,-0.07,130.0
2020-08-25,2538,667431.0,6733960.0,10.0,10.2,10.0,10.1,0.12,176.0
2020-08-26,2538,329301.0,3341403.0,10.1,10.2,10.1,10.15,0.05,113.0
2020-08-27,2538,421445.0,4300514.0,10.2,10.3,10.15,10.15,0.0,152.0
2020-08-28,2538,224400.0,2285629.0,10.25,10.25,10.15,10.15,0.0,76.0
2020-08-31,2538,390649.0,3963728.0,10.3,10.3,10.1,10.2,0.05,106.0
2020-09-01,2538,717278.0,7290869.0,10.2,10.25,10.1,10.15,-0.05,99.0
2020-09-02,2538,180558.0,1832011.0,10.2,10.2,10.1,10.15,0.0,66.0
2020-09-03,2538,493670.0,4999798.0,10.2,10.2,10.05,10.15,0.0,205.0
2020-09-04,2538,430550.0,4330403.0,10.05,10.1,10.0,10.05,-0.1,140.0
2020-09-07,2538,743075.0,7550460.0,10.1,10.25,10.05,10.1,0.05,194.0
2020-09-08,2538,251612.0,2551920.0,10.15,10.2,10.1,10.1,0.0,76.0
2020-09-09,2538,497425.0,5006811.0,10.1,10.15,10.0,10.1,0.0,139.0
2020-09-10,2538,877940.0,8930440.0,10.15,10.25,10.1,10.2,0.1,222.0
2020-09-11,2538,1003030.0,10270464.0,10.2,10.4,10.1,10.15,-0.05,317.0
2020-09-14,2538,454022.0,4591421.0,10.2,10.2,10.05,10.1,-0.05,138.0
2020-09-15,2538,319490.0,3226772.0,10.1,10.15,10.05,10.15,0.05,103.0
2020-09-16,2538,310805.0,3136350.0,10.15,10.15,10.05,10.1,-0.05,135.0
2020-09-17,2538,563150.0,5694506.0,10.15,10.2,10.05,10.05,-0.05,167.0
2020-09-18,2538,339361.0,3430611.0,10.1,10.15,10.05,10.15,0.1,132.0
2020-09-21,2538,1877695.0,19122222.0,10.15,10.35,10.05,10.1,-0.05,505.0
2020-09-22,2538,513404.0,5182279.0,10.1,10.15,10.0,10.1,0.0,163.0
2020-09-23,2538,932489.0,9315323.0,10.1,10.1,9.95,10.0,-0.1,289.0
2020-09-24,2538,1104100.0,10868552.0,9.94,9.94,9.8,9.82,-0.18,342.0
2020-09-25,2538,707388.0,6928110.0,9.76,9.86,9.76,9.8,-0.02,177.0
2020-09-28,2538,255040.0,2513230.0,9.81,9.89,9.8,9.89,0.09,84.0
2020-09-29,2538,147163.0,1457025.0,9.9,9.94,9.87,9.89,0.0,63.0
2020-09-30,2538,122001.0,1206510.0,9.91,9.91,9.87,9.88,-0.01,55.0
2020-10-05,2538,197653.0,1956048.0,9.92,9.94,9.87,9.89,0.01,61.0
2020-10-06,2538,273305.0,2707880.0,9.9,9.94,9.88,9.9,0.01,120.0
2020-10-07,2538,240897.0,2389070.0,9.9,9.95,9.87,9.94,0.04,81.0
2020-10-08,2538,184412.0,1832138.0,9.94,9.99,9.92,9.94,0.0,65.0
2020-10-12,2538,387590.0,3846895.0,9.97,9.97,9.88,9.92,-0.02,122.0
2020-10-13,2538,298595.0,2944242.0,9.92,9.94,9.82,9.87,-0.05,127.0
2020-10-14,2538,373262.0,3691050.0,9.87,9.91,9.87,9.9,0.03,77.0
2020-10-15,2538,218963.0,2152354.0,9.89,9.9,9.8,9.85,-0.05,78.0
2020-10-16,2538,280701.0,2768597.0,9.9,9.9,9.85,9.86,0.01,79.0
2020-10-19,2538,595218.0,5887910.0,9.92,9.95,9.86,9.94,0.08,84.0
2020-10-20,2538,610338.0,6003612.0,9.96,9.96,9.79,9.8,-0.14,208.0
2020-10-21,2538,868050.0,8435196.0,9.81,9.82,9.5,9.81,0.01,310.0
2020-10-22,2538,294000.0,2902560.0,9.86,9.9,9.83,9.87,0.06,116.0
2020-10-23,2538,468000.0,4592080.0,9.9,9.9,9.7,9.83,-0.04,144.0
2020-10-26,2538,211722.0,2085828.0,9.83,9.88,9.83,9.84,0.01,95.0
2020-10-27,2538,1161239.0,11484866.0,9.85,10.0,9.85,9.88,0.04,149.0
2020-10-28,2538,317023.0,3116881.0,9.9,9.9,9.8,9.82,-0.06,138.0
2020-10-29,2538,1216474.0,11874680.0,9.82,9.83,9.7,9.74,-0.08,140.0
2020-10-30,2538,468090.0,4536216.0,9.74,9.76,9.63,9.65,-0.09,180.0
2020-11-02,2538,103231.0,999119.0,9.63,9.76,9.63,9.68,0.03,69.0
2020-11-03,2538,282904.0,2762627.0,9.73,9.82,9.7,9.77,0.09,110.0
2020-11-04,2538,273792.0,2684764.0,9.84,9.84,9.77,9.81,0.04,76.0
2020-11-05,2538,248457.0,2420014.0,9.84,9.84,9.68,9.73,-0.08,109.0
2020-11-06,2538,301914.0,2932690.0,9.74,9.74,9.68,9.69,-0.04,120.0
2020-11-09,2538,364894.0,3545410.0,9.8,9.87,9.65,9.72,0.03,116.0
2020-11-10,2538,210666.0,2058072.0,9.77,9.8,9.68,9.75,0.03,111.0
2020-11-11,2538,370698.0,3648904.0,9.75,9.9,9.75,9.87,0.12,184.0
2020-11-12,2538,144255.0,1417105.0,9.87,9.9,9.8,9.82,-0.05,69.0
2020-11-13,2538,131684.0,1290646.0,9.8,9.82,9.77,9.81,-0.01,58.0
2020-11-16,2538,105464.0,1038816.0,9.9,9.9,9.82,9.85,0.04,66.0
2020-11-17,2538,184039.0,1807498.0,9.85,9.85,9.8,9.84,-0.01,104.0
2020-11-18,2538,317122.0,3116764.0,9.85,9.86,9.8,9.83,-0.01,107.0
2020-11-19,2538,509117.0,5024731.0,9.83,9.93,9.8,9.86,0.03,132.0
2020-11-20,2538,326451.0,3212787.0,9.85,9.89,9.79,9.87,0.01,115.0
2020-11-23,2538,629000.0,6240157.0,9.89,9.95,9.89,9.93,0.06,169.0
2020-11-24,2538,466208.0,4634588.0,9.94,10.0,9.9,9.91,-0.02,173.0
2020-11-25,2538,554614.0,5529971.0,9.91,9.99,9.91,9.98,0.07,181.0
2020-11-26,2538,1528203.0,15408126.0,9.99,10.25,9.97,10.2,0.22,428.0
2020-11-27,2538,10097375.0,109655979.0,10.2,11.2,10.2,11.2,1.0,2488.0
2020-11-30,2538,13296415.0,157705938.0,11.7,12.25,11.55,11.55,0.35,3878.0
2020-12-01,2538,5096904.0,56472276.0,11.3,11.45,10.85,11.0,-0.55,1515.0
2020-12-02,2538,4090205.0,43969584.0,11.0,11.0,10.5,10.65,-0.35,1156.0
2020-12-03,2538,2612953.0,27518291.0,10.7,10.8,10.3,10.4,-0.25,732.0
2020-12-04,2538,1484441.0,15350504.0,10.45,10.5,10.25,10.35,-0.05,518.0
2020-12-07,2538,958014.0,9935222.0,10.35,10.45,10.25,10.4,0.05,354.0
2020-12-08,2538,1226606.0,12548570.0,10.35,10.4,10.1,10.1,-0.3,431.0
2020-12-09,2538,1148971.0,11563217.0,10.1,10.15,10.0,10.05,-0.05,362.0
2020-12-10,2538,973006.0,9854356.0,10.0,10.25,10.0,10.15,0.1,267.0
2020-12-11,2538,922886.0,9290026.0,10.15,10.2,9.99,10.05,-0.1,309.0
2020-12-14,2538,655453.0,6602630.0,10.05,10.15,10.0,10.1,0.05,210.0
2020-12-15,2538,442368.0,4467476.0,10.05,10.2,10.05,10.05,-0.05,136.0
2020-12-16,2538,679973.0,6928259.0,10.05,10.35,10.05,10.3,0.25,341.0
2020-12-17,2538,420836.0,4318679.0,10.35,10.4,10.2,10.2,-0.1,157.0
2020-12-18,2538,766219.0,7800245.0,10.2,10.3,10.1,10.1,-0.1,257.0
2020-12-21,2538,717785.0,7253417.0,10.1,10.2,10.05,10.1,0.0,185.0
2020-12-22,2538,669612.0,6767094.0,10.1,10.2,10.05,10.05,-0.05,216.0
2020-12-23,2538,493851.0,5020210.0,10.05,10.25,10.05,10.1,0.05,133.0
2020-12-24,2538,593051.0,6008037.0,10.1,10.2,10.1,10.15,0.05,219.0
2020-12-25,2538,893452.0,9142801.0,10.15,10.3,10.15,10.25,0.1,226.0
2020-12-28,2538,608650.0,6262618.0,10.25,10.35,10.2,10.3,0.05,215.0
2020-12-29,2538,756304.0,7778523.0,10.3,10.35,10.25,10.35,0.05,229.0
2020-12-30,2538,1203857.0,12496811.0,10.35,10.45,10.3,10.4,0.05,289.0
2020-12-31,2538,439634.0,4573745.0,10.4,10.45,10.35,10.4,0.0,190.0
2021-01-04,2538,576300.0,5958079.0,10.4,10.4,10.3,10.35,-0.05,203.0
2021-01-05,2538,709875.0,7252260.0,10.35,10.35,10.15,10.15,-0.2,266.0
2021-01-06,2538,1574958.0,15828355.0,10.15,10.2,9.99,10.05,-0.1,517.0
2021-01-07,2538,576208.0,5797187.0,10.05,10.1,10.0,10.0,-0.05,175.0
2021-01-08,2538,635980.0,6371845.0,10.0,10.1,9.99,10.0,0.0,214.0
2021-01-11,2538,2785954.0,29246224.0,10.2,10.7,10.2,10.6,0.6,1003.0
2021-01-12,2538,1113548.0,11542814.0,10.6,10.6,10.2,10.3,-0.3,466.0
2021-01-13,2538,803534.0,8343164.0,10.3,10.45,10.25,10.35,0.05,294.0
2021-01-14,2538,475723.0,4906284.0,10.35,10.45,10.25,10.25,-0.1,169.0
2021-01-15,2538,751968.0,7690843.0,10.25,10.3,10.15,10.2,-0.05,247.0
2021-01-18,2538,534135.0,5416984.0,10.2,10.2,10.1,10.15,-0.05,172.0
2021-01-19,2538,424820.0,4309974.0,10.15,10.2,10.1,10.15,0.0,167.0
2021-01-20,2538,1242821.0,12437768.0,10.15,10.15,9.9,9.91,-0.24,428.0
2021-01-21,2538,520593.0,5194066.0,10.0,10.0,9.93,9.93,0.02,223.0
2021-01-22,2538,609399.0,6051626.0,9.93,10.0,9.88,9.93,0.0,271.0
2021-01-25,2538,384868.0,3803529.0,9.9,9.93,9.81,9.9,-0.03,151.0
2021-01-26,2538,648296.0,6454388.0,10.0,10.1,9.86,9.94,0.04,166.0
2021-01-27,2538,719740.0,7145885.0,9.95,9.95,9.9,9.93,-0.01,101.0
2021-01-28,2538,477549.0,4716037.0,9.94,9.95,9.84,9.88,-0.05,176.0
2021-01-29,2538,724411.0,7125427.0,9.86,9.93,9.79,9.8,-0.08,296.0
2021-02-01,2538,619358.0,6034770.0,9.79,9.85,9.7,9.72,-0.08,245.0
2021-02-02,2538,361768.0,3547236.0,9.72,9.9,9.68,9.82,0.1,139.0
2021-02-03,2538,272795.0,2692405.0,9.82,9.9,9.82,9.88,0.06,107.0
2021-02-04,2538,253107.0,2497235.0,9.81,9.9,9.81,9.86,-0.02,109.0
2021-02-05,2538,391409.0,3865229.0,9.93,9.94,9.75,9.8,-0.06,167.0
2021-02-17,2538,426751.0,4186350.0,9.83,9.87,9.79,9.85,0.05,201.0
2021-02-18,2538,447554.0,4425452.0,9.87,9.94,9.84,9.87,0.02,196.0
2021-02-19,2538,491134.0,4837588.0,9.85,9.91,9.8,9.89,0.02,188.0
2021-02-22,2538,2301587.0,22653863.0,9.89,10.05,9.77,9.94,0.05,539.0
2021-02-23,2538,3433379.0,34974523.0,9.94,10.35,9.9,10.2,0.26,1009.0
2021-02-24,2538,845434.0,8555635.0,10.25,10.25,10.0,10.1,-0.1,284.0
2021-02-25,2538,853989.0,8584560.0,10.1,10.15,10.0,10.05,-0.05,285.0
2021-02-26,2538,867186.0,8642170.0,10.05,10.05,9.93,9.95,-0.1,337.0
2021-03-02,2538,514298.0,5121724.0,10.1,10.1,9.88,9.88,-0.07,313.0
2021-03-03,2538,1348574.0,13486680.0,9.96,10.05,9.9,10.0,0.12,274.0
2021-03-04,2538,667230.0,6659920.0,10.05,10.05,9.93,10.05,0.05,260.0
2021-03-05,2538,560110.0,5623604.0,10.0,10.1,9.97,10.1,0.05,207.0
2021-03-08,2538,655361.0,6582051.0,10.1,10.15,9.99,10.05,-0.05,295.0
2021-03-09,2538,790984.0,7986124.0,10.05,10.2,10.0,10.1,0.05,338.0
2021-03-10,2538,446213.0,4499759.0,10.1,10.2,10.05,10.05,-0.05,172.0
2021-03-11,2538,732815.0,7415952.0,10.1,10.2,10.05,10.1,0.05,296.0
2021-03-12,2538,363656.0,3662860.0,10.1,10.15,10.05,10.05,-0.05,174.0
2021-03-15,2538,480761.0,4834093.0,10.05,10.1,10.0,10.05,0.0,187.0
2021-03-16,2538,882315.0,8952378.0,10.1,10.2,10.1,10.2,0.15,296.0
2021-03-17,2538,516665.0,5227831.0,10.2,10.2,10.05,10.05,-0.15,264.0
2021-03-18,2538,631670.0,6409325.0,10.1,10.2,10.1,10.15,0.1,223.0
2021-03-19,2538,614985.0,6199534.0,10.15,10.15,10.05,10.05,-0.1,286.0
2021-03-22,2538,396630.0,4001234.0,10.1,10.15,10.05,10.1,0.05,174.0
2021-03-23,2538,702419.0,7066870.0,10.1,10.15,10.0,10.05,-0.05,236.0
2021-03-24,2538,519163.0,5209597.0,10.05,10.1,10.0,10.05,0.0,193.0
2021-03-25,2538,433157.0,4340879.0,10.05,10.05,10.0,10.05,0.0,187.0
2021-03-26,2538,527799.0,5306918.0,10.05,10.1,10.0,10.1,0.05,224.0
2021-03-29,2538,1648761.0,16524181.0,10.1,10.1,10.0,10.05,-0.05,446.0
2021-03-30,2538,382240.0,3829043.0,10.05,10.05,10.0,10.0,-0.05,168.0
2021-03-31,2538,758351.0,7587556.0,10.0,10.05,9.99,10.0,0.0,322.0
2021-04-01,2538,644945.0,6449175.0,10.0,10.05,9.99,10.0,0.0,248.0
2021-04-06,2538,819786.0,8230423.0,10.0,10.1,10.0,10.05,0.05,257.0
2021-04-07,2538,709181.0,7114331.0,10.1,10.1,10.0,10.1,0.05,238.0
2021-04-08,2538,1718943.0,17350966.0,10.05,10.2,10.0,10.1,0.0,424.0
2021-04-09,2538,777941.0,7872153.0,10.1,10.15,10.05,10.1,0.0,281.0
2021-04-12,2538,1347765.0,13684127.0,10.15,10.2,10.1,10.2,0.1,455.0
2021-04-13,2538,2268867.0,23404291.0,10.25,10.4,10.2,10.3,0.1,891.0
2021-04-14,2538,2012555.0,20589431.0,10.3,10.4,10.1,10.15,-0.15,511.0
2021-04-15,2538,849342.0,8675529.0,10.2,10.3,10.15,10.2,0.05,272.0
2021-04-16,2538,1409299.0,14501675.0,10.2,10.4,10.2,10.35,0.15,361.0
2021-04-19,2538,3053210.0,32211863.0,10.4,10.65,10.4,10.55,0.2,978.0
2021-04-20,2538,4623889.0,49951044.0,10.6,11.0,10.55,10.85,0.3,1510.0
2021-04-21,2538,2664345.0,28869272.0,10.85,10.95,10.65,10.9,0.05,829.0
2021-04-22,2538,5526789.0,61428732.0,11.05,11.4,10.8,10.9,0.0,1737.0
2021-04-23,2538,1811094.0,19631302.0,11.0,11.0,10.7,10.85,-0.05,543.0
2021-04-26,2538,1997157.0,21378522.0,10.85,10.9,10.6,10.6,-0.25,663.0
2021-04-27,2538,1049172.0,11207766.0,10.6,10.8,10.6,10.7,0.1,369.0
2021-04-28,2538,1157844.0,12444943.0,10.7,10.85,10.65,10.8,0.1,406.0
2021-04-29,2538,1568363.0,16916123.0,10.8,10.9,10.65,10.7,-0.1,474.0
2021-05-03,2538,1680497.0,17721703.0,10.7,10.7,10.45,10.5,-0.2,493.0
2021-05-04,2538,2125441.0,21728567.0,10.5,10.6,10.05,10.2,-0.3,621.0
2021-05-05,2538,745541.0,7648096.0,10.15,10.35,10.05,10.3,0.1,240.0
2021-05-06,2538,570679.0,5878755.0,10.35,10.45,10.2,10.25,-0.05,203.0
2021-05-07,2538,1528251.0,15990609.0,10.45,10.6,10.35,10.5,0.25,421.0
2021-05-10,2538,1257342.0,13267871.0,10.55,10.7,10.4,10.6,0.1,376.0
2021-05-11,2538,1595483.0,16577127.0,10.6,10.6,10.2,10.25,-0.35,509.0
2021-05-12,2538,2795237.0,27926423.0,10.2,10.3,9.65,9.96,-0.29,854.0
2021-05-13,2538,1500975.0,14763892.0,9.85,9.96,9.67,9.86,-0.1,588.0
2021-05-14,2538,1215876.0,12025770.0,9.95,10.05,9.8,9.87,0.01,472.0
2021-05-17,2538,2086282.0,19747109.0,9.68,9.69,9.2,9.25,-0.62,668.0
2021-05-18,2538,1081991.0,10401011.0,9.32,9.79,9.32,9.68,0.43,405.0
2021-05-19,2538,539976.0,5183305.0,9.7,9.71,9.5,9.62,-0.06,234.0
2021-05-20,2538,875182.0,8321943.0,9.72,9.72,9.46,9.5,-0.12,345.0
2021-05-21,2538,465329.0,4456426.0,9.57,9.66,9.5,9.6,0.1,184.0
2021-05-24,2538,838365.0,7858332.0,9.6,9.78,9.5,9.63,0.03,294.0
2021-05-25,2538,659664.0,6374087.0,9.7,9.71,9.61,9.66,0.03,324.0
2021-05-26,2538,582441.0,5672504.0,9.7,9.82,9.65,9.75,0.09,259.0
2021-05-27,2538,492039.0,4787126.0,9.76,9.82,9.64,9.77,0.02,231.0
2021-05-28,2538,1096120.0,10900573.0,9.9,10.05,9.88,9.99,0.22,459.0
2021-05-31,2538,765495.0,7694100.0,10.05,10.2,9.98,10.0,0.01,282.0
2021-06-01,2538,253732.0,2532850.0,10.0,10.0,9.95,9.99,-0.01,113.0
2021-06-02,2538,536614.0,5362734.0,10.0,10.05,9.97,10.0,0.01,158.0
2021-06-03,2538,772596.0,7723470.0,10.0,10.05,9.98,9.98,-0.02,208.0
2021-06-04,2538,420449.0,4184960.0,9.98,10.0,9.92,9.93,-0.05,196.0
2021-06-07,2538,491634.0,4853781.0,10.0,10.0,9.8,9.88,-0.05,207.0
2021-06-08,2538,312251.0,3086755.0,9.9,9.93,9.86,9.86,-0.02,113.0
2021-06-09,2538,395431.0,3897912.0,9.86,9.9,9.84,9.84,-0.02,126.0
2021-06-10,2538,406607.0,4013029.0,9.87,9.99,9.83,9.86,0.02,155.0
2021-06-11,2538,325659.0,3236369.0,9.88,9.98,9.88,9.95,0.09,135.0
2021-06-15,2538,238546.0,2374757.0,9.98,9.98,9.94,9.96,0.01,134.0
2021-06-16,2538,149621.0,1488238.0,9.98,9.98,9.93,9.95,-0.01,105.0
2021-06-17,2538,232620.0,2315361.0,9.93,9.97,9.92,9.96,0.01,91.0
2021-06-18,2538,508129.0,5063544.0,9.96,10.0,9.91,10.0,0.04,176.0
2021-06-21,2538,496797.0,4922356.0,9.95,9.95,9.88,9.93,-0.07,225.0
2021-06-22,2538,262604.0,2607636.0,9.97,9.97,9.9,9.95,0.02,124.0
2021-06-23,2538,374954.0,3730921.0,9.97,9.97,9.92,9.95,0.0,155.0
2021-06-24,2538,904792.0,9051629.0,9.97,10.05,9.96,9.99,0.04,240.0
2021-06-25,2538,1027324.0,10298565.0,10.05,10.1,9.97,9.99,0.0,260.0
2021-06-28,2538,595047.0,5934875.0,10.0,10.0,9.91,9.96,-0.03,165.0
2021-06-29,2538,672442.0,6690980.0,9.96,9.98,9.92,9.93,-0.03,180.0
2021-06-30,2538,663369.0,6605742.0,9.98,9.98,9.93,9.95,0.02,261.0
2021-07-01,2538,737244.0,7344304.0,9.96,9.99,9.93,9.96,0.01,187.0
2021-07-02,2538,520366.0,5193319.0,9.96,10.0,9.94,9.94,-0.02,188.0
2021-07-05,2538,459628.0,4586449.0,9.98,10.0,9.95,9.98,0.04,172.0
2021-07-06,2538,416611.0,4157555.0,9.98,10.0,9.97,9.97,-0.01,131.0
2021-07-07,2538,510433.0,5087064.0,10.0,10.0,9.95,9.96,-0.01,157.0
2021-07-08,2538,378202.0,3780143.0,9.96,10.05,9.95,9.99,0.03,173.0
2021-07-09,2538,593003.0,5923380.0,10.0,10.05,9.96,9.98,-0.01,195.0
2021-07-12,2538,682048.0,6820780.0,10.0,10.05,9.99,9.99,0.01,149.0
2021-07-13,2538,652985.0,6521788.0,10.0,10.05,9.96,9.97,-0.02,212.0
2021-07-14,2538,435652.0,4335392.0,9.98,9.98,9.92,9.95,-0.02,189.0
2021-07-15,2538,759227.0,7584610.0,9.95,10.05,9.94,10.05,0.1,184.0
2021-07-16,2538,647895.0,6481961.0,10.0,10.05,9.98,10.0,-0.05,148.0
2021-07-19,2538,432539.0,4321719.0,10.0,10.05,9.96,9.99,-0.01,148.0
2021-07-20,2538,390414.0,3885054.0,9.98,9.99,9.93,9.95,-0.04,180.0
2021-07-21,2538,476765.0,4738159.0,9.95,9.97,9.92,9.92,-0.03,194.0
2021-07-22,2538,429096.0,4288795.0,9.96,10.05,9.96,9.96,0.04,177.0
2021-07-23,2538,487722.0,4875027.0,9.97,10.05,9.96,9.97,0.01,140.0
2021-07-26,2538,614403.0,6160711.0,9.99,10.1,9.99,9.99,0.02,173.0
2021-07-27,2538,425305.0,4243586.0,10.05,10.05,9.95,9.95,-0.04,159.0
2021-07-28,2538,800245.0,7953869.0,9.96,10.0,9.87,9.97,0.02,265.0
2021-07-29,2538,7509928.0,79048224.0,10.5,10.85,10.25,10.6,0.63,1960.0
2021-07-30,2538,6716213.0,72256336.0,10.8,11.05,10.45,10.6,0.0,1763.0
2021-08-02,2538,1543644.0,16336681.0,10.75,10.75,10.45,10.65,0.05,485.0
2021-08-03,2538,660060.0,6991231.0,10.6,10.7,10.55,10.65,0.0,221.0
2021-08-04,2538,1272590.0,13493793.0,10.65,10.65,10.55,10.55,-0.1,268.0
2021-08-05,2538,1375217.0,14529210.0,10.65,10.65,10.55,10.55,0.0,290.0
2021-08-06,2538,1612704.0,17190493.0,10.65,10.75,10.5,10.75,0.2,490.0
2021-08-09,2538,6801165.0,75199710.0,10.8,11.2,10.75,11.1,0.35,1728.0
2021-08-10,2538,4162372.0,46305602.0,11.15,11.3,10.95,11.25,0.15,1056.0
2021-08-11,2538,15939819.0,193300069.0,11.6,12.35,11.6,12.1,0.85,4779.0
2021-08-12,2538,5329365.0,63342999.0,12.0,12.2,11.55,12.15,0.05,1739.0
2021-08-13,2538,5479290.0,66745912.0,12.15,12.5,11.85,12.1,-0.05,1735.0
2021-08-16,2538,5760687.0,69492927.0,12.05,12.2,12.0,12.1,0.0,1406.0
2021-08-17,2538,5033257.0,58506910.0,11.75,11.95,11.2,11.35,0.0,1491.0
2021-08-18,2538,3321016.0,37029746.0,11.2,11.6,10.85,11.5,0.15,1027.0
2021-08-19,2538,1785879.0,20112217.0,11.55,11.6,11.0,11.05,-0.45,613.0
2021-08-20,2538,1371251.0,15154376.0,11.3,11.3,10.95,11.1,0.05,443.0
2021-08-23,2538,1435433.0,16270619.0,11.2,11.5,11.15,11.4,0.3,414.0
2021-08-24,2538,1120764.0,12778678.0,11.4,11.6,11.25,11.3,-0.1,369.0
2021-08-25,2538,989535.0,11300974.0,11.35,11.55,11.35,11.55,0.25,338.0
2021-08-26,2538,2468659.0,29039543.0,11.5,11.9,11.5,11.8,0.25,821.0
2021-08-27,2538,4437561.0,53705890.0,11.95,12.3,11.9,12.1,0.3,1383.0
2021-08-30,2538,15649335.0,205979964.0,12.3,13.3,12.25,13.2,1.1,4415.0
2021-08-31,2538,9788183.0,123853194.0,13.0,13.05,12.3,12.7,-0.5,3340.0
2021-09-01,2538,3382784.0,42433803.0,12.6,12.85,12.35,12.5,-0.2,1268.0
2021-09-02,2538,3017172.0,37001756.0,12.5,12.55,12.15,12.2,-0.3,1120.0
2021-09-03,2538,3130525.0,38356269.0,12.3,12.45,12.0,12.45,0.25,950.0
2021-09-06,2538,4820300.0,61162344.0,12.5,13.25,12.25,12.35,-0.1,1588.0
2021-09-07,2538,1207921.0,14798350.0,12.35,12.35,12.15,12.35,0.0,453.0
2021-09-08,2538,3183581.0,38145240.0,12.35,12.35,11.8,11.8,-0.55,1065.0
2021-09-09,2538,1288259.0,15276517.0,11.75,12.0,11.7,12.0,0.2,472.0
2021-09-10,2538,1289872.0,15784125.0,12.05,12.35,12.05,12.2,0.2,430.0
2021-09-13,2538,3074305.0,38574556.0,12.3,12.75,12.2,12.65,0.45,975.0
2021-09-14,2538,2088915.0,26539588.0,12.65,13.0,12.45,12.6,-0.05,712.0
2021-09-15,2538,1187919.0,14742003.0,12.6,12.6,12.25,12.35,-0.25,446.0
2021-09-16,2538,1492535.0,18222396.0,12.35,12.5,12.1,12.2,-0.15,494.0
2021-09-17,2538,924673.0,11373096.0,12.1,12.5,12.1,12.5,0.3,356.0
2021-09-22,2538,1624446.0,19671311.0,12.0,12.3,11.9,12.05,-0.45,551.0
2021-09-23,2538,1169472.0,14281295.0,12.2,12.35,12.1,12.25,0.2,328.0
2021-09-24,2538,1419951.0,17621837.0,12.25,12.55,12.25,12.4,0.15,456.0
2021-09-27,2538,4100188.0,51904291.0,12.6,12.9,12.45,12.5,0.1,1340.0
2021-09-28,2538,1481151.0,18742530.0,12.5,12.8,12.4,12.75,0.25,583.0
2021-09-29,2538,7077331.0,91703680.0,12.5,13.2,12.5,13.1,0.35,2089.0
2021-09-30,2538,3043085.0,39185697.0,13.05,13.05,12.55,12.95,-0.15,1213.0
2021-10-01,2538,2684607.0,34546709.0,12.8,13.1,12.65,12.95,0.0,996.0
2021-10-04,2538,2069404.0,26523713.0,13.05,13.05,12.65,12.7,-0.25,651.0
2021-10-05,2538,3012841.0,37490735.0,12.7,12.7,12.0,12.55,-0.15,1038.0
2021-10-06,2538,2024220.0,24844395.0,12.6,12.6,12.1,12.1,-0.45,817.0
2021-10-07,2538,2625587.0,32179823.0,12.25,12.4,12.1,12.2,0.1,713.0
2021-10-08,2538,3147725.0,39126401.0,12.3,12.75,12.1,12.45,0.25,855.0
2021-10-12,2538,2027029.0,25151978.0,12.45,12.7,12.2,12.25,-0.2,567.0
2021-10-13,2538,1547178.0,19031153.0,12.5,12.5,12.2,12.4,0.15,440.0
2021-10-14,2538,7444635.0,93307251.0,12.5,12.9,12.15,12.15,-0.25,2006.0
2021-10-15,2538,5483881.0,65631491.0,12.4,12.4,11.7,11.95,-0.2,1577.0
2021-10-18,2538,15772517.0,190641658.0,12.0,13.05,11.3,11.4,-0.55,4213.0
2021-10-19,2538,3124221.0,36200114.0,11.4,11.85,11.35,11.75,0.35,1010.0
2021-10-20,2538,10688899.0,133642068.0,12.0,12.85,11.85,12.5,0.75,2878.0
2021-10-21,2538,17484364.0,230211345.0,12.85,13.5,12.6,13.5,1.0,4828.0
2021-10-22,2538,33278202.0,470512536.0,14.15,14.85,13.15,14.45,0.95,10882.0
2021-10-25,2538,13486687.0,185183477.0,14.3,14.35,13.4,13.6,-0.85,4346.0
2021-10-26,2538,9480152.0,125783607.0,13.4,13.75,12.95,13.1,-0.5,3142.0
2021-10-27,2538,4725027.0,62581751.0,13.2,13.5,13.0,13.35,0.25,1692.0
2021-10-28,2538,3306642.0,43698959.0,13.15,13.35,13.0,13.3,-0.05,1202.0
2021-10-29,2538,2201145.0,28889486.0,13.2,13.25,13.05,13.1,-0.2,741.0
2021-11-01,2538,8318071.0,104454379.0,12.8,13.0,12.35,12.55,-0.55,2480.0
2021-11-02,2538,5225659.0,67673496.0,12.55,13.25,12.5,13.15,0.6,1788.0
2021-11-03,2538,4508298.0,60083587.0,13.05,13.65,12.9,13.55,0.4,1618.0
2021-11-04,2538,4994929.0,67052652.0,13.5,13.75,13.2,13.25,-0.3,1701.0
2021-11-05,2538,9837470.0,127059185.0,13.25,13.35,12.75,12.8,-0.45,2538.0
2021-11-08,2538,3046751.0,39616974.0,12.8,13.2,12.8,13.05,0.25,997.0
2021-11-09,2538,1826241.0,23526156.0,13.05,13.05,12.8,12.9,-0.15,741.0
2021-11-10,2538,2599805.0,33979450.0,12.85,13.3,12.85,13.1,0.2,859.0
2021-11-11,2538,2074783.0,27313063.0,13.15,13.4,12.95,12.95,-0.15,823.0
2021-11-12,2538,1935907.0,25483723.0,12.95,13.3,12.95,13.2,0.25,605.0
2021-11-15,2538,1680044.0,22028965.0,13.2,13.25,13.0,13.15,-0.05,559.0
2021-11-16,2538,2080641.0,27752113.0,13.15,13.55,13.15,13.25,0.1,745.0
2021-11-17,2538,3294051.0,42965358.0,13.2,13.25,12.95,13.0,-0.25,903.0
2021-11-18,2538,1028281.0,13442635.0,13.15,13.15,13.0,13.1,0.1,431.0
2021-11-19,2538,1852196.0,24069927.0,13.15,13.15,12.9,13.0,-0.1,520.0
2021-11-22,2538,1506945.0,19706532.0,12.95,13.25,12.9,13.15,0.15,498.0
2021-11-23,2538,1450183.0,19160717.0,13.05,13.35,13.05,13.25,0.1,544.0
2021-11-24,2538,5770197.0,79215841.0,13.25,14.1,13.15,14.05,0.8,1922.0
2021-11-25,2538,11534197.0,165757151.0,13.8,14.8,13.65,14.65,0.6,3657.0
2021-11-26,2538,8437998.0,122145708.0,14.55,14.9,14.15,14.35,-0.3,2915.0
2021-11-29,2538,4698977.0,65942815.0,14.05,14.3,13.85,14.05,-0.3,1583.0
2021-11-30,2538,7083434.0,104656079.0,14.15,15.2,14.15,15.05,1.0,2436.0
2021-12-01,2538,11008298.0,166523343.0,15.1,15.8,14.7,14.85,-0.2,4140.0
2021-12-02,2538,6313733.0,90724177.0,14.9,14.95,14.1,14.25,-0.6,2292.0
2021-12-03,2538,3191627.0,44943570.0,14.2,14.3,13.9,14.0,-0.25,1340.0
2021-12-06,2538,3481029.0,47894112.0,13.95,13.95,13.6,13.8,-0.2,1192.0
2021-12-07,2538,1735581.0,23938122.0,13.8,14.0,13.7,13.8,0.0,678.0
2021-12-08,2538,1380724.0,19043849.0,13.9,13.9,13.7,13.8,0.0,579.0
2021-12-09,2538,6268853.0,84102855.0,13.8,13.8,13.25,13.25,-0.55,1922.0
2021-12-10,2538,2285937.0,30336648.0,13.15,13.45,13.15,13.25,0.0,772.0
2021-12-13,2538,1444622.0,19024054.0,13.25,13.35,13.1,13.15,-0.1,612.0
2021-12-14,2538,2448557.0,31925692.0,13.1,13.1,13.0,13.0,-0.15,784.0
2021-12-15,2538,3411525.0,43973813.0,12.95,13.15,12.75,12.85,-0.15,1061.0
2021-12-16,2538,3169354.0,40424768.0,13.0,13.05,12.6,12.75,-0.1,1154.0
2021-12-17,2538,4820638.0,60250262.0,12.65,12.7,12.3,12.55,-0.2,1380.0
2021-12-20,2538,1666880.0,21135982.0,12.55,12.85,12.55,12.55,0.0,696.0
2021-12-21,2538,2530697.0,31308750.0,12.6,12.6,12.3,12.4,-0.15,716.0
2021-12-22,2538,1172161.0,14503212.0,12.55,12.55,12.3,12.35,-0.05,478.0
2021-12-23,2538,917133.0,11318594.0,12.4,12.45,12.3,12.4,0.05,385.0
2021-12-24,2538,916725.0,11311926.0,12.4,12.4,12.3,12.35,-0.05,443.0
2021-12-27,2538,1866278.0,23180610.0,12.35,12.65,12.3,12.35,0.0,620.0
2021-12-28,2538,895663.0,11105734.0,12.4,12.5,12.35,12.45,0.1,379.0
2021-12-29,2538,1309473.0,16441108.0,12.45,12.65,12.4,12.65,0.2,466.0
2021-12-30,2538,1347802.0,17035481.0,12.65,12.75,12.55,12.6,-0.05,505.0
2022-01-03,2538,3445896.0,42163075.0,12.5,12.55,12.0,12.25,-0.35,1076.0
2022-01-04,2538,1853119.0,23060071.0,12.25,12.6,12.25,12.55,0.3,657.0
2022-01-05,2538,949862.0,11886561.0,12.45,12.6,12.4,12.55,0.0,403.0
2022-01-06,2538,627501.0,7801631.0,12.4,12.55,12.35,12.4,-0.15,230.0
2022-01-07,2538,1690653.0,20704548.0,12.4,12.45,12.15,12.2,-0.2,495.0
2022-01-10,2538,1449616.0,17674308.0,12.2,12.35,12.05,12.35,0.15,399.0
2022-01-11,2538,1075476.0,13198030.0,12.25,12.4,12.2,12.35,0.0,345.0
2022-01-12,2538,856596.0,10511451.0,12.35,12.35,12.2,12.3,-0.05,300.0
2022-01-13,2538,1440504.0,17777911.0,12.3,12.45,12.25,12.3,0.0,342.0
2022-01-14,2538,1089729.0,13329578.0,12.25,12.3,12.2,12.25,-0.05,385.0
2022-01-17,2538,838049.0,10269291.0,12.2,12.3,12.2,12.3,0.05,264.0
2022-01-18,2538,1251542.0,15311808.0,12.3,12.35,12.15,12.2,-0.1,368.0
2022-01-19,2538,1413082.0,17000128.0,12.1,12.15,11.95,12.05,-0.15,633.0
2022-01-20,2538,567191.0,6858547.0,12.15,12.2,12.0,12.2,0.15,238.0
2022-01-21,2538,1283478.0,15479997.0,12.1,12.35,11.9,11.9,-0.3,461.0
2022-01-24,2538,1165429.0,13800098.0,11.9,11.95,11.75,11.95,0.05,417.0
2022-01-25,2538,778327.0,9245901.0,12.05,12.05,11.8,11.8,-0.15,357.0
2022-01-26,2538,552724.0,6536534.0,11.85,11.9,11.75,11.85,0.05,292.0
2022-02-07,2538,961979.0,11677174.0,11.9,12.35,11.9,12.2,0.35,350.0
2022-02-08,2538,526091.0,6467324.0,12.2,12.35,12.2,12.35,0.15,238.0
2022-02-09,2538,618282.0,7618585.0,12.35,12.4,12.25,12.35,0.0,209.0
2022-02-10,2538,499689.0,6146358.0,12.3,12.35,12.25,12.35,0.0,201.0
2022-02-11,2538,730998.0,9068017.0,12.3,12.5,12.25,12.45,0.1,259.0
2022-02-14,2538,702012.0,8554981.0,12.35,12.35,12.1,12.15,-0.3,268.0
2022-02-15,2538,440522.0,5372797.0,12.1,12.3,12.1,12.15,0.0,136.0
2022-02-16,2538,493798.0,6015970.0,12.15,12.25,12.15,12.15,0.0,204.0
2022-02-17,2538,754082.0,9188321.0,12.15,12.25,12.05,12.2,0.05,231.0
2022-02-18,2538,601634.0,7379104.0,12.2,12.35,12.1,12.3,0.1,216.0
2022-02-21,2538,866043.0,10652320.0,12.35,12.4,12.2,12.4,0.1,336.0
2022-02-22,2538,723524.0,8891281.0,12.4,12.4,12.2,12.35,-0.05,271.0
2022-02-23,2538,1801835.0,22752922.0,12.35,12.75,12.35,12.7,0.35,1525.0
2022-02-24,2538,1583521.0,19618119.0,12.7,12.7,12.2,12.3,-0.4,753.0
2022-02-25,2538,590003.0,7271532.0,12.3,12.55,12.25,12.3,0.0,195.0
2022-03-01,2538,401808.0,4996450.0,12.25,12.5,12.25,12.45,0.15,171.0
2022-03-02,2538,315372.0,3917619.0,12.45,12.5,12.35,12.45,0.0,163.0
2022-03-03,2538,348241.0,4333051.0,12.45,12.5,12.35,12.45,0.0,169.0
2022-03-04,2538,374090.0,4628158.0,12.3,12.5,12.3,12.35,-0.1,151.0
2022-03-07,2538,1160538.0,14026930.0,12.3,12.3,12.0,12.1,-0.25,397.0
2022-03-08,2538,1177561.0,14132663.0,12.0,12.15,11.9,12.0,-0.1,354.0
2022-03-09,2538,519410.0,6281080.0,12.05,12.15,12.05,12.15,0.15,165.0
2022-03-10,2538,1209225.0,14791889.0,12.15,12.4,12.15,12.15,0.0,361.0
2022-03-11,2538,1071871.0,13017070.0,12.15,12.25,12.05,12.25,0.1,267.0
2022-03-14,2538,514075.0,6289672.0,12.25,12.3,12.15,12.3,0.05,201.0
2022-03-15,2538,950412.0,11562390.0,12.35,12.35,12.15,12.15,-0.15,219.0
2022-03-16,2538,1427120.0,17393696.0,12.2,12.35,12.1,12.2,0.05,295.0
2022-03-17,2538,12687215.0,166523791.0,12.7,13.4,12.6,13.25,1.05,3280.0
2022-03-18,2538,5439877.0,69498639.0,13.1,13.1,12.6,12.85,-0.4,2403.0
2022-03-21,2538,1514647.0,19425619.0,12.75,12.95,12.75,12.9,0.05,488.0
2022-03-22,2538,1555994.0,20182894.0,13.0,13.15,12.9,12.9,0.0,550.0
2022-03-23,2538,1093723.0,14024846.0,12.95,12.95,12.75,12.8,-0.1,396.0
2022-03-24,2538,1374317.0,17455971.0,12.75,12.75,12.65,12.7,-0.1,323.0
2022-03-25,2538,644669.0,8166630.0,12.75,12.75,12.6,12.65,-0.05,257.0
2022-03-28,2538,1469867.0,18374684.0,12.6,12.6,12.4,12.5,-0.15,629.0
2022-03-29,2538,583413.0,7270742.0,12.5,12.55,12.4,12.5,0.0,301.0
2022-03-30,2538,1471753.0,18481842.0,12.5,12.65,12.5,12.6,0.1,255.0
2022-03-31,2538,1644671.0,20993997.0,12.6,12.9,12.6,12.85,0.25,498.0
2022-04-01,2538,536455.0,6814432.0,12.75,12.75,12.65,12.75,-0.1,248.0
2022-04-06,2538,891327.0,11341960.0,12.65,12.85,12.65,12.85,0.1,414.0
2022-04-07,2538,1091515.0,14003325.0,12.85,12.95,12.75,12.8,-0.05,459.0
2022-04-08,2538,3226966.0,42259754.0,13.1,13.25,12.9,13.2,0.4,1338.0
2022-04-11,2538,4734818.0,63449071.0,13.3,13.75,13.05,13.15,-0.05,1878.0
2022-04-12,2538,1304695.0,16805424.0,12.9,13.0,12.8,12.85,-0.3,619.0
2022-04-13,2538,1415718.0,17999661.0,12.8,12.9,12.6,12.75,-0.1,577.0
2022-04-14,2538,691078.0,8800266.0,12.7,12.85,12.65,12.7,-0.05,328.0
2022-04-15,2538,530222.0,6734676.0,12.75,12.8,12.65,12.75,0.05,160.0
2022-04-18,2538,744712.0,9423207.0,12.7,12.7,12.6,12.65,-0.1,242.0
2022-04-19,2538,430207.0,5470754.0,12.65,12.85,12.65,12.8,0.15,156.0
2022-04-20,2538,266623.0,3402665.0,12.85,12.85,12.7,12.75,-0.05,265.0
2022-04-21,2538,2048805.0,26501076.0,12.85,13.1,12.75,12.9,0.15,662.0
2022-04-22,2538,1277695.0,16302883.0,12.9,12.95,12.65,12.85,-0.05,400.0
2022-04-25,2538,1261625.0,15905834.0,12.7,12.75,12.5,12.6,-0.25,382.0
2022-04-26,2538,380673.0,4810166.0,12.6,12.7,12.6,12.65,0.05,170.0
2022-04-27,2538,1607553.0,19989371.0,12.5,12.55,12.3,12.35,-0.3,499.0
2022-04-28,2538,527331.0,6489632.0,12.3,12.35,12.25,12.3,-0.05,225.0
2022-04-29,2538,870728.0,10741662.0,12.35,12.45,12.25,12.3,0.0,239.0
2022-05-03,2538,711172.0,8709812.0,12.3,12.35,12.2,12.25,-0.05,240.0
2022-05-04,2538,1001113.0,12226193.0,12.3,12.3,12.15,12.25,0.0,220.0
2022-05-05,2538,632490.0,7806721.0,12.2,12.45,12.2,12.35,0.1,168.0
2022-05-06,2538,1346437.0,16484245.0,12.25,12.35,12.2,12.3,-0.05,257.0
2022-05-09,2538,1370389.0,16648512.0,12.35,12.35,12.05,12.1,-0.2,334.0
2022-05-10,2538,1044279.0,12619490.0,12.1,12.2,11.95,12.2,0.1,296.0
2022-05-11,2538,771837.0,9383628.0,12.15,12.25,12.1,12.25,0.05,169.0
2022-05-12,2538,1181882.0,14479145.0,12.15,12.3,12.15,12.2,-0.05,333.0
2022-05-13,2538,946204.0,11704058.0,12.25,12.45,12.2,12.4,0.2,277.0
2022-05-16,2538,1965983.0,24992011.0,12.45,12.9,12.45,12.85,0.45,641.0
2022-05-17,2538,2273461.0,29597250.0,12.85,13.15,12.85,13.05,0.2,1251.0
2022-05-18,2538,1385144.0,17951194.0,13.05,13.05,12.85,13.0,-0.05,427.0
2022-05-19,2538,2164587.0,28039265.0,12.85,13.2,12.75,13.1,0.1,642.0
2022-05-20,2538,1202192.0,15743426.0,13.15,13.2,13.0,13.1,0.0,356.0
2022-05-23,2538,1025488.0,13418366.0,13.1,13.15,13.0,13.05,-0.05,275.0
2022-05-24,2538,3412187.0,45359972.0,13.05,13.4,13.05,13.25,0.2,941.0
2022-05-25,2538,1220594.0,16268241.0,13.3,13.4,13.25,13.3,0.05,436.0
2022-05-26,2538,968804.0,12890019.0,13.4,13.4,13.2,13.25,-0.05,365.0
2022-05-27,2538,784160.0,10428133.0,13.3,13.35,13.25,13.25,0.0,262.0
2022-05-30,2538,1295864.0,17342083.0,13.35,13.6,13.3,13.35,0.1,415.0
2022-05-31,2538,1202672.0,15850799.0,13.35,13.4,12.95,13.15,-0.2,406.0
2022-06-01,2538,920142.0,12286619.0,13.45,13.45,13.3,13.3,0.15,388.0
2022-06-02,2538,843327.0,11235695.0,13.35,13.4,13.25,13.3,0.0,239.0
2022-06-06,2538,903062.0,12063620.0,13.35,13.45,13.25,13.35,0.05,285.0
2022-06-07,2538,3239395.0,44166197.0,13.35,13.8,13.35,13.6,0.25,1102.0
2022-06-08,2538,1327740.0,18139391.0,13.7,13.8,13.55,13.65,0.05,497.0
2022-06-09,2538,909021.0,12351568.0,13.65,13.75,13.55,13.55,-0.1,255.0
2022-06-10,2538,887746.0,11934081.0,13.5,13.55,13.4,13.4,-0.15,361.0
2022-06-13,2538,1594612.0,20886574.0,13.2,13.3,12.9,13.0,-0.4,651.0
2022-06-14,2538,898861.0,11654811.0,12.85,13.1,12.85,13.05,0.05,315.0
2022-06-15,2538,845159.0,10981972.0,13.0,13.15,12.9,12.95,-0.1,279.0
2022-06-16,2538,1280058.0,16432250.0,13.1,13.1,12.75,12.75,-0.2,447.0
2022-06-17,2538,1077444.0,13645175.0,12.65,12.75,12.55,12.65,-0.1,254.0
2022-06-20,2538,991698.0,12366423.0,12.65,12.65,12.35,12.35,-0.3,295.0
2022-06-21,2538,738397.0,9280606.0,12.5,12.65,12.45,12.6,0.25,211.0
2022-06-22,2538,861538.0,10663287.0,12.65,12.65,12.25,12.25,-0.35,245.0
2022-06-23,2538,556615.0,6883895.0,12.4,12.5,12.25,12.35,0.1,212.0
2022-06-24,2538,394645.0,4930502.0,12.45,12.65,12.3,12.4,0.05,191.0
2022-06-27,2538,594381.0,7482560.0,12.5,12.65,12.5,12.55,0.15,171.0
2022-06-28,2538,494368.0,6156607.0,12.55,12.55,12.3,12.55,0.0,134.0
2022-06-29,2538,547558.0,6929472.0,12.55,12.75,12.45,12.65,0.1,192.0
2022-06-30,2538,778734.0,9845601.0,12.65,12.75,12.5,12.65,0.0,248.0
2022-07-01,2538,7801824.0,103051116.0,13.3,13.7,12.75,12.75,0.1,2126.0
2022-07-04,2538,3713209.0,48594201.0,13.05,13.25,12.85,13.1,0.35,933.0
2022-07-05,2538,1117505.0,14236682.0,12.75,12.8,12.65,12.75,0.0,411.0
2022-07-06,2538,965125.0,12088985.0,12.7,12.7,12.4,12.45,-0.3,342.0
2022-07-07,2538,672311.0,8396005.0,12.5,12.55,12.4,12.5,0.05,179.0
2022-07-08,2538,1299707.0,16251559.0,12.6,12.6,12.45,12.45,-0.05,249.0
2022-07-11,2538,501470.0,6269989.0,12.5,12.55,12.45,12.45,0.0,178.0
2022-07-12,2538,895466.0,11064106.0,12.45,12.5,12.25,12.3,-0.15,174.0
2022-07-13,2538,457099.0,5663021.0,12.45,12.45,12.35,12.35,0.05,131.0
2022-07-14,2538,569021.0,7034760.0,12.35,12.45,12.3,12.35,0.0,165.0
2022-07-15,2538,306220.0,3789881.0,12.35,12.45,12.3,12.4,0.05,218.0
2022-07-18,2538,837094.0,10456628.0,12.45,12.6,12.35,12.55,0.15,196.0
2022-07-19,2538,582131.0,7329050.0,12.5,12.65,12.5,12.65,0.1,139.0
2022-07-20,2538,621065.0,7857782.0,12.65,12.75,12.55,12.55,-0.1,237.0
2022-07-21,2538,514400.0,6483140.0,12.55,12.7,12.55,12.65,0.1,189.0
2022-07-22,2538,677491.0,8598608.0,12.65,12.8,12.6,12.65,0.0,264.0
2022-07-25,2538,1540848.0,19791910.0,12.65,13.0,12.65,12.95,0.3,446.0
2022-07-26,2538,706067.0,9014556.0,13.0,13.0,12.65,12.7,-0.25,230.0
2022-07-27,2538,447272.0,5717160.0,12.7,12.9,12.7,12.9,0.2,190.0
2022-07-28,2538,1293609.0,16757891.0,12.9,13.0,12.9,12.95,0.05,367.0
2022-07-29,2538,2254561.0,29757082.0,13.0,13.35,13.0,13.2,0.25,651.0
2022-08-01,2538,703621.0,9312065.0,13.35,13.35,13.15,13.2,0.0,267.0
2022-08-02,2538,1177146.0,15397372.0,13.15,13.15,13.05,13.15,-0.05,320.0
2022-08-03,2538,912262.0,11938517.0,13.1,13.2,13.05,13.05,-0.1,243.0
2022-08-04,2538,820221.0,10613770.0,13.0,13.1,12.85,12.95,-0.1,269.0
2022-08-05,2538,337525.0,4389713.0,13.05,13.1,12.95,12.95,0.0,188.0
2022-08-08,2538,1323318.0,17018430.0,13.05,13.05,12.8,12.9,-0.05,291.0
2022-08-09,2538,879883.0,11461545.0,12.95,13.1,12.9,13.05,0.15,261.0
2022-08-10,2538,602173.0,7862113.0,13.05,13.15,13.0,13.15,0.1,178.0
2022-08-11,2538,1789882.0,23732496.0,13.2,13.4,13.15,13.3,0.15,408.0
2022-08-12,2538,1379643.0,18439412.0,13.4,13.45,13.25,13.35,0.05,735.0
2022-08-15,2538,1228361.0,16528518.0,13.4,13.55,13.35,13.5,0.15,573.0
2022-08-16,2538,1192022.0,16246347.0,13.55,13.7,13.5,13.7,0.2,465.0
2022-08-17,2538,1024855.0,14005424.0,13.7,13.75,13.6,13.65,-0.05,340.0
2022-08-18,2538,1839609.0,25335149.0,13.65,13.85,13.65,13.8,0.15,478.0
2022-08-19,2538,1152167.0,15889193.0,13.85,13.85,13.75,13.85,0.05,297.0
2022-08-22,2538,2451138.0,34187629.0,13.75,14.1,13.7,14.1,0.25,644.0
2022-08-23,2538,5539674.0,79886079.0,14.1,14.7,14.05,14.15,0.05,1446.0
2022-08-24,2538,2092307.0,30062258.0,14.3,14.55,14.2,14.55,0.4,633.0
2022-08-25,2538,2822393.0,41127017.0,14.6,14.85,14.25,14.4,-0.15,901.0
2022-08-26,2538,2657198.0,37853617.0,14.45,14.45,14.1,14.15,-0.25,597.0
2022-08-29,2538,2575932.0,35977453.0,14.0,14.1,13.85,14.05,-0.1,585.0
2022-08-30,2538,1812837.0,26027213.0,14.05,14.5,14.05,14.4,0.35,446.0
2022-08-31,2538,1811302.0,26255652.0,14.4,14.65,14.35,14.5,0.1,433.0
2022-09-01,2538,1403684.0,20181245.0,14.45,14.5,14.3,14.3,-0.2,347.0
2022-09-02,2538,1691008.0,23854793.0,14.3,14.35,14.0,14.0,-0.3,481.0
2022-09-05,2538,591911.0,8325622.0,14.05,14.15,13.95,14.05,0.05,196.0
2022-09-06,2538,1153513.0,16141401.0,14.15,14.2,13.9,13.9,-0.15,269.0
2022-09-07,2538,773214.0,10822677.0,13.85,14.1,13.85,14.05,0.15,278.0
2022-09-08,2538,1535901.0,21878761.0,14.1,14.35,14.05,14.25,0.2,429.0
2022-09-12,2538,1007600.0,14541093.0,14.35,14.5,14.35,14.45,0.2,294.0
2022-09-13,2538,550380.0,7959644.0,14.55,14.55,14.4,14.4,-0.05,197.0
2022-09-14,2538,963368.0,13823317.0,14.35,14.5,14.25,14.5,0.1,258.0
2022-09-15,2538,964675.0,14011258.0,14.45,14.65,14.45,14.5,0.0,325.0
2022-09-16,2538,1351424.0,19506837.0,14.45,14.55,14.35,14.35,-0.15,356.0
2022-09-19,2538,802471.0,11501330.0,14.5,14.5,14.25,14.25,-0.1,314.0
2022-09-20,2538,1266220.0,17884448.0,14.35,14.35,14.0,14.1,-0.15,351.0
2022-09-21,2538,794419.0,11132722.0,14.1,14.2,13.95,14.0,-0.1,331.0
2022-09-22,2538,1225145.0,17018273.0,13.95,14.0,13.8,13.95,-0.05,360.0
2022-09-23,2538,382780.0,5337051.0,13.9,14.0,13.9,13.95,0.0,160.0
2022-09-26,2538,1867613.0,25712140.0,13.9,13.95,13.65,13.7,-0.25,465.0
2022-09-27,2538,553651.0,7581654.0,13.7,13.8,13.65,13.7,0.0,260.0
2022-09-28,2538,2039566.0,27726758.0,13.85,13.85,13.45,13.55,-0.15,397.0
2022-09-29,2538,700457.0,9537512.0,13.65,13.7,13.55,13.6,0.05,226.0
2022-09-30,2538,744434.0,10117247.0,13.55,13.65,13.55,13.65,0.05,256.0
2022-10-03,2538,574375.0,7828050.0,13.6,13.7,13.6,13.6,-0.05,198.0
2022-10-04,2538,12238307.0,154976039.0,13.1,13.1,12.35,12.7,-0.9,2787.0
2022-10-05,2538,2148216.0,27398337.0,12.75,12.85,12.7,12.75,0.05,781.0
2022-10-06,2538,2682825.0,33768320.0,12.75,12.8,12.45,12.55,-0.2,618.0
2022-10-07,2538,2226896.0,28490644.0,12.6,12.95,12.6,12.75,0.2,662.0
2022-10-11,2538,1568877.0,19778660.0,12.75,12.75,12.5,12.6,-0.15,501.0
2022-10-12,2538,849384.0,10669709.0,12.6,12.6,12.5,12.55,-0.05,320.0
2022-10-13,2538,2452719.0,30443667.0,12.6,12.6,12.25,12.3,-0.25,434.0
2022-10-14,2538,693227.0,8612668.0,12.35,12.5,12.35,12.45,0.15,211.0
2022-10-17,2538,1104711.0,13737077.0,12.45,12.5,12.35,12.45,0.0,243.0
2022-10-18,2538,708173.0,8852329.0,12.45,12.65,12.45,12.5,0.05,180.0
2022-10-19,2538,378062.0,4735672.0,12.5,12.6,12.45,12.5,0.0,124.0
2022-10-20,2538,3965646.0,46464836.0,12.5,12.5,11.3,11.4,-1.1,1215.0
2022-10-21,2538,2120346.0,23316837.0,11.4,11.4,10.85,10.9,-0.5,737.0
2022-10-24,2538,964938.0,10710751.0,10.8,11.35,10.8,11.25,0.35,362.0
2022-10-25,2538,966777.0,10683129.0,11.3,11.35,10.9,10.95,-0.3,302.0
2022-10-26,2538,792053.0,8626697.0,11.0,11.0,10.8,10.85,-0.1,297.0
2022-10-27,2538,670605.0,7377634.0,10.85,11.15,10.8,11.15,0.3,334.0
2022-10-28,2538,723670.0,7985660.0,11.2,11.25,10.9,10.95,-0.2,296.0
2022-10-31,2538,496835.0,5437711.0,11.1,11.1,10.9,10.9,-0.05,187.0
2022-11-01,2538,410183.0,4573132.0,11.0,11.25,10.95,11.25,0.35,152.0
2022-11-02,2538,499534.0,5551329.0,11.2,11.2,11.05,11.05,-0.2,262.0
2022-11-03,2538,340726.0,3774875.0,11.05,11.15,11.0,11.1,0.05,113.0
2022-11-04,2538,423412.0,4740218.0,11.1,11.35,11.1,11.35,0.25,157.0
2022-11-07,2538,359696.0,4090811.0,11.35,11.5,11.25,11.45,0.1,168.0
2022-11-08,2538,478107.0,5499143.0,11.5,11.6,11.4,11.6,0.15,189.0
2022-11-09,2538,523968.0,6130143.0,11.6,11.8,11.6,11.8,0.2,277.0
2022-11-10,2538,903049.0,10694868.0,11.8,12.0,11.7,11.9,0.1,318.0
2022-11-11,2538,827387.0,9843987.0,12.0,12.0,11.8,11.8,-0.1,261.0
2022-11-14,2538,784736.0,9474070.0,11.9,12.2,11.9,12.1,0.3,509.0
2022-11-15,2538,677199.0,8239808.0,12.1,12.35,12.0,12.2,0.1,436.0
2022-11-16,2538,939522.0,11300454.0,12.25,12.25,11.9,11.9,-0.3,294.0
2022-11-17,2538,293285.0,3545223.0,11.9,12.2,11.9,12.2,0.3,139.0
2022-11-18,2538,236014.0,2872680.0,12.2,12.25,12.1,12.1,-0.1,102.0
2022-11-21,2538,282544.0,3450048.0,12.25,12.25,12.15,12.25,0.15,148.0
2022-11-22,2538,472794.0,5803128.0,12.3,12.35,12.15,12.35,0.1,201.0
2022-11-23,2538,453957.0,5653153.0,12.35,12.55,12.3,12.5,0.15,196.0
2022-11-24,2538,370849.0,4632558.0,12.5,12.55,12.4,12.5,0.0,182.0
2022-11-25,2538,307420.0,3829561.0,12.5,12.5,12.4,12.4,-0.1,98.0
2022-11-28,2538,240551.0,2967476.0,12.35,12.4,12.25,12.4,0.0,122.0
2022-11-29,2538,194505.0,2401406.0,12.45,12.45,12.3,12.35,-0.05,121.0
2022-11-30,2538,219045.0,2710107.0,12.4,12.45,12.3,12.4,0.05,120.0
2022-12-01,2538,251166.0,3105036.0,12.45,12.45,12.3,12.3,-0.1,136.0
2022-12-02,2538,187515.0,2308380.0,12.3,12.35,12.25,12.35,0.05,100.0
2022-12-05,2538,318135.0,3914578.0,12.35,12.35,12.25,12.35,0.0,163.0
2022-12-06,2538,448854.0,5474993.0,12.25,12.3,12.1,12.2,-0.15,224.0
2022-12-07,2538,474388.0,5743509.0,12.15,12.2,12.0,12.1,-0.1,224.0
2022-12-08,2538,136175.0,1645205.0,12.05,12.15,12.05,12.1,0.0,120.0
2022-12-09,2538,141476.0,1707729.0,12.1,12.1,12.05,12.1,0.0,99.0
2022-12-12,2538,143114.0,1729997.0,12.1,12.1,12.05,12.1,0.0,89.0
2022-12-13,2538,516311.0,6212627.0,12.1,12.15,11.95,12.1,0.0,355.0
2022-12-14,2538,421412.0,5086634.0,12.15,12.2,12.0,12.1,0.0,224.0
2022-12-15,2538,144019.0,1741730.0,12.1,12.15,12.05,12.1,0.0,93.0
2022-12-16,2538,256089.0,3084558.0,12.05,12.1,11.95,12.0,-0.1,126.0
2022-12-19,2538,165013.0,1994257.0,11.95,12.15,11.95,12.1,0.1,93.0
2022-12-20,2538,499434.0,5984571.0,12.1,12.1,11.9,11.9,-0.2,212.0
2022-12-21,2538,244764.0,2919739.0,12.05,12.05,11.9,11.9,0.0,102.0
2022-12-22,2538,302904.0,3613388.0,11.95,12.0,11.85,11.95,0.05,142.0
2022-12-23,2538,173848.0,2071200.0,12.0,12.0,11.85,11.95,0.0,129.0
2022-12-26,2538,400322.0,4768076.0,11.95,12.0,11.85,11.9,-0.05,168.0
2022-12-27,2538,513216.0,6167254.0,11.9,12.2,11.85,12.2,0.3,198.0
2022-12-28,2538,980476.0,12175123.0,12.2,12.65,12.1,12.5,0.3,398.0
2022-12-29,2538,1254161.0,15886322.0,12.5,12.8,12.5,12.65,0.15,480.0
2022-12-30,2538,651514.0,8230883.0,12.75,12.75,12.55,12.65,0.0,201.0
2023-01-03,2538,501919.0,6369427.0,12.55,12.85,12.5,12.8,0.15,301.0
2023-01-04,2538,1299098.0,17015034.0,12.9,13.25,12.85,13.2,0.4,595.0
2023-01-05,2538,735614.0,9666941.0,13.25,13.3,12.95,13.05,-0.15,322.0
2023-01-06,2538,459589.0,5978812.0,13.0,13.1,12.95,13.05,0.0,181.0
2023-01-09,2538,541515.0,7074082.0,13.1,13.15,13.0,13.1,0.05,167.0
2023-01-10,2538,1234244.0,15726087.0,12.95,12.95,12.65,12.75,-0.35,488.0
2023-01-11,2538,545704.0,6863978.0,12.75,12.75,12.45,12.65,-0.1,251.0
2023-01-12,2538,237258.0,2978559.0,12.55,12.6,12.5,12.55,-0.1,120.0
2023-01-13,2538,98306.0,1239291.0,12.7,12.7,12.55,12.65,0.1,74.0
2023-01-16,2538,178438.0,2246533.0,12.7,12.7,12.55,12.65,0.0,149.0
2023-01-17,2538,277768.0,3501235.0,12.65,12.7,12.55,12.65,0.0,141.0
2023-01-30,2538,685407.0,8716397.0,12.75,12.8,12.65,12.7,0.05,208.0
2023-01-31,2538,188418.0,2404078.0,12.75,12.8,12.7,12.75,0.05,93.0
2023-02-01,2538,995894.0,12875626.0,12.75,13.05,12.75,13.0,0.25,270.0
2023-02-02,2538,210135.0,2734906.0,13.05,13.05,12.9,13.05,0.05,124.0
2023-02-03,2538,424269.0,5512258.0,13.0,13.05,12.95,13.05,0.0,174.0
2023-02-06,2538,462812.0,6006103.0,13.05,13.05,12.95,13.05,0.0,204.0
2023-02-07,2538,647106.0,8459981.0,13.05,13.2,13.0,13.15,0.1,195.0
2023-02-08,2538,330589.0,4337619.0,13.1,13.2,13.05,13.2,0.05,174.0
2023-02-09,2538,690986.0,9221770.0,13.1,13.5,13.1,13.4,0.2,309.0
2023-02-10,2538,324643.0,4302059.0,13.3,13.3,13.15,13.3,-0.1,177.0
2023-02-13,2538,1528855.0,19669778.0,13.15,13.15,12.75,12.85,-0.45,540.0
2023-02-14,2538,452561.0,5818064.0,12.85,12.95,12.8,12.9,0.05,212.0
2023-02-15,2538,496840.0,6387069.0,12.85,12.95,12.8,12.95,0.05,216.0
2023-02-16,2538,244686.0,3159242.0,13.0,13.0,12.85,12.95,0.0,172.0
2023-02-17,2538,383188.0,4947979.0,12.95,13.0,12.85,12.95,0.0,176.0
2023-02-20,2538,499224.0,6483104.0,12.95,13.05,12.95,13.0,0.05,266.0
2023-02-21,2538,326783.0,4258418.0,13.0,13.1,12.95,13.05,0.05,168.0
2023-02-22,2538,458866.0,5962360.0,13.0,13.05,12.95,13.05,0.0,226.0
2023-02-23,2538,459406.0,6003884.0,13.05,13.1,13.0,13.1,0.05,227.0
2023-02-24,2538,524528.0,6872222.0,13.1,13.15,13.05,13.15,0.05,253.0
2023-03-01,2538,1787829.0,23598834.0,13.15,13.4,13.05,13.3,0.15,486.0
2023-03-02,2538,526237.0,6994849.0,13.3,13.35,13.25,13.25,-0.05,186.0
2023-03-03,2538,536948.0,7090454.0,13.25,13.3,13.15,13.15,-0.1,243.0
2023-03-06,2538,535240.0,7071353.0,13.15,13.3,13.15,13.25,0.1,214.0
2023-03-07,2538,776874.0,10321661.0,13.25,13.35,13.25,13.35,0.1,278.0
2023-03-08,2538,660398.0,8863382.0,13.35,13.5,13.3,13.5,0.15,259.0
2023-03-09,2538,597031.0,8018689.0,13.55,13.55,13.35,13.4,-0.1,279.0
2023-03-10,2538,628692.0,8333475.0,13.45,13.45,13.15,13.3,-0.1,454.0
2023-03-13,2538,781108.0,10267217.0,13.3,13.3,13.05,13.1,-0.2,445.0
2023-03-14,2538,654379.0,8533241.0,13.1,13.2,13.0,13.0,-0.1,352.0
2023-03-15,2538,368213.0,4809487.0,13.1,13.1,13.0,13.05,0.05,177.0
2023-03-16,2538,2799446.0,34449047.0,12.7,12.75,12.15,12.2,-0.85,881.0
2023-03-17,2538,709613.0,8877354.0,12.35,12.7,12.3,12.6,0.4,289.0
2023-03-20,2538,864375.0,10850588.0,12.6,12.7,12.4,12.5,-0.1,329.0
2023-03-21,2538,150134.0,1883862.0,12.5,12.65,12.45,12.55,0.05,91.0
2023-03-22,2538,345301.0,4351255.0,12.6,12.7,12.55,12.65,0.1,159.0
2023-03-23,2538,208113.0,2632727.0,12.65,12.7,12.65,12.65,0.0,77.0
2023-03-24,2538,222923.0,2798754.0,12.65,12.65,12.5,12.55,-0.1,118.0
2023-03-27,2538,231257.0,2908810.0,12.7,12.7,12.5,12.6,0.05,158.0
2023-03-28,2538,353049.0,4450247.0,12.6,12.7,12.5,12.6,0.0,134.0
2023-03-29,2538,187651.0,2363633.0,12.5,12.65,12.5,12.6,0.0,94.0
2023-03-30,2538,243514.0,3065484.0,12.65,12.65,12.55,12.55,-0.05,133.0
2023-03-31,2538,1000134.0,12634686.0,12.65,12.7,12.55,12.65,0.1,187.0
2023-04-06,2538,560457.0,7184805.0,12.7,12.9,12.7,12.85,0.2,307.0
2023-04-07,2538,199290.0,2555347.0,12.9,12.9,12.8,12.8,-0.05,126.0
2023-04-10,2538,1211204.0,15723171.0,12.9,13.15,12.9,13.1,0.3,405.0
2023-04-11,2538,487898.0,6426516.0,13.15,13.2,13.1,13.15,0.05,230.0
2023-04-12,2538,631009.0,8287274.0,13.15,13.2,13.0,13.15,0.0,312.0
2023-04-13,2538,653308.0,8507610.0,13.1,13.15,13.0,13.0,-0.15,257.0
2023-04-14,2538,485868.0,6365340.0,13.2,13.2,13.0,13.05,0.05,218.0
2023-04-17,2538,470146.0,6163452.0,13.15,13.15,13.05,13.1,0.05,184.0
2023-04-18,2538,950375.0,12663710.0,13.1,13.5,13.1,13.35,0.25,329.0
2023-04-19,2538,396270.0,5272144.0,13.4,13.45,13.2,13.25,-0.1,194.0
2023-04-20,2538,707027.0,9322509.0,13.2,13.35,13.1,13.2,-0.05,206.0
2023-04-21,2538,345173.0,4550375.0,13.25,13.35,13.1,13.2,0.0,159.0
2023-04-24,2538,521545.0,6920702.0,13.25,13.35,13.2,13.3,0.1,182.0
2023-04-25,2538,531478.0,7007206.0,13.35,13.35,13.05,13.05,-0.25,193.0
2023-04-26,2538,404979.0,5308813.0,13.0,13.2,13.0,13.15,0.1,180.0
2023-04-27,2538,431203.0,5689880.0,13.1,13.3,13.1,13.2,0.05,173.0
2023-04-28,2538,1201106.0,16101099.0,13.3,13.5,13.3,13.45,0.25,373.0
2023-05-02,2538,1037334.0,14046073.0,13.5,13.6,13.5,13.5,0.05,328.0
2023-05-03,2538,336716.0,4547699.0,13.55,13.6,13.45,13.5,0.0,128.0
2023-05-04,2538,3145953.0,40451086.0,13.0,13.1,12.7,12.85,-0.65,971.0
2023-05-05,2538,1431276.0,18293780.0,12.95,12.95,12.7,12.75,-0.1,360.0
2023-05-08,2538,409689.0,5245506.0,12.9,12.9,12.75,12.85,0.1,167.0
2023-05-09,2538,314163.0,4028267.0,12.8,12.9,12.75,12.8,-0.05,91.0
2023-05-10,2538,446211.0,5673758.0,12.8,12.8,12.65,12.7,-0.1,183.0
2023-05-11,2538,611434.0,7803173.0,12.85,12.85,12.7,12.7,0.0,190.0
2023-05-12,2538,1263698.0,16180400.0,12.8,12.85,12.75,12.75,0.05,214.0
2023-05-15,2538,972340.0,12452574.0,12.75,12.85,12.75,12.75,0.0,170.0
2023-05-16,2538,3224146.0,42235342.0,12.85,13.3,12.8,13.0,0.25,988.0
2023-05-17,2538,894894.0,11671269.0,13.05,13.1,12.95,13.0,0.0,399.0
2023-05-18,2538,664534.0,8572652.0,13.0,13.0,12.85,12.85,-0.15,314.0
2023-05-19,2538,587476.0,7548801.0,12.9,12.9,12.8,12.85,0.0,225.0
2023-05-22,2538,508184.0,6557034.0,12.85,12.95,12.85,12.9,0.05,133.0
2023-05-23,2538,686201.0,8869134.0,12.9,13.0,12.85,12.9,0.0,133.0
2023-05-24,2538,502358.0,6516985.0,12.9,13.05,12.9,13.0,0.1,168.0
2023-05-25,2538,571460.0,7411040.0,13.0,13.05,12.95,12.95,-0.05,150.0
2023-05-26,2538,918044.0,11907068.0,13.05,13.1,12.9,12.9,-0.05,188.0
2023-05-29,2538,623617.0,8093672.0,12.95,13.0,12.9,13.0,0.1,177.0
2023-05-30,2538,661313.0,8579429.0,13.0,13.05,12.9,12.9,-0.1,175.0
2023-05-31,2538,275818.0,3569762.0,12.9,13.0,12.85,13.0,0.1,108.0
2023-06-01,2538,726080.0,9440292.0,12.95,13.05,12.95,13.0,0.0,169.0
2023-06-02,2538,996805.0,12979078.0,13.0,13.1,12.95,13.0,0.0,266.0
2023-06-05,2538,822508.0,10775460.0,13.0,13.2,13.0,13.05,0.05,227.0
2023-06-06,2538,394155.0,5171139.0,13.1,13.15,13.05,13.15,0.1,150.0
2023-06-07,2538,756403.0,9959138.0,13.15,13.3,13.05,13.1,-0.05,211.0
2023-06-08,2538,235142.0,3081498.0,13.15,13.15,13.05,13.1,0.0,113.0
2023-06-09,2538,348933.0,4598175.0,13.25,13.25,13.1,13.15,0.05,165.0
2023-06-12,2538,612586.0,7956907.0,13.1,13.1,12.9,12.95,-0.2,183.0
2023-06-13,2538,449830.0,5817675.0,13.0,13.0,12.9,12.9,-0.05,160.0
2023-06-14,2538,794743.0,10277882.0,13.0,13.0,12.85,12.9,0.0,164.0
2023-06-15,2538,267435.0,3460275.0,12.9,12.95,12.9,12.95,0.05,107.0
2023-06-16,2538,410109.0,5320703.0,12.95,13.05,12.9,13.0,0.05,140.0
2023-06-19,2538,301934.0,3921884.0,13.05,13.05,12.95,12.95,-0.05,96.0
2023-06-20,2538,547651.0,7070895.0,12.95,12.95,12.85,12.9,-0.05,127.0
2023-06-21,2538,372110.0,4824028.0,12.9,13.0,12.85,13.0,0.1,159.0
2023-06-26,2538,286233.0,3709373.0,13.0,13.0,12.9,13.0,0.0,99.0
2023-06-27,2538,447571.0,5788579.0,13.0,13.0,12.9,12.9,-0.1,122.0
2023-06-28,2538,346143.0,4464428.0,12.9,12.95,12.85,12.9,0.0,95.0
2023-06-29,2538,399242.0,5174179.0,12.9,13.0,12.9,12.9,0.0,82.0
2023-06-30,2538,583666.0,7566292.0,12.9,13.0,12.9,12.95,0.05,154.0
2023-07-03,2538,1263063.0,16316113.0,12.95,12.95,12.85,12.9,-0.05,312.0
2023-07-04,2538,610467.0,7677391.0,12.5,12.65,12.45,12.55,0.0,275.0
2023-07-05,2538,696295.0,8750256.0,12.55,12.65,12.5,12.55,0.0,326.0
2023-07-06,2538,1188840.0,14745668.0,12.55,12.55,12.35,12.35,-0.2,362.0
2023-07-07,2538,627061.0,7723505.0,12.35,12.35,12.3,12.3,-0.05,209.0
2023-07-10,2538,516528.0,6335426.0,12.3,12.4,12.2,12.2,-0.1,186.0
2023-07-11,2538,530709.0,6484980.0,12.25,12.3,12.2,12.2,0.0,184.0
2023-07-12,2538,653218.0,7941464.0,12.2,12.2,12.1,12.15,-0.05,198.0
2023-07-13,2538,769214.0,9286679.0,12.2,12.2,12.0,12.0,-0.15,221.0
2023-07-14,2538,479658.0,5772238.0,12.05,12.1,12.0,12.05,0.05,181.0
2023-07-17,2538,389119.0,4682357.0,12.15,12.15,12.0,12.0,-0.05,138.0
2023-07-18,2538,504300.0,6044060.0,12.0,12.05,11.95,12.0,0.0,210.0
2023-07-19,2538,501743.0,6000401.0,12.0,12.0,11.9,11.9,-0.1,173.0
2023-07-20,2538,410827.0,4918524.0,11.95,12.05,11.9,12.0,0.1,160.0
2023-07-21,2538,397410.0,4843811.0,12.1,12.25,12.05,12.2,0.2,202.0
2023-07-24,2538,383174.0,4620232.0,12.2,12.2,12.0,12.0,-0.2,164.0
2023-07-25,2538,257605.0,3107312.0,12.1,12.1,12.0,12.05,0.05,110.0
2023-07-26,2538,226608.0,2740040.0,12.05,12.15,12.05,12.05,0.0,99.0
2023-07-27,2538,338296.0,4110971.0,12.1,12.2,12.1,12.15,0.1,106.0
2023-07-28,2538,201283.0,2450894.0,12.25,12.25,12.1,12.15,0.0,105.0
2023-07-31,2538,365281.0,4449154.0,12.2,12.2,12.15,12.2,0.05,115.0
2023-08-01,2538,674851.0,8281493.0,12.2,12.4,12.2,12.3,0.1,149.0
2023-08-02,2538,448190.0,5508171.0,12.3,12.35,12.25,12.25,-0.05,150.0
2023-08-04,2538,396218.0,4876302.0,12.25,12.35,12.25,12.3,0.05,111.0
2023-08-07,2538,664632.0,8299989.0,12.35,12.65,12.35,12.4,0.1,233.0
2023-08-08,2538,300034.0,3724551.0,12.45,12.5,12.35,12.4,0.0,164.0
2023-08-09,2538,190530.0,2371822.0,12.4,12.5,12.4,12.4,0.0,96.0
2023-08-10,2538,334992.0,4155953.0,12.45,12.45,12.4,12.4,0.0,111.0
2023-08-11,2538,3831542.0,49380968.0,12.55,13.15,12.55,13.1,0.7,1101.0
2023-08-14,2538,5834664.0,78960412.0,13.45,13.9,13.3,13.5,0.4,1814.0
2023-08-15,2538,2968805.0,40565274.0,13.5,13.85,13.5,13.75,0.25,1008.0
2023-08-16,2538,1577019.0,21617793.0,13.7,13.85,13.6,13.7,-0.05,496.0
2023-08-17,2538,2275403.0,31557799.0,13.7,14.0,13.65,13.95,0.25,669.0
2023-08-18,2538,2598739.0,36783866.0,13.95,14.3,13.95,14.1,0.15,875.0
2023-08-21,2538,4280927.0,62775539.0,14.1,14.95,14.1,14.75,0.65,1510.0
2023-08-22,2538,2257747.0,33389973.0,14.75,14.9,14.6,14.85,0.1,743.0
2023-08-23,2538,5586627.0,86600514.0,14.85,15.8,14.85,15.65,0.8,1950.0
2023-08-24,2538,7331341.0,109240919.0,15.7,15.85,14.45,14.45,-1.2,2365.0
2023-08-25,2538,2867367.0,42820314.0,14.5,15.15,14.5,15.0,0.55,1112.0
2023-08-28,2538,1245192.0,18860153.0,15.2,15.35,15.05,15.1,0.1,520.0
2023-08-29,2538,1413681.0,21069994.0,15.1,15.15,14.7,14.9,-0.2,497.0
2023-08-30,2538,2668682.0,38868751.0,15.0,15.0,14.35,14.4,-0.5,868.0
2023-08-31,2538,1167263.0,16722169.0,14.5,14.55,14.2,14.35,-0.05,460.0
2023-09-01,2538,1114743.0,16201013.0,14.35,14.7,14.3,14.65,0.3,379.0
2023-09-04,2538,688125.0,10036183.0,14.65,14.7,14.45,14.65,0.0,231.0
2023-09-05,2538,1198388.0,17383295.0,14.6,14.6,14.35,14.5,-0.15,359.0
2023-09-06,2538,2286680.0,33963859.0,14.55,15.15,14.45,15.05,0.55,657.0
2023-09-07,2538,1486952.0,22005283.0,15.05,15.05,14.65,14.8,-0.25,491.0
2023-09-08,2538,2910404.0,38853773.0,13.35,13.35,13.35,13.35,-1.45,1034.0
2023-09-11,2538,4555290.0,54891116.0,12.05,12.05,12.05,12.05,-1.3,1692.0
2023-09-12,2538,44856013.0,560197331.0,12.2,12.85,12.1,12.6,0.55,13954.0
2023-09-13,2538,13629673.0,170599451.0,12.6,12.85,12.2,12.85,0.25,4663.0
2023-09-14,2538,7327787.0,93601161.0,12.75,13.0,12.55,12.8,-0.05,2722.0
2023-09-15,2538,5951160.0,76295704.0,12.8,12.9,12.75,12.85,0.05,1847.0
2023-09-18,2538,6161312.0,79822988.0,12.9,13.15,12.85,12.9,0.05,1984.0
2023-09-19,2538,5580608.0,73242366.0,12.9,13.45,12.85,13.25,0.35,1744.0
2023-09-20,2538,5402200.0,72114193.0,13.3,13.55,13.2,13.35,0.1,1834.0
2023-09-21,2538,4118597.0,54795062.0,13.25,13.45,13.15,13.3,-0.05,1340.0
2023-09-22,2538,4657327.0,60469231.0,13.3,13.35,12.8,12.85,-0.45,1641.0
2023-09-25,2538,3630097.0,47596522.0,12.85,13.25,12.85,13.15,0.3,993.0
2023-09-26,2538,16088618.0,224777755.0,13.55,14.4,13.35,13.9,0.75,4963.0
2023-09-27,2538,12132195.0,171087246.0,13.85,14.55,13.65,14.4,0.5,3764.0
2023-09-28,2538,5588288.0,79688391.0,14.3,14.55,14.1,14.3,-0.1,1884.0
2023-10-02,2538,4257730.0,61507643.0,14.35,14.6,14.3,14.5,0.2,1425.0
2023-10-03,2538,17393852.0,268610197.0,14.45,15.95,14.45,15.95,1.45,5114.0
2023-10-04,2538,21399349.0,333070520.0,15.6,16.4,14.85,15.7,-0.25,7126.0
2023-10-05,2538,66393449.0,1108889923.0,17.25,17.25,15.65,16.0,0.3,13840.0
2023-10-06,2538,17160076.0,267936991.0,15.95,16.2,15.25,15.4,-0.6,5026.0
2023-10-11,2538,10047912.0,152057937.0,15.3,15.4,14.9,15.15,-0.25,2677.0
2023-10-12,2538,10339122.0,150996761.0,15.0,15.1,14.35,14.5,-0.65,2797.0
2023-10-13,2538,7071358.0,102158628.0,14.45,14.85,14.2,14.25,-0.25,1988.0
2023-10-16,2538,3165676.0,45442918.0,14.25,14.5,14.25,14.35,0.1,1019.0
2023-10-17,2538,2562932.0,36689214.0,14.4,14.5,14.2,14.4,0.05,834.0
2023-10-18,2538,2549136.0,36844385.0,14.3,14.6,14.3,14.6,0.2,794.0
2023-10-19,2538,1463530.0,21135413.0,14.45,14.5,14.35,14.5,-0.1,648.0
2023-10-20,2538,2062531.0,30063874.0,14.55,14.8,14.3,14.8,0.3,746.0
2023-10-23,2538,1542341.0,22513530.0,14.55,14.75,14.5,14.55,-0.25,775.0
2023-10-24,2538,1872851.0,27634075.0,14.55,14.85,14.55,14.8,0.25,668.0
2023-10-25,2538,1243844.0,18461607.0,14.8,14.95,14.7,14.85,0.05,552.0
2023-10-26,2538,1852471.0,27686408.0,14.7,15.15,14.7,14.85,0.0,786.0
2023-10-27,2538,2990043.0,45468638.0,15.05,15.4,15.0,15.15,0.3,1054.0
2023-10-30,2538,1634668.0,25061285.0,15.1,15.45,15.1,15.4,0.25,711.0
2023-10-31,2538,3920682.0,59329684.0,15.4,15.6,14.9,15.05,-0.35,1199.0
2023-11-01,2538,1526685.0,23303033.0,15.1,15.4,15.1,15.35,0.3,663.0
2023-11-02,2538,2009465.0,30783612.0,15.3,15.45,15.2,15.4,0.05,814.0
2023-11-03,2538,2368030.0,35891473.0,15.45,15.45,15.0,15.2,-0.2,1189.0
2023-11-06,2538,1520226.0,22944483.0,15.2,15.3,15.05,15.1,-0.1,542.0
2023-11-07,2538,869555.0,13205536.0,15.1,15.3,15.05,15.3,0.2,341.0
2023-11-08,2538,908281.0,13736482.0,15.3,15.3,15.05,15.15,-0.15,343.0
2023-11-09,2538,1169876.0,17793450.0,15.15,15.35,15.05,15.35,0.2,466.0
2023-11-10,2538,5185079.0,76962205.0,15.25,15.25,14.65,14.75,-0.6,1370.0
2023-11-13,2538,2617188.0,38208297.0,14.75,14.8,14.5,14.7,-0.05,699.0
2023-11-14,2538,2386762.0,35843533.0,14.75,15.25,14.75,15.0,0.3,743.0
2023-11-15,2538,1634434.0,24683783.0,15.05,15.25,14.95,15.25,0.25,587.0
2023-11-16,2538,1192093.0,18094122.0,15.25,15.35,15.05,15.3,0.05,436.0
2023-11-17,2538,1318558.0,20084967.0,15.25,15.4,15.1,15.3,0.0,427.0
2023-11-20,2538,1755063.0,26803095.0,15.3,15.45,15.1,15.35,0.05,627.0
2023-11-21,2538,1932259.0,29709743.0,15.3,15.5,15.2,15.4,0.05,628.0
2023-11-22,2538,1882584.0,29091892.0,15.3,15.55,15.25,15.55,0.15,610.0
2023-11-23,2538,2072842.0,32188301.0,15.55,15.7,15.4,15.6,0.05,824.0
2023-11-24,2538,2670735.0,41784324.0,15.65,15.9,15.45,15.7,0.1,1193.0
2023-11-27,2538,3957420.0,62996515.0,15.75,16.1,15.6,16.05,0.35,1670.0
2023-11-28,2538,3965631.0,64398454.0,16.05,16.45,16.0,16.45,0.4,1493.0
2023-11-29,2538,4104866.0,67781418.0,16.45,16.7,16.3,16.7,0.25,1678.0
2023-11-30,2538,2560272.0,42658644.0,16.7,16.75,16.55,16.75,0.05,1266.0
2023-12-01,2538,1875361.0,31325690.0,16.75,16.8,16.6,16.8,0.05,869.0
2023-12-04,2538,6635072.0,108823089.0,16.75,16.8,16.0,16.35,-0.45,2192.0
2023-12-05,2538,2036929.0,32979209.0,16.25,16.4,16.05,16.4,0.05,872.0
2023-12-06,2538,3047262.0,49993336.0,16.3,16.55,16.3,16.4,0.0,1299.0
2023-12-07,2538,1105211.0,18082348.0,16.5,16.5,16.3,16.45,0.05,446.0
2023-12-08,2538,2203803.0,35701564.0,16.35,16.35,16.05,16.3,-0.15,832.0
2023-12-11,2538,4616878.0,74309472.0,16.15,16.35,15.8,16.1,-0.2,1132.0
2023-12-12,2538,3111698.0,48833522.0,16.1,16.1,15.6,15.6,-0.5,1255.0
2023-12-13,2538,1413861.0,22047712.0,15.6,15.85,15.45,15.8,0.2,614.0
2023-12-14,2538,1113092.0,17572596.0,15.75,15.9,15.65,15.85,0.05,583.0
2023-12-15,2538,1809101.0,28764477.0,15.85,16.05,15.7,16.0,0.15,844.0
2023-12-18,2538,1377629.0,22170371.0,16.0,16.25,15.95,16.1,0.1,565.0
2023-12-19,2538,2404813.0,37984017.0,16.2,16.2,15.65,15.8,-0.3,1017.0
2023-12-20,2538,551839.0,8730840.0,15.75,15.95,15.75,15.75,-0.05,248.0
2023-12-21,2538,1351617.0,21066645.0,15.75,15.75,15.5,15.55,-0.2,497.0
2023-12-22,2538,1031546.0,16045078.0,15.6,15.7,15.45,15.65,0.1,401.0
2023-12-25,2538,1170484.0,18125661.0,15.55,15.65,15.4,15.5,-0.15,366.0
2023-12-26,2538,783816.0,12185542.0,15.5,15.7,15.45,15.6,0.1,333.0
2023-12-27,2538,1074590.0,16834711.0,15.6,15.8,15.5,15.75,0.15,467.0
2023-12-28,2538,665321.0,10408462.0,15.8,15.8,15.6,15.6,-0.15,336.0
2023-12-29,2538,559262.0,8724902.0,15.6,15.7,15.5,15.7,0.1,300.0
2024-01-02,2538,717717.0,11270889.0,15.7,15.8,15.55,15.8,0.1,339.0
2024-01-03,2538,1141842.0,18109536.0,15.8,15.95,15.75,15.9,0.1,500.0
2024-01-04,2538,852504.0,13513444.0,15.9,15.95,15.75,15.9,0.0,344.0
2024-01-05,2538,978163.0,15746100.0,15.9,16.2,15.85,16.2,0.3,484.0
2024-01-08,2538,1735028.0,28487266.0,16.2,16.6,16.2,16.3,0.1,631.0
2024-01-09,2538,1529412.0,24936762.0,16.35,16.4,16.15,16.3,0.0,475.0
2024-01-10,2538,1270986.0,20341399.0,16.3,16.3,15.9,15.9,-0.4,432.0
2024-01-11,2538,707015.0,11327299.0,16.1,16.1,15.95,16.1,0.2,325.0
2024-01-12,2538,670776.0,10670660.0,16.0,16.05,15.8,15.85,-0.25,328.0
2024-01-15,2538,433545.0,6872315.0,15.85,16.0,15.75,15.85,0.0,248.0
2024-01-16,2538,885338.0,13904809.0,15.85,15.85,15.6,15.65,-0.2,316.0
2024-01-17,2538,1515735.0,23438442.0,15.6,15.7,15.35,15.5,-0.15,463.0
2024-01-18,2538,458826.0,7123906.0,15.5,15.6,15.45,15.6,0.1,215.0
2024-01-19,2538,448653.0,6971388.0,15.5,15.65,15.4,15.6,0.0,281.0
2024-01-22,2538,367734.0,5717124.0,15.6,15.6,15.5,15.55,-0.05,165.0
2024-01-23,2538,294780.0,4570064.0,15.6,15.6,15.45,15.45,-0.1,141.0
2024-01-24,2538,238522.0,3699007.0,15.5,15.6,15.45,15.45,0.0,163.0
2024-01-25,2538,327376.0,5068869.0,15.5,15.55,15.45,15.45,0.0,134.0
2024-01-26,2538,466629.0,7257778.0,15.45,15.65,15.45,15.6,0.15,174.0
2024-01-29,2538,278812.0,4344276.0,15.6,15.65,15.5,15.65,0.05,181.0
2024-01-30,2538,290442.0,4511304.0,15.7,15.7,15.45,15.5,-0.15,160.0
2024-01-31,2538,707318.0,10909947.0,15.5,15.5,15.4,15.4,-0.1,277.0
2024-02-01,2538,420687.0,6486216.0,15.5,15.5,15.35,15.45,0.05,188.0
2024-02-02,2538,1197039.0,18340836.0,15.5,15.5,15.25,15.3,-0.15,386.0
2024-02-05,2538,613090.0,9369874.0,15.4,15.4,15.2,15.3,0.0,194.0
2024-02-15,2538,560946.0,8581051.0,15.3,15.4,15.25,15.3,0.0,241.0
2024-02-16,2538,380906.0,5863994.0,15.35,15.5,15.3,15.4,0.1,224.0
2024-02-19,2538,937444.0,14707530.0,15.4,16.05,15.4,15.8,0.4,394.0
2024-02-20,2538,518127.0,8171744.0,15.85,15.85,15.65,15.75,-0.05,242.0
2024-02-21,2538,277938.0,4360124.0,15.75,15.8,15.6,15.7,-0.05,176.0
2024-02-22,2538,454847.0,7149168.0,15.7,15.8,15.6,15.75,0.05,235.0
2024-02-23,2538,498668.0,7813614.0,15.75,15.8,15.55,15.7,-0.05,234.0
2024-02-26,2538,365240.0,5689172.0,15.65,15.65,15.5,15.65,-0.05,213.0
2024-02-27,2538,553878.0,8553836.0,15.6,15.6,15.4,15.4,-0.25,221.0
2024-02-29,2538,519470.0,7985684.0,15.4,15.45,15.35,15.35,-0.05,218.0
2024-03-01,2538,419661.0,6452374.0,15.55,15.55,15.3,15.35,0.0,195.0
2024-03-04,2538,294217.0,4530940.0,15.35,15.5,15.35,15.35,0.0,200.0
2024-03-05,2538,1671758.0,26427992.0,15.4,16.1,15.4,15.9,0.55,552.0
2024-03-06,2538,634389.0,10052326.0,15.85,15.95,15.75,15.95,0.05,281.0
2024-03-07,2538,2397432.0,38778590.0,15.85,16.45,15.7,16.4,0.45,822.0
2024-03-08,2538,2983105.0,48887113.0,16.5,16.55,16.15,16.35,-0.05,1007.0
2024-03-11,2538,1204172.0,19346029.0,16.2,16.2,15.95,16.1,-0.25,538.0
2024-03-12,2538,1868120.0,30267730.0,16.1,16.4,16.0,16.25,0.15,726.0
2024-03-13,2538,1270528.0,20461327.0,16.2,16.2,15.95,16.2,-0.05,489.0
2024-03-14,2538,2424976.0,38201468.0,15.95,16.15,15.55,15.6,-0.6,806.0
2024-03-15,2538,2012569.0,30965735.0,15.5,15.55,15.2,15.4,-0.2,555.0
2024-03-18,2538,423708.0,6555503.0,15.5,15.6,15.35,15.55,0.15,240.0
2024-03-19,2538,1229914.0,18985266.0,15.5,15.6,15.3,15.3,-0.25,336.0
2024-03-20,2538,1449873.0,22108407.0,15.3,15.55,15.05,15.2,-0.1,489.0
2024-03-21,2538,606545.0,9254189.0,15.2,15.35,15.2,15.3,0.1,323.0
2024-03-22,2538,348636.0,5365047.0,15.35,15.45,15.3,15.35,0.05,207.0
2024-03-25,2538,583972.0,8932503.0,15.4,15.4,15.25,15.35,0.0,237.0
2024-03-26,2538,487099.0,7430372.0,15.35,15.35,15.2,15.2,-0.15,196.0
2024-03-27,2538,403738.0,6147863.0,15.2,15.35,15.2,15.25,0.05,187.0
2024-03-28,2538,429784.0,6590012.0,15.3,15.45,15.25,15.25,0.0,225.0
2024-03-29,2538,1547517.0,23377199.0,15.3,15.3,15.0,15.0,-0.25,519.0
2024-04-01,2538,3724044.0,54202793.0,14.9,14.9,14.2,14.55,-0.45,1100.0
2024-04-02,2538,1322376.0,19139896.0,14.55,14.6,14.4,14.45,-0.1,415.0
2024-04-03,2538,1093060.0,15946297.0,14.65,14.7,14.45,14.7,0.25,420.0
2024-04-08,2538,1004793.0,14965675.0,14.8,15.05,14.65,15.05,0.35,433.0
2024-04-09,2538,487384.0,7367795.0,15.0,15.2,15.0,15.15,0.1,262.0
2024-04-10,2538,1174291.0,17616784.0,15.15,15.15,14.9,14.95,-0.2,455.0
2024-04-11,2538,810854.0,12229908.0,15.0,15.15,14.95,15.05,0.1,342.0
2024-04-12,2538,474758.0,7167538.0,15.15,15.15,15.0,15.1,0.05,227.0
2024-04-15,2538,2338755.0,36129610.0,15.1,15.75,15.05,15.35,0.25,650.0
2024-04-16,2538,1774917.0,26638454.0,15.3,15.3,14.8,14.85,-0.5,522.0
2024-04-17,2538,946396.0,14197666.0,14.85,15.1,14.85,15.05,0.2,321.0
2024-04-18,2538,6592851.0,103582650.0,15.05,16.05,14.95,15.65,0.6,1875.0
2024-04-19,2538,2916761.0,44480361.0,15.65,15.7,14.9,15.15,-0.5,957.0
2024-04-22,2538,4862158.0,75110791.0,15.2,16.0,15.1,15.25,0.1,1294.0
2024-04-23,2538,894665.0,13689882.0,15.3,15.45,15.15,15.45,0.2,351.0
2024-04-24,2538,654222.0,10047399.0,15.5,15.5,15.25,15.35,-0.1,275.0
2024-04-25,2538,1664236.0,25844644.0,15.35,15.65,15.35,15.45,0.1,570.0
2024-04-26,2538,2109822.0,33221900.0,15.45,15.9,15.45,15.8,0.35,639.0
2024-04-29,2538,3794145.0,60687619.0,15.9,16.25,15.75,15.9,0.1,1122.0
2024-04-30,2538,2413738.0,38269596.0,16.0,16.05,15.65,15.95,0.05,662.0
2024-05-02,2538,3561509.0,57794085.0,16.0,16.5,16.0,16.2,0.25,981.0
2024-05-03,2538,14082080.0,245100407.0,16.65,17.8,16.45,17.8,1.6,2267.0
2024-05-06,2538,26252937.0,471044360.0,17.65,18.4,17.35,18.1,0.3,8023.0
2024-05-07,2538,9514756.0,167299116.0,17.85,18.2,17.1,17.45,-0.65,3100.0
2024-05-08,2538,6393794.0,108373122.0,17.1,17.35,16.6,17.05,-0.4,1775.0
2024-05-09,2538,3962979.0,66513019.0,17.0,17.15,16.55,16.55,-0.5,1207.0
2024-05-10,2538,2598055.0,42862390.0,16.65,16.7,16.35,16.35,-0.2,997.0
2024-05-13,2538,3499055.0,58655175.0,16.75,16.95,16.5,16.95,0.6,1062.0
2024-05-14,2538,2597029.0,44101757.0,16.95,17.25,16.85,16.85,-0.1,1000.0
2024-05-15,2538,1959550.0,33521693.0,16.95,17.35,16.95,17.1,0.25,831.0
2024-05-16,2538,4016834.0,70099897.0,17.2,17.7,17.1,17.5,0.4,1386.0
2024-05-17,2538,2096209.0,36768965.0,17.65,17.7,17.4,17.55,0.05,770.0
2024-05-20,2538,2891657.0,51337633.0,17.65,17.9,17.5,17.7,0.15,996.0
2024-05-21,2538,2003832.0,35153844.0,17.85,17.85,17.35,17.55,-0.15,729.0
2024-05-22,2538,1533227.0,26658913.0,17.45,17.55,17.25,17.3,-0.25,642.0
2024-05-23,2538,2007471.0,34122507.0,17.25,17.25,16.85,17.05,-0.25,678.0
2024-05-24,2538,588520.0,10036461.0,17.0,17.2,16.85,17.15,0.1,263.0
2024-05-27,2538,1109952.0,19117204.0,17.25,17.35,17.1,17.15,0.0,380.0
2024-05-28,2538,2753274.0,48010830.0,17.15,17.6,17.15,17.45,0.3,686.0
2024-05-29,2538,12084507.0,225467972.0,17.6,19.15,17.5,19.15,1.7,3116.0
2024-05-30,2538,20181291.0,389311773.0,19.15,19.95,18.6,19.05,-0.1,6163.0
2024-05-31,2538,11371810.0,222975786.0,19.0,20.05,18.8,19.65,0.6,3780.0
2024-06-03,2538,4700213.0,90726412.0,19.4,19.7,18.75,19.65,0.0,1954.0
2024-06-04,2538,3541583.0,69163457.0,19.5,19.85,19.2,19.7,0.05,1630.0
2024-06-05,2538,2971034.0,57524491.0,19.7,19.8,19.15,19.15,-0.55,1067.0
2024-06-06,2538,3089599.0,58703109.0,19.25,19.35,18.75,19.0,-0.15,1002.0
2024-06-07,2538,2810557.0,54821069.0,19.0,19.8,19.0,19.45,0.45,1136.0
2024-06-11,2538,2003815.0,38624699.0,19.5,19.5,19.05,19.35,-0.1,934.0
2024-06-12,2538,1722157.0,32899360.0,19.5,19.5,18.95,19.0,-0.35,689.0
2024-06-13,2538,1634725.0,30921766.0,19.0,19.2,18.8,18.8,-0.2,607.0
2024-06-14,2538,1971709.0,37959672.0,18.9,19.5,18.9,19.15,0.35,835.0
2024-06-17,2538,1023382.0,19466259.0,19.2,19.25,18.9,18.95,-0.2,439.0
2024-06-18,2538,4346746.0,80776741.0,19.0,19.15,18.3,18.45,-0.5,1301.0
2024-06-19,2538,1491734.0,27545611.0,18.4,18.65,18.2,18.5,0.05,595.0
2024-06-20,2538,1355757.0,24867937.0,18.5,18.6,18.25,18.25,-0.25,580.0
2024-06-21,2538,1017945.0,18482142.0,18.35,18.45,18.0,18.2,-0.05,478.0
2024-06-24,2538,732447.0,13396027.0,18.2,18.4,18.2,18.25,0.05,395.0
2024-06-25,2538,1598766.0,29163866.0,18.4,18.5,18.05,18.25,0.0,331.0
2024-06-26,2538,709447.0,13004520.0,18.25,18.5,18.25,18.35,0.1,310.0
2024-06-27,2538,1648955.0,30206173.0,18.25,18.5,18.1,18.35,0.0,371.0
2024-06-28,2538,705475.0,12969501.0,18.3,18.5,18.25,18.3,-0.05,296.0
2024-07-01,2538,1934051.0,35957776.0,18.3,18.8,18.25,18.65,0.35,538.0
2024-07-02,2538,1192098.0,21927870.0,18.7,18.7,18.25,18.5,-0.15,271.0
2024-07-03,2538,1349758.0,25200304.0,18.55,18.8,18.45,18.65,0.15,396.0
2024-07-04,2538,1041761.0,19308444.0,18.65,18.75,18.4,18.4,-0.25,483.0
2024-07-05,2538,954786.0,17585560.0,18.35,18.6,18.35,18.4,0.0,426.0
2024-07-08,2538,7785807.0,137822628.0,18.4,18.6,17.3,17.3,-1.1,1859.0
2024-07-09,2538,1753995.0,30184971.0,17.35,17.45,17.05,17.4,0.1,712.0
2024-07-10,2538,4719384.0,87193117.0,17.6,19.0,17.6,18.7,1.3,1985.0
2024-07-11,2538,4163914.0,78898073.0,18.8,19.2,18.6,18.9,0.2,1477.0
2024-07-12,2538,3233181.0,61667017.0,19.0,19.25,18.7,19.1,0.2,1089.0
2024-07-15,2538,14473450.0,296440562.0,19.25,21.0,19.15,20.5,1.4,5692.0
2024-07-16,2538,17037225.0,371418116.0,20.4,22.55,20.35,22.55,2.05,7271.0
2024-07-17,2538,20124096.0,449358805.0,23.05,23.25,21.35,21.65,-0.9,9055.0
2024-07-18,2538,6847819.0,146845342.0,21.4,22.0,20.85,22.0,0.35,2964.0
2024-07-19,2538,6093767.0,132506541.0,22.1,22.55,21.3,21.5,-0.5,2702.0
2024-07-22,2538,4862063.0,100944108.0,21.4,21.55,20.4,20.75,-0.75,1793.0
2024-07-23,2538,2937973.0,62750878.0,20.9,21.8,20.9,21.25,0.5,1543.0
2024-07-26,2538,2695589.0,56800467.0,20.9,21.4,20.65,21.25,0.0,1096.0
2024-07-29,2538,5399235.0,117411584.0,21.2,22.4,21.15,21.55,0.3,2235.0
2024-07-30,2538,4326761.0,94686544.0,21.45,22.35,20.95,22.25,0.7,1945.0
2024-07-31,2538,3614082.0,80384023.0,22.4,22.6,21.85,22.25,0.0,1670.0
2024-08-01,2538,3799696.0,85497180.0,22.25,22.85,21.95,22.5,0.25,1795.0
2024-08-02,2538,3616847.0,80146517.0,22.2,22.6,21.8,21.8,-0.7,1680.0
2024-08-05,2538,6423609.0,129970125.0,21.25,21.3,19.7,19.9,-1.9,2209.0
2024-08-06,2538,5252567.0,100856633.0,20.3,20.6,18.5,19.2,-0.7,2010.0
2024-08-07,2538,3001928.0,61120301.0,19.55,20.85,19.3,20.75,1.55,1255.0
2024-08-08,2538,5408996.0,105248283.0,20.2,20.25,18.8,19.9,-0.85,2187.0
2024-08-09,2538,1691178.0,34541726.0,20.35,20.7,20.15,20.25,0.35,883.0
2024-08-12,2538,1925161.0,38822746.0,20.25,20.65,19.9,20.0,-0.25,908.0
2024-08-13,2538,1555464.0,30870493.0,20.0,20.0,19.75,19.75,-0.25,584.0
2024-08-14,2538,1956686.0,39031796.0,19.8,20.15,19.75,19.95,0.2,775.0
2024-08-15,2538,1852497.0,37616710.0,20.05,20.6,20.05,20.05,0.1,873.0
2024-08-16,2538,2648317.0,54418606.0,20.25,20.85,20.1,20.45,0.4,977.0
2024-08-19,2538,2185815.0,45696691.0,20.5,21.2,20.35,20.95,0.5,944.0
2024-08-20,2538,1587579.0,32922931.0,21.1,21.1,20.5,20.7,-0.25,819.0
2024-08-21,2538,1946176.0,39894286.0,20.6,21.0,20.0,20.8,0.1,741.0
2024-08-22,2538,1408192.0,28916236.0,20.85,20.85,20.3,20.55,-0.25,586.0
2024-08-23,2538,2110192.0,43195039.0,20.5,20.6,20.25,20.6,0.05,599.0
2024-08-26,2538,1800183.0,36579368.0,20.0,20.55,20.0,20.05,0.0,834.0
2024-08-27,2538,713323.0,14288843.0,20.0,20.35,19.9,19.9,-0.15,386.0
2024-08-28,2538,1014007.0,20116501.0,19.85,20.0,19.75,19.8,-0.1,402.0
2024-08-29,2538,1271024.0,24882291.0,19.7,19.95,19.45,19.45,-0.35,562.0
2024-08-30,2538,1425446.0,27608115.0,19.45,19.6,19.25,19.4,-0.05,584.0
2024-09-02,2538,1006178.0,19419308.0,19.55,19.65,19.15,19.3,-0.1,389.0
2024-09-03,2538,1726888.0,32671765.0,19.3,19.3,18.6,18.7,-0.6,708.0
2024-09-04,2538,1413513.0,25644242.0,18.4,18.4,17.8,18.05,-0.65,676.0
2024-09-05,2538,856733.0,15460560.0,18.05,18.35,17.85,17.95,-0.1,434.0
2024-09-06,2538,639422.0,11450424.0,17.85,18.05,17.75,17.85,-0.1,346.0
2024-09-09,2538,938419.0,16363306.0,17.45,17.6,17.3,17.5,-0.35,428.0
2024-09-10,2538,910578.0,15810110.0,17.7,17.8,17.1,17.15,-0.35,522.0
2024-09-11,2538,503719.0,8657620.0,17.25,17.3,17.1,17.2,0.05,266.0
2024-09-12,2538,1009933.0,17540572.0,17.2,17.5,17.2,17.25,0.05,374.0
2024-09-13,2538,415082.0,7214564.0,17.25,17.5,17.2,17.4,0.15,229.0
2024-09-16,2538,286023.0,5000076.0,17.45,17.55,17.45,17.45,0.05,174.0
2024-09-18,2538,334036.0,5812772.0,17.45,17.5,17.3,17.4,-0.05,228.0
2024-09-19,2538,267375.0,4666496.0,17.35,17.55,17.35,17.4,0.0,174.0
2024-09-20,2538,2688636.0,45257056.0,17.2,17.3,16.5,16.75,-0.65,1187.0
2024-09-23,2538,1468299.0,24205408.0,16.55,16.65,16.35,16.6,-0.15,515.0
2024-09-24,2538,578279.0,9702770.0,16.65,16.9,16.5,16.75,0.15,348.0
2024-09-25,2538,938607.0,16056079.0,16.75,17.3,16.75,17.1,0.35,479.0
2024-09-26,2538,582714.0,10115450.0,17.25,17.55,17.25,17.25,0.15,324.0
2024-09-27,2538,542401.0,9546148.0,17.4,17.7,17.4,17.65,0.4,342.0
2024-09-30,2538,760153.0,13149866.0,17.65,17.65,17.05,17.2,-0.45,416.0
2024-10-01,2538,331937.0,5716193.0,17.25,17.3,17.15,17.25,0.05,182.0
2024-10-04,2538,816641.0,14172774.0,17.25,17.5,17.2,17.4,0.15,369.0
2024-10-07,2538,957832.0,16400343.0,17.1,17.2,17.0,17.1,0.0,373.0
2024-10-08,2538,497775.0,8550339.0,17.05,17.35,17.05,17.15,0.05,238.0
2024-10-09,2538,821693.0,13960733.0,17.2,17.2,16.85,16.95,-0.2,339.0
2024-10-11,2538,667387.0,11210911.0,16.8,17.1,16.7,16.7,-0.25,284.0
2024-10-14,2538,430307.0,7239174.0,16.7,16.9,16.7,16.9,0.2,219.0
2024-10-15,2538,707919.0,11807492.0,16.9,16.9,16.55,16.55,-0.35,399.0
2024-10-16,2538,380890.0,6295639.0,16.6,16.65,16.45,16.5,-0.05,254.0
2024-10-17,2538,444460.0,7436396.0,16.55,16.85,16.55,16.8,0.3,243.0
2024-10-18,2538,240737.0,4030173.0,16.8,16.85,16.65,16.7,-0.1,169.0
2024-10-21,2538,337617.0,5596060.0,16.9,16.9,16.5,16.5,-0.2,204.0
2024-10-22,2538,463684.0,7626217.0,16.5,16.7,16.35,16.4,-0.1,252.0
2024-10-23,2538,676758.0,10995016.0,16.4,16.5,16.1,16.1,-0.3,331.0
2024-10-24,2538,610358.0,9809262.0,16.3,16.3,15.95,16.1,0.0,304.0
2024-10-25,2538,543801.0,8828517.0,16.1,16.4,16.1,16.25,0.15,209.0
2024-10-28,2538,408195.0,6638505.0,16.45,16.45,16.15,16.15,-0.1,207.0
2024-10-29,2538,361938.0,5814920.0,16.15,16.2,15.95,16.1,-0.05,272.0
2024-10-30,2538,261177.0,4193798.0,16.1,16.3,16.0,16.0,-0.1,191.0
2024-11-01,2538,296146.0,4784419.0,16.0,16.4,15.9,16.4,0.4,210.0
2024-11-04,2538,616016.0,9870439.0,16.4,16.4,15.9,15.95,-0.45,268.0
2024-11-05,2538,405274.0,6505514.0,16.0,16.15,15.95,16.05,0.1,154.0
2024-11-06,2538,324676.0,5273435.0,16.2,16.45,16.05,16.2,0.15,144.0
2024-11-07,2538,216899.0,3529638.0,16.15,16.4,16.15,16.25,0.05,250.0
2024-11-08,2538,740121.0,11852017.0,16.2,16.3,15.85,15.9,-0.35,416.0
2024-11-11,2538,226057.0,3624147.0,16.15,16.15,15.9,16.1,0.2,178.0
2024-11-12,2538,251370.0,4009113.0,15.95,16.1,15.85,15.95,-0.15,176.0
2024-11-13,2538,317511.0,5072230.0,15.85,16.1,15.85,16.1,0.15,214.0
2024-11-14,2538,334303.0,5316670.0,15.95,16.05,15.85,15.85,-0.25,166.0
2024-11-15,2538,322902.0,5215357.0,16.0,16.2,16.0,16.15,0.3,267.0
2024-11-18,2538,193484.0,3100325.0,16.15,16.15,15.9,15.9,-0.25,124.0
2024-11-19,2538,706476.0,11228183.0,15.8,16.0,15.8,15.95,0.05,223.0
2024-11-20,2538,290230.0,4635507.0,15.9,16.05,15.85,16.0,0.05,145.0
2024-11-21,2538,274357.0,4411911.0,15.9,16.2,15.9,16.1,0.1,159.0
2024-11-22,2538,208564.0,3360920.0,16.15,16.2,16.05,16.05,-0.05,131.0
2024-11-25,2538,1407337.0,22657821.0,16.1,16.2,16.05,16.1,0.05,187.0
2024-11-26,2538,333570.0,5423357.0,16.25,16.4,16.1,16.3,0.2,217.0
2024-11-27,2538,238228.0,3854552.0,16.25,16.3,16.1,16.1,-0.2,199.0
2024-11-28,2538,267481.0,4299293.0,16.1,16.2,16.0,16.05,-0.05,137.0
2024-11-29,2538,276470.0,4452634.0,16.0,16.2,16.0,16.15,0.1,145.0
2024-12-02,2538,235643.0,3797469.0,16.25,16.25,16.05,16.05,-0.1,151.0
2024-12-03,2538,220710.0,3553667.0,16.05,16.2,16.05,16.1,0.05,142.0
2024-12-04,2538,266241.0,4280280.0,16.1,16.25,16.05,16.05,-0.05,155.0
2024-12-05,2538,448407.0,7157447.0,16.05,16.15,15.85,15.85,-0.2,293.0
2024-12-06,2538,436217.0,7045722.0,15.9,16.35,15.9,16.25,0.4,222.0
2024-12-09,2538,175239.0,2820460.0,16.35,16.35,16.05,16.05,-0.2,158.0
2024-12-10,2538,217623.0,3489209.0,16.05,16.15,15.95,16.0,-0.05,146.0
2024-12-11,2538,431623.0,6873865.0,15.95,16.05,15.85,15.85,-0.15,269.0
2024-12-12,2538,533119.0,8428909.0,15.9,16.0,15.7,15.7,-0.15,274.0
2024-12-13,2538,1325822.0,20417990.0,15.75,15.75,15.15,15.2,-0.5,536.0
2024-12-16,2538,535081.0,8113659.0,15.25,15.45,15.0,15.0,-0.2,260.0
2024-12-17,2538,439378.0,6597886.0,15.1,15.1,14.9,15.0,0.0,213.0
2024-12-18,2538,387141.0,5823416.0,15.0,15.15,14.95,15.15,0.15,240.0
2024-12-19,2538,409365.0,6167058.0,15.15,15.25,14.9,14.95,-0.2,257.0
2024-12-20,2538,1345722.0,19748781.0,14.95,15.2,14.35,14.4,-0.55,744.0
2024-12-23,2538,395876.0,5801582.0,14.55,14.85,14.5,14.65,0.25,239.0
2024-12-24,2538,246877.0,3638146.0,14.75,14.85,14.6,14.7,0.05,170.0
2024-12-25,2538,248883.0,3656749.0,14.8,14.85,14.6,14.65,-0.05,189.0
2024-12-26,2538,139498.0,2052827.0,14.75,14.75,14.6,14.7,0.05,72.0
2024-12-27,2538,177637.0,2593719.0,14.65,14.75,14.55,14.75,0.05,126.0
2024-12-30,2538,217187.0,3177618.0,14.65,14.75,14.5,14.6,-0.15,185.0
2024-12-31,2538,347832.0,5037243.0,14.6,14.6,14.4,14.5,-0.1,197.0
2025-01-02,2538,1239571.0,18207531.0,14.5,14.75,14.5,14.7,0.2,163.0
2025-01-03,2538,177356.0,2592037.0,14.7,14.75,14.55,14.55,-0.15,148.0
2025-01-06,2538,240299.0,3535623.0,14.65,14.8,14.65,14.7,0.15,150.0
2025-01-07,2538,540275.0,7802050.0,14.8,14.8,14.25,14.25,-0.45,304.0
2025-01-08,2538,176936.0,2539025.0,14.4,14.45,14.25,14.4,0.15,116.0
2025-01-09,2538,666789.0,9454152.0,14.4,14.4,14.0,14.15,-0.25,320.0
2025-01-10,2538,630631.0,8783973.0,14.05,14.2,13.8,13.85,-0.3,321.0
2025-01-13,2538,1064994.0,14410273.0,13.75,13.75,13.4,13.45,-0.4,426.0
2025-01-14,2538,314893.0,4265954.0,13.45,13.65,13.45,13.65,0.2,181.0
2025-01-15,2538,352924.0,4886587.0,13.7,14.0,13.7,13.95,0.3,216.0
2025-01-16,2538,289396.0,4016224.0,14.05,14.05,13.75,13.8,-0.15,224.0
2025-01-17,2538,148884.0,2072952.0,13.8,14.0,13.8,13.9,0.1,131.0
2025-01-20,2538,170037.0,2371714.0,13.95,14.05,13.9,13.95,0.05,116.0
2025-01-21,2538,108129.0,1504627.0,13.95,14.0,13.85,13.95,0.0,92.0
2025-01-22,2538,408126.0,5703072.0,14.0,14.05,13.9,14.0,0.05,200.0
2025-02-03,2538,497368.0,7023949.0,14.0,14.35,13.95,14.2,0.2,298.0
2025-02-04,2538,412735.0,5766399.0,14.2,14.2,13.9,13.95,-0.25,206.0
2025-02-05,2538,417770.0,5846714.0,14.1,14.15,13.9,14.0,0.05,188.0
2025-02-06,2538,436562.0,6194186.0,14.1,14.35,14.0,14.3,0.3,249.0
2025-02-07,2538,263195.0,3723684.0,14.3,14.35,14.0,14.15,-0.15,206.0
2025-02-10,2538,300268.0,4258014.0,14.05,14.3,14.0,14.25,0.1,213.0
2025-02-11,2538,221079.0,3142578.0,14.3,14.3,14.15,14.25,0.0,147.0
2025-02-12,2538,453543.0,6513181.0,14.3,14.45,14.3,14.3,0.05,252.0
2025-02-13,2538,798020.0,11675394.0,14.4,14.85,14.35,14.8,0.5,400.0
2025-02-14,2538,477755.0,7075506.0,14.8,15.0,14.65,14.85,0.05,290.0
2025-02-17,2538,211809.0,3120091.0,14.85,14.85,14.65,14.8,-0.05,225.0
2025-02-18,2538,121990.0,1795130.0,14.8,14.8,14.6,14.7,-0.1,137.0
2025-02-19,2538,238398.0,3499845.0,14.7,14.8,14.6,14.75,0.05,164.0
2025-02-20,2538,139390.0,2057973.0,14.75,14.8,14.7,14.7,-0.05,119.0
2025-02-21,2538,569066.0,8417540.0,14.7,14.9,14.7,14.8,0.1,278.0
2025-02-24,2538,119035.0,1765656.0,14.7,14.9,14.7,14.9,0.1,161.0
2025-02-25,2538,274784.0,4074503.0,14.8,14.95,14.7,14.8,-0.1,227.0
2025-02-26,2538,296643.0,4359943.0,14.75,14.85,14.6,14.75,-0.05,260.0
2025-02-27,2538,317631.0,4664357.0,14.8,14.8,14.6,14.65,-0.1,202.0
2025-03-03,2538,319498.0,4675036.0,14.85,14.85,14.5,14.75,0.1,209.0
2025-03-04,2538,344103.0,5049691.0,14.65,14.75,14.55,14.7,-0.05,171.0
2025-03-05,2538,1086977.0,16570061.0,14.75,15.45,14.65,15.45,0.75,514.0
2025-03-06,2538,459082.0,7006663.0,15.5,15.5,15.15,15.15,-0.3,273.0
2025-03-07,2538,183810.0,2772282.0,15.2,15.25,15.0,15.0,-0.15,201.0
2025-03-10,2538,204370.0,3073631.0,15.0,15.15,14.95,15.05,0.05,145.0
2025-03-11,2538,505702.0,7517856.0,14.9,15.0,14.75,14.85,-0.2,266.0
2025-03-12,2538,317768.0,4750476.0,14.95,15.1,14.85,15.0,0.15,187.0
2025-03-13,2538,394123.0,5909430.0,14.95,15.15,14.9,14.95,-0.05,184.0
2025-03-14,2538,257905.0,3857587.0,15.05,15.1,14.9,14.95,0.0,174.0
2025-03-17,2538,232805.0,3491398.0,14.95,15.1,14.95,15.0,0.05,138.0
2025-03-18,2538,142555.0,2134301.0,15.0,15.1,14.95,14.95,-0.05,109.0
2025-03-19,2538,493285.0,7343871.0,14.95,14.95,14.8,14.8,-0.15,194.0
2025-03-20,2538,275590.0,4104728.0,15.0,15.1,14.85,14.9,0.1,168.0
2025-03-21,2538,332494.0,4999687.0,14.85,15.15,14.85,15.1,0.2,252.0
2025-03-24,2538,149308.0,2246843.0,15.05,15.15,15.0,15.0,-0.1,114.0
2025-03-25,2538,199005.0,2966925.0,15.05,15.05,14.85,14.85,-0.15,105.0
2025-03-26,2538,160694.0,2397180.0,15.05,15.05,14.85,14.95,0.1,111.0
2025-03-27,2538,124357.0,1859195.0,14.95,15.0,14.9,14.95,0.0,159.0
2025-03-28,2538,327643.0,4871467.0,14.9,15.0,14.8,14.85,-0.1,620.0
2025-03-31,2538,916658.0,13291688.0,14.8,14.8,14.2,14.3,-0.55,926.0
2025-04-01,2538,383274.0,5632614.0,14.35,14.95,14.3,14.75,0.45,532.0
2025-04-02,2538,202823.0,2954098.0,14.7,14.75,14.4,14.55,-0.2,229.0
2025-04-07,2538,221331.0,2899471.0,13.1,13.1,13.1,13.1,-1.45,224.0
2025-04-08,2538,1670031.0,20363914.0,12.05,12.65,11.8,12.25,-0.85,715.0
2025-04-09,2538,2134253.0,24611520.0,11.9,12.2,11.05,11.1,-1.15,779.0
2025-04-10,2538,233544.0,2849230.0,12.2,12.2,12.2,12.2,1.1,101.0
2025-04-11,2538,352401.0,4285097.0,12.2,12.6,11.65,12.6,0.4,425.0
2025-04-14,2538,518626.0,6706310.0,12.65,13.2,12.65,12.8,0.2,781.0
2025-04-15,2538,363260.0,4769237.0,13.0,13.3,12.85,13.3,0.5,813.0
2025-04-16,2538,295189.0,3844016.0,13.3,13.3,12.9,12.95,-0.35,688.0
2025-04-17,2538,362044.0,4684137.0,13.1,13.15,12.85,12.9,-0.05,440.0
2025-04-18,2538,178156.0,2294775.0,12.9,13.0,12.75,12.9,0.0,216.0
2025-04-21,2538,361116.0,4555715.0,12.85,12.85,12.4,12.45,-0.45,200.0
2025-04-22,2538,289980.0,3577278.0,12.4,12.5,12.15,12.15,-0.3,155.0
2025-04-23,2538,149668.0,1855739.0,12.25,12.5,12.25,12.4,0.25,131.0
2025-04-24,2538,120588.0,1500194.0,12.5,12.55,12.35,12.45,0.05,92.0
2025-04-25,2538,141825.0,1772049.0,12.6,12.6,12.4,12.5,0.05,124.0
2025-04-28,2538,154149.0,1936801.0,12.5,12.65,12.45,12.5,0.0,123.0
2025-04-29,2538,200950.0,2538471.0,12.6,12.7,12.55,12.7,0.2,138.0
2025-04-30,2538,100227.0,1267521.0,12.7,12.7,12.6,12.65,-0.05,61.0
2025-05-02,2538,473040.0,6119956.0,12.65,13.15,12.65,13.15,0.5,228.0
2025-05-05,2538,836266.0,11181344.0,13.1,13.55,13.1,13.4,0.25,347.0
2025-05-06,2538,418324.0,5631483.0,13.5,13.6,13.3,13.6,0.2,208.0
2025-05-07,2538,1304349.0,17946686.0,13.6,14.25,13.4,13.7,0.1,551.0
2025-05-08,2538,304987.0,4147111.0,13.75,13.75,13.5,13.65,-0.05,159.0
2025-05-09,2538,352620.0,4750429.0,13.65,13.7,13.35,13.6,-0.05,246.0
2025-05-12,2538,220109.0,3002723.0,13.7,13.75,13.55,13.65,0.05,155.0
2025-05-13,2538,165269.0,2258599.0,13.65,13.75,13.55,13.7,0.05,114.0
2025-05-14,2538,312131.0,4283938.0,13.75,13.8,13.65,13.75,0.05,308.0
2025-05-15,2538,379037.0,5154700.0,13.85,13.85,13.45,13.5,-0.25,238.0
2025-05-16,2538,569679.0,7711902.0,13.55,13.7,13.45,13.65,0.15,472.0
2025-05-19,2538,375520.0,5064542.0,13.6,13.65,13.4,13.6,-0.05,193.0
2025-05-20,2538,260788.0,3533650.0,13.6,13.7,13.4,13.55,-0.05,187.0
2025-05-21,2538,131536.0,1796632.0,13.7,13.7,13.55,13.7,0.15,132.0
2025-05-22,2538,420814.0,5743168.0,13.65,13.75,13.5,13.75,0.05,236.0
2025-05-23,2538,221964.0,3059870.0,13.75,13.95,13.6,13.9,0.15,136.0
2025-05-26,2538,160203.0,2209916.0,13.85,13.9,13.7,13.9,0.0,160.0
2025-05-27,2538,463332.0,6352625.0,13.95,13.95,13.55,13.65,-0.25,208.0
2025-05-28,2538,1154034.0,15393282.0,13.7,13.75,13.2,13.25,-0.4,363.0
2025-05-29,2538,223628.0,2976470.0,13.25,13.4,13.2,13.4,0.15,132.0
2025-06-02,2538,272863.0,3599244.0,13.25,13.3,13.15,13.2,-0.2,187.0
2025-06-03,2538,206439.0,2725773.0,13.4,13.4,13.15,13.2,0.0,175.0
2025-06-04,2538,242595.0,3195737.0,13.2,13.3,13.1,13.2,0.0,163.0
2025-06-05,2538,511332.0,6648422.0,13.35,13.35,12.85,13.05,-0.15,265.0
2025-06-06,2538,251626.0,3251011.0,13.05,13.05,12.85,13.0,-0.05,140.0
2025-06-09,2538,259566.0,3337181.0,12.95,12.95,12.8,12.9,-0.1,153.0
2025-06-10,2538,116329.0,1501855.0,12.9,13.0,12.85,12.85,-0.05,87.0
2025-06-11,2538,389404.0,4973479.0,12.85,12.9,12.65,12.8,-0.05,159.0
2025-06-12,2538,180361.0,2294738.0,12.7,12.8,12.7,12.7,-0.1,122.0
2025-06-13,2538,384025.0,4819192.0,12.6,12.65,12.45,12.45,-0.25,225.0
2025-06-16,2538,266252.0,3383007.0,12.5,12.95,12.45,12.95,0.5,168.0
2025-06-17,2538,319544.0,4097229.0,12.95,12.95,12.75,12.95,0.0,177.0
2025-06-18,2538,321193.0,4159663.0,12.8,13.05,12.8,13.0,0.05,169.0
2025-06-19,2538,375045.0,4821163.0,13.0,13.05,12.65,12.95,-0.05,208.0
2025-06-20,2538,2940042.0,37200925.0,13.0,13.0,12.5,12.65,-0.3,362.0
2025-06-23,2538,111689.0,1410143.0,12.6,12.75,12.5,12.75,0.1,89.0
2025-06-24,2538,215579.0,2793379.0,12.85,13.1,12.8,12.9,0.15,138.0
2025-06-25,2538,111547.0,1441411.0,12.9,13.0,12.85,12.95,0.05,66.0
2025-06-26,2538,1775292.0,24255897.0,13.15,14.15,13.15,13.7,0.75,743.0
2025-06-27,2538,316466.0,4259232.0,13.7,13.7,13.3,13.5,-0.2,217.0
2025-06-30,2538,301367.0,4016400.0,13.5,13.6,13.2,13.6,0.1,165.0
2025-07-01,2538,392795.0,5233807.0,13.5,13.5,13.25,13.3,-0.3,258.0
2025-07-02,2538,269069.0,3554174.0,13.3,13.35,13.1,13.2,-0.1,140.0
2025-07-03,2538,94176.0,1250643.0,13.35,13.35,13.2,13.3,0.1,81.0
2025-07-04,2538,398609.0,5202710.0,13.3,13.3,12.95,12.95,-0.35,186.0
2025-07-07,2538,53424.0,690022.0,12.95,13.0,12.85,12.95,0.0,45.0
2025-07-08,2538,216730.0,2814295.0,12.85,13.15,12.8,13.0,0.05,115.0
2025-07-09,2538,70166.0,911021.0,13.0,13.05,12.9,13.0,0.0,45.0
2025-07-10,2538,148420.0,1913278.0,12.95,13.05,12.8,12.9,-0.1,102.0
2025-07-11,2538,76474.0,991152.0,12.95,13.0,12.9,12.95,0.05,66.0
2025-07-14,2538,147598.0,1909038.0,12.9,13.0,12.9,12.9,-0.05,100.0
2025-07-15,2538,299846.0,3839380.0,12.8,12.85,12.75,12.85,-0.05,158.0
2025-07-16,2538,206687.0,2671528.0,12.9,13.0,12.85,12.95,0.1,164.0
2025-07-17,2538,334397.0,4342211.0,13.05,13.05,12.9,12.95,0.0,181.0
2025-07-18,2538,271356.0,3510530.0,13.05,13.05,12.9,12.9,-0.05,140.0
2025-07-21,2538,201309.0,2624421.0,12.9,13.2,12.9,13.2,0.3,169.0
2025-07-22,2538,582399.0,7565706.0,13.0,13.1,12.85,13.05,-0.15,240.0
2025-07-23,2538,390933.0,5078345.0,13.05,13.15,12.9,13.05,0.0,167.0
2025-07-24,2538,1204279.0,15720347.0,13.05,13.2,12.95,13.05,0.0,147.0
2025-07-25,2538,3507332.0,46699459.0,13.25,13.8,13.25,13.35,0.3,433.0
2025-07-28,2538,924438.0,12530155.0,13.6,13.6,13.35,13.45,0.1,174.0
2025-07-29,2538,748309.0,10111977.0,13.45,13.65,13.4,13.5,0.05,263.0
2025-07-30,2538,618117.0,8359959.0,13.5,13.6,13.45,13.55,0.05,234.0
2025-07-31,2538,1529326.0,19493509.0,12.8,12.8,12.6,12.6,0.0,303.0
2025-08-01,2538,397446.0,4942434.0,12.45,12.65,12.3,12.65,0.05,249.0
2025-08-04,2538,320020.0,3977708.0,12.45,12.5,12.4,12.4,-0.25,129.0
2025-08-05,2538,147657.0,1836574.0,12.4,12.5,12.4,12.4,0.0,114.0
2025-08-06,2538,158532.0,1965278.0,12.4,12.45,12.35,12.4,0.0,121.0
2025-08-07,2538,217245.0,2686591.0,12.4,12.5,12.3,12.35,-0.05,135.0
2025-08-08,2538,628435.0,7667805.0,12.3,12.35,12.1,12.15,-0.2,239.0
2025-08-11,2538,619485.0,7415730.0,12.15,12.15,11.85,11.95,-0.2,300.0
2025-08-12,2538,215393.0,2576947.0,11.95,12.1,11.9,11.95,0.0,148.0
2025-08-13,2538,625614.0,7364447.0,11.9,11.95,11.6,11.9,-0.05,373.0
2025-08-14,2538,493567.0,5903778.0,11.85,12.1,11.85,12.1,0.2,137.0
2025-08-15,2538,514456.0,6185540.0,12.1,12.1,11.95,12.0,-0.1,141.0
2025-08-18,2538,360042.0,4313714.0,12.0,12.05,11.9,11.9,-0.1,153.0
2025-08-19,2538,412816.0,4877317.0,11.85,11.95,11.7,11.8,-0.1,243.0
2025-08-20,2538,771393.0,8967221.0,11.9,11.9,11.55,11.6,-0.2,298.0
2025-08-21,2538,507179.0,5951577.0,11.75,11.8,11.65,11.7,0.1,144.0
2025-08-22,2538,331968.0,3855385.0,11.6,11.7,11.55,11.6,-0.1,145.0
2025-08-25,2538,415698.0,4805993.0,11.75,11.75,11.45,11.5,-0.1,226.0
2025-08-26,2538,700235.0,8116763.0,11.6,11.65,11.5,11.5,0.0,238.0
2025-08-27,2538,574029.0,6657108.0,11.55,11.75,11.55,11.7,0.2,175.0
2025-08-28,2538,595204.0,7054170.0,11.9,11.9,11.65,11.7,0.0,148.0
2025-08-29,2538,580022.0,6791824.0,11.9,11.9,11.5,11.55,-0.15,239.0
2025-09-01,2538,830835.0,9631341.0,11.7,11.7,11.4,11.55,0.0,278.0
2025-09-02,2538,851914.0,9864559.0,11.5,11.95,11.5,11.55,0.0,265.0
2025-09-03,2538,584706.0,6759670.0,11.55,11.65,11.55,11.55,0.0,140.0
2025-09-04,2538,1912788.0,23085496.0,11.75,12.5,11.7,12.25,0.7,796.0
2025-09-05,2538,1168731.0,14029947.0,12.2,12.25,11.75,11.8,-0.45,410.0
2025-09-08,2538,892945.0,10472782.0,11.7,12.05,11.65,11.7,-0.1,270.0
2025-09-09,2538,971072.0,11147376.0,11.7,11.7,11.3,11.5,-0.2,384.0
2025-09-10,2538,319230.0,3668341.0,11.5,11.6,11.4,11.5,0.0,178.0
2025-09-11,2538,234524.0,2703244.0,11.5,11.6,11.45,11.55,0.05,159.0
2025-09-12,2538,437623.0,5017284.0,11.4,11.55,11.35,11.4,-0.15,192.0
2025-09-15,2538,1336026.0,14997754.0,11.4,11.6,11.1,11.25,-0.15,402.0
2025-09-16,2538,440596.0,4965959.0,11.25,11.4,11.15,11.2,-0.05,191.0
2025-09-17,2538,349126.0,3917149.0,11.2,11.3,11.15,11.15,-0.05,184.0
2025-09-18,2538,668751.0,7455294.0,11.2,11.25,11.1,11.15,0.0,269.0
2025-09-19,2538,743548.0,8313816.0,11.15,11.3,11.05,11.3,0.15,253.0
2025-09-22,2538,737988.0,8179764.0,11.3,11.3,11.0,11.15,-0.15,327.0
2025-09-23,2538,524774.0,5809934.0,11.1,11.15,11.0,11.1,-0.05,235.0
2025-09-24,2538,493393.0,5461114.0,11.15,11.15,11.0,11.1,0.0,190.0
2025-09-25,2538,399833.0,4429471.0,11.2,11.3,11.0,11.0,-0.1,217.0
2025-09-26,2538,1822166.0,19584731.0,11.1,11.1,10.55,10.6,-0.4,723.0
2025-09-30,2538,548863.0,5829252.0,10.65,10.8,10.55,10.6,0.0,220.0
2025-10-01,2538,558175.0,6032981.0,10.65,10.9,10.65,10.8,0.2,219.0
2025-10-02,2538,544033.0,5778009.0,10.8,10.85,10.55,10.55,-0.25,257.0
2025-10-03,2538,300832.0,3177288.0,10.6,10.65,10.5,10.55,0.0,187.0
2025-10-07,2538,196051.0,2081824.0,10.55,10.7,10.55,10.6,0.05,161.0
2025-10-08,2538,186534.0,1978789.0,10.6,10.65,10.55,10.65,0.05,119.0
2025-10-09,2538,431409.0,4606333.0,10.7,10.8,10.6,10.75,0.1,182.0
2025-10-13,2538,338180.0,3570515.0,10.5,10.7,10.4,10.6,-0.15,175.0
2025-10-14,2538,447152.0,4797372.0,10.6,10.85,10.6,10.65,0.05,192.0
2025-10-15,2538,204388.0,2185234.0,10.65,10.75,10.65,10.7,0.05,128.0
2025-10-16,2538,206495.0,2211884.0,10.7,10.75,10.65,10.7,0.0,116.0
2025-10-17,2538,341239.0,3662478.0,10.7,10.85,10.65,10.7,0.0,167.0
2025-10-20,2538,211509.0,2246478.0,10.75,10.8,10.55,10.6,-0.1,148.0
2025-10-21,2538,215664.0,2308035.0,10.6,10.75,10.6,10.7,0.1,130.0
2025-10-22,2538,469273.0,5065696.0,10.7,10.85,10.7,10.8,0.1,174.0
2025-10-23,2538,509953.0,5499938.0,10.8,10.9,10.7,10.7,-0.1,187.0
2025-10-27,2538,651353.0,7010750.0,10.7,10.85,10.6,10.85,0.15,222.0
2025-10-28,2538,225662.0,2418033.0,10.85,10.85,10.65,10.7,-0.15,157.0
2025-10-29,2538,195496.0,2090984.0,10.75,10.75,10.65,10.7,0.0,128.0
2025-10-30,2538,373678.0,3979349.0,10.7,10.8,10.6,10.65,-0.05,199.0
2025-10-31,2538,322409.0,3415663.0,10.7,10.7,10.55,10.55,-0.1,149.0
2025-11-03,2538,563536.0,5917942.0,10.55,10.6,10.4,10.6,0.05,272.0
2025-11-04,2538,245751.0,2580904.0,10.6,10.6,10.45,10.5,-0.1,159.0
2025-11-05,2538,354058.0,3688659.0,10.6,10.6,10.35,10.45,-0.05,158.0
2025-11-06,2538,401685.0,4300235.0,10.45,10.85,10.45,10.8,0.35,186.0
2025-11-07,2538,622420.0,6569071.0,10.7,10.7,10.45,10.55,-0.25,238.0
2025-11-10,2538,315712.0,3319578.0,10.55,10.6,10.45,10.5,-0.05,132.0
2025-11-11,2538,354943.0,3743930.0,10.5,10.65,10.45,10.65,0.15,160.0
2025-11-12,2538,213067.0,2274544.0,10.6,10.8,10.6,10.65,0.0,112.0
2025-11-13,2538,493744.0,5332511.0,10.6,10.95,10.6,10.85,0.2,182.0
2025-11-14,2538,563586.0,6148209.0,10.85,11.0,10.75,10.9,0.05,268.0
2025-11-17,2538,1113670.0,12433676.0,11.05,11.3,10.95,11.3,0.4,400.0
2025-11-18,2538,646060.0,7137580.0,11.35,11.35,10.9,11.05,-0.25,307.0
2025-11-19,2538,242330.0,2645034.0,11.05,11.05,10.85,10.85,-0.2,129.0
2025-11-20,2538,179475.0,1958278.0,11.0,11.0,10.85,10.85,0.0,111.0
2025-11-21,2538,309555.0,3353540.0,10.85,11.0,10.8,10.8,-0.05,167.0
2025-11-24,2538,277542.0,3027539.0,10.9,11.0,10.8,10.95,0.15,131.0
2025-11-25,2538,345160.0,3808123.0,10.9,11.15,10.9,11.15,0.2,153.0
2025-11-26,2538,140171.0,1557122.0,11.15,11.2,11.05,11.15,0.0,113.0
2025-11-27,2538,163745.0,1814104.0,11.1,11.2,11.0,11.1,-0.05,86.0
2025-11-28,2538,299638.0,3310488.0,11.05,11.2,11.0,11.1,0.0,121.0
2025-12-01,2538,161626.0,1785694.0,11.0,11.2,11.0,11.0,-0.1,102.0
2025-12-02,2538,330701.0,3693520.0,11.0,11.3,11.0,11.25,0.25,172.0
2025-12-03,2538,287085.0,3250260.0,11.3,11.4,11.2,11.4,0.15,149.0
2025-12-04,2538,199910.0,2274774.0,11.35,11.45,11.3,11.4,0.0,104.0
2025-12-05,2538,253014.0,2869728.0,11.45,11.45,11.25,11.4,0.0,100.0
2025-12-08,2538,488502.0,5502925.0,11.35,11.45,11.15,11.25,-0.15,169.0
2025-12-09,2538,186925.0,2109966.0,11.3,11.35,11.2,11.3,0.05,82.0
2025-12-10,2538,147004.0,1660876.0,11.3,11.4,11.25,11.25,-0.05,89.0
2025-12-11,2538,263525.0,2941641.0,11.3,11.35,11.1,11.2,-0.05,132.0
2025-12-12,2538,208995.0,2344699.0,11.3,11.35,11.15,11.15,-0.05,96.0
2025-12-15,2538,282241.0,3166174.0,11.1,11.3,11.1,11.2,0.05,144.0
2025-12-16,2538,219338.0,2451150.0,11.15,11.25,11.1,11.2,0.0,119.0
2025-12-17,2538,268347.0,3015171.0,11.2,11.3,11.15,11.2,0.0,123.0
2025-12-18,2538,263523.0,2970416.0,11.3,11.3,11.25,11.25,0.05,112.0
2025-12-19,2538,343909.0,3915814.0,11.25,11.45,11.25,11.4,0.15,194.0
2025-12-22,2538,264011.0,2984632.0,11.4,11.4,11.15,11.35,-0.05,105.0
2025-12-23,2538,279383.0,3156230.0,11.3,11.4,11.25,11.4,0.05,100.0
2025-12-24,2538,328492.0,3735334.0,11.4,11.5,11.25,11.35,-0.05,141.0
2025-12-26,2538,158034.0,1797157.0,11.45,11.5,11.3,11.35,0.0,87.0
2025-12-29,2538,830598.0,9430082.0,11.3,11.55,11.25,11.55,0.2,216.0
2025-12-30,2538,213231.0,2434583.0,11.55,11.55,11.3,11.45,-0.1,89.0
2025-12-31,2538,129296.0,1467679.0,11.3,11.45,11.3,11.35,-0.1,93.0
2026-01-02,2538,234091.0,2633706.0,11.3,11.35,11.2,11.2,-0.15,131.0
2026-01-05,2538,806378.0,8859995.0,11.15,11.15,10.9,10.9,-0.3,313.0
2026-01-06,2538,385072.0,4212732.0,10.9,11.05,10.9,10.9,0.0,198.0
2026-01-07,2538,624020.0,6914770.0,11.0,11.25,10.85,11.2,0.3,293.0
2026-01-08,2538,353953.0,3927819.0,11.2,11.25,11.0,11.1,-0.1,132.0
2026-01-09,2538,257769.0,2849721.0,11.1,11.15,10.95,11.1,0.0,140.0
2026-01-12,2538,391506.0,4278354.0,11.0,11.05,10.85,10.95,-0.15,191.0
2026-01-13,2538,220516.0,2413785.0,10.9,11.05,10.9,11.0,0.05,147.0
2026-01-14,2538,110843.0,1223586.0,11.1,11.1,11.0,11.1,0.1,98.0
2026-01-15,2538,145050.0,1594361.0,11.05,11.05,10.9,11.05,-0.05,138.0
2026-01-16,2538,284519.0,3113522.0,11.0,11.0,10.9,10.9,-0.15,168.0
2026-01-19,2538,312413.0,3405051.0,10.85,11.0,10.8,10.9,0.0,255.0
2026-01-20,2538,320167.0,3477009.0,10.9,10.95,10.8,10.8,-0.1,261.0
2026-01-21,2538,307870.0,3332765.0,10.8,10.9,10.75,10.9,0.1,154.0
2026-01-22,2538,249314.0,2704974.0,10.85,10.9,10.8,10.9,0.0,177.0
2026-01-23,2538,280850.0,3024768.0,10.9,10.9,10.7,10.75,-0.15,151.0
2026-01-26,2538,202966.0,2199225.0,10.9,10.9,10.8,10.8,0.05,104.0
2026-01-27,2538,245312.0,2650667.0,10.9,10.95,10.7,10.8,0.0,126.0
2026-01-28,2538,273040.0,2940179.0,10.8,10.9,10.7,10.75,-0.05,180.0
2026-01-29,2538,268743.0,2878723.0,10.75,10.8,10.65,10.75,0.0,166.0
2026-01-30,2538,224131.0,2406797.0,10.8,10.8,10.7,10.8,0.05,111.0
2026-02-02,2538,178945.0,1914918.0,10.8,10.8,10.65,10.65,-0.15,121.0
2026-02-03,2538,168347.0,1793840.0,10.65,10.75,10.6,10.65,0.0,102.0
2026-02-04,2538,155152.0,1652358.0,10.65,10.7,10.6,10.65,0.0,92.0
2026-02-05,2538,256392.0,2725427.0,10.6,10.7,10.6,10.65,0.0,107.0
2026-02-06,2538,324264.0,3422495.0,10.65,10.65,10.5,10.5,-0.15,144.0
2026-02-09,2538,244566.0,2571847.0,10.65,10.65,10.45,10.55,0.05,150.0
2026-02-10,2538,409941.0,4296100.0,10.5,10.55,10.45,10.45,-0.1,215.0
2026-02-11,2538,217467.0,2280860.0,10.45,10.55,10.45,10.5,0.05,162.0
2026-02-23,2538,383900.0,4099367.0,10.55,10.8,10.55,10.75,0.25,289.0
2026-02-24,2538,384484.0,4107090.0,10.75,10.8,10.6,10.8,0.05,191.0
2026-02-25,2538,375402.0,3995114.0,10.8,10.8,10.6,10.7,-0.1,203.0
2026-02-26,2538,550827.0,5889198.0,10.7,10.8,10.6,10.75,0.05,199.0
2026-03-02,2538,204510.0,2188379.0,10.75,10.75,10.65,10.7,-0.05,106.0
2026-03-03,2538,497768.0,5245491.0,10.65,10.65,10.45,10.45,-0.25,235.0
2026-03-04,2538,739057.0,7648856.0,10.45,10.45,10.3,10.35,-0.1,238.0
2026-03-05,2538,257361.0,2692058.0,10.45,10.5,10.4,10.45,0.1,127.0
2026-03-06,2538,222599.0,2330596.0,10.45,10.55,10.35,10.5,0.05,129.0
2026-03-09,2538,532919.0,5473757.0,10.3,10.35,10.2,10.2,-0.3,294.0
2026-03-10,2538,224659.0,2327771.0,10.35,10.45,10.3,10.35,0.15,136.0
2026-03-11,2538,193857.0,2026570.0,10.4,10.5,10.4,10.4,0.05,112.0
2026-03-12,2538,719686.0,7372832.0,10.35,10.35,10.15,10.15,-0.25,340.0
2026-03-13,2538,757399.0,7671334.0,10.15,10.25,10.05,10.15,0.0,302.0
2026-03-16,2538,321333.0,3260694.0,10.2,10.2,10.1,10.1,-0.05,188.0
2026-03-17,2538,299345.0,3054870.0,10.15,10.3,10.15,10.2,0.1,141.0
2026-03-18,2538,301582.0,3098049.0,10.3,10.35,10.2,10.2,0.0,165.0
2026-03-19,2538,398787.0,4049274.0,10.15,10.2,10.05,10.15,-0.05,153.0
2026-03-20,2538,317063.0,3240371.0,10.2,10.25,10.2,10.2,0.05,143.0
2026-03-23,2538,738336.0,7406477.0,10.2,10.2,9.99,10.05,-0.15,283.0
2026-03-24,2538,452023.0,4546379.0,10.1,10.15,10.0,10.05,0.0,175.0
2026-03-25,2538,150011.0,1528498.0,10.2,10.25,10.15,10.2,0.15,103.0
2026-03-26,2538,120597.0,1234769.0,10.3,10.3,10.15,10.2,0.0,89.0
2026-03-27,2538,158708.0,1613049.0,10.15,10.25,10.1,10.15,-0.05,94.0
2026-03-30,2538,164499.0,1664095.0,10.2,10.2,10.05,10.15,0.0,112.0
2026-03-31,2538,204639.0,2060050.0,10.15,10.15,10.0,10.0,-0.15,125.0
2026-04-01,2538,167028.0,1691227.0,10.05,10.2,10.05,10.05,0.05,88.0
2026-04-02,2538,221632.0,2239546.0,10.2,10.2,10.0,10.0,-0.05,112.0
2026-04-07,2538,411228.0,4115561.0,10.0,10.05,9.99,10.0,0.0,153.0
2026-04-08,2538,491688.0,4941925.0,10.0,10.2,10.0,10.1,0.1,174.0
2026-04-09,2538,95285.0,957454.0,10.15,10.15,10.0,10.1,0.0,83.0
2026-04-10,2538,449619.0,4502298.0,10.0,10.1,10.0,10.0,-0.1,193.0
2026-04-13,2538,227472.0,2293742.0,10.0,10.1,10.0,10.1,0.1,133.0
2026-04-14,2538,322087.0,3264247.0,10.15,10.2,10.05,10.1,0.0,206.0
2026-04-15,2538,508460.0,5121753.0,10.15,10.15,10.0,10.0,-0.1,198.0
2026-04-16,2538,237874.0,2405882.0,10.1,10.15,10.05,10.05,0.05,166.0
2026-04-17,2538,322145.0,3247740.0,10.1,10.15,10.05,10.1,0.05,193.0
2026-04-20,2538,357494.0,3592883.0,10.1,10.15,10.0,10.0,-0.1,164.0
2026-04-21,2538,199402.0,2007889.0,10.1,10.1,10.0,10.05,0.05,126.0
2026-04-22,2538,292079.0,2949758.0,10.15,10.15,10.05,10.15,0.1,135.0
2026-04-23,2538,391243.0,3921072.0,10.1,10.15,10.0,10.0,-0.15,177.0
2026-04-24,2538,601341.0,6011789.0,10.0,10.05,9.98,10.0,0.0,187.0
2026-04-27,2538,475658.0,4746856.0,10.0,10.0,9.95,9.95,-0.05,180.0
2026-04-28,2538,312149.0,3106455.0,10.05,10.05,9.91,9.94,-0.01,144.0
2026-04-29,2538,289562.0,2878462.0,9.93,9.97,9.93,9.93,-0.01,173.0
2026-04-30,2538,809038.0,7944388.0,9.93,9.95,9.72,9.76,-0.17,307.0
2026-05-04,2538,820120.0,7910388.0,9.76,9.76,9.58,9.6,-0.16,385.0
2026-05-05,2538,608180.0,5859393.0,9.59,9.8,9.53,9.66,0.06,205.0
2026-05-06,2538,504303.0,4996438.0,9.67,10.0,9.67,10.0,0.34,273.0
2026-05-07,2538,795200.0,7860389.0,10.05,10.05,9.8,9.89,-0.11,314.0
2026-05-08,2538,299016.0,2975232.0,9.89,10.05,9.89,9.96,0.07,150.0
2026-05-11,2538,647756.0,6364679.0,9.93,9.93,9.8,9.8,-0.16,275.0
2026-05-12,2538,322983.0,3148311.0,9.75,9.8,9.72,9.72,-0.08,188.0
2026-05-13,2538,542731.0,5247536.0,9.63,9.73,9.63,9.67,-0.05,122.0
2026-05-14,2538,403477.0,3876595.0,9.62,9.67,9.57,9.59,-0.08,208.0
2026-05-15,2538,933212.0,8852323.0,9.61,9.73,9.4,9.41,-0.18,324.0
2026-05-18,2538,649027.0,6077294.0,9.39,9.42,9.26,9.39,-0.02,177.0
2026-05-19,2538,688795.0,6415005.0,9.38,9.42,9.24,9.26,-0.13,321.0
2026-05-20,2538,210046.0,1961081.0,9.26,9.48,9.22,9.38,0.12,140.0
2026-05-21,2538,162135.0,1522801.0,9.4,9.46,9.35,9.46,0.08,124.0
2026-05-22,2538,197510.0,1856221.0,9.43,9.48,9.37,9.41,-0.05,150.0
2026-05-25,2538,381075.0,3552265.0,9.41,9.41,9.29,9.37,-0.04,261.0
2026-05-26,2538,318359.0,2971633.0,9.35,9.37,9.3,9.31,-0.06,156.0
2026-05-27,2538,418662.0,3902686.0,9.28,9.38,9.23,9.37,0.06,298.0
2026-05-28,2538,376415.0,3491272.0,9.37,9.37,9.25,9.29,-0.08,250.0
2026-05-29,2538,357904.0,3322724.0,9.3,9.32,9.25,9.31,0.02,218.0
2026-06-01,2538,3664022.0,34878834.0,9.31,9.8,9.29,9.64,0.33,412.0
2026-06-02,2538,1154950.0,11091551.0,9.64,9.7,9.5,9.51,-0.13,338.0
2026-06-03,2538,1311215.0,12980682.0,9.55,10.15,9.55,10.1,0.59,516.0
2026-06-04,2538,520334.0,5210969.0,10.1,10.1,9.98,9.98,-0.12,247.0
2026-06-05,2538,481025.0,4850566.0,9.98,10.2,9.98,10.1,0.12,250.0
2026-06-08,2538,416942.0,4135220.0,9.88,10.1,9.76,10.0,-0.1,193.0
2026-06-09,2538,452879.0,4528072.0,9.93,10.1,9.93,9.99,-0.01,190.0
2026-06-10,2538,1049720.0,10710621.0,9.99,10.4,9.92,10.15,0.16,477.0
2026-06-11,2538,372481.0,3760366.0,10.3,10.3,10.0,10.1,-0.05,179.0
2026-06-12,2538,466933.0,4738859.0,10.2,10.25,10.05,10.1,0.0,179.0
2026-06-15,2538,346531.0,3508397.0,10.2,10.2,10.05,10.15,0.05,195.0
2026-06-16,2538,265222.0,2692947.0,10.15,10.2,10.1,10.15,0.0,160.0
2026-06-17,2538,692791.0,7007974.0,10.15,10.15,10.0,10.15,0.0,157.0
2026-06-18,2538,582238.0,5932900.0,10.2,10.35,10.1,10.1,-0.05,229.0
2026-06-22,2538,707005.0,7091945.0,10.1,10.15,9.96,10.0,-0.1,264.0
2026-06-23,2538,527368.0,5241771.0,9.93,10.0,9.9,9.9,-0.1,230.0
2026-06-24,2538,115257.0,1148388.0,9.9,10.0,9.86,9.99,0.09,78.0
2026-06-25,2538,567066.0,5694576.0,10.05,10.15,9.99,10.05,0.06,176.0
2026-06-26,2538,662404.0,6532465.0,10.0,10.0,9.77,9.84,-0.21,305.0
2026-06-29,2538,160127.0,1582663.0,9.85,9.92,9.84,9.86,0.02,141.0
2026-06-30,2538,265802.0,2612144.0,9.9,9.91,9.8,9.86,0.0,174.0
2026-07-01,2538,425021.0,4168159.0,9.92,9.92,9.72,9.83,-0.03,205.0
2026-07-02,2538,330149.0,3228863.0,9.88,9.88,9.74,9.8,-0.03,215.0
2026-07-03,2538,413556.0,4101813.0,9.74,9.98,9.74,9.97,0.17,217.0
2026-07-06,2538,254032.0,2537436.0,10.0,10.0,9.94,9.97,0.0,167.0
2026-07-07,2538,505256.0,5007718.0,10.0,10.0,9.84,9.88,-0.09,219.0
2026-07-08,2538,318648.0,3139797.0,9.88,9.9,9.83,9.83,-0.05,168.0
2026-07-09,2538,317448.0,3128556.0,9.89,9.91,9.81,9.91,0.08,159.0
2026-07-13,2538,312630.0,3074090.0,9.86,9.89,9.8,9.81,-0.1,139.0
2026-07-14,2538,401984.0,3928498.0,9.8,9.83,9.74,9.74,-0.07,182.0
2026-07-15,2538,336481.0,3291163.0,9.73,9.87,9.73,9.81,0.07,174.0
2026-07-16,2538,496538.0,4918378.0,9.89,9.95,9.81,9.9,0.09,281.0
2026-07-17,2538,544213.0,5356755.0,9.9,9.91,9.77,9.86,-0.04,231.0
2026-07-20,2538,311952.0,3070971.0,9.92,9.93,9.78,9.83,-0.03,208.0
2026-07-21,2538,250250.0,2481070.0,9.9,9.97,9.83,9.92,0.09,166.0
2026-07-22,2538,241181.0,2391112.0,9.93,9.95,9.87,9.87,-0.05,195.0
2026-07-23,2538,298057.0,2938250.0,9.93,9.93,9.83,9.9,0.03,139.0
2026-07-24,2538,394281.0,3909953.0,9.81,9.98,9.81,9.95,0.05,186.0
2026-07-27,2538,913192.0,9166326.0,9.98,10.15,9.95,10.05,0.1,282.0
2026-07-28,2538,462268.0,4619924.0,10.1,10.15,9.96,9.96,-0.09,227.0
2026-07-29,2538,1147334.0,11409924.0,10.1,10.1,9.8,10.0,0.04,455.0
2026-07-30,2538,430952.0,4099074.0,9.59,9.63,9.4,9.56,0.0,224.0
2026-07-31,2538,314902.0,3002269.0,9.56,9.68,9.48,9.5,-0.06,171.0
2026-08-03,2538,342184.0,3207878.0,9.46,9.48,9.34,9.48,-0.02,232.0
2026-08-04,2538,384098.0,3580018.0,9.36,9.37,9.29,9.34,-0.14,227.0
2026-08-05,2538,230290.0,2142719.0,9.35,9.35,9.28,9.29,-0.05,214.0
2026-08-06,2538,640757.0,5884048.0,9.35,9.35,9.12,9.15,-0.14,461.0
2026-08-07,2538,216362.0,1986154.0,9.15,9.22,9.13,9.16,0.01,160.0
2026-08-10,2538,339072.0,3106794.0,9.21,9.24,9.13,9.17,0.01,190.0
2026-08-11,2538,348333.0,3181141.0,9.18,9.18,9.12,9.13,-0.04,201.0
2026-08-12,2538,160499.0,1468401.0,9.13,9.17,9.13,9.13,0.0,111.0
2026-08-13,2538,480675.0,4382656.0,9.18,9.2,9.08,9.14,0.01,257.0
2026-08-14,2538,302811.0,2755812.0,9.14,9.15,9.08,9.11,-0.03,175.0
2026-08-17,2538,302903.0,2754051.0,9.11,9.13,9.07,9.12,0.01,193.0
2026-08-18,2538,596662.0,5404671.0,9.12,9.27,9.01,9.07,-0.05,296.0
2026-08-19,2538,316952.0,2860617.0,9.09,9.09,9.0,9.02,-0.05,200.0
2026-08-20,2538,289154.0,2613141.0,9.02,9.07,9.01,9.06,0.04,205.0
2026-08-21,2538,267034.0,2427238.0,9.06,9.13,9.03,9.13,0.07,186.0
2026-08-24,2538,430204.0,3904303.0,9.1,9.17,9.04,9.07,-0.06,281.0
2026-08-25,2538,401274.0,3625369.0,9.11,9.11,9.01,9.08,0.01,227.0
2026-08-26,2538,406081.0,3670062.0,9.13,9.14,9.0,9.14,0.06,258.0
2026-08-27,2538,466286.0,4216355.0,9.14,9.15,9.01,9.01,-0.13,249.0
2026-08-28,2538,972921.0,8707231.0,9.03,9.03,8.9,8.9,-0.11,535.0
2026-08-31,2538,718665.0,6346269.0,8.88,8.91,8.81,8.84,-0.06,358.0
2026-09-01,2538,388472.0,3437084.0,8.85,8.89,8.82,8.83,-0.01,255.0
2026-09-02,2538,853127.0,7483953.0,8.82,8.83,8.73,8.81,-0.02,416.0
2026-09-03,2538,733869.0,6486643.0,8.81,8.93,8.75,8.89,0.08,299.0
2026-09-04,2538,538369.0,4755581.0,8.96,8.96,8.77,8.89,0.0,317.0
2026-09-07,2538,463753.0,4096441.0,8.89,8.89,8.79,8.79,-0.1,290.0
