date,stock_id,Trading_Volume,Trading_money,open,max,min,close,spread,Trading_turnover
2016-01-04,2610,25807178.0,300757232.0,12.0,12.05,11.45,11.45,-0.55,5134.0
2016-01-05,2610,14326896.0,163525210.0,11.45,11.6,11.3,11.35,-0.1,3000.0
2016-01-06,2610,28458872.0,333181164.0,11.75,11.9,11.5,11.55,0.2,5222.0
2016-01-07,2610,21609839.0,250618328.0,11.65,11.8,11.4,11.6,0.05,4576.0
2016-01-08,2610,20017086.0,231121277.0,11.6,11.7,11.4,11.45,-0.15,3412.0
2016-01-11,2610,25736845.0,286159573.0,11.35,11.35,11.0,11.05,-0.4,4706.0
2016-01-12,2610,29731171.0,338253810.0,11.3,11.6,11.2,11.25,0.2,5253.0
2016-01-13,2610,16227836.0,183790190.0,11.45,11.5,11.2,11.3,0.05,3070.0
2016-01-14,2610,16658479.0,187410807.0,11.1,11.4,11.05,11.3,0.0,2710.0
2016-01-15,2610,14959079.0,168062576.0,11.3,11.35,11.15,11.15,-0.15,3447.0
2016-01-18,2610,19722702.0,224587845.0,11.2,11.5,11.1,11.45,0.3,4214.0
2016-01-19,2610,7966808.0,90771108.0,11.45,11.5,11.35,11.4,-0.05,1895.0
2016-01-20,2610,11334256.0,127018547.0,11.3,11.4,11.1,11.2,-0.2,2522.0
2016-01-21,2610,10245998.0,115560998.0,11.25,11.35,11.2,11.2,0.0,1999.0
2016-01-22,2610,5658562.0,63351113.0,11.25,11.35,11.1,11.2,0.0,1303.0
2016-01-25,2610,14802170.0,164188088.0,11.1,11.15,11.0,11.15,-0.05,2410.0
2016-01-26,2610,7703913.0,85535332.0,11.15,11.2,11.05,11.05,-0.1,1869.0
2016-01-27,2610,8324820.0,92396556.0,11.15,11.2,11.05,11.1,0.05,1479.0
2016-01-28,2610,7602087.0,84645361.0,11.1,11.2,11.05,11.15,0.05,1595.0
2016-01-29,2610,12212577.0,136762686.0,11.2,11.3,11.1,11.25,0.1,1834.0
2016-01-30,2610,10915951.0,123479141.0,11.3,11.35,11.25,11.35,0.1,1702.0
2016-02-01,2610,7696033.0,86636512.0,11.35,11.35,11.2,11.35,0.0,1779.0
2016-02-02,2610,7674744.0,86568327.0,11.4,11.4,11.25,11.25,-0.1,2327.0
2016-02-03,2610,11012209.0,122819712.0,11.3,11.3,11.1,11.1,-0.15,2159.0
2016-02-15,2610,16772615.0,189829639.0,11.2,11.45,11.1,11.35,0.25,3108.0
2016-02-16,2610,16333538.0,187540767.0,11.45,11.55,11.35,11.55,0.2,3174.0
2016-02-17,2610,15106090.0,173584213.0,11.6,11.65,11.35,11.35,-0.2,2594.0
2016-02-18,2610,14950087.0,170453921.0,11.4,11.55,11.3,11.35,0.0,2811.0
2016-02-19,2610,9091327.0,103383934.0,11.4,11.45,11.3,11.35,0.0,1923.0
2016-02-22,2610,27138052.0,314625686.0,11.4,11.8,11.4,11.5,0.15,4145.0
2016-02-23,2610,10444008.0,119689684.0,11.55,11.55,11.4,11.45,-0.05,2411.0
2016-02-24,2610,6420807.0,73467100.0,11.45,11.55,11.4,11.4,-0.05,1675.0
2016-02-25,2610,6073410.0,69431918.0,11.5,11.5,11.4,11.4,0.0,1198.0
2016-02-26,2610,10955097.0,125805749.0,11.45,11.5,11.45,11.5,0.1,1679.0
2016-03-01,2610,10023271.0,115388580.0,11.55,11.55,11.45,11.55,0.05,2123.0
2016-03-02,2610,19062131.0,221586155.0,11.6,11.7,11.5,11.65,0.1,2863.0
2016-03-03,2610,8124038.0,94350429.0,11.65,11.7,11.55,11.6,-0.05,2076.0
2016-03-04,2610,11108673.0,129097148.0,11.6,11.7,11.55,11.65,0.05,2526.0
2016-03-07,2610,12089916.0,141157662.0,11.65,11.8,11.6,11.65,0.0,2685.0
2016-03-08,2610,16800748.0,197275189.0,11.65,11.85,11.6,11.75,0.1,3352.0
2016-03-09,2610,13041557.0,152872806.0,11.75,11.8,11.65,11.7,-0.05,2706.0
2016-03-10,2610,10132640.0,118711747.0,11.7,11.75,11.65,11.7,0.0,3318.0
2016-03-11,2610,12327216.0,143716797.0,11.75,11.8,11.6,11.6,-0.1,4330.0
2016-03-14,2610,12897790.0,148773928.0,11.7,11.7,11.45,11.55,-0.05,2950.0
2016-03-15,2610,16927772.0,194547784.0,11.55,11.65,11.35,11.4,-0.15,2739.0
2016-03-16,2610,8476207.0,97138959.0,11.4,11.55,11.4,11.55,0.15,2148.0
2016-03-17,2610,11128403.0,128293882.0,11.6,11.6,11.45,11.55,0.0,2950.0
2016-03-18,2610,13526273.0,156592134.0,11.55,11.6,11.5,11.6,0.05,2855.0
2016-03-21,2610,5567026.0,64221236.0,11.55,11.6,11.45,11.5,-0.1,1423.0
2016-03-22,2610,5986754.0,68967314.0,11.5,11.55,11.45,11.55,0.05,1591.0
2016-03-23,2610,4555101.0,52338505.0,11.5,11.55,11.45,11.55,0.0,1328.0
2016-03-24,2610,6387891.0,73564482.0,11.55,11.6,11.45,11.5,-0.05,1428.0
2016-03-25,2610,4144181.0,47648102.0,11.5,11.55,11.45,11.45,-0.05,719.0
2016-03-28,2610,11458449.0,132033444.0,11.55,11.65,11.45,11.45,0.0,1340.0
2016-03-29,2610,12268466.0,141306029.0,11.5,11.6,11.45,11.5,0.05,1779.0
2016-03-30,2610,9120741.0,105253871.0,11.55,11.6,11.5,11.5,0.0,2314.0
2016-03-31,2610,10670152.0,122857489.0,11.55,11.6,11.45,11.5,0.0,2437.0
2016-04-01,2610,12287781.0,140047306.0,11.45,11.5,11.3,11.35,-0.15,2304.0
2016-04-06,2610,20623682.0,230890545.0,11.3,11.3,11.15,11.15,-0.2,3557.0
2016-04-07,2610,8618518.0,95710268.0,11.2,11.2,11.05,11.15,0.0,2036.0
2016-04-08,2610,12123179.0,134167269.0,11.1,11.15,11.05,11.05,-0.1,2445.0
2016-04-11,2610,5254406.0,58144479.0,11.1,11.15,11.05,11.05,0.0,1058.0
2016-04-12,2610,12157676.0,134835936.0,11.05,11.15,11.05,11.05,0.0,3056.0
2016-04-13,2610,8554610.0,94971490.0,11.1,11.15,11.05,11.15,0.1,2310.0
2016-04-14,2610,9570468.0,105938498.0,11.15,11.15,11.0,11.0,-0.15,2308.0
2016-04-15,2610,7708099.0,85034589.0,11.05,11.1,11.0,11.05,0.05,1997.0
2016-04-18,2610,10813747.0,118926986.0,11.05,11.1,10.9,10.95,-0.1,2085.0
2016-04-19,2610,12475781.0,135629077.0,10.95,11.0,10.8,10.8,-0.15,2721.0
2016-04-20,2610,16494079.0,176278225.0,10.9,10.9,10.55,10.6,-0.2,4738.0
2016-04-21,2610,10171056.0,107669581.0,10.65,10.7,10.55,10.6,0.0,2411.0
2016-04-22,2610,7088374.0,75143759.0,10.6,10.65,10.55,10.6,0.0,1755.0
2016-04-25,2610,8702587.0,92782822.0,10.55,10.75,10.55,10.75,0.15,2144.0
2016-04-26,2610,5415999.0,58153782.0,10.75,10.8,10.7,10.8,0.05,1361.0
2016-04-27,2610,9787367.0,104808199.0,10.8,10.8,10.65,10.75,-0.05,1730.0
2016-04-28,2610,12259061.0,129657288.0,10.7,10.7,10.5,10.6,-0.15,2141.0
2016-04-29,2610,8906394.0,93667251.0,10.5,10.6,10.45,10.55,-0.05,1867.0
2016-05-03,2610,11048110.0,115921656.0,10.45,10.55,10.45,10.55,0.0,2062.0
2016-05-04,2610,12859312.0,133766873.0,10.5,10.55,10.25,10.35,-0.2,2733.0
2016-05-05,2610,17598730.0,178040028.0,10.25,10.3,10.05,10.05,-0.3,4207.0
2016-05-06,2610,12683285.0,128205622.0,10.1,10.2,10.05,10.1,0.05,2364.0
2016-05-09,2610,7148848.0,72763094.0,10.2,10.25,10.1,10.25,0.15,1818.0
2016-05-10,2610,4996718.0,50722695.0,10.2,10.25,10.1,10.15,-0.1,1600.0
2016-05-11,2610,7433088.0,75209629.0,10.15,10.2,10.05,10.05,-0.1,1686.0
2016-05-12,2610,5400811.0,54446860.0,10.05,10.15,10.05,10.05,0.0,1243.0
2016-05-13,2610,11274468.0,113368748.0,10.05,10.1,10.0,10.1,0.05,2262.0
2016-05-16,2610,13163529.0,131244780.0,10.1,10.1,9.86,10.1,0.0,3028.0
2016-05-17,2610,8247135.0,82868501.0,10.05,10.1,10.0,10.05,-0.05,1645.0
2016-05-18,2610,7813867.0,78098400.0,10.0,10.05,9.94,10.05,0.0,2438.0
2016-05-19,2610,7199409.0,72050130.0,9.98,10.1,9.95,10.1,0.05,2130.0
2016-05-20,2610,17065600.0,171111050.0,10.05,10.2,9.91,10.05,-0.05,3020.0
2016-05-23,2610,9986913.0,100633295.0,10.0,10.15,9.96,10.15,0.1,1861.0
2016-05-24,2610,10249807.0,103434506.0,10.15,10.2,10.0,10.1,-0.05,2389.0
2016-05-25,2610,11938243.0,122390968.0,10.15,10.35,10.1,10.3,0.2,3006.0
2016-05-26,2610,12578848.0,131139019.0,10.3,10.5,10.3,10.4,0.1,2652.0
2016-05-27,2610,7023495.0,73393236.0,10.5,10.5,10.4,10.5,0.1,1776.0
2016-05-30,2610,9122098.0,94750192.0,10.45,10.45,10.25,10.35,-0.15,2313.0
2016-05-31,2610,15747328.0,162780090.0,10.35,10.4,10.3,10.35,0.0,2581.0
2016-06-01,2610,8878877.0,92299966.0,10.35,10.45,10.3,10.45,0.1,1921.0
2016-06-02,2610,7461592.0,77859541.0,10.45,10.5,10.4,10.4,-0.05,2241.0
2016-06-03,2610,7298829.0,75976981.0,10.4,10.45,10.35,10.4,0.0,2036.0
2016-06-04,2610,2053323.0,21364786.0,10.4,10.45,10.35,10.45,0.05,445.0
2016-06-06,2610,7763368.0,80582630.0,10.4,10.5,10.3,10.4,-0.05,1624.0
2016-06-07,2610,11502876.0,119468255.0,10.4,10.45,10.3,10.4,0.0,2955.0
2016-06-08,2610,20339792.0,211845607.0,10.45,10.5,10.35,10.45,0.05,3334.0
2016-06-13,2610,12450896.0,127921083.0,10.45,10.45,10.15,10.2,-0.25,1907.0
2016-06-14,2610,11302641.0,114634517.0,10.25,10.25,10.1,10.15,-0.05,3678.0
2016-06-15,2610,21476184.0,216605286.0,10.15,10.2,10.0,10.15,0.0,2599.0
2016-06-16,2610,13110556.0,131388134.0,10.15,10.15,10.0,10.0,-0.15,2315.0
2016-06-17,2610,14828932.0,148782820.0,10.05,10.1,10.0,10.05,0.05,2851.0
2016-06-20,2610,14673858.0,146823340.0,10.05,10.1,9.98,10.05,0.0,3128.0
2016-06-21,2610,17936571.0,179509480.0,10.0,10.05,9.98,10.05,0.0,2994.0
2016-06-22,2610,17784233.0,178521101.0,9.99,10.1,9.95,10.1,0.05,2879.0
2016-06-23,2610,11610925.0,116300550.0,10.05,10.05,10.0,10.0,-0.1,1982.0
2016-06-24,2610,58665171.0,590446730.0,9.99,10.25,9.91,10.1,0.1,9122.0
2016-06-27,2610,36184295.0,359688503.0,10.0,10.05,9.87,9.9,-0.2,6553.0
2016-06-28,2610,44542469.0,420336993.0,9.75,9.75,9.25,9.4,-0.5,9779.0
2016-06-29,2610,32462197.0,316527006.0,9.69,9.83,9.6,9.79,0.39,7431.0
2016-06-30,2610,19926328.0,192770114.0,9.8,9.8,9.6,9.69,-0.1,6889.0
2016-07-01,2610,19081137.0,184187418.0,9.71,9.71,9.61,9.62,-0.07,4953.0
2016-07-04,2610,16427949.0,156930620.0,9.61,9.65,9.51,9.51,-0.11,4316.0
2016-07-05,2610,25487876.0,239842670.0,9.5,9.51,9.36,9.38,-0.13,5525.0
2016-07-06,2610,37895852.0,347953307.0,9.34,9.34,9.07,9.12,-0.26,7360.0
2016-07-07,2610,15076607.0,138848703.0,9.15,9.26,9.15,9.25,0.13,3609.0
2016-07-11,2610,17628198.0,165312525.0,9.31,9.46,9.25,9.41,0.16,4473.0
2016-07-12,2610,18303388.0,170669723.0,9.46,9.48,9.27,9.28,-0.13,4429.0
2016-07-13,2610,18724958.0,175392150.0,9.35,9.46,9.29,9.46,0.18,4157.0
2016-07-14,2610,17038537.0,160794576.0,9.45,9.5,9.35,9.48,0.02,4163.0
2016-07-15,2610,36711496.0,355628858.0,9.56,9.76,9.56,9.63,0.15,7562.0
2016-07-18,2610,25525219.0,249311875.0,9.68,9.84,9.65,9.8,0.17,4733.0
2016-07-19,2610,19277311.0,189291587.0,9.85,9.86,9.72,9.85,0.05,4273.0
2016-07-20,2610,20906827.0,206496292.0,9.9,9.92,9.82,9.92,0.07,4194.0
2016-07-21,2610,25446644.0,254437910.0,9.92,10.05,9.9,10.05,0.13,4470.0
2016-07-22,2610,30914297.0,307403419.0,10.0,10.05,9.84,9.91,-0.14,5105.0
2016-07-25,2610,20736717.0,198877630.0,9.64,9.7,9.52,9.57,0.0,4082.0
2016-07-26,2610,14404742.0,137092826.0,9.58,9.58,9.46,9.48,-0.09,3794.0
2016-07-27,2610,11145477.0,105782970.0,9.55,9.55,9.47,9.5,0.02,2026.0
2016-07-28,2610,13132258.0,125666290.0,9.51,9.65,9.45,9.61,0.11,2921.0
2016-07-29,2610,16204823.0,153327318.0,9.56,9.58,9.4,9.4,-0.21,4646.0
2016-08-01,2610,16422462.0,156641241.0,9.45,9.59,9.44,9.55,0.15,4023.0
2016-08-02,2610,12295293.0,117438476.0,9.6,9.6,9.5,9.52,-0.03,2507.0
2016-08-03,2610,9285398.0,88439156.0,9.49,9.58,9.46,9.55,0.03,2203.0
2016-08-04,2610,7962576.0,75735447.0,9.59,9.59,9.48,9.54,-0.01,1651.0
2016-08-05,2610,9813372.0,93671988.0,9.56,9.58,9.5,9.56,0.02,2122.0
2016-08-08,2610,14895051.0,141049136.0,9.57,9.57,9.45,9.46,-0.1,3463.0
2016-08-09,2610,10069313.0,95508526.0,9.55,9.55,9.45,9.49,0.03,3116.0
2016-08-10,2610,13315016.0,125677129.0,9.49,9.53,9.4,9.4,-0.09,2760.0
2016-08-11,2610,14793840.0,139632400.0,9.41,9.5,9.4,9.5,0.1,4361.0
2016-08-12,2610,21308429.0,203017672.0,9.51,9.56,9.5,9.51,0.01,4750.0
2016-08-15,2610,9456922.0,90383456.0,9.52,9.59,9.51,9.59,0.08,2528.0
2016-08-16,2610,8930613.0,84765137.0,9.56,9.56,9.46,9.51,-0.08,1969.0
2016-08-17,2610,14624275.0,137766882.0,9.46,9.48,9.4,9.4,-0.11,3601.0
2016-08-18,2610,4059185.0,38331539.0,9.4,9.47,9.4,9.46,0.06,1182.0
2016-08-19,2610,14787523.0,138056794.0,9.46,9.47,9.26,9.3,-0.16,4119.0
2016-08-22,2610,12109152.0,111471736.0,9.3,9.31,9.17,9.17,-0.13,3318.0
2016-08-23,2610,8021679.0,73896375.0,9.19,9.27,9.19,9.21,0.04,2433.0
2016-08-24,2610,6874787.0,63171567.0,9.24,9.24,9.17,9.18,-0.03,2273.0
2016-08-25,2610,9228669.0,85155112.0,9.2,9.27,9.18,9.27,0.09,2126.0
2016-08-26,2610,6374250.0,59041180.0,9.27,9.29,9.22,9.29,0.02,1818.0
2016-08-29,2610,7599086.0,70221330.0,9.27,9.29,9.21,9.29,0.0,1865.0
2016-08-30,2610,6040549.0,56071842.0,9.29,9.3,9.27,9.29,0.0,1449.0
2016-08-31,2610,11043992.0,101853522.0,9.29,9.29,9.21,9.21,-0.08,1999.0
2016-09-01,2610,5719554.0,52840608.0,9.21,9.26,9.19,9.25,0.04,1792.0
2016-09-02,2610,16142351.0,152291731.0,9.38,9.49,9.38,9.4,0.15,3430.0
2016-09-05,2610,6015605.0,56697505.0,9.44,9.48,9.4,9.42,0.02,1187.0
2016-09-06,2610,8591795.0,81321849.0,9.42,9.49,9.4,9.49,0.07,2017.0
2016-09-07,2610,9826007.0,93611202.0,9.5,9.57,9.5,9.56,0.07,2452.0
2016-09-08,2610,11880194.0,114043229.0,9.56,9.64,9.51,9.63,0.07,3504.0
2016-09-09,2610,6646974.0,63483626.0,9.6,9.6,9.5,9.55,-0.08,2081.0
2016-09-10,2610,4465779.0,42103319.0,9.4,9.46,9.36,9.43,-0.12,1141.0
2016-09-12,2610,9944387.0,93384932.0,9.43,9.43,9.35,9.35,-0.08,2814.0
2016-09-13,2610,6441472.0,60021707.0,9.38,9.39,9.25,9.29,-0.06,2181.0
2016-09-14,2610,5893688.0,54807029.0,9.28,9.36,9.27,9.28,-0.01,2246.0
2016-09-19,2610,6186538.0,57854075.0,9.28,9.4,9.28,9.36,0.08,1643.0
2016-09-20,2610,6386235.0,60207078.0,9.37,9.47,9.37,9.45,0.09,1807.0
2016-09-21,2610,4597148.0,43412895.0,9.45,9.49,9.38,9.48,0.03,1600.0
2016-09-22,2610,5097819.0,48137623.0,9.5,9.51,9.39,9.47,-0.01,1454.0
2016-09-23,2610,10347556.0,98598393.0,9.44,9.57,9.44,9.57,0.1,2304.0
2016-09-26,2610,5939269.0,56356321.0,9.56,9.56,9.44,9.45,-0.12,1139.0
2016-09-29,2610,8302650.0,78908494.0,9.49,9.55,9.47,9.49,0.04,2658.0
2016-09-30,2610,8443329.0,79180235.0,9.45,9.46,9.35,9.35,-0.14,2229.0
2016-10-03,2610,4129377.0,38760062.0,9.41,9.42,9.36,9.38,0.03,1186.0
2016-10-04,2610,5146104.0,48586113.0,9.37,9.48,9.37,9.48,0.1,1787.0
2016-10-05,2610,2832348.0,26738601.0,9.48,9.48,9.42,9.45,-0.03,991.0
2016-10-06,2610,5638380.0,53368938.0,9.45,9.5,9.42,9.5,0.05,2026.0
2016-10-07,2610,3840651.0,36234595.0,9.5,9.5,9.41,9.44,-0.06,1414.0
2016-10-11,2610,5562303.0,52271795.0,9.5,9.5,9.36,9.39,-0.05,1829.0
2016-10-12,2610,4612003.0,43422306.0,9.36,9.45,9.35,9.43,0.04,1851.0
2016-10-13,2610,4979077.0,46770898.0,9.44,9.44,9.36,9.4,-0.03,2636.0
2016-10-14,2610,5659978.0,53003042.0,9.4,9.4,9.34,9.35,-0.05,2013.0
2016-10-17,2610,5534679.0,51397830.0,9.34,9.35,9.25,9.29,-0.06,1979.0
2016-10-18,2610,6034330.0,56591033.0,9.28,9.43,9.28,9.38,0.09,2531.0
2016-10-19,2610,3587940.0,33705179.0,9.41,9.41,9.38,9.4,0.02,1590.0
2016-10-20,2610,5309430.0,49897073.0,9.4,9.42,9.36,9.42,0.02,2092.0
2016-10-21,2610,25006315.0,236497936.0,9.42,9.55,9.37,9.44,0.02,3134.0
2016-10-24,2610,6678980.0,62961010.0,9.46,9.5,9.4,9.42,-0.02,1992.0
2016-10-25,2610,4669276.0,43855549.0,9.42,9.45,9.37,9.38,-0.04,2068.0
2016-10-26,2610,5473591.0,51295336.0,9.38,9.4,9.35,9.36,-0.02,2747.0
2016-10-27,2610,8678273.0,81573523.0,9.37,9.47,9.37,9.39,0.03,2403.0
2016-10-28,2610,6890355.0,64546376.0,9.4,9.43,9.34,9.39,0.0,2144.0
2016-10-31,2610,14456990.0,136953939.0,9.37,9.64,9.26,9.55,0.16,3449.0
2016-11-01,2610,12075809.0,115661815.0,9.55,9.61,9.47,9.6,0.05,3300.0
2016-11-02,2610,6645754.0,63008600.0,9.57,9.57,9.43,9.47,-0.13,2125.0
2016-11-03,2610,5064820.0,47662829.0,9.47,9.51,9.37,9.4,-0.07,1414.0
2016-11-04,2610,6221468.0,58249957.0,9.4,9.4,9.34,9.35,-0.05,1578.0
2016-11-07,2610,4747628.0,44593068.0,9.37,9.42,9.36,9.39,0.04,1313.0
2016-11-08,2610,5157963.0,48297653.0,9.4,9.4,9.33,9.38,-0.01,1887.0
2016-11-09,2610,11277995.0,104549103.0,9.4,9.42,9.16,9.16,-0.22,3185.0
2016-11-10,2610,4915397.0,45672156.0,9.26,9.33,9.26,9.28,0.12,1694.0
2016-11-11,2610,11164451.0,102642434.0,9.25,9.25,9.15,9.19,-0.09,3455.0
2016-11-14,2610,5889906.0,54285398.0,9.2,9.25,9.17,9.25,0.06,2107.0
2016-11-15,2610,6366117.0,58542794.0,9.23,9.24,9.17,9.19,-0.06,2154.0
2016-11-16,2610,6319206.0,58068984.0,9.19,9.25,9.17,9.17,-0.02,1677.0
2016-11-17,2610,7222776.0,66369834.0,9.21,9.25,9.17,9.2,0.03,1766.0
2016-11-18,2610,4590691.0,42305424.0,9.18,9.24,9.18,9.24,0.04,2300.0
2016-11-21,2610,4653755.0,43042431.0,9.25,9.27,9.23,9.27,0.03,1688.0
2016-11-22,2610,16137413.0,151964520.0,9.4,9.49,9.34,9.35,0.08,3915.0
2016-11-23,2610,11770218.0,111207991.0,9.41,9.48,9.41,9.46,0.11,2734.0
2016-11-24,2610,86560030.0,868849976.0,9.6,10.3,9.6,10.25,0.79,17218.0
2016-11-25,2610,40030759.0,397097333.0,10.1,10.1,9.77,9.77,-0.48,8524.0
2016-11-28,2610,13785818.0,134221267.0,9.78,9.84,9.66,9.68,-0.09,3630.0
2016-11-29,2610,13726859.0,132161559.0,9.71,9.76,9.55,9.6,-0.08,3407.0
2016-11-30,2610,14165415.0,135966824.0,9.67,9.69,9.56,9.56,-0.04,2468.0
2016-12-01,2610,8410702.0,80310441.0,9.58,9.64,9.51,9.51,-0.05,2127.0
2016-12-02,2610,8484526.0,81046831.0,9.61,9.61,9.5,9.5,-0.01,2539.0
2016-12-05,2610,8067280.0,76329897.0,9.59,9.59,9.42,9.45,-0.05,2551.0
2016-12-06,2610,6760904.0,64297578.0,9.57,9.59,9.47,9.5,0.05,2016.0
2016-12-07,2610,3735758.0,35487059.0,9.54,9.54,9.46,9.49,-0.01,1010.0
2016-12-08,2610,8030395.0,76758610.0,9.55,9.63,9.5,9.56,0.07,2558.0
2016-12-09,2610,6122874.0,58366630.0,9.54,9.57,9.48,9.57,0.01,1970.0
2016-12-12,2610,4467026.0,42635833.0,9.58,9.59,9.51,9.52,-0.05,1391.0
2016-12-13,2610,7215112.0,68753691.0,9.52,9.58,9.48,9.56,0.04,2376.0
2016-12-14,2610,4831583.0,46037692.0,9.57,9.57,9.5,9.51,-0.05,2500.0
2016-12-15,2610,5244279.0,49934722.0,9.58,9.58,9.49,9.5,-0.01,2319.0
2016-12-16,2610,7314044.0,69302276.0,9.48,9.5,9.44,9.5,0.0,2376.0
2016-12-19,2610,5256565.0,49571036.0,9.5,9.5,9.38,9.39,-0.11,1464.0
2016-12-20,2610,4034252.0,37935271.0,9.43,9.46,9.38,9.39,0.0,1555.0
2016-12-21,2610,4558453.0,42723081.0,9.4,9.44,9.34,9.34,-0.05,1577.0
2016-12-22,2610,6223890.0,57896988.0,9.34,9.36,9.28,9.28,-0.06,2041.0
2016-12-23,2610,3742128.0,34758247.0,9.28,9.31,9.28,9.28,0.0,1438.0
2016-12-26,2610,2580036.0,23936761.0,9.3,9.33,9.26,9.26,-0.02,816.0
2016-12-27,2610,2087330.0,19362012.0,9.26,9.32,9.25,9.27,0.01,737.0
2016-12-28,2610,3722734.0,34545536.0,9.27,9.32,9.25,9.27,0.0,965.0
2016-12-29,2610,4187261.0,38789878.0,9.31,9.31,9.25,9.25,-0.02,1152.0
2016-12-30,2610,5252468.0,47442870.0,9.28,9.3,9.26,9.3,0.05,1379.0
2017-01-03,2610,2520439.0,23401781.0,9.29,9.3,9.26,9.28,-0.02,661.0
2017-01-04,2610,2820165.0,26142177.0,9.27,9.28,9.26,9.28,0.0,987.0
2017-01-05,2610,6420915.0,59755742.0,9.29,9.34,9.26,9.3,0.02,1580.0
2017-01-06,2610,3712144.0,34533032.0,9.3,9.32,9.29,9.3,0.0,1070.0
2017-01-09,2610,4000430.0,37358022.0,9.31,9.38,9.31,9.33,0.03,1105.0
2017-01-10,2610,6062711.0,56856622.0,9.35,9.41,9.34,9.38,0.05,1527.0
2017-01-11,2610,13591106.0,128794753.0,9.42,9.53,9.39,9.52,0.14,3125.0
2017-01-12,2610,7607991.0,72419355.0,9.54,9.57,9.49,9.51,-0.01,2235.0
2017-01-13,2610,5563648.0,52567274.0,9.52,9.54,9.41,9.42,-0.09,1456.0
2017-01-16,2610,3357815.0,31444673.0,9.42,9.42,9.35,9.37,-0.05,1056.0
2017-01-17,2610,3792667.0,35538696.0,9.35,9.41,9.35,9.35,-0.02,1375.0
2017-01-18,2610,3907581.0,36613053.0,9.38,9.41,9.35,9.35,0.0,1693.0
2017-01-19,2610,4420964.0,41329453.0,9.36,9.38,9.33,9.33,-0.02,1456.0
2017-01-20,2610,2810127.0,26227462.0,9.33,9.35,9.32,9.34,0.01,978.0
2017-01-23,2610,4865306.0,45581123.0,9.39,9.4,9.34,9.35,0.01,1965.0
2017-01-24,2610,6150198.0,57710808.0,9.42,9.42,9.35,9.4,0.05,2100.0
2017-02-02,2610,8787066.0,82863413.0,9.52,9.52,9.39,9.39,-0.01,3067.0
2017-02-03,2610,7390376.0,69630458.0,9.42,9.46,9.39,9.42,0.03,2735.0
2017-02-06,2610,13781733.0,131183642.0,9.48,9.59,9.43,9.51,0.09,2808.0
2017-02-07,2610,9275427.0,88393817.0,9.55,9.56,9.51,9.54,0.03,2473.0
2017-02-08,2610,16318953.0,156915000.0,9.6,9.69,9.57,9.57,0.03,3475.0
2017-02-09,2610,9403219.0,90126030.0,9.61,9.62,9.54,9.59,0.02,2039.0
2017-02-10,2610,11355549.0,109342747.0,9.67,9.67,9.61,9.63,0.04,2430.0
2017-02-13,2610,8870257.0,85239455.0,9.68,9.7,9.55,9.58,-0.05,1932.0
2017-02-14,2610,6482068.0,62019519.0,9.59,9.62,9.51,9.57,-0.01,1877.0
2017-02-15,2610,18133245.0,175459371.0,9.6,9.73,9.57,9.69,0.12,4370.0
2017-02-16,2610,34875378.0,345488626.0,9.8,10.0,9.8,9.91,0.22,7603.0
2017-02-17,2610,11454753.0,113578800.0,9.95,9.98,9.85,9.92,0.01,2394.0
2017-02-18,2610,5078410.0,50138580.0,9.92,9.93,9.83,9.89,-0.03,1147.0
2017-02-20,2610,13281128.0,131875202.0,9.89,10.0,9.82,9.93,0.04,2833.0
2017-02-21,2610,9753423.0,96787096.0,9.95,9.98,9.89,9.95,0.02,3286.0
2017-02-22,2610,21985637.0,220795401.0,9.92,10.1,9.92,10.0,0.05,4993.0
2017-02-23,2610,12795295.0,128828100.0,10.05,10.1,10.0,10.1,0.1,2650.0
2017-02-24,2610,19764159.0,200020540.0,10.1,10.2,10.05,10.1,0.0,3434.0
2017-03-01,2610,14185803.0,143459430.0,10.1,10.2,10.05,10.05,-0.05,2234.0
2017-03-02,2610,14979993.0,151314768.0,10.1,10.15,10.05,10.15,0.1,2754.0
2017-03-03,2610,23795503.0,241547780.0,10.15,10.3,10.05,10.05,-0.1,3703.0
2017-03-06,2610,10237470.0,102794650.0,10.1,10.15,10.0,10.05,0.0,1844.0
2017-03-07,2610,7883329.0,79430940.0,10.05,10.1,10.0,10.1,0.05,1513.0
2017-03-08,2610,7006549.0,70599090.0,10.1,10.15,10.05,10.05,-0.05,2381.0
2017-03-09,2610,10167288.0,102012880.0,10.05,10.1,10.0,10.0,-0.05,2989.0
2017-03-10,2610,22268351.0,223248706.0,10.0,10.15,9.83,10.15,0.15,4025.0
2017-03-13,2610,49242693.0,515232269.0,10.25,10.65,10.25,10.5,0.35,7512.0
2017-03-14,2610,37932975.0,407400007.0,10.7,10.9,10.65,10.7,0.2,6792.0
2017-03-15,2610,12212992.0,128969606.0,10.7,10.75,10.5,10.5,-0.2,2861.0
2017-03-16,2610,20378086.0,212693675.0,10.55,10.6,10.35,10.45,-0.05,3137.0
2017-03-17,2610,18007133.0,188729667.0,10.45,10.55,10.4,10.5,0.05,2575.0
2017-03-20,2610,13666394.0,144834258.0,10.55,10.7,10.45,10.55,0.05,2853.0
2017-03-21,2610,9443705.0,99288180.0,10.6,10.65,10.4,10.45,-0.1,2721.0
2017-03-22,2610,12584987.0,130063657.0,10.4,10.4,10.3,10.35,-0.1,2050.0
2017-03-23,2610,7868612.0,81456159.0,10.4,10.4,10.3,10.4,0.05,1788.0
2017-03-24,2610,8722995.0,90959484.0,10.45,10.5,10.35,10.5,0.1,1773.0
2017-03-27,2610,5864206.0,61273685.0,10.45,10.5,10.4,10.5,0.0,1711.0
2017-03-28,2610,10899532.0,113785969.0,10.5,10.6,10.3,10.5,0.0,2604.0
2017-03-29,2610,8450798.0,88742620.0,10.55,10.55,10.45,10.5,0.0,2022.0
2017-03-30,2610,7909864.0,82687924.0,10.45,10.5,10.4,10.45,-0.05,1872.0
2017-03-31,2610,10842818.0,113489481.0,10.4,10.55,10.4,10.55,0.1,2395.0
2017-04-05,2610,53438848.0,536891736.0,10.35,10.4,9.88,9.93,-0.62,9560.0
2017-04-06,2610,36377827.0,349518015.0,9.88,9.88,9.53,9.56,-0.37,8735.0
2017-04-07,2610,21577705.0,204571190.0,9.56,9.57,9.41,9.46,-0.1,4892.0
2017-04-10,2610,17666340.0,165031808.0,9.37,9.4,9.32,9.33,-0.13,4011.0
2017-04-11,2610,15520422.0,144895496.0,9.34,9.41,9.3,9.3,-0.03,4058.0
2017-04-12,2610,10344777.0,95972872.0,9.3,9.3,9.26,9.28,-0.02,3232.0
2017-04-13,2610,7770527.0,72470917.0,9.28,9.38,9.26,9.34,0.06,2734.0
2017-04-14,2610,8880495.0,82455089.0,9.32,9.32,9.26,9.27,-0.07,2451.0
2017-04-17,2610,8001098.0,74365869.0,9.31,9.37,9.25,9.27,0.0,2112.0
2017-04-18,2610,8137793.0,75384711.0,9.28,9.3,9.25,9.26,-0.01,2548.0
2017-04-19,2610,10799414.0,99790691.0,9.27,9.31,9.2,9.2,-0.06,3446.0
2017-04-20,2610,8030080.0,73978666.0,9.25,9.26,9.2,9.2,0.0,2735.0
2017-04-21,2610,5954453.0,54942722.0,9.23,9.28,9.2,9.2,0.0,2098.0
2017-04-24,2610,3854901.0,35681268.0,9.25,9.28,9.23,9.26,0.06,1307.0
2017-04-25,2610,9068448.0,85126350.0,9.29,9.45,9.29,9.45,0.19,3230.0
2017-04-26,2610,7787775.0,73109190.0,9.48,9.48,9.34,9.4,-0.05,2671.0
2017-04-27,2610,3991748.0,37305020.0,9.38,9.39,9.33,9.34,-0.06,1686.0
2017-04-28,2610,6888681.0,64175021.0,9.37,9.37,9.28,9.35,0.01,2257.0
2017-05-02,2610,6946153.0,64580277.0,9.34,9.36,9.27,9.33,-0.02,2875.0
2017-05-03,2610,3403656.0,31628854.0,9.28,9.32,9.27,9.32,-0.01,1198.0
2017-05-04,2610,5076837.0,47159240.0,9.3,9.31,9.27,9.3,-0.02,1755.0
2017-05-05,2610,6611377.0,61602474.0,9.35,9.36,9.3,9.3,0.0,1573.0
2017-05-08,2610,7796001.0,72177724.0,9.33,9.34,9.21,9.21,-0.09,1704.0
2017-05-09,2610,9736684.0,89656986.0,9.21,9.27,9.19,9.19,-0.02,2852.0
2017-05-10,2610,13845297.0,126863394.0,9.19,9.2,9.15,9.15,-0.04,3493.0
2017-05-11,2610,12254049.0,114220512.0,9.23,9.38,9.21,9.38,0.23,2969.0
2017-05-12,2610,6220291.0,58241494.0,9.38,9.38,9.33,9.38,0.0,2087.0
2017-05-15,2610,8243456.0,76639282.0,9.37,9.37,9.26,9.28,-0.1,2129.0
2017-05-16,2610,22463813.0,204892855.0,9.18,9.18,9.05,9.12,-0.16,4879.0
2017-05-17,2610,11605357.0,106540837.0,9.13,9.22,9.13,9.21,0.09,2745.0
2017-05-18,2610,7861966.0,72220915.0,9.2,9.21,9.13,9.19,-0.02,2151.0
2017-05-19,2610,5353604.0,49112725.0,9.16,9.2,9.16,9.17,-0.02,1680.0
2017-05-22,2610,8317314.0,75919519.0,9.17,9.17,9.1,9.16,-0.01,2225.0
2017-05-23,2610,6879024.0,62704631.0,9.15,9.15,9.1,9.11,-0.05,2081.0
2017-05-24,2610,7303576.0,66562232.0,9.1,9.13,9.1,9.11,0.0,2221.0
2017-05-25,2610,10982671.0,99988359.0,9.12,9.15,9.07,9.15,0.04,2361.0
2017-05-26,2610,10997041.0,101280791.0,9.12,9.26,9.12,9.21,0.06,3203.0
2017-05-31,2610,55683399.0,512519750.0,9.18,9.22,9.1,9.21,0.0,2930.0
2017-06-01,2610,4266075.0,39177538.0,9.21,9.24,9.15,9.16,-0.05,1776.0
2017-06-02,2610,8142753.0,74315945.0,9.16,9.17,9.11,9.12,-0.04,2734.0
2017-06-03,2610,1477841.0,13500805.0,9.15,9.16,9.12,9.14,0.02,388.0
2017-06-05,2610,7695941.0,70202956.0,9.14,9.15,9.1,9.12,-0.02,2703.0
2017-06-06,2610,13794293.0,125357067.0,9.12,9.12,9.07,9.07,-0.05,5008.0
2017-06-07,2610,13676574.0,123917508.0,9.08,9.09,9.05,9.06,-0.01,3416.0
2017-06-08,2610,5087658.0,46262122.0,9.09,9.13,9.06,9.11,0.05,1760.0
2017-06-09,2610,6757194.0,61256429.0,9.09,9.09,9.05,9.07,-0.04,1902.0
2017-06-12,2610,7010636.0,63747210.0,9.06,9.15,9.06,9.08,0.01,1723.0
2017-06-13,2610,9891015.0,90501171.0,9.14,9.19,9.12,9.12,0.04,2681.0
2017-06-14,2610,9359909.0,84828197.0,9.14,9.15,9.02,9.09,-0.03,2167.0
2017-06-15,2610,4166919.0,37921703.0,9.09,9.13,9.05,9.13,0.04,1135.0
2017-06-16,2610,11325670.0,103012165.0,9.13,9.13,9.06,9.12,-0.01,3754.0
2017-06-19,2610,6692019.0,60643945.0,9.11,9.12,9.05,9.06,-0.06,1621.0
2017-06-20,2610,5656053.0,51330215.0,9.07,9.09,9.06,9.08,0.02,1730.0
2017-06-21,2610,9247312.0,84087162.0,9.08,9.14,9.06,9.12,0.04,3124.0
2017-06-22,2610,20970170.0,193705955.0,9.15,9.33,9.13,9.29,0.17,3252.0
2017-06-23,2610,15683018.0,146872561.0,9.35,9.44,9.31,9.34,0.05,3274.0
2017-06-26,2610,9781708.0,91088863.0,9.34,9.34,9.26,9.32,-0.02,2234.0
2017-06-27,2610,7386213.0,68682247.0,9.32,9.32,9.27,9.31,-0.01,1794.0
2017-06-28,2610,5528504.0,51117608.0,9.29,9.3,9.21,9.26,-0.05,1761.0
2017-06-29,2610,5040801.0,46735432.0,9.28,9.32,9.24,9.25,-0.01,1087.0
2017-06-30,2610,5650244.0,52151956.0,9.25,9.26,9.19,9.23,-0.02,1592.0
2017-07-03,2610,8787122.0,82114363.0,9.29,9.4,9.28,9.38,0.15,2494.0
2017-07-04,2610,6952536.0,64993483.0,9.38,9.4,9.31,9.31,-0.07,1631.0
2017-07-05,2610,5985644.0,55427376.0,9.28,9.31,9.2,9.31,0.0,1727.0
2017-07-06,2610,3386722.0,31449167.0,9.34,9.34,9.26,9.26,-0.05,1017.0
2017-07-07,2610,5344953.0,49276434.0,9.25,9.26,9.2,9.2,-0.06,1495.0
2017-07-10,2610,5521763.0,51261360.0,9.3,9.35,9.24,9.24,0.04,1416.0
2017-07-11,2610,4493923.0,41575417.0,9.25,9.28,9.23,9.27,0.03,1371.0
2017-07-12,2610,10422021.0,96694352.0,9.27,9.37,9.2,9.37,0.1,2321.0
2017-07-13,2610,4742791.0,44153661.0,9.36,9.36,9.28,9.29,-0.08,1374.0
2017-07-14,2610,4294637.0,39764702.0,9.29,9.32,9.24,9.24,-0.05,1176.0
2017-07-17,2610,4624287.0,42831232.0,9.25,9.31,9.23,9.24,0.0,1178.0
2017-07-18,2610,5821575.0,53944687.0,9.28,9.31,9.23,9.24,0.0,1603.0
2017-07-19,2610,7166519.0,66462469.0,9.29,9.3,9.24,9.28,0.04,2010.0
2017-07-20,2610,3764592.0,34940513.0,9.3,9.31,9.26,9.29,0.01,960.0
2017-07-21,2610,2708145.0,25066346.0,9.29,9.29,9.24,9.24,-0.05,715.0
2017-07-24,2610,4902700.0,45223368.0,9.24,9.24,9.21,9.24,0.0,950.0
2017-07-25,2610,5984331.0,55029600.0,9.24,9.27,9.16,9.19,-0.05,1473.0
2017-07-26,2610,5897993.0,54016941.0,9.19,9.21,9.12,9.13,-0.06,1731.0
2017-07-27,2610,4283995.0,39223823.0,9.14,9.19,9.13,9.13,0.0,1544.0
2017-07-28,2610,5156087.0,47011708.0,9.13,9.15,9.1,9.1,-0.03,1380.0
2017-07-31,2610,6398787.0,58609969.0,9.1,9.28,9.08,9.28,0.18,1418.0
2017-08-01,2610,4533372.0,41422326.0,9.18,9.18,9.12,9.12,-0.16,1533.0
2017-08-02,2610,4981508.0,45488991.0,9.12,9.18,9.11,9.16,0.04,945.0
2017-08-03,2610,9394694.0,86835978.0,9.2,9.27,9.19,9.26,0.1,2197.0
2017-08-04,2610,13435347.0,125105599.0,9.28,9.35,9.26,9.33,0.07,2535.0
2017-08-07,2610,23547700.0,222881574.0,9.35,9.54,9.34,9.49,0.16,4038.0
2017-08-08,2610,12014292.0,113811289.0,9.53,9.55,9.4,9.4,-0.09,2151.0
2017-08-09,2610,13213686.0,122760229.0,9.38,9.38,9.21,9.21,-0.19,2209.0
2017-08-10,2610,5247539.0,48371320.0,9.21,9.27,9.2,9.21,0.0,1626.0
2017-08-11,2610,5215989.0,48088878.0,9.2,9.27,9.2,9.21,0.0,1433.0
2017-08-14,2610,13341362.0,124729730.0,9.23,9.45,9.21,9.34,0.13,3072.0
2017-08-15,2610,50535809.0,492347632.0,9.6,9.85,9.57,9.74,0.4,9126.0
2017-08-16,2610,57556033.0,579611767.0,9.82,10.25,9.76,10.15,0.41,11035.0
2017-08-17,2610,55250706.0,576970702.0,10.45,10.6,10.25,10.5,0.35,8361.0
2017-08-18,2610,137043291.0,1512043536.0,10.6,11.5,10.6,11.2,0.7,19481.0
2017-08-21,2610,84841987.0,979948996.0,11.45,11.7,11.3,11.6,0.4,12816.0
2017-08-22,2610,66717378.0,779961920.0,11.8,11.95,11.45,11.75,0.15,11506.0
2017-08-23,2610,86689051.0,1046340590.0,11.8,12.35,11.8,12.3,0.55,12768.0
2017-08-24,2610,51373839.0,623648718.0,12.3,12.35,12.0,12.05,-0.25,8655.0
2017-08-25,2610,50311441.0,601285466.0,11.9,12.15,11.65,12.1,0.05,7457.0
2017-08-28,2610,34008269.0,415433437.0,12.25,12.3,12.1,12.25,0.15,6635.0
2017-08-29,2610,41128951.0,498288083.0,12.25,12.3,11.85,12.3,0.05,5652.0
2017-08-30,2610,37436243.0,460619583.0,12.3,12.45,12.1,12.3,0.0,6219.0
2017-08-31,2610,47544252.0,594394154.0,12.3,12.8,12.3,12.8,0.5,8751.0
2017-09-01,2610,58010595.0,749465041.0,13.0,13.15,12.65,12.9,0.1,10395.0
2017-09-04,2610,22354904.0,285580369.0,12.7,12.95,12.5,12.75,-0.15,4408.0
2017-09-05,2610,22425238.0,286742840.0,12.75,13.0,12.6,13.0,0.25,4710.0
2017-09-06,2610,29186747.0,369150877.0,12.8,12.95,12.4,12.55,-0.45,4801.0
2017-09-07,2610,34554404.0,425926263.0,12.5,12.6,12.2,12.3,-0.25,5475.0
2017-09-08,2610,53392184.0,687900979.0,12.55,13.05,12.55,12.95,0.65,7507.0
2017-09-11,2610,51833028.0,680962032.0,13.1,13.4,12.85,13.3,0.35,8126.0
2017-09-12,2610,21156812.0,275456619.0,13.1,13.25,12.9,12.9,-0.4,3782.0
2017-09-13,2610,21734168.0,272941294.0,12.8,12.8,12.4,12.5,-0.4,3892.0
2017-09-14,2610,30351364.0,392253329.0,12.6,13.1,12.6,12.85,0.35,4683.0
2017-09-15,2610,14776319.0,185904081.0,12.75,12.8,12.5,12.5,-0.35,2643.0
2017-09-18,2610,22405770.0,273208352.0,12.4,12.45,12.0,12.15,-0.35,4898.0
2017-09-19,2610,19249209.0,238598643.0,12.3,12.6,12.25,12.35,0.2,3575.0
2017-09-20,2610,11766264.0,143290263.0,12.5,12.5,12.0,12.1,-0.25,2786.0
2017-09-21,2610,16896858.0,205421320.0,12.1,12.35,12.05,12.1,0.0,3718.0
2017-09-22,2610,41802747.0,489524959.0,12.1,12.15,11.55,11.6,-0.5,6266.0
2017-09-25,2610,44488438.0,504844533.0,11.75,11.85,11.1,11.7,0.1,7344.0
2017-09-26,2610,19320624.0,221796372.0,11.6,11.65,11.35,11.35,-0.35,4217.0
2017-09-27,2610,12503318.0,142612037.0,11.35,11.5,11.3,11.35,0.0,2460.0
2017-09-28,2610,10106515.0,115358663.0,11.35,11.5,11.35,11.35,0.0,1707.0
2017-09-29,2610,9688927.0,110307708.0,11.35,11.45,11.3,11.45,0.1,2070.0
2017-09-30,2610,15714507.0,175533096.0,11.25,11.3,10.95,11.3,-0.15,3103.0
2017-10-02,2610,11050912.0,126414091.0,11.3,11.6,11.2,11.45,0.15,3002.0
2017-10-03,2610,13610099.0,154108851.0,11.45,11.5,11.2,11.2,-0.25,2817.0
2017-10-05,2610,15838642.0,181635226.0,11.2,11.65,11.2,11.6,0.4,3284.0
2017-10-06,2610,14505388.0,167291557.0,11.55,11.65,11.4,11.5,-0.1,3375.0
2017-10-11,2610,20042412.0,233314831.0,11.55,11.7,11.5,11.6,0.1,4739.0
2017-10-12,2610,27884562.0,316708708.0,11.6,11.65,11.15,11.45,-0.15,5108.0
2017-10-13,2610,13552766.0,154638075.0,11.35,11.55,11.3,11.5,0.05,3040.0
2017-10-16,2610,23964407.0,277705992.0,11.5,11.8,11.35,11.8,0.3,5731.0
2017-10-17,2610,18554695.0,213956081.0,11.7,11.7,11.4,11.55,-0.25,2781.0
2017-10-18,2610,15982307.0,182472204.0,11.6,11.65,11.3,11.3,-0.25,3802.0
2017-10-19,2610,11618013.0,131137082.0,11.3,11.4,11.15,11.35,0.05,2200.0
2017-10-20,2610,29796102.0,335522791.0,11.35,11.35,11.2,11.25,-0.1,2330.0
2017-10-23,2610,18591831.0,214098587.0,11.3,11.65,11.3,11.65,0.4,2904.0
2017-10-24,2610,42831927.0,517403679.0,11.75,12.35,11.65,12.2,0.55,6691.0
2017-10-25,2610,19658247.0,241791151.0,12.4,12.45,12.15,12.3,0.1,3524.0
2017-10-26,2610,29468938.0,363877922.0,12.4,12.5,12.2,12.35,0.05,4618.0
2017-10-27,2610,12576369.0,154408049.0,12.45,12.45,12.1,12.2,-0.15,3424.0
2017-10-30,2610,10346068.0,126589815.0,12.3,12.35,12.15,12.3,0.1,1981.0
2017-10-31,2610,8482945.0,104173415.0,12.25,12.35,12.2,12.3,0.0,1956.0
2017-11-01,2610,7029338.0,86050279.0,12.35,12.4,12.15,12.15,-0.15,1940.0
2017-11-02,2610,10760612.0,129873966.0,12.15,12.3,11.9,11.9,-0.25,2160.0
2017-11-03,2610,10300811.0,124304860.0,12.0,12.15,11.9,12.15,0.25,2032.0
2017-11-06,2610,13391196.0,158992196.0,12.05,12.15,11.75,11.8,-0.35,2988.0
2017-11-07,2610,48927037.0,549954305.0,11.45,11.45,11.15,11.3,-0.5,10442.0
2017-11-08,2610,22131406.0,246297942.0,11.3,11.35,11.0,11.1,-0.2,7407.0
2017-11-09,2610,20695242.0,229419062.0,11.15,11.25,10.95,11.0,-0.1,6244.0
2017-11-10,2610,18624980.0,208701919.0,11.15,11.3,11.15,11.25,0.25,5314.0
2017-11-13,2610,14744098.0,166251446.0,11.35,11.45,11.2,11.3,0.05,2764.0
2017-11-14,2610,12970480.0,146011670.0,11.35,11.35,11.2,11.3,0.0,3547.0
2017-11-15,2610,13723269.0,153235771.0,11.3,11.35,11.1,11.1,-0.2,4016.0
2017-11-16,2610,30203978.0,333852495.0,11.1,11.25,10.95,10.95,-0.15,7337.0
2017-11-17,2610,18923443.0,212045698.0,11.1,11.35,11.05,11.3,0.35,2931.0
2017-11-20,2610,13638540.0,153131134.0,11.3,11.35,11.1,11.2,-0.1,3310.0
2017-11-21,2610,24544121.0,280947408.0,11.35,11.6,11.35,11.45,0.25,5142.0
2017-11-22,2610,16494043.0,188944973.0,11.5,11.55,11.35,11.4,-0.05,3167.0
2017-11-23,2610,8149910.0,92841069.0,11.4,11.45,11.35,11.4,0.0,1882.0
2017-11-24,2610,10703183.0,122450718.0,11.45,11.5,11.4,11.45,0.05,2424.0
2017-11-27,2610,9419322.0,107351131.0,11.5,11.5,11.35,11.35,-0.1,2167.0
2017-11-28,2610,20373174.0,233715572.0,11.3,11.6,11.3,11.5,0.15,3185.0
2017-11-29,2610,10290345.0,118128222.0,11.6,11.6,11.4,11.45,-0.05,2445.0
2017-11-30,2610,27960073.0,323098227.0,11.45,11.6,11.4,11.55,0.1,2960.0
2017-12-01,2610,33121554.0,390973375.0,11.6,12.1,11.5,12.0,0.45,5896.0
2017-12-04,2610,30682391.0,372373815.0,12.1,12.2,12.0,12.15,0.15,6924.0
2017-12-05,2610,20997978.0,250850205.0,12.0,12.05,11.8,12.05,-0.1,3765.0
2017-12-06,2610,16007923.0,189092438.0,11.9,12.0,11.65,11.8,-0.25,3181.0
2017-12-07,2610,12994991.0,151956989.0,11.8,11.9,11.5,11.7,-0.1,2403.0
2017-12-08,2610,12804845.0,150847326.0,11.8,11.85,11.7,11.8,0.1,2595.0
2017-12-11,2610,15484398.0,185681826.0,11.9,12.05,11.85,12.05,0.25,4612.0
2017-12-12,2610,12032554.0,144298648.0,12.1,12.1,11.9,12.05,0.0,3205.0
2017-12-13,2610,11092183.0,133684215.0,12.05,12.15,11.95,11.95,-0.1,2882.0
2017-12-14,2610,14625610.0,177569210.0,12.05,12.2,12.0,12.2,0.25,3255.0
2017-12-15,2610,20241960.0,248412752.0,12.2,12.4,12.2,12.25,0.05,3743.0
2017-12-18,2610,7353768.0,89365684.0,12.3,12.3,12.05,12.2,-0.05,2090.0
2017-12-19,2610,8506845.0,102788213.0,12.25,12.25,12.0,12.15,-0.05,1741.0
2017-12-20,2610,6062108.0,73276046.0,12.15,12.15,12.0,12.1,-0.05,1857.0
2017-12-21,2610,6179673.0,74856926.0,12.05,12.15,12.05,12.1,0.0,1943.0
2017-12-22,2610,4774036.0,57814171.0,12.1,12.15,12.05,12.15,0.05,1195.0
2017-12-25,2610,10648381.0,126744686.0,12.2,12.2,11.75,11.8,-0.35,1939.0
2017-12-26,2610,13510430.0,155273839.0,11.8,11.8,11.4,11.5,-0.3,2834.0
2017-12-27,2610,7719713.0,89059403.0,11.5,11.65,11.4,11.5,0.0,1615.0
2017-12-28,2610,10072258.0,116722671.0,11.55,11.7,11.5,11.65,0.15,2107.0
2017-12-29,2610,4838716.0,56567380.0,11.7,11.8,11.6,11.65,0.0,1269.0
2018-01-02,2610,27179487.0,325679253.0,11.65,12.2,11.65,12.0,0.35,3520.0
2018-01-03,2610,12653590.0,153043080.0,12.1,12.2,12.0,12.1,0.1,3310.0
2018-01-04,2610,29695822.0,363873339.0,12.15,12.4,12.0,12.4,0.3,7034.0
2018-01-05,2610,16918423.0,210696124.0,12.5,12.5,12.35,12.5,0.1,3986.0
2018-01-08,2610,9654253.0,119019528.0,12.5,12.5,12.2,12.25,-0.25,2688.0
2018-01-09,2610,27954331.0,349504974.0,12.35,12.6,12.3,12.6,0.35,4708.0
2018-01-10,2610,18446298.0,231718462.0,12.6,12.7,12.4,12.55,-0.05,3534.0
2018-01-11,2610,23287699.0,296340136.0,12.6,12.8,12.55,12.7,0.15,4873.0
2018-01-12,2610,13757220.0,175928017.0,12.85,12.9,12.65,12.75,0.05,3234.0
2018-01-15,2610,11311633.0,142070065.0,12.8,12.8,12.5,12.5,-0.25,2220.0
2018-01-16,2610,8726896.0,108760842.0,12.5,12.55,12.3,12.55,0.05,2119.0
2018-01-17,2610,13014633.0,164429019.0,12.55,12.7,12.45,12.65,0.1,3284.0
2018-01-18,2610,10903696.0,137869068.0,12.7,12.75,12.55,12.65,0.0,2675.0
2018-01-19,2610,9187326.0,115819917.0,12.65,12.7,12.5,12.6,-0.05,1831.0
2018-01-22,2610,15148043.0,187036061.0,12.6,12.65,12.15,12.25,-0.35,3131.0
2018-01-23,2610,8812297.0,108419270.0,12.25,12.4,12.2,12.35,0.1,2120.0
2018-01-24,2610,10256317.0,126976410.0,12.35,12.5,12.2,12.5,0.15,2135.0
2018-01-25,2610,15500768.0,194246862.0,12.55,12.65,12.45,12.5,0.0,2555.0
2018-01-26,2610,8829363.0,108443074.0,12.5,12.5,12.2,12.3,-0.2,2125.0
2018-01-29,2610,7134875.0,86811673.0,12.35,12.35,12.1,12.1,-0.2,1537.0
2018-01-30,2610,9308472.0,113354171.0,12.1,12.3,12.1,12.25,0.15,1966.0
2018-01-31,2610,11291996.0,136883192.0,12.25,12.25,12.05,12.1,-0.15,2096.0
2018-02-01,2610,12622315.0,154873432.0,12.15,12.35,12.15,12.25,0.15,2417.0
2018-02-02,2610,6175547.0,75179212.0,12.2,12.3,12.1,12.15,-0.1,1580.0
2018-02-05,2610,8555395.0,101730674.0,11.8,12.0,11.8,11.9,-0.25,2038.0
2018-02-06,2610,23043463.0,260499723.0,11.4,11.6,11.15,11.4,-0.5,5512.0
2018-02-07,2610,13227933.0,154183914.0,11.7,11.8,11.5,11.7,0.3,3177.0
2018-02-08,2610,8831697.0,102839280.0,11.7,11.8,11.55,11.65,-0.05,2502.0
2018-02-09,2610,14312753.0,159892618.0,11.0,11.35,11.0,11.25,-0.4,3185.0
2018-02-12,2610,10135381.0,114283661.0,11.25,11.35,11.2,11.3,0.05,2449.0
2018-02-21,2610,11068661.0,125695187.0,11.45,11.5,11.3,11.4,0.1,4071.0
2018-02-22,2610,8236908.0,92960058.0,11.4,11.4,11.2,11.3,-0.1,3323.0
2018-02-23,2610,8986766.0,102360395.0,11.35,11.5,11.3,11.35,0.05,4063.0
2018-02-26,2610,7334483.0,84659070.0,11.45,11.7,11.4,11.65,0.3,2508.0
2018-02-27,2610,10598453.0,122708007.0,11.65,11.7,11.5,11.5,-0.15,2384.0
2018-03-01,2610,13704051.0,154909161.0,11.35,11.4,11.25,11.3,-0.2,3635.0
2018-03-02,2610,11265475.0,126170315.0,11.2,11.3,11.1,11.25,-0.05,2722.0
2018-03-05,2610,11026372.0,122729742.0,11.2,11.3,11.05,11.05,-0.2,2818.0
2018-03-06,2610,8448096.0,93837155.0,11.1,11.2,11.05,11.1,0.05,1989.0
2018-03-07,2610,6739642.0,74666436.0,11.05,11.15,11.05,11.05,-0.05,1910.0
2018-03-08,2610,7786771.0,86119281.0,11.05,11.15,11.0,11.05,0.0,2200.0
2018-03-09,2610,9389377.0,104968409.0,11.1,11.3,11.1,11.1,0.05,1964.0
2018-03-12,2610,4916150.0,54920402.0,11.15,11.2,11.1,11.2,0.1,1608.0
2018-03-13,2610,7035247.0,79182808.0,11.2,11.3,11.2,11.25,0.05,2360.0
2018-03-14,2610,5445006.0,61112410.0,11.25,11.3,11.15,11.25,0.0,1186.0
2018-03-15,2610,8414498.0,94667687.0,11.3,11.4,11.15,11.15,-0.1,2400.0
2018-03-16,2610,9651390.0,108077513.0,11.2,11.25,11.15,11.2,0.05,2005.0
2018-03-19,2610,9315991.0,103957901.0,11.2,11.25,11.1,11.1,-0.1,1907.0
2018-03-20,2610,25569333.0,281172313.0,11.1,11.15,10.95,11.0,-0.1,4128.0
2018-03-21,2610,5111183.0,56458542.0,11.05,11.1,11.0,11.0,0.0,1653.0
2018-03-22,2610,5549518.0,61199086.0,11.0,11.1,11.0,11.0,0.0,1547.0
2018-03-23,2610,15579932.0,167669611.0,10.7,10.85,10.7,10.75,-0.25,3676.0
2018-03-26,2610,10820206.0,115398023.0,10.7,10.8,10.55,10.6,-0.15,2285.0
2018-03-27,2610,6425453.0,69002386.0,10.75,10.8,10.7,10.75,0.15,2101.0
2018-03-28,2610,2945047.0,31556695.0,10.75,10.75,10.65,10.7,-0.05,754.0
2018-03-29,2610,6168860.0,65586006.0,10.7,10.7,10.6,10.65,-0.05,2163.0
2018-03-30,2610,6051960.0,64452563.0,10.65,10.7,10.6,10.65,0.0,1473.0
2018-03-31,2610,4541882.0,48836379.0,10.7,10.8,10.65,10.8,0.15,1087.0
2018-04-02,2610,2980257.0,32140240.0,10.8,10.85,10.7,10.75,-0.05,1227.0
2018-04-03,2610,7686000.0,81285184.0,10.6,10.65,10.55,10.55,-0.2,2633.0
2018-04-09,2610,6691289.0,71575216.0,10.6,10.8,10.6,10.75,0.2,2186.0
2018-04-10,2610,8374843.0,89018829.0,10.65,10.75,10.55,10.6,-0.15,2265.0
2018-04-11,2610,9334867.0,98994747.0,10.7,10.7,10.5,10.5,-0.1,2446.0
2018-04-12,2610,6909306.0,73258568.0,10.6,10.65,10.55,10.65,0.15,2013.0
2018-04-13,2610,6826900.0,72468196.0,10.65,10.7,10.55,10.55,-0.1,1687.0
2018-04-16,2610,4164781.0,43978448.0,10.55,10.65,10.5,10.55,0.0,1172.0
2018-04-17,2610,7897856.0,82747388.0,10.6,10.6,10.4,10.45,-0.1,2342.0
2018-04-18,2610,5280982.0,55358706.0,10.45,10.55,10.45,10.45,0.0,1113.0
2018-04-19,2610,5957226.0,62545854.0,10.45,10.55,10.45,10.5,0.05,1470.0
2018-04-20,2610,7995157.0,83404333.0,10.5,10.55,10.4,10.5,0.0,2283.0
2018-04-23,2610,8047419.0,83233811.0,10.45,10.5,10.25,10.3,-0.2,2189.0
2018-04-24,2610,10552651.0,109099100.0,10.3,10.45,10.25,10.4,0.1,1786.0
2018-04-25,2610,6469011.0,67207259.0,10.4,10.45,10.3,10.4,0.0,1398.0
2018-04-26,2610,8727342.0,91063565.0,10.4,10.5,10.35,10.4,0.0,2110.0
2018-04-27,2610,6515095.0,67779927.0,10.45,10.45,10.35,10.45,0.05,1497.0
2018-04-30,2610,14110490.0,151361008.0,10.5,10.85,10.45,10.85,0.4,2146.0
2018-05-02,2610,10433680.0,110340432.0,10.8,10.8,10.45,10.5,-0.35,2602.0
2018-05-03,2610,5584609.0,58123794.0,10.45,10.5,10.35,10.35,-0.15,1691.0
2018-05-04,2610,4207152.0,43648015.0,10.3,10.45,10.3,10.35,0.0,1375.0
2018-05-07,2610,5121921.0,52938781.0,10.35,10.4,10.3,10.3,-0.05,1290.0
2018-05-08,2610,5059078.0,52044341.0,10.3,10.4,10.25,10.3,0.0,1361.0
2018-05-09,2610,9944788.0,102082918.0,10.3,10.35,10.2,10.35,0.05,1797.0
2018-05-10,2610,9810562.0,100584025.0,10.3,10.35,10.2,10.2,-0.15,1971.0
2018-05-11,2610,6768841.0,69260725.0,10.25,10.3,10.2,10.2,0.0,1136.0
2018-05-14,2610,5981359.0,61074083.0,10.25,10.3,10.15,10.2,0.0,1382.0
2018-05-15,2610,8790760.0,88975350.0,10.2,10.2,10.05,10.05,-0.15,2193.0
2018-05-16,2610,4892571.0,49221876.0,10.05,10.1,10.0,10.05,0.0,1223.0
2018-05-17,2610,6586207.0,66163870.0,10.05,10.1,10.0,10.0,-0.05,2077.0
2018-05-18,2610,5449644.0,54696590.0,10.0,10.1,10.0,10.0,0.0,1269.0
2018-05-21,2610,6741112.0,67535709.0,10.0,10.05,10.0,10.0,0.0,1628.0
2018-05-22,2610,11418654.0,114926342.0,10.0,10.2,10.0,10.0,0.0,1837.0
2018-05-23,2610,5894856.0,59126160.0,10.05,10.1,10.0,10.0,0.0,1559.0
2018-05-24,2610,6443035.0,64505150.0,10.05,10.05,10.0,10.0,0.0,2174.0
2018-05-25,2610,6161511.0,61690660.0,10.0,10.05,10.0,10.0,0.0,1989.0
2018-05-28,2610,10465760.0,106135717.0,10.05,10.25,10.05,10.2,0.2,1771.0
2018-05-29,2610,4025610.0,40862998.0,10.2,10.2,10.1,10.15,-0.05,1346.0
2018-05-30,2610,13174477.0,132438970.0,10.15,10.15,10.0,10.05,-0.1,3563.0
2018-05-31,2610,11059368.0,111696388.0,10.1,10.15,10.0,10.15,0.1,1809.0
2018-06-01,2610,5544171.0,55782159.0,10.05,10.1,10.05,10.05,-0.1,1700.0
2018-06-04,2610,5388875.0,54199781.0,10.05,10.1,10.05,10.05,0.0,1862.0
2018-06-05,2610,8190627.0,82886558.0,10.05,10.2,10.05,10.15,0.1,1467.0
2018-06-06,2610,5755212.0,58418933.0,10.15,10.2,10.1,10.15,0.0,1617.0
2018-06-07,2610,9768806.0,100672537.0,10.2,10.4,10.2,10.35,0.2,2307.0
2018-06-08,2610,9315814.0,94929904.0,10.35,10.35,10.1,10.15,-0.2,2106.0
2018-06-11,2610,5655103.0,57252729.0,10.15,10.2,10.1,10.1,-0.05,1512.0
2018-06-12,2610,4841428.0,48806887.0,10.1,10.15,10.05,10.1,0.0,1329.0
2018-06-13,2610,4140636.0,41776428.0,10.1,10.15,10.05,10.05,-0.05,1481.0
2018-06-14,2610,10674028.0,107266330.0,10.05,10.1,10.0,10.0,-0.05,3183.0
2018-06-15,2610,8619361.0,87059288.0,10.05,10.15,10.0,10.15,0.15,1454.0
2018-06-19,2610,10410079.0,104358940.0,10.05,10.1,10.0,10.0,-0.15,3074.0
2018-06-20,2610,18887917.0,186610047.0,10.0,10.05,9.81,9.87,-0.13,6127.0
2018-06-21,2610,5431162.0,53888278.0,9.86,10.0,9.83,9.95,0.08,1785.0
2018-06-22,2610,9605514.0,94634571.0,9.97,9.97,9.82,9.85,-0.1,2335.0
2018-06-25,2610,5017270.0,49479933.0,9.85,9.93,9.83,9.85,0.0,1713.0
2018-06-26,2610,10012072.0,97162689.0,9.82,9.85,9.61,9.67,-0.18,2973.0
2018-06-27,2610,11665491.0,112070809.0,9.67,9.71,9.53,9.56,-0.11,3476.0
2018-06-28,2610,13495540.0,127678068.0,9.55,9.55,9.43,9.43,-0.13,3019.0
2018-06-29,2610,5799013.0,55173333.0,9.44,9.62,9.4,9.52,0.09,1622.0
2018-07-02,2610,7072251.0,66960359.0,9.52,9.53,9.42,9.44,-0.08,1984.0
2018-07-03,2610,14966161.0,139935183.0,9.43,9.44,9.3,9.3,-0.14,4198.0
2018-07-04,2610,4318795.0,40475030.0,9.4,9.4,9.33,9.37,0.07,1498.0
2018-07-05,2610,4732692.0,44432204.0,9.4,9.43,9.35,9.37,0.0,1944.0
2018-07-06,2610,6367880.0,59388178.0,9.37,9.4,9.3,9.31,-0.06,2130.0
2018-07-09,2610,5126640.0,47961262.0,9.3,9.42,9.3,9.41,0.1,1668.0
2018-07-10,2610,8183686.0,77004570.0,9.45,9.47,9.35,9.41,0.0,1881.0
2018-07-11,2610,6910491.0,65031484.0,9.39,9.46,9.34,9.43,0.02,1937.0
2018-07-12,2610,5564430.0,52503349.0,9.4,9.46,9.39,9.45,0.02,1691.0
2018-07-13,2610,11700243.0,111527712.0,9.5,9.64,9.45,9.64,0.19,2544.0
2018-07-16,2610,6745898.0,64207859.0,9.62,9.62,9.47,9.5,-0.14,1810.0
2018-07-17,2610,11871121.0,113049256.0,9.5,9.57,9.48,9.52,0.02,2565.0
2018-07-18,2610,10422547.0,100065643.0,9.57,9.64,9.52,9.6,0.08,2770.0
2018-07-19,2610,9026928.0,88016531.0,9.67,9.8,9.65,9.76,0.16,2408.0
2018-07-20,2610,11834007.0,116652864.0,9.79,9.94,9.76,9.84,0.08,2505.0
2018-07-23,2610,9674945.0,95409026.0,9.92,9.94,9.8,9.8,-0.04,1966.0
2018-07-24,2610,5370454.0,52657505.0,9.8,9.84,9.78,9.8,0.0,1736.0
2018-07-25,2610,4877513.0,47903721.0,9.81,9.85,9.8,9.81,0.01,1983.0
2018-07-26,2610,5402345.0,53362385.0,9.9,9.91,9.85,9.87,0.06,1484.0
2018-07-27,2610,6347617.0,62844978.0,9.88,9.92,9.88,9.9,0.03,1823.0
2018-07-30,2610,5708313.0,56101969.0,9.9,9.9,9.79,9.79,-0.11,1721.0
2018-07-31,2610,7638401.0,75019941.0,9.79,9.89,9.75,9.89,0.1,2146.0
2018-08-01,2610,4335897.0,42924333.0,9.9,9.93,9.8,9.93,0.04,1376.0
2018-08-02,2610,3857873.0,38032897.0,9.93,9.95,9.79,9.79,-0.14,1374.0
2018-08-03,2610,7264376.0,71080449.0,9.86,9.87,9.73,9.77,-0.02,2061.0
2018-08-06,2610,7515928.0,73436316.0,9.78,9.81,9.74,9.75,-0.02,1546.0
2018-08-07,2610,12896122.0,124969719.0,9.71,9.78,9.62,9.78,0.03,3611.0
2018-08-08,2610,10466882.0,100556948.0,9.56,9.7,9.56,9.7,0.0,2267.0
2018-08-09,2610,18367927.0,174538646.0,9.69,9.69,9.44,9.44,-0.26,4037.0
2018-08-10,2610,21423568.0,201856148.0,9.52,9.53,9.36,9.4,-0.04,4560.0
2018-08-13,2610,29685202.0,274443614.0,9.48,9.48,9.11,9.22,-0.18,5809.0
2018-08-14,2610,17008312.0,156533045.0,9.22,9.28,9.15,9.19,-0.03,3895.0
2018-08-15,2610,13047798.0,119788480.0,9.2,9.25,9.15,9.15,-0.04,3072.0
2018-08-16,2610,8105173.0,74103904.0,9.15,9.17,9.11,9.14,-0.01,2042.0
2018-08-17,2610,10495535.0,96126743.0,9.19,9.23,9.12,9.12,-0.02,2779.0
2018-08-20,2610,7617299.0,69588825.0,9.14,9.18,9.12,9.13,0.01,2052.0
2018-08-21,2610,9314259.0,85998681.0,9.14,9.29,9.14,9.29,0.16,2472.0
2018-08-22,2610,12650200.0,118995962.0,9.29,9.52,9.25,9.44,0.15,2675.0
2018-08-23,2610,12877108.0,120816375.0,9.44,9.51,9.3,9.41,-0.03,2893.0
2018-08-24,2610,8267338.0,77610222.0,9.38,9.42,9.32,9.41,0.0,1938.0
2018-08-27,2610,5936046.0,55828475.0,9.44,9.45,9.37,9.4,-0.01,1582.0
2018-08-28,2610,12049405.0,113619565.0,9.41,9.48,9.37,9.43,0.03,2491.0
2018-08-29,2610,9891729.0,92980305.0,9.41,9.46,9.36,9.39,-0.04,3045.0
2018-08-30,2610,6946196.0,64981435.0,9.39,9.42,9.31,9.34,-0.05,1729.0
2018-08-31,2610,14192468.0,132874987.0,9.37,9.41,9.3,9.41,0.07,2469.0
2018-09-03,2610,3440477.0,32223602.0,9.39,9.4,9.34,9.34,-0.07,1089.0
2018-09-04,2610,9211655.0,87277082.0,9.35,9.54,9.35,9.44,0.1,1957.0
2018-09-05,2610,7361583.0,69338185.0,9.41,9.49,9.37,9.4,-0.04,2146.0
2018-09-06,2610,8727130.0,81472595.0,9.36,9.41,9.3,9.41,0.01,2949.0
2018-09-07,2610,14886270.0,137895774.0,9.36,9.36,9.2,9.25,-0.16,4234.0
2018-09-10,2610,12227012.0,112163668.0,9.24,9.24,9.15,9.16,-0.09,5077.0
2018-09-11,2610,11207256.0,102887683.0,9.16,9.26,9.13,9.18,0.02,4215.0
2018-09-12,2610,9879226.0,90523117.0,9.18,9.22,9.13,9.21,0.03,2214.0
2018-09-13,2610,6852681.0,62993571.0,9.23,9.23,9.17,9.19,-0.02,1652.0
2018-09-14,2610,5275491.0,48737196.0,9.28,9.28,9.21,9.27,0.08,2609.0
2018-09-17,2610,3545903.0,32720737.0,9.27,9.27,9.21,9.21,-0.06,1525.0
2018-09-18,2610,4893676.0,45271538.0,9.21,9.29,9.21,9.23,0.02,1412.0
2018-09-19,2610,6175004.0,57466428.0,9.27,9.35,9.26,9.27,0.04,2248.0
2018-09-20,2610,5171574.0,48082467.0,9.31,9.33,9.28,9.28,0.01,1539.0
2018-09-21,2610,8922586.0,83038730.0,9.31,9.34,9.26,9.32,0.04,2043.0
2018-09-25,2610,6498393.0,60520608.0,9.3,9.37,9.26,9.29,-0.03,1730.0
2018-09-26,2610,10062053.0,93424501.0,9.29,9.33,9.26,9.26,-0.03,1607.0
2018-09-27,2610,6689804.0,62000564.0,9.26,9.29,9.24,9.27,0.01,1991.0
2018-09-28,2610,12201478.0,112656813.0,9.26,9.28,9.2,9.25,-0.02,2211.0
2018-10-01,2610,6587624.0,61293508.0,9.25,9.35,9.25,9.35,0.1,1688.0
2018-10-02,2610,6432393.0,60030076.0,9.35,9.4,9.27,9.4,0.05,1775.0
2018-10-03,2610,22535185.0,214052502.0,9.39,9.55,9.38,9.45,0.05,4284.0
2018-10-04,2610,11678460.0,109056357.0,9.5,9.5,9.28,9.28,-0.17,3478.0
2018-10-05,2610,10887031.0,101201332.0,9.3,9.4,9.16,9.4,0.12,2407.0
2018-10-08,2610,16687530.0,157284463.0,9.36,9.51,9.3,9.3,-0.1,2722.0
2018-10-09,2610,11851257.0,110968133.0,9.3,9.4,9.26,9.4,0.1,6327.0
2018-10-11,2610,29240420.0,264439874.0,9.1,9.16,8.98,8.98,-0.42,6681.0
2018-10-12,2610,11460540.0,104006062.0,8.98,9.15,8.97,9.07,0.09,3010.0
2018-10-15,2610,9930896.0,89637072.0,9.07,9.07,9.0,9.01,-0.06,2806.0
2018-10-16,2610,9608328.0,86719727.0,9.02,9.08,9.0,9.04,0.03,2970.0
2018-10-17,2610,5632630.0,50957100.0,9.06,9.08,9.02,9.07,0.03,2106.0
2018-10-18,2610,7012617.0,63871318.0,9.09,9.17,9.07,9.07,0.0,1601.0
2018-10-19,2610,9298820.0,84504675.0,9.05,9.13,9.02,9.1,0.03,1156.0
2018-10-22,2610,4542074.0,41615402.0,9.1,9.23,9.07,9.17,0.07,1149.0
2018-10-23,2610,3638931.0,33225765.0,9.12,9.17,9.11,9.12,-0.05,965.0
2018-10-24,2610,7834284.0,72113522.0,9.12,9.29,9.1,9.2,0.08,3083.0
2018-10-25,2610,4855140.0,44259299.0,9.14,9.16,9.08,9.12,-0.08,1647.0
2018-10-26,2610,10452558.0,94538556.0,9.12,9.16,9.0,9.04,-0.08,2396.0
2018-10-29,2610,4197782.0,38125043.0,9.04,9.13,9.03,9.07,0.03,1109.0
2018-10-30,2610,2546858.0,23174266.0,9.13,9.13,9.05,9.13,0.06,625.0
2018-10-31,2610,6609345.0,60444711.0,9.1,9.16,9.1,9.16,0.03,1763.0
2018-11-01,2610,5918313.0,54520120.0,9.27,9.27,9.16,9.19,0.03,1351.0
2018-11-02,2610,13844875.0,129407151.0,9.25,9.45,9.22,9.39,0.2,2208.0
2018-11-05,2610,19030839.0,181402177.0,9.44,9.62,9.39,9.57,0.18,3481.0
2018-11-06,2610,9205971.0,88277225.0,9.61,9.68,9.51,9.6,0.03,2105.0
2018-11-07,2610,9670995.0,93189662.0,9.62,9.68,9.56,9.65,0.05,2454.0
2018-11-08,2610,21966904.0,214956331.0,9.69,9.91,9.62,9.89,0.24,4532.0
2018-11-09,2610,12473073.0,120569089.0,9.8,9.83,9.59,9.65,-0.24,3034.0
2018-11-12,2610,19610265.0,194538495.0,9.75,9.97,9.73,9.94,0.29,4139.0
2018-11-13,2610,10747927.0,105901497.0,9.84,9.95,9.72,9.95,0.01,2769.0
2018-11-14,2610,22842608.0,232172030.0,10.05,10.25,10.05,10.2,0.25,5244.0
2018-11-15,2610,10933176.0,111345938.0,10.3,10.3,10.1,10.25,0.05,2765.0
2018-11-16,2610,8434180.0,86272325.0,10.3,10.35,10.15,10.2,-0.05,1734.0
2018-11-19,2610,11032896.0,113679629.0,10.3,10.4,10.25,10.3,0.1,2091.0
2018-11-20,2610,9421166.0,95926321.0,10.25,10.25,10.1,10.15,-0.15,1619.0
2018-11-21,2610,9939788.0,101257430.0,10.15,10.25,10.1,10.25,0.1,1572.0
2018-11-22,2610,7004694.0,71009700.0,10.25,10.3,10.1,10.15,-0.1,1843.0
2018-11-23,2610,7216560.0,72748100.0,10.1,10.2,10.0,10.05,-0.1,2427.0
2018-11-26,2610,19909639.0,206003224.0,10.45,10.55,10.15,10.25,0.2,3549.0
2018-11-27,2610,10065158.0,103134614.0,10.25,10.3,10.15,10.3,0.05,2180.0
2018-11-28,2610,71942733.0,775307388.0,10.4,10.95,10.4,10.95,0.65,10546.0
2018-11-29,2610,45945767.0,513625834.0,11.2,11.3,11.0,11.2,0.25,8812.0
2018-11-30,2610,22027245.0,243878345.0,11.15,11.3,10.95,11.0,-0.2,3912.0
2018-12-03,2610,26504516.0,291623860.0,11.25,11.35,10.8,10.9,-0.1,4521.0
2018-12-04,2610,27297845.0,293787733.0,10.85,10.95,10.6,10.75,-0.15,6027.0
2018-12-05,2610,10429591.0,111701571.0,10.65,10.85,10.6,10.75,0.0,2299.0
2018-12-06,2610,21524233.0,225349591.0,10.75,10.75,10.3,10.5,-0.25,3440.0
2018-12-07,2610,12651297.0,135260713.0,10.65,10.85,10.6,10.8,0.3,2484.0
2018-12-10,2610,12983636.0,136476225.0,10.65,10.7,10.4,10.5,-0.3,2195.0
2018-12-11,2610,12326735.0,129008075.0,10.5,10.6,10.4,10.45,-0.05,2031.0
2018-12-12,2610,7893999.0,83143135.0,10.5,10.6,10.45,10.55,0.1,2206.0
2018-12-13,2610,7896091.0,84300751.0,10.6,10.7,10.6,10.7,0.15,2186.0
2018-12-14,2610,9748545.0,104166809.0,10.65,10.8,10.55,10.65,-0.05,2851.0
2018-12-17,2610,24379110.0,267396587.0,10.7,11.05,10.7,11.0,0.35,4527.0
2018-12-18,2610,20868730.0,229945753.0,11.0,11.2,10.85,10.95,-0.05,3968.0
2018-12-19,2610,29508862.0,330119416.0,11.25,11.3,11.1,11.15,0.2,5487.0
2018-12-20,2610,10034053.0,111384333.0,11.1,11.2,10.95,11.05,-0.1,2134.0
2018-12-21,2610,15163301.0,167410561.0,11.0,11.1,10.9,11.05,0.0,2878.0
2018-12-22,2610,2345041.0,25922795.0,11.1,11.1,11.0,11.05,0.0,638.0
2018-12-24,2610,4943395.0,54720304.0,11.1,11.1,11.0,11.05,0.0,1512.0
2018-12-25,2610,6594237.0,72200900.0,11.1,11.1,10.85,10.9,-0.15,1535.0
2018-12-26,2610,3823565.0,41680297.0,10.9,10.95,10.85,10.9,0.0,910.0
2018-12-27,2610,6658261.0,72618457.0,10.95,11.0,10.8,10.9,0.0,1512.0
2018-12-28,2610,5858746.0,64025700.0,10.9,11.0,10.8,11.0,0.1,1644.0
2019-01-02,2610,4924368.0,53732930.0,11.0,11.0,10.85,10.95,-0.05,1407.0
2019-01-03,2610,6410851.0,70036895.0,10.95,11.0,10.85,10.95,0.0,1147.0
2019-01-04,2610,7731340.0,83831001.0,10.8,10.95,10.75,10.8,-0.15,1481.0
2019-01-07,2610,12577888.0,138351718.0,10.9,11.05,10.85,11.05,0.25,2973.0
2019-01-08,2610,20414708.0,228656021.0,11.1,11.25,11.1,11.2,0.15,5686.0
2019-01-09,2610,9502681.0,106164284.0,11.2,11.25,11.1,11.15,-0.05,2730.0
2019-01-10,2610,10726516.0,117885626.0,11.1,11.1,10.9,10.95,-0.2,2101.0
2019-01-11,2610,13715321.0,148061829.0,10.95,11.0,10.5,10.7,-0.25,3124.0
2019-01-14,2610,3724816.0,40052708.0,10.7,10.8,10.7,10.7,0.0,1328.0
2019-01-15,2610,13236547.0,145789567.0,10.8,11.1,10.75,11.1,0.4,2609.0
2019-01-16,2610,5634233.0,62044735.0,11.1,11.1,10.95,11.0,-0.1,1897.0
2019-01-17,2610,5782308.0,63261175.0,11.05,11.05,10.85,10.95,-0.05,2516.0
2019-01-18,2610,4035372.0,44165276.0,11.0,11.0,10.85,11.0,0.05,2158.0
2019-01-21,2610,8435220.0,91634510.0,11.0,11.0,10.8,10.9,-0.1,1862.0
2019-01-22,2610,14457388.0,154593297.0,10.85,10.85,10.6,10.65,-0.25,4430.0
2019-01-23,2610,13481317.0,141462331.0,10.6,10.65,10.4,10.5,-0.15,5156.0
2019-01-24,2610,7332353.0,78070004.0,10.6,10.7,10.6,10.7,0.2,2677.0
2019-01-25,2610,6118167.0,65398403.0,10.7,10.75,10.6,10.7,0.0,1823.0
2019-01-28,2610,12911364.0,135544635.0,10.55,10.6,10.4,10.45,-0.25,2400.0
2019-01-29,2610,6888677.0,72556341.0,10.45,10.65,10.45,10.6,0.15,1992.0
2019-01-30,2610,5867759.0,61967797.0,10.6,10.65,10.5,10.55,-0.05,1881.0
2019-02-11,2610,51315030.0,517400099.0,9.95,10.3,9.92,10.2,-0.35,11029.0
2019-02-12,2610,26854898.0,272244594.0,10.15,10.25,10.05,10.2,0.0,4768.0
2019-02-13,2610,29675997.0,304212049.0,10.2,10.35,10.15,10.2,0.0,5617.0
2019-02-14,2610,22958467.0,233918965.0,10.2,10.25,10.15,10.15,-0.05,4523.0
2019-02-15,2610,20266508.0,206959720.0,10.25,10.35,10.1,10.1,-0.05,4265.0
2019-02-18,2610,16134741.0,161937310.0,10.15,10.2,10.0,10.0,-0.1,3882.0
2019-02-19,2610,9522679.0,95356330.0,10.0,10.05,9.99,10.0,0.0,2232.0
2019-02-20,2610,16923811.0,169167149.0,10.0,10.05,9.98,9.98,-0.02,3328.0
2019-02-21,2610,13839956.0,139020441.0,10.0,10.15,10.0,10.1,0.12,2499.0
2019-02-22,2610,9903094.0,100061085.0,10.1,10.15,10.05,10.1,0.0,2169.0
2019-02-25,2610,10408878.0,105425802.0,10.1,10.2,10.05,10.15,0.05,1564.0
2019-02-26,2610,12420651.0,126343898.0,10.2,10.2,10.1,10.2,0.05,2463.0
2019-02-27,2610,15947530.0,162181423.0,10.15,10.25,10.1,10.15,-0.05,2690.0
2019-03-04,2610,13363746.0,136151005.0,10.2,10.25,10.1,10.15,0.0,2815.0
2019-03-05,2610,6169221.0,62653722.0,10.2,10.25,10.1,10.1,-0.05,1205.0
2019-03-06,2610,9200375.0,92609750.0,10.1,10.15,10.0,10.05,-0.05,1608.0
2019-03-07,2610,7060902.0,70737820.0,10.05,10.1,10.0,10.0,-0.05,1460.0
2019-03-08,2610,5565593.0,55759280.0,10.0,10.05,10.0,10.0,0.0,1661.0
2019-03-11,2610,9741725.0,97107468.0,10.0,10.05,9.93,9.93,-0.07,2433.0
2019-03-12,2610,5662686.0,56506291.0,9.99,10.05,9.94,9.94,0.01,1479.0
2019-03-13,2610,4898483.0,48735023.0,9.98,10.0,9.93,9.93,-0.01,1752.0
2019-03-14,2610,14025686.0,138193125.0,9.94,9.97,9.79,9.81,-0.12,4485.0
2019-03-15,2610,12780654.0,125130150.0,9.8,9.89,9.75,9.75,-0.06,2671.0
2019-03-18,2610,4054143.0,39872847.0,9.78,9.89,9.78,9.83,0.08,1428.0
2019-03-19,2610,13197288.0,128559290.0,9.85,9.85,9.7,9.7,-0.13,3796.0
2019-03-20,2610,16113428.0,155324233.0,9.7,9.76,9.55,9.62,-0.08,4722.0
2019-03-21,2610,13596332.0,133023159.0,9.67,9.85,9.63,9.85,0.23,4150.0
2019-03-22,2610,10131127.0,100281389.0,9.87,9.93,9.85,9.87,0.02,3423.0
2019-03-25,2610,6087448.0,59968084.0,9.86,9.9,9.77,9.89,0.02,1602.0
2019-03-26,2610,5252107.0,51798301.0,9.9,9.92,9.83,9.92,0.03,1256.0
2019-03-27,2610,3822151.0,37684659.0,9.9,9.9,9.83,9.86,-0.06,1506.0
2019-03-28,2610,3391179.0,33397399.0,9.85,9.9,9.82,9.83,-0.03,1051.0
2019-03-29,2610,5569435.0,54791074.0,9.83,9.86,9.81,9.86,0.03,1527.0
2019-04-01,2610,7035320.0,68932139.0,9.86,9.86,9.78,9.79,-0.07,1559.0
2019-04-02,2610,8028050.0,78464707.0,9.82,9.85,9.73,9.76,-0.03,2018.0
2019-04-03,2610,5924697.0,58419219.0,9.76,9.91,9.76,9.91,0.15,1952.0
2019-04-08,2610,6771019.0,67118795.0,9.91,9.94,9.88,9.93,0.02,1724.0
2019-04-09,2610,4122969.0,40850512.0,9.93,9.93,9.87,9.93,0.0,2009.0
2019-04-10,2610,7883694.0,77755267.0,9.93,9.93,9.8,9.87,-0.06,2811.0
2019-04-11,2610,2956246.0,29142174.0,9.87,9.9,9.84,9.88,0.01,1009.0
2019-04-12,2610,3412820.0,33771868.0,9.9,9.92,9.85,9.89,0.01,1059.0
2019-04-15,2610,8728502.0,86940853.0,9.9,10.0,9.9,10.0,0.11,2368.0
2019-04-16,2610,5053209.0,50497799.0,10.05,10.05,9.96,9.98,-0.02,1235.0
2019-04-17,2610,5991693.0,59548108.0,9.98,9.99,9.9,9.95,-0.03,1360.0
2019-04-18,2610,12384744.0,121621346.0,9.95,9.96,9.75,9.8,-0.15,3492.0
2019-04-19,2610,10130787.0,98680133.0,9.85,9.85,9.7,9.73,-0.07,3219.0
2019-04-22,2610,3993212.0,38851695.0,9.77,9.78,9.7,9.72,-0.01,1251.0
2019-04-23,2610,4805950.0,46699552.0,9.75,9.77,9.7,9.71,-0.01,1400.0
2019-04-24,2610,8766141.0,84645621.0,9.75,9.76,9.62,9.63,-0.08,2708.0
2019-04-25,2610,5871350.0,56592593.0,9.69,9.69,9.61,9.66,0.03,1891.0
2019-04-26,2610,3541978.0,34314310.0,9.68,9.71,9.66,9.71,0.05,1351.0
2019-04-29,2610,3727449.0,36421854.0,9.77,9.82,9.73,9.82,0.11,1100.0
2019-04-30,2610,5199342.0,50807029.0,9.82,9.83,9.72,9.8,-0.02,1650.0
2019-05-02,2610,4855367.0,47315986.0,9.8,9.8,9.72,9.73,-0.07,1591.0
2019-05-03,2610,2337584.0,22801627.0,9.73,9.78,9.73,9.75,0.02,760.0
2019-05-06,2610,9093742.0,87458301.0,9.74,9.74,9.58,9.62,-0.13,2834.0
2019-05-07,2610,3749373.0,36115916.0,9.67,9.68,9.6,9.63,0.01,1363.0
2019-05-08,2610,8669596.0,82901737.0,9.6,9.6,9.55,9.55,-0.08,2722.0
2019-05-09,2610,24206429.0,225780706.0,9.5,9.51,9.26,9.26,-0.29,6986.0
2019-05-10,2610,10584760.0,98584494.0,9.29,9.4,9.22,9.26,0.0,3400.0
2019-05-13,2610,7473333.0,69493625.0,9.32,9.33,9.28,9.3,0.04,2112.0
2019-05-14,2610,10920152.0,101682690.0,9.3,9.4,9.27,9.33,0.03,3151.0
2019-05-15,2610,8743898.0,83250684.0,9.33,9.6,9.33,9.58,0.25,2630.0
2019-05-16,2610,5772733.0,54999791.0,9.58,9.6,9.48,9.48,-0.1,2053.0
2019-05-17,2610,6935155.0,65309863.0,9.59,9.59,9.34,9.35,-0.13,2616.0
2019-05-20,2610,5107269.0,48479501.0,9.35,9.55,9.35,9.51,0.16,1837.0
2019-05-21,2610,4379523.0,41764017.0,9.52,9.59,9.48,9.51,0.0,1638.0
2019-05-22,2610,4857582.0,45870762.0,9.48,9.52,9.4,9.47,-0.04,1618.0
2019-05-23,2610,3696207.0,34719998.0,9.45,9.45,9.36,9.42,-0.05,1492.0
2019-05-24,2610,6838235.0,65129730.0,9.5,9.57,9.45,9.55,0.13,1978.0
2019-05-27,2610,6890597.0,66518744.0,9.58,9.68,9.56,9.67,0.12,1849.0
2019-05-28,2610,13484947.0,129532232.0,9.69,9.7,9.58,9.6,-0.07,1132.0
2019-05-29,2610,4940580.0,47446586.0,9.57,9.67,9.55,9.59,-0.01,1166.0
2019-05-30,2610,3332367.0,31941505.0,9.55,9.66,9.55,9.57,-0.02,1013.0
2019-05-31,2610,8835169.0,85599021.0,9.55,9.75,9.54,9.74,0.17,2338.0
2019-06-03,2610,5089374.0,49321386.0,9.74,9.75,9.67,9.69,-0.05,1476.0
2019-06-04,2610,3250491.0,31534312.0,9.69,9.74,9.67,9.7,0.01,1296.0
2019-06-05,2610,3610660.0,35088578.0,9.69,9.75,9.69,9.7,0.0,1354.0
2019-06-06,2610,7028598.0,68589867.0,9.7,9.79,9.7,9.79,0.09,1816.0
2019-06-10,2610,5439585.0,53141457.0,9.8,9.83,9.73,9.74,-0.05,1604.0
2019-06-11,2610,7215686.0,70835863.0,9.75,9.85,9.75,9.85,0.11,1851.0
2019-06-12,2610,6268534.0,61717754.0,9.86,9.87,9.81,9.83,-0.02,2178.0
2019-06-13,2610,5929166.0,58569567.0,9.83,9.9,9.82,9.86,0.03,1792.0
2019-06-14,2610,8002744.0,78237019.0,9.84,9.84,9.7,9.7,-0.16,2590.0
2019-06-17,2610,7262188.0,70855756.0,9.7,9.83,9.7,9.83,0.13,2954.0
2019-06-18,2610,7404749.0,72609145.0,9.83,9.86,9.75,9.8,-0.03,2153.0
2019-06-19,2610,9948753.0,98163346.0,9.85,9.9,9.81,9.89,0.09,3093.0
2019-06-20,2610,19806697.0,199343469.0,9.92,10.2,9.9,10.2,0.31,4757.0
2019-06-21,2610,31681350.0,325083889.0,10.35,10.35,10.1,10.3,0.1,4664.0
2019-06-24,2610,12845282.0,130713472.0,10.3,10.3,10.1,10.15,-0.15,2843.0
2019-06-25,2610,13708486.0,137179240.0,10.15,10.2,9.92,10.0,-0.15,2752.0
2019-06-26,2610,9756903.0,96903216.0,9.98,10.05,9.86,9.93,-0.07,3022.0
2019-06-27,2610,9712505.0,96568576.0,9.96,10.0,9.91,9.96,0.03,2665.0
2019-06-28,2610,8396016.0,82479114.0,9.95,9.95,9.75,9.84,-0.12,2187.0
2019-07-01,2610,8845814.0,86552883.0,9.81,9.87,9.75,9.75,-0.09,1791.0
2019-07-02,2610,8941591.0,86970959.0,9.75,9.8,9.68,9.69,-0.06,2162.0
2019-07-03,2610,4670465.0,45486096.0,9.75,9.79,9.71,9.73,0.04,1236.0
2019-07-04,2610,5284604.0,51662182.0,9.79,9.81,9.75,9.79,0.06,1436.0
2019-07-05,2610,5461214.0,53756894.0,9.8,9.88,9.8,9.87,0.08,1417.0
2019-07-08,2610,7816306.0,77004274.0,9.88,9.92,9.75,9.85,-0.02,1258.0
2019-07-09,2610,5751496.0,56495650.0,9.85,9.86,9.81,9.81,-0.04,975.0
2019-07-10,2610,5393444.0,53112148.0,9.81,9.88,9.78,9.86,0.05,1290.0
2019-07-11,2610,3835351.0,37865513.0,9.88,9.89,9.86,9.86,0.0,725.0
2019-07-12,2610,4196111.0,41322068.0,9.86,9.88,9.82,9.87,0.01,1222.0
2019-07-15,2610,6323766.0,62210687.0,9.87,9.93,9.78,9.91,0.04,1610.0
2019-07-16,2610,4069968.0,40234715.0,9.91,9.91,9.86,9.86,-0.05,1472.0
2019-07-17,2610,5558642.0,54816742.0,9.9,9.9,9.83,9.83,-0.03,2014.0
2019-07-18,2610,6530776.0,64053602.0,9.86,9.87,9.76,9.76,-0.07,1708.0
2019-07-19,2610,6007285.0,59095477.0,9.8,9.87,9.77,9.84,0.08,1690.0
2019-07-22,2610,7812138.0,77262367.0,9.84,9.93,9.84,9.89,0.05,1519.0
2019-07-23,2610,6261455.0,60562208.0,9.69,9.7,9.65,9.65,0.0,1645.0
2019-07-24,2610,6223907.0,59715500.0,9.6,9.64,9.56,9.6,-0.05,2034.0
2019-07-25,2610,7746978.0,73857136.0,9.56,9.6,9.5,9.59,-0.01,1820.0
2019-07-26,2610,8091411.0,76866760.0,9.59,9.59,9.48,9.5,-0.09,1898.0
2019-07-29,2610,6263652.0,59231354.0,9.46,9.51,9.43,9.45,-0.05,1817.0
2019-07-30,2610,4944945.0,46819631.0,9.47,9.52,9.45,9.45,0.0,1294.0
2019-07-31,2610,5356478.0,50963771.0,9.47,9.58,9.42,9.56,0.11,1938.0
2019-08-01,2610,11849085.0,111149484.0,9.44,9.44,9.35,9.39,-0.17,2845.0
2019-08-02,2610,9811260.0,91099912.0,9.32,9.35,9.27,9.27,-0.12,2483.0
2019-08-05,2610,9003793.0,83209170.0,9.25,9.4,9.2,9.33,0.06,2544.0
2019-08-06,2610,7814817.0,71878711.0,9.2,9.24,9.16,9.2,-0.13,2760.0
2019-08-07,2610,5305715.0,48919877.0,9.2,9.26,9.19,9.24,0.04,1795.0
2019-08-08,2610,6549863.0,60343099.0,9.24,9.27,9.18,9.23,-0.01,2052.0
2019-08-12,2610,4968861.0,45728889.0,9.2,9.25,9.17,9.19,-0.04,1617.0
2019-08-13,2610,8344272.0,76164253.0,9.19,9.2,9.1,9.1,-0.09,2585.0
2019-08-14,2610,5838755.0,53219997.0,9.13,9.15,9.1,9.1,0.0,2031.0
2019-08-15,2610,7578932.0,68711468.0,9.09,9.14,9.02,9.04,-0.06,2463.0
2019-08-16,2610,15100016.0,139905450.0,9.05,9.41,9.04,9.35,0.31,5681.0
2019-08-19,2610,9897893.0,92168080.0,9.35,9.38,9.18,9.3,-0.05,3625.0
2019-08-20,2610,6611285.0,60911331.0,9.26,9.26,9.19,9.2,-0.1,2157.0
2019-08-21,2610,3957811.0,36371968.0,9.2,9.22,9.16,9.22,0.02,1580.0
2019-08-22,2610,4054348.0,37225714.0,9.29,9.29,9.15,9.15,-0.07,1409.0
2019-08-23,2610,2292753.0,21027096.0,9.15,9.2,9.15,9.2,0.05,1005.0
2019-08-26,2610,6699356.0,60971454.0,9.12,9.13,9.08,9.09,-0.11,2123.0
2019-08-27,2610,13015367.0,118880206.0,9.11,9.18,9.08,9.18,0.09,2089.0
2019-08-28,2610,4744763.0,43286694.0,9.17,9.17,9.1,9.15,-0.03,1277.0
2019-08-29,2610,10818356.0,98300806.0,9.11,9.15,9.06,9.09,-0.06,2952.0
2019-08-30,2610,7732889.0,70941326.0,9.17,9.24,9.1,9.24,0.15,1948.0
2019-09-02,2610,2016257.0,18563098.0,9.24,9.24,9.18,9.23,-0.01,536.0
2019-09-03,2610,3696777.0,34005831.0,9.22,9.23,9.16,9.2,-0.03,1042.0
2019-09-04,2610,5805714.0,53420024.0,9.19,9.24,9.16,9.21,0.01,1799.0
2019-09-05,2610,5963625.0,54913384.0,9.23,9.23,9.19,9.22,0.01,1500.0
2019-09-06,2610,5013328.0,46311166.0,9.23,9.26,9.19,9.23,0.01,1858.0
2019-09-09,2610,3167562.0,29265674.0,9.24,9.29,9.21,9.23,0.0,1175.0
2019-09-10,2610,5455305.0,50323570.0,9.25,9.26,9.19,9.21,-0.02,1727.0
2019-09-11,2610,4811661.0,44271158.0,9.21,9.25,9.16,9.16,-0.05,1836.0
2019-09-12,2610,6165763.0,56977391.0,9.2,9.28,9.2,9.21,0.05,1610.0
2019-09-16,2610,9733331.0,89027326.0,9.2,9.21,9.11,9.12,-0.09,3035.0
2019-09-17,2610,5759140.0,52519154.0,9.1,9.15,9.09,9.11,-0.01,1849.0
2019-09-18,2610,8503332.0,78193454.0,9.13,9.24,9.13,9.24,0.13,2753.0
2019-09-19,2610,4736241.0,43719028.0,9.24,9.3,9.18,9.18,-0.06,1392.0
2019-09-20,2610,6373418.0,58630653.0,9.19,9.21,9.16,9.21,0.03,1049.0
2019-09-23,2610,3510886.0,32378393.0,9.25,9.25,9.21,9.21,0.0,1067.0
2019-09-24,2610,4795768.0,43980029.0,9.21,9.22,9.14,9.15,-0.06,1424.0
2019-09-25,2610,12134604.0,110496325.0,9.17,9.18,9.09,9.1,-0.05,2234.0
2019-09-26,2610,6472867.0,58870998.0,9.16,9.16,9.06,9.09,-0.01,1995.0
2019-09-27,2610,5123461.0,46601544.0,9.1,9.13,9.08,9.08,-0.01,1629.0
2019-10-01,2610,4415748.0,40183534.0,9.1,9.15,9.08,9.1,0.02,1478.0
2019-10-02,2610,2304188.0,20949716.0,9.11,9.12,9.07,9.11,0.01,689.0
2019-10-03,2610,5272556.0,47824579.0,9.07,9.1,9.05,9.07,-0.04,1519.0
2019-10-04,2610,12907035.0,116853516.0,9.07,9.1,9.03,9.07,0.0,2153.0
2019-10-07,2610,2601879.0,23678125.0,9.07,9.13,9.07,9.1,0.03,849.0
2019-10-08,2610,3815649.0,34780348.0,9.1,9.14,9.1,9.11,0.01,944.0
2019-10-09,2610,4646509.0,42188345.0,9.11,9.13,9.06,9.06,-0.05,1795.0
2019-10-14,2610,11371886.0,103237900.0,9.12,9.14,9.05,9.06,0.0,3086.0
2019-10-15,2610,6072160.0,54961666.0,9.08,9.1,9.03,9.06,0.0,2150.0
2019-10-16,2610,8720416.0,79555118.0,9.06,9.16,9.06,9.16,0.1,2741.0
2019-10-17,2610,7338329.0,67334987.0,9.16,9.2,9.14,9.18,0.02,2022.0
2019-10-18,2610,7579086.0,69399638.0,9.18,9.19,9.11,9.19,0.01,1525.0
2019-10-21,2610,4920178.0,45228714.0,9.19,9.21,9.15,9.2,0.01,1401.0
2019-10-22,2610,6449321.0,59452393.0,9.21,9.24,9.18,9.22,0.02,1699.0
2019-10-23,2610,4529988.0,41527984.0,9.23,9.23,9.13,9.13,-0.09,1663.0
2019-10-24,2610,5275840.0,48218860.0,9.13,9.17,9.12,9.13,0.0,1773.0
2019-10-25,2610,8672322.0,78956724.0,9.15,9.17,9.08,9.13,0.0,1872.0
2019-10-28,2610,7552294.0,68659066.0,9.15,9.15,9.07,9.09,-0.04,1880.0
2019-10-29,2610,12880667.0,116696317.0,9.1,9.12,9.04,9.07,-0.02,3515.0
2019-10-30,2610,5837585.0,52975690.0,9.08,9.1,9.05,9.1,0.03,1857.0
2019-10-31,2610,6597483.0,59840353.0,9.1,9.11,9.05,9.06,-0.04,1687.0
2019-11-01,2610,2573604.0,23341915.0,9.08,9.09,9.05,9.07,0.01,971.0
2019-11-04,2610,4953278.0,45010625.0,9.08,9.11,9.06,9.1,0.03,1586.0
2019-11-05,2610,11977581.0,108632187.0,9.1,9.11,9.05,9.09,-0.01,2359.0
2019-11-06,2610,11608012.0,105175170.0,9.1,9.11,9.05,9.06,-0.03,2674.0
2019-11-07,2610,10610799.0,96064408.0,9.06,9.08,9.04,9.08,0.02,3226.0
2019-11-08,2610,8311196.0,75247951.0,9.1,9.1,9.04,9.05,-0.03,2660.0
2019-11-11,2610,11964003.0,108075707.0,9.05,9.06,9.02,9.04,-0.01,2859.0
2019-11-12,2610,6997115.0,63212815.0,9.05,9.05,9.03,9.03,-0.01,2255.0
2019-11-13,2610,7092201.0,64063724.0,9.03,9.05,9.03,9.03,0.0,2151.0
2019-11-14,2610,6599820.0,59576856.0,9.03,9.04,9.02,9.03,0.0,1502.0
2019-11-15,2610,5659135.0,51180105.0,9.05,9.06,9.03,9.04,0.01,1718.0
2019-11-18,2610,5056651.0,45692935.0,9.04,9.05,9.03,9.05,0.01,1320.0
2019-11-19,2610,4753769.0,43093850.0,9.03,9.09,9.03,9.09,0.04,1320.0
2019-11-20,2610,8866731.0,80655671.0,9.08,9.15,9.06,9.1,0.01,2171.0
2019-11-21,2610,5496183.0,49837014.0,9.08,9.09,9.05,9.05,-0.05,1252.0
2019-11-22,2610,6679782.0,60425367.0,9.05,9.07,9.03,9.05,0.0,1728.0
2019-11-25,2610,8352073.0,75630707.0,9.06,9.08,9.05,9.05,0.0,1818.0
2019-11-26,2610,18609648.0,167927352.0,9.05,9.06,9.01,9.01,-0.04,3078.0
2019-11-27,2610,7349769.0,66369368.0,9.05,9.05,9.02,9.03,0.02,2518.0
2019-11-28,2610,6656712.0,60071343.0,9.03,9.04,9.01,9.03,0.0,2310.0
2019-11-29,2610,11923667.0,107486144.0,9.02,9.04,9.0,9.01,-0.02,2481.0
2019-12-02,2610,10189014.0,91802350.0,9.03,9.04,9.0,9.01,0.0,2520.0
2019-12-03,2610,9650533.0,86937527.0,9.01,9.04,9.0,9.04,0.03,2823.0
2019-12-04,2610,6908178.0,62261248.0,9.03,9.03,9.0,9.0,-0.04,2084.0
2019-12-05,2610,9060699.0,81634101.0,9.01,9.04,9.0,9.0,0.0,2805.0
2019-12-06,2610,5798045.0,52217115.0,9.01,9.03,9.0,9.01,0.01,2541.0
2019-12-09,2610,3537629.0,31944821.0,9.01,9.05,9.01,9.04,0.03,1024.0
2019-12-10,2610,5211076.0,47147709.0,9.04,9.08,9.02,9.05,0.01,1571.0
2019-12-11,2610,5948956.0,53620191.0,9.03,9.05,9.0,9.01,-0.04,1953.0
2019-12-12,2610,6729350.0,60741002.0,9.05,9.05,9.01,9.02,0.01,1895.0
2019-12-13,2610,8255014.0,74804993.0,9.08,9.08,9.04,9.07,0.05,2478.0
2019-12-16,2610,6196059.0,56043854.0,9.07,9.08,9.02,9.05,-0.02,1554.0
2019-12-17,2610,6104770.0,55352346.0,9.08,9.09,9.05,9.09,0.04,1889.0
2019-12-18,2610,7111125.0,64629786.0,9.09,9.1,9.06,9.08,-0.01,1861.0
2019-12-19,2610,8699627.0,79294509.0,9.1,9.15,9.08,9.15,0.07,1638.0
2019-12-20,2610,11711880.0,106521359.0,9.16,9.17,9.06,9.06,-0.09,2138.0
2019-12-23,2610,6505620.0,59169803.0,9.1,9.12,9.08,9.12,0.06,1329.0
2019-12-24,2610,3970183.0,36135794.0,9.12,9.13,9.08,9.12,0.0,1161.0
2019-12-25,2610,3078055.0,28075600.0,9.11,9.14,9.09,9.14,0.02,998.0
2019-12-26,2610,2701840.0,24649571.0,9.14,9.15,9.11,9.13,-0.01,525.0
2019-12-27,2610,3528701.0,32141799.0,9.14,9.14,9.1,9.12,-0.01,1022.0
2019-12-30,2610,5083601.0,46190336.0,9.12,9.12,9.07,9.1,-0.02,1263.0
2019-12-31,2610,4862186.0,44104465.0,9.08,9.09,9.06,9.06,-0.04,1142.0
2020-01-02,2610,4341250.0,39409404.0,9.06,9.12,9.05,9.12,0.06,1065.0
2020-01-03,2610,4890608.0,44414334.0,9.12,9.13,9.06,9.06,-0.06,1535.0
2020-01-06,2610,7312653.0,66000061.0,9.07,9.07,9.01,9.01,-0.05,1857.0
2020-01-07,2610,5551589.0,50064011.0,9.02,9.04,9.01,9.02,0.01,1576.0
2020-01-08,2610,10229631.0,92063579.0,9.02,9.02,8.98,9.0,-0.02,2097.0
2020-01-09,2610,8213432.0,73963784.0,9.01,9.05,8.99,9.0,0.0,1933.0
2020-01-10,2610,7776462.0,70167557.0,9.0,9.05,9.0,9.05,0.05,1588.0
2020-01-13,2610,6684463.0,60233907.0,9.01,9.04,9.0,9.03,-0.02,2046.0
2020-01-14,2610,6097045.0,54977775.0,9.05,9.05,9.0,9.05,0.02,2416.0
2020-01-15,2610,5194724.0,46787476.0,9.05,9.05,9.0,9.01,-0.04,1817.0
2020-01-16,2610,6107569.0,54948257.0,9.01,9.02,8.99,9.0,-0.01,1599.0
2020-01-17,2610,6889003.0,61921711.0,9.03,9.03,8.98,8.99,-0.01,2339.0
2020-01-20,2610,6381287.0,57397866.0,9.0,9.02,8.98,8.98,-0.01,1476.0
2020-01-30,2610,44053792.0,356920011.0,8.1,8.2,8.09,8.09,-0.89,8777.0
2020-01-31,2610,20088743.0,161569821.0,8.0,8.09,8.0,8.02,-0.07,5286.0
2020-02-03,2610,29818088.0,228323794.0,7.91,7.93,7.5,7.93,-0.09,8428.0
2020-02-04,2610,17944221.0,143090742.0,7.89,8.1,7.76,8.05,0.12,4546.0
2020-02-05,2610,16254098.0,131432014.0,8.1,8.2,7.97,8.07,0.02,3724.0
2020-02-06,2610,23949127.0,198699564.0,8.16,8.42,8.16,8.34,0.27,5143.0
2020-02-07,2610,13340794.0,110438860.0,8.33,8.35,8.17,8.32,-0.02,3187.0
2020-02-10,2610,9913348.0,81628851.0,8.25,8.3,8.15,8.3,-0.02,2089.0
2020-02-11,2610,7137686.0,59334764.0,8.31,8.35,8.28,8.29,-0.01,1925.0
2020-02-12,2610,9780785.0,81664132.0,8.28,8.4,8.26,8.38,0.09,2027.0
2020-02-13,2610,20334244.0,174539161.0,8.41,8.69,8.41,8.5,0.12,4737.0
2020-02-14,2610,9484497.0,80514966.0,8.5,8.54,8.45,8.48,-0.02,2556.0
2020-02-17,2610,6380229.0,53490239.0,8.4,8.43,8.31,8.42,-0.06,1635.0
2020-02-18,2610,5659174.0,47423618.0,8.37,8.4,8.35,8.4,-0.02,1429.0
2020-02-19,2610,12373695.0,106126718.0,8.4,8.65,8.4,8.56,0.16,3048.0
2020-02-20,2610,10930936.0,94221226.0,8.6,8.69,8.57,8.6,0.04,2588.0
2020-02-21,2610,10340583.0,89260778.0,8.6,8.66,8.56,8.63,0.03,2762.0
2020-02-24,2610,16064724.0,135917194.0,8.55,8.56,8.4,8.4,-0.23,4377.0
2020-02-25,2610,9017148.0,75492279.0,8.33,8.45,8.3,8.4,0.0,2587.0
2020-02-26,2610,13936469.0,115392935.0,8.3,8.33,8.22,8.24,-0.16,3507.0
2020-02-27,2610,23622446.0,191564240.0,8.21,8.21,8.01,8.16,-0.08,4681.0
2020-03-02,2610,13879765.0,112399055.0,8.02,8.25,8.0,8.06,-0.1,3909.0
2020-03-03,2610,14332084.0,115156172.0,8.09,8.13,8.01,8.01,-0.05,3875.0
2020-03-04,2610,14418205.0,116742009.0,8.0,8.2,8.0,8.2,0.19,3867.0
2020-03-05,2610,12820298.0,106352742.0,8.24,8.34,8.21,8.32,0.12,3565.0
2020-03-06,2610,12255877.0,99661805.0,8.25,8.25,8.1,8.1,-0.22,4122.0
2020-03-09,2610,19536169.0,156321732.0,8.01,8.05,7.97,7.98,-0.12,5800.0
2020-03-10,2610,17622644.0,141762128.0,7.91,8.12,7.91,8.1,0.12,4397.0
2020-03-11,2610,15109961.0,121487129.0,8.03,8.15,7.99,7.99,-0.11,4370.0
2020-03-12,2610,24935594.0,192719795.0,7.99,7.99,7.61,7.66,-0.33,7086.0
2020-03-13,2610,37907660.0,270838144.0,7.2,7.28,7.01,7.28,-0.38,7484.0
2020-03-16,2610,26999376.0,189812346.0,7.28,7.28,6.98,6.98,-0.3,6795.0
2020-03-17,2610,28964382.0,190498654.0,6.7,6.75,6.49,6.49,-0.49,7683.0
2020-03-18,2610,37949187.0,232961710.0,6.5,6.53,5.95,6.0,-0.49,10010.0
2020-03-19,2610,40341975.0,226030301.0,5.85,5.85,5.5,5.5,-0.5,9965.0
2020-03-20,2610,40334010.0,237921911.0,5.65,6.05,5.64,5.74,0.24,9329.0
2020-03-23,2610,33378767.0,200144431.0,5.72,6.18,5.52,6.1,0.36,7771.0
2020-03-24,2610,35449832.0,227513441.0,6.1,6.68,6.1,6.38,0.28,8625.0
2020-03-25,2610,47562422.0,329896395.0,6.8,7.01,6.75,7.01,0.63,9337.0
2020-03-26,2610,32929642.0,232410668.0,7.22,7.4,6.9,7.01,0.0,7801.0
2020-03-27,2610,26556660.0,183685590.0,7.15,7.15,6.8,6.8,-0.21,8205.0
2020-03-30,2610,18067086.0,122097262.0,6.7,6.91,6.52,6.76,-0.04,4433.0
2020-03-31,2610,22999212.0,154319771.0,6.88,6.97,6.6,6.61,-0.15,6295.0
2020-04-01,2610,18153361.0,118702777.0,6.63,6.65,6.5,6.53,-0.08,6173.0
2020-04-06,2610,22592670.0,145055663.0,6.54,6.55,6.3,6.49,-0.04,6027.0
2020-04-07,2610,20669803.0,136502415.0,6.6,6.72,6.5,6.63,0.14,5336.0
2020-04-08,2610,35259533.0,242425088.0,6.63,7.08,6.5,7.03,0.4,8523.0
2020-04-09,2610,59569471.0,436948021.0,7.05,7.69,7.04,7.32,0.29,12872.0
2020-04-10,2610,18803906.0,135202293.0,7.25,7.3,7.06,7.22,-0.1,4946.0
2020-04-13,2610,13503296.0,97238778.0,7.25,7.3,7.13,7.18,-0.04,3324.0
2020-04-14,2610,15844773.0,114377885.0,7.15,7.25,7.15,7.23,0.05,4310.0
2020-04-15,2610,25694688.0,189959909.0,7.26,7.47,7.26,7.42,0.19,7009.0
2020-04-16,2610,25408538.0,183149209.0,7.31,7.31,7.18,7.18,-0.24,7280.0
2020-04-17,2610,22439086.0,161723647.0,7.25,7.29,7.17,7.17,-0.01,5067.0
2020-04-20,2610,15663708.0,110361806.0,7.15,7.15,7.0,7.08,-0.09,4717.0
2020-04-21,2610,15258233.0,107027584.0,7.08,7.1,7.0,7.0,-0.08,4872.0
2020-04-22,2610,11420132.0,78899734.0,6.92,7.0,6.76,6.98,-0.02,3940.0
2020-04-23,2610,10798992.0,75841474.0,6.99,7.12,6.97,7.04,0.06,3200.0
2020-04-24,2610,10734312.0,75144297.0,7.02,7.03,6.93,7.03,-0.01,2350.0
2020-04-27,2610,12579002.0,89211401.0,7.07,7.12,7.04,7.12,0.09,3383.0
2020-04-28,2610,56454275.0,419836984.0,7.19,7.59,7.19,7.59,0.47,12683.0
2020-04-29,2610,69837441.0,561528715.0,7.67,8.17,7.67,8.12,0.53,16399.0
2020-04-30,2610,54102509.0,447472232.0,8.21,8.5,8.13,8.25,0.13,14839.0
2020-05-04,2610,24577973.0,193937082.0,7.8,8.0,7.73,8.0,-0.25,6542.0
2020-05-05,2610,13393701.0,106033118.0,8.0,8.0,7.88,7.91,-0.09,3502.0
2020-05-06,2610,21202426.0,164605946.0,7.91,7.92,7.7,7.7,-0.21,6084.0
2020-05-07,2610,11947112.0,93132792.0,7.65,7.9,7.61,7.79,0.09,4132.0
2020-05-08,2610,14084366.0,110407108.0,7.9,7.9,7.8,7.81,0.02,4561.0
2020-05-11,2610,22631759.0,183147724.0,7.99,8.24,7.98,8.06,0.25,5467.0
2020-05-12,2610,22595721.0,181301233.0,8.03,8.18,7.95,8.13,0.07,5408.0
2020-05-13,2610,14473576.0,116968117.0,8.04,8.12,8.01,8.07,-0.06,4999.0
2020-05-14,2610,12595513.0,101677061.0,8.03,8.15,8.01,8.04,-0.03,3136.0
2020-05-15,2610,10859161.0,87041548.0,8.11,8.12,7.94,8.03,-0.01,2767.0
2020-05-18,2610,7615918.0,61042324.0,8.0,8.07,7.99,8.0,-0.03,2032.0
2020-05-19,2610,51509346.0,425416385.0,8.2,8.35,8.12,8.34,0.34,15305.0
2020-05-20,2610,37512475.0,318335773.0,8.6,8.65,8.33,8.33,-0.01,9733.0
2020-05-21,2610,19259660.0,163175573.0,8.4,8.55,8.4,8.45,0.12,4517.0
2020-05-22,2610,13616094.0,112978294.0,8.44,8.44,8.2,8.24,-0.21,3907.0
2020-05-25,2610,13313297.0,109799941.0,8.24,8.35,8.18,8.26,0.02,2764.0
2020-05-26,2610,12948296.0,107551600.0,8.3,8.37,8.26,8.26,0.0,3385.0
2020-05-27,2610,12520034.0,104713419.0,8.31,8.41,8.3,8.4,0.14,3196.0
2020-05-28,2610,13045150.0,109021921.0,8.46,8.47,8.26,8.34,-0.06,3518.0
2020-05-29,2610,23405764.0,191783217.0,8.3,8.3,8.15,8.2,-0.14,5026.0
2020-06-01,2610,10592705.0,87915277.0,8.24,8.33,8.24,8.33,0.13,2807.0
2020-06-02,2610,5112457.0,42442711.0,8.35,8.35,8.26,8.31,-0.02,1640.0
2020-06-03,2610,12992259.0,108532016.0,8.36,8.4,8.31,8.36,0.05,2732.0
2020-06-04,2610,25529549.0,214928827.0,8.44,8.55,8.36,8.42,0.06,7483.0
2020-06-05,2610,76041073.0,665053182.0,8.5,9.0,8.5,8.77,0.35,16673.0
2020-06-08,2610,42747185.0,377839599.0,8.98,8.99,8.78,8.83,0.06,11539.0
2020-06-09,2610,16330516.0,144287758.0,8.94,8.94,8.8,8.83,0.0,5155.0
2020-06-10,2610,15190263.0,133500234.0,8.83,8.83,8.77,8.8,-0.03,3887.0
2020-06-11,2610,15958180.0,138993314.0,8.8,8.84,8.6,8.63,-0.17,4553.0
2020-06-12,2610,16171120.0,134907425.0,8.2,8.46,8.12,8.46,-0.17,3902.0
2020-06-15,2610,9763709.0,81916560.0,8.5,8.5,8.3,8.46,0.0,2887.0
2020-06-16,2610,15736815.0,132709329.0,8.5,8.54,8.4,8.48,0.02,7656.0
2020-06-17,2610,21893545.0,183144802.0,8.58,8.58,8.31,8.4,-0.08,7374.0
2020-06-18,2610,15786660.0,131066373.0,8.4,8.4,8.28,8.28,-0.12,4158.0
2020-06-19,2610,13348396.0,110319215.0,8.28,8.33,8.25,8.25,-0.03,2855.0
2020-06-22,2610,10982288.0,90028520.0,8.25,8.25,8.17,8.17,-0.08,3258.0
2020-06-23,2610,7227816.0,59406372.0,8.17,8.28,8.17,8.23,0.06,2279.0
2020-06-24,2610,14660716.0,122603265.0,8.29,8.4,8.28,8.39,0.16,3204.0
2020-06-29,2610,11401261.0,93716785.0,8.32,8.32,8.17,8.2,-0.19,3262.0
2020-06-30,2610,6985822.0,57404656.0,8.29,8.29,8.2,8.2,0.0,2033.0
2020-07-01,2610,4960542.0,40724554.0,8.21,8.25,8.19,8.22,0.02,1747.0
2020-07-02,2610,5465601.0,44795535.0,8.23,8.23,8.18,8.19,-0.03,1515.0
2020-07-03,2610,6082486.0,50057911.0,8.2,8.28,8.2,8.22,0.03,1656.0
2020-07-06,2610,9782874.0,80654839.0,8.22,8.28,8.22,8.22,0.0,2430.0
2020-07-07,2610,14881498.0,123403463.0,8.24,8.39,8.2,8.37,0.15,3808.0
2020-07-08,2610,10800802.0,90018314.0,8.38,8.4,8.28,8.28,-0.09,2679.0
2020-07-09,2610,13444987.0,110760054.0,8.29,8.33,8.2,8.2,-0.08,3357.0
2020-07-10,2610,12704885.0,104094785.0,8.2,8.27,8.15,8.15,-0.05,3521.0
2020-07-13,2610,13821982.0,112034001.0,8.15,8.17,8.08,8.1,-0.05,3274.0
2020-07-14,2610,14664521.0,117603236.0,8.1,8.1,8.0,8.0,-0.1,3979.0
2020-07-15,2610,8433837.0,67696528.0,8.02,8.08,8.0,8.01,0.01,2441.0
2020-07-16,2610,13794370.0,112191464.0,8.07,8.18,8.05,8.11,0.1,3332.0
2020-07-17,2610,7626474.0,61973218.0,8.2,8.2,8.1,8.12,0.01,1777.0
2020-07-20,2610,3815609.0,30900828.0,8.18,8.18,8.06,8.12,0.0,1195.0
2020-07-21,2610,6473571.0,52403433.0,8.12,8.13,8.07,8.07,-0.05,2107.0
2020-07-22,2610,5378349.0,43448421.0,8.07,8.12,8.06,8.1,0.03,1680.0
2020-07-23,2610,7121112.0,57193550.0,8.1,8.1,8.01,8.01,-0.09,2055.0
2020-07-24,2610,9034999.0,72285572.0,8.01,8.06,7.98,7.98,-0.03,2433.0
2020-07-27,2610,10918929.0,85767944.0,7.97,7.97,7.8,7.8,-0.18,3294.0
2020-07-28,2610,16249920.0,123411058.0,7.75,7.75,7.53,7.56,-0.24,4398.0
2020-07-29,2610,6909821.0,53252025.0,7.53,7.8,7.5,7.73,0.17,2362.0
2020-07-30,2610,4206552.0,32530032.0,7.73,7.8,7.67,7.78,0.05,1516.0
2020-07-31,2610,15327982.0,121749567.0,7.9,8.03,7.88,7.99,0.21,2412.0
2020-08-03,2610,9068831.0,70834018.0,7.92,7.92,7.76,7.81,-0.18,2453.0
2020-08-04,2610,8507817.0,65604497.0,7.8,7.8,7.7,7.71,-0.1,4005.0
2020-08-05,2610,9958140.0,76252826.0,7.72,7.75,7.62,7.63,-0.08,5249.0
2020-08-06,2610,8374176.0,64696751.0,7.69,7.82,7.67,7.78,0.15,2213.0
2020-08-07,2610,38004104.0,310651460.0,8.38,8.39,8.01,8.02,0.24,8692.0
2020-08-10,2610,46128228.0,383055759.0,8.25,8.4,8.18,8.39,0.37,8966.0
2020-08-11,2610,26253551.0,218744953.0,8.45,8.5,8.22,8.24,-0.15,5352.0
2020-08-12,2610,10179928.0,83561415.0,8.24,8.26,8.15,8.18,-0.06,2747.0
2020-08-13,2610,26894216.0,216362306.0,8.17,8.17,7.92,8.01,-0.17,6485.0
2020-08-14,2610,18841992.0,152097730.0,8.01,8.2,7.96,8.08,0.07,5552.0
2020-08-17,2610,27125667.0,220331659.0,8.08,8.2,8.04,8.11,0.03,4507.0
2020-08-18,2610,13600850.0,110014875.0,8.15,8.16,8.05,8.1,-0.01,2851.0
2020-08-19,2610,13545662.0,109223095.0,8.1,8.13,8.02,8.02,-0.08,3827.0
2020-08-20,2610,44773992.0,364649022.0,8.02,8.3,8.01,8.05,0.03,9229.0
2020-08-21,2610,31056047.0,255007355.0,8.14,8.29,8.08,8.2,0.15,5440.0
2020-08-24,2610,25501185.0,209468549.0,8.23,8.29,8.06,8.29,0.09,5607.0
2020-08-25,2610,102713980.0,875507507.0,8.41,8.75,8.33,8.37,0.08,17107.0
2020-08-26,2610,59504053.0,500771025.0,8.37,8.63,8.3,8.3,-0.07,10440.0
2020-08-27,2610,52129985.0,428898225.0,8.35,8.38,8.12,8.36,0.06,9743.0
2020-08-28,2610,98510281.0,840450263.0,8.4,8.69,8.25,8.63,0.27,17931.0
2020-08-31,2610,343150319.0,2961832669.0,8.76,9.0,8.54,8.54,-0.09,28873.0
2020-09-01,2610,63081449.0,549418156.0,8.67,8.81,8.63,8.71,0.17,10539.0
2020-09-02,2610,36618152.0,319962194.0,8.74,8.79,8.67,8.76,0.05,8069.0
2020-09-03,2610,93600339.0,839907119.0,8.78,9.1,8.77,9.06,0.3,17539.0
2020-09-04,2610,57541891.0,516420053.0,8.93,9.06,8.88,8.98,-0.08,12153.0
2020-09-07,2610,86480652.0,795608696.0,9.04,9.48,9.02,9.12,0.14,16280.0
2020-09-08,2610,49328882.0,455692648.0,9.16,9.35,9.1,9.24,0.12,9028.0
2020-09-09,2610,60914541.0,569343515.0,9.18,9.48,9.12,9.48,0.24,12158.0
2020-09-10,2610,65944612.0,620566760.0,9.5,9.66,9.2,9.23,-0.25,14793.0
2020-09-11,2610,63405276.0,580009782.0,9.32,9.4,8.92,9.2,-0.03,13040.0
2020-09-14,2610,62553877.0,565448069.0,9.36,9.37,8.9,8.91,-0.29,12829.0
2020-09-15,2610,30670591.0,275442349.0,8.91,9.06,8.8,9.0,0.09,5710.0
2020-09-16,2610,30986484.0,276691080.0,9.08,9.08,8.88,8.92,-0.08,6533.0
2020-09-17,2610,21514335.0,191028030.0,8.98,8.98,8.81,8.82,-0.1,5032.0
2020-09-18,2610,34838555.0,303181263.0,8.8,8.83,8.65,8.66,-0.16,8254.0
2020-09-21,2610,35632009.0,303764963.0,8.66,8.67,8.43,8.46,-0.2,8617.0
2020-09-22,2610,23901871.0,198831795.0,8.36,8.39,8.23,8.3,-0.16,6496.0
2020-09-23,2610,29322684.0,240666813.0,8.3,8.36,8.15,8.16,-0.14,6865.0
2020-09-24,2610,38449358.0,311855442.0,8.11,8.24,8.07,8.07,-0.09,9035.0
2020-09-25,2610,23240275.0,188928863.0,8.2,8.25,8.06,8.1,0.03,5492.0
2020-09-28,2610,38366638.0,322269049.0,8.19,8.57,8.12,8.53,0.43,8600.0
2020-09-29,2610,18820850.0,157661447.0,8.5,8.5,8.3,8.31,-0.22,4668.0
2020-09-30,2610,8761142.0,72913123.0,8.38,8.4,8.25,8.28,-0.03,2337.0
2020-10-05,2610,13552821.0,114221953.0,8.42,8.52,8.35,8.47,0.19,3770.0
2020-10-06,2610,12877125.0,109544627.0,8.45,8.58,8.42,8.53,0.06,3247.0
2020-10-07,2610,7633180.0,65017393.0,8.46,8.58,8.43,8.5,-0.03,1968.0
2020-10-08,2610,9945233.0,84649549.0,8.59,8.61,8.45,8.5,0.0,2551.0
2020-10-12,2610,10698498.0,90553260.0,8.53,8.55,8.42,8.44,-0.06,2837.0
2020-10-13,2610,16322878.0,138802567.0,8.56,8.57,8.44,8.55,0.11,3889.0
2020-10-14,2610,16453000.0,141463758.0,8.56,8.67,8.52,8.52,-0.03,3779.0
2020-10-15,2610,9955703.0,85430120.0,8.55,8.63,8.51,8.6,0.08,2626.0
2020-10-16,2610,9503702.0,81471883.0,8.61,8.63,8.53,8.55,-0.05,2169.0
2020-10-19,2610,7877549.0,67490953.0,8.56,8.63,8.53,8.58,0.03,1884.0
2020-10-20,2610,15917543.0,137438729.0,8.6,8.67,8.6,8.65,0.07,3599.0
2020-10-21,2610,9785379.0,84589789.0,8.66,8.68,8.61,8.61,-0.04,2793.0
2020-10-22,2610,11772015.0,101921705.0,8.64,8.68,8.62,8.66,0.05,3920.0
2020-10-23,2610,20307725.0,178354261.0,8.69,8.84,8.68,8.8,0.14,4701.0
2020-10-26,2610,26000354.0,232037097.0,8.86,8.99,8.85,8.9,0.1,6956.0
2020-10-27,2610,15457779.0,136112112.0,8.9,8.9,8.7,8.79,-0.11,3802.0
2020-10-28,2610,19689077.0,174858471.0,8.89,8.99,8.8,8.81,0.02,4278.0
2020-10-29,2610,29045623.0,255236125.0,8.8,8.92,8.61,8.83,0.02,6179.0
2020-10-30,2610,25922031.0,227710746.0,8.92,8.96,8.64,8.75,-0.08,5778.0
2020-11-02,2610,12535729.0,108560100.0,8.75,8.78,8.62,8.63,-0.12,3049.0
2020-11-03,2610,7769982.0,67142794.0,8.64,8.68,8.6,8.65,0.02,2018.0
2020-11-04,2610,8130216.0,70544828.0,8.7,8.75,8.58,8.68,0.03,2312.0
2020-11-05,2610,13278420.0,114528695.0,8.7,8.74,8.58,8.58,-0.1,4313.0
2020-11-06,2610,55201519.0,457013833.0,8.2,8.39,8.2,8.32,-0.26,12647.0
2020-11-09,2610,21256670.0,178538300.0,8.3,8.48,8.29,8.41,0.09,5113.0
2020-11-10,2610,82643001.0,764447690.0,9.25,9.25,9.25,9.25,0.84,11696.0
2020-11-11,2610,149137565.0,1342793156.0,9.17,9.18,8.8,9.1,-0.15,34800.0
2020-11-12,2610,34835678.0,315400380.0,9.0,9.19,8.97,9.01,-0.09,7233.0
2020-11-13,2610,23016429.0,204725074.0,9.01,9.04,8.8,8.88,-0.13,5145.0
2020-11-16,2610,16875085.0,150454461.0,8.98,8.99,8.89,8.91,0.03,3965.0
2020-11-17,2610,47273192.0,429825224.0,9.15,9.15,9.02,9.05,0.14,14942.0
2020-11-18,2610,53724871.0,493148547.0,9.08,9.3,9.04,9.22,0.17,11957.0
2020-11-19,2610,21636861.0,198189651.0,9.22,9.22,9.12,9.14,-0.08,4644.0
2020-11-20,2610,17754280.0,161713974.0,9.14,9.18,9.08,9.1,-0.04,4494.0
2020-11-23,2610,20724236.0,188493239.0,9.11,9.15,9.06,9.09,-0.01,5096.0
2020-11-24,2610,56345954.0,521145853.0,9.13,9.34,9.09,9.24,0.15,12417.0
2020-11-25,2610,173275942.0,1692657009.0,9.43,10.05,9.32,9.88,0.64,30225.0
2020-11-26,2610,94979488.0,950244859.0,9.93,10.1,9.9,10.0,0.12,16745.0
2020-11-27,2610,51172559.0,510833814.0,10.05,10.1,9.9,10.05,0.05,11118.0
2020-11-30,2610,53568716.0,532083176.0,10.0,10.1,9.78,9.78,-0.27,11378.0
2020-12-01,2610,30343082.0,297489652.0,9.78,9.92,9.66,9.84,0.06,7009.0
2020-12-02,2610,147079116.0,1513205812.0,9.98,10.7,9.96,10.25,0.41,24745.0
2020-12-03,2610,143455576.0,1523497590.0,10.4,10.8,10.3,10.8,0.55,22761.0
2020-12-04,2610,130946172.0,1426394235.0,11.0,11.2,10.7,10.85,0.05,23515.0
2020-12-07,2610,57393441.0,611380855.0,10.85,10.9,10.55,10.55,-0.3,12807.0
2020-12-08,2610,56324853.0,605305355.0,10.55,10.9,10.3,10.8,0.25,11323.0
2020-12-09,2610,52186482.0,562323674.0,10.8,10.95,10.6,10.75,-0.05,11036.0
2020-12-10,2610,44338963.0,470936813.0,10.65,10.8,10.5,10.6,-0.15,8814.0
2020-12-11,2610,41046834.0,434569421.0,10.75,10.75,10.4,10.5,-0.1,7719.0
2020-12-14,2610,112124035.0,1219555494.0,10.5,11.15,10.35,11.0,0.5,16890.0
2020-12-15,2610,359384838.0,4236249626.0,11.2,12.1,11.05,11.7,0.7,45057.0
2020-12-16,2610,191288503.0,2297524250.0,12.0,12.35,11.7,11.9,0.2,33279.0
2020-12-17,2610,82412676.0,965843157.0,11.9,12.0,11.6,11.75,-0.15,16726.0
2020-12-18,2610,185383572.0,2238974639.0,11.7,12.45,11.6,12.15,0.4,31734.0
2020-12-21,2610,232638813.0,2963855152.0,12.2,13.1,12.2,12.95,0.8,41863.0
2020-12-22,2610,236423171.0,2945442134.0,12.9,13.15,11.75,11.9,-1.05,51482.0
2020-12-23,2610,146660420.0,1687360683.0,11.8,11.8,11.0,11.7,-0.2,31320.0
2020-12-24,2610,75763802.0,910072442.0,11.9,12.25,11.8,11.9,0.2,16433.0
2020-12-25,2610,66489948.0,798723328.0,12.05,12.2,11.9,11.95,0.05,11574.0
2020-12-28,2610,135271589.0,1656848648.0,12.0,12.55,11.95,12.2,0.25,26917.0
2020-12-29,2610,109456720.0,1334627893.0,12.3,12.45,11.95,12.3,0.1,20147.0
2020-12-30,2610,52760559.0,638861462.0,12.35,12.35,12.0,12.15,-0.15,12000.0
2020-12-31,2610,101304098.0,1228024924.0,12.2,12.35,12.0,12.05,-0.1,20086.0
2021-01-04,2610,106852175.0,1252959990.0,12.05,12.05,11.6,11.7,-0.35,24870.0
2021-01-05,2610,75172652.0,852566176.0,11.65,11.7,11.15,11.35,-0.35,18688.0
2021-01-06,2610,68429910.0,774330214.0,11.3,11.65,11.1,11.15,-0.2,15775.0
2021-01-07,2610,87498727.0,949701319.0,11.35,11.35,10.65,10.8,-0.35,18143.0
2021-01-08,2610,51715653.0,567486374.0,10.8,11.15,10.8,11.05,0.25,11258.0
2021-01-11,2610,30808276.0,335651098.0,11.05,11.05,10.8,10.9,-0.15,7258.0
2021-01-12,2610,56011376.0,594734016.0,10.9,10.9,10.5,10.55,-0.35,13989.0
2021-01-13,2610,32420163.0,345227255.0,10.55,10.85,10.55,10.6,0.05,7395.0
2021-01-14,2610,18044301.0,192097650.0,10.6,10.75,10.6,10.6,0.0,4401.0
2021-01-15,2610,58417869.0,600870185.0,10.6,10.6,10.15,10.25,-0.35,14277.0
2021-01-18,2610,57373056.0,589325885.0,10.0,10.55,9.97,10.5,0.25,11304.0
2021-01-19,2610,30856212.0,321955474.0,10.55,10.65,10.3,10.45,-0.05,5724.0
2021-01-20,2610,33187814.0,337423354.0,10.3,10.4,10.05,10.1,-0.35,7354.0
2021-01-21,2610,24333543.0,247149695.0,10.15,10.4,10.05,10.1,0.0,5556.0
2021-01-22,2610,29457371.0,297906693.0,10.1,10.25,10.0,10.2,0.1,5350.0
2021-01-25,2610,20137874.0,204007979.0,10.1,10.25,10.05,10.15,-0.05,3649.0
2021-01-26,2610,34483018.0,352020308.0,10.15,10.4,10.1,10.25,0.1,5580.0
2021-01-27,2610,134394347.0,1450430850.0,10.6,11.1,10.55,10.9,0.65,19754.0
2021-01-28,2610,159491607.0,1791528689.0,10.7,11.5,10.6,11.45,0.55,32856.0
2021-01-29,2610,121920267.0,1366638153.0,11.6,11.75,10.85,11.0,-0.45,21694.0
2021-02-01,2610,76111588.0,842038679.0,11.1,11.3,10.75,11.3,0.3,12650.0
2021-02-02,2610,87982160.0,993130567.0,11.55,11.6,11.1,11.25,-0.05,16987.0
2021-02-03,2610,57993956.0,656081395.0,11.45,11.45,11.2,11.2,-0.05,8128.0
2021-02-04,2610,28720595.0,322103713.0,11.25,11.3,11.15,11.25,0.05,5151.0
2021-02-05,2610,169844704.0,1977739861.0,11.4,11.85,11.3,11.65,0.4,27749.0
2021-02-17,2610,126310489.0,1503995970.0,12.35,12.4,11.65,11.8,0.15,21509.0
2021-02-18,2610,67750217.0,790763844.0,11.65,11.8,11.5,11.8,0.0,12386.0
2021-02-19,2610,51173236.0,593996542.0,11.7,11.8,11.5,11.55,-0.25,11361.0
2021-02-22,2610,207081711.0,2448028348.0,11.7,12.0,11.5,11.85,0.3,24637.0
2021-02-23,2610,287032696.0,3582600690.0,12.2,12.95,12.1,12.3,0.45,49623.0
2021-02-24,2610,119392924.0,1458796123.0,12.5,12.55,12.0,12.05,-0.25,23906.0
2021-02-25,2610,573605882.0,7418455055.0,12.35,13.25,12.2,13.25,1.2,76659.0
2021-02-26,2610,1013047949.0,13878018555.0,13.1,14.25,12.8,14.0,0.75,158558.0
2021-03-02,2610,619529680.0,8945293465.0,14.6,15.1,13.8,13.8,-0.2,110702.0
2021-03-03,2610,415350716.0,5812784758.0,13.95,14.5,13.45,14.3,0.5,64663.0
2021-03-04,2610,358981976.0,5144958669.0,14.2,14.65,13.9,13.9,-0.4,55912.0
2021-03-05,2610,181071351.0,2491272294.0,13.6,14.0,13.5,13.65,-0.25,34328.0
2021-03-08,2610,175171103.0,2403436245.0,14.05,14.25,13.35,13.5,-0.15,33255.0
2021-03-09,2610,264848079.0,3687339011.0,13.7,14.3,13.4,14.25,0.75,45962.0
2021-03-10,2610,154304230.0,2161861371.0,14.05,14.25,13.8,13.8,-0.45,30938.0
2021-03-11,2610,91531960.0,1274921450.0,13.9,14.1,13.8,14.0,0.2,16606.0
2021-03-12,2610,213298610.0,3030017005.0,14.05,14.45,13.9,14.15,0.15,34431.0
2021-03-15,2610,124191355.0,1769109618.0,14.25,14.45,14.05,14.15,0.0,22433.0
2021-03-16,2610,304035516.0,4441778528.0,14.35,14.85,14.3,14.5,0.35,47178.0
2021-03-17,2610,254776586.0,3783635273.0,14.7,15.1,14.6,14.75,0.25,45705.0
2021-03-18,2610,165223359.0,2437248486.0,14.9,15.1,14.55,14.6,-0.15,37357.0
2021-03-19,2610,178614327.0,2650551455.0,14.75,15.05,14.65,14.95,0.35,33114.0
2021-03-22,2610,270523413.0,4225024859.0,15.1,16.05,15.05,15.75,0.8,58390.0
2021-03-23,2610,175569770.0,2697575525.0,15.85,15.9,15.1,15.1,-0.65,48571.0
2021-03-24,2610,101902592.0,1541018731.0,14.9,15.4,14.9,15.05,-0.05,25051.0
2021-03-25,2610,91183208.0,1358753574.0,15.2,15.2,14.6,14.75,-0.3,24489.0
2021-03-26,2610,92653600.0,1388764881.0,14.95,15.15,14.8,15.05,0.3,17463.0
2021-03-29,2610,148214429.0,2286520457.0,15.3,15.6,15.15,15.45,0.4,27986.0
2021-03-30,2610,106527393.0,1638418128.0,15.7,15.7,15.2,15.2,-0.25,22838.0
2021-03-31,2610,66258761.0,1010277895.0,15.25,15.45,15.15,15.25,0.05,14820.0
2021-04-01,2610,116490275.0,1758308783.0,15.3,15.35,14.85,15.25,0.0,26967.0
2021-04-06,2610,75356824.0,1145031557.0,15.45,15.5,15.1,15.15,-0.1,16791.0
2021-04-07,2610,110138827.0,1687922349.0,15.25,15.45,15.15,15.3,0.15,20690.0
2021-04-08,2610,284792489.0,4528848239.0,15.45,16.3,15.4,16.25,0.95,55463.0
2021-04-09,2610,340561220.0,5625746835.0,16.5,17.0,16.0,16.2,-0.05,70816.0
2021-04-12,2610,226436998.0,3774343893.0,16.4,17.15,16.1,17.1,0.9,46707.0
2021-04-13,2610,493638762.0,8739274116.0,17.15,18.7,16.75,17.4,0.3,98853.0
2021-04-14,2610,416304201.0,7330875483.0,17.8,18.35,16.65,17.45,0.05,83392.0
2021-04-15,2610,215065490.0,3822376664.0,17.45,18.05,17.3,17.65,0.2,40556.0
2021-04-16,2610,190843690.0,3436376557.0,17.8,18.3,17.6,18.3,0.65,37199.0
2021-04-19,2610,347467226.0,6661869161.0,18.35,19.8,18.3,19.55,1.25,78757.0
2021-04-20,2610,250835983.0,4818739048.0,19.5,19.6,18.75,19.4,-0.15,58358.0
2021-04-21,2610,358588102.0,7273686352.0,19.6,20.7,19.35,20.55,1.15,79889.0
2021-04-22,2610,537373496.0,11581227541.0,21.0,22.6,20.0,20.6,0.05,137090.0
2021-04-23,2610,348070593.0,7190787406.0,21.6,21.75,20.0,20.4,-0.2,82252.0
2021-04-26,2610,335496273.0,6668353972.0,19.5,20.35,19.1,20.1,-0.3,87840.0
2021-04-27,2610,206698825.0,4244095585.0,20.2,20.9,20.15,20.7,0.6,49534.0
2021-04-28,2610,365822730.0,8018871057.0,21.15,22.7,21.1,22.2,1.5,86494.0
2021-04-29,2610,306769243.0,6608147797.0,22.6,22.8,20.85,21.2,-1.0,77065.0
2021-05-03,2610,247400726.0,5034224226.0,20.5,20.95,19.85,19.9,-1.3,69821.0
2021-05-04,2610,378871108.0,7128422138.0,19.95,20.65,17.95,18.0,-1.9,91365.0
2021-05-05,2610,212740840.0,3910406653.0,18.05,19.0,17.1,18.45,0.45,50628.0
2021-05-06,2610,165869384.0,3075631285.0,18.75,19.2,17.7,18.25,-0.2,37948.0
2021-05-07,2610,297428825.0,5086211237.0,17.8,18.0,16.5,17.25,-1.0,74697.0
2021-05-10,2610,243899424.0,4233901754.0,16.75,17.8,16.6,17.8,0.55,52344.0
2021-05-11,2610,274598572.0,4648289053.0,17.1,17.8,16.05,16.4,-1.4,67041.0
2021-05-12,2610,308747229.0,4692908434.0,16.1,16.35,14.8,14.8,-1.6,66629.0
2021-05-13,2610,318604334.0,4678186818.0,13.9,15.35,13.55,15.3,0.5,60049.0
2021-05-14,2610,173696846.0,2668363089.0,15.85,16.2,14.7,15.1,-0.2,40274.0
2021-05-17,2610,165897778.0,2334984245.0,14.0,14.8,13.6,13.7,-1.4,33322.0
2021-05-18,2610,134299347.0,1973571412.0,14.35,15.05,13.8,15.05,1.35,26638.0
2021-05-19,2610,203340752.0,3170690556.0,15.2,16.05,15.05,15.85,0.8,43708.0
2021-05-20,2610,107317341.0,1655121279.0,15.45,15.95,15.1,15.1,-0.75,23249.0
2021-05-21,2610,91596943.0,1403448551.0,15.3,15.75,15.1,15.4,0.3,17073.0
2021-05-24,2610,103588372.0,1601766772.0,15.1,15.8,14.95,15.35,-0.05,20744.0
2021-05-25,2610,64736178.0,996017928.0,15.55,15.7,15.15,15.35,0.0,14308.0
2021-05-26,2610,78510542.0,1212950454.0,15.35,15.65,15.1,15.6,0.25,12450.0
2021-05-27,2610,311718715.0,5221797995.0,15.75,17.15,15.55,17.15,1.55,52933.0
2021-05-28,2610,370407128.0,6697992620.0,17.75,18.45,17.65,18.1,0.95,81497.0
2021-05-31,2610,184435544.0,3284208706.0,18.35,18.35,17.5,17.55,-0.55,47987.0
2021-06-01,2610,227836692.0,4147087537.0,17.85,18.85,17.4,18.8,1.25,50963.0
2021-06-02,2610,324333998.0,6122730313.0,18.7,19.4,18.4,18.65,-0.15,70100.0
2021-06-03,2610,172162649.0,3517594340.0,20.0,20.5,20.0,20.5,1.85,30614.0
2021-06-04,2610,1281795252.0,27753568495.0,21.4,22.55,20.5,20.5,0.0,276719.0
2021-06-07,2610,447258524.0,8738659807.0,20.75,20.75,18.6,18.85,-1.65,115570.0
2021-06-08,2610,287056545.0,5619152161.0,19.0,20.0,18.95,19.65,0.8,66695.0
2021-06-09,2610,189834385.0,3620972031.0,19.65,19.7,18.65,18.8,-0.85,56088.0
2021-06-10,2610,153811613.0,2872137026.0,19.0,19.25,18.25,18.85,0.05,39862.0
2021-06-11,2610,122220235.0,2296823348.0,19.05,19.2,18.55,18.6,-0.25,34093.0
2021-06-15,2610,96716425.0,1820241337.0,18.5,19.2,18.5,18.75,0.15,24343.0
2021-06-16,2610,158109674.0,3008648221.0,19.0,19.4,18.6,18.7,-0.05,38851.0
2021-06-17,2610,79005416.0,1489190634.0,18.7,19.2,18.5,19.15,0.45,20349.0
2021-06-18,2610,164747656.0,3195164438.0,19.15,19.75,18.9,19.35,0.2,43756.0
2021-06-21,2610,603963845.0,12440627657.0,19.4,21.25,19.35,21.15,1.8,158511.0
2021-06-22,2610,813534568.0,17337271560.0,21.8,22.5,19.8,19.9,-1.25,200629.0
2021-06-23,2610,224575419.0,4391343182.0,20.15,20.4,19.1,19.5,-0.4,64924.0
2021-06-24,2610,132493222.0,2628476651.0,19.6,20.25,19.35,19.75,0.25,35915.0
2021-06-25,2610,147358654.0,2944773948.0,19.9,20.45,19.6,20.05,0.3,39635.0
2021-06-28,2610,123578689.0,2420385249.0,19.75,19.9,19.35,19.5,-0.55,36314.0
2021-06-29,2610,142206149.0,2712387526.0,19.45,19.5,18.9,19.0,-0.5,44094.0
2021-06-30,2610,99398752.0,1917213001.0,19.15,19.6,19.0,19.05,0.05,26798.0
2021-07-01,2610,123993111.0,2399478224.0,19.4,19.7,19.05,19.15,0.1,29811.0
2021-07-02,2610,62354276.0,1192721804.0,19.35,19.4,19.0,19.0,-0.15,18983.0
2021-07-05,2610,76166679.0,1453484426.0,19.1,19.3,18.85,19.2,0.2,19884.0
2021-07-06,2610,74747500.0,1448470217.0,19.3,19.6,19.1,19.3,0.1,20375.0
2021-07-07,2610,93502465.0,1806740309.0,19.4,19.75,19.0,19.1,-0.2,27172.0
2021-07-08,2610,88993026.0,1694299933.0,19.15,19.4,18.75,19.15,0.05,23918.0
2021-07-09,2610,63039125.0,1194777231.0,19.05,19.25,18.8,18.8,-0.35,21033.0
2021-07-12,2610,60853796.0,1138946710.0,19.05,19.15,18.5,18.6,-0.2,22218.0
2021-07-13,2610,131195453.0,2360674970.0,18.65,18.75,17.7,17.8,-0.8,48075.0
2021-07-14,2610,88339786.0,1543004103.0,17.7,18.0,17.05,17.55,-0.25,28107.0
2021-07-15,2610,87633547.0,1601323288.0,17.7,18.6,17.7,18.6,1.05,25228.0
2021-07-16,2610,54361884.0,993610057.0,18.45,18.65,18.05,18.2,-0.4,16919.0
2021-07-19,2610,29499343.0,533715378.0,18.05,18.3,17.95,18.2,0.0,9226.0
2021-07-20,2610,38745232.0,687969244.0,17.8,17.95,17.65,17.75,-0.45,15796.0
2021-07-21,2610,74372217.0,1293881166.0,18.0,18.15,17.0,17.15,-0.6,25327.0
2021-07-22,2610,48175829.0,828620261.0,17.45,17.55,17.0,17.2,0.05,13800.0
2021-07-23,2610,62904044.0,1116043754.0,17.3,18.1,17.25,17.95,0.75,17014.0
2021-07-26,2610,42333027.0,755155378.0,18.2,18.25,17.6,17.65,-0.3,14291.0
2021-07-27,2610,50295561.0,904475705.0,18.1,18.3,17.7,17.7,0.05,15265.0
2021-07-28,2610,36356273.0,635822595.0,17.7,18.0,17.1,17.45,-0.25,11946.0
2021-07-29,2610,25479444.0,448682527.0,17.65,17.8,17.35,17.8,0.35,7964.0
2021-07-30,2610,27719938.0,484058631.0,17.8,17.8,17.25,17.25,-0.55,10117.0
2021-08-02,2610,35623490.0,612952407.0,17.25,17.45,17.0,17.4,0.15,9489.0
2021-08-03,2610,24872446.0,426432969.0,17.2,17.35,17.05,17.15,-0.25,8630.0
2021-08-04,2610,23552611.0,404329688.0,17.15,17.3,17.05,17.15,0.0,6761.0
2021-08-05,2610,26327212.0,452557016.0,17.3,17.4,17.05,17.1,-0.05,7520.0
2021-08-06,2610,53686493.0,917755981.0,17.1,17.35,16.9,17.1,0.0,13868.0
2021-08-09,2610,142540186.0,2653371020.0,18.1,18.8,18.0,18.8,1.7,30247.0
2021-08-10,2610,222536044.0,4033326507.0,18.7,18.7,17.6,17.8,-1.0,51448.0
2021-08-11,2610,131152778.0,2311426721.0,17.7,18.0,17.2,17.45,-0.35,25420.0
2021-08-12,2610,52764542.0,930702470.0,17.8,17.9,17.45,17.55,0.1,11812.0
2021-08-13,2610,120675489.0,2155231351.0,17.75,18.2,17.35,17.45,-0.1,27918.0
2021-08-16,2610,55296703.0,949083471.0,17.45,17.5,17.0,17.1,-0.35,15705.0
2021-08-17,2610,42546022.0,725448270.0,17.05,17.25,16.9,17.0,-0.1,12368.0
2021-08-18,2610,74252113.0,1241790965.0,16.8,17.15,16.2,17.0,0.0,21972.0
2021-08-19,2610,46390450.0,785408764.0,17.0,17.25,16.7,16.7,-0.3,14101.0
2021-08-20,2610,32662039.0,542941399.0,16.7,16.95,16.45,16.55,-0.15,9961.0
2021-08-23,2610,64085238.0,1101719309.0,16.9,17.4,16.9,17.3,0.75,17221.0
2021-08-24,2610,42591388.0,730443134.0,17.25,17.45,17.0,17.0,-0.3,10351.0
2021-08-25,2610,39197865.0,674898490.0,17.2,17.35,17.0,17.3,0.3,8194.0
2021-08-26,2610,54628636.0,942529825.0,17.6,17.65,17.05,17.05,-0.25,12166.0
2021-08-27,2610,31429645.0,541401151.0,17.05,17.4,16.95,17.25,0.2,8006.0
2021-08-30,2610,24147334.0,415777322.0,17.45,17.45,17.1,17.15,-0.1,6992.0
2021-08-31,2610,24413345.0,421170365.0,17.15,17.35,17.1,17.25,0.1,6104.0
2021-09-01,2610,26308634.0,449836617.0,17.25,17.35,17.0,17.05,-0.2,7331.0
2021-09-02,2610,36487810.0,615051913.0,17.1,17.1,16.7,16.75,-0.3,13629.0
2021-09-03,2610,40061233.0,663582121.0,16.8,16.9,16.5,16.5,-0.25,15158.0
2021-09-06,2610,57976315.0,933789348.0,16.5,16.5,15.95,15.95,-0.55,21829.0
2021-09-07,2610,29373498.0,471102828.0,15.9,16.3,15.85,16.0,0.05,9331.0
2021-09-08,2610,22462175.0,356230487.0,16.0,16.05,15.8,15.8,-0.2,8812.0
2021-09-09,2610,29407234.0,457246301.0,15.7,15.8,15.4,15.55,-0.25,9804.0
2021-09-10,2610,24270821.0,384917315.0,15.65,16.1,15.6,16.1,0.55,8203.0
2021-09-13,2610,17841151.0,287046372.0,16.15,16.25,15.95,16.05,-0.05,6193.0
2021-09-14,2610,10307848.0,164937481.0,16.1,16.15,15.9,15.95,-0.1,3847.0
2021-09-15,2610,16013191.0,252619568.0,15.9,15.95,15.7,15.75,-0.2,5859.0
2021-09-16,2610,12552774.0,197146696.0,15.8,15.85,15.6,15.75,0.0,4553.0
2021-09-17,2610,25115632.0,400838898.0,15.8,16.1,15.7,15.95,0.2,6237.0
2021-09-22,2610,18142704.0,284706364.0,15.65,15.85,15.5,15.75,-0.2,6676.0
2021-09-23,2610,24964839.0,400265179.0,15.85,16.2,15.8,16.1,0.35,7110.0
2021-09-24,2610,22169581.0,360062758.0,16.2,16.4,16.15,16.2,0.1,6888.0
2021-09-27,2610,40697166.0,676705434.0,16.3,16.9,16.25,16.75,0.55,11116.0
2021-09-28,2610,40334525.0,679190385.0,16.7,17.1,16.35,16.95,0.2,11417.0
2021-09-29,2610,32559372.0,546370548.0,16.65,17.05,16.6,16.75,-0.2,8972.0
2021-09-30,2610,63707877.0,1095505564.0,16.75,17.4,16.75,17.2,0.45,16895.0
2021-10-01,2610,62838363.0,1068173845.0,17.2,17.5,16.55,16.7,-0.5,17191.0
2021-10-04,2610,129733895.0,2233288590.0,17.5,18.1,16.55,16.65,-0.05,26092.0
2021-10-05,2610,33864850.0,568173935.0,16.45,17.15,16.3,17.05,0.4,9862.0
2021-10-06,2610,22597967.0,379260569.0,17.05,17.2,16.5,16.65,-0.4,7067.0
2021-10-07,2610,21830551.0,365725806.0,16.7,16.9,16.55,16.75,0.1,5335.0
2021-10-08,2610,14579074.0,244564228.0,16.9,16.95,16.65,16.7,-0.05,4516.0
2021-10-12,2610,20710243.0,345934773.0,16.6,17.0,16.55,16.75,0.05,5792.0
2021-10-13,2610,61601221.0,1051931864.0,17.0,17.4,16.8,16.8,0.05,15947.0
2021-10-14,2610,19908459.0,333590505.0,17.05,17.1,16.6,16.7,-0.1,5573.0
2021-10-15,2610,17265982.0,290224178.0,16.85,16.95,16.65,16.75,0.05,5397.0
2021-10-18,2610,20102282.0,337445202.0,16.8,17.05,16.6,16.75,0.0,5121.0
2021-10-19,2610,25756275.0,436831697.0,16.8,17.05,16.8,16.9,0.15,6655.0
2021-10-20,2610,20294011.0,344991806.0,17.0,17.15,16.85,16.9,0.0,5692.0
2021-10-21,2610,28315158.0,473771496.0,17.0,17.05,16.6,16.6,-0.3,9582.0
2021-10-22,2610,35139080.0,571649813.0,16.5,16.55,16.15,16.25,-0.35,10319.0
2021-10-25,2610,15755987.0,258951967.0,16.3,16.6,16.3,16.35,0.1,4495.0
2021-10-26,2610,21297612.0,346035705.0,16.45,16.45,16.2,16.25,-0.1,4671.0
2021-10-27,2610,17236624.0,278417949.0,16.25,16.3,16.05,16.2,-0.05,5338.0
2021-10-28,2610,61753581.0,1034145848.0,16.25,17.05,16.15,16.95,0.75,14020.0
2021-10-29,2610,78117730.0,1329154658.0,17.0,17.35,16.55,17.2,0.25,16030.0
2021-11-01,2610,196651612.0,3550448689.0,17.65,18.45,17.6,18.1,0.9,45342.0
2021-11-02,2610,322520068.0,6126191771.0,18.4,19.4,18.35,18.95,0.85,77871.0
2021-11-03,2610,221310491.0,4279414518.0,19.5,19.7,18.9,19.1,0.15,51723.0
2021-11-04,2610,206681189.0,4072452976.0,19.7,20.1,19.2,19.2,0.1,51956.0
2021-11-05,2610,123187394.0,2405955604.0,19.75,19.8,19.25,19.55,0.35,31239.0
2021-11-08,2610,395616714.0,8167388963.0,20.1,21.25,19.85,21.0,1.45,92796.0
2021-11-09,2610,429905066.0,9308781110.0,21.3,22.1,20.75,22.05,1.05,109050.0
2021-11-10,2610,574169179.0,13009471760.0,22.2,23.5,21.85,23.2,1.15,139047.0
2021-11-11,2610,619864827.0,15243023370.0,23.1,25.35,23.0,25.35,2.15,153787.0
2021-11-12,2610,632140388.0,15874707020.0,25.75,26.0,24.2,25.55,0.2,156119.0
2021-11-15,2610,501406261.0,12860443303.0,25.8,26.5,24.65,26.4,0.85,120490.0
2021-11-16,2610,1142092988.0,31606506568.0,26.4,29.0,26.2,27.1,0.7,253358.0
2021-11-17,2610,636385489.0,17890507842.0,27.5,29.15,27.1,29.0,1.9,148850.0
2021-11-18,2610,521734347.0,14882188131.0,28.75,29.1,27.8,28.35,-0.65,122031.0
2021-11-19,2610,448414133.0,12488992625.0,28.2,28.6,27.25,27.65,-0.7,107106.0
2021-11-22,2610,409683201.0,11434248810.0,27.85,28.9,27.25,27.45,-0.2,90184.0
2021-11-23,2610,363248600.0,10166501742.0,27.45,28.35,27.3,27.75,0.3,81747.0
2021-11-24,2610,657294588.0,19114066996.0,28.3,30.05,28.2,30.05,2.3,150922.0
2021-11-25,2610,670098387.0,20172487976.0,30.6,31.15,29.3,29.65,-0.4,159623.0
2021-11-26,2610,726459543.0,19763792348.0,28.7,28.9,26.7,26.7,-2.95,170156.0
2021-11-29,2610,717904678.0,17905159646.0,25.0,25.7,24.25,24.75,-1.95,145188.0
2021-11-30,2610,437746292.0,11488786458.0,26.4,26.75,25.75,26.0,1.25,89592.0
2021-12-01,2610,293747769.0,7654643159.0,25.45,27.0,25.1,27.0,1.0,69225.0
2021-12-02,2610,295216729.0,7701820599.0,26.0,26.65,25.55,26.1,-0.9,70831.0
2021-12-03,2610,300846312.0,7988902882.0,26.8,27.15,25.8,25.8,-0.3,66053.0
2021-12-06,2610,248349263.0,6555283071.0,25.7,26.9,25.5,26.55,0.75,53028.0
2021-12-07,2610,481781044.0,13244984624.0,27.35,28.55,26.8,28.4,1.85,105008.0
2021-12-08,2610,534944681.0,15130534538.0,27.9,28.75,27.55,28.5,0.1,117674.0
2021-12-09,2610,498550706.0,14591961892.0,29.0,29.75,28.8,29.35,0.85,108433.0
2021-12-10,2610,499171211.0,14603818732.0,29.0,30.0,28.5,28.7,-0.65,112315.0
2021-12-13,2610,580636072.0,16020651131.0,28.9,29.0,27.0,27.0,-1.7,133574.0
2021-12-14,2610,341462394.0,8990110978.0,26.75,27.15,25.9,25.9,-1.1,81672.0
2021-12-15,2610,234973302.0,6269701616.0,26.1,27.2,26.05,27.2,1.3,56462.0
2021-12-16,2610,221977884.0,5985970267.0,27.65,27.65,26.45,26.7,-0.5,50548.0
2021-12-17,2610,159970195.0,4264702851.0,26.55,27.2,26.15,26.2,-0.5,38376.0
2021-12-20,2610,130396011.0,3443229031.0,26.2,26.9,25.95,26.75,0.55,31894.0
2021-12-21,2610,119508798.0,3139268898.0,26.3,26.55,26.1,26.3,-0.45,27427.0
2021-12-22,2610,106044137.0,2790683674.0,26.45,26.65,26.1,26.1,-0.2,24522.0
2021-12-23,2610,88040619.0,2319528467.0,26.4,26.65,26.1,26.15,0.05,21501.0
2021-12-24,2610,155938552.0,4158456729.0,26.45,27.05,26.2,26.2,0.05,39099.0
2021-12-27,2610,114941219.0,3044400135.0,26.2,27.0,26.05,27.0,0.8,28979.0
2021-12-28,2610,113787334.0,3069688836.0,26.85,27.2,26.75,26.9,-0.1,31699.0
2021-12-29,2610,159693833.0,4348177574.0,27.1,27.6,26.75,26.75,-0.15,38100.0
2021-12-30,2610,144940569.0,3951582425.0,26.9,27.6,26.85,27.55,0.8,35549.0
2022-01-03,2610,224956502.0,5980572287.0,27.65,27.8,26.1,26.3,-1.25,61760.0
2022-01-04,2610,99162593.0,2627229516.0,26.45,26.7,26.2,26.65,0.35,24407.0
2022-01-05,2610,198808835.0,5404304166.0,26.5,27.5,26.4,27.3,0.65,45244.0
2022-01-06,2610,139043981.0,3799116681.0,27.1,27.6,26.8,27.4,0.1,32931.0
2022-01-07,2610,428467094.0,11471572555.0,27.7,27.9,25.2,27.0,-0.4,100230.0
2022-01-10,2610,163507517.0,4353623377.0,26.8,27.3,26.15,26.35,-0.65,41415.0
2022-01-11,2610,107264604.0,2839797227.0,26.55,26.75,26.1,26.3,-0.05,25922.0
2022-01-12,2610,193248174.0,4971550136.0,26.6,26.65,25.25,25.25,-1.05,60980.0
2022-01-13,2610,125098233.0,3157219138.0,25.1,25.6,24.85,25.1,-0.15,34870.0
2022-01-14,2610,120010081.0,3042469777.0,25.25,25.75,25.0,25.55,0.45,29711.0
2022-01-17,2610,63420627.0,1621508272.0,25.35,25.95,25.1,25.95,0.4,17854.0
2022-01-18,2610,76615808.0,1971678623.0,25.95,26.15,25.45,25.45,-0.5,20929.0
2022-01-19,2610,151645321.0,3782263537.0,25.45,25.55,24.4,24.5,-0.95,48207.0
2022-01-20,2610,114476745.0,2810779269.0,24.4,25.15,24.1,25.0,0.5,28981.0
2022-01-21,2610,109473210.0,2651403904.0,24.6,24.75,23.95,23.95,-1.05,35478.0
2022-01-24,2610,145253907.0,3392905084.0,23.0,23.8,22.75,23.5,-0.45,37458.0
2022-01-25,2610,89558939.0,2068940408.0,23.5,23.5,22.8,22.8,-0.7,26182.0
2022-01-26,2610,69280679.0,1612259334.0,22.9,23.5,22.9,23.4,0.6,20368.0
2022-02-07,2610,220852882.0,5504753527.0,24.5,25.65,24.2,25.6,2.2,52500.0
2022-02-08,2610,333171052.0,8671213592.0,25.4,26.8,25.2,26.2,0.6,83548.0
2022-02-09,2610,254487348.0,6828423481.0,26.6,27.15,26.45,27.0,0.8,65866.0
2022-02-10,2610,219199175.0,5942176783.0,27.2,27.55,26.7,26.95,-0.05,53979.0
2022-02-11,2610,241122029.0,6611723445.0,26.8,27.75,26.6,27.75,0.8,60707.0
2022-02-14,2610,186336494.0,5018574391.0,27.15,27.35,26.55,26.7,-1.05,52703.0
2022-02-15,2610,504007689.0,14104614437.0,26.85,28.7,26.8,27.45,0.75,126890.0
2022-02-16,2610,488726500.0,14059232908.0,28.35,29.2,28.2,28.95,1.5,116975.0
2022-02-17,2610,953811764.0,28864402187.0,28.95,31.25,28.9,31.0,2.05,231173.0
2022-02-18,2610,766646322.0,24042443942.0,31.0,31.95,30.55,31.7,0.7,192369.0
2022-02-21,2610,514172286.0,15429295885.0,31.2,31.25,29.0,29.0,-2.7,144917.0
2022-02-22,2610,443782517.0,12698482533.0,28.15,29.4,28.0,28.45,-0.55,118807.0
2022-02-23,2610,350000831.0,10262279845.0,28.6,30.5,28.45,30.3,1.85,89954.0
2022-02-24,2610,467494115.0,13426074222.0,29.05,29.55,27.55,27.95,-2.35,134432.0
2022-02-25,2610,313537956.0,8991957926.0,28.9,29.4,27.9,27.9,-0.05,81093.0
2022-03-01,2610,198271641.0,5570172522.0,28.3,28.6,27.65,28.05,0.15,46407.0
2022-03-02,2610,199395329.0,5497849910.0,27.7,28.0,27.1,27.7,-0.35,53585.0
2022-03-03,2610,250345884.0,7167415205.0,28.2,29.1,28.15,28.4,0.7,62200.0
2022-03-04,2610,231315490.0,6631250107.0,28.15,29.2,27.8,28.35,-0.05,55298.0
2022-03-07,2610,228327970.0,6165588274.0,28.0,28.1,26.2,26.5,-1.85,78061.0
2022-03-08,2610,306239713.0,7685450146.0,25.2,26.2,24.0,24.5,-2.0,88975.0
2022-03-09,2610,200341840.0,5088517225.0,25.35,25.85,24.9,25.65,1.15,55633.0
2022-03-10,2610,252880506.0,6774361435.0,26.75,27.2,26.2,26.7,1.05,66971.0
2022-03-11,2610,117689706.0,3143888850.0,26.75,27.0,26.3,26.95,0.25,32677.0
2022-03-14,2610,112225543.0,2995343126.0,27.0,27.25,26.3,26.5,-0.45,31022.0
2022-03-15,2610,175236890.0,4699801849.0,27.2,27.35,26.3,26.3,-0.2,42067.0
2022-03-16,2610,296126306.0,8075222692.0,27.2,27.9,26.7,27.55,1.25,72149.0
2022-03-17,2610,428366872.0,12342554344.0,28.65,29.5,28.15,29.2,1.65,113120.0
2022-03-18,2610,229819364.0,6591709971.0,28.85,29.1,28.3,28.6,-0.6,67860.0
2022-03-21,2610,118827084.0,3377268191.0,28.75,28.9,28.05,28.05,-0.55,36750.0
2022-03-22,2610,161586495.0,4410312329.0,27.8,27.8,26.95,27.0,-1.05,61137.0
2022-03-23,2610,90325807.0,2485016021.0,27.3,27.85,27.25,27.5,0.5,27161.0
2022-03-24,2610,88714135.0,2384055082.0,27.1,27.15,26.7,26.85,-0.65,33739.0
2022-03-25,2610,113973868.0,3033512697.0,27.05,27.2,26.2,26.35,-0.5,40999.0
2022-03-28,2610,120354581.0,3184803915.0,25.75,27.2,25.55,27.15,0.8,35624.0
2022-03-29,2610,219816451.0,6067221397.0,27.35,28.0,27.25,27.3,0.15,61675.0
2022-03-30,2610,144968519.0,3976739736.0,27.75,27.9,27.1,27.1,-0.2,40581.0
2022-03-31,2610,148832176.0,4018279161.0,27.25,27.5,26.6,26.65,-0.45,44180.0
2022-04-01,2610,118999224.0,3185888528.0,26.4,27.2,26.25,27.2,0.55,34148.0
2022-04-06,2610,95707331.0,2613531911.0,26.8,27.7,26.7,27.7,0.5,28125.0
2022-04-07,2610,107177702.0,2901973665.0,27.7,27.7,26.55,26.55,-1.15,35709.0
2022-04-08,2610,80456269.0,2183530092.0,26.8,27.45,26.75,27.1,0.55,23630.0
2022-04-11,2610,77904281.0,2091030544.0,27.05,27.3,26.5,26.75,-0.35,24368.0
2022-04-12,2610,158380325.0,4322009115.0,26.85,27.6,26.7,27.35,0.6,42225.0
2022-04-13,2610,413875052.0,11725218304.0,27.7,29.0,27.5,28.2,0.85,109897.0
2022-04-14,2610,364525970.0,10539651855.0,28.95,29.2,28.4,28.85,0.65,100407.0
2022-04-15,2610,199312557.0,5712261270.0,28.7,29.05,28.35,28.5,-0.35,54357.0
2022-04-18,2610,159766041.0,4396667268.0,28.3,28.4,27.1,27.15,-1.35,48548.0
2022-04-19,2610,246907863.0,7036420324.0,27.65,29.0,27.6,28.9,1.75,73248.0
2022-04-20,2610,389208843.0,11442375632.0,29.35,29.85,28.7,28.9,0.0,103295.0
2022-04-21,2610,262766227.0,7798062280.0,29.4,29.95,29.3,29.75,0.85,71212.0
2022-04-22,2610,240910201.0,7165572338.0,29.65,29.95,29.35,29.85,0.1,62044.0
2022-04-25,2610,220412603.0,6384022258.0,29.25,29.4,28.45,29.3,-0.55,61611.0
2022-04-26,2610,214671266.0,6208057939.0,29.6,29.8,28.15,28.2,-1.1,60335.0
2022-04-27,2610,140735938.0,3867878749.0,27.2,27.9,27.0,27.75,-0.45,44510.0
2022-04-28,2610,83958921.0,2320254613.0,27.9,28.1,27.3,27.4,-0.35,27437.0
2022-04-29,2610,107220491.0,3002236696.0,27.6,28.4,27.6,27.85,0.45,34091.0
2022-05-03,2610,90340935.0,2551273386.0,27.95,28.6,27.8,28.05,0.2,30497.0
2022-05-04,2610,105022029.0,3024238422.0,28.6,29.1,28.55,28.75,0.7,32828.0
2022-05-05,2610,106710810.0,3075536154.0,29.15,29.3,28.5,28.65,-0.1,29947.0
2022-05-06,2610,66161617.0,1862701485.0,28.0,28.4,27.9,28.35,-0.3,22529.0
2022-05-09,2610,94724616.0,2677166962.0,28.35,28.75,27.9,27.9,-0.45,29665.0
2022-05-10,2610,103193463.0,2842809018.0,27.1,27.9,27.1,27.85,-0.05,33961.0
2022-05-11,2610,80299983.0,2193008649.0,27.65,27.75,27.05,27.1,-0.75,28426.0
2022-05-12,2610,311477779.0,7974267765.0,26.8,27.3,24.55,24.55,-2.55,97370.0
2022-05-13,2610,140863618.0,3515545446.0,24.95,25.3,24.6,25.3,0.75,42205.0
2022-05-16,2610,75394577.0,1907157979.0,25.4,25.55,24.95,25.3,0.0,22864.0
2022-05-17,2610,75021667.0,1888272803.0,25.5,25.7,24.9,24.95,-0.35,23823.0
2022-05-18,2610,67859047.0,1733880462.0,25.35,25.85,25.3,25.35,0.4,22002.0
2022-05-19,2610,133066702.0,3251693912.0,24.65,24.85,24.0,24.85,-0.5,43195.0
2022-05-20,2610,61241201.0,1534625311.0,25.0,25.3,24.8,25.1,0.25,18406.0
2022-05-23,2610,89274940.0,2303792821.0,25.5,26.15,25.5,25.85,0.75,30414.0
2022-05-24,2610,54422622.0,1403736363.0,26.1,26.15,25.5,25.55,-0.3,16716.0
2022-05-25,2610,84235779.0,2200401723.0,25.9,26.45,25.75,26.4,0.85,25478.0
2022-05-26,2610,83249968.0,2180382539.0,26.5,26.55,25.8,25.9,-0.5,24319.0
2022-05-27,2610,57908273.0,1520493703.0,26.4,26.5,26.05,26.1,0.2,17452.0
2022-05-30,2610,107044127.0,2874985070.0,26.8,27.15,26.6,26.8,0.7,31228.0
2022-05-31,2610,302421463.0,8175974301.0,26.85,27.1,26.55,27.1,0.3,24506.0
2022-06-01,2610,61692631.0,1670893185.0,27.1,27.25,26.85,26.95,-0.15,21355.0
2022-06-02,2610,101441672.0,2773143316.0,26.95,27.6,26.8,27.4,0.45,31248.0
2022-06-06,2610,50102120.0,1353987981.0,27.25,27.4,26.8,27.05,-0.35,16827.0
2022-06-07,2610,41538327.0,1115046473.0,27.1,27.2,26.7,26.8,-0.25,13155.0
2022-06-08,2610,33202108.0,891727886.0,27.1,27.15,26.7,26.8,0.0,11845.0
2022-06-09,2610,34941107.0,929202762.0,26.8,26.85,26.4,26.65,-0.15,12392.0
2022-06-10,2610,76680617.0,1989749919.0,26.4,26.6,25.85,25.95,-0.7,25943.0
2022-06-13,2610,75642088.0,1945970469.0,25.5,26.25,25.4,25.5,-0.45,28050.0
2022-06-14,2610,79141162.0,1982663020.0,25.1,25.35,24.8,25.3,-0.2,25764.0
2022-06-15,2610,53895913.0,1363983786.0,25.5,25.75,25.05,25.05,-0.25,20349.0
2022-06-16,2610,74029185.0,1849095983.0,25.6,25.7,24.5,24.5,-0.55,27067.0
2022-06-17,2610,180694512.0,4228281700.0,24.0,24.2,22.9,23.35,-1.15,54997.0
2022-06-20,2610,91646534.0,2092409811.0,23.5,23.6,22.25,22.25,-1.1,28707.0
2022-06-21,2610,124801568.0,2942002196.0,22.7,24.1,22.7,24.0,1.75,37529.0
2022-06-22,2610,129905016.0,3076538066.0,24.15,24.3,23.2,23.5,-0.5,37794.0
2022-06-23,2610,127368044.0,2874600794.0,23.75,23.75,22.1,22.15,-1.35,39068.0
2022-06-24,2610,58121955.0,1311029307.0,22.55,22.95,22.3,22.35,0.2,19048.0
2022-06-27,2610,59744696.0,1391112546.0,22.9,23.55,22.9,23.3,0.95,19707.0
2022-06-28,2610,36825856.0,847069957.0,23.2,23.25,22.7,23.2,-0.1,12297.0
2022-06-29,2610,54581899.0,1273858992.0,22.9,23.6,22.75,23.6,0.4,17204.0
2022-06-30,2610,71166046.0,1679340001.0,23.65,23.85,23.3,23.5,-0.1,21026.0
2022-07-01,2610,83704325.0,1889475596.0,23.65,23.7,22.0,22.0,-1.5,30439.0
2022-07-04,2610,64386972.0,1462334940.0,22.3,23.15,22.2,22.45,0.45,20536.0
2022-07-05,2610,83734022.0,1938825544.0,22.95,23.4,22.75,23.35,0.9,22136.0
2022-07-06,2610,66983619.0,1515117853.0,22.8,23.05,22.25,22.35,0.0,20614.0
2022-07-07,2610,54628840.0,1230529878.0,22.6,22.9,22.0,22.8,0.45,16323.0
2022-07-08,2610,79290605.0,1854953144.0,23.3,23.65,23.1,23.25,0.45,21972.0
2022-07-11,2610,38534113.0,894499196.0,23.5,23.6,22.95,23.25,0.0,12782.0
2022-07-12,2610,57939724.0,1300492624.0,23.0,23.05,22.2,22.25,-1.0,18831.0
2022-07-13,2610,128683716.0,3006691451.0,22.95,24.05,22.85,23.15,0.9,35198.0
2022-07-14,2610,51185174.0,1176378877.0,22.95,23.3,22.7,23.15,0.0,16818.0
2022-07-15,2610,51729906.0,1175356669.0,23.15,23.15,22.55,22.65,-0.5,16955.0
2022-07-18,2610,62895506.0,1454782967.0,22.8,23.4,22.8,23.2,0.55,16847.0
2022-07-19,2610,77667531.0,1822730737.0,23.25,23.7,23.15,23.6,0.4,22491.0
2022-07-20,2610,75413146.0,1781018760.0,23.9,24.05,23.2,23.25,-0.35,22038.0
2022-07-21,2610,38066616.0,886738828.0,23.35,23.6,23.1,23.3,0.05,11441.0
2022-07-22,2610,33334237.0,773362097.0,23.3,23.5,23.05,23.2,-0.1,11000.0
2022-07-25,2610,32881251.0,751039102.0,23.1,23.1,22.7,22.8,-0.4,11490.0
2022-07-26,2610,35291834.0,803039823.0,22.65,23.0,22.6,22.65,-0.15,10415.0
2022-07-27,2610,30009736.0,688251597.0,22.7,23.15,22.7,23.1,0.45,9073.0
2022-07-28,2610,34915715.0,800739825.0,23.3,23.35,22.7,22.7,-0.4,12138.0
2022-07-29,2610,32791161.0,745684366.0,22.9,23.0,22.6,22.6,-0.1,10436.0
2022-08-01,2610,32392739.0,726609469.0,22.65,22.65,22.3,22.4,-0.2,10736.0
2022-08-02,2610,76574863.0,1667074872.0,22.2,22.2,21.5,21.55,-0.85,27404.0
2022-08-03,2610,73667950.0,1556915431.0,21.3,21.55,20.8,21.05,-0.5,23948.0
2022-08-04,2610,79837605.0,1654379322.0,20.85,21.2,20.35,21.05,0.0,24636.0
2022-08-05,2610,40936225.0,882519247.0,21.4,21.75,21.35,21.75,0.7,13268.0
2022-08-08,2610,25456374.0,548936727.0,21.5,21.8,21.35,21.7,-0.05,7782.0
2022-08-09,2610,28826153.0,629080008.0,21.7,22.0,21.6,21.85,0.15,8861.0
2022-08-10,2610,33488402.0,731873748.0,21.5,22.1,21.45,21.8,-0.05,9985.0
2022-08-11,2610,32260982.0,712464080.0,22.3,22.35,21.95,21.95,0.15,10414.0
2022-08-12,2610,25786932.0,565336312.0,22.0,22.15,21.7,22.05,0.1,9031.0
2022-08-15,2610,24027043.0,526538686.0,22.1,22.1,21.8,21.9,-0.15,7776.0
2022-08-16,2610,39508487.0,869508802.0,21.95,22.25,21.8,21.9,0.0,10681.0
2022-08-17,2610,28082845.0,614940497.0,21.85,22.15,21.8,21.8,-0.1,10511.0
2022-08-18,2610,23157888.0,503210621.0,21.65,21.9,21.6,21.7,-0.1,7603.0
2022-08-19,2610,44704468.0,957013137.0,21.65,21.7,21.25,21.4,-0.3,14849.0
2022-08-22,2610,35318357.0,749550748.0,21.05,21.5,21.0,21.35,-0.05,9830.0
2022-08-23,2610,30719800.0,647680437.0,21.15,21.3,21.0,21.0,-0.35,10747.0
2022-08-24,2610,42996602.0,893428295.0,21.0,21.1,20.6,20.6,-0.4,16350.0
2022-08-25,2610,24126555.0,502710845.0,20.7,21.0,20.65,20.85,0.25,7447.0
2022-08-26,2610,225233885.0,5060991045.0,21.05,22.9,21.0,22.9,2.05,57396.0
2022-08-29,2610,128232680.0,2855077688.0,21.9,22.55,21.8,22.2,-0.7,35802.0
2022-08-30,2610,81367879.0,1830656547.0,22.4,22.75,22.2,22.25,0.05,21037.0
2022-08-31,2610,168899481.0,3862561963.0,22.4,23.3,22.15,22.8,0.55,39657.0
2022-09-01,2610,69752071.0,1587007422.0,22.7,22.95,22.5,22.7,-0.1,19600.0
2022-09-02,2610,76426411.0,1699676116.0,22.85,22.9,21.9,22.0,-0.7,24905.0
2022-09-05,2610,54516394.0,1180920468.0,22.0,22.2,21.35,21.4,-0.6,17213.0
2022-09-06,2610,54176812.0,1180723629.0,21.55,22.25,21.5,21.55,0.15,18220.0
2022-09-07,2610,29020539.0,614990645.0,21.3,21.35,21.0,21.2,-0.35,10430.0
2022-09-08,2610,56522824.0,1232865563.0,21.5,22.05,21.5,21.9,0.7,15248.0
2022-09-12,2610,54015974.0,1209095114.0,22.15,22.6,22.15,22.4,0.5,14788.0
2022-09-13,2610,53134253.0,1196088429.0,22.7,22.8,22.3,22.35,-0.05,15882.0
2022-09-14,2610,45808590.0,1004461371.0,21.6,22.15,21.55,22.05,-0.3,13133.0
2022-09-15,2610,46926971.0,1043976639.0,22.1,22.6,22.05,22.15,0.1,12194.0
2022-09-16,2610,88898797.0,1997803265.0,22.2,22.7,22.1,22.6,0.45,19317.0
2022-09-19,2610,65398759.0,1481755232.0,22.9,23.0,22.35,22.45,-0.15,19210.0
2022-09-20,2610,68087917.0,1551787720.0,22.7,22.95,22.6,22.7,0.25,18383.0
2022-09-21,2610,59935291.0,1357583820.0,22.75,22.9,22.4,22.7,0.0,16664.0
2022-09-22,2610,171138391.0,3878602796.0,22.45,23.15,22.2,22.2,-0.5,45148.0
2022-09-23,2610,141557455.0,3091559008.0,22.1,22.6,21.35,21.4,-0.8,47517.0
2022-09-26,2610,92652706.0,1908692288.0,21.0,21.05,20.3,20.4,-1.0,32894.0
2022-09-27,2610,108451646.0,2151262369.0,20.4,20.55,19.3,20.05,-0.35,36900.0
2022-09-28,2610,159798498.0,3032400252.0,19.8,19.8,18.5,18.6,-1.45,45013.0
2022-09-29,2610,100907946.0,1968217284.0,19.25,19.8,19.2,19.5,0.9,31192.0
2022-09-30,2610,93429971.0,1803460268.0,19.0,19.8,18.65,19.65,0.15,25449.0
2022-10-03,2610,64255232.0,1271614219.0,19.4,20.05,19.3,19.65,0.0,18299.0
2022-10-04,2610,45960639.0,918021750.0,20.25,20.35,19.75,19.75,0.1,12615.0
2022-10-05,2610,45531816.0,911214347.0,20.1,20.3,19.8,19.85,0.1,13200.0
2022-10-06,2610,38619480.0,774216517.0,20.0,20.25,19.9,20.1,0.25,10294.0
2022-10-07,2610,52424644.0,1066021027.0,20.05,20.6,19.95,20.35,0.25,14812.0
2022-10-11,2610,55198856.0,1090182276.0,20.0,20.15,19.4,19.5,-0.85,17618.0
2022-10-12,2610,48049814.0,936424091.0,19.7,19.85,19.3,19.35,-0.15,14420.0
2022-10-13,2610,173733209.0,3090853044.0,19.3,19.3,17.45,17.45,-1.9,55863.0
2022-10-14,2610,183993489.0,3140981755.0,17.7,17.8,16.6,16.9,-0.55,46292.0
2022-10-17,2610,135242665.0,2237170008.0,16.7,17.25,15.8,17.15,0.25,34663.0
2022-10-18,2610,62627422.0,1089132441.0,17.55,17.7,17.15,17.25,0.1,18124.0
2022-10-19,2610,35905620.0,618526002.0,17.3,17.5,17.05,17.05,-0.2,12309.0
2022-10-20,2610,45775224.0,759997395.0,16.8,16.85,16.4,16.8,-0.25,13161.0
2022-10-21,2610,47993767.0,809227244.0,16.95,17.3,16.5,16.55,-0.25,14198.0
2022-10-24,2610,39591369.0,675518573.0,16.95,17.2,16.9,17.0,0.45,9927.0
2022-10-25,2610,25689402.0,434007325.0,17.0,17.15,16.7,16.75,-0.25,8036.0
2022-10-26,2610,25448421.0,425304762.0,16.75,16.95,16.5,16.7,-0.05,7754.0
2022-10-27,2610,35033694.0,599906664.0,17.0,17.25,16.9,17.2,0.5,10019.0
2022-10-28,2610,37932961.0,652096253.0,17.15,17.5,16.9,16.95,-0.25,11193.0
2022-10-31,2610,21683639.0,368510655.0,17.2,17.2,16.85,16.95,0.0,7093.0
2022-11-01,2610,23007968.0,391203849.0,17.0,17.15,16.85,17.0,0.05,7670.0
2022-11-02,2610,20137730.0,343171301.0,17.1,17.25,16.9,16.9,-0.1,6148.0
2022-11-03,2610,23324539.0,389629824.0,16.75,16.85,16.5,16.75,-0.15,6793.0
2022-11-04,2610,56322544.0,970605154.0,16.75,17.7,16.75,17.7,0.95,14952.0
2022-11-07,2610,52174383.0,901556686.0,17.15,17.4,17.15,17.3,-0.4,14051.0
2022-11-08,2610,99739999.0,1784726050.0,17.45,18.4,17.4,17.6,0.3,27630.0
2022-11-09,2610,43807061.0,777425151.0,18.0,18.0,17.6,17.7,0.1,11793.0
2022-11-10,2610,51586590.0,897830481.0,17.45,17.75,17.15,17.25,-0.45,14875.0
2022-11-11,2610,45926096.0,805854217.0,17.8,17.95,17.3,17.3,0.05,13903.0
2022-11-14,2610,41741118.0,734564320.0,17.45,17.8,17.3,17.7,0.4,13090.0
2022-11-15,2610,37208440.0,657607704.0,17.75,17.8,17.55,17.7,0.0,9939.0
2022-11-16,2610,42343431.0,739478564.0,17.75,17.75,17.3,17.35,-0.35,13184.0
2022-11-17,2610,29107638.0,505076786.0,17.35,17.5,17.2,17.3,-0.05,8685.0
2022-11-18,2610,51514358.0,896411761.0,17.35,17.7,17.2,17.2,-0.1,13927.0
2022-11-21,2610,37175758.0,633056980.0,17.3,17.35,16.9,16.95,-0.25,12062.0
2022-11-22,2610,25875169.0,441519220.0,17.0,17.3,16.95,16.95,0.0,7829.0
2022-11-23,2610,27884155.0,480400666.0,17.1,17.35,17.1,17.2,0.25,8117.0
2022-11-24,2610,21344899.0,369829235.0,17.35,17.5,17.2,17.35,0.15,7086.0
2022-11-25,2610,42636512.0,746477009.0,17.45,17.7,17.35,17.35,0.0,11228.0
2022-11-28,2610,27435190.0,473164470.0,17.35,17.4,17.1,17.25,-0.1,7486.0
2022-11-29,2610,130974054.0,2350946409.0,17.2,18.3,17.2,18.15,0.9,34565.0
2022-11-30,2610,75867567.0,1366504735.0,18.1,18.15,17.85,18.1,-0.05,20603.0
2022-12-01,2610,69317620.0,1257584439.0,18.4,18.5,17.9,18.0,-0.1,19423.0
2022-12-02,2610,30865122.0,555176387.0,17.85,18.2,17.85,17.9,-0.1,9318.0
2022-12-05,2610,116446845.0,2161158777.0,18.0,18.95,17.9,18.9,1.0,31311.0
2022-12-06,2610,172437691.0,3313230770.0,18.95,19.75,18.7,18.95,0.05,47536.0
2022-12-07,2610,116483867.0,2240575726.0,19.0,19.5,18.8,19.3,0.35,30676.0
2022-12-08,2610,77130601.0,1497354138.0,19.35,19.7,19.25,19.3,0.0,18939.0
2022-12-09,2610,82553435.0,1624155210.0,19.5,19.9,19.4,19.65,0.35,22053.0
2022-12-12,2610,66940036.0,1306588829.0,19.7,19.9,19.25,19.3,-0.35,17344.0
2022-12-13,2610,52221566.0,999024504.0,19.5,19.55,18.9,19.1,-0.2,14038.0
2022-12-14,2610,35787018.0,684906755.0,19.15,19.25,19.0,19.25,0.15,8509.0
2022-12-15,2610,64264668.0,1254855484.0,19.25,19.75,19.15,19.6,0.35,17332.0
2022-12-16,2610,53046970.0,1028673868.0,19.4,19.6,19.25,19.3,-0.3,13587.0
2022-12-19,2610,38608086.0,736699420.0,19.2,19.35,18.9,18.9,-0.4,12657.0
2022-12-20,2610,52807512.0,979041564.0,19.0,19.1,18.1,18.15,-0.75,18227.0
2022-12-21,2610,29283175.0,544413998.0,18.3,18.85,18.3,18.75,0.6,9007.0
2022-12-22,2610,62914235.0,1213079082.0,19.1,19.55,18.95,19.3,0.55,16726.0
2022-12-23,2610,26392033.0,501734650.0,19.1,19.2,18.9,19.0,-0.3,9174.0
2022-12-26,2610,26352726.0,505284886.0,19.1,19.4,18.95,19.1,0.1,7024.0
2022-12-27,2610,126421384.0,2481085757.0,19.8,20.15,19.25,19.35,0.25,29534.0
2022-12-28,2610,38023353.0,730610927.0,19.2,19.45,19.05,19.1,-0.25,10591.0
2022-12-29,2610,41879297.0,790834678.0,18.9,19.1,18.6,19.0,-0.1,13939.0
2022-12-30,2610,20837222.0,398072545.0,19.25,19.3,19.0,19.0,0.0,6744.0
2023-01-03,2610,27118327.0,512072772.0,18.9,19.1,18.7,18.9,-0.1,7617.0
2023-01-04,2610,20747672.0,392045847.0,19.0,19.15,18.75,18.8,-0.1,6070.0
2023-01-05,2610,26337843.0,496444101.0,18.95,19.1,18.65,18.65,-0.15,7855.0
2023-01-06,2610,15357569.0,288795536.0,18.75,19.0,18.65,18.95,0.3,4854.0
2023-01-09,2610,42238753.0,806889638.0,19.25,19.4,18.9,19.0,0.05,10052.0
2023-01-10,2610,19382993.0,369779459.0,19.05,19.2,18.95,19.1,0.1,5999.0
2023-01-11,2610,55460793.0,1070900291.0,19.2,19.55,19.15,19.15,0.05,13277.0
2023-01-12,2610,16609340.0,318006526.0,19.2,19.3,19.05,19.05,-0.1,5619.0
2023-01-13,2610,28876649.0,555051500.0,19.25,19.3,19.1,19.15,0.1,7126.0
2023-01-16,2610,23324878.0,445873242.0,19.3,19.35,19.05,19.05,-0.1,9514.0
2023-01-17,2610,28336747.0,538097081.0,19.1,19.25,18.9,18.95,-0.1,8340.0
2023-01-30,2610,39350202.0,757825286.0,19.25,19.4,19.1,19.35,0.4,10794.0
2023-01-31,2610,27024527.0,523783632.0,19.2,19.5,19.2,19.4,0.05,7962.0
2023-02-01,2610,71535021.0,1411063449.0,19.5,19.9,19.4,19.75,0.35,18847.0
2023-02-02,2610,49878538.0,985989646.0,20.0,20.0,19.55,19.85,0.1,12815.0
2023-02-03,2610,24951703.0,491651672.0,19.85,19.9,19.6,19.6,-0.25,8208.0
2023-02-06,2610,22984324.0,451971175.0,19.5,19.8,19.4,19.6,0.0,6185.0
2023-02-07,2610,38587662.0,748958843.0,19.65,19.75,19.25,19.3,-0.3,11269.0
2023-02-08,2610,22042920.0,424957554.0,19.4,19.45,19.2,19.25,-0.05,8659.0
2023-02-09,2610,15494797.0,298622746.0,19.25,19.45,19.2,19.2,-0.05,5027.0
2023-02-10,2610,32045363.0,608123249.0,19.15,19.25,18.85,18.85,-0.35,11663.0
2023-02-13,2610,28516761.0,542886943.0,19.0,19.25,18.9,18.9,0.05,8403.0
2023-02-14,2610,62772772.0,1219435511.0,19.1,19.55,19.05,19.55,0.65,16348.0
2023-02-15,2610,40270573.0,786236482.0,19.4,19.7,19.35,19.5,-0.05,14687.0
2023-02-16,2610,261250359.0,5384644905.0,19.7,21.3,19.65,21.0,1.5,69924.0
2023-02-17,2610,142820941.0,3009182139.0,21.05,21.45,20.8,21.0,0.0,41240.0
2023-02-20,2610,129210544.0,2762386294.0,21.2,21.75,21.0,21.3,0.3,36167.0
2023-02-21,2610,86716053.0,1810832735.0,21.35,21.45,20.55,20.8,-0.5,26308.0
2023-02-22,2610,41964179.0,857033240.0,20.5,20.55,20.3,20.5,-0.3,13920.0
2023-02-23,2610,38301811.0,788126469.0,20.6,20.75,20.45,20.5,0.0,11504.0
2023-02-24,2610,36388466.0,742120836.0,20.65,20.7,20.3,20.3,-0.2,10439.0
2023-03-01,2610,33202889.0,666141183.0,20.3,20.35,19.95,20.1,-0.2,11160.0
2023-03-02,2610,18493152.0,375363684.0,20.1,20.4,20.1,20.3,0.2,6238.0
2023-03-03,2610,16364928.0,333637843.0,20.5,20.55,20.3,20.3,0.0,5812.0
2023-03-06,2610,20175428.0,410365842.0,20.55,20.55,20.25,20.3,0.0,6277.0
2023-03-07,2610,13493549.0,274064569.0,20.35,20.4,20.25,20.3,0.0,5139.0
2023-03-08,2610,17847512.0,361348773.0,20.3,20.35,20.15,20.25,-0.05,6327.0
2023-03-09,2610,81408145.0,1688774897.0,20.4,21.1,20.2,20.9,0.65,22846.0
2023-03-10,2610,116523483.0,2356617935.0,20.85,20.85,19.5,20.05,-0.85,36041.0
2023-03-13,2610,43878189.0,870054910.0,19.9,20.05,19.6,19.95,-0.1,13510.0
2023-03-14,2610,75342041.0,1464566674.0,19.75,19.85,19.2,19.2,-0.75,24864.0
2023-03-15,2610,50404990.0,981610617.0,19.4,19.7,19.3,19.4,0.2,18114.0
2023-03-16,2610,31228589.0,596149873.0,19.2,19.35,19.0,19.0,-0.4,10585.0
2023-03-17,2610,36001977.0,685720136.0,19.2,19.3,18.95,19.0,0.0,9884.0
2023-03-20,2610,17154995.0,329170622.0,19.05,19.3,19.0,19.25,0.25,4557.0
2023-03-21,2610,22239905.0,426859329.0,19.25,19.4,19.1,19.1,-0.15,7554.0
2023-03-22,2610,25538390.0,492379268.0,19.25,19.45,19.15,19.25,0.15,7750.0
2023-03-23,2610,14854795.0,286346353.0,19.2,19.4,19.15,19.3,0.05,5155.0
2023-03-24,2610,19182112.0,370183742.0,19.35,19.4,19.2,19.3,0.0,5302.0
2023-03-27,2610,16967617.0,325936745.0,19.3,19.4,19.1,19.15,-0.15,5935.0
2023-03-28,2610,28835735.0,560267882.0,19.2,19.65,19.2,19.25,0.1,9156.0
2023-03-29,2610,41931269.0,826143510.0,19.45,19.9,19.45,19.7,0.45,13260.0
2023-03-30,2610,23589121.0,462475709.0,19.85,19.95,19.45,19.5,-0.2,7964.0
2023-03-31,2610,16496279.0,322241286.0,19.6,19.65,19.45,19.5,0.0,4784.0
2023-04-06,2610,18140129.0,350118690.0,19.55,19.55,19.15,19.25,-0.25,7075.0
2023-04-07,2610,9756020.0,188888970.0,19.4,19.45,19.25,19.35,0.1,3083.0
2023-04-10,2610,11802498.0,228358275.0,19.45,19.5,19.3,19.3,-0.05,3960.0
2023-04-11,2610,9054917.0,175730472.0,19.4,19.5,19.3,19.4,0.1,3312.0
2023-04-12,2610,11632213.0,225073355.0,19.45,19.5,19.3,19.35,-0.05,4269.0
2023-04-13,2610,97926307.0,1950767037.0,19.75,20.2,19.6,19.8,0.45,24251.0
2023-04-14,2610,34689840.0,686916881.0,19.95,20.0,19.6,19.8,0.0,9666.0
2023-04-17,2610,40552170.0,791800417.0,19.6,19.8,19.4,19.5,-0.3,11033.0
2023-04-18,2610,18138045.0,351376592.0,19.5,19.5,19.3,19.3,-0.2,6704.0
2023-04-19,2610,21323381.0,414164548.0,19.4,19.6,19.3,19.3,0.0,8393.0
2023-04-20,2610,19205376.0,371537915.0,19.4,19.55,19.25,19.25,-0.05,5707.0
2023-04-21,2610,20343819.0,389912410.0,19.3,19.4,19.05,19.1,-0.15,7004.0
2023-04-24,2610,16546228.0,315823898.0,19.05,19.2,19.0,19.15,0.05,4721.0
2023-04-25,2610,37167736.0,702423632.0,19.15,19.3,18.7,18.8,-0.35,13109.0
2023-04-26,2610,31757319.0,588501683.0,18.75,18.8,18.45,18.5,-0.3,11696.0
2023-04-27,2610,36226439.0,684439791.0,18.55,19.2,18.55,18.8,0.3,10396.0
2023-04-28,2610,16708278.0,316776033.0,19.05,19.1,18.85,19.0,0.2,5082.0
2023-05-02,2610,13594547.0,257798559.0,19.0,19.1,18.8,19.0,0.0,4833.0
2023-05-03,2610,10913541.0,206804846.0,19.0,19.1,18.8,18.95,-0.05,3791.0
2023-05-04,2610,8859824.0,167773324.0,18.95,19.05,18.85,18.95,0.0,3099.0
2023-05-05,2610,11250981.0,213308823.0,18.95,19.1,18.9,18.9,-0.05,4154.0
2023-05-08,2610,15234770.0,290583707.0,19.05,19.2,18.95,19.0,0.1,4344.0
2023-05-09,2610,21109962.0,404428319.0,19.1,19.25,19.05,19.2,0.2,6189.0
2023-05-10,2610,59244791.0,1163858714.0,19.8,19.95,19.4,19.5,0.3,15215.0
2023-05-11,2610,59553125.0,1140462239.0,19.45,19.65,18.85,18.85,-0.65,15745.0
2023-05-12,2610,14198649.0,268383680.0,18.95,19.1,18.75,19.0,0.15,5021.0
2023-05-15,2610,8844342.0,167753880.0,18.9,19.15,18.9,18.9,-0.1,3473.0
2023-05-16,2610,22477021.0,430816674.0,19.1,19.25,19.05,19.1,0.2,6105.0
2023-05-17,2610,21287932.0,409520869.0,19.3,19.35,19.15,19.2,0.1,7171.0
2023-05-18,2610,25252491.0,489687291.0,19.35,19.5,19.25,19.4,0.2,7572.0
2023-05-19,2610,166145500.0,3322303134.0,19.5,20.6,19.4,20.0,0.6,42515.0
2023-05-22,2610,113472721.0,2315521250.0,20.25,20.6,20.05,20.55,0.55,33955.0
2023-05-23,2610,88234968.0,1816444479.0,20.5,20.9,20.25,20.35,-0.2,26320.0
2023-05-24,2610,64111814.0,1323506801.0,20.45,20.8,20.35,20.7,0.35,18703.0
2023-05-25,2610,66887659.0,1388994233.0,20.7,20.95,20.5,20.8,0.1,17369.0
2023-05-26,2610,109175937.0,2287328607.0,20.85,21.2,20.8,20.85,0.05,23641.0
2023-05-29,2610,144771357.0,3109091949.0,21.2,21.8,21.05,21.65,0.8,38344.0
2023-05-30,2610,170030013.0,3747231102.0,22.0,22.4,21.65,21.8,0.15,48750.0
2023-05-31,2610,128163760.0,2845058803.0,21.9,22.4,21.85,22.2,0.4,30679.0
2023-06-01,2610,189350615.0,4308800581.0,22.35,23.15,22.15,23.15,0.95,51848.0
2023-06-02,2610,176667426.0,4089927521.0,23.45,23.6,22.65,23.05,-0.1,53450.0
2023-06-05,2610,94544100.0,2149081539.0,23.1,23.3,22.45,22.6,-0.45,31707.0
2023-06-06,2610,59215657.0,1354496271.0,22.75,23.1,22.65,22.75,0.15,17038.0
2023-06-07,2610,46062186.0,1046976096.0,22.95,23.05,22.55,22.6,-0.15,14926.0
2023-06-08,2610,72574376.0,1638582477.0,22.65,22.9,22.15,22.65,0.05,21074.0
2023-06-09,2610,37637464.0,856885876.0,22.9,23.0,22.6,22.7,0.05,11583.0
2023-06-12,2610,59857618.0,1328818887.0,22.65,22.7,22.0,22.35,-0.35,17109.0
2023-06-13,2610,92099325.0,2099069656.0,22.55,23.0,22.55,22.75,0.4,20998.0
2023-06-14,2610,421627942.0,10146181959.0,23.1,24.8,23.05,24.8,2.05,103131.0
2023-06-15,2610,589307714.0,15676984578.0,25.85,27.25,25.6,27.25,2.45,149792.0
2023-06-16,2610,580503416.0,16210807088.0,27.8,28.75,27.1,27.6,0.35,162991.0
2023-06-19,2610,212994649.0,5986789349.0,27.95,28.5,27.8,27.9,0.3,63130.0
2023-06-20,2610,173371407.0,4803870074.0,28.2,28.45,27.3,27.55,-0.35,51296.0
2023-06-21,2610,125891700.0,3495614707.0,27.75,28.05,27.35,27.9,0.35,37554.0
2023-06-26,2610,107252520.0,2975349667.0,27.85,28.05,27.4,27.8,-0.1,30305.0
2023-06-27,2610,215617110.0,5709929521.0,27.6,27.6,25.8,26.05,-1.75,67163.0
2023-06-28,2610,112821591.0,3032029408.0,26.8,27.15,26.6,27.0,0.95,33715.0
2023-06-29,2610,79745462.0,2115468958.0,27.05,27.1,26.25,26.5,-0.5,23440.0
2023-06-30,2610,61618035.0,1622714271.0,26.5,26.7,26.1,26.2,-0.3,20873.0
2023-07-03,2610,60787570.0,1601626195.0,26.45,26.65,26.0,26.25,0.05,20790.0
2023-07-04,2610,60876499.0,1607962812.0,26.25,26.75,26.15,26.45,0.2,17434.0
2023-07-05,2610,120535351.0,3239699330.0,26.55,27.4,26.35,26.35,-0.1,35770.0
2023-07-06,2610,56117581.0,1468285616.0,26.1,26.4,26.0,26.15,-0.2,18146.0
2023-07-07,2610,52627835.0,1382379702.0,26.2,26.5,26.05,26.25,0.1,15421.0
2023-07-10,2610,41318418.0,1078235004.0,26.1,26.3,26.0,26.0,0.0,12564.0
2023-07-11,2610,163350624.0,4408075394.0,27.2,27.4,26.45,27.05,1.05,46177.0
2023-07-12,2610,148167010.0,4070764389.0,27.4,27.8,27.2,27.3,0.25,44781.0
2023-07-13,2610,146348616.0,3924780428.0,27.6,27.75,26.4,26.7,-0.6,43652.0
2023-07-14,2610,207264835.0,5300386186.0,26.4,26.85,24.9,25.05,-1.65,70342.0
2023-07-17,2610,76761882.0,1918716434.0,25.0,25.35,24.5,25.1,0.05,24636.0
2023-07-18,2610,79082316.0,1982240518.0,25.15,25.55,24.7,25.05,-0.05,22914.0
2023-07-19,2610,90318981.0,2216626466.0,25.15,25.2,24.0,24.5,-0.55,30383.0
2023-07-20,2610,111186511.0,2841057168.0,24.5,25.85,24.5,25.85,1.35,36101.0
2023-07-21,2610,95374949.0,2461642881.0,25.9,26.2,25.4,25.45,-0.4,30726.0
2023-07-24,2610,41948435.0,1062891855.0,25.65,25.7,25.1,25.3,-0.15,13393.0
2023-07-25,2610,55666630.0,1401424208.0,25.45,25.6,24.9,25.1,-0.2,19027.0
2023-07-26,2610,35531050.0,901956012.0,25.2,25.7,25.15,25.15,0.05,12051.0
2023-07-27,2610,81309691.0,2097913182.0,25.4,26.15,25.35,25.95,0.8,26000.0
2023-07-28,2610,61765014.0,1569314830.0,25.7,25.85,25.2,25.45,-0.5,19984.0
2023-07-31,2610,49827883.0,1251656082.0,25.55,25.6,24.85,24.95,-0.5,16999.0
2023-08-01,2610,38448514.0,976714135.0,25.05,25.55,25.05,25.4,0.45,10958.0
2023-08-02,2610,52219637.0,1323376621.0,25.45,25.85,25.0,25.0,-0.4,16256.0
2023-08-04,2610,27559780.0,688171992.0,25.0,25.15,24.8,24.95,-0.05,10109.0
2023-08-07,2610,62396456.0,1513486684.0,24.95,25.0,24.05,24.45,-0.5,19862.0
2023-08-08,2610,54544832.0,1366677268.0,24.6,25.4,24.55,24.9,0.45,16107.0
2023-08-09,2610,112141413.0,2879710572.0,25.4,26.1,25.3,25.5,0.6,32855.0
2023-08-10,2610,130555509.0,3277763766.0,25.5,25.7,24.7,25.15,-0.35,36378.0
2023-08-11,2610,151961603.0,3833718775.0,24.75,25.95,24.3,25.3,0.15,37813.0
2023-08-14,2610,98268285.0,2415614939.0,25.45,25.5,24.2,24.2,-1.1,31778.0
2023-08-15,2610,73744508.0,1828463551.0,24.5,25.2,24.45,24.75,0.55,19278.0
2023-08-16,2610,64571786.0,1565358622.0,24.4,24.65,24.0,24.1,-0.65,21483.0
2023-08-17,2610,69225534.0,1658800846.0,23.75,24.4,23.35,24.1,0.0,21092.0
2023-08-18,2610,55515383.0,1327616517.0,24.0,24.45,23.6,23.65,-0.45,18826.0
2023-08-21,2610,39960219.0,942885850.0,23.95,24.1,23.4,23.4,-0.25,13054.0
2023-08-22,2610,53469274.0,1278011259.0,23.8,24.2,23.7,23.7,0.3,14270.0
2023-08-23,2610,58499054.0,1398624250.0,24.1,24.45,23.45,23.55,-0.15,17420.0
2023-08-24,2610,33893403.0,807339377.0,23.9,24.1,23.5,23.85,0.3,9637.0
2023-08-25,2610,51580155.0,1239656693.0,24.35,24.4,23.75,23.75,-0.1,16984.0
2023-08-28,2610,37895846.0,885699006.0,24.0,24.0,23.15,23.15,-0.6,14329.0
2023-08-29,2610,17711200.0,411893696.0,23.25,23.4,23.15,23.3,0.15,5791.0
2023-08-30,2610,26874332.0,621900246.0,23.6,23.6,23.0,23.05,-0.25,10344.0
2023-08-31,2610,46563395.0,1058469011.0,23.1,23.25,22.6,22.6,-0.45,16293.0
2023-09-01,2610,28589601.0,656302077.0,22.7,23.15,22.6,22.95,0.35,10035.0
2023-09-04,2610,22081191.0,506828771.0,22.95,23.15,22.7,23.1,0.15,7315.0
2023-09-05,2610,36555472.0,847125870.0,23.2,23.4,23.0,23.05,-0.05,10676.0
2023-09-06,2610,18018008.0,415913339.0,23.1,23.2,23.0,23.1,0.05,5821.0
2023-09-07,2610,21261405.0,486173512.0,23.0,23.15,22.75,22.75,-0.35,8109.0
2023-09-08,2610,13646973.0,310519960.0,22.7,22.9,22.65,22.7,-0.05,4976.0
2023-09-11,2610,24399009.0,548363901.0,22.75,22.9,22.25,22.25,-0.45,9659.0
2023-09-12,2610,29626725.0,671409468.0,22.4,22.85,22.4,22.65,0.4,8797.0
2023-09-13,2610,21631341.0,489785887.0,22.75,22.85,22.4,22.8,0.15,6666.0
2023-09-14,2610,24705625.0,563986597.0,22.9,22.95,22.7,22.85,0.05,7384.0
2023-09-15,2610,32592494.0,735934931.0,22.9,22.95,22.4,22.45,-0.4,11183.0
2023-09-18,2610,17742757.0,398123141.0,22.4,22.7,22.25,22.35,-0.1,6044.0
2023-09-19,2610,19701934.0,438367745.0,22.35,22.5,22.15,22.2,-0.15,7927.0
2023-09-20,2610,22771439.0,504567511.0,22.25,22.35,22.05,22.15,-0.05,8634.0
2023-09-21,2610,34902549.0,761927998.0,22.2,22.25,21.65,21.65,-0.5,12608.0
2023-09-22,2610,21868422.0,473283649.0,21.55,21.9,21.35,21.85,0.2,7013.0
2023-09-25,2610,18643180.0,411115770.0,21.85,22.3,21.8,21.9,0.05,6540.0
2023-09-26,2610,17931633.0,388982146.0,21.9,21.9,21.6,21.6,-0.3,6912.0
2023-09-27,2610,12016552.0,261098930.0,21.6,21.85,21.55,21.7,0.1,5015.0
2023-09-28,2610,34222331.0,731843573.0,21.75,21.75,21.2,21.2,-0.5,11622.0
2023-10-02,2610,20974302.0,445190444.0,21.45,21.45,21.1,21.25,0.05,5999.0
2023-10-03,2610,31627397.0,664398172.0,21.3,21.3,20.85,20.9,-0.35,9758.0
2023-10-04,2610,23808173.0,491148416.0,20.9,20.9,20.55,20.55,-0.35,8643.0
2023-10-05,2610,55690237.0,1197547954.0,20.95,21.75,20.95,21.7,1.15,17017.0
2023-10-06,2610,24554481.0,528152979.0,21.8,21.8,21.35,21.4,-0.3,7317.0
2023-10-11,2610,33541182.0,703860600.0,21.5,21.5,20.8,20.8,-0.6,11235.0
2023-10-12,2610,28031966.0,595513386.0,21.1,21.5,21.05,21.25,0.45,8102.0
2023-10-13,2610,20133795.0,420802945.0,21.05,21.15,20.8,20.9,-0.35,8105.0
2023-10-16,2610,43222812.0,868256354.0,20.55,20.6,20.0,20.0,-0.9,16411.0
2023-10-17,2610,35527351.0,705676753.0,20.1,20.2,19.7,19.7,-0.3,15017.0
2023-10-18,2610,35934157.0,706570311.0,19.75,20.1,19.4,19.45,-0.25,12718.0
2023-10-19,2610,26848217.0,517321690.0,19.15,19.5,19.1,19.25,-0.2,9320.0
2023-10-20,2610,37670249.0,712923091.0,19.1,19.15,18.65,19.0,-0.25,11388.0
2023-10-23,2610,23534621.0,451559357.0,18.8,19.5,18.8,19.1,0.1,7662.0
2023-10-24,2610,19552991.0,376265646.0,19.3,19.4,19.0,19.4,0.3,6830.0
2023-10-25,2610,11961482.0,232258872.0,19.5,19.55,19.35,19.35,-0.05,5153.0
2023-10-26,2610,17014175.0,327984870.0,19.3,19.55,19.1,19.15,-0.2,6592.0
2023-10-27,2610,26793638.0,525451650.0,19.25,19.85,19.25,19.65,0.5,8725.0
2023-10-30,2610,16178572.0,312894883.0,19.5,19.55,19.2,19.3,-0.35,6139.0
2023-10-31,2610,15930485.0,310288284.0,19.5,19.7,19.3,19.35,0.05,5824.0
2023-11-01,2610,53568827.0,1058702769.0,19.55,20.05,19.45,20.0,0.65,14029.0
2023-11-02,2610,46487103.0,940296570.0,20.0,20.45,19.75,20.45,0.45,13094.0
2023-11-03,2610,78809819.0,1664654913.0,20.55,21.55,20.5,21.15,0.7,23027.0
2023-11-06,2610,51016925.0,1095536189.0,21.6,21.7,21.2,21.45,0.3,14390.0
2023-11-07,2610,23770492.0,501978558.0,21.5,21.5,21.0,21.0,-0.45,9457.0
2023-11-08,2610,24374297.0,515943063.0,21.15,21.5,21.0,21.15,0.15,8007.0
2023-11-09,2610,44086748.0,925974428.0,21.05,21.3,20.65,20.95,-0.2,11125.0
2023-11-10,2610,14788625.0,309276740.0,20.75,21.1,20.75,20.8,-0.15,5681.0
2023-11-13,2610,23700715.0,493335582.0,21.05,21.15,20.6,20.7,-0.1,8007.0
2023-11-14,2610,19990001.0,415813333.0,20.85,21.15,20.65,20.7,0.0,6244.0
2023-11-15,2610,34655630.0,726281487.0,20.95,21.15,20.8,21.1,0.4,11028.0
2023-11-16,2610,111848598.0,2434809893.0,21.2,22.05,21.2,21.9,0.8,30505.0
2023-11-17,2610,60890133.0,1330128596.0,22.05,22.15,21.6,21.8,-0.1,17733.0
2023-11-20,2610,54804964.0,1160892668.0,21.15,21.45,20.8,21.25,-0.55,13757.0
2023-11-21,2610,41829433.0,905366428.0,21.55,21.8,21.45,21.65,0.4,11287.0
2023-11-22,2610,42186659.0,911924194.0,21.65,22.0,21.35,21.45,-0.2,12801.0
2023-11-23,2610,38566821.0,838571490.0,21.5,22.0,21.35,21.85,0.4,11283.0
2023-11-24,2610,37277636.0,796969827.0,21.55,21.65,21.25,21.3,-0.55,12720.0
2023-11-27,2610,23105266.0,490605091.0,21.4,21.55,21.0,21.0,-0.3,7936.0
2023-11-28,2610,17157677.0,366372190.0,21.1,21.5,21.1,21.4,0.4,5619.0
2023-11-29,2610,23285780.0,492203352.0,21.45,21.5,21.05,21.05,-0.35,8836.0
2023-11-30,2610,18133645.0,383207389.0,21.2,21.35,21.05,21.1,0.05,5347.0
2023-12-01,2610,12937943.0,274299974.0,21.2,21.3,21.1,21.15,0.05,4360.0
2023-12-04,2610,32580518.0,701457428.0,21.3,21.7,21.2,21.6,0.45,10789.0
2023-12-05,2610,20007560.0,428126268.0,21.55,21.7,21.3,21.35,-0.25,7182.0
2023-12-06,2610,15487456.0,332347008.0,21.4,21.6,21.35,21.35,0.0,5428.0
2023-12-07,2610,33604673.0,725650775.0,21.6,21.85,21.4,21.55,0.2,10107.0
2023-12-08,2610,38885209.0,844708450.0,21.75,21.9,21.55,21.65,0.1,10257.0
2023-12-11,2610,16139542.0,349382368.0,21.85,21.9,21.5,21.7,0.05,4875.0
2023-12-12,2610,35805863.0,774437951.0,21.75,22.0,21.4,21.55,-0.15,9233.0
2023-12-13,2610,19674174.0,421175471.0,21.55,21.65,21.3,21.35,-0.2,7088.0
2023-12-14,2610,18983672.0,406353821.0,21.55,21.55,21.3,21.4,0.05,5899.0
2023-12-15,2610,25501979.0,550312195.0,21.6,21.8,21.45,21.55,0.15,7046.0
2023-12-18,2610,37551770.0,793593893.0,21.5,21.55,21.0,21.1,-0.45,13002.0
2023-12-19,2610,30570837.0,633676758.0,21.1,21.15,20.55,20.7,-0.4,12058.0
2023-12-20,2610,20766680.0,437585934.0,20.8,21.25,20.8,21.05,0.35,6375.0
2023-12-21,2610,20257804.0,427515588.0,20.8,21.3,20.7,21.25,0.2,6913.0
2023-12-22,2610,94599794.0,2065599918.0,21.5,22.05,21.3,21.9,0.65,24193.0
2023-12-25,2610,99341992.0,2204993472.0,22.45,22.6,21.8,22.2,0.3,27033.0
2023-12-26,2610,37361437.0,822731799.0,22.25,22.35,21.9,21.9,-0.3,12901.0
2023-12-27,2610,27912798.0,605959742.0,21.85,21.9,21.6,21.7,-0.2,10505.0
2023-12-28,2610,15747211.0,340516458.0,21.65,21.8,21.5,21.65,-0.05,6239.0
2023-12-29,2610,25759078.0,561199999.0,21.7,22.0,21.65,21.65,0.0,7422.0
2024-01-02,2610,126250599.0,2821818073.0,21.9,22.7,21.85,22.35,0.7,31329.0
2024-01-03,2610,44659025.0,990769564.0,22.3,22.5,22.05,22.1,-0.25,14905.0
2024-01-04,2610,35291029.0,780252658.0,22.15,22.25,21.85,22.1,0.0,10991.0
2024-01-05,2610,34251131.0,750028692.0,22.25,22.35,21.7,21.7,-0.4,11371.0
2024-01-08,2610,17497994.0,381778978.0,22.0,22.05,21.65,21.7,0.0,6259.0
2024-01-09,2610,36193262.0,775051895.0,21.6,21.7,21.25,21.25,-0.45,11829.0
2024-01-10,2610,28627650.0,599652728.0,21.25,21.25,20.8,20.85,-0.4,11146.0
2024-01-11,2610,34722309.0,731335702.0,21.0,21.45,20.85,20.85,0.0,11126.0
2024-01-12,2610,21532205.0,452818444.0,20.95,21.2,20.85,21.1,0.25,6633.0
2024-01-15,2610,52513198.0,1084760017.0,20.95,21.0,20.45,20.7,-0.4,16182.0
2024-01-16,2610,40139975.0,816941334.0,20.55,20.6,20.25,20.3,-0.4,13629.0
2024-01-17,2610,31544752.0,635155616.0,20.25,20.3,20.0,20.0,-0.3,12713.0
2024-01-18,2610,17990238.0,364968273.0,20.1,20.4,20.1,20.3,0.3,5711.0
2024-01-19,2610,23411020.0,474223921.0,20.5,20.5,20.15,20.2,-0.1,7827.0
2024-01-22,2610,23431914.0,478901880.0,20.35,20.65,20.2,20.45,0.25,6962.0
2024-01-23,2610,21362000.0,440482092.0,20.65,20.9,20.5,20.5,0.05,6509.0
2024-01-24,2610,14284816.0,294364015.0,20.5,20.75,20.45,20.55,0.05,5172.0
2024-01-25,2610,7549275.0,154647255.0,20.65,20.65,20.4,20.5,-0.05,3421.0
2024-01-26,2610,14119780.0,290819935.0,20.55,20.75,20.45,20.7,0.2,4129.0
2024-01-29,2610,38703967.0,807057506.0,20.95,21.15,20.7,20.7,0.0,10734.0
2024-01-30,2610,16185551.0,331796712.0,20.7,20.75,20.35,20.4,-0.3,6132.0
2024-01-31,2610,11022377.0,224345279.0,20.4,20.55,20.25,20.4,0.0,4128.0
2024-02-01,2610,13192536.0,270645019.0,20.45,20.65,20.35,20.55,0.15,4139.0
2024-02-02,2610,9326619.0,191298162.0,20.55,20.65,20.4,20.45,-0.1,3475.0
2024-02-05,2610,19213275.0,393316473.0,20.45,20.6,20.3,20.5,0.05,5159.0
2024-02-15,2610,34875933.0,698146650.0,20.45,20.45,19.9,20.0,-0.5,13321.0
2024-02-16,2610,24688343.0,497865077.0,19.85,20.4,19.85,20.25,0.25,7407.0
2024-02-19,2610,12660073.0,256842696.0,20.35,20.5,20.2,20.25,0.0,4871.0
2024-02-20,2610,16974742.0,341608954.0,20.25,20.35,20.05,20.1,-0.15,6515.0
2024-02-21,2610,17553283.0,355392884.0,20.2,20.4,20.1,20.2,0.1,5631.0
2024-02-22,2610,21867465.0,438865312.0,20.2,20.25,20.0,20.0,-0.2,7774.0
2024-02-23,2610,24394395.0,486277688.0,20.1,20.1,19.85,19.85,-0.15,11515.0
2024-02-26,2610,15294677.0,304414065.0,19.9,20.0,19.8,19.9,0.05,5886.0
2024-02-27,2610,17448890.0,345368035.0,19.9,20.0,19.7,19.75,-0.15,7415.0
2024-02-29,2610,24183998.0,481897129.0,19.75,20.0,19.75,20.0,0.25,5858.0
2024-03-01,2610,12271207.0,243589220.0,20.0,20.0,19.8,19.8,-0.2,5127.0
2024-03-04,2610,17429362.0,344193402.0,19.8,19.85,19.7,19.7,-0.1,6981.0
2024-03-05,2610,14332623.0,283619212.0,19.75,19.95,19.7,19.7,0.0,5220.0
2024-03-06,2610,20937176.0,410306001.0,19.7,19.75,19.55,19.55,-0.15,9051.0
2024-03-07,2610,18142247.0,354150299.0,19.55,19.65,19.45,19.45,-0.1,7910.0
2024-03-08,2610,30322439.0,595592602.0,19.45,19.8,19.4,19.8,0.35,9749.0
2024-03-11,2610,30066139.0,588620518.0,19.8,19.8,19.5,19.5,-0.3,11224.0
2024-03-12,2610,28237971.0,559415776.0,19.7,19.9,19.6,19.85,0.35,11030.0
2024-03-13,2610,24241450.0,478154644.0,19.85,19.95,19.6,19.65,-0.2,8441.0
2024-03-14,2610,22676561.0,447532217.0,19.7,20.0,19.6,19.65,0.0,6861.0
2024-03-15,2610,31574764.0,614088175.0,19.7,19.7,19.35,19.35,-0.3,10620.0
2024-03-18,2610,18552419.0,356964135.0,19.35,19.35,19.15,19.15,-0.2,8125.0
2024-03-19,2610,22613742.0,434054503.0,19.15,19.3,19.1,19.15,0.0,8970.0
2024-03-20,2610,16397016.0,313744321.0,19.15,19.2,19.05,19.1,-0.05,7328.0
2024-03-21,2610,12841557.0,246537920.0,19.15,19.25,19.15,19.25,0.15,5655.0
2024-03-22,2610,11699442.0,226039553.0,19.3,19.4,19.25,19.35,0.1,5116.0
2024-03-25,2610,11804058.0,228670170.0,19.25,19.45,19.25,19.4,0.05,4191.0
2024-03-26,2610,18412690.0,354094471.0,19.4,19.45,19.1,19.1,-0.3,7105.0
2024-03-27,2610,16105685.0,313091929.0,19.1,19.6,19.1,19.55,0.45,6494.0
2024-03-28,2610,15061675.0,295494358.0,19.65,19.8,19.5,19.5,-0.05,5693.0
2024-03-29,2610,10923021.0,213487573.0,19.55,19.7,19.4,19.5,0.0,4778.0
2024-04-01,2610,9838657.0,192554644.0,19.5,19.75,19.5,19.5,0.0,3302.0
2024-04-02,2610,9540075.0,184972073.0,19.5,19.5,19.35,19.35,-0.15,4064.0
2024-04-03,2610,13567699.0,260327322.0,19.35,19.35,19.15,19.15,-0.2,5689.0
2024-04-08,2610,9361311.0,179279029.0,19.1,19.2,19.05,19.2,0.05,4045.0
2024-04-09,2610,15240473.0,296339683.0,19.25,19.55,19.25,19.45,0.25,5683.0
2024-04-10,2610,11623231.0,226550568.0,19.5,19.6,19.4,19.55,0.1,4783.0
2024-04-11,2610,66950713.0,1334439919.0,19.6,20.15,19.6,19.95,0.4,17555.0
2024-04-12,2610,56989119.0,1141343212.0,19.95,20.2,19.65,20.05,0.1,16104.0
2024-04-15,2610,21242173.0,420667129.0,20.0,20.0,19.65,19.8,-0.25,7398.0
2024-04-16,2610,26360387.0,512021331.0,19.8,19.8,19.25,19.25,-0.55,10568.0
2024-04-17,2610,15986652.0,308654697.0,19.3,19.4,19.25,19.25,0.0,6446.0
2024-04-18,2610,39560827.0,782405383.0,19.35,20.05,19.35,19.6,0.35,12501.0
2024-04-19,2610,42357921.0,831331240.0,19.7,19.95,19.4,19.45,-0.15,14651.0
2024-04-22,2610,42461155.0,843750113.0,19.55,20.15,19.55,19.8,0.35,13142.0
2024-04-23,2610,43594348.0,877881523.0,19.95,20.35,19.85,20.05,0.25,13941.0
2024-04-24,2610,128949475.0,2637938390.0,20.1,20.75,19.8,20.55,0.5,30838.0
2024-04-25,2610,83385875.0,1707355316.0,20.55,20.75,20.2,20.4,-0.15,21403.0
2024-04-26,2610,167083541.0,3528933857.0,20.5,21.6,20.4,21.5,1.1,48327.0
2024-04-29,2610,109813097.0,2372216073.0,22.0,22.2,21.3,21.35,-0.15,30701.0
2024-04-30,2610,53492288.0,1122750685.0,21.35,21.35,20.85,20.95,-0.4,13871.0
2024-05-02,2610,72915004.0,1570063178.0,21.05,21.9,21.05,21.5,0.55,20155.0
2024-05-03,2610,50352174.0,1086816378.0,21.5,21.85,21.4,21.5,0.0,15300.0
2024-05-06,2610,46851424.0,1012463453.0,21.75,21.85,21.35,21.45,-0.05,12266.0
2024-05-07,2610,31893201.0,678953332.0,21.5,21.65,21.05,21.35,-0.1,9944.0
2024-05-08,2610,32926756.0,707206307.0,21.45,21.65,21.25,21.65,0.3,9572.0
2024-05-09,2610,30985232.0,660376131.0,21.7,21.7,21.05,21.15,-0.5,10329.0
2024-05-10,2610,238376138.0,5339276934.0,21.6,22.8,21.55,22.65,1.5,58659.0
2024-05-13,2610,179910648.0,4118693177.0,22.8,23.3,22.3,23.0,0.35,50473.0
2024-05-14,2610,75625788.0,1731604688.0,23.0,23.15,22.65,22.65,-0.35,22420.0
2024-05-15,2610,54874232.0,1249187340.0,23.0,23.0,22.5,22.75,0.1,17259.0
2024-05-16,2610,185306831.0,4375570575.0,22.95,24.0,22.7,23.85,1.1,50057.0
2024-05-17,2610,196985178.0,4774038138.0,24.0,24.9,23.65,23.8,-0.05,56019.0
2024-05-20,2610,187047226.0,4418852467.0,23.95,24.5,22.9,23.05,-0.75,53005.0
2024-05-21,2610,96592557.0,2194191976.0,23.05,23.25,22.4,22.8,-0.25,28077.0
2024-05-22,2610,69370861.0,1558689419.0,22.9,22.95,22.3,22.3,-0.5,20512.0
2024-05-23,2610,78858946.0,1724170232.0,22.1,22.15,21.65,22.05,-0.25,22649.0
2024-05-24,2610,44777730.0,992303747.0,21.85,22.45,21.75,22.4,0.35,13178.0
2024-05-27,2610,33741520.0,748241578.0,22.4,22.45,22.05,22.15,-0.25,10984.0
2024-05-28,2610,109484464.0,2534448361.0,22.5,23.45,22.5,23.3,1.15,33353.0
2024-05-29,2610,76084362.0,1750183407.0,23.45,23.55,22.7,22.8,-0.5,25992.0
2024-05-30,2610,47019058.0,1063099688.0,22.6,23.0,22.2,22.5,-0.3,14788.0
2024-05-31,2610,72537543.0,1640784955.0,22.6,23.05,22.35,22.4,-0.1,15906.0
2024-06-03,2610,34152437.0,759200261.0,22.55,22.6,22.1,22.15,-0.25,12275.0
2024-06-04,2610,27357042.0,604542670.0,22.15,22.3,21.9,22.15,0.0,9112.0
2024-06-05,2610,27527835.0,616091168.0,22.2,22.55,22.2,22.25,0.1,7990.0
2024-06-06,2610,53540937.0,1215422854.0,22.35,23.0,22.2,23.0,0.75,15641.0
2024-06-07,2610,71345264.0,1653686458.0,22.9,23.5,22.6,23.1,0.1,20656.0
2024-06-11,2610,89695926.0,2116611844.0,23.4,24.15,23.1,23.15,0.05,28885.0
2024-06-12,2610,44833915.0,1027659463.0,23.35,23.35,22.65,23.0,-0.15,13206.0
2024-06-13,2610,28768226.0,658274526.0,23.15,23.2,22.7,22.85,-0.15,8808.0
2024-06-14,2610,24005711.0,551954796.0,23.0,23.15,22.85,23.0,0.15,7676.0
2024-06-17,2610,20744940.0,475985058.0,23.2,23.2,22.85,22.95,-0.05,6752.0
2024-06-18,2610,113356479.0,2680205815.0,23.15,23.9,23.15,23.35,0.4,26932.0
2024-06-19,2610,83414826.0,1967155882.0,23.95,24.0,23.15,23.65,0.3,23971.0
2024-06-20,2610,31584875.0,743088838.0,23.8,23.85,23.4,23.5,-0.15,10711.0
2024-06-21,2610,65137793.0,1545815296.0,23.55,23.95,23.45,23.7,0.2,14586.0
2024-06-24,2610,36161906.0,854945428.0,23.85,23.9,23.35,23.55,-0.15,11236.0
2024-06-25,2610,36295728.0,849455398.0,23.55,23.65,23.05,23.65,0.1,9024.0
2024-06-26,2610,28650138.0,677157691.0,23.7,23.85,23.45,23.65,0.0,8479.0
2024-06-27,2610,124570309.0,3006410447.0,23.45,24.4,23.4,24.25,0.6,34003.0
2024-06-28,2610,72142247.0,1727493611.0,24.25,24.35,23.7,23.7,-0.55,23364.0
2024-07-01,2610,74201647.0,1790200771.0,23.75,24.3,23.6,24.3,0.6,19925.0
2024-07-02,2610,172619947.0,4288467455.0,24.55,25.2,24.4,24.75,0.45,39562.0
2024-07-03,2610,71581920.0,1777388666.0,25.1,25.1,24.55,24.75,0.0,18540.0
2024-07-04,2610,53175447.0,1312457460.0,24.9,24.95,24.5,24.7,-0.05,14459.0
2024-07-05,2610,54528454.0,1328721834.0,24.75,24.8,24.15,24.25,-0.45,16238.0
2024-07-08,2610,46949303.0,1136304152.0,24.25,24.55,23.8,24.3,0.05,13846.0
2024-07-09,2610,47853132.0,1146711654.0,24.35,24.5,23.7,23.8,-0.5,14271.0
2024-07-10,2610,53968730.0,1312865066.0,23.85,24.7,23.8,24.6,0.8,16415.0
2024-07-11,2610,59483935.0,1442248507.0,24.6,24.7,23.95,24.3,-0.3,17362.0
2024-07-12,2610,44719556.0,1076157202.0,24.3,24.5,23.9,24.0,-0.3,11560.0
2024-07-15,2610,50818128.0,1202406492.0,24.15,24.15,23.3,23.35,-0.65,15914.0
2024-07-16,2610,46318017.0,1078578052.0,23.45,23.5,23.1,23.25,-0.1,13969.0
2024-07-17,2610,56366424.0,1329683452.0,23.5,23.85,23.35,23.5,0.25,13242.0
2024-07-18,2610,44792482.0,1014376771.0,23.0,23.05,22.5,22.55,0.0,15506.0
2024-07-19,2610,41199990.0,913346504.0,22.5,22.5,22.0,22.25,-0.3,14591.0
2024-07-22,2610,44593226.0,964702792.0,22.15,22.2,21.4,21.55,-0.7,21684.0
2024-07-23,2610,52785872.0,1179707773.0,21.8,22.6,21.7,22.55,1.0,16557.0
2024-07-26,2610,38772515.0,875957607.0,22.1,22.8,21.95,22.75,0.2,12670.0
2024-07-29,2610,20589492.0,466613597.0,22.75,22.85,22.45,22.55,-0.2,8285.0
2024-07-30,2610,17347573.0,386907203.0,22.55,22.55,22.05,22.4,-0.15,7657.0
2024-07-31,2610,33725892.0,768604553.0,22.3,23.15,22.3,22.95,0.55,10588.0
2024-08-01,2610,17308117.0,394267383.0,22.9,22.95,22.7,22.75,-0.2,7362.0
2024-08-02,2610,29914709.0,664325795.0,22.35,22.5,21.95,22.05,-0.7,10237.0
2024-08-05,2610,51506074.0,1051337753.0,21.4,21.45,20.0,20.05,-2.0,16473.0
2024-08-06,2610,41211887.0,838035454.0,20.65,20.8,19.6,20.35,0.3,11998.0
2024-08-07,2610,21121916.0,442547781.0,20.5,21.2,20.4,21.1,0.75,6601.0
2024-08-08,2610,25769598.0,537641973.0,20.75,21.2,20.65,20.65,-0.45,7128.0
2024-08-09,2610,25591812.0,540343692.0,21.05,21.25,20.9,21.05,0.4,6373.0
2024-08-12,2610,31243530.0,659584114.0,21.2,21.45,20.85,21.1,0.05,8980.0
2024-08-13,2610,24199519.0,509708528.0,21.3,21.45,20.85,20.85,-0.25,8041.0
2024-08-14,2610,14508085.0,303991636.0,21.05,21.1,20.8,20.9,0.05,4875.0
2024-08-15,2610,20616186.0,437498164.0,21.25,21.45,21.0,21.0,0.1,6330.0
2024-08-16,2610,21322311.0,452508083.0,21.35,21.5,21.05,21.1,0.1,6165.0
2024-08-19,2610,11722947.0,247124087.0,21.25,21.25,21.0,21.0,-0.1,4199.0
2024-08-20,2610,15054618.0,317509436.0,21.1,21.25,21.0,21.0,0.0,4781.0
2024-08-21,2610,18973858.0,398180282.0,21.05,21.2,20.8,20.85,-0.15,6190.0
2024-08-22,2610,15574132.0,324469209.0,20.95,21.0,20.75,20.75,-0.1,5083.0
2024-08-23,2610,14697450.0,306383218.0,20.7,21.0,20.6,20.9,0.15,4419.0
2024-08-26,2610,13582183.0,285451385.0,20.9,21.15,20.85,20.85,-0.05,4315.0
2024-08-27,2610,34836759.0,715967803.0,20.9,20.9,20.4,20.6,-0.25,10671.0
2024-08-28,2610,21660693.0,450086000.0,20.65,20.85,20.65,20.85,0.25,5004.0
2024-08-29,2610,17116894.0,354420338.0,20.75,20.85,20.55,20.65,-0.2,6189.0
2024-08-30,2610,29048019.0,600364608.0,20.75,20.95,20.6,20.6,-0.05,5649.0
2024-09-02,2610,15322912.0,320719871.0,20.8,21.1,20.8,20.85,0.25,4431.0
2024-09-03,2610,15455843.0,323020840.0,21.0,21.05,20.8,20.8,-0.05,4561.0
2024-09-04,2610,30785650.0,620517040.0,20.3,20.35,19.8,20.1,-0.7,11243.0
2024-09-05,2610,19617009.0,402004886.0,20.25,20.85,20.25,20.3,0.2,6155.0
2024-09-06,2610,19129820.0,387935813.0,20.4,20.45,20.2,20.2,-0.1,5352.0
2024-09-09,2610,14309843.0,287513463.0,19.85,20.25,19.85,20.25,0.05,4741.0
2024-09-10,2610,12640784.0,255323405.0,20.35,20.4,20.05,20.05,-0.2,4059.0
2024-09-11,2610,15706251.0,319308828.0,20.25,20.55,20.2,20.25,0.2,4525.0
2024-09-12,2610,11117867.0,226635058.0,20.4,20.5,20.3,20.4,0.15,3435.0
2024-09-13,2610,14255716.0,292978449.0,20.55,20.65,20.4,20.55,0.15,3637.0
2024-09-16,2610,14379592.0,296788940.0,20.6,20.75,20.5,20.65,0.1,3877.0
2024-09-18,2610,52755290.0,1114124465.0,20.6,21.4,20.6,21.2,0.55,12714.0
2024-09-19,2610,21302623.0,450569605.0,21.2,21.25,21.0,21.2,0.0,6389.0
2024-09-20,2610,22003950.0,468078896.0,21.4,21.45,21.15,21.3,0.1,6300.0
2024-09-23,2610,19741204.0,422157421.0,21.45,21.5,21.15,21.5,0.2,5481.0
2024-09-24,2610,27048680.0,585439340.0,21.5,21.85,21.5,21.65,0.15,7706.0
2024-09-25,2610,24274497.0,523510143.0,21.75,21.75,21.4,21.6,-0.05,7345.0
2024-09-26,2610,22445774.0,486453753.0,21.7,21.8,21.5,21.7,0.1,6251.0
2024-09-27,2610,22952628.0,498552618.0,21.8,21.8,21.55,21.75,0.05,6083.0
2024-09-30,2610,15369250.0,332310783.0,21.8,21.9,21.45,21.5,-0.25,4913.0
2024-10-01,2610,15976653.0,346637652.0,21.5,21.9,21.45,21.9,0.4,5858.0
2024-10-04,2610,61540890.0,1275949900.0,20.8,21.2,20.3,20.6,-1.3,17482.0
2024-10-07,2610,16521146.0,342401912.0,20.6,20.9,20.6,20.8,0.2,5129.0
2024-10-08,2610,11906323.0,245598716.0,20.6,20.75,20.55,20.6,-0.2,3871.0
2024-10-09,2610,16237505.0,335364256.0,20.7,20.8,20.45,20.65,0.05,4606.0
2024-10-11,2610,7463161.0,154418994.0,20.65,20.8,20.6,20.6,-0.05,2990.0
2024-10-14,2610,7402572.0,152890163.0,20.6,20.7,20.55,20.7,0.1,2501.0
2024-10-15,2610,13011629.0,272081614.0,20.8,21.0,20.8,20.9,0.2,4698.0
2024-10-16,2610,29735182.0,632140102.0,20.8,21.45,20.8,21.3,0.4,9542.0
2024-10-17,2610,22741615.0,488944251.0,21.45,21.7,21.35,21.55,0.25,6647.0
2024-10-18,2610,22992327.0,500336579.0,21.75,21.95,21.6,21.7,0.15,7610.0
2024-10-21,2610,14568188.0,315953640.0,21.9,21.9,21.55,21.6,-0.1,5836.0
2024-10-22,2610,17306079.0,375279955.0,21.65,21.8,21.4,21.8,0.2,5704.0
2024-10-23,2610,8849412.0,191712931.0,21.8,21.8,21.55,21.65,-0.15,3551.0
2024-10-24,2610,58841350.0,1300853905.0,21.7,22.4,21.65,22.15,0.5,15599.0
2024-10-25,2610,36700011.0,817903915.0,22.35,22.45,22.1,22.35,0.2,10283.0
2024-10-28,2610,43981246.0,998330011.0,22.7,23.0,22.5,22.7,0.35,10569.0
2024-10-29,2610,28962870.0,652989801.0,22.65,22.8,22.25,22.6,-0.1,9503.0
2024-10-30,2610,25460680.0,577002502.0,22.55,22.8,22.4,22.6,0.0,8056.0
2024-11-01,2610,26328527.0,589552503.0,22.1,22.65,22.05,22.5,-0.1,7297.0
2024-11-04,2610,24247052.0,551178523.0,22.55,22.95,22.45,22.65,0.15,6544.0
2024-11-05,2610,13568996.0,305961072.0,22.6,22.65,22.45,22.6,-0.05,4480.0
2024-11-06,2610,9221390.0,207911525.0,22.65,22.7,22.5,22.5,-0.1,3000.0
2024-11-07,2610,60397296.0,1390716252.0,22.55,23.35,22.55,23.25,0.75,15954.0
2024-11-08,2610,24641882.0,570551503.0,23.2,23.5,22.9,23.15,-0.1,8481.0
2024-11-11,2610,38952602.0,909575106.0,23.35,23.55,23.0,23.4,0.25,10713.0
2024-11-12,2610,40092129.0,943704905.0,23.25,23.75,23.2,23.3,-0.1,11454.0
2024-11-13,2610,22582061.0,527618266.0,23.2,23.5,23.2,23.35,0.05,7062.0
2024-11-14,2610,36223396.0,852551626.0,23.45,23.75,23.3,23.45,0.1,10889.0
2024-11-15,2610,63108239.0,1504847420.0,23.55,24.05,23.4,23.85,0.4,17381.0
2024-11-18,2610,60705889.0,1442944123.0,24.0,24.15,23.5,23.7,-0.15,17178.0
2024-11-19,2610,106409642.0,2556565372.0,23.6,24.2,23.55,24.15,0.45,24788.0
2024-11-20,2610,77641030.0,1878312854.0,24.15,24.3,23.9,24.2,0.05,16301.0
2024-11-21,2610,78737571.0,1903826666.0,24.15,24.3,23.9,24.15,-0.05,14566.0
2024-11-22,2610,98708392.0,2423014016.0,24.4,24.75,24.3,24.6,0.45,22934.0
2024-11-25,2610,82339834.0,2010950356.0,24.75,24.8,23.95,24.6,0.0,16155.0
2024-11-26,2610,58555065.0,1448437695.0,24.55,25.0,24.45,24.7,0.1,14399.0
2024-11-27,2610,61709089.0,1534250267.0,24.8,25.0,24.65,24.9,0.2,13481.0
2024-11-28,2610,30459236.0,748340326.0,24.95,24.95,24.3,24.65,-0.25,9565.0
2024-11-29,2610,34269325.0,848234315.0,24.45,24.95,24.4,24.9,0.25,8952.0
2024-12-02,2610,60281996.0,1509835029.0,24.95,25.2,24.8,25.15,0.25,17282.0
2024-12-03,2610,226943050.0,5991196836.0,25.3,27.1,25.3,26.75,1.6,60322.0
2024-12-04,2610,106273468.0,2814118895.0,26.85,26.9,26.15,26.5,-0.25,33680.0
2024-12-05,2610,52577016.0,1395908729.0,26.4,26.75,26.35,26.6,0.1,15339.0
2024-12-06,2610,45459740.0,1196220490.0,26.6,26.7,26.0,26.3,-0.3,13421.0
2024-12-09,2610,95502365.0,2570389179.0,26.35,27.15,26.25,26.95,0.65,31787.0
2024-12-10,2610,46232558.0,1233704558.0,26.9,27.2,26.4,26.5,-0.45,15680.0
2024-12-11,2610,54149122.0,1408988537.0,26.3,26.5,25.55,26.0,-0.5,19792.0
2024-12-12,2610,47268397.0,1251400211.0,26.2,26.75,26.1,26.5,0.5,14302.0
2024-12-13,2610,33154761.0,864405440.0,26.4,26.45,25.8,26.0,-0.5,14091.0
2024-12-16,2610,37605436.0,965530113.0,26.1,26.2,25.5,25.8,-0.2,11496.0
2024-12-17,2610,48585609.0,1274238966.0,25.8,26.65,25.6,26.2,0.4,12625.0
2024-12-18,2610,49640890.0,1315709009.0,26.35,26.85,26.2,26.35,0.15,16511.0
2024-12-19,2610,19709589.0,513414328.0,25.9,26.25,25.8,26.1,-0.25,8634.0
2024-12-20,2610,24268443.0,630168429.0,26.25,26.3,25.8,25.9,-0.2,11053.0
2024-12-23,2610,19315125.0,508284849.0,26.1,26.5,26.0,26.4,0.5,7312.0
2024-12-24,2610,25599001.0,679885910.0,26.45,26.65,26.3,26.6,0.2,8691.0
2024-12-25,2610,13574520.0,359617377.0,26.65,26.7,26.35,26.45,-0.15,5890.0
2024-12-26,2610,21830876.0,578556902.0,26.5,26.7,26.2,26.55,0.1,6616.0
2024-12-27,2610,10661601.0,280829103.0,26.4,26.55,26.2,26.3,-0.25,5138.0
2024-12-30,2610,51096521.0,1349758321.0,26.3,26.65,25.9,26.6,0.3,11925.0
2024-12-31,2610,55501229.0,1437210235.0,26.45,26.45,25.65,25.65,-0.95,19889.0
2025-01-02,2610,57711298.0,1521329549.0,25.7,26.6,25.65,26.55,0.9,16762.0
2025-01-03,2610,22715242.0,595329422.0,26.55,26.55,26.05,26.15,-0.4,8472.0
2025-01-06,2610,26690481.0,697883523.0,26.3,26.35,26.0,26.2,0.05,6763.0
2025-01-07,2610,24427824.0,635984117.0,26.25,26.35,25.9,26.0,-0.2,6882.0
2025-01-08,2610,21638465.0,563152480.0,26.1,26.25,25.9,26.05,0.05,5841.0
2025-01-09,2610,28255101.0,724174237.0,26.05,26.05,25.35,25.45,-0.6,9487.0
2025-01-10,2610,18810316.0,479907021.0,25.35,25.7,25.25,25.7,0.25,6071.0
2025-01-13,2610,28568899.0,718340829.0,25.7,25.7,24.9,25.15,-0.55,8543.0
2025-01-14,2610,10594424.0,269884168.0,25.25,25.6,25.25,25.6,0.45,3935.0
2025-01-15,2610,23281692.0,601993534.0,25.65,26.05,25.55,25.8,0.2,6744.0
2025-01-16,2610,27545328.0,703504041.0,26.05,26.05,25.2,25.6,-0.2,8807.0
2025-01-17,2610,47064311.0,1229970263.0,25.85,26.5,25.8,26.2,0.6,13323.0
2025-01-20,2610,26971367.0,699816544.0,26.4,26.4,25.65,25.7,-0.5,8480.0
2025-01-21,2610,14345604.0,367242810.0,25.7,25.9,25.5,25.55,-0.15,5361.0
2025-01-22,2610,23313204.0,604968895.0,25.75,26.1,25.65,26.0,0.45,7185.0
2025-02-03,2610,35384027.0,892705943.0,25.3,25.75,24.95,25.35,-0.65,10065.0
2025-02-04,2610,22153863.0,552295433.0,25.5,25.5,24.7,24.7,-0.65,7607.0
2025-02-05,2610,23486374.0,589137664.0,24.9,25.35,24.9,25.05,0.35,5975.0
2025-02-06,2610,11795078.0,293816123.0,25.1,25.1,24.8,24.9,-0.15,3993.0
2025-02-07,2610,44427332.0,1075837239.0,24.9,24.95,23.95,24.2,-0.7,16213.0
2025-02-10,2610,17196751.0,412524511.0,24.05,24.15,23.8,24.05,-0.15,6038.0
2025-02-11,2610,24957956.0,600026950.0,24.4,24.6,23.8,23.9,-0.15,8590.0
2025-02-12,2610,19228768.0,460619691.0,24.05,24.3,23.7,23.75,-0.15,7530.0
2025-02-13,2610,18639993.0,445816375.0,23.8,24.05,23.7,23.9,0.15,5860.0
2025-02-14,2610,18767935.0,450170521.0,23.9,24.2,23.75,24.05,0.15,5637.0
2025-02-17,2610,20076595.0,486178033.0,24.2,24.4,23.95,24.25,0.2,6050.0
2025-02-18,2610,11923805.0,289091028.0,24.35,24.5,24.15,24.2,-0.05,4259.0
2025-02-19,2610,10340339.0,249526412.0,24.3,24.3,24.05,24.05,-0.15,4663.0
2025-02-20,2610,14871049.0,357484569.0,24.1,24.25,23.95,24.0,-0.05,5326.0
2025-02-21,2610,15335277.0,369534095.0,24.0,24.35,23.95,24.05,0.05,4975.0
2025-02-24,2610,16912182.0,406780257.0,23.9,24.2,23.8,24.15,0.1,5219.0
2025-02-25,2610,12054260.0,289584536.0,24.0,24.15,23.9,23.95,-0.2,3644.0
2025-02-26,2610,10695204.0,256014257.0,23.95,24.05,23.9,23.95,0.0,4438.0
2025-02-27,2610,24970614.0,594298591.0,23.95,24.1,23.6,23.8,-0.15,7534.0
2025-03-03,2610,19261758.0,451979238.0,23.6,23.65,23.35,23.45,-0.35,6998.0
2025-03-04,2610,18587743.0,438730178.0,23.35,23.85,23.25,23.8,0.35,5904.0
2025-03-05,2610,14279443.0,342351539.0,23.9,24.1,23.75,24.05,0.25,5234.0
2025-03-06,2610,26267494.0,639474014.0,24.2,24.5,24.05,24.4,0.35,8512.0
2025-03-07,2610,21426916.0,524056035.0,24.4,24.6,24.25,24.5,0.1,5823.0
2025-03-10,2610,14439681.0,353750234.0,24.45,24.6,24.3,24.6,0.1,4857.0
2025-03-11,2610,36462258.0,901545895.0,24.6,25.1,24.25,25.1,0.5,11848.0
2025-03-12,2610,22458033.0,560770753.0,25.35,25.35,24.75,25.1,0.0,8060.0
2025-03-13,2610,29336453.0,720689008.0,25.1,25.1,24.2,24.3,-0.8,7839.0
2025-03-14,2610,22208656.0,539476649.0,24.45,24.5,24.0,24.45,0.15,5049.0
2025-03-17,2610,13065697.0,318171694.0,24.45,24.65,24.2,24.25,-0.2,4329.0
2025-03-18,2610,24604964.0,590914490.0,24.4,24.45,23.9,24.1,-0.15,7458.0
2025-03-19,2610,11353913.0,273692716.0,24.2,24.3,23.95,24.05,-0.05,4971.0
2025-03-20,2610,10291883.0,249858181.0,24.15,24.4,24.1,24.3,0.25,3196.0
2025-03-21,2610,13182588.0,321452194.0,24.35,24.45,24.15,24.45,0.15,3270.0
2025-03-24,2610,9436600.0,230851766.0,24.45,24.6,24.25,24.45,0.0,3727.0
2025-03-25,2610,7975600.0,194754208.0,24.6,24.65,24.25,24.4,-0.05,3389.0
2025-03-26,2610,6831173.0,165965920.0,24.4,24.5,24.2,24.2,-0.2,2977.0
2025-03-27,2610,13531598.0,323607273.0,24.15,24.15,23.8,23.95,-0.25,4764.0
2025-03-28,2610,17700546.0,415853395.0,23.85,23.9,23.3,23.55,-0.4,5156.0
2025-03-31,2610,34257671.0,770560772.0,22.9,23.0,22.15,22.5,-1.05,10538.0
2025-04-01,2610,19659364.0,452184586.0,22.65,23.4,22.65,22.9,0.4,6595.0
2025-04-02,2610,13542064.0,308270983.0,23.0,23.05,22.65,22.75,-0.15,4136.0
2025-04-07,2610,6376553.0,130719241.0,20.5,20.5,20.5,20.5,-2.25,3550.0
2025-04-08,2610,52517576.0,1030412851.0,19.0,20.25,18.85,20.2,-0.3,14877.0
2025-04-09,2610,56569193.0,1084168391.0,19.95,20.35,18.2,18.3,-1.9,16662.0
2025-04-10,2610,7422429.0,149190783.0,20.1,20.1,20.1,20.1,1.8,1717.0
2025-04-11,2610,88889611.0,1912187103.0,19.3,22.1,19.1,21.95,1.85,24659.0
2025-04-14,2610,133335108.0,2995917219.0,23.0,23.7,21.5,21.6,-0.35,37484.0
2025-04-15,2610,39048558.0,850836593.0,21.7,22.3,21.55,21.75,0.15,13239.0
2025-04-16,2610,38114948.0,821952490.0,21.5,22.05,21.25,21.45,-0.3,11704.0
2025-04-17,2610,30146334.0,631602978.0,21.35,21.35,20.7,20.85,-0.6,9592.0
2025-04-18,2610,33946706.0,722560075.0,21.0,21.65,20.8,21.35,0.5,9608.0
2025-04-21,2610,34025260.0,714871503.0,21.2,21.4,20.75,20.75,-0.6,9339.0
2025-04-22,2610,28762227.0,594105503.0,20.55,21.1,20.35,20.55,-0.2,14184.0
2025-04-23,2610,40407774.0,856919430.0,20.95,21.6,20.8,21.15,0.6,11235.0
2025-04-24,2610,30188184.0,643710075.0,21.25,21.55,21.1,21.3,0.15,8662.0
2025-04-25,2610,30934365.0,653114425.0,21.55,21.55,20.9,20.9,-0.4,9247.0
2025-04-28,2610,14475108.0,301760860.0,21.0,21.0,20.7,20.9,0.0,4695.0
2025-04-29,2610,14064661.0,295852525.0,20.9,21.15,20.8,21.15,0.25,5301.0
2025-04-30,2610,15050616.0,315923954.0,21.1,21.15,20.85,21.05,-0.1,4901.0
2025-05-02,2610,19764138.0,419094627.0,21.1,21.4,20.8,21.3,0.25,7026.0
2025-05-05,2610,70623494.0,1571596096.0,22.2,22.55,21.95,22.2,0.9,20771.0
2025-05-06,2610,139763153.0,3210644433.0,22.6,23.4,22.4,22.9,0.7,38140.0
2025-05-07,2610,65966166.0,1492418667.0,23.1,23.2,22.1,22.35,-0.55,21566.0
2025-05-08,2610,33397849.0,751948982.0,22.35,22.7,22.2,22.55,0.2,9028.0
2025-05-09,2610,24931700.0,561115823.0,22.65,22.7,22.3,22.6,0.05,8461.0
2025-05-12,2610,63907295.0,1426746923.0,22.45,22.65,22.2,22.25,-0.35,12807.0
2025-05-13,2610,41936443.0,936030287.0,22.55,22.6,22.15,22.3,0.05,11917.0
2025-05-14,2610,35230830.0,783891314.0,22.5,22.5,22.0,22.3,0.0,10379.0
2025-05-15,2610,32348026.0,730599906.0,22.4,22.7,22.3,22.65,0.35,9624.0
2025-05-16,2610,34819350.0,797486382.0,22.7,23.1,22.6,22.9,0.25,10962.0
2025-05-19,2610,28585037.0,640791081.0,22.8,22.85,22.25,22.25,-0.65,9609.0
2025-05-20,2610,35875302.0,815785660.0,22.55,23.0,22.55,22.7,0.45,10208.0
2025-05-21,2610,20180127.0,457613919.0,22.9,22.9,22.55,22.75,0.05,6267.0
2025-05-22,2610,21765875.0,492005594.0,22.55,22.7,22.4,22.65,-0.1,5339.0
2025-05-23,2610,16458352.0,376035540.0,22.75,22.95,22.7,22.9,0.25,5353.0
2025-05-26,2610,17282125.0,393301470.0,23.0,23.0,22.6,22.6,-0.3,5639.0
2025-05-27,2610,18903951.0,425493616.0,22.65,22.7,22.4,22.45,-0.15,6812.0
2025-05-28,2610,15459527.0,345662083.0,22.65,22.7,22.2,22.2,-0.25,5108.0
2025-05-29,2610,20500250.0,456107567.0,22.45,22.5,22.15,22.15,-0.05,5175.0
2025-06-02,2610,21910654.0,492638428.0,22.15,22.65,22.15,22.5,0.35,6748.0
2025-06-03,2610,12617727.0,283305746.0,22.55,22.65,22.35,22.4,-0.1,4287.0
2025-06-04,2610,14822638.0,334983718.0,22.55,22.7,22.45,22.6,0.2,4516.0
2025-06-05,2610,27995347.0,619399373.0,22.6,22.6,21.9,22.05,-0.55,10079.0
2025-06-06,2610,13962757.0,310625671.0,22.3,22.5,22.1,22.15,0.1,4341.0
2025-06-09,2610,20890016.0,465267990.0,22.35,22.5,22.05,22.3,0.15,6909.0
2025-06-10,2610,21559831.0,485202853.0,22.35,22.6,22.25,22.55,0.25,5864.0
2025-06-11,2610,27246175.0,618524869.0,22.65,22.9,22.55,22.55,0.0,7988.0
2025-06-12,2610,18797081.0,419024309.0,22.6,22.6,22.2,22.25,-0.3,6561.0
2025-06-13,2610,27295570.0,598193740.0,22.0,22.15,21.8,21.8,-0.45,9523.0
2025-06-16,2610,30112970.0,639776885.0,21.4,21.45,21.05,21.4,-0.4,9887.0
2025-06-17,2610,34208494.0,734704290.0,21.7,21.75,21.35,21.4,0.0,9501.0
2025-06-18,2610,31453063.0,676482509.0,21.45,21.7,21.35,21.4,0.0,11274.0
2025-06-19,2610,32493171.0,700087034.0,21.5,21.7,21.4,21.4,0.0,7379.0
2025-06-20,2610,29046040.0,610689083.0,21.45,21.5,20.85,20.95,-0.45,8033.0
2025-06-23,2610,24265557.0,502228771.0,20.7,20.9,20.4,20.8,-0.15,7460.0
2025-06-24,2610,39118548.0,826491616.0,21.3,21.4,20.95,21.1,0.3,9232.0
2025-06-25,2610,28532939.0,611666957.0,21.25,21.6,21.25,21.4,0.3,8362.0
2025-06-26,2610,26620522.0,574509970.0,21.55,21.7,21.4,21.6,0.2,7710.0
2025-06-27,2610,27575129.0,599384072.0,21.45,21.9,21.45,21.9,0.3,8324.0
2025-06-30,2610,29550432.0,644372317.0,21.95,22.05,21.6,21.6,-0.3,8055.0
2025-07-01,2610,25609641.0,558972168.0,21.7,22.0,21.7,21.75,0.15,7689.0
2025-07-02,2610,34183557.0,745700514.0,21.8,22.05,21.6,21.75,0.0,10454.0
2025-07-03,2610,39470126.0,869513374.0,21.8,22.2,21.8,22.0,0.25,12327.0
2025-07-04,2610,23703693.0,520482204.0,22.15,22.15,21.7,21.9,-0.1,6091.0
2025-07-07,2610,21930398.0,480122275.0,22.0,22.0,21.7,21.85,-0.05,7283.0
2025-07-08,2610,48506097.0,1058956489.0,21.7,22.15,21.35,21.85,0.0,8734.0
2025-07-09,2610,23561478.0,517760228.0,21.8,22.1,21.7,22.0,0.15,6980.0
2025-07-10,2610,23030783.0,499350309.0,22.0,22.1,21.55,21.55,-0.45,7676.0
2025-07-11,2610,44850435.0,991499355.0,21.7,22.3,21.6,22.1,0.55,13507.0
2025-07-14,2610,36314307.0,806036410.0,22.1,22.35,22.0,22.35,0.25,9719.0
2025-07-15,2610,35606374.0,781643402.0,22.25,22.25,21.85,21.85,-0.5,11385.0
2025-07-16,2610,40948737.0,861582189.0,21.25,21.25,20.9,21.1,0.0,12806.0
2025-07-17,2610,32889567.0,695987370.0,21.15,21.3,21.1,21.15,0.05,9131.0
2025-07-18,2610,38539737.0,809245256.0,21.3,21.4,20.9,20.9,-0.25,12009.0
2025-07-21,2610,32818259.0,686849833.0,21.0,21.2,20.8,20.8,-0.1,9827.0
2025-07-22,2610,43213648.0,891805459.0,20.85,21.0,20.5,20.5,-0.3,13407.0
2025-07-23,2610,29494627.0,606653707.0,20.7,20.7,20.4,20.7,0.2,13260.0
2025-07-24,2610,17570628.0,365496884.0,20.8,20.95,20.65,20.9,0.2,7998.0
2025-07-25,2610,28773890.0,606810910.0,21.0,21.3,20.9,21.0,0.1,8680.0
2025-07-28,2610,16395951.0,341823899.0,21.15,21.15,20.75,20.8,-0.2,6059.0
2025-07-29,2610,15905084.0,330425021.0,20.75,20.9,20.7,20.75,-0.05,5467.0
2025-07-30,2610,8339487.0,173280418.0,20.85,20.85,20.7,20.8,0.05,3679.0
2025-07-31,2610,17112852.0,352774032.0,20.75,20.8,20.55,20.6,-0.2,4857.0
2025-08-01,2610,12970964.0,266559599.0,20.45,20.7,20.25,20.55,-0.05,4661.0
2025-08-04,2610,12503542.0,258104892.0,20.35,20.8,20.35,20.75,0.2,3465.0
2025-08-05,2610,9621269.0,199738766.0,20.75,20.85,20.7,20.8,0.05,3366.0
2025-08-06,2610,17406568.0,365605860.0,20.8,21.1,20.8,21.05,0.25,6412.0
2025-08-07,2610,13034538.0,271699801.0,21.05,21.1,20.75,20.75,-0.3,4439.0
2025-08-08,2610,11468282.0,240100451.0,20.75,21.0,20.75,20.95,0.2,3387.0
2025-08-11,2610,32373677.0,684403996.0,21.2,21.45,20.95,20.95,0.0,8511.0
2025-08-12,2610,10748651.0,225852149.0,20.95,21.15,20.9,20.9,-0.05,3505.0
2025-08-13,2610,20909704.0,440874022.0,21.1,21.2,20.95,21.1,0.2,4907.0
2025-08-14,2610,24241365.0,516237707.0,21.15,21.4,21.15,21.4,0.3,7454.0
2025-08-15,2610,10369649.0,220396585.0,21.4,21.4,21.15,21.3,-0.1,3588.0
2025-08-18,2610,19726998.0,422520511.0,21.4,21.6,21.25,21.5,0.2,5540.0
2025-08-19,2610,15633044.0,331570803.0,21.4,21.4,21.1,21.15,-0.35,5609.0
2025-08-20,2610,22902052.0,479657074.0,21.2,21.2,20.8,20.85,-0.3,5931.0
2025-08-21,2610,37265795.0,797910581.0,21.0,21.65,20.95,21.6,0.75,10023.0
2025-08-22,2610,10642094.0,227933091.0,21.6,21.65,21.3,21.35,-0.25,3732.0
2025-08-25,2610,15365319.0,330242993.0,21.5,21.6,21.3,21.55,0.2,3868.0
2025-08-26,2610,21612176.0,462151881.0,21.5,21.55,21.35,21.35,-0.2,3122.0
2025-08-27,2610,11243604.0,239917631.0,21.35,21.5,21.2,21.2,-0.15,3642.0
2025-08-28,2610,10403714.0,222137840.0,21.25,21.55,21.15,21.25,0.05,3515.0
2025-08-29,2610,14132759.0,299775189.0,21.3,21.35,21.1,21.2,-0.05,3714.0
2025-09-01,2610,7126975.0,151212069.0,21.25,21.4,21.1,21.15,-0.05,2721.0
2025-09-02,2610,17013095.0,365708183.0,21.3,21.65,21.2,21.55,0.4,5006.0
2025-09-03,2610,7876534.0,169103858.0,21.55,21.6,21.4,21.45,-0.1,2543.0
2025-09-04,2610,22783537.0,493488666.0,21.5,21.75,21.5,21.7,0.25,6348.0
2025-09-05,2610,10818686.0,234349546.0,21.8,21.85,21.55,21.65,-0.05,3891.0
2025-09-08,2610,15261590.0,331832464.0,21.7,21.85,21.55,21.75,0.1,4409.0
2025-09-09,2610,10159125.0,220897328.0,21.8,21.9,21.65,21.8,0.05,3577.0
2025-09-10,2610,9935770.0,216181794.0,21.8,21.85,21.7,21.7,-0.1,3862.0
2025-09-11,2610,32731221.0,692681333.0,21.55,21.65,20.9,20.9,-0.8,11738.0
2025-09-12,2610,17713911.0,370483689.0,21.0,21.1,20.85,20.85,-0.05,6478.0
2025-09-15,2610,12699630.0,264217935.0,20.85,21.0,20.75,20.75,-0.1,4523.0
2025-09-16,2610,15371250.0,322055584.0,20.8,21.05,20.75,21.0,0.25,4195.0
2025-09-17,2610,24750680.0,523845034.0,21.1,21.45,20.95,20.95,-0.05,9375.0
2025-09-18,2610,12425144.0,261673575.0,21.15,21.25,20.95,21.1,0.15,3941.0
2025-09-19,2610,20007285.0,419779336.0,21.15,21.15,20.9,20.95,-0.15,6191.0
2025-09-22,2610,11341743.0,238579123.0,21.15,21.15,20.95,20.95,0.0,3245.0
2025-09-23,2610,13116434.0,274151574.0,21.0,21.0,20.8,20.95,0.0,4098.0
2025-09-24,2610,11813517.0,246400943.0,20.95,21.05,20.8,20.8,-0.15,4790.0
2025-09-25,2610,10452778.0,218213380.0,20.9,21.0,20.8,20.85,0.05,3929.0
2025-09-26,2610,13233487.0,273880357.0,20.85,20.85,20.6,20.65,-0.2,4496.0
2025-09-30,2610,12846457.0,268074895.0,20.85,21.0,20.75,20.85,0.2,3729.0
2025-10-01,2610,12539126.0,260557313.0,20.85,20.9,20.7,20.7,-0.15,4821.0
2025-10-02,2610,13246550.0,273733913.0,20.7,20.85,20.6,20.6,-0.1,4372.0
2025-10-03,2610,9536536.0,196459441.0,20.65,20.7,20.55,20.6,0.0,3606.0
2025-10-07,2610,14635060.0,301682304.0,20.6,20.75,20.45,20.6,0.0,5168.0
2025-10-08,2610,9357816.0,192654282.0,20.6,20.75,20.55,20.55,-0.05,4117.0
2025-10-09,2610,11871884.0,244271441.0,20.6,20.65,20.5,20.6,0.05,4209.0
2025-10-13,2610,23514415.0,475698094.0,20.35,20.4,20.1,20.3,-0.3,8221.0
2025-10-14,2610,35102672.0,726848114.0,20.4,21.0,20.4,20.45,0.15,8872.0
2025-10-15,2610,10481925.0,216712832.0,20.75,20.8,20.55,20.65,0.2,4632.0
2025-10-16,2610,12529940.0,260491259.0,20.8,20.95,20.7,20.7,0.05,4195.0
2025-10-17,2610,30104101.0,634906198.0,20.85,21.25,20.85,21.05,0.35,7855.0
2025-10-20,2610,11463152.0,241349216.0,21.1,21.15,21.0,21.0,-0.05,3624.0
2025-10-21,2610,9015218.0,188416905.0,21.1,21.1,20.8,20.8,-0.2,3813.0
2025-10-22,2610,7847038.0,164271324.0,20.9,21.0,20.85,20.95,0.15,2762.0
2025-10-23,2610,6759811.0,140938384.0,20.95,21.0,20.8,20.8,-0.15,2540.0
2025-10-27,2610,34381741.0,706399927.0,20.95,20.95,20.4,20.5,-0.3,10579.0
2025-10-28,2610,25834092.0,523447633.0,20.6,20.6,20.15,20.15,-0.35,9525.0
2025-10-29,2610,28473835.0,571704854.0,20.2,20.25,20.0,20.05,-0.1,9477.0
2025-10-30,2610,21805652.0,439100262.0,20.05,20.3,20.0,20.15,0.1,7247.0
2025-10-31,2610,19158682.0,384465674.0,20.25,20.3,20.0,20.0,-0.15,6536.0
2025-11-03,2610,16577589.0,332040386.0,20.15,20.15,20.0,20.0,0.0,5967.0
2025-11-04,2610,28347656.0,563371169.0,20.0,20.15,19.7,19.7,-0.3,10967.0
2025-11-05,2610,24604869.0,488476021.0,19.75,20.1,19.6,20.05,0.35,7983.0
2025-11-06,2610,14906169.0,298668083.0,20.1,20.15,19.95,20.0,-0.05,4714.0
2025-11-07,2610,14906224.0,297370829.0,20.05,20.15,19.8,19.8,-0.2,5657.0
2025-11-10,2610,22176629.0,437807259.0,20.0,20.05,19.65,19.65,-0.15,7553.0
2025-11-11,2610,19814522.0,391786252.0,19.9,20.0,19.65,19.65,0.0,6242.0
2025-11-12,2610,14963995.0,296768445.0,19.8,20.0,19.75,19.8,0.15,5126.0
2025-11-13,2610,20195213.0,400215463.0,19.85,20.0,19.7,19.7,-0.1,6283.0
2025-11-14,2610,21881749.0,427028280.0,19.65,19.65,19.35,19.45,-0.25,8168.0
2025-11-17,2610,27407229.0,526796756.0,19.6,19.6,19.05,19.15,-0.3,9400.0
2025-11-18,2610,29298279.0,558299675.0,19.1,19.3,18.95,18.95,-0.2,9604.0
2025-11-19,2610,26913944.0,513194402.0,19.0,19.25,18.95,19.05,0.1,12068.0
2025-11-20,2610,26901019.0,518053977.0,19.2,19.4,19.1,19.25,0.2,6020.0
2025-11-21,2610,29127751.0,558075078.0,19.15,19.35,19.05,19.05,-0.2,6166.0
2025-11-24,2610,33016061.0,629090477.0,19.15,19.25,19.0,19.0,-0.05,7267.0
2025-11-25,2610,15065307.0,288231021.0,19.1,19.2,19.05,19.2,0.2,3610.0
2025-11-26,2610,18728463.0,361997859.0,19.25,19.45,19.2,19.35,0.15,5678.0
2025-11-27,2610,13653102.0,262971248.0,19.4,19.4,19.15,19.3,-0.05,4346.0
2025-11-28,2610,10358108.0,199631792.0,19.3,19.4,19.2,19.2,-0.1,3233.0
2025-12-01,2610,20744973.0,396099611.0,19.15,19.4,19.0,19.05,-0.15,6852.0
2025-12-02,2610,30407966.0,575670547.0,19.1,19.1,18.9,18.9,-0.15,13360.0
2025-12-03,2610,29370130.0,553243263.0,18.95,19.0,18.8,18.8,-0.1,10350.0
2025-12-04,2610,22359586.0,424115082.0,18.9,19.15,18.9,18.9,0.1,6425.0
2025-12-05,2610,25661504.0,482163632.0,19.0,19.0,18.7,18.75,-0.15,10482.0
2025-12-08,2610,21695575.0,406279513.0,18.8,18.8,18.65,18.7,-0.05,7239.0
2025-12-09,2610,28077809.0,521590228.0,18.75,18.75,18.5,18.6,-0.1,10681.0
2025-12-10,2610,33484054.0,629349058.0,18.65,18.95,18.5,18.9,0.3,9620.0
2025-12-11,2610,45459162.0,872516458.0,18.95,19.4,18.85,19.4,0.5,11352.0
2025-12-12,2610,27142549.0,526679277.0,19.45,19.55,19.3,19.45,0.05,7387.0
2025-12-15,2610,49750379.0,986629128.0,19.4,20.1,19.35,19.8,0.35,13452.0
2025-12-16,2610,29837023.0,588527337.0,19.7,19.95,19.55,19.55,-0.25,8627.0
2025-12-17,2610,25735090.0,505281608.0,19.8,19.8,19.55,19.65,0.1,6438.0
2025-12-18,2610,20736684.0,407409651.0,19.7,19.8,19.55,19.6,-0.05,4901.0
2025-12-19,2610,29892702.0,592162672.0,19.6,19.95,19.55,19.85,0.25,5997.0
2025-12-22,2610,22732280.0,453255133.0,20.0,20.05,19.85,19.95,0.1,6647.0
2025-12-23,2610,11936046.0,237612169.0,20.0,20.0,19.85,19.9,-0.05,3567.0
2025-12-24,2610,11630911.0,231626399.0,19.95,20.0,19.85,19.9,0.0,4187.0
2025-12-26,2610,25191568.0,506943776.0,19.95,20.25,19.95,20.05,0.15,6947.0
2025-12-29,2610,44204707.0,904820867.0,20.15,20.75,20.15,20.55,0.5,10274.0
2025-12-30,2610,24153611.0,488928886.0,20.45,20.5,20.1,20.2,-0.35,6931.0
2025-12-31,2610,21935408.0,445241750.0,20.35,20.5,20.2,20.2,0.0,6004.0
2026-01-02,2610,17202460.0,348868605.0,20.2,20.45,20.15,20.25,0.05,5566.0
2026-01-05,2610,37641097.0,770799029.0,20.3,20.65,20.25,20.45,0.2,9578.0
2026-01-06,2610,18663288.0,382033239.0,20.5,20.6,20.35,20.5,0.05,5989.0
2026-01-07,2610,32957863.0,682040129.0,20.5,20.8,20.4,20.75,0.25,8201.0
2026-01-08,2610,29721318.0,610658567.0,20.85,20.9,20.4,20.4,-0.35,8899.0
2026-01-09,2610,17031135.0,348419991.0,20.5,20.65,20.35,20.45,0.05,4861.0
2026-01-12,2610,21707249.0,448991457.0,20.65,20.8,20.5,20.75,0.3,6683.0
2026-01-13,2610,29777169.0,609926196.0,20.9,20.95,20.3,20.35,-0.4,8308.0
2026-01-14,2610,73903087.0,1546388276.0,20.4,21.2,20.3,21.2,0.85,16883.0
2026-01-15,2610,52768459.0,1129801125.0,21.3,21.8,21.05,21.35,0.15,15850.0
2026-01-16,2610,35343162.0,758808552.0,21.4,21.7,21.25,21.5,0.15,10273.0
2026-01-19,2610,30554696.0,653994300.0,21.45,21.55,21.25,21.45,-0.05,7537.0
2026-01-20,2610,54108002.0,1188470303.0,21.5,22.2,21.5,21.9,0.45,14012.0
2026-01-21,2610,56783875.0,1268284616.0,21.9,22.7,21.9,22.25,0.35,16943.0
2026-01-22,2610,41847217.0,949232907.0,22.8,22.95,22.45,22.7,0.45,12253.0
2026-01-23,2610,39440943.0,881893072.0,22.75,22.8,22.1,22.35,-0.35,13165.0
2026-01-26,2610,29555745.0,661636149.0,22.35,22.65,22.0,22.5,0.15,8951.0
2026-01-27,2610,49974264.0,1143073353.0,22.6,23.0,22.5,22.9,0.4,12878.0
2026-01-28,2610,46279578.0,1057997099.0,23.0,23.5,22.5,22.5,-0.4,17708.0
2026-01-29,2610,26619003.0,594685528.0,22.5,22.65,22.2,22.3,-0.2,8032.0
2026-01-30,2610,40208350.0,890136758.0,22.55,22.75,21.85,22.2,-0.1,12551.0
2026-02-02,2610,27021146.0,592535179.0,22.15,22.15,21.75,21.95,-0.25,9660.0
2026-02-03,2610,34343886.0,768616715.0,22.15,22.7,22.1,22.3,0.35,9089.0
2026-02-04,2610,25625108.0,578712540.0,22.4,22.7,22.15,22.65,0.35,7884.0
2026-02-05,2610,21760663.0,494724916.0,22.7,22.95,22.6,22.75,0.1,6657.0
2026-02-06,2610,22701905.0,512999706.0,22.75,22.75,22.4,22.65,-0.1,6508.0
2026-02-09,2610,25922093.0,590217556.0,22.75,23.0,22.6,22.8,0.15,8788.0
2026-02-10,2610,42843407.0,982895340.0,22.9,23.05,22.7,22.95,0.15,10148.0
2026-02-11,2610,37971314.0,861330540.0,22.9,23.0,22.45,22.7,-0.25,9925.0
2026-02-23,2610,73513230.0,1621929596.0,22.95,22.95,21.65,21.95,-0.75,24401.0
2026-02-24,2610,71241497.0,1523872188.0,21.8,21.8,21.2,21.3,-0.65,19459.0
2026-02-25,2610,51851519.0,1098382985.0,21.4,21.5,21.0,21.1,-0.2,13967.0
2026-02-26,2610,48482364.0,1017407732.0,21.15,21.3,20.8,21.0,-0.1,14412.0
2026-03-02,2610,86371984.0,1732776696.0,20.2,20.5,19.85,19.85,-1.15,29131.0
2026-03-03,2610,70912272.0,1373827980.0,19.7,19.75,19.2,19.25,-0.6,24035.0
2026-03-04,2610,73899048.0,1390839634.0,19.1,19.15,18.6,18.6,-0.65,28078.0
2026-03-05,2610,62961675.0,1188597022.0,19.05,19.2,18.65,18.9,0.3,16931.0
2026-03-06,2610,42379261.0,802249692.0,18.95,19.1,18.8,18.9,0.0,13178.0
2026-03-09,2610,64666964.0,1174458423.0,18.2,18.4,18.0,18.25,-0.65,23188.0
2026-03-10,2610,40654789.0,750159349.0,18.7,18.7,18.25,18.35,0.1,12632.0
2026-03-11,2610,48068617.0,912452491.0,18.55,19.15,18.5,19.0,0.65,13146.0
2026-03-12,2610,41421935.0,785707895.0,19.05,19.25,18.8,18.9,-0.1,13994.0
2026-03-13,2610,38325060.0,711052503.0,18.75,18.75,18.4,18.5,-0.4,14835.0
2026-03-16,2610,32928803.0,615879039.0,18.55,18.85,18.5,18.7,0.2,9791.0
2026-03-17,2610,30971459.0,587840035.0,18.9,19.1,18.75,19.0,0.3,8421.0
2026-03-18,2610,40795207.0,773062889.0,19.2,19.25,18.85,18.95,-0.05,10496.0
2026-03-19,2610,31375645.0,585902031.0,18.8,18.85,18.55,18.7,-0.25,9275.0
2026-03-20,2610,25163356.0,471424186.0,18.7,18.85,18.6,18.85,0.15,6813.0
2026-03-23,2610,24454097.0,454995809.0,18.6,18.8,18.4,18.55,-0.3,8246.0
2026-03-24,2610,31096597.0,585886063.0,18.8,19.05,18.7,18.75,0.2,7564.0
2026-03-25,2610,22312547.0,420739349.0,19.0,19.05,18.7,18.95,0.2,6908.0
2026-03-26,2610,14847779.0,279209111.0,18.85,18.95,18.75,18.75,-0.2,6030.0
2026-03-27,2610,23183489.0,431219725.0,18.65,18.75,18.5,18.65,-0.1,6879.0
2026-03-30,2610,21705000.0,399466742.0,18.35,18.55,18.3,18.35,-0.3,8522.0
2026-03-31,2610,38297575.0,692601785.0,18.4,18.4,17.9,17.9,-0.45,14864.0
2026-04-01,2610,22082664.0,405744528.0,18.25,18.45,18.2,18.4,0.5,6785.0
2026-04-02,2610,27696971.0,510419525.0,18.35,18.65,18.2,18.2,-0.2,6975.0
2026-04-07,2610,12870360.0,234727440.0,18.5,18.5,18.15,18.2,0.0,4662.0
2026-04-08,2610,25515741.0,473567988.0,18.65,18.75,18.4,18.55,0.35,6723.0
2026-04-09,2610,33332544.0,605700497.0,18.55,18.55,18.05,18.15,-0.4,11185.0
2026-04-10,2610,27270784.0,495261864.0,18.3,18.35,18.1,18.1,-0.05,8576.0
2026-04-13,2610,31954417.0,580355079.0,18.25,18.35,18.05,18.15,0.05,8485.0
2026-04-14,2610,36342823.0,663702009.0,18.35,18.35,18.15,18.25,0.1,9421.0
2026-04-15,2610,32343932.0,590848044.0,18.35,18.35,18.2,18.25,0.0,10444.0
2026-04-16,2610,22525389.0,412619776.0,18.3,18.4,18.25,18.35,0.1,7624.0
2026-04-17,2610,24866245.0,455300862.0,18.4,18.45,18.2,18.3,-0.05,9138.0
2026-04-20,2610,28604005.0,519273064.0,18.35,18.35,18.1,18.1,-0.2,9786.0
2026-04-21,2610,16511649.0,300149543.0,18.2,18.25,18.1,18.2,0.1,5212.0
2026-04-22,2610,17077493.0,310493852.0,18.2,18.25,18.1,18.15,-0.05,5973.0
2026-04-23,2610,46612654.0,838198685.0,18.1,18.15,17.9,17.9,-0.25,17145.0
2026-04-24,2610,20553446.0,367261562.0,18.0,18.0,17.8,17.85,-0.05,10263.0
2026-04-27,2610,25575865.0,454379275.0,17.85,17.9,17.7,17.8,-0.05,8541.0
2026-04-28,2610,23303702.0,417983956.0,17.85,18.15,17.7,18.05,0.25,7694.0
2026-04-29,2610,17857911.0,323067618.0,18.15,18.2,18.0,18.15,0.1,6441.0
2026-04-30,2610,21412281.0,384747429.0,18.15,18.15,17.9,17.9,-0.25,7480.0
2026-05-04,2610,18161723.0,327211125.0,18.0,18.1,17.9,18.0,0.1,6726.0
2026-05-05,2610,15169049.0,273987914.0,18.0,18.15,17.95,18.05,0.05,4427.0
2026-05-06,2610,20692666.0,372080942.0,18.15,18.15,17.9,17.95,-0.1,7788.0
2026-05-07,2610,51648725.0,952538984.0,18.1,18.6,18.05,18.6,0.65,13854.0
2026-05-08,2610,21303401.0,393887802.0,18.65,18.65,18.35,18.55,-0.05,6339.0
2026-05-11,2610,64895516.0,1238895120.0,18.7,19.25,18.65,19.15,0.6,15492.0
2026-05-12,2610,39446022.0,747273452.0,19.3,19.3,18.75,18.85,-0.3,11659.0
2026-05-13,2610,17942400.0,335950238.0,18.75,18.85,18.55,18.75,-0.1,5935.0
2026-05-14,2610,32297196.0,603469271.0,18.9,19.0,18.55,18.55,-0.2,9268.0
2026-05-15,2610,23304278.0,432843862.0,18.7,18.8,18.45,18.5,-0.05,7768.0
2026-05-18,2610,17927258.0,329400328.0,18.35,18.5,18.2,18.35,-0.15,5606.0
2026-05-19,2610,19955063.0,368681953.0,18.35,18.6,18.3,18.4,0.05,6850.0
2026-05-20,2610,17564098.0,321122846.0,18.4,18.5,18.2,18.2,-0.2,7473.0
2026-05-21,2610,26975421.0,503752194.0,18.45,18.85,18.4,18.7,0.5,6662.0
2026-05-22,2610,30673177.0,569900019.0,18.75,18.8,18.5,18.55,-0.15,7483.0
2026-05-25,2610,41458160.0,781842126.0,18.8,18.95,18.7,18.85,0.3,9456.0
2026-05-26,2610,33523422.0,629687226.0,19.0,19.1,18.6,18.65,-0.2,11304.0
2026-05-27,2610,49752078.0,918919965.0,18.65,18.75,18.35,18.45,-0.2,14351.0
2026-05-28,2610,62854510.0,1183317879.0,18.65,19.2,18.6,18.6,0.15,15412.0
2026-05-29,2610,314468608.0,5999530916.0,18.9,19.15,18.8,19.1,0.5,16585.0
2026-06-01,2610,75526205.0,1465581925.0,19.2,19.6,19.15,19.55,0.45,18244.0
2026-06-02,2610,47507592.0,919455459.0,19.5,19.5,19.15,19.5,-0.05,11654.0
2026-06-03,2610,55672254.0,1101874900.0,19.6,19.95,19.5,19.95,0.45,13327.0
2026-06-04,2610,45086926.0,901531053.0,19.95,20.15,19.8,19.9,-0.05,11413.0
2026-06-05,2610,49346438.0,985254272.0,19.95,20.15,19.65,19.95,0.05,10785.0
2026-06-08,2610,59519767.0,1134912473.0,19.0,19.3,18.9,19.05,-0.9,14741.0
2026-06-09,2610,64733364.0,1261023382.0,19.05,19.65,19.05,19.5,0.45,8732.0
2026-06-10,2610,40631382.0,798877263.0,19.5,19.85,19.45,19.55,0.05,9909.0
2026-06-11,2610,39002241.0,759597143.0,19.55,19.65,19.25,19.45,-0.1,8974.0
2026-06-12,2610,79303652.0,1613910136.0,19.85,20.7,19.8,20.4,0.95,21959.0
2026-06-15,2610,85921129.0,1830312011.0,21.35,21.7,20.95,21.4,1.0,22666.0
2026-06-16,2610,58891339.0,1247826587.0,21.5,21.5,20.95,21.2,-0.2,13861.0
2026-06-17,2610,152758333.0,3361849895.0,21.3,22.35,21.1,21.85,0.65,34063.0
2026-06-18,2610,100065829.0,2208675260.0,22.1,22.4,21.8,22.0,0.15,18607.0
2026-06-22,2610,56950265.0,1230825157.0,21.95,22.0,21.25,21.8,-0.2,16433.0
2026-06-23,2610,75213791.0,1671333367.0,21.95,22.6,21.75,22.3,0.5,20354.0
2026-06-24,2610,146260216.0,3375549758.0,22.6,23.6,22.25,23.25,0.95,36019.0
2026-06-25,2610,140540321.0,3410818825.0,23.8,24.75,23.7,24.2,0.95,37261.0
2026-06-26,2610,74193002.0,1755171902.0,24.2,24.25,23.1,23.2,-1.0,21984.0
2026-06-29,2610,56663975.0,1319414810.0,23.7,23.9,22.95,23.1,-0.1,15037.0
2026-06-30,2610,80188846.0,1873282221.0,23.55,23.7,22.9,23.7,0.6,16222.0
2026-07-01,2610,100025226.0,2272218409.0,23.7,23.7,22.3,22.55,-1.15,25732.0
2026-07-02,2610,59763252.0,1355431277.0,22.65,22.95,22.3,22.85,0.3,11380.0
2026-07-03,2610,40689054.0,922507970.0,22.6,22.95,22.45,22.55,-0.3,11369.0
2026-07-06,2610,29379938.0,662738746.0,22.6,22.75,22.35,22.45,-0.1,8110.0
2026-07-07,2610,53833884.0,1187635460.0,22.45,22.55,21.8,22.0,-0.45,13482.0
2026-07-08,2610,53283716.0,1186868453.0,22.1,22.95,21.9,22.05,0.05,11623.0
2026-07-09,2610,50121544.0,1072621612.0,22.0,22.0,21.2,21.4,-0.65,14768.0
2026-07-13,2610,43973194.0,928682407.0,21.0,21.45,20.9,21.05,0.45,11649.0
2026-07-14,2610,55237240.0,1123975578.0,20.85,20.9,20.1,20.4,-0.65,13271.0
2026-07-15,2610,48414558.0,1013016662.0,20.5,21.3,20.3,21.2,0.8,13927.0
2026-07-16,2610,31663490.0,663705420.0,21.15,21.45,20.8,20.9,-0.3,9986.0
2026-07-17,2610,37907575.0,784080128.0,20.75,20.9,20.35,20.75,-0.15,10326.0
2026-07-20,2610,36809973.0,765065424.0,20.75,21.0,20.5,20.95,0.2,9031.0
2026-07-21,2610,33724970.0,722140930.0,21.1,21.6,21.1,21.45,0.5,9799.0
2026-07-22,2610,37370117.0,804621259.0,21.6,22.0,21.25,21.35,-0.1,9521.0
2026-07-23,2610,39937212.0,825412590.0,21.3,21.3,20.4,20.6,-0.75,11409.0
2026-07-24,2610,20731224.0,422259995.0,20.3,20.5,20.2,20.5,-0.1,4640.0
2026-07-27,2610,34077306.0,718134375.0,20.85,21.25,20.8,21.25,0.75,9648.0
2026-07-28,2610,108306108.0,2371753630.0,21.45,22.35,21.35,21.75,0.5,24799.0
2026-07-29,2610,65660069.0,1433196278.0,22.1,22.4,21.25,21.7,-0.05,19192.0
2026-07-30,2610,36322396.0,783617240.0,21.95,21.95,21.25,21.7,0.0,8772.0
2026-07-31,2610,76786125.0,1720999793.0,22.0,22.65,21.95,22.4,0.7,18101.0
2026-08-03,2610,29518107.0,661639214.0,22.25,22.65,22.2,22.45,0.05,8106.0
2026-08-04,2610,35115668.0,784705551.0,22.2,22.6,21.9,22.45,0.0,8226.0
2026-08-05,2610,40607242.0,918309773.0,22.7,22.85,22.4,22.6,0.15,11533.0
2026-08-06,2610,23718012.0,527807974.0,22.6,22.7,22.1,22.15,-0.45,9007.0
2026-08-07,2610,30516637.0,683573250.0,22.05,22.55,22.0,22.5,0.35,7716.0
2026-08-10,2610,126311168.0,2598622316.0,21.4,21.4,20.3,20.45,-2.05,40249.0
2026-08-11,2610,56911845.0,1145574397.0,20.35,20.4,20.0,20.25,-0.2,17084.0
2026-08-12,2610,25579627.0,517768968.0,20.25,20.4,20.1,20.25,0.0,8052.0
2026-08-13,2610,36009986.0,723650578.0,20.35,20.35,20.0,20.1,-0.15,9092.0
2026-08-14,2610,41774667.0,832612670.0,20.15,20.15,19.85,19.9,-0.2,12730.0
2026-08-17,2610,24792432.0,499618632.0,19.9,20.3,19.9,20.25,0.35,7594.0
2026-08-18,2610,21925871.0,441521949.0,20.15,20.3,20.0,20.1,-0.15,6177.0
2026-08-19,2610,24474464.0,487654575.0,20.05,20.05,19.85,19.9,-0.2,7804.0
2026-08-20,2610,16135035.0,323115725.0,20.05,20.15,19.95,20.0,0.1,4384.0
2026-08-21,2610,27868101.0,564343617.0,20.15,20.5,20.0,20.4,0.4,6915.0
2026-08-24,2610,29481044.0,608536999.0,20.45,20.9,20.45,20.5,0.1,7404.0
2026-08-25,2610,27320147.0,558536731.0,20.65,20.65,20.35,20.4,-0.1,4881.0
2026-08-26,2610,39471879.0,821724946.0,20.55,20.95,20.55,20.8,0.4,9209.0
2026-08-27,2610,30842889.0,641869994.0,20.95,21.0,20.7,20.8,0.0,5022.0
2026-08-28,2610,26793622.0,547797234.0,20.65,20.65,20.3,20.35,-0.45,6474.0
2026-08-31,2610,22214855.0,450397801.0,20.3,20.5,20.1,20.25,-0.1,4817.0
2026-09-01,2610,13074092.0,265685129.0,20.25,20.4,20.25,20.35,0.1,3340.0
2026-09-02,2610,16116339.0,328148310.0,20.2,20.55,20.15,20.45,0.1,3988.0
2026-09-03,2610,17156660.0,352680432.0,20.45,20.65,20.45,20.55,0.1,4871.0
2026-09-04,2610,13363037.0,272370750.0,20.55,20.6,20.3,20.45,-0.1,4294.0
2026-09-07,2610,13861205.0,282615959.0,20.6,20.6,20.3,20.45,0.0,3842.0
2026-09-08,2610,15148183.0,311489105.0,20.45,20.65,20.35,20.6,0.15,4732.0
