date,stock_id,Trading_Volume,Trading_money,open,max,min,close,spread,Trading_turnover
2016-01-04,2745,15506.0,1133817.0,76.4,74.0,72.58,74.0,-3.28,11.0
2016-01-05,2745,14656.0,1078516.0,73.12,75.0,73.0,75.0,0.47,10.0
2016-01-06,2745,30344.0,2167530.0,73.59,72.5,69.35,71.5,-2.16,15.0
2016-01-07,2745,657.0,45694.0,71.43,69.55,69.55,69.55,-1.88,3.0
2016-01-08,2745,7100.0,493650.0,69.55,71.0,69.35,69.35,-0.02,4.0
2016-01-11,2745,0.0,0.0,69.53,0.0,0.0,0.0,0.0,0.0
2016-01-12,2745,22000.0,1479700.0,69.53,67.5,66.6,67.5,-2.27,8.0
2016-01-13,2745,0.0,0.0,67.26,0.0,0.0,0.0,0.0,0.0
2016-01-14,2745,7000.0,466300.0,67.26,67.3,66.5,66.5,-0.65,4.0
2016-01-15,2745,6000.0,391350.0,66.61,65.25,65.2,65.2,-1.38,3.0
2016-01-18,2745,57.0,3591.0,65.23,63.0,63.0,63.0,-2.23,1.0
2016-01-19,2745,8000.0,507200.0,63.0,64.0,62.7,64.0,0.4,8.0
2016-01-20,2745,5000.0,321500.0,63.4,64.5,64.0,64.0,0.9,3.0
2016-01-21,2745,100.0,6500.0,64.3,65.0,65.0,65.0,0.7,1.0
2016-01-22,2745,7000.0,446900.0,65.0,64.4,63.5,64.0,-1.16,3.0
2016-01-25,2745,0.0,0.0,63.84,0.0,0.0,0.0,0.0,0.0
2016-01-26,2745,12015.0,753937.0,63.84,63.0,62.5,62.5,-1.09,6.0
2016-01-27,2745,9803.0,613286.0,62.75,63.0,62.0,62.0,-0.19,9.0
2016-01-28,2745,0.0,0.0,62.56,0.0,0.0,0.0,0.0,0.0
2016-01-29,2745,2000.0,123550.0,62.56,62.0,61.55,62.0,-0.78,2.0
2016-01-30,2745,33115.0,2070960.0,61.78,64.0,62.0,64.0,0.76,17.0
2016-02-01,2745,3000.0,192000.0,62.54,64.0,64.0,64.0,1.46,3.0
2016-02-02,2745,0.0,0.0,64.0,0.0,0.0,0.0,0.0,0.0
2016-02-03,2745,2000.0,128800.0,64.0,66.0,62.8,66.0,0.4,2.0
2016-02-15,2745,0.0,0.0,64.4,0.0,0.0,0.0,0.0,0.0
2016-02-16,2745,100.0,6600.0,64.4,66.0,66.0,66.0,1.6,1.0
2016-02-17,2745,0.0,0.0,66.0,0.0,0.0,0.0,0.0,0.0
2016-02-18,2745,2004.0,126264.0,66.0,66.0,63.0,66.0,-2.99,2.0
2016-02-19,2745,1357.0,89379.0,63.01,66.0,62.8,62.8,2.86,4.0
2016-02-22,2745,1000.0,66000.0,65.87,66.0,66.0,66.0,0.13,1.0
2016-02-23,2745,0.0,0.0,66.0,0.0,0.0,0.0,0.0,0.0
2016-02-24,2745,0.0,0.0,66.0,0.0,0.0,0.0,0.0,0.0
2016-02-25,2745,6000.0,382000.0,66.0,64.0,63.0,63.0,-2.33,4.0
2016-02-26,2745,2000.0,126000.0,63.67,63.0,63.0,63.0,-0.67,1.0
2016-03-01,2745,16000.0,1013400.0,63.0,64.0,62.8,64.0,0.34,8.0
2016-03-02,2745,17000.0,1078400.0,63.34,64.3,62.8,63.5,0.1,10.0
2016-03-03,2745,0.0,0.0,63.44,0.0,0.0,0.0,0.0,0.0
2016-03-04,2745,46358.0,2929046.0,63.44,64.0,62.0,63.0,-0.26,20.0
2016-03-07,2745,9186.0,571646.0,63.18,64.0,61.0,63.5,-0.95,9.0
2016-03-08,2745,47500.0,3020650.0,62.23,64.0,63.0,64.0,1.36,21.0
2016-03-09,2745,37000.0,2344400.0,63.59,63.9,62.0,63.5,-0.23,16.0
2016-03-10,2745,17550.0,1092600.0,63.36,63.5,61.0,63.0,-1.1,10.0
2016-03-11,2745,34057.0,2083537.0,62.26,62.9,60.0,62.5,-1.08,24.0
2016-03-14,2745,65500.0,3976100.0,61.18,62.8,59.2,61.0,-0.48,33.0
2016-03-15,2745,31000.0,1863500.0,60.7,60.7,59.7,59.8,-0.59,15.0
2016-03-16,2745,186799.0,11201140.0,60.11,61.9,58.0,61.0,-0.15,65.0
2016-03-17,2745,79229.0,4954223.0,59.96,65.5,60.0,65.5,2.57,60.0
2016-03-18,2745,153278.0,9906352.0,62.53,70.0,62.7,69.45,2.1,75.0
2016-03-21,2745,110133.0,7679957.0,64.63,71.5,68.5,70.0,5.1,68.0
2016-03-22,2745,36958.0,2482955.0,69.73,70.5,64.0,64.9,-2.55,33.0
2016-03-23,2745,29606.0,1918769.0,67.18,66.7,63.1,65.5,-2.37,24.0
2016-03-24,2745,109855.0,7040967.0,64.81,66.8,60.5,64.5,-0.72,61.0
2016-03-25,2745,58408.0,3825497.0,64.09,66.5,64.45,65.99,1.41,40.0
2016-03-28,2745,208476.0,12772698.0,65.5,65.99,59.51,60.5,-4.23,101.0
2016-03-29,2745,117003.0,6654152.0,61.27,59.51,54.2,57.3,-4.4,73.0
2016-03-30,2745,48328.0,2901595.0,56.87,61.99,58.48,61.99,3.17,24.0
2016-03-31,2745,3000.0,181510.0,60.04,60.51,60.5,60.5,0.46,2.0
2016-04-01,2745,74200.0,4735920.0,60.5,64.99,62.0,63.0,3.33,31.0
2016-04-06,2745,48215.0,3099710.0,63.83,64.98,62.01,64.0,0.46,23.0
2016-04-07,2745,78000.0,5008260.0,64.29,64.5,63.0,64.0,-0.08,31.0
2016-04-08,2745,76000.0,4865500.0,64.21,65.0,62.52,64.3,-0.19,23.0
2016-04-11,2745,5000.0,322450.0,64.02,64.49,64.49,64.49,0.47,1.0
2016-04-12,2745,1000.0,62020.0,64.49,62.02,62.02,62.02,-2.47,1.0
2016-04-13,2745,20210.0,1264279.0,62.02,63.99,62.0,63.99,0.54,11.0
2016-04-14,2745,60567.0,3859994.0,62.56,64.48,62.01,63.5,1.17,20.0
2016-04-15,2745,59115.0,3786306.0,63.73,64.49,62.53,63.01,0.32,18.0
2016-04-18,2745,40000.0,2564530.0,64.05,64.48,63.0,64.48,0.06,13.0
2016-04-19,2745,44000.0,2816100.0,64.11,64.48,62.01,62.01,-0.11,12.0
2016-04-20,2745,6000.0,377010.0,64.0,63.0,62.01,63.0,-1.16,2.0
2016-04-21,2745,0.0,0.0,62.84,0.0,0.0,0.0,0.0,0.0
2016-04-22,2745,1000.0,62000.0,62.84,62.0,62.0,62.0,-0.84,1.0
2016-04-25,2745,3000.0,186000.0,62.0,62.0,62.0,62.0,0.0,2.0
2016-04-26,2745,4400.0,264015.0,62.0,60.3,60.0,60.0,-2.0,4.0
2016-04-27,2745,0.0,0.0,60.0,0.0,0.0,0.0,0.0,0.0
2016-04-28,2745,0.0,0.0,60.0,0.0,0.0,0.0,0.0,0.0
2016-04-29,2745,1.0,62.0,60.0,62.49,62.49,62.49,2.49,1.0
2016-05-03,2745,10.0,624.0,62.49,62.49,62.49,62.49,0.0,1.0
2016-05-04,2745,0.0,0.0,62.49,0.0,0.0,0.0,0.0,0.0
2016-05-05,2745,0.0,0.0,62.49,0.0,0.0,0.0,0.0,0.0
2016-05-06,2745,1010.0,61824.0,62.49,62.49,61.2,62.49,-1.28,2.0
2016-05-09,2745,157.0,9649.0,61.21,62.49,59.66,62.49,0.25,2.0
2016-05-10,2745,2010.0,120620.0,61.46,62.0,60.0,62.0,-1.45,3.0
2016-05-11,2745,2001.0,120561.0,60.01,61.99,60.0,61.99,0.24,3.0
2016-05-12,2745,0.0,0.0,60.25,0.0,0.0,0.0,0.0,0.0
2016-05-13,2745,0.0,0.0,60.25,0.0,0.0,0.0,0.0,0.0
2016-05-16,2745,2115.0,125842.0,60.25,59.5,59.5,59.5,-0.75,2.0
2016-05-17,2745,1010.0,59108.0,59.5,59.8,58.51,59.8,-0.98,2.0
2016-05-18,2745,4250.0,253550.0,58.52,59.8,59.5,59.5,1.14,3.0
2016-05-19,2745,1.0,60.0,59.66,60.39,60.39,60.39,0.73,1.0
2016-05-20,2745,0.0,0.0,60.39,0.0,0.0,0.0,0.0,0.0
2016-05-23,2745,14000.0,841950.0,60.39,60.39,60.0,60.0,-0.25,7.0
2016-05-24,2745,0.0,0.0,60.14,0.0,0.0,0.0,0.0,0.0
2016-05-25,2745,0.0,0.0,60.14,0.0,0.0,0.0,0.0,0.0
2016-05-26,2745,2000.0,120380.0,60.14,60.19,60.19,60.19,0.05,1.0
2016-05-27,2745,2000.0,120360.0,60.19,60.18,60.18,60.18,-0.01,1.0
2016-05-30,2745,0.0,0.0,60.18,0.0,0.0,0.0,0.0,0.0
2016-05-31,2745,0.0,0.0,60.18,0.0,0.0,0.0,0.0,0.0
2016-06-01,2745,29.0,1715.0,60.18,60.18,59.11,60.18,-1.03,2.0
2016-06-02,2745,1001.0,59170.0,59.15,60.18,59.11,60.18,-0.04,2.0
2016-06-03,2745,0.0,0.0,59.11,0.0,0.0,0.0,0.0,0.0
2016-06-04,2745,2000.0,120360.0,59.11,60.18,60.18,60.18,1.07,1.0
2016-06-06,2745,0.0,0.0,60.18,0.0,0.0,0.0,0.0,0.0
2016-06-07,2745,0.0,0.0,60.18,0.0,0.0,0.0,0.0,0.0
2016-06-08,2745,975.0,58685.0,60.18,60.19,60.19,60.19,0.01,2.0
2016-06-13,2745,0.0,0.0,60.19,0.0,0.0,0.0,0.0,0.0
2016-06-14,2745,0.0,0.0,60.19,0.0,0.0,0.0,0.0,0.0
2016-06-15,2745,0.0,0.0,60.19,0.0,0.0,0.0,0.0,0.0
2016-06-16,2745,1301.0,74823.0,60.19,60.19,57.51,60.19,-2.68,3.0
2016-06-17,2745,12000.0,689430.0,57.51,57.51,57.29,57.51,-0.06,6.0
2016-06-20,2745,3000.0,171900.0,57.45,57.45,57.0,57.45,-0.15,2.0
2016-06-21,2745,1005.0,57040.0,57.3,58.0,56.75,56.75,-0.54,2.0
2016-06-22,2745,10414.0,585681.0,56.76,56.5,56.05,56.49,-0.52,7.0
2016-06-23,2745,0.0,0.0,56.24,0.0,0.0,0.0,0.0,0.0
2016-06-24,2745,1060.0,58416.0,56.24,55.11,55.11,55.11,-1.13,2.0
2016-06-27,2745,0.0,0.0,55.11,0.0,0.0,0.0,0.0,0.0
2016-06-28,2745,4000.0,222220.0,55.11,56.0,55.11,56.0,0.45,2.0
2016-06-29,2745,0.0,0.0,55.56,0.0,0.0,0.0,0.0,0.0
2016-06-30,2745,0.0,0.0,55.56,0.0,0.0,0.0,0.0,0.0
2016-07-01,2745,1000.0,54160.0,55.56,54.16,54.16,54.16,-1.4,1.0
2016-07-04,2745,19000.0,1014960.0,54.16,54.16,52.0,53.0,-0.74,8.0
2016-07-05,2745,1000.0,54490.0,53.42,54.49,54.49,54.49,1.07,1.0
2016-07-06,2745,0.0,0.0,54.49,0.0,0.0,0.0,0.0,0.0
2016-07-07,2745,0.0,0.0,54.49,0.0,0.0,0.0,0.0,0.0
2016-07-11,2745,0.0,0.0,54.49,0.0,0.0,0.0,0.0,0.0
2016-07-12,2745,6000.0,312900.0,54.49,52.5,51.8,52.5,-2.34,4.0
2016-07-13,2745,8261.0,430291.0,52.15,52.45,51.5,52.0,-0.06,7.0
2016-07-14,2745,5000.0,259310.0,52.09,52.09,51.71,52.09,-0.23,2.0
2016-07-15,2745,3000.0,156000.0,51.86,52.0,52.0,52.0,0.14,1.0
2016-07-18,2745,0.0,0.0,52.0,0.0,0.0,0.0,0.0,0.0
2016-07-19,2745,0.0,0.0,52.0,0.0,0.0,0.0,0.0,0.0
2016-07-20,2745,7000.0,352550.0,52.0,50.8,50.25,50.8,-1.64,4.0
2016-07-21,2745,8000.0,403200.0,50.36,50.8,50.0,50.0,0.04,7.0
2016-07-22,2745,8000.0,400700.0,50.4,50.5,49.9,49.9,-0.31,4.0
2016-07-25,2745,0.0,0.0,50.09,0.0,0.0,0.0,0.0,0.0
2016-07-26,2745,3000.0,149550.0,50.09,49.85,49.85,49.85,-0.24,2.0
2016-07-27,2745,10528.0,506161.0,49.85,48.45,47.79,47.9,-1.77,6.0
2016-07-28,2745,0.0,0.0,48.08,0.0,0.0,0.0,0.0,0.0
2016-07-29,2745,6006.0,280783.0,48.08,47.19,46.5,47.19,-1.33,4.0
2016-08-01,2745,4204.0,194010.0,46.75,46.5,46.03,46.03,-0.6,4.0
2016-08-02,2745,6000.0,276390.0,46.15,46.15,46.0,46.15,-0.08,5.0
2016-08-03,2745,0.0,0.0,46.07,0.0,0.0,0.0,0.0,0.0
2016-08-04,2745,0.0,0.0,46.07,0.0,0.0,0.0,0.0,0.0
2016-08-05,2745,19028.0,832437.0,46.07,44.65,42.75,42.75,-2.32,12.0
2016-08-08,2745,6000.0,257070.0,43.75,42.89,42.8,42.89,-0.9,3.0
2016-08-09,2745,0.0,0.0,42.85,0.0,0.0,0.0,0.0,0.0
2016-08-10,2745,1250.0,55000.0,42.85,44.0,44.0,44.0,1.15,3.0
2016-08-11,2745,55.0,2420.0,44.0,44.0,44.0,44.0,0.0,1.0
2016-08-12,2745,2250.0,95625.0,44.0,42.5,42.5,42.5,-1.5,2.0
2016-08-15,2745,2000.0,84000.0,42.5,42.0,42.0,42.0,-0.5,2.0
2016-08-16,2745,2182.0,90585.0,42.0,41.9,39.9,41.9,-0.48,7.0
2016-08-17,2745,0.0,0.0,41.52,0.0,0.0,0.0,0.0,0.0
2016-08-18,2745,11144.0,444184.0,41.52,41.5,39.71,41.5,-1.66,6.0
2016-08-19,2745,2102.0,83933.0,39.86,41.69,39.7,41.69,0.07,4.0
2016-08-22,2745,20.0,833.0,39.93,41.69,41.69,41.69,1.76,1.0
2016-08-23,2745,1002.0,39791.0,41.69,40.99,39.71,40.99,-1.98,2.0
2016-08-24,2745,2.0,81.0,39.71,40.99,40.99,40.99,1.28,1.0
2016-08-25,2745,0.0,0.0,40.99,0.0,0.0,0.0,0.0,0.0
2016-08-26,2745,0.0,0.0,40.99,0.0,0.0,0.0,0.0,0.0
2016-08-29,2745,0.0,0.0,40.99,0.0,0.0,0.0,0.0,0.0
2016-08-30,2745,0.0,0.0,40.99,0.0,0.0,0.0,0.0,0.0
2016-08-31,2745,21508.0,830933.0,40.99,39.58,38.0,38.0,-2.36,11.0
2016-09-01,2745,5.0,192.0,38.63,38.5,38.5,38.5,-0.13,1.0
2016-09-02,2745,10078.0,370894.0,38.5,38.4,36.59,36.59,-1.7,8.0
2016-09-05,2745,10.0,384.0,36.8,38.4,38.4,38.4,1.6,1.0
2016-09-06,2745,0.0,0.0,38.4,0.0,0.0,0.0,0.0,0.0
2016-09-07,2745,1000.0,38440.0,38.4,38.44,38.44,38.44,0.04,1.0
2016-09-08,2745,9306.0,340125.0,38.44,36.61,35.15,35.15,-1.89,5.0
2016-09-09,2745,0.0,0.0,36.55,0.0,0.0,0.0,0.0,0.0
2016-09-10,2745,0.0,0.0,36.55,0.0,0.0,0.0,0.0,0.0
2016-09-12,2745,0.0,0.0,36.55,0.0,0.0,0.0,0.0,0.0
2016-09-13,2745,0.0,0.0,36.55,0.0,0.0,0.0,0.0,0.0
2016-09-14,2745,6000.0,209760.0,36.55,35.0,34.92,35.0,-1.59,3.0
2016-09-19,2745,13000.0,447550.0,34.96,35.0,34.0,35.0,-0.53,5.0
2016-09-20,2745,0.0,0.0,34.43,0.0,0.0,0.0,0.0,0.0
2016-09-21,2745,1000.0,34390.0,34.43,34.39,34.39,34.39,-0.04,1.0
2016-09-22,2745,3000.0,100400.0,34.39,33.8,32.8,33.8,-0.92,2.0
2016-09-23,2745,1.0,32.0,33.47,32.9,32.9,32.9,-0.57,1.0
2016-09-26,2745,15000.0,487630.0,32.9,33.1,32.0,32.39,-0.39,8.0
2016-09-29,2745,0.0,0.0,32.51,0.0,0.0,0.0,0.0,0.0
2016-09-30,2745,3000.0,96870.0,32.51,32.29,32.29,32.29,-0.22,2.0
2016-10-03,2745,28.0,896.0,32.29,32.0,32.0,32.0,-0.29,1.0
2016-10-04,2745,0.0,0.0,32.0,0.0,0.0,0.0,0.0,0.0
2016-10-05,2745,1100.0,35315.0,32.0,33.15,32.0,33.15,0.1,2.0
2016-10-06,2745,2000.0,66300.0,32.1,33.15,33.15,33.15,1.05,2.0
2016-10-07,2745,1028.0,32896.0,33.15,32.0,32.0,32.0,-1.15,2.0
2016-10-11,2745,15000.0,473170.0,32.0,32.5,31.35,31.5,-0.46,5.0
2016-10-12,2745,0.0,0.0,31.54,0.0,0.0,0.0,0.0,0.0
2016-10-13,2745,7000.0,210520.0,31.54,30.12,30.02,30.1,-1.47,4.0
2016-10-14,2745,114702.0,2810871.0,30.07,28.69,22.23,25.04,-5.56,58.0
2016-10-17,2745,25401.0,617625.0,24.51,25.0,24.0,25.0,-0.2,12.0
2016-10-18,2745,1963.0,46817.0,24.31,23.85,23.85,23.85,-0.46,4.0
2016-10-19,2745,1.0,25.0,23.85,25.0,25.0,25.0,1.15,1.0
2016-10-20,2745,92876.0,2317256.0,25.0,25.0,24.5,25.0,-0.05,11.0
2016-10-21,2745,10001.0,248824.0,24.95,25.0,24.6,25.0,-0.07,5.0
2016-10-24,2745,7000.0,174300.0,24.88,25.0,24.5,24.8,0.02,4.0
2016-10-25,2745,0.0,0.0,24.9,0.0,0.0,0.0,0.0,0.0
2016-10-26,2745,0.0,0.0,24.9,0.0,0.0,0.0,0.0,0.0
2016-10-27,2745,1000.0,25150.0,24.9,25.15,25.15,25.15,0.25,1.0
2016-10-28,2745,1000.0,25150.0,25.15,25.15,25.15,25.15,0.0,1.0
2016-10-31,2745,0.0,0.0,25.15,0.0,0.0,0.0,0.0,0.0
2016-11-01,2745,3000.0,75450.0,25.15,25.15,25.15,25.15,0.0,1.0
2016-11-02,2745,8198.0,206519.0,25.15,25.26,24.95,25.15,0.04,7.0
2016-11-03,2745,12000.0,303500.0,25.19,25.5,25.0,25.5,0.1,5.0
2016-11-04,2745,92.0,2387.0,25.29,25.95,25.95,25.95,0.66,4.0
2016-11-07,2745,1000.0,24900.0,25.95,24.9,24.9,24.9,-1.05,1.0
2016-11-08,2745,2000.0,51900.0,24.9,25.95,25.95,25.95,1.05,2.0
2016-11-09,2745,10028.0,252091.0,25.95,25.5,24.7,25.0,-0.81,11.0
2016-11-10,2745,1000.0,26200.0,25.14,26.2,26.2,26.2,1.06,1.0
2016-11-11,2745,0.0,0.0,26.2,0.0,0.0,0.0,0.0,0.0
2016-11-14,2745,1000.0,26200.0,26.2,26.2,26.2,26.2,0.0,1.0
2016-11-15,2745,0.0,0.0,26.2,0.0,0.0,0.0,0.0,0.0
2016-11-16,2745,0.0,0.0,26.2,0.0,0.0,0.0,0.0,0.0
2016-11-17,2745,3000.0,75420.0,26.2,25.14,25.14,25.14,-1.06,1.0
2016-11-18,2745,0.0,0.0,25.14,0.0,0.0,0.0,0.0,0.0
2016-11-21,2745,0.0,0.0,25.14,0.0,0.0,0.0,0.0,0.0
2016-11-22,2745,1.0,26.0,25.14,26.2,26.2,26.2,1.06,1.0
2016-11-23,2745,0.0,0.0,26.2,0.0,0.0,0.0,0.0,0.0
2016-11-24,2745,17028.0,426570.0,26.2,25.5,24.89,25.0,-1.15,7.0
2016-11-25,2745,0.0,0.0,25.05,0.0,0.0,0.0,0.0,0.0
2016-11-28,2745,0.0,0.0,25.05,0.0,0.0,0.0,0.0,0.0
2016-11-29,2745,10.0,257.0,25.05,25.78,25.78,25.78,0.73,1.0
2016-11-30,2745,0.0,0.0,25.78,0.0,0.0,0.0,0.0,0.0
2016-12-01,2745,0.0,0.0,25.78,0.0,0.0,0.0,0.0,0.0
2016-12-02,2745,3000.0,77340.0,25.78,25.78,25.78,25.78,0.0,1.0
2016-12-05,2745,1000.0,25270.0,25.78,25.27,25.27,25.27,-0.51,1.0
2016-12-06,2745,12600.0,312200.0,25.27,25.5,24.04,24.04,-0.49,8.0
2016-12-07,2745,33000.0,806320.0,24.78,25.78,23.7,25.5,-0.35,15.0
2016-12-08,2745,15000.0,374370.0,24.43,25.0,24.89,24.9,0.53,6.0
2016-12-09,2745,14000.0,342940.0,24.96,25.0,24.2,24.55,-0.46,6.0
2016-12-12,2745,3000.0,73800.0,24.5,24.6,24.6,24.6,0.1,1.0
2016-12-13,2745,102.0,2560.0,24.6,25.1,25.1,25.1,0.5,1.0
2016-12-14,2745,5000.0,121250.0,25.1,24.8,24.0,24.4,-0.85,4.0
2016-12-15,2745,0.0,0.0,24.25,0.0,0.0,0.0,0.0,0.0
2016-12-16,2745,0.0,0.0,24.25,0.0,0.0,0.0,0.0,0.0
2016-12-19,2745,0.0,0.0,24.25,0.0,0.0,0.0,0.0,0.0
2016-12-20,2745,0.0,0.0,24.25,0.0,0.0,0.0,0.0,0.0
2016-12-21,2745,0.0,0.0,24.25,0.0,0.0,0.0,0.0,0.0
2016-12-22,2745,3000.0,75150.0,24.25,25.05,25.05,25.05,0.8,2.0
2016-12-23,2745,32000.0,818410.0,25.05,26.1,25.0,26.0,0.53,14.0
2016-12-26,2745,17000.0,430600.0,25.58,25.6,25.0,25.5,-0.25,7.0
2016-12-27,2745,0.0,0.0,25.33,0.0,0.0,0.0,0.0,0.0
2016-12-28,2745,28500.0,682145.0,25.33,24.51,22.66,24.21,-1.4,13.0
2016-12-29,2745,0.0,0.0,23.93,0.0,0.0,0.0,0.0,0.0
2016-12-30,2745,1000.0,25000.0,23.93,25.0,25.0,25.0,1.07,1.0
2017-01-03,2745,0.0,0.0,25.0,0.0,0.0,0.0,0.0,0.0
2017-01-04,2745,15000.0,376380.0,25.0,25.26,25.0,25.0,0.09,5.0
2017-01-05,2745,2093.0,51906.0,25.09,24.8,24.8,24.8,-0.29,2.0
2017-01-06,2745,4000.0,97490.0,24.8,24.8,24.23,24.8,-0.43,2.0
2017-01-09,2745,0.0,0.0,24.37,0.0,0.0,0.0,0.0,0.0
2017-01-10,2745,0.0,0.0,24.37,0.0,0.0,0.0,0.0,0.0
2017-01-11,2745,0.0,0.0,24.37,0.0,0.0,0.0,0.0,0.0
2017-01-12,2745,2000.0,48400.0,24.37,24.3,24.1,24.3,-0.17,2.0
2017-01-13,2745,0.0,0.0,24.2,0.0,0.0,0.0,0.0,0.0
2017-01-16,2745,0.0,0.0,24.2,0.0,0.0,0.0,0.0,0.0
2017-01-17,2745,0.0,0.0,24.2,0.0,0.0,0.0,0.0,0.0
2017-01-18,2745,0.0,0.0,24.2,0.0,0.0,0.0,0.0,0.0
2017-01-19,2745,0.0,0.0,24.2,0.0,0.0,0.0,0.0,0.0
2017-01-20,2745,0.0,0.0,24.2,0.0,0.0,0.0,0.0,0.0
2017-01-23,2745,0.0,0.0,24.2,0.0,0.0,0.0,0.0,0.0
2017-01-24,2745,0.0,0.0,24.2,0.0,0.0,0.0,0.0,0.0
2017-02-02,2745,14000.0,352310.0,24.2,25.31,25.0,25.2,0.97,7.0
2017-02-03,2745,1000.0,25000.0,25.17,25.0,25.0,25.0,-0.17,1.0
2017-02-06,2745,2200.0,55470.0,25.0,26.2,25.0,25.3,0.21,4.0
2017-02-07,2745,11902.0,300230.0,25.21,25.5,25.0,25.2,0.02,8.0
2017-02-08,2745,0.0,0.0,25.23,0.0,0.0,0.0,0.0,0.0
2017-02-09,2745,4000.0,100460.0,25.23,25.23,25.0,25.0,-0.11,3.0
2017-02-10,2745,1000.0,24800.0,25.12,24.8,24.8,24.8,-0.32,1.0
2017-02-13,2745,0.0,0.0,24.8,0.0,0.0,0.0,0.0,0.0
2017-02-14,2745,0.0,0.0,24.8,0.0,0.0,0.0,0.0,0.0
2017-02-15,2745,0.0,0.0,24.8,0.0,0.0,0.0,0.0,0.0
2017-02-16,2745,1000.0,24800.0,24.8,24.8,24.8,24.8,0.0,1.0
2017-02-17,2745,1000.0,24710.0,24.8,24.71,24.71,24.71,-0.09,1.0
2017-02-18,2745,0.0,0.0,24.71,0.0,0.0,0.0,0.0,0.0
2017-02-20,2745,0.0,0.0,24.71,0.0,0.0,0.0,0.0,0.0
2017-02-21,2745,0.0,0.0,24.71,0.0,0.0,0.0,0.0,0.0
2017-02-22,2745,19000.0,480500.0,24.71,26.0,25.0,26.0,0.58,5.0
2017-02-23,2745,0.0,0.0,25.29,0.0,0.0,0.0,0.0,0.0
2017-02-24,2745,0.0,0.0,25.29,0.0,0.0,0.0,0.0,0.0
2017-03-01,2745,2000.0,49400.0,25.29,24.7,24.7,24.7,-0.59,1.0
2017-03-02,2745,9100.0,226578.0,24.7,25.78,24.5,25.78,0.2,5.0
2017-03-03,2745,100.0,2578.0,24.9,25.78,25.78,25.78,0.88,1.0
2017-03-06,2745,6000.0,149100.0,25.78,25.0,24.7,25.0,-0.93,2.0
2017-03-07,2745,2000.0,51000.0,24.85,25.5,25.5,25.5,0.65,2.0
2017-03-08,2745,0.0,0.0,25.5,0.0,0.0,0.0,0.0,0.0
2017-03-09,2745,100.0,2461.0,25.5,24.61,24.61,24.61,-0.89,1.0
2017-03-10,2745,3000.0,73830.0,24.61,24.61,24.61,24.61,0.0,2.0
2017-03-13,2745,19000.0,465180.0,24.61,24.9,23.8,24.0,-0.13,8.0
2017-03-14,2745,20220.0,496110.0,24.48,25.0,24.0,25.0,0.06,14.0
2017-03-15,2745,2100.0,53550.0,24.54,25.5,25.5,25.5,0.96,2.0
2017-03-16,2745,0.0,0.0,25.5,0.0,0.0,0.0,0.0,0.0
2017-03-17,2745,6000.0,151000.0,25.5,25.5,25.0,25.0,-0.33,3.0
2017-03-20,2745,5000.0,122940.0,25.17,24.7,24.42,24.42,-0.58,2.0
2017-03-21,2745,0.0,0.0,24.59,0.0,0.0,0.0,0.0,0.0
2017-03-22,2745,1100.0,26750.0,24.59,25.2,24.23,25.2,-0.27,2.0
2017-03-23,2745,2000.0,48460.0,24.32,24.23,24.23,24.23,-0.09,2.0
2017-03-24,2745,6142.0,150690.0,24.23,25.0,24.23,24.5,0.3,6.0
2017-03-27,2745,19000.0,461040.0,24.53,24.5,24.0,24.5,-0.26,10.0
2017-03-28,2745,3500.0,87500.0,24.27,25.0,25.0,25.0,0.73,2.0
2017-03-29,2745,17000.0,431900.0,25.0,26.0,25.0,25.5,0.41,9.0
2017-03-30,2745,40500.0,1046850.0,25.41,26.0,25.5,26.0,0.44,23.0
2017-03-31,2745,30225.0,811863.0,25.85,28.1,26.21,28.1,1.01,23.0
2017-04-05,2745,43810.0,1268251.0,26.86,31.05,27.5,31.05,2.09,25.0
2017-04-06,2745,41959.0,1283823.0,28.95,31.26,29.5,29.7,1.65,26.0
2017-04-07,2745,34350.0,1019606.0,30.6,30.52,29.3,30.0,-0.92,22.0
2017-04-10,2745,14300.0,434460.0,29.68,30.8,29.8,29.8,0.7,10.0
2017-04-11,2745,17000.0,507600.0,30.38,30.75,29.55,29.8,-0.52,8.0
2017-04-12,2745,42400.0,1208615.0,29.86,30.0,27.55,28.73,-1.35,19.0
2017-04-13,2745,1600.0,46400.0,28.51,29.0,29.0,29.0,0.49,3.0
2017-04-14,2745,1650.0,46330.0,29.0,29.3,28.0,28.0,-0.92,4.0
2017-04-17,2745,1.0,29.0,28.08,29.3,29.3,29.3,1.22,1.0
2017-04-18,2745,98250.0,2764030.0,29.3,29.0,27.08,28.5,-1.17,39.0
2017-04-19,2745,38460.0,1085709.0,28.13,29.26,27.81,29.26,0.1,20.0
2017-04-20,2745,350.0,9751.0,28.23,27.86,27.86,27.86,-0.37,1.0
2017-04-21,2745,2120.0,62434.0,27.86,29.45,29.45,29.45,1.59,3.0
2017-04-24,2745,0.0,0.0,29.45,0.0,0.0,0.0,0.0,0.0
2017-04-25,2745,70.0,2081.0,29.45,29.73,29.73,29.73,0.28,1.0
2017-04-26,2745,2000.0,59460.0,29.73,29.73,29.73,29.73,0.0,2.0
2017-04-27,2745,28.0,812.0,29.73,29.0,29.0,29.0,-0.73,1.0
2017-04-28,2745,100.0,2850.0,29.0,28.5,28.5,28.5,-0.5,1.0
2017-05-02,2745,5001.0,148679.0,28.5,29.73,29.73,29.73,1.23,3.0
2017-05-03,2745,13287.0,415626.0,29.73,31.93,30.73,31.93,1.55,14.0
2017-05-04,2745,31169.0,1015477.0,31.28,34.21,31.5,34.21,1.3,22.0
2017-05-05,2745,60310.0,2354180.0,32.58,41.3,34.5,39.33,6.45,43.0
2017-05-08,2745,43730.0,1736695.0,39.03,42.0,39.0,40.3,0.68,26.0
2017-05-09,2745,1.0,40.0,39.71,40.75,40.75,40.75,1.04,1.0
2017-05-10,2745,6010.0,235608.0,40.75,40.84,39.0,40.84,-1.55,4.0
2017-05-11,2745,12940.0,518637.0,39.2,40.84,38.81,40.0,0.88,9.0
2017-05-12,2745,19500.0,756010.0,40.08,40.0,38.0,38.5,-1.31,14.0
2017-05-15,2745,54400.0,2119500.0,38.77,40.5,38.0,40.0,0.19,28.0
2017-05-16,2745,26107.0,1039953.0,38.96,40.5,39.0,40.5,0.87,14.0
2017-05-17,2745,3000.0,117000.0,39.83,39.0,39.0,39.0,-0.83,3.0
2017-05-18,2745,6000.0,235200.0,39.0,39.4,39.0,39.0,0.2,2.0
2017-05-19,2745,0.0,0.0,39.2,0.0,0.0,0.0,0.0,0.0
2017-05-22,2745,0.0,0.0,39.2,0.0,0.0,0.0,0.0,0.0
2017-05-23,2745,2000.0,77100.0,39.2,39.5,37.6,39.5,-0.65,2.0
2017-05-24,2745,1000.0,37600.0,38.55,37.6,37.6,37.6,-0.95,1.0
2017-05-25,2745,100.0,3945.0,37.6,39.45,39.45,39.45,1.85,1.0
2017-05-26,2745,2000.0,77130.0,39.45,38.63,38.5,38.5,-0.88,2.0
2017-05-31,2745,0.0,0.0,38.57,0.0,0.0,0.0,0.0,0.0
2017-06-01,2745,100.0,3945.0,38.57,39.45,39.45,39.45,0.88,1.0
2017-06-02,2745,100.0,3945.0,39.45,39.45,39.45,39.45,0.0,1.0
2017-06-03,2745,0.0,0.0,39.45,0.0,0.0,0.0,0.0,0.0
2017-06-05,2745,3100.0,118595.0,39.45,39.45,37.6,39.45,-1.19,3.0
2017-06-06,2745,10100.0,395445.0,38.26,39.45,39.0,39.0,0.89,9.0
2017-06-07,2745,0.0,0.0,39.15,0.0,0.0,0.0,0.0,0.0
2017-06-08,2745,1313.0,49953.0,39.15,39.15,37.7,39.15,-1.1,3.0
2017-06-09,2745,0.0,0.0,38.05,0.0,0.0,0.0,0.0,0.0
2017-06-12,2745,0.0,0.0,38.05,0.0,0.0,0.0,0.0,0.0
2017-06-13,2745,0.0,0.0,38.05,0.0,0.0,0.0,0.0,0.0
2017-06-14,2745,11300.0,419485.0,38.05,38.1,35.34,35.34,-0.93,7.0
2017-06-15,2745,500.0,18500.0,37.12,37.0,37.0,37.0,-0.12,1.0
2017-06-16,2745,100.0,3710.0,37.0,37.1,37.1,37.1,0.1,1.0
2017-06-19,2745,0.0,0.0,37.1,0.0,0.0,0.0,0.0,0.0
2017-06-20,2745,5300.0,188010.0,37.1,35.7,35.3,35.7,-1.63,5.0
2017-06-21,2745,5000.0,178500.0,35.47,36.0,35.25,36.0,0.23,2.0
2017-06-22,2745,0.0,0.0,35.7,0.0,0.0,0.0,0.0,0.0
2017-06-23,2745,3000.0,110520.0,35.7,36.84,36.84,36.84,1.14,2.0
2017-06-26,2745,11320.0,421724.0,36.84,37.89,36.0,36.89,0.41,11.0
2017-06-27,2745,17040.0,670556.0,37.25,41.05,37.68,40.0,2.1,13.0
2017-06-28,2745,19107.0,762942.0,39.35,41.5,39.0,40.0,0.58,22.0
2017-06-29,2745,4130.0,164015.0,39.93,40.5,39.4,39.4,-0.22,4.0
2017-06-30,2745,6200.0,246200.0,39.71,40.0,39.4,40.0,0.0,4.0
2017-07-03,2745,9100.0,369395.0,39.71,40.95,40.4,40.5,0.88,9.0
2017-07-04,2745,5040.0,199358.0,40.59,40.85,39.25,40.85,-1.03,5.0
2017-07-05,2745,12700.0,496990.0,39.56,39.5,38.0,39.5,-0.43,10.0
2017-07-06,2745,11110.0,435700.0,39.13,40.0,38.8,38.8,0.09,7.0
2017-07-07,2745,0.0,0.0,39.22,0.0,0.0,0.0,0.0,0.0
2017-07-10,2745,21300.0,836640.0,39.22,39.5,38.95,39.3,0.06,10.0
2017-07-11,2745,3300.0,128980.0,39.28,39.28,39.0,39.0,-0.2,4.0
2017-07-12,2745,5050.0,195158.0,39.08,39.08,38.0,38.5,-0.43,8.0
2017-07-13,2745,11020.0,430437.0,38.65,39.5,38.5,39.0,0.41,9.0
2017-07-14,2745,5038.0,191757.0,39.06,39.3,37.9,37.9,-1.0,6.0
2017-07-17,2745,7000.0,264350.0,38.06,38.0,37.7,38.0,-0.3,6.0
2017-07-18,2745,500.0,19000.0,37.76,38.0,38.0,38.0,0.24,1.0
2017-07-19,2745,20964.0,790962.0,38.0,38.0,37.4,37.7,-0.27,23.0
2017-07-20,2745,18610.0,705059.0,37.73,38.4,37.7,38.25,0.16,20.0
2017-07-21,2745,17800.0,663280.0,37.89,38.25,36.34,37.0,-0.63,13.0
2017-07-24,2745,20040.0,746970.0,37.26,38.0,36.8,38.0,0.01,16.0
2017-07-25,2745,21625.0,804208.0,37.27,38.0,36.8,37.9,-0.08,20.0
2017-07-26,2745,4000.0,149000.0,37.19,37.5,37.0,37.0,0.06,3.0
2017-07-27,2745,0.0,0.0,37.25,0.0,0.0,0.0,0.0,0.0
2017-07-28,2745,40.0,1512.0,37.25,37.8,37.8,37.8,0.55,1.0
2017-07-31,2745,1380.0,52114.0,37.8,37.8,36.15,37.8,-0.04,4.0
2017-08-01,2745,6000.0,225900.0,37.76,37.8,37.5,37.5,-0.11,4.0
2017-08-02,2745,6000.0,225450.0,37.65,37.65,37.5,37.5,-0.07,5.0
2017-08-03,2745,6000.0,226350.0,37.58,37.95,37.5,37.5,0.15,3.0
2017-08-04,2745,0.0,0.0,37.73,0.0,0.0,0.0,0.0,0.0
2017-08-07,2745,13000.0,490090.0,37.73,37.98,36.7,36.7,-0.03,8.0
2017-08-08,2745,0.0,0.0,37.7,0.0,0.0,0.0,0.0,0.0
2017-08-09,2745,9010.0,341125.0,37.7,38.5,37.6,38.5,0.16,6.0
2017-08-10,2745,20510.0,781440.0,37.86,39.0,37.5,38.0,0.24,16.0
2017-08-11,2745,3010.0,114381.0,38.1,38.15,38.0,38.0,-0.1,2.0
2017-08-14,2745,2010.0,74781.0,38.0,38.15,36.25,38.15,-0.8,3.0
2017-08-15,2745,2101.0,78353.0,37.2,38.15,37.0,37.0,0.09,4.0
2017-08-16,2745,0.0,0.0,37.29,0.0,0.0,0.0,0.0,0.0
2017-08-17,2745,2000.0,75150.0,37.29,38.15,37.0,37.0,0.29,2.0
2017-08-18,2745,0.0,0.0,37.58,0.0,0.0,0.0,0.0,0.0
2017-08-21,2745,330.0,12539.0,37.58,38.0,37.98,37.98,0.42,2.0
2017-08-22,2745,1000.0,37980.0,38.0,37.98,37.98,37.98,-0.02,1.0
2017-08-23,2745,6100.0,227065.0,37.98,37.98,36.25,36.25,-0.76,3.0
2017-08-24,2745,1.0,37.0,37.22,37.9,37.9,37.9,0.68,1.0
2017-08-25,2745,11000.0,413900.0,37.9,37.9,37.0,37.6,-0.27,9.0
2017-08-28,2745,1000.0,36300.0,37.63,36.3,36.3,36.3,-1.33,1.0
2017-08-29,2745,16000.0,597100.0,36.3,38.0,36.3,37.4,1.02,12.0
2017-08-30,2745,20050.0,752395.0,37.32,37.9,37.0,37.0,0.21,18.0
2017-08-31,2745,3000.0,111600.0,37.53,37.2,37.2,37.2,-0.33,1.0
2017-09-01,2745,9160.0,342032.0,37.2,37.7,37.2,37.7,0.14,9.0
2017-09-04,2745,12000.0,448560.0,37.34,38.2,37.2,37.2,0.04,8.0
2017-09-05,2745,1000.0,36300.0,37.38,36.3,36.3,36.3,-1.08,1.0
2017-09-06,2745,201.0,7336.0,36.3,36.5,36.5,36.5,0.2,1.0
2017-09-07,2745,0.0,0.0,36.5,0.0,0.0,0.0,0.0,0.0
2017-09-08,2745,4000.0,147650.0,36.5,37.5,36.55,36.8,0.41,4.0
2017-09-11,2745,15000.0,559500.0,36.91,38.0,37.0,37.4,0.39,13.0
2017-09-12,2745,0.0,0.0,37.3,0.0,0.0,0.0,0.0,0.0
2017-09-13,2745,23000.0,856100.0,37.3,38.0,37.0,37.0,-0.08,13.0
2017-09-14,2745,18000.0,671850.0,37.22,37.5,37.22,37.4,0.11,15.0
2017-09-15,2745,2000.0,74130.0,37.33,37.33,36.8,36.8,-0.26,2.0
2017-09-18,2745,5000.0,183300.0,37.07,36.9,36.5,36.9,-0.41,5.0
2017-09-19,2745,0.0,0.0,36.66,0.0,0.0,0.0,0.0,0.0
2017-09-20,2745,13000.0,483080.0,36.66,37.85,36.66,37.0,0.5,9.0
2017-09-21,2745,8100.0,306840.0,37.16,38.4,37.5,38.4,0.72,5.0
2017-09-22,2745,3000.0,109800.0,37.88,36.6,36.6,36.6,-1.28,2.0
2017-09-25,2745,9000.0,327900.0,36.6,36.5,36.3,36.5,-0.17,4.0
2017-09-26,2745,6000.0,217950.0,36.43,36.5,36.15,36.5,-0.1,3.0
2017-09-27,2745,0.0,0.0,36.33,0.0,0.0,0.0,0.0,0.0
2017-09-28,2745,4000.0,148600.0,36.33,37.2,37.0,37.0,0.82,3.0
2017-09-29,2745,35.0,1301.0,37.15,37.9,36.2,37.9,0.02,3.0
2017-09-30,2745,2.0,74.0,37.17,37.9,36.2,37.9,-0.12,2.0
2017-10-02,2745,1010.0,36579.0,37.05,37.9,36.2,37.9,-0.83,2.0
2017-10-03,2745,15679.0,588394.0,36.22,37.9,37.0,37.5,1.31,13.0
2017-10-05,2745,34130.0,1304903.0,37.53,39.5,37.53,39.2,0.7,27.0
2017-10-06,2745,23100.0,888570.0,38.23,39.4,38.0,38.7,0.24,18.0
2017-10-11,2745,6700.0,256290.0,38.47,38.7,38.0,38.0,-0.22,5.0
2017-10-12,2745,6141.0,232304.0,38.25,38.7,37.5,38.7,-0.42,6.0
2017-10-13,2745,0.0,0.0,37.83,0.0,0.0,0.0,0.0,0.0
2017-10-16,2745,0.0,0.0,37.83,0.0,0.0,0.0,0.0,0.0
2017-10-17,2745,53503.0,2080622.0,37.83,40.5,38.0,39.0,1.06,29.0
2017-10-18,2745,10901.0,431000.0,38.89,40.0,39.25,39.9,0.65,9.0
2017-10-19,2745,21330.0,839499.0,39.54,40.4,38.7,39.5,-0.18,17.0
2017-10-20,2745,1000.0,39500.0,39.36,39.5,39.5,39.5,0.14,1.0
2017-10-23,2745,100.0,3950.0,39.5,39.5,39.5,39.5,0.0,1.0
2017-10-24,2745,0.0,0.0,39.5,0.0,0.0,0.0,0.0,0.0
2017-10-25,2745,20000.0,782000.0,39.5,39.2,39.0,39.2,-0.4,2.0
2017-10-26,2745,0.0,0.0,39.1,0.0,0.0,0.0,0.0,0.0
2017-10-27,2745,0.0,0.0,39.1,0.0,0.0,0.0,0.0,0.0
2017-10-30,2745,19000.0,756550.0,39.1,41.05,38.95,38.95,0.72,11.0
2017-10-31,2745,21920.0,812526.0,39.82,38.3,36.39,38.0,-2.75,17.0
2017-11-01,2745,1200.0,44010.0,37.07,38.1,36.39,38.1,-0.39,2.0
2017-11-02,2745,0.0,0.0,36.68,0.0,0.0,0.0,0.0,0.0
2017-11-03,2745,200.0,7620.0,36.68,38.1,38.1,38.1,1.42,1.0
2017-11-06,2745,0.0,0.0,38.1,0.0,0.0,0.0,0.0,0.0
2017-11-07,2745,100.0,3821.0,38.1,38.21,38.21,38.21,0.11,1.0
2017-11-08,2745,0.0,0.0,38.21,0.0,0.0,0.0,0.0,0.0
2017-11-09,2745,21400.0,776204.0,38.21,38.21,35.15,36.5,-1.94,10.0
2017-11-10,2745,3000.0,110400.0,36.27,36.8,36.8,36.8,0.53,3.0
2017-11-13,2745,10000.0,364500.0,36.8,37.0,36.0,37.0,-0.35,4.0
2017-11-14,2745,0.0,0.0,36.45,0.0,0.0,0.0,0.0,0.0
2017-11-15,2745,110.0,4167.0,36.45,37.89,37.89,37.89,1.44,2.0
2017-11-16,2745,11300.0,426239.0,37.89,38.0,36.0,38.0,-0.17,8.0
2017-11-17,2745,5200.0,198251.0,37.72,38.21,38.0,38.21,0.41,4.0
2017-11-20,2745,31301.0,1116626.0,38.13,37.4,34.96,36.5,-2.46,18.0
2017-11-21,2745,7050.0,256735.0,35.67,36.7,36.0,36.0,0.75,5.0
2017-11-22,2745,12000.0,435000.0,36.42,36.5,36.0,36.5,-0.17,6.0
2017-11-23,2745,1000.0,36800.0,36.25,36.8,36.8,36.8,0.55,1.0
2017-11-24,2745,6100.0,222080.0,36.8,36.8,36.0,36.8,-0.39,5.0
2017-11-27,2745,30000.0,1099200.0,36.41,36.8,36.5,36.8,0.23,13.0
2017-11-28,2745,2000.0,74000.0,36.64,37.0,37.0,37.0,0.36,1.0
2017-11-29,2745,17210.0,629136.0,37.0,37.36,35.63,37.36,-0.44,10.0
2017-11-30,2745,17355.0,618962.0,36.56,37.36,35.0,35.63,-0.9,10.0
2017-12-01,2745,6000.0,217200.0,35.66,36.2,36.2,36.2,0.54,2.0
2017-12-04,2745,0.0,0.0,36.2,0.0,0.0,0.0,0.0,0.0
2017-12-05,2745,1000.0,37360.0,36.2,37.36,37.36,37.36,1.16,1.0
2017-12-06,2745,7000.0,250200.0,37.36,36.2,35.5,36.0,-1.62,6.0
2017-12-07,2745,0.0,0.0,35.74,0.0,0.0,0.0,0.0,0.0
2017-12-08,2745,31200.0,1099770.0,35.74,36.5,34.9,34.9,-0.49,18.0
2017-12-11,2745,12200.0,413900.0,35.25,34.0,33.8,34.0,-1.32,8.0
2017-12-12,2745,3000.0,99000.0,33.93,33.0,33.0,33.0,-0.93,2.0
2017-12-13,2745,1000.0,32780.0,33.0,32.78,32.78,32.78,-0.22,1.0
2017-12-14,2745,12100.0,402450.0,32.78,34.5,33.0,33.0,0.48,9.0
2017-12-15,2745,6000.0,200130.0,33.26,33.5,33.21,33.21,0.1,3.0
2017-12-18,2745,3710.0,125772.0,33.36,34.5,33.2,34.5,0.54,4.0
2017-12-19,2745,5000.0,172000.0,33.9,34.5,34.0,34.5,0.5,4.0
2017-12-20,2745,300.0,10200.0,34.4,34.0,34.0,34.0,-0.4,1.0
2017-12-21,2745,5400.0,189154.0,34.0,35.57,34.0,34.7,1.03,5.0
2017-12-22,2745,1200.0,41114.0,35.03,35.57,34.0,35.57,-0.77,2.0
2017-12-25,2745,3150.0,107070.0,34.26,34.0,33.8,33.8,-0.27,3.0
2017-12-26,2745,12000.0,412050.0,33.99,35.0,33.85,34.0,0.35,8.0
2017-12-27,2745,6000.0,203850.0,34.34,34.0,33.95,34.0,-0.36,4.0
2017-12-28,2745,7000.0,236830.0,33.98,34.73,33.5,34.73,-0.15,4.0
2017-12-29,2745,22838.0,814698.0,33.83,37.47,34.73,37.47,1.84,19.0
2018-01-02,2745,23006.0,864824.0,35.67,39.05,37.1,37.8,1.92,19.0
2018-01-03,2745,58200.0,2235100.0,37.59,39.1,37.8,38.05,0.81,36.0
2018-01-04,2745,59639.0,2280134.0,38.4,39.4,37.5,39.4,-0.17,41.0
2018-01-05,2745,33506.0,1346481.0,38.23,41.26,39.0,39.8,1.96,25.0
2018-01-08,2745,25000.0,987530.0,40.19,40.1,39.0,39.5,-0.69,15.0
2018-01-09,2745,17000.0,664800.0,39.5,39.5,38.8,39.0,-0.39,12.0
2018-01-10,2745,8002.0,313408.0,39.11,39.5,39.0,39.45,0.06,8.0
2018-01-11,2745,9000.0,354020.0,39.17,39.5,39.0,39.17,0.17,6.0
2018-01-12,2745,9000.0,360600.0,39.34,40.2,40.0,40.0,0.73,8.0
2018-01-15,2745,12000.0,482890.0,40.07,41.0,39.55,40.0,0.17,8.0
2018-01-16,2745,11000.0,440600.0,40.24,40.5,39.5,39.5,-0.19,7.0
2018-01-17,2745,16500.0,664200.0,40.05,40.5,40.0,40.0,0.2,8.0
2018-01-18,2745,30000.0,1196950.0,40.25,40.5,39.6,40.0,-0.35,19.0
2018-01-19,2745,1050.0,41737.0,39.9,39.75,39.75,39.75,-0.15,2.0
2018-01-22,2745,8000.0,319500.0,39.75,40.5,39.75,40.0,0.19,5.0
2018-01-23,2745,3000.0,121000.0,39.94,40.5,40.0,40.0,0.39,2.0
2018-01-24,2745,2000.0,80330.0,40.33,40.33,40.0,40.0,-0.16,2.0
2018-01-25,2745,11026.0,438682.0,40.17,40.0,39.55,39.8,-0.38,9.0
2018-01-26,2745,3000.0,120000.0,39.79,40.0,40.0,40.0,0.21,3.0
2018-01-29,2745,7000.0,280400.0,40.0,40.2,39.8,39.8,0.06,6.0
2018-01-30,2745,10000.0,402510.0,40.06,40.5,39.99,40.2,0.19,8.0
2018-01-31,2745,24000.0,956250.0,40.25,40.25,39.5,39.8,-0.41,12.0
2018-02-01,2745,2000.0,81200.0,39.84,41.2,40.0,40.0,0.76,2.0
2018-02-02,2745,7000.0,278200.0,40.6,40.0,39.6,39.8,-0.86,7.0
2018-02-05,2745,10000.0,398000.0,39.74,40.0,39.6,39.8,0.06,9.0
2018-02-06,2745,10000.0,393900.0,39.8,39.8,38.5,38.5,-0.41,4.0
2018-02-07,2745,7000.0,276400.0,39.39,40.0,39.0,39.0,0.1,4.0
2018-02-08,2745,1000.0,40300.0,39.49,40.3,40.3,40.3,0.81,1.0
2018-02-09,2745,4000.0,155500.0,40.3,39.5,38.5,39.0,-1.42,3.0
2018-02-12,2745,0.0,0.0,38.88,0.0,0.0,0.0,0.0,0.0
2018-02-21,2745,0.0,0.0,38.88,0.0,0.0,0.0,0.0,0.0
2018-02-22,2745,6000.0,236000.0,38.88,40.0,39.0,40.0,0.45,6.0
2018-02-23,2745,4030.0,158515.0,39.33,39.5,39.0,39.5,0.0,5.0
2018-02-26,2745,13000.0,515700.0,39.33,40.0,39.0,39.5,0.34,8.0
2018-02-27,2745,13000.0,530700.0,39.67,41.4,40.0,41.4,1.15,11.0
2018-03-01,2745,11000.0,442100.0,40.82,41.5,39.7,40.0,-0.63,7.0
2018-03-02,2745,12000.0,481840.0,40.19,40.19,39.75,40.19,-0.04,10.0
2018-03-05,2745,46000.0,1843750.0,40.15,41.5,39.5,39.5,-0.07,28.0
2018-03-06,2745,16320.0,647440.0,40.08,39.8,39.5,39.75,-0.41,11.0
2018-03-07,2745,7000.0,277600.0,39.67,39.75,39.1,39.75,-0.01,4.0
2018-03-08,2745,21000.0,820100.0,39.66,39.3,38.7,39.3,-0.61,12.0
2018-03-09,2745,4750.0,186675.0,39.05,39.3,39.3,39.3,0.25,6.0
2018-03-12,2745,12500.0,486830.0,39.3,39.1,38.7,39.1,-0.35,9.0
2018-03-13,2745,17000.0,665200.0,38.95,39.35,39.0,39.0,0.18,6.0
2018-03-14,2745,32000.0,1248600.0,39.13,39.2,38.5,39.0,-0.11,14.0
2018-03-15,2745,91383.0,3593101.0,39.02,40.5,39.0,40.0,0.3,54.0
2018-03-16,2745,30501.0,1237881.0,39.32,41.0,39.7,40.0,1.26,24.0
2018-03-19,2745,11000.0,443500.0,40.58,40.5,40.0,40.0,-0.26,8.0
2018-03-20,2745,30050.0,1173595.0,40.32,40.0,38.5,39.9,-1.27,17.0
2018-03-21,2745,53000.0,2023880.0,39.05,38.5,37.5,38.5,-0.86,27.0
2018-03-22,2745,6000.0,229990.0,38.19,38.5,38.0,38.19,0.14,6.0
2018-03-23,2745,75000.0,2770390.0,38.33,38.0,36.5,36.5,-1.39,35.0
2018-03-26,2745,84166.0,3136046.0,36.94,38.3,37.0,37.5,0.32,23.0
2018-03-27,2745,16000.0,604000.0,37.26,38.5,37.5,37.5,0.49,4.0
2018-03-28,2745,4000.0,150750.0,37.75,37.75,37.5,37.5,-0.06,3.0
2018-03-29,2745,13000.0,490070.0,37.69,37.9,37.0,37.0,0.01,11.0
2018-03-30,2745,18000.0,673000.0,37.7,37.7,37.2,37.2,-0.31,9.0
2018-03-31,2745,27131.0,1025241.0,37.39,38.0,37.7,37.7,0.4,16.0
2018-04-02,2745,40000.0,1519100.0,37.79,38.3,37.7,38.0,0.19,11.0
2018-04-03,2745,17000.0,634150.0,37.98,38.2,36.35,36.8,-0.68,11.0
2018-04-09,2745,14000.0,534860.0,37.3,38.26,38.2,38.2,0.9,10.0
2018-04-10,2745,13000.0,496600.0,38.2,38.2,38.2,38.2,0.0,6.0
2018-04-11,2745,16000.0,610200.0,38.2,38.2,37.2,37.2,-0.06,12.0
2018-04-12,2745,18000.0,685400.0,38.14,38.2,36.5,38.0,-0.06,11.0
2018-04-13,2745,78296.0,2905663.0,38.08,38.0,36.1,36.5,-0.97,61.0
2018-04-16,2745,1171200.0,38544650.0,33.4,33.5,32.55,32.8,6.8,712.0
2018-04-17,2745,377067.0,11987323.0,32.8,32.9,30.8,31.4,-1.4,287.0
2018-04-18,2745,160300.0,5010470.0,31.4,31.65,31.0,31.1,-0.3,101.0
2018-04-19,2745,128000.0,3906800.0,31.2,31.2,30.25,30.45,-0.65,96.0
2018-04-20,2745,123000.0,3703450.0,30.45,30.45,29.8,30.1,-0.35,87.0
2018-04-23,2745,100850.0,2960804.0,30.1,30.1,29.1,29.3,-0.8,76.0
2018-04-24,2745,113000.0,3337300.0,29.45,29.8,29.4,29.5,0.2,77.0
2018-04-25,2745,74000.0,2159900.0,29.3,29.4,29.0,29.1,-0.4,41.0
2018-04-26,2745,87662.0,2546317.0,29.1,29.3,28.8,28.8,-0.3,66.0
2018-04-27,2745,73338.0,2098180.0,28.9,28.9,28.35,28.35,-0.45,52.0
2018-04-30,2745,32050.0,908067.0,28.3,28.45,28.2,28.45,0.1,28.0
2018-05-02,2745,48000.0,1375600.0,28.45,28.9,28.45,28.8,0.35,38.0
2018-05-03,2745,35009.0,1009060.0,28.95,28.95,28.7,28.95,0.15,25.0
2018-05-04,2745,28057.0,798377.0,28.9,28.9,28.25,28.75,-0.2,25.0
2018-05-07,2745,64060.0,1820260.0,28.75,28.75,28.3,28.4,-0.35,44.0
2018-05-08,2745,27000.0,764250.0,28.3,28.45,28.2,28.4,0.0,21.0
2018-05-09,2745,56000.0,1565950.0,28.2,28.2,27.7,28.1,-0.3,39.0
2018-05-10,2745,45000.0,1267450.0,28.4,28.4,28.0,28.2,0.1,27.0
2018-05-11,2745,23000.0,650850.0,28.3,28.35,28.2,28.35,0.15,17.0
2018-05-14,2745,15000.0,423200.0,28.3,28.3,28.15,28.2,-0.15,12.0
2018-05-15,2745,47000.0,1311750.0,28.1,28.1,27.8,28.1,-0.1,35.0
2018-05-16,2745,30300.0,843959.0,27.9,27.9,27.8,27.9,-0.2,19.0
2018-05-17,2745,41000.0,1147750.0,28.0,28.05,27.9,28.05,0.15,25.0
2018-05-18,2745,61000.0,1699600.0,28.0,28.3,27.7,28.3,0.25,23.0
2018-05-21,2745,49000.0,1387800.0,28.4,28.5,28.1,28.4,0.1,35.0
2018-05-22,2745,16000.0,452400.0,28.3,28.4,28.2,28.4,0.0,14.0
2018-05-23,2745,13000.0,368450.0,28.4,28.4,28.25,28.4,0.0,8.0
2018-05-24,2745,37000.0,1036000.0,28.0,28.1,27.9,27.95,-0.45,24.0
2018-05-25,2745,23000.0,643900.0,28.0,28.1,27.9,27.9,-0.05,21.0
2018-05-28,2745,18100.0,510830.0,28.4,28.4,28.0,28.1,0.2,15.0
2018-05-29,2745,49000.0,1383450.0,28.35,28.75,28.0,28.1,0.0,45.0
2018-05-30,2745,40000.0,1117700.0,28.15,28.15,27.8,28.05,-0.05,29.0
2018-05-31,2745,11000.0,309150.0,28.05,28.45,28.05,28.45,0.4,10.0
2018-06-01,2745,26000.0,729600.0,28.1,28.1,28.0,28.1,-0.35,22.0
2018-06-04,2745,17000.0,478100.0,28.1,28.3,28.1,28.3,0.2,12.0
2018-06-05,2745,172000.0,5003150.0,28.35,29.6,28.35,29.4,1.1,137.0
2018-06-06,2745,55000.0,1602650.0,29.65,29.65,29.0,29.1,-0.3,44.0
2018-06-07,2745,26000.0,752850.0,29.0,29.05,28.9,28.9,-0.2,18.0
2018-06-08,2745,21000.0,609400.0,29.0,29.15,28.95,29.15,0.25,20.0
2018-06-11,2745,25086.0,734085.0,29.7,29.7,29.1,29.15,0.0,19.0
2018-06-12,2745,60000.0,1747900.0,29.15,29.2,29.0,29.05,-0.1,30.0
2018-06-13,2745,14048.0,407192.0,29.05,29.05,28.95,28.95,-0.1,14.0
2018-06-14,2745,33000.0,953400.0,28.95,29.0,28.65,28.65,-0.3,24.0
2018-06-15,2745,28000.0,794300.0,28.6,28.75,28.25,28.75,0.1,23.0
2018-06-19,2745,11025.0,311568.0,28.1,28.5,28.1,28.5,-0.25,11.0
2018-06-20,2745,12000.0,338400.0,28.3,28.3,28.15,28.15,-0.35,10.0
2018-06-21,2745,4000.0,113250.0,28.3,28.35,28.3,28.35,0.2,3.0
2018-06-22,2745,9000.0,251700.0,27.85,28.1,27.85,28.1,-0.25,9.0
2018-06-25,2745,10000.0,279850.0,28.0,28.0,27.9,28.0,-0.1,9.0
2018-06-26,2745,8000.0,222550.0,27.8,27.95,27.8,27.95,-0.05,6.0
2018-06-27,2745,7000.0,196050.0,27.95,28.1,27.95,28.0,0.05,6.0
2018-06-28,2745,7157.0,200088.0,27.95,28.0,27.95,27.95,-0.05,6.0
2018-06-29,2745,15000.0,419000.0,27.9,28.05,27.9,27.9,-0.05,10.0
2018-07-02,2745,13500.0,373050.0,27.5,27.9,27.5,27.9,0.0,13.0
2018-07-03,2745,6000.0,166750.0,28.0,28.0,27.75,27.75,-0.15,5.0
2018-07-04,2745,21000.0,578850.0,27.75,27.75,27.5,27.6,-0.15,19.0
2018-07-05,2745,12000.0,329900.0,27.5,27.5,27.45,27.5,-0.1,10.0
2018-07-06,2745,7000.0,191900.0,27.5,27.5,27.4,27.4,-0.1,3.0
2018-07-09,2745,2000.0,54900.0,27.4,27.5,27.4,27.5,0.1,2.0
2018-07-10,2745,2000.0,55000.0,27.5,27.5,27.5,27.5,0.0,2.0
2018-07-11,2745,5000.0,137800.0,27.6,27.6,27.5,27.5,0.0,5.0
2018-07-12,2745,12000.0,330050.0,27.5,27.55,27.5,27.5,0.0,7.0
2018-07-13,2745,40100.0,1094280.0,27.5,27.6,26.5,27.6,0.1,21.0
2018-07-16,2745,32000.0,895800.0,27.5,28.2,27.5,28.1,0.5,25.0
2018-07-17,2745,23000.0,648750.0,28.1,28.35,28.0,28.0,-0.1,20.0
2018-07-18,2745,5500.0,153849.0,28.0,28.0,28.0,28.0,0.0,7.0
2018-07-19,2745,5000.0,138600.0,27.7,27.8,27.7,27.7,-0.3,4.0
2018-07-20,2745,2000.0,55000.0,27.05,27.95,27.05,27.95,0.25,2.0
2018-07-23,2745,31000.0,860650.0,27.6,28.2,27.45,28.0,0.05,27.0
2018-07-24,2745,18000.0,505650.0,28.0,28.2,27.95,27.95,-0.05,12.0
2018-07-25,2745,11000.0,307700.0,28.0,28.0,27.95,27.95,0.0,11.0
2018-07-26,2745,6557.0,181716.0,27.95,27.95,27.65,27.75,-0.2,10.0
2018-07-27,2745,9050.0,253117.0,28.05,28.1,27.8,28.1,0.35,9.0
2018-07-30,2745,7000.0,195800.0,27.95,28.0,27.85,27.85,-0.25,6.0
2018-07-31,2745,13000.0,362050.0,27.85,27.85,27.85,27.85,0.0,7.0
2018-08-01,2745,33000.0,919100.0,27.85,27.9,27.8,27.85,0.0,16.0
2018-08-02,2745,38200.0,1062460.0,27.85,27.85,27.8,27.8,-0.05,21.0
2018-08-03,2745,49044.0,1356682.0,27.75,27.75,27.6,27.65,-0.15,26.0
2018-08-06,2745,27000.0,732900.0,27.0,27.5,27.0,27.45,-0.2,23.0
2018-08-07,2745,21000.0,576500.0,27.45,27.5,27.4,27.45,0.0,14.0
2018-08-08,2745,69000.0,1897300.0,27.45,27.6,27.45,27.55,0.1,47.0
2018-08-09,2745,31244.0,808596.0,26.0,26.0,25.8,25.85,0.0,31.0
2018-08-10,2745,22000.0,564000.0,26.0,26.0,25.4,25.4,-0.45,20.0
2018-08-13,2745,34000.0,844650.0,25.3,25.3,24.5,24.6,-0.8,29.0
2018-08-14,2745,14300.0,357320.0,25.05,25.05,24.9,24.9,0.3,6.0
2018-08-15,2745,4000.0,98800.0,24.7,24.7,24.7,24.7,-0.2,3.0
2018-08-16,2745,14000.0,324200.0,23.0,24.4,23.0,24.4,-0.3,11.0
2018-08-17,2745,0.0,0.0,0.0,0.0,0.0,0.0,0.0,0.0
2018-08-20,2745,4000.0,98300.0,24.5,24.6,24.5,24.6,0.2,4.0
2018-08-21,2745,3000.0,72900.0,24.3,24.3,24.3,24.3,-0.3,2.0
2018-08-22,2745,25000.0,602300.0,24.3,24.4,24.0,24.0,-0.3,18.0
2018-08-23,2745,19000.0,449550.0,24.0,24.0,23.4,23.6,-0.4,16.0
2018-08-24,2745,1000.0,23600.0,23.6,23.6,23.6,23.6,0.0,1.0
2018-08-27,2745,5000.0,118000.0,23.55,23.7,23.55,23.7,0.1,3.0
2018-08-28,2745,15000.0,355050.0,23.7,23.75,23.6,23.75,0.05,11.0
2018-08-29,2745,2055.0,48795.0,23.75,23.75,23.75,23.75,0.0,3.0
2018-08-30,2745,5000.0,118300.0,23.6,23.7,23.6,23.7,-0.05,4.0
2018-08-31,2745,12003.0,285370.0,23.65,23.85,23.65,23.85,0.15,12.0
2018-09-03,2745,5025.0,124667.0,25.95,25.95,24.15,24.9,1.05,6.0
2018-09-04,2745,0.0,0.0,0.0,0.0,0.0,0.0,0.0,0.0
2018-09-05,2745,0.0,0.0,0.0,0.0,0.0,0.0,0.0,0.0
2018-09-06,2745,16000.0,395200.0,25.0,25.0,24.35,24.35,-0.15,10.0
2018-09-07,2745,17025.0,403085.0,24.35,24.35,23.2,23.2,-1.15,11.0
2018-09-10,2745,32000.0,698850.0,23.2,23.2,21.45,22.1,-1.1,22.0
2018-09-11,2745,23000.0,496200.0,21.6,21.7,21.5,21.7,-0.4,15.0
2018-09-12,2745,20000.0,430300.0,21.7,21.7,21.4,21.55,-0.15,17.0
2018-09-13,2745,17000.0,369400.0,21.75,21.75,21.7,21.75,0.2,10.0
2018-09-14,2745,47575.0,1038615.0,21.75,22.45,21.5,22.45,0.7,25.0
2018-09-17,2745,13575.0,305752.0,22.7,22.7,22.5,22.5,0.05,8.0
2018-09-18,2745,18000.0,398100.0,22.5,22.5,21.8,22.4,-0.1,13.0
2018-09-19,2745,17000.0,380250.0,22.4,22.4,22.35,22.35,-0.05,8.0
2018-09-20,2745,20000.0,440600.0,22.3,22.3,22.0,22.0,-0.35,11.0
2018-09-21,2745,6000.0,132350.0,22.0,22.35,22.0,22.0,0.0,6.0
2018-09-25,2745,1000.0,22000.0,22.0,22.0,22.0,22.0,0.0,1.0
2018-09-26,2745,20000.0,435600.0,21.4,22.0,21.4,21.55,-0.45,15.0
2018-09-27,2745,20172.0,435831.0,21.9,21.9,21.5,21.9,0.35,17.0
2018-09-28,2745,10000.0,219050.0,21.85,22.25,21.85,22.25,0.35,7.0
2018-10-01,2745,3000.0,66300.0,22.25,22.25,21.8,21.8,-0.45,3.0
2018-10-02,2745,8000.0,181950.0,23.5,23.5,22.2,22.2,0.4,6.0
2018-10-03,2745,4000.0,90350.0,23.15,23.15,22.2,22.2,0.0,4.0
2018-10-04,2745,2000.0,44000.0,22.0,22.0,22.0,22.0,-0.2,2.0
2018-10-05,2745,34000.0,733050.0,22.45,22.45,21.4,22.25,0.25,16.0
2018-10-08,2745,3000.0,67250.0,22.45,22.45,22.35,22.35,0.1,3.0
2018-10-09,2745,8000.0,170950.0,21.05,22.1,21.05,22.1,-0.25,8.0
2018-10-11,2745,10000.0,219850.0,22.1,22.1,21.85,22.0,-0.1,7.0
2018-10-12,2745,3000.0,64700.0,21.5,21.7,21.5,21.7,-0.3,3.0
2018-10-15,2745,4000.0,86450.0,21.5,21.95,21.5,21.95,0.25,4.0
2018-10-16,2745,3000.0,67700.0,22.7,22.7,22.5,22.5,0.55,2.0
2018-10-17,2745,1000.0,22700.0,22.7,22.7,22.7,22.7,0.2,1.0
2018-10-18,2745,5300.0,115830.0,21.55,22.1,21.55,22.1,-0.6,4.0
2018-10-19,2745,29000.0,622100.0,21.6,21.9,21.4,21.8,-0.3,10.0
2018-10-22,2745,2000.0,43500.0,21.75,21.75,21.75,21.75,-0.05,1.0
2018-10-23,2745,0.0,0.0,0.0,0.0,0.0,0.0,0.0,0.0
2018-10-24,2745,6251.0,131683.0,21.1,21.1,21.05,21.05,-0.6,8.0
2018-10-25,2745,9000.0,189300.0,21.05,21.05,21.0,21.0,-0.05,8.0
2018-10-26,2745,2101.0,44015.0,20.95,20.95,20.95,20.95,-0.05,3.0
2018-10-29,2745,8000.0,159800.0,20.5,20.5,19.85,19.95,-1.0,5.0
2018-10-30,2745,29100.0,566450.0,18.8,19.8,18.8,19.35,-0.6,18.0
2018-10-31,2745,6148.0,119300.0,19.2,19.55,19.2,19.55,0.2,7.0
2018-11-01,2745,9001.0,177469.0,19.55,19.8,19.55,19.8,0.25,9.0
2018-11-02,2745,6060.0,122004.0,19.8,20.85,19.8,20.7,0.9,9.0
2018-11-05,2745,5000.0,102500.0,20.5,20.5,20.5,20.5,-0.2,5.0
2018-11-06,2745,6000.0,124600.0,20.5,21.35,20.5,20.6,0.1,5.0
2018-11-07,2745,1000.0,20600.0,20.6,20.6,20.6,20.6,0.0,1.0
2018-11-08,2745,2000.0,42100.0,21.05,21.05,21.05,21.05,0.45,1.0
2018-11-09,2745,2000.0,42000.0,21.0,21.0,21.0,21.0,-0.05,2.0
2018-11-12,2745,2000.0,41150.0,20.4,20.75,20.4,20.75,-0.25,2.0
2018-11-13,2745,3000.0,60050.0,19.75,20.55,19.75,20.55,-0.2,3.0
2018-11-14,2745,8000.0,167600.0,20.55,21.85,20.15,20.85,0.3,7.0
2018-11-15,2745,40000.0,801350.0,20.35,20.45,20.0,20.45,-0.4,9.0
2018-11-16,2745,6000.0,121250.0,20.0,20.4,20.0,20.4,-0.05,5.0
2018-11-19,2745,2000.0,40900.0,20.5,20.5,20.4,20.4,0.0,2.0
2018-11-20,2745,12002.0,241390.0,20.4,20.4,20.05,20.4,0.0,11.0
2018-11-21,2745,5000.0,101050.0,20.35,20.4,20.1,20.1,-0.3,5.0
2018-11-22,2745,16000.0,324150.0,20.65,20.65,20.1,20.1,0.0,12.0
2018-11-23,2745,39050.0,782000.0,20.4,20.4,20.0,20.0,-0.1,20.0
2018-11-26,2745,170000.0,3710750.0,21.0,22.0,21.0,22.0,2.0,111.0
2018-11-27,2745,265126.0,6243549.0,23.0,24.2,22.1,24.2,2.2,172.0
2018-11-28,2745,349010.0,8748946.0,25.1,25.6,24.25,24.65,0.45,236.0
2018-11-29,2745,140220.0,3408634.0,24.9,25.0,23.8,24.0,-0.65,97.0
2018-11-30,2745,90095.0,2104055.0,23.8,23.8,23.0,23.75,-0.25,69.0
2018-12-03,2745,69150.0,1629760.0,23.85,24.05,23.35,23.45,-0.3,57.0
2018-12-04,2745,58050.0,1331389.0,23.2,23.75,22.6,22.8,-0.65,47.0
2018-12-05,2745,46000.0,1051500.0,22.6,23.55,22.6,22.95,0.15,31.0
2018-12-06,2745,24000.0,535300.0,22.7,22.7,22.05,22.1,-0.85,23.0
2018-12-07,2745,16000.0,354550.0,22.2,22.4,22.1,22.15,0.05,11.0
2018-12-10,2745,5000.0,110550.0,22.1,22.15,22.05,22.05,-0.1,5.0
2018-12-11,2745,21018.0,444886.0,22.0,22.0,21.0,21.25,-0.8,20.0
2018-12-12,2745,5000.0,106400.0,21.25,21.35,21.2,21.35,0.1,5.0
2018-12-13,2745,21000.0,462850.0,21.45,22.5,21.45,22.0,0.65,15.0
2018-12-14,2745,3000.0,66000.0,22.0,22.0,22.0,22.0,0.0,3.0
2018-12-17,2745,8000.0,173150.0,21.6,21.65,21.6,21.65,-0.35,7.0
2018-12-18,2745,9000.0,196500.0,21.95,21.95,21.55,21.55,-0.1,7.0
2018-12-19,2745,8000.0,172200.0,21.55,21.55,21.5,21.5,-0.05,7.0
2018-12-20,2745,16000.0,344900.0,21.85,21.85,21.45,21.5,0.0,10.0
2018-12-21,2745,2000.0,42950.0,21.2,21.75,21.2,21.75,0.25,2.0
2018-12-22,2745,0.0,0.0,0.0,0.0,0.0,0.0,0.0,0.0
2018-12-24,2745,3000.0,65900.0,22.0,22.0,21.95,21.95,0.2,2.0
2018-12-25,2745,16000.0,341500.0,21.5,21.5,21.3,21.3,-0.65,11.0
2018-12-26,2745,7000.0,148750.0,21.05,21.7,21.0,21.2,-0.1,7.0
2018-12-27,2745,26000.0,555200.0,22.0,22.0,21.3,21.3,0.1,17.0
2018-12-28,2745,3000.0,63800.0,21.2,21.3,21.2,21.3,0.0,2.0
2019-01-02,2745,1000.0,21300.0,21.3,21.3,21.3,21.3,0.0,1.0
2019-01-03,2745,6000.0,125700.0,20.7,21.0,20.7,21.0,-0.3,4.0
2019-01-04,2745,0.0,0.0,0.0,0.0,0.0,0.0,0.0,0.0
2019-01-07,2745,5000.0,106200.0,21.2,21.5,21.1,21.5,0.5,5.0
2019-01-08,2745,5126.0,107420.0,20.9,21.0,20.9,21.0,-0.5,7.0
2019-01-09,2745,4000.0,84100.0,21.0,21.1,21.0,21.1,0.1,4.0
2019-01-10,2745,4031.0,83557.0,20.6,21.0,20.6,21.0,-0.1,5.0
2019-01-11,2745,7200.0,150650.0,20.9,21.3,20.65,21.2,0.2,9.0
2019-01-14,2745,9000.0,186000.0,20.65,20.7,20.65,20.65,-0.55,9.0
2019-01-15,2745,10000.0,206250.0,20.65,20.65,20.6,20.6,-0.05,8.0
2019-01-16,2745,11000.0,225750.0,20.5,20.95,20.45,20.45,-0.15,9.0
2019-01-17,2745,14000.0,288300.0,20.45,20.9,20.45,20.9,0.45,7.0
2019-01-18,2745,4000.0,82000.0,20.55,20.55,20.45,20.45,-0.45,2.0
2019-01-21,2745,5000.0,103750.0,20.5,21.2,20.5,20.95,0.5,4.0
2019-01-22,2745,1000.0,20950.0,20.95,20.95,20.95,20.95,0.0,1.0
2019-01-23,2745,5142.0,106339.0,20.95,20.95,20.5,20.5,-0.45,7.0
2019-01-24,2745,0.0,0.0,0.0,0.0,0.0,0.0,0.0,0.0
2019-01-25,2745,7000.0,144500.0,20.5,20.85,20.5,20.5,-0.05,6.0
2019-01-28,2745,10000.0,205200.0,20.5,20.7,20.5,20.7,0.2,8.0
2019-01-29,2745,8000.0,168050.0,20.5,21.2,20.5,20.95,0.25,7.0
2019-01-30,2745,6000.0,126700.0,21.4,21.4,21.0,21.0,0.05,5.0
2019-02-11,2745,6000.0,126050.0,21.05,21.05,21.0,21.0,0.0,6.0
2019-02-12,2745,6000.0,127000.0,21.0,21.3,21.0,21.2,0.2,6.0
2019-02-13,2745,7000.0,148400.0,21.2,21.2,21.2,21.2,0.0,7.0
2019-02-14,2745,4000.0,85600.0,21.2,21.5,21.2,21.45,0.25,4.0
2019-02-15,2745,2016.0,43189.0,21.45,21.45,21.4,21.4,-0.05,4.0
2019-02-18,2745,6000.0,127100.0,21.05,21.55,20.95,21.5,0.1,6.0
2019-02-19,2745,5200.0,111600.0,21.5,21.5,21.45,21.45,-0.05,6.0
2019-02-20,2745,8000.0,171250.0,21.45,21.45,21.35,21.45,0.0,8.0
2019-02-21,2745,11000.0,235350.0,21.4,21.45,21.35,21.35,-0.1,9.0
2019-02-22,2745,8000.0,172100.0,21.5,21.6,21.5,21.5,0.15,8.0
2019-02-25,2745,51000.0,1095600.0,21.5,21.6,21.4,21.6,0.1,21.0
2019-02-26,2745,5000.0,109500.0,21.9,21.9,21.9,21.9,0.3,5.0
2019-02-27,2745,7690.0,169073.0,21.85,22.25,21.85,21.95,0.05,9.0
2019-03-04,2745,9000.0,193650.0,21.95,21.95,21.4,21.8,-0.15,9.0
2019-03-05,2745,37000.0,786150.0,21.7,21.7,21.1,21.4,-0.4,25.0
2019-03-06,2745,6131.0,130777.0,21.35,21.5,21.05,21.15,-0.25,7.0
2019-03-07,2745,24000.0,506100.0,21.2,21.2,21.0,21.0,-0.15,14.0
2019-03-08,2745,5150.0,108537.0,21.0,21.3,21.0,21.05,0.05,5.0
2019-03-11,2745,31000.0,656900.0,21.05,21.45,21.05,21.45,0.4,24.0
2019-03-12,2745,5175.0,110995.0,21.45,21.45,21.45,21.45,0.0,6.0
2019-03-13,2745,9000.0,193100.0,21.45,21.5,21.35,21.35,-0.1,8.0
2019-03-14,2745,10000.0,213100.0,21.35,21.35,21.3,21.3,-0.05,6.0
2019-03-15,2745,10000.0,210750.0,21.3,21.3,20.9,21.1,-0.2,10.0
2019-03-18,2745,8000.0,168650.0,21.15,21.15,21.0,21.0,-0.1,7.0
2019-03-19,2745,13000.0,273250.0,21.05,21.1,21.0,21.0,0.0,10.0
2019-03-20,2745,2000.0,42200.0,21.1,21.1,21.1,21.1,0.1,2.0
2019-03-21,2745,64000.0,1360700.0,21.15,21.7,21.1,21.45,0.35,31.0
2019-03-22,2745,10050.0,214872.0,21.25,21.45,21.25,21.45,0.0,11.0
2019-03-25,2745,10000.0,212850.0,21.45,21.45,21.2,21.2,-0.25,9.0
2019-03-26,2745,96000.0,1957450.0,20.9,20.9,20.15,20.2,-1.0,60.0
2019-03-27,2745,23200.0,468130.0,20.25,20.25,20.1,20.2,0.0,20.0
2019-03-28,2745,40000.0,799000.0,20.0,20.05,19.85,20.0,-0.2,19.0
2019-03-29,2745,15050.0,297000.0,20.0,20.0,19.65,19.85,-0.15,10.0
2019-04-01,2745,14000.0,279500.0,19.9,20.0,19.9,20.0,0.15,12.0
2019-04-02,2745,14000.0,278550.0,19.85,19.9,19.85,19.9,-0.1,4.0
2019-04-03,2745,8000.0,160600.0,20.1,20.1,20.0,20.05,0.15,6.0
2019-04-08,2745,19300.0,386675.0,20.05,20.05,20.0,20.05,0.0,12.0
2019-04-09,2745,14000.0,283400.0,20.3,20.4,20.0,20.1,0.05,10.0
2019-04-10,2745,14000.0,281300.0,20.3,20.3,20.0,20.2,0.1,10.0
2019-04-11,2745,13020.0,262555.0,20.3,20.3,20.05,20.05,-0.15,11.0
2019-04-12,2745,4090.0,82041.0,20.05,20.1,20.05,20.1,0.05,5.0
2019-04-15,2745,16400.0,329010.0,20.1,20.1,20.05,20.05,-0.05,12.0
2019-04-16,2745,19083.0,381355.0,19.95,20.05,19.95,20.05,0.0,11.0
2019-04-17,2745,15000.0,300000.0,20.0,20.0,20.0,20.0,-0.05,5.0
2019-04-18,2745,13000.0,259500.0,20.0,20.0,19.9,19.95,-0.05,10.0
2019-04-19,2745,19390.0,384471.0,19.9,19.9,19.8,19.8,-0.15,15.0
2019-04-22,2745,29000.0,580000.0,19.8,20.4,19.8,20.0,0.2,15.0
2019-04-23,2745,23000.0,460000.0,20.0,20.0,20.0,20.0,0.0,9.0
2019-04-24,2745,12000.0,240050.0,20.05,20.05,20.0,20.0,0.0,4.0
2019-04-25,2745,14000.0,281300.0,20.2,20.2,20.0,20.0,0.0,10.0
2019-04-26,2745,7000.0,139450.0,19.9,19.95,19.9,19.9,-0.1,6.0
2019-04-29,2745,11000.0,217950.0,19.9,19.9,19.8,19.8,-0.1,6.0
2019-04-30,2745,11150.0,217053.0,19.4,19.8,19.4,19.8,0.0,10.0
2019-05-02,2745,5001.0,99019.0,19.8,19.8,19.8,19.8,0.0,4.0
2019-05-03,2745,20000.0,405600.0,20.0,20.45,20.0,20.0,0.2,17.0
2019-05-06,2745,5000.0,99800.0,20.0,20.0,19.9,19.9,-0.1,4.0
2019-05-07,2745,5123.0,106756.0,21.0,21.0,20.3,20.3,0.4,7.0
2019-05-08,2745,5000.0,102250.0,20.5,20.5,20.35,20.35,0.05,5.0
2019-05-09,2745,4000.0,80700.0,20.35,20.35,20.1,20.1,-0.25,4.0
2019-05-10,2745,6052.0,121532.0,20.1,20.1,20.0,20.0,-0.1,6.0
2019-05-13,2745,129000.0,2688100.0,20.65,21.3,20.65,20.65,0.65,79.0
2019-05-14,2745,15000.0,307150.0,20.5,20.6,20.35,20.4,-0.25,12.0
2019-05-15,2745,28226.0,577211.0,20.6,20.7,20.3,20.3,-0.1,17.0
2019-05-16,2745,6000.0,122100.0,20.4,20.4,20.3,20.3,0.0,4.0
2019-05-17,2745,10000.0,202800.0,20.7,20.7,20.15,20.15,-0.15,7.0
2019-05-20,2745,13026.0,257664.0,19.9,20.05,19.7,20.05,-0.1,11.0
2019-05-21,2745,1000.0,19600.0,19.6,19.6,19.6,19.6,-0.45,1.0
2019-05-22,2745,7000.0,138600.0,19.7,19.9,19.7,19.8,0.2,6.0
2019-05-23,2745,6000.0,118000.0,19.65,19.75,19.65,19.75,-0.05,2.0
2019-05-24,2745,22000.0,432950.0,19.55,19.75,19.55,19.65,-0.1,8.0
2019-05-27,2745,16000.0,315800.0,19.65,20.0,19.6,19.9,0.25,14.0
2019-05-28,2745,1000.0,19900.0,19.9,19.9,19.9,19.9,0.0,1.0
2019-05-29,2745,10026.0,197722.0,19.75,19.75,19.7,19.75,-0.15,10.0
2019-05-30,2745,2000.0,39500.0,19.75,19.75,19.75,19.75,0.0,2.0
2019-05-31,2745,0.0,0.0,0.0,0.0,0.0,0.0,0.0,0.0
2019-06-03,2745,7000.0,137850.0,19.65,19.7,19.65,19.7,-0.05,6.0
2019-06-04,2745,5100.0,100215.0,19.65,19.65,19.65,19.65,-0.05,5.0
2019-06-05,2745,9000.0,178050.0,19.85,19.9,19.7,19.7,0.05,6.0
2019-06-06,2745,4000.0,79550.0,19.9,19.9,19.85,19.85,0.15,4.0
2019-06-10,2745,18000.0,354500.0,19.7,19.75,19.6,19.75,-0.1,9.0
2019-06-11,2745,6000.0,119150.0,19.85,19.9,19.7,19.9,0.15,6.0
2019-06-12,2745,5000.0,100200.0,20.05,20.05,20.0,20.0,0.1,4.0
2019-06-13,2745,25000.0,500000.0,20.0,20.0,20.0,20.0,0.0,6.0
2019-06-14,2745,11055.0,221116.0,20.1,20.15,19.9,20.0,0.0,8.0
2019-06-17,2745,5000.0,100100.0,20.0,20.05,20.0,20.05,0.05,5.0
2019-06-18,2745,5000.0,99850.0,19.8,20.05,19.8,20.0,-0.05,5.0
2019-06-19,2745,9000.0,180300.0,20.0,20.05,20.0,20.0,0.0,7.0
2019-06-20,2745,4245.0,86386.0,20.4,20.4,20.3,20.3,0.3,6.0
2019-06-21,2745,5000.0,101600.0,20.4,20.4,20.2,20.2,-0.1,4.0
2019-06-24,2745,19000.0,384850.0,20.2,20.3,20.2,20.2,0.0,7.0
2019-06-25,2745,0.0,0.0,0.0,0.0,0.0,0.0,0.0,0.0
2019-06-26,2745,21165.0,423967.0,20.2,20.2,19.8,19.8,-0.4,10.0
2019-06-27,2745,4000.0,80350.0,20.0,20.15,20.0,20.05,0.25,4.0
2019-06-28,2745,1000.0,20050.0,20.05,20.05,20.05,20.05,0.0,1.0
2019-07-01,2745,9000.0,179250.0,19.8,20.0,19.8,20.0,-0.05,6.0
2019-07-02,2745,18115.0,360827.0,20.0,20.0,19.85,19.95,-0.05,15.0
2019-07-03,2745,11000.0,220000.0,20.0,20.0,20.0,20.0,0.05,8.0
2019-07-04,2745,1000.0,20000.0,20.0,20.0,20.0,20.0,0.0,1.0
2019-07-05,2745,4000.0,80000.0,20.0,20.0,20.0,20.0,0.0,3.0
2019-07-08,2745,14000.0,280000.0,20.0,20.0,20.0,20.0,0.0,10.0
2019-07-09,2745,13000.0,261150.0,20.05,20.1,20.05,20.05,0.05,11.0
2019-07-10,2745,2001.0,39819.0,19.9,19.9,19.9,19.9,-0.15,2.0
2019-07-11,2745,33001.0,651619.0,19.8,19.8,19.65,19.7,-0.2,18.0
2019-07-12,2745,12000.0,238900.0,19.8,20.0,19.8,20.0,0.3,11.0
2019-07-15,2745,75000.0,1538350.0,20.3,21.0,20.2,20.6,0.6,51.0
2019-07-16,2745,46000.0,934150.0,20.8,20.8,20.0,20.2,-0.4,30.0
2019-07-17,2745,2000.0,40150.0,20.05,20.1,20.05,20.1,-0.1,2.0
2019-07-18,2745,219000.0,4628900.0,20.35,21.7,20.35,21.35,1.25,142.0
2019-07-19,2745,87165.0,1881655.0,21.7,21.75,21.35,21.7,0.35,67.0
2019-07-22,2745,411000.0,9506000.0,22.5,23.85,21.75,22.1,0.4,221.0
2019-07-23,2745,94110.0,1999364.0,21.3,21.45,21.0,21.2,-0.9,77.0
2019-07-24,2745,44000.0,918550.0,21.15,21.2,20.7,21.0,-0.2,30.0
2019-07-25,2745,19000.0,396050.0,20.6,21.1,20.6,21.1,0.1,17.0
2019-07-26,2745,13176.0,276246.0,20.9,21.0,20.8,21.0,-0.1,13.0
2019-07-29,2745,19271.0,398523.0,20.35,20.95,20.35,20.75,-0.25,15.0
2019-07-30,2745,19000.0,392800.0,20.75,20.75,20.6,20.6,-0.15,15.0
2019-07-31,2745,16000.0,331450.0,20.8,20.8,20.65,20.7,0.1,8.0
2019-08-01,2745,19000.0,390050.0,20.4,20.6,20.35,20.55,-0.15,15.0
2019-08-02,2745,25107.0,501895.0,20.15,20.25,19.85,20.25,-0.3,22.0
2019-08-05,2745,10000.0,199900.0,20.0,20.0,19.95,20.0,-0.25,8.0
2019-08-06,2745,16107.0,321384.0,19.9,20.0,19.9,19.95,-0.05,16.0
2019-08-07,2745,41000.0,820200.0,19.95,20.5,19.95,20.1,0.15,15.0
2019-08-08,2745,84000.0,1721000.0,20.8,20.8,20.35,20.5,0.0,49.0
2019-08-12,2745,22000.0,454900.0,20.5,20.9,20.5,20.85,0.35,18.0
2019-08-13,2745,7000.0,145650.0,20.85,20.85,20.7,20.7,-0.15,4.0
2019-08-14,2745,47000.0,972000.0,20.7,20.8,20.45,20.6,-0.1,23.0
2019-08-15,2745,33000.0,678250.0,21.25,21.25,20.45,20.6,0.0,14.0
2019-08-16,2745,7000.0,144950.0,20.6,21.1,20.6,21.1,0.5,6.0
2019-08-19,2745,13000.0,270250.0,21.05,21.05,20.7,20.7,-0.4,9.0
2019-08-20,2745,11000.0,227950.0,20.7,20.9,20.65,20.7,0.0,7.0
2019-08-21,2745,33200.0,691860.0,20.7,21.0,20.7,20.8,0.1,18.0
2019-08-22,2745,12000.0,248000.0,21.0,21.0,20.6,20.65,-0.15,8.0
2019-08-23,2745,34000.0,694100.0,20.35,21.4,20.3,20.7,0.05,21.0
2019-08-26,2745,5000.0,102600.0,20.55,20.65,20.4,20.65,-0.05,5.0
2019-08-27,2745,8000.0,164000.0,20.45,20.7,20.45,20.45,-0.2,7.0
2019-08-28,2745,2000.0,41000.0,20.5,20.5,20.5,20.5,0.05,2.0
2019-08-29,2745,4030.0,83268.0,20.5,20.75,20.5,20.75,0.25,4.0
2019-08-30,2745,14000.0,290050.0,20.75,20.8,20.6,20.65,-0.1,12.0
2019-09-02,2745,3000.0,62000.0,20.7,20.7,20.65,20.65,0.0,3.0
2019-09-03,2745,28000.0,580300.0,20.65,20.85,20.65,20.8,0.15,19.0
2019-09-04,2745,33000.0,679500.0,20.6,20.8,20.55,20.8,0.0,8.0
2019-09-05,2745,73000.0,1503400.0,20.75,20.9,20.5,20.5,-0.3,28.0
2019-09-06,2745,74000.0,1518500.0,20.75,20.75,20.45,20.7,0.2,18.0
2019-09-09,2745,21200.0,441700.0,20.85,20.85,20.8,20.85,0.15,14.0
2019-09-10,2745,2000.0,41600.0,20.8,20.8,20.8,20.8,-0.05,2.0
2019-09-11,2745,13000.0,269300.0,20.7,20.85,20.6,20.85,0.05,4.0
2019-09-12,2745,14030.0,290781.0,20.55,20.8,20.55,20.7,-0.15,11.0
2019-09-16,2745,13000.0,267650.0,20.7,20.7,20.55,20.65,-0.05,8.0
2019-09-17,2745,46000.0,948150.0,20.7,20.9,20.5,20.7,0.05,18.0
2019-09-18,2745,5030.0,104115.0,20.7,20.7,20.7,20.7,0.0,6.0
2019-09-19,2745,2000.0,41250.0,20.6,20.65,20.6,20.65,-0.05,2.0
2019-09-20,2745,31000.0,647700.0,20.75,20.95,20.75,20.75,0.1,16.0
2019-09-23,2745,9000.0,186450.0,20.85,20.85,20.6,20.6,-0.15,8.0
2019-09-24,2745,7000.0,144200.0,20.6,20.6,20.6,20.6,0.0,5.0
2019-09-25,2745,23000.0,473800.0,20.6,20.6,20.6,20.6,0.0,7.0
2019-09-26,2745,4000.0,82500.0,20.6,20.65,20.6,20.65,0.05,4.0
2019-09-27,2745,12000.0,247350.0,20.65,20.65,20.55,20.65,0.0,9.0
2019-10-01,2745,3025.0,62521.0,20.7,20.7,20.65,20.65,0.0,3.0
2019-10-02,2745,6000.0,123700.0,20.6,20.65,20.6,20.65,0.0,4.0
2019-10-03,2745,12023.0,247366.0,20.6,20.7,20.55,20.55,-0.1,11.0
2019-10-04,2745,18000.0,371450.0,20.55,20.7,20.55,20.55,0.0,6.0
2019-10-07,2745,7000.0,143900.0,20.6,20.6,20.5,20.6,0.05,6.0
2019-10-08,2745,6000.0,123300.0,20.6,20.65,20.5,20.65,0.05,6.0
2019-10-09,2745,10000.0,205550.0,20.5,20.65,20.5,20.65,0.0,7.0
2019-10-14,2745,21000.0,431350.0,20.65,20.65,20.45,20.5,-0.15,12.0
2019-10-15,2745,17000.0,348750.0,20.55,20.55,20.5,20.5,0.0,9.0
2019-10-16,2745,7000.0,143500.0,20.5,20.5,20.5,20.5,0.0,4.0
2019-10-17,2745,29057.0,596374.0,20.5,20.6,20.5,20.55,0.05,17.0
2019-10-18,2745,12000.0,246800.0,20.55,20.7,20.5,20.55,0.0,9.0
2019-10-21,2745,18000.0,370600.0,20.55,20.6,20.55,20.6,0.05,10.0
2019-10-22,2745,31000.0,640950.0,20.7,20.7,20.55,20.7,0.1,10.0
2019-10-23,2745,4000.0,82550.0,20.65,20.7,20.6,20.7,0.0,4.0
2019-10-24,2745,20000.0,412100.0,20.6,20.65,20.6,20.65,-0.05,9.0
2019-10-25,2745,17000.0,350500.0,20.6,20.7,20.6,20.65,0.0,9.0
2019-10-28,2745,16000.0,330350.0,20.7,20.7,20.6,20.6,-0.05,9.0
2019-10-29,2745,15000.0,309250.0,20.65,20.65,20.6,20.6,0.0,10.0
2019-10-30,2745,2002.0,41341.0,20.65,20.65,20.65,20.65,0.05,3.0
2019-10-31,2745,9000.0,185550.0,20.6,20.7,20.55,20.7,0.05,6.0
2019-11-01,2745,17000.0,350200.0,20.6,20.6,20.6,20.6,-0.1,7.0
2019-11-04,2745,7028.0,144385.0,20.5,20.65,20.5,20.65,0.05,7.0
2019-11-05,2745,10500.0,216150.0,20.6,20.65,20.55,20.65,0.0,7.0
2019-11-06,2745,8000.0,164750.0,20.55,20.65,20.55,20.6,-0.05,6.0
2019-11-07,2745,1000.0,20600.0,20.6,20.6,20.6,20.6,0.0,1.0
2019-11-08,2745,5000.0,103000.0,20.6,20.6,20.6,20.6,0.0,3.0
2019-11-11,2745,33500.0,690600.0,20.9,20.9,20.55,20.6,0.0,17.0
2019-11-12,2745,80000.0,1676550.0,20.95,21.3,20.9,21.0,0.4,51.0
2019-11-13,2745,35000.0,737450.0,21.4,21.4,20.95,21.0,0.0,21.0
2019-11-14,2745,28133.0,593549.0,21.3,21.3,21.0,21.2,0.2,19.0
2019-11-15,2745,23000.0,484150.0,21.1,21.1,21.0,21.1,-0.1,13.0
2019-11-18,2745,38067.0,805257.0,21.2,21.2,21.0,21.2,0.1,16.0
2019-11-19,2745,13000.0,273800.0,21.1,21.1,21.0,21.1,-0.1,9.0
2019-11-20,2745,13055.0,274494.0,21.0,21.05,20.9,21.05,-0.05,8.0
2019-11-21,2745,25000.0,525400.0,21.0,21.05,21.0,21.05,0.0,10.0
2019-11-22,2745,20000.0,420100.0,21.05,21.05,20.95,21.0,-0.05,10.0
2019-11-25,2745,18000.0,378850.0,21.05,21.2,21.0,21.05,0.05,11.0
2019-11-26,2745,36000.0,769700.0,21.2,21.5,21.2,21.25,0.2,26.0
2019-11-27,2745,6000.0,126950.0,21.35,21.35,21.1,21.15,-0.1,5.0
2019-11-28,2745,9000.0,190650.0,21.15,21.3,21.15,21.2,0.05,5.0
2019-11-29,2745,28000.0,593700.0,21.1,21.3,21.05,21.15,-0.05,22.0
2019-12-02,2745,29000.0,615250.0,21.15,21.3,21.15,21.2,0.05,18.0
2019-12-03,2745,13000.0,275950.0,21.2,21.25,21.2,21.25,0.05,7.0
2019-12-04,2745,21000.0,445850.0,21.25,21.25,21.1,21.25,0.0,11.0
2019-12-05,2745,36055.0,785438.0,23.1,23.1,21.35,21.4,0.15,27.0
2019-12-06,2745,21000.0,447950.0,21.45,21.45,21.25,21.45,0.05,11.0
2019-12-09,2745,43000.0,922850.0,21.6,21.6,21.25,21.4,-0.05,18.0
2019-12-10,2745,43000.0,919550.0,21.4,21.45,21.3,21.35,-0.05,18.0
2019-12-11,2745,37000.0,792300.0,21.35,21.5,21.35,21.45,0.1,17.0
2019-12-12,2745,37000.0,793050.0,21.45,21.5,21.4,21.5,0.05,20.0
2019-12-13,2745,46055.0,985060.0,21.5,21.5,21.25,21.35,-0.15,26.0
2019-12-16,2745,36000.0,768800.0,21.35,21.4,21.35,21.4,0.05,12.0
2019-12-17,2745,27000.0,576450.0,21.35,21.35,21.35,21.35,-0.05,15.0
2019-12-18,2745,50000.0,1070500.0,21.7,21.7,21.35,21.45,0.1,27.0
2019-12-19,2745,48000.0,1030250.0,21.4,21.5,21.4,21.5,0.05,23.0
2019-12-20,2745,66000.0,1412600.0,21.45,21.5,21.3,21.4,-0.1,27.0
2019-12-23,2745,99067.0,2149324.0,21.4,22.0,21.4,21.75,0.35,49.0
2019-12-24,2745,28000.0,609050.0,21.85,21.85,21.6,21.75,0.0,15.0
2019-12-25,2745,84050.0,1839397.0,21.8,22.05,21.75,22.05,0.3,42.0
2019-12-26,2745,50450.0,1109617.0,22.1,22.1,21.85,22.1,0.05,26.0
2019-12-27,2745,38000.0,845350.0,22.2,22.35,22.15,22.15,0.05,24.0
2019-12-30,2745,54000.0,1212500.0,22.4,22.55,22.4,22.5,0.35,37.0
2019-12-31,2745,75151.0,1725788.0,22.6,23.3,22.6,23.05,0.55,58.0
2020-01-02,2745,52000.0,1193950.0,23.2,23.2,22.75,22.75,-0.3,36.0
2020-01-03,2745,52000.0,1177000.0,22.75,22.85,22.5,22.55,-0.2,16.0
2020-01-06,2745,33000.0,742450.0,22.55,22.55,22.4,22.5,-0.05,16.0
2020-01-07,2745,59000.0,1330250.0,22.6,22.8,22.35,22.8,0.3,31.0
2020-01-08,2745,24000.0,543100.0,22.65,22.75,22.5,22.75,-0.05,14.0
2020-01-09,2745,78000.0,1795850.0,22.75,23.4,22.75,23.4,0.65,62.0
2020-01-10,2745,197123.0,4716370.0,23.65,24.2,23.5,24.0,0.6,127.0
2020-01-13,2745,338000.0,7397450.0,22.1,22.35,21.65,22.3,-1.7,171.0
2020-01-14,2745,57803.0,1280525.0,22.1,22.2,22.1,22.1,-0.2,36.0
2020-01-15,2745,24000.0,528800.0,22.0,22.15,22.0,22.1,0.0,14.0
2020-01-16,2745,16200.0,358530.0,22.1,22.2,22.1,22.15,0.05,13.0
2020-01-17,2745,40000.0,880600.0,22.05,22.15,22.0,22.0,-0.15,18.0
2020-01-20,2745,29000.0,637050.0,22.0,22.0,21.95,21.95,-0.05,15.0
2020-01-30,2745,122041.0,2428767.0,20.0,20.0,19.8,19.8,-2.15,64.0
2020-01-31,2745,28000.0,546000.0,19.75,19.75,19.4,19.45,-0.35,24.0
2020-02-03,2745,23000.0,434050.0,19.4,19.4,18.6,18.8,-0.65,19.0
2020-02-04,2745,15061.0,286377.0,18.75,19.2,18.75,19.15,0.35,14.0
2020-02-05,2745,11500.0,226350.0,19.15,20.2,19.15,19.9,0.75,11.0
2020-02-06,2745,13000.0,253650.0,19.9,19.9,19.25,19.55,-0.35,12.0
2020-02-07,2745,10000.0,191550.0,19.55,19.55,19.0,19.2,-0.35,9.0
2020-02-10,2745,45270.0,841189.0,19.1,19.1,18.3,18.7,-0.5,26.0
2020-02-11,2745,15000.0,283000.0,18.55,19.0,18.55,18.9,0.2,13.0
2020-02-12,2745,7000.0,137300.0,19.65,19.65,19.6,19.6,0.7,7.0
2020-02-13,2745,33328.0,661958.0,19.6,20.45,19.6,19.7,0.1,28.0
2020-02-14,2745,6500.0,124549.0,19.15,19.2,19.15,19.2,-0.5,7.0
2020-02-17,2745,54001.0,1032019.0,19.35,19.35,18.95,19.0,-0.2,34.0
2020-02-18,2745,17000.0,323150.0,19.0,19.05,19.0,19.0,0.0,13.0
2020-02-19,2745,26000.0,494600.0,19.0,19.25,19.0,19.25,0.25,8.0
2020-02-20,2745,9000.0,172300.0,19.25,19.25,19.05,19.2,-0.05,7.0
2020-02-21,2745,4000.0,76800.0,19.2,19.2,19.2,19.2,0.0,2.0
2020-02-24,2745,31328.0,592332.0,19.05,19.05,18.8,18.9,-0.3,19.0
2020-02-25,2745,16117.0,298811.0,18.5,18.6,18.5,18.6,-0.3,15.0
2020-02-26,2745,25000.0,460100.0,18.3,18.6,18.3,18.5,-0.1,12.0
2020-02-27,2745,84000.0,1552600.0,18.7,18.7,18.3,18.35,-0.15,36.0
2020-03-02,2745,43123.0,769514.0,18.55,18.55,17.1,17.55,-0.8,25.0
2020-03-03,2745,22000.0,391250.0,17.5,18.0,17.5,17.95,0.4,16.0
2020-03-04,2745,26604.0,509977.0,17.85,19.7,17.85,19.7,1.75,16.0
2020-03-05,2745,9001.0,175019.0,19.6,19.6,19.15,19.15,-0.55,6.0
2020-03-06,2745,4000.0,75950.0,19.0,19.0,18.95,19.0,-0.15,3.0
2020-03-09,2745,16000.0,293300.0,18.5,18.5,18.0,18.0,-1.0,13.0
2020-03-10,2745,28000.0,488850.0,18.0,18.0,17.25,17.9,-0.1,21.0
2020-03-11,2745,24000.0,418950.0,17.7,17.7,17.35,17.7,-0.2,20.0
2020-03-12,2745,52020.0,873427.0,17.35,17.35,16.2,16.2,-1.5,31.0
2020-03-13,2745,69088.0,1023611.0,15.0,15.05,14.6,14.9,-1.3,39.0
2020-03-16,2745,14000.0,204700.0,14.9,14.9,14.5,14.5,-0.4,14.0
2020-03-17,2745,36138.0,489076.0,14.35,14.35,13.4,13.5,-1.0,23.0
2020-03-18,2745,23000.0,305700.0,13.65,13.65,13.15,13.25,-0.25,13.0
2020-03-19,2745,66106.0,799126.0,12.4,12.4,11.95,11.95,-1.3,26.0
2020-03-20,2745,2211.0,26663.0,12.05,12.05,12.05,12.05,0.1,3.0
2020-03-23,2745,13000.0,157600.0,12.1,12.5,12.05,12.05,0.0,11.0
2020-03-24,2745,26028.0,323450.0,11.9,13.25,11.9,12.1,0.05,21.0
2020-03-25,2745,38000.0,467500.0,12.15,12.75,12.1,12.75,0.65,25.0
2020-03-26,2745,42000.0,557150.0,13.75,13.75,12.4,13.3,0.55,27.0
2020-03-27,2745,53000.0,686000.0,13.2,13.2,12.9,13.15,-0.15,25.0
2020-03-30,2745,28000.0,354150.0,12.55,12.75,12.55,12.75,-0.4,15.0
2020-03-31,2745,51204.0,626868.0,12.75,12.75,12.05,12.05,-0.7,32.0
2020-04-01,2745,23000.0,274350.0,12.05,12.05,11.8,12.0,-0.05,19.0
2020-04-06,2745,36000.0,432450.0,12.05,12.2,11.95,12.0,0.0,17.0
2020-04-07,2745,31000.0,373600.0,12.05,12.1,12.0,12.05,0.05,24.0
2020-04-08,2745,24000.0,294100.0,12.0,12.5,12.0,12.45,0.4,19.0
2020-04-09,2745,56012.0,708353.0,12.45,12.9,12.45,12.9,0.45,39.0
2020-04-10,2745,27000.0,353800.0,13.0,13.3,12.9,12.9,0.0,24.0
2020-04-13,2745,28000.0,356550.0,12.9,12.9,12.7,12.75,-0.15,17.0
2020-04-14,2745,23000.0,297300.0,12.95,13.05,12.8,13.05,0.3,16.0
2020-04-15,2745,93000.0,1326550.0,13.6,14.35,13.6,14.35,1.3,64.0
2020-04-16,2745,96012.0,1391589.0,14.55,14.8,14.1,14.65,0.3,75.0
2020-04-17,2745,44000.0,664950.0,14.75,15.5,14.7,15.2,0.55,38.0
2020-04-20,2745,31000.0,463400.0,15.2,15.2,14.75,14.75,-0.45,20.0
2020-04-21,2745,56052.0,783933.0,14.6,14.7,13.7,14.05,-0.7,26.0
2020-04-22,2745,10000.0,137850.0,13.8,13.85,13.75,13.85,-0.2,9.0
2020-04-23,2745,9000.0,128400.0,14.3,14.3,14.0,14.0,0.15,5.0
2020-04-24,2745,4000.0,56400.0,14.0,14.2,14.0,14.2,0.2,3.0
2020-04-27,2745,36000.0,521150.0,14.3,14.75,14.2,14.35,0.15,18.0
2020-04-28,2745,24000.0,353150.0,14.4,14.9,14.4,14.85,0.5,17.0
2020-04-29,2745,59025.0,895328.0,15.0,15.3,15.0,15.05,0.2,28.0
2020-04-30,2745,64000.0,989100.0,15.3,15.8,15.3,15.8,0.75,32.0
2020-05-04,2745,42000.0,655150.0,15.75,15.75,15.05,15.65,-0.15,34.0
2020-05-05,2745,28176.0,441180.0,15.65,15.7,15.5,15.65,0.0,25.0
2020-05-06,2745,25000.0,384550.0,15.65,15.65,15.2,15.2,-0.45,24.0
2020-05-07,2745,14001.0,211564.0,15.3,15.3,15.0,15.1,-0.1,12.0
2020-05-08,2745,13000.0,201350.0,15.25,15.55,15.25,15.55,0.45,9.0
2020-05-11,2745,44232.0,700381.0,15.5,16.5,15.5,16.45,0.9,33.0
2020-05-12,2745,74200.0,1181230.0,16.5,16.5,15.55,16.0,-0.45,46.0
2020-05-13,2745,16055.0,251969.0,15.95,16.0,15.5,16.0,0.0,11.0
2020-05-14,2745,25088.0,401508.0,16.0,16.45,15.85,15.85,-0.15,21.0
2020-05-15,2745,27000.0,425750.0,15.85,15.85,15.65,15.8,-0.05,16.0
2020-05-18,2745,92000.0,1471600.0,16.0,16.5,15.9,15.9,0.1,26.0
2020-05-19,2745,38000.0,613000.0,16.2,16.35,15.8,15.85,-0.05,25.0
2020-05-20,2745,40000.0,631350.0,15.85,15.85,15.7,15.8,-0.05,18.0
2020-05-21,2745,15000.0,236850.0,15.8,15.8,15.75,15.8,0.0,11.0
2020-05-22,2745,32000.0,504550.0,15.9,15.95,15.7,15.7,-0.1,16.0
2020-05-25,2745,105000.0,1758300.0,15.85,17.25,15.85,17.25,1.55,85.0
2020-05-26,2745,200931.0,3799491.0,18.95,18.95,18.5,18.95,1.7,133.0
2020-05-27,2745,328976.0,6842700.0,20.8,20.8,20.8,20.8,1.85,199.0
2020-05-28,2745,1408371.0,32049126.0,22.65,22.85,22.0,22.85,2.05,635.0
2020-05-29,2745,726641.0,16336987.0,23.2,23.35,21.25,21.95,-0.9,477.0
2020-06-01,2745,290151.0,6365484.0,21.8,22.5,21.6,21.75,-0.2,182.0
2020-06-02,2745,230000.0,4762700.0,21.75,21.75,20.25,20.3,-1.45,169.0
2020-06-03,2745,458087.0,9584340.0,20.3,22.3,19.55,22.3,2.0,285.0
2020-06-04,2745,525200.0,12140170.0,23.3,23.7,22.5,22.6,0.3,352.0
2020-06-05,2745,235000.0,5215350.0,22.6,22.65,22.0,22.2,-0.4,155.0
2020-06-08,2745,202000.0,4429250.0,22.2,22.2,21.5,21.9,-0.3,136.0
2020-06-09,2745,155000.0,3299050.0,21.9,21.9,20.95,21.2,-0.7,109.0
2020-06-10,2745,115000.0,2388300.0,21.0,21.0,20.6,20.7,-0.5,79.0
2020-06-11,2745,159000.0,3206050.0,20.3,20.6,19.95,20.1,-0.6,97.0
2020-06-12,2745,94000.0,1830600.0,19.5,20.15,18.9,20.15,0.05,70.0
2020-06-15,2745,36000.0,718550.0,20.15,20.15,19.8,20.0,-0.15,29.0
2020-06-16,2745,63010.0,1274954.0,20.05,20.45,20.05,20.4,0.4,46.0
2020-06-17,2745,44000.0,895300.0,20.6,20.95,20.1,20.1,-0.3,36.0
2020-06-18,2745,45000.0,884550.0,19.55,19.85,19.5,19.85,-0.25,33.0
2020-06-19,2745,51000.0,1001500.0,19.85,19.85,19.5,19.6,-0.25,42.0
2020-06-22,2745,67000.0,1285000.0,19.6,19.6,19.05,19.1,-0.5,55.0
2020-06-23,2745,24000.0,454550.0,19.1,19.4,18.65,19.1,0.0,22.0
2020-06-24,2745,16000.0,309150.0,19.1,19.5,19.1,19.45,0.35,14.0
2020-06-29,2745,30000.0,589000.0,19.5,19.95,19.25,19.65,0.2,24.0
2020-06-30,2745,131990.0,2668840.0,19.7,20.8,19.65,20.7,1.05,81.0
2020-07-01,2745,124000.0,2494750.0,21.0,21.0,19.8,19.8,-0.9,88.0
2020-07-02,2745,326115.0,6003017.0,19.0,19.0,17.9,18.85,-0.95,228.0
2020-07-03,2745,133000.0,2446300.0,18.65,18.7,18.2,18.4,-0.45,85.0
2020-07-06,2745,78000.0,1421800.0,18.4,18.4,18.0,18.3,-0.1,50.0
2020-07-07,2745,62000.0,1121900.0,18.05,18.3,18.0,18.1,-0.2,41.0
2020-07-08,2745,76000.0,1375900.0,18.1,18.3,18.0,18.05,-0.05,46.0
2020-07-09,2745,49000.0,882750.0,18.0,18.1,18.0,18.0,-0.05,37.0
2020-07-10,2745,75000.0,1327650.0,18.0,18.1,17.5,17.7,-0.3,44.0
2020-07-13,2745,36000.0,628550.0,17.5,17.5,17.4,17.45,-0.25,30.0
2020-07-14,2745,34000.0,589300.0,17.3,17.4,17.3,17.35,-0.1,23.0
2020-07-15,2745,47000.0,822600.0,17.45,17.6,17.15,17.45,0.1,27.0
2020-07-16,2745,113000.0,1938100.0,17.6,17.6,16.9,17.3,-0.15,53.0
2020-07-17,2745,36000.0,612200.0,17.3,17.3,16.9,17.0,-0.3,24.0
2020-07-20,2745,58000.0,960250.0,16.55,16.6,16.5,16.5,-0.5,31.0
2020-07-21,2745,19000.0,314750.0,16.55,16.7,16.55,16.7,0.2,16.0
2020-07-22,2745,14000.0,233000.0,16.7,16.75,16.55,16.6,-0.1,13.0
2020-07-23,2745,21000.0,348800.0,16.6,16.65,16.6,16.65,0.05,15.0
2020-07-24,2745,32000.0,528650.0,16.65,16.65,16.5,16.5,-0.15,26.0
2020-07-27,2745,48000.0,776300.0,16.3,16.3,16.1,16.1,-0.4,20.0
2020-07-28,2745,64000.0,995400.0,15.8,16.0,15.15,15.3,-0.8,37.0
2020-07-29,2745,20000.0,310400.0,15.3,15.8,15.3,15.8,0.5,17.0
2020-07-30,2745,30000.0,467750.0,15.55,15.75,15.5,15.65,-0.15,18.0
2020-07-31,2745,24000.0,379500.0,15.65,15.95,15.65,15.95,0.3,16.0
2020-08-03,2745,14500.0,227274.0,15.95,15.95,15.5,15.65,-0.3,16.0
2020-08-04,2745,10000.0,156300.0,15.5,15.7,15.5,15.7,0.05,8.0
2020-08-05,2745,17000.0,264900.0,15.6,15.6,15.55,15.6,-0.1,14.0
2020-08-06,2745,16000.0,256100.0,15.85,16.15,15.85,16.0,0.4,15.0
2020-08-07,2745,31022.0,480452.0,15.3,15.9,15.3,15.75,-0.25,24.0
2020-08-10,2745,18008.0,279428.0,15.5,15.6,15.45,15.45,-0.3,16.0
2020-08-11,2745,14000.0,214750.0,15.45,15.45,15.3,15.35,-0.1,9.0
2020-08-12,2745,16000.0,245100.0,15.35,15.4,15.3,15.3,-0.05,14.0
2020-08-13,2745,14000.0,215500.0,15.35,15.5,15.3,15.35,0.05,12.0
2020-08-14,2745,10000.0,155400.0,15.45,15.65,15.4,15.65,0.3,9.0
2020-08-17,2745,22000.0,343200.0,15.6,15.6,15.6,15.6,-0.05,12.0
2020-08-18,2745,165000.0,2514100.0,15.6,15.6,15.05,15.1,-0.5,64.0
2020-08-19,2745,46000.0,686600.0,14.8,15.05,14.8,14.9,0.0,36.0
2020-08-20,2745,33000.0,480450.0,14.5,14.8,14.5,14.55,-0.35,17.0
2020-08-21,2745,44293.0,653570.0,14.55,15.7,14.55,14.75,0.2,28.0
2020-08-24,2745,2000.0,29550.0,14.75,14.8,14.75,14.8,0.05,2.0
2020-08-25,2745,10000.0,150400.0,14.75,15.15,14.75,15.05,0.25,10.0
2020-08-26,2745,12020.0,182402.0,15.1,15.2,15.1,15.1,0.05,9.0
2020-08-27,2745,11116.0,167501.0,15.1,15.1,15.0,15.1,0.0,9.0
2020-08-28,2745,19000.0,284100.0,15.0,15.0,14.9,14.9,-0.2,11.0
2020-08-31,2745,35000.0,511250.0,14.9,14.9,14.5,14.75,-0.15,18.0
2020-09-01,2745,6000.0,88400.0,14.75,14.75,14.7,14.7,-0.05,5.0
2020-09-02,2745,4273.0,62885.0,14.7,14.8,14.7,14.7,0.0,6.0
2020-09-03,2745,9000.0,133200.0,14.7,14.9,14.7,14.9,0.2,9.0
2020-09-04,2745,17000.0,256550.0,15.0,15.15,15.0,15.15,0.25,15.0
2020-09-07,2745,96000.0,1449450.0,15.15,15.35,14.95,14.95,-0.2,42.0
2020-09-08,2745,60000.0,929650.0,15.1,15.95,15.1,15.25,0.3,40.0
2020-09-09,2745,16000.0,242600.0,15.35,15.35,15.1,15.2,-0.05,13.0
2020-09-10,2745,52000.0,809550.0,15.35,15.7,15.35,15.65,0.45,32.0
2020-09-11,2745,26000.0,407800.0,15.7,15.7,15.5,15.7,0.05,12.0
2020-09-14,2745,24000.0,376100.0,15.7,15.8,15.5,15.5,-0.2,16.0
2020-09-15,2745,20000.0,315300.0,15.9,15.9,15.6,15.65,0.15,12.0
2020-09-16,2745,7000.0,109700.0,15.65,15.8,15.65,15.65,0.0,5.0
2020-09-17,2745,35100.0,548980.0,15.7,15.7,15.55,15.65,0.0,12.0
2020-09-18,2745,7000.0,110300.0,15.85,15.85,15.6,15.8,0.15,6.0
2020-09-21,2745,36001.0,562065.0,15.8,15.8,15.5,15.7,-0.1,20.0
2020-09-22,2745,8000.0,124250.0,15.4,15.6,15.4,15.6,-0.1,7.0
2020-09-23,2745,20000.0,313900.0,15.8,15.8,15.55,15.65,0.05,14.0
2020-09-24,2745,32000.0,489250.0,15.35,15.45,15.2,15.45,-0.2,12.0
2020-09-25,2745,24001.0,363615.0,15.45,15.45,15.1,15.1,-0.35,22.0
2020-09-28,2745,2000.0,30400.0,15.2,15.2,15.2,15.2,0.1,1.0
2020-09-29,2745,19133.0,293321.0,15.7,15.7,15.2,15.2,0.0,13.0
2020-09-30,2745,2001.0,30515.0,15.25,15.25,15.25,15.25,0.05,3.0
2020-10-05,2745,5000.0,76250.0,15.25,15.25,15.25,15.25,0.0,5.0
2020-10-06,2745,14000.0,213950.0,15.25,15.4,15.2,15.4,0.15,10.0
2020-10-07,2745,17000.0,262350.0,15.4,15.6,15.25,15.6,0.2,14.0
2020-10-08,2745,31071.0,484464.0,15.6,15.65,15.5,15.5,-0.1,22.0
2020-10-12,2745,34000.0,529150.0,15.65,15.65,15.45,15.45,-0.05,12.0
2020-10-13,2745,19000.0,297700.0,15.65,15.7,15.6,15.7,0.25,14.0
2020-10-14,2745,30000.0,468400.0,15.7,15.7,15.55,15.55,-0.15,12.0
2020-10-15,2745,10000.0,155450.0,15.5,15.75,15.45,15.6,0.05,7.0
2020-10-16,2745,19000.0,298450.0,15.7,15.8,15.65,15.65,0.05,7.0
2020-10-19,2745,15000.0,234650.0,15.6,15.65,15.6,15.65,0.0,7.0
2020-10-20,2745,7000.0,109050.0,15.7,15.7,15.4,15.7,0.05,7.0
2020-10-21,2745,2000.0,31100.0,15.6,15.6,15.5,15.5,-0.2,2.0
2020-10-22,2745,3000.0,46750.0,15.55,15.7,15.5,15.7,0.2,3.0
2020-10-23,2745,26000.0,403150.0,15.55,15.55,15.5,15.5,-0.2,10.0
2020-10-26,2745,16001.0,247215.0,15.5,15.5,15.4,15.4,-0.1,8.0
2020-10-27,2745,5000.0,76800.0,15.4,15.4,15.35,15.35,-0.05,4.0
2020-10-28,2745,15000.0,230400.0,15.3,15.4,15.3,15.4,0.05,8.0
2020-10-29,2745,5000.0,75800.0,15.1,15.2,15.1,15.2,-0.2,3.0
2020-10-30,2745,6000.0,91150.0,15.2,15.2,15.15,15.2,0.0,5.0
2020-11-02,2745,16086.0,242798.0,15.2,15.2,15.0,15.0,-0.2,11.0
2020-11-03,2745,10000.0,150400.0,15.1,15.1,15.0,15.0,0.0,6.0
2020-11-04,2745,2000.0,30100.0,15.05,15.05,15.05,15.05,0.05,2.0
2020-11-05,2745,31000.0,465500.0,15.0,15.1,15.0,15.1,0.05,13.0
2020-11-06,2745,13000.0,196150.0,15.1,15.15,15.05,15.1,0.0,10.0
2020-11-09,2745,24000.0,360600.0,15.15,15.15,15.0,15.05,-0.05,12.0
2020-11-10,2745,113394.0,1876670.0,16.55,16.55,16.55,16.55,1.5,70.0
2020-11-11,2745,539361.0,9585578.0,17.5,18.2,17.2,17.9,1.35,297.0
2020-11-12,2745,158000.0,2736250.0,17.9,17.9,16.6,17.1,-0.8,91.0
2020-11-13,2745,79481.0,1330859.0,17.1,17.1,16.5,16.55,-0.55,52.0
2020-11-16,2745,24302.0,407628.0,17.35,17.35,16.6,16.65,0.1,17.0
2020-11-17,2745,68001.0,1197068.0,18.3,18.3,17.15,17.45,0.8,46.0
2020-11-18,2745,83000.0,1468800.0,17.45,17.85,17.35,17.7,0.25,36.0
2020-11-19,2745,225000.0,3836350.0,17.2,17.7,16.75,16.9,-0.8,102.0
2020-11-20,2745,26000.0,440300.0,16.9,16.95,16.85,16.95,0.05,13.0
2020-11-23,2745,30000.0,508450.0,16.9,17.0,16.85,16.95,0.0,20.0
2020-11-24,2745,25000.0,419800.0,16.9,16.9,16.7,16.8,-0.15,18.0
2020-11-25,2745,62000.0,1088000.0,16.8,18.0,16.8,17.4,0.6,44.0
2020-11-26,2745,103000.0,1822950.0,17.4,17.8,17.4,17.7,0.3,38.0
2020-11-27,2745,33000.0,583550.0,18.0,18.0,17.6,17.6,-0.1,17.0
2020-11-30,2745,52000.0,911300.0,17.6,17.6,17.5,17.6,0.0,28.0
2020-12-01,2745,20000.0,348250.0,17.5,17.5,17.3,17.3,-0.3,14.0
2020-12-02,2745,27000.0,468300.0,17.3,17.4,17.3,17.35,0.05,15.0
2020-12-03,2745,77000.0,1364800.0,17.4,17.85,17.4,17.7,0.35,38.0
2020-12-04,2745,180000.0,3244700.0,17.8,18.2,17.8,18.2,0.5,85.0
2020-12-07,2745,266146.0,5077775.0,18.2,20.0,18.2,19.6,1.4,141.0
2020-12-08,2745,65498.0,1252788.0,19.6,19.6,18.25,18.95,-0.65,39.0
2020-12-09,2745,67403.0,1281846.0,18.95,19.45,18.8,18.95,0.0,46.0
2020-12-10,2745,22010.0,411488.0,19.0,19.0,18.45,18.9,-0.05,21.0
2020-12-11,2745,28000.0,514250.0,18.6,18.6,18.25,18.25,-0.65,19.0
2020-12-14,2745,75106.0,1379605.0,18.25,18.5,18.25,18.45,0.2,41.0
2020-12-15,2745,17306.0,318995.0,18.45,18.45,18.4,18.45,0.0,16.0
2020-12-16,2745,51000.0,941550.0,18.45,18.7,18.35,18.35,-0.1,23.0
2020-12-17,2745,30000.0,550750.0,18.4,18.45,18.25,18.45,0.1,16.0
2020-12-18,2745,14007.0,260729.0,18.75,18.75,18.45,18.45,0.0,13.0
2020-12-21,2745,25020.0,459814.0,18.45,18.45,18.35,18.45,0.0,22.0
2020-12-22,2745,88000.0,1590150.0,18.35,18.35,17.5,17.5,-0.95,54.0
2020-12-23,2745,14000.0,243700.0,17.25,17.7,17.25,17.6,0.1,14.0
2020-12-24,2745,7039.0,125244.0,17.6,17.85,17.6,17.8,0.2,8.0
2020-12-25,2745,20000.0,354700.0,17.8,17.8,17.65,17.75,-0.05,16.0
2020-12-28,2745,31000.0,544300.0,17.5,17.65,17.5,17.55,-0.2,18.0
2020-12-29,2745,34000.0,600400.0,17.95,17.95,17.5,17.6,0.05,17.0
2020-12-30,2745,4000.0,70900.0,17.6,17.85,17.6,17.8,0.2,4.0
2020-12-31,2745,10066.0,181688.0,18.0,18.3,18.0,18.0,0.2,8.0
2021-01-04,2745,17000.0,304550.0,18.0,18.0,17.8,18.0,0.0,12.0
2021-01-05,2745,11000.0,196750.0,18.0,18.0,17.8,17.85,-0.15,8.0
2021-01-06,2745,10000.0,177900.0,17.85,17.85,17.65,17.85,0.0,10.0
2021-01-07,2745,2000.0,35500.0,17.65,17.85,17.65,17.85,0.0,2.0
2021-01-08,2745,31000.0,547850.0,17.7,18.0,17.5,18.0,0.15,18.0
2021-01-11,2745,9000.0,161600.0,18.0,18.0,17.95,17.95,-0.05,7.0
2021-01-12,2745,38067.0,659599.0,17.65,17.65,17.1,17.3,-0.65,21.0
2021-01-13,2745,16000.0,282200.0,17.35,18.0,17.3,17.55,0.25,12.0
2021-01-14,2745,29500.0,518250.0,17.55,17.65,17.55,17.65,0.1,14.0
2021-01-15,2745,32000.0,566450.0,17.7,17.75,17.65,17.75,0.1,13.0
2021-01-18,2745,14000.0,246900.0,17.65,17.8,17.5,17.8,0.05,9.0
2021-01-19,2745,12000.0,209200.0,17.6,17.6,17.3,17.3,-0.5,10.0
2021-01-20,2745,9000.0,153650.0,17.2,17.2,17.0,17.0,-0.3,7.0
2021-01-21,2745,24000.0,407750.0,17.0,17.2,16.8,17.2,0.2,18.0
2021-01-22,2745,24000.0,411950.0,17.2,17.2,17.1,17.2,0.0,10.0
2021-01-25,2745,22000.0,376650.0,17.2,17.5,16.6,17.45,0.25,13.0
2021-01-26,2745,1000.0,17450.0,17.45,17.45,17.45,17.45,0.0,1.0
2021-01-27,2745,18000.0,309750.0,17.25,17.25,17.1,17.1,-0.35,11.0
2021-01-28,2745,11000.0,187600.0,17.2,17.2,16.9,17.2,0.1,9.0
2021-01-29,2745,2000.0,34000.0,16.8,17.2,16.8,17.2,0.0,2.0
2021-02-01,2745,13000.0,219950.0,16.7,17.4,16.7,16.85,-0.35,7.0
2021-02-02,2745,5000.0,84250.0,16.85,16.85,16.85,16.85,0.0,4.0
2021-02-03,2745,18000.0,304700.0,16.85,17.1,16.8,16.8,-0.05,9.0
2021-02-04,2745,6000.0,102250.0,16.8,17.1,16.8,17.05,0.25,3.0
2021-02-05,2745,65008.0,1142587.0,17.15,18.0,17.1,17.9,0.85,41.0
2021-02-17,2745,64300.0,1167610.0,18.0,18.45,18.0,18.2,0.3,41.0
2021-02-18,2745,24107.0,438397.0,17.9,18.35,17.9,18.35,0.15,22.0
2021-02-19,2745,52000.0,949800.0,18.35,18.35,18.15,18.15,-0.2,26.0
2021-02-22,2745,279602.0,5496209.0,18.15,19.95,18.15,19.95,1.8,139.0
2021-02-23,2745,617613.0,13487672.0,21.8,21.9,21.45,21.9,1.95,327.0
2021-02-24,2745,963119.0,22913561.0,23.0,24.05,23.0,24.05,2.15,457.0
2021-02-25,2745,1015682.0,24142375.0,24.1,24.3,22.3,23.9,-0.15,600.0
2021-02-26,2745,453272.0,10833825.0,23.3,24.6,22.65,23.8,-0.1,239.0
2021-03-02,2745,360177.0,8315563.0,24.0,24.1,22.6,22.6,-1.2,238.0
2021-03-03,2745,172000.0,3881000.0,21.9,23.3,21.8,22.75,0.15,117.0
2021-03-04,2745,115000.0,2581150.0,22.75,23.0,21.8,21.8,-0.95,88.0
2021-03-05,2745,62000.0,1364050.0,21.8,22.35,21.75,22.3,0.5,43.0
2021-03-08,2745,299040.0,7089202.0,23.0,24.0,23.0,23.7,1.4,200.0
2021-03-09,2745,936638.0,23806716.0,23.8,26.05,23.4,26.05,2.35,407.0
2021-03-10,2745,1306588.0,36129512.0,28.65,28.65,26.05,27.15,1.1,809.0
2021-03-11,2745,391889.0,10382501.0,26.3,27.15,25.45,27.1,-0.05,275.0
2021-03-12,2745,272140.0,7218510.0,27.0,27.0,26.2,26.6,-0.5,190.0
2021-03-15,2745,540334.0,14974473.0,26.65,28.0,26.65,27.7,1.1,341.0
2021-03-16,2745,516147.0,14920634.0,27.8,30.15,27.8,28.7,1.0,383.0
2021-03-17,2745,374208.0,10708647.0,28.7,29.5,28.45,28.5,-0.2,245.0
2021-03-18,2745,514333.0,15086124.0,29.0,30.15,28.8,28.9,0.4,358.0
2021-03-19,2745,291744.0,8529958.0,29.0,29.95,28.8,29.6,0.7,229.0
2021-03-22,2745,488488.0,14626992.0,30.5,31.0,29.5,29.7,0.1,340.0
2021-03-23,2745,289248.0,8401802.0,30.0,30.0,28.6,28.95,-0.75,240.0
2021-03-24,2745,349026.0,10355835.0,28.9,30.3,28.65,29.45,0.5,248.0
2021-03-25,2745,219029.0,6321741.0,29.35,29.45,28.55,28.6,-0.85,151.0
2021-03-26,2745,156204.0,4401213.0,28.8,28.85,27.9,28.45,-0.15,123.0
2021-03-29,2745,134120.0,3731260.0,28.1,28.15,27.6,27.8,-0.65,96.0
2021-03-30,2745,105000.0,2946050.0,27.8,28.35,27.8,28.05,0.25,77.0
2021-03-31,2745,208000.0,5674876.0,27.7,27.7,27.0,27.0,-1.05,166.0
2021-04-01,2745,225900.0,5918160.0,27.0,27.05,25.95,26.1,-0.9,172.0
2021-04-06,2745,216617.0,5476455.0,26.05,26.05,25.0,25.65,-0.45,177.0
2021-04-07,2745,117450.0,3021726.0,26.1,26.2,25.5,25.75,0.1,94.0
2021-04-08,2745,149405.0,3849260.0,25.65,26.45,25.5,26.45,0.7,112.0
2021-04-09,2745,110000.0,2891600.0,26.9,26.9,25.55,26.1,-0.35,79.0
2021-04-12,2745,195103.0,5022679.0,26.5,26.5,25.5,25.55,-0.55,123.0
2021-04-13,2745,109664.0,2813484.0,25.6,26.2,25.55,25.6,0.05,73.0
2021-04-14,2745,408902.0,9809825.0,25.1,25.1,23.3,24.3,-1.3,283.0
2021-04-15,2745,93070.0,2315094.0,24.3,25.35,24.3,25.25,0.95,80.0
2021-04-16,2745,122151.0,3067013.0,25.85,25.85,24.35,25.15,-0.1,84.0
2021-04-19,2745,149051.0,3657734.0,25.25,25.25,24.3,24.4,-0.75,119.0
2021-04-20,2745,117550.0,2816874.0,24.1,24.25,23.8,24.15,-0.25,95.0
2021-04-21,2745,81772.0,1961886.0,24.2,24.2,23.85,24.2,0.05,78.0
2021-04-22,2745,185421.0,4421138.0,24.2,24.2,23.6,23.6,-0.6,137.0
2021-04-23,2745,94853.0,2288225.0,23.6,24.55,23.55,24.4,0.8,71.0
2021-04-26,2745,57688.0,1387308.0,24.4,24.4,23.95,24.2,-0.2,52.0
2021-04-27,2745,68100.0,1633919.0,24.2,24.2,23.85,24.1,-0.1,61.0
2021-04-28,2745,93500.0,2218298.0,23.85,23.9,23.55,23.6,-0.5,74.0
2021-04-29,2745,150366.0,3470617.0,23.6,23.6,23.0,23.1,-0.5,109.0
2021-05-03,2745,154790.0,3433151.0,23.05,23.05,21.95,21.95,-1.15,125.0
2021-05-04,2745,173087.0,3558408.0,21.95,21.95,20.25,20.35,-1.6,118.0
2021-05-05,2745,135296.0,2915832.0,20.35,22.35,20.35,22.35,2.0,88.0
2021-05-06,2745,128005.0,2952666.0,22.8,23.75,22.5,23.3,0.95,82.0
2021-05-07,2745,67141.0,1530189.0,23.75,23.75,22.45,22.6,-0.7,58.0
2021-05-10,2745,53000.0,1218050.0,22.5,23.55,22.5,23.2,0.6,34.0
2021-05-11,2745,104390.0,2349358.0,23.1,23.1,22.0,22.1,-1.1,80.0
2021-05-12,2745,199408.0,4087800.0,21.5,21.5,19.9,19.9,-2.2,144.0
2021-05-13,2745,118199.0,2239553.0,19.8,19.9,18.1,19.6,-0.3,72.0
2021-05-14,2745,52000.0,1029250.0,19.6,20.1,19.6,19.7,0.1,38.0
2021-05-17,2745,145000.0,2609000.0,18.1,18.3,17.75,17.8,-1.9,108.0
2021-05-18,2745,43000.0,782300.0,17.8,19.25,17.45,19.2,1.4,28.0
2021-05-19,2745,28096.0,540143.0,19.2,19.45,19.05,19.3,0.1,27.0
2021-05-20,2745,14015.0,267485.0,19.3,19.55,19.0,19.55,0.25,13.0
2021-05-21,2745,20000.0,403400.0,20.0,20.5,19.8,20.5,0.95,19.0
2021-05-24,2745,42153.0,870434.0,20.4,20.85,20.15,20.55,0.05,35.0
2021-05-25,2745,54160.0,1126778.0,21.0,21.25,20.6,21.0,0.45,42.0
2021-05-26,2745,95001.0,2007171.0,21.0,21.8,20.5,21.75,0.75,55.0
2021-05-27,2745,111144.0,2417115.0,21.75,22.2,21.15,21.9,0.15,82.0
2021-05-28,2745,83610.0,1886414.0,21.9,23.0,21.9,22.9,1.0,69.0
2021-05-31,2745,74160.0,1658615.0,22.9,22.9,22.0,22.1,-0.8,61.0
2021-06-01,2745,212162.0,5000022.0,22.1,24.25,22.1,23.5,1.4,153.0
2021-06-02,2745,138060.0,3287443.0,23.5,24.15,23.5,23.55,0.05,74.0
2021-06-03,2745,568992.0,14422706.0,23.55,25.8,23.55,25.5,1.95,313.0
2021-06-04,2745,532983.0,13953663.0,25.8,27.5,25.0,25.5,0.0,385.0
2021-06-07,2745,238019.0,5727010.0,25.55,25.55,23.6,24.45,-1.05,164.0
2021-06-08,2745,71047.0,1715896.0,24.0,24.45,23.85,24.1,-0.35,46.0
2021-06-09,2745,77000.0,1857150.0,24.5,24.5,23.8,24.45,0.35,48.0
2021-06-10,2745,25205.0,617725.0,24.8,24.8,24.25,24.45,0.0,20.0
2021-06-11,2745,72095.0,1766280.0,24.75,24.75,24.15,24.15,-0.3,42.0
2021-06-15,2745,60100.0,1460480.0,24.2,24.5,24.15,24.5,0.35,53.0
2021-06-16,2745,86258.0,2161702.0,24.55,25.25,24.55,24.9,0.4,61.0
2021-06-17,2745,83101.0,2101978.0,25.3,25.5,25.0,25.3,0.4,61.0
2021-06-18,2745,105553.0,2660145.0,25.3,25.5,25.0,25.5,0.2,70.0
2021-06-21,2745,363630.0,9531907.0,25.65,27.1,25.65,26.4,0.9,254.0
2021-06-22,2745,255914.0,6719272.0,26.9,27.3,25.6,25.8,-0.6,189.0
2021-06-23,2745,86100.0,2194324.0,25.85,25.9,25.15,25.3,-0.5,59.0
2021-06-24,2745,46000.0,1177300.0,25.3,26.0,25.3,25.55,0.25,26.0
2021-06-25,2745,96969.0,2436964.0,25.55,25.55,24.95,25.1,-0.45,70.0
2021-06-28,2745,143620.0,3463518.0,24.8,24.8,23.8,24.3,-0.8,92.0
2021-06-29,2745,79624.0,1904114.0,24.4,24.4,23.8,23.95,-0.35,59.0
2021-06-30,2745,41083.0,994436.0,24.3,24.5,24.1,24.3,0.35,31.0
2021-07-01,2745,157044.0,3897193.0,24.3,25.35,24.0,25.35,1.05,102.0
2021-07-02,2745,137242.0,3434618.0,25.7,25.7,24.5,24.8,-0.55,99.0
2021-07-05,2745,46010.0,1141547.0,24.75,25.05,24.55,24.9,0.1,37.0
2021-07-06,2745,104000.0,2613050.0,25.0,25.4,24.95,25.2,0.3,70.0
2021-07-07,2745,629024.0,16722518.0,25.35,27.25,25.15,27.25,2.05,415.0
2021-07-08,2745,377457.0,10126629.0,27.9,27.9,26.05,26.2,-1.05,264.0
2021-07-09,2745,165151.0,4329523.0,26.55,26.55,25.9,25.9,-0.3,129.0
2021-07-12,2745,122099.0,3063750.0,26.0,26.0,24.9,25.05,-0.85,77.0
2021-07-13,2745,45425.0,1133008.0,25.05,25.25,24.8,24.8,-0.25,43.0
2021-07-14,2745,61020.0,1532266.0,24.6,25.8,24.5,25.4,0.6,39.0
2021-07-15,2745,32226.0,821970.0,25.2,25.7,25.2,25.45,0.05,36.0
2021-07-16,2745,35424.0,904020.0,25.45,25.85,25.4,25.5,0.05,40.0
2021-07-19,2745,88075.0,2281335.0,25.5,26.3,25.5,25.95,0.45,64.0
2021-07-20,2745,71471.0,1802561.0,25.75,25.75,24.7,25.4,-0.55,56.0
2021-07-21,2745,58530.0,1459192.0,25.5,25.5,24.7,24.7,-0.7,48.0
2021-07-22,2745,30000.0,736400.0,24.3,24.75,24.3,24.6,-0.1,25.0
2021-07-23,2745,106000.0,2709700.0,25.3,25.85,25.3,25.85,1.25,68.0
2021-07-26,2745,36000.0,920100.0,26.0,26.0,25.1,25.1,-0.75,33.0
2021-07-27,2745,19000.0,474800.0,25.15,25.15,24.85,24.9,-0.2,16.0
2021-07-28,2745,47000.0,1150350.0,24.8,25.0,24.15,24.55,-0.35,37.0
2021-07-29,2745,19000.0,466600.0,24.55,24.6,24.5,24.55,0.0,17.0
2021-07-30,2745,15000.0,367050.0,24.55,24.7,24.35,24.55,0.0,12.0
2021-08-02,2745,39098.0,936302.0,24.0,24.2,23.7,24.0,-0.55,28.0
2021-08-03,2745,15021.0,360354.0,24.0,24.0,23.9,23.9,-0.1,8.0
2021-08-04,2745,17272.0,413416.0,23.8,24.2,23.8,24.0,0.1,18.0
2021-08-05,2745,35386.0,835992.0,23.8,24.0,23.5,24.0,0.0,30.0
2021-08-06,2745,17000.0,398250.0,23.3,23.6,23.3,23.6,-0.4,17.0
2021-08-09,2745,13100.0,311235.0,23.7,23.9,23.7,23.7,0.1,12.0
2021-08-10,2745,16022.0,381263.0,24.25,24.25,23.55,23.6,-0.1,16.0
2021-08-11,2745,12102.0,279914.0,23.2,23.2,23.1,23.1,-0.5,12.0
2021-08-12,2745,47100.0,1054889.0,23.0,23.0,22.2,22.75,-0.35,39.0
2021-08-13,2745,94770.0,2058931.0,22.5,22.5,21.0,21.7,-1.05,70.0
2021-08-16,2745,17100.0,370870.0,21.7,21.7,21.6,21.7,0.0,16.0
2021-08-17,2745,33009.0,706890.0,21.7,21.8,21.15,21.15,-0.55,23.0
2021-08-18,2745,51213.0,1062146.0,20.5,21.3,20.4,21.1,-0.05,44.0
2021-08-19,2745,8000.0,165350.0,20.65,20.7,20.65,20.65,-0.45,7.0
2021-08-20,2745,29096.0,593368.0,20.6,20.6,20.05,20.35,-0.3,15.0
2021-08-23,2745,45126.0,910913.0,20.35,21.2,20.0,21.2,0.85,37.0
2021-08-24,2745,23015.0,466468.0,20.5,21.0,20.0,21.0,-0.2,22.0
2021-08-25,2745,33000.0,695500.0,20.95,21.65,20.2,21.65,0.65,25.0
2021-08-26,2745,34200.0,740230.0,21.8,22.1,21.45,21.8,0.15,26.0
2021-08-27,2745,9022.0,198079.0,21.8,22.2,21.6,22.15,0.35,10.0
2021-08-30,2745,30000.0,675450.0,22.75,23.0,22.1,22.5,0.35,24.0
2021-08-31,2745,58000.0,1322100.0,23.15,23.4,22.45,22.5,0.0,41.0
2021-09-01,2745,19083.0,422737.0,22.3,22.75,22.0,22.2,-0.3,16.0
2021-09-02,2745,19122.0,409186.0,21.6,21.7,21.3,21.3,-0.9,18.0
2021-09-03,2745,13033.0,268772.0,21.1,21.1,20.4,20.4,-0.9,14.0
2021-09-06,2745,24000.0,489800.0,20.35,20.5,20.3,20.3,-0.1,20.0
2021-09-07,2745,27048.0,543991.0,20.3,20.3,19.95,20.05,-0.25,24.0
2021-09-08,2745,50620.0,993404.0,20.0,20.0,19.4,19.4,-0.65,38.0
2021-09-09,2745,11280.0,219854.0,19.4,19.75,19.4,19.75,0.35,11.0
2021-09-10,2745,12160.0,244297.0,19.7,20.5,19.7,20.1,0.35,13.0
2021-09-13,2745,5000.0,100150.0,20.5,20.5,19.6,19.75,-0.35,5.0
2021-09-14,2745,3020.0,61415.0,20.0,20.5,20.0,20.5,0.75,4.0
2021-09-15,2745,6088.0,124792.0,20.5,20.5,20.5,20.5,0.0,6.0
2021-09-16,2745,6100.0,123989.0,20.4,20.95,20.0,20.95,0.45,7.0
2021-09-17,2745,7000.0,145600.0,20.85,20.85,20.5,20.85,-0.1,7.0
2021-09-22,2745,5000.0,102100.0,21.5,21.5,20.15,20.15,-0.7,5.0
2021-09-23,2745,19200.0,387340.0,20.25,20.3,20.05,20.3,0.15,15.0
2021-09-24,2745,23000.0,476100.0,20.4,20.9,20.4,20.85,0.55,16.0
2021-09-27,2745,27076.0,583392.0,21.5,21.9,21.3,21.4,0.55,19.0
2021-09-28,2745,8075.0,172847.0,21.4,21.45,21.4,21.4,0.0,9.0
2021-09-29,2745,11001.0,232271.0,21.1,21.25,21.1,21.25,-0.15,8.0
2021-09-30,2745,130030.0,3003999.0,21.5,23.35,21.5,23.2,1.95,72.0
2021-10-01,2745,49028.0,1092270.0,22.6,22.6,22.05,22.25,-0.95,38.0
2021-10-04,2745,162232.0,3806424.0,23.0,24.0,23.0,23.35,1.1,92.0
2021-10-05,2745,47000.0,1081150.0,23.35,23.35,22.6,23.05,-0.3,42.0
2021-10-06,2745,12000.0,272700.0,23.0,23.0,22.5,22.5,-0.55,9.0
2021-10-07,2745,17000.0,382550.0,22.45,22.6,22.45,22.5,0.0,11.0
2021-10-08,2745,26000.0,586550.0,22.5,22.8,22.5,22.5,0.0,18.0
2021-10-12,2745,0.0,0.0,0.0,0.0,0.0,0.0,0.0,0.0
2021-10-13,2745,32998.0,723305.0,22.3,22.3,21.7,21.85,-0.65,26.0
2021-10-14,2745,18047.0,392867.0,21.8,21.8,21.45,21.45,-0.4,18.0
2021-10-15,2745,20000.0,429750.0,21.5,21.55,21.45,21.5,0.05,10.0
2021-10-18,2745,15012.0,322217.0,21.4,22.05,21.2,22.05,0.55,19.0
2021-10-19,2745,15199.0,335166.0,22.05,22.1,22.0,22.1,0.05,8.0
2021-10-20,2745,3000.0,66800.0,22.3,22.3,22.25,22.25,0.15,3.0
2021-10-21,2745,14226.0,319144.0,22.5,22.5,22.35,22.35,0.1,14.0
2021-10-22,2745,7000.0,154300.0,22.05,22.05,22.0,22.0,-0.35,6.0
2021-10-25,2745,13001.0,285521.0,21.85,22.1,21.85,21.85,-0.15,10.0
2021-10-26,2745,17002.0,370442.0,21.8,21.8,21.75,21.75,-0.1,11.0
2021-10-27,2745,5000.0,109000.0,21.8,21.8,21.8,21.8,0.05,5.0
2021-10-28,2745,56146.0,1266873.0,22.0,23.0,22.0,22.6,0.8,22.0
2021-10-29,2745,14000.0,314050.0,22.7,22.7,22.3,22.35,-0.25,10.0
2021-11-01,2745,13000.0,291150.0,22.35,22.9,22.35,22.9,0.55,12.0
2021-11-02,2745,32000.0,734650.0,22.9,23.2,22.9,22.9,0.0,19.0
2021-11-03,2745,24000.0,552200.0,23.0,23.15,22.9,23.0,0.1,19.0
2021-11-04,2745,6000.0,137450.0,22.8,23.0,22.8,23.0,0.0,6.0
2021-11-05,2745,21020.0,486404.0,23.3,23.3,22.9,22.9,-0.1,13.0
2021-11-08,2745,78012.0,1858319.0,23.3,24.1,23.25,24.1,1.2,61.0
2021-11-09,2745,45040.0,1082860.0,24.2,24.2,23.75,24.15,0.05,35.0
2021-11-10,2745,57597.0,1391772.0,24.15,24.4,23.6,24.3,0.15,59.0
2021-11-11,2745,131156.0,3258091.0,24.45,25.25,24.35,24.8,0.5,81.0
2021-11-12,2745,61040.0,1516334.0,25.55,25.55,24.6,24.8,0.0,34.0
2021-11-15,2745,33370.0,809443.0,24.35,24.4,24.1,24.1,-0.7,28.0
2021-11-16,2745,32251.0,798163.0,24.15,25.0,24.15,24.8,0.7,33.0
2021-11-17,2745,30180.0,748858.0,24.9,25.1,24.5,24.8,0.0,12.0
2021-11-18,2745,5150.0,126380.0,24.8,24.8,24.4,24.4,-0.4,7.0
2021-11-19,2745,21062.0,510194.0,24.4,24.4,24.1,24.1,-0.3,16.0
2021-11-22,2745,35000.0,831050.0,24.0,24.0,23.5,24.0,-0.1,26.0
2021-11-23,2745,18005.0,432471.0,24.05,24.05,24.0,24.0,0.0,13.0
2021-11-24,2745,18005.0,431164.0,24.0,24.0,23.5,24.0,0.0,14.0
2021-11-25,2745,34000.0,802050.0,24.0,24.05,23.3,23.6,-0.4,29.0
2021-11-26,2745,43046.0,1000087.0,23.6,23.6,23.05,23.05,-0.55,35.0
2021-11-29,2745,34002.0,750394.0,22.6,22.6,21.25,22.1,-0.95,25.0
2021-11-30,2745,10000.0,224350.0,22.15,22.5,22.15,22.5,0.4,10.0
2021-12-01,2745,15038.0,338449.0,22.55,22.55,22.5,22.5,0.0,10.0
2021-12-02,2745,8001.0,180023.0,22.5,22.5,22.5,22.5,0.0,7.0
2021-12-03,2745,6000.0,135050.0,22.5,22.55,22.5,22.5,0.0,5.0
2021-12-06,2745,8000.0,180450.0,22.55,22.65,22.5,22.55,0.05,7.0
2021-12-07,2745,2080.0,46917.0,22.6,22.6,22.55,22.55,0.0,5.0
2021-12-08,2745,6004.0,136490.0,22.65,22.8,22.6,22.75,0.2,6.0
2021-12-09,2745,8038.0,184564.0,22.75,23.55,22.7,23.55,0.8,10.0
2021-12-10,2745,8000.0,183050.0,22.9,22.95,22.8,22.95,-0.6,8.0
2021-12-13,2745,2000.0,46400.0,23.2,23.2,23.2,23.2,0.25,2.0
2021-12-14,2745,7250.0,164424.0,22.9,22.9,22.5,22.5,-0.7,9.0
2021-12-15,2745,6000.0,138300.0,23.0,23.3,23.0,23.3,0.8,5.0
2021-12-16,2745,5096.0,117085.0,23.0,23.0,22.9,22.9,-0.4,9.0
2021-12-17,2745,17000.0,389300.0,22.9,22.9,22.9,22.9,0.0,6.0
2021-12-20,2745,0.0,0.0,0.0,0.0,0.0,0.0,0.0,0.0
2021-12-21,2745,13000.0,289050.0,22.15,22.5,22.15,22.5,-0.3,10.0
2021-12-22,2745,6000.0,135800.0,22.75,22.75,22.4,22.4,-0.1,6.0
2021-12-23,2745,11050.0,247665.0,22.4,22.55,22.4,22.4,0.0,9.0
2021-12-24,2745,4000.0,89600.0,22.4,22.4,22.4,22.4,0.0,4.0
2021-12-27,2745,10000.0,221100.0,22.4,22.4,21.9,22.1,-0.3,10.0
2021-12-28,2745,21100.0,465910.0,22.1,22.1,22.0,22.1,0.0,13.0
2021-12-29,2745,15495.0,348285.0,22.1,22.8,22.1,22.8,0.7,14.0
2021-12-30,2745,20000.0,458600.0,22.85,22.95,22.85,22.95,0.15,17.0
2022-01-03,2745,56300.0,1304709.0,22.95,23.5,22.95,23.1,0.15,28.0
2022-01-04,2745,11000.0,251100.0,23.05,23.05,22.6,22.8,-0.3,8.0
2022-01-05,2745,14000.0,319650.0,22.85,22.85,22.8,22.8,0.0,11.0
2022-01-06,2745,2057.0,46899.0,22.8,22.8,22.8,22.8,0.0,3.0
2022-01-07,2745,47022.0,1073900.0,22.95,22.95,22.5,22.5,-0.3,18.0
2022-01-10,2745,12010.0,266070.0,22.15,22.2,22.15,22.2,-0.3,12.0
2022-01-11,2745,38000.0,840750.0,22.2,22.2,22.05,22.2,0.0,22.0
2022-01-12,2745,7000.0,156100.0,22.3,22.3,22.3,22.3,0.1,7.0
2022-01-13,2745,4000.0,87900.0,22.3,22.3,21.85,21.85,-0.45,4.0
2022-01-14,2745,4000.0,88450.0,21.85,22.3,21.85,22.0,0.15,3.0
2022-01-17,2745,24000.0,528700.0,22.0,22.1,21.9,22.1,0.1,13.0
2022-01-18,2745,29000.0,655850.0,22.1,23.0,22.1,22.5,0.4,16.0
2022-01-19,2745,7000.0,157100.0,22.1,22.5,22.1,22.5,0.0,6.0
2022-01-20,2745,12024.0,270246.0,22.45,22.5,22.45,22.5,0.0,12.0
2022-01-21,2745,7000.0,155650.0,22.25,22.25,22.15,22.15,-0.35,3.0
2022-01-24,2745,23000.0,507800.0,22.0,22.2,22.0,22.2,0.05,16.0
2022-01-25,2745,25000.0,551350.0,22.0,22.2,22.0,22.2,0.0,17.0
2022-01-26,2745,43345.0,962958.0,21.9,22.7,21.7,22.7,0.5,33.0
2022-02-07,2745,44361.0,1035278.0,23.0,23.95,22.7,23.95,1.25,38.0
2022-02-08,2745,104149.0,2521159.0,23.7,24.8,23.7,24.1,0.15,66.0
2022-02-09,2745,46109.0,1096721.0,24.1,24.1,23.0,23.9,-0.2,29.0
2022-02-10,2745,12002.0,286646.0,24.4,24.4,23.55,24.0,0.1,9.0
2022-02-11,2745,279290.0,6984393.0,23.95,25.5,23.5,25.15,1.15,151.0
2022-02-14,2745,188825.0,4779138.0,25.15,25.7,24.9,25.6,0.45,123.0
2022-02-15,2745,389627.0,10577945.0,25.9,28.15,25.4,26.8,1.2,271.0
2022-02-16,2745,272009.0,7428449.0,26.8,27.8,26.8,27.2,0.4,203.0
2022-02-17,2745,827964.0,24264990.0,27.5,29.9,27.2,29.9,2.7,519.0
2022-02-18,2745,1236249.0,38812010.0,29.9,32.85,29.8,32.85,2.95,732.0
2022-02-21,2745,1675806.0,56819062.0,33.8,36.1,30.8,35.9,3.05,1101.0
2022-02-22,2745,965814.0,32631307.0,34.8,35.2,32.4,34.5,-1.4,683.0
2022-02-23,2745,769299.0,27129100.0,34.45,37.8,33.5,37.8,3.3,471.0
2022-02-24,2745,1378362.0,54616440.0,37.7,41.5,36.45,40.0,2.2,914.0
2022-02-25,2745,877621.0,33484802.0,39.2,40.2,36.5,37.55,-2.45,644.0
2022-03-01,2745,388016.0,14063127.0,37.5,37.5,34.55,36.55,-1.0,265.0
2022-03-02,2745,279274.0,10211044.0,36.55,37.0,36.3,36.5,-0.05,154.0
2022-03-03,2745,595231.0,22847897.0,37.25,39.5,36.7,39.3,2.8,459.0
2022-03-04,2745,393122.0,14688860.0,38.45,38.45,37.0,37.05,-2.25,301.0
2022-03-07,2745,429901.0,14460100.0,34.0,34.4,33.35,34.4,-2.65,302.0
2022-03-08,2745,419930.0,13717718.0,31.3,33.8,31.3,32.5,-1.9,264.0
2022-03-09,2745,317848.0,10089759.0,32.0,32.8,31.4,31.4,-1.1,241.0
2022-03-10,2745,470311.0,16034477.0,32.6,34.5,32.6,34.5,3.1,244.0
2022-03-11,2745,396584.0,13115860.0,33.2,33.95,32.3,33.4,-1.1,261.0
2022-03-14,2745,216447.0,7339467.0,33.95,34.9,33.3,33.4,0.0,146.0
2022-03-15,2745,250259.0,7983071.0,34.25,34.25,30.95,32.7,-0.7,183.0
2022-03-16,2745,81414.0,2665390.0,33.4,33.4,32.0,32.0,-0.7,71.0
2022-03-17,2745,337346.0,11353347.0,32.5,35.05,32.1,33.85,1.85,239.0
2022-03-18,2745,269312.0,9149942.0,32.7,34.7,32.7,34.45,0.6,217.0
2022-03-21,2745,128694.0,4294360.0,34.4,34.4,32.85,33.3,-1.15,118.0
2022-03-22,2745,342379.0,11764492.0,33.75,36.4,32.25,35.25,1.95,241.0
2022-03-23,2745,417612.0,14869295.0,35.25,36.45,34.2,35.3,0.05,322.0
2022-03-24,2745,169772.0,5880638.0,33.85,35.35,33.85,34.8,-0.5,141.0
2022-03-25,2745,590961.0,21774412.0,38.2,38.2,35.05,36.65,1.85,433.0
2022-03-28,2745,319738.0,10825050.0,33.3,34.85,33.3,34.85,-1.8,217.0
2022-03-29,2745,408642.0,14792266.0,35.0,37.2,34.5,36.05,1.2,289.0
2022-03-30,2745,311630.0,11328277.0,36.05,37.5,35.6,35.6,-0.45,239.0
2022-03-31,2745,352277.0,12733316.0,35.4,36.95,35.0,36.65,1.05,230.0
2022-04-01,2745,209168.0,7472239.0,35.5,36.35,35.05,35.6,-1.05,169.0
2022-04-06,2745,139400.0,4860048.0,35.0,35.5,34.45,35.2,-0.4,114.0
2022-04-07,2745,203493.0,7077577.0,35.2,36.0,34.25,34.3,-0.9,173.0
2022-04-08,2745,188589.0,6599617.0,34.5,35.95,34.0,35.1,0.8,154.0
2022-04-11,2745,194164.0,6574012.0,35.3,35.3,33.2,33.75,-1.35,150.0
2022-04-12,2745,86203.0,2883094.0,33.7,33.9,33.05,33.35,-0.4,65.0
2022-04-13,2745,517017.0,18762321.0,33.5,36.65,33.5,36.65,3.3,273.0
2022-04-14,2745,1781618.0,71137805.0,38.6,40.3,38.6,40.3,3.65,1136.0
2022-04-15,2745,1325441.0,50252968.0,38.2,40.0,36.5,37.15,-3.15,919.0
2022-04-18,2745,492881.0,17403088.0,35.0,37.05,34.55,35.0,-2.15,405.0
2022-04-19,2745,322132.0,11380960.0,34.45,36.25,34.45,34.95,-0.05,237.0
2022-04-20,2745,167079.0,5815897.0,35.3,35.3,34.5,34.5,-0.45,152.0
2022-04-21,2745,86725.0,2994351.0,34.5,35.1,34.0,34.6,0.1,81.0
2022-04-22,2745,109056.0,3755133.0,34.85,34.85,34.1,34.65,0.05,99.0
2022-04-25,2745,280505.0,9748281.0,34.15,36.4,33.5,35.95,1.3,208.0
2022-04-26,2745,205898.0,7415196.0,36.0,37.3,35.0,35.7,-0.25,172.0
2022-04-27,2745,105565.0,3689240.0,35.1,35.65,34.1,35.15,-0.55,101.0
2022-04-28,2745,79000.0,2759850.0,35.3,35.3,34.6,35.0,-0.15,64.0
2022-04-29,2745,542282.0,20142227.0,35.05,38.2,35.05,37.0,2.0,406.0
2022-05-03,2745,337782.0,12565900.0,36.5,38.4,36.15,36.8,-0.2,281.0
2022-05-04,2745,227589.0,8341052.0,36.8,37.05,36.25,36.7,-0.1,167.0
2022-05-05,2745,112141.0,4160832.0,37.9,37.9,36.55,36.65,-0.05,105.0
2022-05-06,2745,247503.0,9216560.0,36.0,37.9,36.0,37.9,1.25,195.0
2022-05-09,2745,1207798.0,48517878.0,39.0,41.65,38.1,41.65,3.75,775.0
2022-05-10,2745,873323.0,35423454.0,41.65,41.8,39.05,40.75,-0.9,619.0
2022-05-11,2745,415919.0,16784475.0,41.45,41.45,39.8,40.5,-0.25,334.0
2022-05-12,2745,731128.0,27764267.0,40.0,40.9,36.45,36.95,-3.55,541.0
2022-05-13,2745,299015.0,10689016.0,35.7,36.95,34.5,36.2,-0.75,228.0
2022-05-16,2745,167528.0,5994977.0,36.2,37.4,35.1,37.4,1.2,146.0
2022-05-17,2745,96700.0,3584392.0,37.2,37.4,36.65,36.9,-0.5,84.0
2022-05-18,2745,125573.0,4665392.0,37.65,37.65,36.8,37.0,0.1,96.0
2022-05-19,2745,177145.0,6301909.0,36.5,36.95,35.0,36.0,-1.0,152.0
2022-05-20,2745,81354.0,2972610.0,37.85,37.85,36.0,36.2,0.2,60.0
2022-05-23,2745,530575.0,20638947.0,36.2,39.8,36.2,39.7,3.5,362.0
2022-05-24,2745,393251.0,15144814.0,39.1,39.6,37.8,38.1,-1.6,299.0
2022-05-25,2745,278505.0,10974755.0,38.0,40.5,38.0,39.7,1.6,220.0
2022-05-26,2745,157064.0,6159990.0,39.4,39.95,38.55,38.95,-0.75,133.0
2022-05-27,2745,306251.0,12314330.0,41.4,42.0,39.4,39.65,0.7,244.0
2022-05-30,2745,836408.0,35965415.0,40.65,43.6,40.15,43.6,3.95,457.0
2022-05-31,2745,1536692.0,69729007.0,43.6,47.95,41.2,47.95,4.35,978.0
2022-06-01,2745,1163948.0,57525126.0,47.9,52.0,46.25,49.9,1.95,934.0
2022-06-02,2745,1154155.0,61386126.0,50.0,54.8,48.5,54.8,4.9,809.0
2022-06-06,2745,1959396.0,114178770.0,55.7,60.2,54.8,60.2,5.4,1009.0
2022-06-07,2745,2106716.0,117716479.0,57.0,60.2,54.2,56.0,-4.2,1488.0
2022-06-08,2745,945327.0,51112224.0,54.6,56.2,52.0,56.1,0.1,736.0
2022-06-09,2745,565777.0,30759138.0,54.9,55.5,53.0,53.9,-2.2,471.0
2022-06-10,2745,318997.0,16976671.0,53.7,54.5,52.2,53.5,-0.4,266.0
2022-06-13,2745,475880.0,25677878.0,54.0,55.6,52.5,52.9,-0.6,382.0
2022-06-14,2745,333035.0,16975521.0,52.0,52.0,49.7,51.3,-1.6,268.0
2022-06-15,2745,116104.0,6049450.0,51.1,53.0,51.1,51.5,0.2,112.0
2022-06-16,2745,274229.0,14322296.0,50.5,53.5,50.5,50.8,-0.7,218.0
2022-06-17,2745,270736.0,13783532.0,50.8,52.2,49.0,52.0,1.2,225.0
2022-06-20,2745,262570.0,13122731.0,48.0,52.5,48.0,48.9,-3.1,215.0
2022-06-21,2745,470814.0,24095905.0,49.6,52.3,49.6,52.0,3.1,328.0
2022-06-22,2745,529756.0,26787472.0,51.0,53.2,48.35,48.8,-3.2,419.0
2022-06-23,2745,379229.0,18270782.0,47.5,49.5,46.15,48.5,-0.3,286.0
2022-06-24,2745,311121.0,14863319.0,49.0,49.5,46.6,47.45,-1.05,314.0
2022-06-27,2745,357963.0,17348850.0,48.15,49.9,47.05,49.9,2.45,271.0
2022-06-28,2745,233139.0,11132082.0,49.3,49.3,47.1,47.4,-2.5,237.0
2022-06-29,2745,152310.0,7194046.0,46.25,47.9,46.25,47.2,-0.2,131.0
2022-06-30,2745,215279.0,9850054.0,47.35,47.8,45.0,45.0,-2.2,183.0
2022-07-01,2745,365887.0,15309300.0,45.9,45.9,40.5,40.5,-4.5,271.0
2022-07-04,2745,416757.0,16756397.0,39.8,41.85,39.0,39.9,-0.6,250.0
2022-07-05,2745,239238.0,9618828.0,39.9,41.0,39.1,40.65,0.75,171.0
2022-07-06,2745,272908.0,10471883.0,40.15,40.85,37.25,37.5,-3.15,199.0
2022-07-07,2745,397471.0,14387814.0,37.55,37.95,33.8,37.5,0.0,286.0
2022-07-08,2745,158451.0,6100514.0,37.6,39.3,37.6,38.05,0.55,155.0
2022-07-11,2745,110262.0,4291147.0,38.95,39.5,38.4,39.0,0.95,96.0
2022-07-12,2745,211445.0,7743443.0,39.05,39.1,35.6,36.2,-2.8,187.0
2022-07-13,2745,121083.0,4525141.0,36.6,38.45,36.6,37.0,0.8,102.0
2022-07-14,2745,101000.0,3687250.0,37.2,37.2,35.9,36.7,-0.3,79.0
2022-07-15,2745,116190.0,4225630.0,37.0,37.35,35.95,35.95,-0.75,92.0
2022-07-18,2745,377408.0,14799764.0,36.4,39.5,36.4,39.5,3.55,164.0
2022-07-19,2745,911603.0,39307294.0,42.5,43.45,42.0,43.45,3.95,593.0
2022-07-20,2745,1338166.0,62130636.0,44.0,47.75,44.0,47.75,4.3,923.0
2022-07-21,2745,949604.0,42966930.0,48.0,48.0,43.85,46.0,-1.75,717.0
2022-07-22,2745,688077.0,31265138.0,45.4,47.0,44.0,46.0,0.0,468.0
2022-07-25,2745,323805.0,14362016.0,44.85,45.3,43.8,44.0,-2.0,289.0
2022-07-26,2745,778716.0,36299944.0,44.0,48.05,44.0,45.1,1.1,590.0
2022-07-27,2745,399919.0,17815089.0,43.6,46.4,43.6,44.05,-1.05,343.0
2022-07-28,2745,239493.0,10450021.0,44.7,45.35,43.0,43.2,-0.85,263.0
2022-07-29,2745,157588.0,6761882.0,43.6,43.6,42.6,43.2,0.0,142.0
2022-08-01,2745,211021.0,8909610.0,43.7,43.7,41.5,41.75,-1.45,194.0
2022-08-02,2745,270404.0,10748257.0,41.5,41.5,39.0,39.9,-1.85,228.0
2022-08-03,2745,179324.0,6981263.0,40.5,40.5,38.35,38.65,-1.25,141.0
2022-08-04,2745,164006.0,6207341.0,36.65,39.1,36.65,39.1,0.45,133.0
2022-08-05,2745,220170.0,8831870.0,39.5,41.0,39.4,39.95,0.85,158.0
2022-08-08,2745,141303.0,5531662.0,40.7,40.7,38.8,39.5,-0.45,94.0
2022-08-09,2745,149000.0,5897350.0,38.65,40.35,38.65,39.6,0.1,101.0
2022-08-10,2745,63000.0,2507700.0,39.6,40.35,39.6,39.75,0.15,58.0
2022-08-11,2745,117095.0,4679984.0,41.0,41.0,39.5,39.65,-0.1,88.0
2022-08-12,2745,89204.0,3529611.0,40.1,40.1,39.35,39.6,-0.05,74.0
2022-08-15,2745,75600.0,2992501.0,39.6,39.95,39.05,39.8,0.2,77.0
2022-08-16,2745,158300.0,6414549.0,39.75,41.2,39.75,39.8,0.0,130.0
2022-08-17,2745,71310.0,2833555.0,40.25,40.25,39.5,39.65,-0.15,68.0
2022-08-18,2745,61597.0,2433291.0,40.0,40.0,39.35,39.6,-0.05,55.0
2022-08-19,2745,319682.0,13065598.0,39.65,43.4,39.05,42.1,2.5,256.0
2022-08-22,2745,233249.0,9691934.0,42.3,42.5,40.5,41.7,-0.4,192.0
2022-08-23,2745,88985.0,3610571.0,41.4,41.4,40.3,40.5,-1.2,106.0
2022-08-24,2745,90796.0,3667970.0,40.9,40.9,40.0,40.15,-0.35,108.0
2022-08-25,2745,40494.0,1643288.0,40.9,40.9,40.3,40.8,0.65,43.0
2022-08-26,2745,576985.0,25300775.0,41.1,44.85,40.85,44.85,4.05,374.0
2022-08-29,2745,927342.0,41758558.0,43.45,47.35,42.05,44.3,-0.55,755.0
2022-08-30,2745,289929.0,12694585.0,44.25,45.0,43.0,43.35,-0.95,269.0
2022-08-31,2745,320349.0,14107391.0,43.35,45.0,42.1,44.05,0.7,286.0
2022-09-01,2745,236780.0,10238129.0,43.35,44.35,42.3,43.2,-0.85,219.0
2022-09-02,2745,78233.0,3367080.0,43.45,43.45,42.7,43.0,-0.2,80.0
2022-09-05,2745,62577.0,2671216.0,42.85,42.85,42.4,42.5,-0.5,50.0
2022-09-06,2745,206239.0,9081040.0,43.0,45.9,43.0,43.2,0.7,180.0
2022-09-07,2745,95212.0,4063082.0,42.55,43.2,42.55,42.7,-0.5,89.0
2022-09-08,2745,84597.0,3676213.0,43.55,43.7,43.05,43.6,0.9,77.0
2022-09-12,2745,200382.0,8971371.0,44.8,45.3,43.85,44.45,0.85,142.0
2022-09-13,2745,454082.0,20936242.0,45.5,47.8,44.9,47.8,3.35,356.0
2022-09-14,2745,731147.0,35250324.0,46.6,50.0,46.0,50.0,2.2,722.0
2022-09-15,2745,583105.0,28971590.0,50.5,51.7,47.1,48.3,-1.7,659.0
2022-09-16,2745,773493.0,39086341.0,48.5,52.0,48.4,51.7,3.4,640.0
2022-09-19,2745,535052.0,27172685.0,52.5,52.5,49.05,49.7,-2.0,424.0
2022-09-20,2745,400164.0,20605439.0,50.0,52.2,50.0,51.1,1.4,342.0
2022-09-21,2745,304358.0,15617131.0,51.8,52.3,50.5,51.1,0.0,265.0
2022-09-22,2745,1279467.0,69207040.0,51.5,56.0,51.1,53.0,1.9,1126.0
2022-09-23,2745,1243495.0,64340559.0,55.0,55.1,50.0,50.8,-2.2,900.0
2022-09-26,2745,500125.0,24131928.0,48.6,49.85,46.15,47.25,-3.55,429.0
2022-09-27,2745,385560.0,17099392.0,47.0,47.25,43.1,45.3,-1.95,344.0
2022-09-28,2745,393204.0,16578567.0,45.75,45.8,41.0,41.0,-4.3,347.0
2022-09-29,2745,244094.0,10217158.0,41.8,42.45,41.05,41.55,0.55,204.0
2022-09-30,2745,303445.0,13084793.0,41.5,44.85,40.1,44.35,2.8,269.0
2022-10-03,2745,220880.0,9831228.0,44.4,47.0,43.0,43.6,-0.75,248.0
2022-10-04,2745,92096.0,4032772.0,44.1,44.7,43.5,43.75,0.15,78.0
2022-10-05,2745,98104.0,4271787.0,43.8,43.95,42.85,42.9,-0.85,81.0
2022-10-06,2745,76229.0,3296700.0,42.9,43.95,42.9,43.5,0.6,76.0
2022-10-07,2745,238990.0,10734688.0,43.5,46.0,43.5,44.8,1.3,227.0
2022-10-11,2745,126563.0,5562577.0,44.8,45.3,43.0,44.0,-0.8,112.0
2022-10-12,2745,87187.0,3867356.0,44.8,44.8,43.6,44.3,0.3,72.0
2022-10-13,2745,282161.0,11536213.0,44.0,44.2,39.9,39.9,-4.4,244.0
2022-10-14,2745,305057.0,11673203.0,40.4,40.4,36.15,39.1,-0.8,246.0
2022-10-17,2745,272330.0,9729464.0,36.9,37.4,35.2,35.5,-3.6,272.0
2022-10-18,2745,119891.0,4190990.0,36.1,36.1,33.9,34.9,-0.6,86.0
2022-10-19,2745,89796.0,3121026.0,35.5,35.5,33.8,33.8,-1.1,83.0
2022-10-20,2745,301080.0,9366455.0,33.0,33.0,30.45,30.65,-3.15,271.0
2022-10-21,2745,141101.0,4340690.0,30.5,31.35,30.2,30.2,-0.45,118.0
2022-10-24,2745,54137.0,1669274.0,31.3,31.3,30.25,30.65,0.45,50.0
2022-10-25,2745,195260.0,5646671.0,30.0,30.0,28.4,28.5,-2.15,202.0
2022-10-26,2745,109208.0,3142162.0,29.3,29.3,28.5,28.9,0.4,89.0
2022-10-27,2745,110930.0,3310177.0,28.9,30.4,28.9,30.4,1.5,82.0
2022-10-28,2745,50915.0,1496052.0,30.0,30.0,29.0,29.2,-1.2,137.0
2022-10-31,2745,24175.0,721026.0,29.6,30.0,29.6,29.8,0.6,23.0
2022-11-01,2745,119879.0,3692538.0,29.8,31.35,29.8,31.0,1.2,100.0
2022-11-02,2745,55300.0,1744071.0,31.7,32.35,31.1,31.3,0.3,77.0
2022-11-03,2745,34100.0,1056840.0,31.1,31.35,30.0,31.2,-0.1,33.0
2022-11-04,2745,39002.0,1228862.0,31.0,31.8,31.0,31.5,0.3,34.0
2022-11-07,2745,78202.0,2464628.0,31.55,31.9,31.05,31.8,0.3,71.0
2022-11-08,2745,87592.0,2810317.0,31.5,32.4,31.5,32.05,0.25,69.0
2022-11-09,2745,56551.0,1805830.0,32.0,32.1,31.5,31.95,-0.1,58.0
2022-11-10,2745,27498.0,868074.0,31.95,31.95,31.2,31.3,-0.65,63.0
2022-11-11,2745,47200.0,1503950.0,32.5,32.55,31.6,31.7,0.4,41.0
2022-11-14,2745,49080.0,1557195.0,31.8,31.95,31.5,31.85,0.15,43.0
2022-11-15,2745,59050.0,1884191.0,31.9,32.1,31.7,32.1,0.25,54.0
2022-11-16,2745,62091.0,1960621.0,32.1,32.1,31.5,31.85,-0.25,43.0
2022-11-17,2745,116102.0,3793856.0,32.0,33.0,32.0,33.0,1.15,86.0
2022-11-18,2745,265416.0,9286278.0,32.95,36.2,32.95,35.35,2.35,217.0
2022-11-21,2745,90249.0,3146592.0,35.9,35.9,34.5,34.5,-0.85,89.0
2022-11-22,2745,39000.0,1357650.0,34.7,35.0,34.6,35.0,0.5,34.0
2022-11-23,2745,31102.0,1091825.0,35.55,35.55,34.9,35.05,0.05,34.0
2022-11-24,2745,45020.0,1572296.0,35.4,35.4,34.85,34.85,-0.2,40.0
2022-11-25,2745,54194.0,1861796.0,34.75,34.75,34.0,34.1,-0.75,137.0
2022-11-28,2745,77388.0,2674073.0,34.1,35.0,34.1,34.9,0.8,99.0
2022-11-29,2745,212928.0,7633632.0,35.95,36.4,35.3,35.9,1.0,158.0
2022-11-30,2745,126107.0,4631873.0,35.6,37.5,35.6,37.5,1.6,212.0
2022-12-01,2745,153540.0,5812074.0,37.8,38.4,37.5,37.8,0.3,107.0
2022-12-02,2745,71718.0,2631258.0,36.7,37.6,36.55,36.8,-1.0,150.0
2022-12-05,2745,45260.0,1675119.0,36.8,37.1,36.8,37.05,0.25,70.0
2022-12-06,2745,40000.0,1468450.0,37.05,37.05,36.35,36.35,-0.7,33.0
2022-12-07,2745,78011.0,2788798.0,36.35,36.4,35.5,35.9,-0.45,49.0
2022-12-08,2745,38000.0,1375400.0,36.0,36.4,35.6,36.4,0.5,29.0
2022-12-09,2745,441970.0,17482740.0,37.15,40.0,36.5,40.0,3.6,267.0
2022-12-12,2745,284978.0,11316239.0,40.05,41.5,37.5,39.3,-0.7,238.0
2022-12-13,2745,156059.0,6016733.0,39.3,39.4,38.0,38.3,-1.0,117.0
2022-12-14,2745,86915.0,3288035.0,38.0,38.1,37.5,38.1,-0.2,75.0
2022-12-15,2745,427922.0,17437453.0,38.1,41.9,37.65,41.9,3.8,285.0
2022-12-16,2745,718676.0,30312077.0,41.3,44.2,40.8,40.9,-1.0,580.0
2022-12-19,2745,168026.0,6597401.0,42.5,42.5,38.0,39.0,-1.9,245.0
2022-12-20,2745,125993.0,4871207.0,38.5,39.1,38.2,38.3,-0.7,115.0
2022-12-21,2745,48307.0,1888303.0,39.0,39.4,38.7,39.0,0.7,52.0
2022-12-22,2745,60184.0,2361065.0,39.05,39.8,39.0,39.0,0.0,59.0
2022-12-23,2745,25081.0,965664.0,39.0,39.0,38.25,38.5,-0.5,29.0
2022-12-26,2745,47093.0,1843411.0,38.5,40.5,38.2,39.0,0.5,45.0
2022-12-27,2745,462520.0,19613447.0,40.35,42.9,40.35,41.5,2.5,339.0
2022-12-28,2745,303793.0,12224237.0,39.5,42.4,39.5,40.5,-1.0,261.0
2022-12-29,2745,76287.0,3008485.0,39.95,39.95,39.15,39.7,-0.8,104.0
2022-12-30,2745,143223.0,5736834.0,39.6,40.5,39.6,40.0,0.3,109.0
2023-01-03,2745,46235.0,1841278.0,40.4,40.4,39.65,39.85,-0.15,60.0
2023-01-04,2745,58259.0,2325528.0,39.85,40.0,39.8,40.0,0.15,53.0
2023-01-05,2745,58115.0,2330761.0,40.5,40.5,39.9,39.9,-0.1,51.0
2023-01-06,2745,33564.0,1338858.0,39.8,40.0,39.8,39.9,0.0,45.0
2023-01-09,2745,55955.0,2237222.0,40.0,40.15,39.85,40.05,0.15,61.0
2023-01-10,2745,67046.0,2687098.0,40.2,40.25,39.9,40.15,0.1,76.0
2023-01-11,2745,82934.0,3272522.0,39.6,39.85,39.2,39.6,0.0,78.0
2023-01-12,2745,27464.0,1077558.0,39.5,39.5,39.1,39.2,-0.4,42.0
2023-01-13,2745,39070.0,1521609.0,39.2,39.2,38.7,38.8,-0.4,39.0
2023-01-16,2745,38445.0,1510872.0,38.8,40.0,38.8,38.9,0.1,83.0
2023-01-17,2745,38063.0,1488133.0,38.8,39.75,38.8,39.2,0.3,42.0
2023-01-30,2745,47181.0,1837335.0,38.8,39.2,38.8,38.8,-0.4,82.0
2023-01-31,2745,60263.0,2349842.0,38.8,39.1,38.8,39.1,0.3,82.0
2023-02-01,2745,153477.0,6115872.0,39.85,39.95,39.65,39.8,0.7,136.0
2023-02-02,2745,100730.0,3962715.0,39.8,39.8,39.05,39.4,-0.4,170.0
2023-02-03,2745,192534.0,7724573.0,39.4,40.5,39.4,40.0,0.6,151.0
2023-02-06,2745,250743.0,10103569.0,40.0,40.6,39.7,40.4,0.4,228.0
2023-02-07,2745,79185.0,3132953.0,40.0,40.0,39.2,39.6,-0.8,155.0
2023-02-08,2745,54550.0,2157840.0,39.65,39.85,39.4,39.6,0.0,53.0
2023-02-09,2745,111094.0,4455553.0,40.5,40.6,39.8,39.85,0.25,103.0
2023-02-10,2745,77501.0,3057264.0,39.95,39.95,39.3,39.3,-0.55,66.0
2023-02-13,2745,62000.0,2431850.0,39.35,39.4,39.05,39.25,-0.05,47.0
2023-02-14,2745,148732.0,5898805.0,39.8,39.95,39.55,39.75,0.5,114.0
2023-02-15,2745,1135145.0,46470886.0,39.6,43.0,39.35,41.7,1.95,1037.0
2023-02-16,2745,756112.0,31586759.0,41.7,42.0,41.3,41.75,0.05,849.0
2023-02-17,2745,417457.0,17389041.0,41.5,42.5,40.7,41.9,0.15,704.0
2023-02-20,2745,621176.0,26203696.0,41.9,42.5,41.7,42.4,0.5,530.0
2023-02-21,2745,316225.0,13163228.0,42.5,42.5,41.05,41.5,-0.9,893.0
2023-02-22,2745,313970.0,13084089.0,41.1,42.15,40.7,42.15,0.65,407.0
2023-02-23,2745,594879.0,25421399.0,42.15,43.4,42.05,42.6,0.45,641.0
2023-02-24,2745,311229.0,13088523.0,42.6,42.8,41.4,42.35,-0.25,342.0
2023-03-01,2745,133215.0,5512061.0,42.35,42.35,40.9,41.2,-1.15,147.0
2023-03-02,2745,186629.0,7697859.0,41.2,41.9,41.0,41.2,0.0,169.0
2023-03-03,2745,1358523.0,59718730.0,45.2,45.25,42.5,43.85,2.65,1133.0
2023-03-06,2745,598305.0,26454344.0,44.0,44.95,42.2,44.3,0.45,533.0
2023-03-07,2745,185533.0,8167745.0,44.3,44.35,43.8,43.85,-0.45,152.0
2023-03-08,2745,222621.0,9567807.0,43.8,43.8,42.5,42.9,-0.95,223.0
2023-03-09,2745,155483.0,6717115.0,42.9,43.7,42.8,43.7,0.8,167.0
2023-03-10,2745,276973.0,11839277.0,44.2,44.25,41.6,42.1,-1.6,336.0
2023-03-13,2745,226215.0,9619979.0,42.65,43.3,41.2,42.75,0.65,191.0
2023-03-14,2745,78930.0,3344760.0,42.75,42.75,41.8,41.8,-0.95,103.0
2023-03-15,2745,72000.0,3008350.0,42.0,42.15,41.45,41.55,-0.25,59.0
2023-03-16,2745,265268.0,10571051.0,41.3,41.5,38.75,39.1,-2.45,249.0
2023-03-17,2745,161770.0,6508170.0,41.45,41.5,39.95,40.0,0.9,143.0
2023-03-20,2745,98704.0,3945628.0,40.5,40.5,39.2,39.9,-0.1,95.0
2023-03-21,2745,114501.0,4639607.0,40.0,41.05,40.0,40.05,0.15,108.0
2023-03-22,2745,115880.0,4716270.0,40.45,40.95,40.25,40.85,0.8,108.0
2023-03-23,2745,174805.0,7188319.0,41.0,41.5,40.8,41.2,0.35,188.0
2023-03-24,2745,83825.0,3413089.0,41.5,41.5,40.5,40.55,-0.65,293.0
2023-03-27,2745,86544.0,3517880.0,40.8,40.95,40.5,40.75,0.2,226.0
2023-03-28,2745,294211.0,12088540.0,40.7,42.0,40.5,40.5,-0.25,365.0
2023-03-29,2745,146577.0,6018591.0,41.0,41.6,40.7,40.8,0.3,155.0
2023-03-30,2745,100187.0,4051781.0,41.5,41.5,40.05,40.35,-0.45,169.0
2023-03-31,2745,43307.0,1755054.0,41.0,41.0,40.35,40.4,0.05,43.0
2023-04-06,2745,61179.0,2450148.0,40.4,40.4,39.9,39.95,-0.45,58.0
2023-04-07,2745,99931.0,3969080.0,39.7,39.95,39.55,39.6,-0.35,87.0
2023-04-10,2745,40251.0,1594399.0,39.8,39.8,39.4,39.6,0.0,41.0
2023-04-11,2745,58680.0,2348122.0,40.1,40.15,39.9,39.9,0.3,58.0
2023-04-12,2745,83977.0,3360201.0,40.4,40.4,39.9,40.1,0.2,106.0
2023-04-13,2745,462958.0,19320049.0,40.1,42.25,40.1,41.8,1.7,439.0
2023-04-14,2745,577284.0,24535028.0,42.7,43.1,41.8,42.95,1.15,503.0
2023-04-17,2745,491973.0,21596505.0,43.5,45.0,43.15,43.45,0.5,629.0
2023-04-18,2745,388725.0,16256175.0,43.45,43.45,41.2,41.4,-2.05,566.0
2023-04-19,2745,204990.0,8538096.0,41.05,42.15,41.05,41.25,-0.15,173.0
2023-04-20,2745,174990.0,7077625.0,41.5,41.5,40.1,40.25,-1.0,372.0
2023-04-21,2745,149116.0,5934721.0,40.25,40.35,39.5,39.65,-0.6,153.0
2023-04-24,2745,53648.0,2131160.0,40.0,40.0,39.5,39.7,0.05,49.0
2023-04-25,2745,71598.0,2849226.0,39.65,40.0,39.5,39.85,0.15,75.0
2023-04-26,2745,30590.0,1209220.0,39.85,39.85,39.1,39.7,-0.15,31.0
2023-04-27,2745,58286.0,2301106.0,39.2,39.7,39.2,39.45,-0.25,66.0
2023-04-28,2745,54009.0,2172928.0,40.2,40.5,40.0,40.35,0.9,60.0
2023-05-02,2745,111264.0,4532528.0,40.45,41.0,40.45,40.8,0.45,90.0
2023-05-03,2745,345872.0,14423134.0,41.2,42.3,41.15,41.65,0.85,317.0
2023-05-04,2745,205101.0,8647428.0,43.0,43.0,41.9,42.0,0.35,171.0
2023-05-05,2745,110302.0,4632319.0,42.85,42.85,41.5,42.0,0.0,84.0
2023-05-08,2745,122332.0,5118302.0,42.9,42.9,41.0,42.0,0.0,150.0
2023-05-09,2745,269509.0,11419676.0,43.0,43.0,42.0,42.45,0.45,238.0
2023-05-10,2745,294201.0,12577621.0,43.0,43.1,42.2,43.0,0.55,219.0
2023-05-11,2745,1050510.0,46506601.0,43.85,45.0,43.2,44.5,1.5,974.0
2023-05-12,2745,1547727.0,71825774.0,45.7,48.95,44.0,48.95,4.45,1101.0
2023-05-15,2745,2681929.0,140989995.0,49.8,53.8,48.95,53.7,4.75,2244.0
2023-05-16,2745,2677728.0,152222007.0,53.4,59.0,52.1,59.0,5.3,1767.0
2023-05-17,2745,4415748.0,278330104.0,60.9,64.9,60.5,64.9,5.9,3088.0
2023-05-18,2745,3288797.0,212453037.0,65.3,67.0,61.0,63.3,-1.6,2593.0
2023-05-19,2745,1879397.0,119968263.0,62.0,66.4,60.9,64.1,0.8,1551.0
2023-05-22,2745,2573841.0,172317348.0,65.2,70.5,65.2,70.5,6.4,2043.0
2023-05-23,2745,1973762.0,144894465.0,71.0,77.5,68.8,77.2,6.7,1673.0
2023-05-24,2745,702146.0,51255775.0,73.2,76.9,71.0,71.0,-6.2,637.0
2023-05-25,2745,668569.0,46850591.0,71.3,73.0,67.8,73.0,2.0,529.0
2023-05-26,2745,521517.0,36421875.0,71.9,71.9,68.2,68.2,-4.8,416.0
2023-05-29,2745,352867.0,24353972.0,68.4,70.0,68.0,70.0,1.8,281.0
2023-05-30,2745,345633.0,24310968.0,70.8,71.0,69.3,70.5,0.5,272.0
2023-05-31,2745,734246.0,54380222.0,70.0,76.0,70.0,75.0,4.5,556.0
2023-06-01,2745,475311.0,35758150.0,74.0,76.0,74.0,75.8,0.8,337.0
2023-06-02,2745,550169.0,42852961.0,77.6,80.0,76.0,79.5,3.7,463.0
2023-06-05,2745,386790.0,31391839.0,80.0,82.0,80.0,81.5,2.0,323.0
2023-06-06,2745,651639.0,57085353.0,81.3,89.6,81.3,89.6,8.1,563.0
2023-06-07,2745,871491.0,85602245.0,98.0,98.5,95.5,98.5,8.9,512.0
2023-06-08,2745,2002872.0,210902933.0,103.0,108.0,99.0,108.0,9.5,1404.0
2023-06-09,2745,2782030.0,283421094.0,107.0,108.0,97.2,105.5,-2.5,2631.0
2023-06-12,2745,703076.0,68438579.0,99.9,99.9,95.0,95.0,-10.5,672.0
2023-06-13,2745,1138296.0,116998576.0,99.0,104.5,98.3,104.5,9.5,802.0
2023-06-14,2745,903751.0,94246070.0,104.5,108.0,100.5,101.5,-3.0,684.0
2023-06-15,2745,355638.0,36281221.0,102.0,104.0,100.0,102.0,0.5,324.0
2023-06-16,2745,239413.0,24608932.0,105.0,105.0,100.5,101.0,-1.0,241.0
2023-06-19,2745,391411.0,41293637.0,102.0,107.0,102.0,106.0,5.0,376.0
2023-06-20,2745,380068.0,41046418.0,109.5,109.5,105.0,108.0,2.0,351.0
2023-06-21,2745,680129.0,74560454.0,109.5,113.0,106.5,113.0,5.0,561.0
2023-06-26,2745,467877.0,51780693.0,112.5,113.0,108.0,111.0,-2.0,417.0
2023-06-27,2745,774212.0,83731141.0,109.5,114.0,102.5,105.0,-6.0,647.0
2023-06-28,2745,1859145.0,212169226.0,112.0,115.5,110.0,115.5,10.5,993.0
2023-06-29,2745,2146124.0,245521115.0,113.0,119.5,109.5,113.0,-2.5,1648.0
2023-06-30,2745,884844.0,97382711.0,113.0,113.5,106.0,111.0,-2.0,1015.0
2023-07-03,2745,934841.0,101973080.0,111.0,112.5,107.0,108.5,-2.5,997.0
2023-07-04,2745,1684260.0,175081793.0,108.5,110.0,99.0,100.5,-8.0,1530.0
2023-07-05,2745,2859414.0,298098150.0,104.0,109.5,99.5,102.5,2.0,2263.0
2023-07-06,2745,2011962.0,194528793.0,102.0,104.0,92.3,93.1,-9.4,2060.0
2023-07-07,2745,2328339.0,227160291.0,93.0,101.0,90.2,99.6,6.5,2213.0
2023-07-10,2745,1769223.0,177737294.0,102.0,103.0,98.0,101.0,1.4,1628.0
2023-07-11,2745,2038299.0,209923716.0,103.5,107.5,100.5,102.0,1.0,1593.0
2023-07-12,2745,1925256.0,185053662.0,103.0,103.0,91.9,93.8,-8.2,1936.0
2023-07-13,2745,2122567.0,191322937.0,95.3,95.3,87.6,87.7,-6.1,2186.0
2023-07-14,2745,2812596.0,251817517.0,87.5,95.0,83.1,90.5,2.8,2378.0
2023-07-17,2745,194161.0,16531805.0,83.6,89.5,83.6,84.9,-5.6,199.0
2023-07-18,2745,482691.0,39290454.0,85.8,85.8,78.0,78.5,-6.4,312.0
2023-07-19,2745,218940.0,17190737.0,78.5,80.0,77.0,78.0,-0.5,204.0
2023-07-20,2745,309101.0,25973484.0,78.0,85.8,78.0,85.8,7.8,257.0
2023-07-21,2745,278034.0,24204839.0,85.4,88.0,85.4,86.0,0.2,235.0
2023-07-24,2745,131847.0,10874620.0,88.0,88.0,80.0,80.0,-6.0,131.0
2023-07-25,2745,152537.0,12232755.0,81.0,82.5,79.0,82.3,2.3,149.0
2023-07-26,2745,205330.0,17679075.0,82.5,88.5,82.5,85.6,3.3,151.0
2023-07-27,2745,183127.0,16295727.0,87.4,90.3,87.0,90.1,4.5,190.0
2023-07-28,2745,868556.0,85470203.0,92.0,99.1,92.0,99.0,8.9,713.0
2023-07-31,2745,1892445.0,173821373.0,96.4,96.4,89.1,89.1,-9.9,1920.0
2023-08-01,2745,980620.0,87645033.0,87.1,92.5,85.0,87.1,-2.0,1303.0
2023-08-02,2745,598549.0,52448875.0,88.8,90.8,85.2,86.0,-1.1,951.0
2023-08-04,2745,347324.0,30317212.0,86.3,88.5,85.3,88.1,2.1,487.0
2023-08-07,2745,427155.0,37835890.0,89.0,89.8,87.0,89.3,1.2,692.0
2023-08-08,2745,2409287.0,225288977.0,91.2,97.4,89.0,90.9,1.6,2127.0
2023-08-09,2745,1407843.0,127135925.0,92.9,93.5,87.0,87.0,-3.9,1793.0
2023-08-10,2745,720953.0,60042079.0,87.0,87.7,80.7,81.5,-5.5,1246.0
2023-08-11,2745,1396138.0,119456803.0,86.9,88.9,82.2,84.9,3.4,1271.0
2023-08-14,2745,1648315.0,143720979.0,87.9,90.0,85.1,85.6,0.7,1941.0
2023-08-15,2745,823486.0,69790378.0,85.7,87.7,83.0,84.3,-1.3,1055.0
2023-08-16,2745,745665.0,60855491.0,84.3,84.3,79.8,79.8,-4.5,967.0
2023-08-17,2745,1500669.0,125887457.0,80.9,87.2,78.5,85.3,5.5,1369.0
2023-08-18,2745,1009496.0,82755246.0,83.9,85.5,79.7,79.9,-5.4,1431.0
2023-08-21,2745,524288.0,41805083.0,80.5,81.3,78.2,78.2,-1.7,510.0
2023-08-22,2745,976274.0,74045654.0,78.7,79.3,74.1,74.3,-3.9,861.0
2023-08-23,2745,1076376.0,82561607.0,75.4,78.7,74.7,76.3,2.0,1059.0
2023-08-24,2745,567899.0,42776618.0,77.0,77.0,74.6,74.8,-1.5,646.0
2023-08-25,2745,2274561.0,183299433.0,82.0,82.0,77.9,80.7,5.9,2099.0
2023-08-28,2745,1163353.0,90522533.0,82.8,82.8,74.2,75.9,-4.8,1302.0
2023-08-29,2745,436715.0,33292749.0,74.3,77.8,74.3,76.6,0.7,518.0
2023-08-30,2745,346686.0,26498292.0,76.9,77.6,75.8,76.1,-0.5,421.0
2023-08-31,2745,322624.0,24679487.0,76.9,77.3,75.8,76.7,0.6,380.0
2023-09-01,2745,350769.0,26880369.0,76.8,77.6,75.8,75.8,-0.9,601.0
2023-09-04,2745,281645.0,21031660.0,75.7,75.7,74.1,74.5,-1.3,410.0
2023-09-05,2745,169010.0,12620508.0,74.5,75.5,74.0,74.4,-0.1,178.0
2023-09-06,2745,160734.0,12042490.0,74.1,75.8,74.1,75.0,0.6,159.0
2023-09-07,2745,224095.0,16644330.0,74.5,75.4,73.8,73.8,-1.2,313.0
2023-09-08,2745,311943.0,22828473.0,73.9,74.4,72.7,73.0,-0.8,276.0
2023-09-11,2745,677558.0,47366799.0,71.3,73.1,67.9,67.9,-5.1,665.0
2023-09-12,2745,302714.0,20601087.0,68.4,69.4,67.2,67.5,-0.4,311.0
2023-09-13,2745,1022532.0,72408269.0,68.1,73.4,67.5,69.8,2.3,984.0
2023-09-14,2745,764712.0,55162943.0,71.0,73.0,71.0,72.0,2.2,768.0
2023-09-15,2745,339124.0,24142019.0,72.8,72.8,70.5,71.0,-1.0,342.0
2023-09-18,2745,114809.0,8054754.0,70.6,71.0,69.7,69.7,-1.3,137.0
2023-09-19,2745,185725.0,12739106.0,69.3,70.0,67.7,67.7,-2.0,242.0
2023-09-20,2745,194684.0,13217386.0,68.1,69.0,67.1,67.3,-0.4,228.0
2023-09-21,2745,309044.0,20424735.0,67.2,67.2,65.5,65.6,-1.7,328.0
2023-09-22,2745,205355.0,13584637.0,65.0,67.5,64.6,67.1,1.5,203.0
2023-09-25,2745,141037.0,9570742.0,67.1,68.3,66.7,68.3,1.2,191.0
2023-09-26,2745,117641.0,7978808.0,68.9,68.9,67.0,67.0,-1.3,194.0
2023-09-27,2745,345863.0,23562849.0,67.1,69.7,66.9,67.3,0.3,748.0
2023-09-28,2745,311767.0,21320288.0,68.3,69.4,67.7,68.0,0.7,409.0
2023-10-02,2745,201219.0,13739405.0,67.8,69.2,67.5,68.7,0.7,178.0
2023-10-03,2745,137702.0,9322052.0,68.7,68.7,67.2,67.2,-1.5,127.0
2023-10-04,2745,107108.0,7090296.0,67.0,67.0,65.5,66.4,-0.8,145.0
2023-10-05,2745,141469.0,9591946.0,66.4,68.3,66.4,67.9,1.5,151.0
2023-10-06,2745,97950.0,6590586.0,68.4,68.4,66.9,66.9,-1.0,239.0
2023-10-11,2745,184688.0,12163911.0,67.3,67.5,64.8,64.8,-2.1,211.0
2023-10-12,2745,126466.0,8251842.0,64.6,66.0,64.6,65.3,0.5,111.0
2023-10-13,2745,900354.0,63192507.0,65.5,71.8,65.5,70.0,4.7,876.0
2023-10-16,2745,619970.0,40464033.0,68.0,68.0,64.0,64.2,-5.8,754.0
2023-10-17,2745,247392.0,15626947.0,64.1,64.3,62.6,62.6,-1.6,300.0
2023-10-18,2745,195264.0,11876573.0,62.7,62.7,59.8,60.0,-2.6,263.0
2023-10-19,2745,199195.0,11888770.0,58.6,61.0,58.5,59.2,-0.8,243.0
2023-10-20,2745,147674.0,8589964.0,58.7,59.1,57.5,58.3,-0.9,177.0
2023-10-23,2745,163795.0,9765660.0,57.6,60.3,57.5,59.6,1.3,170.0
2023-10-24,2745,659196.0,42150024.0,59.6,65.5,59.1,65.4,5.8,781.0
2023-10-25,2745,362976.0,23890721.0,65.4,67.5,64.8,66.0,0.6,434.0
2023-10-26,2745,381526.0,25678802.0,65.3,68.7,64.7,67.3,1.3,706.0
2023-10-27,2745,374222.0,25471206.0,67.7,68.8,66.8,67.7,0.4,645.0
2023-10-30,2745,258527.0,17264662.0,68.0,68.7,65.7,66.0,-1.7,554.0
2023-10-31,2745,263839.0,17692279.0,67.0,68.7,66.0,66.1,0.1,261.0
2023-11-01,2745,783326.0,54780667.0,67.0,71.5,67.0,71.5,5.4,799.0
2023-11-02,2745,474646.0,33501563.0,71.3,72.4,68.8,70.8,-0.7,503.0
2023-11-03,2745,330740.0,23062655.0,68.6,71.0,68.6,70.5,-0.3,339.0
2023-11-06,2745,1429336.0,106543033.0,73.8,77.5,70.8,77.5,7.0,1360.0
2023-11-07,2745,1508276.0,118292240.0,79.0,80.5,75.8,78.3,0.8,1505.0
2023-11-08,2745,791573.0,61868570.0,78.5,80.2,76.4,78.4,0.1,961.0
2023-11-09,2745,451287.0,34848028.0,78.2,78.4,76.5,76.5,-1.9,490.0
2023-11-10,2745,1930020.0,159917212.0,81.9,84.1,79.4,83.8,7.3,1603.0
2023-11-13,2745,1394766.0,119331604.0,83.8,89.0,83.1,89.0,5.2,1319.0
2023-11-14,2745,997839.0,85740417.0,89.0,89.0,84.5,85.0,-4.0,1155.0
2023-11-15,2745,735431.0,61945276.0,84.9,86.0,83.0,86.0,1.0,719.0
2023-11-16,2745,1402447.0,125360986.0,86.5,91.0,86.4,90.5,4.5,1522.0
2023-11-17,2745,2021576.0,190557104.0,90.0,97.5,88.6,97.5,7.0,2205.0
2023-11-20,2745,1454538.0,132179448.0,94.0,94.0,88.0,89.1,-8.4,1548.0
2023-11-21,2745,560541.0,49913468.0,89.1,90.2,88.2,89.3,0.2,626.0
2023-11-22,2745,602476.0,54695963.0,93.7,93.7,89.1,90.0,0.7,619.0
2023-11-23,2745,681259.0,60642988.0,89.7,91.8,87.0,89.5,-0.5,731.0
2023-11-24,2745,596891.0,51405370.0,87.4,87.7,85.1,85.2,-4.3,688.0
2023-11-27,2745,482674.0,40510627.0,84.1,86.0,82.6,82.9,-2.3,479.0
2023-11-28,2745,313817.0,26562844.0,82.5,85.8,82.5,85.0,2.1,402.0
2023-11-29,2745,183711.0,15458543.0,85.0,85.0,83.8,83.8,-1.2,256.0
2023-11-30,2745,288984.0,24512111.0,84.5,85.6,84.2,84.3,0.5,280.0
2023-12-01,2745,187719.0,15768119.0,84.5,84.9,83.6,83.6,-0.7,244.0
2023-12-04,2745,592722.0,48824095.0,83.6,84.6,81.1,81.2,-2.4,624.0
2023-12-05,2745,305188.0,24456814.0,81.2,81.2,79.5,80.3,-0.9,343.0
2023-12-06,2745,346317.0,28692827.0,80.5,83.8,80.5,82.9,2.6,383.0
2023-12-07,2745,262971.0,21878443.0,82.7,84.2,82.1,84.0,1.1,390.0
2023-12-08,2745,243493.0,20286710.0,84.5,84.8,82.4,82.6,-1.4,484.0
2023-12-11,2745,220730.0,17950142.0,82.6,82.6,80.7,80.7,-1.9,308.0
2023-12-12,2745,208404.0,16712287.0,80.4,80.8,79.8,80.0,-0.7,302.0
2023-12-13,2745,170183.0,13548384.0,80.0,80.2,79.2,79.5,-0.5,384.0
2023-12-14,2745,130954.0,10549661.0,80.8,81.4,79.8,80.1,0.6,163.0
2023-12-15,2745,102092.0,8216258.0,80.1,81.1,80.0,80.1,0.0,178.0
2023-12-18,2745,166736.0,13202607.0,80.1,80.1,78.6,78.6,-1.5,232.0
2023-12-19,2745,122103.0,9577035.0,78.7,79.0,77.8,78.3,-0.3,171.0
2023-12-20,2745,239057.0,19199440.0,79.0,81.1,78.9,80.9,2.6,382.0
2023-12-21,2745,110466.0,8871854.0,79.2,81.4,79.2,80.1,-0.8,512.0
2023-12-22,2745,145646.0,11597566.0,80.3,80.3,79.0,79.2,-0.9,165.0
2023-12-25,2745,66396.0,5268448.0,79.4,79.7,78.8,79.4,0.2,77.0
2023-12-26,2745,311924.0,25427622.0,80.0,83.0,79.7,83.0,3.6,348.0
2023-12-27,2745,849291.0,72797995.0,83.0,87.8,83.0,87.5,4.5,950.0
2023-12-28,2745,333519.0,28709362.0,87.5,87.5,85.4,85.6,-1.9,663.0
2023-12-29,2745,681514.0,60381088.0,85.6,89.8,85.6,88.7,3.1,681.0
2024-01-02,2745,440039.0,38024780.0,87.9,87.9,84.5,87.0,-1.7,611.0
2024-01-03,2745,204022.0,17818586.0,87.8,88.5,86.7,87.0,0.0,260.0
2024-01-04,2745,206325.0,17834066.0,86.6,87.2,85.5,86.8,-0.2,283.0
2024-01-05,2745,368559.0,32810346.0,89.0,90.9,87.8,88.1,1.3,423.0
2024-01-08,2745,435647.0,39209299.0,88.2,90.7,88.2,89.8,1.7,916.0
2024-01-09,2745,477056.0,42609952.0,90.9,91.0,87.2,90.5,0.7,689.0
2024-01-10,2745,390379.0,34329032.0,90.4,90.4,86.8,87.2,-3.3,582.0
2024-01-11,2745,665545.0,56479208.0,85.2,87.3,83.8,84.9,-2.3,661.0
2024-01-12,2745,354768.0,30773821.0,84.5,87.9,84.5,87.8,2.9,366.0
2024-01-15,2745,596907.0,50236103.0,86.5,86.5,83.5,83.8,-4.0,1090.0
2024-01-16,2745,257601.0,21149575.0,83.8,83.8,81.6,81.6,-2.2,344.0
2024-01-17,2745,309295.0,25870200.0,83.3,85.4,82.3,82.7,1.1,318.0
2024-01-18,2745,221018.0,18540309.0,82.6,85.0,82.4,84.2,1.5,237.0
2024-01-19,2745,163693.0,13983040.0,86.0,86.7,84.1,85.2,1.0,180.0
2024-01-22,2745,168031.0,14276303.0,85.4,86.0,84.2,85.1,-0.1,238.0
2024-01-23,2745,130797.0,10986307.0,85.8,85.8,83.5,83.8,-1.3,140.0
2024-01-24,2745,410053.0,35023887.0,84.8,86.7,84.6,85.5,1.7,293.0
2024-01-25,2745,157987.0,13479957.0,85.2,86.9,84.3,84.3,-1.2,163.0
2024-01-26,2745,106800.0,9048343.0,83.9,85.8,83.9,84.7,0.4,218.0
2024-01-29,2745,363533.0,31594521.0,86.5,89.0,85.8,87.0,2.3,312.0
2024-01-30,2745,294759.0,25741895.0,88.1,88.2,86.5,86.8,-0.2,319.0
2024-01-31,2745,129246.0,11249011.0,87.8,87.8,86.6,87.2,0.4,161.0
2024-02-01,2745,289763.0,25548424.0,87.3,89.0,87.3,88.0,0.8,266.0
2024-02-02,2745,160592.0,14047636.0,87.5,88.6,86.7,87.8,-0.2,353.0
2024-02-05,2745,200739.0,17558625.0,87.0,88.2,86.7,88.0,0.2,229.0
2024-02-15,2745,880258.0,69962728.0,79.5,81.0,79.2,80.5,-7.5,821.0
2024-02-16,2745,266977.0,21330640.0,80.0,80.3,79.6,79.6,-0.9,292.0
2024-02-19,2745,163647.0,13036134.0,79.9,80.1,79.4,79.4,-0.2,189.0
2024-02-20,2745,778125.0,59357379.0,79.5,79.5,74.1,77.6,-1.8,753.0
2024-02-21,2745,289436.0,22780934.0,78.0,79.1,78.0,78.8,1.2,291.0
2024-02-22,2745,194102.0,15085165.0,78.8,79.1,77.0,77.4,-1.4,518.0
2024-02-23,2745,149112.0,11462820.0,77.6,77.6,76.3,76.6,-0.8,213.0
2024-02-26,2745,63950.0,4911728.0,76.3,77.3,76.3,76.5,-0.1,77.0
2024-02-27,2745,131849.0,9991510.0,76.3,76.9,75.0,75.3,-1.2,217.0
2024-02-29,2745,85565.0,6484553.0,75.3,76.1,75.3,75.8,0.5,110.0
2024-03-01,2745,98391.0,7542270.0,75.5,77.4,75.5,77.4,1.6,127.0
2024-03-04,2745,162529.0,12630500.0,76.9,78.3,76.9,77.7,0.3,277.0
2024-03-05,2745,247448.0,19577439.0,77.5,80.0,77.5,79.4,1.7,335.0
2024-03-06,2745,107681.0,8455347.0,79.4,79.4,78.2,78.3,-1.1,197.0
2024-03-07,2745,127485.0,9894191.0,78.0,78.3,77.2,77.5,-0.8,137.0
2024-03-08,2745,163662.0,12641725.0,78.6,78.9,76.1,76.6,-0.9,202.0
2024-03-11,2745,553000.0,44476330.0,79.8,81.5,78.5,80.3,3.7,619.0
2024-03-12,2745,346430.0,28283445.0,82.8,82.9,80.5,80.8,0.5,470.0
2024-03-13,2745,198162.0,15829497.0,81.0,81.6,79.2,80.3,-0.5,278.0
2024-03-14,2745,154823.0,12360777.0,80.3,80.9,79.3,80.2,-0.1,151.0
2024-03-15,2745,550479.0,45242087.0,80.9,84.2,79.5,80.3,0.1,467.0
2024-03-18,2745,294339.0,23234721.0,80.3,80.5,78.3,78.3,-2.0,306.0
2024-03-19,2745,141760.0,11096406.0,78.3,78.9,77.4,78.8,0.5,147.0
2024-03-20,2745,163333.0,12815112.0,79.3,79.6,77.4,79.0,0.2,213.0
2024-03-21,2745,90427.0,7153267.0,79.4,79.8,78.7,79.1,0.1,92.0
2024-03-22,2745,63382.0,4986090.0,79.1,79.1,78.5,78.6,-0.5,75.0
2024-03-25,2745,103143.0,8192544.0,78.9,79.9,78.6,79.2,0.6,121.0
2024-03-26,2745,123071.0,9687188.0,79.9,79.9,78.0,79.1,-0.1,144.0
2024-03-27,2745,44594.0,3543395.0,79.1,79.8,79.1,79.4,0.3,109.0
2024-03-28,2745,195630.0,15712790.0,79.5,80.8,79.5,80.6,1.2,224.0
2024-03-29,2745,79165.0,6357049.0,80.7,80.9,79.8,80.6,0.0,319.0
2024-04-01,2745,326285.0,25896306.0,80.0,80.5,78.4,79.6,-1.0,317.0
2024-04-02,2745,139692.0,11107382.0,80.0,80.0,79.2,79.3,-0.3,123.0
2024-04-03,2745,171457.0,13651529.0,79.3,80.0,78.9,79.1,-0.2,340.0
2024-04-08,2745,217873.0,17051359.0,79.1,79.2,77.4,77.7,-1.4,478.0
2024-04-09,2745,209711.0,16216839.0,78.1,78.1,76.8,78.0,0.3,227.0
2024-04-10,2745,176418.0,13982571.0,78.2,79.7,78.1,79.7,1.7,195.0
2024-04-11,2745,1179378.0,101948934.0,84.8,87.6,84.1,87.6,7.9,790.0
2024-04-12,2745,2137102.0,198605853.0,96.3,96.3,89.1,89.1,1.5,1755.0
2024-04-15,2745,756689.0,68316677.0,88.1,92.2,87.2,91.7,2.6,850.0
2024-04-16,2745,868576.0,77702713.0,91.1,93.5,86.8,92.1,0.4,1752.0
2024-04-17,2745,665735.0,60015786.0,90.2,92.3,88.5,88.5,-3.6,1050.0
2024-04-18,2745,417054.0,37403113.0,88.6,91.6,86.5,88.5,0.0,416.0
2024-04-19,2745,376414.0,33066221.0,88.0,89.6,86.2,87.0,-1.5,405.0
2024-04-22,2745,1272997.0,117731351.0,88.4,95.5,87.2,92.8,5.8,1417.0
2024-04-23,2745,2296412.0,227068653.0,93.0,102.0,92.5,101.5,8.7,2419.0
2024-04-24,2745,3160966.0,330025896.0,100.0,111.5,95.5,111.5,10.0,2579.0
2024-04-25,2745,3507435.0,417062050.0,111.0,122.5,110.0,122.5,11.0,2763.0
2024-04-26,2745,2952326.0,356996324.0,120.0,124.5,116.0,123.0,0.5,2469.0
2024-04-29,2745,1833073.0,222869690.0,127.0,127.5,118.0,119.0,-4.0,1641.0
2024-04-30,2745,1125637.0,132394432.0,118.5,122.5,114.0,122.5,3.5,1152.0
2024-05-02,2745,1660495.0,217113768.0,130.0,134.5,124.0,134.5,12.0,1462.0
2024-05-03,2745,1043003.0,139558821.0,133.5,137.5,129.0,136.0,1.5,1067.0
2024-05-06,2745,675410.0,92393641.0,139.0,140.0,133.0,136.0,0.0,687.0
2024-05-07,2745,1273048.0,163705316.0,136.0,136.0,124.0,124.0,-12.0,1278.0
2024-05-08,2745,428022.0,53709347.0,126.0,127.0,124.0,125.0,1.0,459.0
2024-05-09,2745,377813.0,47806297.0,126.0,128.5,124.0,124.0,-1.0,436.0
2024-05-10,2745,771920.0,94529929.0,122.0,125.5,119.0,124.0,0.0,797.0
2024-05-13,2745,720735.0,92871203.0,126.0,131.5,124.5,131.5,7.5,811.0
2024-05-14,2745,1381107.0,180909318.0,134.5,139.0,122.0,125.0,-6.5,1444.0
2024-05-15,2745,1888194.0,234401098.0,120.0,129.0,120.0,124.5,-0.5,2063.0
2024-05-16,2745,2901655.0,381581472.0,126.5,136.5,124.5,136.5,12.0,2294.0
2024-05-17,2745,4653110.0,644194962.0,139.0,144.5,133.0,142.5,6.0,3610.0
2024-05-20,2745,9008761.0,1258458765.0,139.0,154.5,128.5,128.5,-14.0,7523.0
2024-05-21,2745,2848386.0,368349348.0,129.0,135.0,125.0,130.0,1.5,3371.0
2024-05-22,2745,2705307.0,333838312.0,129.5,131.0,120.0,122.5,-7.5,2557.0
2024-05-23,2745,3304347.0,376241071.0,120.0,120.5,110.5,111.0,-11.5,3009.0
2024-05-24,2745,2513642.0,284898397.0,110.5,119.0,107.0,119.0,8.0,2311.0
2024-05-27,2745,1462225.0,172331281.0,119.0,120.5,115.0,118.5,-0.5,1281.0
2024-05-28,2745,2325645.0,298049565.0,125.5,130.0,124.0,130.0,11.5,1759.0
2024-05-29,2745,4509264.0,586829939.0,132.5,135.0,126.0,128.5,-1.5,3561.0
2024-05-30,2745,2173471.0,267489110.0,128.0,128.0,121.0,123.0,-5.5,2173.0
2024-05-31,2745,1726178.0,214201758.0,122.0,128.0,122.0,122.0,-1.0,1554.0
2024-06-03,2745,592352.0,72232123.0,122.5,123.5,120.5,123.0,1.0,1017.0
2024-06-04,2745,468414.0,57293703.0,122.0,123.5,121.5,121.5,-1.5,440.0
2024-06-05,2745,503447.0,60280837.0,121.5,122.0,118.5,118.5,-3.0,542.0
2024-06-06,2745,595247.0,70782926.0,118.5,121.5,116.5,118.5,0.0,581.0
2024-06-07,2745,1002093.0,122701817.0,121.0,123.5,120.0,123.0,4.5,883.0
2024-06-11,2745,1259467.0,157133047.0,126.0,127.5,122.5,124.0,1.0,1040.0
2024-06-12,2745,669361.0,83474855.0,123.0,126.0,123.0,124.5,0.5,673.0
2024-06-13,2745,819539.0,102535221.0,125.0,126.0,123.0,125.0,0.5,637.0
2024-06-14,2745,1281826.0,164113261.0,126.5,130.0,126.5,127.5,2.5,1128.0
2024-06-17,2745,844163.0,108776971.0,127.0,131.0,127.0,127.5,0.0,812.0
2024-06-18,2745,527759.0,66964938.0,128.0,128.0,126.0,126.5,-1.0,507.0
2024-06-19,2745,582279.0,73476912.0,127.0,128.0,125.0,125.5,-1.0,541.0
2024-06-20,2745,369493.0,46686366.0,127.0,128.0,125.5,126.5,1.0,386.0
2024-06-21,2745,885237.0,113192873.0,126.5,130.0,126.0,126.0,-0.5,790.0
2024-06-24,2745,890091.0,108343401.0,124.5,124.5,120.5,121.0,-5.0,926.0
2024-06-25,2745,279379.0,33983771.0,121.0,123.0,120.5,122.5,1.5,277.0
2024-06-26,2745,313529.0,38470725.0,124.0,124.5,121.5,122.0,-0.5,280.0
2024-06-27,2745,385765.0,46884609.0,121.5,124.0,120.0,120.0,-2.0,434.0
2024-06-28,2745,692354.0,81526230.0,118.0,119.0,115.5,117.5,-2.5,695.0
2024-07-01,2745,491385.0,58829516.0,117.5,123.0,117.0,122.0,4.5,502.0
2024-07-02,2745,427742.0,51869713.0,122.5,123.5,119.0,120.0,-2.0,435.0
2024-07-03,2745,214440.0,25748924.0,121.0,121.5,119.0,120.5,0.5,292.0
2024-07-04,2745,228949.0,27513265.0,121.0,121.0,119.5,119.5,-1.0,270.0
2024-07-05,2745,399235.0,48675253.0,119.5,123.0,119.5,122.5,3.0,346.0
2024-07-08,2745,363667.0,43882291.0,123.0,123.0,119.5,119.5,-3.0,354.0
2024-07-09,2745,853524.0,105218002.0,122.0,125.5,121.5,123.0,3.5,771.0
2024-07-10,2745,2185456.0,279862467.0,124.5,132.5,123.5,129.5,6.5,1836.0
2024-07-11,2745,1574563.0,195544870.0,128.5,128.5,122.0,124.0,-5.5,2408.0
2024-07-12,2745,444471.0,55273756.0,125.0,126.0,123.0,123.5,-0.5,459.0
2024-07-15,2745,291064.0,35974957.0,124.5,125.0,122.5,123.0,-0.5,289.0
2024-07-16,2745,960238.0,121202054.0,123.0,129.0,122.5,127.0,4.0,916.0
2024-07-17,2745,1504478.0,193246896.0,130.0,132.0,125.0,125.0,-2.0,1259.0
2024-07-18,2745,439833.0,54880386.0,125.0,127.5,122.5,123.5,-1.5,498.0
2024-07-19,2745,747163.0,89767674.0,123.5,123.5,118.5,119.0,-4.5,747.0
2024-07-22,2745,1433143.0,159900246.0,117.5,118.0,108.0,109.5,-9.5,1333.0
2024-07-23,2745,944882.0,105220991.0,110.0,113.0,110.0,110.0,0.5,1357.0
2024-07-26,2745,720698.0,74957030.0,102.0,106.5,101.5,105.5,-4.5,1514.0
2024-07-29,2745,522458.0,55044307.0,107.0,108.0,104.0,104.5,-1.0,433.0
2024-07-30,2745,453423.0,48325892.0,104.5,109.0,103.5,108.0,3.5,457.0
2024-07-31,2745,277660.0,30183545.0,107.5,111.0,106.5,110.0,2.0,286.0
2024-08-01,2745,389358.0,44060231.0,112.0,115.0,110.0,114.5,4.5,414.0
2024-08-02,2745,621727.0,71125435.0,112.0,116.0,111.5,115.0,0.5,531.0
2024-08-05,2745,1216960.0,129752025.0,111.5,113.0,103.5,105.5,-9.5,972.0
2024-08-06,2745,2251295.0,218324410.0,105.5,105.5,95.0,95.2,-10.3,1923.0
2024-08-07,2745,730341.0,71178143.0,95.6,99.5,94.8,97.1,1.9,749.0
2024-08-08,2745,612418.0,58346597.0,96.0,96.5,94.4,94.5,-2.6,670.0
2024-08-09,2745,548482.0,52687350.0,96.0,97.1,95.1,95.5,1.0,530.0
2024-08-12,2745,411308.0,40083585.0,97.0,98.2,96.2,97.2,1.7,441.0
2024-08-13,2745,393702.0,38047326.0,97.2,98.1,95.5,96.1,-1.1,466.0
2024-08-14,2745,504712.0,48278970.0,96.1,96.7,95.0,95.1,-1.0,592.0
2024-08-15,2745,452564.0,41441758.0,91.8,92.4,90.6,90.9,0.0,453.0
2024-08-16,2745,368219.0,34163651.0,91.7,94.0,91.3,92.7,1.8,359.0
2024-08-19,2745,229645.0,21452655.0,93.5,94.2,92.1,93.1,0.4,261.0
2024-08-20,2745,266681.0,25011460.0,93.8,94.5,93.0,93.5,0.4,255.0
2024-08-21,2745,194397.0,18159710.0,93.9,94.4,92.9,93.0,-0.5,200.0
2024-08-22,2745,227062.0,20970052.0,93.2,93.4,91.5,91.5,-1.5,315.0
2024-08-23,2745,1421349.0,137159451.0,92.5,99.8,92.3,97.9,6.4,1343.0
2024-08-26,2745,547299.0,52880790.0,98.5,98.6,95.3,96.0,-1.9,1024.0
2024-08-27,2745,125294.0,11941420.0,96.0,96.0,95.0,95.5,-0.5,183.0
2024-08-28,2745,111960.0,10714381.0,95.5,96.2,95.3,95.3,-0.2,139.0
2024-08-29,2745,148752.0,14134155.0,95.6,95.8,94.5,95.1,-0.2,196.0
2024-08-30,2745,130338.0,12464587.0,95.5,96.9,95.0,95.3,0.2,165.0
2024-09-02,2745,171391.0,16509153.0,96.5,97.2,95.5,96.0,0.7,178.0
2024-09-03,2745,350611.0,34189529.0,96.6,98.8,96.5,96.6,0.6,610.0
2024-09-04,2745,397026.0,36996774.0,93.9,94.3,91.8,92.5,-4.1,675.0
2024-09-05,2745,235484.0,22229146.0,93.8,95.9,92.8,93.4,0.9,236.0
2024-09-06,2745,149561.0,13999394.0,94.4,94.4,92.8,93.9,0.5,183.0
2024-09-09,2745,146062.0,13642503.0,92.6,94.5,92.4,93.8,-0.1,198.0
2024-09-10,2745,244088.0,22471780.0,94.0,94.5,90.0,90.6,-3.2,410.0
2024-09-11,2745,567299.0,49704638.0,89.0,90.0,86.8,87.1,-3.5,664.0
2024-09-12,2745,196413.0,17338778.0,87.7,88.9,87.4,88.4,1.3,208.0
2024-09-13,2745,171269.0,15159674.0,88.0,89.1,88.0,88.1,-0.3,161.0
2024-09-16,2745,85043.0,7521227.0,88.1,89.0,88.0,88.5,0.4,165.0
2024-09-18,2745,112932.0,9943013.0,88.5,88.8,87.4,87.4,-1.1,159.0
2024-09-19,2745,114617.0,10112152.0,87.9,89.0,87.5,88.6,1.2,130.0
2024-09-20,2745,142050.0,12548256.0,89.3,89.3,87.9,88.0,-0.6,485.0
2024-09-23,2745,155056.0,13773384.0,88.1,89.3,88.1,89.1,1.1,450.0
2024-09-24,2745,114288.0,10153527.0,89.5,89.9,88.0,88.6,-0.5,374.0
2024-09-25,2745,139155.0,12455974.0,89.4,90.0,88.7,90.0,1.4,343.0
2024-09-26,2745,111992.0,10037306.0,90.1,90.3,89.0,89.1,-0.9,291.0
2024-09-27,2745,132146.0,11898589.0,89.1,90.7,88.2,90.5,1.4,132.0
2024-09-30,2745,93766.0,8446951.0,90.9,90.9,89.5,89.9,-0.6,391.0
2024-10-01,2745,133953.0,11977285.0,90.5,90.5,88.9,89.0,-0.9,394.0
2024-10-04,2745,368645.0,31924201.0,90.0,90.0,85.3,85.8,-3.2,395.0
2024-10-07,2745,213125.0,18357082.0,86.4,87.0,85.4,86.4,0.6,210.0
2024-10-08,2745,93158.0,7996146.0,86.0,86.1,85.6,85.8,-0.6,110.0
2024-10-09,2745,108050.0,9343072.0,86.1,87.4,85.6,86.6,0.8,139.0
2024-10-11,2745,142597.0,12612925.0,88.8,89.9,87.5,87.6,1.0,217.0
2024-10-14,2745,229124.0,19927936.0,88.0,88.4,85.7,86.1,-1.5,246.0
2024-10-15,2745,615827.0,56077397.0,86.8,94.5,86.8,91.6,5.5,598.0
2024-10-16,2745,377844.0,34906801.0,89.9,93.9,89.2,92.6,1.0,621.0
2024-10-17,2745,136900.0,12677405.0,92.6,93.5,92.2,92.7,0.1,327.0
2024-10-18,2745,722379.0,69305134.0,93.0,98.8,92.7,94.7,2.0,695.0
2024-10-21,2745,281034.0,26895020.0,95.1,96.6,94.1,95.6,0.9,353.0
2024-10-22,2745,624744.0,61554248.0,96.0,100.5,95.0,100.5,4.9,782.0
2024-10-23,2745,538951.0,53924025.0,100.5,101.5,98.5,99.2,-1.3,1080.0
2024-10-24,2745,268874.0,26582521.0,99.1,100.0,98.2,98.5,-0.7,321.0
2024-10-25,2745,246218.0,24286738.0,98.6,100.5,97.3,100.5,2.0,242.0
2024-10-28,2745,833765.0,84930980.0,102.0,105.0,99.3,100.0,-0.5,885.0
2024-10-29,2745,211053.0,20883685.0,100.0,100.0,98.4,99.2,-0.8,361.0
2024-10-30,2745,596885.0,60453785.0,99.5,104.5,99.5,99.9,0.7,545.0
2024-11-01,2745,518223.0,52906291.0,99.0,104.0,98.0,104.0,4.1,445.0
2024-11-04,2745,538621.0,54954850.0,104.5,105.5,100.5,101.5,-2.5,827.0
2024-11-05,2745,1085065.0,107288487.0,102.5,102.5,96.6,97.0,-4.5,1058.0
2024-11-06,2745,219496.0,21399037.0,97.8,98.2,96.9,97.2,0.2,216.0
2024-11-07,2745,358899.0,35757817.0,97.2,100.5,97.2,100.5,3.3,350.0
2024-11-08,2745,473471.0,46576538.0,101.0,101.0,97.3,98.0,-2.5,451.0
2024-11-11,2745,248137.0,24661051.0,98.9,100.5,97.4,99.9,1.9,241.0
2024-11-12,2745,250333.0,24875324.0,100.5,100.5,98.6,98.8,-1.1,309.0
2024-11-13,2745,402665.0,40252268.0,99.2,101.0,98.1,99.7,0.9,386.0
2024-11-14,2745,412570.0,40390617.0,100.5,100.5,96.6,96.6,-3.1,460.0
2024-11-15,2745,233759.0,22707822.0,96.4,98.4,96.2,96.2,-0.4,240.0
2024-11-18,2745,194046.0,18608504.0,96.9,96.9,95.4,95.4,-0.8,269.0
2024-11-19,2745,142490.0,13872732.0,96.4,98.8,95.6,98.6,3.2,141.0
2024-11-20,2745,168964.0,16442447.0,98.4,98.4,96.8,97.4,-1.2,489.0
2024-11-21,2745,116808.0,11474172.0,97.9,98.9,97.2,98.3,0.9,129.0
2024-11-22,2745,125855.0,12398542.0,98.6,99.2,98.0,98.2,-0.1,208.0
2024-11-25,2745,150074.0,14862355.0,98.4,99.5,98.0,99.5,1.3,164.0
2024-11-26,2745,147836.0,14559875.0,99.6,99.6,98.0,98.4,-1.1,280.0
2024-11-27,2745,165601.0,16181505.0,98.4,99.4,97.1,97.1,-1.3,266.0
2024-11-28,2745,122031.0,11832951.0,96.5,98.2,96.3,96.8,-0.3,121.0
2024-11-29,2745,33037.0,3219797.0,96.8,98.3,96.8,97.5,0.7,48.0
2024-12-02,2745,57261.0,5608768.0,97.6,98.3,97.6,98.0,0.5,98.0
2024-12-03,2745,502178.0,50593565.0,98.3,102.0,98.3,102.0,4.0,684.0
2024-12-04,2745,389270.0,39005790.0,102.5,102.5,99.4,99.6,-2.4,1257.0
2024-12-05,2745,114986.0,11528882.0,100.0,101.0,99.9,100.5,0.9,211.0
2024-12-06,2745,845778.0,88124309.0,100.5,108.0,100.5,104.5,4.0,794.0
2024-12-09,2745,319241.0,33237788.0,105.0,107.5,102.0,103.0,-1.5,800.0
2024-12-10,2745,86334.0,8805703.0,102.5,103.0,101.0,101.0,-2.0,178.0
2024-12-11,2745,180762.0,18394683.0,101.5,104.0,100.0,100.5,-0.5,243.0
2024-12-12,2745,105335.0,10786705.0,102.0,103.5,101.5,102.5,2.0,113.0
2024-12-13,2745,180590.0,18580216.0,103.0,103.5,102.0,103.0,0.5,296.0
2024-12-16,2745,203930.0,20821149.0,104.0,104.0,100.0,100.0,-3.0,238.0
2024-12-17,2745,1182526.0,126793410.0,101.0,110.0,100.5,106.5,6.5,1147.0
2024-12-18,2745,3135780.0,343435362.0,107.5,114.0,105.0,106.5,0.0,2818.0
2024-12-19,2745,1084817.0,115709636.0,106.5,110.5,104.0,105.5,-1.0,1268.0
2024-12-20,2745,298479.0,30956795.0,105.5,106.0,102.5,102.5,-3.0,1208.0
2024-12-23,2745,146844.0,15118917.0,103.0,103.5,102.5,102.5,0.0,155.0
2024-12-24,2745,217702.0,22357347.0,102.5,103.5,102.0,103.0,0.5,187.0
2024-12-25,2745,162826.0,16758570.0,103.0,104.0,102.0,102.5,-0.5,163.0
2024-12-26,2745,215242.0,22402848.0,103.5,105.0,103.0,104.0,1.5,208.0
2024-12-27,2745,144385.0,14967515.0,104.5,104.5,102.5,104.0,0.0,123.0
2024-12-30,2745,97995.0,10176980.0,103.5,104.5,103.0,104.0,0.0,98.0
2024-12-31,2745,263220.0,27896141.0,103.5,107.0,103.5,106.0,2.0,268.0
2025-01-02,2745,1200631.0,132280030.0,111.0,115.0,107.5,108.0,2.0,1550.0
2025-01-03,2745,288118.0,30839963.0,108.5,108.5,106.0,106.5,-1.5,302.0
2025-01-06,2745,172870.0,18557222.0,107.5,108.0,106.5,107.0,0.5,172.0
2025-01-07,2745,168961.0,17834203.0,107.0,107.0,105.0,105.0,-2.0,200.0
2025-01-08,2745,107159.0,11265494.0,105.0,106.5,104.5,105.5,0.5,111.0
2025-01-09,2745,259582.0,26861443.0,105.5,105.5,101.0,102.0,-3.5,503.0
2025-01-10,2745,285566.0,28808999.0,101.0,102.5,100.0,102.5,0.5,273.0
2025-01-13,2745,337512.0,33273293.0,102.0,102.0,97.5,98.1,-4.4,380.0
2025-01-14,2745,222180.0,22212171.0,98.5,101.5,98.0,101.0,2.9,205.0
2025-01-15,2745,875722.0,89655491.0,100.0,105.0,100.0,100.0,-1.0,553.0
2025-01-16,2745,133897.0,13431761.0,102.0,102.0,99.7,100.0,0.0,255.0
2025-01-17,2745,2522750.0,274621172.0,105.5,110.0,105.0,110.0,10.0,2269.0
2025-01-20,2745,4298265.0,490042008.0,113.5,118.5,109.5,113.5,3.5,4198.0
2025-01-21,2745,799246.0,90920284.0,112.5,115.0,112.0,115.0,1.5,755.0
2025-01-22,2745,620863.0,71140454.0,115.0,115.5,113.0,115.0,0.0,688.0
2025-02-03,2745,632888.0,71761980.0,115.0,116.5,109.5,111.0,-4.0,565.0
2025-02-04,2745,720819.0,76001879.0,109.0,109.0,103.0,103.5,-7.5,714.0
2025-02-05,2745,170923.0,17929545.0,104.0,105.5,103.5,105.0,1.5,168.0
2025-02-06,2745,285952.0,29713625.0,104.0,105.5,102.5,105.5,0.5,265.0
2025-02-07,2745,213171.0,22721105.0,106.0,108.0,105.5,108.0,2.5,217.0
2025-02-10,2745,213437.0,22961430.0,106.5,108.5,106.5,108.5,0.5,179.0
2025-02-11,2745,388105.0,42486822.0,112.5,112.5,107.5,108.0,-0.5,334.0
2025-02-12,2745,114621.0,12419208.0,108.0,109.5,107.5,108.0,0.0,215.0
2025-02-13,2745,126234.0,13535804.0,108.0,108.0,106.5,107.0,-1.0,215.0
2025-02-14,2745,136633.0,14554088.0,107.5,107.5,106.0,106.0,-1.0,152.0
2025-02-17,2745,126724.0,13523267.0,106.0,107.5,106.0,107.5,1.5,120.0
2025-02-18,2745,166993.0,18071977.0,108.0,109.0,108.0,108.0,0.5,160.0
2025-02-19,2745,288909.0,31765621.0,109.0,111.0,108.0,110.5,2.5,265.0
2025-02-20,2745,204856.0,22818441.0,112.0,112.5,110.5,111.0,0.5,228.0
2025-02-21,2745,276464.0,30542418.0,111.0,111.5,109.0,110.0,-1.0,257.0
2025-02-24,2745,214605.0,23721004.0,110.0,111.5,109.0,111.0,1.0,206.0
2025-02-25,2745,254323.0,27778472.0,112.0,112.0,108.5,109.0,-2.0,310.0
2025-02-26,2745,663541.0,73648617.0,108.0,112.5,108.0,112.0,3.0,547.0
2025-02-27,2745,386919.0,43402957.0,113.5,113.5,111.0,111.0,-1.0,360.0
2025-03-03,2745,177517.0,19495671.0,111.0,111.0,109.0,110.0,-1.0,254.0
2025-03-04,2745,155429.0,17078552.0,109.0,111.0,108.0,111.0,1.0,149.0
2025-03-05,2745,169683.0,18956314.0,111.5,112.5,110.5,112.5,1.5,254.0
2025-03-06,2745,800636.0,92347886.0,113.0,116.5,113.0,116.5,4.0,807.0
2025-03-07,2745,375921.0,43495951.0,115.0,117.0,114.5,116.5,0.0,706.0
2025-03-10,2745,169385.0,19635173.0,116.5,116.5,115.0,116.0,-0.5,312.0
2025-03-11,2745,639074.0,71029134.0,113.0,113.0,110.0,111.5,-4.5,672.0
2025-03-12,2745,547608.0,59681229.0,111.5,112.5,106.5,107.0,-4.5,664.0
2025-03-13,2745,240836.0,25753009.0,108.0,108.0,106.0,106.0,-1.0,279.0
2025-03-14,2745,647873.0,65688195.0,103.0,103.0,99.4,102.0,-4.0,686.0
2025-03-17,2745,256868.0,25982691.0,102.0,102.0,100.5,101.0,-1.0,304.0
2025-03-18,2745,106426.0,10833145.0,101.0,102.5,101.0,102.0,1.0,136.0
2025-03-19,2745,143804.0,14591868.0,102.0,102.0,100.5,100.5,-1.5,149.0
2025-03-20,2745,73403.0,7455145.0,101.5,102.0,101.0,102.0,1.5,114.0
2025-03-21,2745,66944.0,6825618.0,103.0,103.0,101.5,102.5,0.5,93.0
2025-03-24,2745,66361.0,6775912.0,102.0,103.0,101.5,102.0,-0.5,103.0
2025-03-25,2745,48770.0,4976524.0,102.0,102.5,102.0,102.0,0.0,63.0
2025-03-26,2745,193576.0,19449475.0,101.5,101.5,100.0,100.5,-1.5,243.0
2025-03-27,2745,49400.0,4965597.0,100.5,101.0,100.0,101.0,0.5,67.0
2025-03-28,2745,247793.0,24489085.0,101.0,101.0,97.5,98.4,-2.6,422.0
2025-03-31,2745,525187.0,48944299.0,95.5,96.1,90.9,91.6,-6.8,580.0
2025-04-01,2745,227463.0,21358070.0,92.1,95.0,92.1,94.1,2.5,237.0
2025-04-02,2745,116639.0,11114051.0,94.7,96.1,94.6,95.5,1.4,123.0
2025-04-07,2745,91455.0,7865249.0,86.0,86.0,86.0,86.0,-9.5,183.0
2025-04-08,2745,790741.0,63335922.0,79.0,84.5,77.9,80.9,-5.1,671.0
2025-04-09,2745,687812.0,51758033.0,77.2,79.7,72.9,72.9,-8.0,697.0
2025-04-10,2745,135406.0,10834382.0,80.1,80.1,79.4,80.1,7.2,176.0
2025-04-11,2745,313992.0,25850406.0,77.8,85.8,76.5,85.8,5.7,429.0
2025-04-14,2745,407621.0,35137393.0,87.5,90.0,84.6,85.7,-0.1,414.0
2025-04-15,2745,169727.0,14857652.0,86.5,88.9,86.3,88.6,2.9,222.0
2025-04-16,2745,94649.0,8425926.0,88.6,89.9,88.0,88.6,0.0,140.0
2025-04-17,2745,137175.0,12153409.0,88.0,89.4,87.5,88.7,0.1,169.0
2025-04-18,2745,148367.0,13474442.0,89.7,92.0,89.2,91.7,3.0,228.0
2025-04-21,2745,130994.0,11959491.0,92.0,93.0,90.2,90.2,-1.5,296.0
2025-04-22,2745,143573.0,12637461.0,89.0,90.3,87.0,87.2,-3.0,934.0
2025-04-23,2745,90289.0,8110561.0,88.1,90.4,88.1,90.2,3.0,130.0
2025-04-24,2745,192898.0,17857968.0,91.1,94.5,91.1,91.2,1.0,346.0
2025-04-25,2745,141380.0,13064984.0,92.1,93.3,91.5,93.2,2.0,543.0
2025-04-28,2745,234708.0,22441904.0,94.0,97.8,93.5,95.7,2.5,679.0
2025-04-29,2745,111347.0,10637208.0,95.7,96.0,94.8,95.6,-0.1,294.0
2025-04-30,2745,1617192.0,166104935.0,97.4,105.0,96.0,101.0,5.4,1358.0
2025-05-02,2745,237161.0,24106371.0,101.0,102.5,100.5,102.5,1.5,301.0
2025-05-05,2745,971131.0,102943030.0,104.0,109.5,103.0,103.0,0.5,1361.0
2025-05-06,2745,782742.0,88449846.0,113.0,113.0,113.0,113.0,10.0,561.0
2025-05-07,2745,4786703.0,560596160.0,124.0,124.0,111.0,115.0,2.0,4755.0
2025-05-08,2745,3212688.0,396031641.0,116.0,126.5,114.0,126.5,11.5,2083.0
2025-05-09,2745,10283814.0,1336207047.0,127.5,136.0,122.0,132.0,5.5,7499.0
2025-05-12,2745,2775625.0,359549690.0,132.0,133.0,126.0,131.0,-1.0,3319.0
2025-05-13,2745,2607050.0,330213951.0,130.5,131.5,122.5,129.0,-2.0,2803.0
2025-05-14,2745,2128106.0,266049585.0,130.0,130.0,122.0,122.0,-7.0,2077.0
2025-05-15,2745,3827113.0,478917579.0,123.0,129.0,122.0,124.0,2.0,3370.0
2025-05-16,2745,6849054.0,893286971.0,124.0,135.0,124.0,128.0,4.0,5799.0
2025-05-19,2745,1638614.0,208866357.0,128.0,130.5,125.5,126.5,-1.5,2073.0
2025-05-20,2745,768573.0,97415436.0,127.0,128.5,125.0,128.5,2.0,754.0
2025-05-21,2745,3878176.0,514305661.0,129.5,136.5,128.0,131.0,2.5,3388.0
2025-05-22,2745,7604691.0,1022051673.0,131.0,138.5,130.0,136.0,5.0,6235.0
2025-05-23,2745,2235239.0,302555621.0,135.0,137.0,134.0,134.5,-1.5,2235.0
2025-05-26,2745,2532781.0,329192942.0,134.0,136.0,126.5,127.0,-7.5,2300.0
2025-05-27,2745,1214738.0,152379034.0,126.0,127.5,123.5,125.5,-1.5,1164.0
2025-05-28,2745,1141742.0,145146392.0,127.5,129.0,125.5,126.0,0.5,965.0
2025-05-29,2745,1286062.0,160357296.0,127.5,127.5,122.0,125.5,-0.5,1049.0
2025-06-02,2745,745939.0,93721420.0,125.0,127.5,123.5,127.0,1.5,683.0
2025-06-03,2745,698674.0,88758700.0,126.5,128.5,126.0,126.5,-0.5,585.0
2025-06-04,2745,510017.0,64297307.0,128.0,128.5,124.5,126.0,-0.5,565.0
2025-06-05,2745,359526.0,44914873.0,127.0,128.0,124.0,124.0,-2.0,404.0
2025-06-06,2745,917139.0,109334752.0,124.0,124.0,117.0,117.5,-6.5,1077.0
2025-06-09,2745,1326940.0,162857702.0,118.0,125.0,118.0,123.0,5.5,1139.0
2025-06-10,2745,425209.0,52160392.0,123.0,123.5,121.5,123.5,0.5,611.0
2025-06-11,2745,2132369.0,276743337.0,125.0,134.0,124.5,131.5,8.0,2090.0
2025-06-12,2745,2035897.0,272810558.0,132.0,136.5,130.0,136.0,4.5,1909.0
2025-06-13,2745,2706814.0,373512700.0,137.5,142.5,135.0,135.5,-0.5,2817.0
2025-06-16,2745,1319468.0,172945662.0,135.5,135.5,128.0,131.5,-4.0,2786.0
2025-06-17,2745,2520010.0,315631953.0,131.0,132.5,121.5,124.0,-7.5,2328.0
2025-06-18,2745,443427.0,54939748.0,125.0,125.5,123.0,123.0,-1.0,470.0
2025-06-19,2745,348994.0,42588767.0,123.0,123.5,121.0,121.5,-1.5,436.0
2025-06-20,2745,462482.0,55364795.0,121.5,122.0,118.5,119.0,-2.5,477.0
2025-06-23,2745,735732.0,84033637.0,113.0,116.0,112.5,114.5,-4.5,689.0
2025-06-24,2745,663569.0,80036168.0,118.5,123.0,118.0,121.5,7.0,589.0
2025-06-25,2745,565527.0,69508266.0,123.0,124.0,121.5,121.5,0.0,466.0
2025-06-26,2745,1607765.0,205947941.0,122.5,132.5,122.0,129.5,8.0,1561.0
2025-06-27,2745,4928508.0,663136053.0,131.5,138.5,130.5,135.0,5.5,4328.0
2025-06-30,2745,2550196.0,350488004.0,137.0,140.5,135.0,136.5,1.5,3094.0
2025-07-01,2745,3250039.0,457948788.0,137.0,145.0,134.0,144.0,7.5,3023.0
2025-07-02,2745,4741785.0,701237900.0,145.0,153.0,142.5,153.0,9.0,4296.0
2025-07-03,2745,2787602.0,420397855.0,151.0,154.5,147.0,148.5,-4.5,2506.0
2025-07-04,2745,1856848.0,272635193.0,149.0,150.0,144.0,147.0,-1.5,2196.0
2025-07-07,2745,4446254.0,645612029.0,150.0,153.5,137.5,139.0,-8.0,3979.0
2025-07-08,2745,1178349.0,163594752.0,139.0,140.5,137.0,138.0,-1.0,1916.0
2025-07-09,2745,1311982.0,184483552.0,137.5,143.5,137.5,140.0,2.0,1213.0
2025-07-10,2745,887680.0,121053077.0,140.5,141.5,134.0,135.5,-4.5,1125.0
2025-07-11,2745,925528.0,127973967.0,137.0,140.5,136.0,137.5,2.0,975.0
2025-07-14,2745,3063770.0,430056999.0,138.0,143.0,136.5,141.0,3.5,2634.0
2025-07-15,2745,2267438.0,308199988.0,141.5,141.5,133.5,134.5,-6.5,2166.0
2025-07-16,2745,638349.0,85595983.0,135.0,135.5,132.0,134.5,0.0,716.0
2025-07-17,2745,431217.0,58320494.0,135.0,136.0,134.0,136.0,1.5,419.0
2025-07-18,2745,1055818.0,139974472.0,136.0,136.0,131.0,131.5,-4.5,1224.0
2025-07-21,2745,674057.0,87958262.0,132.5,133.0,128.5,129.5,-2.0,766.0
2025-07-22,2745,871394.0,110110759.0,130.5,131.0,124.0,124.5,-5.0,1014.0
2025-07-23,2745,420242.0,52589927.0,126.0,126.0,124.0,125.0,0.5,450.0
2025-07-24,2745,473436.0,59367491.0,126.0,127.0,123.5,127.0,2.0,490.0
2025-07-25,2745,327423.0,41193635.0,128.5,128.5,125.0,125.0,-2.0,357.0
2025-07-28,2745,693405.0,89685153.0,127.0,131.0,126.0,129.5,4.5,741.0
2025-07-29,2745,494220.0,64185152.0,129.0,132.5,128.0,130.0,0.5,517.0
2025-07-30,2745,340105.0,43893458.0,129.5,130.5,128.0,129.0,-1.0,289.0
2025-07-31,2745,404725.0,51188594.0,130.0,130.0,125.0,125.0,-4.0,568.0
2025-08-01,2745,464756.0,58105852.0,123.5,126.0,123.5,125.5,0.5,656.0
2025-08-04,2745,824945.0,107176082.0,127.0,132.0,127.0,130.5,5.0,827.0
2025-08-05,2745,931509.0,122741865.0,133.0,134.5,130.5,130.5,0.0,1660.0
2025-08-06,2745,557428.0,74021308.0,131.5,134.0,130.5,133.0,2.5,733.0
2025-08-07,2745,436907.0,57695128.0,133.0,133.0,131.0,132.5,-0.5,626.0
2025-08-08,2745,865614.0,116137216.0,134.5,135.5,132.5,133.5,1.0,721.0
2025-08-11,2745,771653.0,104167022.0,135.0,136.5,133.5,134.0,0.5,989.0
2025-08-12,2745,1457808.0,176501108.0,121.0,122.0,121.0,121.0,-13.0,1953.0
2025-08-13,2745,1559044.0,186279058.0,120.0,122.0,117.0,118.5,-2.5,1520.0
2025-08-14,2745,1105071.0,127527846.0,117.0,117.0,114.0,116.0,-2.5,1256.0
2025-08-15,2745,2627834.0,290757409.0,116.0,117.0,107.5,108.0,-8.0,2606.0
2025-08-18,2745,700337.0,76290272.0,109.5,110.5,108.0,108.0,0.0,825.0
2025-08-19,2745,339036.0,36713929.0,108.0,109.5,107.0,108.5,0.5,383.0
2025-08-20,2745,781650.0,87012521.0,109.0,113.0,108.5,111.5,3.0,867.0
2025-08-21,2745,320037.0,36136951.0,113.0,114.0,111.5,112.5,1.0,557.0
2025-08-22,2745,201726.0,22548996.0,112.5,112.5,111.0,111.0,-1.5,277.0
2025-08-25,2745,241562.0,26977611.0,111.5,112.5,111.0,111.5,0.5,233.0
2025-08-26,2745,286586.0,32372525.0,112.5,114.0,111.5,113.0,1.5,327.0
2025-08-27,2745,209069.0,23627256.0,114.0,114.0,112.0,112.0,-1.0,294.0
2025-08-28,2745,362672.0,41303396.0,112.0,115.0,112.0,114.0,2.0,397.0
2025-08-29,2745,225516.0,25621800.0,115.0,115.0,113.0,113.0,-1.0,566.0
2025-09-01,2745,291859.0,33207112.0,113.5,115.5,112.5,113.5,0.5,330.0
2025-09-02,2745,241561.0,27327357.0,114.5,114.5,112.5,112.5,-1.0,285.0
2025-09-03,2745,314624.0,36022351.0,113.0,115.5,113.0,114.0,1.5,325.0
2025-09-04,2745,390348.0,44930173.0,115.0,116.0,113.0,115.5,1.5,606.0
2025-09-05,2745,1238227.0,146848271.0,116.5,121.5,115.0,120.5,5.0,1154.0
2025-09-08,2745,1197893.0,149364739.0,122.5,126.5,122.0,125.0,4.5,1975.0
2025-09-09,2745,889143.0,108234882.0,125.5,125.5,120.0,121.0,-4.0,3514.0
2025-09-10,2745,1012807.0,121932954.0,121.5,122.0,119.0,121.0,0.0,974.0
2025-09-11,2745,713079.0,80727640.0,114.5,114.5,111.0,112.0,0.0,862.0
2025-09-12,2745,302665.0,34263447.0,113.5,114.5,111.5,114.5,2.5,326.0
2025-09-15,2745,460507.0,53254720.0,114.5,116.5,114.5,116.5,2.0,469.0
2025-09-16,2745,224036.0,25932227.0,116.0,117.0,115.0,115.0,-1.5,409.0
2025-09-17,2745,310821.0,35666414.0,116.0,117.0,113.5,113.5,-1.5,349.0
2025-09-18,2745,263001.0,30363088.0,115.5,117.0,114.5,114.5,1.0,254.0
2025-09-19,2745,384337.0,44801487.0,115.0,117.5,114.5,115.5,1.0,521.0
2025-09-22,2745,467405.0,53674302.0,116.0,116.5,113.0,113.0,-2.5,605.0
2025-09-23,2745,302685.0,33917644.0,114.0,114.0,111.0,112.0,-1.0,545.0
2025-09-24,2745,98243.0,11031528.0,112.0,113.0,111.5,112.5,0.5,145.0
2025-09-25,2745,139703.0,15714413.0,113.5,113.5,111.5,112.0,-0.5,167.0
2025-09-26,2745,282258.0,31324738.0,112.5,113.5,110.0,110.5,-1.5,286.0
2025-09-30,2745,107712.0,12016700.0,111.0,112.5,111.0,111.5,1.0,128.0
2025-10-01,2745,140053.0,15760799.0,111.5,114.0,111.0,112.5,1.0,181.0
2025-10-02,2745,185998.0,20632204.0,112.5,112.5,110.0,110.5,-2.0,629.0
2025-10-03,2745,104878.0,11653677.0,111.0,111.5,110.5,111.5,1.0,114.0
2025-10-07,2745,178786.0,20257416.0,112.5,114.0,112.0,113.0,1.5,206.0
2025-10-08,2745,90944.0,10248081.0,113.0,113.5,112.0,112.5,-0.5,183.0
2025-10-09,2745,220611.0,24662228.0,112.5,112.5,111.0,112.5,0.0,234.0
2025-10-13,2745,164145.0,18219651.0,110.5,111.5,110.5,111.0,-1.5,219.0
2025-10-14,2745,324997.0,36603964.0,112.5,113.5,111.0,111.5,0.5,901.0
2025-10-15,2745,223598.0,25384943.0,113.5,114.5,112.5,113.5,2.0,449.0
2025-10-16,2745,144162.0,16392537.0,114.0,114.5,113.0,114.0,0.5,210.0
2025-10-17,2745,1064539.0,124512242.0,114.5,119.0,114.5,115.0,1.0,1048.0
2025-10-20,2745,280222.0,32059980.0,117.0,117.0,113.0,114.0,-1.0,324.0
2025-10-21,2745,141255.0,16072292.0,114.5,114.5,113.5,114.0,0.0,172.0
2025-10-22,2745,83871.0,9539340.0,114.0,114.0,113.0,114.0,0.0,311.0
2025-10-23,2745,147769.0,16751352.0,114.5,114.5,112.5,112.5,-1.5,145.0
2025-10-27,2745,319301.0,35571130.0,113.5,113.5,110.5,112.0,-0.5,375.0
2025-10-28,2745,184996.0,20475401.0,111.5,111.5,110.0,110.0,-2.0,235.0
2025-10-29,2745,198299.0,21716047.0,110.5,110.5,109.0,110.0,0.0,298.0
2025-10-30,2745,149826.0,16314110.0,109.5,110.0,108.0,108.5,-1.5,205.0
2025-10-31,2745,102493.0,11374697.0,110.0,111.5,110.0,111.5,3.0,146.0
2025-11-03,2745,167647.0,18793158.0,112.5,112.5,111.0,112.0,0.5,195.0
2025-11-04,2745,152371.0,17165067.0,113.0,113.5,112.0,112.0,0.0,197.0
2025-11-05,2745,1270380.0,140947029.0,113.0,114.5,108.5,108.5,-3.5,1265.0
2025-11-06,2745,2092086.0,237572830.0,112.5,117.5,110.5,111.0,2.5,1822.0
2025-11-07,2745,311087.0,34646990.0,111.0,112.5,110.0,111.5,0.5,407.0
2025-11-10,2745,1196845.0,138877148.0,116.0,117.0,114.5,117.0,5.5,1111.0
2025-11-11,2745,1039843.0,118296571.0,116.0,116.0,112.5,112.5,-4.5,2354.0
2025-11-12,2745,321868.0,36602775.0,113.5,115.0,112.5,114.0,1.5,352.0
2025-11-13,2745,340011.0,39023659.0,114.0,116.0,113.0,115.5,1.5,337.0
2025-11-14,2745,458328.0,52982416.0,114.0,117.0,113.5,115.5,0.0,807.0
2025-11-17,2745,914543.0,106630225.0,115.5,118.0,114.5,118.0,2.5,1017.0
2025-11-18,2745,924806.0,108206816.0,119.5,119.5,114.0,114.5,-3.5,981.0
2025-11-19,2745,389561.0,44426555.0,115.5,116.0,112.5,113.0,-1.5,358.0
2025-11-20,2745,259494.0,29550215.0,115.0,115.0,113.0,113.5,0.5,237.0
2025-11-21,2745,322839.0,35903017.0,111.0,112.5,110.5,110.5,-3.0,378.0
2025-11-24,2745,219080.0,24806606.0,112.0,114.0,112.0,113.0,2.5,226.0
2025-11-25,2745,170151.0,19057758.0,113.5,113.5,111.5,112.0,-1.0,596.0
2025-11-26,2745,187300.0,21037161.0,112.0,113.0,111.5,112.0,0.0,188.0
2025-11-27,2745,94368.0,10656170.0,113.5,113.5,112.5,112.5,0.5,126.0
2025-11-28,2745,105235.0,11833354.0,113.0,113.0,112.0,112.0,-0.5,164.0
2025-12-01,2745,399891.0,44097046.0,112.0,112.0,109.0,109.5,-2.5,463.0
2025-12-02,2745,85947.0,9428228.0,110.5,110.5,109.5,109.5,0.0,129.0
2025-12-03,2745,73483.0,8068290.0,109.5,110.5,109.5,109.5,0.0,118.0
2025-12-04,2745,74535.0,8183253.0,110.5,110.5,109.5,109.5,0.0,132.0
2025-12-05,2745,113330.0,12513525.0,111.0,111.5,109.5,110.0,0.5,137.0
2025-12-08,2745,113421.0,12583817.0,110.5,112.0,110.0,111.5,1.5,136.0
2025-12-09,2745,337345.0,36879743.0,111.5,111.5,108.5,109.0,-2.5,347.0
2025-12-10,2745,222400.0,24007183.0,109.0,109.0,107.5,108.5,-0.5,315.0
2025-12-11,2745,423471.0,45116869.0,108.5,108.5,105.5,106.5,-2.0,525.0
2025-12-12,2745,69793.0,7486899.0,107.0,108.0,106.5,106.5,0.0,100.0
2025-12-15,2745,150768.0,15970964.0,106.5,107.0,105.0,105.5,-1.0,222.0
2025-12-16,2745,232267.0,24094717.0,105.5,105.5,102.5,103.0,-2.5,370.0
2025-12-17,2745,88223.0,9257784.0,104.0,105.5,104.0,105.5,2.5,135.0
2025-12-18,2745,19838.0,2078427.0,104.0,105.0,104.0,105.0,-0.5,44.0
2025-12-19,2745,89083.0,9383010.0,105.0,106.0,104.5,105.5,0.5,129.0
2025-12-22,2745,81661.0,8669925.0,105.5,107.0,105.0,107.0,1.5,103.0
2025-12-23,2745,59298.0,6308148.0,106.5,107.0,106.0,106.0,-1.0,85.0
2025-12-24,2745,72814.0,7735098.0,107.0,107.0,105.5,105.5,-0.5,93.0
2025-12-26,2745,70288.0,7445418.0,105.5,106.5,105.5,106.0,0.5,86.0
2025-12-29,2745,121070.0,12738368.0,105.5,106.0,104.5,105.0,-1.0,147.0
2025-12-30,2745,111062.0,11525796.0,105.0,105.0,103.0,104.5,-0.5,213.0
2025-12-31,2745,55742.0,5834812.0,105.5,105.5,104.0,105.0,0.5,88.0
2026-01-02,2745,227120.0,24447210.0,106.0,108.5,105.5,108.0,3.0,291.0
2026-01-05,2745,130185.0,13904743.0,108.0,108.0,106.0,107.0,-1.0,347.0
2026-01-06,2745,288845.0,31430468.0,107.0,110.0,107.0,108.5,1.5,379.0
2026-01-07,2745,239605.0,26186888.0,110.0,110.0,108.5,108.5,0.0,329.0
2026-01-08,2745,97314.0,10543198.0,108.5,109.0,108.0,108.0,-0.5,136.0
2026-01-09,2745,106842.0,11630862.0,108.0,109.5,108.0,109.5,1.5,122.0
2026-01-12,2745,286153.0,30906096.0,110.5,110.5,107.0,107.5,-2.0,274.0
2026-01-13,2745,92581.0,9993725.0,108.0,108.5,107.0,108.0,0.5,133.0
2026-01-14,2745,162394.0,17690986.0,108.5,110.0,108.0,109.5,1.5,142.0
2026-01-15,2745,247535.0,27247992.0,109.5,111.0,109.5,110.0,0.5,255.0
2026-01-16,2745,284911.0,30850021.0,109.5,110.0,107.0,108.5,-1.5,472.0
2026-01-19,2745,117790.0,12734998.0,108.5,108.5,107.5,108.0,-0.5,248.0
2026-01-20,2745,141396.0,15411169.0,108.0,110.0,108.0,108.5,0.5,169.0
2026-01-21,2745,222853.0,24291709.0,108.0,110.5,107.5,108.5,0.0,228.0
2026-01-22,2745,173788.0,19042758.0,110.0,110.0,109.0,110.0,1.5,199.0
2026-01-23,2745,165972.0,18152368.0,109.0,110.0,108.5,108.5,-1.5,272.0
2026-01-26,2745,197802.0,21545172.0,109.5,109.5,108.5,109.0,0.5,350.0
2026-01-27,2745,317174.0,34894482.0,110.5,111.5,109.0,109.0,0.0,404.0
2026-01-28,2745,604544.0,64453550.0,108.0,108.0,106.0,107.0,-2.0,641.0
2026-01-29,2745,234753.0,24719009.0,107.0,107.0,104.0,106.0,-1.0,345.0
2026-01-30,2745,170202.0,17758749.0,105.0,106.0,104.0,104.0,-2.0,237.0
2026-02-02,2745,119105.0,12268962.0,104.0,104.0,102.5,103.0,-1.0,173.0
2026-02-03,2745,144060.0,14919195.0,104.5,105.0,103.0,103.5,0.5,162.0
2026-02-04,2745,71045.0,7351466.0,103.0,104.0,103.0,103.5,0.0,125.0
2026-02-05,2745,716680.0,77329566.0,107.0,109.5,106.5,107.5,4.0,720.0
2026-02-06,2745,394431.0,41622939.0,107.5,108.0,104.0,107.5,0.0,467.0
2026-02-09,2745,178837.0,19278931.0,109.0,109.0,106.5,108.0,0.5,209.0
2026-02-10,2745,273087.0,28825256.0,108.0,108.0,104.5,105.0,-3.0,437.0
2026-02-11,2745,129562.0,13627196.0,104.5,106.0,104.5,105.5,0.5,162.0
2026-02-23,2745,366479.0,39535859.0,106.0,108.5,106.0,107.5,2.0,315.0
2026-02-24,2745,231064.0,24869449.0,108.0,108.5,106.5,106.5,-1.0,190.0
2026-02-25,2745,172109.0,18264333.0,107.0,107.5,105.5,106.0,-0.5,244.0
2026-02-26,2745,120657.0,12816641.0,106.5,107.0,105.0,107.0,1.0,129.0
2026-03-02,2745,192460.0,20142999.0,103.0,105.5,103.0,105.5,-1.5,383.0
2026-03-03,2745,265938.0,27744422.0,105.0,105.0,103.5,104.5,-1.0,367.0
2026-03-04,2745,364550.0,36668790.0,103.0,103.0,99.1,99.3,-5.2,521.0
2026-03-05,2745,150180.0,15115703.0,102.0,102.5,99.2,100.5,1.2,184.0
2026-03-06,2745,156363.0,16102065.0,99.4,104.5,99.4,104.0,3.5,171.0
2026-03-09,2745,174101.0,17474875.0,100.5,101.5,99.9,101.0,-3.0,199.0
2026-03-10,2745,464887.0,49101749.0,105.0,106.5,104.5,106.5,5.5,456.0
2026-03-11,2745,263831.0,28114783.0,107.5,107.5,106.0,106.5,0.0,343.0
2026-03-12,2745,122983.0,12964811.0,106.0,106.5,105.0,105.5,-1.0,169.0
2026-03-13,2745,131113.0,13768761.0,105.0,105.5,104.0,105.5,0.0,145.0
2026-03-16,2745,137223.0,14287742.0,105.5,105.5,103.5,104.0,-1.5,166.0
2026-03-17,2745,147207.0,15275227.0,104.0,104.5,103.0,103.5,-0.5,159.0
2026-03-18,2745,153136.0,15798778.0,104.0,104.0,103.0,103.0,-0.5,228.0
2026-03-19,2745,82522.0,8462353.0,102.5,103.5,102.0,102.5,-0.5,138.0
2026-03-20,2745,82535.0,8449540.0,102.5,103.0,102.0,102.0,-0.5,145.0
2026-03-23,2745,129655.0,13080394.0,100.5,102.0,99.5,100.5,-1.5,184.0
2026-03-24,2745,131870.0,13304932.0,102.5,102.5,100.0,101.0,0.5,173.0
2026-03-25,2745,264087.0,27463034.0,102.0,105.0,101.5,104.5,3.5,282.0
2026-03-26,2745,94523.0,9845302.0,105.5,105.5,103.0,103.0,-1.5,176.0
2026-03-27,2745,33431.0,3440184.0,103.0,103.0,102.5,102.5,-0.5,68.0
2026-03-30,2745,125174.0,12687504.0,101.0,103.0,99.8,101.5,-1.0,152.0
2026-03-31,2745,117530.0,11923204.0,102.5,102.5,100.0,102.0,0.5,140.0
2026-04-01,2745,272181.0,28680839.0,102.0,107.0,102.0,106.0,4.0,285.0
2026-04-02,2745,192116.0,20415324.0,106.5,107.5,105.0,106.5,0.5,193.0
2026-04-07,2745,106000.0,11216975.0,107.5,107.5,105.0,105.5,-1.0,144.0
2026-04-08,2745,232737.0,24758961.0,106.5,107.0,105.5,106.5,1.0,220.0
2026-04-09,2745,217690.0,22717353.0,106.5,106.5,103.0,104.0,-2.5,242.0
2026-04-10,2745,187571.0,19657416.0,104.0,106.0,103.0,106.0,2.0,202.0
2026-04-13,2745,2122116.0,238551770.0,112.0,116.0,108.5,108.5,2.5,1477.0
2026-04-14,2745,397585.0,42191762.0,109.5,109.5,105.0,105.5,-3.0,444.0
2026-04-15,2745,271387.0,28205248.0,106.0,106.0,102.0,104.0,-1.5,325.0
2026-04-16,2745,182012.0,19241463.0,104.5,106.0,104.5,106.0,2.0,209.0
2026-04-17,2745,137126.0,14403669.0,106.0,106.0,104.5,104.5,-1.5,168.0
2026-04-20,2745,184172.0,19206159.0,104.5,104.5,103.5,104.0,-0.5,187.0
2026-04-21,2745,95778.0,10013214.0,104.5,105.0,104.0,104.5,0.5,131.0
2026-04-22,2745,174609.0,18221003.0,104.5,105.0,104.0,104.0,-0.5,193.0
2026-04-23,2745,302142.0,30992278.0,104.5,104.5,101.5,102.5,-1.5,490.0
2026-04-24,2745,158309.0,16094849.0,102.0,102.5,101.0,101.5,-1.0,234.0
2026-04-27,2745,274588.0,27964548.0,101.5,102.5,101.0,102.0,0.5,171.0
2026-04-28,2745,87646.0,8974991.0,102.0,103.0,102.0,102.5,0.5,120.0
2026-04-29,2745,96724.0,9873234.0,103.0,103.0,101.5,101.5,-1.0,145.0
2026-04-30,2745,136345.0,14061163.0,102.0,104.5,102.0,102.5,1.0,154.0
2026-05-04,2745,310168.0,32460104.0,103.5,106.0,103.5,106.0,3.5,316.0
2026-05-05,2745,632262.0,64521940.0,104.0,104.0,101.0,102.5,-3.5,737.0
2026-05-06,2745,315912.0,32072695.0,102.0,102.5,101.0,101.5,-1.0,340.0
2026-05-07,2745,172261.0,17657371.0,103.0,103.5,102.0,103.0,1.5,207.0
2026-05-08,2745,200689.0,20538670.0,103.0,103.5,101.5,101.5,-1.5,187.0
2026-05-11,2745,244240.0,24891022.0,102.0,102.5,101.5,101.5,0.0,186.0
2026-05-12,2745,144809.0,14741274.0,101.5,102.5,101.5,101.5,0.0,214.0
2026-05-13,2745,135678.0,13811193.0,101.5,102.5,101.0,102.0,0.5,141.0
2026-05-14,2745,204273.0,20796658.0,102.5,102.5,101.0,101.0,-1.0,200.0
2026-05-15,2745,146132.0,14783908.0,102.5,102.5,100.5,101.0,0.0,184.0
2026-05-18,2745,139612.0,14055096.0,101.0,101.0,100.5,100.5,-0.5,155.0
2026-05-19,2745,89861.0,9072032.0,101.0,102.0,100.5,100.5,0.0,113.0
2026-05-20,2745,54584.0,5509150.0,101.5,101.5,100.5,101.0,0.5,96.0
2026-05-21,2745,98874.0,10009139.0,101.5,101.5,101.0,101.5,0.5,119.0
2026-05-22,2745,103913.0,10583472.0,102.5,102.5,101.0,101.5,0.0,132.0
2026-05-25,2745,121090.0,12295743.0,102.0,102.0,101.5,101.5,0.0,138.0
2026-05-26,2745,218713.0,22473975.0,102.0,103.5,102.0,103.5,2.0,249.0
2026-05-27,2745,155690.0,16020114.0,103.5,104.0,102.5,102.5,-1.0,177.0
2026-05-28,2745,139178.0,14220347.0,102.5,103.0,101.5,101.5,-1.0,164.0
2026-05-29,2745,130597.0,13385199.0,102.0,103.0,101.5,102.5,1.0,142.0
2026-06-01,2745,249754.0,25801132.0,102.5,104.0,102.5,104.0,1.5,226.0
2026-06-02,2745,293203.0,30075141.0,104.0,104.0,102.0,103.0,-1.0,221.0
2026-06-03,2745,246482.0,25462705.0,103.5,104.0,102.0,103.5,0.5,227.0
2026-06-04,2745,842139.0,90261245.0,103.5,109.5,103.5,108.0,4.5,844.0
2026-06-05,2745,413645.0,44324881.0,109.0,109.0,106.0,106.5,-1.5,384.0
2026-06-08,2745,258253.0,27022890.0,105.0,105.5,104.0,104.5,-2.0,240.0
2026-06-09,2745,269637.0,28031549.0,105.5,106.0,103.0,104.0,-0.5,270.0
2026-06-10,2745,266896.0,28024101.0,104.5,106.0,104.0,104.0,0.0,272.0
2026-06-11,2745,210359.0,21864941.0,104.5,105.0,103.0,103.5,-0.5,164.0
2026-06-12,2745,246130.0,25971789.0,104.5,106.0,104.0,105.0,1.5,225.0
2026-06-15,2745,142172.0,15034831.0,106.5,106.5,105.0,105.5,0.5,166.0
2026-06-16,2745,159750.0,16872660.0,106.5,106.5,105.0,105.0,-0.5,183.0
2026-06-17,2745,452712.0,48683317.0,106.0,109.0,106.0,108.0,3.0,419.0
2026-06-18,2745,256097.0,27781111.0,108.5,109.5,107.5,108.0,0.0,295.0
2026-06-22,2745,276046.0,29703365.0,109.0,109.0,107.0,107.5,-0.5,229.0
2026-06-23,2745,207845.0,22034979.0,108.0,108.0,105.0,106.0,-1.5,213.0
2026-06-24,2745,209612.0,22323327.0,106.5,108.0,105.5,106.5,0.5,199.0
2026-06-25,2745,330894.0,35749418.0,106.5,109.0,106.5,108.5,2.0,287.0
2026-06-26,2745,222818.0,23941303.0,108.0,108.5,106.5,107.0,-1.5,225.0
2026-06-29,2745,121082.0,12866346.0,107.0,108.0,105.5,105.5,-1.5,170.0
2026-06-30,2745,154914.0,16416604.0,106.0,106.5,105.0,106.5,1.0,161.0
2026-07-01,2745,175317.0,18714242.0,107.5,107.5,106.5,106.5,0.0,157.0
2026-07-02,2745,131131.0,13992723.0,105.5,107.5,105.5,107.0,0.5,137.0
2026-07-03,2745,110042.0,11823289.0,107.0,108.0,107.0,107.5,0.5,130.0
2026-07-06,2745,217579.0,23571659.0,108.5,109.0,107.5,108.5,1.0,204.0
2026-07-07,2745,204292.0,21753734.0,108.5,108.5,105.5,106.0,-2.5,256.0
2026-07-08,2745,108966.0,11495930.0,106.0,106.0,105.0,105.5,-0.5,160.0
2026-07-09,2745,111283.0,11793511.0,106.0,106.5,105.5,106.0,0.5,111.0
2026-07-13,2745,280047.0,29264344.0,105.0,105.5,103.5,103.5,-2.5,298.0
2026-07-14,2745,252505.0,25824139.0,103.5,104.5,101.0,102.5,-1.0,278.0
2026-07-15,2745,108350.0,11187227.0,103.0,103.5,103.0,103.5,1.0,111.0
2026-07-16,2745,81417.0,8446149.0,103.5,104.0,103.0,103.5,0.0,98.0
2026-07-17,2745,230481.0,23624440.0,103.5,103.5,101.5,102.0,-1.5,282.0
2026-07-20,2745,226630.0,22935598.0,103.0,103.0,100.5,101.0,-1.0,247.0
2026-07-21,2745,323608.0,32984800.0,102.0,102.5,101.5,101.5,0.5,350.0
2026-07-22,2745,387466.0,39631696.0,103.5,103.5,101.5,103.0,1.5,470.0
2026-07-23,2745,367946.0,35002114.0,95.5,95.5,94.6,94.7,0.0,475.0
2026-07-24,2745,140269.0,13245465.0,94.2,95.4,94.1,94.2,-0.5,268.0
2026-07-27,2745,161966.0,15245325.0,94.6,94.6,93.8,93.9,-0.3,203.0
2026-07-28,2745,330605.0,30262052.0,93.9,93.9,89.9,90.0,-3.9,465.0
2026-07-29,2745,301571.0,26394016.0,90.2,90.3,85.0,87.2,-2.8,423.0
2026-07-30,2745,128926.0,11134453.0,85.6,87.6,84.0,85.7,-1.5,204.0
2026-07-31,2745,149954.0,13111362.0,88.1,88.9,86.4,87.6,1.9,195.0
2026-08-03,2745,80945.0,7079972.0,88.1,88.1,87.0,87.7,0.1,137.0
2026-08-04,2745,156423.0,13636660.0,87.9,88.0,86.5,86.6,-1.1,240.0
2026-08-05,2745,181226.0,15706044.0,87.5,88.3,85.8,86.6,0.0,228.0
2026-08-06,2745,82657.0,7266471.0,87.0,88.7,87.0,88.4,1.8,134.0
2026-08-07,2745,61204.0,5415622.0,89.5,89.5,88.1,88.5,0.1,125.0
2026-08-10,2745,82379.0,7342513.0,88.5,90.0,88.4,89.9,1.4,104.0
2026-08-11,2745,142102.0,12624271.0,89.8,89.9,88.2,88.8,-1.1,193.0
2026-08-12,2745,84734.0,7511907.0,88.8,89.5,88.3,88.5,-0.3,148.0
2026-08-13,2745,54694.0,4832114.0,88.4,88.5,88.1,88.5,0.0,111.0
2026-08-14,2745,62768.0,5523460.0,88.2,88.3,87.7,88.1,-0.4,134.0
2026-08-17,2745,41289.0,3633707.0,88.1,88.3,87.8,88.1,0.0,75.0
2026-08-18,2745,51172.0,4509116.0,88.2,88.4,87.8,87.8,-0.3,91.0
2026-08-19,2745,45097.0,3957565.0,87.5,88.3,87.2,87.8,0.0,96.0
2026-08-20,2745,105596.0,9332945.0,88.8,88.8,87.9,88.3,0.5,167.0
2026-08-21,2745,190217.0,17050745.0,89.5,90.3,88.8,89.7,1.4,368.0
2026-08-24,2745,71507.0,6377975.0,89.8,90.0,88.7,88.7,-1.0,172.0
2026-08-25,2745,33196.0,2928131.0,88.3,88.5,88.0,88.5,-0.2,102.0
2026-08-26,2745,50870.0,4547045.0,89.0,90.0,88.5,89.3,0.8,94.0
2026-08-27,2745,35716.0,3193995.0,89.6,89.6,89.1,89.5,0.2,56.0
2026-08-28,2745,98186.0,8775145.0,89.8,89.9,89.1,89.4,-0.1,102.0
2026-08-31,2745,40454.0,3599666.0,89.8,89.8,88.1,89.0,-0.4,68.0
2026-09-01,2745,67352.0,5944495.0,88.2,88.9,88.1,88.3,-0.7,117.0
2026-09-02,2745,28551.0,2513341.0,88.3,88.3,87.9,87.9,-0.4,95.0
2026-09-03,2745,54540.0,4774105.0,87.9,87.9,87.0,87.0,-0.9,122.0
2026-09-04,2745,63945.0,5547532.0,87.2,87.3,86.5,87.2,0.2,110.0
2026-09-07,2745,38508.0,3369843.0,88.5,88.5,87.0,87.6,0.4,61.0
2026-09-08,2745,39254.0,3438436.0,88.2,88.2,87.3,87.6,0.0,91.0
2026-09-09,2745,36325.0,3170774.0,87.9,87.9,87.0,87.5,-0.1,98.0
2026-09-10,2745,69671.0,6045211.0,87.0,87.4,86.4,86.8,-0.7,104.0
2026-09-11,2745,104747.0,8975366.0,86.8,86.8,85.2,85.4,-1.4,216.0
