date,stock_id,Trading_Volume,Trading_money,open,max,min,close,spread,Trading_turnover
2016-01-04,3024,31288.0,122001.0,3.97,3.98,3.86,3.92,-0.08,31.0
2016-01-05,3024,58957.0,229250.0,3.9,3.94,3.83,3.94,0.02,23.0
2016-01-06,3024,104058.0,396938.0,3.84,3.88,3.78,3.84,-0.1,34.0
2016-01-07,3024,45875.0,170704.0,3.8,3.8,3.6,3.7,-0.14,24.0
2016-01-08,3024,39455.0,146772.0,3.7,3.79,3.65,3.71,0.01,28.0
2016-01-11,3024,61391.0,235270.0,4.0,4.0,3.71,3.78,0.07,37.0
2016-01-12,3024,121703.0,462618.0,3.88,3.89,3.72,3.73,-0.05,37.0
2016-01-13,3024,118852.0,453738.0,3.73,3.96,3.73,3.78,0.05,42.0
2016-01-14,3024,67085.0,249596.0,3.8,3.8,3.69,3.71,-0.07,36.0
2016-01-15,3024,49493.0,183880.0,3.79,3.79,3.67,3.68,-0.03,31.0
2016-01-18,3024,66264.0,245231.0,3.68,3.75,3.64,3.66,-0.02,31.0
2016-01-19,3024,45324.0,169755.0,3.76,3.77,3.69,3.77,0.11,31.0
2016-01-20,3024,67565.0,250790.0,3.72,3.76,3.69,3.7,-0.07,38.0
2016-01-21,3024,53002.0,196496.0,3.74,3.77,3.65,3.74,0.04,28.0
2016-01-22,3024,79598.0,292939.0,3.72,3.75,3.66,3.71,-0.03,24.0
2016-01-25,3024,261007.0,970161.0,3.75,3.77,3.68,3.75,0.04,63.0
2016-01-26,3024,83005.0,307295.0,3.75,3.75,3.68,3.68,-0.07,28.0
2016-01-27,3024,49781.0,184003.0,3.7,3.74,3.68,3.73,0.05,29.0
2016-01-28,3024,81508.0,300503.0,3.66,3.7,3.66,3.68,-0.05,26.0
2016-01-29,3024,37821.0,139784.0,3.72,3.72,3.68,3.71,0.03,24.0
2016-01-30,3024,69001.0,256213.0,3.68,3.73,3.68,3.73,0.02,28.0
2016-02-01,3024,19011.0,70563.0,3.7,3.73,3.69,3.69,-0.04,21.0
2016-02-02,3024,24384.0,90497.0,3.69,3.73,3.68,3.73,0.04,20.0
2016-02-03,3024,151723.0,553138.0,3.68,3.68,3.6,3.6,-0.13,69.0
2016-02-15,3024,107556.0,379285.0,3.55,3.55,3.5,3.53,-0.07,74.0
2016-02-16,3024,130516.0,466439.0,3.53,3.63,3.51,3.63,0.1,67.0
2016-02-17,3024,154240.0,552208.0,3.6,3.6,3.56,3.57,-0.06,48.0
2016-02-18,3024,109414.0,389174.0,3.57,3.6,3.53,3.53,-0.04,66.0
2016-02-19,3024,52144.0,184052.0,3.54,3.54,3.52,3.52,-0.01,27.0
2016-02-22,3024,130525.0,459279.0,3.53,3.54,3.5,3.53,0.01,45.0
2016-02-23,3024,117394.0,415553.0,3.5,3.58,3.5,3.52,-0.01,64.0
2016-02-24,3024,266962.0,943898.0,3.52,3.59,3.5,3.54,0.02,71.0
2016-02-25,3024,429323.0,1510826.0,3.52,3.58,3.49,3.57,0.03,128.0
2016-02-26,3024,105111.0,376788.0,3.56,3.6,3.55,3.6,0.03,75.0
2016-03-01,3024,205919.0,758224.0,3.6,3.77,3.6,3.73,0.13,123.0
2016-03-02,3024,161182.0,598645.0,3.7,3.75,3.68,3.75,0.02,77.0
2016-03-03,3024,118731.0,444305.0,3.75,3.84,3.71,3.78,0.03,59.0
2016-03-04,3024,343930.0,1296201.0,3.72,3.85,3.72,3.83,0.05,116.0
2016-03-07,3024,228111.0,877336.0,3.83,3.92,3.82,3.82,-0.01,124.0
2016-03-08,3024,165521.0,633129.0,3.9,3.9,3.8,3.82,0.0,56.0
2016-03-09,3024,112683.0,426854.0,3.81,3.85,3.75,3.8,-0.02,60.0
2016-03-10,3024,135108.0,514495.0,3.75,3.83,3.75,3.82,0.02,65.0
2016-03-11,3024,1155972.0,4500019.0,3.82,3.98,3.78,3.95,0.13,251.0
2016-03-14,3024,272692.0,1070014.0,3.99,3.99,3.9,3.94,-0.01,107.0
2016-03-15,3024,259807.0,997523.0,3.91,3.95,3.76,3.8,-0.14,123.0
2016-03-16,3024,149637.0,565978.0,3.71,3.82,3.71,3.8,0.0,43.0
2016-03-17,3024,126012.0,481077.0,3.82,3.85,3.8,3.8,0.0,58.0
2016-03-18,3024,511529.0,1946734.0,3.85,3.87,3.75,3.78,-0.02,108.0
2016-03-21,3024,64428.0,241835.0,3.78,3.81,3.74,3.74,-0.04,48.0
2016-03-22,3024,313891.0,1158349.0,3.74,3.75,3.65,3.66,-0.08,105.0
2016-03-23,3024,166813.0,609629.0,3.65,3.71,3.62,3.71,0.05,74.0
2016-03-24,3024,38481.0,140457.0,3.7,3.7,3.64,3.64,-0.07,27.0
2016-03-25,3024,66823.0,244005.0,3.64,3.68,3.63,3.65,0.01,41.0
2016-03-28,3024,384211.0,1399378.0,3.61,3.7,3.6,3.67,0.02,117.0
2016-03-29,3024,162083.0,579957.0,3.62,3.62,3.56,3.56,-0.11,85.0
2016-03-30,3024,151955.0,549122.0,3.56,3.65,3.55,3.65,0.09,213.0
2016-03-31,3024,189483.0,683105.0,3.61,3.64,3.6,3.6,-0.05,140.0
2016-04-01,3024,65115.0,230912.0,3.56,3.6,3.53,3.6,0.0,76.0
2016-04-06,3024,122465.0,434486.0,3.6,3.6,3.5,3.59,-0.01,121.0
2016-04-07,3024,207102.0,730415.0,3.59,3.59,3.51,3.52,-0.07,80.0
2016-04-08,3024,238842.0,841058.0,3.51,3.55,3.5,3.55,0.03,98.0
2016-04-11,3024,216295.0,757754.0,3.56,3.56,3.45,3.52,-0.03,105.0
2016-04-12,3024,173842.0,596516.0,3.52,3.52,3.4,3.4,-0.12,86.0
2016-04-13,3024,161017.0,553661.0,3.4,3.46,3.4,3.46,0.06,118.0
2016-04-14,3024,221118.0,768514.0,3.46,3.52,3.46,3.48,0.02,176.0
2016-04-15,3024,99347.0,343744.0,3.41,3.49,3.41,3.49,0.01,76.0
2016-04-18,3024,108509.0,373343.0,3.47,3.48,3.35,3.48,-0.01,52.0
2016-04-19,3024,87875.0,301893.0,3.48,3.48,3.4,3.45,-0.03,33.0
2016-04-20,3024,119499.0,407865.0,3.45,3.47,3.38,3.45,0.0,42.0
2016-04-21,3024,68685.0,235205.0,3.43,3.48,3.4,3.41,-0.04,29.0
2016-04-22,3024,120007.0,408671.0,3.41,3.45,3.39,3.4,-0.01,40.0
2016-04-25,3024,152004.0,516452.0,3.39,3.4,3.39,3.4,0.0,25.0
2016-04-26,3024,31500.0,107477.0,3.44,3.44,3.39,3.42,0.02,23.0
2016-04-27,3024,85632.0,293134.0,3.42,3.44,3.4,3.42,0.0,28.0
2016-04-28,3024,362165.0,1208113.0,3.43,3.43,3.3,3.35,-0.07,103.0
2016-04-29,3024,40087.0,134515.0,3.35,3.37,3.34,3.35,0.0,30.0
2016-05-03,3024,111688.0,373518.0,3.31,3.38,3.3,3.33,-0.02,32.0
2016-05-04,3024,101737.0,339310.0,3.33,3.37,3.31,3.31,-0.02,34.0
2016-05-05,3024,105501.0,344240.0,3.3,3.32,3.25,3.26,-0.05,56.0
2016-05-06,3024,16999.0,55466.0,3.24,3.29,3.24,3.27,0.01,11.0
2016-05-09,3024,52830.0,171968.0,3.27,3.27,3.24,3.24,-0.03,28.0
2016-05-10,3024,10003.0,32769.0,3.24,3.3,3.24,3.27,0.03,12.0
2016-05-11,3024,84411.0,274614.0,3.28,3.3,3.24,3.24,-0.03,35.0
2016-05-12,3024,68163.0,221100.0,3.24,3.28,3.23,3.28,0.04,21.0
2016-05-13,3024,61160.0,195045.0,3.22,3.22,3.15,3.2,-0.08,33.0
2016-05-16,3024,116504.0,354957.0,3.03,3.12,2.96,2.96,-0.24,44.0
2016-05-17,3024,218001.0,654813.0,2.96,3.08,2.96,3.0,0.04,57.0
2016-05-18,3024,52441.0,159933.0,3.0,3.11,3.0,3.04,0.04,24.0
2016-05-19,3024,90924.0,277102.0,3.04,3.1,3.02,3.1,0.06,32.0
2016-05-20,3024,145504.0,457775.0,3.0,3.24,3.0,3.1,0.0,46.0
2016-05-23,3024,168930.0,543649.0,3.01,3.3,3.01,3.23,0.13,88.0
2016-05-24,3024,166948.0,524574.0,3.23,3.23,3.1,3.1,-0.13,53.0
2016-05-25,3024,208006.0,655835.0,3.16,3.18,3.12,3.16,0.06,45.0
2016-05-26,3024,53937.0,169468.0,3.1,3.18,3.1,3.13,-0.03,21.0
2016-05-27,3024,34849.0,109821.0,3.19,3.19,3.13,3.16,0.03,20.0
2016-05-30,3024,69651.0,219225.0,3.2,3.2,3.12,3.14,-0.02,34.0
2016-05-31,3024,54502.0,170104.0,3.12,3.14,3.11,3.14,0.0,28.0
2016-06-01,3024,217216.0,687615.0,3.14,3.2,3.1,3.18,0.04,56.0
2016-06-02,3024,239100.0,748914.0,3.17,3.19,3.12,3.12,-0.06,45.0
2016-06-03,3024,258484.0,802122.0,3.16,3.17,3.07,3.09,-0.03,54.0
2016-06-04,3024,7499.0,23349.0,3.12,3.12,3.12,3.12,0.03,10.0
2016-06-06,3024,292664.0,907660.0,3.15,3.16,3.0,3.0,-0.12,55.0
2016-06-07,3024,389982.0,1186303.0,3.0,3.09,2.97,3.01,0.01,107.0
2016-06-08,3024,244494.0,741862.0,3.02,3.06,3.02,3.03,0.02,51.0
2016-06-13,3024,204820.0,625962.0,3.01,3.11,2.98,3.0,-0.03,81.0
2016-06-14,3024,141002.0,424886.0,3.0,3.05,3.0,3.02,0.02,41.0
2016-06-15,3024,158693.0,478291.0,3.02,3.04,3.0,3.0,-0.02,52.0
2016-06-16,3024,50126.0,150679.0,3.0,3.02,2.99,3.02,0.02,31.0
2016-06-17,3024,144012.0,434479.0,3.03,3.06,3.0,3.0,-0.02,42.0
2016-06-20,3024,600067.0,1822571.0,3.0,3.06,3.0,3.04,0.04,83.0
2016-06-21,3024,315225.0,960735.0,3.04,3.09,3.02,3.04,0.0,53.0
2016-06-22,3024,588535.0,1830893.0,3.05,3.18,3.05,3.18,0.14,161.0
2016-06-23,3024,675004.0,2118882.0,3.17,3.17,3.11,3.12,-0.06,126.0
2016-06-24,3024,472151.0,1444526.0,3.13,3.15,3.02,3.02,-0.1,98.0
2016-06-27,3024,647706.0,1995928.0,3.02,3.14,3.02,3.08,0.06,121.0
2016-06-28,3024,910640.0,2851910.0,3.05,3.17,3.05,3.15,0.07,132.0
2016-06-29,3024,461404.0,1449984.0,3.15,3.17,3.11,3.11,-0.04,125.0
2016-06-30,3024,222747.0,697750.0,3.12,3.15,3.1,3.11,0.0,42.0
2016-07-01,3024,452765.0,1423170.0,3.13,3.19,3.11,3.13,0.02,106.0
2016-07-04,3024,301452.0,949629.0,3.14,3.2,3.11,3.16,0.03,73.0
2016-07-05,3024,438284.0,1383288.0,3.15,3.2,3.13,3.14,-0.02,70.0
2016-07-06,3024,162319.0,511485.0,3.2,3.2,3.11,3.16,0.02,47.0
2016-07-07,3024,159048.0,507217.0,3.18,3.21,3.17,3.17,0.01,56.0
2016-07-11,3024,273907.0,880339.0,3.17,3.26,3.17,3.24,0.07,85.0
2016-07-12,3024,242979.0,778298.0,3.26,3.26,3.19,3.25,0.01,63.0
2016-07-13,3024,542320.0,1734519.0,3.21,3.22,3.18,3.18,-0.07,91.0
2016-07-14,3024,260052.0,829229.0,3.21,3.21,3.17,3.17,-0.01,73.0
2016-07-15,3024,242945.0,773745.0,3.17,3.21,3.17,3.18,0.01,56.0
2016-07-18,3024,191404.0,608108.0,3.18,3.19,3.17,3.17,-0.01,62.0
2016-07-19,3024,396989.0,1269031.0,3.18,3.2,3.17,3.19,0.02,63.0
2016-07-20,3024,650498.0,2092311.0,3.2,3.23,3.2,3.23,0.04,81.0
2016-07-21,3024,2574097.0,9063827.0,3.26,3.55,3.25,3.55,0.32,434.0
2016-07-22,3024,3634562.0,13396494.0,3.69,3.81,3.55,3.76,0.21,663.0
2016-07-25,3024,1306002.0,4879994.0,3.76,3.82,3.65,3.7,-0.06,260.0
2016-07-26,3024,362704.0,1345505.0,3.7,3.76,3.64,3.72,0.02,91.0
2016-07-27,3024,1421940.0,5369763.0,3.71,3.84,3.69,3.76,0.04,254.0
2016-07-28,3024,385192.0,1425201.0,3.79,3.79,3.55,3.55,-0.21,126.0
2016-07-29,3024,322771.0,1177778.0,3.6,3.7,3.6,3.61,0.06,93.0
2016-08-01,3024,349487.0,1245803.0,3.61,3.61,3.53,3.56,-0.05,88.0
2016-08-02,3024,231822.0,840108.0,3.62,3.65,3.59,3.59,0.03,84.0
2016-08-03,3024,435364.0,1603749.0,3.6,3.81,3.55,3.81,0.22,146.0
2016-08-04,3024,824006.0,3164135.0,3.81,3.9,3.8,3.83,0.02,183.0
2016-08-05,3024,248725.0,938023.0,3.81,3.83,3.74,3.78,-0.05,103.0
2016-08-08,3024,194350.0,723156.0,3.84,3.84,3.7,3.7,-0.08,73.0
2016-08-09,3024,377288.0,1425923.0,3.89,3.89,3.71,3.72,0.02,121.0
2016-08-10,3024,300736.0,1136277.0,3.73,3.82,3.73,3.79,0.07,115.0
2016-08-11,3024,868145.0,3227438.0,3.79,3.79,3.6,3.73,-0.06,155.0
2016-08-12,3024,589005.0,2132542.0,3.67,3.76,3.6,3.6,-0.13,119.0
2016-08-15,3024,394376.0,1420519.0,3.6,3.63,3.6,3.61,0.01,73.0
2016-08-16,3024,247653.0,886037.0,3.61,3.61,3.53,3.58,-0.03,86.0
2016-08-17,3024,141253.0,502263.0,3.58,3.62,3.53,3.61,0.03,81.0
2016-08-18,3024,289949.0,1031666.0,3.61,3.62,3.53,3.54,-0.07,80.0
2016-08-19,3024,263507.0,947039.0,3.54,3.64,3.54,3.6,0.06,102.0
2016-08-22,3024,169315.0,609519.0,3.6,3.62,3.59,3.6,0.0,84.0
2016-08-23,3024,252113.0,924622.0,3.62,3.73,3.62,3.7,0.1,87.0
2016-08-24,3024,356685.0,1336961.0,3.7,3.8,3.69,3.77,0.07,128.0
2016-08-25,3024,644895.0,2446508.0,3.8,3.82,3.77,3.8,0.03,143.0
2016-08-26,3024,1967995.0,7971305.0,3.8,4.18,3.8,4.18,0.38,467.0
2016-08-29,3024,4995862.0,22615595.0,4.5,4.59,4.28,4.59,0.41,816.0
2016-08-30,3024,4546400.0,22027401.0,4.62,5.04,4.53,5.04,0.45,1003.0
2016-08-31,3024,4302442.0,22451305.0,5.04,5.41,5.0,5.19,0.15,1009.0
2016-09-01,3024,2294157.0,11644388.0,5.27,5.27,5.01,5.13,-0.06,429.0
2016-09-02,3024,1248988.0,6311095.0,5.13,5.24,5.0,5.03,-0.1,368.0
2016-09-05,3024,742898.0,3732864.0,5.05,5.06,5.0,5.0,-0.03,222.0
2016-09-06,3024,1279099.0,6132993.0,5.01,5.01,4.61,4.85,-0.15,341.0
2016-09-07,3024,574499.0,2793376.0,4.8,4.9,4.8,4.85,0.0,219.0
2016-09-08,3024,451501.0,2252346.0,4.9,5.04,4.9,4.95,0.1,169.0
2016-09-09,3024,372608.0,1854248.0,5.04,5.04,4.93,4.95,0.0,141.0
2016-09-10,3024,397161.0,1955813.0,4.91,5.01,4.81,5.0,0.05,137.0
2016-09-12,3024,577369.0,2921085.0,5.08,5.12,5.0,5.05,0.05,193.0
2016-09-13,3024,801114.0,4065287.0,5.1,5.11,5.0,5.01,-0.04,231.0
2016-09-14,3024,492999.0,2469191.0,4.71,5.1,4.71,5.05,0.04,153.0
2016-09-19,3024,2330900.0,12454376.0,5.06,5.55,5.06,5.55,0.5,495.0
2016-09-20,3024,2660768.0,15583133.0,5.77,5.98,5.7,5.93,0.38,655.0
2016-09-21,3024,1616812.0,9673246.0,5.95,6.2,5.81,5.99,0.06,465.0
2016-09-22,3024,1923429.0,11748094.0,5.99,6.2,5.95,6.11,0.12,432.0
2016-09-23,3024,2476480.0,15831657.0,6.25,6.5,6.14,6.35,0.24,604.0
2016-09-26,3024,3792794.0,25097484.0,6.59,6.9,6.38,6.59,0.24,832.0
2016-09-29,3024,4965376.0,34074002.0,6.61,7.03,6.61,6.9,0.31,948.0
2016-09-30,3024,3680223.0,24197569.0,6.8,6.8,6.36,6.36,-0.54,711.0
2016-10-03,3024,811002.0,5261965.0,6.5,6.64,6.4,6.4,0.04,275.0
2016-10-04,3024,1347630.0,8418700.0,6.35,6.41,6.16,6.16,-0.24,339.0
2016-10-05,3024,3676971.0,24411905.0,6.22,6.77,6.19,6.75,0.59,784.0
2016-10-06,3024,1196434.0,7962699.0,6.73,6.77,6.51,6.63,-0.12,322.0
2016-10-07,3024,985434.0,6585350.0,6.64,6.75,6.63,6.63,0.0,254.0
2016-10-11,3024,995421.0,6521095.0,6.63,6.75,6.3,6.65,0.02,282.0
2016-10-12,3024,576284.0,3679502.0,6.21,6.5,6.21,6.45,-0.2,154.0
2016-10-13,3024,829017.0,5239631.0,6.35,6.37,6.25,6.37,-0.08,160.0
2016-10-14,3024,754386.0,4699141.0,6.37,6.37,6.17,6.25,-0.12,156.0
2016-10-17,3024,371244.0,2329425.0,6.13,6.39,6.13,6.37,0.12,118.0
2016-10-18,3024,460729.0,2958411.0,6.5,6.5,6.34,6.49,0.12,139.0
2016-10-19,3024,735800.0,4861640.0,6.49,6.7,6.45,6.66,0.17,211.0
2016-10-20,3024,1465886.0,9920554.0,6.66,6.9,6.62,6.85,0.19,329.0
2016-10-21,3024,900643.0,6147564.0,6.82,6.98,6.7,6.85,0.0,221.0
2016-10-24,3024,581883.0,3881434.0,6.83,6.84,6.61,6.64,-0.21,177.0
2016-10-25,3024,507829.0,3275125.0,6.6,6.6,6.37,6.47,-0.17,160.0
2016-10-26,3024,268505.0,1751361.0,6.36,6.6,6.36,6.54,0.07,115.0
2016-10-27,3024,582853.0,3899149.0,6.66,6.74,6.64,6.69,0.15,189.0
2016-10-28,3024,5752842.0,41108280.0,6.75,7.35,6.74,7.35,0.66,1095.0
2016-10-31,3024,3041706.0,21816496.0,7.32,7.32,6.99,7.24,-0.11,824.0
2016-11-01,3024,5234230.0,40642857.0,7.28,7.95,7.1,7.84,0.6,1260.0
2016-11-02,3024,4502401.0,36000634.0,7.84,8.45,7.7,8.09,0.25,1330.0
2016-11-03,3024,2716093.0,21794573.0,8.2,8.2,7.88,7.96,-0.13,894.0
2016-11-04,3024,2634106.0,21597713.0,7.88,8.4,7.88,8.08,0.12,863.0
2016-11-07,3024,1851743.0,14888495.0,8.17,8.22,7.95,7.98,-0.1,513.0
2016-11-08,3024,2574517.0,19880922.0,8.1,8.1,7.55,7.68,-0.3,637.0
2016-11-09,3024,3096097.0,23958333.0,7.95,7.97,7.5,7.8,0.12,684.0
2016-11-10,3024,8503557.0,70859976.0,7.99,8.58,7.84,8.58,0.78,1786.0
2016-11-11,3024,4181783.0,33428699.0,8.2,8.2,7.9,7.94,-0.64,1046.0
2016-11-14,3024,3588816.0,26644924.0,8.1,8.1,7.16,7.23,-0.71,1050.0
2016-11-15,3024,2438523.0,17905566.0,7.01,7.57,7.0,7.41,0.18,790.0
2016-11-16,3024,3805550.0,27261115.0,7.31,7.51,6.95,7.02,-0.39,881.0
2016-11-17,3024,1699892.0,11870342.0,7.05,7.18,6.87,6.88,-0.14,462.0
2016-11-18,3024,1758186.0,12420543.0,6.88,7.29,6.87,6.98,0.1,523.0
2016-11-21,3024,854178.0,5991792.0,6.91,7.11,6.91,6.99,0.01,282.0
2016-11-22,3024,697959.0,4881091.0,7.0,7.09,6.9,6.96,-0.03,253.0
2016-11-23,3024,973400.0,6811207.0,7.02,7.04,6.96,6.98,0.02,212.0
2016-11-24,3024,992008.0,6831022.0,7.0,7.05,6.83,6.86,-0.12,263.0
2016-11-25,3024,1395042.0,9422756.0,6.83,6.92,6.55,6.68,-0.18,300.0
2016-11-28,3024,597603.0,4160265.0,6.68,7.08,6.68,6.92,0.24,212.0
2016-11-29,3024,328109.0,2261106.0,6.9,6.93,6.83,6.9,-0.02,139.0
2016-11-30,3024,498731.0,3456519.0,6.99,6.99,6.89,6.89,-0.01,153.0
2016-12-01,3024,473535.0,3245650.0,6.9,6.91,6.82,6.83,-0.06,152.0
2016-12-02,3024,570909.0,3896991.0,6.79,6.87,6.79,6.8,-0.03,137.0
2016-12-05,3024,3127030.0,22953284.0,6.92,7.48,6.83,7.48,0.68,939.0
2016-12-06,3024,1824285.0,13534409.0,7.35,7.56,7.26,7.39,-0.09,598.0
2016-12-07,3024,763672.0,5681566.0,7.45,7.55,7.35,7.39,0.0,263.0
2016-12-08,3024,921947.0,6915067.0,7.5,7.6,7.41,7.41,0.02,303.0
2016-12-09,3024,1488866.0,10883203.0,7.5,7.52,7.02,7.5,0.09,434.0
2016-12-12,3024,873244.0,6384017.0,7.4,7.47,7.22,7.24,-0.26,212.0
2016-12-13,3024,418893.0,3037238.0,7.24,7.37,7.15,7.24,0.0,119.0
2016-12-14,3024,606558.0,4344550.0,7.2,7.28,7.11,7.11,-0.13,187.0
2016-12-15,3024,696243.0,4900151.0,7.06,7.2,6.96,7.04,-0.07,224.0
2016-12-16,3024,259944.0,1833925.0,7.11,7.17,7.0,7.04,0.0,104.0
2016-12-19,3024,267988.0,1872854.0,7.12,7.12,6.9,6.97,-0.07,114.0
2016-12-20,3024,665728.0,4770191.0,6.93,7.3,6.93,7.28,0.31,192.0
2016-12-21,3024,368432.0,2637705.0,7.35,7.35,7.04,7.11,-0.17,151.0
2016-12-22,3024,689725.0,4941735.0,7.1,7.35,7.06,7.14,0.03,203.0
2016-12-23,3024,620072.0,4426842.0,7.08,7.22,7.07,7.1,-0.04,172.0
2016-12-26,3024,225751.0,1600747.0,7.1,7.15,7.07,7.07,-0.03,95.0
2016-12-27,3024,328718.0,2324700.0,7.14,7.15,7.05,7.05,-0.02,125.0
2016-12-28,3024,306551.0,2162241.0,7.05,7.14,7.02,7.04,-0.01,126.0
2016-12-29,3024,377169.0,2644123.0,7.07,7.07,6.95,7.0,-0.04,109.0
2016-12-30,3024,733036.0,5199091.0,7.0,7.25,7.0,7.12,0.12,202.0
2017-01-03,3024,170058.0,1203714.0,7.05,7.15,7.04,7.05,-0.07,74.0
2017-01-04,3024,321210.0,2254560.0,7.05,7.06,7.0,7.03,-0.02,126.0
2017-01-05,3024,419298.0,2936889.0,7.03,7.05,6.98,7.0,-0.03,115.0
2017-01-06,3024,230256.0,1613532.0,7.03,7.11,6.95,7.0,0.0,108.0
2017-01-09,3024,395486.0,2766355.0,7.03,7.03,6.96,7.0,0.0,101.0
2017-01-10,3024,209595.0,1474444.0,6.94,7.17,6.94,6.99,-0.01,73.0
2017-01-11,3024,223155.0,1561155.0,7.0,7.08,6.98,6.98,-0.01,88.0
2017-01-12,3024,460826.0,3238782.0,6.98,7.16,6.93,7.16,0.18,135.0
2017-01-13,3024,4102747.0,31329692.0,7.18,7.86,7.07,7.78,0.62,1216.0
2017-01-16,3024,2155205.0,16042433.0,7.65,7.65,7.3,7.3,-0.48,639.0
2017-01-17,3024,597301.0,4357945.0,7.21,7.44,7.2,7.2,-0.1,267.0
2017-01-18,3024,1505770.0,11140904.0,7.15,7.48,7.15,7.41,0.21,455.0
2017-01-19,3024,1076072.0,8040600.0,7.42,7.58,7.42,7.44,0.03,256.0
2017-01-20,3024,558343.0,4074003.0,7.44,7.5,7.22,7.24,-0.2,173.0
2017-01-23,3024,609863.0,4444408.0,7.25,7.37,7.2,7.23,-0.01,165.0
2017-01-24,3024,470141.0,3386780.0,7.21,7.27,7.17,7.22,-0.01,165.0
2017-02-02,3024,452655.0,3266126.0,7.24,7.35,7.11,7.23,0.01,182.0
2017-02-03,3024,647509.0,4653888.0,7.23,7.25,7.15,7.18,-0.05,176.0
2017-02-06,3024,432271.0,3118417.0,7.18,7.27,7.18,7.21,0.03,133.0
2017-02-07,3024,575760.0,4129755.0,7.21,7.21,7.15,7.16,-0.05,145.0
2017-02-08,3024,565744.0,4069323.0,7.17,7.24,7.15,7.24,0.08,149.0
2017-02-09,3024,898585.0,6640999.0,7.21,7.52,7.21,7.28,0.04,352.0
2017-02-10,3024,1190894.0,8679404.0,7.31,7.48,7.21,7.21,-0.07,215.0
2017-02-13,3024,518822.0,3749997.0,7.26,7.34,7.17,7.34,0.13,197.0
2017-02-14,3024,688325.0,5033934.0,7.38,7.42,7.25,7.25,-0.09,207.0
2017-02-15,3024,1707977.0,12748143.0,7.27,7.68,7.27,7.53,0.28,474.0
2017-02-16,3024,5172785.0,41287572.0,7.56,8.26,7.55,7.83,0.3,1328.0
2017-02-17,3024,1636309.0,12892762.0,7.85,8.08,7.61,7.9,0.07,513.0
2017-02-18,3024,1886090.0,15095645.0,7.88,8.09,7.88,8.09,0.19,435.0
2017-02-20,3024,6394438.0,54392288.0,8.11,8.88,8.11,8.79,0.7,1600.0
2017-02-21,3024,2812109.0,24260932.0,8.76,8.79,8.4,8.75,-0.04,713.0
2017-02-22,3024,4555945.0,41146934.0,8.75,9.18,8.75,9.14,0.39,877.0
2017-02-23,3024,2353855.0,21640933.0,9.16,9.3,9.02,9.2,0.06,678.0
2017-02-24,3024,2066164.0,19008791.0,9.26,9.3,9.05,9.2,0.0,523.0
2017-03-01,3024,2828617.0,26766887.0,9.24,9.62,9.2,9.45,0.25,741.0
2017-03-02,3024,3747319.0,34211658.0,9.5,9.65,8.7,8.78,-0.67,892.0
2017-03-03,3024,1351093.0,12084212.0,8.82,9.15,8.82,8.87,0.09,348.0
2017-03-06,3024,2354519.0,21236065.0,8.87,9.24,8.76,9.1,0.23,550.0
2017-03-07,3024,1746514.0,16030836.0,9.1,9.23,9.1,9.2,0.1,544.0
2017-03-08,3024,1635787.0,15188206.0,9.2,9.35,9.2,9.26,0.06,479.0
2017-03-09,3024,4841265.0,47087696.0,9.4,9.98,9.31,9.95,0.69,1291.0
2017-03-10,3024,3072563.0,29867064.0,10.0,10.1,9.48,9.87,-0.08,946.0
2017-03-13,3024,1577564.0,15379156.0,9.5,9.95,9.4,9.88,0.01,666.0
2017-03-14,3024,1358493.0,13304515.0,9.88,9.95,9.74,9.79,-0.09,433.0
2017-03-15,3024,1411972.0,13783753.0,9.8,9.83,9.6,9.78,-0.01,372.0
2017-03-16,3024,1908456.0,18599785.0,9.62,9.84,9.62,9.71,-0.07,405.0
2017-03-17,3024,2784756.0,27554618.0,9.73,10.0,9.72,9.94,0.23,663.0
2017-03-20,3024,5939757.0,61928708.0,9.98,10.8,9.98,10.65,0.71,1222.0
2017-03-21,3024,4169296.0,45091468.0,10.5,11.05,10.5,10.85,0.2,953.0
2017-03-22,3024,3674321.0,40328931.0,10.7,11.1,10.5,11.1,0.25,775.0
2017-03-23,3024,3299836.0,36531900.0,11.1,11.3,10.9,11.0,-0.1,686.0
2017-03-24,3024,1537863.0,16808442.0,10.85,11.1,10.8,10.85,-0.15,414.0
2017-03-27,3024,7549953.0,76583031.0,10.85,10.9,9.82,9.91,-0.94,1762.0
2017-03-28,3024,3124377.0,30341244.0,9.9,9.9,9.48,9.57,-0.34,802.0
2017-03-29,3024,1518025.0,14810690.0,9.6,10.0,9.6,9.87,0.3,531.0
2017-03-30,3024,864131.0,8465978.0,9.87,9.95,9.66,9.69,-0.18,447.0
2017-03-31,3024,1097386.0,10680786.0,9.6,9.9,9.55,9.82,0.13,510.0
2017-04-05,3024,3942996.0,40309978.0,9.9,10.45,9.88,10.35,0.53,1208.0
2017-04-06,3024,1936470.0,19595500.0,10.2,10.3,10.0,10.15,-0.2,609.0
2017-04-07,3024,1561873.0,15788691.0,10.15,10.3,9.9,10.2,0.05,451.0
2017-04-10,3024,1975098.0,20435101.0,10.3,10.65,10.05,10.6,0.4,858.0
2017-04-11,3024,3171907.0,33648356.0,10.35,10.9,10.2,10.85,0.25,1066.0
2017-04-12,3024,3648870.0,38473090.0,10.5,10.8,10.4,10.4,-0.45,1243.0
2017-04-13,3024,1425867.0,14635002.0,10.5,10.55,10.1,10.1,-0.3,492.0
2017-04-14,3024,2490270.0,24928043.0,10.1,10.35,9.91,10.0,-0.1,481.0
2017-04-17,3024,1574321.0,15381529.0,10.0,10.0,9.68,9.68,-0.32,475.0
2017-04-18,3024,664887.0,6517430.0,9.97,9.97,9.74,9.8,0.12,202.0
2017-04-19,3024,1307927.0,13011528.0,9.76,10.15,9.76,9.86,0.06,381.0
2017-04-20,3024,1505301.0,15041121.0,9.9,10.2,9.86,10.15,0.29,353.0
2017-04-21,3024,936364.0,9459575.0,10.2,10.25,10.0,10.1,-0.05,270.0
2017-04-24,3024,905478.0,9099880.0,10.15,10.2,9.89,10.0,-0.1,216.0
2017-04-25,3024,7864230.0,82148675.0,10.0,10.7,10.0,10.45,0.45,2038.0
2017-04-26,3024,1544191.0,15981593.0,10.4,10.5,10.25,10.3,-0.15,561.0
2017-04-27,3024,4352225.0,46263711.0,10.4,11.2,10.25,10.85,0.55,1058.0
2017-04-28,3024,9772240.0,108597020.0,11.3,11.45,10.6,10.6,-0.25,2730.0
2017-05-02,3024,2448810.0,25434809.0,10.55,10.65,10.25,10.3,-0.3,737.0
2017-05-03,3024,1739054.0,17998950.0,10.4,10.6,10.2,10.4,0.1,440.0
2017-05-04,3024,1935956.0,20298740.0,10.5,10.6,10.35,10.4,0.0,418.0
2017-05-05,3024,979018.0,10090232.0,10.4,10.45,10.25,10.25,-0.15,279.0
2017-05-08,3024,595659.0,6093637.0,10.3,10.35,10.15,10.2,-0.05,213.0
2017-05-09,3024,1885442.0,19294772.0,10.2,10.4,10.1,10.1,-0.1,416.0
2017-05-10,3024,947095.0,9745703.0,10.2,10.35,10.2,10.2,0.1,270.0
2017-05-11,3024,773003.0,7853080.0,10.2,10.3,10.0,10.1,-0.1,233.0
2017-05-12,3024,728165.0,7323166.0,10.1,10.2,9.91,10.0,-0.1,202.0
2017-05-15,3024,908792.0,9115939.0,9.95,10.2,9.95,9.98,-0.02,199.0
2017-05-16,3024,1442448.0,14239462.0,9.96,10.0,9.81,9.82,-0.16,432.0
2017-05-17,3024,1015444.0,9905062.0,9.74,9.87,9.72,9.74,-0.08,292.0
2017-05-18,3024,484278.0,4680575.0,9.59,9.75,9.57,9.74,0.0,187.0
2017-05-19,3024,1016147.0,10113603.0,9.8,10.1,9.8,9.99,0.25,310.0
2017-05-22,3024,697564.0,6995835.0,10.0,10.15,9.98,9.98,-0.01,227.0
2017-05-23,3024,827244.0,8281782.0,10.0,10.1,9.98,10.0,0.02,168.0
2017-05-24,3024,685766.0,6841533.0,10.0,10.05,9.91,9.97,-0.03,175.0
2017-05-25,3024,776072.0,7736470.0,9.99,10.05,9.88,9.9,-0.07,205.0
2017-05-26,3024,657009.0,6509865.0,9.99,10.05,9.83,9.87,-0.03,208.0
2017-05-31,3024,1643977.0,15656665.0,9.8,9.86,9.31,9.38,-0.49,376.0
2017-06-01,3024,984301.0,9109119.0,9.36,9.4,9.08,9.11,-0.27,292.0
2017-06-02,3024,1197254.0,10759563.0,9.27,9.27,8.89,8.9,-0.21,391.0
2017-06-03,3024,1390829.0,12119252.0,9.04,9.04,8.63,8.66,-0.24,427.0
2017-06-05,3024,1703242.0,15203787.0,8.67,9.21,8.57,9.2,0.54,575.0
2017-06-06,3024,532551.0,4836360.0,9.14,9.16,9.02,9.14,-0.06,255.0
2017-06-07,3024,465621.0,4196580.0,9.14,9.17,8.93,8.94,-0.2,182.0
2017-06-08,3024,224535.0,2001859.0,8.93,8.99,8.88,8.92,-0.02,102.0
2017-06-09,3024,318532.0,2817720.0,8.92,8.94,8.81,8.82,-0.1,122.0
2017-06-12,3024,172104.0,1514493.0,8.9,8.9,8.7,8.73,-0.09,85.0
2017-06-13,3024,669921.0,5876952.0,8.73,8.97,8.69,8.97,0.24,171.0
2017-06-14,3024,615653.0,5416329.0,9.1,9.1,8.71,8.85,-0.12,249.0
2017-06-15,3024,272101.0,2394123.0,8.98,8.98,8.75,8.77,-0.08,96.0
2017-06-16,3024,340373.0,3001001.0,8.77,8.91,8.73,8.73,-0.04,101.0
2017-06-19,3024,641655.0,5553014.0,8.73,8.88,8.6,8.64,-0.09,214.0
2017-06-20,3024,414855.0,3562025.0,8.68,8.77,8.51,8.51,-0.13,127.0
2017-06-21,3024,1702968.0,13833511.0,8.5,8.5,7.73,8.03,-0.48,566.0
2017-06-22,3024,631312.0,5056071.0,8.03,8.14,7.93,7.93,-0.1,220.0
2017-06-23,3024,1362114.0,10546643.0,7.99,8.0,7.6,7.71,-0.22,412.0
2017-06-26,3024,1245461.0,10096717.0,7.8,8.3,7.74,8.19,0.48,464.0
2017-06-27,3024,402296.0,3238968.0,8.01,8.13,8.0,8.01,-0.18,184.0
2017-06-28,3024,404008.0,3226594.0,7.9,8.19,7.8,8.06,0.05,149.0
2017-06-29,3024,535654.0,4363524.0,8.06,8.3,8.03,8.3,0.24,184.0
2017-06-30,3024,1523101.0,12914659.0,8.29,8.68,8.18,8.52,0.22,496.0
2017-07-03,3024,715884.0,5979516.0,8.52,8.52,8.19,8.2,-0.32,263.0
2017-07-04,3024,283756.0,2328499.0,8.15,8.4,8.14,8.14,-0.06,118.0
2017-07-05,3024,425507.0,3432364.0,8.23,8.23,8.01,8.08,-0.06,151.0
2017-07-06,3024,332371.0,2671358.0,8.09,8.11,8.0,8.03,-0.05,119.0
2017-07-07,3024,304730.0,2435513.0,7.85,8.1,7.85,8.0,-0.03,97.0
2017-07-10,3024,347746.0,2750993.0,8.0,8.06,7.87,7.9,-0.1,108.0
2017-07-11,3024,225342.0,1777048.0,7.78,8.0,7.78,7.83,-0.07,78.0
2017-07-12,3024,228817.0,1799983.0,7.83,7.9,7.83,7.83,0.0,95.0
2017-07-13,3024,204912.0,1616617.0,8.0,8.0,7.83,7.83,0.0,103.0
2017-07-14,3024,469506.0,3650014.0,7.95,7.95,7.71,7.8,-0.03,150.0
2017-07-17,3024,217000.0,1692366.0,7.74,7.84,7.74,7.79,-0.01,87.0
2017-07-18,3024,459657.0,3544230.0,7.82,7.82,7.67,7.72,-0.07,154.0
2017-07-19,3024,563304.0,4318587.0,7.65,7.75,7.65,7.66,-0.06,181.0
2017-07-20,3024,1400356.0,10498959.0,7.62,7.7,7.31,7.5,-0.16,409.0
2017-07-21,3024,972464.0,7184475.0,7.37,7.55,7.27,7.37,-0.13,262.0
2017-07-24,3024,573412.0,4162102.0,7.37,7.4,7.2,7.22,-0.15,180.0
2017-07-25,3024,751068.0,5346514.0,7.13,7.25,7.02,7.06,-0.16,241.0
2017-07-26,3024,1607607.0,12143292.0,7.14,7.76,7.12,7.76,0.7,523.0
2017-07-27,3024,2533754.0,20771567.0,7.9,8.45,7.9,8.25,0.49,854.0
2017-07-28,3024,1154762.0,9276025.0,8.25,8.3,7.9,7.91,-0.34,441.0
2017-07-31,3024,1378502.0,10742047.0,8.0,8.1,7.55,7.63,-0.28,415.0
2017-08-01,3024,655900.0,4999293.0,7.75,7.75,7.56,7.69,0.06,233.0
2017-08-02,3024,502596.0,3816024.0,7.72,7.72,7.53,7.55,-0.14,166.0
2017-08-03,3024,592520.0,4507113.0,7.4,7.74,7.4,7.66,0.11,185.0
2017-08-04,3024,377763.0,2885040.0,7.6,7.69,7.57,7.57,-0.09,112.0
2017-08-07,3024,663447.0,5022906.0,7.57,7.68,7.47,7.52,-0.05,223.0
2017-08-08,3024,994200.0,7323474.0,7.48,7.5,7.31,7.33,-0.19,274.0
2017-08-09,3024,266349.0,1956126.0,7.4,7.45,7.27,7.4,0.07,126.0
2017-08-10,3024,1215797.0,8667344.0,7.45,7.45,7.02,7.1,-0.3,347.0
2017-08-11,3024,680446.0,4799423.0,7.06,7.15,6.92,7.13,0.03,214.0
2017-08-14,3024,981635.0,6732376.0,7.1,7.1,6.7,6.8,-0.33,234.0
2017-08-15,3024,604298.0,4144233.0,6.86,7.0,6.8,6.98,0.18,167.0
2017-08-16,3024,383200.0,2708480.0,6.98,7.18,6.97,7.02,0.04,144.0
2017-08-17,3024,301083.0,2161042.0,7.06,7.2,7.06,7.18,0.16,140.0
2017-08-18,3024,1216134.0,9001239.0,7.17,7.64,7.13,7.5,0.32,393.0
2017-08-21,3024,391476.0,2895775.0,7.5,7.54,7.31,7.36,-0.14,139.0
2017-08-22,3024,207533.0,1528099.0,7.44,7.44,7.35,7.38,0.02,69.0
2017-08-23,3024,262240.0,1925685.0,7.4,7.41,7.3,7.31,-0.07,109.0
2017-08-24,3024,495554.0,3591732.0,7.31,7.37,7.2,7.22,-0.09,158.0
2017-08-25,3024,125260.0,909470.0,7.25,7.3,7.22,7.3,0.08,65.0
2017-08-28,3024,199720.0,1445956.0,7.29,7.3,7.18,7.24,-0.06,92.0
2017-08-29,3024,166001.0,1189937.0,7.24,7.24,7.12,7.18,-0.06,66.0
2017-08-30,3024,510895.0,3731969.0,7.2,7.38,7.2,7.25,0.07,157.0
2017-08-31,3024,134458.0,975712.0,7.3,7.31,7.21,7.23,-0.02,59.0
2017-09-01,3024,364055.0,2643088.0,7.24,7.31,7.22,7.29,0.06,112.0
2017-09-04,3024,156332.0,1130819.0,7.25,7.29,7.2,7.22,-0.07,54.0
2017-09-05,3024,530246.0,3795823.0,7.17,7.22,7.13,7.15,-0.07,178.0
2017-09-06,3024,255455.0,1839717.0,7.24,7.24,7.14,7.23,0.08,88.0
2017-09-07,3024,818136.0,6069949.0,7.24,7.64,7.24,7.41,0.18,316.0
2017-09-08,3024,603073.0,4467211.0,7.42,7.54,7.34,7.41,0.0,167.0
2017-09-11,3024,354626.0,2603207.0,7.41,7.43,7.28,7.29,-0.12,137.0
2017-09-12,3024,217066.0,1599307.0,7.48,7.48,7.31,7.34,0.05,79.0
2017-09-13,3024,159504.0,1162692.0,7.39,7.39,7.27,7.28,-0.06,67.0
2017-09-14,3024,174789.0,1275954.0,7.26,7.35,7.26,7.35,0.07,81.0
2017-09-15,3024,199006.0,1451702.0,7.35,7.35,7.25,7.26,-0.09,82.0
2017-09-18,3024,206772.0,1498550.0,7.26,7.3,7.22,7.3,0.04,96.0
2017-09-19,3024,301078.0,2217837.0,7.3,7.5,7.3,7.34,0.04,116.0
2017-09-20,3024,177265.0,1295775.0,7.34,7.41,7.28,7.29,-0.05,85.0
2017-09-21,3024,181582.0,1327332.0,7.27,7.37,7.27,7.29,0.0,82.0
2017-09-22,3024,305959.0,2200607.0,7.29,7.29,7.13,7.16,-0.13,136.0
2017-09-25,3024,216020.0,1533338.0,7.14,7.15,7.08,7.1,-0.06,108.0
2017-09-26,3024,424095.0,2969325.0,7.08,7.08,6.92,6.96,-0.14,171.0
2017-09-27,3024,137167.0,961964.0,6.96,7.1,6.96,7.04,0.08,57.0
2017-09-28,3024,197261.0,1384317.0,6.97,7.11,6.96,7.05,0.01,76.0
2017-09-29,3024,89775.0,629307.0,7.05,7.12,6.96,7.02,-0.03,48.0
2017-09-30,3024,211242.0,1490564.0,7.0,7.13,7.0,7.08,0.06,50.0
2017-10-02,3024,295925.0,2128019.0,7.08,7.27,7.08,7.25,0.17,124.0
2017-10-03,3024,89658.0,646666.0,7.23,7.25,7.19,7.21,-0.04,39.0
2017-10-05,3024,235448.0,1675092.0,7.15,7.21,7.08,7.08,-0.13,72.0
2017-10-06,3024,173151.0,1231278.0,7.09,7.14,7.09,7.12,0.04,52.0
2017-10-11,3024,235548.0,1660046.0,7.12,7.13,7.0,7.0,-0.12,75.0
2017-10-12,3024,173416.0,1212203.0,7.03,7.03,6.96,7.03,0.03,44.0
2017-10-13,3024,182146.0,1275606.0,7.08,7.08,6.99,7.01,-0.02,65.0
2017-10-16,3024,121939.0,854999.0,7.01,7.05,7.0,7.03,0.02,60.0
2017-10-17,3024,192810.0,1364805.0,7.08,7.1,7.07,7.07,0.04,60.0
2017-10-18,3024,92450.0,652150.0,7.09,7.11,7.02,7.07,0.0,55.0
2017-10-19,3024,238064.0,1669878.0,7.07,7.07,6.99,7.05,-0.02,81.0
2017-10-20,3024,111209.0,779272.0,7.0,7.04,6.99,7.02,-0.03,53.0
2017-10-23,3024,185861.0,1298549.0,7.04,7.04,6.96,7.0,-0.02,59.0
2017-10-24,3024,117937.0,826830.0,7.0,7.04,6.99,7.0,0.0,45.0
2017-10-25,3024,108826.0,762202.0,7.04,7.04,6.98,7.0,0.0,56.0
2017-10-26,3024,150200.0,1049243.0,7.0,7.02,6.96,7.0,0.0,51.0
2017-10-27,3024,623144.0,4319286.0,7.0,7.03,6.82,6.85,-0.15,164.0
2017-10-30,3024,204025.0,1406567.0,6.95,6.97,6.83,6.9,0.05,82.0
2017-10-31,3024,161309.0,1114584.0,6.85,6.96,6.82,6.9,0.0,60.0
2017-11-01,3024,186774.0,1295892.0,6.99,6.99,6.9,6.94,0.04,68.0
2017-11-02,3024,151047.0,1040331.0,6.89,6.92,6.86,6.89,-0.05,61.0
2017-11-03,3024,326878.0,2230665.0,6.89,6.89,6.8,6.8,-0.09,116.0
2017-11-06,3024,135986.0,933271.0,6.86,6.9,6.83,6.85,0.05,67.0
2017-11-07,3024,154413.0,1064919.0,6.87,6.98,6.84,6.9,0.05,61.0
2017-11-08,3024,200221.0,1380174.0,6.9,6.95,6.86,6.9,0.0,87.0
2017-11-09,3024,126206.0,870973.0,6.96,6.96,6.85,6.9,0.0,66.0
2017-11-10,3024,262391.0,1812765.0,6.86,6.99,6.83,6.91,0.01,95.0
2017-11-13,3024,176499.0,1212211.0,6.96,7.0,6.84,6.84,-0.07,71.0
2017-11-14,3024,221218.0,1504291.0,6.96,6.96,6.76,6.85,0.01,84.0
2017-11-15,3024,114744.0,782010.0,6.85,6.89,6.79,6.79,-0.06,64.0
2017-11-16,3024,295305.0,1984030.0,6.76,6.79,6.67,6.68,-0.11,128.0
2017-11-17,3024,845680.0,5572706.0,6.7,6.84,6.5,6.5,-0.18,245.0
2017-11-20,3024,179474.0,1175520.0,6.51,6.69,6.5,6.51,0.01,82.0
2017-11-21,3024,608310.0,3905151.0,6.51,6.51,6.11,6.45,-0.06,195.0
2017-11-22,3024,688669.0,4328858.0,6.38,6.41,6.2,6.25,-0.2,221.0
2017-11-23,3024,338546.0,2108770.0,6.25,6.32,6.18,6.2,-0.05,117.0
2017-11-24,3024,664817.0,4158088.0,6.21,6.31,6.21,6.23,0.03,175.0
2017-11-27,3024,542201.0,3393078.0,6.25,6.3,6.22,6.22,-0.01,117.0
2017-11-28,3024,263111.0,1630067.0,6.24,6.24,6.16,6.18,-0.04,96.0
2017-11-29,3024,736025.0,4551848.0,6.19,6.29,6.1,6.16,-0.02,194.0
2017-11-30,3024,221316.0,1351687.0,6.18,6.18,6.07,6.1,-0.06,79.0
2017-12-01,3024,572165.0,3478030.0,6.12,6.18,6.0,6.02,-0.08,146.0
2017-12-04,3024,239330.0,1440076.0,6.05,6.09,5.99,6.01,-0.01,87.0
2017-12-05,3024,1348663.0,7743215.0,6.0,6.0,5.56,5.69,-0.32,326.0
2017-12-06,3024,634001.0,3612855.0,5.69,5.8,5.62,5.66,-0.03,142.0
2017-12-07,3024,0.0,0.0,0.0,0.0,0.0,0.0,0.0,0.0
2017-12-08,3024,1449730.0,7911102.0,5.25,5.66,5.25,5.55,0.0,426.0
2017-12-11,3024,661494.0,3936454.0,5.56,6.1,5.56,6.1,0.55,249.0
2017-12-12,3024,2409707.0,16151255.0,6.71,6.71,6.5,6.71,0.61,507.0
2017-12-13,3024,2068666.0,14326094.0,7.01,7.13,6.77,6.89,0.18,674.0
2017-12-14,3024,896296.0,6106132.0,6.97,6.97,6.72,6.76,-0.13,240.0
2017-12-15,3024,695012.0,4710845.0,6.8,6.83,6.72,6.76,0.0,186.0
2017-12-18,3024,322059.0,2183344.0,6.86,6.86,6.75,6.75,-0.01,91.0
2017-12-19,3024,202050.0,1351477.0,6.75,6.79,6.64,6.67,-0.08,85.0
2017-12-20,3024,317809.0,2113711.0,6.59,6.73,6.59,6.7,0.03,77.0
2017-12-21,3024,148261.0,990845.0,6.7,6.74,6.63,6.65,-0.05,57.0
2017-12-22,3024,102926.0,683961.0,6.64,6.7,6.63,6.65,0.0,54.0
2017-12-25,3024,246288.0,1628788.0,6.55,6.69,6.55,6.61,-0.04,66.0
2017-12-26,3024,256634.0,1684178.0,6.61,6.68,6.52,6.55,-0.06,75.0
2017-12-27,3024,224780.0,1466400.0,6.61,6.64,6.42,6.42,-0.13,76.0
2017-12-28,3024,427146.0,2744625.0,6.42,6.53,6.4,6.4,-0.02,126.0
2017-12-29,3024,127151.0,813164.0,6.4,6.44,6.36,6.43,0.03,71.0
2018-01-02,3024,247053.0,1601266.0,6.45,6.51,6.45,6.5,0.07,91.0
2018-01-03,3024,176798.0,1144485.0,6.48,6.52,6.44,6.44,-0.06,81.0
2018-01-04,3024,277402.0,1780394.0,6.44,6.45,6.36,6.4,-0.04,68.0
2018-01-05,3024,380287.0,2443219.0,6.39,6.55,6.36,6.5,0.1,103.0
2018-01-08,3024,829253.0,5526488.0,6.52,6.84,6.52,6.83,0.33,301.0
2018-01-09,3024,612086.0,4201134.0,6.86,6.94,6.76,6.83,0.0,184.0
2018-01-10,3024,437816.0,2947311.0,6.84,6.84,6.67,6.68,-0.15,129.0
2018-01-11,3024,454103.0,3026143.0,6.77,6.77,6.58,6.58,-0.1,102.0
2018-01-12,3024,220421.0,1479074.0,6.59,6.76,6.59,6.68,0.1,88.0
2018-01-15,3024,349415.0,2355658.0,6.73,6.83,6.7,6.72,0.04,131.0
2018-01-16,3024,252235.0,1706804.0,6.72,6.8,6.7,6.79,0.07,104.0
2018-01-17,3024,280157.0,1898298.0,6.8,6.81,6.75,6.79,0.0,117.0
2018-01-18,3024,270635.0,1827513.0,6.81,6.82,6.72,6.73,-0.06,94.0
2018-01-19,3024,236012.0,1587388.0,6.84,6.84,6.7,6.73,0.0,80.0
2018-01-22,3024,221543.0,1479621.0,6.77,6.77,6.66,6.66,-0.07,79.0
2018-01-23,3024,323557.0,2138595.0,6.66,6.66,6.58,6.6,-0.06,101.0
2018-01-24,3024,117955.0,781539.0,6.6,6.69,6.56,6.66,0.06,60.0
2018-01-25,3024,451687.0,2961434.0,6.72,6.72,6.5,6.52,-0.14,136.0
2018-01-26,3024,106622.0,692241.0,6.54,6.54,6.47,6.47,-0.05,47.0
2018-01-29,3024,210016.0,1359425.0,6.48,6.55,6.45,6.48,0.01,70.0
2018-01-30,3024,213002.0,1392189.0,6.57,6.59,6.48,6.48,0.0,87.0
2018-01-31,3024,112753.0,726512.0,6.46,6.49,6.41,6.49,0.01,65.0
2018-02-01,3024,1112005.0,7445686.0,6.46,6.84,6.46,6.72,0.23,373.0
2018-02-02,3024,505785.0,3448654.0,6.99,6.99,6.74,6.8,0.08,167.0
2018-02-05,3024,311228.0,2072521.0,6.73,6.74,6.55,6.73,-0.07,93.0
2018-02-06,3024,895029.0,5762120.0,6.71,6.71,6.15,6.33,-0.4,220.0
2018-02-07,3024,311391.0,2014524.0,6.39,6.56,6.39,6.43,0.1,92.0
2018-02-08,3024,158513.0,1019891.0,6.54,6.54,6.34,6.43,0.0,52.0
2018-02-09,3024,184108.0,1152835.0,6.4,6.4,6.23,6.31,-0.12,75.0
2018-02-12,3024,107585.0,680221.0,6.31,6.37,6.3,6.3,-0.01,53.0
2018-02-21,3024,149412.0,948125.0,6.35,6.4,6.3,6.38,0.08,56.0
2018-02-22,3024,129818.0,835984.0,6.39,6.51,6.39,6.48,0.1,61.0
2018-02-23,3024,177003.0,1136983.0,6.46,6.48,6.4,6.4,-0.08,76.0
2018-02-26,3024,115634.0,744451.0,6.46,6.46,6.41,6.41,0.01,58.0
2018-02-27,3024,137104.0,883519.0,6.45,6.47,6.42,6.44,0.03,57.0
2018-03-01,3024,91321.0,581047.0,6.4,6.4,6.35,6.4,-0.04,41.0
2018-03-02,3024,20869.0,133140.0,6.35,6.45,6.35,6.43,0.03,29.0
2018-03-05,3024,93012.0,599009.0,6.4,6.49,6.4,6.45,0.02,62.0
2018-03-06,3024,191320.0,1226566.0,6.32,6.47,6.32,6.45,0.0,62.0
2018-03-07,3024,230944.0,1476943.0,6.44,6.45,6.34,6.34,-0.11,73.0
2018-03-08,3024,315499.0,2024415.0,6.33,6.51,6.33,6.5,0.16,116.0
2018-03-09,3024,1779477.0,12197815.0,6.5,7.0,6.5,6.9,0.4,465.0
2018-03-12,3024,762713.0,5230885.0,6.8,7.0,6.8,6.84,-0.06,270.0
2018-03-13,3024,346387.0,2349261.0,6.83,6.83,6.75,6.8,-0.04,140.0
2018-03-14,3024,261967.0,1787631.0,6.79,6.88,6.79,6.87,0.07,114.0
2018-03-15,3024,615432.0,4248813.0,6.89,6.95,6.86,6.95,0.08,166.0
2018-03-16,3024,347006.0,2400546.0,6.98,6.99,6.86,6.9,-0.05,101.0
2018-03-19,3024,139069.0,958814.0,6.9,6.93,6.87,6.9,0.0,58.0
2018-03-20,3024,268220.0,1832428.0,6.9,6.9,6.79,6.87,-0.03,78.0
2018-03-21,3024,230005.0,1567397.0,6.87,6.87,6.78,6.82,-0.05,81.0
2018-03-22,3024,171743.0,1175415.0,6.89,6.89,6.81,6.82,0.0,75.0
2018-03-23,3024,80092.0,540875.0,6.82,6.82,6.72,6.77,-0.05,56.0
2018-03-26,3024,92673.0,626182.0,6.77,6.81,6.66,6.79,0.02,45.0
2018-03-27,3024,433618.0,2963095.0,6.85,6.87,6.76,6.76,-0.03,99.0
2018-03-28,3024,103887.0,699800.0,6.76,6.76,6.7,6.73,-0.03,52.0
2018-03-29,3024,134425.0,907737.0,6.73,6.79,6.72,6.77,0.04,42.0
2018-03-30,3024,112096.0,759739.0,6.77,6.81,6.73,6.75,-0.02,50.0
2018-03-31,3024,71148.0,481743.0,6.78,6.79,6.75,6.79,0.04,69.0
2018-04-02,3024,273286.0,1863358.0,6.85,6.85,6.79,6.79,0.0,215.0
2018-04-03,3024,173502.0,1170988.0,6.79,6.8,6.7,6.78,-0.01,166.0
2018-04-09,3024,233903.0,1591922.0,6.8,6.87,6.71,6.8,0.02,197.0
2018-04-10,3024,297244.0,2035917.0,6.84,6.92,6.8,6.81,0.01,237.0
2018-04-11,3024,184362.0,1259791.0,6.81,6.89,6.8,6.84,0.03,105.0
2018-04-12,3024,124072.0,846550.0,6.84,6.87,6.8,6.82,-0.02,108.0
2018-04-13,3024,281274.0,1906755.0,6.84,6.84,6.73,6.8,-0.02,144.0
2018-04-16,3024,193167.0,1300209.0,6.81,6.82,6.68,6.76,-0.04,224.0
2018-04-17,3024,243264.0,1615355.0,6.78,6.78,6.57,6.57,-0.19,301.0
2018-04-18,3024,134206.0,880515.0,6.6,6.66,6.51,6.55,-0.02,104.0
2018-04-19,3024,95832.0,631622.0,6.57,6.69,6.56,6.62,0.07,90.0
2018-04-20,3024,69280.0,457444.0,6.62,6.63,6.55,6.62,0.0,57.0
2018-04-23,3024,157642.0,1026124.0,6.62,6.62,6.45,6.57,-0.05,170.0
2018-04-24,3024,168182.0,1093898.0,6.58,6.58,6.45,6.5,-0.07,117.0
2018-04-25,3024,161674.0,1054633.0,6.55,6.59,6.5,6.59,0.09,123.0
2018-04-26,3024,212823.0,1384114.0,6.59,6.6,6.46,6.48,-0.11,70.0
2018-04-27,3024,98109.0,636238.0,6.48,6.57,6.46,6.49,0.01,44.0
2018-04-30,3024,158503.0,1000193.0,6.5,6.5,6.15,6.31,-0.18,81.0
2018-05-02,3024,213474.0,1347180.0,6.32,6.33,6.29,6.29,-0.02,81.0
2018-05-03,3024,56051.0,355369.0,6.32,6.38,6.31,6.35,0.06,33.0
2018-05-04,3024,107076.0,680477.0,6.35,6.4,6.35,6.35,0.0,31.0
2018-05-07,3024,168702.0,1076466.0,6.35,6.43,6.33,6.41,0.06,43.0
2018-05-08,3024,114928.0,746333.0,6.54,6.54,6.46,6.52,0.11,57.0
2018-05-09,3024,55202.0,359813.0,6.52,6.53,6.45,6.49,-0.03,19.0
2018-05-10,3024,247283.0,1626393.0,6.52,6.6,6.49,6.53,0.04,71.0
2018-05-11,3024,118005.0,771119.0,6.55,6.59,6.51,6.54,0.01,60.0
2018-05-14,3024,169067.0,1102461.0,6.54,6.59,6.49,6.54,0.0,51.0
2018-05-15,3024,92904.0,606695.0,6.54,6.56,6.5,6.56,0.02,35.0
2018-05-16,3024,87109.0,567234.0,6.56,6.56,6.5,6.51,-0.05,31.0
2018-05-17,3024,123684.0,803089.0,6.51,6.57,6.47,6.48,-0.03,46.0
2018-05-18,3024,400354.0,2683796.0,6.5,6.82,6.5,6.74,0.26,154.0
2018-05-21,3024,321161.0,2153347.0,6.85,6.85,6.62,6.66,-0.08,129.0
2018-05-22,3024,432689.0,2922769.0,6.68,6.82,6.67,6.82,0.16,124.0
2018-05-23,3024,1627529.0,11375542.0,6.83,7.3,6.74,7.1,0.28,367.0
2018-05-24,3024,1846090.0,13363900.0,7.1,7.49,7.1,7.33,0.23,518.0
2018-05-25,3024,1181236.0,8794896.0,7.59,7.59,7.29,7.47,0.14,438.0
2018-05-28,3024,777756.0,5804396.0,7.48,7.58,7.32,7.35,-0.12,273.0
2018-05-29,3024,935599.0,6731182.0,7.36,7.36,7.1,7.12,-0.23,302.0
2018-05-30,3024,410133.0,2875733.0,7.09,7.09,6.95,7.09,-0.03,119.0
2018-05-31,3024,308660.0,2203798.0,7.16,7.2,7.1,7.11,0.02,113.0
2018-06-01,3024,494910.0,3499227.0,7.13,7.16,6.95,7.1,-0.01,150.0
2018-06-04,3024,362509.0,2582911.0,7.15,7.18,7.07,7.14,0.04,114.0
2018-06-05,3024,821594.0,6008678.0,7.18,7.5,7.16,7.36,0.22,279.0
2018-06-06,3024,1255820.0,9384834.0,7.36,7.65,7.31,7.5,0.14,357.0
2018-06-07,3024,423912.0,3167354.0,7.51,7.6,7.43,7.45,-0.05,158.0
2018-06-08,3024,669684.0,4917745.0,7.45,7.45,7.27,7.3,-0.15,176.0
2018-06-11,3024,314531.0,2298936.0,7.37,7.47,7.27,7.27,-0.03,112.0
2018-06-12,3024,455620.0,3342494.0,7.28,7.44,7.28,7.3,0.03,160.0
2018-06-13,3024,520310.0,3850517.0,7.35,7.46,7.34,7.34,0.04,160.0
2018-06-14,3024,487000.0,3579090.0,7.49,7.49,7.28,7.3,-0.04,108.0
2018-06-15,3024,276030.0,1996432.0,7.37,7.37,7.19,7.21,-0.09,101.0
2018-06-19,3024,192551.0,1374149.0,7.2,7.2,7.1,7.11,-0.1,86.0
2018-06-20,3024,343311.0,2403563.0,7.1,7.1,6.91,7.03,-0.08,138.0
2018-06-21,3024,210724.0,1501062.0,7.04,7.19,7.04,7.16,0.13,80.0
2018-06-22,3024,401981.0,2896281.0,7.16,7.27,7.16,7.17,0.01,142.0
2018-06-25,3024,288286.0,2074198.0,7.15,7.25,7.15,7.17,0.0,91.0
2018-06-26,3024,219538.0,1540015.0,7.15,7.15,6.86,7.02,-0.15,98.0
2018-06-27,3024,90280.0,635422.0,7.03,7.06,7.02,7.02,0.0,47.0
2018-06-28,3024,216315.0,1519305.0,7.0,7.09,7.0,7.01,-0.01,76.0
2018-06-29,3024,208211.0,1457465.0,7.04,7.05,6.96,6.99,-0.02,56.0
2018-07-02,3024,240397.0,1714754.0,7.16,7.16,7.08,7.16,0.17,81.0
2018-07-03,3024,395074.0,2815549.0,7.16,7.16,7.03,7.05,-0.11,90.0
2018-07-04,3024,175333.0,1236311.0,7.01,7.1,7.01,7.03,-0.02,62.0
2018-07-05,3024,377410.0,2640140.0,7.0,7.05,6.93,6.99,-0.04,91.0
2018-07-06,3024,224486.0,1570142.0,6.99,7.07,6.95,6.98,-0.01,58.0
2018-07-09,3024,169832.0,1200604.0,6.94,7.12,6.94,7.02,0.04,80.0
2018-07-10,3024,112487.0,794207.0,7.03,7.09,7.03,7.08,0.06,48.0
2018-07-11,3024,189618.0,1337478.0,7.09,7.1,7.02,7.04,-0.04,45.0
2018-07-12,3024,193370.0,1377929.0,7.09,7.17,7.08,7.14,0.1,65.0
2018-07-13,3024,142434.0,1014407.0,7.17,7.18,7.06,7.06,-0.08,68.0
2018-07-16,3024,75472.0,533454.0,7.06,7.11,7.05,7.06,0.0,35.0
2018-07-17,3024,146007.0,1030586.0,7.08,7.08,7.05,7.05,-0.01,43.0
2018-07-18,3024,187678.0,1335582.0,7.06,7.19,7.06,7.15,0.1,100.0
2018-07-19,3024,284847.0,2028332.0,7.15,7.16,7.08,7.08,-0.07,88.0
2018-07-20,3024,379160.0,2716302.0,7.08,7.2,7.08,7.16,0.08,86.0
2018-07-23,3024,873999.0,6491921.0,7.18,7.55,7.18,7.42,0.26,330.0
2018-07-24,3024,326827.0,2407919.0,7.45,7.46,7.3,7.35,-0.07,140.0
2018-07-25,3024,275158.0,2017517.0,7.43,7.43,7.28,7.32,-0.03,97.0
2018-07-26,3024,204916.0,1499520.0,7.32,7.4,7.27,7.4,0.08,92.0
2018-07-27,3024,213484.0,1576009.0,7.4,7.4,7.36,7.39,-0.01,100.0
2018-07-30,3024,541001.0,4013067.0,7.39,7.5,7.37,7.4,0.01,162.0
2018-07-31,3024,230018.0,1701861.0,7.37,7.42,7.36,7.42,0.02,79.0
2018-08-01,3024,281022.0,2086761.0,7.43,7.48,7.4,7.44,0.02,91.0
2018-08-02,3024,244938.0,1812700.0,7.44,7.44,7.37,7.41,-0.03,81.0
2018-08-03,3024,224387.0,1663498.0,7.44,7.44,7.4,7.43,0.02,68.0
2018-08-06,3024,322517.0,2393551.0,7.43,7.43,7.4,7.41,-0.02,88.0
2018-08-07,3024,494044.0,3659080.0,7.45,7.47,7.37,7.42,0.01,124.0
2018-08-08,3024,162639.0,1205630.0,7.42,7.45,7.4,7.41,-0.01,55.0
2018-08-09,3024,330328.0,2444210.0,7.41,7.42,7.38,7.4,-0.01,87.0
2018-08-10,3024,351503.0,2597414.0,7.4,7.41,7.35,7.36,-0.04,98.0
2018-08-13,3024,1027488.0,7296820.0,7.36,7.36,6.96,7.26,-0.1,221.0
2018-08-14,3024,149077.0,1077330.0,7.26,7.34,7.15,7.33,0.07,72.0
2018-08-15,3024,144001.0,1054247.0,7.37,7.37,7.25,7.25,-0.08,48.0
2018-08-16,3024,153492.0,1112452.0,7.38,7.38,7.2,7.21,-0.04,66.0
2018-08-17,3024,169763.0,1244368.0,7.23,7.37,7.23,7.34,0.13,62.0
2018-08-20,3024,219683.0,1589788.0,7.34,7.34,7.18,7.18,-0.16,102.0
2018-08-21,3024,95358.0,689908.0,7.18,7.3,7.18,7.2,0.02,52.0
2018-08-22,3024,78639.0,566139.0,7.28,7.28,7.16,7.21,0.01,42.0
2018-08-23,3024,73075.0,526084.0,7.22,7.23,7.15,7.21,0.0,31.0
2018-08-24,3024,146273.0,1049112.0,7.29,7.29,7.15,7.21,0.0,47.0
2018-08-27,3024,131370.0,948081.0,7.28,7.28,7.15,7.19,-0.02,46.0
2018-08-28,3024,131788.0,955925.0,7.29,7.3,7.22,7.25,0.06,54.0
2018-08-29,3024,539758.0,4001155.0,7.48,7.48,7.35,7.39,0.14,168.0
2018-08-30,3024,291597.0,2163951.0,7.39,7.46,7.39,7.43,0.04,107.0
2018-08-31,3024,3050219.0,24671116.0,7.44,8.17,7.44,8.17,0.74,718.0
2018-09-03,3024,7959982.0,69252464.0,8.88,8.88,8.38,8.7,0.53,2216.0
2018-09-04,3024,2784167.0,23854077.0,8.69,8.7,8.48,8.6,-0.1,919.0
2018-09-05,3024,1863572.0,15965838.0,8.5,8.84,8.43,8.43,-0.17,634.0
2018-09-06,3024,2153388.0,17395265.0,8.37,8.38,7.81,7.88,-0.55,744.0
2018-09-07,3024,1753650.0,13115180.0,7.71,7.84,7.25,7.33,-0.55,501.0
2018-09-10,3024,1770985.0,12372734.0,7.33,7.33,6.71,6.9,-0.43,569.0
2018-09-11,3024,1146955.0,7971720.0,6.89,7.18,6.8,7.15,0.25,276.0
2018-09-12,3024,434195.0,3049262.0,7.15,7.15,6.96,7.11,-0.04,126.0
2018-09-13,3024,220001.0,1557847.0,7.12,7.12,7.06,7.06,-0.05,99.0
2018-09-14,3024,611812.0,4310557.0,7.06,7.09,7.0,7.09,0.03,144.0
2018-09-17,3024,211447.0,1492982.0,7.17,7.17,7.01,7.05,-0.04,72.0
2018-09-18,3024,263005.0,1823985.0,6.85,7.05,6.85,6.97,-0.08,94.0
2018-09-19,3024,371279.0,2595739.0,6.95,7.08,6.95,6.97,0.0,120.0
2018-09-20,3024,245372.0,1703014.0,6.98,6.99,6.91,6.93,-0.04,89.0
2018-09-21,3024,118725.0,826151.0,7.05,7.05,6.92,6.94,0.01,53.0
2018-09-25,3024,248453.0,1716612.0,6.95,7.0,6.87,6.89,-0.05,74.0
2018-09-26,3024,317415.0,2190304.0,6.9,6.96,6.87,6.87,-0.02,88.0
2018-09-27,3024,454016.0,3149479.0,6.89,7.05,6.89,6.95,0.08,100.0
2018-09-28,3024,948000.0,6809730.0,6.95,7.36,6.95,7.24,0.29,265.0
2018-10-01,3024,580442.0,4140539.0,7.26,7.26,7.08,7.08,-0.16,123.0
2018-10-02,3024,158732.0,1132356.0,7.1,7.2,7.05,7.18,0.1,81.0
2018-10-03,3024,284331.0,2026775.0,7.18,7.2,7.07,7.1,-0.08,81.0
2018-10-04,3024,144234.0,1020829.0,7.1,7.18,7.06,7.1,0.0,64.0
2018-10-05,3024,520090.0,3617089.0,7.06,7.06,6.9,6.95,-0.15,138.0
2018-10-08,3024,216352.0,1491153.0,7.03,7.04,6.86,6.95,0.0,59.0
2018-10-09,3024,135390.0,943601.0,7.12,7.12,6.88,6.95,0.0,59.0
2018-10-11,3024,701009.0,4624447.0,6.76,6.76,6.5,6.59,-0.36,190.0
2018-10-12,3024,578301.0,3790710.0,6.26,6.84,6.26,6.6,0.01,189.0
2018-10-15,3024,144032.0,956327.0,6.63,6.69,6.53,6.6,0.0,60.0
2018-10-16,3024,314773.0,2075702.0,6.58,6.65,6.55,6.62,0.02,63.0
2018-10-17,3024,197794.0,1306292.0,6.68,6.68,6.57,6.57,-0.05,73.0
2018-10-18,3024,155418.0,1010627.0,6.57,6.57,6.49,6.5,-0.07,49.0
2018-10-19,3024,151132.0,953183.0,6.45,6.45,6.24,6.43,-0.07,56.0
2018-10-22,3024,77424.0,502411.0,6.46,6.58,6.4,6.51,0.08,40.0
2018-10-23,3024,70727.0,455585.0,6.38,6.54,6.38,6.42,-0.09,42.0
2018-10-24,3024,206430.0,1315791.0,6.42,6.48,6.31,6.35,-0.07,69.0
2018-10-25,3024,367627.0,2253488.0,6.39,6.39,6.07,6.1,-0.25,106.0
2018-10-26,3024,327001.0,1975435.0,6.12,6.29,5.82,6.15,0.05,97.0
2018-10-29,3024,187031.0,1111873.0,5.96,6.05,5.9,5.96,-0.19,56.0
2018-10-30,3024,686000.0,4048700.0,5.93,6.05,5.71,5.87,-0.09,149.0
2018-10-31,3024,285668.0,1663011.0,6.04,6.04,5.66,5.9,0.03,173.0
2018-11-01,3024,119874.0,699015.0,5.79,5.9,5.78,5.89,-0.01,51.0
2018-11-02,3024,137238.0,806926.0,5.88,5.92,5.85,5.89,0.0,54.0
2018-11-05,3024,237004.0,1381320.0,5.89,5.89,5.8,5.81,-0.08,47.0
2018-11-06,3024,122096.0,717241.0,5.82,5.97,5.82,5.94,0.13,47.0
2018-11-07,3024,136498.0,818668.0,5.94,6.04,5.94,6.0,0.06,56.0
2018-11-08,3024,139020.0,847783.0,6.05,6.23,6.01,6.22,0.22,58.0
2018-11-09,3024,212201.0,1314980.0,6.23,6.25,6.08,6.19,-0.03,70.0
2018-11-12,3024,127363.0,794005.0,6.18,6.38,6.11,6.25,0.06,39.0
2018-11-13,3024,138555.0,846728.0,6.08,6.19,6.08,6.11,-0.14,38.0
2018-11-14,3024,88003.0,548328.0,6.29,6.29,6.16,6.21,0.1,42.0
2018-11-15,3024,112185.0,694299.0,6.21,6.22,6.16,6.17,-0.04,31.0
2018-11-16,3024,153042.0,942047.0,6.15,6.2,6.13,6.19,0.02,50.0
2018-11-19,3024,50333.0,315800.0,6.34,6.34,6.19,6.24,0.05,20.0
2018-11-20,3024,70988.0,439575.0,6.24,6.24,6.16,6.16,-0.08,37.0
2018-11-21,3024,43000.0,263420.0,6.15,6.15,6.08,6.15,-0.01,25.0
2018-11-22,3024,78001.0,479126.0,6.1,6.26,6.09,6.17,0.02,37.0
2018-11-23,3024,213100.0,1306886.0,6.19,6.2,6.07,6.15,-0.02,66.0
2018-11-26,3024,90412.0,557058.0,6.18,6.19,6.1,6.17,0.02,66.0
2018-11-27,3024,115007.0,710802.0,6.21,6.21,6.15,6.18,0.01,36.0
2018-11-28,3024,62903.0,388013.0,6.18,6.18,6.13,6.18,0.0,45.0
2018-11-29,3024,324202.0,2026578.0,6.18,6.3,6.18,6.2,0.02,93.0
2018-11-30,3024,134238.0,834933.0,6.21,6.27,6.2,6.21,0.01,56.0
2018-12-03,3024,245827.0,1539005.0,6.21,6.3,6.21,6.25,0.04,101.0
2018-12-04,3024,343926.0,2197923.0,6.25,6.5,6.25,6.34,0.09,158.0
2018-12-05,3024,274985.0,1733813.0,6.21,6.35,6.21,6.31,-0.03,64.0
2018-12-06,3024,326429.0,2026629.0,6.31,6.31,6.14,6.15,-0.16,129.0
2018-12-07,3024,151002.0,932412.0,6.15,6.2,6.15,6.16,0.01,47.0
2018-12-10,3024,212010.0,1288200.0,6.15,6.15,6.06,6.14,-0.02,46.0
2018-12-11,3024,62258.0,381698.0,6.15,6.19,6.1,6.13,-0.01,42.0
2018-12-12,3024,220501.0,1364765.0,6.16,6.22,6.14,6.16,0.03,52.0
2018-12-13,3024,249397.0,1535702.0,6.18,6.21,6.06,6.2,0.04,85.0
2018-12-14,3024,295698.0,1838118.0,6.19,6.24,6.11,6.22,0.02,93.0
2018-12-17,3024,151318.0,944161.0,6.22,6.29,6.19,6.23,0.01,62.0
2018-12-18,3024,98647.0,610850.0,6.23,6.23,6.18,6.22,-0.01,45.0
2018-12-19,3024,130963.0,812462.0,6.22,6.22,6.19,6.21,-0.01,40.0
2018-12-20,3024,75032.0,460417.0,6.21,6.23,6.04,6.18,-0.03,27.0
2018-12-21,3024,133991.0,823134.0,6.15,6.18,6.12,6.12,-0.06,32.0
2018-12-22,3024,14518.0,88908.0,6.12,6.19,6.12,6.19,0.07,10.0
2018-12-24,3024,63198.0,391787.0,6.19,6.22,6.19,6.19,0.0,34.0
2018-12-25,3024,62440.0,383389.0,6.15,6.19,6.1,6.19,0.0,21.0
2018-12-26,3024,68619.0,420194.0,6.12,6.16,6.1,6.1,-0.09,33.0
2018-12-27,3024,170526.0,1043712.0,6.15,6.18,6.1,6.1,0.0,55.0
2018-12-28,3024,119102.0,726078.0,6.1,6.12,6.08,6.08,-0.02,40.0
2019-01-02,3024,61577.0,374346.0,6.08,6.09,6.06,6.09,0.01,51.0
2019-01-03,3024,76007.0,460482.0,6.06,6.06,6.05,6.06,-0.03,20.0
2019-01-04,3024,82005.0,495795.0,6.0,6.09,5.97,6.05,-0.01,32.0
2019-01-07,3024,86006.0,523906.0,6.07,6.11,6.06,6.06,0.01,35.0
2019-01-08,3024,100788.0,609614.0,6.06,6.06,6.04,6.06,0.0,40.0
2019-01-09,3024,120001.0,726545.0,6.06,6.07,6.03,6.04,-0.02,34.0
2019-01-10,3024,40003.0,241618.0,6.03,6.05,6.03,6.05,0.01,25.0
2019-01-11,3024,217084.0,1296328.0,6.04,6.04,5.92,5.92,-0.13,86.0
2019-01-14,3024,334947.0,2046390.0,6.15,6.2,6.04,6.09,0.17,108.0
2019-01-15,3024,159412.0,969565.0,6.1,6.15,6.03,6.09,0.0,66.0
2019-01-16,3024,57669.0,348299.0,6.08,6.09,6.02,6.09,0.0,36.0
2019-01-17,3024,98048.0,595574.0,5.96,6.1,5.96,6.05,-0.04,44.0
2019-01-18,3024,75513.0,457521.0,6.07,6.24,6.01,6.07,0.02,39.0
2019-01-21,3024,52160.0,316351.0,6.11,6.11,6.05,6.05,-0.02,28.0
2019-01-22,3024,32005.0,193630.0,6.05,6.05,6.05,6.05,0.0,16.0
2019-01-23,3024,37559.0,228007.0,6.08,6.1,6.01,6.1,0.05,34.0
2019-01-24,3024,40455.0,245594.0,6.1,6.11,6.05,6.11,0.01,32.0
2019-01-25,3024,141565.0,866229.0,6.07,6.15,6.07,6.11,0.0,60.0
2019-01-28,3024,272288.0,1679700.0,6.11,6.2,6.11,6.16,0.05,86.0
2019-01-29,3024,204747.0,1256480.0,6.19,6.19,6.1,6.16,0.0,53.0
2019-01-30,3024,58760.0,360576.0,6.13,6.16,6.12,6.12,-0.04,28.0
2019-02-11,3024,79407.0,485858.0,6.12,6.17,6.1,6.15,0.03,75.0
2019-02-12,3024,179690.0,1110877.0,6.13,6.23,6.13,6.22,0.07,69.0
2019-02-13,3024,334814.0,2107762.0,6.18,6.36,6.15,6.35,0.13,123.0
2019-02-14,3024,162456.0,1024298.0,6.4,6.4,6.23,6.35,0.0,94.0
2019-02-15,3024,117224.0,731269.0,6.33,6.33,6.18,6.29,-0.06,66.0
2019-02-18,3024,106013.0,663958.0,6.33,6.33,6.25,6.27,-0.02,42.0
2019-02-19,3024,362372.0,2272499.0,6.32,6.32,6.23,6.24,-0.03,74.0
2019-02-20,3024,109617.0,685822.0,6.24,6.29,6.22,6.29,0.05,56.0
2019-02-21,3024,401009.0,2494104.0,6.28,6.29,6.2,6.23,-0.06,100.0
2019-02-22,3024,385066.0,2406616.0,6.23,6.28,6.22,6.25,0.02,85.0
2019-02-25,3024,215305.0,1358114.0,6.28,6.34,6.27,6.34,0.09,111.0
2019-02-26,3024,194519.0,1229763.0,6.38,6.38,6.28,6.28,-0.06,80.0
2019-02-27,3024,803428.0,5252806.0,6.28,6.77,6.28,6.61,0.33,256.0
2019-03-04,3024,464166.0,3124358.0,6.61,6.9,6.61,6.77,0.16,185.0
2019-03-05,3024,272470.0,1822324.0,6.77,6.77,6.62,6.67,-0.1,81.0
2019-03-06,3024,215024.0,1435966.0,6.72,6.79,6.62,6.68,0.01,83.0
2019-03-07,3024,154259.0,1020601.0,6.67,6.68,6.57,6.59,-0.09,79.0
2019-03-08,3024,34015.0,224664.0,6.57,6.66,6.55,6.6,0.01,27.0
2019-03-11,3024,236647.0,1568865.0,6.64,6.7,6.53,6.7,0.1,87.0
2019-03-12,3024,122088.0,816119.0,6.72,6.79,6.63,6.72,0.02,62.0
2019-03-13,3024,255067.0,1718986.0,6.76,6.8,6.68,6.68,-0.04,64.0
2019-03-14,3024,75748.0,507935.0,6.77,6.77,6.67,6.72,0.04,45.0
2019-03-15,3024,260308.0,1743138.0,6.72,6.75,6.66,6.66,-0.06,76.0
2019-03-18,3024,202975.0,1372464.0,6.69,6.9,6.68,6.75,0.09,91.0
2019-03-19,3024,217303.0,1465354.0,6.79,6.87,6.67,6.69,-0.06,89.0
2019-03-20,3024,187215.0,1253549.0,6.68,6.71,6.67,6.67,-0.02,78.0
2019-03-21,3024,197318.0,1317707.0,6.66,6.74,6.65,6.73,0.06,65.0
2019-03-22,3024,260913.0,1735471.0,6.73,6.73,6.63,6.63,-0.1,72.0
2019-03-25,3024,301881.0,2004867.0,6.68,6.71,6.56,6.56,-0.07,80.0
2019-03-26,3024,196312.0,1289444.0,6.65,6.65,6.54,6.64,0.08,80.0
2019-03-27,3024,687422.0,4722971.0,6.72,7.1,6.72,6.9,0.26,222.0
2019-03-28,3024,582552.0,4035044.0,7.09,7.1,6.8,7.0,0.1,187.0
2019-03-29,3024,266768.0,1864989.0,7.1,7.1,6.95,7.0,0.0,91.0
2019-04-01,3024,857297.0,6033284.0,7.1,7.1,7.0,7.08,0.08,200.0
2019-04-02,3024,1179298.0,8445704.0,7.15,7.25,7.08,7.16,0.08,274.0
2019-04-03,3024,697060.0,5038799.0,7.16,7.29,7.16,7.21,0.05,472.0
2019-04-08,3024,714808.0,5235389.0,7.36,7.39,7.22,7.33,0.12,277.0
2019-04-09,3024,560540.0,4073975.0,7.33,7.33,7.2,7.28,-0.05,172.0
2019-04-10,3024,291377.0,2104933.0,7.27,7.28,7.18,7.21,-0.07,113.0
2019-04-11,3024,644685.0,4638390.0,7.28,7.28,7.13,7.15,-0.06,132.0
2019-04-12,3024,302431.0,2169676.0,7.14,7.22,7.13,7.19,0.04,113.0
2019-04-15,3024,281280.0,2014795.0,7.19,7.2,7.13,7.19,0.0,118.0
2019-04-16,3024,226480.0,1628650.0,7.19,7.22,7.17,7.19,0.0,129.0
2019-04-17,3024,218868.0,1574213.0,7.24,7.24,7.16,7.17,-0.02,132.0
2019-04-18,3024,461872.0,3327896.0,7.28,7.28,7.17,7.18,0.01,197.0
2019-04-19,3024,209442.0,1500517.0,7.18,7.18,7.15,7.15,-0.03,86.0
2019-04-22,3024,484994.0,3480066.0,7.15,7.23,7.14,7.2,0.05,166.0
2019-04-23,3024,153061.0,1103173.0,7.23,7.23,7.19,7.2,0.0,115.0
2019-04-24,3024,123781.0,891099.0,7.24,7.24,7.18,7.2,0.0,96.0
2019-04-25,3024,174610.0,1255718.0,7.22,7.24,7.12,7.15,-0.05,77.0
2019-04-26,3024,100625.0,712725.0,7.15,7.15,7.06,7.06,-0.09,58.0
2019-04-29,3024,183237.0,1289853.0,7.02,7.1,7.0,7.07,0.01,68.0
2019-04-30,3024,42001.0,299133.0,7.17,7.17,7.08,7.09,0.02,40.0
2019-05-02,3024,69001.0,490022.0,7.16,7.16,7.08,7.11,0.02,39.0
2019-05-03,3024,293038.0,2076404.0,7.11,7.11,7.06,7.06,-0.05,53.0
2019-05-06,3024,362270.0,2563093.0,7.1,7.11,7.05,7.09,0.03,70.0
2019-05-07,3024,517862.0,3668705.0,7.03,7.15,7.03,7.09,0.0,62.0
2019-05-08,3024,418002.0,2945242.0,7.08,7.08,7.03,7.05,-0.04,58.0
2019-05-09,3024,154333.0,1083720.0,7.05,7.08,6.96,7.08,0.03,78.0
2019-05-10,3024,145000.0,1032397.0,7.25,7.25,7.03,7.15,0.07,54.0
2019-05-13,3024,250432.0,1732062.0,7.08,7.08,6.83,6.88,-0.27,98.0
2019-05-14,3024,188872.0,1291653.0,6.78,6.9,6.77,6.88,0.0,68.0
2019-05-15,3024,187033.0,1290685.0,6.8,7.02,6.79,6.98,0.1,55.0
2019-05-16,3024,92500.0,636244.0,6.88,6.9,6.86,6.86,-0.12,43.0
2019-05-17,3024,260016.0,1782758.0,6.86,7.1,6.8,6.85,-0.01,76.0
2019-05-20,3024,57139.0,388750.0,6.82,6.84,6.75,6.83,-0.02,30.0
2019-05-21,3024,94002.0,637442.0,6.83,6.85,6.72,6.8,-0.03,32.0
2019-05-22,3024,90583.0,613439.0,6.8,6.8,6.75,6.8,0.0,28.0
2019-05-23,3024,152494.0,1017598.0,6.8,6.8,6.62,6.65,-0.15,66.0
2019-05-24,3024,102774.0,690558.0,6.67,6.92,6.66,6.74,0.09,41.0
2019-05-27,3024,75743.0,510744.0,6.7,6.79,6.7,6.77,0.03,41.0
2019-05-28,3024,159687.0,1094877.0,6.85,6.91,6.77,6.91,0.14,54.0
2019-05-29,3024,103200.0,700468.0,6.81,6.85,6.77,6.85,-0.06,36.0
2019-05-30,3024,61324.0,420643.0,6.89,6.89,6.85,6.87,0.02,31.0
2019-05-31,3024,102325.0,703565.0,6.89,6.91,6.85,6.89,0.02,53.0
2019-06-03,3024,63001.0,428426.0,6.81,6.88,6.71,6.87,-0.02,23.0
2019-06-04,3024,40117.0,274387.0,6.87,6.87,6.79,6.87,0.0,23.0
2019-06-05,3024,114117.0,775418.0,6.81,6.85,6.72,6.81,-0.06,38.0
2019-06-06,3024,82001.0,558286.0,6.73,6.85,6.73,6.82,0.01,34.0
2019-06-10,3024,54044.0,367300.0,6.82,6.82,6.78,6.81,-0.01,27.0
2019-06-11,3024,213570.0,1438985.0,6.81,6.81,6.7,6.75,-0.06,58.0
2019-06-12,3024,247926.0,1672430.0,6.69,6.79,6.69,6.75,0.0,40.0
2019-06-13,3024,53256.0,359813.0,6.7,6.91,6.7,6.78,0.03,24.0
2019-06-14,3024,86062.0,577413.0,6.78,6.79,6.7,6.71,-0.07,32.0
2019-06-17,3024,86289.0,578436.0,6.79,6.79,6.67,6.72,0.01,42.0
2019-06-18,3024,60966.0,407607.0,6.68,6.72,6.63,6.72,0.0,33.0
2019-06-19,3024,27427.0,185101.0,6.73,6.77,6.73,6.74,0.02,23.0
2019-06-20,3024,104274.0,702683.0,6.74,6.77,6.68,6.75,0.01,40.0
2019-06-21,3024,116817.0,785966.0,6.77,6.78,6.7,6.78,0.03,38.0
2019-06-24,3024,111246.0,756308.0,6.78,6.82,6.77,6.78,0.0,52.0
2019-06-25,3024,92944.0,628124.0,6.9,6.9,6.73,6.74,-0.04,30.0
2019-06-26,3024,56413.0,380438.0,6.74,6.78,6.73,6.76,0.02,24.0
2019-06-27,3024,104392.0,706396.0,6.76,6.8,6.74,6.78,0.02,37.0
2019-06-28,3024,156276.0,1058486.0,6.8,6.8,6.74,6.8,0.02,35.0
2019-07-01,3024,212716.0,1453746.0,6.81,6.87,6.81,6.84,0.04,56.0
2019-07-02,3024,90157.0,606910.0,6.51,6.82,6.51,6.79,-0.05,45.0
2019-07-03,3024,322566.0,2198720.0,6.75,6.84,6.75,6.84,0.05,47.0
2019-07-04,3024,409372.0,2792758.0,6.82,6.88,6.76,6.88,0.04,100.0
2019-07-05,3024,205436.0,1421477.0,6.9,7.0,6.85,6.9,0.02,69.0
2019-07-08,3024,69000.0,476570.0,6.9,6.94,6.89,6.89,-0.01,31.0
2019-07-09,3024,311623.0,2148696.0,6.89,6.92,6.85,6.9,0.01,51.0
2019-07-10,3024,257382.0,1769861.0,6.91,6.91,6.85,6.87,-0.03,63.0
2019-07-11,3024,606895.0,4242187.0,6.9,7.06,6.9,7.0,0.13,157.0
2019-07-12,3024,634200.0,4269117.0,6.75,6.86,6.63,6.8,0.0,155.0
2019-07-15,3024,76110.0,513913.0,6.8,6.8,6.71,6.72,-0.08,50.0
2019-07-16,3024,92904.0,621302.0,6.7,6.72,6.66,6.69,-0.03,37.0
2019-07-17,3024,125064.0,833120.0,6.69,6.77,6.62,6.77,0.08,60.0
2019-07-18,3024,21694.0,145696.0,6.8,6.8,6.67,6.67,-0.1,17.0
2019-07-19,3024,73005.0,489222.0,6.73,6.77,6.67,6.74,0.07,34.0
2019-07-22,3024,121619.0,814093.0,6.73,6.73,6.67,6.7,-0.04,40.0
2019-07-23,3024,101013.0,672424.0,6.67,6.67,6.63,6.64,-0.06,43.0
2019-07-24,3024,56100.0,371653.0,6.68,6.69,6.61,6.62,-0.02,35.0
2019-07-25,3024,197060.0,1319782.0,6.61,6.75,6.61,6.71,0.09,87.0
2019-07-26,3024,81135.0,540393.0,6.65,6.7,6.65,6.69,-0.02,31.0
2019-07-29,3024,113762.0,756040.0,6.72,6.72,6.62,6.64,-0.05,39.0
2019-07-30,3024,114059.0,759197.0,6.66,6.69,6.64,6.67,0.03,43.0
2019-07-31,3024,199544.0,1334423.0,6.67,6.83,6.61,6.69,0.02,49.0
2019-08-01,3024,103597.0,689335.0,6.66,6.68,6.65,6.68,-0.01,19.0
2019-08-02,3024,247758.0,1636027.0,6.66,6.68,6.58,6.68,0.0,43.0
2019-08-05,3024,89554.0,587901.0,6.58,6.6,6.55,6.56,-0.12,47.0
2019-08-06,3024,233004.0,1474664.0,6.37,6.56,6.27,6.52,-0.04,84.0
2019-08-07,3024,67596.0,440263.0,6.36,6.62,6.36,6.57,0.05,31.0
2019-08-08,3024,34452.0,227191.0,6.73,6.73,6.5,6.58,0.01,24.0
2019-08-12,3024,50184.0,328872.0,6.58,6.61,6.5,6.59,0.01,25.0
2019-08-13,3024,93928.0,613052.0,6.59,6.59,6.51,6.53,-0.06,30.0
2019-08-14,3024,156321.0,1043095.0,6.56,6.75,6.53,6.74,0.21,68.0
2019-08-15,3024,506043.0,3344449.0,6.62,6.71,6.57,6.6,-0.14,83.0
2019-08-16,3024,175480.0,1156906.0,6.6,6.63,6.54,6.61,0.01,65.0
2019-08-19,3024,64946.0,427192.0,6.65,6.65,6.55,6.6,-0.01,37.0
2019-08-20,3024,150520.0,987308.0,6.62,6.62,6.54,6.56,-0.04,42.0
2019-08-21,3024,169502.0,1118676.0,6.66,6.66,6.54,6.62,0.06,63.0
2019-08-22,3024,119468.0,787847.0,6.62,6.62,6.57,6.58,-0.04,42.0
2019-08-23,3024,165803.0,1086183.0,6.56,6.58,6.54,6.58,0.0,46.0
2019-08-26,3024,292425.0,1903850.0,6.58,6.58,6.5,6.5,-0.08,43.0
2019-08-27,3024,98269.0,640960.0,6.5,6.55,6.5,6.52,0.02,32.0
2019-08-28,3024,208336.0,1370745.0,6.55,6.65,6.54,6.56,0.04,44.0
2019-08-29,3024,74619.0,488773.0,6.56,6.6,6.52,6.55,-0.01,33.0
2019-08-30,3024,200550.0,1312429.0,6.55,6.63,6.51,6.51,-0.04,62.0
2019-09-02,3024,470905.0,3107974.0,6.52,6.64,6.51,6.6,0.09,115.0
2019-09-03,3024,389196.0,2569424.0,6.61,6.67,6.54,6.6,0.0,69.0
2019-09-04,3024,107607.0,707996.0,6.59,6.62,6.55,6.59,-0.01,46.0
2019-09-05,3024,158110.0,1039884.0,6.58,6.63,6.54,6.54,-0.05,57.0
2019-09-06,3024,113497.0,741973.0,6.55,6.57,6.53,6.53,-0.01,57.0
2019-09-09,3024,95267.0,622028.0,6.53,6.54,6.52,6.52,-0.01,38.0
2019-09-10,3024,108085.0,703202.0,6.52,6.52,6.5,6.5,-0.02,40.0
2019-09-11,3024,388928.0,2536908.0,6.52,6.6,6.5,6.57,0.07,85.0
2019-09-12,3024,120932.0,795484.0,6.53,6.6,6.53,6.57,0.0,49.0
2019-09-16,3024,85919.0,561508.0,6.57,6.57,6.52,6.57,0.0,46.0
2019-09-17,3024,138631.0,905143.0,6.56,6.57,6.52,6.57,0.0,44.0
2019-09-18,3024,133853.0,873924.0,6.53,6.56,6.51,6.51,-0.06,64.0
2019-09-19,3024,209094.0,1365588.0,6.54,6.59,6.51,6.58,0.07,62.0
2019-09-20,3024,303307.0,1999300.0,6.57,6.61,6.56,6.61,0.03,73.0
2019-09-23,3024,144065.0,958675.0,6.61,6.69,6.61,6.66,0.05,59.0
2019-09-24,3024,283377.0,1896396.0,6.66,6.74,6.65,6.72,0.06,83.0
2019-09-25,3024,258001.0,1716576.0,6.72,6.72,6.6,6.69,-0.03,61.0
2019-09-26,3024,372573.0,2496889.0,6.69,6.74,6.67,6.74,0.05,92.0
2019-09-27,3024,641312.0,4292507.0,6.75,6.75,6.56,6.74,0.0,165.0
2019-10-01,3024,291941.0,1948158.0,6.74,6.74,6.61,6.61,-0.13,65.0
2019-10-02,3024,100084.0,661395.0,6.68,6.68,6.57,6.64,0.03,39.0
2019-10-03,3024,145800.0,954910.0,6.55,6.61,6.52,6.58,-0.06,65.0
2019-10-04,3024,106081.0,694926.0,6.6,6.6,6.51,6.57,-0.01,46.0
2019-10-07,3024,98645.0,643573.0,6.53,6.58,6.5,6.58,0.01,55.0
2019-10-08,3024,151729.0,986583.0,6.54,6.54,6.48,6.54,-0.04,56.0
2019-10-09,3024,158884.0,1027213.0,6.48,6.5,6.4,6.5,-0.04,61.0
2019-10-14,3024,220688.0,1429927.0,6.5,6.56,6.41,6.51,0.01,58.0
2019-10-15,3024,77004.0,501005.0,6.5,6.53,6.45,6.53,0.02,17.0
2019-10-16,3024,259398.0,1704321.0,6.53,6.61,6.48,6.61,0.08,87.0
2019-10-17,3024,69618.0,461025.0,6.61,6.67,6.6,6.63,0.02,29.0
2019-10-18,3024,476466.0,3202385.0,6.65,6.79,6.64,6.68,0.05,96.0
2019-10-21,3024,225231.0,1497045.0,6.68,6.7,6.62,6.65,-0.03,40.0
2019-10-22,3024,190619.0,1271583.0,6.78,6.78,6.64,6.66,0.01,41.0
2019-10-23,3024,504428.0,3399638.0,6.68,6.8,6.63,6.8,0.14,106.0
2019-10-24,3024,381015.0,2596187.0,6.8,6.85,6.7,6.85,0.05,102.0
2019-10-25,3024,193779.0,1325897.0,6.84,6.88,6.8,6.86,0.01,70.0
2019-10-28,3024,2025524.0,14694582.0,7.0,7.48,6.88,7.4,0.54,544.0
2019-10-29,3024,1104295.0,8040727.0,7.58,7.58,7.1,7.19,-0.21,288.0
2019-10-30,3024,419497.0,3016849.0,7.19,7.29,7.06,7.25,0.06,131.0
2019-10-31,3024,286577.0,2068247.0,7.2,7.26,7.16,7.25,0.0,97.0
2019-11-01,3024,382139.0,2765810.0,7.25,7.29,7.22,7.26,0.01,108.0
2019-11-04,3024,1201020.0,8893972.0,7.26,7.5,7.26,7.48,0.22,271.0
2019-11-05,3024,2087690.0,16092928.0,7.5,7.8,7.5,7.73,0.25,566.0
2019-11-06,3024,911870.0,7013563.0,7.78,7.83,7.62,7.71,-0.02,251.0
2019-11-07,3024,433447.0,3279330.0,7.65,7.69,7.52,7.58,-0.13,154.0
2019-11-08,3024,574810.0,4372985.0,7.61,7.69,7.53,7.69,0.11,153.0
2019-11-11,3024,756300.0,5820726.0,7.69,7.75,7.63,7.69,0.0,186.0
2019-11-12,3024,849380.0,6629056.0,7.82,7.85,7.75,7.85,0.16,223.0
2019-11-13,3024,934607.0,7345479.0,7.85,7.92,7.8,7.9,0.05,196.0
2019-11-14,3024,1961690.0,15901918.0,7.92,8.25,7.86,8.15,0.25,448.0
2019-11-15,3024,1933993.0,15979245.0,8.15,8.33,8.15,8.27,0.12,423.0
2019-11-18,3024,2936434.0,25532510.0,8.3,9.09,8.22,9.0,0.73,845.0
2019-11-19,3024,2513222.0,21974092.0,8.88,8.98,8.38,8.58,-0.42,703.0
2019-11-20,3024,1374840.0,11638304.0,8.55,8.7,8.35,8.68,0.1,447.0
2019-11-21,3024,1414841.0,12387916.0,8.7,8.9,8.57,8.89,0.21,416.0
2019-11-22,3024,755556.0,6611487.0,8.89,8.89,8.65,8.8,-0.09,250.0
2019-11-25,3024,655212.0,5688137.0,8.79,8.8,8.65,8.65,-0.15,180.0
2019-11-26,3024,742400.0,6461782.0,8.7,8.8,8.67,8.67,0.02,164.0
2019-11-27,3024,1063464.0,9404435.0,8.76,9.03,8.64,8.84,0.17,330.0
2019-11-28,3024,368701.0,3249648.0,8.86,8.86,8.76,8.82,-0.02,144.0
2019-11-29,3024,1407496.0,12603189.0,8.78,9.02,8.78,8.9,0.08,399.0
2019-12-02,3024,867547.0,7753345.0,8.9,9.05,8.83,8.95,0.05,265.0
2019-12-03,3024,732370.0,6518856.0,8.87,8.95,8.86,8.95,0.0,230.0
2019-12-04,3024,1406562.0,12584601.0,8.9,9.02,8.84,9.01,0.06,391.0
2019-12-05,3024,4142199.0,37462794.0,9.1,9.17,8.88,8.98,-0.03,1320.0
2019-12-06,3024,1979904.0,17294643.0,8.9,8.9,8.58,8.73,-0.25,607.0
2019-12-09,3024,514716.0,4500136.0,8.87,8.87,8.69,8.7,-0.03,176.0
2019-12-10,3024,1238261.0,10618064.0,8.7,8.7,8.5,8.7,0.0,381.0
2019-12-11,3024,879920.0,7531649.0,8.67,8.67,8.49,8.63,-0.07,240.0
2019-12-12,3024,1070028.0,9079160.0,8.52,8.64,8.38,8.38,-0.25,258.0
2019-12-13,3024,981296.0,8205205.0,8.38,8.46,8.32,8.32,-0.06,247.0
2019-12-16,3024,779674.0,6658573.0,8.33,8.66,8.33,8.65,0.33,261.0
2019-12-17,3024,535492.0,4647308.0,8.75,8.75,8.61,8.65,0.0,204.0
2019-12-18,3024,3833416.0,34238786.0,8.77,9.15,8.65,8.98,0.33,990.0
2019-12-19,3024,1827799.0,16126638.0,8.95,8.95,8.68,8.79,-0.19,628.0
2019-12-20,3024,1359521.0,11744489.0,8.81,8.85,8.48,8.48,-0.31,435.0
2019-12-23,3024,1083534.0,9178316.0,8.49,8.61,8.33,8.48,0.0,319.0
2019-12-24,3024,2701234.0,23328988.0,8.5,8.8,8.44,8.58,0.1,714.0
2019-12-25,3024,1607118.0,13552374.0,8.45,8.53,8.38,8.38,-0.2,412.0
2019-12-26,3024,706828.0,5905274.0,8.36,8.43,8.31,8.37,-0.01,222.0
2019-12-27,3024,730285.0,6054427.0,8.37,8.37,8.25,8.25,-0.12,280.0
2019-12-30,3024,747420.0,6137080.0,8.23,8.32,8.1,8.1,-0.15,236.0
2019-12-31,3024,1049955.0,8423430.0,8.1,8.1,8.0,8.07,-0.03,294.0
2020-01-02,3024,1288254.0,10592030.0,8.14,8.34,8.14,8.24,0.17,272.0
2020-01-03,3024,837207.0,6912620.0,8.29,8.31,8.15,8.23,-0.01,248.0
2020-01-06,3024,657445.0,5407649.0,8.32,8.39,8.1,8.19,-0.04,155.0
2020-01-07,3024,446529.0,3635264.0,8.21,8.21,8.08,8.08,-0.11,130.0
2020-01-08,3024,1000548.0,7994258.0,8.08,8.1,7.88,7.9,-0.18,239.0
2020-01-09,3024,565675.0,4533435.0,8.0,8.07,8.0,8.04,0.14,111.0
2020-01-10,3024,274006.0,2195738.0,8.09,8.09,8.0,8.02,-0.02,86.0
2020-01-13,3024,510864.0,4134905.0,8.03,8.2,8.03,8.2,0.18,203.0
2020-01-14,3024,1237765.0,10269178.0,8.2,8.36,8.2,8.28,0.08,302.0
2020-01-15,3024,979366.0,8238429.0,8.45,8.48,8.33,8.4,0.12,293.0
2020-01-16,3024,1924900.0,16411194.0,8.44,8.64,8.44,8.56,0.16,473.0
2020-01-17,3024,824201.0,7065581.0,8.65,8.65,8.46,8.58,0.02,219.0
2020-01-20,3024,1022283.0,8801205.0,8.58,8.65,8.58,8.6,0.02,264.0
2020-01-30,3024,2384402.0,19178181.0,8.06,8.23,7.98,8.04,-0.56,380.0
2020-01-31,3024,492506.0,4032063.0,8.1,8.3,8.08,8.14,0.1,155.0
2020-02-03,3024,887581.0,7005796.0,8.0,8.0,7.8,7.89,-0.25,218.0
2020-02-04,3024,384484.0,3104785.0,7.83,8.16,7.83,8.12,0.23,141.0
2020-02-05,3024,408456.0,3308386.0,8.11,8.14,8.06,8.09,-0.03,132.0
2020-02-06,3024,387517.0,3131689.0,8.09,8.12,8.06,8.09,0.0,137.0
2020-02-07,3024,641327.0,5120439.0,8.06,8.12,7.91,7.94,-0.15,270.0
2020-02-10,3024,323004.0,2532959.0,7.9,7.95,7.78,7.87,-0.07,107.0
2020-02-11,3024,303456.0,2396717.0,7.87,7.97,7.87,7.94,0.07,88.0
2020-02-12,3024,272721.0,2166229.0,7.94,7.98,7.93,7.96,0.02,81.0
2020-02-13,3024,139685.0,1108922.0,7.99,8.0,7.9,7.93,-0.03,93.0
2020-02-14,3024,298659.0,2360615.0,7.9,7.95,7.87,7.92,-0.01,100.0
2020-02-17,3024,335526.0,2636429.0,7.92,7.92,7.75,7.86,-0.06,147.0
2020-02-18,3024,354012.0,2771876.0,7.9,7.9,7.73,7.82,-0.04,122.0
2020-02-19,3024,192600.0,1503073.0,7.8,7.89,7.75,7.89,0.07,93.0
2020-02-20,3024,250158.0,1948816.0,7.9,7.9,7.76,7.79,-0.1,99.0
2020-02-21,3024,255074.0,1986318.0,7.79,7.84,7.75,7.84,0.05,103.0
2020-02-24,3024,259560.0,2022115.0,7.78,7.88,7.75,7.85,0.01,105.0
2020-02-25,3024,115169.0,894629.0,7.74,7.82,7.74,7.79,-0.06,82.0
2020-02-26,3024,318572.0,2447847.0,7.75,7.75,7.62,7.65,-0.14,134.0
2020-02-27,3024,830751.0,6167335.0,7.65,7.65,7.3,7.4,-0.25,210.0
2020-03-02,3024,449199.0,3270914.0,7.0,7.49,7.0,7.48,0.08,181.0
2020-03-03,3024,226599.0,1693527.0,7.5,7.73,7.4,7.42,-0.06,121.0
2020-03-04,3024,75002.0,555894.0,7.57,7.57,7.36,7.47,0.05,38.0
2020-03-05,3024,211159.0,1570061.0,7.47,7.49,7.4,7.47,0.0,81.0
2020-03-06,3024,184315.0,1360684.0,7.39,7.45,7.35,7.42,-0.05,62.0
2020-03-09,3024,447793.0,3235784.0,7.4,7.4,7.2,7.2,-0.22,165.0
2020-03-10,3024,347410.0,2518113.0,7.03,7.5,7.03,7.4,0.2,115.0
2020-03-11,3024,229014.0,1667519.0,7.25,7.48,7.2,7.26,-0.14,85.0
2020-03-12,3024,566709.0,3951079.0,7.03,7.1,6.8,6.97,-0.29,140.0
2020-03-13,3024,944641.0,6209593.0,6.66,6.81,6.49,6.61,-0.36,192.0
2020-03-16,3024,467462.0,3089491.0,6.62,6.81,6.55,6.65,0.04,89.0
2020-03-17,3024,279394.0,1765277.0,6.07,6.47,6.07,6.46,-0.19,93.0
2020-03-18,3024,304319.0,1928633.0,6.77,6.8,6.25,6.28,-0.18,91.0
2020-03-19,3024,516065.0,3053100.0,6.15,6.15,5.8,6.1,-0.18,175.0
2020-03-20,3024,585506.0,3614025.0,6.25,6.39,6.1,6.16,0.06,148.0
2020-03-23,3024,344545.0,2006952.0,5.57,5.97,5.57,5.96,-0.2,95.0
2020-03-24,3024,209717.0,1263940.0,5.96,6.1,5.95,6.05,0.09,79.0
2020-03-25,3024,555161.0,3552691.0,6.43,6.49,6.33,6.34,0.29,134.0
2020-03-26,3024,324824.0,2073022.0,6.69,6.69,6.35,6.43,0.09,83.0
2020-03-27,3024,515022.0,3328292.0,6.5,6.55,6.36,6.36,-0.07,134.0
2020-03-30,3024,112684.0,703990.0,6.36,6.36,6.22,6.3,-0.06,276.0
2020-03-31,3024,519111.0,3275612.0,6.52,6.52,6.23,6.35,0.05,213.0
2020-04-01,3024,532195.0,3341335.0,6.48,6.48,6.25,6.25,-0.1,235.0
2020-04-06,3024,79412.0,495439.0,6.25,6.29,6.15,6.25,0.0,187.0
2020-04-07,3024,185116.0,1166004.0,6.26,6.33,6.26,6.26,0.01,142.0
2020-04-08,3024,353240.0,2296533.0,6.26,6.8,6.26,6.74,0.48,197.0
2020-04-09,3024,255509.0,1684435.0,6.74,6.97,6.5,6.53,-0.21,204.0
2020-04-10,3024,303528.0,1988430.0,6.5,6.66,6.5,6.64,0.11,243.0
2020-04-13,3024,292406.0,1910153.0,6.46,6.7,6.46,6.51,-0.13,364.0
2020-04-14,3024,303111.0,2009420.0,6.6,6.7,6.6,6.68,0.17,323.0
2020-04-15,3024,321869.0,2171993.0,6.66,6.8,6.55,6.8,0.12,147.0
2020-04-16,3024,416520.0,2824067.0,6.7,6.9,6.61,6.82,0.02,134.0
2020-04-17,3024,638128.0,4448362.0,6.92,7.06,6.85,7.0,0.18,168.0
2020-04-20,3024,642673.0,4560761.0,7.12,7.15,7.01,7.14,0.14,136.0
2020-04-21,3024,459532.0,3248517.0,7.21,7.21,6.76,7.15,0.01,140.0
2020-04-22,3024,203003.0,1424911.0,7.14,7.14,6.89,7.1,-0.05,62.0
2020-04-23,3024,168337.0,1187832.0,7.2,7.2,7.01,7.13,0.03,54.0
2020-04-24,3024,220652.0,1576582.0,7.13,7.2,7.08,7.17,0.04,56.0
2020-04-27,3024,285506.0,2052795.0,7.19,7.22,7.15,7.21,0.04,92.0
2020-04-28,3024,136577.0,986521.0,7.29,7.3,7.11,7.23,0.02,61.0
2020-04-29,3024,465420.0,3362345.0,7.3,7.3,7.16,7.29,0.06,134.0
2020-04-30,3024,310003.0,2254260.0,7.32,7.32,7.24,7.26,-0.03,112.0
2020-05-04,3024,205925.0,1472068.0,7.23,7.23,7.1,7.2,-0.06,73.0
2020-05-05,3024,316752.0,2281494.0,7.24,7.36,7.12,7.21,0.01,97.0
2020-05-06,3024,250343.0,1807560.0,7.3,7.3,7.13,7.21,0.0,74.0
2020-05-07,3024,297297.0,2124402.0,7.24,7.24,7.11,7.18,-0.03,123.0
2020-05-08,3024,109838.0,789959.0,7.21,7.21,7.15,7.18,0.0,43.0
2020-05-11,3024,259649.0,1848598.0,7.18,7.18,7.1,7.14,-0.04,89.0
2020-05-12,3024,179010.0,1270140.0,7.02,7.15,7.02,7.12,-0.02,53.0
2020-05-13,3024,558785.0,4016730.0,7.18,7.24,7.12,7.24,0.12,107.0
2020-05-14,3024,194703.0,1384540.0,7.2,7.24,7.06,7.12,-0.12,85.0
2020-05-15,3024,348003.0,2478341.0,7.08,7.28,7.0,7.19,0.07,94.0
2020-05-18,3024,129309.0,930579.0,7.23,7.23,7.14,7.18,-0.01,41.0
2020-05-19,3024,425264.0,3045550.0,7.23,7.23,7.11,7.18,0.0,104.0
2020-05-20,3024,257186.0,1842793.0,7.18,7.26,7.12,7.17,-0.01,95.0
2020-05-21,3024,242720.0,1749650.0,7.22,7.23,7.18,7.19,0.02,65.0
2020-05-22,3024,2411592.0,18778945.0,7.2,7.9,7.2,7.9,0.71,694.0
2020-05-25,3024,4907036.0,41081480.0,7.99,8.69,7.99,8.6,0.7,1474.0
2020-05-26,3024,2181187.0,18131410.0,8.66,8.66,8.11,8.38,-0.22,823.0
2020-05-27,3024,1122815.0,9365959.0,8.35,8.65,8.23,8.4,0.02,375.0
2020-05-28,3024,933064.0,7767052.0,8.4,8.44,8.25,8.25,-0.15,297.0
2020-05-29,3024,1251203.0,10610761.0,8.33,8.6,8.31,8.6,0.35,389.0
2020-06-01,3024,940024.0,8105398.0,8.96,8.96,8.47,8.5,-0.1,308.0
2020-06-02,3024,616491.0,5168062.0,8.32,8.5,8.3,8.43,-0.07,193.0
2020-06-03,3024,587318.0,4933922.0,8.45,8.5,8.34,8.42,-0.01,180.0
2020-06-04,3024,631479.0,5311267.0,8.46,8.54,8.34,8.39,-0.03,165.0
2020-06-05,3024,347257.0,2915718.0,8.5,8.5,8.35,8.36,-0.03,114.0
2020-06-08,3024,355524.0,2966491.0,8.5,8.5,8.31,8.38,0.02,107.0
2020-06-09,3024,823046.0,6794025.0,8.34,8.35,8.19,8.25,-0.13,220.0
2020-06-10,3024,534711.0,4463528.0,8.25,8.45,8.25,8.35,0.1,196.0
2020-06-11,3024,566193.0,4683512.0,8.39,8.48,8.13,8.2,-0.15,139.0
2020-06-12,3024,427144.0,3432546.0,8.0,8.12,7.96,8.1,-0.1,122.0
2020-06-15,3024,197695.0,1613916.0,8.3,8.31,8.06,8.06,-0.04,88.0
2020-06-16,3024,1221723.0,10153792.0,8.09,8.56,8.09,8.35,0.29,262.0
2020-06-17,3024,3731629.0,33132336.0,8.4,9.18,8.36,8.97,0.62,1016.0
2020-06-18,3024,6872253.0,63862921.0,9.0,9.6,8.91,9.52,0.55,1767.0
2020-06-19,3024,8662087.0,84565543.0,9.78,9.98,9.55,9.74,0.22,2137.0
2020-06-22,3024,4738172.0,46315912.0,9.8,9.92,9.65,9.75,0.01,1309.0
2020-06-23,3024,3569293.0,34157783.0,9.75,9.8,9.41,9.42,-0.33,1031.0
2020-06-24,3024,3120942.0,29093273.0,9.42,9.72,9.17,9.22,-0.2,965.0
2020-06-29,3024,3312112.0,30633316.0,9.2,9.47,9.1,9.31,0.09,1047.0
2020-06-30,3024,1636618.0,15242379.0,9.35,9.45,9.26,9.26,-0.05,543.0
2020-07-01,3024,1503515.0,13970062.0,9.25,9.38,9.23,9.24,-0.02,464.0
2020-07-02,3024,1740806.0,16197771.0,9.24,9.37,9.23,9.34,0.1,570.0
2020-07-03,3024,13693199.0,136355304.0,9.33,10.25,9.29,10.25,0.91,3181.0
2020-07-06,3024,17956091.0,195886276.0,10.9,11.0,10.5,11.0,0.0,4093.0
2020-07-07,3024,13356129.0,147367549.0,10.8,12.05,10.3,11.95,0.95,4202.0
2020-07-08,3024,8493464.0,99256298.0,11.9,12.0,11.4,11.65,-0.3,2876.0
2020-07-09,3024,6169287.0,71240657.0,11.7,11.85,11.1,11.25,-0.4,1866.0
2020-07-10,3024,4280227.0,45866809.0,11.15,11.25,10.4,10.65,-0.6,1468.0
2020-07-13,3024,5602023.0,64349900.0,11.05,11.7,11.0,11.7,1.05,1296.0
2020-07-14,3024,13630737.0,165353094.0,12.2,12.8,11.65,12.1,0.4,3671.0
2020-07-15,3024,5832697.0,69106659.0,12.0,12.3,11.5,11.55,-0.55,1890.0
2020-07-16,3024,2499000.0,28631347.0,11.55,11.75,11.15,11.5,-0.05,996.0
2020-07-17,3024,3996272.0,44296639.0,11.6,11.75,10.7,10.85,-0.65,1435.0
2020-07-20,3024,3566665.0,39424027.0,11.05,11.5,10.7,11.35,0.5,1163.0
2020-07-21,3024,2243353.0,25516681.0,11.35,11.6,11.2,11.25,-0.1,802.0
2020-07-22,3024,3619943.0,41531332.0,11.4,11.8,11.2,11.6,0.35,1048.0
2020-07-23,3024,2420819.0,28092242.0,11.75,11.9,11.4,11.45,-0.15,751.0
2020-07-24,3024,3358912.0,37708682.0,11.25,11.6,10.8,11.0,-0.45,895.0
2020-07-27,3024,4128181.0,43395720.0,11.0,11.1,10.05,10.35,-0.65,1221.0
2020-07-28,3024,5203699.0,51989041.0,10.3,10.45,9.6,9.67,-0.68,1465.0
2020-07-29,3024,2325375.0,23847873.0,9.68,10.6,9.68,10.3,0.63,907.0
2020-07-30,3024,1406940.0,14584327.0,10.55,10.6,10.2,10.3,0.0,440.0
2020-07-31,3024,705160.0,7267744.0,10.3,10.4,10.25,10.3,0.0,226.0
2020-08-03,3024,2119977.0,21397926.0,10.3,10.3,9.96,10.1,-0.2,616.0
2020-08-04,3024,1360411.0,13858147.0,10.25,10.4,10.1,10.15,0.05,403.0
2020-08-05,3024,944603.0,9648230.0,10.2,10.35,10.1,10.1,-0.05,327.0
2020-08-06,3024,1276620.0,13009527.0,10.15,10.35,10.1,10.1,0.0,405.0
2020-08-07,3024,870342.0,8780469.0,10.1,10.2,9.99,10.15,0.05,315.0
2020-08-10,3024,1638171.0,16656930.0,10.15,10.3,9.99,10.2,0.05,427.0
2020-08-11,3024,1079695.0,10951750.0,10.2,10.25,10.05,10.05,-0.15,309.0
2020-08-12,3024,3418444.0,36663394.0,10.1,11.05,10.05,11.05,1.0,908.0
2020-08-13,3024,8187974.0,92118350.0,11.3,11.8,10.75,11.25,0.2,2641.0
2020-08-14,3024,3272230.0,35790888.0,11.0,11.15,10.8,10.95,-0.3,1109.0
2020-08-17,3024,2040501.0,22633411.0,10.9,11.25,10.9,11.05,0.1,705.0
2020-08-18,3024,1649360.0,18248775.0,10.9,11.2,10.9,11.15,0.1,503.0
2020-08-19,3024,2991985.0,32634483.0,11.2,11.25,10.65,10.75,-0.4,750.0
2020-08-20,3024,4685532.0,48079978.0,10.55,10.7,10.0,10.3,-0.45,1102.0
2020-08-21,3024,3658720.0,39607637.0,10.5,11.2,10.3,11.2,0.9,930.0
2020-08-24,3024,6648592.0,75532603.0,11.5,11.5,11.2,11.35,0.15,1728.0
2020-08-25,3024,14393665.0,172422630.0,11.4,12.4,11.2,12.1,0.75,3558.0
2020-08-26,3024,26835165.0,346392274.0,12.45,13.3,12.1,13.3,1.2,7114.0
2020-08-27,3024,23689805.0,324544658.0,13.45,14.6,13.0,14.25,0.95,7051.0
2020-08-28,3024,17044079.0,243316117.0,14.85,14.85,13.6,14.5,0.25,5634.0
2020-08-31,3024,12053701.0,170301771.0,14.4,14.7,13.8,14.2,-0.3,3915.0
2020-09-01,3024,11923772.0,162044650.0,13.95,14.15,13.2,13.4,-0.8,4286.0
2020-09-02,3024,6782937.0,89905998.0,13.4,13.7,12.85,13.5,0.1,2316.0
2020-09-03,3024,5997855.0,79555393.0,13.6,13.65,13.1,13.15,-0.35,2027.0
2020-09-04,3024,9550750.0,128585323.0,12.85,14.0,12.6,13.85,0.7,3110.0
2020-09-07,3024,7069192.0,96439186.0,14.1,14.15,13.2,13.25,-0.6,2567.0
2020-09-08,3024,3268493.0,43068759.0,13.25,13.45,13.0,13.0,-0.25,1184.0
2020-09-09,3024,3927756.0,51586549.0,12.9,13.45,12.75,13.2,0.2,1274.0
2020-09-10,3024,4900418.0,63483486.0,13.25,13.3,12.65,13.1,-0.1,1658.0
2020-09-11,3024,6994963.0,87088144.0,12.95,13.0,12.05,12.2,-0.9,2434.0
2020-09-14,3024,4519232.0,54273934.0,12.2,12.45,11.8,12.1,-0.1,1505.0
2020-09-15,3024,11261001.0,146332556.0,12.3,13.3,12.2,13.3,1.2,3437.0
2020-09-16,3024,7542039.0,99578457.0,13.2,13.55,12.8,13.1,-0.2,2766.0
2020-09-17,3024,4024557.0,52353476.0,13.1,13.2,12.8,12.95,-0.15,1339.0
2020-09-18,3024,4132572.0,54748967.0,13.0,13.4,12.95,13.2,0.25,1341.0
2020-09-21,3024,8804544.0,119501776.0,13.25,13.9,13.2,13.3,0.1,2955.0
2020-09-22,3024,3920880.0,50547890.0,13.2,13.2,12.45,13.0,-0.3,1490.0
2020-09-23,3024,6904503.0,86241080.0,12.9,12.95,12.1,12.25,-0.75,2224.0
2020-09-24,3024,4970216.0,58943354.0,11.85,12.1,11.7,11.85,-0.4,1528.0
2020-09-25,3024,6694464.0,75631510.0,11.95,12.2,10.75,11.35,-0.5,2106.0
2020-09-28,3024,2516909.0,28731508.0,11.8,11.8,11.2,11.4,0.05,859.0
2020-09-29,3024,1548321.0,17437761.0,11.45,11.55,11.15,11.2,-0.2,546.0
2020-09-30,3024,1545130.0,17381517.0,11.25,11.45,11.15,11.4,0.2,467.0
2020-10-05,3024,976181.0,11079302.0,11.45,11.45,11.3,11.35,-0.05,362.0
2020-10-06,3024,1406301.0,16282974.0,11.5,11.7,11.35,11.6,0.25,576.0
2020-10-07,3024,2554560.0,30547191.0,11.6,12.25,11.45,11.95,0.35,880.0
2020-10-08,3024,1769134.0,20982728.0,12.0,12.15,11.65,11.75,-0.2,633.0
2020-10-12,3024,1376933.0,16293605.0,11.75,11.9,11.7,11.8,0.05,444.0
2020-10-13,3024,3137500.0,35156174.0,11.5,11.5,10.8,11.25,-0.55,1041.0
2020-10-14,3024,1387747.0,15687715.0,11.4,11.4,11.2,11.3,0.05,456.0
2020-10-15,3024,1789597.0,20155832.0,11.35,11.5,11.15,11.2,-0.1,558.0
2020-10-16,3024,1522324.0,17078545.0,11.2,11.35,11.15,11.15,-0.05,416.0
2020-10-19,3024,1671363.0,19120524.0,11.3,11.75,11.15,11.75,0.6,558.0
2020-10-20,3024,3732035.0,44497470.0,11.65,12.25,11.4,12.2,0.45,1409.0
2020-10-21,3024,1883054.0,22415334.0,11.85,12.15,11.75,11.85,-0.35,861.0
2020-10-22,3024,1346469.0,15589768.0,11.75,11.8,11.45,11.45,-0.4,533.0
2020-10-23,3024,830002.0,9511972.0,11.55,11.55,11.3,11.45,0.0,359.0
2020-10-26,3024,985526.0,11221833.0,11.45,11.55,11.3,11.4,-0.05,356.0
2020-10-27,3024,648663.0,7353422.0,11.4,11.45,11.2,11.35,-0.05,276.0
2020-10-28,3024,962641.0,10845504.0,11.25,11.4,11.2,11.2,-0.15,333.0
2020-10-29,3024,1331162.0,15057104.0,11.05,11.65,10.9,11.35,0.15,519.0
2020-10-30,3024,691921.0,7782162.0,11.35,11.4,11.2,11.25,-0.1,306.0
2020-11-02,3024,810711.0,9082426.0,11.25,11.3,11.1,11.25,0.0,243.0
2020-11-03,3024,1076772.0,12328301.0,11.3,11.6,11.3,11.35,0.1,413.0
2020-11-04,3024,883396.0,10006450.0,11.45,11.45,11.25,11.3,-0.05,280.0
2020-11-05,3024,759610.0,8515611.0,11.2,11.35,11.15,11.25,-0.05,293.0
2020-11-06,3024,896128.0,10037072.0,11.3,11.35,11.15,11.25,0.0,300.0
2020-11-09,3024,1726770.0,19651662.0,11.25,11.6,11.25,11.45,0.2,531.0
2020-11-10,3024,2003693.0,23139080.0,11.5,11.7,11.4,11.5,0.05,685.0
2020-11-11,3024,1085013.0,12321071.0,11.4,11.5,11.3,11.35,-0.15,332.0
2020-11-12,3024,1193730.0,13452239.0,11.3,11.4,11.2,11.25,-0.1,397.0
2020-11-13,3024,629607.0,7132697.0,11.3,11.45,11.3,11.35,0.1,216.0
2020-11-16,3024,3728345.0,43384985.0,11.35,12.0,11.2,12.0,0.65,1180.0
2020-11-17,3024,4162978.0,49008151.0,11.95,12.0,11.6,11.75,-0.25,1432.0
2020-11-18,3024,2826561.0,32889253.0,11.55,11.85,11.4,11.8,0.05,908.0
2020-11-19,3024,1931130.0,22510781.0,11.75,11.85,11.55,11.85,0.05,794.0
2020-11-20,3024,1545685.0,18205046.0,11.8,11.9,11.65,11.8,-0.05,614.0
2020-11-23,3024,2866801.0,33804875.0,11.8,12.05,11.5,12.0,0.2,861.0
2020-11-24,3024,1882878.0,22235087.0,11.9,11.95,11.7,11.8,-0.2,615.0
2020-11-25,3024,1251287.0,14614637.0,11.75,11.85,11.6,11.7,-0.1,408.0
2020-11-26,3024,1498558.0,17500870.0,11.7,11.9,11.55,11.8,0.1,513.0
2020-11-27,3024,1716273.0,20147412.0,11.75,11.9,11.65,11.8,0.0,623.0
2020-11-30,3024,5543189.0,66347797.0,11.8,12.25,11.75,11.85,0.05,1451.0
2020-12-01,3024,2034254.0,24115566.0,11.95,12.0,11.7,11.85,0.0,612.0
2020-12-02,3024,2439720.0,29116866.0,11.9,12.1,11.85,11.9,0.05,752.0
2020-12-03,3024,7821179.0,97060224.0,11.95,12.9,11.85,12.6,0.7,2511.0
2020-12-04,3024,5536717.0,69617736.0,12.7,12.95,12.35,12.7,0.1,1829.0
2020-12-07,3024,4218295.0,52075159.0,12.85,12.85,12.0,12.1,-0.6,1479.0
2020-12-08,3024,3322974.0,39071350.0,12.0,12.0,11.55,11.55,-0.55,1248.0
2020-12-09,3024,2450449.0,27876283.0,11.4,11.6,11.15,11.45,-0.1,837.0
2020-12-10,3024,1608498.0,18675535.0,11.65,11.85,11.45,11.45,0.0,634.0
2020-12-11,3024,1788927.0,20339164.0,11.45,11.65,11.3,11.35,-0.1,515.0
2020-12-14,3024,539178.0,6174470.0,11.5,11.6,11.35,11.45,0.1,249.0
2020-12-15,3024,1296498.0,14690989.0,11.45,11.5,11.25,11.3,-0.15,378.0
2020-12-16,3024,897241.0,10171406.0,11.45,11.45,11.25,11.35,0.05,323.0
2020-12-17,3024,976827.0,11225554.0,11.35,11.6,11.35,11.6,0.25,395.0
2020-12-18,3024,827452.0,9458806.0,11.6,11.65,11.3,11.35,-0.25,330.0
2020-12-21,3024,739982.0,8433404.0,11.5,11.5,11.3,11.4,0.05,278.0
2020-12-22,3024,1915614.0,21628024.0,11.35,11.45,11.15,11.2,-0.2,521.0
2020-12-23,3024,1189425.0,13367229.0,11.3,11.4,11.1,11.35,0.15,404.0
2020-12-24,3024,1181222.0,13503457.0,11.45,11.6,11.35,11.45,0.1,430.0
2020-12-25,3024,1026219.0,11652023.0,11.45,11.55,11.25,11.35,-0.1,347.0
2020-12-28,3024,2020824.0,22735825.0,11.4,11.45,11.2,11.2,-0.15,556.0
2020-12-29,3024,2975697.0,34346709.0,11.25,11.8,11.25,11.5,0.3,953.0
2020-12-30,3024,1049567.0,12024193.0,11.55,11.55,11.4,11.45,-0.05,433.0
2020-12-31,3024,1050444.0,11987171.0,11.5,11.55,11.35,11.4,-0.05,343.0
2021-01-04,3024,1173621.0,13256052.0,11.4,11.5,11.2,11.3,-0.1,458.0
2021-01-05,3024,2145641.0,23997338.0,11.3,11.4,11.1,11.3,0.0,630.0
2021-01-06,3024,1996206.0,22107205.0,11.25,11.25,11.0,11.05,-0.25,663.0
2021-01-07,3024,1680177.0,18346508.0,11.05,11.1,10.8,10.95,-0.1,532.0
2021-01-08,3024,1524915.0,16562095.0,10.95,11.0,10.8,10.8,-0.15,468.0
2021-01-11,3024,1075989.0,11524344.0,10.75,10.8,10.65,10.7,-0.1,428.0
2021-01-12,3024,2765623.0,28557132.0,10.65,10.65,10.15,10.2,-0.5,846.0
2021-01-13,3024,1795152.0,19006497.0,10.25,10.8,10.25,10.55,0.35,606.0
2021-01-14,3024,1187011.0,12333667.0,10.6,10.6,10.3,10.3,-0.25,405.0
2021-01-15,3024,1917362.0,19351749.0,10.3,10.3,9.99,10.1,-0.2,598.0
2021-01-18,3024,1270634.0,12818683.0,10.1,10.4,9.86,10.35,0.25,466.0
2021-01-19,3024,739744.0,7638735.0,10.4,10.45,10.25,10.3,-0.05,276.0
2021-01-20,3024,1716702.0,17252937.0,10.2,10.25,9.99,9.99,-0.31,558.0
2021-01-21,3024,1019054.0,10215801.0,10.05,10.15,9.98,10.0,0.01,284.0
2021-01-22,3024,823615.0,8263871.0,10.1,10.15,10.0,10.05,0.05,237.0
2021-01-25,3024,568050.0,5704904.0,10.15,10.15,9.99,10.05,0.0,198.0
2021-01-26,3024,565859.0,5751068.0,10.2,10.3,10.05,10.15,0.1,251.0
2021-01-27,3024,755655.0,7758986.0,10.3,10.4,10.15,10.4,0.25,298.0
2021-01-28,3024,398029.0,4079693.0,10.15,10.35,10.15,10.3,-0.1,190.0
2021-01-29,3024,1355815.0,14231687.0,10.4,10.65,10.35,10.45,0.15,600.0
2021-02-01,3024,728259.0,7635576.0,10.6,10.7,10.4,10.4,-0.05,289.0
2021-02-02,3024,615634.0,6373616.0,10.45,10.45,10.3,10.3,-0.1,197.0
2021-02-03,3024,417650.0,4310298.0,10.35,10.55,10.25,10.25,-0.05,172.0
2021-02-04,3024,323346.0,3290303.0,10.25,10.25,10.1,10.15,-0.1,180.0
2021-02-05,3024,499924.0,5076922.0,10.2,10.2,10.1,10.15,0.0,183.0
2021-02-17,3024,673250.0,6931037.0,10.4,10.4,10.2,10.3,0.15,272.0
2021-02-18,3024,1380595.0,14648113.0,10.45,10.75,10.4,10.75,0.45,407.0
2021-02-19,3024,974169.0,10440182.0,10.8,10.85,10.6,10.75,0.0,366.0
2021-02-22,3024,845591.0,9131105.0,10.8,10.85,10.75,10.85,0.1,356.0
2021-02-23,3024,1362473.0,14979868.0,10.85,11.1,10.85,11.05,0.2,509.0
2021-02-24,3024,1095969.0,12038877.0,11.0,11.1,10.85,10.95,-0.1,386.0
2021-02-25,3024,1052113.0,11445890.0,10.95,11.05,10.8,10.85,-0.1,311.0
2021-02-26,3024,761028.0,8158361.0,10.8,10.85,10.65,10.7,-0.15,303.0
2021-03-02,3024,582449.0,6310645.0,10.8,11.0,10.7,10.7,0.0,244.0
2021-03-03,3024,756837.0,8070253.0,10.7,10.85,10.55,10.75,0.05,282.0
2021-03-04,3024,709539.0,7533769.0,10.7,10.75,10.5,10.7,-0.05,287.0
2021-03-05,3024,382138.0,4076518.0,10.55,10.75,10.55,10.7,0.0,187.0
2021-03-08,3024,544649.0,5800385.0,10.7,10.8,10.55,10.55,-0.15,261.0
2021-03-09,3024,778147.0,8198310.0,10.55,10.6,10.5,10.55,0.0,215.0
2021-03-10,3024,7352280.0,82137128.0,10.6,11.5,10.55,11.0,0.45,1969.0
2021-03-11,3024,5508006.0,61693975.0,11.2,11.45,10.85,11.25,0.25,1656.0
2021-03-12,3024,2324607.0,25725984.0,11.1,11.2,10.9,11.1,-0.15,706.0
2021-03-15,3024,1116379.0,12312619.0,11.1,11.2,10.95,11.0,-0.1,444.0
2021-03-16,3024,867648.0,9557458.0,11.1,11.15,10.95,11.0,0.0,341.0
2021-03-17,3024,1351037.0,15035447.0,10.95,11.3,10.95,11.25,0.25,490.0
2021-03-18,3024,4146727.0,47799828.0,11.3,12.05,11.2,12.05,0.8,1039.0
2021-03-19,3024,4357511.0,51733901.0,12.05,12.05,11.6,11.85,-0.2,1325.0
2021-03-22,3024,6441136.0,79109469.0,11.85,12.8,11.65,12.55,0.7,1870.0
2021-03-23,3024,5834631.0,72524935.0,12.55,12.65,12.1,12.4,-0.15,1794.0
2021-03-24,3024,2633367.0,32059029.0,12.35,12.35,12.1,12.2,-0.2,794.0
2021-03-25,3024,1951510.0,23614281.0,12.2,12.3,12.0,12.1,-0.1,640.0
2021-03-26,3024,1646229.0,20083420.0,12.15,12.4,12.1,12.15,0.05,573.0
2021-03-29,3024,4472989.0,55925268.0,12.3,12.8,12.2,12.4,0.25,1264.0
2021-03-30,3024,2243520.0,27273035.0,12.4,12.4,12.0,12.15,-0.25,736.0
2021-03-31,3024,1371728.0,16603937.0,12.25,12.25,12.0,12.15,0.0,525.0
2021-04-01,3024,1379389.0,16618382.0,12.15,12.15,12.0,12.05,-0.1,462.0
2021-04-06,3024,1831958.0,22257217.0,12.05,12.3,12.05,12.1,0.05,594.0
2021-04-07,3024,1710000.0,20800387.0,12.15,12.3,12.05,12.25,0.15,614.0
2021-04-08,3024,2989688.0,37304849.0,12.25,12.6,12.25,12.5,0.25,971.0
2021-04-09,3024,2186264.0,27284285.0,12.55,12.7,12.35,12.45,-0.05,731.0
2021-04-12,3024,2717569.0,34072734.0,12.55,12.7,12.45,12.45,0.0,914.0
2021-04-13,3024,4510996.0,56927302.0,12.55,12.9,12.2,12.3,-0.15,1314.0
2021-04-14,3024,3137359.0,38051789.0,12.3,12.7,11.7,12.05,-0.25,1115.0
2021-04-15,3024,778016.0,9487583.0,12.05,12.3,12.05,12.2,0.15,483.0
2021-04-16,3024,1326588.0,16129149.0,12.25,12.3,12.1,12.1,-0.1,569.0
2021-04-19,3024,4937312.0,62121447.0,12.2,12.9,12.2,12.7,0.6,1661.0
2021-04-20,3024,9134875.0,120511456.0,12.9,13.6,12.8,13.4,0.7,2946.0
2021-04-21,3024,5662594.0,75327973.0,13.65,13.65,13.1,13.15,-0.25,2139.0
2021-04-22,3024,6526773.0,86846943.0,13.3,13.75,12.85,13.15,0.0,2225.0
2021-04-23,3024,10933483.0,148683922.0,13.25,14.35,12.85,14.35,1.2,3251.0
2021-04-26,3024,14528542.0,212035944.0,14.35,14.95,14.0,14.75,0.4,5184.0
2021-04-27,3024,15295395.0,237976362.0,15.1,16.1,15.05,16.1,1.35,6214.0
2021-04-28,3024,22139139.0,377482499.0,16.2,17.7,16.2,17.7,1.6,7712.0
2021-04-29,3024,19224365.0,326900017.0,18.0,18.05,16.5,16.6,-1.1,7847.0
2021-05-03,3024,13718163.0,221711080.0,16.45,17.45,15.25,16.2,-0.4,5133.0
2021-05-04,3024,12722378.0,193843002.0,16.15,16.55,14.6,15.2,-1.0,4473.0
2021-05-05,3024,6144728.0,92362409.0,15.2,15.45,14.6,14.8,-0.4,2157.0
2021-05-06,3024,5230579.0,76195620.0,14.9,15.1,14.1,14.4,-0.4,1892.0
2021-05-07,3024,4000933.0,59999156.0,14.8,15.3,14.5,15.1,0.7,1640.0
2021-05-10,3024,3125942.0,47165127.0,15.45,15.45,14.85,14.9,-0.2,1155.0
2021-05-11,3024,6259976.0,87693430.0,14.5,14.6,13.45,13.85,-1.05,2106.0
2021-05-12,3024,8226632.0,105323368.0,13.6,13.6,12.5,12.75,-1.1,2297.0
2021-05-13,3024,4027605.0,51189992.0,12.35,13.3,12.0,12.8,0.05,1292.0
2021-05-14,3024,3126850.0,39674763.0,13.1,13.3,12.3,12.35,-0.45,1048.0
2021-05-17,3024,3846194.0,44871155.0,11.5,12.2,11.25,11.35,-1.0,1033.0
2021-05-18,3024,3245047.0,39439207.0,11.6,12.45,11.6,12.45,1.1,940.0
2021-05-19,3024,1930387.0,24360661.0,12.7,12.9,12.3,12.7,0.25,749.0
2021-05-20,3024,1467616.0,18406218.0,12.7,13.05,12.25,12.4,-0.3,579.0
2021-05-21,3024,1168988.0,14714323.0,12.65,12.75,12.4,12.75,0.35,413.0
2021-05-24,3024,1838474.0,23771819.0,12.35,13.35,12.35,13.15,0.4,648.0
2021-05-25,3024,2322198.0,31197485.0,13.75,13.75,13.25,13.35,0.2,881.0
2021-05-26,3024,1233807.0,16278214.0,13.45,13.45,13.05,13.15,-0.2,426.0
2021-05-27,3024,1566457.0,20693724.0,13.4,13.45,13.1,13.2,0.05,569.0
2021-05-28,3024,2951675.0,40145119.0,13.35,13.85,13.25,13.6,0.4,1058.0
2021-05-31,3024,2380726.0,32172319.0,13.9,13.9,13.35,13.45,-0.15,784.0
2021-06-01,3024,2124292.0,28929028.0,13.5,13.85,13.45,13.65,0.2,659.0
2021-06-02,3024,1454602.0,19654244.0,13.7,13.75,13.3,13.55,-0.1,623.0
2021-06-03,3024,1063261.0,14358259.0,13.55,13.65,13.4,13.5,-0.05,451.0
2021-06-04,3024,1193874.0,15851316.0,13.3,13.45,13.15,13.2,-0.3,561.0
2021-06-07,3024,1849058.0,23694482.0,13.1,13.15,12.45,13.0,-0.2,731.0
2021-06-08,3024,770222.0,9857281.0,13.05,13.05,12.7,12.8,-0.2,391.0
2021-06-09,3024,2332398.0,29180436.0,12.8,12.8,12.25,12.6,-0.2,778.0
2021-06-10,3024,1271957.0,15947282.0,12.6,12.7,12.45,12.5,-0.1,388.0
2021-06-11,3024,7707896.0,104797486.0,12.7,13.75,12.65,13.75,1.25,1937.0
2021-06-15,3024,13213745.0,194556776.0,14.15,15.1,13.9,15.1,1.35,5235.0
2021-06-16,3024,9022368.0,129960903.0,15.0,15.0,14.0,14.05,-1.05,3853.0
2021-06-17,3024,3304138.0,46228347.0,14.0,14.45,13.55,14.4,0.35,1470.0
2021-06-18,3024,2744966.0,39341719.0,14.2,14.65,14.05,14.15,-0.25,1136.0
2021-06-21,3024,2978626.0,40548664.0,13.95,14.0,13.45,13.5,-0.65,1382.0
2021-06-22,3024,1542969.0,21152905.0,13.7,13.95,13.55,13.65,0.15,660.0
2021-06-23,3024,1126026.0,15364062.0,13.85,13.85,13.55,13.6,-0.05,511.0
2021-06-24,3024,3605889.0,51378824.0,13.8,14.6,13.7,14.5,0.9,1446.0
2021-06-25,3024,2537495.0,36255814.0,14.5,14.5,14.15,14.2,-0.3,1013.0
2021-06-28,3024,1858586.0,25947097.0,14.1,14.15,13.85,13.9,-0.3,855.0
2021-06-29,3024,1995663.0,27434380.0,14.0,14.0,13.6,13.65,-0.25,827.0
2021-06-30,3024,1574459.0,21843557.0,13.85,14.0,13.7,13.95,0.3,730.0
2021-07-01,3024,2412275.0,34104510.0,14.1,14.45,13.9,13.9,-0.05,1101.0
2021-07-02,3024,1279421.0,17930985.0,14.05,14.2,13.85,13.95,0.05,651.0
2021-07-05,3024,1541133.0,21498486.0,14.2,14.2,13.85,13.9,-0.05,688.0
2021-07-06,3024,1111273.0,15404532.0,14.0,14.0,13.8,13.8,-0.1,518.0
2021-07-07,3024,1105302.0,15242290.0,13.7,13.9,13.7,13.7,-0.1,479.0
2021-07-08,3024,896692.0,12356141.0,13.85,13.9,13.7,13.8,0.1,397.0
2021-07-09,3024,1494258.0,20329824.0,13.8,13.8,13.5,13.6,-0.2,673.0
2021-07-12,3024,2203662.0,29481744.0,13.5,13.6,13.15,13.3,-0.3,986.0
2021-07-13,3024,2361628.0,30886547.0,13.4,13.4,12.85,12.95,-0.35,950.0
2021-07-14,3024,1168163.0,15110239.0,13.1,13.1,12.8,12.9,-0.05,546.0
2021-07-15,3024,626474.0,8214928.0,13.0,13.25,12.9,13.2,0.3,282.0
2021-07-16,3024,666782.0,8823244.0,13.2,13.3,13.1,13.2,0.0,263.0
2021-07-19,3024,1076614.0,14021913.0,13.2,13.2,12.95,13.0,-0.2,397.0
2021-07-20,3024,946208.0,12155612.0,12.9,12.95,12.8,12.85,-0.15,422.0
2021-07-21,3024,1355738.0,17209717.0,12.95,12.95,12.55,12.6,-0.25,569.0
2021-07-22,3024,1247692.0,16225529.0,12.8,13.3,12.7,12.8,0.2,532.0
2021-07-23,3024,652341.0,8452260.0,12.8,13.15,12.8,12.9,0.1,266.0
2021-07-26,3024,488754.0,6334262.0,13.0,13.15,12.9,12.9,0.0,232.0
2021-07-27,3024,985093.0,12605961.0,13.05,13.05,12.7,12.7,-0.2,351.0
2021-07-28,3024,1223100.0,15373734.0,12.7,12.9,12.45,12.7,0.0,377.0
2021-07-29,3024,514926.0,6507143.0,12.7,12.8,12.5,12.7,0.0,240.0
2021-07-30,3024,633209.0,7998291.0,12.65,12.75,12.55,12.55,-0.15,251.0
2021-08-02,3024,1333513.0,17534020.0,12.75,13.5,12.7,13.05,0.5,587.0
2021-08-03,3024,634182.0,8257832.0,13.2,13.3,12.85,12.95,-0.1,291.0
2021-08-04,3024,542955.0,7041691.0,13.0,13.05,12.9,12.9,-0.05,248.0
2021-08-05,3024,725032.0,9378726.0,13.0,13.1,12.8,12.9,0.0,251.0
2021-08-06,3024,745993.0,9730249.0,13.0,13.2,12.9,12.9,0.0,308.0
2021-08-09,3024,536859.0,6944975.0,12.9,13.2,12.8,12.85,-0.05,219.0
2021-08-10,3024,508181.0,6465145.0,12.85,12.85,12.65,12.75,-0.1,243.0
2021-08-11,3024,853456.0,10716262.0,12.7,12.75,12.45,12.5,-0.25,379.0
2021-08-12,3024,2019039.0,26382958.0,12.9,13.3,12.9,13.15,0.65,673.0
2021-08-13,3024,962524.0,12486298.0,13.2,13.3,12.75,12.75,-0.4,438.0
2021-08-16,3024,964670.0,12197126.0,13.0,13.0,12.55,12.55,-0.2,344.0
2021-08-17,3024,650437.0,8182205.0,12.55,12.7,12.5,12.5,-0.05,225.0
2021-08-18,3024,1068090.0,13262266.0,12.5,12.6,12.3,12.6,0.1,363.0
2021-08-19,3024,1306676.0,16101277.0,12.6,12.6,12.25,12.3,-0.3,385.0
2021-08-20,3024,680458.0,8330582.0,12.2,12.4,12.15,12.25,-0.05,241.0
2021-08-23,3024,756696.0,9528852.0,12.4,12.7,12.35,12.55,0.3,309.0
2021-08-24,3024,234632.0,2922195.0,12.55,12.65,12.35,12.35,0.0,135.0
2021-08-25,3024,381365.0,4733855.0,12.4,12.55,12.35,12.35,0.0,180.0
2021-08-26,3024,429153.0,5311760.0,12.4,12.5,12.3,12.4,0.05,161.0
2021-08-27,3024,717207.0,9006600.0,12.4,12.7,12.4,12.55,0.15,178.0
2021-08-30,3024,252837.0,3183571.0,12.55,12.65,12.55,12.65,0.1,100.0
2021-08-31,3024,625495.0,7774484.0,12.65,12.65,12.3,12.45,-0.2,269.0
2021-09-01,3024,792406.0,10008424.0,12.4,12.7,12.4,12.7,0.25,237.0
2021-09-02,3024,1127136.0,14500570.0,12.7,13.0,12.7,12.8,0.1,378.0
2021-09-03,3024,1522539.0,19727394.0,12.8,13.1,12.75,12.95,0.15,518.0
2021-09-06,3024,1208713.0,15647239.0,13.0,13.1,12.85,12.85,-0.1,426.0
2021-09-07,3024,687237.0,8671673.0,12.7,12.8,12.5,12.55,-0.3,321.0
2021-09-08,3024,708117.0,8796950.0,12.5,12.6,12.35,12.45,-0.1,243.0
2021-09-09,3024,341050.0,4243618.0,12.35,12.55,12.35,12.5,0.05,133.0
2021-09-10,3024,158971.0,1985029.0,12.55,12.55,12.45,12.5,0.0,99.0
2021-09-13,3024,402798.0,5001563.0,12.45,12.55,12.35,12.55,0.05,170.0
2021-09-14,3024,284944.0,3551788.0,12.55,12.65,12.35,12.5,-0.05,116.0
2021-09-15,3024,237107.0,2942778.0,12.5,12.5,12.35,12.45,-0.05,121.0
2021-09-16,3024,441955.0,5545531.0,12.45,12.65,12.4,12.55,0.1,188.0
2021-09-17,3024,489675.0,6223573.0,12.55,12.85,12.55,12.75,0.2,213.0
2021-09-22,3024,869558.0,10753765.0,12.5,12.5,12.2,12.3,-0.45,358.0
2021-09-23,3024,401671.0,4966943.0,12.35,12.5,12.25,12.4,0.1,170.0
2021-09-24,3024,345215.0,4291032.0,12.45,12.6,12.2,12.45,0.05,145.0
2021-09-27,3024,4733079.0,62438046.0,12.6,13.5,12.55,13.4,0.95,1419.0
2021-09-28,3024,2295299.0,30469824.0,13.25,13.45,13.1,13.2,-0.2,785.0
2021-09-29,3024,1448698.0,19160833.0,13.0,13.45,12.9,13.3,0.1,560.0
2021-09-30,3024,1896930.0,25560626.0,13.35,13.7,13.3,13.4,0.1,674.0
2021-10-01,3024,1457789.0,18894947.0,13.35,13.35,12.65,12.75,-0.65,652.0
2021-10-04,3024,904727.0,11461040.0,12.9,13.0,12.55,12.6,-0.15,315.0
2021-10-05,3024,259558.0,3272808.0,12.45,12.8,12.4,12.65,0.05,146.0
2021-10-06,3024,597142.0,7655864.0,12.65,13.0,12.65,12.85,0.2,312.0
2021-10-07,3024,840999.0,10917088.0,12.85,13.05,12.85,13.05,0.2,309.0
2021-10-08,3024,650602.0,8456367.0,13.05,13.2,12.8,13.0,-0.05,264.0
2021-10-12,3024,6526178.0,90210855.0,13.25,14.3,13.1,14.2,1.2,2429.0
2021-10-13,3024,5525446.0,77156701.0,13.7,14.4,13.55,14.0,-0.2,2411.0
2021-10-14,3024,2334460.0,32465993.0,14.1,14.1,13.7,14.1,0.1,1012.0
2021-10-15,3024,3160973.0,43847663.0,14.45,14.45,13.6,13.6,-0.5,1204.0
2021-10-18,3024,1745130.0,23381538.0,13.75,13.75,13.2,13.3,-0.3,775.0
2021-10-19,3024,961889.0,12894932.0,13.5,13.55,13.25,13.5,0.2,425.0
2021-10-20,3024,987379.0,13351002.0,13.5,13.75,13.35,13.6,0.1,506.0
2021-10-21,3024,1043920.0,14293709.0,13.8,13.85,13.55,13.55,-0.05,441.0
2021-10-22,3024,895082.0,12214923.0,13.55,13.75,13.5,13.65,0.1,393.0
2021-10-25,3024,843310.0,11489469.0,13.7,13.75,13.5,13.6,-0.05,347.0
2021-10-26,3024,2458234.0,34254956.0,13.7,14.25,13.6,14.05,0.45,970.0
2021-10-27,3024,1413116.0,19752054.0,14.1,14.15,13.85,13.95,-0.1,602.0
2021-10-28,3024,803845.0,11186768.0,13.95,14.05,13.85,13.9,-0.05,393.0
2021-10-29,3024,1082183.0,15115987.0,13.95,14.1,13.85,13.95,0.05,457.0
2021-11-01,3024,1560167.0,22089185.0,14.3,14.35,14.05,14.15,0.2,656.0
2021-11-02,3024,2873916.0,41257367.0,14.2,14.7,14.1,14.1,-0.05,1149.0
2021-11-03,3024,986291.0,13904139.0,14.2,14.2,14.0,14.1,0.0,411.0
2021-11-04,3024,1028141.0,14538083.0,14.1,14.25,14.1,14.15,0.05,413.0
2021-11-05,3024,2730724.0,39136109.0,14.3,14.55,14.0,14.35,0.2,1030.0
2021-11-08,3024,1200175.0,17310484.0,14.4,14.5,14.35,14.45,0.1,423.0
2021-11-09,3024,1931385.0,28195326.0,14.55,14.7,14.5,14.6,0.15,732.0
2021-11-10,3024,2586955.0,38336814.0,14.65,15.0,14.6,14.65,0.05,1089.0
2021-11-11,3024,5594524.0,84433776.0,14.9,15.3,14.9,15.3,0.65,1824.0
2021-11-12,3024,8063562.0,114660703.0,15.25,15.25,13.85,14.0,-1.3,2960.0
2021-11-15,3024,3726908.0,50389396.0,13.9,13.9,13.35,13.45,-0.55,1541.0
2021-11-16,3024,1360930.0,18336004.0,13.5,13.6,13.35,13.4,-0.05,655.0
2021-11-17,3024,1067571.0,14325762.0,13.5,13.55,13.3,13.45,0.05,490.0
2021-11-18,3024,1029365.0,13824961.0,13.55,13.55,13.35,13.4,-0.05,453.0
2021-11-19,3024,1144740.0,15341705.0,13.5,13.5,13.35,13.4,0.0,407.0
2021-11-22,3024,775307.0,10483736.0,13.4,13.65,13.4,13.55,0.15,308.0
2021-11-23,3024,1328989.0,18276972.0,13.6,14.0,13.5,13.7,0.15,526.0
2021-11-24,3024,460031.0,6332179.0,13.7,13.85,13.7,13.7,0.0,248.0
2021-11-25,3024,554941.0,7605818.0,13.7,13.8,13.65,13.65,-0.05,212.0
2021-11-26,3024,1003399.0,13447628.0,13.55,13.65,13.3,13.45,-0.2,412.0
2021-11-29,3024,739262.0,9860528.0,13.2,13.45,13.2,13.35,-0.1,320.0
2021-11-30,3024,595643.0,8065102.0,13.35,13.65,13.35,13.45,0.1,225.0
2021-12-01,3024,417415.0,5615927.0,13.4,13.55,13.35,13.45,0.0,186.0
2021-12-02,3024,608972.0,8179644.0,13.45,13.5,13.4,13.45,0.0,216.0
2021-12-03,3024,328220.0,4422991.0,13.45,13.6,13.4,13.45,0.0,160.0
2021-12-06,3024,562260.0,7554629.0,13.35,13.55,13.3,13.5,0.05,204.0
2021-12-07,3024,389856.0,5302751.0,13.6,13.7,13.5,13.6,0.1,199.0
2021-12-08,3024,1102997.0,15210201.0,13.7,13.95,13.7,13.75,0.15,382.0
2021-12-09,3024,8299342.0,122619485.0,13.85,15.1,13.85,14.7,0.95,3834.0
2021-12-10,3024,2601836.0,37596504.0,14.8,14.8,14.3,14.35,-0.35,1282.0
2021-12-13,3024,2352576.0,32395588.0,13.75,13.95,13.6,13.75,-0.6,1048.0
2021-12-14,3024,1330243.0,18059148.0,13.6,13.75,13.5,13.55,-0.2,625.0
2021-12-15,3024,825575.0,11211583.0,13.55,13.7,13.5,13.6,0.05,363.0
2021-12-16,3024,844156.0,11519175.0,13.6,13.8,13.55,13.65,0.05,325.0
2021-12-17,3024,652802.0,8957827.0,13.65,13.85,13.6,13.65,0.0,291.0
2021-12-20,3024,311652.0,4249748.0,13.65,13.7,13.6,13.6,-0.05,201.0
2021-12-21,3024,405109.0,5504509.0,13.6,13.7,13.5,13.7,0.1,210.0
2021-12-22,3024,586644.0,8071091.0,13.75,13.9,13.7,13.7,0.0,261.0
2021-12-23,3024,548560.0,7550141.0,13.8,13.9,13.65,13.8,0.1,268.0
2021-12-24,3024,810925.0,11328723.0,13.85,14.1,13.85,13.95,0.15,386.0
2021-12-27,3024,562129.0,7798692.0,14.0,14.0,13.8,13.9,-0.05,281.0
2021-12-28,3024,502327.0,6991029.0,13.95,14.05,13.85,13.85,-0.05,242.0
2021-12-29,3024,1206900.0,16912617.0,13.85,14.2,13.85,14.0,0.15,445.0
2021-12-30,3024,747208.0,10487965.0,14.2,14.2,13.95,14.0,0.0,295.0
2022-01-03,3024,626043.0,8654396.0,14.0,14.1,13.75,13.75,-0.25,351.0
2022-01-04,3024,457899.0,6271862.0,13.75,13.85,13.65,13.7,-0.05,265.0
2022-01-05,3024,781903.0,10675907.0,13.95,13.95,13.55,13.55,-0.15,325.0
2022-01-06,3024,670154.0,9049023.0,13.55,13.7,13.4,13.45,-0.1,269.0
2022-01-07,3024,994718.0,13333948.0,13.45,13.65,13.3,13.35,-0.1,380.0
2022-01-10,3024,466986.0,6236536.0,13.3,13.45,13.3,13.3,-0.05,244.0
2022-01-11,3024,501809.0,6731148.0,13.3,13.55,13.3,13.35,0.05,243.0
2022-01-12,3024,557297.0,7415829.0,13.4,13.4,13.2,13.25,-0.1,250.0
2022-01-13,3024,431407.0,5739503.0,13.25,13.4,13.25,13.25,0.0,203.0
2022-01-14,3024,1049124.0,13741408.0,13.25,13.25,12.95,13.1,-0.15,422.0
2022-01-17,3024,561019.0,7381104.0,13.1,13.35,13.05,13.25,0.15,188.0
2022-01-18,3024,236220.0,3154397.0,13.3,13.4,13.25,13.3,0.05,141.0
2022-01-19,3024,171258.0,2276318.0,13.25,13.4,13.2,13.3,0.0,102.0
2022-01-20,3024,209682.0,2789933.0,13.35,13.35,13.25,13.3,0.0,111.0
2022-01-21,3024,598547.0,7826439.0,13.0,13.25,13.0,13.0,-0.3,273.0
2022-01-24,3024,557495.0,7167722.0,12.85,13.0,12.8,12.95,-0.05,309.0
2022-01-25,3024,791170.0,10045331.0,12.8,12.9,12.55,12.75,-0.2,373.0
2022-01-26,3024,458627.0,5813635.0,12.75,12.8,12.6,12.7,-0.05,308.0
2022-02-07,3024,325501.0,4184421.0,12.7,12.95,12.7,12.9,0.2,366.0
2022-02-08,3024,277844.0,3631458.0,12.95,13.15,12.95,13.1,0.2,189.0
2022-02-09,3024,391887.0,5223752.0,13.1,13.5,13.1,13.4,0.3,250.0
2022-02-10,3024,212217.0,2812784.0,13.4,13.4,13.2,13.25,-0.15,160.0
2022-02-11,3024,379167.0,4959153.0,13.1,13.3,12.95,13.05,-0.2,195.0
2022-02-14,3024,296651.0,3821852.0,13.0,13.0,12.8,12.85,-0.2,307.0
2022-02-15,3024,462018.0,5921859.0,12.85,12.95,12.7,12.85,0.0,383.0
2022-02-16,3024,254131.0,3261787.0,12.95,12.95,12.8,12.8,-0.05,1306.0
2022-02-17,3024,303442.0,3889730.0,12.8,12.95,12.75,12.8,0.0,1300.0
2022-02-18,3024,426527.0,5420970.0,12.8,12.8,12.6,12.75,-0.05,1223.0
2022-02-21,3024,318906.0,4084452.0,12.7,12.9,12.7,12.85,0.1,380.0
2022-02-22,3024,425934.0,5397894.0,12.8,12.8,12.6,12.7,-0.15,895.0
2022-02-23,3024,334657.0,4265611.0,12.8,12.85,12.65,12.7,0.0,1046.0
2022-02-24,3024,707128.0,8896767.0,12.7,12.75,12.45,12.5,-0.2,767.0
2022-02-25,3024,489494.0,6145007.0,12.55,12.75,12.45,12.5,0.0,349.0
2022-03-01,3024,334429.0,4202770.0,12.5,12.65,12.5,12.6,0.1,177.0
2022-03-02,3024,158652.0,2005873.0,12.6,12.7,12.55,12.65,0.05,98.0
2022-03-03,3024,159948.0,2023448.0,12.75,12.75,12.6,12.65,0.0,102.0
2022-03-04,3024,250746.0,3160021.0,12.6,12.75,12.5,12.6,-0.05,148.0
2022-03-07,3024,924301.0,11386915.0,12.5,12.5,12.15,12.3,-0.3,367.0
2022-03-08,3024,680335.0,8229212.0,12.3,12.3,11.9,11.95,-0.35,311.0
2022-03-09,3024,816150.0,9815134.0,12.0,12.2,11.9,12.15,0.2,213.0
2022-03-10,3024,287386.0,3516798.0,12.3,12.35,12.1,12.25,0.1,150.0
2022-03-11,3024,238605.0,2900797.0,12.1,12.2,12.1,12.2,-0.05,88.0
2022-03-14,3024,463679.0,5702485.0,12.2,12.55,12.15,12.55,0.35,188.0
2022-03-15,3024,290740.0,3592436.0,12.5,12.5,12.2,12.2,-0.35,156.0
2022-03-16,3024,274225.0,3340203.0,12.25,12.35,12.1,12.2,0.0,169.0
2022-03-17,3024,201558.0,2495765.0,12.3,12.45,12.3,12.4,0.2,144.0
2022-03-18,3024,299073.0,3707998.0,12.35,12.5,12.3,12.45,0.05,131.0
2022-03-21,3024,324351.0,4026053.0,12.25,12.55,12.25,12.45,0.0,155.0
2022-03-22,3024,242707.0,3019521.0,12.45,12.5,12.35,12.5,0.05,112.0
2022-03-23,3024,402665.0,5109701.0,12.5,12.75,12.5,12.75,0.25,204.0
2022-03-24,3024,204824.0,2579293.0,12.7,12.7,12.55,12.6,-0.15,126.0
2022-03-25,3024,487075.0,6102223.0,12.55,12.7,12.5,12.6,0.0,153.0
2022-03-28,3024,484974.0,6190543.0,12.65,12.95,12.6,12.95,0.35,234.0
2022-03-29,3024,815731.0,10772208.0,12.95,13.4,12.9,13.3,0.35,405.0
2022-03-30,3024,1328100.0,17701111.0,13.35,13.5,13.15,13.35,0.05,509.0
2022-03-31,3024,2074834.0,28058567.0,13.35,13.6,13.35,13.5,0.15,515.0
2022-04-01,3024,397327.0,5323654.0,13.5,13.5,13.15,13.5,0.0,232.0
2022-04-06,3024,329266.0,4369433.0,13.45,13.5,13.2,13.2,-0.3,668.0
2022-04-07,3024,614281.0,7956724.0,13.15,13.2,12.85,12.95,-0.25,503.0
2022-04-08,3024,375417.0,4883249.0,12.85,13.1,12.85,13.05,0.1,274.0
2022-04-11,3024,381013.0,4943796.0,13.1,13.2,12.85,12.85,-0.2,412.0
2022-04-12,3024,2687086.0,36233071.0,13.0,13.85,12.9,13.2,0.35,1169.0
2022-04-13,3024,1066106.0,14054630.0,13.25,13.5,13.05,13.2,0.0,584.0
2022-04-14,3024,395333.0,5200398.0,13.2,13.25,13.05,13.15,-0.05,348.0
2022-04-15,3024,448762.0,5845467.0,13.05,13.1,12.95,13.0,-0.15,298.0
2022-04-18,3024,248311.0,3231451.0,13.0,13.15,12.95,13.0,0.0,348.0
2022-04-19,3024,256285.0,3344913.0,13.15,13.2,13.0,13.05,0.05,330.0
2022-04-20,3024,726761.0,9417454.0,13.05,13.1,12.8,12.95,-0.1,526.0
2022-04-21,3024,597248.0,7887710.0,13.05,13.4,13.0,13.2,0.25,654.0
2022-04-22,3024,913004.0,12095556.0,13.05,13.4,13.05,13.25,0.05,447.0
2022-04-25,3024,853759.0,10993269.0,13.0,13.25,12.7,12.8,-0.45,355.0
2022-04-26,3024,543824.0,6894244.0,12.8,12.9,12.55,12.55,-0.25,232.0
2022-04-27,3024,1068970.0,13008086.0,12.25,12.35,12.1,12.1,-0.45,320.0
2022-04-28,3024,381736.0,4681133.0,12.2,12.4,12.1,12.35,0.25,188.0
2022-04-29,3024,254517.0,3135392.0,12.35,12.5,12.25,12.25,-0.1,165.0
2022-05-03,3024,187518.0,2300277.0,12.2,12.3,12.2,12.3,0.05,108.0
2022-05-04,3024,129647.0,1588883.0,12.4,12.4,12.2,12.25,-0.05,73.0
2022-05-05,3024,225506.0,2769370.0,12.45,12.45,12.2,12.25,0.0,113.0
2022-05-06,3024,414379.0,5002486.0,12.1,12.15,12.0,12.1,-0.15,182.0
2022-05-09,3024,627377.0,7489455.0,12.0,12.1,11.8,11.9,-0.2,231.0
2022-05-10,3024,371935.0,4358479.0,11.8,11.9,11.55,11.75,-0.15,181.0
2022-05-11,3024,300863.0,3600405.0,11.75,12.2,11.75,12.0,0.25,165.0
2022-05-12,3024,326890.0,3857065.0,11.9,12.0,11.7,11.7,-0.3,160.0
2022-05-13,3024,442490.0,5211213.0,11.7,11.9,11.7,11.7,0.0,167.0
2022-05-16,3024,163304.0,1923244.0,11.8,11.9,11.75,11.75,0.05,115.0
2022-05-17,3024,429334.0,5141028.0,11.75,12.1,11.75,11.95,0.2,192.0
2022-05-18,3024,530231.0,6464251.0,11.95,12.35,11.95,12.25,0.3,274.0
2022-05-19,3024,282612.0,3403603.0,12.0,12.2,11.95,12.15,-0.1,127.0
2022-05-20,3024,262213.0,3212212.0,12.15,12.3,12.15,12.3,0.15,119.0
2022-05-23,3024,265297.0,3253333.0,12.35,12.4,12.15,12.25,-0.05,127.0
2022-05-24,3024,3056339.0,39466765.0,12.4,13.2,12.4,12.7,0.45,1503.0
2022-05-25,3024,803628.0,10203973.0,12.8,12.9,12.6,12.6,-0.1,415.0
2022-05-26,3024,630607.0,8038247.0,12.6,13.0,12.4,12.55,-0.05,352.0
2022-05-27,3024,331271.0,4197704.0,12.6,12.9,12.55,12.6,0.05,187.0
2022-05-30,3024,224312.0,2837519.0,12.6,12.7,12.6,12.7,0.1,127.0
2022-05-31,3024,300352.0,3786563.0,12.65,12.7,12.55,12.6,-0.1,157.0
2022-06-01,3024,394850.0,4980913.0,12.6,12.75,12.55,12.55,-0.05,193.0
2022-06-02,3024,211729.0,2650981.0,12.55,12.65,12.45,12.45,-0.1,134.0
2022-06-06,3024,479973.0,6011505.0,12.45,12.7,12.45,12.5,0.05,176.0
2022-06-07,3024,468222.0,5903701.0,12.5,12.75,12.45,12.75,0.25,161.0
2022-06-08,3024,766307.0,9858331.0,12.75,13.1,12.75,12.8,0.05,310.0
2022-06-09,3024,152475.0,1936464.0,12.75,12.8,12.65,12.65,-0.15,115.0
2022-06-10,3024,434984.0,5574588.0,12.55,12.95,12.55,12.75,0.1,165.0
2022-06-13,3024,423980.0,5250065.0,12.45,12.55,12.25,12.3,-0.45,245.0
2022-06-14,3024,478236.0,5877649.0,12.3,12.7,12.1,12.4,0.1,226.0
2022-06-15,3024,175847.0,2176439.0,12.3,12.5,12.3,12.45,0.05,130.0
2022-06-16,3024,197135.0,2430666.0,12.55,12.55,12.2,12.2,-0.25,124.0
2022-06-17,3024,305294.0,3674132.0,12.05,12.1,11.95,12.0,-0.2,174.0
2022-06-20,3024,611812.0,7290452.0,12.05,12.1,11.8,11.8,-0.2,231.0
2022-06-21,3024,382799.0,4553134.0,11.95,11.95,11.85,11.9,0.1,198.0
2022-06-22,3024,674123.0,7976696.0,11.9,12.0,11.75,11.8,-0.1,170.0
2022-06-23,3024,693605.0,8329456.0,11.95,12.2,11.85,12.15,0.35,270.0
2022-06-24,3024,201092.0,2447506.0,12.2,12.3,12.05,12.15,0.0,108.0
2022-06-27,3024,498914.0,6126458.0,12.2,12.4,12.15,12.35,0.2,199.0
2022-06-28,3024,206215.0,2531324.0,12.45,12.45,12.15,12.25,-0.1,94.0
2022-06-29,3024,216006.0,2640020.0,12.05,12.55,12.05,12.2,-0.05,91.0
2022-06-30,3024,520019.0,6244578.0,12.2,12.2,11.95,12.0,-0.2,180.0
2022-07-01,3024,593640.0,6999126.0,12.0,12.0,11.65,11.75,-0.25,252.0
2022-07-04,3024,284584.0,3350622.0,11.75,11.85,11.7,11.75,0.0,110.0
2022-07-05,3024,222107.0,2630573.0,11.9,11.95,11.75,11.95,0.2,97.0
2022-07-06,3024,174321.0,2065916.0,11.85,11.95,11.8,11.85,-0.1,103.0
2022-07-07,3024,243761.0,2898926.0,11.95,12.0,11.75,11.9,0.05,111.0
2022-07-08,3024,223678.0,2693672.0,11.95,12.15,11.95,12.0,0.1,102.0
2022-07-11,3024,192749.0,2293070.0,12.15,12.15,11.8,11.9,-0.1,84.0
2022-07-12,3024,272102.0,3194797.0,11.8,11.95,11.65,11.75,-0.15,143.0
2022-07-13,3024,195413.0,2323257.0,11.9,11.95,11.75,11.9,0.15,102.0
2022-07-14,3024,239429.0,2837480.0,11.8,11.95,11.6,11.9,0.0,115.0
2022-07-15,3024,120044.0,1431618.0,11.95,12.1,11.85,11.95,0.05,69.0
2022-07-18,3024,209986.0,2493099.0,11.95,11.95,11.85,11.85,-0.1,131.0
2022-07-19,3024,174025.0,2063189.0,11.85,11.95,11.85,11.9,0.05,77.0
2022-07-20,3024,387245.0,4634363.0,11.95,12.2,11.85,11.85,-0.05,219.0
2022-07-21,3024,200764.0,2393491.0,12.0,12.0,11.85,11.95,0.1,114.0
2022-07-22,3024,106135.0,1268258.0,11.95,12.1,11.85,11.9,-0.05,70.0
2022-07-25,3024,196005.0,2329550.0,11.9,11.95,11.85,11.9,0.0,88.0
2022-07-26,3024,267046.0,3193894.0,11.9,12.1,11.9,12.0,0.1,111.0
2022-07-27,3024,5585227.0,72629775.0,12.0,13.2,12.0,12.95,0.95,2212.0
2022-07-28,3024,5577043.0,73489034.0,12.95,13.45,12.9,13.0,0.05,2157.0
2022-07-29,3024,1611681.0,20877826.0,13.2,13.25,12.75,12.85,-0.15,735.0
2022-08-01,3024,2800369.0,37488012.0,12.85,13.85,12.85,13.25,0.4,1182.0
2022-08-02,3024,1307989.0,17091446.0,13.25,13.3,12.85,12.9,-0.35,570.0
2022-08-03,3024,956824.0,12428055.0,12.95,13.35,12.8,12.85,-0.05,461.0
2022-08-04,3024,652965.0,8452107.0,13.0,13.15,12.75,12.9,0.05,300.0
2022-08-05,3024,1268172.0,16686543.0,13.2,13.4,12.95,12.95,0.05,443.0
2022-08-08,3024,463269.0,6039893.0,13.0,13.15,12.95,13.05,0.1,199.0
2022-08-09,3024,2302786.0,30830414.0,13.2,13.6,13.0,13.35,0.3,771.0
2022-08-10,3024,1282551.0,17214378.0,13.5,13.7,13.2,13.35,0.0,563.0
2022-08-11,3024,1410297.0,18914206.0,13.55,13.6,13.25,13.3,-0.05,440.0
2022-08-12,3024,977061.0,12963395.0,13.25,13.45,13.1,13.35,0.05,382.0
2022-08-15,3024,619845.0,8304802.0,13.5,13.5,13.3,13.35,0.0,245.0
2022-08-16,3024,658692.0,8755598.0,13.45,13.45,13.2,13.25,-0.1,252.0
2022-08-17,3024,573426.0,7563834.0,13.35,13.35,13.15,13.15,-0.1,259.0
2022-08-18,3024,667552.0,8826402.0,13.2,13.3,13.1,13.2,0.05,242.0
2022-08-19,3024,1975494.0,26821632.0,13.3,13.75,13.3,13.55,0.35,845.0
2022-08-22,3024,3985192.0,55672385.0,13.75,14.2,13.7,13.85,0.3,1696.0
2022-08-23,3024,1200668.0,16516469.0,13.8,13.95,13.65,13.8,-0.05,568.0
2022-08-24,3024,2889094.0,40483077.0,13.85,14.3,13.75,13.8,0.0,1074.0
2022-08-25,3024,1984066.0,27784883.0,13.85,14.2,13.8,14.1,0.3,790.0
2022-08-26,3024,1869114.0,26396055.0,14.15,14.25,14.0,14.05,-0.05,692.0
2022-08-29,3024,1078216.0,14853561.0,13.75,13.85,13.65,13.8,-0.25,441.0
2022-08-30,3024,895356.0,12556456.0,13.85,14.15,13.85,13.95,0.15,388.0
2022-08-31,3024,11418946.0,163966202.0,14.0,14.6,13.8,13.9,-0.05,2324.0
2022-09-01,3024,1872160.0,25592272.0,13.85,13.85,13.5,13.7,-0.2,700.0
2022-09-02,3024,1434339.0,19682662.0,13.75,13.95,13.55,13.6,-0.1,405.0
2022-09-05,3024,1230312.0,17014997.0,13.65,14.0,13.65,13.75,0.15,506.0
2022-09-06,3024,1236372.0,16678844.0,13.85,13.9,13.3,13.45,-0.3,455.0
2022-09-07,3024,526220.0,7077902.0,13.45,13.6,13.3,13.55,0.1,212.0
2022-09-08,3024,907348.0,12513435.0,13.7,13.9,13.6,13.8,0.25,309.0
2022-09-12,3024,1291645.0,18055328.0,14.1,14.1,13.8,14.0,0.2,421.0
2022-09-13,3024,3823115.0,54131087.0,14.1,14.45,13.95,14.0,0.0,1167.0
2022-09-14,3024,3487931.0,49527920.0,13.85,14.4,13.85,14.15,0.15,1137.0
2022-09-15,3024,1951558.0,27949293.0,14.3,14.5,14.15,14.15,0.0,871.0
2022-09-16,3024,1206685.0,16976531.0,14.15,14.25,14.0,14.05,-0.1,413.0
2022-09-19,3024,1212870.0,16828692.0,14.1,14.15,13.75,13.8,-0.25,375.0
2022-09-20,3024,414704.0,5735122.0,13.95,14.0,13.75,13.8,0.0,183.0
2022-09-21,3024,513624.0,7034164.0,13.8,13.8,13.6,13.65,-0.15,223.0
2022-09-22,3024,786348.0,10815345.0,13.6,14.0,13.55,13.95,0.3,269.0
2022-09-23,3024,891438.0,12281305.0,13.9,14.0,13.65,13.75,-0.2,249.0
2022-09-26,3024,1555478.0,20842884.0,13.7,13.7,13.3,13.35,-0.4,413.0
2022-09-27,3024,559358.0,7509741.0,13.6,13.6,13.3,13.6,0.25,224.0
2022-09-28,3024,1014388.0,13380089.0,13.6,13.75,13.0,13.1,-0.5,416.0
2022-09-29,3024,514120.0,6821640.0,13.4,13.4,13.15,13.35,0.25,190.0
2022-09-30,3024,798452.0,10531413.0,13.0,13.4,12.95,13.4,0.05,325.0
2022-10-03,3024,353521.0,4684000.0,13.3,13.4,13.15,13.2,-0.2,152.0
2022-10-04,3024,542446.0,7213730.0,13.45,13.5,13.2,13.3,0.1,189.0
2022-10-05,3024,553055.0,7377826.0,13.45,13.55,13.25,13.25,-0.05,200.0
2022-10-06,3024,387418.0,5118495.0,13.35,13.35,13.15,13.2,-0.05,113.0
2022-10-07,3024,644021.0,8389421.0,13.2,13.2,12.9,13.05,-0.15,239.0
2022-10-11,3024,1574495.0,19629180.0,12.95,12.95,12.3,12.55,-0.5,483.0
2022-10-12,3024,625011.0,7749015.0,12.55,12.7,12.15,12.55,0.0,331.0
2022-10-13,3024,1108772.0,13656058.0,12.4,12.5,12.2,12.25,-0.3,449.0
2022-10-14,3024,789082.0,10008433.0,12.4,12.85,12.4,12.75,0.5,427.0
2022-10-17,3024,355014.0,4461618.0,12.65,12.7,12.45,12.65,-0.1,156.0
2022-10-18,3024,193369.0,2435547.0,12.65,12.7,12.5,12.65,0.0,121.0
2022-10-19,3024,401060.0,5034554.0,12.65,12.8,12.45,12.5,-0.15,153.0
2022-10-20,3024,421415.0,5187408.0,12.35,12.45,12.2,12.45,-0.05,181.0
2022-10-21,3024,390026.0,4816970.0,12.45,12.45,12.25,12.4,-0.05,136.0
2022-10-24,3024,208174.0,2592828.0,12.45,12.65,12.3,12.35,-0.05,135.0
2022-10-25,3024,381239.0,4687148.0,12.45,12.45,12.2,12.25,-0.1,179.0
2022-10-26,3024,507859.0,6338310.0,12.35,12.75,12.25,12.6,0.35,180.0
2022-10-27,3024,645560.0,8194286.0,12.65,12.9,12.6,12.75,0.15,226.0
2022-10-28,3024,293111.0,3728095.0,12.85,12.85,12.6,12.65,-0.1,91.0
2022-10-31,3024,471172.0,5938779.0,12.75,12.8,12.5,12.6,-0.05,148.0
2022-11-01,3024,271203.0,3418707.0,12.55,12.7,12.55,12.55,-0.05,102.0
2022-11-02,3024,153496.0,1923801.0,12.5,12.6,12.5,12.55,0.0,80.0
2022-11-03,3024,383047.0,4778680.0,12.5,12.55,12.4,12.5,-0.05,153.0
2022-11-04,3024,584683.0,7340825.0,12.45,12.75,12.45,12.75,0.25,189.0
2022-11-07,3024,243473.0,3093437.0,12.7,12.8,12.6,12.75,0.0,85.0
2022-11-08,3024,23729809.0,315851788.0,12.75,13.6,12.7,13.5,0.75,2759.0
2022-11-09,3024,3242206.0,42741577.0,13.4,13.4,13.05,13.25,-0.25,1160.0
2022-11-10,3024,1128084.0,14633525.0,13.1,13.15,12.85,12.9,-0.35,434.0
2022-11-11,3024,1572649.0,20291318.0,13.1,13.15,12.75,12.8,-0.1,433.0
2022-11-14,3024,457564.0,5897696.0,12.9,12.95,12.75,12.95,0.15,220.0
2022-11-15,3024,669638.0,8643091.0,12.95,13.05,12.8,13.0,0.05,252.0
2022-11-16,3024,538804.0,6961170.0,13.15,13.15,12.8,12.85,-0.15,210.0
2022-11-17,3024,531342.0,6920847.0,12.85,13.15,12.85,13.1,0.25,224.0
2022-11-18,3024,389217.0,5080600.0,13.1,13.25,12.95,12.95,-0.15,169.0
2022-11-21,3024,1420227.0,18795329.0,13.05,13.35,13.05,13.35,0.4,459.0
2022-11-22,3024,490142.0,6504773.0,13.4,13.4,13.2,13.2,-0.15,237.0
2022-11-23,3024,601584.0,7994409.0,13.35,13.35,13.25,13.3,0.1,185.0
2022-11-24,3024,590890.0,7840231.0,13.3,13.4,13.2,13.35,0.05,247.0
2022-11-25,3024,1318605.0,17782323.0,13.35,13.65,13.35,13.4,0.05,523.0
2022-11-28,3024,1685933.0,22865150.0,13.4,13.75,13.3,13.7,0.3,519.0
2022-11-29,3024,1204974.0,16501740.0,13.65,13.85,13.5,13.7,0.0,461.0
2022-11-30,3024,629176.0,8621846.0,13.75,13.8,13.6,13.65,-0.05,279.0
2022-12-01,3024,651598.0,8872714.0,13.75,13.75,13.55,13.6,-0.05,261.0
2022-12-02,3024,615382.0,8385771.0,13.6,13.75,13.55,13.55,-0.05,242.0
2022-12-05,3024,480092.0,6520088.0,13.5,13.65,13.5,13.55,0.0,182.0
2022-12-06,3024,619566.0,8402689.0,13.6,13.65,13.45,13.45,-0.1,200.0
2022-12-07,3024,2749037.0,37850902.0,13.5,14.05,13.45,13.7,0.25,767.0
2022-12-08,3024,1330120.0,18271892.0,13.7,13.9,13.6,13.85,0.15,521.0
2022-12-09,3024,874182.0,11992340.0,13.8,13.85,13.65,13.7,-0.15,278.0
2022-12-12,3024,735324.0,9940741.0,13.7,13.7,13.45,13.45,-0.25,235.0
2022-12-13,3024,873453.0,11651135.0,13.45,13.55,13.3,13.3,-0.15,266.0
2022-12-14,3024,492604.0,6635249.0,13.4,13.55,13.25,13.5,0.2,169.0
2022-12-15,3024,438797.0,5991537.0,13.55,13.75,13.5,13.65,0.15,180.0
2022-12-16,3024,826062.0,11245988.0,13.65,13.7,13.55,13.65,0.0,180.0
2022-12-19,3024,481097.0,6540701.0,13.6,13.75,13.55,13.55,-0.1,163.0
2022-12-20,3024,859741.0,11465332.0,13.6,13.6,13.2,13.25,-0.3,283.0
2022-12-21,3024,334715.0,4464605.0,13.35,13.4,13.3,13.3,0.05,121.0
2022-12-22,3024,276152.0,3695944.0,13.45,13.5,13.3,13.3,0.0,104.0
2022-12-23,3024,403536.0,5371746.0,13.3,13.35,13.3,13.3,0.0,99.0
2022-12-26,3024,539106.0,7165657.0,13.35,13.35,13.25,13.3,0.0,139.0
2022-12-27,3024,328015.0,4378397.0,13.3,13.45,13.3,13.4,0.1,97.0
2022-12-28,3024,329399.0,4363264.0,13.3,13.3,13.2,13.25,-0.15,156.0
2022-12-29,3024,562229.0,7480571.0,13.25,13.5,13.15,13.4,0.15,181.0
2022-12-30,3024,271468.0,3645627.0,13.45,13.55,13.4,13.4,0.0,115.0
2023-01-03,3024,273273.0,3636922.0,13.4,13.4,13.25,13.3,-0.1,99.0
2023-01-04,3024,675665.0,9021557.0,13.4,13.45,13.3,13.4,0.1,155.0
2023-01-05,3024,469221.0,6353386.0,13.5,13.7,13.35,13.45,0.05,175.0
2023-01-06,3024,246260.0,3303030.0,13.45,13.55,13.35,13.45,0.0,93.0
2023-01-09,3024,238112.0,3201844.0,13.45,13.55,13.35,13.55,0.1,116.0
2023-01-10,3024,216973.0,2927183.0,13.6,13.6,13.4,13.55,0.0,89.0
2023-01-11,3024,413372.0,5538727.0,13.5,13.5,13.35,13.4,-0.15,140.0
2023-01-12,3024,743180.0,9929103.0,13.4,13.45,13.3,13.3,-0.1,146.0
2023-01-13,3024,444271.0,5882050.0,13.3,13.35,13.2,13.2,-0.1,182.0
2023-01-16,3024,589085.0,7716254.0,13.2,13.2,13.0,13.1,-0.1,223.0
2023-01-17,3024,249706.0,3260460.0,13.1,13.1,13.0,13.0,-0.1,146.0
2023-01-30,3024,399098.0,5283748.0,13.1,13.45,13.05,13.3,0.3,160.0
2023-01-31,3024,237198.0,3151320.0,13.3,13.4,13.2,13.25,-0.05,118.0
2023-02-01,3024,268024.0,3537514.0,13.25,13.35,13.15,13.2,-0.05,148.0
2023-02-02,3024,879347.0,11612476.0,13.25,13.35,13.1,13.15,-0.05,321.0
2023-02-03,3024,560100.0,7402825.0,13.2,13.3,13.15,13.2,0.05,216.0
2023-02-06,3024,178391.0,2345084.0,13.2,13.2,13.1,13.15,-0.05,140.0
2023-02-07,3024,346078.0,4548088.0,13.15,13.2,13.05,13.2,0.05,179.0
2023-02-08,3024,370547.0,4866911.0,13.2,13.25,13.05,13.15,-0.05,184.0
2023-02-09,3024,650180.0,8497509.0,13.1,13.2,13.0,13.1,-0.05,232.0
2023-02-10,3024,225520.0,2957368.0,13.15,13.25,13.05,13.1,0.0,132.0
2023-02-13,3024,529777.0,6988111.0,13.25,13.3,13.1,13.3,0.2,277.0
2023-02-14,3024,2759976.0,37706353.0,13.35,13.75,13.35,13.7,0.4,884.0
2023-02-15,3024,960507.0,13148682.0,13.7,13.85,13.5,13.6,-0.1,483.0
2023-02-16,3024,691930.0,9437986.0,13.6,13.7,13.6,13.65,0.05,287.0
2023-02-17,3024,3962409.0,55836922.0,13.65,14.35,13.65,14.15,0.5,1361.0
2023-02-20,3024,1557761.0,22013244.0,14.15,14.35,14.0,14.05,-0.1,815.0
2023-02-21,3024,1005800.0,14090632.0,14.05,14.15,13.95,14.0,-0.05,433.0
2023-02-22,3024,1017319.0,14215862.0,13.95,14.05,13.85,13.95,-0.05,427.0
2023-02-23,3024,956134.0,13380898.0,14.05,14.1,13.95,13.95,0.0,449.0
2023-02-24,3024,1665184.0,22996551.0,13.95,13.95,13.65,13.85,-0.1,555.0
2023-03-01,3024,940314.0,13122276.0,13.9,14.15,13.85,13.85,0.0,426.0
2023-03-02,3024,412199.0,5748124.0,14.0,14.1,13.9,13.95,0.1,232.0
2023-03-03,3024,3115405.0,44390380.0,14.05,14.5,14.0,14.3,0.35,957.0
2023-03-06,3024,1426895.0,20435293.0,14.45,14.5,14.2,14.2,-0.1,560.0
2023-03-07,3024,888657.0,12712703.0,14.3,14.35,14.2,14.35,0.15,385.0
2023-03-08,3024,736961.0,10512044.0,14.35,14.4,14.15,14.3,-0.05,335.0
2023-03-09,3024,937707.0,13363561.0,14.4,14.4,14.1,14.2,-0.1,371.0
2023-03-10,3024,3566721.0,51816967.0,14.1,14.8,14.1,14.4,0.2,1388.0
2023-03-13,3024,5813991.0,86031771.0,14.5,15.1,14.15,14.95,0.55,2088.0
2023-03-14,3024,1840272.0,26975219.0,14.8,14.9,14.55,14.6,-0.35,906.0
2023-03-15,3024,1838503.0,26813810.0,14.6,14.75,14.35,14.65,0.05,707.0
2023-03-16,3024,2508211.0,35946092.0,14.65,14.85,14.0,14.2,-0.45,1160.0
2023-03-17,3024,1261293.0,18087605.0,14.3,14.6,14.15,14.35,0.15,584.0
2023-03-20,3024,1298205.0,18886635.0,14.4,14.75,14.3,14.5,0.15,530.0
2023-03-21,3024,1551436.0,22777713.0,14.6,14.8,14.55,14.7,0.2,602.0
2023-03-22,3024,1332785.0,19702755.0,14.9,14.95,14.7,14.8,0.1,547.0
2023-03-23,3024,3394535.0,50738980.0,14.8,15.1,14.75,14.95,0.15,1021.0
2023-03-24,3024,2348259.0,35421366.0,15.05,15.2,14.95,15.05,0.1,927.0
2023-03-27,3024,2047920.0,30501840.0,15.05,15.15,14.65,14.75,-0.3,857.0
2023-03-28,3024,2752642.0,40708627.0,14.85,15.1,14.5,14.95,0.2,1073.0
2023-03-29,3024,2071350.0,31056926.0,15.0,15.25,14.7,14.8,-0.15,834.0
2023-03-30,3024,816095.0,12023601.0,14.8,14.9,14.65,14.7,-0.1,418.0
2023-03-31,3024,1342190.0,19841610.0,14.7,14.95,14.65,14.9,0.2,476.0
2023-04-06,3024,644703.0,9617888.0,14.9,15.0,14.8,14.9,0.0,401.0
2023-04-07,3024,731360.0,10816334.0,14.9,14.95,14.7,14.75,-0.15,382.0
2023-04-10,3024,895570.0,13294074.0,14.8,14.95,14.7,14.85,0.1,393.0
2023-04-11,3024,1227964.0,18396115.0,14.8,15.1,14.8,14.9,0.05,513.0
2023-04-12,3024,821925.0,12303938.0,15.05,15.1,14.9,14.9,0.0,378.0
2023-04-13,3024,574722.0,8532858.0,14.95,15.0,14.8,14.8,-0.1,306.0
2023-04-14,3024,1137862.0,16760973.0,14.85,14.9,14.65,14.7,-0.1,518.0
2023-04-17,3024,675203.0,9943997.0,14.7,14.85,14.65,14.75,0.05,392.0
2023-04-18,3024,702815.0,10441623.0,14.8,14.9,14.75,14.9,0.15,366.0
2023-04-19,3024,3158680.0,47999832.0,14.95,15.5,14.95,15.15,0.25,1162.0
2023-04-20,3024,1339026.0,19937062.0,15.25,15.25,14.75,14.8,-0.35,581.0
2023-04-21,3024,2102341.0,30663863.0,14.8,14.9,14.4,14.4,-0.4,783.0
2023-04-24,3024,539974.0,7870030.0,14.4,14.7,14.4,14.6,0.2,396.0
2023-04-25,3024,1242307.0,18077281.0,14.65,14.65,14.4,14.55,-0.05,545.0
2023-04-26,3024,492839.0,7193298.0,14.5,14.7,14.45,14.7,0.15,234.0
2023-04-27,3024,314561.0,4618981.0,14.75,14.75,14.6,14.7,0.0,152.0
2023-04-28,3024,693493.0,10301536.0,14.75,14.95,14.7,14.95,0.25,290.0
2023-05-02,3024,539791.0,8024591.0,14.9,14.95,14.8,14.85,-0.1,268.0
2023-05-03,3024,387537.0,5747280.0,14.85,14.9,14.8,14.8,-0.05,174.0
2023-05-04,3024,1768742.0,26618750.0,14.8,15.2,14.75,15.1,0.3,604.0
2023-05-05,3024,1526935.0,23126959.0,15.2,15.3,15.0,15.1,0.0,468.0
2023-05-08,3024,575092.0,8653625.0,15.1,15.15,14.95,15.05,-0.05,299.0
2023-05-09,3024,958844.0,14203380.0,15.1,15.1,14.7,14.75,-0.3,382.0
2023-05-10,3024,304720.0,4485249.0,14.75,14.8,14.65,14.8,0.05,177.0
2023-05-11,3024,3859479.0,54023201.0,14.55,14.55,13.65,13.85,-0.95,1256.0
2023-05-12,3024,703772.0,9714866.0,13.8,13.95,13.7,13.9,0.05,262.0
2023-05-15,3024,624218.0,8585454.0,13.75,13.85,13.7,13.8,-0.1,254.0
2023-05-16,3024,504006.0,6984839.0,13.85,13.95,13.75,13.95,0.15,212.0
2023-05-17,3024,562547.0,7855569.0,13.95,14.1,13.85,14.05,0.1,249.0
2023-05-18,3024,356665.0,5027270.0,14.05,14.2,13.9,14.1,0.05,191.0
2023-05-19,3024,642169.0,9133138.0,14.1,14.35,14.1,14.1,0.0,216.0
2023-05-22,3024,6227501.0,94464599.0,14.1,15.5,14.1,15.45,1.35,1525.0
2023-05-23,3024,3537638.0,54259456.0,15.45,15.45,15.1,15.3,-0.15,1091.0
2023-05-24,3024,2002012.0,30545083.0,15.3,15.65,15.05,15.05,-0.25,593.0
2023-05-25,3024,1077170.0,16016515.0,15.15,15.15,14.75,14.8,-0.25,377.0
2023-05-26,3024,904796.0,13437918.0,15.0,15.15,14.7,14.8,0.0,294.0
2023-05-29,3024,666237.0,9874390.0,14.95,14.95,14.7,14.9,0.1,299.0
2023-05-30,3024,727566.0,10909397.0,14.9,15.25,14.85,14.9,0.0,312.0
2023-05-31,3024,338059.0,5057784.0,14.9,15.0,14.9,15.0,0.1,182.0
2023-06-01,3024,924720.0,13893629.0,15.0,15.1,14.95,15.0,0.0,352.0
2023-06-02,3024,896532.0,13400962.0,15.1,15.1,14.85,14.85,-0.15,341.0
2023-06-05,3024,497749.0,7429259.0,15.0,15.0,14.9,14.95,0.1,249.0
2023-06-06,3024,1929037.0,29170630.0,14.95,15.3,14.9,15.2,0.25,688.0
2023-06-07,3024,2170483.0,33416488.0,15.3,15.6,15.2,15.2,0.0,766.0
2023-06-08,3024,2109723.0,32410457.0,15.35,15.5,15.2,15.25,0.05,638.0
2023-06-09,3024,1618674.0,24881330.0,15.35,15.5,15.15,15.4,0.15,538.0
2023-06-12,3024,1601474.0,24736938.0,15.55,15.65,15.3,15.35,-0.05,581.0
2023-06-13,3024,2205168.0,33930764.0,15.45,15.55,15.3,15.3,-0.05,644.0
2023-06-14,3024,1314779.0,20086115.0,15.35,15.4,15.2,15.35,0.05,443.0
2023-06-15,3024,2710277.0,41758466.0,15.4,15.55,15.3,15.35,0.0,908.0
2023-06-16,3024,13472926.0,220895046.0,15.45,16.85,15.45,16.15,0.8,4517.0
2023-06-19,3024,5034056.0,80849611.0,16.45,16.45,15.75,15.8,-0.35,1741.0
2023-06-20,3024,3788182.0,58215056.0,15.75,15.75,15.15,15.2,-0.6,1423.0
2023-06-21,3024,4054170.0,64332971.0,15.2,16.3,15.2,16.05,0.85,1461.0
2023-06-26,3024,3403903.0,55004784.0,16.0,16.4,15.9,16.05,0.0,1068.0
2023-06-27,3024,1974475.0,30960788.0,15.9,16.05,15.5,15.6,-0.45,751.0
2023-06-28,3024,1194064.0,18624787.0,15.7,15.8,15.45,15.55,-0.05,442.0
2023-06-29,3024,909513.0,14116516.0,15.7,15.75,15.35,15.55,0.0,333.0
2023-06-30,3024,739486.0,11447809.0,15.6,15.6,15.35,15.45,-0.1,325.0
2023-07-03,3024,1211831.0,18843672.0,15.55,15.65,15.45,15.5,0.05,382.0
2023-07-04,3024,1072153.0,16562455.0,15.55,15.55,15.4,15.4,-0.1,359.0
2023-07-05,3024,1149792.0,17771941.0,15.45,15.6,15.35,15.35,-0.05,367.0
2023-07-06,3024,1400671.0,21368019.0,15.35,15.5,15.1,15.2,-0.15,464.0
2023-07-07,3024,1984648.0,29555626.0,15.15,15.15,14.75,14.85,-0.35,629.0
2023-07-10,3024,4511322.0,70649210.0,14.9,16.05,14.8,15.6,0.75,1474.0
2023-07-11,3024,5747927.0,92540801.0,15.6,16.4,15.6,15.9,0.3,2070.0
2023-07-12,3024,2268104.0,36479938.0,16.0,16.4,15.8,15.85,-0.05,945.0
2023-07-13,3024,3357919.0,54454669.0,15.85,16.3,15.85,16.15,0.3,913.0
2023-07-14,3024,3330492.0,54390746.0,16.35,16.6,16.0,16.2,0.05,984.0
2023-07-17,3024,5946187.0,99252996.0,16.25,17.0,16.25,16.55,0.35,1695.0
2023-07-18,3024,3544557.0,58231520.0,16.75,16.95,16.15,16.15,-0.4,1099.0
2023-07-19,3024,3533541.0,57638974.0,16.25,16.6,16.05,16.2,0.0,1007.0
2023-07-20,3024,4876381.0,81290020.0,16.3,16.95,16.3,16.75,0.55,1458.0
2023-07-21,3024,14479751.0,256283597.0,16.6,18.3,16.6,17.65,0.9,5189.0
2023-07-24,3024,5639159.0,98044205.0,17.9,17.9,17.0,17.3,-0.35,2212.0
2023-07-25,3024,11935948.0,215168694.0,17.55,18.3,17.5,18.15,0.85,4315.0
2023-07-26,3024,6025243.0,107032692.0,18.2,18.3,17.5,17.6,-0.55,2455.0
2023-07-27,3024,4310784.0,77189951.0,17.8,18.2,17.3,18.0,0.4,1724.0
2023-07-28,3024,2824036.0,50992478.0,17.75,18.3,17.75,18.1,0.1,1179.0
2023-07-31,3024,3405519.0,61725482.0,18.5,18.5,17.9,18.0,-0.1,1247.0
2023-08-01,3024,5334851.0,98082206.0,18.35,18.7,18.05,18.35,0.35,1762.0
2023-08-02,3024,4489614.0,82433133.0,18.3,18.7,18.1,18.15,-0.2,1707.0
2023-08-04,3024,4325940.0,79981208.0,18.3,18.75,17.9,18.7,0.55,1766.0
2023-08-07,3024,4059853.0,74520599.0,18.9,18.95,18.0,18.45,-0.25,1502.0
2023-08-08,3024,2329110.0,42418276.0,18.45,18.55,18.05,18.15,-0.3,1040.0
2023-08-09,3024,4047974.0,72528169.0,18.2,18.3,17.7,17.8,-0.35,1362.0
2023-08-10,3024,2459515.0,43530772.0,18.05,18.05,17.5,17.6,-0.2,922.0
2023-08-11,3024,4557439.0,77874056.0,17.35,17.5,16.7,17.1,-0.5,1636.0
2023-08-14,3024,3087810.0,51043217.0,16.9,16.9,16.3,16.45,-0.65,1174.0
2023-08-15,3024,2611125.0,43485709.0,16.55,16.9,16.45,16.5,0.05,1027.0
2023-08-16,3024,1210639.0,20039910.0,16.5,16.75,16.3,16.6,0.1,542.0
2023-08-17,3024,1202035.0,20150093.0,16.6,16.95,16.4,16.9,0.3,551.0
2023-08-18,3024,2118860.0,36062268.0,17.0,17.4,16.75,16.8,-0.1,960.0
2023-08-21,3024,1554369.0,25947710.0,17.15,17.15,16.45,16.45,-0.35,602.0
2023-08-22,3024,1503978.0,24682088.0,16.65,16.65,16.3,16.35,-0.1,512.0
2023-08-23,3024,654963.0,10907244.0,16.55,16.75,16.5,16.7,0.35,319.0
2023-08-24,3024,1155573.0,19387222.0,16.75,17.15,16.45,16.5,-0.2,616.0
2023-08-25,3024,1016052.0,16711340.0,16.5,16.55,16.3,16.4,-0.1,452.0
2023-08-28,3024,1370151.0,22565178.0,16.5,16.65,16.35,16.4,0.0,484.0
2023-08-29,3024,965637.0,16153743.0,16.6,17.0,16.5,16.6,0.2,426.0
2023-08-30,3024,778856.0,13132891.0,16.85,17.05,16.75,16.8,0.2,360.0
2023-08-31,3024,684155.0,11502611.0,16.9,17.0,16.7,16.9,0.1,356.0
2023-09-01,3024,1847174.0,31905119.0,17.0,17.5,16.95,17.15,0.25,760.0
2023-09-04,3024,997147.0,17006719.0,17.45,17.45,16.9,16.9,-0.25,542.0
2023-09-05,3024,532092.0,9027675.0,16.85,17.15,16.8,16.95,0.05,287.0
2023-09-06,3024,1484123.0,24830580.0,17.05,17.05,16.55,16.55,-0.4,679.0
2023-09-07,3024,972316.0,16046221.0,16.55,16.65,16.4,16.5,-0.05,401.0
2023-09-08,3024,461504.0,7647599.0,16.5,16.75,16.45,16.5,0.0,220.0
2023-09-11,3024,2636597.0,43006728.0,16.25,16.6,16.2,16.2,-0.3,646.0
2023-09-12,3024,877191.0,14406596.0,16.25,16.6,16.25,16.45,0.25,288.0
2023-09-13,3024,448996.0,7414013.0,16.45,16.65,16.4,16.5,0.05,237.0
2023-09-14,3024,439508.0,7295222.0,16.5,16.7,16.45,16.65,0.15,216.0
2023-09-15,3024,808648.0,13358881.0,16.65,16.65,16.45,16.45,-0.2,269.0
2023-09-18,3024,1359590.0,22480727.0,16.45,16.65,16.45,16.55,0.1,307.0
2023-09-19,3024,502955.0,8369085.0,16.5,16.75,16.5,16.55,0.0,237.0
2023-09-20,3024,3929721.0,63299354.0,16.5,16.5,15.75,16.0,-0.55,1151.0
2023-09-21,3024,1356042.0,21138337.0,16.0,16.0,15.4,15.5,-0.5,574.0
2023-09-22,3024,1309123.0,20140471.0,15.5,15.5,15.2,15.3,-0.2,450.0
2023-09-25,3024,488741.0,7595196.0,15.55,15.65,15.35,15.45,0.15,209.0
2023-09-26,3024,637465.0,9699405.0,15.5,15.5,15.15,15.2,-0.25,263.0
2023-09-27,3024,455557.0,6918902.0,15.2,15.3,15.05,15.3,0.1,198.0
2023-09-28,3024,996500.0,15459518.0,15.25,15.75,15.25,15.45,0.15,311.0
2023-10-02,3024,782884.0,12216905.0,15.45,15.75,15.45,15.7,0.25,290.0
2023-10-03,3024,864693.0,13619208.0,15.65,15.9,15.6,15.75,0.05,288.0
2023-10-04,3024,763052.0,11733977.0,15.55,15.55,15.3,15.45,-0.3,299.0
2023-10-05,3024,250063.0,3887428.0,15.4,15.6,15.4,15.5,0.05,122.0
2023-10-06,3024,308194.0,4777865.0,15.45,15.6,15.4,15.5,0.0,183.0
2023-10-11,3024,1001581.0,15341074.0,15.6,15.7,15.15,15.2,-0.3,518.0
2023-10-12,3024,921512.0,14144613.0,15.25,15.55,15.25,15.55,0.35,390.0
2023-10-13,3024,332144.0,5151968.0,15.5,15.7,15.4,15.4,-0.15,191.0
2023-10-16,3024,735645.0,11141644.0,15.45,15.45,15.0,15.05,-0.35,343.0
2023-10-17,3024,703324.0,10647990.0,15.3,15.3,15.0,15.15,0.1,210.0
2023-10-18,3024,939222.0,14021437.0,15.2,15.2,14.8,14.85,-0.3,362.0
2023-10-19,3024,704641.0,10435425.0,14.85,14.95,14.7,14.9,0.05,286.0
2023-10-20,3024,643174.0,9545878.0,14.9,14.95,14.75,14.9,0.0,255.0
2023-10-23,3024,1204259.0,18320137.0,15.1,15.45,14.95,15.25,0.35,438.0
2023-10-24,3024,2196054.0,34454778.0,15.4,15.9,15.25,15.9,0.65,807.0
2023-10-25,3024,1225078.0,19240227.0,15.9,15.9,15.55,15.55,-0.35,496.0
2023-10-26,3024,978627.0,15180503.0,15.35,15.75,15.3,15.75,0.2,457.0
2023-10-27,3024,1244101.0,19396871.0,15.85,15.85,15.45,15.55,-0.2,415.0
2023-10-30,3024,538381.0,8360133.0,15.7,15.7,15.3,15.7,0.15,305.0
2023-10-31,3024,1184256.0,18757149.0,15.95,16.05,15.65,15.7,0.0,503.0
2023-11-01,3024,341746.0,5359806.0,15.7,15.8,15.6,15.65,-0.05,138.0
2023-11-02,3024,930650.0,14665993.0,15.65,15.9,15.6,15.8,0.15,335.0
2023-11-03,3024,955947.0,15071964.0,15.8,15.95,15.65,15.7,-0.1,384.0
2023-11-06,3024,1693132.0,27256963.0,15.85,16.3,15.85,16.2,0.5,646.0
2023-11-07,3024,2520523.0,41471218.0,16.3,16.7,16.2,16.65,0.45,982.0
2023-11-08,3024,1937019.0,32427606.0,16.75,16.9,16.6,16.8,0.15,732.0
2023-11-09,3024,1049408.0,17592585.0,16.8,16.95,16.6,16.8,0.0,508.0
2023-11-10,3024,686709.0,11438214.0,16.8,16.9,16.45,16.65,-0.15,346.0
2023-11-13,3024,1104351.0,18323491.0,16.85,16.85,16.45,16.45,-0.2,415.0
2023-11-14,3024,1277402.0,20902765.0,16.45,16.55,16.25,16.5,0.05,514.0
2023-11-15,3024,885888.0,14793876.0,16.65,16.8,16.55,16.65,0.15,404.0
2023-11-16,3024,394025.0,6562256.0,16.7,16.75,16.55,16.65,0.0,194.0
2023-11-17,3024,1209759.0,20040461.0,16.65,16.85,16.35,16.6,-0.05,488.0
2023-11-20,3024,1832376.0,31222508.0,16.55,17.3,16.55,17.05,0.45,823.0
2023-11-21,3024,1879062.0,32543073.0,17.25,17.5,17.1,17.4,0.35,767.0
2023-11-22,3024,2032359.0,35598596.0,17.5,17.65,17.4,17.45,0.05,853.0
2023-11-23,3024,1660430.0,28799070.0,17.5,17.65,17.0,17.45,0.0,751.0
2023-11-24,3024,1445896.0,25330756.0,17.6,17.75,17.35,17.5,0.05,545.0
2023-11-27,3024,1964118.0,34800624.0,17.75,17.8,17.55,17.75,0.25,790.0
2023-11-28,3024,3033997.0,54602031.0,17.8,18.15,17.8,18.0,0.25,1127.0
2023-11-29,3024,1280872.0,23018079.0,18.05,18.1,17.85,17.9,-0.1,743.0
2023-11-30,3024,1817326.0,32117466.0,17.95,17.95,17.5,17.65,-0.25,788.0
2023-12-01,3024,1188585.0,21269696.0,17.75,18.0,17.6,18.0,0.35,459.0
2023-12-04,3024,1066212.0,19104882.0,18.0,18.0,17.85,17.95,-0.05,460.0
2023-12-05,3024,1636258.0,29480691.0,18.0,18.25,17.9,17.9,-0.05,628.0
2023-12-06,3024,1313944.0,23682361.0,18.0,18.2,17.9,18.1,0.2,543.0
2023-12-07,3024,1206242.0,21588545.0,18.1,18.1,17.75,17.85,-0.25,575.0
2023-12-08,3024,1238447.0,21817646.0,17.9,17.9,17.55,17.55,-0.3,560.0
2023-12-11,3024,1233973.0,21559173.0,17.45,17.6,17.3,17.5,-0.05,472.0
2023-12-12,3024,1344001.0,23346160.0,17.5,17.65,17.2,17.25,-0.25,599.0
2023-12-13,3024,4462038.0,75612218.0,17.25,17.35,16.75,16.85,-0.4,1210.0
2023-12-14,3024,1317562.0,22748082.0,16.95,17.4,16.95,17.15,0.3,714.0
2023-12-15,3024,860857.0,14924672.0,17.3,17.45,17.1,17.45,0.3,486.0
2023-12-18,3024,1065585.0,18299336.0,17.4,17.4,17.0,17.0,-0.45,504.0
2023-12-19,3024,1694448.0,28484088.0,17.0,17.0,16.7,16.85,-0.15,607.0
2023-12-20,3024,961757.0,16334327.0,16.85,17.1,16.85,17.0,0.15,377.0
2023-12-21,3024,1073395.0,18130127.0,16.9,17.0,16.8,16.9,-0.1,373.0
2023-12-22,3024,519756.0,8786684.0,16.9,17.0,16.8,16.9,0.0,219.0
2023-12-25,3024,8860029.0,160746269.0,17.15,18.5,17.1,18.35,1.45,3459.0
2023-12-26,3024,6778252.0,123926003.0,18.3,18.5,17.95,18.5,0.15,2377.0
2023-12-27,3024,6606946.0,123333816.0,18.55,19.0,18.25,18.7,0.2,2518.0
2023-12-28,3024,12506185.0,244631421.0,18.85,20.0,18.65,19.7,1.0,4788.0
2023-12-29,3024,13642655.0,257181816.0,19.7,19.95,18.0,18.8,-0.9,5340.0
2024-01-02,3024,3689639.0,67765267.0,18.8,18.8,18.2,18.4,-0.4,1383.0
2024-01-03,3024,2569968.0,47353016.0,18.35,18.8,18.2,18.3,-0.1,1189.0
2024-01-04,3024,2193200.0,40020787.0,18.3,18.4,18.1,18.3,0.0,775.0
2024-01-05,3024,1162741.0,21484823.0,18.5,18.6,18.3,18.5,0.2,463.0
2024-01-08,3024,1828894.0,34274964.0,18.65,18.85,18.6,18.75,0.25,812.0
2024-01-09,3024,1858319.0,34559752.0,18.85,18.9,18.4,18.45,-0.3,679.0
2024-01-10,3024,1425482.0,25957340.0,18.35,18.5,18.1,18.15,-0.3,674.0
2024-01-11,3024,1597720.0,29449394.0,18.45,18.6,18.2,18.3,0.15,914.0
2024-01-12,3024,1303461.0,23623171.0,18.3,18.3,18.0,18.05,-0.25,618.0
2024-01-15,3024,582096.0,10649899.0,18.25,18.35,18.2,18.25,0.2,320.0
2024-01-16,3024,2253462.0,40498124.0,18.2,18.25,17.7,17.85,-0.4,910.0
2024-01-17,3024,2047950.0,36116337.0,17.8,17.85,17.4,17.65,-0.2,900.0
2024-01-18,3024,988618.0,17381847.0,17.6,17.75,17.45,17.6,-0.05,529.0
2024-01-19,3024,929748.0,16552209.0,17.65,17.95,17.6,17.7,0.1,449.0
2024-01-22,3024,938611.0,16802067.0,17.9,18.1,17.75,17.8,0.1,442.0
2024-01-23,3024,683154.0,12305130.0,18.05,18.1,17.9,18.0,0.2,364.0
2024-01-24,3024,462793.0,8374409.0,18.1,18.15,17.95,18.05,0.05,275.0
2024-01-25,3024,904149.0,16147474.0,18.2,18.2,17.75,17.75,-0.3,531.0
2024-01-26,3024,4049648.0,75466677.0,17.7,19.1,17.7,18.7,0.95,1765.0
2024-01-29,3024,1473291.0,27221856.0,18.55,18.85,18.25,18.3,-0.4,945.0
2024-01-30,3024,1289095.0,23656487.0,18.45,18.65,18.15,18.2,-0.1,632.0
2024-01-31,3024,1702315.0,30901705.0,18.2,18.4,18.0,18.1,-0.1,663.0
2024-02-01,3024,951080.0,17358870.0,18.2,18.55,18.05,18.05,-0.05,443.0
2024-02-02,3024,1328283.0,23844941.0,18.15,18.15,17.8,18.05,0.0,577.0
2024-02-05,3024,987285.0,17822408.0,18.0,18.25,17.9,18.15,0.1,446.0
2024-02-15,3024,1866370.0,34471238.0,18.15,18.75,18.15,18.45,0.3,766.0
2024-02-16,3024,1844530.0,33432600.0,18.2,18.45,18.0,18.1,-0.35,1076.0
2024-02-19,3024,3339001.0,62266075.0,18.3,18.75,18.25,18.7,0.6,1295.0
2024-02-20,3024,2392254.0,44812510.0,18.9,19.0,18.5,18.8,0.1,894.0
2024-02-21,3024,2706366.0,50666126.0,18.85,18.95,18.5,18.75,-0.05,887.0
2024-02-22,3024,1456567.0,27307512.0,18.7,18.9,18.6,18.6,-0.15,724.0
2024-02-23,3024,1468835.0,27173197.0,18.6,18.7,18.3,18.35,-0.25,799.0
2024-02-26,3024,1431308.0,26065960.0,18.3,18.4,18.05,18.25,-0.1,669.0
2024-02-27,3024,2281808.0,41121159.0,18.2,18.35,17.95,17.95,-0.3,811.0
2024-02-29,3024,2096012.0,37487889.0,18.0,18.15,17.75,17.85,-0.1,729.0
2024-03-01,3024,781683.0,13978646.0,17.8,18.0,17.8,17.8,-0.05,457.0
2024-03-04,3024,1714760.0,30674140.0,17.95,18.15,17.7,17.85,0.05,572.0
2024-03-05,3024,824117.0,14676103.0,17.85,17.9,17.75,17.9,0.05,437.0
2024-03-06,3024,1837373.0,33463417.0,17.9,18.4,17.85,18.25,0.35,745.0
2024-03-07,3024,1866097.0,33424616.0,18.25,18.3,17.65,17.75,-0.5,991.0
2024-03-08,3024,3053275.0,53367518.0,17.7,17.75,17.3,17.5,-0.25,1133.0
2024-03-11,3024,582933.0,10309995.0,17.6,17.8,17.5,17.8,0.3,344.0
2024-03-12,3024,1164765.0,21020604.0,17.9,18.2,17.9,18.05,0.25,493.0
2024-03-13,3024,1258887.0,22268608.0,18.05,18.05,17.5,17.55,-0.5,564.0
2024-03-14,3024,641127.0,11332746.0,17.55,17.85,17.55,17.6,0.05,388.0
2024-03-15,3024,1136791.0,20075316.0,17.6,17.8,17.6,17.7,0.1,426.0
2024-03-18,3024,1026881.0,18009506.0,17.6,17.75,17.4,17.4,-0.3,588.0
2024-03-19,3024,1267558.0,21907930.0,17.4,17.45,17.2,17.2,-0.2,526.0
2024-03-20,3024,1198701.0,20626583.0,17.2,17.3,17.1,17.1,-0.1,458.0
2024-03-21,3024,2396940.0,40859121.0,17.15,17.25,16.9,17.0,-0.1,664.0
2024-03-22,3024,887558.0,15163347.0,17.0,17.25,17.0,17.15,0.15,456.0
2024-03-25,3024,2417847.0,40908283.0,17.15,17.25,16.8,16.85,-0.3,857.0
2024-03-26,3024,2054858.0,35370023.0,16.95,17.45,16.85,17.25,0.4,813.0
2024-03-27,3024,1489514.0,25873490.0,17.25,17.5,17.2,17.45,0.2,554.0
2024-03-28,3024,1532553.0,26871622.0,17.45,17.95,17.3,17.45,0.0,530.0
2024-03-29,3024,1774765.0,30534866.0,17.6,17.6,17.0,17.1,-0.35,610.0
2024-04-01,3024,1640047.0,28481485.0,17.25,17.55,17.2,17.3,0.2,720.0
2024-04-02,3024,2721132.0,47569400.0,17.4,17.85,17.2,17.6,0.3,1033.0
2024-04-03,3024,1311058.0,23043082.0,17.65,17.75,17.45,17.5,-0.1,652.0
2024-04-08,3024,1517430.0,26558934.0,17.55,17.65,17.35,17.5,0.0,769.0
2024-04-09,3024,4097841.0,74133404.0,17.7,18.45,17.5,18.2,0.7,1433.0
2024-04-10,3024,2073406.0,37965095.0,18.1,18.45,18.1,18.25,0.05,1059.0
2024-04-11,3024,2043429.0,37344648.0,18.2,18.45,18.1,18.4,0.15,939.0
2024-04-12,3024,5151644.0,97248942.0,18.5,19.1,18.5,19.0,0.6,1734.0
2024-04-15,3024,4575795.0,87694850.0,19.0,19.45,18.85,19.05,0.05,1805.0
2024-04-16,3024,4142713.0,75708564.0,18.95,18.95,17.95,18.05,-1.0,1620.0
2024-04-17,3024,1526350.0,27851301.0,18.1,18.4,18.1,18.3,0.25,771.0
2024-04-18,3024,2136844.0,39476267.0,18.3,18.8,18.15,18.6,0.3,868.0
2024-04-19,3024,2737149.0,49570820.0,18.45,18.65,17.7,18.05,-0.55,1029.0
2024-04-22,3024,18340901.0,350424473.0,18.3,19.45,18.3,18.9,0.85,4246.0
2024-04-23,3024,17102876.0,324474099.0,19.15,19.3,18.45,19.2,0.3,5018.0
2024-04-24,3024,6648377.0,127241167.0,19.3,19.35,18.95,19.05,-0.15,2650.0
2024-04-25,3024,13684489.0,268534251.0,19.05,20.3,18.95,19.35,0.3,4924.0
2024-04-26,3024,4772716.0,93261356.0,19.5,19.8,19.2,19.55,0.2,1946.0
2024-04-29,3024,5432168.0,107819402.0,20.0,20.2,19.6,19.8,0.25,2088.0
2024-04-30,3024,3391269.0,66897166.0,19.9,20.0,19.4,19.85,0.05,1377.0
2024-05-02,3024,9365371.0,191408604.0,19.85,21.05,19.85,20.8,0.95,3571.0
2024-05-03,3024,6764047.0,139359538.0,20.8,20.9,20.2,20.7,-0.1,2164.0
2024-05-06,3024,6648991.0,139290222.0,21.3,21.3,20.5,20.7,0.0,1944.0
2024-05-07,3024,6682436.0,134099154.0,20.95,20.95,19.7,20.05,-0.65,2440.0
2024-05-08,3024,5265480.0,103108132.0,20.2,20.25,19.25,19.3,-0.75,2365.0
2024-05-09,3024,3721737.0,71120909.0,19.4,19.55,18.8,18.9,-0.4,1512.0
2024-05-10,3024,1947457.0,37263993.0,19.05,19.3,18.95,19.25,0.35,771.0
2024-05-13,3024,3587363.0,70508419.0,19.35,19.95,19.25,19.7,0.45,1230.0
2024-05-14,3024,1701498.0,33289080.0,19.8,19.8,19.4,19.5,-0.2,676.0
2024-05-15,3024,7074817.0,143309108.0,19.55,20.75,19.5,20.3,0.8,2245.0
2024-05-16,3024,21015351.0,440926729.0,20.6,21.25,20.45,21.0,0.7,4256.0
2024-05-17,3024,23499464.0,491437328.0,21.1,21.2,20.4,20.85,-0.15,5577.0
2024-05-20,3024,15349874.0,323865487.0,21.2,21.3,20.65,20.9,0.05,4616.0
2024-05-21,3024,7010778.0,146729400.0,21.1,21.15,20.75,20.9,0.0,2106.0
2024-05-22,3024,6005173.0,126233756.0,21.0,21.3,20.8,20.9,0.0,2109.0
2024-05-23,3024,6827789.0,139802730.0,21.05,21.05,20.15,20.2,-0.7,2476.0
2024-05-24,3024,1836917.0,37279061.0,20.25,20.5,20.15,20.45,0.25,863.0
2024-05-27,3024,13092912.0,282984009.0,20.5,22.3,20.3,22.05,1.6,4508.0
2024-05-28,3024,8450778.0,184902185.0,22.2,22.75,21.4,21.9,-0.15,3517.0
2024-05-29,3024,3398019.0,73060496.0,22.0,22.0,21.3,21.5,-0.4,1633.0
2024-05-30,3024,2623734.0,56138748.0,21.5,21.65,21.2,21.25,-0.25,1218.0
2024-05-31,3024,5835862.0,126987832.0,21.5,22.1,21.25,21.7,0.45,2290.0
2024-06-03,3024,3455725.0,75650230.0,21.85,22.1,21.6,21.9,0.2,1308.0
2024-06-04,3024,3124456.0,67420806.0,21.7,22.0,21.35,21.55,-0.35,1496.0
2024-06-05,3024,2198856.0,47254462.0,21.6,21.8,21.2,21.75,0.2,886.0
2024-06-06,3024,7425184.0,163987102.0,22.3,22.65,21.65,21.75,0.0,3108.0
2024-06-07,3024,6686418.0,149345199.0,21.8,22.6,21.8,22.45,0.7,2268.0
2024-06-11,3024,4403031.0,96485880.0,22.45,22.55,21.65,21.9,-0.55,1789.0
2024-06-12,3024,2717886.0,58517440.0,21.65,21.8,21.4,21.45,-0.45,959.0
2024-06-13,3024,1755214.0,37754573.0,21.5,21.7,21.35,21.55,0.1,642.0
2024-06-14,3024,2941094.0,63630882.0,21.7,22.1,21.25,21.3,-0.25,1328.0
2024-06-17,3024,3292378.0,69215682.0,21.3,21.35,20.8,20.85,-0.45,1398.0
2024-06-18,3024,1580635.0,32767262.0,20.9,20.95,20.65,20.65,-0.2,885.0
2024-06-19,3024,1390073.0,28714315.0,20.85,20.85,20.55,20.7,0.05,687.0
2024-06-20,3024,1465261.0,30198669.0,20.7,20.8,20.5,20.55,-0.15,614.0
2024-06-21,3024,1584055.0,32556950.0,20.5,20.8,20.5,20.55,0.0,648.0
2024-06-24,3024,1246009.0,25666146.0,20.6,20.85,20.45,20.65,0.1,604.0
2024-06-25,3024,1181142.0,24464557.0,20.8,20.95,20.45,20.8,0.15,632.0
2024-06-26,3024,903514.0,18715477.0,20.9,20.95,20.65,20.65,-0.15,378.0
2024-06-27,3024,2196118.0,46437438.0,20.6,21.55,20.55,21.2,0.55,907.0
2024-06-28,3024,26325821.0,610360825.0,21.85,23.3,21.8,23.3,2.1,6040.0
2024-07-01,3024,35063350.0,835017392.0,23.4,25.15,22.0,22.3,-1.0,13536.0
2024-07-02,3024,9237540.0,208829526.0,22.8,23.3,22.2,22.75,0.45,3898.0
2024-07-03,3024,4142250.0,93467900.0,22.8,23.1,22.25,22.35,-0.4,1786.0
2024-07-04,3024,4160371.0,92036162.0,22.55,22.55,21.9,22.0,-0.35,1785.0
2024-07-05,3024,3665311.0,82402981.0,22.1,22.75,22.1,22.4,0.4,1416.0
2024-07-08,3024,3260085.0,73459861.0,22.4,23.2,22.2,22.25,-0.15,1360.0
2024-07-09,3024,3642991.0,80633923.0,22.25,22.5,21.8,22.25,0.0,1192.0
2024-07-10,3024,1659668.0,36965526.0,22.05,22.45,22.05,22.2,0.0,731.0
2024-07-11,3024,6263336.0,135236263.0,22.05,22.05,21.3,21.3,-0.9,2301.0
2024-07-12,3024,1302074.0,27843001.0,21.2,21.65,21.2,21.35,0.05,658.0
2024-07-15,3024,5461321.0,120882506.0,21.4,22.75,21.25,22.35,1.0,2081.0
2024-07-16,3024,3349447.0,75168945.0,22.5,22.9,22.2,22.2,-0.15,1331.0
2024-07-17,3024,2279527.0,50517415.0,22.4,22.55,22.0,22.05,-0.15,1158.0
2024-07-18,3024,9912646.0,225960662.0,22.1,23.35,21.75,22.7,0.65,3448.0
2024-07-19,3024,3639484.0,81348217.0,22.7,22.9,22.05,22.15,-0.55,1453.0
2024-07-22,3024,3785186.0,82791049.0,22.3,22.35,21.5,22.05,-0.1,1318.0
2024-07-23,3024,2195762.0,48879827.0,22.35,22.7,21.9,21.95,-0.1,915.0
2024-07-26,3024,3270706.0,70053348.0,21.45,21.85,21.25,21.25,-0.7,1166.0
2024-07-29,3024,14672531.0,327920444.0,21.85,22.75,21.65,22.5,1.25,4337.0
2024-07-30,3024,23994589.0,552870021.0,22.2,24.3,22.0,24.3,1.8,5919.0
2024-07-31,3024,27015718.0,645973409.0,24.0,24.35,23.4,24.15,-0.15,6939.0
2024-08-01,3024,15661199.0,378768793.0,24.15,24.6,23.65,24.35,0.2,5087.0
2024-08-02,3024,24813865.0,601497194.0,24.15,24.8,23.75,23.75,-0.6,9259.0
2024-08-05,3024,10776494.0,234647243.0,23.65,23.65,21.4,21.4,-2.35,3844.0
2024-08-06,3024,9791234.0,199144723.0,21.45,22.2,19.3,20.15,-1.25,3683.0
2024-08-07,3024,9869886.0,211217866.0,20.5,21.9,20.2,21.55,1.4,3184.0
2024-08-08,3024,9781979.0,210058696.0,21.0,22.1,20.65,21.75,0.2,3393.0
2024-08-09,3024,19080728.0,439056208.0,22.1,23.4,22.05,23.4,1.65,5335.0
2024-08-12,3024,14614927.0,322764633.0,23.1,23.35,21.1,21.25,-2.15,6720.0
2024-08-13,3024,6200688.0,132835468.0,21.2,21.85,20.9,21.4,0.15,2650.0
2024-08-14,3024,3267163.0,70391775.0,21.55,21.9,21.3,21.45,0.05,1430.0
2024-08-15,3024,3272939.0,71085269.0,21.45,22.1,21.35,21.6,0.15,1610.0
2024-08-16,3024,2250049.0,48773332.0,21.9,21.95,21.55,21.6,0.0,1095.0
2024-08-19,3024,1596512.0,34611650.0,21.6,21.85,21.55,21.6,0.0,911.0
2024-08-20,3024,2455122.0,53055520.0,21.75,21.85,21.4,21.45,-0.15,1160.0
2024-08-21,3024,2418691.0,51161636.0,21.55,21.55,20.95,21.0,-0.45,1174.0
2024-08-22,3024,2312722.0,48084448.0,21.1,21.1,20.55,20.7,-0.3,1056.0
2024-08-23,3024,1476386.0,30312689.0,20.6,20.7,20.4,20.6,-0.1,710.0
2024-08-26,3024,1342587.0,27649202.0,20.6,20.8,20.5,20.5,-0.1,618.0
2024-08-27,3024,1721381.0,35517207.0,20.6,21.0,20.4,20.8,0.3,744.0
2024-08-28,3024,933355.0,19359910.0,20.7,20.9,20.6,20.8,0.0,501.0
2024-08-29,3024,840070.0,17402650.0,20.75,20.8,20.6,20.75,-0.05,414.0
2024-08-30,3024,2239838.0,47768797.0,20.85,21.55,20.85,21.25,0.5,1145.0
2024-09-02,3024,1118546.0,23809786.0,21.35,21.45,21.2,21.2,-0.05,663.0
2024-09-03,3024,1195276.0,24913213.0,21.15,21.15,20.65,20.7,-0.5,745.0
2024-09-04,3024,2184674.0,43526083.0,19.7,20.3,19.35,19.85,-0.85,1034.0
2024-09-05,3024,1229283.0,24399735.0,20.1,20.2,19.6,19.65,-0.2,686.0
2024-09-06,3024,1455775.0,28609417.0,19.85,19.9,19.5,19.7,0.05,507.0
2024-09-09,3024,1624503.0,31406165.0,19.25,19.65,19.05,19.6,-0.1,749.0
2024-09-10,3024,1638513.0,31636870.0,19.85,19.85,18.85,19.1,-0.5,708.0
2024-09-11,3024,2235947.0,42214764.0,19.0,19.1,18.8,18.9,-0.2,757.0
2024-09-12,3024,1427775.0,27128499.0,19.2,19.3,18.85,19.0,0.1,624.0
2024-09-13,3024,909565.0,17463760.0,19.2,19.3,19.1,19.2,0.2,402.0
2024-09-16,3024,719651.0,13972171.0,19.25,19.6,19.2,19.4,0.2,514.0
2024-09-18,3024,1370942.0,27043138.0,19.4,19.95,19.4,19.55,0.15,658.0
2024-09-19,3024,942669.0,18517448.0,19.7,19.85,19.45,19.8,0.25,414.0
2024-09-20,3024,1720463.0,33351756.0,19.8,19.8,19.15,19.25,-0.55,869.0
2024-09-23,3024,1126973.0,21760642.0,19.25,19.6,19.1,19.35,0.1,514.0
2024-09-24,3024,867982.0,16712724.0,19.35,19.4,19.1,19.15,-0.2,455.0
2024-09-25,3024,1200951.0,22975374.0,19.25,19.4,19.0,19.05,-0.1,631.0
2024-09-26,3024,1092073.0,20787025.0,19.1,19.3,18.9,19.0,-0.05,470.0
2024-09-27,3024,721378.0,13866539.0,19.15,19.4,19.15,19.15,0.15,371.0
2024-09-30,3024,764626.0,14584238.0,19.1,19.2,19.0,19.05,-0.1,405.0
2024-10-01,3024,743992.0,14230050.0,19.1,19.35,18.95,19.35,0.3,358.0
2024-10-04,3024,1082002.0,20688992.0,19.4,19.4,18.9,19.15,-0.2,462.0
2024-10-07,3024,1075590.0,20530871.0,19.2,19.2,19.0,19.05,-0.1,431.0
2024-10-08,3024,2163382.0,40628813.0,19.1,19.1,18.6,18.6,-0.45,787.0
2024-10-09,3024,2579085.0,48037244.0,18.65,19.05,18.45,18.55,-0.05,777.0
2024-10-11,3024,5402994.0,95430535.0,18.3,18.35,17.25,17.6,-0.95,1943.0
2024-10-14,3024,789769.0,13912512.0,17.6,17.85,17.5,17.5,-0.1,414.0
2024-10-15,3024,1130004.0,19661511.0,17.5,17.65,17.3,17.35,-0.15,493.0
2024-10-16,3024,719266.0,12470958.0,17.25,17.6,17.1,17.4,0.05,354.0
2024-10-17,3024,635662.0,11342433.0,17.4,18.1,17.4,17.8,0.4,377.0
2024-10-18,3024,1058343.0,19019686.0,17.95,18.2,17.65,17.85,0.05,495.0
2024-10-21,3024,969806.0,17622640.0,17.85,18.4,17.8,18.25,0.4,493.0
2024-10-22,3024,521215.0,9397893.0,18.15,18.15,17.95,18.05,-0.2,344.0
2024-10-23,3024,447633.0,8125750.0,18.05,18.35,18.0,18.1,0.05,220.0
2024-10-24,3024,452691.0,8197276.0,18.15,18.35,18.0,18.0,-0.1,216.0
2024-10-25,3024,284629.0,5159954.0,17.95,18.3,17.95,18.05,0.05,179.0
2024-10-28,3024,509926.0,9134490.0,18.05,18.15,17.8,17.95,-0.1,298.0
2024-10-29,3024,449661.0,7954872.0,18.0,18.0,17.6,17.7,-0.25,262.0
2024-10-30,3024,541041.0,9561604.0,17.7,17.95,17.5,17.6,-0.1,270.0
2024-11-01,3024,1865934.0,33764730.0,17.45,18.4,17.45,18.35,0.75,923.0
2024-11-04,3024,524696.0,9481102.0,18.4,18.4,17.95,18.0,-0.35,291.0
2024-11-05,3024,329233.0,5970751.0,18.2,18.35,18.0,18.05,0.05,163.0
2024-11-06,3024,280416.0,5105750.0,18.1,18.35,18.1,18.15,0.1,172.0
2024-11-07,3024,474634.0,8666689.0,18.1,18.4,18.1,18.25,0.1,247.0
2024-11-08,3024,1271846.0,23537525.0,18.35,18.65,18.3,18.55,0.3,620.0
2024-11-11,3024,4531187.0,88768456.0,20.2,20.2,19.2,19.2,0.65,2091.0
2024-11-12,3024,1606242.0,30727723.0,19.1,19.5,18.8,19.25,0.05,877.0
2024-11-13,3024,5254909.0,104282267.0,19.35,20.1,19.3,20.05,0.8,1502.0
2024-11-14,3024,9910111.0,198783856.0,19.9,20.4,19.55,19.65,-0.4,2068.0
2024-11-15,3024,18201973.0,373730205.0,19.6,20.95,19.55,20.75,1.1,2810.0
2024-11-18,3024,9363935.0,192840014.0,20.75,21.0,20.1,21.0,0.25,3172.0
2024-11-19,3024,9827910.0,205508147.0,20.8,21.2,20.6,20.75,-0.25,3905.0
2024-11-20,3024,6169693.0,125025977.0,20.6,20.6,19.9,19.95,-0.8,2149.0
2024-11-21,3024,2832401.0,57305682.0,20.0,20.55,19.8,20.15,0.2,1165.0
2024-11-22,3024,2762018.0,55573390.0,20.35,20.45,19.95,20.0,-0.15,1038.0
2024-11-25,3024,2290473.0,46549445.0,20.2,20.55,20.05,20.35,0.35,908.0
2024-11-26,3024,1313430.0,26527961.0,20.35,20.45,20.0,20.0,-0.35,785.0
2024-11-27,3024,1190116.0,23595233.0,20.05,20.15,19.6,19.7,-0.3,681.0
2024-11-28,3024,1642397.0,32578104.0,19.6,20.05,19.6,19.75,0.05,621.0
2024-11-29,3024,8275028.0,171009746.0,19.7,20.95,19.65,20.85,1.1,1829.0
2024-12-02,3024,15138460.0,322114406.0,21.0,21.7,20.7,21.7,0.85,4418.0
2024-12-03,3024,7463324.0,160287110.0,21.7,21.75,21.1,21.35,-0.35,3569.0
2024-12-04,3024,5810447.0,124528616.0,21.35,21.65,21.15,21.2,-0.15,2127.0
2024-12-05,3024,4247330.0,91006779.0,21.35,21.75,21.05,21.05,-0.15,1896.0
2024-12-06,3024,3367003.0,71913108.0,21.2,21.65,21.0,21.55,0.5,1508.0
2024-12-09,3024,10515372.0,230399943.0,21.65,22.25,21.55,21.8,0.25,4189.0
2024-12-10,3024,6372381.0,139039961.0,21.6,21.95,21.6,21.9,0.1,2573.0
2024-12-11,3024,11719017.0,240755709.0,21.5,21.5,19.9,20.0,-1.9,5159.0
2024-12-12,3024,3180094.0,64751882.0,20.55,20.8,20.05,20.1,0.1,1579.0
2024-12-13,3024,2110816.0,42326026.0,20.2,20.3,19.85,19.9,-0.2,1024.0
2024-12-16,3024,2229048.0,44005033.0,20.05,20.1,19.5,19.5,-0.4,984.0
2024-12-17,3024,1477993.0,28769897.0,19.75,19.8,19.3,19.35,-0.15,787.0
2024-12-18,3024,933055.0,18063995.0,19.35,19.55,19.2,19.45,0.1,606.0
2024-12-19,3024,1634876.0,32040856.0,19.25,19.8,19.15,19.65,0.2,753.0
2024-12-20,3024,1538181.0,29846711.0,19.6,19.85,19.2,19.4,-0.25,700.0
2024-12-23,3024,3049269.0,61123320.0,19.65,20.35,19.6,20.3,0.9,1044.0
2024-12-24,3024,1922129.0,38283166.0,20.3,20.3,19.7,19.75,-0.55,1067.0
2024-12-25,3024,2060712.0,41327323.0,19.9,20.25,19.9,20.0,0.25,1040.0
2024-12-26,3024,1130263.0,22320848.0,19.95,20.2,19.6,19.65,-0.35,596.0
2024-12-27,3024,2436238.0,46898574.0,19.5,19.8,18.95,19.0,-0.65,1009.0
2024-12-30,3024,1169275.0,22335098.0,19.15,19.3,19.0,19.0,0.0,602.0
2024-12-31,3024,1529004.0,29061606.0,19.15,19.2,18.9,19.0,0.0,425.0
2025-01-02,3024,751019.0,14388402.0,19.1,19.4,18.95,19.1,0.1,476.0
2025-01-03,3024,1046478.0,20208510.0,19.25,19.7,19.05,19.1,0.0,526.0
2025-01-06,3024,837949.0,16120751.0,19.2,19.5,19.1,19.1,0.0,447.0
2025-01-07,3024,1199778.0,22991603.0,19.1,19.35,19.05,19.15,0.05,488.0
2025-01-08,3024,1401085.0,27002769.0,19.1,19.6,19.05,19.55,0.4,570.0
2025-01-09,3024,1208247.0,23172125.0,19.55,19.55,19.0,19.15,-0.4,550.0
2025-01-10,3024,9176129.0,169513945.0,19.4,19.65,17.7,17.7,-1.45,3261.0
2025-01-13,3024,2987571.0,51353166.0,17.4,17.45,17.0,17.15,-0.55,1340.0
2025-01-14,3024,836997.0,14567074.0,17.4,17.65,17.2,17.55,0.4,538.0
2025-01-15,3024,2251999.0,38838825.0,17.55,17.7,17.0,17.15,-0.4,859.0
2025-01-16,3024,2582307.0,44191972.0,17.25,17.45,16.95,17.05,-0.1,919.0
2025-01-17,3024,453318.0,7778979.0,17.1,17.25,17.05,17.2,0.15,288.0
2025-01-20,3024,1456741.0,24929842.0,17.3,17.35,17.0,17.25,0.05,511.0
2025-01-21,3024,547339.0,9416396.0,17.35,17.35,17.1,17.2,-0.05,299.0
2025-01-22,3024,827464.0,14208959.0,17.3,17.35,17.0,17.25,0.05,406.0
2025-02-03,3024,1195529.0,20535834.0,16.95,17.5,16.8,17.45,0.2,569.0
2025-02-04,3024,610853.0,10585869.0,17.55,17.55,17.25,17.25,-0.2,367.0
2025-02-05,3024,977396.0,17023371.0,17.35,17.6,17.3,17.4,0.15,406.0
2025-02-06,3024,1233526.0,21826560.0,17.45,17.85,17.45,17.8,0.4,475.0
2025-02-07,3024,1295444.0,23302373.0,17.9,18.1,17.8,18.0,0.2,539.0
2025-02-10,3024,709443.0,12651931.0,18.05,18.05,17.7,17.8,-0.2,404.0
2025-02-11,3024,4842999.0,82053889.0,17.65,17.65,16.65,16.8,-1.0,1987.0
2025-02-12,3024,1522303.0,25611757.0,16.8,17.05,16.7,16.75,-0.05,746.0
2025-02-13,3024,861700.0,14526319.0,16.75,16.95,16.7,16.85,0.1,484.0
2025-02-14,3024,915582.0,15416360.0,16.95,17.0,16.7,16.8,-0.05,516.0
2025-02-17,3024,835175.0,14087468.0,16.75,16.95,16.75,16.9,0.1,467.0
2025-02-18,3024,1921281.0,33222555.0,16.95,17.5,16.95,17.3,0.4,942.0
2025-02-19,3024,1554775.0,27090102.0,17.4,17.55,17.25,17.5,0.2,704.0
2025-02-20,3024,1346432.0,23762154.0,17.55,17.75,17.5,17.65,0.15,591.0
2025-02-21,3024,1766441.0,31502410.0,17.7,17.95,17.7,17.9,0.25,629.0
2025-02-24,3024,3403332.0,62449133.0,17.9,18.65,17.85,18.5,0.6,1368.0
2025-02-25,3024,1823165.0,33590004.0,18.5,18.6,18.15,18.55,0.05,786.0
2025-02-26,3024,1944472.0,36093281.0,18.6,18.8,18.3,18.35,-0.2,897.0
2025-02-27,3024,1603604.0,29307982.0,18.4,18.65,18.0,18.1,-0.25,649.0
2025-03-03,3024,909450.0,16378781.0,18.1,18.15,17.85,18.15,0.05,541.0
2025-03-04,3024,1188582.0,21517053.0,18.0,18.3,17.75,18.3,0.15,459.0
2025-03-05,3024,1617367.0,29921809.0,18.4,18.7,18.1,18.7,0.4,725.0
2025-03-06,3024,992590.0,18269165.0,18.7,18.7,18.2,18.2,-0.5,582.0
2025-03-07,3024,990708.0,18001965.0,18.2,18.4,18.05,18.1,-0.1,428.0
2025-03-10,3024,468326.0,8480645.0,18.25,18.25,18.05,18.05,-0.05,311.0
2025-03-11,3024,1093063.0,19593794.0,18.0,18.25,17.55,18.1,0.05,618.0
2025-03-12,3024,1083773.0,19546834.0,18.1,18.25,17.9,17.95,-0.15,490.0
2025-03-13,3024,852800.0,15181706.0,18.1,18.1,17.65,17.75,-0.2,520.0
2025-03-14,3024,1162503.0,20601951.0,17.65,18.05,17.6,17.65,-0.1,566.0
2025-03-17,3024,5030857.0,82033677.0,16.45,16.7,16.15,16.3,-1.35,2199.0
2025-03-18,3024,1252243.0,20629549.0,16.4,16.6,16.35,16.5,0.2,737.0
2025-03-19,3024,900357.0,14824018.0,16.55,16.65,16.3,16.3,-0.2,540.0
2025-03-20,3024,1135791.0,18875760.0,16.35,16.85,16.35,16.7,0.4,680.0
2025-03-21,3024,1653765.0,28202504.0,16.8,17.3,16.55,17.05,0.35,818.0
2025-03-24,3024,718333.0,12296421.0,17.25,17.35,17.0,17.05,0.0,461.0
2025-03-25,3024,782244.0,13205528.0,17.1,17.2,16.65,16.8,-0.25,530.0
2025-03-26,3024,556379.0,9397885.0,16.95,17.05,16.8,17.0,0.2,305.0
2025-03-27,3024,900401.0,15333297.0,17.0,17.15,16.8,17.05,0.05,491.0
2025-03-28,3024,820207.0,13716941.0,17.1,17.1,16.6,16.75,-0.3,526.0
2025-03-31,3024,1505508.0,24475966.0,16.55,16.55,16.0,16.0,-0.75,911.0
2025-04-01,3024,1134408.0,18669168.0,16.3,16.7,16.1,16.65,0.65,628.0
2025-04-02,3024,1109041.0,18600895.0,16.7,17.0,16.55,16.95,0.3,473.0
2025-04-07,3024,139930.0,2140896.0,15.3,15.3,15.3,15.3,-1.65,178.0
2025-04-08,3024,2095308.0,29025192.0,13.85,14.25,13.8,13.8,-1.5,791.0
2025-04-09,3024,3663602.0,46283168.0,13.0,13.1,12.45,12.45,-1.35,1043.0
2025-04-10,3024,1788754.0,24260993.0,13.4,13.65,13.15,13.65,1.2,481.0
2025-04-11,3024,1847367.0,24375398.0,12.9,13.5,12.55,13.4,-0.25,869.0
2025-04-14,3024,1834571.0,25448379.0,13.75,14.15,13.7,13.8,0.4,962.0
2025-04-15,3024,973391.0,13873070.0,14.0,14.55,13.95,14.55,0.75,570.0
2025-04-16,3024,543710.0,7779992.0,14.45,14.6,14.15,14.35,-0.2,467.0
2025-04-17,3024,728990.0,10380850.0,14.2,14.5,14.0,14.3,-0.05,693.0
2025-04-18,3024,670489.0,9564812.0,14.25,14.35,14.15,14.3,0.0,369.0
2025-04-21,3024,602143.0,8342179.0,14.2,14.2,13.7,13.85,-0.45,295.0
2025-04-22,3024,596067.0,8081539.0,13.55,13.65,13.4,13.65,-0.2,288.0
2025-04-23,3024,809232.0,11444825.0,14.1,14.3,13.95,14.2,0.55,395.0
2025-04-24,3024,968207.0,13979052.0,14.3,14.6,14.1,14.5,0.3,406.0
2025-04-25,3024,984820.0,14541949.0,14.7,15.0,14.55,14.9,0.4,340.0
2025-04-28,3024,1023952.0,15519731.0,14.9,15.4,14.8,15.25,0.35,416.0
2025-04-29,3024,549984.0,8426478.0,15.35,15.45,15.15,15.35,0.1,290.0
2025-04-30,3024,877388.0,13410255.0,15.3,15.55,15.0,15.2,-0.15,431.0
2025-05-02,3024,885282.0,13713044.0,15.4,15.7,15.3,15.5,0.3,397.0
2025-05-05,3024,1118549.0,17362891.0,15.75,15.8,15.15,15.5,0.0,528.0
2025-05-06,3024,544054.0,8455837.0,15.5,15.7,15.4,15.6,0.1,278.0
2025-05-07,3024,381866.0,5894885.0,15.65,15.7,15.25,15.4,-0.2,212.0
2025-05-08,3024,648367.0,10013035.0,15.4,15.55,15.3,15.5,0.1,298.0
2025-05-09,3024,389879.0,5997233.0,15.65,15.65,15.25,15.45,-0.05,240.0
2025-05-12,3024,572057.0,8797957.0,15.5,15.55,15.2,15.4,-0.05,310.0
2025-05-13,3024,1453469.0,22713786.0,15.6,15.8,15.45,15.45,0.05,447.0
2025-05-14,3024,1146917.0,17760048.0,15.6,15.75,15.3,15.4,-0.05,618.0
2025-05-15,3024,1278086.0,19515422.0,15.5,15.5,15.15,15.45,0.05,871.0
2025-05-16,3024,916390.0,14226009.0,15.4,15.6,15.4,15.55,0.1,534.0
2025-05-19,3024,703240.0,10955344.0,15.5,15.7,15.4,15.45,-0.1,291.0
2025-05-20,3024,694373.0,10827148.0,15.5,15.8,15.4,15.45,0.0,333.0
2025-05-21,3024,797365.0,12475876.0,15.6,15.8,15.5,15.75,0.3,378.0
2025-05-22,3024,694095.0,10947949.0,15.7,15.9,15.65,15.75,0.0,350.0
2025-05-23,3024,524422.0,8250830.0,15.75,15.85,15.6,15.7,-0.05,282.0
2025-05-26,3024,392012.0,6131032.0,15.65,15.8,15.5,15.6,-0.1,258.0
2025-05-27,3024,462916.0,7161574.0,15.6,15.75,15.3,15.45,-0.15,250.0
2025-05-28,3024,717438.0,10956100.0,15.5,15.6,15.05,15.2,-0.25,291.0
2025-05-29,3024,680519.0,10174237.0,15.35,15.35,14.8,15.05,-0.15,307.0
2025-06-02,3024,550755.0,8047589.0,15.0,15.1,14.45,14.65,-0.4,285.0
2025-06-03,3024,466013.0,6811631.0,14.7,14.8,14.5,14.7,0.05,225.0
2025-06-04,3024,567287.0,8385840.0,14.7,14.9,14.65,14.85,0.15,200.0
2025-06-05,3024,474280.0,6953418.0,14.8,14.9,14.5,14.55,-0.3,248.0
2025-06-06,3024,335518.0,4876498.0,14.55,14.65,14.45,14.55,0.0,166.0
2025-06-09,3024,498179.0,7310877.0,14.65,14.95,14.45,14.55,0.0,230.0
2025-06-10,3024,720121.0,10630220.0,14.6,14.9,14.6,14.7,0.15,238.0
2025-06-11,3024,1753657.0,24602636.0,14.5,14.5,13.8,14.1,-0.6,781.0
2025-06-12,3024,713403.0,9952470.0,14.05,14.15,13.8,13.9,-0.2,326.0
2025-06-13,3024,931093.0,12699478.0,13.85,13.85,13.5,13.5,-0.4,373.0
2025-06-16,3024,530059.0,7175857.0,13.5,13.7,13.4,13.6,0.1,231.0
2025-06-17,3024,343161.0,4687211.0,13.55,13.85,13.55,13.7,0.1,185.0
2025-06-18,3024,356838.0,4882138.0,13.65,13.8,13.5,13.7,0.0,226.0
2025-06-19,3024,671810.0,9062445.0,13.6,13.65,13.35,13.6,-0.1,329.0
2025-06-20,3024,598708.0,7991953.0,13.55,13.55,13.05,13.45,-0.15,310.0
2025-06-23,3024,776671.0,10184638.0,13.3,13.3,13.0,13.1,-0.35,412.0
2025-06-24,3024,1040304.0,13842225.0,13.1,13.5,13.1,13.5,0.4,305.0
2025-06-25,3024,337929.0,4565211.0,13.5,13.6,13.4,13.6,0.1,181.0
2025-06-26,3024,568551.0,7793011.0,13.6,13.8,13.6,13.65,0.05,250.0
2025-06-27,3024,802232.0,11109895.0,13.75,14.0,13.7,13.9,0.25,317.0
2025-06-30,3024,552918.0,7553219.0,14.0,14.0,13.5,13.5,-0.4,256.0
2025-07-01,3024,234166.0,3191453.0,13.65,13.7,13.55,13.65,0.15,164.0
2025-07-02,3024,364784.0,4942056.0,13.55,13.7,13.5,13.55,-0.1,169.0
2025-07-03,3024,474756.0,6506637.0,13.65,13.8,13.6,13.75,0.2,210.0
2025-07-04,3024,389096.0,5254384.0,13.8,13.8,13.3,13.35,-0.4,230.0
2025-07-07,3024,325899.0,4313416.0,13.45,13.45,13.1,13.3,-0.05,207.0
2025-07-08,3024,454270.0,5922059.0,13.1,13.15,12.9,13.15,-0.15,239.0
2025-07-09,3024,227220.0,3001559.0,13.1,13.3,13.1,13.25,0.1,133.0
2025-07-10,3024,497573.0,6570821.0,13.25,13.35,13.1,13.15,-0.1,176.0
2025-07-11,3024,575277.0,7642385.0,13.2,13.45,13.1,13.35,0.2,226.0
2025-07-14,3024,357689.0,4769387.0,13.35,13.55,13.25,13.3,-0.05,171.0
2025-07-15,3024,588202.0,7860765.0,13.4,13.45,13.25,13.35,0.05,254.0
2025-07-16,3024,430380.0,5626813.0,13.05,13.15,13.0,13.15,0.0,224.0
2025-07-17,3024,337301.0,4456375.0,13.15,13.3,13.1,13.25,0.1,165.0
2025-07-18,3024,508215.0,6651730.0,13.3,13.3,12.95,13.05,-0.2,230.0
2025-07-21,3024,298550.0,3871588.0,13.05,13.05,12.9,12.95,-0.1,161.0
2025-07-22,3024,946307.0,11959619.0,12.95,13.1,12.4,12.55,-0.4,511.0
2025-07-23,3024,357322.0,4545085.0,12.5,12.9,12.5,12.8,0.25,196.0
2025-07-24,3024,457592.0,5780473.0,12.8,12.85,12.5,12.7,-0.1,277.0
2025-07-25,3024,375245.0,4748594.0,12.7,12.75,12.55,12.75,0.05,196.0
2025-07-28,3024,717986.0,9319450.0,12.7,13.15,12.6,13.1,0.35,364.0
2025-07-29,3024,421634.0,5519690.0,13.0,13.2,13.0,13.0,-0.1,223.0
2025-07-30,3024,375724.0,4931827.0,13.05,13.25,13.0,13.25,0.25,177.0
2025-07-31,3024,795687.0,10234280.0,13.2,13.2,12.75,12.75,-0.5,368.0
2025-08-01,3024,582614.0,7543193.0,12.55,13.15,12.45,13.15,0.4,282.0
2025-08-04,3024,532481.0,7002173.0,13.1,13.3,12.8,13.25,0.1,269.0
2025-08-05,3024,355172.0,4676426.0,13.3,13.3,13.1,13.15,-0.1,213.0
2025-08-06,3024,783035.0,10477820.0,13.1,13.55,13.1,13.5,0.35,331.0
2025-08-07,3024,582846.0,7690039.0,13.6,13.6,13.1,13.25,-0.25,321.0
2025-08-08,3024,418156.0,5546067.0,13.1,13.35,13.1,13.25,0.0,218.0
2025-08-11,3024,641657.0,8322148.0,13.25,13.25,12.8,13.0,-0.25,409.0
2025-08-12,3024,723165.0,9296430.0,12.9,13.05,12.75,12.8,-0.2,384.0
2025-08-13,3024,783819.0,10108568.0,12.9,13.05,12.75,12.9,0.1,324.0
2025-08-14,3024,1047310.0,13738051.0,13.05,13.2,13.0,13.15,0.25,419.0
2025-08-15,3024,549851.0,7209124.0,13.25,13.25,13.05,13.15,0.0,290.0
2025-08-18,3024,1185301.0,15468714.0,13.1,13.2,12.95,13.15,0.0,461.0
2025-08-19,3024,516579.0,6730074.0,13.2,13.25,12.95,13.1,-0.05,331.0
2025-08-20,3024,1054316.0,13500724.0,13.1,13.1,12.7,12.7,-0.4,483.0
2025-08-21,3024,818151.0,10650053.0,12.8,13.15,12.8,13.05,0.35,361.0
2025-08-22,3024,825175.0,10745350.0,13.05,13.2,12.8,12.9,-0.15,352.0
2025-08-25,3024,1208996.0,15770432.0,13.1,13.2,12.9,12.9,0.0,368.0
2025-08-26,3024,1081844.0,13813457.0,12.85,12.9,12.7,12.8,-0.1,392.0
2025-08-27,3024,2435576.0,32166654.0,12.95,13.45,12.8,13.15,0.35,853.0
2025-08-28,3024,1016393.0,13374491.0,13.15,13.25,13.0,13.2,0.05,448.0
2025-08-29,3024,902467.0,11740481.0,13.2,13.25,12.85,12.9,-0.3,430.0
2025-09-01,3024,896029.0,11405951.0,12.9,12.9,12.6,12.7,-0.2,415.0
2025-09-02,3024,548354.0,6954331.0,12.7,12.8,12.55,12.75,0.05,258.0
2025-09-03,3024,659149.0,8465447.0,12.75,12.9,12.75,12.8,0.05,231.0
2025-09-04,3024,2366836.0,31151357.0,12.8,13.35,12.8,13.25,0.45,776.0
2025-09-05,3024,1913977.0,25618078.0,13.4,13.6,13.15,13.5,0.25,697.0
2025-09-08,3024,1941437.0,26660845.0,13.65,13.95,13.55,13.75,0.25,712.0
2025-09-09,3024,935273.0,12541857.0,13.75,13.75,13.2,13.3,-0.45,468.0
2025-09-10,3024,967836.0,12695566.0,13.4,13.4,13.0,13.25,-0.05,396.0
2025-09-11,3024,890587.0,11631382.0,13.15,13.25,12.9,12.9,-0.35,397.0
2025-09-12,3024,774694.0,10158068.0,12.9,13.25,12.9,13.05,0.15,283.0
2025-09-15,3024,871172.0,11529033.0,13.2,13.4,13.05,13.15,0.1,388.0
2025-09-16,3024,893132.0,11762684.0,13.2,13.25,13.1,13.2,0.05,269.0
2025-09-17,3024,2694376.0,36483228.0,13.15,13.75,13.15,13.5,0.3,976.0
2025-09-18,3024,1271815.0,17159741.0,13.6,13.6,13.4,13.55,0.05,514.0
2025-09-19,3024,1453416.0,19539685.0,13.6,13.6,13.2,13.4,-0.15,454.0
2025-09-22,3024,1024670.0,13739365.0,13.6,13.6,13.25,13.4,0.0,372.0
2025-09-23,3024,1029105.0,13585517.0,13.5,13.5,13.1,13.25,-0.15,449.0
2025-09-24,3024,3129590.0,42701468.0,13.35,13.95,13.35,13.7,0.45,1175.0
2025-09-25,3024,2652433.0,36504269.0,13.7,13.95,13.55,13.65,-0.05,897.0
2025-09-26,3024,1340406.0,17769549.0,13.7,13.7,13.1,13.25,-0.4,552.0
2025-09-30,3024,710165.0,9410858.0,13.25,13.35,13.1,13.3,0.05,322.0
2025-10-01,3024,755645.0,9950308.0,13.35,13.35,13.1,13.1,-0.2,280.0
2025-10-02,3024,644781.0,8474506.0,13.15,13.2,13.1,13.1,0.0,260.0
2025-10-03,3024,1158705.0,15010189.0,13.1,13.1,12.85,12.9,-0.2,445.0
2025-10-07,3024,1490876.0,19486745.0,13.0,13.3,12.75,13.3,0.4,460.0
2025-10-08,3024,1457008.0,19217138.0,13.1,13.4,13.0,13.25,-0.05,446.0
2025-10-09,3024,1074040.0,14203998.0,13.25,13.4,13.1,13.15,-0.1,383.0
2025-10-13,3024,775926.0,9998787.0,12.7,13.0,12.6,12.95,-0.2,376.0
2025-10-14,3024,4984421.0,61530072.0,12.85,12.85,11.95,11.95,-1.0,2013.0
2025-10-15,3024,1228625.0,14620893.0,12.0,12.05,11.85,11.9,-0.05,586.0
2025-10-16,3024,920609.0,11016580.0,12.0,12.05,11.85,11.95,0.05,348.0
2025-10-17,3024,1011901.0,12117942.0,11.95,12.1,11.85,11.95,0.0,377.0
2025-10-20,3024,628799.0,7496300.0,12.0,12.0,11.85,11.95,0.0,285.0
2025-10-21,3024,1038682.0,12358517.0,12.05,12.05,11.75,11.8,-0.15,411.0
2025-10-22,3024,1706466.0,20207874.0,11.8,11.95,11.75,11.8,0.0,397.0
2025-10-23,3024,1675718.0,19379715.0,11.85,11.85,11.45,11.5,-0.3,747.0
2025-10-27,3024,868474.0,9986894.0,11.7,11.7,11.4,11.5,0.0,417.0
2025-10-28,3024,1089779.0,12403900.0,11.55,11.55,11.25,11.4,-0.1,497.0
2025-10-29,3024,1093982.0,12459129.0,11.55,11.6,11.25,11.4,0.0,369.0
2025-10-30,3024,523506.0,5908632.0,11.4,11.45,11.25,11.3,-0.1,281.0
2025-10-31,3024,2975254.0,33757186.0,11.3,11.65,11.05,11.3,0.0,2477.0
2025-11-03,3024,762053.0,8624683.0,11.4,11.4,11.25,11.25,-0.05,1472.0
2025-11-04,3024,1194103.0,13305861.0,11.3,11.3,11.0,11.1,-0.15,1647.0
2025-11-05,3024,1035525.0,11366828.0,11.05,11.1,10.8,11.1,0.0,1338.0
2025-11-06,3024,493405.0,5509531.0,11.1,11.25,11.1,11.15,0.05,451.0
2025-11-07,3024,486578.0,5396375.0,11.15,11.2,11.0,11.1,-0.05,682.0
2025-11-10,3024,642335.0,7024089.0,11.2,11.2,10.85,11.0,-0.1,841.0
2025-11-11,3024,517896.0,5745810.0,11.05,11.2,11.0,11.1,0.1,552.0
2025-11-12,3024,582443.0,6524987.0,11.2,11.3,11.1,11.2,0.1,582.0
2025-11-13,3024,476476.0,5328397.0,11.25,11.25,11.1,11.25,0.05,576.0
2025-11-14,3024,477301.0,5333503.0,11.2,11.25,11.1,11.1,-0.15,595.0
2025-11-17,3024,991281.0,10836486.0,11.1,11.1,10.8,10.9,-0.2,1188.0
2025-11-18,3024,1037064.0,11142587.0,10.85,10.95,10.6,10.8,-0.1,1685.0
2025-11-19,3024,1395482.0,14536049.0,10.85,10.85,10.25,10.25,-0.55,1762.0
2025-11-20,3024,2126716.0,21710675.0,10.4,10.5,10.0,10.2,-0.05,1314.0
2025-11-21,3024,1916893.0,19143857.0,10.05,10.15,9.91,9.99,-0.21,1616.0
2025-11-24,3024,1127473.0,11276785.0,10.0,10.1,9.94,10.05,0.06,600.0
2025-11-25,3024,1016051.0,10263509.0,10.1,10.25,10.0,10.25,0.2,465.0
2025-11-26,3024,925531.0,9688964.0,10.25,10.55,10.25,10.55,0.3,483.0
2025-11-27,3024,458994.0,4787788.0,10.5,10.55,10.3,10.4,-0.15,450.0
2025-11-28,3024,649858.0,6835255.0,10.45,10.65,10.35,10.6,0.2,334.0
2025-12-01,3024,392755.0,4136618.0,10.65,10.65,10.45,10.6,0.0,360.0
2025-12-02,3024,266168.0,2804306.0,10.6,10.65,10.45,10.5,-0.1,346.0
2025-12-03,3024,719749.0,7693309.0,10.65,10.8,10.55,10.8,0.3,318.0
2025-12-04,3024,310117.0,3343343.0,10.7,10.85,10.7,10.8,0.0,302.0
2025-12-05,3024,470666.0,5050801.0,10.8,10.8,10.65,10.7,-0.1,266.0
2025-12-08,3024,328749.0,3515279.0,10.75,10.75,10.6,10.75,0.05,251.0
2025-12-09,3024,363818.0,3873025.0,10.7,10.7,10.6,10.65,-0.1,280.0
2025-12-10,3024,246292.0,2637972.0,10.75,10.8,10.65,10.7,0.05,175.0
2025-12-11,3024,832128.0,8780804.0,10.55,10.7,10.45,10.7,0.0,479.0
2025-12-12,3024,776996.0,8391752.0,10.7,10.9,10.7,10.9,0.2,336.0
2025-12-15,3024,623609.0,6826855.0,10.7,11.1,10.7,11.05,0.15,430.0
2025-12-16,3024,643240.0,6998042.0,11.05,11.1,10.75,10.85,-0.2,495.0
2025-12-17,3024,373576.0,4104452.0,10.95,11.05,10.9,10.95,0.1,302.0
2025-12-18,3024,813404.0,8983084.0,10.8,11.3,10.8,11.25,0.3,406.0
2025-12-19,3024,539577.0,6026430.0,11.2,11.3,11.05,11.15,-0.1,428.0
2025-12-22,3024,337073.0,3772145.0,11.25,11.3,11.1,11.25,0.1,331.0
2025-12-23,3024,504175.0,5633709.0,11.25,11.25,11.1,11.2,-0.05,327.0
2025-12-24,3024,545599.0,6123597.0,11.2,11.3,11.15,11.3,0.1,282.0
2025-12-26,3024,670650.0,7643022.0,11.3,11.5,11.3,11.45,0.15,367.0
2025-12-29,3024,670400.0,7686981.0,11.5,11.65,11.35,11.45,0.0,565.0
2025-12-30,3024,437015.0,4914044.0,11.45,11.45,11.15,11.35,-0.1,378.0
2025-12-31,3024,498599.0,5593180.0,11.35,11.35,11.15,11.2,-0.15,345.0
2026-01-02,3024,618465.0,7023197.0,11.35,11.45,11.25,11.4,0.2,366.0
2026-01-05,3024,642445.0,7211145.0,11.4,11.4,11.1,11.15,-0.25,486.0
2026-01-06,3024,647330.0,7306427.0,11.2,11.4,11.15,11.4,0.25,338.0
2026-01-07,3024,1496208.0,17373493.0,11.4,11.8,11.4,11.65,0.25,576.0
2026-01-08,3024,700364.0,8114315.0,11.7,11.7,11.4,11.4,-0.25,444.0
2026-01-09,3024,738894.0,8251603.0,11.4,11.45,11.0,11.1,-0.3,518.0
2026-01-12,3024,821056.0,9053331.0,11.05,11.15,10.9,11.15,0.05,560.0
2026-01-13,3024,529663.0,5805086.0,11.0,11.1,10.9,10.95,-0.2,403.0
2026-01-14,3024,1380664.0,15534489.0,10.95,11.45,10.95,11.35,0.4,554.0
2026-01-15,3024,425327.0,4788035.0,11.4,11.4,11.15,11.35,0.0,349.0
2026-01-16,3024,473992.0,5318021.0,11.4,11.4,11.1,11.2,-0.15,465.0
2026-01-19,3024,1355169.0,15538602.0,11.25,11.85,11.1,11.45,0.25,731.0
2026-01-20,3024,769004.0,8830514.0,11.45,11.6,11.35,11.45,0.0,518.0
2026-01-21,3024,780496.0,8740952.0,11.4,11.4,11.05,11.15,-0.3,666.0
2026-01-22,3024,577665.0,6453615.0,11.25,11.3,11.1,11.2,0.05,473.0
2026-01-23,3024,447138.0,4974210.0,11.15,11.2,11.05,11.15,-0.05,579.0
2026-01-26,3024,1108332.0,12491050.0,11.15,11.4,11.1,11.3,0.15,603.0
2026-01-27,3024,1454674.0,16085930.0,11.3,11.35,10.9,11.0,-0.3,911.0
2026-01-28,3024,791405.0,8643974.0,11.0,11.1,10.85,10.9,-0.1,1313.0
2026-01-29,3024,921808.0,9853286.0,10.9,10.9,10.6,10.65,-0.25,920.0
2026-01-30,3024,845008.0,8869256.0,10.65,10.65,10.4,10.55,-0.1,671.0
2026-02-02,3024,703220.0,7210126.0,10.45,10.45,10.15,10.25,-0.3,866.0
2026-02-03,3024,641300.0,6528575.0,10.35,10.4,10.0,10.2,-0.05,775.0
2026-02-04,3024,1428701.0,14813661.0,10.2,10.5,10.1,10.45,0.25,495.0
2026-02-05,3024,555850.0,5812904.0,10.3,10.55,10.3,10.45,0.0,393.0
2026-02-06,3024,548568.0,5626840.0,10.4,10.4,10.15,10.25,-0.2,454.0
2026-02-09,3024,569084.0,5813528.0,10.4,10.4,10.15,10.25,0.0,544.0
2026-02-10,3024,540744.0,5555738.0,10.3,10.35,10.15,10.3,0.05,369.0
2026-02-11,3024,401198.0,4112505.0,10.35,10.35,10.2,10.3,0.0,426.0
2026-02-23,3024,781741.0,8207970.0,10.3,10.6,10.3,10.6,0.3,511.0
2026-02-24,3024,743502.0,7844428.0,10.5,10.75,10.45,10.55,-0.05,654.0
2026-02-25,3024,526718.0,5533724.0,10.65,10.65,10.45,10.5,-0.05,596.0
2026-02-26,3024,757163.0,7992307.0,10.5,10.7,10.4,10.5,0.0,668.0
2026-03-02,3024,937375.0,9937354.0,10.5,10.75,10.4,10.7,0.2,869.0
2026-03-03,3024,1253975.0,13192475.0,10.65,10.8,10.35,10.45,-0.25,1385.0
2026-03-04,3024,1104519.0,11187582.0,10.45,10.45,10.0,10.05,-0.4,1272.0
2026-03-05,3024,492715.0,5034477.0,10.4,10.4,10.15,10.2,0.15,552.0
2026-03-06,3024,699573.0,7269346.0,10.3,10.55,10.2,10.5,0.3,596.0
2026-03-09,3024,1010862.0,10141384.0,10.2,10.2,9.95,10.1,-0.4,1203.0
2026-03-10,3024,399258.0,4036966.0,10.2,10.3,10.05,10.1,0.0,611.0
2026-03-11,3024,785830.0,8121544.0,10.15,10.45,10.15,10.4,0.3,924.0
2026-03-12,3024,715466.0,7370183.0,10.4,10.45,10.2,10.25,-0.15,638.0
2026-03-13,3024,626712.0,6349138.0,10.25,10.25,10.05,10.15,-0.1,462.0
2026-03-16,3024,407892.0,4127944.0,10.15,10.2,10.05,10.2,0.05,495.0
2026-03-17,3024,1137749.0,11811879.0,10.3,10.5,10.25,10.4,0.2,632.0
2026-03-18,3024,932156.0,9894161.0,10.5,10.75,10.5,10.7,0.3,734.0
2026-03-19,3024,1373994.0,14820322.0,10.9,10.9,10.6,10.75,0.05,751.0
2026-03-20,3024,642632.0,6866158.0,10.7,10.8,10.5,10.7,-0.05,489.0
2026-03-23,3024,806623.0,8309320.0,10.4,10.45,10.2,10.25,-0.45,806.0
2026-03-24,3024,620272.0,6301400.0,10.3,10.4,10.05,10.2,-0.05,521.0
2026-03-25,3024,455204.0,4627622.0,10.3,10.3,10.1,10.15,-0.05,340.0
2026-03-26,3024,458060.0,4663196.0,10.25,10.25,10.1,10.15,0.0,267.0
2026-03-27,3024,855025.0,8593903.0,10.15,10.2,9.98,10.2,0.05,457.0
2026-03-30,3024,499623.0,5032178.0,10.15,10.15,10.0,10.1,-0.1,381.0
2026-03-31,3024,1076151.0,10749296.0,10.0,10.1,9.94,9.97,-0.13,922.0
2026-04-01,3024,570794.0,5723931.0,10.05,10.1,10.0,10.0,0.03,285.0
2026-04-02,3024,992390.0,10060287.0,10.05,10.25,9.98,10.2,0.2,416.0
2026-04-07,3024,468762.0,4775240.0,10.3,10.3,10.1,10.15,-0.05,314.0
2026-04-08,3024,724697.0,7449752.0,10.25,10.35,10.2,10.35,0.2,289.0
2026-04-09,3024,802255.0,8109829.0,10.35,10.35,10.05,10.05,-0.3,473.0
2026-04-10,3024,657943.0,6648752.0,10.1,10.2,10.05,10.1,0.05,311.0
2026-04-13,3024,1257869.0,12741120.0,10.1,10.2,10.05,10.2,0.1,420.0
2026-04-14,3024,913548.0,9204204.0,10.25,10.25,10.0,10.05,-0.15,544.0
2026-04-15,3024,1897873.0,19045883.0,10.1,10.15,10.0,10.05,0.0,537.0
2026-04-16,3024,2317358.0,23827720.0,10.05,10.45,10.05,10.4,0.35,748.0
2026-04-17,3024,3714953.0,39775440.0,10.5,11.0,10.45,10.95,0.55,1263.0
2026-04-20,3024,6566548.0,78218662.0,11.4,12.0,11.35,12.0,1.05,2200.0
2026-04-21,3024,6974046.0,91523062.0,13.1,13.2,12.65,13.2,1.2,1867.0
2026-04-22,3024,15482209.0,212509777.0,14.2,14.2,13.35,13.95,0.75,4708.0
2026-04-23,3024,9753633.0,133162336.0,13.55,14.2,13.2,14.05,0.1,3146.0
2026-04-24,3024,5717224.0,79909277.0,14.4,14.55,13.65,13.8,-0.25,2052.0
2026-04-27,3024,4355044.0,59067963.0,13.85,13.95,13.2,13.7,-0.1,1436.0
2026-04-28,3024,2829673.0,38220226.0,13.85,13.85,13.35,13.5,-0.2,1078.0
2026-04-29,3024,2602314.0,34991141.0,13.6,13.8,13.0,13.1,-0.4,1151.0
2026-04-30,3024,2469122.0,31693926.0,13.2,13.3,12.55,12.7,-0.4,1273.0
2026-05-04,3024,2386210.0,31062148.0,12.9,13.3,12.75,13.3,0.6,1011.0
2026-05-05,3024,3183038.0,43196537.0,13.15,13.8,13.1,13.8,0.5,1198.0
2026-05-06,3024,3917309.0,54009756.0,14.0,14.1,13.6,13.85,0.05,1154.0
2026-05-07,3024,10343071.0,151640208.0,14.05,15.2,13.8,14.6,0.75,3436.0
2026-05-08,3024,4213654.0,59773609.0,14.55,14.7,14.0,14.25,-0.35,1644.0
2026-05-11,3024,3765134.0,54799065.0,14.35,14.85,14.25,14.55,0.3,1283.0
2026-05-12,3024,2834268.0,41890798.0,14.7,14.95,14.6,14.85,0.3,1058.0
2026-05-13,3024,4880179.0,74630287.0,14.95,15.85,14.9,15.4,0.55,1890.0
2026-05-14,3024,10894967.0,180583694.0,15.75,16.9,15.75,16.55,1.15,3317.0
2026-05-15,3024,9045674.0,151934556.0,16.7,17.75,16.45,16.85,0.3,2717.0
2026-05-18,3024,7458185.0,129845440.0,17.0,17.95,16.95,17.8,0.95,2466.0
2026-05-19,3024,8784838.0,157826668.0,18.05,18.4,17.1,17.4,-0.4,3325.0
2026-05-20,3024,4598533.0,81951799.0,17.6,18.4,17.5,17.8,0.4,1847.0
2026-05-21,3024,6003127.0,103466434.0,18.05,18.05,16.65,17.15,-0.65,2913.0
2026-05-22,3024,3534283.0,61191847.0,17.1,17.75,16.6,17.6,0.45,1518.0
2026-05-25,3024,7539508.0,125572248.0,17.95,17.95,15.9,16.05,-1.55,3260.0
2026-05-26,3024,3156954.0,50007193.0,16.05,16.25,15.5,16.1,0.05,1461.0
2026-05-27,3024,2034013.0,32408808.0,16.2,16.35,15.65,15.85,-0.25,1054.0
2026-05-28,3024,2081309.0,32631826.0,15.85,15.95,15.4,15.55,-0.3,1058.0
2026-05-29,3024,3698605.0,55186407.0,15.8,15.8,14.55,14.8,-0.75,1601.0
2026-06-01,3024,4909070.0,69868197.0,14.75,14.75,13.95,14.0,-0.8,1895.0
2026-06-02,3024,4245355.0,57672193.0,14.15,14.15,13.3,13.8,-0.2,1628.0
2026-06-03,3024,3375770.0,46845642.0,14.1,14.1,13.65,13.85,0.05,1246.0
2026-06-04,3024,2461710.0,33969824.0,13.7,14.0,13.6,13.8,-0.05,970.0
2026-06-05,3024,2435308.0,32368020.0,13.7,13.7,13.1,13.15,-0.65,1123.0
2026-06-08,3024,2578360.0,32119808.0,12.3,12.85,12.0,12.7,-0.45,1320.0
2026-06-09,3024,1907956.0,24101760.0,12.85,12.95,12.45,12.7,0.0,986.0
2026-06-10,3024,2242739.0,28259198.0,12.7,12.95,12.25,12.25,-0.45,1126.0
2026-06-11,3024,1758249.0,21322000.0,12.25,12.3,11.85,12.2,-0.05,816.0
2026-06-12,3024,1472087.0,18231284.0,12.45,12.5,12.25,12.4,0.2,661.0
2026-06-15,3024,1057821.0,13230982.0,12.6,12.6,12.4,12.5,0.1,496.0
2026-06-16,3024,1204058.0,14706035.0,12.5,12.5,12.1,12.15,-0.35,730.0
2026-06-17,3024,1464095.0,18114942.0,12.15,12.55,12.05,12.5,0.35,646.0
2026-06-18,3024,1141695.0,14105169.0,12.55,12.55,12.2,12.2,-0.3,686.0
2026-06-22,3024,1549998.0,19170785.0,12.3,12.5,12.2,12.5,0.3,731.0
2026-06-23,3024,1008605.0,12434053.0,12.55,12.55,12.2,12.3,-0.2,535.0
2026-06-24,3024,901536.0,11127918.0,12.3,12.55,12.1,12.45,0.15,464.0
2026-06-25,3024,799231.0,9905901.0,12.5,12.5,12.3,12.5,0.05,431.0
2026-06-26,3024,1387471.0,16906935.0,12.45,12.45,12.0,12.0,-0.5,701.0
2026-06-29,3024,851869.0,10190056.0,12.0,12.05,11.85,12.05,0.05,642.0
2026-06-30,3024,839493.0,10162186.0,12.1,12.3,12.0,12.3,0.25,422.0
2026-07-01,3024,1420813.0,17200373.0,12.35,12.35,11.95,12.05,-0.25,715.0
2026-07-02,3024,2100617.0,25824095.0,12.05,12.6,12.05,12.15,0.1,854.0
2026-07-03,3024,1153741.0,14215206.0,12.05,12.5,12.05,12.5,0.35,573.0
2026-07-06,3024,1198643.0,14967391.0,12.6,12.65,12.35,12.5,0.0,630.0
2026-07-07,3024,1386261.0,17037976.0,12.6,12.6,12.15,12.3,-0.2,559.0
2026-07-08,3024,1416537.0,17456332.0,12.45,12.5,12.2,12.45,0.15,673.0
2026-07-09,3024,2617800.0,31828866.0,12.35,12.55,11.8,12.4,0.0,1153.0
2026-07-13,3024,2279761.0,27844616.0,12.4,12.4,12.1,12.3,-0.1,732.0
2026-07-14,3024,2184431.0,27152467.0,12.45,12.65,12.15,12.6,0.3,908.0
2026-07-15,3024,4601602.0,60267162.0,12.8,13.55,12.65,13.25,0.65,1922.0
2026-07-16,3024,3967749.0,53487819.0,13.25,13.7,13.15,13.65,0.4,1499.0
2026-07-17,3024,9581674.0,135952465.0,13.6,14.65,13.6,14.2,0.55,3919.0
2026-07-20,3024,9982995.0,145694416.0,14.3,15.3,13.65,13.85,-0.35,4110.0
2026-07-21,3024,3622001.0,50184368.0,13.9,14.15,13.65,13.75,-0.1,1346.0
2026-07-22,3024,5902302.0,77450183.0,13.75,14.05,12.7,13.2,-0.55,2382.0
2026-07-23,3024,1673654.0,22006403.0,13.3,13.5,12.9,13.25,0.05,802.0
2026-07-24,3024,1225127.0,16324374.0,13.25,13.5,13.15,13.3,0.05,598.0
2026-07-27,3024,1216008.0,15751217.0,13.3,13.3,12.85,13.05,-0.25,588.0
2026-07-28,3024,1799900.0,22736534.0,13.0,13.0,12.35,12.75,-0.3,853.0
2026-07-29,3024,1914541.0,23492065.0,12.8,12.8,12.0,12.35,-0.4,800.0
2026-07-30,3024,1626277.0,19624141.0,12.0,12.4,11.85,11.85,-0.5,608.0
2026-07-31,3024,916107.0,11184612.0,12.4,12.5,12.1,12.1,0.25,446.0
2026-08-03,3024,640236.0,7828417.0,12.0,12.4,12.0,12.25,0.15,378.0
2026-08-04,3024,604536.0,7442224.0,12.25,12.5,12.2,12.4,0.15,376.0
2026-08-05,3024,1022989.0,12734025.0,12.55,12.6,12.35,12.5,0.1,466.0
2026-08-06,3024,774183.0,9724289.0,12.6,12.7,12.45,12.6,0.1,411.0
2026-08-07,3024,1303519.0,16440954.0,12.6,12.75,12.55,12.7,0.1,451.0
2026-08-10,3024,878428.0,11366346.0,12.7,13.1,12.7,13.1,0.4,440.0
2026-08-11,3024,933759.0,12156145.0,13.1,13.3,12.8,13.2,0.1,392.0
2026-08-12,3024,1208031.0,16015196.0,13.3,13.45,13.05,13.35,0.15,453.0
2026-08-13,3024,1248312.0,16625922.0,13.35,13.45,13.2,13.45,0.1,465.0
2026-08-14,3024,1283015.0,17174679.0,13.6,13.65,13.3,13.45,0.0,468.0
2026-08-17,3024,1521930.0,20893334.0,13.55,13.9,13.5,13.9,0.45,706.0
2026-08-18,3024,2086635.0,28443232.0,13.9,13.95,13.35,13.45,-0.45,653.0
2026-08-19,3024,806852.0,10836415.0,13.4,13.55,13.25,13.45,0.0,398.0
2026-08-20,3024,679269.0,9244479.0,13.5,13.7,13.5,13.7,0.25,345.0
2026-08-21,3024,739769.0,10190039.0,13.75,13.9,13.6,13.85,0.15,353.0
2026-08-24,3024,2178683.0,31012430.0,13.9,14.6,13.9,14.5,0.65,1006.0
2026-08-25,3024,2639449.0,38345573.0,14.55,14.75,14.4,14.5,0.0,892.0
2026-08-26,3024,1828208.0,26844658.0,14.5,14.9,14.5,14.65,0.15,814.0
2026-08-27,3024,1341731.0,19528082.0,14.65,14.9,14.4,14.6,-0.05,715.0
2026-08-28,3024,1505597.0,22046350.0,14.6,14.8,14.5,14.65,0.05,615.0
2026-08-31,3024,2385291.0,35002390.0,14.6,15.0,14.35,14.95,0.3,849.0
2026-09-01,3024,2245000.0,33492277.0,14.95,15.15,14.75,14.85,-0.1,791.0
2026-09-02,3024,636516.0,9371353.0,14.95,14.95,14.7,14.8,-0.05,325.0
2026-09-03,3024,1311220.0,19327912.0,14.8,15.0,14.6,14.65,-0.15,498.0
2026-09-04,3024,1741939.0,24796506.0,14.65,14.65,14.05,14.05,-0.6,951.0
2026-09-07,3024,879446.0,12530507.0,14.05,14.4,14.05,14.3,0.25,466.0
2026-09-08,3024,1104427.0,15387945.0,14.45,14.45,13.7,13.8,-0.5,548.0
2026-09-09,3024,758931.0,10563297.0,13.8,14.05,13.7,13.95,0.15,345.0
