date,stock_id,Trading_Volume,Trading_money,open,max,min,close,spread,Trading_turnover
2016-01-04,3025,82023.0,664585.0,8.3,8.3,8.01,8.1,-0.25,44.0
2016-01-05,3025,47005.0,383530.0,8.06,8.3,8.02,8.29,0.19,20.0
2016-01-06,3025,49002.0,401196.0,8.15,8.29,8.12,8.23,-0.06,16.0
2016-01-07,3025,49635.0,404575.0,8.25,8.28,8.1,8.22,-0.01,34.0
2016-01-08,3025,77004.0,644952.0,8.23,8.5,8.22,8.3,0.08,58.0
2016-01-11,3025,24005.0,197690.0,8.25,8.35,8.15,8.3,0.0,22.0
2016-01-12,3025,30004.0,248422.0,8.3,8.4,8.2,8.27,-0.03,25.0
2016-01-13,3025,18002.0,148336.0,8.24,8.42,8.18,8.26,-0.01,17.0
2016-01-14,3025,51004.0,421326.0,8.24,8.35,8.2,8.29,0.03,27.0
2016-01-15,3025,22000.0,183240.0,8.24,8.4,8.21,8.34,0.05,17.0
2016-01-18,3025,40000.0,332360.0,8.2,8.38,8.2,8.36,0.02,14.0
2016-01-19,3025,39000.0,326500.0,8.27,8.45,8.27,8.45,0.09,21.0
2016-01-20,3025,47000.0,395190.0,8.36,8.58,8.35,8.46,0.01,23.0
2016-01-21,3025,39000.0,330450.0,8.53,8.59,8.36,8.38,-0.08,30.0
2016-01-22,3025,33000.0,276170.0,8.4,8.49,8.32,8.49,0.11,21.0
2016-01-25,3025,74850.0,642422.0,8.6,8.78,8.49,8.57,0.08,45.0
2016-01-26,3025,82004.0,705792.0,8.6,8.73,8.55,8.72,0.15,44.0
2016-01-27,3025,344000.0,3255830.0,8.8,9.59,8.8,9.59,0.87,120.0
2016-01-28,3025,1708010.0,17721504.0,10.05,10.5,10.05,10.5,0.91,611.0
2016-01-29,3025,793043.0,8173430.0,10.5,10.6,10.05,10.3,-0.2,387.0
2016-01-30,3025,532004.0,5417840.0,10.3,10.5,10.0,10.35,0.05,252.0
2016-02-01,3025,366011.0,3683320.0,10.3,10.3,9.91,10.2,-0.15,162.0
2016-02-02,3025,170005.0,1716560.0,10.25,10.3,9.93,9.95,-0.25,112.0
2016-02-03,3025,360025.0,3609060.0,9.95,10.4,9.77,10.0,0.05,167.0
2016-02-15,3025,219042.0,2211420.0,10.0,10.35,10.0,10.35,0.35,129.0
2016-02-16,3025,582018.0,6245830.0,10.4,11.25,10.2,10.3,-0.05,308.0
2016-02-17,3025,174038.0,1792683.0,10.3,10.35,10.25,10.3,0.0,111.0
2016-02-18,3025,72390.0,744877.0,10.45,10.45,10.25,10.25,-0.05,45.0
2016-02-19,3025,135000.0,1390499.0,10.25,10.5,10.2,10.3,0.05,64.0
2016-02-22,3025,146010.0,1505850.0,10.45,10.45,10.3,10.35,0.05,62.0
2016-02-23,3025,723000.0,8004700.0,10.5,11.35,10.4,11.35,1.0,292.0
2016-02-24,3025,466103.0,5248500.0,11.5,11.5,11.1,11.25,-0.1,197.0
2016-02-25,3025,646032.0,7633354.0,11.65,12.2,11.45,11.5,0.25,350.0
2016-02-26,3025,140390.0,1605139.0,11.8,11.8,11.3,11.5,0.0,103.0
2016-03-01,3025,156018.0,1793648.0,11.5,11.75,11.35,11.65,0.15,88.0
2016-03-02,3025,187500.0,2183934.0,11.65,11.9,11.5,11.8,0.15,95.0
2016-03-03,3025,170015.0,1984015.0,11.7,12.0,11.55,11.7,-0.1,92.0
2016-03-04,3025,177024.0,2064465.0,11.85,11.85,11.55,11.7,0.0,85.0
2016-03-07,3025,70042.0,827970.0,11.7,11.95,11.7,11.75,0.05,79.0
2016-03-08,3025,160507.0,1873223.0,11.75,11.85,11.55,11.75,0.0,60.0
2016-03-09,3025,113024.0,1311414.0,11.6,11.7,11.55,11.55,-0.2,68.0
2016-03-10,3025,99018.0,1165598.0,11.55,11.9,11.55,11.9,0.35,73.0
2016-03-11,3025,51038.0,605168.0,11.9,11.9,11.8,11.9,0.0,64.0
2016-03-14,3025,259098.0,3138445.0,11.95,12.4,11.75,11.9,0.0,166.0
2016-03-15,3025,200017.0,2334488.0,11.9,11.9,11.55,11.55,-0.35,69.0
2016-03-16,3025,83006.0,962866.0,11.55,11.85,11.4,11.85,0.3,50.0
2016-03-17,3025,222200.0,2565273.0,11.8,11.8,11.4,11.5,-0.35,73.0
2016-03-18,3025,158002.0,1825922.0,11.55,11.7,11.5,11.6,0.1,50.0
2016-03-21,3025,157026.0,1830690.0,11.6,11.9,11.55,11.55,-0.05,75.0
2016-03-22,3025,489011.0,5919182.0,11.6,12.55,11.6,11.9,0.35,244.0
2016-03-23,3025,152780.0,1839624.0,11.8,12.25,11.75,11.95,0.05,79.0
2016-03-24,3025,75020.0,871075.0,11.8,11.8,11.55,11.7,-0.25,51.0
2016-03-25,3025,120384.0,1453858.0,11.75,12.25,11.75,12.05,0.35,93.0
2016-03-28,3025,174011.0,2027221.0,12.1,12.2,11.5,11.75,-0.3,76.0
2016-03-29,3025,54534.0,641265.0,11.7,12.1,11.7,11.85,0.1,42.0
2016-03-30,3025,89005.0,1054155.0,11.75,12.05,11.7,11.7,-0.15,44.0
2016-03-31,3025,383195.0,4609490.0,11.9,12.15,11.9,12.1,0.4,129.0
2016-04-01,3025,34568.0,413446.0,12.1,12.15,11.8,11.9,-0.2,36.0
2016-04-06,3025,123045.0,1423706.0,11.9,11.9,11.5,11.55,-0.35,82.0
2016-04-07,3025,174010.0,2004613.0,11.5,11.6,11.45,11.55,0.0,64.0
2016-04-08,3025,157028.0,1813058.0,11.55,11.6,11.5,11.55,0.0,55.0
2016-04-11,3025,375075.0,4284275.0,11.5,11.7,11.35,11.35,-0.2,141.0
2016-04-12,3025,642010.0,6943500.0,11.4,11.55,10.6,10.6,-0.75,145.0
2016-04-13,3025,124040.0,1329407.0,10.65,10.9,10.45,10.8,0.2,80.0
2016-04-14,3025,81022.0,877620.0,10.9,10.9,10.7,10.85,0.05,50.0
2016-04-15,3025,184040.0,1950250.0,10.75,10.85,10.55,10.75,-0.1,103.0
2016-04-18,3025,35031.0,372710.0,10.7,10.8,10.6,10.8,0.05,49.0
2016-04-19,3025,43140.0,460909.0,10.65,10.75,10.65,10.75,-0.05,92.0
2016-04-20,3025,59118.0,630435.0,10.6,10.9,10.6,10.8,0.05,139.0
2016-04-21,3025,24000.0,257050.0,10.65,10.85,10.65,10.65,-0.15,12.0
2016-04-22,3025,151009.0,1553740.0,10.8,10.8,10.05,10.55,-0.1,78.0
2016-04-25,3025,102003.0,1082280.0,10.95,11.0,10.4,10.55,0.0,62.0
2016-04-26,3025,244000.0,2592100.0,10.5,10.9,10.1,10.85,0.3,150.0
2016-04-27,3025,69007.0,740627.0,10.6,11.0,10.6,10.9,0.05,40.0
2016-04-28,3025,51000.0,535100.0,10.7,10.85,10.35,10.55,-0.35,28.0
2016-04-29,3025,76002.0,783670.0,10.4,10.5,10.25,10.5,-0.05,29.0
2016-05-03,3025,41007.0,422170.0,10.3,10.3,10.2,10.3,-0.2,22.0
2016-05-04,3025,9001.0,93410.0,10.3,10.55,10.3,10.55,0.25,9.0
2016-05-05,3025,6003.0,62231.0,10.4,10.4,10.35,10.4,-0.15,8.0
2016-05-06,3025,70023.0,710686.0,10.25,10.25,9.9,10.25,-0.15,41.0
2016-05-09,3025,25000.0,259350.0,10.15,10.55,10.1,10.5,0.25,11.0
2016-05-10,3025,51117.0,539816.0,10.75,10.9,10.35,10.45,-0.05,23.0
2016-05-11,3025,19000.0,198250.0,10.3,10.55,10.3,10.5,0.05,14.0
2016-05-12,3025,16002.0,167570.0,10.45,10.5,10.35,10.5,0.0,9.0
2016-05-13,3025,32000.0,326300.0,10.5,10.65,10.0,10.05,-0.45,19.0
2016-05-16,3025,18000.0,181450.0,10.1,10.1,10.0,10.1,0.05,7.0
2016-05-17,3025,84002.0,845530.0,10.05,10.6,9.89,10.05,-0.05,51.0
2016-05-18,3025,15001.0,149170.0,10.1,10.1,9.91,10.0,-0.05,9.0
2016-05-19,3025,13001.0,128920.0,10.1,10.1,9.87,9.99,-0.01,10.0
2016-05-20,3025,21004.0,208600.0,9.95,10.0,9.81,10.0,0.01,16.0
2016-05-23,3025,70001.0,697470.0,9.99,10.15,9.93,10.0,0.0,24.0
2016-05-24,3025,31004.0,309340.0,9.82,10.1,9.82,10.1,0.1,17.0
2016-05-25,3025,25001.0,249370.0,10.1,10.1,9.93,9.94,-0.16,19.0
2016-05-26,3025,7002.0,70179.0,9.94,10.15,9.94,9.99,0.05,5.0
2016-05-27,3025,55002.0,544658.0,9.93,9.93,9.9,9.9,-0.09,22.0
2016-05-30,3025,69002.0,686360.0,9.9,10.2,9.83,10.1,0.2,36.0
2016-05-31,3025,24000.0,244400.0,9.95,10.45,9.95,10.1,0.0,18.0
2016-06-01,3025,20002.0,201580.0,10.0,10.15,9.96,10.15,0.05,13.0
2016-06-02,3025,22001.0,223560.0,10.2,10.3,10.0,10.05,-0.1,19.0
2016-06-03,3025,664202.0,6643160.0,10.05,10.25,10.0,10.1,0.05,43.0
2016-06-04,3025,36000.0,366450.0,10.1,10.3,10.1,10.15,0.05,23.0
2016-06-06,3025,125200.0,1322249.0,10.2,10.9,10.2,10.55,0.4,81.0
2016-06-07,3025,63196.0,671846.0,10.65,10.8,10.5,10.75,0.2,40.0
2016-06-08,3025,31002.0,326620.0,10.75,10.75,10.45,10.45,-0.3,19.0
2016-06-13,3025,40006.0,405960.0,10.45,10.45,10.05,10.15,-0.3,28.0
2016-06-14,3025,45001.0,450240.0,10.0,10.1,9.99,10.1,-0.05,25.0
2016-06-15,3025,5001.0,50660.0,10.05,10.2,10.05,10.1,0.0,5.0
2016-06-16,3025,28001.0,281360.0,10.1,10.3,10.0,10.1,0.0,9.0
2016-06-17,3025,15004.0,154890.0,10.4,10.4,10.1,10.2,0.1,10.0
2016-06-20,3025,17001.0,175060.0,10.4,10.5,10.05,10.2,0.0,15.0
2016-06-21,3025,49107.0,494820.0,10.15,10.3,10.05,10.05,-0.15,21.0
2016-06-22,3025,44000.0,442400.0,10.1,10.1,10.05,10.1,0.05,18.0
2016-06-23,3025,16001.0,160910.0,10.05,10.1,10.05,10.1,0.0,9.0
2016-06-24,3025,121000.0,1185130.0,10.1,10.1,9.61,9.84,-0.26,52.0
2016-06-27,3025,75002.0,734788.0,9.8,9.95,9.67,9.9,0.06,35.0
2016-06-28,3025,41512.0,407897.0,9.99,10.0,9.71,9.92,0.02,32.0
2016-06-29,3025,45001.0,453459.0,10.0,10.2,10.0,10.0,0.08,30.0
2016-06-30,3025,30002.0,301470.0,10.2,10.35,10.0,10.0,0.0,21.0
2016-07-01,3025,30001.0,306110.0,10.25,10.3,10.1,10.15,0.15,15.0
2016-07-04,3025,29195.0,295050.0,10.15,10.25,10.1,10.1,-0.05,13.0
2016-07-05,3025,92500.0,932800.0,10.05,10.1,10.05,10.1,0.0,25.0
2016-07-06,3025,40004.0,404840.0,10.1,10.2,10.05,10.15,0.05,22.0
2016-07-07,3025,83000.0,838950.0,10.2,10.3,10.05,10.1,-0.05,23.0
2016-07-11,3025,37006.0,375510.0,10.15,10.3,10.1,10.15,0.05,25.0
2016-07-12,3025,18000.0,181950.0,10.15,10.15,10.1,10.15,0.0,10.0
2016-07-13,3025,4006.0,40510.0,10.1,10.15,10.1,10.15,0.0,10.0
2016-07-14,3025,26950.0,272500.0,10.15,10.2,10.1,10.1,-0.05,17.0
2016-07-15,3025,201001.0,2016210.0,10.1,10.25,10.0,10.1,0.0,46.0
2016-07-18,3025,60000.0,604550.0,10.1,10.1,10.05,10.1,0.0,15.0
2016-07-19,3025,112001.0,1135360.0,10.1,10.4,10.1,10.3,0.2,45.0
2016-07-20,3025,83000.0,846100.0,10.3,10.3,10.15,10.3,0.0,26.0
2016-07-21,3025,680020.0,7621026.0,10.4,11.3,10.4,11.3,1.0,203.0
2016-07-22,3025,534314.0,5895604.0,11.05,11.2,10.9,10.9,-0.4,237.0
2016-07-25,3025,66004.0,715940.0,10.9,11.0,10.75,10.75,-0.15,44.0
2016-07-26,3025,74000.0,800150.0,11.15,11.15,10.65,10.85,0.1,44.0
2016-07-27,3025,35170.0,376131.0,10.85,10.85,10.55,10.55,-0.3,35.0
2016-07-28,3025,114975.0,1239230.0,10.65,10.9,10.65,10.75,0.2,65.0
2016-07-29,3025,54001.0,579810.0,10.8,10.9,10.65,10.65,-0.1,38.0
2016-08-01,3025,174001.0,1847460.0,10.65,10.7,10.55,10.65,0.0,30.0
2016-08-02,3025,141003.0,1495230.0,10.75,10.75,10.5,10.6,-0.05,50.0
2016-08-03,3025,26003.0,276780.0,10.65,10.75,10.6,10.65,0.05,16.0
2016-08-04,3025,60008.0,641380.0,10.65,10.75,10.65,10.7,0.05,43.0
2016-08-05,3025,129003.0,1395180.0,10.7,10.9,10.65,10.8,0.1,43.0
2016-08-08,3025,126002.0,1381322.0,10.9,11.1,10.8,11.0,0.2,56.0
2016-08-09,3025,94112.0,1014334.0,11.05,11.05,10.65,10.65,-0.35,45.0
2016-08-10,3025,70018.0,747530.0,10.65,10.75,10.65,10.7,0.05,41.0
2016-08-11,3025,105011.0,1096660.0,10.65,10.65,10.2,10.35,-0.35,45.0
2016-08-12,3025,82305.0,846810.0,10.35,10.6,10.2,10.25,-0.1,34.0
2016-08-15,3025,160005.0,1606900.0,10.25,10.25,10.0,10.1,-0.15,58.0
2016-08-16,3025,24009.0,242990.0,10.1,10.15,10.05,10.15,0.05,23.0
2016-08-17,3025,33306.0,338420.0,10.2,10.3,10.05,10.1,-0.05,23.0
2016-08-18,3025,13007.0,133370.0,10.1,10.35,10.1,10.25,0.15,16.0
2016-08-19,3025,33304.0,345547.0,10.3,10.4,10.3,10.3,0.05,36.0
2016-08-22,3025,24034.0,249545.0,10.3,10.55,10.25,10.35,0.05,44.0
2016-08-23,3025,16008.0,165380.0,10.4,10.55,10.2,10.3,-0.05,22.0
2016-08-24,3025,34498.0,353926.0,10.2,10.35,10.2,10.3,0.0,40.0
2016-08-25,3025,45009.0,458690.0,10.35,10.35,10.05,10.25,-0.05,34.0
2016-08-26,3025,45017.0,463221.0,10.2,10.4,10.15,10.25,0.0,35.0
2016-08-29,3025,40055.0,418750.0,10.35,10.6,10.25,10.6,0.35,77.0
2016-08-30,3025,212920.0,2355238.0,10.6,11.45,10.6,11.0,0.4,159.0
2016-08-31,3025,446278.0,5009976.0,11.3,11.45,10.85,10.85,-0.15,212.0
2016-09-01,3025,61001.0,666411.0,10.85,11.0,10.85,11.0,0.15,35.0
2016-09-02,3025,90781.0,992809.0,11.0,11.15,10.8,10.95,-0.05,47.0
2016-09-05,3025,185007.0,2073177.0,10.9,11.35,10.9,11.3,0.35,88.0
2016-09-06,3025,3329814.0,40908742.0,11.3,12.4,11.3,12.4,1.1,966.0
2016-09-07,3025,2026340.0,25467630.0,12.4,13.1,12.2,12.4,0.0,809.0
2016-09-08,3025,1773281.0,22834753.0,12.55,13.35,12.25,12.75,0.35,749.0
2016-09-09,3025,1917101.0,25244064.0,12.95,13.4,12.85,13.4,0.65,706.0
2016-09-10,3025,1116050.0,14817990.0,13.6,13.7,13.0,13.0,-0.4,468.0
2016-09-12,3025,727400.0,9438775.0,13.15,13.4,12.75,12.75,-0.25,303.0
2016-09-13,3025,658000.0,8189950.0,12.8,12.95,12.25,12.3,-0.45,274.0
2016-09-14,3025,503000.0,6084850.0,12.35,12.55,11.85,11.85,-0.45,221.0
2016-09-19,3025,410000.0,4933900.0,12.25,12.25,11.9,11.9,0.05,151.0
2016-09-20,3025,328365.0,4006003.0,11.9,12.6,11.9,12.3,0.4,164.0
2016-09-21,3025,246000.0,2998850.0,12.4,12.4,12.1,12.1,-0.2,132.0
2016-09-22,3025,434009.0,5350612.0,12.25,12.55,12.1,12.45,0.35,180.0
2016-09-23,3025,453065.0,5687505.0,12.65,12.75,12.4,12.4,-0.05,160.0
2016-09-26,3025,202370.0,2481413.0,12.5,12.5,12.15,12.25,-0.15,70.0
2016-09-29,3025,313300.0,3886600.0,12.3,12.55,12.25,12.55,0.3,104.0
2016-09-30,3025,732150.0,9463157.0,12.5,13.2,12.5,12.95,0.4,341.0
2016-10-03,3025,1640250.0,22790000.0,13.25,14.2,13.2,14.2,1.25,513.0
2016-10-04,3025,7544277.0,111539544.0,14.4,15.3,14.35,14.7,0.5,2880.0
2016-10-05,3025,2142275.0,31293968.0,14.95,14.95,14.25,14.35,-0.35,925.0
2016-10-06,3025,1869000.0,26221250.0,14.45,14.45,13.8,14.0,-0.35,737.0
2016-10-07,3025,1635032.0,22216822.0,14.15,14.15,13.15,13.2,-0.8,663.0
2016-10-11,3025,1791003.0,22202536.0,13.3,13.45,11.95,12.05,-1.15,720.0
2016-10-12,3025,605093.0,7329966.0,12.05,12.3,12.0,12.0,-0.05,299.0
2016-10-13,3025,1695000.0,19658150.0,12.05,12.05,11.2,11.5,-0.5,566.0
2016-10-14,3025,1027124.0,11837287.0,11.6,11.85,11.25,11.3,-0.2,428.0
2016-10-17,3025,808080.0,8963440.0,11.3,11.4,10.9,11.15,-0.15,295.0
2016-10-18,3025,1344000.0,15342700.0,11.1,11.65,11.1,11.35,0.2,441.0
2016-10-19,3025,610001.0,6956561.0,11.45,11.5,11.25,11.25,-0.1,202.0
2016-10-20,3025,260000.0,2922650.0,11.25,11.35,11.15,11.25,0.0,134.0
2016-10-21,3025,363000.0,4108750.0,11.3,11.45,11.25,11.25,0.0,137.0
2016-10-24,3025,683050.0,7622750.0,11.3,11.35,11.0,11.05,-0.2,237.0
2016-10-25,3025,1256002.0,14224972.0,11.1,11.5,11.05,11.35,0.3,383.0
2016-10-26,3025,340003.0,3830483.0,11.3,11.4,11.2,11.2,-0.15,141.0
2016-10-27,3025,492009.0,5444499.0,11.2,11.25,11.0,11.05,-0.15,154.0
2016-10-28,3025,286003.0,3151283.0,11.1,11.1,10.95,10.95,-0.1,106.0
2016-10-31,3025,649030.0,6973411.0,10.95,11.0,10.6,10.65,-0.3,230.0
2016-11-01,3025,432005.0,4547750.0,10.65,10.65,10.45,10.55,-0.1,130.0
2016-11-02,3025,400002.0,4157720.0,10.5,10.55,10.3,10.35,-0.2,145.0
2016-11-03,3025,547076.0,5617327.0,10.4,10.45,10.1,10.15,-0.2,175.0
2016-11-04,3025,1239032.0,12891179.0,10.15,10.55,10.05,10.25,0.1,295.0
2016-11-07,3025,611005.0,6367250.0,10.3,10.6,10.2,10.25,0.0,197.0
2016-11-08,3025,299000.0,3061950.0,10.4,10.4,10.15,10.15,-0.1,105.0
2016-11-09,3025,724003.0,7252157.0,10.4,10.4,9.77,9.77,-0.38,255.0
2016-11-10,3025,270000.0,2724300.0,10.0,10.3,10.0,10.1,0.33,132.0
2016-11-11,3025,396001.0,3964430.0,10.05,10.1,9.94,9.97,-0.13,118.0
2016-11-14,3025,188005.0,1876660.0,10.0,10.1,9.76,10.0,0.03,97.0
2016-11-15,3025,196003.0,1980230.0,10.05,10.15,10.0,10.15,0.15,78.0
2016-11-16,3025,176003.0,1820280.0,10.2,10.5,10.2,10.25,0.1,89.0
2016-11-17,3025,138000.0,1397500.0,10.25,10.25,10.05,10.1,-0.15,43.0
2016-11-18,3025,316001.0,3217710.0,10.1,10.3,10.1,10.3,0.2,88.0
2016-11-21,3025,161005.0,1634900.0,10.2,10.4,10.05,10.1,-0.2,76.0
2016-11-22,3025,183001.0,1879260.0,10.2,10.35,10.15,10.2,0.1,77.0
2016-11-23,3025,216121.0,2212262.0,10.3,10.35,10.15,10.25,0.05,92.0
2016-11-24,3025,2608006.0,28711166.0,10.35,11.25,10.3,11.1,0.85,967.0
2016-11-25,3025,686002.0,7537974.0,11.2,11.25,10.8,10.85,-0.25,300.0
2016-11-28,3025,760000.0,8139400.0,11.15,11.15,10.6,10.65,-0.2,321.0
2016-11-29,3025,503008.0,5323332.0,10.7,10.8,10.5,10.6,-0.05,153.0
2016-11-30,3025,369277.0,3983363.0,10.75,10.9,10.7,10.8,0.2,149.0
2016-12-01,3025,558002.0,6195322.0,10.8,11.4,10.8,11.0,0.2,278.0
2016-12-02,3025,435001.0,4785411.0,11.0,11.1,10.85,11.0,0.0,128.0
2016-12-05,3025,426003.0,4779833.0,11.0,11.4,10.9,11.2,0.2,204.0
2016-12-06,3025,416006.0,4660217.0,11.35,11.35,11.1,11.25,0.05,134.0
2016-12-07,3025,429044.0,4870950.0,11.35,11.55,11.2,11.35,0.1,173.0
2016-12-08,3025,516018.0,5881851.0,11.35,11.5,11.2,11.25,-0.1,167.0
2016-12-09,3025,286000.0,3254150.0,11.3,11.45,11.3,11.35,0.1,117.0
2016-12-12,3025,548028.0,6306719.0,11.45,11.7,11.35,11.4,0.05,201.0
2016-12-13,3025,183130.0,2082588.0,11.4,11.45,11.35,11.35,-0.05,63.0
2016-12-14,3025,157002.0,1789272.0,11.45,11.5,11.3,11.4,0.05,61.0
2016-12-15,3025,218309.0,2484390.0,11.45,11.55,11.3,11.35,-0.05,76.0
2016-12-16,3025,491152.0,5693704.0,11.4,11.65,11.4,11.55,0.2,202.0
2016-12-19,3025,235151.0,2677306.0,11.6,11.6,11.3,11.3,-0.25,86.0
2016-12-20,3025,91010.0,1024810.0,11.4,11.4,11.2,11.3,0.0,55.0
2016-12-21,3025,116000.0,1307550.0,11.3,11.35,11.2,11.25,-0.05,46.0
2016-12-22,3025,158001.0,1770361.0,11.25,11.25,11.15,11.2,-0.05,62.0
2016-12-23,3025,119002.0,1325172.0,11.3,11.3,11.05,11.05,-0.15,50.0
2016-12-26,3025,134585.0,1495243.0,11.15,11.15,11.05,11.15,0.1,41.0
2016-12-27,3025,1420394.0,16964355.0,11.15,12.25,11.1,12.25,1.1,494.0
2016-12-28,3025,1122244.0,13420737.0,12.25,12.25,11.75,11.75,-0.5,519.0
2016-12-29,3025,381007.0,4517129.0,11.75,12.05,11.7,11.75,0.0,173.0
2016-12-30,3025,206250.0,2424373.0,11.8,11.9,11.65,11.65,-0.1,96.0
2017-01-03,3025,142390.0,1652018.0,11.6,11.65,11.5,11.65,0.0,83.0
2017-01-04,3025,308006.0,3624166.0,11.65,11.9,11.65,11.7,0.05,145.0
2017-01-05,3025,223004.0,2629494.0,11.7,11.95,11.65,11.75,0.05,103.0
2017-01-06,3025,134008.0,1576941.0,11.9,11.9,11.7,11.75,0.0,61.0
2017-01-09,3025,307045.0,3550562.0,11.75,11.75,11.5,11.5,-0.25,107.0
2017-01-10,3025,149001.0,1696711.0,11.5,11.5,11.3,11.45,-0.05,76.0
2017-01-11,3025,312005.0,3528655.0,11.35,11.35,11.25,11.3,-0.15,106.0
2017-01-12,3025,625001.0,7153911.0,11.3,11.6,11.25,11.35,0.05,149.0
2017-01-13,3025,80003.0,908333.0,11.4,11.5,11.3,11.35,0.0,40.0
2017-01-16,3025,121010.0,1375811.0,11.35,11.6,11.2,11.4,0.05,51.0
2017-01-17,3025,68370.0,774079.0,11.4,11.4,11.3,11.3,-0.1,35.0
2017-01-18,3025,113004.0,1280794.0,11.3,11.4,11.25,11.35,0.05,59.0
2017-01-19,3025,80008.0,907889.0,11.3,11.45,11.3,11.35,0.0,33.0
2017-01-20,3025,44002.0,499022.0,11.3,11.35,11.3,11.3,-0.05,28.0
2017-01-23,3025,95003.0,1071233.0,11.4,11.4,11.25,11.25,-0.05,38.0
2017-01-24,3025,627002.0,7328922.0,11.25,11.85,11.25,11.6,0.35,294.0
2017-02-02,3025,87015.0,992865.0,11.65,11.65,11.35,11.4,-0.2,63.0
2017-02-03,3025,196014.0,2230954.0,11.4,11.5,11.3,11.5,0.1,101.0
2017-02-06,3025,154005.0,1775955.0,11.65,11.65,11.5,11.5,0.0,64.0
2017-02-07,3025,611001.0,7074861.0,11.5,11.75,11.35,11.7,0.2,156.0
2017-02-08,3025,1353010.0,15907110.0,11.8,11.9,11.5,11.5,-0.2,359.0
2017-02-09,3025,381007.0,4304427.0,11.4,11.4,11.2,11.25,-0.25,181.0
2017-02-10,3025,244011.0,2731821.0,11.25,11.3,11.15,11.15,-0.1,101.0
2017-02-13,3025,393748.0,4373999.0,11.15,11.3,11.05,11.15,0.0,118.0
2017-02-14,3025,103011.0,1147871.0,11.1,11.2,11.1,11.15,0.0,46.0
2017-02-15,3025,169030.0,1902630.0,11.2,11.35,11.2,11.3,0.15,115.0
2017-02-16,3025,92118.0,1028718.0,11.3,11.3,11.0,11.1,-0.2,56.0
2017-02-17,3025,158030.0,1781730.0,11.1,11.4,11.1,11.3,0.2,82.0
2017-02-18,3025,162023.0,1841306.0,11.4,11.45,11.25,11.3,0.0,77.0
2017-02-20,3025,148039.0,1681633.0,11.25,11.45,11.25,11.3,0.0,89.0
2017-02-21,3025,130021.0,1451081.0,11.3,11.3,11.1,11.2,-0.1,59.0
2017-02-22,3025,92195.0,1034622.0,11.2,11.3,11.2,11.25,0.05,80.0
2017-02-23,3025,170020.0,1917770.0,11.4,11.4,11.15,11.15,-0.1,74.0
2017-02-24,3025,79009.0,883449.0,11.2,11.2,11.15,11.15,0.0,36.0
2017-03-01,3025,163975.0,1822675.0,11.05,11.2,11.05,11.1,-0.05,109.0
2017-03-02,3025,157014.0,1748854.0,11.15,11.25,11.1,11.2,0.1,68.0
2017-03-03,3025,1979524.0,22888469.0,11.15,11.85,11.15,11.45,0.25,546.0
2017-03-06,3025,341051.0,3949961.0,11.55,11.7,11.5,11.65,0.2,202.0
2017-03-07,3025,306308.0,3560682.0,11.65,11.7,11.5,11.6,-0.05,187.0
2017-03-08,3025,161950.0,1858723.0,11.65,11.65,11.4,11.4,-0.2,101.0
2017-03-09,3025,154239.0,1734347.0,11.4,11.4,11.2,11.2,-0.2,119.0
2017-03-10,3025,561045.0,6274195.0,11.15,11.3,11.05,11.15,-0.05,185.0
2017-03-13,3025,130829.0,1458643.0,11.15,11.2,11.1,11.15,0.0,100.0
2017-03-14,3025,96546.0,1081405.0,11.15,11.3,11.15,11.15,0.0,95.0
2017-03-15,3025,106293.0,1202603.0,11.35,11.35,11.3,11.35,0.2,73.0
2017-03-16,3025,126102.0,1418579.0,11.4,11.45,11.15,11.2,-0.15,85.0
2017-03-17,3025,332030.0,3762330.0,11.2,11.45,11.2,11.4,0.2,134.0
2017-03-20,3025,1604036.0,19179382.0,11.3,12.2,11.3,12.0,0.6,660.0
2017-03-21,3025,312017.0,3657438.0,12.0,12.0,11.6,11.6,-0.4,178.0
2017-03-22,3025,190023.0,2214007.0,11.5,11.8,11.4,11.8,0.2,112.0
2017-03-23,3025,128065.0,1504648.0,11.95,11.95,11.7,11.7,-0.1,99.0
2017-03-24,3025,109029.0,1276177.0,11.7,11.8,11.6,11.6,-0.1,68.0
2017-03-27,3025,206060.0,2345114.0,11.7,11.7,11.2,11.25,-0.35,119.0
2017-03-28,3025,261013.0,2934443.0,11.25,11.45,11.15,11.35,0.1,71.0
2017-03-29,3025,56014.0,632004.0,11.3,11.35,11.25,11.3,-0.05,38.0
2017-03-30,3025,151040.0,1714192.0,11.3,11.5,11.25,11.5,0.2,89.0
2017-03-31,3025,173046.0,1981409.0,11.45,11.6,11.35,11.45,-0.05,92.0
2017-04-05,3025,68054.0,778394.0,11.45,11.5,11.4,11.4,-0.05,92.0
2017-04-06,3025,152026.0,1727636.0,11.4,11.5,11.3,11.4,0.0,85.0
2017-04-07,3025,366017.0,4131687.0,11.35,11.45,11.2,11.45,0.05,86.0
2017-04-10,3025,405311.0,4755981.0,11.4,11.9,11.4,11.8,0.35,228.0
2017-04-11,3025,307032.0,3570352.0,11.8,11.8,11.5,11.55,-0.25,118.0
2017-04-12,3025,115024.0,1328614.0,11.5,11.65,11.5,11.6,0.05,69.0
2017-04-13,3025,1537500.0,18846795.0,11.6,12.75,11.6,12.15,0.55,622.0
2017-04-14,3025,581331.0,6828902.0,12.1,12.15,11.5,11.55,-0.6,270.0
2017-04-17,3025,362063.0,4260293.0,11.85,12.0,11.55,11.75,0.2,217.0
2017-04-18,3025,124015.0,1465165.0,11.8,11.95,11.75,11.8,0.05,68.0
2017-04-19,3025,432245.0,5175748.0,11.8,12.25,11.7,12.25,0.45,192.0
2017-04-20,3025,2298011.0,29542683.0,12.65,13.3,12.25,12.25,0.0,967.0
2017-04-21,3025,408036.0,4986939.0,12.3,12.45,12.05,12.2,-0.05,180.0
2017-04-24,3025,298201.0,3600092.0,12.2,12.25,11.95,12.15,-0.05,137.0
2017-04-25,3025,345653.0,4218449.0,12.2,12.3,12.15,12.15,0.0,120.0
2017-04-26,3025,928749.0,11738148.0,12.25,12.95,12.25,12.95,0.8,353.0
2017-04-27,3025,594003.0,7650336.0,13.1,13.1,12.75,12.8,-0.15,217.0
2017-04-28,3025,553007.0,7091734.0,12.8,12.95,12.75,12.8,0.0,154.0
2017-05-02,3025,1175001.0,15490363.0,13.1,13.45,12.9,13.25,0.45,429.0
2017-05-03,3025,903003.0,11653686.0,13.25,13.25,12.6,12.8,-0.45,337.0
2017-05-04,3025,647245.0,8312608.0,12.85,13.05,12.75,12.95,0.15,148.0
2017-05-05,3025,320268.0,4131529.0,12.95,12.95,12.85,12.9,-0.05,101.0
2017-05-08,3025,684431.0,8904109.0,12.9,13.2,12.85,12.95,0.05,217.0
2017-05-09,3025,947380.0,12119899.0,13.0,13.1,12.4,12.4,-0.55,245.0
2017-05-10,3025,893001.0,11620113.0,12.4,13.6,12.4,13.3,0.9,327.0
2017-05-11,3025,532003.0,6964489.0,13.3,13.45,12.85,13.2,-0.1,244.0
2017-05-12,3025,298193.0,3883709.0,13.0,13.15,12.9,13.0,-0.2,126.0
2017-05-15,3025,602134.0,7866242.0,12.9,13.4,12.85,13.0,0.0,219.0
2017-05-16,3025,894008.0,11991055.0,13.05,13.75,13.0,13.45,0.45,400.0
2017-05-17,3025,2182524.0,30221937.0,13.4,14.25,13.15,14.15,0.7,810.0
2017-05-18,3025,1638101.0,22930103.0,13.85,14.4,13.65,13.9,-0.25,702.0
2017-05-19,3025,338000.0,4692700.0,14.0,14.2,13.75,13.85,-0.05,188.0
2017-05-22,3025,2392001.0,34348613.0,14.1,14.75,13.9,13.9,0.05,1014.0
2017-05-23,3025,528453.0,7207015.0,13.9,13.9,13.55,13.55,-0.35,259.0
2017-05-24,3025,438121.0,6068479.0,13.6,14.05,13.6,14.0,0.45,222.0
2017-05-25,3025,8823676.0,131359145.0,14.0,15.4,13.65,13.8,-0.2,3080.0
2017-05-26,3025,4656064.0,68098366.0,13.95,15.15,13.95,14.8,1.0,1884.0
2017-05-31,3025,2010000.0,29900950.0,14.65,15.3,14.45,14.7,-0.1,912.0
2017-06-01,3025,886122.0,13210553.0,14.8,15.2,14.55,14.9,0.2,368.0
2017-06-02,3025,1088001.0,15999764.0,15.2,15.2,14.4,14.65,-0.25,463.0
2017-06-03,3025,723004.0,10597857.0,14.75,14.95,14.5,14.5,-0.15,296.0
2017-06-05,3025,428002.0,6208178.0,14.65,14.65,14.45,14.5,0.0,171.0
2017-06-06,3025,664000.0,9625900.0,14.7,14.75,14.35,14.4,-0.1,214.0
2017-06-07,3025,423196.0,6156721.0,14.45,14.7,14.45,14.5,0.1,166.0
2017-06-08,3025,260001.0,3794514.0,14.7,14.7,14.5,14.6,0.1,112.0
2017-06-09,3025,815030.0,12121489.0,14.6,15.2,14.55,14.55,-0.05,380.0
2017-06-12,3025,98030.0,1425636.0,14.55,14.7,14.5,14.5,-0.05,59.0
2017-06-13,3025,1222244.0,17110966.0,14.5,14.5,13.85,13.85,-0.65,366.0
2017-06-14,3025,503344.0,6981463.0,14.1,14.2,13.6,13.8,-0.05,214.0
2017-06-15,3025,337165.0,4633910.0,13.75,13.85,13.7,13.75,-0.05,114.0
2017-06-16,3025,766380.0,10953165.0,13.8,14.6,13.8,14.3,0.55,331.0
2017-06-19,3025,309205.0,4483102.0,14.6,14.6,14.35,14.5,0.2,117.0
2017-06-20,3025,322000.0,4680650.0,14.5,14.8,14.45,14.5,0.0,105.0
2017-06-21,3025,622001.0,9150164.0,14.5,14.95,14.45,14.65,0.15,291.0
2017-06-22,3025,842160.0,12569700.0,14.85,15.05,14.8,14.9,0.25,335.0
2017-06-23,3025,3746687.0,58654408.0,15.0,16.1,14.8,15.95,1.05,1344.0
2017-06-26,3025,11615525.0,195815058.0,16.5,17.5,16.0,16.15,0.2,4251.0
2017-06-27,3025,2870079.0,46862907.0,16.3,16.75,16.0,16.05,-0.1,1102.0
2017-06-28,3025,904004.0,14515864.0,15.95,16.25,15.7,16.05,0.0,443.0
2017-06-29,3025,1606101.0,26425376.0,16.25,16.9,16.05,16.1,0.05,713.0
2017-06-30,3025,948006.0,15476547.0,15.85,16.7,15.85,16.4,0.3,510.0
2017-07-03,3025,1335300.0,22404960.0,16.7,17.1,16.5,16.65,0.25,591.0
2017-07-04,3025,4047676.0,70444880.0,16.8,17.95,16.55,17.35,0.7,1667.0
2017-07-05,3025,2051219.0,35885952.0,17.6,17.8,17.15,17.4,0.05,827.0
2017-07-06,3025,1562017.0,27068191.0,17.55,17.85,17.05,17.1,-0.3,552.0
2017-07-07,3025,1642189.0,28567472.0,17.05,17.85,17.05,17.15,0.05,727.0
2017-07-10,3025,1898000.0,31468900.0,17.05,17.1,16.25,16.25,-0.9,746.0
2017-07-11,3025,741159.0,11900160.0,16.25,16.45,15.8,15.85,-0.4,337.0
2017-07-12,3025,715524.0,11409552.0,16.25,16.3,15.75,15.85,0.0,279.0
2017-07-13,3025,317120.0,5035572.0,15.9,16.1,15.7,15.7,-0.15,166.0
2017-07-14,3025,779004.0,12110860.0,15.7,15.8,15.25,15.8,0.1,271.0
2017-07-17,3025,383208.0,6077634.0,16.1,16.45,15.55,15.55,-0.25,190.0
2017-07-18,3025,511530.0,7838652.0,15.55,15.55,15.15,15.2,-0.35,211.0
2017-07-19,3025,388553.0,6002165.0,15.2,15.7,15.1,15.5,0.3,189.0
2017-07-20,3025,102552.0,1591999.0,15.55,15.65,15.45,15.65,0.15,85.0
2017-07-21,3025,191001.0,2952015.0,15.3,15.6,15.3,15.45,-0.2,109.0
2017-07-24,3025,164001.0,2504965.0,15.45,15.45,15.2,15.2,-0.25,91.0
2017-07-25,3025,139277.0,2118125.0,15.2,15.3,15.15,15.15,-0.05,75.0
2017-07-26,3025,369002.0,5661132.0,15.2,15.65,15.2,15.3,0.15,153.0
2017-07-27,3025,265009.0,4139685.0,15.5,15.85,15.4,15.65,0.35,154.0
2017-07-28,3025,234003.0,3654495.0,15.75,15.75,15.55,15.6,-0.05,93.0
2017-07-31,3025,172001.0,2638765.0,15.45,15.45,15.3,15.35,-0.25,80.0
2017-08-01,3025,148000.0,2295950.0,15.35,15.7,15.35,15.45,0.1,81.0
2017-08-02,3025,814000.0,13107350.0,15.7,16.45,15.6,16.0,0.55,440.0
2017-08-03,3025,589202.0,9642332.0,16.05,16.6,16.05,16.25,0.25,311.0
2017-08-04,3025,655553.0,10656403.0,16.5,16.6,15.9,16.1,-0.15,228.0
2017-08-07,3025,779390.0,12906367.0,16.6,17.0,16.25,16.25,0.15,344.0
2017-08-08,3025,269000.0,4385350.0,16.55,16.55,16.2,16.2,-0.05,130.0
2017-08-09,3025,248064.0,3991169.0,16.3,16.45,15.95,15.95,-0.25,130.0
2017-08-10,3025,965112.0,14679151.0,15.9,15.9,14.75,14.75,-1.2,349.0
2017-08-11,3025,413709.0,6226153.0,14.8,15.25,14.8,15.25,0.5,188.0
2017-08-14,3025,485001.0,7238614.0,15.3,15.35,14.6,14.65,-0.6,119.0
2017-08-15,3025,402000.0,6045750.0,14.8,15.25,14.8,15.1,0.45,131.0
2017-08-16,3025,681000.0,10741600.0,15.25,16.0,15.25,15.85,0.75,272.0
2017-08-17,3025,918020.0,14966232.0,16.25,16.8,15.85,16.7,0.85,380.0
2017-08-18,3025,1491000.0,25296500.0,16.65,17.3,16.3,17.15,0.45,585.0
2017-08-21,3025,630220.0,10851205.0,17.4,17.55,17.0,17.15,0.0,309.0
2017-08-22,3025,611855.0,10590032.0,17.15,17.5,17.05,17.4,0.25,310.0
2017-08-23,3025,4272520.0,79793780.0,17.45,19.1,17.45,19.1,1.7,1467.0
2017-08-24,3025,3592248.0,74939758.0,21.0,21.0,20.1,21.0,1.9,1004.0
2017-08-25,3025,3511091.0,73582304.0,20.5,22.0,20.2,20.6,-0.4,1643.0
2017-08-28,3025,876550.0,17861140.0,20.4,20.65,20.2,20.5,0.0,488.0
2017-08-29,3025,3934830.0,87555164.0,20.5,22.55,20.3,22.55,2.05,1574.0
2017-08-30,3025,5275922.0,124844256.0,23.15,24.55,22.1,23.0,0.45,2891.0
2017-08-31,3025,2949173.0,65513564.0,22.85,23.5,21.1,22.05,-0.95,1375.0
2017-09-01,3025,1246000.0,27798950.0,22.05,22.8,21.7,22.25,0.2,602.0
2017-09-04,3025,1274000.0,27745900.0,22.0,22.2,21.4,21.45,-0.8,523.0
2017-09-05,3025,2661352.0,61442599.0,21.95,23.55,21.75,23.55,2.1,1076.0
2017-09-06,3025,2450251.0,54706996.0,22.5,22.8,21.5,22.25,-1.3,1164.0
2017-09-07,3025,1346000.0,29880450.0,22.3,22.75,21.5,21.5,-0.75,666.0
2017-09-08,3025,1275000.0,27180549.0,21.95,22.2,20.55,22.2,0.7,604.0
2017-09-11,3025,618421.0,13412654.0,22.1,22.1,21.5,21.6,-0.6,268.0
2017-09-12,3025,300200.0,6494249.0,21.6,21.9,21.4,21.6,0.0,150.0
2017-09-13,3025,338000.0,7307050.0,21.65,21.8,21.4,21.55,-0.05,182.0
2017-09-14,3025,298250.0,6456075.0,21.8,21.9,21.4,21.65,0.1,213.0
2017-09-15,3025,3489161.0,79469875.0,22.0,23.45,21.7,21.7,0.05,1757.0
2017-09-18,3025,629101.0,13543720.0,21.9,22.15,21.05,21.3,-0.4,352.0
2017-09-19,3025,751214.0,15724336.0,21.35,21.35,20.5,20.55,-0.75,306.0
2017-09-20,3025,934501.0,18587368.0,20.6,20.65,19.5,19.9,-0.65,450.0
2017-09-21,3025,542110.0,11084887.0,20.0,21.0,20.0,20.35,0.45,276.0
2017-09-22,3025,262978.0,5247007.0,20.45,20.5,19.7,19.7,-0.65,182.0
2017-09-25,3025,624111.0,12027720.0,19.7,19.7,18.8,19.25,-0.45,243.0
2017-09-26,3025,439347.0,8603324.0,19.3,20.3,19.2,19.2,-0.05,290.0
2017-09-27,3025,233074.0,4581914.0,19.3,19.9,19.3,19.9,0.7,144.0
2017-09-28,3025,174000.0,3452950.0,20.05,20.15,19.7,19.7,-0.2,118.0
2017-09-29,3025,104002.0,2032288.0,19.9,19.9,19.25,19.55,-0.15,73.0
2017-09-30,3025,120551.0,2387404.0,19.55,19.9,19.55,19.9,0.35,65.0
2017-10-02,3025,217000.0,4383700.0,20.2,20.5,19.9,20.45,0.55,132.0
2017-10-03,3025,170000.0,3425550.0,20.45,20.5,20.0,20.0,-0.45,108.0
2017-10-05,3025,445009.0,8988280.0,20.05,20.3,20.05,20.2,0.2,118.0
2017-10-06,3025,1676001.0,36097871.0,20.55,22.1,20.55,21.15,0.95,954.0
2017-10-11,3025,612496.0,12381044.0,20.45,20.7,19.65,20.05,-1.1,337.0
2017-10-12,3025,225000.0,4469900.0,20.0,20.05,19.7,19.95,-0.1,103.0
2017-10-13,3025,122093.0,2437337.0,19.95,20.15,19.8,20.1,0.15,79.0
2017-10-16,3025,409100.0,8419399.0,20.2,20.85,20.1,20.65,0.55,196.0
2017-10-17,3025,275000.0,5596850.0,20.6,20.6,20.2,20.2,-0.45,87.0
2017-10-18,3025,302100.0,6173005.0,20.5,20.8,20.1,20.6,0.4,154.0
2017-10-19,3025,225378.0,4662311.0,20.5,20.95,20.5,20.95,0.35,133.0
2017-10-20,3025,613001.0,13166571.0,20.8,21.9,20.6,21.2,0.25,359.0
2017-10-23,3025,154000.0,3287800.0,21.45,21.75,21.2,21.45,0.25,94.0
2017-10-24,3025,345011.0,7274231.0,21.45,21.45,20.75,20.95,-0.5,148.0
2017-10-25,3025,290558.0,6025887.0,21.25,21.25,20.6,20.65,-0.3,137.0
2017-10-26,3025,192000.0,4021600.0,20.65,21.1,20.65,21.1,0.45,91.0
2017-10-27,3025,382006.0,8044522.0,21.4,21.45,20.5,20.55,-0.55,156.0
2017-10-30,3025,359010.0,7256103.0,20.55,20.55,19.7,20.2,-0.35,159.0
2017-10-31,3025,87217.0,1790748.0,20.25,20.8,20.25,20.6,0.4,66.0
2017-11-01,3025,837000.0,16743900.0,20.6,20.6,19.9,20.15,-0.45,266.0
2017-11-02,3025,277001.0,5636620.0,20.3,20.65,20.1,20.5,0.35,161.0
2017-11-03,3025,851000.0,17121400.0,20.5,20.95,19.95,20.0,-0.5,188.0
2017-11-06,3025,675661.0,13377950.0,20.1,20.2,19.45,20.05,0.05,284.0
2017-11-07,3025,794110.0,15928338.0,20.05,20.45,20.0,20.0,-0.05,204.0
2017-11-08,3025,477002.0,9700741.0,20.1,20.8,20.05,20.3,0.3,279.0
2017-11-09,3025,508660.0,10455266.0,20.5,21.0,20.1,20.2,-0.1,280.0
2017-11-10,3025,280001.0,5642720.0,20.05,20.3,20.0,20.15,-0.05,118.0
2017-11-13,3025,291027.0,5871692.0,20.45,20.45,20.05,20.1,-0.05,124.0
2017-11-14,3025,548780.0,10832621.0,20.1,20.1,19.35,19.6,-0.5,223.0
2017-11-15,3025,150300.0,2920969.0,19.7,19.85,19.25,19.5,-0.1,77.0
2017-11-16,3025,95002.0,1855888.0,19.55,19.7,19.45,19.45,-0.05,52.0
2017-11-17,3025,223001.0,4339119.0,19.5,19.7,19.35,19.45,0.0,105.0
2017-11-20,3025,315100.0,6139550.0,19.85,19.85,19.3,19.5,0.05,96.0
2017-11-21,3025,89001.0,1747869.0,19.5,19.8,19.5,19.55,0.05,54.0
2017-11-22,3025,167001.0,3280719.0,20.0,20.0,19.5,19.6,0.05,65.0
2017-11-23,3025,117390.0,2309269.0,19.7,19.9,19.55,19.9,0.3,60.0
2017-11-24,3025,95367.0,1899628.0,19.9,20.05,19.8,19.8,-0.1,57.0
2017-11-27,3025,89005.0,1765145.0,19.8,19.9,19.7,19.7,-0.1,54.0
2017-11-28,3025,192002.0,3759138.0,19.7,19.85,19.5,19.55,-0.15,87.0
2017-11-29,3025,165000.0,3215900.0,19.6,19.6,19.4,19.45,-0.1,69.0
2017-11-30,3025,223002.0,4309838.0,19.6,19.6,19.2,19.25,-0.2,91.0
2017-12-01,3025,350500.0,6679050.0,19.25,19.4,18.85,19.2,-0.05,133.0
2017-12-04,3025,76003.0,1467707.0,19.5,19.5,19.2,19.3,0.1,36.0
2017-12-05,3025,119004.0,2286826.0,19.5,19.5,19.05,19.15,-0.15,73.0
2017-12-06,3025,224300.0,4271559.0,19.4,19.5,18.65,18.8,-0.35,115.0
2017-12-07,3025,369300.0,6770633.0,18.8,18.8,18.0,18.05,-0.75,155.0
2017-12-08,3025,133001.0,2447768.0,18.95,18.95,18.1,18.2,0.15,70.0
2017-12-11,3025,385001.0,6854068.0,18.2,18.35,17.3,18.1,-0.1,129.0
2017-12-12,3025,82001.0,1481068.0,18.4,18.4,17.8,18.15,0.05,51.0
2017-12-13,3025,436834.0,7730860.0,17.45,18.25,17.45,17.8,-0.35,154.0
2017-12-14,3025,238001.0,4200517.0,18.0,18.1,17.55,17.6,-0.2,89.0
2017-12-15,3025,244005.0,4351340.0,17.85,18.0,17.65,17.9,0.3,120.0
2017-12-18,3025,86003.0,1534201.0,18.0,18.0,17.75,17.9,0.0,39.0
2017-12-19,3025,60003.0,1068601.0,17.9,17.9,17.75,17.8,-0.1,38.0
2017-12-20,3025,63455.0,1129342.0,17.8,17.9,17.55,17.9,0.1,55.0
2017-12-21,3025,331001.0,6072518.0,17.9,18.7,17.85,18.55,0.65,148.0
2017-12-22,3025,85003.0,1580704.0,18.7,18.7,18.55,18.6,0.05,54.0
2017-12-25,3025,1539195.0,31103387.0,18.85,20.45,18.75,20.45,1.85,508.0
2017-12-26,3025,1091190.0,21877302.0,20.45,20.75,19.6,19.6,-0.85,448.0
2017-12-27,3025,155002.0,3061688.0,19.55,20.0,19.5,19.65,0.05,84.0
2017-12-28,3025,70004.0,1382826.0,20.0,20.0,19.6,19.9,0.25,47.0
2017-12-29,3025,131010.0,2606690.0,20.05,20.05,19.7,19.8,-0.1,88.0
2018-01-02,3025,113003.0,2249160.0,19.85,20.15,19.8,20.0,0.2,40.0
2018-01-03,3025,85002.0,1691590.0,20.1,20.1,19.8,19.9,-0.1,45.0
2018-01-04,3025,255001.0,5173270.0,19.8,20.75,19.75,20.5,0.6,123.0
2018-01-05,3025,259013.0,5353723.0,20.5,20.95,20.3,20.85,0.35,154.0
2018-01-08,3025,1669098.0,38185642.0,22.9,22.9,22.4,22.9,2.05,557.0
2018-01-09,3025,1770414.0,37985672.0,21.9,22.2,20.95,21.0,-1.9,875.0
2018-01-10,3025,310201.0,6561899.0,21.25,21.4,20.65,21.25,0.25,179.0
2018-01-11,3025,308129.0,6493092.0,21.25,21.5,20.85,21.0,-0.25,129.0
2018-01-12,3025,122003.0,2576263.0,20.9,21.25,20.9,21.15,0.15,83.0
2018-01-15,3025,261002.0,5554892.0,21.45,21.55,21.1,21.1,-0.05,147.0
2018-01-16,3025,130300.0,2769587.0,21.0,21.4,20.95,21.4,0.3,77.0
2018-01-17,3025,104048.0,2207758.0,21.4,21.4,21.15,21.15,-0.25,76.0
2018-01-18,3025,161002.0,3429642.0,21.35,21.5,21.15,21.2,0.05,93.0
2018-01-19,3025,135255.0,2874774.0,21.2,21.65,21.0,21.0,-0.2,92.0
2018-01-22,3025,261558.0,5543998.0,21.05,21.45,21.05,21.4,0.4,135.0
2018-01-23,3025,248003.0,5241863.0,21.2,21.3,20.9,21.05,-0.35,103.0
2018-01-24,3025,95095.0,1993922.0,21.05,21.05,20.9,20.95,-0.1,53.0
2018-01-25,3025,112002.0,2358292.0,21.0,21.2,20.95,20.95,0.0,56.0
2018-01-26,3025,93151.0,1952355.0,20.95,21.1,20.8,21.0,0.05,52.0
2018-01-29,3025,111079.0,2312138.0,21.0,21.0,20.75,20.9,-0.1,56.0
2018-01-30,3025,106717.0,2211540.0,20.7,21.0,20.4,20.5,-0.4,68.0
2018-01-31,3025,36205.0,741999.0,20.5,20.5,20.45,20.5,0.0,26.0
2018-02-01,3025,45195.0,924126.0,20.75,20.75,20.35,20.5,0.0,43.0
2018-02-02,3025,59003.0,1202160.0,20.5,20.5,20.2,20.35,-0.15,35.0
2018-02-05,3025,77001.0,1527869.0,20.0,20.0,19.75,19.85,-0.5,42.0
2018-02-06,3025,320716.0,5917116.0,19.6,19.6,17.9,18.1,-1.75,193.0
2018-02-07,3025,227001.0,4156918.0,18.25,18.55,18.05,18.15,0.05,110.0
2018-02-08,3025,104000.0,1870400.0,17.8,18.15,17.8,17.9,-0.25,56.0
2018-02-09,3025,201003.0,3451651.0,17.2,18.35,16.3,17.8,-0.1,128.0
2018-02-12,3025,73001.0,1300117.0,18.1,18.1,17.5,17.7,-0.1,45.0
2018-02-21,3025,64207.0,1168226.0,18.25,18.3,18.1,18.25,0.55,48.0
2018-02-22,3025,19006.0,343858.0,18.1,18.15,18.05,18.1,-0.15,21.0
2018-02-23,3025,20005.0,362840.0,18.4,18.4,18.05,18.15,0.05,18.0
2018-02-26,3025,63028.0,1141504.0,18.55,18.55,18.05,18.15,0.0,68.0
2018-02-27,3025,79975.0,1446643.0,18.15,18.2,18.0,18.05,-0.1,55.0
2018-03-01,3025,64012.0,1139804.0,17.95,18.0,17.65,17.75,-0.3,52.0
2018-03-02,3025,37509.0,669145.0,17.75,18.0,17.7,18.0,0.25,46.0
2018-03-05,3025,33020.0,586590.0,17.7,17.95,17.65,17.95,-0.05,41.0
2018-03-06,3025,35002.0,628486.0,18.0,18.05,17.9,18.0,0.05,19.0
2018-03-07,3025,32002.0,575836.0,18.0,18.1,17.9,17.9,-0.1,23.0
2018-03-08,3025,43001.0,772268.0,17.95,18.0,17.9,17.9,0.0,31.0
2018-03-09,3025,28003.0,500304.0,18.1,18.15,17.8,17.9,0.0,26.0
2018-03-12,3025,72197.0,1294603.0,17.9,18.05,17.8,18.05,0.15,58.0
2018-03-13,3025,71007.0,1264926.0,17.6,18.0,17.5,18.0,-0.05,57.0
2018-03-14,3025,17016.0,303738.0,17.8,17.9,17.8,17.85,-0.15,28.0
2018-03-15,3025,49011.0,870187.0,17.8,17.8,17.7,17.75,-0.1,40.0
2018-03-16,3025,129008.0,2287036.0,17.8,17.8,17.55,17.7,-0.05,52.0
2018-03-19,3025,222009.0,3916153.0,17.8,17.85,17.5,17.7,0.0,106.0
2018-03-20,3025,28010.0,493070.0,17.7,17.7,17.55,17.55,-0.15,26.0
2018-03-21,3025,246008.0,4305936.0,17.55,17.65,17.4,17.6,0.05,106.0
2018-03-22,3025,442749.0,7728902.0,17.55,17.65,17.25,17.4,-0.2,157.0
2018-03-23,3025,326020.0,5565681.0,17.3,17.3,16.95,16.95,-0.45,77.0
2018-03-26,3025,117004.0,1990718.0,17.0,17.1,16.9,16.95,0.0,68.0
2018-03-27,3025,237058.0,4033524.0,17.15,17.2,16.95,16.95,0.0,130.0
2018-03-28,3025,115011.0,1956637.0,16.95,17.15,16.95,17.1,0.15,60.0
2018-03-29,3025,172001.0,2960517.0,17.0,17.35,17.0,17.1,0.0,91.0
2018-03-30,3025,210135.0,3673151.0,17.45,17.7,17.15,17.15,0.05,117.0
2018-03-31,3025,74195.0,1281103.0,17.45,17.45,17.15,17.35,0.2,49.0
2018-04-02,3025,85002.0,1472484.0,17.8,17.8,17.15,17.15,-0.2,52.0
2018-04-03,3025,74010.0,1267420.0,17.2,17.2,17.0,17.0,-0.15,40.0
2018-04-09,3025,55304.0,942032.0,17.1,17.15,17.0,17.0,0.0,46.0
2018-04-10,3025,109019.0,1874823.0,17.4,17.4,17.05,17.1,0.1,90.0
2018-04-11,3025,114128.0,1983743.0,17.15,17.55,17.15,17.45,0.35,169.0
2018-04-12,3025,102061.0,1798049.0,17.45,17.8,17.45,17.6,0.15,107.0
2018-04-13,3025,60039.0,1050116.0,17.95,17.95,17.35,17.4,-0.2,75.0
2018-04-16,3025,116553.0,1993901.0,17.3,17.3,17.05,17.1,-0.3,118.0
2018-04-17,3025,126040.0,2145630.0,17.1,17.15,16.8,17.05,-0.05,95.0
2018-04-18,3025,56018.0,955606.0,17.1,17.1,17.0,17.1,0.05,46.0
2018-04-19,3025,83077.0,1420671.0,17.1,17.2,17.05,17.2,0.1,58.0
2018-04-20,3025,51026.0,883192.0,17.2,17.45,17.2,17.2,0.0,57.0
2018-04-23,3025,35067.0,600241.0,17.25,17.25,16.95,16.95,-0.25,71.0
2018-04-24,3025,53076.0,895194.0,16.95,17.05,16.8,17.05,0.1,58.0
2018-04-25,3025,19051.0,323017.0,16.95,17.05,16.85,17.05,0.0,68.0
2018-04-26,3025,59211.0,1000080.0,16.95,17.0,16.8,16.8,-0.25,95.0
2018-04-27,3025,86016.0,1427306.0,16.8,16.8,16.5,16.7,-0.1,56.0
2018-04-30,3025,9002.0,150282.0,16.6,16.8,16.6,16.8,0.1,11.0
2018-05-02,3025,105012.0,1747195.0,16.75,16.8,16.3,16.55,-0.25,50.0
2018-05-03,3025,16000.0,262950.0,16.45,16.5,16.4,16.5,-0.05,16.0
2018-05-04,3025,36000.0,588950.0,16.3,16.6,16.3,16.6,0.1,21.0
2018-05-07,3025,54000.0,885700.0,16.6,16.6,16.3,16.6,0.0,42.0
2018-05-08,3025,698003.0,10879895.0,16.0,16.0,15.35,15.75,-0.85,213.0
2018-05-09,3025,94000.0,1494000.0,15.6,16.0,15.6,15.9,0.15,56.0
2018-05-10,3025,594000.0,10277900.0,15.95,17.45,15.95,17.45,1.55,224.0
2018-05-11,3025,622005.0,10983635.0,17.0,18.6,17.0,17.2,-0.25,331.0
2018-05-14,3025,145000.0,2564750.0,17.05,18.2,17.0,17.5,0.3,75.0
2018-05-15,3025,107390.0,1859724.0,17.6,17.65,17.0,17.65,0.15,63.0
2018-05-16,3025,41195.0,711573.0,17.25,17.5,17.25,17.3,-0.35,17.0
2018-05-17,3025,77000.0,1318250.0,17.3,17.3,17.05,17.15,-0.15,34.0
2018-05-18,3025,23001.0,394767.0,17.15,17.2,17.1,17.1,-0.05,18.0
2018-05-21,3025,50943.0,876922.0,17.15,17.5,17.05,17.2,0.1,65.0
2018-05-22,3025,18600.0,317640.0,17.05,17.2,17.0,17.05,-0.15,18.0
2018-05-23,3025,72010.0,1208269.0,17.05,17.05,16.65,17.0,-0.05,43.0
2018-05-24,3025,25001.0,425066.0,17.0,17.25,16.7,17.0,0.0,25.0
2018-05-25,3025,21004.0,356716.0,17.0,17.0,16.95,16.95,-0.05,15.0
2018-05-28,3025,72390.0,1276908.0,17.15,18.2,17.15,17.3,0.35,59.0
2018-05-29,3025,28001.0,489767.0,17.3,17.65,17.3,17.45,0.15,25.0
2018-05-30,3025,39001.0,681167.0,17.85,17.85,17.3,17.4,-0.05,21.0
2018-05-31,3025,59001.0,1035917.0,17.7,17.7,17.4,17.55,0.15,31.0
2018-06-01,3025,435000.0,8311450.0,18.05,19.3,18.0,19.3,1.75,207.0
2018-06-04,3025,2514249.0,52677578.0,21.05,21.2,20.0,21.2,1.9,1158.0
2018-06-05,3025,3523578.0,81071864.0,22.1,23.3,21.65,23.3,2.1,1234.0
2018-06-06,3025,3614480.0,83678330.0,22.65,24.3,22.1,23.6,0.3,1716.0
2018-06-07,3025,2735829.0,64616146.0,24.0,24.45,22.8,23.4,-0.2,1127.0
2018-06-08,3025,1493710.0,35557313.0,23.5,24.3,23.45,23.5,0.1,750.0
2018-06-11,3025,2199134.0,55319109.0,23.95,25.85,23.4,25.85,2.35,902.0
2018-06-12,3025,1087529.0,30885823.0,28.4,28.4,28.4,28.4,2.55,259.0
2018-06-13,3025,1060605.0,33090876.0,31.2,31.2,31.2,31.2,2.8,439.0
2018-06-14,3025,8419825.0,278124917.0,32.5,34.3,31.15,34.0,2.8,3789.0
2018-06-15,3025,2145870.0,72988051.0,34.0,35.5,32.6,34.45,0.45,1198.0
2018-06-19,3025,1197265.0,42154553.0,34.45,36.0,34.45,34.9,0.45,778.0
2018-06-20,3025,1830464.0,60754632.0,34.25,35.15,31.45,33.95,-0.95,988.0
2018-06-21,3025,1300984.0,44983589.0,33.95,35.8,32.6,35.0,1.05,712.0
2018-06-22,3025,2148507.0,78985617.0,35.0,38.5,33.75,38.5,3.5,1192.0
2018-06-25,3025,1776769.0,69830781.0,41.0,41.0,37.75,38.25,-0.25,1004.0
2018-06-26,3025,1115849.0,40839213.0,36.25,37.5,36.0,37.5,-0.75,682.0
2018-06-27,3025,877327.0,33873532.0,38.2,39.55,37.7,39.2,1.7,555.0
2018-06-28,3025,1486137.0,56898628.0,39.1,39.9,37.0,37.4,-1.8,821.0
2018-06-29,3025,1724404.0,63252206.0,38.0,38.6,34.3,34.3,-3.1,921.0
2018-07-02,3025,2616054.0,90323746.0,35.5,36.3,32.5,34.4,0.1,1275.0
2018-07-03,3025,1497970.0,50681157.0,33.7,35.3,32.6,33.05,-1.35,862.0
2018-07-04,3025,2590137.0,90799182.0,33.35,36.35,32.65,36.25,3.2,1432.0
2018-07-05,3025,2190202.0,74536096.0,34.9,36.0,32.65,33.2,-3.05,1144.0
2018-07-06,3025,3198630.0,99938386.0,33.75,33.75,29.9,32.8,-0.4,1676.0
2018-07-09,3025,961767.0,29811370.0,32.0,32.4,30.2,30.6,-2.2,613.0
2018-07-10,3025,1032000.0,31907900.0,30.25,31.85,29.6,31.3,0.7,619.0
2018-07-11,3025,1052404.0,31865925.0,31.05,31.45,29.55,29.65,-1.65,575.0
2018-07-12,3025,771254.0,23439024.0,29.45,31.35,29.4,31.0,1.35,450.0
2018-07-13,3025,672390.0,20949840.0,31.0,31.7,30.7,31.0,0.0,341.0
2018-07-16,3025,417095.0,12865686.0,31.05,31.5,30.35,30.4,-0.6,244.0
2018-07-17,3025,354103.0,10623432.0,30.05,30.35,29.75,29.9,-0.5,179.0
2018-07-18,3025,329127.0,9718008.0,29.9,30.4,29.0,29.4,-0.5,222.0
2018-07-19,3025,383951.0,11502589.0,29.25,30.8,29.1,29.8,0.4,287.0
2018-07-20,3025,242920.0,7317806.0,30.0,30.85,29.6,29.85,0.05,169.0
2018-07-23,3025,181094.0,5385858.0,29.95,30.25,29.35,29.9,0.05,123.0
2018-07-24,3025,1885270.0,60772768.0,30.25,32.85,30.25,32.85,2.95,962.0
2018-07-25,3025,1434350.0,46094460.0,32.5,32.8,31.65,31.8,-1.05,756.0
2018-07-26,3025,418201.0,13306291.0,31.75,32.3,31.6,31.6,-0.2,256.0
2018-07-27,3025,2070007.0,69618685.0,31.9,34.7,31.9,33.95,2.35,1271.0
2018-07-30,3025,1075100.0,35268978.0,33.65,33.9,32.0,32.8,-1.15,639.0
2018-07-31,3025,450000.0,14872600.0,32.8,34.0,32.05,34.0,1.2,326.0
2018-08-01,3025,1162365.0,39903341.0,33.9,35.65,33.4,33.4,-0.6,767.0
2018-08-02,3025,565327.0,18481364.0,33.4,33.7,32.05,32.2,-1.2,356.0
2018-08-03,3025,381193.0,12396133.0,32.35,33.3,31.7,32.1,-0.1,259.0
2018-08-06,3025,330002.0,10417414.0,31.9,31.95,31.2,31.7,-0.4,223.0
2018-08-07,3025,148100.0,4713020.0,31.7,32.1,31.7,31.7,0.0,119.0
2018-08-08,3025,197000.0,6268200.0,31.7,32.55,31.55,31.6,-0.1,137.0
2018-08-09,3025,363001.0,11192431.0,31.6,31.8,30.3,31.15,-0.45,226.0
2018-08-10,3025,296005.0,9056250.0,31.15,31.15,30.15,30.4,-0.75,189.0
2018-08-13,3025,1055250.0,29543837.0,30.2,30.2,27.4,27.6,-2.8,543.0
2018-08-14,3025,1375405.0,35083863.0,27.6,27.6,24.85,25.1,-2.5,711.0
2018-08-15,3025,760013.0,19395440.0,25.75,26.4,24.3,26.2,1.1,471.0
2018-08-16,3025,370020.0,9572670.0,26.2,26.2,25.4,25.85,-0.35,237.0
2018-08-17,3025,248000.0,6417950.0,26.25,26.45,25.55,25.65,-0.2,146.0
2018-08-20,3025,150366.0,3890227.0,25.5,26.2,25.45,26.1,0.45,109.0
2018-08-21,3025,230000.0,6069950.0,26.1,26.85,26.1,26.5,0.4,122.0
2018-08-22,3025,208000.0,5577300.0,26.65,27.5,26.4,26.4,-0.1,120.0
2018-08-23,3025,48000.0,1270700.0,26.6,26.7,26.25,26.7,0.3,40.0
2018-08-24,3025,51390.0,1346176.0,26.2,26.3,26.1,26.25,-0.45,42.0
2018-08-27,3025,205000.0,5496250.0,26.05,27.9,25.6,27.6,0.0,155.0
2018-08-28,3025,105004.0,2847554.0,27.95,27.95,26.8,26.9,-0.7,76.0
2018-08-29,3025,103200.0,2803080.0,27.6,27.6,26.9,26.95,0.05,80.0
2018-08-30,3025,81001.0,2202527.0,26.95,27.5,26.95,27.15,0.2,57.0
2018-08-31,3025,50300.0,1355879.0,26.65,27.3,26.65,27.25,0.1,44.0
2018-09-03,3025,155014.0,4202880.0,27.55,27.55,26.6,27.25,0.0,92.0
2018-09-04,3025,97003.0,2676536.0,27.5,27.85,27.4,27.85,0.6,74.0
2018-09-05,3025,111005.0,3046385.0,28.0,28.2,27.0,27.1,-0.75,92.0
2018-09-06,3025,69000.0,1850500.0,27.1,27.35,26.6,26.95,-0.15,54.0
2018-09-07,3025,116000.0,3107150.0,27.3,27.4,26.5,26.55,-0.4,90.0
2018-09-10,3025,172002.0,4369798.0,26.4,26.4,24.65,24.9,-1.65,114.0
2018-09-11,3025,167001.0,4211225.0,24.9,25.8,24.9,25.35,0.45,128.0
2018-09-12,3025,75000.0,1904050.0,25.65,25.7,25.15,25.4,0.05,52.0
2018-09-13,3025,132001.0,3442776.0,25.75,26.65,25.4,26.45,1.05,96.0
2018-09-14,3025,91000.0,2408950.0,26.9,26.95,26.1,26.6,0.15,65.0
2018-09-17,3025,67203.0,1778867.0,27.1,27.1,26.1,26.1,-0.5,53.0
2018-09-18,3025,131005.0,3352380.0,25.85,26.0,25.35,25.7,-0.4,101.0
2018-09-19,3025,81004.0,2099755.0,25.9,26.15,25.7,26.15,0.45,64.0
2018-09-20,3025,131050.0,3426330.0,26.8,26.8,25.6,25.6,-0.55,96.0
2018-09-21,3025,104010.0,2712010.0,26.5,26.5,25.9,26.2,0.6,65.0
2018-09-25,3025,698795.0,19751455.0,26.2,28.8,26.1,28.65,2.45,385.0
2018-09-26,3025,1043493.0,31305782.0,28.65,30.95,28.05,30.75,2.1,724.0
2018-09-27,3025,1275120.0,39336441.0,30.9,31.9,30.05,30.05,-0.7,779.0
2018-09-28,3025,675000.0,20298950.0,30.05,31.05,29.45,29.8,-0.25,419.0
2018-10-01,3025,293000.0,8572100.0,29.8,30.3,28.7,29.5,-0.3,202.0
2018-10-02,3025,360000.0,10705400.0,29.2,30.5,29.05,29.6,0.1,251.0
2018-10-03,3025,159003.0,4676937.0,29.6,29.85,29.2,29.2,-0.4,117.0
2018-10-04,3025,161000.0,4655850.0,29.2,29.6,28.4,28.8,-0.4,113.0
2018-10-05,3025,512160.0,13679690.0,28.2,28.65,25.95,26.4,-2.4,304.0
2018-10-08,3025,337003.0,8640078.0,26.0,26.5,25.15,25.75,-0.65,208.0
2018-10-09,3025,187001.0,4740825.0,25.75,26.4,25.05,25.15,-0.6,121.0
2018-10-11,3025,295041.0,6693536.0,22.65,23.3,22.65,22.65,-2.5,163.0
2018-10-12,3025,414062.0,9254770.0,22.1,23.2,21.5,22.2,-0.45,237.0
2018-10-15,3025,566004.0,12190789.0,21.35,23.05,20.2,22.4,0.2,314.0
2018-10-16,3025,197001.0,4528573.0,22.4,23.5,22.4,22.8,0.4,127.0
2018-10-17,3025,128005.0,2965615.0,23.7,23.7,23.0,23.0,0.2,80.0
2018-10-18,3025,215070.0,5126009.0,23.5,24.75,23.2,23.85,0.85,144.0
2018-10-19,3025,144003.0,3314119.0,22.8,23.6,22.7,23.2,-0.65,100.0
2018-10-22,3025,113000.0,2684450.0,23.75,24.15,23.2,23.7,0.5,88.0
2018-10-23,3025,99001.0,2283073.0,23.5,23.7,22.7,22.9,-0.8,81.0
2018-10-24,3025,31000.0,716600.0,23.4,23.4,22.6,23.3,0.4,19.0
2018-10-25,3025,401001.0,8571421.0,22.1,22.7,21.0,21.0,-2.3,199.0
2018-10-26,3025,1024011.0,19930209.0,21.0,21.65,18.9,19.0,-2.0,446.0
2018-10-29,3025,695010.0,12173071.0,19.55,19.8,17.1,17.1,-1.9,372.0
2018-10-30,3025,788224.0,12422849.0,17.1,17.1,15.4,15.5,-1.6,476.0
2018-10-31,3025,323441.0,5213150.0,15.95,16.6,15.65,16.15,0.65,234.0
2018-11-01,3025,222000.0,3730350.0,16.6,17.05,16.35,17.05,0.9,151.0
2018-11-02,3025,236000.0,4040450.0,17.2,17.5,16.75,17.0,-0.05,150.0
2018-11-05,3025,36002.0,611584.0,17.0,17.05,16.9,17.0,0.0,26.0
2018-11-06,3025,243001.0,4281667.0,17.0,18.0,17.0,17.3,0.3,183.0
2018-11-07,3025,77005.0,1353835.0,17.3,17.8,17.3,17.6,0.3,64.0
2018-11-08,3025,123004.0,2141668.0,17.9,18.0,17.0,17.0,-0.6,98.0
2018-11-09,3025,114000.0,1930600.0,17.0,17.4,16.7,16.85,-0.15,75.0
2018-11-12,3025,81155.0,1361858.0,16.75,17.15,16.5,17.0,0.15,57.0
2018-11-13,3025,38004.0,631316.0,16.5,16.75,16.5,16.6,-0.4,35.0
2018-11-14,3025,346000.0,6172150.0,16.65,18.25,16.65,18.25,1.65,211.0
2018-11-15,3025,1001000.0,19520450.0,18.4,20.05,18.3,20.05,1.8,637.0
2018-11-16,3025,1140107.0,24253608.0,20.3,21.95,20.3,21.5,1.45,717.0
2018-11-19,3025,387113.0,8400031.0,21.75,22.1,21.25,21.5,0.0,258.0
2018-11-20,3025,285055.0,5861466.0,21.7,21.7,19.95,20.35,-1.15,193.0
2018-11-21,3025,245000.0,4878550.0,20.0,20.5,19.7,20.0,-0.35,130.0
2018-11-22,3025,118001.0,2359019.0,19.85,20.3,19.75,19.75,-0.25,92.0
2018-11-23,3025,152000.0,2980250.0,20.0,20.0,19.3,19.45,-0.3,88.0
2018-11-26,3025,78000.0,1539350.0,19.85,20.2,19.5,20.2,0.75,64.0
2018-11-27,3025,61002.0,1218344.0,20.35,20.35,19.35,20.2,0.0,58.0
2018-11-28,3025,127000.0,2609150.0,20.2,20.85,20.0,20.55,0.35,105.0
2018-11-29,3025,139500.0,2904574.0,21.5,21.5,20.5,20.8,0.25,99.0
2018-11-30,3025,88002.0,1841642.0,20.8,21.25,20.7,20.8,0.0,61.0
2018-12-03,3025,165499.0,3549978.0,21.65,21.75,21.0,21.5,0.7,118.0
2018-12-04,3025,101119.0,2178702.0,21.7,21.75,21.35,21.55,0.05,90.0
2018-12-05,3025,66003.0,1361760.0,21.15,21.15,20.3,20.6,-0.95,53.0
2018-12-06,3025,216000.0,4201600.0,20.55,20.55,18.7,19.2,-1.4,138.0
2018-12-07,3025,284001.0,5411319.0,19.05,19.65,18.8,19.1,-0.1,147.0
2018-12-10,3025,428019.0,8513821.0,18.55,20.9,18.5,19.75,0.65,264.0
2018-12-11,3025,225000.0,4532150.0,20.3,20.85,19.75,19.8,0.05,165.0
2018-12-12,3025,114000.0,2295700.0,19.9,20.5,19.75,20.1,0.3,62.0
2018-12-13,3025,150001.0,3067970.0,20.2,20.7,20.1,20.45,0.35,112.0
2018-12-14,3025,273001.0,5398119.0,20.3,20.3,19.5,19.75,-0.7,116.0
2018-12-17,3025,224170.0,4436845.0,19.75,20.0,19.6,19.65,-0.1,124.0
2018-12-18,3025,118003.0,2269007.0,19.5,19.65,18.8,19.55,-0.1,80.0
2018-12-19,3025,162053.0,3075143.0,19.55,19.55,18.65,18.8,-0.75,104.0
2018-12-20,3025,737003.0,12699300.0,18.8,18.8,16.95,16.95,-1.85,355.0
2018-12-21,3025,201008.0,3379238.0,17.0,17.1,16.2,17.1,0.15,160.0
2018-12-22,3025,163010.0,2914327.0,17.1,18.35,17.1,17.8,0.7,128.0
2018-12-24,3025,222009.0,4142671.0,18.15,19.3,18.0,19.0,1.2,145.0
2018-12-25,3025,132004.0,2482974.0,19.0,19.5,18.15,18.5,-0.5,88.0
2018-12-26,3025,145012.0,2687569.0,19.15,19.15,18.25,18.3,-0.2,102.0
2018-12-27,3025,72015.0,1329472.0,19.0,19.0,18.0,18.1,-0.2,58.0
2018-12-28,3025,114001.0,2032317.0,17.5,18.2,17.5,17.8,-0.3,78.0
2019-01-02,3025,95008.0,1676686.0,18.0,18.25,17.35,17.5,-0.3,76.0
2019-01-03,3025,360001.0,6317917.0,17.45,18.45,17.25,17.25,-0.25,178.0
2019-01-04,3025,165009.0,2748894.0,17.2,17.2,16.2,16.8,-0.45,140.0
2019-01-07,3025,190009.0,3252353.0,17.5,17.5,16.8,17.3,0.5,106.0
2019-01-08,3025,202008.0,3838152.0,19.0,19.0,19.0,19.0,1.7,120.0
2019-01-09,3025,2855554.0,58436772.0,20.9,20.9,19.75,20.0,1.0,1230.0
2019-01-10,3025,1542418.0,29144276.0,19.8,20.0,18.1,18.1,-1.9,888.0
2019-01-11,3025,692155.0,12328027.0,18.15,18.25,17.4,17.45,-0.65,396.0
2019-01-14,3025,334143.0,5859299.0,17.45,17.75,17.3,17.55,0.1,234.0
2019-01-15,3025,465203.0,8356304.0,17.7,18.25,17.7,18.15,0.6,282.0
2019-01-16,3025,400002.0,7199936.0,18.05,18.25,17.7,18.25,0.1,206.0
2019-01-17,3025,172004.0,3107922.0,18.35,18.35,17.85,18.0,-0.25,110.0
2019-01-18,3025,137018.0,2453965.0,18.0,18.0,17.8,17.8,-0.2,85.0
2019-01-21,3025,187553.0,3314478.0,17.85,17.9,17.5,17.75,-0.05,124.0
2019-01-22,3025,185885.0,3279989.0,17.6,17.9,17.5,17.55,-0.2,91.0
2019-01-23,3025,67000.0,1194200.0,17.6,18.0,17.6,17.8,0.25,54.0
2019-01-24,3025,257000.0,4668900.0,17.95,18.45,17.95,18.15,0.35,158.0
2019-01-25,3025,124004.0,2244122.0,18.2,18.2,17.95,18.05,-0.1,92.0
2019-01-28,3025,249054.0,4590876.0,18.3,18.7,18.05,18.05,0.0,170.0
2019-01-29,3025,184000.0,3356850.0,18.3,18.5,18.05,18.1,0.05,111.0
2019-01-30,3025,141000.0,2555950.0,18.15,18.3,18.0,18.05,-0.05,74.0
2019-02-11,3025,344000.0,6262700.0,18.15,18.6,18.05,18.15,0.1,146.0
2019-02-12,3025,711078.0,12943099.0,18.2,18.6,17.8,18.15,0.0,293.0
2019-02-13,3025,2154545.0,41761971.0,18.75,19.95,18.5,19.95,1.8,1055.0
2019-02-14,3025,1737477.0,34728926.0,19.8,20.7,19.4,20.4,0.45,960.0
2019-02-15,3025,1054082.0,20549481.0,19.45,20.0,19.0,19.1,-1.3,609.0
2019-02-18,3025,456014.0,8883773.0,19.2,19.8,19.1,19.75,0.65,267.0
2019-02-19,3025,708430.0,14029868.0,20.0,20.45,19.45,19.45,-0.3,369.0
2019-02-20,3025,457572.0,8890657.0,19.55,19.65,19.2,19.55,0.1,255.0
2019-02-21,3025,550005.0,10672650.0,19.55,19.65,19.05,19.5,-0.05,200.0
2019-02-22,3025,431476.0,8381182.0,19.65,19.65,19.1,19.3,-0.2,182.0
2019-02-25,3025,426009.0,8180121.0,19.4,19.6,19.0,19.25,-0.05,209.0
2019-02-26,3025,366004.0,6986526.0,19.05,19.45,18.7,19.05,-0.2,159.0
2019-02-27,3025,370101.0,7062278.0,19.05,19.4,18.8,19.05,0.0,160.0
2019-03-04,3025,774007.0,14516733.0,19.15,19.15,18.7,18.75,-0.3,165.0
2019-03-05,3025,138919.0,2620263.0,18.9,18.9,18.8,18.8,0.05,118.0
2019-03-06,3025,243016.0,4623604.0,18.95,19.3,18.8,19.2,0.4,145.0
2019-03-07,3025,1174315.0,23069360.0,19.7,20.4,19.1,19.1,-0.1,779.0
2019-03-08,3025,425501.0,8155562.0,19.05,19.45,18.85,19.3,0.2,195.0
2019-03-11,3025,244072.0,4736168.0,19.5,19.65,19.15,19.25,-0.05,242.0
2019-03-12,3025,224408.0,4356005.0,19.4,19.65,19.25,19.5,0.25,143.0
2019-03-13,3025,3342209.0,70663030.0,19.6,21.45,19.55,21.45,1.95,1074.0
2019-03-14,3025,6982693.0,157465015.0,22.0,23.2,22.0,22.6,1.15,3708.0
2019-03-15,3025,2239408.0,48618045.0,22.2,22.6,21.15,21.35,-1.25,1271.0
2019-03-18,3025,1291103.0,27785516.0,21.2,22.4,20.8,22.1,0.75,918.0
2019-03-19,3025,826030.0,18119082.0,22.1,22.7,21.4,21.4,-0.7,556.0
2019-03-20,3025,489033.0,10430043.0,21.5,22.1,21.0,21.4,0.0,326.0
2019-03-21,3025,467016.0,10027936.0,21.5,21.75,21.25,21.4,0.0,224.0
2019-03-22,3025,994203.0,21607105.0,21.8,22.25,21.05,22.2,0.8,502.0
2019-03-25,3025,1052013.0,23219636.0,22.2,22.6,21.55,22.2,0.0,774.0
2019-03-26,3025,747008.0,16516576.0,22.45,22.7,21.8,22.05,-0.15,482.0
2019-03-27,3025,582011.0,12593739.0,22.05,22.05,21.4,21.6,-0.45,292.0
2019-03-28,3025,177011.0,3821881.0,21.35,21.8,21.3,21.5,-0.1,123.0
2019-03-29,3025,1899873.0,43988145.0,21.7,23.65,21.6,23.65,2.15,756.0
2019-04-01,3025,1686515.0,43381940.0,25.2,26.0,25.0,26.0,2.35,550.0
2019-04-02,3025,5218589.0,140643959.0,27.7,27.95,26.25,26.85,0.85,2610.0
2019-04-03,3025,3892442.0,107866517.0,27.05,29.0,26.55,27.3,0.45,2357.0
2019-04-08,3025,1587037.0,43289762.0,28.0,28.0,26.6,26.75,-0.55,928.0
2019-04-09,3025,1268320.0,33722869.0,26.85,27.05,25.9,26.95,0.2,807.0
2019-04-10,3025,1808121.0,49031335.0,27.0,27.9,26.3,26.65,-0.3,1207.0
2019-04-11,3025,1071080.0,28053996.0,26.2,26.8,25.8,26.5,-0.15,608.0
2019-04-12,3025,662780.0,17161616.0,26.35,26.6,25.55,25.55,-0.95,397.0
2019-04-15,3025,460468.0,11782421.0,25.55,26.2,25.15,25.7,0.15,326.0
2019-04-16,3025,1265008.0,33266708.0,26.3,26.8,25.85,26.65,0.95,663.0
2019-04-17,3025,904017.0,23689331.0,26.55,27.1,25.6,25.6,-1.05,524.0
2019-04-18,3025,523006.0,13234850.0,25.6,25.85,24.85,25.0,-0.6,368.0
2019-04-19,3025,320017.0,8026879.0,25.2,25.75,24.75,25.25,0.25,238.0
2019-04-22,3025,1974500.0,52734940.0,26.15,27.5,25.8,25.8,0.55,1240.0
2019-04-23,3025,389054.0,10085051.0,26.0,26.25,25.5,25.8,0.0,324.0
2019-04-24,3025,350321.0,9181725.0,26.5,26.5,25.85,26.25,0.45,268.0
2019-04-25,3025,336089.0,8777297.0,26.2,26.5,25.65,26.0,-0.25,252.0
2019-04-26,3025,494001.0,12528474.0,25.85,26.0,25.0,25.0,-1.0,332.0
2019-04-29,3025,844409.0,20058149.0,25.2,25.4,23.2,23.25,-1.75,498.0
2019-04-30,3025,406001.0,9397074.0,23.5,23.6,22.35,23.3,0.05,269.0
2019-05-02,3025,391088.0,9408705.0,23.6,24.6,23.05,24.5,1.2,263.0
2019-05-03,3025,275002.0,6689798.0,24.65,24.9,23.9,24.6,0.1,195.0
2019-05-06,3025,551002.0,12732048.0,24.35,24.35,22.4,22.75,-1.85,378.0
2019-05-07,3025,156000.0,3652550.0,22.9,23.8,22.9,23.45,0.7,107.0
2019-05-08,3025,230001.0,5251225.0,23.0,23.1,22.5,22.95,-0.5,148.0
2019-05-09,3025,245001.0,5519725.0,22.95,23.1,22.3,22.3,-0.65,161.0
2019-05-10,3025,986000.0,21193250.0,21.65,22.3,20.85,21.1,-1.2,573.0
2019-05-13,3025,776000.0,15509500.0,20.35,20.75,19.45,19.85,-1.25,444.0
2019-05-14,3025,580005.0,11725450.0,20.0,20.8,19.4,20.3,0.45,298.0
2019-05-15,3025,801005.0,17462356.0,20.45,22.3,20.45,21.8,1.5,385.0
2019-05-16,3025,315002.0,6675890.0,21.9,21.9,20.9,21.05,-0.75,220.0
2019-05-17,3025,431400.0,9151069.0,21.4,21.95,20.45,20.45,-0.6,228.0
2019-05-20,3025,108405.0,2183450.0,20.7,20.7,19.85,20.15,-0.3,92.0
2019-05-21,3025,210403.0,4258222.0,19.4,20.9,19.4,20.7,0.55,129.0
2019-05-22,3025,101002.0,2060290.0,21.0,21.0,20.2,20.2,-0.5,82.0
2019-05-23,3025,110000.0,2185750.0,20.3,20.3,19.75,19.9,-0.3,86.0
2019-05-24,3025,265001.0,5284369.0,19.85,20.3,19.8,19.85,-0.05,69.0
2019-05-27,3025,70208.0,1386888.0,20.2,20.2,19.6,19.6,-0.25,50.0
2019-05-28,3025,36000.0,713950.0,19.6,20.0,19.6,19.9,0.3,28.0
2019-05-29,3025,44075.0,871720.0,19.65,19.95,19.65,19.7,-0.2,40.0
2019-05-30,3025,111010.0,2215945.0,19.55,20.9,19.55,19.75,0.05,74.0
2019-05-31,3025,76003.0,1524407.0,20.0,20.3,19.85,19.95,0.2,61.0
2019-06-03,3025,173001.0,3426970.0,20.25,20.35,19.15,20.35,0.4,122.0
2019-06-04,3025,82900.0,1662522.0,20.35,20.35,19.9,19.9,-0.45,59.0
2019-06-05,3025,70002.0,1414090.0,20.3,20.3,20.0,20.25,0.35,52.0
2019-06-06,3025,64005.0,1287799.0,20.4,20.4,20.0,20.05,-0.2,46.0
2019-06-10,3025,89014.0,1818233.0,20.6,20.8,20.15,20.4,0.35,68.0
2019-06-11,3025,90000.0,1857850.0,20.7,20.75,20.45,20.75,0.35,66.0
2019-06-12,3025,269201.0,5690691.0,20.75,21.4,20.75,21.35,0.6,197.0
2019-06-13,3025,121283.0,2559806.0,21.5,21.5,20.8,21.05,-0.3,93.0
2019-06-14,3025,384002.0,8364842.0,21.1,22.25,21.1,21.45,0.4,298.0
2019-06-17,3025,54001.0,1175371.0,21.85,21.9,21.55,21.8,0.35,46.0
2019-06-18,3025,114003.0,2450913.0,22.1,22.1,21.3,21.45,-0.35,66.0
2019-06-19,3025,133008.0,2839670.0,21.6,21.6,21.15,21.25,-0.2,80.0
2019-06-20,3025,80001.0,1714071.0,21.5,21.6,21.25,21.45,0.2,56.0
2019-06-21,3025,220001.0,4798121.0,21.5,22.1,21.5,21.55,0.1,132.0
2019-06-24,3025,61003.0,1314214.0,21.9,21.9,21.4,21.55,0.0,42.0
2019-06-25,3025,58000.0,1231650.0,21.55,21.55,21.1,21.2,-0.35,41.0
2019-06-26,3025,66006.0,1386726.0,21.45,21.45,20.7,20.95,-0.25,53.0
2019-06-27,3025,40001.0,843421.0,21.3,21.3,21.0,21.1,0.15,30.0
2019-06-28,3025,250000.0,5212600.0,21.05,21.05,20.8,20.8,-0.3,59.0
2019-07-01,3025,100004.0,2128334.0,21.0,21.45,20.9,21.4,0.6,64.0
2019-07-02,3025,72002.0,1543242.0,21.4,21.8,21.3,21.45,0.05,63.0
2019-07-03,3025,90100.0,1931480.0,21.25,21.6,21.2,21.45,0.0,58.0
2019-07-04,3025,81000.0,1737600.0,21.75,21.75,21.3,21.45,0.0,59.0
2019-07-05,3025,95831.0,2061556.0,21.45,21.7,21.4,21.65,0.2,59.0
2019-07-08,3025,861146.0,20404123.0,23.2,23.8,22.8,23.8,2.15,442.0
2019-07-09,3025,1591056.0,38224890.0,24.6,24.6,23.0,23.0,-0.8,875.0
2019-07-10,3025,874099.0,20753203.0,23.15,24.4,22.7,23.8,0.8,543.0
2019-07-11,3025,668005.0,16182120.0,24.25,24.5,23.6,24.4,0.6,468.0
2019-07-12,3025,240000.0,5792750.0,24.5,24.6,23.85,24.05,-0.35,155.0
2019-07-15,3025,194001.0,4655724.0,24.5,24.5,23.8,23.9,-0.15,115.0
2019-07-16,3025,271831.0,6421245.0,23.6,23.9,23.4,23.55,-0.35,179.0
2019-07-17,3025,438000.0,10447550.0,23.7,24.55,23.4,23.4,-0.15,294.0
2019-07-18,3025,314001.0,7253172.0,23.45,23.7,22.85,22.85,-0.55,196.0
2019-07-19,3025,189099.0,4369386.0,23.3,23.3,22.85,23.2,0.35,110.0
2019-07-22,3025,281000.0,6650050.0,23.05,24.2,23.05,23.75,0.55,179.0
2019-07-23,3025,214000.0,5106650.0,24.1,24.2,23.6,23.75,0.0,157.0
2019-07-24,3025,280000.0,6722200.0,24.2,24.2,23.8,24.0,0.25,182.0
2019-07-25,3025,374976.0,9037724.0,24.1,24.45,23.8,24.2,0.2,220.0
2019-07-26,3025,2873227.0,73806536.0,24.45,26.35,24.3,25.5,1.3,1798.0
2019-07-29,3025,1384131.0,35984185.0,26.15,26.4,25.5,25.85,0.35,795.0
2019-07-30,3025,733300.0,18563359.0,25.95,26.3,24.5,24.6,-1.25,397.0
2019-07-31,3025,465001.0,11647274.0,24.6,25.45,24.6,24.95,0.35,300.0
2019-08-01,3025,346312.0,8488183.0,24.8,24.85,24.25,24.6,-0.35,235.0
2019-08-02,3025,525000.0,12443550.0,24.2,24.2,23.5,23.5,-1.1,267.0
2019-08-05,3025,288427.0,6663297.0,23.1,23.55,22.75,22.75,-0.75,155.0
2019-08-06,3025,262001.0,5773972.0,22.0,22.75,21.2,22.7,-0.05,182.0
2019-08-07,3025,208301.0,4642052.0,23.0,23.0,22.05,22.05,-0.65,143.0
2019-08-08,3025,212301.0,4694851.0,22.25,22.45,21.5,21.75,-0.3,139.0
2019-08-12,3025,106000.0,2333050.0,22.1,22.2,21.65,22.15,0.4,76.0
2019-08-13,3025,212042.0,4597950.0,21.7,22.0,21.4,21.55,-0.6,119.0
2019-08-14,3025,237000.0,5255000.0,22.75,22.75,21.75,21.9,0.35,183.0
2019-08-15,3025,145001.0,3109571.0,21.8,21.8,21.25,21.45,-0.45,112.0
2019-08-16,3025,92000.0,2000200.0,21.7,21.95,21.45,21.95,0.5,67.0
2019-08-19,3025,91007.0,1999597.0,21.9,22.2,21.8,21.9,-0.05,66.0
2019-08-20,3025,294000.0,6487250.0,22.4,22.5,21.85,22.0,0.1,137.0
2019-08-21,3025,352000.0,7950950.0,22.2,22.95,22.0,22.55,0.55,231.0
2019-08-22,3025,712304.0,16539622.0,23.0,23.8,22.85,23.25,0.7,405.0
2019-08-23,3025,211296.0,4923202.0,23.45,23.6,22.9,23.15,-0.1,154.0
2019-08-26,3025,348001.0,7803072.0,22.6,22.85,22.0,22.4,-0.75,185.0
2019-08-27,3025,191002.0,4272694.0,22.65,22.85,22.15,22.35,-0.05,168.0
2019-08-28,3025,165000.0,3753950.0,22.6,23.1,22.4,22.75,0.4,128.0
2019-08-29,3025,185001.0,4251072.0,23.1,23.25,22.75,22.9,0.15,130.0
2019-08-30,3025,349007.0,8096304.0,23.45,23.45,22.65,22.65,-0.25,231.0
2019-09-02,3025,259170.0,5948712.0,22.75,23.35,22.7,23.25,0.6,190.0
2019-09-03,3025,341006.0,8037088.0,23.6,23.9,23.25,23.6,0.35,241.0
2019-09-04,3025,251500.0,5958449.0,23.6,24.0,23.35,24.0,0.4,167.0
2019-09-05,3025,227300.0,5415249.0,24.3,24.4,23.5,23.5,-0.5,169.0
2019-09-06,3025,125007.0,2956762.0,23.8,23.9,23.5,23.5,0.0,87.0
2019-09-09,3025,1070993.0,23446146.0,22.5,22.5,21.5,21.5,-2.0,638.0
2019-09-10,3025,298000.0,6386050.0,21.55,21.85,21.2,21.35,-0.15,141.0
2019-09-11,3025,113000.0,2414150.0,21.3,21.7,21.2,21.45,0.1,80.0
2019-09-12,3025,122064.0,2651137.0,21.7,21.85,21.6,21.85,0.4,72.0
2019-09-16,3025,74000.0,1606750.0,21.9,21.95,21.6,21.7,-0.15,53.0
2019-09-17,3025,57090.0,1234157.0,21.85,21.85,21.5,21.65,-0.05,39.0
2019-09-18,3025,146000.0,3203800.0,22.2,22.2,21.65,22.0,0.35,107.0
2019-09-19,3025,41100.0,898653.0,21.8,22.0,21.8,22.0,0.0,40.0
2019-09-20,3025,306000.0,6899050.0,22.0,22.85,22.0,22.55,0.55,199.0
2019-09-23,3025,89003.0,1999566.0,22.7,22.7,22.25,22.5,-0.05,56.0
2019-09-24,3025,126006.0,2815132.0,22.3,22.55,22.2,22.25,-0.25,79.0
2019-09-25,3025,108176.0,2366580.0,22.4,22.4,21.65,21.85,-0.4,72.0
2019-09-26,3025,88000.0,1924900.0,22.0,22.0,21.8,21.85,0.0,44.0
2019-09-27,3025,119000.0,2562550.0,21.95,21.95,21.3,21.55,-0.3,73.0
2019-10-01,3025,67500.0,1459700.0,21.55,21.7,21.55,21.6,0.05,39.0
2019-10-02,3025,109000.0,2419450.0,21.7,22.6,21.7,22.15,0.55,61.0
2019-10-03,3025,82063.0,1792395.0,21.9,22.05,21.55,22.05,-0.1,60.0
2019-10-04,3025,96000.0,2094550.0,22.15,22.15,21.65,21.75,-0.3,71.0
2019-10-07,3025,165500.0,3557500.0,21.6,21.75,21.35,21.4,-0.35,90.0
2019-10-08,3025,171000.0,3670350.0,21.6,21.85,21.3,21.35,-0.05,78.0
2019-10-09,3025,268600.0,5650617.0,21.3,21.65,20.8,20.85,-0.5,133.0
2019-10-14,3025,117247.0,2447449.0,21.0,21.05,20.7,20.7,-0.15,68.0
2019-10-15,3025,184000.0,3866450.0,20.7,21.8,20.65,21.15,0.45,103.0
2019-10-16,3025,64000.0,1347800.0,21.6,21.6,20.85,21.15,0.0,47.0
2019-10-17,3025,78003.0,1632613.0,20.9,21.15,20.9,21.1,-0.05,42.0
2019-10-18,3025,68002.0,1434492.0,21.35,21.35,21.0,21.2,0.1,43.0
2019-10-21,3025,75003.0,1586013.0,20.9,21.4,20.9,21.25,0.05,35.0
2019-10-22,3025,219196.0,4774203.0,21.3,22.25,21.3,21.55,0.3,141.0
2019-10-23,3025,126000.0,2754600.0,21.7,22.0,21.6,21.7,0.15,75.0
2019-10-24,3025,379000.0,8011850.0,21.6,21.8,20.75,20.75,-0.95,195.0
2019-10-25,3025,164001.0,3408270.0,21.1,21.1,20.65,20.75,0.0,106.0
2019-10-28,3025,67120.0,1402534.0,21.0,21.1,20.8,20.8,0.05,53.0
2019-10-29,3025,78001.0,1617420.0,20.85,20.9,20.6,20.75,-0.05,59.0
2019-10-30,3025,53585.0,1110787.0,20.85,20.85,20.65,20.85,0.1,35.0
2019-10-31,3025,186001.0,3894920.0,20.8,21.45,20.65,20.8,-0.05,86.0
2019-11-01,3025,127196.0,2614198.0,20.8,21.1,20.2,20.4,-0.4,89.0
2019-11-04,3025,81001.0,1658670.0,20.4,20.6,20.4,20.5,0.1,55.0
2019-11-05,3025,133000.0,2722950.0,20.65,20.65,20.4,20.5,0.0,56.0
2019-11-06,3025,120050.0,2444415.0,20.5,20.5,20.25,20.45,-0.05,60.0
2019-11-07,3025,177001.0,3579220.0,20.45,20.45,19.95,20.25,-0.2,85.0
2019-11-08,3025,412001.0,8174619.0,20.45,20.45,19.55,19.85,-0.4,167.0
2019-11-11,3025,242500.0,4665450.0,19.85,19.85,19.05,19.1,-0.75,126.0
2019-11-12,3025,79000.0,1536200.0,19.5,19.7,19.3,19.5,0.4,52.0
2019-11-13,3025,28000.0,549150.0,19.5,19.7,19.5,19.6,0.1,26.0
2019-11-14,3025,31500.0,622424.0,19.9,19.9,19.6,19.75,0.15,27.0
2019-11-15,3025,84000.0,1668900.0,19.6,20.1,19.6,20.1,0.35,48.0
2019-11-18,3025,32303.0,644850.0,20.1,20.3,19.9,20.1,0.0,26.0
2019-11-19,3025,53001.0,1068820.0,20.65,20.65,20.0,20.25,0.15,40.0
2019-11-20,3025,33000.0,663850.0,20.25,20.25,19.9,20.25,0.0,27.0
2019-11-21,3025,62500.0,1262999.0,20.05,20.4,20.05,20.4,0.15,47.0
2019-11-22,3025,42000.0,852650.0,20.3,20.45,20.2,20.3,-0.1,28.0
2019-11-25,3025,113474.0,2342814.0,20.15,20.85,20.15,20.75,0.45,68.0
2019-11-26,3025,161000.0,3321250.0,20.8,20.9,20.5,20.65,-0.1,77.0
2019-11-27,3025,55025.0,1138365.0,20.8,20.8,20.65,20.75,0.1,35.0
2019-11-28,3025,46000.0,950650.0,20.65,20.75,20.6,20.7,-0.05,22.0
2019-11-29,3025,82196.0,1696936.0,20.85,20.85,20.55,20.7,0.0,44.0
2019-12-02,3025,125001.0,2550470.0,20.55,20.65,20.1,20.45,-0.25,64.0
2019-12-03,3025,47200.0,967458.0,20.6,20.6,20.4,20.6,0.15,29.0
2019-12-04,3025,25001.0,510470.0,20.35,20.6,20.35,20.4,-0.2,19.0
2019-12-05,3025,53001.0,1084470.0,20.4,20.7,20.3,20.5,0.1,29.0
2019-12-06,3025,89001.0,1803020.0,20.6,20.6,20.1,20.5,0.0,38.0
2019-12-09,3025,139001.0,2867270.0,20.5,20.8,20.5,20.6,0.1,68.0
2019-12-10,3025,74001.0,1530470.0,20.65,20.75,20.6,20.75,0.15,53.0
2019-12-11,3025,142233.0,2985393.0,20.75,21.45,20.75,21.2,0.45,89.0
2019-12-12,3025,305008.0,6502070.0,21.3,21.45,21.15,21.4,0.2,135.0
2019-12-13,3025,98001.0,2076421.0,21.5,21.5,21.1,21.3,-0.1,60.0
2019-12-16,3025,121006.0,2596878.0,21.3,21.6,21.2,21.5,0.2,92.0
2019-12-17,3025,99005.0,2141455.0,21.5,21.7,21.5,21.65,0.15,75.0
2019-12-18,3025,170002.0,3694842.0,21.75,21.9,21.55,21.75,0.1,101.0
2019-12-19,3025,308206.0,6779332.0,21.85,22.15,21.8,22.1,0.35,158.0
2019-12-20,3025,283500.0,6272300.0,22.2,22.3,22.0,22.0,-0.1,121.0
2019-12-23,3025,146012.0,3222364.0,22.15,22.2,22.0,22.1,0.1,79.0
2019-12-24,3025,284095.0,6287399.0,22.1,22.25,22.05,22.25,0.15,100.0
2019-12-25,3025,493001.0,11196622.0,22.25,23.3,22.25,22.35,0.1,254.0
2019-12-26,3025,181006.0,4069733.0,22.5,22.6,22.35,22.55,0.2,107.0
2019-12-27,3025,172402.0,3904144.0,22.55,22.75,22.55,22.6,0.05,94.0
2019-12-30,3025,293505.0,6743287.0,22.6,23.2,22.6,23.1,0.5,173.0
2019-12-31,3025,250007.0,5697358.0,23.25,23.3,22.5,22.8,-0.3,118.0
2020-01-02,3025,132000.0,3019950.0,22.95,23.0,22.8,22.9,0.1,79.0
2020-01-03,3025,246001.0,5612423.0,23.1,23.1,22.35,22.9,0.0,141.0
2020-01-06,3025,61001.0,1392072.0,22.9,22.9,22.75,22.9,0.0,51.0
2020-01-07,3025,270000.0,6090550.0,23.1,23.2,22.15,22.15,-0.75,142.0
2020-01-08,3025,368001.0,8028721.0,22.0,22.1,21.7,21.8,-0.35,120.0
2020-01-09,3025,192196.0,4205172.0,21.5,22.0,21.5,21.8,0.0,54.0
2020-01-10,3025,126004.0,2746485.0,21.9,21.95,21.75,21.85,0.05,54.0
2020-01-13,3025,105002.0,2281942.0,22.0,22.0,21.6,21.85,0.0,44.0
2020-01-14,3025,89501.0,1946870.0,21.8,21.85,21.65,21.8,-0.05,53.0
2020-01-15,3025,59001.0,1288521.0,21.8,22.0,21.65,21.95,0.15,38.0
2020-01-16,3025,62003.0,1352814.0,21.9,21.9,21.75,21.85,-0.1,39.0
2020-01-17,3025,173674.0,3754922.0,21.85,21.85,21.3,21.7,-0.15,104.0
2020-01-20,3025,68009.0,1474489.0,21.6,21.75,21.6,21.65,-0.05,45.0
2020-01-30,3025,221002.0,4491090.0,21.3,21.3,19.8,20.0,-1.65,107.0
2020-01-31,3025,157001.0,3186120.0,20.3,20.5,20.1,20.45,0.45,71.0
2020-02-03,3025,191008.0,3804460.0,20.1,20.2,19.65,20.1,-0.35,87.0
2020-02-04,3025,149010.0,3003350.0,20.4,20.4,20.05,20.15,0.05,54.0
2020-02-05,3025,56000.0,1127750.0,20.15,20.2,20.1,20.2,0.05,23.0
2020-02-06,3025,79040.0,1614522.0,20.3,20.7,20.25,20.55,0.35,66.0
2020-02-07,3025,337005.0,7239005.0,22.4,22.4,21.0,21.1,0.55,268.0
2020-02-10,3025,145234.0,2988514.0,21.0,21.0,20.4,20.5,-0.6,88.0
2020-02-11,3025,74391.0,1525058.0,21.2,21.2,20.15,20.6,0.1,62.0
2020-02-12,3025,71008.0,1465860.0,20.6,20.75,20.45,20.75,0.15,51.0
2020-02-13,3025,70017.0,1452290.0,20.8,20.85,20.6,20.7,-0.05,57.0
2020-02-14,3025,39022.0,810440.0,20.65,20.85,20.65,20.8,0.1,46.0
2020-02-17,3025,95017.0,2001707.0,20.75,21.25,20.7,21.15,0.35,61.0
2020-02-18,3025,85007.0,1771390.0,21.15,21.2,20.7,20.8,-0.35,57.0
2020-02-19,3025,89008.0,1850818.0,20.6,21.0,20.6,20.85,0.05,58.0
2020-02-20,3025,37251.0,766962.0,21.0,21.0,20.35,20.7,-0.15,45.0
2020-02-21,3025,41010.0,850450.0,20.9,20.9,20.65,20.75,0.05,36.0
2020-02-24,3025,86014.0,1760280.0,20.8,20.8,20.35,20.6,-0.15,64.0
2020-02-25,3025,132392.0,2670477.0,20.2,20.35,20.0,20.25,-0.35,93.0
2020-02-26,3025,131131.0,2614894.0,20.05,20.15,19.8,19.85,-0.4,94.0
2020-02-27,3025,129002.0,2525588.0,19.85,19.85,19.25,19.25,-0.6,93.0
2020-03-02,3025,122009.0,2290171.0,18.5,19.25,18.4,19.0,-0.25,98.0
2020-03-03,3025,81204.0,1570114.0,19.4,19.5,19.2,19.35,0.35,54.0
2020-03-04,3025,49001.0,935569.0,19.25,19.3,19.0,19.2,-0.15,20.0
2020-03-05,3025,82005.0,1598645.0,19.55,19.65,19.35,19.55,0.35,33.0
2020-03-06,3025,92004.0,1769426.0,19.3,19.5,19.2,19.25,-0.3,41.0
2020-03-09,3025,173008.0,3270394.0,19.1,19.15,18.7,18.75,-0.5,86.0
2020-03-10,3025,74012.0,1374328.0,18.35,19.05,18.3,19.05,0.3,57.0
2020-03-11,3025,65019.0,1242061.0,19.05,19.25,19.0,19.05,0.0,53.0
2020-03-12,3025,206010.0,3674970.0,18.55,18.55,17.35,17.7,-1.35,127.0
2020-03-13,3025,458008.0,7338778.0,16.0,16.7,15.95,16.2,-1.5,169.0
2020-03-16,3025,216019.0,3406038.0,16.0,16.3,15.25,15.25,-0.95,111.0
2020-03-17,3025,311004.0,4390806.0,13.8,15.2,13.8,14.35,-0.9,145.0
2020-03-18,3025,215006.0,3062084.0,14.35,14.45,14.0,14.05,-0.3,103.0
2020-03-19,3025,263005.0,3399410.0,13.75,13.75,12.65,12.65,-1.4,117.0
2020-03-20,3025,352295.0,4636931.0,12.2,13.55,12.2,13.55,0.9,124.0
2020-03-23,3025,183006.0,2296828.0,12.55,12.9,12.45,12.9,-0.65,86.0
2020-03-24,3025,125041.0,1663848.0,13.1,13.5,13.05,13.4,0.5,71.0
2020-03-25,3025,137009.0,1904367.0,13.65,14.35,13.6,13.8,0.4,84.0
2020-03-26,3025,55004.0,777206.0,14.2,14.3,13.8,14.3,0.5,40.0
2020-03-27,3025,134008.0,1962562.0,15.1,15.1,14.5,14.55,0.25,85.0
2020-03-30,3025,31013.0,445585.0,14.4,14.6,14.1,14.6,0.05,34.0
2020-03-31,3025,95002.0,1407680.0,14.85,15.0,14.65,14.95,0.35,49.0
2020-04-01,3025,259207.0,4181942.0,15.0,16.4,15.0,16.4,1.45,161.0
2020-04-06,3025,165214.0,2798199.0,16.9,17.3,16.0,17.05,0.65,137.0
2020-04-07,3025,175019.0,3005531.0,17.2,17.6,16.85,17.55,0.5,99.0
2020-04-08,3025,167002.0,2890634.0,17.25,17.45,17.2,17.3,-0.25,103.0
2020-04-09,3025,140034.0,2457128.0,17.6,17.75,17.35,17.6,0.3,107.0
2020-04-10,3025,298100.0,5510935.0,17.6,19.35,17.5,19.35,1.75,169.0
2020-04-13,3025,410086.0,8178172.0,19.35,20.7,18.85,20.15,0.8,304.0
2020-04-14,3025,66044.0,1337380.0,20.1,20.45,20.1,20.15,0.0,101.0
2020-04-15,3025,189050.0,3771000.0,20.15,20.25,19.7,20.2,0.05,152.0
2020-04-16,3025,64042.0,1290092.0,20.1,20.3,19.8,20.2,0.0,64.0
2020-04-17,3025,109038.0,2193116.0,20.3,20.85,19.85,20.15,-0.05,77.0
2020-04-20,3025,31084.0,625436.0,19.95,20.4,19.9,20.15,0.0,60.0
2020-04-21,3025,151053.0,2944615.0,19.9,19.9,18.65,19.6,-0.55,131.0
2020-04-22,3025,90024.0,1763557.0,19.6,19.9,19.2,19.5,-0.1,71.0
2020-04-23,3025,25065.0,493912.0,19.9,20.0,19.5,19.55,0.05,48.0
2020-04-24,3025,26327.0,520120.0,20.0,20.0,19.6,19.8,0.25,51.0
2020-04-27,3025,96460.0,1931361.0,20.0,20.3,19.9,20.2,0.4,117.0
2020-04-28,3025,186048.0,3771814.0,20.3,20.85,19.85,20.15,-0.05,115.0
2020-04-29,3025,54004.0,1093880.0,20.15,20.5,20.05,20.1,-0.05,48.0
2020-04-30,3025,84599.0,1709080.0,20.5,20.5,20.1,20.1,0.0,61.0
2020-05-04,3025,45004.0,882777.0,19.65,19.85,19.15,19.7,-0.4,37.0
2020-05-05,3025,31000.0,613250.0,19.6,20.0,19.6,19.7,0.0,27.0
2020-05-06,3025,62000.0,1215650.0,19.7,19.7,19.55,19.55,-0.15,45.0
2020-05-07,3025,92119.0,1783158.0,19.35,19.5,19.2,19.45,-0.1,58.0
2020-05-08,3025,61001.0,1178619.0,19.3,19.5,19.15,19.3,-0.15,41.0
2020-05-11,3025,52004.0,1003676.0,19.4,19.45,19.25,19.4,0.1,26.0
2020-05-12,3025,40000.0,764450.0,19.2,19.35,19.05,19.35,-0.05,33.0
2020-05-13,3025,12000.0,230300.0,19.3,19.3,19.1,19.25,-0.1,10.0
2020-05-14,3025,266002.0,5328738.0,19.5,20.65,19.35,19.45,0.2,181.0
2020-05-15,3025,111001.0,2146219.0,19.75,19.8,19.0,19.45,0.0,84.0
2020-05-18,3025,15001.0,287669.0,19.2,19.3,19.05,19.2,-0.25,15.0
2020-05-19,3025,35500.0,680850.0,19.3,19.3,19.1,19.1,-0.1,31.0
2020-05-20,3025,55131.0,1059375.0,19.4,19.45,19.05,19.05,-0.05,36.0
2020-05-21,3025,42000.0,801250.0,19.2,19.2,19.0,19.1,0.05,24.0
2020-05-22,3025,56000.0,1065800.0,19.15,19.2,18.8,18.9,-0.2,43.0
2020-05-25,3025,24008.0,457202.0,19.1,19.1,18.9,19.1,0.2,22.0
2020-05-26,3025,82001.0,1569969.0,19.15,19.35,19.05,19.05,-0.05,37.0
2020-05-27,3025,115001.0,2177518.0,18.9,19.15,18.75,18.8,-0.25,71.0
2020-05-28,3025,66001.0,1242068.0,18.85,19.05,18.75,18.75,-0.05,32.0
2020-05-29,3025,38002.0,709586.0,18.75,18.75,18.6,18.65,-0.1,23.0
2020-06-01,3025,29001.0,543218.0,18.75,18.85,18.65,18.7,0.05,26.0
2020-06-02,3025,96036.0,1805272.0,18.8,19.0,18.65,18.7,0.0,51.0
2020-06-03,3025,72016.0,1350796.0,18.75,18.95,18.7,18.75,0.05,44.0
2020-06-04,3025,97001.0,1817968.0,18.9,19.0,18.55,18.55,-0.2,65.0
2020-06-05,3025,110005.0,2039592.0,18.55,18.65,18.5,18.5,-0.05,59.0
2020-06-08,3025,172003.0,3150254.0,18.5,18.5,18.15,18.25,-0.25,113.0
2020-06-09,3025,78001.0,1414818.0,18.2,18.25,18.05,18.25,0.0,48.0
2020-06-10,3025,71060.0,1300547.0,18.35,18.4,18.25,18.3,0.05,35.0
2020-06-11,3025,46000.0,834100.0,18.4,18.4,18.0,18.15,-0.15,35.0
2020-06-12,3025,38001.0,678017.0,18.0,18.0,17.75,17.9,-0.25,27.0
2020-06-15,3025,44000.0,786600.0,17.75,18.1,17.7,18.05,0.15,24.0
2020-06-16,3025,115003.0,2091704.0,18.1,18.5,18.05,18.2,0.15,48.0
2020-06-17,3025,49000.0,892900.0,18.4,18.4,18.2,18.2,0.0,17.0
2020-06-18,3025,84390.0,1570254.0,18.45,18.8,18.2,18.7,0.5,42.0
2020-06-19,3025,38000.0,702700.0,18.6,18.7,18.4,18.6,-0.1,29.0
2020-06-22,3025,73022.0,1362207.0,18.8,18.8,18.6,18.6,0.0,50.0
2020-06-23,3025,34392.0,637890.0,18.6,18.7,18.5,18.7,0.1,27.0
2020-06-24,3025,72002.0,1330636.0,18.5,18.6,18.4,18.5,-0.2,46.0
2020-06-29,3025,123001.0,2242218.0,18.25,18.45,18.1,18.1,-0.4,41.0
2020-06-30,3025,68392.0,1268801.0,18.15,18.7,18.15,18.6,0.5,52.0
2020-07-01,3025,110000.0,2074250.0,18.6,19.0,18.6,18.95,0.35,75.0
2020-07-02,3025,109100.0,2070150.0,18.9,19.15,18.85,19.0,0.05,49.0
2020-07-03,3025,134000.0,2558150.0,19.0,19.3,18.95,19.25,0.25,66.0
2020-07-06,3025,348002.0,6835938.0,19.3,19.85,19.3,19.75,0.5,201.0
2020-07-07,3025,872002.0,18887642.0,20.95,21.7,20.9,21.7,1.95,381.0
2020-07-08,3025,1331009.0,29992092.0,23.0,23.25,21.55,21.65,-0.05,767.0
2020-07-09,3025,490998.0,10428557.0,21.8,22.1,20.85,21.1,-0.55,271.0
2020-07-10,3025,276057.0,5727132.0,21.1,21.1,20.25,20.8,-0.3,148.0
2020-07-13,3025,238000.0,4950400.0,20.8,21.0,20.65,20.75,-0.05,123.0
2020-07-14,3025,219001.0,4671121.0,21.05,21.75,20.85,21.45,0.7,160.0
2020-07-15,3025,333001.0,7036071.0,21.95,21.95,19.9,21.0,-0.45,230.0
2020-07-16,3025,55005.0,1149705.0,21.1,21.1,20.7,20.95,-0.05,52.0
2020-07-17,3025,86000.0,1774300.0,21.05,21.3,20.15,20.25,-0.7,63.0
2020-07-20,3025,59003.0,1193110.0,20.05,20.5,20.0,20.25,0.0,36.0
2020-07-21,3025,60000.0,1236700.0,20.7,20.85,20.3,20.65,0.4,48.0
2020-07-22,3025,38002.0,791790.0,21.0,21.0,20.7,20.8,0.15,38.0
2020-07-23,3025,68039.0,1400707.0,20.8,20.8,20.4,20.7,-0.1,53.0
2020-07-24,3025,117002.0,2367740.0,20.3,20.55,20.0,20.3,-0.4,81.0
2020-07-27,3025,106001.0,2109369.0,20.3,20.3,19.75,19.75,-0.55,60.0
2020-07-28,3025,29006.0,573269.0,19.75,19.95,19.65,19.7,-0.05,27.0
2020-07-29,3025,91002.0,1778888.0,19.3,19.95,19.2,19.7,0.0,52.0
2020-07-30,3025,124002.0,2425188.0,19.35,19.7,19.35,19.6,-0.1,84.0
2020-07-31,3025,31896.0,629990.0,19.6,19.9,19.6,19.65,0.05,31.0
2020-08-03,3025,46300.0,905343.0,19.5,19.75,19.45,19.7,0.05,30.0
2020-08-04,3025,113003.0,2280260.0,19.95,20.3,19.95,20.0,0.3,69.0
2020-08-05,3025,125001.0,2502620.0,20.05,20.1,20.0,20.0,0.0,78.0
2020-08-06,3025,150002.0,3025640.0,20.05,20.4,19.9,19.9,-0.1,71.0
2020-08-07,3025,83001.0,1654469.0,19.95,20.2,19.8,19.8,-0.1,56.0
2020-08-10,3025,130040.0,2575740.0,19.6,19.95,19.55,19.95,0.15,71.0
2020-08-11,3025,70000.0,1386000.0,20.0,20.05,19.4,19.65,-0.3,45.0
2020-08-12,3025,417322.0,7948150.0,19.4,19.6,18.9,19.0,-0.65,145.0
2020-08-13,3025,84002.0,1601288.0,19.1,19.35,18.95,19.1,0.1,36.0
2020-08-14,3025,91002.0,1725338.0,19.1,19.1,18.8,19.0,-0.1,42.0
2020-08-17,3025,45001.0,859469.0,19.0,19.2,18.9,19.1,0.1,25.0
2020-08-18,3025,43098.0,821231.0,19.3,19.3,19.0,19.05,-0.05,28.0
2020-08-19,3025,88001.0,1664818.0,19.05,19.15,18.75,18.8,-0.25,45.0
2020-08-20,3025,196002.0,3591686.0,18.6,18.65,18.0,18.0,-0.8,88.0
2020-08-21,3025,78030.0,1436755.0,18.45,18.55,18.15,18.4,0.4,56.0
2020-08-24,3025,154014.0,2774902.0,18.15,18.15,17.85,18.0,0.0,42.0
2020-08-25,3025,87076.0,1634656.0,18.1,19.1,18.1,18.6,0.6,64.0
2020-08-26,3025,16001.0,299868.0,19.05,19.05,18.5,18.65,0.05,16.0
2020-08-27,3025,28002.0,518686.0,18.55,18.65,18.5,18.65,0.0,21.0
2020-08-28,3025,15002.0,278836.0,18.6,18.65,18.4,18.6,-0.05,13.0
2020-08-31,3025,26001.0,482518.0,18.95,18.95,18.5,18.5,-0.1,14.0
2020-09-01,3025,21000.0,387100.0,18.45,18.5,18.3,18.5,0.0,19.0
2020-09-02,3025,49003.0,925307.0,18.75,19.0,18.75,18.95,0.45,37.0
2020-09-03,3025,81001.0,1536218.0,19.15,19.15,18.85,18.95,0.0,39.0
2020-09-04,3025,33002.0,618186.0,18.8,18.95,18.6,18.95,0.0,26.0
2020-09-07,3025,92729.0,1774392.0,18.95,19.35,18.9,19.2,0.25,71.0
2020-09-08,3025,125006.0,2444068.0,19.5,19.85,19.25,19.85,0.65,83.0
2020-09-09,3025,133728.0,2648926.0,19.85,20.0,19.5,19.9,0.05,70.0
2020-09-10,3025,59003.0,1176257.0,19.95,20.05,19.75,19.9,0.0,37.0
2020-09-11,3025,50001.0,975519.0,19.5,19.7,19.35,19.65,-0.25,32.0
2020-09-14,3025,85344.0,1657121.0,19.4,19.75,19.15,19.55,-0.1,61.0
2020-09-15,3025,57700.0,1123509.0,19.5,19.75,19.4,19.4,-0.15,28.0
2020-09-16,3025,43001.0,836819.0,19.4,19.6,19.35,19.5,0.1,36.0
2020-09-17,3025,74001.0,1449369.0,19.5,19.7,19.5,19.6,0.1,37.0
2020-09-18,3025,162585.0,3245650.0,19.6,20.15,19.6,20.1,0.5,93.0
2020-09-21,3025,368070.0,7605107.0,20.3,21.2,20.1,20.85,0.75,235.0
2020-09-22,3025,90000.0,1839250.0,21.0,21.0,19.9,20.5,-0.35,65.0
2020-09-23,3025,83390.0,1700755.0,20.6,20.85,20.1,20.4,-0.1,57.0
2020-09-24,3025,148390.0,2993027.0,20.3,20.45,19.9,20.3,-0.1,94.0
2020-09-25,3025,165005.0,3248095.0,20.3,20.3,19.0,19.0,-1.3,115.0
2020-09-28,3025,16173.0,313045.0,19.2,19.45,19.2,19.45,0.45,18.0
2020-09-29,3025,22001.0,428969.0,19.65,19.65,19.3,19.5,0.05,21.0
2020-09-30,3025,23001.0,449219.0,19.5,19.8,19.45,19.45,-0.05,15.0
2020-10-05,3025,10002.0,196688.0,19.45,19.8,19.45,19.75,0.3,11.0
2020-10-06,3025,35000.0,697300.0,19.6,20.0,19.6,20.0,0.25,26.0
2020-10-07,3025,48195.0,945210.0,19.7,19.95,19.4,19.95,-0.05,28.0
2020-10-08,3025,42006.0,833220.0,20.15,20.15,19.6,20.0,0.05,31.0
2020-10-12,3025,39784.0,793364.0,20.25,20.25,19.65,19.7,-0.3,39.0
2020-10-13,3025,39000.0,753600.0,19.35,19.55,19.05,19.5,-0.2,27.0
2020-10-14,3025,42000.0,815100.0,19.65,19.7,19.25,19.25,-0.25,33.0
2020-10-15,3025,35001.0,670619.0,19.2,19.35,19.05,19.25,0.0,33.0
2020-10-16,3025,57000.0,1083900.0,19.1,19.1,19.0,19.05,-0.2,31.0
2020-10-19,3025,251001.0,4820469.0,19.05,19.3,19.05,19.2,0.15,26.0
2020-10-20,3025,54000.0,1025250.0,19.3,19.3,18.9,18.9,-0.3,30.0
2020-10-21,3025,70001.0,1323218.0,19.15,19.15,18.75,18.9,0.0,49.0
2020-10-22,3025,67005.0,1251793.0,18.8,18.8,18.55,18.6,-0.3,42.0
2020-10-23,3025,41003.0,765704.0,18.5,18.8,18.5,18.75,0.15,26.0
2020-10-26,3025,44006.0,824762.0,18.85,18.85,18.6,18.75,0.0,27.0
2020-10-27,3025,55003.0,1020654.0,18.8,18.8,18.5,18.5,-0.25,33.0
2020-10-28,3025,85975.0,1576647.0,18.5,18.5,18.2,18.2,-0.3,53.0
2020-10-29,3025,166001.0,2991168.0,18.0,18.2,17.85,17.95,-0.25,85.0
2020-10-30,3025,58000.0,1036900.0,17.9,17.95,17.75,17.9,-0.05,37.0
2020-11-02,3025,132000.0,2333800.0,17.9,17.95,17.6,17.6,-0.3,52.0
2020-11-03,3025,70000.0,1258300.0,17.9,18.05,17.9,17.9,0.3,35.0
2020-11-04,3025,42008.0,749289.0,17.95,18.0,17.65,17.9,0.0,39.0
2020-11-05,3025,51006.0,934060.0,18.0,18.65,18.0,18.6,0.7,39.0
2020-11-06,3025,199001.0,3771269.0,19.2,19.2,18.8,18.8,0.2,90.0
2020-11-09,3025,175001.0,3323570.0,19.4,19.4,18.8,18.8,0.0,65.0
2020-11-10,3025,71001.0,1342918.0,18.85,19.0,18.85,18.95,0.15,30.0
2020-11-11,3025,117004.0,2245772.0,19.05,19.4,19.0,19.35,0.4,76.0
2020-11-12,3025,471004.0,9330977.0,19.5,20.15,19.4,19.7,0.35,266.0
2020-11-13,3025,139501.0,2779668.0,19.9,20.1,19.75,20.0,0.3,91.0
2020-11-16,3025,1028869.0,21367307.0,20.3,21.4,20.3,20.6,0.6,473.0
2020-11-17,3025,257198.0,5298710.0,20.9,20.9,20.4,20.6,0.0,151.0
2020-11-18,3025,259144.0,5410568.0,20.85,21.2,20.65,21.0,0.4,149.0
2020-11-19,3025,1884539.0,42749744.0,21.0,23.1,21.0,23.1,2.1,670.0
2020-11-20,3025,1777708.0,44763129.0,24.7,25.4,24.25,25.4,2.3,593.0
2020-11-23,3025,7311086.0,198975606.0,27.0,27.9,26.1,26.2,0.8,3189.0
2020-11-24,3025,2056947.0,53175248.0,26.55,26.7,25.05,25.2,-1.0,1153.0
2020-11-25,3025,5039878.0,136016621.0,25.4,27.7,24.8,27.7,2.5,1900.0
2020-11-26,3025,6496177.0,181365209.0,28.2,28.9,26.85,28.0,0.3,3184.0
2020-11-27,3025,7440753.0,220192288.0,27.85,30.8,27.75,29.15,1.15,3145.0
2020-11-30,3025,6575579.0,202090500.0,30.2,32.05,29.15,32.05,2.9,3042.0
2020-12-01,3025,8968225.0,305411928.0,32.5,35.25,32.35,35.25,3.2,4642.0
2020-12-02,3025,9102129.0,321590102.0,36.35,36.95,34.15,35.15,-0.1,5076.0
2020-12-03,3025,2244305.0,75876347.0,35.0,35.0,32.9,33.55,-1.6,1314.0
2020-12-04,3025,1339512.0,45015338.0,33.7,34.3,32.7,32.7,-0.85,813.0
2020-12-07,3025,2958566.0,101774883.0,32.9,35.95,32.9,35.95,3.25,1693.0
2020-12-08,3025,3585787.0,136306653.0,35.95,39.45,35.9,39.35,3.4,2127.0
2020-12-09,3025,3910969.0,164244271.0,39.4,43.25,39.4,43.25,3.9,2086.0
2020-12-10,3025,3955118.0,174031923.0,42.0,45.95,42.0,44.1,0.85,2377.0
2020-12-11,3025,3638138.0,152710204.0,44.0,45.0,40.0,40.0,-4.1,2098.0
2020-12-14,3025,2106140.0,89340671.0,40.8,43.35,40.8,43.3,3.3,1325.0
2020-12-15,3025,2679839.0,112357356.0,43.2,44.6,40.6,40.8,-2.5,1545.0
2020-12-16,3025,2759879.0,118629065.0,42.45,43.95,41.0,43.65,2.85,1630.0
2020-12-17,3025,3423875.0,144059477.0,43.0,43.95,41.1,41.5,-2.15,2109.0
2020-12-18,3025,7008717.0,309882373.0,41.3,45.65,41.2,42.75,1.25,4339.0
2020-12-21,3025,3826231.0,157596697.0,42.35,43.05,40.0,41.0,-1.75,2437.0
2020-12-22,3025,3831323.0,160528806.0,41.4,43.5,40.5,40.5,-0.5,2496.0
2020-12-23,3025,2026064.0,82822010.0,41.05,41.65,40.1,40.65,0.15,1321.0
2020-12-24,3025,1524445.0,62566796.0,40.65,41.6,40.35,40.65,0.0,920.0
2020-12-25,3025,2214326.0,88963546.0,41.3,41.3,39.15,40.1,-0.55,1271.0
2020-12-28,3025,3265742.0,136558668.0,40.6,42.95,40.0,41.9,1.8,1899.0
2020-12-29,3025,2248638.0,91658569.0,41.5,42.0,40.15,40.55,-1.35,1394.0
2020-12-30,3025,2861026.0,119390195.0,41.0,42.7,40.5,42.0,1.45,1744.0
2020-12-31,3025,2306260.0,96198383.0,42.8,43.05,40.7,41.35,-0.65,1463.0
2021-01-04,3025,2192296.0,91902658.0,41.85,42.95,41.3,41.3,-0.05,1275.0
2021-01-05,3025,3076977.0,122506843.0,41.1,41.4,39.15,39.25,-2.05,1943.0
2021-01-06,3025,3714193.0,141197407.0,39.35,39.8,37.0,37.5,-1.75,2221.0
2021-01-07,3025,3674122.0,142338402.0,37.3,40.1,37.15,39.3,1.8,2165.0
2021-01-08,3025,3274094.0,124069931.0,39.3,39.6,36.45,37.4,-1.9,1921.0
2021-01-11,3025,1156336.0,42569182.0,37.4,37.4,36.5,36.85,-0.55,768.0
2021-01-12,3025,1907471.0,68899842.0,37.0,37.7,35.25,35.35,-1.5,1136.0
2021-01-13,3025,4610465.0,175011244.0,35.35,38.85,35.35,38.85,3.5,2721.0
2021-01-14,3025,6021246.0,242187147.0,39.35,42.0,38.55,39.95,1.1,3629.0
2021-01-15,3025,2680623.0,104306117.0,39.55,40.0,37.6,38.1,-1.85,1517.0
2021-01-18,3025,1599910.0,59471514.0,37.85,38.0,36.2,37.0,-1.1,939.0
2021-01-19,3025,2249144.0,81313895.0,37.15,37.2,35.65,35.65,-1.35,1201.0
2021-01-20,3025,2881467.0,99845842.0,35.65,36.35,33.05,33.5,-2.15,1698.0
2021-01-21,3025,1957520.0,65863054.0,34.5,34.7,32.6,33.65,0.15,1086.0
2021-01-22,3025,1579579.0,52929021.0,33.95,34.4,33.0,33.05,-0.6,922.0
2021-01-25,3025,1286803.0,42624971.0,33.0,34.0,32.3,33.0,-0.05,764.0
2021-01-26,3025,1280433.0,41362014.0,33.2,33.6,31.35,31.4,-1.6,820.0
2021-01-27,3025,1247118.0,40062774.0,31.6,32.7,31.6,31.95,0.55,760.0
2021-01-28,3025,968931.0,30101368.0,30.7,32.3,30.5,30.5,-1.45,648.0
2021-01-29,3025,1871769.0,58331508.0,31.0,32.45,30.35,30.75,0.25,1070.0
2021-02-01,3025,1110310.0,33369054.0,30.55,30.8,29.5,29.5,-1.25,626.0
2021-02-02,3025,997042.0,29741169.0,29.5,30.45,29.4,29.4,-0.1,598.0
2021-02-03,3025,1479595.0,44317800.0,29.95,30.65,29.2,29.3,-0.1,926.0
2021-02-04,3025,1262459.0,37249979.0,29.4,30.25,28.65,29.7,0.4,757.0
2021-02-05,3025,1537729.0,45072962.0,30.45,30.65,28.7,28.75,-0.95,961.0
2021-02-17,3025,1641959.0,46938951.0,28.5,29.25,27.7,28.65,-0.1,1028.0
2021-02-18,3025,2344197.0,70006959.0,28.85,30.45,28.75,29.5,0.85,1245.0
2021-02-19,3025,1317624.0,39322918.0,29.75,30.25,29.5,29.9,0.4,790.0
2021-02-22,3025,1613787.0,48590201.0,30.25,30.7,29.6,30.0,0.1,866.0
2021-02-23,3025,957718.0,28317261.0,30.0,30.15,29.2,29.35,-0.65,641.0
2021-02-24,3025,1326242.0,38243289.0,29.2,29.85,28.15,28.3,-1.05,872.0
2021-02-25,3025,956338.0,26966450.0,28.7,28.7,27.7,28.0,-0.3,574.0
2021-02-26,3025,4698137.0,136304842.0,27.4,30.1,27.4,28.35,0.35,2513.0
2021-03-02,3025,2660559.0,76454955.0,28.6,29.6,28.1,28.15,-0.2,1479.0
2021-03-03,3025,3527884.0,97081970.0,28.3,28.6,26.95,26.95,-1.2,2105.0
2021-03-04,3025,3226201.0,89033698.0,27.0,28.4,26.4,27.2,0.25,1790.0
2021-03-05,3025,11366599.0,328640284.0,27.55,29.9,27.45,29.9,2.7,4825.0
2021-03-08,3025,25367385.0,768712916.0,30.85,31.3,29.45,30.85,0.95,11240.0
2021-03-09,3025,15759999.0,495711412.0,30.75,32.3,30.3,32.1,1.25,8043.0
2021-03-10,3025,14498717.0,475975398.0,32.1,33.55,31.95,33.5,1.4,7289.0
2021-03-11,3025,14488265.0,482680409.0,32.65,34.6,31.65,32.1,-1.4,7435.0
2021-03-12,3025,10865548.0,349948249.0,32.7,32.95,31.4,32.9,0.8,5019.0
2021-03-15,3025,5506786.0,181600906.0,32.9,33.5,32.6,33.0,0.1,2706.0
2021-03-16,3025,3505028.0,115732311.0,33.0,33.5,32.75,32.75,-0.25,1848.0
2021-03-17,3025,5073213.0,163708514.0,32.3,33.0,31.7,31.75,-1.0,2291.0
2021-03-18,3025,7449104.0,249688394.0,32.25,34.9,31.85,34.9,3.15,3511.0
2021-03-19,3025,17195128.0,641684390.0,35.6,38.35,35.35,38.35,3.45,8795.0
2021-03-22,3025,16406972.0,648150605.0,41.1,41.35,38.35,38.6,0.25,8196.0
2021-03-23,3025,6818307.0,254513915.0,38.55,39.3,36.3,37.1,-1.5,3717.0
2021-03-24,3025,8200797.0,317613532.0,37.4,40.3,37.3,38.0,0.9,4754.0
2021-03-25,3025,3804969.0,143966956.0,37.75,38.75,37.1,37.35,-0.65,2269.0
2021-03-26,3025,2791722.0,104944904.0,37.7,38.35,36.9,37.8,0.45,1686.0
2021-03-29,3025,2708714.0,101945451.0,38.15,38.2,37.2,37.3,-0.5,1441.0
2021-03-30,3025,7762023.0,304475247.0,38.0,40.7,37.6,38.8,1.5,4417.0
2021-03-31,3025,3853453.0,150838765.0,38.85,40.0,38.4,39.2,0.4,2193.0
2021-04-01,3025,2746035.0,107530864.0,39.3,39.85,38.8,38.85,-0.35,1460.0
2021-04-06,3025,3147405.0,120924566.0,39.3,39.35,37.5,37.5,-1.35,1897.0
2021-04-07,3025,4999147.0,182732636.0,37.7,37.95,36.0,36.2,-1.3,2822.0
2021-04-08,3025,3123953.0,114598242.0,36.2,37.25,36.15,36.2,0.0,1790.0
2021-04-09,3025,4305555.0,151908597.0,36.7,36.9,34.7,34.85,-1.35,2388.0
2021-04-12,3025,5707855.0,204518719.0,35.0,37.2,34.1,36.4,1.55,3124.0
2021-04-13,3025,7103487.0,267567846.0,36.45,38.8,36.45,36.9,0.5,3816.0
2021-04-14,3025,5331023.0,193976819.0,36.8,38.15,34.5,35.65,-1.25,2972.0
2021-04-15,3025,2458296.0,90070209.0,36.1,37.3,35.2,37.05,1.4,1377.0
2021-04-16,3025,2341318.0,86914751.0,37.2,37.8,36.75,36.75,-0.3,1342.0
2021-04-19,3025,2303384.0,84409239.0,37.2,37.65,35.55,35.55,-1.2,1385.0
2021-04-20,3025,1697682.0,60835766.0,35.75,36.25,35.55,35.7,0.15,1082.0
2021-04-21,3025,2047620.0,73654975.0,36.2,36.75,35.55,35.75,0.05,1077.0
2021-04-22,3025,3560430.0,122475707.0,36.2,36.25,32.9,32.9,-2.85,1892.0
2021-04-23,3025,1626046.0,55582893.0,33.1,35.05,33.0,34.3,1.4,932.0
2021-04-26,3025,1802716.0,62035541.0,34.95,35.0,33.85,34.5,0.2,916.0
2021-04-27,3025,1170881.0,39846368.0,34.65,34.9,33.5,33.5,-1.0,848.0
2021-04-28,3025,1381392.0,46710414.0,33.7,34.3,33.05,33.7,0.2,793.0
2021-04-29,3025,1297460.0,43174101.0,33.9,34.2,32.9,32.9,-0.8,782.0
2021-05-03,3025,2287306.0,70042301.0,32.3,32.4,29.7,29.7,-3.2,1423.0
2021-05-04,3025,2249389.0,64081282.0,30.05,30.7,27.2,28.6,-1.1,1337.0
2021-05-05,3025,1380884.0,40483660.0,28.75,30.1,27.9,28.8,0.2,834.0
2021-05-06,3025,1537333.0,44732707.0,29.15,30.2,28.2,28.5,-0.3,968.0
2021-05-07,3025,1527839.0,45361042.0,29.15,30.35,28.75,30.2,1.7,799.0
2021-05-10,3025,1188405.0,34836723.0,30.2,30.7,28.6,29.05,-1.15,653.0
2021-05-11,3025,2133597.0,57911884.0,28.3,28.3,26.25,27.0,-2.05,1358.0
2021-05-12,3025,2543564.0,64034994.0,27.0,27.45,24.3,25.15,-1.85,1426.0
2021-05-13,3025,3287901.0,76522344.0,22.65,24.95,22.65,23.45,-1.7,1712.0
2021-05-14,3025,1755533.0,42911414.0,24.45,25.5,23.55,24.0,0.55,996.0
2021-05-17,3025,2182172.0,48807170.0,21.6,23.8,21.6,22.0,-2.0,1123.0
2021-05-18,3025,1247111.0,29491731.0,23.05,24.2,22.0,24.2,2.2,644.0
2021-05-19,3025,1353876.0,33809097.0,24.8,25.6,24.25,25.4,1.2,769.0
2021-05-20,3025,762780.0,18845044.0,25.45,25.6,24.2,24.3,-1.1,461.0
2021-05-21,3025,937133.0,23444673.0,24.75,25.4,24.7,25.0,0.7,410.0
2021-05-24,3025,1033858.0,26482766.0,25.0,26.5,25.0,26.1,1.1,550.0
2021-05-25,3025,972846.0,25503133.0,26.45,26.9,25.75,25.9,-0.2,587.0
2021-05-26,3025,594035.0,15368945.0,26.3,26.3,25.6,25.6,-0.3,280.0
2021-05-27,3025,427585.0,10992979.0,25.6,26.1,25.4,25.6,0.0,247.0
2021-05-28,3025,546001.0,14216925.0,26.05,26.35,25.85,25.95,0.35,334.0
2021-05-31,3025,650153.0,16992185.0,26.15,26.35,25.95,26.0,0.05,378.0
2021-06-01,3025,1102608.0,29778496.0,26.45,28.0,26.2,27.15,1.15,651.0
2021-06-02,3025,1971436.0,51265698.0,27.2,27.3,25.25,25.5,-1.65,1118.0
2021-06-03,3025,547093.0,14000395.0,25.7,25.85,25.25,25.6,0.1,325.0
2021-06-04,3025,598173.0,14967943.0,25.5,25.7,24.65,24.8,-0.8,386.0
2021-06-07,3025,669642.0,16536287.0,25.4,25.4,24.05,24.4,-0.4,387.0
2021-06-08,3025,386376.0,9464553.0,24.9,24.9,24.35,24.4,0.0,232.0
2021-06-09,3025,507524.0,12473932.0,24.55,24.9,24.3,24.45,0.05,308.0
2021-06-10,3025,408307.0,10034010.0,24.25,24.85,24.25,24.6,0.15,287.0
2021-06-11,3025,521632.0,12882214.0,24.7,25.1,24.4,24.45,-0.15,359.0
2021-06-15,3025,654352.0,15804862.0,24.6,24.6,23.95,24.15,-0.3,372.0
2021-06-16,3025,512251.0,12333914.0,24.4,24.4,23.8,23.8,-0.35,267.0
2021-06-17,3025,314713.0,7514331.0,23.6,24.05,23.6,24.0,0.2,225.0
2021-06-18,3025,708492.0,17182421.0,24.15,24.55,23.9,24.05,0.05,385.0
2021-06-21,3025,941422.0,21891013.0,24.05,24.05,22.8,22.95,-1.1,519.0
2021-06-22,3025,665498.0,15387473.0,23.4,23.75,22.75,22.75,-0.2,360.0
2021-06-23,3025,1654418.0,40064805.0,23.7,25.0,23.1,25.0,2.25,814.0
2021-06-24,3025,4195294.0,108193137.0,25.85,26.8,25.05,25.3,0.3,2315.0
2021-06-25,3025,1600790.0,40715857.0,25.3,26.0,25.0,25.45,0.15,829.0
2021-06-28,3025,787186.0,19777062.0,25.55,25.75,24.95,24.95,-0.5,474.0
2021-06-29,3025,814847.0,19941573.0,25.15,25.15,24.2,24.2,-0.75,457.0
2021-06-30,3025,807340.0,19941753.0,24.55,25.15,24.4,24.6,0.4,479.0
2021-07-01,3025,2318515.0,58467403.0,25.2,26.15,24.2,24.2,-0.4,1359.0
2021-07-02,3025,1405005.0,35081020.0,24.35,25.6,24.0,25.2,1.0,796.0
2021-07-05,3025,802424.0,20210637.0,25.8,25.8,24.95,25.15,-0.05,452.0
2021-07-06,3025,1282263.0,31227689.0,24.85,25.15,24.05,24.05,-1.1,730.0
2021-07-07,3025,809445.0,19345241.0,24.35,24.35,23.5,23.75,-0.3,473.0
2021-07-08,3025,511507.0,12267135.0,23.65,24.25,23.65,24.25,0.5,309.0
2021-07-09,3025,370173.0,8864558.0,24.1,24.2,23.7,23.95,-0.3,217.0
2021-07-12,3025,650298.0,15542414.0,24.1,24.3,23.65,23.75,-0.2,342.0
2021-07-13,3025,1964627.0,47879365.0,24.15,25.0,23.45,23.6,-0.15,1050.0
2021-07-14,3025,968374.0,22455426.0,23.65,23.95,22.9,23.25,-0.35,591.0
2021-07-15,3025,435220.0,10256033.0,23.3,23.9,23.15,23.75,0.5,301.0
2021-07-16,3025,534000.0,12911800.0,23.65,24.55,23.65,24.05,0.3,327.0
2021-07-19,3025,550218.0,13080665.0,24.1,24.3,23.5,23.75,-0.3,346.0
2021-07-20,3025,483033.0,11224231.0,23.6,23.6,23.0,23.2,-0.55,272.0
2021-07-21,3025,864067.0,19460972.0,23.45,23.5,22.05,22.25,-0.95,548.0
2021-07-22,3025,640104.0,14554818.0,22.35,23.05,22.3,22.5,0.25,348.0
2021-07-23,3025,608201.0,13934202.0,22.8,23.2,22.5,23.1,0.6,338.0
2021-07-26,3025,636004.0,15130743.0,23.25,24.2,23.25,23.9,0.8,382.0
2021-07-27,3025,493021.0,11582443.0,23.75,23.9,23.2,23.2,-0.7,302.0
2021-07-28,3025,701452.0,15683185.0,23.2,23.3,22.0,22.35,-0.85,382.0
2021-07-29,3025,306051.0,6844113.0,22.6,22.65,22.05,22.6,0.25,195.0
2021-07-30,3025,838815.0,18466303.0,22.45,22.45,21.8,21.8,-0.8,511.0
2021-08-02,3025,368002.0,8053292.0,22.0,22.2,21.65,21.9,0.1,212.0
2021-08-03,3025,296306.0,6472288.0,21.9,22.1,21.65,21.85,-0.05,212.0
2021-08-04,3025,536214.0,11909607.0,22.0,22.45,22.0,22.15,0.3,271.0
2021-08-05,3025,264080.0,5840152.0,22.15,22.4,21.85,22.0,-0.15,178.0
2021-08-06,3025,3528948.0,78671500.0,22.0,22.65,21.4,22.25,0.25,870.0
2021-08-09,3025,1370131.0,28907565.0,22.05,22.15,20.3,20.65,-1.6,771.0
2021-08-10,3025,859584.0,17176477.0,20.65,20.65,19.65,19.65,-1.0,539.0
2021-08-11,3025,712455.0,14192508.0,19.6,20.35,19.4,20.0,0.35,380.0
2021-08-12,3025,412268.0,8416261.0,20.35,20.7,20.05,20.5,0.5,247.0
2021-08-13,3025,372007.0,7535090.0,20.3,20.5,20.1,20.45,-0.05,190.0
2021-08-16,3025,640446.0,12567020.0,20.1,20.2,19.2,19.55,-0.9,326.0
2021-08-17,3025,302150.0,5933126.0,19.6,20.15,19.2,19.2,-0.35,167.0
2021-08-18,3025,495410.0,9441430.0,19.1,19.95,18.45,19.95,0.75,299.0
2021-08-19,3025,459534.0,9224982.0,19.6,20.4,19.6,19.8,-0.15,310.0
2021-08-20,3025,253116.0,4944653.0,19.8,20.05,19.3,19.35,-0.45,156.0
2021-08-23,3025,200089.0,3964765.0,19.5,20.0,19.4,19.8,0.45,116.0
2021-08-24,3025,128006.0,2562718.0,20.3,20.3,19.85,19.9,0.1,98.0
2021-08-25,3025,415876.0,8515544.0,19.85,20.8,19.85,20.8,0.9,229.0
2021-08-26,3025,161068.0,3285219.0,20.8,20.8,20.2,20.25,-0.55,116.0
2021-08-27,3025,80325.0,1634404.0,20.25,20.55,20.25,20.3,0.05,72.0
2021-08-30,3025,170063.0,3446846.0,20.45,20.45,20.15,20.25,-0.05,95.0
2021-08-31,3025,253289.0,5055935.0,20.4,20.4,19.8,19.9,-0.35,161.0
2021-09-01,3025,203167.0,4054628.0,20.1,20.1,19.85,19.85,-0.05,139.0
2021-09-02,3025,230447.0,4515996.0,20.05,20.05,19.3,19.3,-0.55,167.0
2021-09-03,3025,219003.0,4241108.0,19.7,19.7,19.15,19.3,0.0,161.0
2021-09-06,3025,227080.0,4382908.0,19.3,20.0,19.0,19.0,-0.3,169.0
2021-09-07,3025,458481.0,8535068.0,19.05,19.15,18.4,18.45,-0.55,295.0
2021-09-08,3025,316634.0,5760965.0,18.55,18.7,17.95,18.05,-0.4,228.0
2021-09-09,3025,249000.0,4623450.0,18.3,18.85,18.1,18.8,0.75,167.0
2021-09-10,3025,149499.0,2823437.0,19.0,19.05,18.7,18.95,0.15,108.0
2021-09-13,3025,88015.0,1655578.0,18.95,18.95,18.7,18.95,0.0,75.0
2021-09-14,3025,147000.0,2798700.0,18.95,19.25,18.9,19.05,0.1,98.0
2021-09-15,3025,104084.0,1980600.0,19.15,19.25,18.95,18.95,-0.1,73.0
2021-09-16,3025,2809726.0,58020182.0,19.1,20.8,19.1,20.8,1.85,767.0
2021-09-17,3025,2553841.0,52618592.0,21.0,21.35,20.0,20.3,-0.5,1477.0
2021-09-22,3025,847566.0,16255983.0,19.5,19.8,18.8,18.9,-1.4,537.0
2021-09-23,3025,493144.0,9337462.0,19.15,19.25,18.7,18.8,-0.1,307.0
2021-09-24,3025,272934.0,5216712.0,18.8,19.4,18.8,19.2,0.4,184.0
2021-09-27,3025,275130.0,5298758.0,19.05,19.5,19.05,19.45,0.25,158.0
2021-09-28,3025,1610707.0,33277074.0,19.35,21.3,19.35,20.7,1.25,1008.0
2021-09-29,3025,1087424.0,22257854.0,19.85,21.0,19.85,20.5,-0.2,566.0
2021-09-30,3025,463607.0,9596315.0,20.85,20.95,20.3,20.8,0.3,288.0
2021-10-01,3025,1618607.0,34265804.0,20.8,21.85,20.55,20.65,-0.15,982.0
2021-10-04,3025,779461.0,15438698.0,21.0,21.1,19.0,19.15,-1.5,459.0
2021-10-05,3025,418064.0,8108341.0,19.2,20.0,18.6,19.6,0.45,244.0
2021-10-06,3025,268047.0,5204608.0,19.65,20.0,19.0,19.25,-0.35,168.0
2021-10-07,3025,602660.0,12241770.0,19.5,20.7,19.5,20.3,1.05,380.0
2021-10-08,3025,607280.0,12671772.0,20.85,21.15,20.4,20.7,0.4,385.0
2021-10-12,3025,540369.0,10741997.0,20.3,20.6,19.55,20.0,-0.7,313.0
2021-10-13,3025,318084.0,6215542.0,20.0,20.0,19.3,19.35,-0.65,197.0
2021-10-14,3025,194182.0,3780270.0,19.6,19.75,19.25,19.6,0.25,133.0
2021-10-15,3025,227115.0,4497965.0,19.65,20.1,19.5,19.8,0.2,151.0
2021-10-18,3025,200096.0,3928457.0,19.9,19.95,19.5,19.55,-0.25,138.0
2021-10-19,3025,178002.0,3514190.0,19.6,19.95,19.5,19.9,0.35,106.0
2021-10-20,3025,2488115.0,53564798.0,20.2,21.85,20.1,21.85,1.95,1235.0
2021-10-21,3025,4367623.0,103304397.0,23.3,24.0,23.2,24.0,2.15,1818.0
2021-10-22,3025,7437136.0,174345459.0,24.0,24.3,22.3,23.8,-0.2,3565.0
2021-10-25,3025,1402614.0,32699866.0,23.55,23.85,23.0,23.25,-0.55,822.0
2021-10-26,3025,6594289.0,161074517.0,23.35,25.55,23.2,23.5,0.25,3570.0
2021-10-27,3025,1848384.0,42847701.0,23.5,23.65,22.9,22.95,-0.55,1069.0
2021-10-28,3025,2915267.0,69341154.0,22.95,24.6,22.95,23.1,0.15,1642.0
2021-10-29,3025,1524004.0,35362492.0,23.1,23.8,22.55,23.4,0.3,878.0
2021-11-01,3025,2545293.0,61823718.0,23.4,24.85,23.3,24.8,1.4,1369.0
2021-11-02,3025,11635616.0,302365709.0,25.05,26.95,24.9,25.5,0.7,5646.0
2021-11-03,3025,2367309.0,59237613.0,25.75,25.95,24.6,25.0,-0.5,1379.0
2021-11-04,3025,1853064.0,47064369.0,25.2,25.95,25.0,25.15,0.15,1063.0
2021-11-05,3025,5522473.0,140732219.0,25.2,26.2,24.25,25.45,0.3,2660.0
2021-11-08,3025,1415575.0,36159002.0,25.25,26.0,25.25,25.55,0.1,888.0
2021-11-09,3025,976908.0,24650959.0,25.6,25.8,25.05,25.05,-0.5,579.0
2021-11-10,3025,1468857.0,37476794.0,25.55,26.0,25.2,25.35,0.3,916.0
2021-11-11,3025,6718205.0,178411175.0,25.3,27.75,24.65,26.45,1.1,3373.0
2021-11-12,3025,3057145.0,78961212.0,26.45,26.7,25.3,25.6,-0.85,1517.0
2021-11-15,3025,6154636.0,166323826.0,25.75,27.85,25.7,27.3,1.7,3263.0
2021-11-16,3025,6377473.0,177572002.0,27.8,28.7,27.25,27.25,-0.05,3084.0
2021-11-17,3025,1927038.0,52057361.0,27.7,27.8,26.55,26.55,-0.7,1098.0
2021-11-18,3025,1534263.0,40237443.0,27.2,27.2,25.95,26.0,-0.55,874.0
2021-11-19,3025,1164178.0,30195904.0,26.35,26.45,25.65,26.0,0.0,695.0
2021-11-22,3025,751749.0,19035439.0,24.8,25.9,24.8,25.3,0.0,442.0
2021-11-23,3025,852308.0,21131589.0,25.3,25.6,24.35,24.4,-0.9,466.0
2021-11-24,3025,860843.0,20725820.0,24.4,24.6,23.7,24.0,-0.4,527.0
2021-11-25,3025,788882.0,18825738.0,24.2,24.35,23.6,23.6,-0.4,433.0
2021-11-26,3025,656110.0,15183057.0,23.8,23.85,22.8,23.0,-0.6,378.0
2021-11-29,3025,836138.0,18793064.0,22.1,23.35,21.55,23.2,0.2,489.0
2021-11-30,3025,431629.0,10161188.0,22.95,23.75,22.95,23.75,0.55,281.0
2021-12-01,3025,335770.0,7969545.0,23.6,23.95,23.35,23.8,0.05,238.0
2021-12-02,3025,787179.0,18080081.0,23.85,23.85,22.6,22.7,-1.1,516.0
2021-12-03,3025,345269.0,8052681.0,22.8,23.6,22.8,23.4,0.7,263.0
2021-12-06,3025,287540.0,6830504.0,23.7,23.95,23.3,23.8,0.4,204.0
2021-12-07,3025,439106.0,10286139.0,23.9,23.9,23.2,23.25,-0.55,257.0
2021-12-08,3025,479108.0,11046861.0,23.2,23.55,22.85,22.9,-0.35,327.0
2021-12-09,3025,483056.0,11270762.0,23.2,23.7,23.1,23.15,0.25,301.0
2021-12-10,3025,246081.0,5667539.0,23.6,23.6,22.9,23.05,-0.1,171.0
2021-12-13,3025,584260.0,13655341.0,22.95,23.7,22.9,23.65,0.6,366.0
2021-12-14,3025,630259.0,14486057.0,23.65,23.65,22.75,22.85,-0.8,354.0
2021-12-15,3025,479372.0,11244234.0,23.1,23.7,22.95,23.6,0.75,291.0
2021-12-16,3025,719085.0,17196606.0,24.0,24.2,23.55,23.95,0.35,463.0
2021-12-17,3025,3543232.0,88334141.0,24.0,25.65,24.0,24.4,0.45,1939.0
2021-12-20,3025,775058.0,18654138.0,24.4,24.7,23.7,23.75,-0.65,463.0
2021-12-21,3025,462103.0,11012399.0,23.75,24.1,23.5,24.0,0.25,255.0
2021-12-22,3025,775793.0,18861824.0,24.1,24.8,23.8,24.35,0.35,423.0
2021-12-23,3025,430096.0,10414144.0,24.35,24.6,24.05,24.05,-0.3,296.0
2021-12-24,3025,593353.0,14076724.0,24.15,24.15,23.6,23.6,-0.45,337.0
2021-12-27,3025,653209.0,15777223.0,23.8,24.6,23.6,24.3,0.7,405.0
2021-12-28,3025,259057.0,6224403.0,24.45,24.45,23.85,23.9,-0.4,194.0
2021-12-29,3025,285551.0,6808286.0,24.0,24.1,23.7,23.8,-0.1,217.0
2021-12-30,3025,435623.0,10404932.0,23.85,24.25,23.65,23.75,-0.05,270.0
2022-01-03,3025,824880.0,19017830.0,23.8,23.8,22.8,22.85,-0.9,497.0
2022-01-04,3025,293388.0,6721976.0,23.05,23.15,22.8,22.85,0.0,207.0
2022-01-05,3025,551927.0,12490866.0,22.85,23.15,22.35,22.4,-0.45,366.0
2022-01-06,3025,471522.0,10653633.0,22.4,22.85,22.05,22.65,0.25,257.0
2022-01-07,3025,741997.0,16307545.0,22.85,22.85,21.7,21.75,-0.9,473.0
2022-01-10,3025,270173.0,5839738.0,21.5,22.1,21.0,21.85,0.1,171.0
2022-01-11,3025,280679.0,5983460.0,21.85,21.85,21.0,21.05,-0.8,216.0
2022-01-12,3025,471585.0,9790480.0,21.15,21.45,20.5,21.0,-0.05,282.0
2022-01-13,3025,152382.0,3167183.0,20.9,20.95,20.6,20.7,-0.3,121.0
2022-01-14,3025,382484.0,7736400.0,20.55,20.7,20.0,20.6,-0.1,246.0
2022-01-17,3025,322612.0,6780306.0,20.6,21.25,20.6,21.2,0.6,197.0
2022-01-18,3025,206237.0,4330257.0,21.2,21.35,20.65,20.9,-0.3,151.0
2022-01-19,3025,230099.0,4752853.0,20.6,21.0,20.35,20.45,-0.45,171.0
2022-01-20,3025,171503.0,3487668.0,20.7,20.7,20.2,20.45,0.0,138.0
2022-01-21,3025,287242.0,5745870.0,20.4,20.4,19.8,19.8,-0.65,201.0
2022-01-24,3025,264324.0,5144390.0,19.8,19.85,19.05,19.8,0.0,186.0
2022-01-25,3025,304666.0,5976881.0,19.8,20.05,19.3,19.3,-0.5,224.0
2022-01-26,3025,337331.0,6603936.0,19.3,20.5,19.3,19.3,0.0,279.0
2022-02-07,3025,145679.0,2871889.0,19.4,20.15,19.4,20.1,0.8,167.0
2022-02-08,3025,180033.0,3664028.0,20.2,20.55,20.15,20.45,0.35,131.0
2022-02-09,3025,378114.0,7987893.0,20.7,21.45,20.7,21.25,0.8,303.0
2022-02-10,3025,311581.0,6609878.0,21.25,21.5,20.8,21.2,-0.05,215.0
2022-02-11,3025,127745.0,2680368.0,20.9,21.1,20.9,20.95,-0.25,108.0
2022-02-14,3025,242206.0,4935159.0,20.75,20.75,20.2,20.4,-0.55,149.0
2022-02-15,3025,148564.0,3054739.0,20.25,20.8,20.25,20.55,0.15,203.0
2022-02-16,3025,155023.0,3242932.0,21.0,21.05,20.75,20.95,0.4,113.0
2022-02-17,3025,301730.0,6387782.0,20.95,21.4,20.9,21.1,0.15,222.0
2022-02-18,3025,205501.0,4335401.0,20.9,21.3,20.9,21.25,0.15,167.0
2022-02-21,3025,148210.0,3156071.0,21.25,21.45,21.2,21.35,0.1,141.0
2022-02-22,3025,248512.0,5148001.0,20.9,21.2,20.4,20.6,-0.75,222.0
2022-02-23,3025,127742.0,2642335.0,20.75,20.85,20.6,20.7,0.1,92.0
2022-02-24,3025,526589.0,10441968.0,20.5,20.5,19.4,19.75,-0.95,338.0
2022-02-25,3025,313015.0,6246807.0,19.8,20.35,19.8,19.85,0.1,146.0
2022-03-01,3025,262032.0,5366769.0,20.05,20.75,20.05,20.6,0.75,198.0
2022-03-02,3025,136950.0,2829399.0,20.75,20.85,20.45,20.75,0.15,123.0
2022-03-03,3025,161010.0,3328015.0,20.8,20.95,20.5,20.7,-0.05,103.0
2022-03-04,3025,154864.0,3147468.0,20.6,20.6,20.1,20.15,-0.55,134.0
2022-03-07,3025,868502.0,16254872.0,19.45,20.1,18.35,18.55,-1.6,571.0
2022-03-08,3025,428627.0,7881010.0,18.25,18.85,18.0,18.15,-0.4,264.0
2022-03-09,3025,213314.0,3972495.0,18.7,18.85,18.35,18.75,0.6,131.0
2022-03-10,3025,92075.0,1754132.0,18.9,19.25,18.9,19.1,0.35,80.0
2022-03-11,3025,132280.0,2478357.0,18.85,19.0,18.5,18.85,-0.25,120.0
2022-03-14,3025,114027.0,2148573.0,19.05,19.2,18.45,18.85,0.0,99.0
2022-03-15,3025,71165.0,1314756.0,18.8,18.8,18.35,18.35,-0.5,63.0
2022-03-16,3025,136439.0,2538337.0,18.7,18.95,18.4,18.6,0.25,115.0
2022-03-17,3025,142068.0,2688922.0,18.8,19.05,18.75,19.0,0.4,105.0
2022-03-18,3025,252198.0,4802650.0,19.05,19.3,18.65,19.0,0.0,178.0
2022-03-21,3025,168524.0,3274268.0,19.2,19.7,19.2,19.3,0.3,127.0
2022-03-22,3025,80562.0,1557953.0,19.3,19.5,19.25,19.45,0.15,58.0
2022-03-23,3025,152715.0,2955935.0,19.5,19.6,19.15,19.2,-0.25,132.0
2022-03-24,3025,188044.0,3630816.0,19.2,19.55,19.05,19.4,0.2,131.0
2022-03-25,3025,1607513.0,33459200.0,19.55,21.3,19.45,21.3,1.9,903.0
2022-03-28,3025,3881830.0,84404894.0,21.3,22.65,20.6,22.0,0.7,2472.0
2022-03-29,3025,1103107.0,23940501.0,21.85,22.25,21.3,21.6,-0.4,742.0
2022-03-30,3025,638727.0,13567905.0,21.6,21.7,21.0,21.2,-0.4,462.0
2022-03-31,3025,882457.0,19212242.0,21.55,22.3,21.25,21.6,0.4,576.0
2022-04-01,3025,450175.0,9568718.0,21.6,21.6,20.9,21.25,-0.35,255.0
2022-04-06,3025,167241.0,3538423.0,21.25,21.3,20.9,21.15,-0.1,131.0
2022-04-07,3025,1650600.0,36450917.0,21.2,22.9,21.1,21.2,0.05,893.0
2022-04-08,3025,601309.0,13062726.0,21.5,22.35,21.05,21.8,0.6,376.0
2022-04-11,3025,819660.0,17476169.0,21.85,21.95,21.05,21.25,-0.55,330.0
2022-04-12,3025,658613.0,13809373.0,21.7,21.7,20.4,20.45,-0.8,361.0
2022-04-13,3025,273031.0,5637249.0,20.7,20.95,20.45,20.65,0.2,184.0
2022-04-14,3025,444188.0,9500253.0,20.8,21.85,20.55,21.55,0.9,743.0
2022-04-15,3025,259580.0,5426485.0,21.25,21.55,20.6,20.65,-0.9,478.0
2022-04-18,3025,239181.0,4831514.0,20.6,20.7,19.9,20.0,-0.65,323.0
2022-04-19,3025,126090.0,2565141.0,20.15,20.75,20.15,20.2,0.2,185.0
2022-04-20,3025,352127.0,7229508.0,20.55,20.7,19.6,20.65,0.45,232.0
2022-04-21,3025,607594.0,13032923.0,20.9,21.9,20.9,21.65,1.0,461.0
2022-04-22,3025,182440.0,3890410.0,21.45,21.45,21.1,21.35,-0.3,219.0
2022-04-25,3025,255850.0,5211084.0,21.15,21.15,20.1,20.1,-1.25,388.0
2022-04-26,3025,158828.0,3208833.0,20.4,20.6,19.9,20.15,0.05,264.0
2022-04-27,3025,452321.0,8699064.0,19.6,19.7,18.85,19.55,-0.6,426.0
2022-04-28,3025,163234.0,3197915.0,19.7,19.85,19.1,19.6,0.05,147.0
2022-04-29,3025,197293.0,3948350.0,19.65,20.3,19.65,19.7,0.1,161.0
2022-05-03,3025,142842.0,2791616.0,19.35,19.7,19.35,19.6,-0.1,91.0
2022-05-04,3025,99038.0,1942997.0,19.6,19.85,19.4,19.5,-0.1,85.0
2022-05-05,3025,139032.0,2781233.0,19.9,20.4,19.8,19.8,0.3,125.0
2022-05-06,3025,207427.0,4003159.0,19.4,19.5,19.1,19.3,-0.5,151.0
2022-05-09,3025,199051.0,3792984.0,19.5,19.5,18.9,18.95,-0.35,146.0
2022-05-10,3025,220004.0,4209924.0,19.0,19.55,18.65,19.5,0.55,127.0
2022-05-11,3025,161003.0,3122707.0,19.55,19.8,19.1,19.1,-0.4,90.0
2022-05-12,3025,235090.0,4476067.0,19.2,19.45,18.7,18.8,-0.3,125.0
2022-05-13,3025,146160.0,2816718.0,18.85,19.5,18.85,19.3,0.5,111.0
2022-05-16,3025,278134.0,5566222.0,19.55,20.55,19.55,20.0,0.7,201.0
2022-05-17,3025,260003.0,5159660.0,19.75,20.1,19.5,20.05,0.05,159.0
2022-05-18,3025,160030.0,3248709.0,20.3,20.75,20.1,20.1,0.05,120.0
2022-05-19,3025,112681.0,2249457.0,19.5,20.35,19.35,20.35,0.25,110.0
2022-05-20,3025,75030.0,1509701.0,20.4,20.6,20.0,20.0,-0.35,66.0
2022-05-23,3025,59024.0,1190677.0,20.0,20.35,20.0,20.1,0.1,53.0
2022-05-24,3025,184511.0,3754849.0,20.25,20.8,20.1,20.3,0.2,144.0
2022-05-25,3025,45215.0,914430.0,20.35,20.35,20.15,20.3,0.0,50.0
2022-05-26,3025,113358.0,2295598.0,20.7,20.7,19.95,20.05,-0.25,92.0
2022-05-27,3025,175666.0,3574467.0,20.3,20.5,20.15,20.35,0.3,136.0
2022-05-30,3025,108204.0,2216504.0,20.6,20.8,20.35,20.35,0.0,103.0
2022-05-31,3025,269418.0,5492645.0,20.3,20.5,20.25,20.4,0.05,66.0
2022-06-01,3025,324482.0,6752490.0,20.85,21.0,20.5,20.85,0.45,210.0
2022-06-02,3025,130004.0,2691230.0,20.85,20.95,20.6,20.6,-0.25,77.0
2022-06-06,3025,90090.0,1837918.0,20.6,20.6,20.2,20.5,-0.1,70.0
2022-06-07,3025,174006.0,3494119.0,20.4,20.4,19.95,20.0,-0.5,118.0
2022-06-08,3025,165169.0,3293242.0,20.1,20.1,19.8,19.8,-0.2,132.0
2022-06-09,3025,90419.0,1787668.0,19.8,19.9,19.7,19.8,0.0,77.0
2022-06-10,3025,106285.0,2084414.0,19.55,19.7,19.55,19.65,-0.15,108.0
2022-06-13,3025,240110.0,4575153.0,19.2,19.3,18.95,19.0,-0.65,153.0
2022-06-14,3025,172001.0,3288819.0,19.3,19.3,18.85,19.2,0.2,120.0
2022-06-15,3025,207709.0,3961887.0,19.35,19.45,18.9,19.05,-0.15,139.0
2022-06-16,3025,364256.0,6967816.0,19.3,19.65,18.75,18.8,-0.25,194.0
2022-06-17,3025,249402.0,4639096.0,18.6,18.95,18.4,18.6,-0.2,169.0
2022-06-20,3025,195141.0,3560396.0,18.6,18.6,18.05,18.05,-0.55,159.0
2022-06-21,3025,131170.0,2416570.0,18.1,18.65,18.1,18.6,0.55,91.0
2022-06-22,3025,119249.0,2174202.0,18.6,18.6,18.1,18.1,-0.5,84.0
2022-06-23,3025,144136.0,2603086.0,18.1,18.35,17.85,18.2,0.1,96.0
2022-06-24,3025,93077.0,1692919.0,18.2,18.45,18.05,18.1,-0.1,65.0
2022-06-27,3025,154063.0,2825863.0,18.2,18.45,18.2,18.3,0.2,92.0
2022-06-28,3025,113761.0,2055876.0,18.25,18.25,18.0,18.25,-0.05,70.0
2022-06-29,3025,89812.0,1614292.0,18.0,18.1,17.8,18.1,-0.15,69.0
2022-06-30,3025,192735.0,3409052.0,18.15,18.15,17.5,17.5,-0.6,146.0
2022-07-01,3025,341952.0,5648192.0,17.7,17.7,15.9,16.05,-1.45,198.0
2022-07-04,3025,149308.0,2439592.0,16.05,16.65,16.05,16.25,0.2,91.0
2022-07-05,3025,410187.0,6795814.0,16.55,17.15,16.25,16.45,0.2,207.0
2022-07-06,3025,141145.0,2291453.0,16.35,16.6,15.9,15.95,-0.5,113.0
2022-07-07,3025,182719.0,3004077.0,16.1,16.75,15.7,16.7,0.75,135.0
2022-07-08,3025,1453273.0,26297348.0,17.0,18.35,16.95,17.6,0.9,632.0
2022-07-11,3025,468270.0,8161497.0,18.0,18.0,16.8,17.15,-0.45,330.0
2022-07-12,3025,303547.0,5010616.0,16.8,17.05,16.1,16.35,-0.8,178.0
2022-07-13,3025,1281046.0,22653140.0,17.3,17.95,16.7,17.3,0.95,490.0
2022-07-14,3025,282231.0,4958506.0,17.3,17.9,17.05,17.75,0.45,200.0
2022-07-15,3025,184464.0,3270339.0,17.55,17.95,17.35,17.95,0.2,149.0
2022-07-18,3025,230461.0,4198274.0,18.1,18.7,18.05,18.15,0.2,146.0
2022-07-19,3025,137104.0,2476696.0,18.15,18.2,17.9,18.15,0.0,71.0
2022-07-20,3025,229624.0,4227135.0,18.5,18.7,18.1,18.1,-0.05,152.0
2022-07-21,3025,71002.0,1295986.0,18.15,18.35,18.15,18.2,0.1,55.0
2022-07-22,3025,241528.0,4334664.0,18.35,18.35,17.7,17.75,-0.45,208.0
2022-07-25,3025,197373.0,3530338.0,18.0,18.25,17.4,18.05,0.3,152.0
2022-07-26,3025,128306.0,2269334.0,17.8,17.8,17.55,17.6,-0.45,78.0
2022-07-27,3025,131387.0,2348688.0,17.6,18.15,17.55,18.0,0.4,105.0
2022-07-28,3025,160184.0,2870616.0,18.35,18.35,17.65,17.95,-0.05,105.0
2022-07-29,3025,280709.0,5129687.0,18.1,18.65,17.95,18.15,0.2,216.0
2022-08-01,3025,2089918.0,40764542.0,18.5,19.95,18.2,19.5,1.35,1194.0
2022-08-02,3025,1086994.0,21124492.0,19.1,19.95,18.7,19.6,0.1,684.0
2022-08-03,3025,894572.0,17489664.0,19.4,20.25,18.8,19.0,-0.6,619.0
2022-08-04,3025,686286.0,13257105.0,18.95,19.85,18.7,19.15,0.15,482.0
2022-08-05,3025,725155.0,14207898.0,19.3,20.0,19.15,19.15,0.0,441.0
2022-08-08,3025,2083751.0,42197677.0,18.95,20.9,18.95,19.95,0.8,1386.0
2022-08-09,3025,730441.0,14556294.0,19.85,20.4,19.65,19.75,-0.2,457.0
2022-08-10,3025,835606.0,16924593.0,19.4,20.55,19.4,20.45,0.7,512.0
2022-08-11,3025,410174.0,8292656.0,20.7,20.7,20.05,20.05,-0.4,298.0
2022-08-12,3025,599385.0,12230454.0,20.5,20.8,20.15,20.35,0.3,368.0
2022-08-15,3025,278519.0,5638077.0,20.6,20.6,20.1,20.15,-0.2,211.0
2022-08-16,3025,371356.0,7601741.0,20.3,20.75,20.15,20.45,0.3,235.0
2022-08-17,3025,216325.0,4406615.0,20.4,20.55,20.25,20.35,-0.1,137.0
2022-08-18,3025,2593887.0,56066192.0,20.45,22.35,20.45,21.45,1.1,1466.0
2022-08-19,3025,958459.0,20671718.0,21.85,22.0,21.15,21.5,0.05,606.0
2022-08-22,3025,676441.0,14475226.0,21.2,21.9,21.1,21.35,-0.15,338.0
2022-08-23,3025,235297.0,5011088.0,21.35,21.5,21.1,21.3,-0.05,152.0
2022-08-24,3025,257277.0,5495902.0,21.5,21.75,21.15,21.15,-0.15,158.0
2022-08-25,3025,357400.0,7664765.0,21.2,21.6,21.15,21.5,0.35,202.0
2022-08-26,3025,314575.0,6784864.0,21.8,21.8,21.3,21.45,-0.05,240.0
2022-08-29,3025,487154.0,10124299.0,20.9,21.15,20.45,20.85,-0.6,223.0
2022-08-30,3025,206253.0,4402246.0,20.85,21.5,20.85,21.4,0.55,156.0
2022-08-31,3025,174454.0,3738053.0,21.4,21.75,21.3,21.3,-0.1,134.0
2022-09-01,3025,1336414.0,29071858.0,21.35,22.25,21.3,21.8,0.5,734.0
2022-09-02,3025,479645.0,10479687.0,22.0,22.25,21.65,21.85,0.05,324.0
2022-09-05,3025,517610.0,11134797.0,22.0,22.2,21.0,21.25,-0.6,369.0
2022-09-06,3025,512894.0,10692018.0,21.55,21.55,20.3,20.3,0.0,318.0
2022-09-07,3025,545576.0,10573951.0,19.5,19.65,19.0,19.1,-1.2,343.0
2022-09-08,3025,191253.0,3748232.0,19.55,19.8,19.3,19.7,0.6,132.0
2022-09-12,3025,349284.0,6879170.0,20.0,20.0,19.3,19.9,0.2,214.0
2022-09-13,3025,110033.0,2184307.0,20.1,20.1,19.75,19.75,-0.15,86.0
2022-09-14,3025,362035.0,6988934.0,19.0,19.85,18.8,19.5,-0.25,181.0
2022-09-15,3025,1819700.0,38960362.0,21.0,21.45,20.5,21.45,1.95,556.0
2022-09-16,3025,7367817.0,163277129.0,22.3,22.8,21.65,22.2,0.75,3687.0
2022-09-19,3025,3922581.0,88834017.0,21.65,23.3,21.65,23.15,0.95,2045.0
2022-09-20,3025,2469539.0,56544776.0,23.15,23.6,22.55,22.55,-0.6,1491.0
2022-09-21,3025,1301940.0,29466445.0,22.35,23.1,22.15,22.85,0.3,814.0
2022-09-22,3025,772463.0,17442328.0,22.6,22.85,22.3,22.7,-0.15,457.0
2022-09-23,3025,1135425.0,24874922.0,22.6,22.75,21.35,21.6,-1.1,677.0
2022-09-26,3025,739981.0,15791100.0,21.1,21.85,20.95,21.25,-0.35,419.0
2022-09-27,3025,3232052.0,70297273.0,22.2,23.2,20.65,20.8,-0.45,1908.0
2022-09-28,3025,3523828.0,75741988.0,20.7,22.4,20.4,20.4,-0.4,2157.0
2022-09-29,3025,3705930.0,82405590.0,21.95,22.4,21.55,22.4,2.0,1603.0
2022-09-30,3025,13237832.0,311286974.0,21.9,24.6,21.6,24.6,2.2,7215.0
2022-10-03,3025,32192756.0,821955309.0,24.6,26.65,24.3,26.2,1.6,17782.0
2022-10-04,3025,23293772.0,614857142.0,26.7,27.05,25.45,26.45,0.25,13077.0
2022-10-05,3025,14578499.0,389348237.0,26.85,27.85,25.8,26.05,-0.4,7834.0
2022-10-06,3025,8886958.0,232462982.0,26.45,27.05,25.05,26.0,-0.05,4959.0
2022-10-07,3025,6088334.0,153867624.0,25.75,26.3,24.65,24.8,-1.2,3272.0
2022-10-11,3025,4227678.0,100941068.0,24.15,24.6,23.2,23.45,-1.35,2169.0
2022-10-12,3025,3036032.0,70351367.0,23.65,23.75,22.65,22.8,-0.65,1692.0
2022-10-13,3025,3356441.0,72802277.0,22.75,23.05,20.85,21.05,-1.75,1650.0
2022-10-14,3025,2383255.0,52829961.0,22.5,22.75,21.7,21.7,0.65,1259.0
2022-10-17,3025,2035567.0,43270156.0,21.05,21.8,20.7,21.7,0.0,1053.0
2022-10-18,3025,1582519.0,34947349.0,21.85,22.35,21.65,22.3,0.6,1031.0
2022-10-19,3025,1299738.0,28698126.0,22.15,22.75,21.65,21.65,-0.65,881.0
2022-10-20,3025,950408.0,20359356.0,21.4,21.8,21.0,21.65,0.0,538.0
2022-10-21,3025,1106276.0,23311419.0,21.85,21.85,20.6,20.65,-1.0,632.0
2022-10-24,3025,989273.0,21183644.0,20.75,21.8,20.75,21.35,0.7,562.0
2022-10-25,3025,726024.0,15115942.0,21.4,21.55,20.55,20.7,-0.65,396.0
2022-10-26,3025,731255.0,14935640.0,21.0,21.0,20.1,20.1,-0.6,455.0
2022-10-27,3025,411040.0,8484769.0,20.5,20.85,20.3,20.75,0.65,246.0
2022-10-28,3025,934362.0,18707207.0,20.65,20.9,19.6,19.7,-1.05,549.0
2022-10-31,3025,784550.0,16175047.0,20.2,20.95,20.1,20.55,0.85,466.0
2022-11-01,3025,396056.0,8226713.0,20.3,20.95,20.3,20.85,0.3,242.0
2022-11-02,3025,475204.0,10039608.0,21.0,21.35,20.6,21.15,0.3,278.0
2022-11-03,3025,383361.0,8097857.0,20.75,21.4,20.7,21.2,0.05,281.0
2022-11-04,3025,1141355.0,24840592.0,21.35,22.35,20.9,22.1,0.9,764.0
2022-11-07,3025,985841.0,21806941.0,22.15,22.6,21.75,21.75,-0.35,660.0
2022-11-08,3025,870464.0,19296858.0,22.1,22.6,21.8,22.0,0.25,501.0
2022-11-09,3025,2156459.0,48195648.0,22.25,23.4,21.8,21.8,-0.2,1221.0
2022-11-10,3025,798672.0,17057124.0,21.8,21.9,21.05,21.1,-0.7,504.0
2022-11-11,3025,1398586.0,29395945.0,21.85,22.2,20.6,20.6,-0.5,753.0
2022-11-14,3025,1146497.0,23717189.0,20.9,21.15,20.45,20.85,0.25,617.0
2022-11-15,3025,841817.0,17292386.0,20.9,20.95,20.3,20.7,-0.15,441.0
2022-11-16,3025,869920.0,18142873.0,20.6,21.3,20.55,20.9,0.2,516.0
2022-11-17,3025,2728248.0,60274053.0,20.95,22.75,20.9,22.35,1.45,1691.0
2022-11-18,3025,3937478.0,89111242.0,22.7,23.15,21.85,22.8,0.45,2281.0
2022-11-21,3025,5416087.0,128262205.0,22.85,24.25,22.6,23.95,1.15,2987.0
2022-11-22,3025,2810717.0,65745753.0,24.0,24.0,23.0,23.35,-0.6,1660.0
2022-11-23,3025,1668054.0,38600339.0,23.45,23.75,22.85,22.85,-0.5,912.0
2022-11-24,3025,1360805.0,31384115.0,23.0,23.5,22.65,23.25,0.4,779.0
2022-11-25,3025,1213137.0,27507275.0,23.25,23.3,22.35,22.35,-0.9,718.0
2022-11-28,3025,2452584.0,57549298.0,22.45,23.95,22.15,23.95,1.6,1401.0
2022-11-29,3025,17565787.0,448305581.0,24.5,26.3,24.35,25.6,1.65,9147.0
2022-11-30,3025,18589882.0,481636526.0,25.55,27.35,24.35,25.15,-0.45,10343.0
2022-12-01,3025,4750411.0,118060335.0,25.2,25.3,24.5,24.8,-0.35,2741.0
2022-12-02,3025,3550233.0,88421192.0,25.0,25.5,24.5,24.6,-0.2,2135.0
2022-12-05,3025,2181667.0,53569490.0,25.0,25.05,24.25,24.5,-0.1,1254.0
2022-12-06,3025,1984652.0,48715759.0,24.55,24.95,24.1,24.6,0.1,1228.0
2022-12-07,3025,3321252.0,74425754.0,23.3,23.3,22.15,22.15,-2.45,1754.0
2022-12-08,3025,4992154.0,105562615.0,21.3,21.7,20.55,21.6,-0.55,2382.0
2022-12-09,3025,1835518.0,39492063.0,22.25,22.3,21.15,21.2,-0.4,987.0
2022-12-12,3025,905900.0,19336897.0,21.1,21.55,21.0,21.25,0.05,502.0
2022-12-13,3025,665325.0,14127328.0,21.25,21.35,21.1,21.2,-0.05,428.0
2022-12-14,3025,983738.0,21167228.0,21.2,21.75,21.1,21.6,0.4,585.0
2022-12-15,3025,680342.0,14560647.0,21.8,21.8,21.15,21.5,-0.1,409.0
2022-12-16,3025,921562.0,19402513.0,21.2,21.4,20.85,21.05,-0.45,526.0
2022-12-19,3025,563551.0,11763237.0,21.3,21.3,20.7,20.75,-0.3,337.0
2022-12-20,3025,1447866.0,29350356.0,20.95,21.0,19.85,19.9,-0.85,789.0
2022-12-21,3025,638051.0,12781827.0,20.05,20.2,19.9,20.0,0.1,330.0
2022-12-22,3025,374062.0,7530193.0,20.35,20.35,20.0,20.1,0.1,215.0
2022-12-23,3025,684196.0,13966862.0,20.3,20.65,19.95,20.6,0.5,402.0
2022-12-26,3025,287983.0,5893282.0,20.6,20.7,20.25,20.25,-0.35,210.0
2022-12-27,3025,206011.0,4206379.0,20.5,20.6,20.3,20.45,0.2,123.0
2022-12-28,3025,274305.0,5551209.0,20.6,20.6,20.1,20.2,-0.25,206.0
2022-12-29,3025,282315.0,5764098.0,20.2,20.7,20.0,20.55,0.35,174.0
2022-12-30,3025,176005.0,3635900.0,20.8,20.9,20.5,20.55,0.0,137.0
2023-01-03,3025,374625.0,7575567.0,20.4,20.5,19.95,20.45,-0.1,239.0
2023-01-04,3025,799697.0,16762621.0,20.5,21.3,20.5,21.0,0.55,454.0
2023-01-05,3025,411036.0,8641194.0,21.4,21.4,20.8,20.8,-0.2,229.0
2023-01-06,3025,149018.0,3095669.0,20.8,21.0,20.7,20.7,-0.1,95.0
2023-01-09,3025,184172.0,3826852.0,20.7,20.9,20.7,20.75,0.05,134.0
2023-01-10,3025,981056.0,19802819.0,20.4,20.4,20.0,20.1,-0.65,530.0
2023-01-11,3025,240739.0,4839975.0,20.1,20.4,20.0,20.15,0.05,172.0
2023-01-12,3025,211624.0,4244704.0,20.5,20.5,20.0,20.0,-0.15,147.0
2023-01-13,3025,295187.0,5863038.0,20.0,20.0,19.7,19.8,-0.2,222.0
2023-01-16,3025,252223.0,4945619.0,19.8,19.8,19.5,19.6,-0.2,191.0
2023-01-17,3025,128422.0,2534625.0,19.6,19.85,19.6,19.85,0.25,128.0
2023-01-30,3025,310257.0,6250117.0,20.0,20.3,19.9,20.15,0.3,213.0
2023-01-31,3025,204005.0,4136150.0,20.2,20.4,20.15,20.3,0.15,130.0
2023-02-01,3025,309043.0,6266271.0,20.35,20.4,20.15,20.25,-0.05,188.0
2023-02-02,3025,558237.0,11481838.0,20.25,20.75,20.25,20.7,0.45,348.0
2023-02-03,3025,352202.0,7229644.0,21.0,21.0,20.45,20.5,-0.2,215.0
2023-02-06,3025,164217.0,3380800.0,20.65,20.75,20.4,20.65,0.15,146.0
2023-02-07,3025,395327.0,8207996.0,20.8,20.95,20.55,20.9,0.25,232.0
2023-02-08,3025,1018611.0,20869944.0,21.0,21.0,20.3,20.5,-0.4,443.0
2023-02-09,3025,234069.0,4818656.0,20.5,20.7,20.45,20.55,0.05,174.0
2023-02-10,3025,301285.0,6176765.0,20.7,20.75,20.3,20.4,-0.15,202.0
2023-02-13,3025,212173.0,4357396.0,20.5,20.75,20.3,20.6,0.2,166.0
2023-02-14,3025,121103.0,2499016.0,20.7,20.8,20.55,20.65,0.05,126.0
2023-02-15,3025,1546321.0,32651776.0,21.0,21.45,20.8,20.8,0.15,849.0
2023-02-16,3025,570272.0,11957289.0,20.8,21.15,20.75,21.0,0.2,312.0
2023-02-17,3025,329325.0,6961507.0,21.2,21.25,21.0,21.2,0.2,250.0
2023-02-20,3025,2673400.0,59284940.0,21.4,22.85,21.4,22.45,1.25,1429.0
2023-02-21,3025,1306100.0,28858220.0,22.5,22.5,21.8,21.95,-0.5,734.0
2023-02-22,3025,715782.0,15431033.0,21.4,21.85,21.4,21.7,-0.25,411.0
2023-02-23,3025,475721.0,10337851.0,21.8,21.9,21.6,21.65,-0.05,331.0
2023-02-24,3025,493176.0,10577227.0,21.75,21.8,21.2,21.35,-0.3,341.0
2023-03-01,3025,844563.0,18485427.0,21.2,22.4,21.15,22.0,0.65,500.0
2023-03-02,3025,601996.0,13368692.0,22.3,22.4,22.05,22.2,0.2,363.0
2023-03-03,3025,709107.0,15925062.0,22.25,22.75,22.25,22.4,0.2,483.0
2023-03-06,3025,511695.0,11565854.0,22.6,22.8,22.4,22.5,0.1,350.0
2023-03-07,3025,1248464.0,28814552.0,23.2,23.35,22.75,23.05,0.55,723.0
2023-03-08,3025,1145242.0,26784867.0,23.3,23.7,23.1,23.25,0.2,693.0
2023-03-09,3025,980579.0,22464707.0,23.5,23.5,22.65,22.85,-0.4,552.0
2023-03-10,3025,1179355.0,27095452.0,23.1,23.5,22.4,22.75,-0.1,779.0
2023-03-13,3025,559375.0,12582646.0,22.75,22.95,22.05,22.8,0.05,366.0
2023-03-14,3025,504322.0,11425323.0,23.0,23.0,22.45,22.45,-0.35,313.0
2023-03-15,3025,425711.0,9586283.0,22.55,22.75,22.3,22.4,-0.05,257.0
2023-03-16,3025,817292.0,17670434.0,22.45,22.45,21.2,21.4,-1.0,494.0
2023-03-17,3025,663143.0,14710167.0,21.6,22.45,21.6,22.4,1.0,384.0
2023-03-20,3025,769456.0,17754072.0,22.55,23.4,22.3,23.15,0.75,522.0
2023-03-21,3025,499337.0,11607822.0,23.2,23.55,23.05,23.25,0.1,296.0
2023-03-22,3025,840384.0,19588283.0,23.55,23.75,22.9,23.3,0.05,491.0
2023-03-23,3025,3677974.0,90486872.0,23.2,25.35,23.2,24.55,1.25,2115.0
2023-03-24,3025,9187799.0,238136034.0,24.8,26.8,24.8,25.7,1.15,4740.0
2023-03-27,3025,7845639.0,216586131.0,26.5,28.25,26.05,28.25,2.55,2715.0
2023-03-28,3025,27712398.0,785337385.0,29.0,29.05,27.75,28.2,-0.05,10655.0
2023-03-29,3025,16044192.0,450268856.0,28.2,28.7,27.65,27.9,-0.3,5757.0
2023-03-30,3025,5322801.0,145038718.0,27.9,27.9,26.95,27.3,-0.6,2465.0
2023-03-31,3025,3534250.0,95701197.0,27.1,27.7,26.6,27.7,0.4,1776.0
2023-04-06,3025,17787822.0,530461384.0,28.0,30.45,27.4,30.45,2.75,7342.0
2023-04-07,3025,25261996.0,782447120.0,30.15,31.9,30.0,31.5,1.05,12564.0
2023-04-10,3025,25942105.0,877540963.0,34.5,34.65,32.7,33.8,2.3,12834.0
2023-04-11,3025,10994516.0,375111131.0,34.0,34.95,33.65,33.9,0.1,5839.0
2023-04-12,3025,8831137.0,301502023.0,34.25,34.7,33.3,34.1,0.2,4775.0
2023-04-13,3025,7905944.0,269444038.0,34.25,34.75,33.6,34.15,0.05,4505.0
2023-04-14,3025,8327753.0,276568694.0,33.85,34.0,32.65,33.0,-1.15,4437.0
2023-04-17,3025,16318820.0,574932346.0,33.1,36.3,32.95,36.3,3.3,7552.0
2023-04-18,3025,26109847.0,949314800.0,36.6,38.25,34.0,34.8,-1.5,13448.0
2023-04-19,3025,5455824.0,188466321.0,35.0,35.4,34.05,34.05,-0.75,3233.0
2023-04-20,3025,6644444.0,218573663.0,34.2,34.3,32.2,32.45,-1.6,3559.0
2023-04-21,3025,6813264.0,214144881.0,33.15,33.2,30.8,30.85,-1.6,3602.0
2023-04-24,3025,3035853.0,96356811.0,31.1,32.25,31.1,31.7,0.85,1938.0
2023-04-25,3025,5194054.0,163131663.0,31.9,32.9,30.3,30.5,-1.2,3125.0
2023-04-26,3025,2589704.0,78818058.0,30.5,31.15,30.1,30.2,-0.3,1598.0
2023-04-27,3025,2594611.0,78181667.0,30.35,30.65,29.55,30.0,-0.2,1568.0
2023-04-28,3025,9610189.0,307667913.0,31.0,32.9,30.55,32.7,2.7,5200.0
2023-05-02,3025,5034306.0,163402371.0,33.0,33.05,32.0,32.0,-0.7,2888.0
2023-05-03,3025,3397546.0,105810892.0,32.0,32.1,30.6,31.0,-1.0,2021.0
2023-05-04,3025,4263770.0,135154763.0,31.1,32.4,30.55,31.9,0.9,2531.0
2023-05-05,3025,3235219.0,102375027.0,31.7,32.65,31.0,31.2,-0.7,2046.0
2023-05-08,3025,5957673.0,192498247.0,31.55,32.75,31.35,32.2,1.0,3027.0
2023-05-09,3025,5377425.0,156082494.0,29.0,29.2,29.0,29.0,-3.2,2630.0
2023-05-10,3025,5698083.0,157853940.0,27.65,28.95,26.95,28.4,-0.6,3111.0
2023-05-11,3025,2234646.0,62047683.0,28.4,28.4,27.35,27.8,-0.6,1480.0
2023-05-12,3025,3282907.0,95151433.0,28.6,29.6,28.1,29.45,1.65,2105.0
2023-05-15,3025,3883623.0,116212790.0,30.05,30.9,29.25,29.55,0.1,2330.0
2023-05-16,3025,2882535.0,86516811.0,29.6,30.4,29.5,30.0,0.45,1864.0
2023-05-17,3025,1807133.0,54487030.0,29.7,30.5,29.7,30.0,0.0,1038.0
2023-05-18,3025,9036519.0,290028428.0,30.6,32.85,30.2,32.8,2.8,4620.0
2023-05-19,3025,31012239.0,1102233169.0,34.0,36.05,32.95,35.95,3.15,12798.0
2023-05-22,3025,34095924.0,1262017658.0,36.5,38.5,35.15,37.0,1.05,17817.0
2023-05-23,3025,19839673.0,744758415.0,37.6,38.6,36.7,37.35,0.35,10138.0
2023-05-24,3025,9200533.0,335319168.0,36.4,36.95,35.85,36.35,-1.0,5108.0
2023-05-25,3025,12414873.0,457766909.0,36.8,37.9,35.5,36.95,0.6,6893.0
2023-05-26,3025,35798538.0,1398434608.0,37.1,40.6,37.05,40.6,3.65,17750.0
2023-05-29,3025,25651697.0,1115314654.0,42.3,44.65,41.8,44.65,4.05,10356.0
2023-05-30,3025,36162712.0,1586326287.0,44.5,45.25,42.35,43.55,-1.1,17365.0
2023-05-31,3025,26767016.0,1179342080.0,44.8,45.85,42.6,42.6,-0.95,13830.0
2023-06-01,3025,14339267.0,625657542.0,42.1,44.5,42.1,43.35,0.75,8584.0
2023-06-02,3025,9929771.0,432843893.0,43.9,44.8,42.6,43.25,-0.1,5808.0
2023-06-05,3025,33917233.0,1558754662.0,43.5,47.55,43.45,44.95,1.7,15189.0
2023-06-06,3025,16606122.0,733630387.0,45.0,46.05,42.6,43.45,-1.5,8620.0
2023-06-07,3025,15535536.0,691498371.0,44.05,45.85,43.3,44.5,1.05,7928.0
2023-06-08,3025,12672136.0,566954454.0,44.0,45.75,43.5,44.3,-0.2,6893.0
2023-06-09,3025,12436406.0,563720072.0,44.55,46.65,44.5,45.0,0.7,7029.0
2023-06-12,3025,11503517.0,489222288.0,45.3,45.35,41.15,41.95,-3.05,6274.0
2023-06-13,3025,4674178.0,199920219.0,42.4,43.4,42.2,43.0,1.05,2737.0
2023-06-14,3025,9900426.0,433785564.0,43.75,45.1,42.8,42.8,-0.2,5343.0
2023-06-15,3025,10863134.0,481699437.0,43.2,45.15,42.85,44.1,1.3,5671.0
2023-06-16,3025,6844340.0,301878057.0,44.5,45.1,43.0,43.6,-0.5,4264.0
2023-06-19,3025,7951778.0,355536846.0,43.8,45.5,43.7,44.2,0.6,4733.0
2023-06-20,3025,18618241.0,847986778.0,45.4,47.3,44.75,44.95,0.75,10418.0
2023-06-21,3025,6827771.0,307573561.0,45.0,45.7,44.15,44.9,-0.05,3995.0
2023-06-26,3025,6336545.0,271927548.0,44.7,44.7,41.85,42.25,-2.65,3783.0
2023-06-27,3025,7869153.0,316350074.0,41.5,42.5,39.2,39.75,-2.5,4621.0
2023-06-28,3025,14211239.0,596018880.0,40.5,43.3,40.25,41.6,1.85,8021.0
2023-06-29,3025,25213861.0,1105394221.0,41.3,45.7,41.0,43.0,1.4,13852.0
2023-06-30,3025,22268117.0,1001977590.0,43.7,46.25,43.3,45.5,2.5,13137.0
2023-07-03,3025,21707084.0,1043960280.0,46.95,50.0,45.8,50.0,4.5,11299.0
2023-07-04,3025,45312982.0,2266407109.0,52.8,53.2,48.1,48.2,-1.8,24379.0
2023-07-05,3025,14369827.0,671987679.0,48.3,49.0,45.3,45.4,-2.8,8886.0
2023-07-06,3025,10375239.0,467242344.0,45.1,45.95,44.0,45.0,-0.4,5917.0
2023-07-07,3025,49087815.0,2385920506.0,47.8,49.5,47.25,49.25,4.25,25271.0
2023-07-10,3025,59107034.0,3085570191.0,50.8,54.1,49.8,54.1,4.85,31554.0
2023-07-11,3025,55525637.0,2985987598.0,56.5,56.5,51.3,51.3,-2.8,27954.0
2023-07-12,3025,23157158.0,1202948065.0,51.9,53.7,50.3,51.1,-0.2,13465.0
2023-07-13,3025,24228970.0,1265231959.0,51.2,53.5,50.6,51.2,0.1,14652.0
2023-07-14,3025,15342941.0,787528601.0,51.3,52.5,50.4,51.1,-0.1,8900.0
2023-07-17,3025,18050267.0,940268049.0,51.2,53.7,50.7,51.0,-0.1,11415.0
2023-07-18,3025,14376796.0,716789729.0,51.8,52.8,47.9,48.5,-2.5,8662.0
2023-07-19,3025,7639856.0,368461998.0,49.2,49.65,46.7,47.6,-0.9,4893.0
2023-07-20,3025,5502172.0,263779168.0,48.15,48.8,46.8,47.7,0.1,3513.0
2023-07-21,3025,5398856.0,249453238.0,46.75,47.1,45.35,46.0,-1.7,3403.0
2023-07-24,3025,7223955.0,329304139.0,46.45,46.5,44.7,45.2,-0.8,4843.0
2023-07-25,3025,4487839.0,204129652.0,45.8,46.25,44.85,45.1,-0.1,2966.0
2023-07-26,3025,4658574.0,205223456.0,45.3,45.4,43.25,43.6,-1.5,2886.0
2023-07-27,3025,4385863.0,194996075.0,43.6,45.25,43.6,44.65,1.05,2798.0
2023-07-28,3025,2996070.0,130620117.0,44.0,44.65,43.0,43.7,-0.95,2296.0
2023-07-31,3025,14217060.0,661454013.0,44.2,48.0,43.65,47.65,3.95,9512.0
2023-08-01,3025,22033275.0,1071837269.0,47.65,50.4,46.85,47.6,-0.05,14263.0
2023-08-02,3025,8632945.0,394921697.0,47.1,48.35,43.5,44.1,-3.5,5573.0
2023-08-04,3025,4298965.0,189515666.0,44.1,45.6,42.5,45.2,1.1,3111.0
2023-08-07,3025,4146626.0,188096498.0,44.3,46.4,43.75,45.8,0.6,2680.0
2023-08-08,3025,7355966.0,318131938.0,44.0,44.5,42.1,42.2,-3.6,4634.0
2023-08-09,3025,3770564.0,156696598.0,41.65,42.55,40.3,41.6,-0.6,2401.0
2023-08-10,3025,2936015.0,119188142.0,41.0,41.55,40.1,40.65,-0.95,1982.0
2023-08-11,3025,2434756.0,98920347.0,40.45,41.55,40.0,40.0,-0.65,1759.0
2023-08-14,3025,2091227.0,82395649.0,39.8,40.2,38.8,39.1,-0.9,1734.0
2023-08-15,3025,1457713.0,58419194.0,39.85,40.4,39.75,40.1,1.0,1028.0
2023-08-16,3025,1233603.0,49013429.0,39.5,40.35,39.0,40.35,0.25,1101.0
2023-08-17,3025,1806896.0,74220411.0,40.4,41.7,39.8,41.5,1.15,1264.0
2023-08-18,3025,1698414.0,70174746.0,41.5,41.9,40.7,41.1,-0.4,1239.0
2023-08-21,3025,6893710.0,302031552.0,42.0,45.0,41.7,43.8,2.7,4494.0
2023-08-22,3025,4565332.0,201014442.0,44.05,44.95,43.2,43.95,0.15,2845.0
2023-08-23,3025,4332594.0,192147152.0,44.8,45.15,43.25,43.25,-0.7,2703.0
2023-08-24,3025,2491032.0,107556115.0,44.3,44.45,42.35,42.5,-0.75,1628.0
2023-08-25,3025,2350929.0,100820078.0,41.8,43.8,41.65,42.55,0.05,1595.0
2023-08-28,3025,2210182.0,90567039.0,42.25,42.25,40.35,40.8,0.0,1510.0
2023-08-29,3025,1439637.0,58587067.0,41.35,41.8,40.0,40.15,-0.65,1109.0
2023-08-30,3025,1334798.0,54240136.0,40.85,41.0,40.3,40.35,0.2,1046.0
2023-08-31,3025,940727.0,38084916.0,40.35,40.85,39.95,40.55,0.2,688.0
2023-09-01,3025,1725813.0,70305087.0,40.95,41.5,40.25,40.3,-0.25,1403.0
2023-09-04,3025,1330114.0,53106550.0,40.55,40.55,39.65,39.75,-0.55,1323.0
2023-09-05,3025,1260293.0,50794724.0,39.65,41.1,39.55,40.05,0.3,1106.0
2023-09-06,3025,6805085.0,286561574.0,40.25,43.2,39.9,42.7,2.65,4683.0
2023-09-07,3025,3768604.0,154595137.0,40.75,41.85,40.5,40.6,-2.1,2660.0
2023-09-08,3025,6251664.0,260886980.0,40.5,42.9,39.45,42.35,1.75,4143.0
2023-09-11,3025,2763000.0,115112549.0,42.0,42.8,40.7,40.85,-1.5,2126.0
2023-09-12,3025,1549454.0,63112167.0,41.0,41.8,39.8,40.05,-0.8,1220.0
2023-09-13,3025,6331929.0,265909486.0,39.85,42.6,39.6,42.2,2.15,3907.0
2023-09-14,3025,9336668.0,408059873.0,42.55,44.6,42.25,43.95,1.75,6324.0
2023-09-15,3025,4488103.0,192572284.0,44.0,44.15,42.4,43.0,-0.95,3124.0
2023-09-18,3025,2189212.0,94812846.0,43.05,43.9,42.65,42.8,-0.2,1816.0
2023-09-19,3025,6062817.0,265402844.0,43.3,44.75,42.7,42.85,0.05,3929.0
2023-09-20,3025,2409911.0,101455653.0,42.85,43.4,41.45,41.6,-1.25,1815.0
2023-09-21,3025,1516750.0,61861147.0,41.6,41.6,40.4,40.55,-1.05,1081.0
2023-09-22,3025,1895274.0,78509668.0,40.6,42.1,40.25,41.55,1.0,1446.0
2023-09-25,3025,4367082.0,188616049.0,41.6,43.85,41.6,43.5,1.95,2963.0
2023-09-26,3025,9488730.0,420600775.0,43.9,45.1,43.25,44.25,0.75,6037.0
2023-09-27,3025,6906865.0,300132388.0,44.3,45.05,42.55,42.6,-1.65,4583.0
2023-09-28,3025,1586367.0,67656487.0,43.0,43.35,42.15,42.15,-0.45,1224.0
2023-10-02,3025,1361162.0,57957770.0,42.8,43.1,42.0,42.2,0.05,976.0
2023-10-03,3025,3342395.0,143814874.0,42.8,44.05,42.1,42.2,0.0,2179.0
2023-10-04,3025,1476124.0,61157085.0,41.15,42.0,41.15,41.7,-0.5,1182.0
2023-10-05,3025,1514645.0,64505713.0,42.15,43.1,42.15,42.4,0.7,1037.0
2023-10-06,3025,1883263.0,80769207.0,42.95,43.3,42.4,42.4,0.0,1175.0
2023-10-11,3025,2751200.0,117966713.0,43.9,43.95,41.8,41.8,-0.6,1976.0
2023-10-12,3025,12059107.0,542366437.0,42.5,45.95,42.3,45.95,4.15,7238.0
2023-10-13,3025,28777515.0,1347884059.0,45.5,48.4,45.15,47.0,1.05,17447.0
2023-10-16,3025,16509656.0,788445185.0,47.0,48.85,46.55,47.25,0.25,10713.0
2023-10-17,3025,14336146.0,661645311.0,47.2,48.45,43.4,45.3,-1.95,9023.0
2023-10-18,3025,4305455.0,189399544.0,45.2,45.2,43.15,43.7,-1.6,2909.0
2023-10-19,3025,18041347.0,847201607.0,43.85,48.05,43.85,48.05,4.35,11130.0
2023-10-20,3025,44794242.0,2158845677.0,48.45,49.5,46.6,46.95,-1.1,26128.0
2023-10-23,3025,11073453.0,520754051.0,46.95,47.9,46.0,46.0,-0.95,6658.0
2023-10-24,3025,22959756.0,1117762701.0,46.0,50.6,45.65,50.6,4.6,13218.0
2023-10-25,3025,28805955.0,1433278375.0,51.3,52.2,48.45,48.5,-2.1,17443.0
2023-10-26,3025,18428053.0,901301401.0,47.4,50.3,47.4,47.6,-0.9,12290.0
2023-10-27,3025,9343006.0,444059526.0,48.05,48.55,46.15,47.2,-0.4,6053.0
2023-10-30,3025,4486133.0,210533252.0,47.45,47.75,46.3,46.6,-0.6,3156.0
2023-10-31,3025,5860992.0,266867785.0,47.3,47.9,43.5,44.1,-2.5,4133.0
2023-11-01,3025,3994439.0,176903597.0,45.2,45.4,43.6,44.1,0.0,3017.0
2023-11-02,3025,4454605.0,200968174.0,44.85,46.05,44.55,44.8,0.7,3148.0
2023-11-03,3025,4051307.0,184676484.0,45.4,46.5,44.8,44.8,0.0,2965.0
2023-11-06,3025,6454198.0,299873649.0,45.3,47.4,45.3,46.5,1.7,4352.0
2023-11-07,3025,6167781.0,280619280.0,44.6,46.8,44.2,45.35,-1.15,4079.0
2023-11-08,3025,2947256.0,134167733.0,45.5,46.25,44.85,44.9,-0.45,2194.0
2023-11-09,3025,3163730.0,141010531.0,45.0,45.85,44.0,44.2,-0.7,2134.0
2023-11-10,3025,2308567.0,101517714.0,44.05,44.75,43.55,43.55,-0.65,1698.0
2023-11-13,3025,2732139.0,121666238.0,44.1,45.2,43.8,44.6,1.05,2163.0
2023-11-14,3025,1998056.0,89746585.0,44.45,45.2,44.45,45.15,0.55,1352.0
2023-11-15,3025,10915812.0,514573374.0,46.05,48.3,46.05,46.8,1.65,7193.0
2023-11-16,3025,2431933.0,112828770.0,47.0,47.0,46.0,46.2,-0.6,1800.0
2023-11-17,3025,3745380.0,174262883.0,45.85,47.7,45.5,47.2,1.0,2839.0
2023-11-20,3025,6644674.0,320870680.0,47.2,49.35,47.2,47.55,0.35,4519.0
2023-11-21,3025,13039081.0,637139626.0,48.05,50.0,47.8,47.8,0.25,8739.0
2023-11-22,3025,7592893.0,367302570.0,47.75,49.5,47.5,47.5,-0.3,5116.0
2023-11-23,3025,3959195.0,184810123.0,47.5,47.85,46.05,46.05,-1.45,3104.0
2023-11-24,3025,3147496.0,147713933.0,46.35,47.4,46.25,46.95,0.9,2207.0
2023-11-27,3025,4526596.0,216707379.0,47.5,48.8,46.4,46.4,-0.55,2797.0
2023-11-28,3025,1824425.0,85507337.0,47.1,47.35,46.5,46.7,0.3,1388.0
2023-11-29,3025,5788663.0,276689864.0,47.05,48.95,46.85,46.85,0.15,3922.0
2023-12-11,3025,2999525.0,165429000.0,57.9,58.1,52.5,52.5,0.0,3309.0
2023-12-12,3025,4887218.0,243588581.0,52.6,53.0,48.2,48.4,-4.1,8088.0
2023-12-13,3025,5694803.0,297381565.0,48.6,53.2,48.6,53.2,4.8,4655.0
2023-12-14,3025,13834173.0,739369556.0,54.0,56.9,50.5,52.0,-1.2,11608.0
2023-12-15,3025,2263170.0,114976634.0,52.5,52.5,50.1,50.5,-1.5,1972.0
2023-12-18,3025,1224053.0,62697738.0,50.5,51.9,50.5,50.9,0.4,1225.0
2023-12-19,3025,1120095.0,56302382.0,51.0,51.5,49.5,50.7,-0.2,1635.0
2023-12-20,3025,745549.0,37993396.0,50.6,51.4,50.6,51.1,0.4,1066.0
2023-12-21,3025,782044.0,39427292.0,50.6,51.2,50.0,50.0,-1.1,1321.0
2023-12-22,3025,1202026.0,59679611.0,50.5,50.7,49.1,49.1,-0.9,2276.0
2023-12-25,3025,645082.0,31620120.0,49.3,49.75,48.65,48.65,-0.45,1832.0
2023-12-26,3025,451115.0,22131662.0,49.0,49.4,48.7,48.9,0.25,582.0
2023-12-27,3025,480039.0,23494749.0,49.2,49.55,48.7,48.7,-0.2,1160.0
2023-12-28,3025,605651.0,29440499.0,49.0,49.3,48.3,48.35,-0.35,934.0
2023-12-29,3025,624736.0,30376593.0,48.55,49.3,48.0,49.1,0.75,1051.0
2024-01-02,3025,559483.0,27553732.0,49.3,49.7,48.9,48.9,-0.2,735.0
2024-01-03,3025,377712.0,18263924.0,48.9,49.0,48.15,48.15,-0.75,590.0
2024-01-04,3025,640704.0,30608022.0,48.5,48.65,47.3,47.3,-0.85,1310.0
2024-01-05,3025,1798683.0,93531516.0,52.0,52.0,52.0,52.0,4.7,944.0
2024-01-08,3025,9777410.0,558913033.0,57.2,57.2,55.9,57.2,5.2,4444.0
2024-01-09,3025,45902483.0,2686920428.0,58.5,62.2,55.3,58.5,1.3,30507.0
2024-01-10,3025,15145155.0,875625526.0,58.3,59.8,56.5,57.7,-0.8,9296.0
2024-01-11,3025,26143710.0,1551551670.0,58.1,61.5,57.2,59.0,1.3,17018.0
2024-01-12,3025,25770129.0,1569195276.0,59.6,62.2,59.1,61.9,2.9,17496.0
2024-01-15,3025,6811025.0,455303700.0,63.5,68.0,63.4,68.0,6.1,3976.0
2024-01-16,3025,53420732.0,3719240344.0,68.5,72.5,66.9,69.3,1.3,34871.0
2024-01-17,3025,22084613.0,1508091562.0,70.4,71.7,65.9,66.6,-2.7,17494.0
2024-01-18,3025,22815679.0,1546721438.0,67.4,69.6,65.8,67.4,0.8,14267.0
2024-01-19,3025,12058107.0,810556077.0,67.5,68.5,65.9,67.5,0.1,7538.0
2024-01-22,3025,16516236.0,1141942471.0,68.4,71.0,67.5,67.5,0.0,12177.0
2024-01-23,3025,7734976.0,523066640.0,68.0,68.5,66.6,67.2,-0.3,6684.0
2024-01-24,3025,6459295.0,436658821.0,67.6,68.9,66.5,66.5,-0.7,4525.0
2024-01-25,3025,11060634.0,700223260.0,66.8,67.0,61.9,61.9,-4.6,11562.0
2024-01-26,3025,4787547.0,293396745.0,61.9,62.6,60.5,60.5,-1.4,5656.0
2024-01-29,3025,4283950.0,262834999.0,61.1,62.3,60.8,61.0,0.5,4055.0
2024-01-30,3025,4161761.0,249624899.0,61.1,61.4,59.1,59.1,-1.9,4742.0
2024-01-31,3025,4204117.0,251236484.0,60.0,60.6,58.9,59.5,0.4,4665.0
2024-02-01,3025,2866231.0,169510276.0,59.5,60.2,58.5,58.5,-1.0,4632.0
2024-02-02,3025,3659071.0,215289067.0,58.6,60.2,57.8,58.8,0.3,3716.0
2024-02-05,3025,3634246.0,209032987.0,58.5,59.3,56.6,57.1,-1.7,4881.0
2024-02-15,3025,2793744.0,159699427.0,57.0,58.1,56.0,57.4,0.3,2969.0
2024-02-16,3025,9364611.0,580100929.0,58.0,63.1,58.0,63.1,5.7,5570.0
2024-02-19,3025,9594416.0,613284298.0,63.5,65.3,63.1,64.0,0.9,7342.0
2024-02-20,3025,10335063.0,673390130.0,63.4,66.5,63.0,66.4,2.4,6939.0
2024-02-21,3025,24061395.0,1689924048.0,66.4,73.0,66.1,73.0,6.6,16302.0
2024-02-22,3025,41074115.0,3142296407.0,74.3,80.3,73.1,80.3,7.3,21946.0
2024-02-23,3025,36002008.0,2908635736.0,84.5,85.0,76.9,77.0,-3.3,22975.0
2024-02-26,3025,15152962.0,1183114593.0,79.7,80.4,76.4,76.4,-0.6,10275.0
2024-02-27,3025,8403167.0,630598291.0,76.5,78.0,73.2,73.3,-3.1,6040.0
2024-02-29,3025,6332928.0,472177807.0,73.6,76.0,73.0,75.0,1.7,5829.0
2024-03-01,3025,4634744.0,345115816.0,75.1,76.0,73.4,73.4,-1.6,5728.0
2024-03-04,3025,6978137.0,518882936.0,74.0,76.3,72.7,73.2,-0.2,7728.0
2024-03-05,3025,4976190.0,361018638.0,73.5,73.8,71.5,72.8,-0.4,4839.0
2024-03-06,3025,2558972.0,185385035.0,72.4,73.1,71.7,72.8,0.0,3143.0
2024-03-07,3025,6822114.0,473967984.0,70.0,71.0,68.2,68.7,-4.1,9610.0
2024-03-08,3025,5199125.0,345156518.0,69.0,69.4,64.2,65.1,-3.6,7183.0
2024-03-11,3025,2675637.0,176069911.0,65.5,66.7,64.7,65.6,0.5,3302.0
2024-03-12,3025,3213677.0,216810470.0,66.5,68.6,65.8,68.2,2.6,4024.0
2024-03-13,3025,5268630.0,359656469.0,70.3,70.8,66.2,67.5,-0.7,6578.0
2024-03-14,3025,1856590.0,124804018.0,67.7,68.4,66.3,66.5,-1.0,3306.0
2024-03-15,3025,5927952.0,406114611.0,68.0,70.2,66.7,67.5,1.0,9350.0
2024-03-18,3025,3887381.0,268968859.0,67.5,70.3,67.3,69.9,2.4,3932.0
2024-03-19,3025,2829965.0,196366817.0,70.0,70.6,68.6,69.0,-0.9,3054.0
2024-03-20,3025,2025315.0,139233919.0,69.1,69.6,68.0,68.0,-1.0,1873.0
2024-03-21,3025,1507796.0,102261449.0,68.7,69.0,67.0,67.0,-1.0,1441.0
2024-03-22,3025,1704200.0,115116651.0,67.2,68.6,66.6,68.1,1.1,1511.0
2024-03-25,3025,1790374.0,123760232.0,68.3,69.7,67.8,69.3,1.2,1509.0
2024-03-26,3025,2161613.0,148028886.0,69.8,70.6,66.8,67.2,-2.1,2257.0
2024-03-27,3025,3849003.0,268928989.0,67.8,71.0,67.0,71.0,3.8,3232.0
2024-03-28,3025,4408738.0,315829361.0,71.5,73.5,70.1,72.7,1.7,3971.0
2024-03-29,3025,8519703.0,625325577.0,73.1,76.5,71.3,71.6,-1.1,8982.0
2024-04-01,3025,1681028.0,120006968.0,71.3,72.3,70.9,71.3,-0.3,2204.0
2024-04-02,3025,2291231.0,165179261.0,71.7,73.0,71.4,71.9,0.6,2307.0
2024-04-03,3025,1595074.0,112710990.0,71.4,71.4,70.2,70.2,-1.7,1729.0
2024-04-08,3025,4248057.0,308835742.0,71.1,74.0,71.1,72.1,1.9,3454.0
2024-04-09,3025,5133117.0,353252517.0,71.0,71.0,67.1,69.0,-3.1,4099.0
2024-04-10,3025,5667323.0,404336169.0,69.0,72.5,69.0,70.4,1.4,4297.0
2024-04-11,3025,2202808.0,151809340.0,69.4,69.8,68.5,68.5,-1.9,2375.0
2024-04-12,3025,953073.0,65639995.0,68.5,69.6,68.4,68.6,0.1,1082.0
2024-04-15,3025,2557387.0,177657050.0,68.4,70.5,67.9,68.1,-0.5,2219.0
2024-04-16,3025,1916012.0,127345408.0,68.0,68.0,65.6,65.6,-2.5,2295.0
2024-04-17,3025,1963034.0,133603947.0,65.5,69.4,65.5,69.2,3.6,1824.0
2024-04-18,3025,4376098.0,311707330.0,70.5,72.4,70.5,70.7,1.5,3647.0
2024-04-19,3025,2321007.0,158200999.0,69.2,70.4,66.1,67.5,-3.2,3238.0
2024-04-22,3025,1301608.0,87624882.0,68.0,69.2,66.0,66.0,-1.5,1649.0
2024-04-23,3025,703712.0,46401852.0,67.3,67.6,64.8,65.7,-0.3,1036.0
2024-04-24,3025,724310.0,48569830.0,66.4,67.4,66.4,67.0,1.3,903.0
2024-04-25,3025,1385060.0,94443805.0,67.0,69.7,66.2,67.3,0.3,1418.0
2024-04-26,3025,1807902.0,123790826.0,68.1,69.4,67.3,67.3,0.0,1657.0
2024-04-29,3025,936523.0,63455926.0,67.8,68.4,67.2,67.4,0.1,901.0
2024-04-30,3025,736863.0,49254202.0,67.5,67.5,66.5,66.7,-0.7,736.0
2024-05-02,3025,562434.0,37607159.0,66.5,67.4,66.0,67.4,0.7,520.0
2024-05-03,3025,5591735.0,392918875.0,67.5,72.0,67.5,70.5,3.1,4381.0
2024-05-06,3025,3203487.0,223254553.0,71.0,71.9,68.4,68.7,-1.8,4030.0
2024-05-07,3025,3040784.0,200824648.0,66.2,66.9,65.5,66.1,-2.6,2716.0
2024-05-08,3025,1118951.0,74437776.0,66.3,67.1,66.0,66.2,0.1,976.0
2024-05-09,3025,748715.0,49416365.0,66.1,66.7,65.7,65.9,-0.3,627.0
2024-05-10,3025,966498.0,62639156.0,66.2,66.2,64.2,64.7,-1.2,976.0
2024-05-13,3025,677607.0,43863845.0,64.1,65.4,64.0,65.1,0.4,565.0
2024-05-14,3025,960093.0,63695958.0,65.9,66.8,65.5,66.3,1.2,803.0
2024-05-15,3025,1044944.0,69857641.0,66.9,67.4,66.3,66.9,0.6,961.0
2024-05-16,3025,1044471.0,69648312.0,66.9,67.6,66.0,66.1,-0.8,1228.0
2024-05-17,3025,828057.0,55304118.0,67.0,67.4,66.3,66.6,0.5,772.0
2024-05-20,3025,545651.0,36178420.0,66.3,67.4,65.8,65.9,-0.7,653.0
2024-05-21,3025,553452.0,36665539.0,66.1,67.0,65.7,67.0,1.1,473.0
2024-05-22,3025,1489309.0,100686071.0,67.2,68.5,67.0,67.1,0.1,1337.0
2024-05-23,3025,691767.0,46055524.0,67.8,67.9,66.0,66.1,-1.0,600.0
2024-05-24,3025,2079109.0,140676105.0,65.2,68.8,64.8,67.2,1.1,1585.0
2024-05-27,3025,6031315.0,427505149.0,68.0,72.5,68.0,70.3,3.1,4688.0
2024-05-28,3025,2098080.0,146854873.0,70.5,72.0,69.1,69.5,-0.8,1887.0
2024-05-29,3025,3286614.0,233283378.0,70.3,71.8,69.8,71.0,1.5,2530.0
2024-05-30,3025,3853043.0,272982108.0,71.2,72.9,68.9,69.0,-2.0,3591.0
2024-05-31,3025,1251827.0,86385136.0,69.7,70.6,68.1,68.3,-0.7,1208.0
2024-06-03,3025,2761320.0,195750440.0,69.4,71.6,69.3,71.0,2.7,2461.0
2024-06-04,3025,4145313.0,298081146.0,71.9,72.8,70.5,71.9,0.9,3651.0
2024-06-05,3025,2244429.0,158703949.0,72.5,72.5,69.9,70.0,-1.9,2286.0
2024-06-06,3025,1084068.0,76084116.0,70.5,71.7,69.6,70.1,0.1,899.0
2024-06-07,3025,3073304.0,211650630.0,68.3,70.5,67.5,70.0,-0.1,3381.0
2024-06-11,3025,826504.0,57305383.0,70.0,70.2,68.7,68.7,-1.3,728.0
2024-06-12,3025,689481.0,47347241.0,68.8,69.5,68.2,68.4,-0.3,1032.0
2024-06-13,3025,1165185.0,79522608.0,68.9,69.5,67.5,67.5,-0.9,1798.0
2024-06-14,3025,836520.0,56695507.0,67.5,68.5,67.2,67.2,-0.3,1138.0
2024-06-17,3025,610508.0,41599476.0,67.6,68.5,67.6,68.4,1.2,591.0
2024-06-18,3025,2601446.0,182868589.0,68.5,72.0,67.8,70.3,1.9,2597.0
2024-06-19,3025,2778867.0,195959025.0,71.0,72.0,69.3,69.6,-0.7,4032.0
2024-06-20,3025,1000221.0,69512961.0,69.9,70.2,68.6,69.8,0.2,1025.0
2024-06-21,3025,12639978.0,942167040.0,71.6,76.7,71.0,76.7,6.9,7896.0
2024-06-24,3025,36394605.0,2934859186.0,79.8,83.9,77.8,77.8,1.1,24861.0
2024-06-25,3025,9919963.0,726927755.0,76.6,76.6,71.2,72.4,-5.4,7177.0
2024-06-26,3025,7559549.0,564651560.0,74.1,76.8,73.0,74.0,1.6,5594.0
2024-06-27,3025,3169454.0,233297423.0,73.8,75.6,72.7,72.7,-1.3,2890.0
2024-06-28,3025,1630208.0,119984487.0,73.0,74.4,72.7,73.5,0.8,1322.0
2024-07-01,3025,3740651.0,281485894.0,73.7,76.5,73.1,75.3,1.8,3064.0
2024-07-02,3025,1785137.0,132665176.0,75.6,76.4,73.4,73.4,-1.9,2083.0
2024-07-03,3025,2940500.0,221512590.0,74.1,76.7,73.5,74.5,1.1,2394.0
2024-07-04,3025,3107976.0,230639922.0,75.2,75.7,73.1,73.4,-1.1,2376.0
2024-07-05,3025,2980267.0,222195745.0,74.2,75.9,73.0,74.0,0.6,2352.0
2024-07-08,3025,3655463.0,262783267.0,74.9,74.9,70.4,71.4,-2.6,3019.0
2024-07-09,3025,1880236.0,132931535.0,71.2,72.4,69.5,70.5,-0.9,1473.0
2024-07-10,3025,2150772.0,155398341.0,70.5,73.4,70.1,72.3,1.8,1826.0
2024-07-11,3025,1306422.0,94009799.0,72.8,73.3,71.3,71.4,-0.9,1293.0
2024-07-12,3025,872849.0,61925764.0,70.6,71.5,70.6,71.1,-0.3,802.0
2024-07-15,3025,859049.0,60854659.0,72.0,72.0,70.2,70.7,-0.4,1346.0
2024-07-16,3025,642516.0,45587933.0,71.3,71.6,70.6,70.6,-0.1,788.0
2024-07-17,3025,641496.0,45686640.0,71.0,71.9,70.7,70.9,0.3,629.0
2024-07-18,3025,1158961.0,80567046.0,70.1,70.5,69.1,69.3,-1.6,1009.0
2024-07-19,3025,1094797.0,74861437.0,69.4,69.8,67.5,67.7,-1.6,975.0
2024-07-22,3025,1198212.0,78996891.0,67.7,67.9,64.9,65.9,-1.8,1003.0
2024-07-23,3025,870553.0,57453039.0,66.7,66.9,65.6,65.6,-0.3,709.0
2024-07-26,3025,665882.0,42720705.0,63.0,65.3,62.1,65.3,-0.3,546.0
2024-07-29,3025,778069.0,49826399.0,66.0,66.3,62.8,62.8,-2.5,719.0
2024-07-30,3025,1347282.0,83344186.0,62.5,63.6,60.6,63.4,0.6,967.0
2024-07-31,3025,437121.0,27600008.0,62.8,64.0,62.4,63.0,-0.4,446.0
2024-08-01,3025,423930.0,27182525.0,63.7,64.5,63.6,64.4,1.4,369.0
2024-08-02,3025,573382.0,35797789.0,63.3,63.8,61.6,61.6,-2.8,558.0
2024-08-05,3025,1073171.0,59659769.0,55.5,57.0,55.5,55.5,-6.1,915.0
2024-08-06,3025,1638294.0,84818268.0,55.3,55.9,49.95,51.9,-3.6,1237.0
2024-08-07,3025,1072789.0,60682758.0,55.8,57.0,54.5,57.0,5.1,672.0
2024-08-08,3025,2678035.0,161808041.0,57.1,62.5,57.1,60.7,3.7,2391.0
2024-08-09,3025,1644743.0,102298325.0,62.0,63.2,61.3,61.9,1.2,1668.0
2024-08-12,3025,1280016.0,81598463.0,63.0,64.7,62.7,64.2,2.3,1333.0
2024-08-13,3025,657606.0,42051482.0,65.0,65.1,63.5,64.2,0.0,911.0
2024-08-14,3025,714885.0,45975033.0,65.2,65.2,63.6,64.1,-0.1,839.0
2024-08-15,3025,454130.0,29107468.0,64.7,64.8,63.5,63.9,-0.2,400.0
2024-08-16,3025,871166.0,56443583.0,64.8,65.2,64.2,64.8,0.9,956.0
2024-08-19,3025,1961979.0,131338358.0,64.3,69.0,64.3,67.7,2.9,1669.0
2024-08-20,3025,1328370.0,90657208.0,68.4,69.3,67.7,67.7,0.0,1698.0
2024-08-21,3025,1083696.0,72899384.0,67.9,68.8,66.5,66.8,-0.9,1160.0
2024-08-22,3025,589919.0,39200680.0,67.0,67.4,66.0,66.0,-0.8,912.0
2024-08-23,3025,687903.0,45195566.0,65.3,66.6,65.0,65.6,-0.4,567.0
2024-08-26,3025,1042589.0,69636336.0,66.7,67.3,66.0,66.9,1.3,1050.0
2024-08-27,3025,953988.0,59880091.0,62.4,63.3,62.3,63.0,0.0,994.0
2024-08-28,3025,454572.0,28856481.0,63.1,64.3,62.9,62.9,-0.1,432.0
2024-08-29,3025,331113.0,20756876.0,62.5,63.1,62.1,63.0,0.1,458.0
2024-08-30,3025,541689.0,34207375.0,63.9,64.4,62.6,62.6,-0.4,519.0
2024-09-02,3025,739561.0,47202863.0,62.7,64.9,62.7,63.3,0.7,654.0
2024-09-03,3025,400889.0,25278595.0,63.9,64.0,62.4,62.4,-0.9,555.0
2024-09-04,3025,646223.0,38545908.0,60.0,60.9,57.9,59.5,-2.9,719.0
2024-09-05,3025,318998.0,19223128.0,60.5,60.9,59.5,59.6,0.1,328.0
2024-09-06,3025,263008.0,15710030.0,59.8,60.5,59.4,59.5,-0.1,227.0
2024-09-09,3025,4100955.0,264471515.0,60.8,65.4,60.5,65.4,5.9,2650.0
2024-09-10,3025,18836712.0,1257808378.0,66.5,69.7,62.7,64.6,-0.8,12842.0
2024-09-11,3025,2395409.0,153110716.0,64.1,65.5,63.1,63.6,-1.0,2369.0
2024-09-12,3025,2645257.0,172392356.0,64.5,66.5,63.7,65.8,2.2,2030.0
2024-09-13,3025,1414148.0,92251137.0,66.2,66.2,64.5,65.4,-0.4,1299.0
2024-09-16,3025,929792.0,60223270.0,65.5,66.0,64.2,64.5,-0.9,1088.0
2024-09-18,3025,732243.0,47121755.0,64.8,65.6,63.3,63.3,-1.2,880.0
2024-09-19,3025,405394.0,26005022.0,63.4,64.9,63.3,64.2,0.9,539.0
2024-09-20,3025,1200139.0,77963491.0,65.1,66.3,63.8,63.8,-0.4,1041.0
2024-09-23,3025,598312.0,38532420.0,63.8,65.1,63.8,64.0,0.2,757.0
2024-09-24,3025,549599.0,34815055.0,64.2,64.2,62.8,63.3,-0.7,809.0
2024-09-25,3025,547435.0,35251180.0,64.0,64.9,63.9,64.2,0.9,444.0
2024-09-26,3025,538402.0,34683492.0,65.0,65.1,64.1,64.6,0.4,437.0
2024-09-27,3025,2056100.0,135652799.0,65.0,66.9,64.7,65.3,0.7,1495.0
2024-09-30,3025,583701.0,37965627.0,65.5,65.9,64.1,64.7,-0.6,628.0
2024-10-01,3025,7889831.0,551055604.0,64.8,71.1,64.8,71.1,6.4,5047.0
2024-10-04,3025,34523585.0,2589623706.0,74.0,78.2,71.4,78.2,7.1,23610.0
2024-10-07,3025,48168682.0,3819820724.0,80.0,82.0,76.1,76.1,-2.1,31289.0
2024-10-08,3025,44127936.0,3608247727.0,76.5,83.7,76.5,83.7,7.6,26485.0
2024-10-09,3025,67479275.0,5818113307.0,85.0,91.0,82.6,82.6,-1.1,44044.0
2024-10-11,3025,21185044.0,1753008315.0,83.5,85.5,79.8,80.8,-1.8,14780.0
2024-10-14,3025,12704533.0,1016923182.0,81.7,83.0,78.3,79.0,-1.8,8895.0
2024-10-15,3025,11020889.0,867161192.0,79.7,80.9,77.0,77.2,-1.8,8579.0
2024-10-16,3025,6020763.0,467523740.0,76.3,79.2,75.6,78.6,1.4,5365.0
2024-10-17,3025,5371928.0,421857278.0,78.2,79.7,77.6,78.0,-0.6,4247.0
2024-10-18,3025,18752478.0,1530008298.0,80.0,85.0,79.4,79.4,1.4,12897.0
2024-10-21,3025,8851495.0,714210858.0,79.7,82.9,78.6,80.6,1.2,5992.0
2024-10-22,3025,4572163.0,367788447.0,79.9,81.9,79.5,79.5,-1.1,3280.0
2024-10-23,3025,3410443.0,272657769.0,79.9,80.7,79.3,79.3,-0.2,2436.0
2024-10-24,3025,4572560.0,351421974.0,79.4,79.7,75.0,75.0,-4.3,3872.0
2024-10-25,3025,3630672.0,268337944.0,75.0,76.0,72.9,73.3,-1.7,2748.0
2024-10-28,3025,2402305.0,172383294.0,73.9,73.9,70.8,71.5,-1.8,2254.0
2024-10-29,3025,2492481.0,178475171.0,71.8,72.8,70.6,71.5,0.0,2276.0
2024-10-30,3025,1744037.0,126087696.0,71.8,73.0,71.1,72.9,1.4,1508.0
2024-11-01,3025,6564599.0,488165269.0,71.4,75.8,71.2,75.2,2.3,4685.0
2024-11-04,3025,3372287.0,252870679.0,74.3,76.5,73.5,75.0,-0.2,2596.0
2024-11-05,3025,15481939.0,1246707057.0,76.5,82.5,75.6,80.6,5.6,10594.0
2024-11-06,3025,11003556.0,895691401.0,81.4,82.7,80.0,81.5,0.9,7391.0
2024-11-07,3025,9994012.0,797143807.0,78.2,81.4,76.6,79.2,-2.3,6710.0
2024-11-08,3025,5665562.0,442550874.0,79.9,79.9,76.8,78.0,-1.2,4153.0
2024-11-11,3025,4718313.0,375857694.0,78.2,80.8,77.6,80.2,2.2,3829.0
2024-11-12,3025,7288557.0,582849491.0,80.6,82.0,78.4,78.4,-1.8,5962.0
2024-11-13,3025,5112119.0,407349619.0,79.0,81.4,78.1,79.2,0.8,4337.0
2024-11-14,3025,3837296.0,301403943.0,79.2,80.8,76.8,76.8,-2.4,2912.0
2024-11-15,3025,3149223.0,243549889.0,77.6,79.6,76.0,76.5,-0.3,2640.0
2024-11-18,3025,2089992.0,156733299.0,76.9,77.3,73.3,73.3,-3.2,1767.0
2024-11-19,3025,2436077.0,178779259.0,73.7,74.6,72.5,72.8,-0.5,2072.0
2024-11-20,3025,4154149.0,308597652.0,73.1,75.7,72.4,75.0,2.2,3261.0
2024-11-21,3025,4504845.0,340410622.0,75.5,77.0,74.1,74.1,-0.9,3342.0
2024-11-22,3025,4971018.0,375880588.0,75.3,77.4,73.8,73.8,-0.3,3542.0
2024-11-25,3025,2894439.0,218133127.0,74.2,76.6,74.2,75.0,1.2,2220.0
2024-11-26,3025,1457066.0,108102251.0,75.1,75.1,73.5,74.2,-0.8,1307.0
2024-11-27,3025,2102709.0,156762418.0,75.0,75.9,73.5,73.8,-0.4,1814.0
2024-11-28,3025,3915341.0,293867584.0,73.7,76.5,73.2,75.2,1.4,2766.0
2024-11-29,3025,2362571.0,177419510.0,74.8,76.2,74.1,74.9,-0.3,2113.0
2024-12-02,3025,9138066.0,719733737.0,75.5,81.3,74.8,79.2,4.3,6470.0
2024-12-03,3025,7712632.0,612586794.0,80.0,81.2,78.1,78.5,-0.7,6612.0
2024-12-04,3025,14603085.0,1186014109.0,78.8,83.5,78.8,80.9,2.4,10425.0
2024-12-05,3025,6475488.0,524236454.0,81.4,82.0,79.6,81.1,0.2,4778.0
2024-12-06,3025,3684745.0,292993012.0,80.9,81.1,77.8,78.6,-2.5,2917.0
2024-12-09,3025,11679482.0,954704170.0,80.0,83.1,79.1,82.0,3.4,8456.0
2024-12-10,3025,6245333.0,500490729.0,81.6,82.5,78.3,78.3,-3.7,4971.0
2024-12-11,3025,2902364.0,229983956.0,78.4,80.2,78.0,79.5,1.2,2283.0
2024-12-12,3025,2755089.0,219311924.0,80.1,81.2,78.3,79.0,-0.5,3363.0
2024-12-13,3025,2762021.0,214315191.0,79.0,79.8,76.2,76.6,-2.4,2120.0
2024-12-16,3025,3207860.0,239791468.0,77.5,77.8,73.3,73.3,-3.3,2622.0
2024-12-17,3025,1834516.0,134632562.0,73.5,74.3,72.4,74.0,0.7,1864.0
2024-12-18,3025,1218269.0,89341243.0,74.0,74.2,72.3,73.6,-0.4,1518.0
2024-12-19,3025,1030177.0,75654001.0,72.6,74.0,72.2,73.6,0.0,956.0
2024-12-20,3025,1951976.0,145327678.0,74.0,75.7,73.3,73.6,0.0,1661.0
2024-12-23,3025,1452075.0,108829547.0,74.5,76.2,74.1,74.6,1.0,1534.0
2024-12-24,3025,1610064.0,118848319.0,75.0,75.4,73.0,73.0,-1.6,1294.0
2024-12-25,3025,2191199.0,164690422.0,74.0,76.1,73.4,75.8,2.8,1782.0
2024-12-26,3025,1326653.0,99412919.0,76.5,76.5,74.3,74.5,-1.3,1943.0
2024-12-27,3025,1134619.0,83914702.0,74.7,75.0,73.5,73.7,-0.8,836.0
2024-12-30,3025,1067773.0,79597831.0,73.7,75.3,73.6,74.1,0.4,863.0
2024-12-31,3025,949148.0,70737501.0,74.2,75.4,73.7,75.0,0.9,886.0
2025-01-02,3025,9371235.0,750486936.0,75.5,82.1,75.4,80.0,5.0,7352.0
2025-01-03,3025,5275751.0,421765161.0,80.3,81.3,78.8,80.0,0.0,5981.0
2025-01-06,3025,23061120.0,1994414552.0,81.0,88.0,80.9,88.0,8.0,14728.0
2025-01-07,3025,19426610.0,1599368563.0,88.0,88.2,79.2,79.2,-8.8,11870.0
2025-01-08,3025,11911446.0,901523797.0,77.1,77.8,73.6,74.1,-5.1,9699.0
2025-01-09,3025,5941461.0,430134999.0,74.1,74.6,70.7,70.7,-3.4,5193.0
2025-01-10,3025,2703679.0,192008851.0,70.9,71.9,70.5,70.6,-0.1,2402.0
2025-01-13,3025,3343793.0,226090985.0,70.5,70.5,66.6,66.9,-3.7,2614.0
2025-01-14,3025,1832052.0,123929816.0,67.6,69.2,66.1,69.1,2.2,1533.0
2025-01-15,3025,1512044.0,102813612.0,68.3,69.7,67.1,67.1,-2.0,1461.0
2025-01-16,3025,1315080.0,89590275.0,68.1,68.8,67.6,67.9,0.8,971.0
2025-01-17,3025,854741.0,57500567.0,67.9,68.0,66.8,66.9,-1.0,830.0
2025-01-20,3025,698115.0,47005073.0,67.2,67.9,66.8,67.4,0.5,599.0
2025-01-21,3025,685612.0,46423386.0,67.5,68.2,67.3,67.7,0.3,895.0
2025-01-22,3025,829899.0,56727820.0,68.3,69.0,67.7,68.9,1.2,792.0
2025-02-03,3025,882610.0,59475424.0,67.2,68.8,66.5,68.2,-0.7,816.0
2025-02-04,3025,928224.0,63531238.0,69.0,69.7,67.3,68.4,0.2,841.0
2025-02-05,3025,699514.0,48340659.0,69.2,69.5,68.9,68.9,0.5,644.0
2025-02-06,3025,1100742.0,76500549.0,69.0,70.0,69.0,69.4,0.5,1362.0
2025-02-07,3025,1458131.0,100208518.0,69.2,69.6,67.7,69.1,-0.3,1206.0
2025-02-10,3025,900062.0,61230753.0,69.0,69.1,67.6,67.8,-1.3,735.0
2025-02-11,3025,804764.0,54815011.0,68.6,69.1,67.7,68.0,0.2,730.0
2025-02-12,3025,1195837.0,81469868.0,68.5,69.3,67.1,67.3,-0.7,1197.0
2025-02-13,3025,702348.0,47909066.0,67.7,68.7,67.7,68.1,0.8,587.0
2025-02-14,3025,2023275.0,141278847.0,68.8,70.9,68.2,70.2,2.1,1773.0
2025-02-17,3025,985988.0,69354339.0,70.9,71.0,69.8,70.1,-0.1,963.0
2025-02-18,3025,882786.0,62265560.0,70.3,71.3,69.9,70.1,0.0,731.0
2025-02-19,3025,781008.0,55122631.0,71.0,71.1,70.1,70.4,0.3,772.0
2025-02-20,3025,880406.0,61895606.0,71.1,71.1,69.6,69.6,-0.8,1035.0
2025-02-21,3025,455089.0,31815042.0,69.6,70.5,69.1,70.2,0.6,521.0
2025-02-24,3025,331972.0,23163004.0,70.2,70.2,69.5,69.8,-0.4,427.0
2025-02-25,3025,462246.0,31984025.0,69.7,69.7,68.9,68.9,-0.9,432.0
2025-02-26,3025,450995.0,31088853.0,68.7,69.4,68.5,68.7,-0.2,426.0
2025-02-27,3025,700397.0,48436148.0,69.3,70.7,68.3,68.6,-0.1,680.0
2025-03-03,3025,546148.0,36800977.0,68.3,68.3,67.1,67.5,-1.1,693.0
2025-03-04,3025,440215.0,29652261.0,66.7,68.4,66.3,68.2,0.7,432.0
2025-03-05,3025,373291.0,25437966.0,68.5,68.5,67.6,68.3,0.1,474.0
2025-03-06,3025,322192.0,21846980.0,68.8,68.8,67.2,67.3,-1.0,861.0
2025-03-07,3025,1651205.0,107612227.0,66.0,66.3,64.5,64.5,-2.8,1497.0
2025-03-10,3025,678354.0,43313738.0,63.5,64.7,63.0,64.4,-0.1,668.0
2025-03-11,3025,500776.0,31434566.0,63.0,63.7,61.9,63.4,-1.0,515.0
2025-03-12,3025,294790.0,18934185.0,63.7,64.7,63.7,64.2,0.8,321.0
2025-03-13,3025,332982.0,21231477.0,64.5,65.1,62.5,62.5,-1.7,492.0
2025-03-14,3025,363879.0,22950922.0,62.6,63.6,62.5,63.0,0.5,383.0
2025-03-17,3025,239431.0,15276542.0,63.4,64.2,63.4,63.7,0.7,408.0
2025-03-18,3025,253595.0,16210005.0,64.2,64.4,63.6,63.7,0.0,295.0
2025-03-19,3025,260077.0,16608906.0,63.8,64.2,63.5,63.6,-0.1,296.0
2025-03-20,3025,230928.0,14923745.0,64.3,64.8,64.2,64.6,1.0,254.0
2025-03-21,3025,154649.0,9954623.0,65.0,65.0,64.1,64.1,-0.5,228.0
2025-03-24,3025,357560.0,22876453.0,64.2,64.6,63.4,63.4,-0.7,349.0
2025-03-25,3025,582785.0,37715661.0,64.5,65.4,63.8,64.2,0.8,580.0
2025-03-26,3025,236338.0,15290208.0,64.2,65.0,64.2,64.8,0.6,234.0
2025-03-27,3025,182258.0,11670372.0,64.7,64.7,63.7,64.0,-0.8,415.0
2025-03-28,3025,716577.0,44469995.0,64.6,64.6,61.3,61.5,-2.5,870.0
2025-03-31,3025,829823.0,48223741.0,58.4,59.7,57.0,57.6,-3.9,800.0
2025-04-01,3025,353027.0,20925240.0,58.3,59.9,57.7,59.9,2.3,392.0
2025-04-02,3025,273046.0,16318216.0,60.7,60.7,59.1,60.1,0.2,255.0
2025-04-07,3025,55628.0,3009460.0,54.1,54.1,54.1,54.1,-6.0,105.0
2025-04-08,3025,364095.0,17731617.0,48.7,48.7,48.7,48.7,-5.4,405.0
2025-04-09,3025,1084950.0,48279828.0,44.0,46.35,43.85,43.85,-4.85,3317.0
2025-04-10,3025,661840.0,31808256.0,48.2,48.2,46.75,48.2,4.35,796.0
2025-04-11,3025,880410.0,41709566.0,47.4,48.8,45.15,48.7,0.5,2328.0
2025-04-14,3025,579932.0,29143351.0,50.4,51.5,49.2,49.7,1.0,1378.0
2025-04-15,3025,560247.0,28764256.0,50.1,52.0,50.1,51.9,2.2,1180.0
2025-04-16,3025,341546.0,17425356.0,52.1,52.1,50.5,50.6,-1.3,899.0
2025-04-17,3025,448216.0,22199552.0,49.5,50.1,49.0,49.4,-1.2,978.0
2025-04-18,3025,254577.0,12722999.0,50.3,50.5,49.5,50.0,0.6,1089.0
2025-04-21,3025,307830.0,14938542.0,50.0,50.0,48.0,48.55,-1.45,2046.0
2025-04-22,3025,298879.0,14267631.0,46.05,48.75,46.05,47.9,-0.65,1623.0
2025-04-23,3025,322732.0,15957667.0,49.8,49.8,48.8,49.65,1.75,1746.0
2025-04-24,3025,195427.0,9704600.0,49.75,50.2,49.1,49.6,-0.05,581.0
2025-04-25,3025,422592.0,21365345.0,50.1,51.0,50.0,50.5,0.9,637.0
2025-04-28,3025,329383.0,16979788.0,51.0,51.9,50.7,51.8,1.3,552.0
2025-04-29,3025,311434.0,16273925.0,52.0,52.6,51.6,52.2,0.4,393.0
2025-04-30,3025,331582.0,17445458.0,52.8,53.6,51.5,52.0,-0.2,500.0
2025-05-02,3025,252002.0,13231976.0,52.5,52.8,52.2,52.4,0.4,342.0
2025-05-05,3025,346881.0,17616488.0,53.0,53.0,49.7,50.2,-2.2,351.0
2025-05-06,3025,196732.0,9993134.0,49.5,51.3,49.5,51.3,1.1,190.0
2025-05-07,3025,170869.0,8673253.0,50.7,51.2,50.4,50.6,-0.7,196.0
2025-05-08,3025,236878.0,12267927.0,50.9,52.3,50.9,52.3,1.7,259.0
2025-05-09,3025,131028.0,6814294.0,52.6,52.6,51.5,52.2,-0.1,182.0
2025-05-12,3025,218370.0,11598687.0,52.4,53.4,52.4,53.2,1.0,230.0
2025-05-13,3025,291146.0,15578086.0,54.1,54.7,52.8,53.1,-0.1,349.0
2025-05-14,3025,329599.0,17740132.0,52.9,54.4,52.8,54.4,1.3,418.0
2025-05-15,3025,194333.0,10479618.0,54.7,54.7,53.5,53.7,-0.7,202.0
2025-05-16,3025,298421.0,15921854.0,54.0,54.1,52.5,52.7,-1.0,297.0
2025-05-19,3025,150214.0,7825921.0,53.1,53.1,51.7,51.7,-1.0,179.0
2025-05-20,3025,135670.0,6994255.0,52.0,52.0,51.3,51.8,0.1,169.0
2025-05-21,3025,115818.0,6054050.0,52.0,52.5,51.9,52.5,0.7,128.0
2025-05-22,3025,120578.0,6277090.0,52.2,52.5,51.7,52.5,0.0,139.0
2025-05-23,3025,146739.0,7687691.0,52.0,52.7,52.0,52.4,-0.1,156.0
2025-05-26,3025,58640.0,3056375.0,52.5,52.5,52.0,52.0,-0.4,88.0
2025-05-27,3025,104700.0,5411691.0,52.3,52.5,51.2,51.4,-0.6,134.0
2025-05-28,3025,107084.0,5497090.0,52.3,52.3,50.8,50.8,-0.6,146.0
2025-05-29,3025,98394.0,4998294.0,51.7,51.7,50.5,50.8,0.0,151.0
2025-06-02,3025,170818.0,8498643.0,50.9,50.9,49.2,49.9,-0.9,199.0
2025-06-03,3025,88848.0,4435620.0,50.5,50.5,49.6,49.65,-0.25,135.0
2025-06-04,3025,170606.0,8641959.0,50.7,51.1,49.9,51.1,1.45,170.0
2025-06-05,3025,124646.0,6363295.0,51.9,51.9,50.6,51.0,-0.1,214.0
2025-06-06,3025,88124.0,4487519.0,50.9,51.2,50.7,51.0,0.0,115.0
2025-06-09,3025,145785.0,7316415.0,50.8,51.0,49.95,50.0,-1.0,269.0
2025-06-10,3025,87296.0,4381543.0,50.2,50.6,49.95,50.2,0.2,124.0
2025-06-11,3025,175858.0,8864221.0,50.3,51.0,50.0,50.3,0.1,203.0
2025-06-12,3025,153398.0,7798097.0,50.3,51.1,50.3,50.9,0.6,211.0
2025-06-13,3025,302643.0,15084820.0,50.7,50.7,49.3,49.3,-1.6,371.0
2025-06-16,3025,133647.0,6673421.0,49.3,50.6,48.35,50.3,1.0,140.0
2025-06-17,3025,104836.0,5273566.0,50.4,50.9,49.9,50.1,-0.2,160.0
2025-06-18,3025,92019.0,4615542.0,50.1,50.4,49.95,50.2,0.1,145.0
2025-06-19,3025,256926.0,12669643.0,50.3,50.3,48.95,49.1,-1.1,235.0
2025-06-20,3025,392068.0,18835500.0,48.8,49.2,47.05,48.65,-0.45,370.0
2025-06-23,3025,155776.0,7464707.0,48.85,48.85,47.25,48.05,-0.6,221.0
2025-06-24,3025,181529.0,8956076.0,48.95,49.6,48.9,49.4,1.35,198.0
2025-06-25,3025,89491.0,4432130.0,49.9,50.3,49.0,49.25,-0.15,216.0
2025-06-26,3025,184398.0,9195674.0,49.5,50.2,49.25,49.75,0.5,247.0
2025-06-27,3025,122743.0,6063031.0,49.95,49.95,49.2,49.3,-0.45,138.0
2025-06-30,3025,152508.0,7438318.0,50.2,50.2,48.5,48.65,-0.65,149.0
2025-07-01,3025,2499196.0,132586672.0,49.5,53.5,49.5,53.5,4.85,2240.0
2025-07-02,3025,2847872.0,148716915.0,54.4,54.5,50.9,50.9,-2.6,2452.0
2025-07-03,3025,654246.0,33867517.0,51.2,52.5,50.9,51.8,0.9,610.0
2025-07-04,3025,441725.0,22419293.0,51.9,52.3,50.0,50.0,-1.8,461.0
2025-07-07,3025,520759.0,25491836.0,50.0,50.0,48.45,48.75,-1.25,415.0
2025-07-08,3025,409008.0,19653133.0,48.7,48.7,47.65,48.0,-0.75,320.0
2025-07-09,3025,234388.0,11268890.0,47.8,48.65,47.8,48.1,0.1,183.0
2025-07-10,3025,239549.0,11537710.0,48.05,48.55,47.85,48.05,-0.05,210.0
2025-07-11,3025,290383.0,14103308.0,48.05,48.95,48.05,48.5,0.45,224.0
2025-07-14,3025,128253.0,6203597.0,48.7,48.8,48.1,48.1,-0.4,170.0
2025-07-15,3025,98624.0,4788453.0,48.4,48.75,47.9,48.7,0.6,118.0
2025-07-16,3025,180055.0,8833892.0,48.7,49.35,48.7,48.9,0.2,188.0
2025-07-17,3025,201523.0,10005176.0,49.4,49.95,49.1,49.7,0.8,203.0
2025-07-18,3025,147253.0,7331991.0,50.3,50.3,49.5,49.6,-0.1,313.0
2025-07-21,3025,141114.0,7045084.0,49.8,50.1,49.55,49.85,0.25,147.0
2025-07-22,3025,189060.0,9311998.0,49.85,50.2,48.6,48.7,-1.15,273.0
2025-07-23,3025,154052.0,7680409.0,49.5,50.2,49.15,49.95,1.25,175.0
2025-07-24,3025,138184.0,6895005.0,50.7,50.7,49.6,50.2,0.25,274.0
2025-07-25,3025,91614.0,4568077.0,50.1,50.2,49.7,49.85,-0.35,128.0
2025-07-28,3025,138834.0,6922431.0,49.9,50.3,49.5,49.75,-0.1,146.0
2025-07-29,3025,171623.0,8512454.0,49.75,50.2,49.3,49.35,-0.4,496.0
2025-07-30,3025,83738.0,4127580.0,49.4,49.45,49.05,49.3,-0.05,117.0
2025-07-31,3025,100883.0,4959343.0,49.35,49.4,49.0,49.1,-0.2,123.0
2025-08-01,3025,174286.0,8587477.0,48.8,50.0,47.6,49.9,0.8,174.0
2025-08-04,3025,231576.0,11727934.0,50.2,50.9,49.65,50.7,0.8,248.0
2025-08-05,3025,305219.0,15585027.0,51.2,51.4,50.8,50.9,0.2,382.0
2025-08-06,3025,209530.0,10702970.0,51.3,51.4,50.8,51.0,0.1,445.0
2025-08-07,3025,493453.0,24518652.0,50.8,50.8,49.2,49.3,-1.7,501.0
2025-08-08,3025,354296.0,17377690.0,49.1,49.45,48.5,49.3,0.0,341.0
2025-08-11,3025,279394.0,13664602.0,49.45,49.45,48.6,48.85,-0.45,296.0
2025-08-12,3025,530246.0,26646117.0,49.35,51.3,49.0,50.0,1.15,482.0
2025-08-13,3025,552364.0,28167980.0,50.8,51.6,50.0,50.9,0.9,699.0
2025-08-14,3025,738425.0,37995583.0,51.0,52.1,50.5,51.5,0.6,835.0
2025-08-15,3025,268502.0,13850716.0,52.0,52.0,51.2,51.4,-0.1,322.0
2025-08-18,3025,344902.0,17822183.0,51.4,52.1,51.1,51.6,0.2,376.0
2025-08-19,3025,225371.0,11539020.0,51.8,51.8,50.8,50.9,-0.7,297.0
2025-08-20,3025,506035.0,25235858.0,50.9,50.9,49.4,49.4,-1.5,1230.0
2025-08-21,3025,173620.0,8693189.0,49.5,50.4,49.5,50.3,0.9,165.0
2025-08-22,3025,254180.0,12657361.0,50.3,50.3,49.45,49.5,-0.8,236.0
2025-08-25,3025,358254.0,18036507.0,50.1,50.9,49.6,50.4,0.9,353.0
2025-08-26,3025,622344.0,32035841.0,51.1,52.2,50.8,51.4,1.0,463.0
2025-08-27,3025,895331.0,46504319.0,52.0,52.3,51.5,51.7,0.3,672.0
2025-08-28,3025,738209.0,35733841.0,48.5,49.0,48.0,48.1,0.0,628.0
2025-08-29,3025,3167419.0,165550373.0,48.55,52.9,48.55,52.9,4.8,1791.0
2025-09-01,3025,5714891.0,300889114.0,55.2,55.2,50.5,50.7,-2.2,3883.0
2025-09-02,3025,1191170.0,58941863.0,50.5,50.7,48.55,49.0,-1.7,985.0
2025-09-03,3025,802993.0,39543168.0,49.0,50.0,48.65,49.6,0.6,570.0
2025-09-04,3025,676370.0,33050398.0,50.1,50.1,48.4,48.4,-1.2,664.0
2025-09-05,3025,622966.0,30045473.0,48.75,48.85,48.0,48.05,-0.35,546.0
2025-09-08,3025,429168.0,20628647.0,48.05,48.4,47.75,48.05,0.0,445.0
2025-09-09,3025,472233.0,22467503.0,48.5,48.5,47.05,47.1,-0.95,484.0
2025-09-10,3025,559728.0,26007054.0,47.25,47.3,45.85,46.3,-0.8,502.0
2025-09-11,3025,797100.0,35931289.0,46.4,46.45,44.2,44.5,-1.8,728.0
2025-09-12,3025,292860.0,13086037.0,44.5,45.1,44.4,44.55,0.05,334.0
2025-09-15,3025,287787.0,12727268.0,44.55,44.95,43.9,44.0,-0.55,301.0
2025-09-16,3025,237080.0,10415827.0,43.8,44.4,43.6,44.35,0.35,270.0
2025-09-17,3025,281457.0,12444750.0,44.35,44.85,43.8,43.85,-0.5,319.0
2025-09-18,3025,395508.0,17488472.0,44.35,44.9,43.85,44.0,0.15,309.0
2025-09-19,3025,143082.0,6341426.0,44.0,44.55,44.0,44.15,0.15,189.0
2025-09-22,3025,190669.0,8417540.0,44.4,44.4,44.0,44.05,-0.1,190.0
2025-09-23,3025,271554.0,11951787.0,44.2,44.35,43.9,43.9,-0.15,231.0
2025-09-24,3025,173724.0,7617415.0,44.5,44.5,43.5,43.75,-0.15,242.0
2025-09-25,3025,255507.0,11201819.0,43.8,44.5,43.5,43.75,0.0,243.0
2025-09-26,3025,335620.0,14381192.0,44.05,44.05,42.5,42.5,-1.25,458.0
2025-09-30,3025,155503.0,6733971.0,42.65,44.0,42.55,43.4,0.9,133.0
2025-10-01,3025,173377.0,7460623.0,43.15,43.9,42.8,42.9,-0.5,193.0
2025-10-02,3025,280333.0,11901083.0,43.05,43.05,42.1,42.1,-0.8,280.0
2025-10-03,3025,304358.0,12725290.0,42.1,42.35,41.6,41.8,-0.3,266.0
2025-10-07,3025,563930.0,25912553.0,45.95,45.95,45.95,45.95,4.15,301.0
2025-10-08,3025,3103373.0,147532571.0,46.65,48.7,46.65,47.35,1.4,2121.0
2025-10-09,3025,732543.0,34485925.0,47.4,47.9,46.7,46.7,-0.65,740.0
2025-10-13,3025,418062.0,18916650.0,43.2,46.25,43.2,46.15,-0.55,450.0
2025-10-14,3025,351294.0,15914331.0,46.55,46.65,44.5,44.5,-1.65,347.0
2025-10-15,3025,210165.0,9265050.0,44.25,44.5,43.9,43.9,-0.6,279.0
2025-10-16,3025,424379.0,19237719.0,43.95,45.85,43.95,45.8,1.9,364.0
2025-10-17,3025,551144.0,25742590.0,45.4,47.75,45.4,46.1,0.3,658.0
2025-10-20,3025,485656.0,22896369.0,46.2,47.5,46.2,46.95,0.85,380.0
2025-10-21,3025,273470.0,12780599.0,47.1,47.4,46.35,46.8,-0.15,374.0
2025-10-22,3025,261346.0,12162213.0,46.8,46.9,46.3,46.9,0.1,138.0
2025-10-23,3025,215997.0,10057221.0,46.85,47.2,46.25,47.0,0.1,210.0
2025-10-27,3025,403813.0,18806161.0,47.6,47.7,46.1,47.1,0.1,427.0
2025-10-28,3025,185694.0,8580720.0,47.1,47.1,45.85,45.85,-1.25,462.0
2025-10-29,3025,358940.0,16716899.0,45.95,47.1,45.95,46.6,0.75,337.0
2025-10-30,3025,242100.0,11275582.0,46.85,46.95,46.2,46.35,-0.25,233.0
2025-10-31,3025,264669.0,12056844.0,46.45,46.45,45.1,45.65,-0.7,440.0
2025-11-03,3025,206493.0,9488815.0,46.35,47.2,45.15,45.25,-0.4,193.0
2025-11-04,3025,213916.0,9561617.0,45.3,45.3,44.4,44.4,-0.85,216.0
2025-11-05,3025,98253.0,4314687.0,43.6,44.65,43.3,44.5,0.1,129.0
2025-11-06,3025,124762.0,5544929.0,44.55,45.1,44.15,44.2,-0.3,155.0
2025-11-07,3025,481173.0,21855331.0,45.0,46.1,44.65,45.05,0.85,448.0
2025-11-10,3025,213555.0,9424306.0,45.2,45.2,43.85,44.25,-0.8,230.0
2025-11-11,3025,199526.0,8905813.0,44.3,45.35,44.1,44.55,0.3,180.0
2025-11-12,3025,448225.0,20598037.0,44.7,46.9,44.7,46.5,1.95,372.0
2025-11-13,3025,428204.0,19941877.0,46.5,47.2,45.8,45.8,-0.7,398.0
2025-11-14,3025,215445.0,9791761.0,45.5,45.9,45.1,45.1,-0.7,349.0
2025-11-17,3025,197694.0,8860818.0,45.7,45.75,44.2,44.2,-0.9,229.0
2025-11-18,3025,192760.0,8387217.0,44.0,44.45,43.1,43.3,-0.9,189.0
2025-11-19,3025,198511.0,8530129.0,43.25,43.65,42.6,42.85,-0.45,184.0
2025-11-20,3025,226762.0,9935613.0,44.0,44.3,43.3,44.3,1.45,169.0
2025-11-21,3025,198378.0,8661367.0,44.0,44.5,43.15,43.2,-1.1,200.0
2025-11-24,3025,105767.0,4571819.0,43.8,43.8,42.9,42.9,-0.3,117.0
2025-11-25,3025,389070.0,17266231.0,43.45,45.0,43.45,44.85,1.95,323.0
2025-11-26,3025,538272.0,24937782.0,45.4,46.85,45.4,46.75,1.9,474.0
2025-11-27,3025,309058.0,14375404.0,47.2,47.2,45.9,46.55,-0.2,305.0
2025-11-28,3025,1383216.0,70820633.0,51.2,51.2,51.2,51.2,4.65,751.0
2025-12-01,3025,7676804.0,416618596.0,56.0,56.0,52.4,53.8,2.6,5445.0
2025-12-02,3025,1680976.0,88033568.0,53.6,53.6,51.7,51.9,-1.9,2230.0
2025-12-03,3025,2354165.0,127046093.0,52.9,55.5,52.4,52.5,0.6,2822.0
2025-12-04,3025,806396.0,42253240.0,52.6,53.4,51.5,52.6,0.1,953.0
2025-12-05,3025,2468549.0,134345843.0,53.0,55.4,52.4,54.1,1.5,2164.0
2025-12-08,3025,1341170.0,72753574.0,54.8,54.9,53.6,54.9,0.8,1368.0
2025-12-09,3025,1506971.0,83494567.0,54.1,56.3,54.1,55.6,0.7,1409.0
2025-12-10,3025,2298853.0,130814429.0,55.8,59.2,55.0,57.9,2.3,2810.0
2025-12-11,3025,3624530.0,213822519.0,58.9,60.6,57.8,58.8,0.9,3666.0
2025-12-12,3025,6349641.0,393400129.0,59.7,63.8,59.7,62.0,3.2,5782.0
2025-12-15,3025,3488704.0,219628669.0,60.3,64.9,60.2,63.2,1.2,3718.0
2025-12-16,3025,2071028.0,127727630.0,62.9,63.4,60.5,61.2,-2.0,2513.0
2025-12-17,3025,1995781.0,124474805.0,61.8,63.5,61.5,61.6,0.4,2043.0
2025-12-18,3025,1170346.0,71357369.0,61.9,62.1,60.3,60.5,-1.1,1345.0
2025-12-19,3025,2175021.0,135894767.0,61.0,63.7,60.3,63.7,3.2,1819.0
2025-12-22,3025,4786239.0,307094594.0,64.1,65.8,62.7,63.2,-0.5,5958.0
2025-12-23,3025,3646106.0,233004799.0,62.5,65.5,61.5,65.5,2.3,3123.0
2025-12-24,3025,7935604.0,534977914.0,68.0,68.6,66.2,67.9,2.4,8521.0
2025-12-26,3025,1997640.0,133815505.0,67.2,68.0,66.0,66.9,-1.0,2411.0
2025-12-29,3025,2238027.0,146024477.0,66.9,66.9,64.0,64.0,-2.9,3045.0
2025-12-30,3025,901947.0,58135428.0,63.6,65.2,63.5,65.1,1.1,1034.0
2025-12-31,3025,878934.0,56550253.0,65.1,65.1,63.9,64.0,-1.1,1787.0
2026-01-02,3025,1411277.0,92742269.0,65.0,66.8,64.5,64.9,0.9,1326.0
2026-01-05,3025,1498873.0,95159388.0,65.1,65.4,62.5,63.8,-1.1,1625.0
2026-01-06,3025,748002.0,48048202.0,64.3,64.9,63.1,64.5,0.7,755.0
2026-01-07,3025,2306835.0,163554531.0,70.9,70.9,70.9,70.9,6.4,1281.0
2026-01-08,3025,8779160.0,649610358.0,74.0,77.0,70.3,70.8,-0.1,7349.0
2026-01-09,3025,3383009.0,241377171.0,71.5,73.3,69.6,70.9,0.1,4918.0
2026-01-12,3025,5104141.0,383746307.0,72.3,77.2,71.3,75.0,4.1,5922.0
2026-01-13,3025,4124718.0,309607990.0,77.6,78.4,72.7,74.4,-0.6,5381.0
2026-01-14,3025,2594127.0,189575396.0,75.9,75.9,72.2,72.4,-2.0,2382.0
2026-01-15,3025,1885598.0,138220369.0,72.0,74.6,71.5,73.7,1.3,1489.0
2026-01-16,3025,1561037.0,113992154.0,74.2,74.5,71.9,72.1,-1.6,2614.0
2026-01-19,3025,1261674.0,90985340.0,72.2,73.2,71.5,72.0,-0.1,1317.0
2026-01-20,3025,2147142.0,156680182.0,72.2,74.5,71.5,71.7,-0.3,2379.0
2026-01-21,3025,2230336.0,160957198.0,71.5,73.8,70.8,72.1,0.4,2599.0
2026-01-22,3025,1272155.0,92536661.0,73.2,73.7,71.8,72.1,0.0,1367.0
2026-01-23,3025,1151801.0,83221840.0,72.9,73.4,71.3,71.4,-0.7,1255.0
2026-01-26,3025,1650299.0,118233657.0,71.4,72.8,69.9,72.4,1.0,1451.0
2026-01-27,3025,6472937.0,491911805.0,76.5,78.8,72.9,74.7,2.3,5134.0
2026-01-28,3025,2295701.0,172779268.0,74.7,76.2,74.0,75.9,1.2,3038.0
2026-01-29,3025,3008417.0,230699179.0,75.9,77.5,75.2,76.7,0.8,2590.0
2026-01-30,3025,4480241.0,316294022.0,76.3,76.3,69.1,69.1,-7.6,4806.0
2026-02-02,3025,2192102.0,145134613.0,65.1,69.0,63.0,66.0,-3.1,1799.0
2026-02-03,3025,949364.0,64100589.0,67.2,68.2,66.5,68.0,2.0,979.0
2026-02-04,3025,737902.0,49261002.0,67.0,67.3,65.7,67.2,-0.8,1089.0
2026-02-05,3025,803645.0,54899216.0,66.0,69.7,66.0,67.7,0.5,823.0
2026-02-06,3025,1039958.0,63481152.0,61.1,62.0,61.0,61.0,-6.7,1009.0
2026-02-09,3025,2434900.0,140290192.0,59.9,60.0,56.8,56.9,-4.1,2153.0
2026-02-10,3025,1216613.0,68284966.0,57.2,57.6,55.4,55.9,-1.0,1232.0
2026-02-11,3025,1147641.0,62548772.0,55.1,55.9,54.0,54.1,-1.8,1126.0
2026-02-23,3025,598752.0,32673152.0,54.2,55.3,53.8,55.0,0.9,605.0
2026-02-24,3025,968747.0,53903224.0,55.0,56.6,54.8,56.0,1.0,1129.0
2026-02-25,3025,856713.0,47436341.0,57.0,57.2,54.5,54.9,-1.1,1187.0
2026-02-26,3025,1657579.0,95528067.0,55.4,59.4,55.1,58.5,3.6,1651.0
2026-03-02,3025,1010386.0,58394023.0,58.5,58.7,56.5,58.1,-0.4,1160.0
2026-03-03,3025,1079668.0,62870950.0,58.1,60.4,56.7,57.2,-0.9,1037.0
2026-03-04,3025,719936.0,39722831.0,57.5,57.5,53.9,54.6,-2.6,900.0
2026-03-05,3025,625617.0,35979799.0,57.4,58.8,56.7,56.7,2.1,725.0
2026-03-06,3025,427663.0,24656848.0,57.4,58.4,56.7,57.6,0.9,543.0
2026-03-09,3025,748255.0,41448321.0,55.0,56.9,53.5,56.5,-1.1,853.0
2026-03-10,3025,477382.0,27909769.0,57.4,59.1,57.4,58.5,2.0,570.0
2026-03-11,3025,718286.0,43522014.0,59.3,61.2,59.3,61.2,2.7,834.0
2026-03-12,3025,773764.0,47711327.0,62.0,62.6,60.7,61.6,0.4,1081.0
2026-03-13,3025,677709.0,41971843.0,61.2,62.7,60.6,61.8,0.2,803.0
2026-03-16,3025,489637.0,30016423.0,62.9,63.0,60.2,60.5,-1.3,988.0
2026-03-17,3025,371715.0,22705870.0,61.3,61.5,60.7,61.0,0.5,600.0
2026-03-18,3025,702980.0,43458706.0,61.0,62.5,61.0,61.8,0.8,682.0
2026-03-19,3025,5814404.0,387588234.0,63.3,67.9,61.7,64.6,2.8,4864.0
2026-03-20,3025,1545102.0,97802561.0,64.6,65.8,61.6,61.9,-2.7,1480.0
2026-03-23,3025,706973.0,43190894.0,60.8,62.7,59.9,60.5,-1.4,819.0
2026-03-24,3025,867982.0,52310983.0,61.9,62.5,58.7,60.2,-0.3,773.0
2026-03-25,3025,463541.0,28394619.0,60.5,61.9,60.5,61.6,1.4,521.0
2026-03-26,3025,446481.0,27389383.0,61.6,62.9,60.0,60.0,-1.6,538.0
2026-03-27,3025,329881.0,19567737.0,59.0,60.1,58.8,59.7,-0.3,565.0
2026-03-30,3025,465315.0,26882887.0,59.0,59.0,56.9,58.4,-1.3,538.0
2026-03-31,3025,483720.0,27376949.0,58.5,58.5,55.8,56.0,-2.4,536.0
2026-04-01,3025,248781.0,14437039.0,57.1,58.5,57.1,58.3,2.3,298.0
2026-04-02,3025,252834.0,14561555.0,58.3,58.9,57.0,57.4,-0.9,455.0
2026-04-07,3025,1237333.0,75819616.0,59.1,62.5,58.8,62.4,5.0,1202.0
2026-04-08,3025,1564916.0,100540103.0,63.9,66.1,62.8,64.2,1.8,1331.0
2026-04-09,3025,1038606.0,67130666.0,65.3,66.4,63.4,64.5,0.3,1739.0
2026-04-10,3025,943086.0,61550743.0,65.1,66.3,64.3,64.9,0.4,1451.0
2026-04-13,3025,719378.0,45958942.0,65.2,65.2,63.0,63.1,-1.8,1421.0
2026-04-14,3025,624279.0,39286303.0,63.7,63.9,62.4,62.9,-0.2,928.0
2026-04-15,3025,761474.0,48832378.0,63.5,65.0,63.0,63.9,1.0,931.0
2026-04-16,3025,515621.0,33009051.0,64.8,65.3,63.2,63.2,-0.7,1444.0
2026-04-17,3025,963524.0,62494106.0,63.2,65.5,63.2,64.5,1.3,1133.0
2026-04-20,3025,888294.0,57695903.0,65.6,66.3,64.2,64.4,-0.1,1864.0
2026-04-21,3025,688493.0,44034667.0,64.6,64.7,63.4,64.4,0.0,1463.0
2026-04-22,3025,561080.0,36010629.0,64.5,64.6,63.8,64.3,-0.1,1125.0
2026-04-23,3025,1523919.0,94136079.0,65.9,66.2,59.0,60.7,-3.6,3113.0
2026-04-24,3025,632586.0,37581880.0,60.7,61.0,58.4,59.2,-1.5,1166.0
2026-04-27,3025,622853.0,36704259.0,59.0,60.7,57.2,60.4,1.2,645.0
2026-04-28,3025,472097.0,28574059.0,60.5,61.2,59.6,61.2,0.8,445.0
2026-04-29,3025,319989.0,19688425.0,61.1,62.2,60.8,61.2,0.0,402.0
2026-04-30,3025,387168.0,23540048.0,61.4,61.8,60.0,60.1,-1.1,772.0
2026-05-04,3025,425388.0,25822625.0,61.0,61.4,60.0,61.0,0.9,396.0
2026-05-05,3025,565287.0,34981704.0,61.0,62.9,60.6,62.9,1.9,513.0
2026-05-06,3025,1125793.0,72125711.0,64.0,64.9,62.9,64.9,2.0,1050.0
2026-05-07,3025,1232532.0,78555684.0,65.6,65.6,62.8,63.5,-1.4,2009.0
2026-05-08,3025,1119876.0,72057721.0,63.7,66.2,62.8,63.3,-0.2,890.0
2026-05-11,3025,590233.0,37132073.0,63.6,63.6,62.5,62.8,-0.5,621.0
2026-05-12,3025,492785.0,31173212.0,64.5,64.5,62.7,62.9,0.1,478.0
2026-05-13,3025,683524.0,42332777.0,63.9,63.9,61.1,61.8,-1.1,604.0
2026-05-14,3025,545627.0,33575464.0,63.2,63.2,60.8,60.8,-1.0,459.0
2026-05-15,3025,499515.0,30478435.0,61.9,61.9,60.3,60.3,-0.5,459.0
2026-05-18,3025,341758.0,20245811.0,58.7,60.2,58.5,60.0,-0.3,343.0
2026-05-19,3025,519452.0,30583878.0,60.0,60.6,58.0,58.5,-1.5,579.0
2026-05-20,3025,409424.0,24300256.0,58.8,60.3,58.4,59.2,0.7,367.0
2026-05-21,3025,1337422.0,84305863.0,60.6,64.6,59.6,64.6,5.4,1223.0
2026-05-22,3025,2775275.0,197039025.0,71.0,71.0,70.8,71.0,6.4,1370.0
2026-05-25,3025,2240145.0,174921870.0,78.1,78.1,77.7,78.1,7.1,1302.0
2026-05-26,3025,7419415.0,579275655.0,85.0,85.0,74.2,78.8,0.7,5812.0
2026-05-27,3025,2305912.0,179257029.0,79.9,79.9,76.3,77.2,-1.6,4273.0
2026-05-28,3025,2256619.0,173600090.0,77.2,79.3,74.6,75.5,-1.7,6870.0
2026-05-29,3025,1495762.0,111953954.0,77.2,77.2,74.1,74.5,-1.0,4395.0
2026-06-01,3025,1391911.0,101577718.0,74.5,74.5,72.5,72.5,-2.0,4577.0
2026-06-02,3025,1100988.0,78749048.0,72.5,73.3,70.0,72.1,-0.4,4951.0
2026-06-03,3025,963677.0,70423621.0,72.1,74.4,71.8,73.1,1.0,2092.0
2026-06-04,3025,788546.0,56038555.0,72.2,73.1,70.1,70.1,-3.0,3688.0
2026-06-05,3025,815318.0,57230123.0,70.2,72.4,68.5,70.6,0.5,1493.0
2026-06-08,3025,1123433.0,77165236.0,65.5,71.8,64.9,71.3,0.7,1583.0
2026-06-09,3025,916526.0,66185287.0,71.7,73.1,71.6,72.2,0.9,1187.0
2026-06-10,3025,849709.0,59902458.0,71.2,72.6,68.7,69.0,-3.2,2123.0
2026-06-11,3025,711386.0,49608830.0,70.7,70.8,68.0,69.7,0.7,1275.0
2026-06-12,3025,577092.0,41254532.0,71.7,72.2,70.6,71.1,1.4,485.0
2026-06-15,3025,1369013.0,100483996.0,72.0,74.3,71.4,74.2,3.1,1718.0
2026-06-16,3025,1302714.0,93668995.0,74.8,74.9,70.0,70.2,-4.0,4462.0
2026-06-17,3025,400508.0,28212804.0,70.4,71.2,69.8,70.5,0.3,1030.0
2026-06-18,3025,355917.0,25231024.0,71.0,71.5,70.3,71.0,0.5,319.0
2026-06-22,3025,502930.0,35968091.0,71.8,72.2,71.1,71.5,0.5,457.0
2026-06-23,3025,536922.0,37682241.0,72.1,72.1,69.4,69.7,-1.8,1615.0
2026-06-24,3025,399361.0,27841050.0,69.7,70.9,69.0,69.9,0.2,337.0
2026-06-25,3025,269919.0,18891972.0,71.0,71.1,69.4,69.6,-0.3,315.0
2026-06-26,3025,659928.0,44883676.0,69.1,69.1,66.9,67.1,-2.5,1943.0
2026-06-29,3025,323423.0,21902811.0,66.8,68.7,66.4,67.1,0.0,335.0
2026-06-30,3025,184075.0,12556819.0,67.9,68.7,67.7,68.5,1.4,217.0
2026-07-01,3025,558998.0,37336508.0,68.5,68.5,66.1,66.5,-2.0,740.0
2026-07-02,3025,175159.0,11641984.0,65.4,67.0,65.4,66.9,0.4,189.0
2026-07-03,3025,368465.0,24953426.0,67.5,68.5,66.8,68.0,1.1,323.0
2026-07-06,3025,295623.0,20102455.0,68.4,68.6,67.2,68.4,0.4,406.0
2026-07-07,3025,2462227.0,153576536.0,64.1,65.0,61.6,61.6,-6.8,1934.0
2026-07-08,3025,563950.0,34005845.0,60.9,61.6,59.6,60.8,-0.8,540.0
2026-07-09,3025,337988.0,20333288.0,61.5,61.5,59.6,59.8,-1.0,393.0
2026-07-13,3025,610416.0,36544046.0,61.5,61.6,58.5,59.4,-0.4,555.0
2026-07-14,3025,716236.0,40780188.0,59.2,59.2,55.5,57.4,-2.0,752.0
2026-07-15,3025,263559.0,15119925.0,56.9,58.0,56.7,57.7,0.3,279.0
2026-07-16,3025,338522.0,19784093.0,57.2,59.4,57.2,58.4,0.7,374.0
2026-07-17,3025,503976.0,28458319.0,57.4,57.7,55.6,55.8,-2.6,565.0
2026-07-20,3025,352124.0,19364216.0,56.3,56.8,54.0,55.2,-0.6,312.0
2026-07-21,3025,130256.0,7321356.0,55.8,56.8,55.4,56.7,1.5,165.0
2026-07-22,3025,126306.0,7229591.0,57.8,57.8,57.0,57.2,0.5,169.0
2026-07-23,3025,120344.0,6835317.0,57.2,57.2,56.3,57.0,-0.2,166.0
2026-07-24,3025,107967.0,6075789.0,56.5,57.1,55.8,56.0,-1.0,183.0
2026-07-27,3025,115235.0,6424343.0,57.0,57.0,55.1,56.3,0.3,147.0
2026-07-28,3025,368060.0,19913978.0,56.3,56.3,53.3,53.4,-2.9,483.0
2026-07-29,3025,586393.0,29880075.0,53.4,54.0,49.6,51.4,-2.0,616.0
2026-07-30,3025,269098.0,13646387.0,50.2,51.9,50.1,50.2,-1.2,296.0
2026-07-31,3025,176603.0,9408538.0,54.7,54.7,52.3,53.9,3.7,185.0
2026-08-03,3025,144521.0,7851005.0,54.0,54.8,53.8,54.0,0.1,181.0
2026-08-04,3025,145020.0,7934980.0,54.0,55.2,53.8,54.9,0.9,137.0
2026-08-05,3025,171007.0,9592947.0,56.3,56.6,55.8,56.1,1.2,190.0
2026-08-06,3025,164031.0,9118304.0,56.0,56.1,55.0,56.0,-0.1,194.0
2026-08-07,3025,435511.0,23295181.0,54.5,54.5,52.5,53.5,-2.5,432.0
2026-08-10,3025,159537.0,8718304.0,53.7,55.0,53.7,54.8,1.3,181.0
2026-08-11,3025,86389.0,4719478.0,54.9,55.1,53.9,55.0,0.2,149.0
2026-08-12,3025,235025.0,13283382.0,55.2,57.1,55.2,56.7,1.7,283.0
2026-08-13,3025,167183.0,9499344.0,57.5,57.5,56.5,57.0,0.3,340.0
2026-08-14,3025,218226.0,12422385.0,57.4,57.9,56.1,56.6,-0.4,303.0
2026-08-17,3025,241698.0,13888690.0,57.4,57.8,56.8,57.8,1.2,289.0
2026-08-18,3025,216059.0,12294225.0,57.8,58.1,56.1,56.4,-1.4,464.0
2026-08-19,3025,155367.0,8741761.0,56.8,57.4,55.5,56.4,0.0,225.0
2026-08-20,3025,85389.0,4836091.0,56.5,57.9,56.0,56.4,0.0,142.0
2026-08-21,3025,176361.0,9876361.0,55.9,56.4,55.8,56.1,-0.3,195.0
2026-08-24,3025,153741.0,8619760.0,56.1,56.5,55.8,55.9,-0.2,232.0
2026-08-25,3025,171137.0,9457309.0,55.1,55.9,55.0,55.7,-0.2,212.0
2026-08-26,3025,318979.0,18067881.0,55.7,57.2,55.7,57.2,1.5,316.0
2026-08-27,3025,255007.0,13794372.0,54.4,54.5,53.7,53.8,0.0,277.0
2026-08-28,3025,109260.0,5874751.0,54.4,54.5,53.4,53.6,-0.2,184.0
2026-08-31,3025,167082.0,8807514.0,53.1,53.1,52.5,52.6,-1.0,228.0
2026-09-01,3025,293766.0,15377263.0,52.6,52.7,52.0,52.2,-0.4,239.0
2026-09-02,3025,116842.0,6152961.0,52.0,53.1,51.8,52.8,0.6,142.0
2026-09-03,3025,152593.0,8037802.0,53.0,53.2,52.0,52.0,-0.8,229.0
2026-09-04,3025,131874.0,6880954.0,52.0,52.6,51.9,52.3,0.3,118.0
2026-09-07,3025,336934.0,17172170.0,51.8,51.9,50.3,50.9,-1.4,309.0
2026-09-08,3025,173371.0,8768944.0,50.5,51.3,50.0,50.4,-0.5,225.0
