date,stock_id,Trading_Volume,Trading_money,open,max,min,close,spread,Trading_turnover
2016-01-04,3054,632014.0,13093180.0,21.1,21.35,20.35,20.5,-0.5,345.0
2016-01-05,3054,275002.0,5653890.0,20.3,20.85,20.3,20.65,0.15,149.0
2016-01-06,3054,348001.0,7073570.0,20.65,20.65,20.0,20.65,0.0,188.0
2016-01-07,3054,465003.0,9245810.0,20.65,20.65,19.4,20.0,-0.65,236.0
2016-01-08,3054,184003.0,3651610.0,20.0,20.1,19.5,20.0,0.0,102.0
2016-01-11,3054,333003.0,6293057.0,18.3,19.2,18.3,18.9,-1.1,159.0
2016-01-12,3054,522002.0,9541086.0,18.9,19.0,17.25,18.3,-0.6,272.0
2016-01-13,3054,143005.0,2600890.0,18.3,18.5,17.95,18.1,-0.2,94.0
2016-01-14,3054,460003.0,8135204.0,17.5,18.1,17.3,18.0,-0.1,186.0
2016-01-15,3054,135003.0,2419254.0,18.45,18.45,17.7,18.05,0.05,92.0
2016-01-18,3054,107005.0,1915840.0,17.4,18.05,17.4,18.05,0.0,68.0
2016-01-19,3054,175000.0,3160250.0,18.05,18.2,18.0,18.05,0.0,75.0
2016-01-20,3054,193002.0,3406984.0,17.9,18.0,17.45,17.6,-0.45,135.0
2016-01-21,3054,104069.0,1815510.0,17.6,17.6,17.25,17.5,-0.1,73.0
2016-01-22,3054,122000.0,2138100.0,17.6,17.65,17.3,17.6,0.1,66.0
2016-01-25,3054,202003.0,3533151.0,17.2,17.95,17.2,17.55,-0.05,112.0
2016-01-26,3054,32003.0,564551.0,17.95,17.95,17.55,17.65,0.1,25.0
2016-01-27,3054,31005.0,548435.0,18.0,18.0,17.65,17.65,0.0,27.0
2016-01-28,3054,68000.0,1211550.0,17.5,18.1,17.5,17.9,0.25,44.0
2016-01-29,3054,46004.0,824172.0,17.6,18.0,17.6,17.85,-0.05,31.0
2016-01-30,3054,105001.0,1904668.0,17.95,18.3,17.85,18.2,0.35,56.0
2016-02-01,3054,72027.0,1313486.0,18.45,18.45,18.1,18.1,-0.1,58.0
2016-02-02,3054,92003.0,1654354.0,18.15,18.15,17.8,18.1,0.0,64.0
2016-02-03,3054,45010.0,805920.0,18.0,18.0,17.8,17.8,-0.3,49.0
2016-02-15,3054,64151.0,1166218.0,18.5,18.5,18.0,18.15,0.35,52.0
2016-02-16,3054,69002.0,1245086.0,18.4,18.4,17.85,18.2,0.05,48.0
2016-02-17,3054,43576.0,787703.0,18.3,18.3,18.0,18.0,-0.2,46.0
2016-02-18,3054,188002.0,3395136.0,18.3,18.3,17.8,18.1,0.1,108.0
2016-02-19,3054,126004.0,2291272.0,18.25,18.4,18.1,18.2,0.1,76.0
2016-02-22,3054,677000.0,13076200.0,18.4,20.0,18.25,20.0,1.8,323.0
2016-02-23,3054,741007.0,15206433.0,20.95,21.1,19.8,19.8,-0.2,364.0
2016-02-24,3054,507893.0,10204737.0,19.8,20.75,19.5,20.3,0.5,238.0
2016-02-25,3054,676537.0,13994946.0,20.4,21.3,20.2,20.35,0.05,283.0
2016-02-26,3054,242432.0,4953518.0,20.35,20.55,20.3,20.5,0.15,117.0
2016-03-01,3054,131007.0,2689340.0,20.5,20.65,20.4,20.6,0.1,69.0
2016-03-02,3054,197004.0,4066430.0,20.75,20.75,20.6,20.7,0.1,102.0
2016-03-03,3054,672007.0,13799340.0,20.7,20.9,19.95,20.6,-0.1,347.0
2016-03-04,3054,237005.0,4892800.0,20.6,20.75,20.55,20.75,0.15,139.0
2016-03-07,3054,212014.0,4394530.0,20.75,20.85,20.4,20.75,0.0,109.0
2016-03-08,3054,229006.0,4719420.0,20.7,20.7,20.45,20.7,-0.05,99.0
2016-03-09,3054,282005.0,5800700.0,20.35,20.65,20.35,20.65,-0.05,125.0
2016-03-10,3054,238004.0,4911580.0,20.55,20.7,20.5,20.65,0.0,115.0
2016-03-11,3054,480005.0,9660700.0,20.4,20.55,19.9,20.25,-0.4,164.0
2016-03-14,3054,521006.0,10251164.0,20.3,20.3,19.2,19.55,-0.7,200.0
2016-03-15,3054,296004.0,5768276.0,19.5,19.6,19.3,19.55,0.0,122.0
2016-03-16,3054,242944.0,4818177.0,19.4,20.1,19.4,20.1,0.55,128.0
2016-03-17,3054,886531.0,18201871.0,20.1,21.0,20.0,20.25,0.15,339.0
2016-03-18,3054,300517.0,6070115.0,20.25,20.55,19.8,20.4,0.15,153.0
2016-03-21,3054,289027.0,5925091.0,20.4,20.8,20.4,20.6,0.2,147.0
2016-03-22,3054,371031.0,7636625.0,20.65,20.7,20.3,20.7,0.1,161.0
2016-03-23,3054,308150.0,6358081.0,20.7,20.8,20.45,20.8,0.1,148.0
2016-03-24,3054,500012.0,10290740.0,20.75,20.75,20.5,20.65,-0.15,168.0
2016-03-25,3054,368200.0,7526908.0,20.65,20.65,20.3,20.5,-0.15,178.0
2016-03-28,3054,437070.0,8954900.0,20.5,20.55,20.3,20.55,0.05,195.0
2016-03-29,3054,296023.0,6036110.0,20.2,20.5,20.2,20.35,-0.2,133.0
2016-03-30,3054,487026.0,9675358.0,20.3,20.3,19.65,19.95,-0.4,199.0
2016-03-31,3054,83034.0,1644101.0,20.0,20.0,19.5,19.85,-0.1,76.0
2016-04-01,3054,57017.0,1115323.0,19.8,19.8,19.5,19.5,-0.35,46.0
2016-04-06,3054,125033.0,2467427.0,19.5,19.95,19.45,19.9,0.4,79.0
2016-04-07,3054,301003.0,5782557.0,19.6,19.6,18.75,19.45,-0.45,137.0
2016-04-08,3054,256003.0,4788004.0,19.05,19.2,18.5,18.6,-0.85,116.0
2016-04-11,3054,340008.0,5966386.0,17.1,17.95,17.0,17.6,-1.0,197.0
2016-04-12,3054,387013.0,6942184.0,17.6,18.2,17.6,17.95,0.35,197.0
2016-04-13,3054,222002.0,3956334.0,18.15,18.15,17.7,17.9,-0.05,91.0
2016-04-14,3054,278005.0,4874385.0,17.95,17.95,17.35,17.65,-0.25,130.0
2016-04-15,3054,222002.0,3870984.0,17.65,17.7,17.25,17.5,-0.15,110.0
2016-04-18,3054,193036.0,3352713.0,17.15,17.5,17.15,17.5,0.0,111.0
2016-04-19,3054,79043.0,1380647.0,17.6,17.6,17.35,17.45,-0.05,77.0
2016-04-20,3054,250014.0,4322138.0,17.55,17.6,17.2,17.2,-0.25,111.0
2016-04-21,3054,159002.0,2741184.0,17.2,17.35,17.1,17.25,0.05,56.0
2016-04-22,3054,253001.0,4327867.0,17.25,17.5,16.8,17.15,-0.1,116.0
2016-04-25,3054,83010.0,1421920.0,17.3,17.3,16.9,17.25,0.1,49.0
2016-04-26,3054,311001.0,5443617.0,17.3,17.95,17.25,17.85,0.6,135.0
2016-04-27,3054,105006.0,1850852.0,17.75,17.85,17.5,17.5,-0.35,70.0
2016-04-28,3054,119000.0,2087250.0,17.7,17.7,17.35,17.6,0.1,68.0
2016-04-29,3054,134001.0,2332367.0,17.7,17.7,17.05,17.55,-0.05,76.0
2016-05-03,3054,126015.0,2201360.0,17.6,17.65,17.2,17.6,0.05,82.0
2016-05-04,3054,339010.0,6135930.0,17.7,18.3,17.7,18.15,0.55,189.0
2016-05-05,3054,163000.0,2951350.0,18.15,18.3,17.85,18.2,0.05,88.0
2016-05-06,3054,55408.0,1002794.0,18.25,18.25,18.0,18.1,-0.1,31.0
2016-05-09,3054,91015.0,1640370.0,18.4,18.4,17.95,18.05,-0.05,42.0
2016-05-10,3054,134000.0,2420700.0,18.05,18.45,17.85,18.45,0.4,60.0
2016-05-11,3054,203000.0,3661150.0,18.4,18.4,17.9,18.15,-0.3,62.0
2016-05-12,3054,31000.0,555150.0,18.1,18.15,17.85,17.85,-0.3,20.0
2016-05-13,3054,85002.0,1518784.0,17.4,18.05,17.4,17.85,0.0,43.0
2016-05-16,3054,44000.0,781600.0,17.9,17.9,17.5,17.85,0.0,33.0
2016-05-17,3054,69003.0,1233152.0,18.0,18.0,17.8,17.9,0.05,32.0
2016-05-18,3054,50000.0,884550.0,17.75,17.9,17.6,17.75,-0.15,29.0
2016-05-19,3054,167005.0,2915735.0,17.75,17.75,17.15,17.55,-0.2,67.0
2016-05-20,3054,109000.0,1887850.0,17.55,17.55,17.15,17.45,-0.1,60.0
2016-05-23,3054,153003.0,2694602.0,17.45,17.75,17.45,17.75,0.3,85.0
2016-05-24,3054,136004.0,2425872.0,17.8,17.95,17.7,17.95,0.2,68.0
2016-05-25,3054,200002.0,3665837.0,17.95,18.65,17.95,18.65,0.7,99.0
2016-05-26,3054,296056.0,5533416.0,18.45,18.95,18.25,18.95,0.3,141.0
2016-05-27,3054,224000.0,4354000.0,18.95,19.8,18.95,19.8,0.85,102.0
2016-05-30,3054,117002.0,2289388.0,19.65,19.9,19.35,19.55,-0.25,69.0
2016-05-31,3054,139000.0,2671900.0,19.3,19.6,19.1,19.3,-0.25,64.0
2016-06-01,3054,240001.0,4706419.0,19.4,19.95,19.3,19.8,0.5,103.0
2016-06-02,3054,103000.0,2023650.0,19.95,19.95,19.5,19.75,-0.05,57.0
2016-06-03,3054,112105.0,2177926.0,19.6,19.75,19.25,19.5,-0.25,46.0
2016-06-04,3054,21000.0,412300.0,19.5,19.8,19.5,19.65,0.15,14.0
2016-06-06,3054,206000.0,4115500.0,19.9,20.25,19.8,20.05,0.4,102.0
2016-06-07,3054,303000.0,6041750.0,20.3,20.3,19.75,19.95,-0.1,119.0
2016-06-08,3054,244003.0,4865410.0,20.0,20.0,19.9,19.9,-0.05,77.0
2016-06-13,3054,85631.0,1683512.0,19.8,19.8,19.55,19.75,-0.15,55.0
2016-06-14,3054,241645.0,4725725.0,19.7,19.7,19.25,19.65,-0.1,121.0
2016-06-15,3054,137001.0,2651419.0,19.6,19.6,19.1,19.3,-0.35,76.0
2016-06-16,3054,192001.0,3754569.0,19.3,19.75,19.3,19.75,0.45,72.0
2016-06-17,3054,98001.0,1924519.0,19.75,19.75,19.4,19.7,-0.05,55.0
2016-06-20,3054,282000.0,5596600.0,19.8,20.1,19.6,20.1,0.4,111.0
2016-06-21,3054,149501.0,2959493.0,20.0,20.0,19.7,19.8,-0.3,71.0
2016-06-22,3054,1261002.0,26064292.0,19.65,21.15,19.65,20.8,1.0,515.0
2016-06-23,3054,385001.0,7999971.0,21.0,21.0,20.6,20.95,0.15,144.0
2016-06-24,3054,2374006.0,51346223.0,21.0,22.7,20.25,21.05,0.1,914.0
2016-06-27,3054,3907232.0,88513110.0,21.65,23.15,21.55,22.7,1.65,1187.0
2016-06-28,3054,2024055.0,46270097.0,22.75,23.35,22.3,22.9,0.2,918.0
2016-06-29,3054,1445062.0,33670968.0,22.95,23.75,22.95,23.05,0.15,589.0
2016-06-30,3054,843001.0,19279822.0,23.0,23.3,22.65,22.9,-0.15,393.0
2016-07-01,3054,1001006.0,22314782.0,22.9,22.9,21.9,22.3,-0.6,379.0
2016-07-04,3054,2067509.0,48530116.0,22.3,23.9,22.0,23.8,1.5,829.0
2016-07-05,3054,1108000.0,26340250.0,23.95,24.1,23.55,23.6,-0.2,454.0
2016-07-06,3054,543200.0,12615850.0,23.75,23.8,22.9,23.15,-0.45,295.0
2016-07-07,3054,413121.0,9564355.0,22.9,23.5,22.9,23.0,-0.15,201.0
2016-07-11,3054,650428.0,14462087.0,22.8,22.9,21.9,21.9,-1.1,268.0
2016-07-12,3054,804000.0,17563250.0,22.2,22.6,21.65,22.15,0.25,219.0
2016-07-13,3054,194151.0,4263879.0,22.2,22.3,21.75,21.75,-0.4,106.0
2016-07-14,3054,154000.0,3365450.0,21.75,22.0,21.75,21.9,0.15,76.0
2016-07-15,3054,787405.0,17869322.0,21.95,23.3,21.95,22.6,0.7,377.0
2016-07-18,3054,310001.0,6876321.0,22.6,22.7,21.75,21.95,-0.65,167.0
2016-07-19,3054,263001.0,5739622.0,21.95,22.1,21.7,21.8,-0.15,129.0
2016-07-20,3054,436210.0,9195875.0,21.6,21.7,20.8,20.8,-1.0,217.0
2016-07-21,3054,486001.0,10034870.0,20.85,21.0,20.4,20.6,-0.2,206.0
2016-07-22,3054,209001.0,4326420.0,20.65,20.95,20.5,20.5,-0.1,111.0
2016-07-25,3054,96003.0,1940910.0,20.6,20.75,20.0,20.25,-0.25,69.0
2016-07-26,3054,106166.0,2180236.0,20.7,20.7,20.3,20.55,0.3,64.0
2016-07-27,3054,324003.0,6727662.0,20.7,20.9,20.55,20.75,0.2,124.0
2016-07-28,3054,307002.0,6222890.0,20.8,20.8,19.9,20.1,-0.65,158.0
2016-07-29,3054,132000.0,2623450.0,20.2,20.2,19.7,20.2,0.1,57.0
2016-08-01,3054,154531.0,3098920.0,20.15,20.45,19.85,20.2,0.0,74.0
2016-08-02,3054,191006.0,3883870.0,20.3,20.6,20.1,20.2,0.0,81.0
2016-08-03,3054,134007.0,2689540.0,20.05,20.4,20.0,20.1,-0.1,64.0
2016-08-04,3054,278007.0,5549440.0,20.25,20.4,19.8,20.1,0.0,128.0
2016-08-05,3054,125001.0,2500620.0,20.2,20.25,19.85,20.1,0.0,71.0
2016-08-08,3054,109003.0,2173910.0,20.15,20.2,19.85,20.0,-0.1,56.0
2016-08-09,3054,125654.0,2521711.0,20.1,20.2,19.75,20.05,0.05,67.0
2016-08-10,3054,80015.0,1585985.0,20.0,20.1,19.75,19.75,-0.3,62.0
2016-08-11,3054,447005.0,8588345.0,19.75,19.75,18.8,19.4,-0.35,200.0
2016-08-12,3054,60166.0,1174119.0,19.4,19.8,19.2,19.25,-0.15,55.0
2016-08-15,3054,139010.0,2727490.0,19.4,19.8,19.4,19.65,0.4,71.0
2016-08-16,3054,60003.0,1176807.0,19.95,19.95,19.4,19.6,-0.05,42.0
2016-08-17,3054,42693.0,839484.0,19.45,19.75,19.45,19.65,0.05,32.0
2016-08-18,3054,43000.0,842800.0,19.3,19.75,19.3,19.55,-0.1,22.0
2016-08-19,3054,92693.0,1821429.0,19.65,19.75,19.4,19.75,0.2,58.0
2016-08-22,3054,52018.0,1025192.0,19.95,19.95,19.55,19.8,0.05,49.0
2016-08-23,3054,57004.0,1128930.0,19.8,19.9,19.7,19.9,0.1,30.0
2016-08-24,3054,139011.0,2740759.0,19.9,19.9,19.55,19.75,-0.15,75.0
2016-08-25,3054,134006.0,2636364.0,19.65,19.75,19.6,19.75,0.0,70.0
2016-08-26,3054,74005.0,1448795.0,19.85,19.85,19.5,19.55,-0.2,46.0
2016-08-29,3054,100000.0,1952550.0,19.65,19.65,19.4,19.6,0.05,48.0
2016-08-30,3054,64071.0,1253703.0,19.75,19.75,19.5,19.6,0.0,103.0
2016-08-31,3054,217019.0,4226712.0,19.55,19.6,19.4,19.6,0.0,74.0
2016-09-01,3054,98003.0,1935007.0,19.65,19.95,19.65,19.7,0.1,58.0
2016-09-02,3054,945008.0,20045071.0,19.7,21.65,19.7,21.65,1.95,383.0
2016-09-05,3054,882226.0,19285606.0,21.8,22.7,21.2,21.2,-0.45,434.0
2016-09-06,3054,269408.0,5762788.0,21.35,21.95,21.0,21.5,0.3,174.0
2016-09-07,3054,287005.0,6168505.0,21.35,21.9,21.25,21.65,0.15,155.0
2016-09-08,3054,301048.0,6478367.0,21.85,21.9,21.25,21.35,-0.3,111.0
2016-09-09,3054,308408.0,6665915.0,21.6,21.9,21.35,21.4,0.05,128.0
2016-09-10,3054,252006.0,5386876.0,20.65,21.65,20.65,21.5,0.1,100.0
2016-09-12,3054,291001.0,6174321.0,20.8,21.4,20.8,21.3,-0.2,105.0
2016-09-13,3054,305605.0,6487976.0,20.95,21.45,20.95,21.4,0.1,116.0
2016-09-14,3054,250000.0,5337250.0,21.0,21.7,21.0,21.4,0.0,108.0
2016-09-19,3054,396000.0,8520200.0,21.1,21.85,21.1,21.75,0.35,143.0
2016-09-20,3054,327000.0,7051100.0,21.4,21.8,21.25,21.8,0.05,166.0
2016-09-21,3054,423101.0,9252116.0,21.45,22.2,21.45,21.9,0.1,215.0
2016-09-22,3054,232050.0,5124615.0,21.9,22.3,21.75,22.25,0.35,129.0
2016-09-23,3054,500360.0,11219302.0,22.35,22.6,22.15,22.55,0.3,249.0
2016-09-26,3054,385000.0,8544250.0,22.2,22.5,21.95,22.25,-0.3,147.0
2016-09-29,3054,718820.0,16174231.0,22.0,22.95,21.95,22.75,0.5,304.0
2016-09-30,3054,1533269.0,35509450.0,22.7,23.7,22.65,23.6,0.85,573.0
2016-10-03,3054,1105147.0,25816560.0,23.6,23.7,22.75,22.75,-0.85,466.0
2016-10-04,3054,1110412.0,24607430.0,22.7,22.8,21.3,22.0,-0.75,473.0
2016-10-05,3054,779001.0,16814771.0,22.0,22.0,21.45,21.5,-0.5,291.0
2016-10-06,3054,339000.0,7326850.0,21.3,21.9,21.3,21.7,0.2,138.0
2016-10-07,3054,456150.0,9825922.0,21.65,21.8,21.3,21.3,-0.4,160.0
2016-10-11,3054,464002.0,9494090.0,21.1,21.35,20.15,20.45,-0.85,219.0
2016-10-12,3054,154287.0,3114653.0,20.1,20.4,20.0,20.2,-0.25,107.0
2016-10-13,3054,157000.0,3161550.0,20.1,20.25,19.95,20.2,0.0,87.0
2016-10-14,3054,204100.0,4178889.0,20.2,20.7,20.1,20.55,0.35,98.0
2016-10-17,3054,82608.0,1715069.0,20.95,21.15,20.6,20.65,0.1,58.0
2016-10-18,3054,63700.0,1313700.0,20.4,20.7,20.3,20.7,0.05,34.0
2016-10-19,3054,132001.0,2731671.0,20.7,21.0,20.2,20.9,0.2,84.0
2016-10-20,3054,203817.0,4300057.0,21.15,21.35,20.7,21.2,0.3,106.0
2016-10-21,3054,44000.0,923250.0,21.2,21.2,20.8,20.85,-0.35,37.0
2016-10-24,3054,75001.0,1557771.0,20.9,21.0,20.5,20.8,-0.05,57.0
2016-10-25,3054,155002.0,3208542.0,21.2,21.2,20.5,20.8,0.0,113.0
2016-10-26,3054,84001.0,1751321.0,21.2,21.2,20.6,20.8,0.0,62.0
2016-10-27,3054,119050.0,2463430.0,20.95,20.95,20.55,20.75,-0.05,71.0
2016-10-28,3054,139050.0,2864223.0,20.9,20.9,20.5,20.65,-0.1,75.0
2016-10-31,3054,223002.0,4587290.0,20.45,20.85,20.35,20.65,0.0,146.0
2016-11-01,3054,243005.0,4946800.0,20.9,20.9,20.2,20.3,-0.35,128.0
2016-11-02,3054,605452.0,12628865.0,20.5,21.9,19.8,21.65,1.35,289.0
2016-11-03,3054,273100.0,5866783.0,21.6,21.65,21.25,21.5,-0.15,151.0
2016-11-04,3054,161002.0,3412292.0,21.5,21.5,20.9,21.25,-0.25,104.0
2016-11-07,3054,471004.0,10057084.0,21.4,22.0,20.9,21.85,0.6,285.0
2016-11-08,3054,138051.0,3000701.0,21.85,21.85,21.5,21.75,-0.1,109.0
2016-11-09,3054,143243.0,3039278.0,21.95,22.0,20.65,20.95,-0.8,108.0
2016-11-10,3054,607459.0,13533987.0,21.45,22.75,21.15,22.75,1.8,320.0
2016-11-11,3054,2559730.0,57976655.0,22.7,22.95,22.15,22.95,0.2,554.0
2016-11-14,3054,357259.0,8045758.0,22.75,22.75,22.25,22.5,-0.45,173.0
2016-11-15,3054,6223758.0,147821158.0,22.6,24.6,21.8,24.2,1.7,1483.0
2016-11-16,3054,2720933.0,65489132.0,24.1,25.0,23.5,23.85,-0.35,1036.0
2016-11-17,3054,1609959.0,38139723.0,23.85,24.05,23.2,23.7,-0.15,611.0
2016-11-18,3054,1069599.0,25315376.0,23.7,23.95,23.5,23.6,-0.1,346.0
2016-11-21,3054,3852970.0,91639571.0,23.75,24.0,23.35,24.0,0.4,989.0
2016-11-22,3054,3941580.0,95405606.0,23.7,24.6,23.65,24.35,0.35,1344.0
2016-11-23,3054,1080196.0,26417142.0,24.8,24.9,24.1,24.1,-0.25,516.0
2016-11-24,3054,2137468.0,49893949.0,24.5,24.5,22.5,23.1,-1.0,750.0
2016-11-25,3054,524752.0,12058169.0,23.15,23.2,22.6,23.15,0.05,291.0
2016-11-28,3054,677217.0,15471822.0,23.35,23.35,22.65,22.9,-0.25,278.0
2016-11-29,3054,320599.0,7294476.0,23.0,23.05,22.6,22.8,-0.1,184.0
2016-11-30,3054,622060.0,13948565.0,22.85,22.9,22.15,22.4,-0.4,266.0
2016-12-01,3054,351127.0,7825820.0,22.4,22.45,22.2,22.3,-0.1,130.0
2016-12-02,3054,84587.0,1878721.0,22.3,22.3,22.15,22.2,-0.1,59.0
2016-12-05,3054,292151.0,6538394.0,22.25,22.6,22.15,22.2,0.0,140.0
2016-12-06,3054,257288.0,5664642.0,22.4,22.4,21.9,22.0,-0.2,155.0
2016-12-07,3054,192001.0,4219172.0,22.1,22.2,21.85,21.95,-0.05,87.0
2016-12-08,3054,227660.0,4954919.0,22.0,22.0,21.6,21.7,-0.25,121.0
2016-12-09,3054,257300.0,5566717.0,21.8,21.8,21.5,21.5,-0.2,119.0
2016-12-12,3054,287000.0,6093650.0,21.05,21.5,20.9,21.5,0.0,124.0
2016-12-13,3054,349004.0,7460935.0,21.35,21.6,21.05,21.6,0.1,99.0
2016-12-14,3054,212203.0,4565883.0,21.6,21.7,21.35,21.5,-0.1,108.0
2016-12-15,3054,872854.0,18983242.0,21.45,22.2,21.45,21.7,0.2,342.0
2016-12-16,3054,360502.0,7732842.0,21.75,21.8,21.3,21.4,-0.3,198.0
2016-12-19,3054,793004.0,17037134.0,21.55,21.95,21.15,21.15,-0.25,350.0
2016-12-20,3054,221770.0,4705858.0,21.2,21.35,21.1,21.15,0.0,87.0
2016-12-21,3054,245552.0,5188992.0,21.15,21.25,21.1,21.15,0.0,62.0
2016-12-22,3054,84205.0,1784426.0,21.25,21.3,21.1,21.15,0.0,42.0
2016-12-23,3054,155002.0,3281792.0,21.25,21.3,20.9,21.2,0.05,68.0
2016-12-26,3054,139007.0,2904741.0,21.2,21.2,20.75,20.75,-0.45,76.0
2016-12-27,3054,121001.0,2519721.0,21.0,21.0,20.7,21.0,0.25,79.0
2016-12-28,3054,121004.0,2528834.0,21.0,21.0,20.7,21.0,0.0,68.0
2016-12-29,3054,54056.0,1132021.0,21.1,21.1,20.8,20.95,-0.05,38.0
2016-12-30,3054,283001.0,6061921.0,20.95,21.6,20.95,21.5,0.55,147.0
2017-01-03,3054,389143.0,8458874.0,21.65,21.9,21.65,21.7,0.2,205.0
2017-01-04,3054,212002.0,4579042.0,21.9,21.95,21.45,21.5,-0.2,141.0
2017-01-05,3054,223001.0,4821671.0,21.7,21.75,21.5,21.65,0.15,117.0
2017-01-06,3054,227004.0,4942384.0,21.75,21.9,21.65,21.75,0.1,133.0
2017-01-09,3054,68003.0,1471213.0,21.75,21.75,21.55,21.6,-0.15,41.0
2017-01-10,3054,151001.0,3271121.0,21.65,21.8,21.45,21.45,-0.15,99.0
2017-01-11,3054,225842.0,4766346.0,21.5,21.5,20.95,21.0,-0.45,137.0
2017-01-12,3054,66037.0,1386964.0,21.0,21.2,20.9,21.0,0.0,56.0
2017-01-13,3054,60006.0,1257326.0,20.8,21.1,20.8,21.05,0.05,47.0
2017-01-16,3054,168002.0,3604442.0,21.25,21.8,21.15,21.55,0.5,97.0
2017-01-17,3054,88156.0,1907243.0,21.7,21.8,21.45,21.5,-0.05,79.0
2017-01-18,3054,56001.0,1199121.0,21.3,21.5,21.3,21.5,0.0,40.0
2017-01-19,3054,113003.0,2383163.0,21.35,21.35,21.0,21.1,-0.4,70.0
2017-01-20,3054,77001.0,1629021.0,21.1,21.3,21.1,21.2,0.1,20.0
2017-01-23,3054,1030958.0,21563076.0,21.2,21.2,20.9,20.9,-0.3,62.0
2017-01-24,3054,234418.0,5011069.0,20.95,21.65,20.95,21.2,0.3,136.0
2017-02-02,3054,173140.0,3634209.0,21.3,21.3,20.85,20.95,-0.25,108.0
2017-02-03,3054,123007.0,2572647.0,20.8,21.0,20.8,20.95,0.0,54.0
2017-02-06,3054,192010.0,4066610.0,21.2,21.3,21.0,21.2,0.25,102.0
2017-02-07,3054,581005.0,12552205.0,21.3,21.75,21.3,21.65,0.45,231.0
2017-02-08,3054,149009.0,3196639.0,21.65,21.65,21.3,21.45,-0.2,92.0
2017-02-09,3054,139056.0,2976826.0,21.5,21.6,21.35,21.35,-0.1,82.0
2017-02-10,3054,179006.0,3835976.0,21.5,21.55,21.25,21.45,0.1,91.0
2017-02-13,3054,102020.0,2178971.0,21.5,21.5,21.3,21.35,-0.1,83.0
2017-02-14,3054,48007.0,1022598.0,21.5,21.5,21.15,21.2,-0.15,43.0
2017-02-15,3054,97019.0,2053999.0,21.2,21.2,21.1,21.2,0.0,76.0
2017-02-16,3054,66727.0,1419067.0,21.3,21.45,21.2,21.2,0.0,45.0
2017-02-17,3054,287089.0,6184188.0,21.2,21.75,21.15,21.4,0.2,149.0
2017-02-18,3054,150015.0,3222767.0,21.4,21.55,21.35,21.45,0.05,64.0
2017-02-20,3054,1603602.0,35831689.0,21.35,23.15,21.35,22.4,0.95,721.0
2017-02-21,3054,2772065.0,64595420.0,22.9,24.0,22.3,23.45,1.05,1245.0
2017-02-22,3054,1440032.0,33873638.0,24.1,24.1,22.85,23.3,-0.15,671.0
2017-02-23,3054,647615.0,14789281.0,23.0,23.2,22.6,22.65,-0.65,273.0
2017-02-24,3054,882129.0,19293982.0,22.3,22.5,21.6,21.65,-1.0,428.0
2017-03-01,3054,640235.0,13529463.0,21.5,21.6,21.0,21.05,-0.6,315.0
2017-03-02,3054,384010.0,8138710.0,21.15,21.35,21.05,21.2,0.15,160.0
2017-03-03,3054,369694.0,7713741.0,21.2,21.2,20.7,20.8,-0.4,196.0
2017-03-06,3054,410026.0,8608596.0,20.8,21.1,20.8,21.1,0.3,178.0
2017-03-07,3054,225168.0,4719444.0,21.1,21.15,20.85,20.9,-0.2,117.0
2017-03-08,3054,233018.0,4897028.0,20.95,21.15,20.9,20.95,0.05,105.0
2017-03-09,3054,248021.0,5227291.0,20.9,21.15,20.9,21.0,0.05,123.0
2017-03-10,3054,753023.0,15284837.0,21.0,21.1,19.85,19.85,-1.15,412.0
2017-03-13,3054,249634.0,4982717.0,19.85,20.2,19.75,19.85,0.0,185.0
2017-03-14,3054,265008.0,5243502.0,19.9,19.95,19.6,19.7,-0.15,152.0
2017-03-15,3054,211497.0,4210032.0,19.7,20.0,19.65,20.0,0.3,127.0
2017-03-16,3054,203029.0,4038960.0,19.85,20.1,19.7,19.7,-0.3,122.0
2017-03-17,3054,294018.0,5871660.0,20.0,20.05,19.9,20.0,0.3,112.0
2017-03-20,3054,268599.0,5409630.0,20.0,20.3,20.0,20.15,0.15,128.0
2017-03-21,3054,342005.0,6997201.0,20.3,20.7,20.2,20.5,0.35,175.0
2017-03-22,3054,130307.0,2662560.0,20.7,20.7,20.25,20.25,-0.25,73.0
2017-03-23,3054,513007.0,10709697.0,20.25,21.35,20.05,21.2,0.95,298.0
2017-03-24,3054,177017.0,3741861.0,21.3,21.3,21.0,21.2,0.0,108.0
2017-03-27,3054,246015.0,5106551.0,21.2,21.2,20.35,20.35,-0.85,108.0
2017-03-28,3054,183367.0,3725312.0,20.05,20.45,20.05,20.2,-0.15,123.0
2017-03-29,3054,156003.0,3232310.0,20.45,20.9,20.45,20.75,0.55,127.0
2017-03-30,3054,469124.0,9990571.0,20.8,21.6,20.8,21.3,0.55,266.0
2017-03-31,3054,320002.0,6854692.0,21.6,21.6,21.05,21.5,0.2,157.0
2017-04-05,3054,439007.0,9469054.0,21.5,21.8,21.4,21.8,0.3,226.0
2017-04-06,3054,408012.0,8983614.0,22.0,22.2,21.8,22.0,0.2,204.0
2017-04-07,3054,280409.0,6139163.0,22.0,22.2,21.4,22.0,0.0,137.0
2017-04-10,3054,680012.0,15036014.0,21.75,22.45,21.65,22.1,0.1,228.0
2017-04-11,3054,614024.0,13238504.0,22.1,22.2,20.9,21.2,-0.9,234.0
2017-04-12,3054,343003.0,7248963.0,21.2,21.35,20.9,21.35,0.15,114.0
2017-04-13,3054,323815.0,6988334.0,21.35,21.8,21.35,21.8,0.45,205.0
2017-04-14,3054,293010.0,6279611.0,21.45,21.8,21.05,21.3,-0.5,204.0
2017-04-17,3054,262003.0,5506963.0,21.4,21.4,20.8,21.35,0.05,195.0
2017-04-18,3054,257075.0,5506108.0,21.35,21.55,21.15,21.45,0.1,231.0
2017-04-19,3054,619009.0,13490598.0,21.45,22.0,21.45,21.95,0.5,238.0
2017-04-20,3054,916200.0,20390790.0,22.05,22.85,21.4,22.0,0.05,428.0
2017-04-21,3054,1117265.0,25020865.0,22.1,22.7,22.0,22.6,0.6,704.0
2017-04-24,3054,633000.0,14200050.0,22.75,22.9,22.0,22.4,-0.2,414.0
2017-04-25,3054,458003.0,10106466.0,22.4,22.5,21.85,22.0,-0.4,339.0
2017-04-26,3054,840000.0,18425400.0,22.1,22.5,21.3,21.85,-0.15,518.0
2017-04-27,3054,542538.0,11947963.0,21.55,22.6,21.35,21.4,-0.45,250.0
2017-04-28,3054,763003.0,15915010.0,21.25,21.75,20.4,20.7,-0.7,491.0
2017-05-02,3054,520000.0,10789950.0,20.7,21.0,20.55,20.55,-0.15,362.0
2017-05-03,3054,377001.0,7846570.0,20.85,21.25,20.65,20.7,0.15,295.0
2017-05-04,3054,435001.0,8914320.0,20.55,20.8,20.2,20.8,0.1,159.0
2017-05-05,3054,464000.0,9584300.0,20.85,20.85,20.5,20.6,-0.2,374.0
2017-05-08,3054,100000.0,2075900.0,20.7,20.9,20.65,20.7,0.1,40.0
2017-05-09,3054,105000.0,2168300.0,20.8,20.85,20.35,20.6,-0.1,51.0
2017-05-10,3054,175000.0,3569750.0,20.7,20.75,20.3,20.3,-0.3,85.0
2017-05-11,3054,170000.0,3432150.0,20.3,20.5,20.0,20.0,-0.3,100.0
2017-05-12,3054,241817.0,4800293.0,20.0,20.15,19.6,19.9,-0.1,144.0
2017-05-15,3054,186089.0,3709616.0,20.0,20.2,19.55,20.0,0.1,99.0
2017-05-16,3054,183178.0,3642468.0,19.65,20.2,19.65,20.05,0.05,80.0
2017-05-17,3054,74262.0,1495603.0,20.15,20.2,20.05,20.2,0.15,43.0
2017-05-18,3054,75000.0,1505300.0,20.1,20.15,20.0,20.1,-0.1,42.0
2017-05-19,3054,57000.0,1144850.0,20.0,20.25,20.0,20.15,0.05,26.0
2017-05-22,3054,91000.0,1839600.0,20.2,20.4,20.1,20.1,-0.05,37.0
2017-05-23,3054,142000.0,2842300.0,20.15,20.15,19.9,20.0,-0.1,59.0
2017-05-24,3054,89000.0,1797350.0,20.05,20.3,20.05,20.3,0.3,46.0
2017-05-25,3054,185000.0,3828500.0,20.7,21.1,20.35,20.35,0.05,104.0
2017-05-26,3054,111000.0,2273100.0,20.5,20.6,20.4,20.5,0.15,63.0
2017-05-31,3054,46000.0,939050.0,20.6,20.6,20.2,20.4,-0.1,39.0
2017-06-01,3054,43592.0,885604.0,20.2,20.45,20.15,20.45,0.05,32.0
2017-06-02,3054,38015.0,778255.0,20.6,20.6,20.4,20.5,0.05,31.0
2017-06-03,3054,57001.0,1164520.0,20.8,20.8,20.35,20.5,0.0,40.0
2017-06-05,3054,142001.0,2902870.0,20.8,20.8,20.3,20.5,0.0,82.0
2017-06-06,3054,211018.0,4278313.0,20.5,20.6,20.05,20.3,-0.2,105.0
2017-06-07,3054,144000.0,2947750.0,20.5,20.55,20.2,20.5,0.2,62.0
2017-06-08,3054,759408.0,15995428.0,20.5,21.8,20.5,21.25,0.75,483.0
2017-06-09,3054,313000.0,6588700.0,21.15,21.7,20.7,21.1,-0.15,188.0
2017-06-12,3054,215000.0,4473700.0,21.4,21.4,20.65,20.7,-0.4,167.0
2017-06-13,3054,225003.0,4628360.0,20.7,20.8,20.15,20.75,0.05,140.0
2017-06-14,3054,117001.0,2402420.0,20.75,20.9,20.3,20.65,-0.1,73.0
2017-06-15,3054,75126.0,1552870.0,20.7,21.0,20.4,20.5,-0.15,56.0
2017-06-16,3054,145000.0,2942650.0,20.5,20.5,20.1,20.25,-0.25,95.0
2017-06-19,3054,56010.0,1138053.0,20.25,20.4,20.2,20.4,0.15,42.0
2017-06-20,3054,140817.0,2841598.0,20.25,20.45,20.0,20.1,-0.3,81.0
2017-06-21,3054,187394.0,3757169.0,20.15,20.3,19.9,20.25,0.15,138.0
2017-06-22,3054,89198.0,1802828.0,20.2,20.35,20.05,20.35,0.1,63.0
2017-06-23,3054,101000.0,2044900.0,20.4,20.45,20.1,20.1,-0.25,61.0
2017-06-26,3054,64001.0,1303270.0,20.05,20.5,20.05,20.4,0.3,48.0
2017-06-27,3054,98000.0,1991600.0,20.4,20.5,20.1,20.4,0.0,66.0
2017-06-28,3054,293195.0,6123002.0,20.2,21.25,20.2,20.9,0.5,178.0
2017-06-29,3054,289000.0,6086200.0,21.0,21.4,20.65,20.95,0.05,197.0
2017-06-30,3054,494035.0,10400545.0,20.7,21.3,20.7,21.15,0.2,262.0
2017-07-03,3054,105572.0,2221712.0,21.2,21.4,20.9,21.15,0.0,95.0
2017-07-04,3054,40000.0,838300.0,21.15,21.2,20.85,21.0,-0.15,33.0
2017-07-05,3054,32000.0,667000.0,20.85,21.0,20.7,21.0,0.0,26.0
2017-07-06,3054,15056.0,313903.0,21.0,21.0,20.75,20.75,-0.25,17.0
2017-07-07,3054,52190.0,1083090.0,20.6,20.95,20.55,20.8,0.05,34.0
2017-07-10,3054,26060.0,539279.0,20.85,20.9,20.5,20.7,0.0,25.0
2017-07-11,3054,42001.0,875421.0,20.85,20.9,20.7,20.9,0.2,25.0
2017-07-12,3054,109000.0,2256400.0,20.8,20.9,20.5,20.85,-0.05,58.0
2017-07-13,3054,113000.0,2326600.0,21.0,21.0,20.4,20.6,-0.25,69.0
2017-07-14,3054,55001.0,1132420.0,20.45,20.65,20.4,20.6,0.0,35.0
2017-07-17,3054,57000.0,1167050.0,20.6,20.6,20.35,20.5,-0.1,36.0
2017-07-18,3054,48001.0,980620.0,20.5,20.6,20.3,20.45,-0.05,35.0
2017-07-19,3054,89000.0,1818500.0,20.45,20.6,20.3,20.4,-0.05,58.0
2017-07-20,3054,81001.0,1648470.0,20.4,20.5,20.25,20.45,0.05,48.0
2017-07-21,3054,86000.0,1752450.0,20.35,20.55,20.25,20.25,-0.2,58.0
2017-07-24,3054,570000.0,12119400.0,20.45,21.8,20.45,21.35,1.1,379.0
2017-07-25,3054,222000.0,4709500.0,21.4,21.45,21.0,21.2,-0.15,145.0
2017-07-26,3054,289000.0,6108150.0,21.25,21.45,20.9,21.2,0.0,157.0
2017-07-27,3054,176003.0,3680763.0,21.2,21.2,20.65,20.8,-0.4,110.0
2017-07-28,3054,166000.0,3481650.0,20.9,21.1,20.8,21.1,0.3,85.0
2017-07-31,3054,151000.0,3169950.0,21.2,21.2,20.9,20.95,-0.15,131.0
2017-08-01,3054,130000.0,2707100.0,20.8,21.0,20.75,20.75,-0.2,83.0
2017-08-02,3054,55000.0,1138000.0,20.8,20.8,20.55,20.8,0.05,31.0
2017-08-03,3054,84001.0,1735970.0,20.8,20.8,20.6,20.65,-0.15,40.0
2017-08-04,3054,61244.0,1265977.0,20.65,20.9,20.6,20.6,-0.05,41.0
2017-08-07,3054,103001.0,2139020.0,20.6,20.95,20.6,20.65,0.05,67.0
2017-08-08,3054,124250.0,2541874.0,20.65,20.8,20.25,20.45,-0.2,78.0
2017-08-09,3054,79000.0,1607450.0,20.45,20.45,20.3,20.3,-0.15,44.0
2017-08-10,3054,263000.0,5220500.0,20.0,20.15,19.6,19.6,-0.7,145.0
2017-08-11,3054,89000.0,1736350.0,19.4,19.75,19.4,19.45,-0.15,49.0
2017-08-14,3054,233251.0,4456743.0,19.45,19.45,18.9,18.9,-0.55,111.0
2017-08-15,3054,62608.0,1193452.0,18.9,19.3,18.9,19.2,0.3,35.0
2017-08-16,3054,98001.0,1880519.0,19.2,19.35,18.9,19.25,0.05,62.0
2017-08-17,3054,154000.0,2931850.0,19.4,19.4,18.9,19.0,-0.25,101.0
2017-08-18,3054,75000.0,1422200.0,19.0,19.1,18.9,18.9,-0.1,40.0
2017-08-21,3054,88088.0,1669713.0,18.9,19.1,18.9,18.95,0.05,41.0
2017-08-22,3054,80001.0,1515419.0,19.1,19.1,18.8,18.85,-0.1,47.0
2017-08-23,3054,126001.0,2371368.0,19.05,19.05,18.65,18.7,-0.15,73.0
2017-08-24,3054,65002.0,1220887.0,18.6,18.9,18.6,18.7,0.0,40.0
2017-08-25,3054,72000.0,1356400.0,18.7,19.0,18.7,18.95,0.25,47.0
2017-08-28,3054,104430.0,1972334.0,19.0,19.0,18.8,18.95,0.0,58.0
2017-08-29,3054,36000.0,682600.0,18.95,19.0,18.85,19.0,0.05,24.0
2017-08-30,3054,68004.0,1292876.0,19.1,19.1,18.95,19.05,0.05,40.0
2017-08-31,3054,88081.0,1686539.0,19.0,19.3,19.0,19.1,0.05,50.0
2017-09-01,3054,357150.0,7084341.0,19.2,20.45,19.2,19.8,0.7,210.0
2017-09-04,3054,95000.0,1875050.0,19.85,19.85,19.65,19.7,-0.1,32.0
2017-09-05,3054,76155.0,1499125.0,19.75,19.75,19.6,19.7,0.0,40.0
2017-09-06,3054,80001.0,1558569.0,19.65,19.7,19.15,19.45,-0.25,49.0
2017-09-07,3054,78000.0,1504700.0,19.5,19.5,19.1,19.3,-0.15,49.0
2017-09-08,3054,121000.0,2402650.0,19.45,20.95,19.3,19.95,0.65,58.0
2017-09-11,3054,121000.0,2399650.0,20.0,20.0,19.6,19.8,-0.15,48.0
2017-09-12,3054,75654.0,1503084.0,20.1,20.1,19.7,19.95,0.15,59.0
2017-09-13,3054,109000.0,2164150.0,20.0,20.0,19.7,19.95,0.0,59.0
2017-09-14,3054,95000.0,1891000.0,20.1,20.1,19.8,19.95,0.0,49.0
2017-09-15,3054,59166.0,1180603.0,19.95,20.05,19.85,20.05,0.1,33.0
2017-09-18,3054,88001.0,1759270.0,19.85,20.05,19.8,20.05,0.0,37.0
2017-09-19,3054,56000.0,1117900.0,20.0,20.0,19.85,19.9,-0.15,29.0
2017-09-20,3054,56009.0,1117571.0,19.9,20.0,19.9,20.0,0.1,44.0
2017-09-21,3054,199497.0,3985640.0,20.0,20.05,19.9,20.05,0.05,81.0
2017-09-22,3054,170060.0,3389781.0,20.0,20.0,19.75,20.0,-0.05,76.0
2017-09-25,3054,210002.0,4292040.0,21.0,21.0,19.9,20.55,0.55,99.0
2017-09-26,3054,555000.0,11349900.0,20.8,20.8,20.25,20.35,-0.2,285.0
2017-09-27,3054,226000.0,4640200.0,20.6,20.7,20.3,20.5,0.15,126.0
2017-09-28,3054,296000.0,6066900.0,20.55,20.55,20.2,20.2,-0.3,167.0
2017-09-29,3054,63200.0,1284936.0,20.2,20.6,20.2,20.3,0.1,52.0
2017-09-30,3054,83000.0,1676050.0,20.3,20.3,20.0,20.3,0.0,39.0
2017-10-02,3054,57000.0,1148050.0,20.4,20.4,20.05,20.05,-0.25,33.0
2017-10-03,3054,28000.0,561400.0,20.1,20.1,20.0,20.1,0.05,15.0
2017-10-05,3054,28508.0,573610.0,20.25,20.25,20.0,20.15,0.05,17.0
2017-10-06,3054,61050.0,1221355.0,20.25,20.3,19.85,19.95,-0.2,44.0
2017-10-11,3054,46025.0,912998.0,20.15,20.15,19.75,19.8,-0.15,29.0
2017-10-12,3054,54590.0,1073205.0,19.95,19.95,19.6,19.6,-0.2,36.0
2017-10-13,3054,62025.0,1211633.0,19.6,19.65,19.45,19.45,-0.15,39.0
2017-10-16,3054,44453.0,869681.0,19.55,19.7,19.45,19.7,0.25,28.0
2017-10-17,3054,83325.0,1619672.0,19.6,19.7,19.35,19.4,-0.3,47.0
2017-10-18,3054,78050.0,1514475.0,19.45,19.45,19.35,19.35,-0.05,31.0
2017-10-19,3054,31000.0,602800.0,19.4,19.55,19.4,19.45,0.1,20.0
2017-10-20,3054,14000.0,275750.0,19.55,19.75,19.55,19.7,0.25,10.0
2017-10-23,3054,22001.0,433669.0,19.7,19.75,19.7,19.75,0.05,17.0
2017-10-24,3054,37025.0,729097.0,19.75,19.85,19.6,19.75,0.0,30.0
2017-10-25,3054,65050.0,1268980.0,19.6,19.6,19.45,19.45,-0.3,39.0
2017-10-26,3054,30166.0,582561.0,19.2,19.4,19.2,19.35,-0.1,32.0
2017-10-27,3054,79050.0,1511665.0,19.25,19.25,19.0,19.15,-0.2,64.0
2017-10-30,3054,66000.0,1254100.0,19.15,19.25,18.85,19.2,0.05,48.0
2017-10-31,3054,57051.0,1087429.0,19.0,19.3,19.0,19.05,-0.15,46.0
2017-11-01,3054,146050.0,2753550.0,19.05,19.05,18.8,18.85,-0.2,82.0
2017-11-02,3054,302051.0,5614455.0,18.75,18.85,18.35,18.6,-0.25,135.0
2017-11-03,3054,150000.0,2806400.0,18.75,18.8,18.65,18.7,0.1,71.0
2017-11-06,3054,34000.0,637350.0,18.85,18.85,18.7,18.75,0.05,29.0
2017-11-07,3054,47001.0,878018.0,18.75,18.8,18.6,18.8,0.05,36.0
2017-11-08,3054,38531.0,716652.0,18.7,18.75,18.55,18.75,-0.05,34.0
2017-11-09,3054,45030.0,837012.0,18.7,18.7,18.5,18.6,-0.15,34.0
2017-11-10,3054,36000.0,666450.0,18.55,18.55,18.5,18.5,-0.1,26.0
2017-11-13,3054,91030.0,1661302.0,18.5,18.5,18.0,18.25,-0.25,56.0
2017-11-14,3054,19040.0,349492.0,18.5,18.5,18.2,18.4,0.15,15.0
2017-11-15,3054,9000.0,165750.0,18.45,18.45,18.3,18.45,0.05,8.0
2017-11-16,3054,14000.0,258900.0,18.5,18.5,18.45,18.5,0.05,9.0
2017-11-17,3054,60001.0,1099768.0,18.35,18.55,18.25,18.4,-0.1,22.0
2017-11-20,3054,23030.0,419300.0,18.4,18.4,18.15,18.15,-0.25,20.0
2017-11-21,3054,59000.0,1063850.0,18.25,18.25,17.9,18.0,-0.15,45.0
2017-11-22,3054,161400.0,2841390.0,17.8,17.85,17.2,17.2,-0.8,104.0
2017-11-23,3054,161004.0,2919222.0,17.5,18.6,17.5,17.8,0.6,126.0
2017-11-24,3054,22180.0,392557.0,17.55,17.8,17.3,17.8,0.0,18.0
2017-11-27,3054,11000.0,198950.0,18.15,18.15,18.0,18.0,0.2,8.0
2017-11-28,3054,25230.0,447576.0,17.85,17.95,17.65,17.95,-0.05,22.0
2017-11-29,3054,37000.0,660350.0,18.05,18.05,17.7,17.9,-0.05,22.0
2017-11-30,3054,12000.0,214100.0,18.0,18.0,17.75,17.95,0.05,10.0
2017-12-01,3054,19500.0,348450.0,17.85,17.9,17.8,17.9,-0.05,13.0
2017-12-04,3054,151817.0,2769937.0,17.9,19.0,17.9,18.2,0.3,49.0
2017-12-05,3054,27000.0,486900.0,18.05,18.2,17.85,18.2,0.0,18.0
2017-12-06,3054,18001.0,325818.0,18.0,18.3,18.0,18.25,0.05,17.0
2017-12-07,3054,55000.0,1004750.0,18.1,18.5,18.1,18.3,0.05,28.0
2017-12-08,3054,20000.0,366100.0,18.25,18.4,18.15,18.4,0.1,15.0
2017-12-11,3054,39001.0,709168.0,18.2,18.5,17.75,18.4,0.0,27.0
2017-12-12,3054,52000.0,944700.0,18.05,18.4,18.0,18.35,-0.05,28.0
2017-12-13,3054,32002.0,581036.0,18.35,18.35,18.05,18.2,-0.15,17.0
2017-12-14,3054,31000.0,559850.0,18.3,18.3,17.9,18.1,-0.1,24.0
2017-12-15,3054,21001.0,375918.0,18.0,18.0,17.85,17.85,-0.25,13.0
2017-12-18,3054,10002.0,178886.0,17.9,17.9,17.85,17.9,0.05,11.0
2017-12-19,3054,60000.0,1069650.0,17.9,18.05,17.6,18.05,0.15,21.0
2017-12-20,3054,26000.0,466500.0,17.9,18.05,17.9,17.9,-0.15,16.0
2017-12-21,3054,121000.0,2171150.0,17.9,18.05,17.8,18.0,0.1,23.0
2017-12-22,3054,18001.0,323468.0,18.05,18.05,17.9,18.0,0.0,15.0
2017-12-25,3054,27003.0,483004.0,18.0,18.0,17.8,17.85,-0.15,17.0
2017-12-26,3054,27001.0,481917.0,17.9,18.0,17.75,17.75,-0.1,19.0
2017-12-27,3054,44002.0,781436.0,17.8,18.0,17.7,17.9,0.15,20.0
2017-12-28,3054,58001.0,1039118.0,17.95,17.95,17.85,17.85,-0.05,30.0
2017-12-29,3054,167006.0,3005658.0,17.6,18.4,17.6,18.4,0.55,90.0
2018-01-02,3054,292001.0,5551819.0,18.6,19.25,18.6,19.15,0.75,142.0
2018-01-03,3054,149408.0,2858508.0,19.0,19.4,18.95,19.2,0.05,85.0
2018-01-04,3054,87108.0,1663196.0,19.25,19.3,19.0,19.0,-0.2,45.0
2018-01-05,3054,24000.0,457100.0,19.3,19.3,19.0,19.15,0.15,17.0
2018-01-08,3054,909000.0,17918000.0,19.15,20.3,19.15,20.3,1.15,234.0
2018-01-09,3054,871261.0,17623748.0,19.7,20.45,19.7,20.45,0.15,233.0
2018-01-10,3054,1016301.0,21032910.0,20.5,20.85,20.4,20.8,0.35,239.0
2018-01-11,3054,309100.0,6458958.0,20.8,21.35,20.65,20.8,0.0,159.0
2018-01-12,3054,1343993.0,29059995.0,21.2,22.0,21.0,22.0,1.2,446.0
2018-01-15,3054,694999.0,15236728.0,22.0,22.1,21.5,21.95,-0.05,202.0
2018-01-16,3054,561229.0,12281264.0,22.0,22.0,21.6,21.9,-0.05,168.0
2018-01-17,3054,1114151.0,24558672.0,22.0,22.2,21.75,22.15,0.25,285.0
2018-01-18,3054,1176100.0,26056109.0,22.15,22.4,21.8,21.8,-0.35,280.0
2018-01-19,3054,484190.0,10316149.0,21.8,21.8,20.35,21.2,-0.6,133.0
2018-01-22,3054,858002.0,17613990.0,20.0,21.2,20.0,20.6,-0.6,183.0
2018-01-23,3054,328001.0,6889521.0,20.6,21.2,20.6,21.1,0.5,78.0
2018-01-24,3054,585227.0,12510512.0,21.15,21.5,21.05,21.35,0.25,77.0
2018-01-25,3054,636030.0,13498030.0,21.35,21.35,21.0,21.0,-0.35,82.0
2018-01-26,3054,374001.0,7958770.0,21.2,21.3,21.0,21.1,0.1,30.0
2018-01-29,3054,247226.0,5266350.0,21.25,21.45,20.85,20.85,-0.25,49.0
2018-01-30,3054,59095.0,1228561.0,20.8,20.9,20.75,20.75,-0.1,27.0
2018-01-31,3054,66100.0,1367460.0,20.6,20.85,20.6,20.75,0.0,22.0
2018-02-01,3054,37001.0,763020.0,20.75,20.75,20.45,20.55,-0.2,25.0
2018-02-02,3054,31001.0,637670.0,20.6,20.65,20.5,20.6,0.05,17.0
2018-02-05,3054,57000.0,1165100.0,20.45,20.7,20.2,20.45,-0.15,29.0
2018-02-06,3054,208001.0,3992269.0,20.25,20.25,18.55,19.0,-1.45,89.0
2018-02-07,3054,88000.0,1700500.0,19.7,19.7,19.2,19.55,0.55,45.0
2018-02-08,3054,30000.0,574700.0,19.5,19.5,19.05,19.2,-0.35,10.0
2018-02-09,3054,64001.0,1197668.0,18.55,19.35,18.05,18.7,-0.5,45.0
2018-02-12,3054,21000.0,393050.0,18.9,18.95,18.4,18.95,0.25,16.0
2018-02-21,3054,62001.0,1226319.0,19.0,20.05,19.0,19.65,0.7,30.0
2018-02-22,3054,31001.0,604419.0,19.7,19.75,19.4,19.5,-0.15,18.0
2018-02-23,3054,51001.0,993369.0,19.75,19.8,19.35,19.35,-0.15,35.0
2018-02-26,3054,30002.0,584738.0,19.5,19.8,19.3,19.6,0.25,18.0
2018-02-27,3054,70004.0,1409430.0,20.0,20.35,19.4,20.3,0.7,39.0
2018-03-01,3054,70001.0,1430670.0,20.3,20.55,20.1,20.55,0.25,34.0
2018-03-02,3054,22004.0,447780.0,20.25,20.65,20.15,20.65,0.1,24.0
2018-03-05,3054,49000.0,1013350.0,20.0,21.0,20.0,20.4,-0.25,36.0
2018-03-06,3054,143866.0,3011462.0,20.7,21.0,20.6,21.0,0.6,65.0
2018-03-07,3054,44000.0,921050.0,20.7,21.15,20.7,21.0,0.0,26.0
2018-03-08,3054,94000.0,1970500.0,21.0,21.0,20.75,20.8,-0.2,37.0
2018-03-09,3054,43000.0,894650.0,21.0,21.0,20.65,20.85,0.05,25.0
2018-03-12,3054,29379.0,607818.0,21.15,21.15,20.65,20.65,-0.2,18.0
2018-03-13,3054,18000.0,371550.0,20.5,20.9,20.4,20.8,0.15,14.0
2018-03-14,3054,11000.0,226650.0,20.6,20.75,20.5,20.75,-0.05,8.0
2018-03-15,3054,23003.0,479710.0,20.95,20.95,20.85,20.85,0.1,8.0
2018-03-16,3054,59000.0,1225250.0,20.75,20.9,20.45,20.85,0.0,23.0
2018-03-19,3054,69001.0,1410720.0,20.65,20.95,20.2,20.35,-0.5,37.0
2018-03-20,3054,100000.0,2040150.0,20.6,20.65,20.25,20.55,0.2,36.0
2018-03-21,3054,55002.0,1128340.0,20.55,20.55,20.4,20.5,-0.05,13.0
2018-03-22,3054,68022.0,1409951.0,20.5,20.9,20.5,20.9,0.4,27.0
2018-03-23,3054,15000.0,306600.0,20.4,20.7,20.4,20.7,-0.2,6.0
2018-03-26,3054,22662.0,464317.0,20.4,20.7,20.4,20.7,0.0,22.0
2018-03-27,3054,59635.0,1229189.0,20.7,20.8,20.45,20.45,-0.25,27.0
2018-03-28,3054,17000.0,348200.0,20.55,20.55,20.45,20.45,0.0,9.0
2018-03-29,3054,39000.0,798850.0,20.85,20.85,20.4,20.4,-0.05,26.0
2018-03-30,3054,87003.0,1772761.0,20.4,20.5,20.2,20.5,0.1,37.0
2018-03-31,3054,37003.0,755561.0,20.5,20.5,20.35,20.35,-0.15,17.0
2018-04-02,3054,36319.0,745185.0,20.55,20.75,20.3,20.75,0.4,19.0
2018-04-03,3054,53000.0,1093950.0,20.4,20.9,20.4,20.85,0.1,21.0
2018-04-09,3054,46006.0,946720.0,20.8,20.9,20.5,20.55,-0.3,25.0
2018-04-10,3054,162089.0,3392010.0,20.85,21.0,20.5,20.9,0.35,74.0
2018-04-11,3054,44000.0,916100.0,20.8,20.9,20.75,20.8,-0.1,20.0
2018-04-12,3054,188002.0,3952340.0,20.8,21.1,20.8,20.9,0.1,89.0
2018-04-13,3054,50000.0,1032500.0,20.95,20.95,20.6,20.6,-0.3,30.0
2018-04-16,3054,120002.0,2435690.0,20.3,20.5,20.05,20.05,-0.55,70.0
2018-04-17,3054,59006.0,1170814.0,20.05,20.05,19.65,19.8,-0.25,44.0
2018-04-18,3054,26004.0,515176.0,19.85,19.85,19.7,19.85,0.05,21.0
2018-04-19,3054,13000.0,260550.0,20.3,20.3,19.95,19.95,0.1,12.0
2018-04-20,3054,1009000.0,20180800.0,20.4,20.4,20.0,20.0,0.05,10.0
2018-04-23,3054,24001.0,476769.0,19.7,20.0,19.7,19.8,-0.2,10.0
2018-04-24,3054,7000.0,138900.0,20.2,20.2,19.75,19.95,0.15,5.0
2018-04-25,3054,60001.0,1200770.0,19.7,20.4,19.7,20.4,0.45,37.0
2018-04-26,3054,7090.0,141214.0,20.1,20.1,19.8,19.8,-0.6,8.0
2018-04-27,3054,10000.0,200400.0,20.1,20.1,20.0,20.0,0.2,5.0
2018-04-30,3054,819002.0,16374338.0,19.7,19.95,19.2,19.95,-0.05,11.0
2018-05-02,3054,674003.0,13477107.0,20.0,20.0,19.7,19.95,0.0,19.0
2018-05-03,3054,46000.0,933400.0,20.6,20.6,19.75,19.75,-0.2,22.0
2018-05-04,3054,91000.0,1797450.0,19.75,20.05,19.7,19.8,0.05,14.0
2018-05-07,3054,80060.0,1589250.0,19.8,20.05,19.8,20.0,0.2,16.0
2018-05-08,3054,76000.0,1519850.0,20.0,20.0,19.95,20.0,0.0,5.0
2018-05-09,3054,73000.0,1455300.0,19.95,19.95,19.6,19.6,-0.4,4.0
2018-05-10,3054,97000.0,1899750.0,19.6,19.65,19.4,19.6,0.0,14.0
2018-05-11,3054,75000.0,1464900.0,19.6,19.65,19.1,19.65,0.05,12.0
2018-05-14,3054,62000.0,1218400.0,19.65,19.75,19.65,19.65,0.0,3.0
2018-05-15,3054,47000.0,922450.0,19.65,19.65,19.3,19.65,0.0,14.0
2018-05-16,3054,7010.0,137496.0,19.5,19.8,19.5,19.8,0.15,5.0
2018-05-17,3054,5000.0,98550.0,19.9,19.9,19.6,19.8,0.0,5.0
2018-05-18,3054,4000.0,78550.0,19.6,19.75,19.6,19.6,-0.2,4.0
2018-05-21,3054,29001.0,565519.0,19.5,19.5,19.5,19.5,-0.1,16.0
2018-05-22,3054,9002.0,176240.0,19.5,19.85,19.5,19.85,0.35,4.0
2018-05-23,3054,45016.0,876462.0,19.6,19.6,19.35,19.35,-0.5,18.0
2018-05-24,3054,33006.0,636565.0,19.35,19.35,19.2,19.2,-0.15,20.0
2018-05-25,3054,52062.0,1012152.0,19.5,19.55,19.35,19.4,0.2,22.0
2018-05-28,3054,16084.0,318060.0,19.5,20.0,19.3,19.65,0.25,20.0
2018-05-29,3054,30495.0,598650.0,19.85,19.85,19.6,19.6,-0.05,15.0
2018-05-30,3054,28001.0,544719.0,19.5,19.6,19.3,19.4,-0.2,11.0
2018-05-31,3054,55262.0,1074909.0,19.5,19.7,19.3,19.7,0.3,19.0
2018-06-01,3054,40000.0,784150.0,19.7,19.8,19.4,19.45,-0.25,11.0
2018-06-04,3054,80037.0,1555724.0,19.35,19.8,19.3,19.45,0.0,21.0
2018-06-05,3054,23025.0,447438.0,19.35,19.45,19.35,19.45,0.0,17.0
2018-06-06,3054,20106.0,395416.0,19.8,19.8,19.45,19.45,0.0,13.0
2018-06-07,3054,39000.0,763450.0,19.5,19.6,19.5,19.55,0.1,11.0
2018-06-08,3054,12000.0,236850.0,19.55,19.9,19.55,19.9,0.35,8.0
2018-06-11,3054,35902.0,701308.0,19.6,19.6,19.5,19.5,-0.4,10.0
2018-06-12,3054,86902.0,1696058.0,19.55,19.7,19.45,19.5,0.0,30.0
2018-06-13,3054,97003.0,1886907.0,19.45,19.5,19.4,19.45,-0.05,25.0
2018-06-14,3054,31000.0,602350.0,19.45,19.45,19.4,19.4,-0.05,11.0
2018-06-15,3054,64000.0,1234350.0,19.3,19.4,19.25,19.25,-0.15,19.0
2018-06-19,3054,37000.0,709750.0,19.2,19.3,19.15,19.25,0.0,12.0
2018-06-20,3054,24000.0,460450.0,19.1,19.45,18.9,19.45,0.2,13.0
2018-06-21,3054,7001.0,135669.0,19.45,19.45,19.2,19.2,-0.25,3.0
2018-06-22,3054,18011.0,347664.0,19.5,19.5,19.1,19.5,0.3,11.0
2018-06-25,3054,70808.0,1358761.0,19.45,19.5,19.0,19.3,-0.2,37.0
2018-06-26,3054,20003.0,381257.0,19.0,19.15,19.0,19.05,-0.25,21.0
2018-06-27,3054,13000.0,248500.0,19.1,19.2,19.1,19.2,0.15,10.0
2018-06-28,3054,55000.0,1073950.0,19.2,20.05,18.8,19.3,0.0,38.0
2018-06-29,3054,31000.0,594400.0,19.1,19.25,19.1,19.2,-0.1,13.0
2018-07-02,3054,55002.0,1047588.0,19.1,19.1,19.0,19.0,-0.2,12.0
2018-07-03,3054,22000.0,413850.0,19.0,19.0,18.65,18.65,-0.35,17.0
2018-07-04,3054,4001.0,74668.0,18.65,18.7,18.65,18.7,0.05,5.0
2018-07-05,3054,83796.0,1656480.0,20.55,20.55,18.65,19.9,1.2,75.0
2018-07-06,3054,9000.0,178450.0,19.85,19.85,19.8,19.8,-0.1,8.0
2018-07-09,3054,30408.0,604428.0,19.4,20.1,19.4,19.95,0.15,23.0
2018-07-10,3054,12000.0,234500.0,19.9,19.9,19.45,19.8,-0.15,8.0
2018-07-11,3054,1001.0,19769.0,19.75,19.75,19.75,19.75,-0.05,2.0
2018-07-12,3054,4000.0,77800.0,19.4,19.6,19.4,19.6,-0.15,4.0
2018-07-13,3054,10000.0,196150.0,19.6,19.75,19.6,19.75,0.15,3.0
2018-07-16,3054,16000.0,313650.0,19.75,19.85,19.45,19.45,-0.3,12.0
2018-07-17,3054,32001.0,610368.0,19.35,19.35,18.95,18.95,-0.5,27.0
2018-07-18,3054,24001.0,459069.0,19.1,19.5,18.95,19.45,0.5,14.0
2018-07-19,3054,23003.0,442004.0,19.25,19.6,19.1,19.1,-0.35,8.0
2018-07-20,3054,42290.0,799210.0,19.0,19.0,18.8,18.8,-0.3,24.0
2018-07-23,3054,14000.0,263700.0,18.9,19.2,18.65,18.65,-0.15,13.0
2018-07-24,3054,30000.0,559900.0,18.65,18.95,18.4,18.7,0.05,16.0
2018-07-25,3054,18000.0,337800.0,18.8,18.9,18.7,18.9,0.2,10.0
2018-07-26,3054,13000.0,241700.0,18.7,18.7,18.5,18.7,-0.2,13.0
2018-07-27,3054,52010.0,975188.0,18.7,18.8,18.7,18.75,0.05,5.0
2018-07-30,3054,53001.0,999118.0,18.9,18.9,18.85,18.85,0.1,4.0
2018-07-31,3054,17001.0,319468.0,18.95,18.95,18.6,18.95,0.1,12.0
2018-08-01,3054,12000.0,227700.0,18.95,19.1,18.85,18.85,-0.1,12.0
2018-08-02,3054,13001.0,244418.0,19.0,19.0,18.7,18.7,-0.15,10.0
2018-08-03,3054,9000.0,168200.0,18.9,18.9,18.6,18.65,-0.05,8.0
2018-08-06,3054,25000.0,467300.0,18.65,18.8,18.3,18.7,0.05,17.0
2018-08-07,3054,596003.0,11176254.0,18.7,19.45,18.55,18.8,0.1,26.0
2018-08-08,3054,7420.0,141980.0,19.1,19.2,19.1,19.1,0.3,19.0
2018-08-09,3054,11423.0,216479.0,19.1,19.25,18.8,19.25,0.15,11.0
2018-08-10,3054,71006.0,1369014.0,19.25,19.4,19.25,19.4,0.15,33.0
2018-08-13,3054,24031.0,467489.0,19.5,19.5,19.25,19.4,0.0,48.0
2018-08-14,3054,42022.0,817868.0,19.55,19.55,19.4,19.4,0.0,41.0
2018-08-15,3054,44094.0,843525.0,19.4,19.4,19.0,19.05,-0.35,19.0
2018-08-16,3054,26252.0,497411.0,19.05,19.05,18.9,18.9,-0.15,15.0
2018-08-17,3054,3000.0,57550.0,19.15,19.2,19.15,19.2,0.3,3.0
2018-08-20,3054,26016.0,495604.0,19.3,19.3,18.95,19.0,-0.2,20.0
2018-08-21,3054,11000.0,211100.0,19.15,19.2,19.15,19.2,0.2,7.0
2018-08-22,3054,32002.0,608286.0,19.25,19.25,18.9,19.0,-0.2,17.0
2018-08-23,3054,16001.0,304519.0,19.4,19.4,19.0,19.1,0.1,8.0
2018-08-24,3054,55001.0,1045019.0,19.0,19.0,19.0,19.0,-0.1,12.0
2018-08-27,3054,46031.0,875594.0,18.85,19.4,18.85,19.4,0.4,19.0
2018-08-28,3054,22002.0,421088.0,19.25,19.4,19.0,19.4,0.0,15.0
2018-08-29,3054,28065.0,532012.0,19.1,19.1,18.9,18.9,-0.5,26.0
2018-08-30,3054,36585.0,692944.0,18.8,19.3,18.8,19.1,0.2,32.0
2018-08-31,3054,47040.0,901360.0,19.15,19.4,18.85,19.4,0.3,68.0
2018-09-03,3054,36066.0,684694.0,19.3,19.3,18.8,18.8,-0.6,75.0
2018-09-04,3054,997010.0,19191180.0,19.3,19.3,19.0,19.0,0.2,49.0
2018-09-05,3054,187001.0,3636969.0,19.0,19.95,18.95,19.95,0.95,74.0
2018-09-06,3054,362002.0,7110638.0,19.95,19.95,19.0,19.9,-0.05,143.0
2018-09-07,3054,82096.0,1604286.0,19.6,19.8,19.15,19.8,-0.1,71.0
2018-09-10,3054,93004.0,1782126.0,19.45,19.5,19.0,19.3,-0.5,65.0
2018-09-11,3054,206000.0,3960100.0,19.3,19.4,18.95,19.35,0.05,39.0
2018-09-12,3054,40371.0,774117.0,19.35,19.35,19.0,19.05,-0.3,47.0
2018-09-25,3054,70402.0,1640510.0,22.1,24.0,22.1,23.4,0.0,68.0
2018-09-26,3054,188167.0,4584502.0,23.4,24.8,23.4,24.6,1.2,165.0
2018-09-27,3054,839372.0,21145681.0,24.35,26.0,24.05,26.0,1.4,252.0
2018-09-28,3054,745576.0,20650633.0,26.7,28.6,26.35,27.55,1.55,514.0
2018-10-01,3054,490026.0,12980213.0,28.2,28.2,25.85,26.0,-1.55,272.0
2018-10-02,3054,304119.0,7434077.0,25.8,25.8,24.05,24.3,-1.7,186.0
2018-10-03,3054,147597.0,3495355.0,24.3,24.3,23.3,23.3,-1.0,126.0
2018-10-04,3054,91486.0,2100426.0,23.3,23.3,22.8,22.95,-0.35,59.0
2018-10-05,3054,461556.0,10144813.0,22.55,22.55,21.6,22.2,-0.75,381.0
2018-10-08,3054,73743.0,1692782.0,22.1,23.6,22.1,22.9,0.7,92.0
2018-10-09,3054,49433.0,1125588.0,22.5,23.3,22.5,23.0,0.1,37.0
2018-10-11,3054,141660.0,3052742.0,21.5,23.0,20.7,22.7,-0.3,126.0
2018-10-12,3054,9146.0,208819.0,22.5,23.0,22.5,22.8,0.1,21.0
2018-10-15,3054,64502.0,1502496.0,23.15,23.85,22.95,23.05,0.25,54.0
2018-10-16,3054,53837.0,1241233.0,23.6,23.6,22.8,23.0,-0.05,46.0
2018-10-17,3054,15525.0,358775.0,23.1,23.4,23.0,23.0,0.0,16.0
2018-10-18,3054,8026.0,187449.0,23.85,23.85,22.7,23.3,0.3,9.0
2018-10-19,3054,36387.0,829952.0,22.5,23.4,22.5,22.55,-0.75,32.0
2018-10-22,3054,15000.0,342050.0,22.75,23.3,22.35,22.65,0.1,15.0
2018-10-23,3054,40460.0,921234.0,22.65,23.25,22.65,23.1,0.45,12.0
2018-10-24,3054,12797.0,291400.0,23.2,23.2,22.35,22.9,-0.2,15.0
2018-10-25,3054,26310.0,590109.0,22.3,22.9,22.25,22.5,-0.4,21.0
2018-10-26,3054,43000.0,984150.0,23.3,23.85,22.25,22.6,0.1,35.0
2018-10-29,3054,5000.0,112850.0,23.0,23.0,22.45,22.45,-0.15,5.0
2018-10-30,3054,81999.0,1866576.0,22.8,23.0,22.5,22.8,0.35,24.0
2018-10-31,3054,17460.0,396742.0,22.9,22.9,22.55,22.9,0.1,19.0
2018-11-01,3054,16152.0,363035.0,22.5,22.8,22.2,22.6,-0.3,18.0
2018-11-02,3054,11657.0,261847.0,22.8,22.8,22.25,22.6,0.0,17.0
2018-11-05,3054,80433.0,1839919.0,22.75,23.8,22.45,22.5,-0.1,44.0
2018-11-06,3054,3152.0,71650.0,22.4,22.95,22.4,22.85,0.35,5.0
2018-11-07,3054,8742.0,198020.0,23.2,23.2,22.6,22.6,-0.25,10.0
2018-11-08,3054,2999.0,68476.0,22.95,22.95,22.9,22.9,0.3,4.0
2018-11-09,3054,21000.0,479800.0,22.85,22.85,22.8,22.8,-0.1,3.0
2018-11-12,3054,7486.0,170882.0,22.85,23.0,22.4,22.85,0.05,8.0
2018-11-13,3054,58000.0,1317700.0,22.8,23.0,22.35,22.95,0.1,20.0
2018-11-14,3054,8000.0,182200.0,22.95,22.95,22.6,22.6,-0.35,8.0
2018-11-15,3054,103170.0,2368010.0,22.95,23.0,22.9,23.0,0.4,47.0
2018-11-16,3054,9663.0,226197.0,23.0,23.8,23.0,23.5,0.5,9.0
2018-11-19,3054,48000.0,1118650.0,23.4,23.95,23.0,23.5,0.0,47.0
2018-11-20,3054,16031.0,370506.0,23.5,23.5,23.0,23.0,-0.5,18.0
2018-11-21,3054,90401.0,2086830.0,23.4,23.4,22.7,23.35,0.35,32.0
2018-11-22,3054,74540.0,1724181.0,23.6,23.6,22.8,23.4,0.05,62.0
2018-11-23,3054,8010.0,182376.0,22.8,22.9,22.7,22.7,-0.7,9.0
2018-11-26,3054,18103.0,414329.0,23.0,23.0,22.85,22.85,0.15,28.0
2018-11-27,3054,70556.0,1644782.0,23.45,23.45,22.95,23.1,0.25,12.0
2018-11-28,3054,10486.0,242525.0,23.2,23.4,22.95,23.35,0.25,8.0
2018-11-29,3054,29433.0,689995.0,23.45,23.7,23.3,23.4,0.05,29.0
2018-11-30,3054,10000.0,232150.0,23.3,23.35,23.1,23.2,-0.2,9.0
2018-12-03,3054,21102.0,488766.0,23.2,23.5,23.0,23.3,0.1,16.0
2018-12-04,3054,13999.0,327225.0,23.9,23.9,23.15,23.5,0.2,10.0
2018-12-05,3054,10000.0,233750.0,23.2,23.5,23.2,23.3,-0.2,9.0
2018-12-06,3054,32195.0,758574.0,23.5,23.95,23.2,23.35,0.05,30.0
2018-12-07,3054,389498.0,9846097.0,23.3,25.65,23.3,25.65,2.3,330.0
2018-12-10,3054,288488.0,7242734.0,25.8,26.5,24.05,24.1,-1.55,240.0
2018-12-11,3054,120832.0,3046314.0,24.4,25.9,24.4,25.5,1.4,84.0
2018-12-12,3054,32117.0,820593.0,25.95,25.95,25.25,25.8,0.3,34.0
2018-12-13,3054,73712.0,1930567.0,25.95,26.85,25.95,26.0,0.2,53.0
2018-12-14,3054,46100.0,1193214.0,26.65,26.75,25.5,25.8,-0.2,38.0
2018-12-17,3054,52006.0,1317100.0,26.0,26.0,25.15,25.4,-0.4,44.0
2018-12-18,3054,20978.0,530644.0,25.5,25.5,25.15,25.3,-0.1,24.0
2018-12-19,3054,34188.0,858950.0,25.2,25.3,24.95,25.25,-0.05,30.0
2018-12-20,3054,50001.0,1264425.0,25.25,25.65,25.2,25.25,0.0,35.0
2018-12-21,3054,27706.0,696234.0,25.4,25.4,24.9,25.3,0.05,23.0
2018-12-22,3054,15096.0,380558.0,25.25,25.4,25.05,25.3,0.0,18.0
2018-12-24,3054,17001.0,431525.0,25.45,25.5,25.3,25.3,0.0,14.0
2018-12-25,3054,13000.0,326900.0,25.6,25.6,25.05,25.15,-0.15,12.0
2018-12-26,3054,18000.0,455000.0,25.5,25.55,25.1,25.1,-0.05,12.0
2018-12-27,3054,69007.0,1746275.0,25.2,25.5,25.1,25.4,0.3,64.0
2018-12-28,3054,243958.0,6353991.0,25.35,26.8,25.35,26.6,1.2,156.0
2019-01-02,3054,46139.0,1224017.0,26.6,27.0,26.4,26.6,0.0,40.0
2019-01-03,3054,60246.0,1616765.0,26.8,27.5,26.5,26.85,0.25,48.0
2019-01-04,3054,27330.0,730252.0,26.9,26.9,26.55,26.85,0.0,40.0
2019-01-07,3054,93107.0,2505046.0,26.8,27.45,26.4,26.85,0.0,79.0
2019-01-08,3054,39715.0,1062421.0,26.85,26.9,26.65,26.8,-0.05,35.0
2019-01-09,3054,12042.0,321404.0,26.85,26.85,26.6,26.75,-0.05,28.0
2019-01-10,3054,125230.0,3323948.0,26.45,26.7,26.35,26.5,-0.25,37.0
2019-01-11,3054,38018.0,1012368.0,26.8,26.8,26.1,26.65,0.15,36.0
2019-01-14,3054,55433.0,1464799.0,26.65,26.65,26.25,26.3,-0.35,37.0
2019-01-15,3054,91227.0,2460713.0,26.3,28.0,26.3,26.8,0.5,72.0
2019-01-16,3054,44506.0,1185955.0,26.8,26.9,26.4,26.4,-0.4,37.0
2019-01-17,3054,44959.0,1203751.0,26.8,27.0,26.25,26.9,0.5,42.0
2019-01-18,3054,13023.0,349198.0,26.9,27.0,26.6,26.6,-0.3,30.0
2019-01-21,3054,41343.0,1104348.0,26.9,26.9,26.6,26.7,0.1,46.0
2019-01-22,3054,15011.0,399136.0,26.95,26.95,26.5,26.5,-0.2,21.0
2019-01-23,3054,12486.0,333765.0,26.8,26.8,26.7,26.75,0.25,40.0
2019-01-24,3054,52045.0,1392438.0,26.95,26.95,26.75,26.8,0.05,22.0
2019-01-25,3054,68074.0,1816287.0,26.8,26.85,26.35,26.35,-0.45,33.0
2019-01-28,3054,22743.0,608939.0,26.6,27.0,26.6,26.8,0.45,64.0
2019-01-29,3054,11340.0,302040.0,26.55,26.8,26.5,26.8,0.0,17.0
2019-01-30,3054,15433.0,410580.0,26.5,26.75,26.5,26.65,-0.15,19.0
2019-02-11,3054,23646.0,630349.0,26.85,26.85,26.5,26.8,0.15,74.0
2019-02-12,3054,13013.0,347988.0,26.35,26.8,26.35,26.8,0.0,25.0
2019-02-13,3054,36743.0,983760.0,26.9,26.9,26.7,26.8,0.0,28.0
2019-02-14,3054,35246.0,936491.0,26.75,26.75,26.5,26.7,-0.1,31.0
2019-02-15,3054,15008.0,398508.0,26.95,26.95,26.45,26.8,0.1,17.0
2019-02-18,3054,36016.0,955567.0,26.85,26.85,26.4,26.55,-0.25,40.0
2019-02-19,3054,18520.0,490673.0,26.7,26.7,26.35,26.5,-0.05,24.0
2019-02-20,3054,33065.0,873119.0,26.75,26.75,26.15,26.7,0.2,35.0
2019-02-21,3054,37716.0,1011477.0,26.7,27.0,26.4,26.5,-0.2,36.0
2019-02-22,3054,18743.0,497611.0,26.95,26.95,26.25,26.6,0.1,22.0
2019-02-25,3054,3743.0,98859.0,26.6,26.6,26.4,26.4,-0.2,35.0
2019-02-26,3054,9633.0,253595.0,26.65,26.65,26.25,26.55,0.15,18.0
2019-02-27,3054,1008.0,26709.0,26.5,26.5,26.5,26.5,-0.05,6.0
2019-03-04,3054,53495.0,1415167.0,26.5,26.95,26.0,26.5,0.0,23.0
2019-03-05,3054,13717.0,359935.0,26.7,26.7,26.15,26.45,-0.05,14.0
2019-03-06,3054,16872.0,442532.0,26.55,26.55,26.1,26.35,-0.1,20.0
2019-03-07,3054,8229.0,216844.0,26.3,26.45,26.3,26.3,-0.05,12.0
2019-03-08,3054,4005.0,105930.0,26.45,26.45,26.45,26.45,0.15,9.0
2019-03-11,3054,1003.0,26528.0,26.45,26.45,26.45,26.45,0.0,4.0
2019-03-12,3054,32306.0,844406.0,26.45,26.45,26.0,26.0,-0.45,30.0
2019-03-13,3054,14150.0,369029.0,26.35,26.35,25.8,26.2,0.2,16.0
2019-03-14,3054,10743.0,279065.0,26.25,26.25,25.95,26.0,-0.2,16.0
2019-03-15,3054,21716.0,560365.0,25.8,26.0,25.7,26.0,0.0,29.0
2019-03-18,3054,1113346.0,29482502.0,26.0,26.8,24.9,25.05,-0.95,228.0
2019-03-19,3054,432230.0,10839919.0,25.1,25.95,24.65,25.4,0.35,425.0
2019-03-20,3054,11947.0,304641.0,25.75,25.8,25.2,25.8,0.4,14.0
2019-03-21,3054,21051.0,535598.0,26.1,26.1,25.2,25.6,-0.2,24.0
2019-03-22,3054,31257.0,791789.0,26.0,26.0,25.1,25.35,-0.25,27.0
2019-03-25,3054,60016.0,1478685.0,25.45,25.45,24.35,24.35,-1.0,54.0
2019-03-26,3054,88494.0,2080733.0,24.45,24.45,23.2,23.5,-0.85,69.0
2019-03-27,3054,161786.0,3673261.0,22.8,23.5,22.15,23.5,0.0,108.0
2019-03-28,3054,145486.0,3612049.0,23.5,25.4,23.45,25.0,1.5,81.0
2019-03-29,3054,299530.0,7938213.0,25.0,27.0,25.0,26.85,1.85,179.0
2019-04-01,3054,25584.0,673617.0,26.75,26.75,26.05,26.35,-0.5,29.0
2019-04-02,3054,19173.0,507704.0,26.2,27.0,26.2,26.25,-0.1,23.0
2019-04-03,3054,16272.0,421289.0,26.45,26.45,25.5,26.1,-0.15,19.0
2019-04-08,3054,11490.0,297937.0,26.6,26.6,25.7,26.15,0.05,16.0
2019-04-09,3054,11973.0,310797.0,26.35,26.4,25.55,26.1,-0.05,15.0
2019-04-10,3054,45000.0,1143999.0,26.35,26.35,24.7,25.7,-0.4,42.0
2019-04-11,3054,3262.0,84183.0,25.9,25.9,25.7,25.7,0.0,5.0
2019-04-12,3054,17379.0,436537.0,25.2,25.6,24.85,25.5,-0.2,17.0
2019-04-15,3054,14594.0,369925.0,25.5,25.6,25.0,25.4,-0.1,14.0
2019-04-16,3054,12000.0,307750.0,25.8,25.8,25.25,25.7,0.3,10.0
2019-04-17,3054,19000.0,491600.0,25.75,25.9,25.75,25.85,0.15,18.0
2019-04-18,3054,9743.0,247386.0,25.9,25.9,25.35,25.35,-0.5,11.0
2019-04-19,3054,18816.0,468789.0,25.6,25.6,24.35,24.75,-0.6,20.0
2019-04-22,3054,3489.0,85279.0,24.25,24.75,24.25,24.75,0.0,4.0
2019-04-23,3054,7000.0,175100.0,24.95,25.2,24.95,24.95,0.2,7.0
2019-04-24,3054,4000.0,99400.0,25.1,25.1,24.7,24.7,-0.25,3.0
2019-04-25,3054,6743.0,167053.0,25.0,25.05,24.7,24.7,0.0,7.0
2019-04-26,3054,20391.0,529340.0,26.2,26.2,25.5,25.5,0.8,18.0
2019-04-29,3054,6372.0,163417.0,26.0,26.0,25.55,25.55,0.05,6.0
2019-04-30,3054,10000.0,247500.0,24.85,24.85,24.55,24.85,-0.7,9.0
2019-05-02,3054,5136.0,127959.0,24.85,25.5,24.7,24.7,-0.15,6.0
2019-05-03,3054,8003.0,196572.0,25.2,25.2,24.45,24.5,-0.2,11.0
2019-05-06,3054,12002.0,295248.0,24.85,24.85,24.55,24.6,0.1,12.0
2019-05-07,3054,16284.0,401922.0,24.55,24.9,24.55,24.55,-0.05,16.0
2019-05-08,3054,8000.0,200700.0,25.35,25.35,24.6,25.15,0.6,8.0
2019-05-09,3054,7000.0,176700.0,25.2,25.25,25.2,25.25,0.1,6.0
2019-05-10,3054,6581.0,164637.0,24.9,25.15,24.9,25.05,-0.2,9.0
2019-05-13,3054,13000.0,327050.0,25.65,25.65,24.8,24.9,-0.15,10.0
2019-05-14,3054,21000.0,523100.0,24.7,25.35,24.7,25.1,0.2,14.0
2019-05-15,3054,12514.0,311522.0,24.9,25.0,24.85,25.0,-0.1,10.0
2019-05-16,3054,29000.0,722500.0,25.0,25.0,24.85,25.0,0.0,20.0
2019-05-17,3054,7156.0,177825.0,24.95,24.95,24.8,24.85,-0.15,9.0
2019-05-20,3054,26005.0,646773.0,24.8,24.95,24.6,24.9,0.05,16.0
2019-05-21,3054,123000.0,3057150.0,24.8,25.0,24.8,25.0,0.1,20.0
2019-05-22,3054,113089.0,2813825.0,24.85,25.15,24.75,25.1,0.1,22.0
2019-05-23,3054,9000.0,226400.0,25.2,25.2,25.15,25.15,0.05,6.0
2019-05-24,3054,29491.0,743373.0,25.1,25.3,25.1,25.3,0.15,22.0
2019-05-27,3054,21000.0,529450.0,25.25,25.3,24.8,25.3,0.0,15.0
2019-05-28,3054,29000.0,730800.0,24.7,25.35,24.7,25.35,0.05,19.0
2019-05-29,3054,40236.0,1005284.0,25.5,25.5,24.6,25.4,0.05,30.0
2019-05-30,3054,8000.0,202550.0,25.45,25.45,25.2,25.2,-0.2,7.0
2019-05-31,3054,24486.0,612900.0,26.0,26.0,24.85,25.2,0.0,19.0
2019-06-03,3054,18000.0,447600.0,25.2,25.2,24.6,25.0,-0.2,9.0
2019-06-04,3054,10000.0,247200.0,25.0,25.0,24.6,24.85,-0.15,6.0
2019-06-05,3054,2000.0,50150.0,25.15,25.15,25.0,25.0,0.15,2.0
2019-06-06,3054,4000.0,100000.0,25.0,25.0,25.0,25.0,0.0,4.0
2019-06-10,3054,3570.0,88520.0,25.0,25.0,24.7,24.8,-0.2,6.0
2019-06-11,3054,3000.0,74700.0,24.8,24.95,24.8,24.95,0.15,3.0
2019-06-12,3054,7002.0,173149.0,24.8,24.95,24.5,24.8,-0.15,8.0
2019-06-13,3054,12268.0,302032.0,24.8,24.85,24.25,24.75,-0.05,14.0
2019-06-14,3054,28303.0,714044.0,24.95,25.8,24.75,25.1,0.35,25.0
2019-06-17,3054,1000.0,25150.0,25.15,25.15,25.15,25.15,0.05,1.0
2019-06-18,3054,7743.0,195625.0,25.7,25.7,24.65,25.2,0.05,8.0
2019-06-19,3054,8973.0,225625.0,25.0,25.2,25.0,25.2,0.0,9.0
2019-06-20,3054,33001.0,835775.0,25.2,26.0,25.0,25.35,0.15,28.0
2019-06-21,3054,30266.0,765802.0,25.3,25.5,25.05,25.4,0.05,25.0
2019-06-24,3054,21224.0,530232.0,25.5,25.5,24.85,24.9,-0.5,20.0
2019-06-25,3054,14000.0,349600.0,25.0,25.4,24.85,24.85,-0.05,13.0
2019-06-26,3054,6000.0,149200.0,25.2,25.2,24.8,24.8,-0.05,6.0
2019-06-27,3054,17000.0,423950.0,25.25,25.75,24.8,24.8,0.0,16.0
2019-06-28,3054,35000.0,872000.0,25.1,25.3,24.75,24.75,-0.05,29.0
2019-07-01,3054,3257.0,80822.0,24.85,24.85,24.8,24.8,0.05,5.0
2019-07-02,3054,2044.0,50935.0,24.95,24.95,24.9,24.9,0.1,4.0
2019-07-03,3054,2000.0,49800.0,24.9,24.9,24.9,24.9,0.0,2.0
2019-07-04,3054,5000.0,123000.0,24.9,24.9,24.4,24.4,-0.5,5.0
2019-07-05,3054,4241.0,104651.0,24.6,24.9,24.6,24.9,0.5,6.0
2019-07-08,3054,7230.0,177931.0,24.55,24.85,24.5,24.85,-0.05,8.0
2019-07-09,3054,4000.0,98450.0,24.4,24.9,24.4,24.9,0.05,4.0
2019-07-10,3054,8000.0,196550.0,24.55,24.8,24.4,24.8,-0.1,8.0
2019-07-11,3054,4000.0,98900.0,25.0,25.0,24.5,24.9,0.1,4.0
2019-07-12,3054,2000.0,50450.0,25.45,25.45,25.0,25.0,0.1,2.0
2019-07-15,3054,5839.0,145122.0,24.95,24.95,24.9,24.9,-0.1,8.0
2019-07-16,3054,16176.0,396547.0,24.45,24.85,24.4,24.85,-0.05,17.0
2019-07-17,3054,12080.0,300118.0,24.95,24.95,24.6,24.6,-0.25,13.0
2019-07-18,3054,6486.0,158909.0,24.75,24.75,24.45,24.45,-0.15,7.0
2019-07-19,3054,17486.0,427909.0,24.4,24.9,24.3,24.5,0.05,18.0
2019-07-22,3054,9486.0,230164.0,24.65,24.65,24.2,24.2,-0.3,8.0
2019-07-23,3054,7973.0,191052.0,23.35,24.2,23.35,24.15,-0.05,9.0
2019-07-24,3054,4134.0,99259.0,24.0,24.1,23.95,23.95,-0.2,5.0
2019-07-25,3054,7000.0,169200.0,24.0,24.6,24.0,24.6,0.65,6.0
2019-07-26,3054,10166.0,249300.0,24.6,24.6,24.25,24.6,0.0,11.0
2019-07-29,3054,4486.0,109459.0,24.1,24.55,24.1,24.5,-0.1,7.0
2019-07-30,3054,11000.0,262250.0,24.05,24.4,23.2,24.4,-0.1,11.0
2019-07-31,3054,1.0,24.0,0.0,0.0,0.0,0.0,0.0,1.0
2019-08-01,3054,2090.0,50142.0,24.0,24.0,24.0,24.0,0.0,3.0
2019-08-02,3054,1000.0,24000.0,24.0,24.0,24.0,24.0,0.0,1.0
2019-08-05,3054,1001.0,24024.0,24.0,24.0,24.0,24.0,0.0,2.0
2019-08-06,3054,4743.0,111683.0,23.3,23.8,23.25,23.8,-0.2,7.0
2019-08-07,3054,3000.0,71700.0,23.9,23.9,23.9,23.9,0.1,3.0
2019-08-08,3054,5380.0,128094.0,24.0,24.0,23.5,24.0,0.1,6.0
2019-08-12,3054,2000.0,48000.0,24.0,24.0,24.0,24.0,0.0,2.0
2019-08-13,3054,3000.0,71700.0,23.95,23.95,23.8,23.8,-0.2,3.0
2019-08-14,3054,2000.0,47600.0,23.8,23.8,23.8,23.8,0.0,2.0
2019-08-15,3054,3743.0,88660.0,23.75,23.75,23.7,23.7,-0.1,5.0
2019-08-16,3054,7054.0,164055.0,23.35,23.35,23.2,23.25,-0.45,8.0
2019-08-19,3054,35189.0,795527.0,23.2,23.2,22.45,23.1,-0.15,27.0
2019-08-20,3054,5716.0,130609.0,23.1,23.1,22.65,23.0,-0.1,7.0
2019-08-21,3054,15001.0,343273.0,22.8,23.05,22.6,23.0,0.0,16.0
2019-08-22,3054,2000.0,45600.0,22.9,22.9,22.7,22.7,-0.3,2.0
2019-08-23,3054,83113.0,2073663.0,24.95,24.95,24.95,24.95,2.25,61.0
2019-08-26,3054,533602.0,14596685.0,27.25,27.4,27.15,27.4,2.45,248.0
2019-08-27,3054,483322.0,12910567.0,26.9,27.3,25.9,26.35,-1.05,369.0
2019-08-28,3054,69919.0,1853985.0,26.9,27.0,26.3,26.3,-0.05,63.0
2019-08-29,3054,111888.0,2876676.0,26.3,26.3,25.0,25.65,-0.65,93.0
2019-08-30,3054,37269.0,964435.0,26.0,26.2,25.6,25.8,0.15,34.0
2019-09-02,3054,11716.0,302051.0,26.15,26.15,25.65,25.95,0.15,13.0
2019-09-03,3054,14000.0,360900.0,26.3,26.3,25.6,25.65,-0.3,13.0
2019-09-04,3054,28797.0,731313.0,25.3,25.8,25.3,25.35,-0.3,28.0
2019-09-05,3054,26743.0,676147.0,25.2,25.4,25.1,25.35,0.0,23.0
2019-09-06,3054,102284.0,2685504.0,27.1,27.1,25.75,25.95,0.6,88.0
2019-09-09,3054,28693.0,748548.0,25.95,26.3,25.95,26.1,0.15,24.0
2019-09-10,3054,9000.0,234050.0,26.2,26.2,25.8,26.0,-0.1,8.0
2019-09-11,3054,11000.0,283950.0,26.2,26.2,25.75,25.75,-0.25,8.0
2019-09-12,3054,9000.0,232200.0,26.25,26.25,25.7,25.7,-0.05,9.0
2019-09-16,3054,24000.0,621100.0,25.3,26.0,25.3,25.8,0.1,18.0
2019-09-17,3054,7516.0,191658.0,25.5,25.5,25.5,25.5,-0.3,9.0
2019-09-18,3054,28230.0,720792.0,25.95,25.95,25.35,25.4,-0.1,25.0
2019-09-19,3054,42692.0,1089163.0,25.45,25.8,25.4,25.8,0.4,22.0
2019-09-20,3054,22000.0,568850.0,25.9,26.1,25.7,25.7,-0.1,19.0
2019-09-23,3054,10214.0,263728.0,26.0,26.0,25.6,25.8,0.1,9.0
2019-09-24,3054,9230.0,237611.0,25.8,25.9,25.65,25.9,0.1,9.0
2019-09-25,3054,67518.0,1791093.0,27.0,27.0,26.2,26.2,0.3,53.0
2019-09-26,3054,15112.0,391284.0,26.0,26.2,25.75,26.2,0.0,15.0
2019-09-27,3054,24000.0,616400.0,25.85,25.85,25.3,25.5,-0.7,15.0
2019-10-01,3054,21000.0,536450.0,25.8,25.8,25.4,25.4,-0.1,16.0
2019-10-02,3054,25003.0,638225.0,25.7,25.8,25.4,25.4,0.0,17.0
2019-10-03,3054,3000.0,76450.0,25.65,25.65,25.4,25.4,0.0,3.0
2019-10-04,3054,36000.0,901300.0,25.1,25.2,25.0,25.05,-0.35,28.0
2019-10-07,3054,8000.0,199900.0,25.0,25.0,24.9,25.0,-0.05,8.0
2019-10-08,3054,29743.0,747600.0,25.35,25.4,24.9,25.1,0.1,22.0
2019-10-09,3054,12000.0,298900.0,25.05,25.05,24.8,24.8,-0.3,12.0
2019-10-14,3054,14000.0,350800.0,24.8,25.6,24.8,25.15,0.35,13.0
2019-10-15,3054,3000.0,74850.0,24.95,24.95,24.95,24.95,-0.2,2.0
2019-10-16,3054,21743.0,538426.0,25.25,25.25,24.5,25.0,0.05,17.0
2019-10-17,3054,3000.0,75150.0,25.2,25.2,24.95,25.0,0.0,3.0
2019-10-18,3054,7000.0,174300.0,25.0,25.0,24.85,24.9,-0.1,7.0
2019-10-21,3054,0.0,0.0,0.0,0.0,0.0,0.0,0.0,0.0
2019-10-22,3054,3377.0,83348.0,24.8,24.8,24.6,24.6,0.0,4.0
2019-10-23,3054,7072.0,171985.0,24.8,24.8,23.9,24.1,-0.5,9.0
2019-10-24,3054,17514.0,416484.0,23.35,24.1,23.35,23.7,-0.4,16.0
2019-10-25,3054,13743.0,328932.0,24.2,24.2,23.7,24.2,0.5,10.0
2019-10-28,3054,3343.0,81132.0,24.8,24.8,23.9,24.2,0.0,5.0
2019-10-29,3054,1000.0,24350.0,24.35,24.35,24.35,24.35,0.15,1.0
2019-10-30,3054,12459.0,299062.0,24.75,24.75,23.8,24.0,-0.35,13.0
2019-10-31,3054,8000.0,187800.0,23.5,23.5,23.45,23.45,-0.55,8.0
2019-11-01,3054,26690.0,638791.0,23.75,24.2,23.75,24.1,0.65,12.0
2019-11-04,3054,14000.0,334000.0,24.5,24.5,23.7,23.9,-0.2,9.0
2019-11-05,3054,14743.0,346511.0,23.65,23.65,23.45,23.45,-0.45,14.0
2019-11-06,3054,3000.0,71500.0,23.65,24.15,23.65,23.7,0.25,3.0
2019-11-07,3054,4714.0,111829.0,24.0,24.0,23.6,23.65,-0.05,5.0
2019-11-08,3054,17080.0,404103.0,23.65,23.9,23.6,23.6,-0.05,13.0
2019-11-11,3054,13000.0,302400.0,23.8,23.8,23.0,23.55,-0.05,9.0
2019-11-12,3054,3000.0,71250.0,24.0,24.0,23.6,23.65,0.1,3.0
2019-11-13,3054,3176.0,74847.0,23.5,23.85,23.3,23.85,0.2,4.0
2019-11-14,3054,23000.0,535200.0,23.35,23.6,23.05,23.6,-0.25,21.0
2019-11-15,3054,10000.0,235500.0,23.55,23.55,23.55,23.55,-0.05,10.0
2019-11-18,3054,13000.0,306500.0,23.55,23.85,23.5,23.6,0.05,8.0
2019-11-19,3054,5814.0,136384.0,23.3,23.6,23.3,23.4,-0.2,7.0
2019-11-20,3054,11319.0,269028.0,23.6,24.05,23.6,23.75,0.35,11.0
2019-11-21,3054,7567.0,181358.0,23.75,24.5,23.75,24.0,0.25,9.0
2019-11-22,3054,10743.0,259680.0,24.5,24.5,23.9,24.4,0.4,10.0
2019-11-25,3054,34000.0,812250.0,24.7,24.7,23.75,23.75,-0.65,23.0
2019-11-26,3054,27134.0,636502.0,23.6,24.25,23.3,24.0,0.25,15.0
2019-11-27,3054,0.0,0.0,0.0,0.0,0.0,0.0,0.0,0.0
2019-11-28,3054,5000.0,118400.0,24.0,24.0,23.5,23.85,0.0,5.0
2019-11-29,3054,16000.0,374200.0,23.8,23.8,23.3,23.4,-0.45,13.0
2019-12-02,3054,16490.0,382720.0,23.7,23.7,23.05,23.2,-0.2,13.0
2019-12-03,3054,8000.0,186500.0,23.6,23.7,23.2,23.7,0.5,3.0
2019-12-04,3054,12000.0,285100.0,23.75,23.8,23.6,23.6,-0.1,12.0
2019-12-05,3054,10634.0,250462.0,23.65,23.75,23.25,23.75,0.15,12.0
2019-12-06,3054,7575.0,177618.0,24.0,24.0,23.2,23.25,-0.5,9.0
2019-12-09,3054,5000.0,117750.0,23.75,23.8,23.3,23.6,0.35,5.0
2019-12-10,3054,10000.0,233250.0,23.25,23.5,23.2,23.45,-0.15,9.0
2019-12-11,3054,4000.0,94050.0,23.6,23.65,23.4,23.4,-0.05,4.0
2019-12-12,3054,4000.0,93500.0,23.25,23.5,23.25,23.5,0.1,4.0
2019-12-13,3054,61440.0,1480653.0,23.3,25.15,23.3,24.3,0.8,41.0
2019-12-16,3054,403237.0,10076975.0,24.3,25.6,24.3,25.2,0.9,61.0
2019-12-17,3054,73151.0,1882108.0,25.15,25.9,25.15,25.75,0.55,59.0
2019-12-18,3054,67610.0,1759879.0,25.85,26.3,25.6,26.1,0.35,52.0
2019-12-19,3054,51866.0,1331329.0,26.25,26.25,25.25,26.15,0.05,47.0
2019-12-20,3054,3720.0,96060.0,26.25,26.25,25.7,25.7,-0.45,4.0
2019-12-23,3054,16002.0,412751.0,25.8,26.05,25.55,25.75,0.05,15.0
2019-12-24,3054,15371.0,398603.0,25.35,26.1,25.35,25.95,0.2,14.0
2019-12-25,3054,36716.0,941901.0,25.6,26.0,25.4,25.9,-0.05,35.0
2019-12-26,3054,28233.0,734070.0,25.85,26.1,25.8,26.0,0.1,26.0
2019-12-27,3054,80486.0,2102463.0,26.05,26.5,25.9,26.0,0.0,54.0
2019-12-30,3054,179486.0,4781600.0,25.75,27.05,25.7,26.85,0.85,109.0
2019-12-31,3054,376835.0,10416230.0,26.85,28.6,26.85,28.5,1.65,242.0
2020-01-02,3054,206211.0,6055458.0,30.5,30.5,28.55,28.55,0.05,179.0
2020-01-03,3054,130406.0,3611103.0,28.5,28.5,27.3,27.55,-1.0,120.0
2020-01-06,3054,26506.0,719337.0,27.35,27.45,27.0,27.45,-0.1,27.0
2020-01-07,3054,30002.0,818604.0,27.9,27.9,27.0,27.6,0.15,25.0
2020-01-08,3054,18743.0,509961.0,27.0,27.65,27.0,27.25,-0.35,17.0
2020-01-09,3054,40229.0,1105343.0,27.35,27.8,27.15,27.5,0.25,34.0
2020-01-10,3054,40411.0,1096947.0,27.5,27.5,27.0,27.1,-0.4,29.0
2020-01-13,3054,16716.0,450045.0,27.75,27.75,26.85,26.85,-0.25,18.0
2020-01-14,3054,12000.0,322000.0,26.7,27.15,26.7,27.05,0.2,11.0
2020-01-15,3054,8000.0,215100.0,26.7,27.2,26.7,26.8,-0.25,8.0
2020-01-16,3054,15690.0,421173.0,26.65,27.0,26.65,26.95,0.15,17.0
2020-01-17,3054,18063.0,487047.0,26.9,27.0,26.9,26.95,0.0,14.0
2020-01-20,3054,14716.0,394123.0,26.85,26.85,26.7,26.7,-0.25,14.0
2020-01-30,3054,46160.0,1145072.0,25.35,25.4,24.1,24.35,-2.35,41.0
2020-01-31,3054,490000.0,12097200.0,24.6,26.75,24.5,26.4,2.05,54.0
2020-02-03,3054,29005.0,737530.0,26.75,26.75,24.85,26.3,-0.1,29.0
2020-02-04,3054,16001.0,407675.0,25.2,25.95,25.2,25.3,-1.0,17.0
2020-02-05,3054,6000.0,152400.0,25.35,25.45,25.35,25.45,0.15,5.0
2020-02-06,3054,22486.0,575944.0,26.3,26.3,25.5,25.6,0.15,21.0
2020-02-07,3054,14000.0,353850.0,25.45,25.45,25.0,25.45,-0.15,12.0
2020-02-10,3054,16002.0,395000.0,25.0,25.5,24.3,25.3,-0.15,16.0
2020-02-11,3054,21006.0,520000.0,25.25,25.25,24.45,24.9,-0.4,24.0
2020-02-12,3054,8002.0,200300.0,25.2,25.2,24.9,24.9,0.0,9.0
2020-02-13,3054,26026.0,644026.0,24.9,25.8,24.5,25.8,0.9,25.0
2020-02-14,3054,10001.0,253875.0,26.0,26.0,25.25,25.25,-0.55,8.0
2020-02-17,3054,8020.0,201950.0,25.3,25.3,25.0,25.0,-0.25,19.0
2020-02-18,3054,2003.0,50475.0,25.25,25.25,25.15,25.15,0.15,5.0
2020-02-19,3054,31001.0,765724.0,24.7,25.1,24.6,24.75,-0.4,29.0
2020-02-20,3054,32001.0,782774.0,25.1,25.1,24.3,24.45,-0.3,28.0
2020-02-21,3054,8000.0,195350.0,24.75,24.75,24.35,24.35,-0.1,8.0
2020-02-24,3054,14000.0,339650.0,24.5,24.5,24.1,24.15,-0.2,10.0
2020-02-25,3054,43197.0,1037178.0,24.05,24.1,23.95,23.95,-0.2,29.0
2020-02-26,3054,593000.0,14356200.0,24.05,24.4,24.05,24.1,0.15,68.0
2020-02-27,3054,118001.0,2882424.0,23.95,24.7,23.95,24.4,0.3,32.0
2020-03-02,3054,12000.0,292750.0,24.85,24.85,24.2,24.25,-0.15,10.0
2020-03-03,3054,25716.0,622412.0,24.95,24.95,24.1,24.1,-0.15,15.0
2020-03-04,3054,22166.0,530650.0,24.1,24.2,23.8,23.95,-0.15,18.0
2020-03-05,3054,8000.0,193250.0,24.3,24.3,24.0,24.0,0.05,8.0
2020-03-06,3054,21000.0,502100.0,24.1,24.1,23.8,23.8,-0.2,18.0
2020-03-09,3054,387229.0,10121968.0,26.15,26.15,25.6,26.15,2.35,247.0
2020-03-10,3054,194743.0,4875922.0,24.4,26.25,24.4,25.4,-0.75,156.0
2020-03-11,3054,115233.0,2967917.0,26.0,26.6,25.25,25.4,0.0,101.0
2020-03-12,3054,111025.0,2709175.0,25.45,25.45,23.8,25.0,-0.4,97.0
2020-03-13,3054,90948.0,2081403.0,22.8,24.1,22.5,24.1,-0.9,80.0
2020-03-16,3054,18003.0,421172.0,23.4,24.25,22.95,23.8,-0.3,21.0
2020-03-17,3054,45000.0,1033500.0,23.2,23.3,22.4,22.85,-0.95,41.0
2020-03-18,3054,49567.0,1118155.0,22.9,22.9,22.2,22.3,-0.55,46.0
2020-03-19,3054,127483.0,2652371.0,22.95,22.95,20.1,21.6,-0.7,104.0
2020-03-20,3054,59001.0,1312572.0,20.7,23.45,20.7,22.9,1.3,55.0
2020-03-23,3054,12000.0,257250.0,22.0,22.0,21.1,21.5,-1.4,11.0
2020-03-24,3054,26003.0,583017.0,21.2,23.15,21.2,22.8,1.3,27.0
2020-03-25,3054,21057.0,488683.0,23.55,23.6,22.95,23.4,0.6,20.0
2020-03-26,3054,28001.0,678374.0,23.95,24.75,23.65,24.3,0.9,27.0
2020-03-27,3054,61000.0,1479400.0,24.65,24.8,23.5,24.7,0.4,53.0
2020-03-30,3054,60063.0,1500304.0,24.6,25.8,24.25,24.75,0.05,50.0
2020-03-31,3054,129005.0,3259875.0,25.5,25.6,24.05,25.45,0.7,81.0
2020-04-01,3054,29486.0,732157.0,25.15,25.15,24.5,24.6,-0.85,29.0
2020-04-06,3054,18680.0,461577.0,25.1,25.4,24.0,24.75,0.15,17.0
2020-04-07,3054,41001.0,1020024.0,25.0,25.25,24.6,24.7,-0.05,36.0
2020-04-08,3054,28000.0,696700.0,25.1,25.1,24.7,24.7,0.0,25.0
2020-04-09,3054,58000.0,1437550.0,25.15,25.2,24.65,24.7,0.0,36.0
2020-04-10,3054,65113.0,1572038.0,24.95,24.95,24.0,24.0,-0.7,51.0
2020-04-13,3054,10001.0,243324.0,24.2,24.95,24.1,24.3,0.3,10.0
2020-04-14,3054,91001.0,2226124.0,24.8,24.8,24.1,24.4,0.1,55.0
2020-04-15,3054,104000.0,2546450.0,24.5,24.7,24.3,24.3,-0.1,57.0
2020-04-16,3054,48000.0,1171800.0,24.5,24.55,24.2,24.2,-0.1,33.0
2020-04-17,3054,35000.0,848450.0,24.65,24.65,24.1,24.3,0.1,31.0
2020-04-20,3054,51433.0,1254828.0,24.3,24.6,24.3,24.35,0.05,31.0
2020-04-21,3054,31000.0,754400.0,23.8,24.6,23.75,24.35,0.0,24.0
2020-04-22,3054,44000.0,1067750.0,24.3,24.35,24.1,24.35,0.0,19.0
2020-04-23,3054,43000.0,1052850.0,24.35,24.65,24.35,24.4,0.05,28.0
2020-04-24,3054,19000.0,467250.0,24.75,24.75,24.4,24.5,0.1,10.0
2020-04-27,3054,14000.0,344850.0,24.75,24.8,24.55,24.6,0.1,13.0
2020-04-28,3054,5000.0,122100.0,24.45,24.45,24.4,24.4,-0.2,5.0
2020-04-29,3054,13001.0,318024.0,24.4,24.5,24.4,24.45,0.05,11.0
2020-04-30,3054,37516.0,922366.0,24.75,24.75,24.45,24.65,0.2,24.0
2020-05-04,3054,18001.0,443624.0,24.55,25.0,24.55,24.6,-0.05,15.0
2020-05-05,3054,16100.0,396350.0,24.45,25.0,24.45,24.5,-0.1,16.0
2020-05-06,3054,33000.0,807400.0,24.45,24.55,24.35,24.4,-0.1,22.0
2020-05-07,3054,20167.0,490757.0,24.1,24.45,24.1,24.45,0.05,20.0
2020-05-08,3054,59000.0,1467900.0,25.85,25.85,24.2,24.2,-0.25,42.0
2020-05-11,3054,23000.0,559650.0,24.2,24.7,23.85,24.2,0.0,16.0
2020-05-12,3054,29000.0,696750.0,24.3,24.3,23.8,23.9,-0.3,22.0
2020-05-13,3054,18227.0,436998.0,24.2,24.2,23.9,24.0,0.1,12.0
2020-05-14,3054,38000.0,897300.0,23.8,23.8,23.4,23.75,-0.25,32.0
2020-05-15,3054,21000.0,496900.0,24.0,24.0,23.55,23.85,0.1,17.0
2020-05-18,3054,45230.0,1088797.0,23.95,24.25,23.95,24.05,0.2,34.0
2020-05-19,3054,14000.0,335250.0,24.05,24.1,23.65,23.9,-0.15,14.0
2020-05-20,3054,39000.0,934700.0,23.9,24.0,23.8,24.0,0.1,31.0
2020-05-21,3054,28000.0,662400.0,24.0,24.0,23.0,23.85,-0.15,26.0
2020-05-22,3054,29000.0,688500.0,23.85,23.95,23.5,23.5,-0.35,22.0
2020-05-25,3054,12684.0,295837.0,23.0,23.45,23.0,23.45,-0.05,13.0
2020-05-26,3054,19000.0,453100.0,23.45,24.0,23.45,23.9,0.45,10.0
2020-05-27,3054,18066.0,431157.0,23.85,23.9,23.8,23.8,-0.1,13.0
2020-05-28,3054,14000.0,333050.0,23.8,23.9,23.65,23.65,-0.15,12.0
2020-05-29,3054,34001.0,820874.0,24.15,24.6,23.6,24.15,0.5,29.0
2020-06-01,3054,33000.0,800200.0,24.3,24.35,24.15,24.2,0.05,21.0
2020-06-02,3054,8004.0,193546.0,24.25,24.25,24.1,24.2,0.0,7.0
2020-06-03,3054,12999.0,314525.0,24.3,24.3,23.8,24.3,0.1,13.0
2020-06-04,3054,13000.0,315350.0,24.3,24.3,24.15,24.25,-0.05,8.0
2020-06-05,3054,11002.0,266648.0,24.25,24.25,24.2,24.25,0.0,9.0
2020-06-08,3054,23074.0,557879.0,24.5,25.0,23.8,24.1,-0.15,21.0
2020-06-09,3054,13000.0,315000.0,24.25,24.35,24.15,24.2,0.1,12.0
2020-06-10,3054,61256.0,1487345.0,24.5,24.65,23.9,24.2,0.0,52.0
2020-06-11,3054,11000.0,265250.0,24.2,24.4,23.85,24.0,-0.2,11.0
2020-06-12,3054,22000.0,522550.0,23.7,23.95,23.5,23.95,-0.05,19.0
2020-06-15,3054,20000.0,474250.0,24.15,24.15,23.55,23.9,-0.05,17.0
2020-06-16,3054,13000.0,309550.0,23.75,24.1,23.7,23.85,-0.05,12.0
2020-06-17,3054,32743.0,780134.0,23.95,23.95,23.75,23.8,-0.05,23.0
2020-06-18,3054,8257.0,196303.0,23.75,23.85,23.75,23.85,0.05,8.0
2020-06-19,3054,18743.0,445409.0,23.7,23.85,23.7,23.85,0.0,17.0
2020-06-22,3054,24000.0,573250.0,23.85,23.95,23.85,23.9,0.05,18.0
2020-06-23,3054,15250.0,364874.0,24.0,24.0,23.9,23.95,0.05,17.0
2020-06-24,3054,30000.0,720200.0,24.0,24.05,23.95,24.0,0.05,23.0
2020-06-29,3054,29000.0,682000.0,23.35,23.8,23.35,23.75,-0.25,22.0
2020-06-30,3054,343726.0,8324604.0,23.55,25.3,23.55,25.0,1.25,172.0
2020-07-01,3054,194432.0,4741068.0,24.8,24.8,24.1,24.35,-0.65,72.0
2020-07-02,3054,41250.0,992325.0,23.9,24.3,23.9,24.0,-0.35,34.0
2020-07-03,3054,48893.0,1174264.0,24.3,24.55,23.8,23.85,-0.15,49.0
2020-07-06,3054,44001.0,1055423.0,23.95,24.3,23.8,23.9,0.05,40.0
2020-07-07,3054,54743.0,1320129.0,24.0,24.55,23.95,24.55,0.65,38.0
2020-07-08,3054,111869.0,2808350.0,24.6,25.55,24.6,25.0,0.45,78.0
2020-07-09,3054,90100.0,2271500.0,25.3,25.7,24.65,25.0,0.0,74.0
2020-07-10,3054,40000.0,992550.0,25.1,25.15,24.4,24.75,-0.25,29.0
2020-07-13,3054,59000.0,1458400.0,24.95,24.95,24.45,24.75,0.0,42.0
2020-07-14,3054,52000.0,1278450.0,25.0,25.0,24.3,24.6,-0.15,31.0
2020-07-15,3054,16000.0,397550.0,24.95,24.95,24.6,24.85,0.25,8.0
2020-07-16,3054,22486.0,558057.0,24.9,24.9,24.6,24.7,-0.15,10.0
2020-07-17,3054,51000.0,1253800.0,24.8,24.85,24.4,24.55,-0.15,24.0
2020-07-20,3054,42743.0,1042930.0,24.25,24.45,24.25,24.4,-0.15,19.0
2020-07-21,3054,24743.0,601380.0,24.5,24.5,24.15,24.4,0.0,19.0
2020-07-22,3054,24000.0,576850.0,24.2,24.2,23.9,24.0,-0.4,23.0
2020-07-23,3054,38433.0,924048.0,24.0,24.35,24.0,24.1,0.1,28.0
2020-07-24,3054,23743.0,570809.0,24.1,24.3,23.7,23.85,-0.25,18.0
2020-07-27,3054,23000.0,547850.0,23.8,24.1,23.55,23.8,-0.05,19.0
2020-07-28,3054,28929.0,679873.0,23.7,23.85,23.3,23.75,-0.05,27.0
2020-07-29,3054,9284.0,222687.0,23.75,24.4,23.65,23.9,0.15,10.0
2020-07-30,3054,56000.0,1312100.0,23.75,23.9,23.3,23.5,-0.4,47.0
2020-07-31,3054,35000.0,814650.0,23.6,23.6,23.1,23.55,0.05,26.0
2020-08-03,3054,22000.0,510900.0,23.2,23.35,23.2,23.2,-0.35,19.0
2020-08-04,3054,28001.0,654573.0,23.25,23.75,23.25,23.65,0.45,24.0
2020-08-05,3054,40044.0,933862.0,23.5,23.65,23.25,23.65,0.0,35.0
2020-08-06,3054,18460.0,430168.0,23.7,23.7,23.25,23.3,-0.35,17.0
2020-08-07,3054,27000.0,628650.0,23.1,23.65,23.1,23.3,0.0,25.0
2020-08-10,3054,13000.0,302600.0,23.3,23.55,23.15,23.3,0.0,13.0
2020-08-11,3054,45000.0,1031600.0,23.3,23.3,22.8,23.05,-0.25,38.0
2020-08-12,3054,24090.0,559602.0,23.0,23.9,22.95,22.95,-0.1,20.0
2020-08-13,3054,78000.0,1764050.0,22.95,23.1,22.4,22.6,-0.35,56.0
2020-08-14,3054,33000.0,743900.0,22.75,22.75,22.4,22.55,-0.05,19.0
2020-08-17,3054,60122.0,1378005.0,22.6,23.55,22.45,23.25,0.7,51.0
2020-08-18,3054,13514.0,314872.0,23.3,23.6,22.85,23.1,-0.15,14.0
2020-08-19,3054,24026.0,554698.0,22.8,23.4,22.6,23.3,0.2,22.0
2020-08-20,3054,7000.0,160400.0,22.7,23.2,22.7,23.05,-0.25,7.0
2020-08-21,3054,12000.0,274850.0,23.4,23.4,22.75,22.85,-0.2,11.0
2020-08-24,3054,19433.0,442957.0,23.3,23.3,22.65,22.8,-0.05,19.0
2020-08-25,3054,10054.0,229431.0,23.15,23.15,22.7,22.8,0.0,11.0
2020-08-26,3054,11000.0,252700.0,23.05,23.3,22.85,22.9,0.1,11.0
2020-08-27,3054,14102.0,325434.0,23.3,23.3,22.85,22.85,-0.05,16.0
2020-08-28,3054,10000.0,228600.0,22.8,23.0,22.8,23.0,0.15,9.0
2020-08-31,3054,11258.0,256631.0,23.0,23.0,22.5,22.9,-0.1,13.0
2020-09-01,3054,12944.0,294926.0,22.8,23.0,22.75,22.9,0.0,11.0
2020-09-02,3054,10352.0,236807.0,23.25,23.25,22.7,22.85,-0.05,11.0
2020-09-03,3054,39270.0,892624.0,23.0,23.0,22.6,22.65,-0.2,33.0
2020-09-04,3054,47000.0,1046750.0,22.6,22.65,22.0,22.55,-0.1,35.0
2020-09-07,3054,14003.0,315167.0,22.4,22.55,22.4,22.55,0.0,13.0
2020-09-08,3054,4167.0,95457.0,22.65,23.0,22.65,23.0,0.45,6.0
2020-09-09,3054,34001.0,763222.0,22.8,22.8,22.3,22.7,-0.3,29.0
2020-09-10,3054,6000.0,135850.0,22.5,22.8,22.5,22.8,0.1,5.0
2020-09-11,3054,49175.0,1106445.0,22.9,23.0,22.35,22.7,-0.1,20.0
2020-09-14,3054,7001.0,158872.0,22.35,22.75,22.35,22.75,0.05,6.0
2020-09-15,3054,22001.0,499272.0,22.75,22.85,22.6,22.6,-0.15,21.0
2020-09-16,3054,13000.0,297600.0,22.95,22.95,22.8,22.9,0.3,6.0
2020-09-17,3054,3000.0,67950.0,22.45,22.9,22.45,22.6,-0.3,3.0
2020-09-18,3054,29600.0,676209.0,22.85,22.95,22.6,22.9,0.3,22.0
2020-09-21,3054,11000.0,250750.0,23.0,23.0,22.6,22.8,-0.1,11.0
2020-09-22,3054,13753.0,315393.0,22.75,23.8,22.5,22.85,0.05,12.0
2020-09-23,3054,9953.0,226432.0,23.25,23.25,22.4,22.85,0.0,11.0
2020-09-24,3054,14000.0,316650.0,22.25,23.2,22.25,22.85,0.0,14.0
2020-09-25,3054,12000.0,271050.0,22.35,22.75,22.35,22.7,-0.15,7.0
2020-09-28,3054,32000.0,733200.0,22.7,23.3,22.6,23.0,0.3,22.0
2020-09-29,3054,59000.0,1390150.0,23.15,24.25,23.15,23.7,0.7,47.0
2020-09-30,3054,151000.0,3636550.0,24.0,24.4,23.6,24.0,0.3,92.0
2020-10-05,3054,12001.0,287123.0,24.0,24.05,23.5,23.9,-0.1,9.0
2020-10-06,3054,245000.0,5821950.0,23.95,23.95,23.55,23.7,-0.2,36.0
2020-10-07,3054,20000.0,464800.0,22.9,23.6,22.85,23.6,-0.1,17.0
2020-10-08,3054,24039.0,552943.0,22.95,23.1,22.9,23.05,-0.55,25.0
2020-10-12,3054,4000.0,92150.0,23.15,23.15,23.0,23.0,-0.05,3.0
2020-10-13,3054,40000.0,916950.0,22.85,23.25,22.8,23.05,0.05,37.0
2020-10-14,3054,7000.0,160200.0,23.05,23.05,22.85,22.85,-0.2,7.0
2020-10-15,3054,11000.0,251350.0,22.85,23.0,22.7,22.9,0.05,8.0
2020-10-16,3054,13000.0,295450.0,22.7,22.8,22.7,22.7,-0.2,11.0
2020-10-19,3054,27000.0,628750.0,22.9,23.6,22.8,23.35,0.65,20.0
2020-10-20,3054,14000.0,323750.0,23.7,23.7,22.95,23.2,-0.15,8.0
2020-10-21,3054,17000.0,390300.0,22.95,23.0,22.95,23.0,-0.2,16.0
2020-10-22,3054,7199.0,165827.0,23.0,23.5,22.95,22.95,-0.05,8.0
2020-10-23,3054,14000.0,323000.0,24.0,24.0,22.95,22.95,0.0,13.0
2020-10-26,3054,11000.0,251550.0,22.7,23.55,22.6,22.85,-0.1,10.0
2020-10-27,3054,2000.0,46250.0,23.35,23.35,22.9,22.9,0.05,2.0
2020-10-28,3054,6000.0,135600.0,22.55,22.65,22.55,22.6,-0.3,5.0
2020-10-29,3054,3000.0,67950.0,22.8,22.8,22.4,22.75,0.15,3.0
2020-10-30,3054,23001.0,515072.0,22.45,22.8,21.9,22.5,-0.25,22.0
2020-11-02,3054,2000.0,45250.0,22.65,22.65,22.6,22.6,0.1,2.0
2020-11-03,3054,9433.0,213692.0,22.8,22.8,22.35,22.7,0.1,11.0
2020-11-04,3054,4257.0,96783.0,22.9,22.9,22.55,22.75,0.05,5.0
2020-11-05,3054,9001.0,202422.0,22.7,22.7,22.4,22.5,-0.25,8.0
2020-11-06,3054,10000.0,229900.0,22.7,23.65,22.7,23.0,0.5,9.0
2020-11-09,3054,12859.0,292860.0,23.1,23.1,22.55,22.75,-0.25,15.0
2020-11-10,3054,4487.0,101457.0,22.65,22.7,22.45,22.45,-0.3,6.0
2020-11-11,3054,9000.0,204750.0,23.0,23.0,22.7,22.85,0.4,6.0
2020-11-12,3054,4001.0,91222.0,22.8,22.8,22.8,22.8,-0.05,4.0
2020-11-13,3054,8867.0,201343.0,22.4,22.85,22.4,22.8,0.0,9.0
2020-11-16,3054,14230.0,324871.0,22.95,22.95,22.6,22.85,0.05,14.0
2020-11-17,3054,11659.0,265265.0,23.05,23.05,22.65,22.9,0.05,17.0
2020-11-18,3054,14420.0,329776.0,22.9,22.95,22.8,22.95,0.05,11.0
2020-11-19,3054,15000.0,343900.0,23.0,23.0,22.6,22.95,0.0,10.0
2020-11-20,3054,25960.0,601381.0,23.0,23.9,22.95,23.25,0.3,24.0
2020-11-23,3054,21000.0,487150.0,23.4,23.4,23.1,23.25,0.0,16.0
2020-11-24,3054,2745.0,63050.0,23.25,23.25,23.25,23.25,0.0,7.0
2020-11-25,3054,12543.0,291243.0,23.2,23.45,23.15,23.3,0.05,11.0
2020-11-26,3054,26425.0,618995.0,23.3,23.6,23.3,23.6,0.3,19.0
2020-11-27,3054,20489.0,481398.0,23.75,23.75,23.3,23.5,-0.1,22.0
2020-11-30,3054,38158.0,894959.0,23.45,23.65,23.25,23.65,0.15,35.0
2020-12-01,3054,27213.0,643550.0,23.75,24.0,23.45,24.0,0.35,25.0
2020-12-02,3054,32087.0,769161.0,24.0,24.1,23.9,23.9,-0.1,28.0
2020-12-03,3054,30001.0,716273.0,24.0,24.0,23.8,23.8,-0.1,16.0
2020-12-04,3054,29000.0,688950.0,23.8,23.8,23.65,23.75,-0.05,18.0
2020-12-07,3054,16231.0,381873.0,23.75,23.85,23.4,23.85,0.1,18.0
2020-12-08,3054,21366.0,500764.0,23.8,23.8,23.35,23.4,-0.45,16.0
2020-12-09,3054,31000.0,723750.0,23.25,23.6,23.0,23.3,-0.1,23.0
2020-12-10,3054,23165.0,537420.0,23.2,23.3,23.1,23.2,-0.1,24.0
2020-12-11,3054,20216.0,464879.0,23.2,23.2,22.8,23.0,-0.2,20.0
2020-12-14,3054,6946.0,160658.0,23.0,23.2,23.0,23.15,0.15,9.0
2020-12-15,3054,26000.0,591750.0,22.8,23.15,22.5,23.0,-0.15,20.0
2020-12-16,3054,17000.0,390950.0,23.15,23.15,22.8,23.0,0.0,13.0
2020-12-17,3054,17231.0,396563.0,23.15,23.15,22.9,23.05,0.05,16.0
2020-12-18,3054,16270.0,374746.0,23.05,23.05,23.0,23.05,0.0,13.0
2020-12-21,3054,3187.0,73441.0,23.05,23.05,23.05,23.05,0.0,3.0
2020-12-22,3054,98168.0,2251930.0,23.1,23.25,22.8,22.85,-0.2,33.0
2020-12-23,3054,164148.0,3775381.0,23.0,23.0,23.0,23.0,0.15,7.0
2020-12-24,3054,14002.0,324496.0,23.45,23.45,23.0,23.05,0.05,11.0
2020-12-25,3054,18036.0,415176.0,23.4,23.4,22.95,23.15,0.1,19.0
2020-12-28,3054,64160.0,1494843.0,23.35,23.5,23.1,23.35,0.2,54.0
2020-12-29,3054,32999.0,761927.0,23.35,23.35,22.95,23.2,-0.15,29.0
2020-12-30,3054,103386.0,2420834.0,23.1,23.8,23.1,23.8,0.6,63.0
2020-12-31,3054,303863.0,7272439.0,23.65,24.5,23.65,24.0,0.2,179.0
2021-01-04,3054,17417.0,412182.0,23.7,23.95,23.4,23.85,-0.15,18.0
2021-01-05,3054,6762.0,158354.0,23.45,23.5,23.4,23.5,-0.35,11.0
2021-01-06,3054,12920.0,297511.0,23.15,23.15,22.95,23.0,-0.5,13.0
2021-01-07,3054,10201.0,239265.0,23.95,23.95,22.95,22.95,-0.05,11.0
2021-01-08,3054,14820.0,342736.0,23.45,23.75,22.8,23.25,0.3,18.0
2021-01-11,3054,15182.0,348945.0,23.25,23.25,22.75,23.15,-0.1,13.0
2021-01-12,3054,4317.0,99591.0,23.1,23.1,23.05,23.05,-0.1,6.0
2021-01-13,3054,25636.0,589419.0,23.05,23.1,22.8,22.9,-0.15,25.0
2021-01-14,3054,17320.0,397496.0,22.8,23.0,22.55,23.0,0.1,13.0
2021-01-15,3054,23794.0,543635.0,22.9,23.0,22.65,22.95,-0.05,20.0
2021-01-18,3054,23152.0,523756.0,22.65,22.9,22.45,22.85,-0.1,18.0
2021-01-19,3054,27973.0,631797.0,22.6,22.9,22.5,22.5,-0.35,22.0
2021-01-20,3054,24518.0,549388.0,22.45,22.8,22.2,22.5,0.0,28.0
2021-01-21,3054,6599.0,148328.0,22.35,22.8,22.35,22.45,-0.05,8.0
2021-01-22,3054,11743.0,264268.0,22.35,22.65,22.35,22.5,0.05,11.0
2021-01-25,3054,14018.0,316844.0,22.5,22.7,22.35,22.7,0.2,28.0
2021-01-26,3054,8001.0,181523.0,22.85,22.85,22.5,22.8,0.1,8.0
2021-01-27,3054,14010.0,319178.0,22.8,22.8,22.75,22.75,-0.05,16.0
2021-01-28,3054,8000.0,180200.0,22.65,22.8,22.4,22.8,0.05,7.0
2021-01-29,3054,27000.0,612100.0,22.4,23.1,22.35,23.1,0.3,22.0
2021-02-01,3054,9398.0,217745.0,23.1,23.4,22.75,22.75,-0.35,15.0
2021-02-02,3054,5003.0,115419.0,23.05,23.1,23.05,23.05,0.3,8.0
2021-02-03,3054,1002.0,23096.0,23.05,23.05,23.05,23.05,0.0,3.0
2021-02-04,3054,7002.0,158346.0,22.55,22.9,22.5,22.8,-0.25,9.0
2021-02-05,3054,8228.0,185771.0,22.45,23.0,22.45,22.8,0.0,11.0
2021-02-17,3054,10482.0,240640.0,23.1,23.1,22.9,22.95,0.15,12.0
2021-02-18,3054,35080.0,797486.0,23.1,23.6,22.0,22.8,-0.15,32.0
2021-02-19,3054,11213.0,254257.0,22.65,23.05,22.45,22.8,0.0,21.0
2021-02-22,3054,13122.0,298628.0,22.8,22.85,22.5,22.8,0.0,16.0
2021-02-23,3054,42006.0,952937.0,22.6,22.85,22.5,22.85,0.05,39.0
2021-02-24,3054,8201.0,186385.0,22.95,22.95,22.65,22.7,-0.15,10.0
2021-02-25,3054,14008.0,318979.0,23.0,23.0,22.55,22.75,0.05,18.0
2021-02-26,3054,19488.0,438937.0,22.45,22.75,22.45,22.5,-0.25,19.0
2021-03-02,3054,17020.0,385144.0,22.4,22.95,22.4,22.5,0.0,16.0
2021-03-03,3054,77919.0,1743209.0,22.5,22.55,22.3,22.3,-0.2,38.0
2021-03-04,3054,46002.0,1015446.0,22.2,22.9,21.9,22.2,-0.1,34.0
2021-03-05,3054,14000.0,312250.0,22.2,22.5,22.05,22.05,-0.15,10.0
2021-03-08,3054,22233.0,491829.0,22.1,22.25,22.0,22.0,-0.05,20.0
2021-03-09,3054,23003.0,507216.0,22.05,22.1,22.0,22.05,0.05,11.0
2021-03-10,3054,10009.0,223148.0,22.3,22.3,22.25,22.25,0.2,13.0
2021-03-11,3054,13002.0,296895.0,22.5,23.0,22.5,22.8,0.55,11.0
2021-03-12,3054,46.0,1014.0,0.0,0.0,0.0,0.0,0.0,3.0
2021-03-15,3054,17000.0,379800.0,22.8,22.8,22.1,22.35,0.0,14.0
2021-03-16,3054,31526.0,695017.0,22.1,22.1,21.95,21.95,-0.4,29.0
2021-03-17,3054,11001.0,241421.0,22.5,22.5,21.85,21.85,-0.1,12.0
2021-03-18,3054,16514.0,362358.0,21.95,22.4,21.8,21.9,0.05,13.0
2021-03-19,3054,15002.0,328842.0,22.3,22.3,21.55,21.9,0.0,12.0
2021-03-22,3054,5001.0,110021.0,22.0,22.0,22.0,22.0,0.1,6.0
2021-03-23,3054,4002.0,87594.0,21.7,21.95,21.7,21.95,-0.05,5.0
2021-03-24,3054,28257.0,619390.0,22.0,22.0,21.65,22.0,0.05,27.0
2021-03-25,3054,25068.0,558648.0,22.0,22.9,22.0,22.45,0.45,24.0
2021-03-26,3054,16000.0,362050.0,22.7,22.9,22.2,22.6,0.15,16.0
2021-03-29,3054,72556.0,1629275.0,22.85,22.9,21.9,22.9,0.3,69.0
2021-03-30,3054,64002.0,1417998.0,22.6,22.6,22.0,22.3,-0.6,49.0
2021-03-31,3054,321097.0,7463825.0,22.7,23.8,22.3,23.5,1.2,225.0
2021-04-01,3054,40020.0,917394.0,22.85,23.0,22.65,22.65,-0.85,20.0
2021-04-06,3054,18037.0,404451.0,23.4,23.4,22.3,22.3,-0.35,16.0
2021-04-07,3054,28999.0,645827.0,22.3,22.4,22.15,22.4,0.1,23.0
2021-04-08,3054,12639.0,281535.0,22.2,22.35,22.2,22.35,-0.05,9.0
2021-04-09,3054,21000.0,470900.0,22.35,22.6,22.35,22.4,0.05,21.0
2021-04-12,3054,7020.0,157145.0,22.7,22.7,22.25,22.25,-0.15,7.0
2021-04-13,3054,17054.0,377067.0,22.75,22.75,22.05,22.1,-0.15,22.0
2021-04-14,3054,9535.0,212591.0,22.5,22.5,22.0,22.35,0.25,13.0
2021-04-15,3054,25000.0,557750.0,22.15,22.35,22.15,22.25,-0.1,13.0
2021-04-16,3054,14111.0,310669.0,22.05,22.05,22.0,22.0,-0.25,13.0
2021-04-19,3054,15358.0,339186.0,22.15,22.5,22.0,22.5,0.5,15.0
2021-04-20,3054,26000.0,578150.0,22.5,22.5,22.1,22.3,-0.2,16.0
2021-04-21,3054,25893.0,573425.0,22.3,22.3,22.05,22.2,-0.1,28.0
2021-04-22,3054,71009.0,1563495.0,22.05,22.15,21.9,21.9,-0.3,41.0
2021-04-23,3054,40425.0,886821.0,21.95,22.05,21.8,22.0,0.1,29.0
2021-04-26,3054,752587.0,18028740.0,22.45,24.2,22.45,24.2,2.2,372.0
2021-04-27,3054,640949.0,15738866.0,25.5,26.35,23.85,23.85,-0.35,363.0
2021-04-28,3054,122160.0,2821807.0,24.15,24.15,22.55,22.6,-1.25,99.0
2021-04-29,3054,86001.0,1959574.0,23.0,23.0,22.25,22.8,0.2,57.0
2021-05-03,3054,77326.0,1718714.0,22.9,22.9,22.0,22.3,-0.5,50.0
2021-05-04,3054,97683.0,2060209.0,22.4,22.4,20.6,21.2,-1.1,85.0
2021-05-05,3054,15020.0,327940.0,22.0,22.2,21.3,21.9,0.7,16.0
2021-05-06,3054,49792.0,1062634.0,21.55,21.55,21.15,21.15,-0.75,41.0
2021-05-07,3054,8973.0,191983.0,21.8,21.8,21.3,21.3,0.15,10.0
2021-05-10,3054,39723.0,833172.0,21.85,21.85,20.55,21.4,0.1,40.0
2021-05-11,3054,15306.0,319241.0,21.4,21.4,20.65,20.9,-0.5,15.0
2021-05-12,3054,38230.0,775111.0,21.35,21.35,19.6,20.6,-0.3,31.0
2021-05-13,3054,134101.0,2566346.0,19.35,21.3,18.55,19.25,-1.35,97.0
2021-05-14,3054,20002.0,395892.0,20.1,20.1,19.35,19.95,0.7,21.0
2021-05-17,3054,31001.0,579471.0,20.6,20.6,18.2,18.5,-1.45,28.0
2021-05-18,3054,17689.0,350822.0,20.1,20.15,19.6,19.9,1.4,21.0
2021-05-19,3054,38000.0,754350.0,20.0,20.35,19.2,20.15,0.25,36.0
2021-05-20,3054,49000.0,979900.0,20.15,21.4,19.4,20.5,0.35,48.0
2021-05-21,3054,22433.0,465576.0,19.85,22.2,19.85,22.2,1.7,22.0
2021-05-24,3054,27000.0,574400.0,21.0,21.7,20.9,21.55,-0.65,26.0
2021-05-25,3054,20673.0,447519.0,22.0,22.0,21.55,21.7,0.15,16.0
2021-05-26,3054,7032.0,152638.0,21.95,21.95,21.45,21.7,0.0,6.0
2021-05-27,3054,10743.0,232997.0,21.65,22.2,21.25,22.0,0.3,11.0
2021-05-28,3054,40488.0,902190.0,22.0,23.35,21.7,22.85,0.85,36.0
2021-05-31,3054,98534.0,2287656.0,23.4,23.6,22.4,23.5,0.65,75.0
2021-06-01,3054,14152.0,326550.0,23.45,23.45,22.8,23.3,-0.2,15.0
2021-06-02,3054,5433.0,124809.0,22.85,23.2,22.75,23.2,-0.1,7.0
2021-06-03,3054,20202.0,452015.0,22.65,22.65,22.15,22.5,-0.7,18.0
2021-06-04,3054,11300.0,241109.0,23.25,23.25,22.3,22.35,-0.15,9.0
2021-06-07,3054,8000.0,180450.0,23.0,23.0,22.25,22.65,0.3,8.0
2021-06-08,3054,2000.0,45250.0,22.7,22.7,22.55,22.55,-0.1,2.0
2021-06-09,3054,18607.0,416185.0,22.95,22.95,22.25,22.45,-0.1,19.0
2021-06-10,3054,14505.0,323312.0,22.9,22.9,22.15,22.45,0.0,16.0
2021-06-11,3054,3000.0,68350.0,22.95,22.95,22.7,22.7,0.25,3.0
2021-06-15,3054,2000.0,45600.0,22.7,22.9,22.7,22.9,0.2,2.0
2021-06-16,3054,14755.0,326938.0,22.5,22.6,22.25,22.25,-0.65,14.0
2021-06-17,3054,19747.0,442280.0,22.45,22.8,22.3,22.6,0.35,21.0
2021-06-18,3054,11001.0,248172.0,22.95,22.95,22.35,22.85,0.25,10.0
2021-06-21,3054,9000.0,202900.0,22.8,22.8,22.3,22.65,-0.2,8.0
2021-06-22,3054,11203.0,253376.0,22.65,23.2,22.45,22.45,-0.2,12.0
2021-06-23,3054,35134.0,794016.0,22.8,23.0,22.35,22.35,-0.1,24.0
2021-06-24,3054,28891.0,655145.0,22.9,22.9,22.5,22.8,0.45,23.0
2021-06-25,3054,11089.0,251770.0,22.9,22.9,22.45,22.85,0.05,12.0
2021-06-28,3054,15034.0,341711.0,22.95,23.0,22.5,22.6,-0.25,17.0
2021-06-29,3054,141000.0,3149600.0,22.9,23.1,22.0,22.4,-0.2,78.0
2021-06-30,3054,431500.0,9795708.0,22.8,23.3,22.1,22.1,-0.3,183.0
2021-07-01,3054,74222.0,1564512.0,22.15,22.15,20.8,21.05,-1.05,55.0
2021-07-02,3054,24576.0,515214.0,21.05,21.05,20.8,20.8,-0.25,22.0
2021-07-05,3054,75300.0,1590940.0,21.25,21.95,20.8,20.8,0.0,51.0
2021-07-06,3054,83050.0,1687264.0,20.3,20.55,20.25,20.3,-0.5,59.0
2021-07-07,3054,48012.0,963696.0,20.25,20.3,20.0,20.0,-0.3,37.0
2021-07-08,3054,42021.0,843920.0,20.0,20.3,20.0,20.05,0.05,33.0
2021-07-09,3054,17777.0,355646.0,20.0,20.05,20.0,20.0,-0.05,22.0
2021-07-12,3054,31756.0,637509.0,20.1,20.8,19.95,20.1,0.1,25.0
2021-07-13,3054,49490.0,998044.0,20.25,20.3,20.0,20.3,0.2,45.0
2021-07-14,3054,49953.0,1027093.0,20.4,20.8,20.4,20.5,0.2,38.0
2021-07-15,3054,34487.0,723056.0,20.8,21.4,20.75,21.0,0.5,32.0
2021-07-16,3054,31301.0,660800.0,21.0,21.5,20.7,20.75,-0.25,28.0
2021-07-19,3054,9005.0,187850.0,20.95,20.95,20.85,20.85,0.1,12.0
2021-07-20,3054,12231.0,252007.0,20.55,20.95,20.5,20.95,0.1,14.0
2021-07-21,3054,9229.0,189705.0,20.65,20.65,20.4,20.4,-0.55,10.0
2021-07-22,3054,28677.0,575302.0,20.1,20.4,19.8,20.25,-0.15,26.0
2021-07-23,3054,19000.0,385000.0,20.5,20.5,20.0,20.35,0.1,16.0
2021-07-26,3054,9000.0,182750.0,20.35,20.35,20.15,20.3,-0.05,8.0
2021-07-27,3054,640361.0,14266742.0,22.2,22.3,22.0,22.3,2.0,279.0
2021-07-28,3054,2227512.0,54044772.0,24.4,24.5,23.1,24.5,2.2,1032.0
2021-07-29,3054,1376441.0,32124363.0,23.0,24.5,22.9,23.05,-1.45,867.0
2021-07-30,3054,455731.0,10711158.0,23.5,24.25,22.7,22.7,-0.35,328.0
2021-08-02,3054,375988.0,8216632.0,22.8,22.8,21.5,21.55,-1.15,234.0
2021-08-03,3054,349156.0,8059630.0,21.55,23.7,21.4,23.7,2.15,238.0
2021-08-04,3054,1732851.0,44828636.0,24.4,26.05,24.4,26.05,2.35,828.0
2021-08-05,3054,2284830.0,65012304.0,27.5,28.65,27.1,28.65,2.6,1086.0
2021-08-06,3054,5370546.0,166509624.0,31.45,31.5,29.85,31.5,2.85,2875.0
2021-08-09,3054,3208395.0,92768778.0,29.8,30.6,28.35,28.35,-3.15,1714.0
2021-08-10,3054,1854444.0,48713832.0,28.1,28.1,25.55,26.3,-2.05,1080.0
2021-08-11,3054,792885.0,20496048.0,26.5,26.95,24.5,25.2,-1.1,541.0
2021-08-12,3054,609645.0,15987002.0,25.5,26.9,25.5,26.3,1.1,396.0
2021-08-13,3054,381070.0,9682968.0,26.3,26.8,24.75,24.9,-1.4,260.0
2021-08-16,3054,431373.0,9992594.0,24.5,25.0,22.45,23.5,-1.4,290.0
2021-08-17,3054,470492.0,10636565.0,22.8,23.4,21.85,21.85,-1.65,269.0
2021-08-18,3054,326922.0,7363349.0,21.8,23.35,21.5,22.85,1.0,212.0
2021-08-19,3054,218583.0,4855436.0,22.7,22.7,21.9,22.0,-0.85,128.0
2021-08-20,3054,147108.0,3276781.0,21.8,22.8,21.4,22.2,0.2,113.0
2021-08-23,3054,156089.0,3574770.0,22.5,23.15,22.5,22.8,0.6,104.0
2021-08-24,3054,203055.0,4612473.0,23.75,23.75,22.15,22.3,-0.5,123.0
2021-08-25,3054,91000.0,2054950.0,22.5,23.0,22.3,22.5,0.2,68.0
2021-08-26,3054,735125.0,17996253.0,22.8,24.75,22.8,24.75,2.25,320.0
2021-08-27,3054,1395520.0,37380408.0,26.5,27.2,26.0,27.2,2.45,740.0
2021-08-30,3054,3124020.0,87823502.0,29.9,29.9,26.3,26.65,-0.55,1688.0
2021-08-31,3054,592691.0,15795215.0,26.55,27.85,25.9,27.4,0.75,411.0
2021-09-01,3054,467438.0,12938302.0,27.45,28.2,27.1,27.25,-0.15,333.0
2021-09-02,3054,426244.0,11517078.0,27.25,28.0,26.1,26.5,-0.75,289.0
2021-09-03,3054,279146.0,7538276.0,27.5,27.5,26.35,26.85,0.35,200.0
2021-09-06,3054,253091.0,6597869.0,26.85,27.0,25.0,25.8,-1.05,208.0
2021-09-07,3054,182001.0,4607478.0,25.5,26.2,25.0,25.65,-0.15,117.0
2021-09-08,3054,145567.0,3726008.0,25.8,25.95,25.3,25.7,0.05,112.0
2021-09-09,3054,172865.0,4527705.0,25.4,26.95,25.4,26.8,1.1,132.0
2021-09-10,3054,164000.0,4313500.0,26.25,26.85,25.8,26.2,-0.6,129.0
2021-09-13,3054,61091.0,1560458.0,26.1,26.1,25.15,25.8,-0.4,55.0
2021-09-14,3054,82000.0,2085100.0,25.4,25.75,25.15,25.4,-0.4,68.0
2021-09-15,3054,90000.0,2258000.0,25.25,25.5,24.15,25.5,0.1,66.0
2021-09-16,3054,67020.0,1729258.0,25.5,26.4,25.2,25.5,0.0,62.0
2021-09-17,3054,107487.0,2700923.0,25.25,25.5,24.85,25.5,0.0,85.0
2021-09-22,3054,109002.0,2714447.0,24.15,25.9,24.15,25.0,-0.5,90.0
2021-09-23,3054,187000.0,4850500.0,25.3,26.4,25.1,26.3,1.3,107.0
2021-09-24,3054,248057.0,6585614.0,26.75,26.85,25.85,26.75,0.45,171.0
2021-09-27,3054,1495813.0,43113429.0,27.0,29.4,27.0,29.4,2.65,633.0
2021-09-28,3054,1265932.0,40603482.0,31.65,32.3,31.5,32.3,2.9,491.0
2021-09-29,3054,6620121.0,215704272.0,31.8,34.35,30.6,32.25,-0.05,3876.0
2021-09-30,3054,1704474.0,54921112.0,31.75,33.3,31.05,32.05,-0.2,1125.0
2021-10-01,3054,1586620.0,48782301.0,31.5,33.3,28.85,29.0,-3.05,1101.0
2021-10-04,3054,1154844.0,34391304.0,29.05,31.5,27.65,31.5,2.5,756.0
2021-10-05,3054,3546670.0,116482569.0,31.05,34.3,30.75,33.5,2.0,2180.0
2021-10-06,3054,2998902.0,97413086.0,34.5,35.0,30.15,30.15,-3.35,1798.0
2021-10-07,3054,2932422.0,87202573.0,30.15,30.8,28.7,28.95,-1.2,1726.0
2021-10-08,3054,788641.0,22779146.0,29.05,29.35,28.5,28.7,-0.25,501.0
2021-10-12,3054,914813.0,25099913.0,28.6,29.3,26.3,26.7,-2.0,548.0
2021-10-13,3054,635212.0,16739740.0,26.5,27.25,25.5,25.6,-1.1,402.0
2021-10-14,3054,885997.0,23384280.0,25.65,27.45,25.2,26.9,1.3,580.0
2021-10-15,3054,1026105.0,28033550.0,28.0,28.25,26.6,26.85,-0.05,600.0
2021-10-18,3054,384074.0,10056388.0,26.3,26.85,25.95,26.4,-0.45,255.0
2021-10-19,3054,320646.0,8355574.0,26.4,26.7,25.75,25.9,-0.5,214.0
2021-10-20,3054,853849.0,23941879.0,26.5,28.45,26.45,28.45,2.55,496.0
2021-10-21,3054,4668953.0,142414346.0,30.65,31.25,29.5,29.8,1.35,2389.0
2021-10-22,3054,1073282.0,31561114.0,29.55,30.15,28.4,29.45,-0.35,632.0
2021-10-25,3054,575254.0,16444713.0,29.45,29.45,28.15,28.7,-0.75,357.0
2021-10-26,3054,489500.0,14159683.0,28.85,29.75,28.5,28.6,-0.1,338.0
2021-10-27,3054,475733.0,13741935.0,28.65,29.6,28.0,28.75,0.15,281.0
2021-10-28,3054,509118.0,14397988.0,28.75,29.4,27.7,27.7,-1.05,308.0
2021-10-29,3054,933612.0,25284924.0,27.0,28.0,26.8,26.9,-0.8,506.0
2021-11-01,3054,682014.0,18665228.0,27.0,28.0,26.8,27.65,0.75,359.0
2021-11-02,3054,401033.0,10839990.0,27.55,27.95,26.55,26.8,-0.85,256.0
2021-11-03,3054,374943.0,9941739.0,27.0,27.1,25.8,26.95,0.15,243.0
2021-11-04,3054,312026.0,8270137.0,27.1,27.1,26.3,26.5,-0.45,198.0
2021-11-05,3054,294436.0,7667682.0,26.45,26.45,25.75,26.1,-0.4,160.0
2021-11-08,3054,177232.0,4609109.0,25.8,26.25,25.8,25.9,-0.2,111.0
2021-11-09,3054,445509.0,11726080.0,25.9,27.15,25.6,26.5,0.6,242.0
2021-11-10,3054,188120.0,4921926.0,26.5,26.8,26.0,26.0,-0.5,125.0
2021-11-11,3054,205303.0,5374019.0,25.95,26.5,25.6,26.2,0.2,137.0
2021-11-12,3054,328050.0,8735015.0,26.5,27.1,25.85,27.1,0.9,173.0
2021-11-15,3054,422908.0,11461851.0,27.5,27.6,26.5,26.75,-0.35,236.0
2021-11-16,3054,199520.0,5238920.0,27.05,27.05,25.9,26.0,-0.75,137.0
2021-11-17,3054,147000.0,3868200.0,26.15,26.65,26.05,26.65,0.65,119.0
2021-11-18,3054,131022.0,3446832.0,26.75,26.75,26.15,26.5,-0.15,76.0
2021-11-19,3054,249010.0,6483561.0,26.5,26.5,25.9,26.05,-0.45,155.0
2021-11-22,3054,131000.0,3439750.0,26.1,26.55,25.9,26.05,0.0,87.0
2021-11-23,3054,119000.0,3091800.0,26.45,26.45,25.7,25.7,-0.35,84.0
2021-11-24,3054,68000.0,1752250.0,26.4,26.4,25.55,26.0,0.3,38.0
2021-11-25,3054,123221.0,3188421.0,25.7,26.3,25.7,25.8,-0.2,68.0
2021-11-26,3054,123010.0,3140005.0,26.0,26.0,25.5,25.5,-0.3,62.0
2021-11-29,3054,154155.0,3873235.0,25.0,25.5,24.7,25.1,-0.4,71.0
2021-11-30,3054,136230.0,3420614.0,25.15,25.35,24.65,25.0,-0.1,86.0
2021-12-01,3054,368086.0,9014572.0,24.9,25.0,24.3,24.6,-0.4,216.0
2021-12-02,3054,240020.0,6044344.0,25.2,26.15,24.65,24.7,0.1,167.0
2021-12-03,3054,157024.0,3874494.0,25.0,25.1,24.5,24.75,0.05,95.0
2021-12-06,3054,142130.0,3475306.0,24.75,24.75,24.4,24.6,-0.15,88.0
2021-12-07,3054,130283.0,3191315.0,24.9,24.9,24.4,24.6,0.0,93.0
2021-12-08,3054,146748.0,3610668.0,24.6,24.8,24.5,24.5,-0.1,115.0
2021-12-09,3054,309381.0,7443245.0,24.4,24.4,23.8,24.0,-0.5,208.0
2021-12-10,3054,58002.0,1395448.0,23.7,24.2,23.7,24.1,0.1,41.0
2021-12-13,3054,143046.0,3488373.0,24.1,24.55,24.1,24.4,0.3,93.0
2021-12-14,3054,105030.0,2508574.0,24.55,24.55,23.6,23.85,-0.55,78.0
2021-12-15,3054,29018.0,697928.0,24.0,24.35,23.85,24.1,0.25,25.0
2021-12-16,3054,69000.0,1657200.0,24.45,24.45,23.85,24.1,0.0,52.0
2021-12-17,3054,66097.0,1576509.0,23.95,24.0,23.65,23.75,-0.35,48.0
2021-12-20,3054,72162.0,1704820.0,23.75,24.15,23.2,23.6,-0.15,55.0
2021-12-21,3054,75051.0,1783657.0,24.0,24.0,23.6,23.9,0.3,46.0
2021-12-22,3054,154200.0,3751844.0,24.15,24.65,23.9,24.65,0.75,108.0
2021-12-23,3054,179195.0,4448245.0,24.95,25.0,24.4,24.65,0.0,137.0
2021-12-24,3054,65097.0,1613935.0,24.8,25.0,24.6,24.85,0.2,62.0
2021-12-27,3054,153859.0,3787780.0,25.0,25.15,24.45,24.65,-0.2,76.0
2021-12-28,3054,86265.0,2121939.0,24.95,25.0,24.4,24.9,0.25,74.0
2021-12-29,3054,95257.0,2366525.0,24.9,25.15,24.5,24.8,-0.1,49.0
2021-12-30,3054,936120.0,24281815.0,25.1,26.9,25.0,25.8,1.0,566.0
2022-01-03,3054,301373.0,7598964.0,26.0,26.2,24.5,24.7,-1.1,183.0
2022-01-04,3054,107000.0,2654800.0,24.8,25.15,24.6,24.7,0.0,78.0
2022-01-05,3054,87012.0,2120993.0,24.5,24.65,24.2,24.3,-0.4,67.0
2022-01-06,3054,45000.0,1089550.0,24.3,24.4,24.15,24.25,-0.05,38.0
2022-01-07,3054,122000.0,2913550.0,24.45,24.5,23.65,23.65,-0.6,80.0
2022-01-10,3054,44002.0,1033246.0,23.2,24.05,23.15,23.7,0.05,39.0
2022-01-11,3054,97200.0,2274039.0,23.7,23.7,23.3,23.3,-0.4,81.0
2022-01-12,3054,102171.0,2372295.0,23.7,23.7,23.0,23.2,-0.1,91.0
2022-01-13,3054,46734.0,1078382.0,23.05,23.25,23.0,23.05,-0.15,41.0
2022-01-14,3054,160602.0,3622534.0,23.0,23.2,22.35,22.55,-0.5,118.0
2022-01-17,3054,16496.0,377012.0,23.0,23.05,22.55,23.05,0.5,19.0
2022-01-18,3054,23000.0,528000.0,23.05,23.05,22.8,22.85,-0.2,18.0
2022-01-19,3054,25027.0,570321.0,22.5,23.1,22.5,22.95,0.1,22.0
2022-01-20,3054,26040.0,593617.0,22.9,23.1,22.65,22.9,-0.05,26.0
2022-01-21,3054,40033.0,900336.0,22.7,22.7,22.3,22.45,-0.45,38.0
2022-01-24,3054,57011.0,1242090.0,22.45,22.45,20.8,22.45,0.0,46.0
2022-01-25,3054,31302.0,697679.0,23.0,23.0,22.05,22.15,-0.3,52.0
2022-01-26,3054,81025.0,1832775.0,22.15,23.0,21.65,22.4,0.25,60.0
2022-02-07,3054,67225.0,1541322.0,22.95,23.4,22.5,23.1,0.7,52.0
2022-02-08,3054,23747.0,555878.0,23.1,23.7,23.1,23.6,0.5,23.0
2022-02-09,3054,42005.0,988020.0,24.2,24.2,23.3,23.7,0.1,39.0
2022-02-10,3054,36008.0,844446.0,23.5,24.0,23.2,23.45,-0.25,38.0
2022-02-11,3054,20022.0,471815.0,23.9,23.9,23.25,23.4,-0.05,17.0
2022-02-14,3054,102464.0,2424091.0,23.8,23.85,23.1,23.8,0.4,72.0
2022-02-15,3054,306187.0,7593259.0,24.25,25.05,24.1,24.65,0.85,517.0
2022-02-16,3054,66003.0,1624074.0,24.65,24.95,24.2,24.6,-0.05,49.0
2022-02-17,3054,87020.0,2078176.0,23.65,24.55,23.65,23.9,-0.7,65.0
2022-02-18,3054,19010.0,453990.0,23.8,23.95,23.7,23.95,0.05,18.0
2022-02-21,3054,30000.0,719050.0,24.6,24.6,23.8,24.0,0.05,22.0
2022-02-22,3054,32746.0,763057.0,23.35,23.65,23.0,23.35,-0.65,31.0
2022-02-23,3054,8515.0,202804.0,24.0,24.0,23.7,23.7,0.35,10.0
2022-02-24,3054,41063.0,952649.0,23.7,23.7,22.85,23.2,-0.5,45.0
2022-02-25,3054,63503.0,1464869.0,23.2,23.6,22.8,23.0,-0.2,65.0
2022-03-01,3054,29004.0,674942.0,24.0,24.0,23.0,23.25,0.25,28.0
2022-03-02,3054,9014.0,208765.0,23.25,23.25,23.1,23.1,-0.15,12.0
2022-03-03,3054,36010.0,831030.0,23.1,23.65,22.9,23.05,-0.05,26.0
2022-03-04,3054,33838.0,769223.0,22.7,23.25,22.5,22.7,-0.35,40.0
2022-03-07,3054,64001.0,1443820.0,23.15,23.15,22.3,22.45,-0.25,51.0
2022-03-08,3054,46002.0,1027443.0,22.5,22.95,22.1,22.5,0.05,41.0
2022-03-09,3054,31553.0,715479.0,23.3,23.3,22.3,22.8,0.3,36.0
2022-03-10,3054,15041.0,346634.0,23.2,23.2,22.8,23.1,0.3,20.0
2022-03-11,3054,21001.0,479223.0,23.0,23.0,22.5,22.85,-0.25,21.0
2022-03-14,3054,9155.0,209937.0,22.85,22.95,22.85,22.95,0.1,15.0
2022-03-15,3054,51041.0,1139334.0,22.55,22.9,22.1,22.15,-0.8,44.0
2022-03-16,3054,41000.0,908650.0,22.15,22.3,22.05,22.2,0.05,25.0
2022-03-17,3054,45620.0,1018794.0,22.2,22.7,21.5,22.3,0.1,72.0
2022-03-18,3054,13001.0,288172.0,22.05,22.4,22.05,22.25,-0.05,11.0
2022-03-21,3054,46001.0,1028172.0,22.5,22.5,22.2,22.35,0.1,32.0
2022-03-22,3054,11716.0,263330.0,22.9,22.95,22.15,22.35,0.0,13.0
2022-03-23,3054,30001.0,666772.0,22.35,22.65,22.1,22.45,0.1,25.0
2022-03-24,3054,57000.0,1271500.0,22.6,22.65,22.0,22.65,0.2,47.0
2022-03-25,3054,26000.0,599550.0,23.2,23.3,22.8,23.0,0.35,26.0
2022-03-28,3054,26006.0,592188.0,23.2,23.2,22.6,22.9,-0.1,21.0
2022-03-29,3054,33508.0,767347.0,22.9,23.35,22.65,23.0,0.1,33.0
2022-03-30,3054,54390.0,1265097.0,23.3,23.4,22.95,23.4,0.4,44.0
2022-03-31,3054,265319.0,6311240.0,23.8,24.0,23.2,24.0,0.6,160.0
2022-04-01,3054,88141.0,2072452.0,24.0,24.0,22.6,23.3,-0.7,56.0
2022-04-06,3054,5000.0,117450.0,23.75,23.75,23.3,23.65,0.35,5.0
2022-04-07,3054,20000.0,462100.0,23.95,23.95,22.9,22.9,-0.75,16.0
2022-04-08,3054,46910.0,1073105.0,22.9,23.0,22.8,22.8,-0.1,31.0
2022-04-11,3054,27271.0,608024.0,22.9,22.9,22.05,22.15,-0.65,32.0
2022-04-12,3054,13006.0,291734.0,22.75,22.95,22.2,22.3,0.15,15.0
2022-04-13,3054,36001.0,810172.0,22.7,22.9,22.3,22.35,0.05,33.0
2022-04-14,3054,72000.0,1571600.0,22.4,22.4,21.6,22.1,-0.25,67.0
2022-04-15,3054,26000.0,566550.0,21.8,22.25,21.6,21.8,-0.3,22.0
2022-04-18,3054,31000.0,666400.0,21.6,21.7,21.4,21.45,-0.35,30.0
2022-04-19,3054,12308.0,263429.0,21.35,21.45,21.3,21.45,0.0,14.0
2022-04-20,3054,23364.0,500066.0,21.45,21.45,21.3,21.4,-0.05,20.0
2022-04-21,3054,17001.0,364521.0,21.4,21.75,21.3,21.4,0.0,17.0
2022-04-22,3054,24000.0,503700.0,20.85,21.25,20.85,21.15,-0.25,22.0
2022-04-25,3054,47001.0,956121.0,20.55,21.0,20.2,20.25,-0.9,42.0
2022-04-26,3054,44016.0,893174.0,20.3,20.65,19.9,20.4,0.15,36.0
2022-04-27,3054,53001.0,1080370.0,20.75,20.75,20.0,20.4,0.0,39.0
2022-04-28,3054,34000.0,694100.0,20.5,20.65,20.2,20.25,-0.15,34.0
2022-04-29,3054,60100.0,1201300.0,20.25,20.6,19.8,19.9,-0.35,53.0
2022-05-03,3054,62206.0,1215869.0,19.9,20.0,19.3,19.55,-0.35,54.0
2022-05-04,3054,49038.0,950683.0,19.25,19.8,19.2,19.2,-0.35,54.0
2022-05-05,3054,25000.0,486000.0,19.85,19.85,19.25,19.7,0.5,22.0
2022-05-06,3054,9151.0,177750.0,19.5,19.6,19.25,19.3,-0.4,11.0
2022-05-09,3054,18187.0,344253.0,19.0,19.4,18.75,19.0,-0.3,29.0
2022-05-10,3054,17027.0,319957.0,18.8,18.95,18.7,18.95,-0.05,17.0
2022-05-11,3054,8000.0,149500.0,18.6,18.9,18.6,18.8,-0.15,8.0
2022-05-12,3054,36026.0,666186.0,18.3,19.0,18.2,18.6,-0.2,33.0
2022-05-13,3054,25000.0,469250.0,18.6,19.2,18.5,18.65,0.05,20.0
2022-05-16,3054,6000.0,112800.0,18.65,18.85,18.65,18.85,0.2,5.0
2022-05-17,3054,13607.0,255943.0,19.2,19.2,18.6,18.7,-0.15,16.0
2022-05-18,3054,14000.0,265200.0,19.0,19.15,18.85,18.9,0.2,14.0
2022-05-19,3054,14031.0,265888.0,19.1,19.1,18.55,18.9,0.0,13.0
2022-05-20,3054,8026.0,152647.0,19.0,19.15,19.0,19.15,0.25,8.0
2022-05-23,3054,10135.0,191664.0,19.1,19.1,18.8,19.0,-0.15,12.0
2022-05-24,3054,8050.0,151950.0,18.75,19.0,18.75,18.9,-0.1,11.0
2022-05-25,3054,10001.0,187318.0,18.85,18.85,18.7,18.7,-0.2,5.0
2022-05-26,3054,34027.0,646910.0,18.7,19.2,18.7,18.9,0.2,32.0
2022-05-27,3054,11000.0,212950.0,19.5,19.8,19.0,19.35,0.45,11.0
2022-05-30,3054,15000.0,295500.0,19.9,19.95,19.35,19.65,0.3,12.0
2022-05-31,3054,101000.0,2103700.0,20.15,21.6,19.9,21.6,1.95,78.0
2022-06-01,3054,862977.0,19895011.0,21.9,23.75,21.45,22.0,0.4,604.0
2022-06-02,3054,129270.0,2762192.0,21.15,21.95,21.05,21.05,-0.95,117.0
2022-06-06,3054,155151.0,3132620.0,20.9,20.9,19.9,19.9,-1.15,108.0
2022-06-07,3054,59031.0,1179415.0,19.9,20.3,19.8,19.9,0.0,49.0
2022-06-08,3054,30086.0,601610.0,20.35,20.35,19.85,19.95,0.05,24.0
2022-06-09,3054,26000.0,516000.0,20.0,20.0,19.75,19.9,-0.05,21.0
2022-06-10,3054,52025.0,1031442.0,19.9,20.0,19.7,19.8,-0.1,38.0
2022-06-13,3054,59808.0,1166748.0,19.7,19.7,19.35,19.4,-0.4,51.0
2022-06-14,3054,26001.0,505419.0,19.35,19.65,19.3,19.4,0.0,14.0
2022-06-15,3054,98259.0,1902141.0,19.5,19.75,18.8,19.65,0.25,81.0
2022-06-16,3054,42025.0,832191.0,19.8,20.15,19.6,19.65,0.0,43.0
2022-06-17,3054,120036.0,2396964.0,20.0,20.7,19.5,20.15,0.5,95.0
2022-06-20,3054,30000.0,594450.0,20.4,20.4,19.5,19.5,-0.65,24.0
2022-06-21,3054,146031.0,2982082.0,20.3,20.8,20.15,20.45,0.95,104.0
2022-06-22,3054,44288.0,906797.0,20.65,20.7,20.05,20.5,0.05,38.0
2022-06-23,3054,46000.0,946150.0,21.2,21.2,20.3,20.6,0.1,40.0
2022-06-24,3054,22756.0,472522.0,20.95,21.0,20.5,20.75,0.15,23.0
2022-06-27,3054,33013.0,683767.0,20.85,20.85,20.5,20.8,0.05,32.0
2022-06-28,3054,41000.0,856250.0,20.9,21.0,20.6,21.0,0.2,30.0
2022-06-29,3054,95284.0,2041162.0,21.35,21.7,21.0,21.7,0.7,76.0
2022-06-30,3054,296218.0,6428784.0,21.75,22.35,20.9,21.8,0.1,192.0
2022-07-01,3054,99056.0,2114072.0,22.1,22.1,19.85,19.85,-1.95,67.0
2022-07-04,3054,17001.0,333570.0,19.95,20.0,19.35,19.65,-0.2,17.0
2022-07-05,3054,25000.0,490300.0,20.0,20.0,19.4,19.7,0.05,21.0
2022-07-06,3054,13000.0,251300.0,19.4,19.55,19.1,19.5,-0.2,11.0
2022-07-07,3054,43037.0,846474.0,20.0,20.0,19.25,19.95,0.45,29.0
2022-07-08,3054,21000.0,414350.0,20.0,20.1,19.5,19.7,-0.25,18.0
2022-07-11,3054,12000.0,232550.0,19.65,19.65,19.3,19.5,-0.2,9.0
2022-07-12,3054,22104.0,424564.0,19.65,19.95,18.8,19.3,-0.2,27.0
2022-07-13,3054,13500.0,262325.0,19.3,19.85,19.2,19.45,0.15,13.0
2022-07-14,3054,6216.0,120014.0,19.25,19.4,19.25,19.3,-0.15,8.0
2022-07-15,3054,6166.0,119184.0,19.7,19.7,19.25,19.25,-0.05,13.0
2022-07-18,3054,19314.0,367617.0,19.0,19.3,18.7,19.15,-0.1,25.0
2022-07-19,3054,3001.0,57669.0,19.2,19.25,19.2,19.25,0.1,4.0
2022-07-20,3054,19052.0,366401.0,19.25,19.7,19.05,19.05,-0.2,22.0
2022-07-21,3054,15000.0,286450.0,19.0,19.3,19.0,19.05,0.0,15.0
2022-07-22,3054,6000.0,115050.0,19.2,19.2,19.05,19.2,0.15,6.0
2022-07-25,3054,8075.0,154904.0,19.55,19.55,19.0,19.15,-0.05,12.0
2022-07-26,3054,21031.0,406982.0,18.6,19.65,18.6,19.65,0.5,23.0
2022-07-27,3054,13050.0,253431.0,19.6,19.65,19.05,19.45,-0.2,16.0
2022-07-28,3054,14019.0,269358.0,19.6,19.6,19.05,19.25,-0.2,17.0
2022-07-29,3054,310000.0,6027650.0,19.1,19.45,19.1,19.45,0.2,8.0
2022-08-01,3054,4000.0,78100.0,19.45,19.65,19.45,19.65,0.2,4.0
2022-08-02,3054,4000.0,77900.0,19.15,19.65,19.15,19.55,-0.1,4.0
2022-08-03,3054,8001.0,156019.0,19.9,19.9,19.35,19.55,0.0,9.0
2022-08-04,3054,7026.0,135657.0,19.7,19.7,19.2,19.35,-0.2,9.0
2022-08-05,3054,21001.0,404969.0,19.35,19.5,19.2,19.3,-0.05,19.0
2022-08-08,3054,5000.0,95250.0,19.0,19.25,19.0,19.25,-0.05,5.0
2022-08-09,3054,12002.0,230188.0,19.4,19.4,19.0,19.25,0.0,13.0
2022-08-10,3054,24000.0,458400.0,19.0,19.3,19.0,19.05,-0.2,20.0
2022-08-11,3054,30001.0,573719.0,19.3,19.3,19.05,19.2,0.15,16.0
2022-08-12,3054,26483.0,506227.0,19.15,19.2,19.05,19.2,0.0,27.0
2022-08-15,3054,21001.0,400369.0,19.05,19.25,19.0,19.1,-0.1,16.0
2022-08-16,3054,10031.0,191589.0,19.25,19.25,19.0,19.2,0.1,10.0
2022-08-17,3054,17000.0,326250.0,19.25,19.25,19.1,19.2,0.0,15.0
2022-08-18,3054,17100.0,329843.0,19.15,19.35,19.15,19.3,0.1,14.0
2022-08-19,3054,375126.0,7261831.0,19.4,19.9,19.25,19.35,0.05,71.0
2022-08-22,3054,25744.0,508283.0,19.75,20.1,19.5,19.6,0.25,24.0
2022-08-23,3054,6000.0,116700.0,19.5,19.5,19.4,19.4,-0.2,6.0
2022-08-24,3054,329786.0,6316534.0,19.65,19.65,19.1,19.15,-0.25,25.0
2022-08-25,3054,25561.0,490470.0,19.1,19.3,19.05,19.25,0.1,28.0
2022-08-26,3054,5000.0,95950.0,19.2,19.2,19.15,19.2,-0.05,5.0
2022-08-29,3054,20000.0,380900.0,19.1,19.15,18.95,19.15,-0.05,17.0
2022-08-30,3054,15049.0,286287.0,19.0,19.4,18.9,19.4,0.25,13.0
2022-08-31,3054,5086.0,97966.0,19.4,19.4,19.15,19.15,-0.25,12.0
2022-09-01,3054,28001.0,529369.0,19.0,19.15,18.8,18.95,-0.2,28.0
2022-09-02,3054,8000.0,154000.0,19.5,19.5,19.0,19.15,0.2,6.0
2022-09-05,3054,7600.0,144360.0,19.15,19.15,18.9,18.9,-0.25,39.0
2022-09-06,3054,7496.0,143078.0,19.25,19.25,18.8,18.9,0.0,10.0
2022-09-07,3054,21006.0,390911.0,18.6,18.95,18.4,18.55,-0.35,20.0
2022-09-08,3054,16000.0,301600.0,18.85,18.85,18.85,18.85,0.3,6.0
2022-09-12,3054,6000.0,113200.0,19.1,19.1,18.65,18.95,0.1,6.0
2022-09-13,3054,8048.0,151506.0,18.95,18.95,18.8,18.85,-0.1,8.0
2022-09-14,3054,18051.0,342709.0,19.65,19.65,18.6,18.85,0.0,17.0
2022-09-15,3054,9026.0,169239.0,18.45,18.9,18.45,18.9,0.05,11.0
2022-09-16,3054,229000.0,4361200.0,18.55,19.2,18.55,19.05,0.15,19.0
2022-09-19,3054,379000.0,7347500.0,19.25,19.4,19.05,19.4,0.35,26.0
2022-09-20,3054,58001.0,1138769.0,19.45,19.85,19.45,19.8,0.4,48.0
2022-09-21,3054,370000.0,7286700.0,19.9,19.9,19.3,19.7,-0.1,20.0
2022-09-22,3054,28716.0,565831.0,19.15,19.8,19.15,19.8,0.1,18.0
2022-09-23,3054,424500.0,8565749.0,19.95,20.5,19.75,20.2,0.4,61.0
2022-09-26,3054,437000.0,8694300.0,20.0,20.15,19.6,19.9,-0.3,35.0
2022-09-27,3054,55123.0,1117222.0,20.4,20.5,19.9,20.3,0.4,47.0
2022-09-28,3054,50050.0,1007300.0,20.3,20.5,19.8,20.2,-0.1,42.0
2022-09-29,3054,114100.0,2400679.0,20.5,21.7,20.4,21.15,0.95,95.0
2022-09-30,3054,167052.0,3550223.0,21.1,21.4,20.75,21.4,0.25,99.0
2022-10-03,3054,158060.0,3240283.0,21.4,21.4,20.15,20.5,-0.9,15.0
2022-10-04,3054,24230.0,490087.0,20.5,20.8,20.0,20.75,0.25,17.0
2022-10-05,3054,157000.0,3226300.0,20.65,20.65,20.2,20.55,-0.2,8.0
2022-10-06,3054,19000.0,382650.0,20.55,20.65,19.7,20.5,-0.05,19.0
2022-10-07,3054,5003.0,100458.0,20.25,20.25,19.4,20.25,-0.25,7.0
2022-10-11,3054,202000.0,4140750.0,20.25,20.5,20.25,20.5,0.25,3.0
2022-10-12,3054,7744.0,153131.0,20.0,20.0,19.2,20.0,-0.5,8.0
2022-10-13,3054,17003.0,343955.0,20.6,20.6,19.9,20.0,0.0,18.0
2022-10-14,3054,216493.0,4256512.0,21.0,21.0,19.65,19.65,-0.35,21.0
2022-10-17,3054,7001.0,135019.0,19.65,19.65,19.0,19.2,-0.45,8.0
2022-10-18,3054,2000.0,39250.0,19.75,19.75,19.5,19.5,0.3,2.0
2022-10-19,3054,4000.0,80100.0,20.05,20.1,19.85,19.85,0.35,4.0
2022-10-20,3054,3001.0,59119.0,19.75,19.8,19.55,19.55,-0.3,4.0
2022-10-21,3054,5053.0,97146.0,19.25,19.8,18.95,18.95,-0.6,8.0
2022-10-24,3054,13002.0,249436.0,19.35,19.65,18.95,19.4,0.45,10.0
2022-10-25,3054,6000.0,116050.0,19.5,19.5,19.05,19.4,0.0,6.0
2022-10-26,3054,8102.0,156719.0,20.0,20.0,19.0,19.4,0.0,17.0
2022-10-27,3054,5000.0,99000.0,19.8,19.8,19.8,19.8,0.4,3.0
2022-10-28,3054,9000.0,178350.0,19.95,19.95,19.8,19.8,0.0,4.0
2022-10-31,3054,3000.0,59200.0,19.9,19.9,19.6,19.7,-0.1,3.0
2022-11-01,3054,1001.0,19969.0,19.95,19.95,19.95,19.95,0.25,2.0
2022-11-02,3054,3003.0,59009.0,20.0,20.0,19.25,19.7,-0.25,4.0
2022-11-03,3054,5000.0,98500.0,19.7,19.7,19.7,19.7,0.0,3.0
2022-11-04,3054,1000.0,20000.0,20.0,20.0,20.0,20.0,0.3,1.0
2022-11-07,3054,24000.0,479650.0,20.15,20.15,19.25,19.9,-0.1,8.0
2022-11-08,3054,5000.0,98600.0,19.6,20.0,19.5,20.0,0.1,5.0
2022-11-09,3054,11000.0,217650.0,19.95,20.2,19.55,19.6,-0.4,10.0
2022-11-10,3054,46000.0,893850.0,19.9,20.35,19.15,19.75,0.15,30.0
2022-11-11,3054,6000.0,117650.0,19.65,19.65,19.6,19.6,-0.15,5.0
2022-11-14,3054,38062.0,733513.0,19.8,19.8,19.15,19.5,-0.1,34.0
2022-11-15,3054,3743.0,72315.0,19.35,19.35,19.35,19.35,-0.15,4.0
2022-11-16,3054,10064.0,193579.0,19.5,19.5,19.15,19.15,-0.2,19.0
2022-11-17,3054,2001.0,38719.0,19.4,19.4,19.3,19.3,0.15,3.0
2022-11-18,3054,5000.0,95700.0,19.35,19.35,19.0,19.3,0.0,5.0
2022-11-21,3054,5020.0,97287.0,19.3,19.5,19.3,19.5,0.2,5.0
2022-11-22,3054,12051.0,231533.0,19.15,19.5,19.15,19.5,0.0,13.0
2022-11-23,3054,27012.0,521179.0,19.7,19.7,19.2,19.45,-0.05,22.0
2022-11-24,3054,7000.0,136350.0,19.5,19.55,19.4,19.4,-0.05,7.0
2022-11-25,3054,17000.0,327900.0,19.4,19.4,19.25,19.25,-0.15,11.0
2022-11-28,3054,4003.0,76805.0,19.3,19.3,19.15,19.15,-0.1,6.0
2022-11-29,3054,30000.0,584650.0,19.95,19.95,19.25,19.5,0.35,22.0
2022-11-30,3054,34706.0,674690.0,19.6,19.8,19.25,19.8,0.3,32.0
2022-12-01,3054,10181.0,197642.0,19.75,19.75,19.3,19.6,-0.2,10.0
2022-12-02,3054,8152.0,159264.0,19.65,19.65,19.35,19.65,0.05,9.0
2022-12-05,3054,18050.0,350510.0,19.65,19.65,19.35,19.6,-0.05,12.0
2022-12-06,3054,42246.0,812763.0,19.6,19.6,19.1,19.45,-0.15,32.0
2022-12-07,3054,21010.0,401441.0,19.1,19.3,19.05,19.3,-0.15,14.0
2022-12-08,3054,23616.0,455027.0,18.85,19.6,18.85,19.6,0.3,21.0
2022-12-09,3054,12006.0,230514.0,19.2,19.4,19.15,19.15,-0.45,12.0
2022-12-12,3054,6004.0,116976.0,19.8,19.8,19.4,19.4,0.25,6.0
2022-12-13,3054,14000.0,271000.0,19.4,19.55,19.1,19.55,0.15,11.0
2022-12-14,3054,15001.0,290519.0,19.55,19.55,19.15,19.55,0.0,10.0
2022-12-15,3054,16296.0,315881.0,19.2,19.75,19.1,19.55,0.0,17.0
2022-12-16,3054,24295.0,471615.0,19.45,19.5,19.2,19.5,-0.05,24.0
2022-12-19,3054,34681.0,670161.0,19.5,19.8,19.15,19.6,0.1,30.0
2022-12-20,3054,46000.0,905200.0,19.5,19.9,19.45,19.75,0.15,38.0
2022-12-21,3054,22030.0,432303.0,19.9,19.9,19.3,19.7,-0.05,18.0
2022-12-22,3054,14303.0,286799.0,19.7,20.4,19.7,20.0,0.3,13.0
2022-12-23,3054,20036.0,395402.0,20.2,20.7,19.2,19.95,-0.05,20.0
2022-12-26,3054,33001.0,657770.0,19.4,20.65,19.4,20.2,0.25,30.0
2022-12-27,3054,50027.0,1013003.0,20.3,20.65,19.7,20.0,-0.2,44.0
2022-12-28,3054,20144.0,404379.0,20.1,20.5,19.75,19.75,-0.25,21.0
2022-12-29,3054,18000.0,359600.0,20.15,20.25,19.55,19.9,0.15,14.0
2022-12-30,3054,122052.0,2431633.0,20.1,20.1,19.5,19.95,0.05,51.0
2023-01-03,3054,79026.0,1508399.0,19.5,19.7,18.9,19.3,-0.65,45.0
2023-01-04,3054,10070.0,191551.0,18.95,19.3,18.95,19.3,0.0,13.0
2023-01-05,3054,1145.0,21953.0,19.3,19.3,19.3,19.3,0.0,6.0
2023-01-06,3054,22000.0,415750.0,18.9,19.0,18.8,19.0,-0.3,17.0
2023-01-09,3054,21007.0,398582.0,18.85,19.3,18.85,19.3,0.3,14.0
2023-01-10,3054,4027.0,77115.0,19.2,19.2,19.0,19.2,-0.1,5.0
2023-01-11,3054,6122.0,116680.0,19.0,19.35,19.0,19.35,0.15,5.0
2023-01-12,3054,1000.0,19300.0,19.3,19.3,19.3,19.3,-0.05,1.0
2023-01-13,3054,5000.0,95650.0,19.45,19.45,19.0,19.0,-0.3,4.0
2023-01-16,3054,6000.0,114500.0,19.2,19.2,19.0,19.15,0.15,4.0
2023-01-17,3054,26000.0,490850.0,19.15,19.15,18.7,18.7,-0.45,14.0
2023-01-30,3054,10060.0,191025.0,18.8,19.5,18.75,18.85,0.15,10.0
2023-01-31,3054,3001.0,57568.0,19.35,19.35,19.1,19.1,0.25,3.0
2023-02-01,3054,3030.0,58072.0,19.2,19.2,19.1,19.1,0.0,5.0
2023-02-02,3054,9059.0,171959.0,18.8,19.1,18.7,19.1,0.0,11.0
2023-02-03,3054,9002.0,171437.0,19.1,19.2,18.9,18.9,-0.2,9.0
2023-02-06,3054,24000.0,456350.0,19.2,19.2,19.0,19.15,0.25,9.0
2023-02-07,3054,5000.0,95650.0,19.15,19.15,19.1,19.1,-0.05,3.0
2023-02-08,3054,26221.0,499882.0,19.1,19.3,18.9,18.9,-0.2,19.0
2023-02-09,3054,9054.0,171166.0,18.9,18.95,18.9,18.95,0.05,5.0
2023-02-10,3054,12026.0,226983.0,18.9,18.95,18.85,18.85,-0.1,13.0
2023-02-13,3054,3052.0,58230.0,19.3,19.3,18.85,19.1,0.25,5.0
2023-02-14,3054,2001.0,37818.0,19.0,19.0,18.8,18.8,-0.3,3.0
2023-02-15,3054,21817.0,408146.0,19.0,19.0,18.65,18.7,-0.1,20.0
2023-02-16,3054,17001.0,319418.0,18.7,19.0,18.7,19.0,0.3,15.0
2023-02-17,3054,3000.0,56750.0,19.0,19.0,18.75,19.0,0.0,3.0
2023-02-20,3054,8324.0,157406.0,18.9,18.95,18.9,18.9,-0.1,11.0
2023-02-21,3054,20674.0,389327.0,18.9,18.9,18.8,18.8,-0.1,18.0
2023-02-22,3054,48124.0,900581.0,19.4,19.4,18.65,18.8,0.0,44.0
2023-02-23,3054,31055.0,584482.0,19.2,19.2,18.8,18.8,0.0,21.0
2023-02-24,3054,4051.0,76923.0,19.0,19.0,18.95,19.0,0.2,10.0
2023-03-01,3054,10058.0,188604.0,18.7,18.9,18.65,18.65,-0.35,20.0
2023-03-02,3054,11012.0,206078.0,18.8,18.8,18.65,18.75,0.1,12.0
2023-03-03,3054,31057.0,582415.0,19.05,19.05,18.65,18.9,0.15,33.0
2023-03-06,3054,8717.0,165214.0,19.3,19.3,18.9,18.95,0.05,13.0
2023-03-07,3054,44696.0,850318.0,19.2,19.2,18.95,18.95,0.0,26.0
2023-03-08,3054,64002.0,1219440.0,19.1,19.3,18.95,19.25,0.3,39.0
2023-03-09,3054,50326.0,963442.0,19.25,19.35,19.0,19.1,-0.15,27.0
2023-03-10,3054,14008.0,265909.0,19.25,19.25,18.75,19.0,-0.1,16.0
2023-03-13,3054,31020.0,595092.0,19.1,19.5,18.9,19.0,0.0,43.0
2023-03-14,3054,18692.0,355327.0,19.15,19.2,18.9,18.9,-0.1,42.0
2023-03-15,3054,13002.0,246936.0,19.2,19.2,18.9,19.0,0.1,14.0
2023-03-16,3054,24001.0,449868.0,18.9,18.9,18.5,18.9,-0.1,21.0
2023-03-17,3054,16003.0,301209.0,19.2,19.2,18.7,18.7,-0.2,15.0
2023-03-20,3054,47118.0,881164.0,18.9,19.0,18.5,19.0,0.3,34.0
2023-03-21,3054,19900.0,378100.0,19.1,19.2,18.95,19.0,0.0,17.0
2023-03-22,3054,39674.0,751321.0,18.65,19.2,18.65,19.2,0.2,32.0
2023-03-23,3054,25000.0,473350.0,19.0,19.0,18.8,18.9,-0.3,19.0
2023-03-24,3054,17001.0,321768.0,18.85,19.0,18.65,19.0,0.1,12.0
2023-03-27,3054,6031.0,113844.0,18.65,19.0,18.65,19.0,0.0,9.0
2023-03-28,3054,10038.0,190255.0,18.85,19.0,18.85,19.0,0.0,11.0
2023-03-29,3054,193056.0,3759591.0,19.0,19.85,19.0,19.8,0.8,128.0
2023-03-30,3054,75886.0,1503464.0,19.9,20.0,19.4,19.9,0.1,45.0
2023-03-31,3054,334075.0,6653727.0,19.9,20.0,19.6,20.0,0.1,203.0
2023-04-06,3054,48015.0,937857.0,19.9,19.9,19.3,19.5,-0.5,39.0
2023-04-07,3054,9000.0,174050.0,19.65,19.65,19.2,19.4,-0.1,7.0
2023-04-10,3054,14030.0,267462.0,19.05,19.1,19.05,19.1,-0.3,13.0
2023-04-11,3054,15001.0,283771.0,18.85,19.15,18.85,19.1,0.0,10.0
2023-04-12,3054,9002.0,172391.0,19.5,19.5,19.05,19.2,0.1,7.0
2023-04-13,3054,3000.0,57200.0,19.2,19.2,19.0,19.0,-0.2,3.0
2023-04-14,3054,17237.0,326484.0,19.0,19.15,18.85,18.9,-0.1,17.0
2023-04-17,3054,9000.0,169750.0,18.8,19.1,18.8,19.1,0.2,6.0
2023-04-18,3054,32000.0,605750.0,19.05,19.05,18.9,19.0,-0.1,21.0
2023-04-19,3054,46000.0,858600.0,19.0,19.0,18.4,19.0,0.0,29.0
2023-04-20,3054,10315.0,193980.0,18.85,18.9,18.65,18.9,-0.1,17.0
2023-04-21,3054,6000.0,113650.0,19.15,19.15,18.85,18.85,-0.05,5.0
2023-04-24,3054,2000.0,38300.0,19.15,19.15,19.15,19.15,0.3,2.0
2023-04-25,3054,15716.0,294474.0,19.0,19.0,18.6,19.0,-0.15,16.0
2023-04-26,3054,6011.0,113109.0,18.6,19.0,18.6,19.0,0.0,7.0
2023-04-27,3054,6005.0,113195.0,19.0,19.0,18.7,19.0,0.0,6.0
2023-04-28,3054,36187.0,684806.0,18.6,19.1,18.55,19.1,0.1,37.0
2023-05-02,3054,4033.0,76615.0,18.9,19.1,18.9,19.1,0.0,5.0
2023-05-03,3054,10038.0,191115.0,19.0,19.1,19.0,19.1,0.0,12.0
2023-05-04,3054,5006.0,96664.0,19.1,19.45,19.1,19.35,0.25,7.0
2023-05-05,3054,10001.0,190769.0,19.0,19.15,19.0,19.15,-0.2,10.0
2023-05-08,3054,12013.0,227289.0,18.95,19.1,18.9,19.1,-0.05,13.0
2023-05-09,3054,8778.0,166063.0,18.9,19.15,18.9,19.1,0.0,8.0
2023-05-10,3054,8001.0,152519.0,19.1,19.1,19.0,19.05,-0.05,6.0
2023-05-11,3054,65000.0,1217600.0,19.45,19.45,18.15,19.25,0.2,45.0
2023-05-12,3054,12000.0,225700.0,18.5,19.0,18.5,18.9,-0.35,11.0
2023-05-15,3054,21000.0,388750.0,18.5,18.8,18.4,18.75,-0.15,13.0
2023-05-16,3054,12000.0,225350.0,19.0,19.0,18.7,18.8,0.05,10.0
2023-05-17,3054,19000.0,358100.0,18.9,18.95,18.75,18.85,0.05,16.0
2023-05-18,3054,40101.0,745803.0,19.05,19.05,18.5,18.55,-0.3,28.0
2023-05-19,3054,27100.0,511735.0,18.6,18.95,18.6,18.95,0.4,17.0
2023-05-22,3054,23394.0,444999.0,19.0,19.1,18.8,19.1,0.15,21.0
2023-05-23,3054,35359.0,678871.0,19.1,19.45,19.1,19.25,0.15,27.0
2023-05-24,3054,11287.0,217082.0,19.4,19.4,19.15,19.2,-0.05,10.0
2023-05-25,3054,31166.0,601928.0,19.5,19.5,19.25,19.3,0.1,20.0
2023-05-26,3054,12000.0,229350.0,19.1,19.3,19.0,19.25,-0.05,11.0
2023-05-29,3054,28000.0,535750.0,19.45,19.45,18.9,19.2,-0.05,19.0
2023-05-30,3054,18034.0,345434.0,19.2,19.25,19.0,19.25,0.05,13.0
2023-05-31,3054,7000.0,134450.0,19.25,19.3,19.15,19.3,0.05,7.0
2023-06-01,3054,6129.0,117435.0,19.35,19.35,19.05,19.3,0.0,11.0
2023-06-02,3054,21000.0,403950.0,19.05,19.35,19.05,19.3,0.0,12.0
2023-06-05,3054,35743.0,690365.0,19.7,19.7,19.2,19.4,0.1,21.0
2023-06-06,3054,23010.0,444741.0,19.35,19.4,19.25,19.4,0.0,20.0
2023-06-07,3054,24003.0,466257.0,19.6,19.6,19.35,19.5,0.1,13.0
2023-06-08,3054,704797.0,14934755.0,19.7,21.45,19.7,21.45,1.95,307.0
2023-06-09,3054,993163.0,22922657.0,21.75,23.55,21.75,23.55,2.1,598.0
2023-06-12,3054,518017.0,11497837.0,23.1,23.1,21.6,21.65,-1.9,350.0
2023-06-13,3054,265655.0,5820425.0,21.6,22.35,21.6,21.9,0.25,166.0
2023-06-14,3054,178503.0,3964102.0,22.0,22.45,21.95,22.25,0.35,113.0
2023-06-15,3054,180586.0,3910718.0,21.95,22.1,21.3,21.3,-0.95,167.0
2023-06-16,3054,140389.0,2983806.0,21.3,22.05,20.9,21.95,0.65,109.0
2023-06-19,3054,262374.0,5900682.0,22.6,23.25,22.0,22.0,0.05,173.0
2023-06-20,3054,84196.0,1800972.0,21.5,21.95,21.0,21.3,-0.7,63.0
2023-06-21,3054,81346.0,1711018.0,21.3,21.3,20.85,21.1,-0.2,94.0
2023-06-26,3054,43001.0,920270.0,21.25,21.85,21.1,21.8,0.7,37.0
2023-06-27,3054,34337.0,743103.0,21.8,21.85,21.5,21.65,-0.15,34.0
2023-06-28,3054,29000.0,637450.0,21.95,22.4,21.75,21.85,0.2,22.0
2023-06-29,3054,24012.0,520159.0,22.15,22.15,21.2,21.95,0.1,25.0
2023-06-30,3054,40020.0,877293.0,22.1,22.1,21.5,22.05,0.1,37.0
2023-07-03,3054,48030.0,1057050.0,22.7,22.7,21.9,22.0,-0.05,42.0
2023-07-04,3054,56000.0,1205900.0,22.0,22.0,21.0,21.7,-0.3,33.0
2023-07-05,3054,52002.0,1101093.0,21.95,21.95,21.1,21.4,-0.3,41.0
2023-07-06,3054,71002.0,1497942.0,21.65,21.65,20.95,21.0,-0.4,41.0
2023-07-07,3054,104618.0,2080414.0,20.85,20.85,19.7,20.1,-0.9,98.0
2023-07-10,3054,61402.0,1209597.0,19.8,20.0,19.55,19.65,-0.45,51.0
2023-07-11,3054,67663.0,1331133.0,19.75,19.95,19.45,19.5,-0.15,52.0
2023-07-12,3054,75991.0,1464181.0,19.1,19.75,19.1,19.35,-0.15,50.0
2023-07-13,3054,65000.0,1235500.0,19.35,19.35,18.55,19.35,0.0,39.0
2023-07-14,3054,64000.0,1235100.0,19.35,19.7,19.0,19.3,-0.05,29.0
2023-07-17,3054,24050.0,460650.0,19.8,19.8,18.9,19.1,-0.2,16.0
2023-07-18,3054,37001.0,713068.0,19.65,19.65,19.1,19.4,0.3,25.0
2023-07-19,3054,15002.0,291388.0,19.55,19.55,19.4,19.4,0.0,9.0
2023-07-20,3054,26000.0,508750.0,19.45,19.75,19.35,19.65,0.25,17.0
2023-07-21,3054,10001.0,194819.0,19.5,19.5,19.4,19.4,-0.25,6.0
2023-07-24,3054,12236.0,236928.0,19.5,19.5,19.2,19.2,-0.2,12.0
2023-07-25,3054,31020.0,591088.0,18.8,19.2,18.8,19.2,0.0,27.0
2023-07-26,3054,12000.0,230750.0,19.2,19.35,19.0,19.35,0.15,10.0
2023-07-27,3054,34054.0,651252.0,19.4,19.4,19.0,19.4,0.05,21.0
2023-07-28,3054,38132.0,735988.0,19.3,19.65,19.0,19.65,0.25,30.0
2023-07-31,3054,26000.0,509750.0,19.6,19.9,19.4,19.9,0.25,23.0
2023-08-01,3054,46000.0,919800.0,20.3,20.3,19.75,19.95,0.05,23.0
2023-08-02,3054,18341.0,362851.0,19.95,19.95,19.6,19.8,-0.15,17.0
2023-08-04,3054,26497.0,527166.0,20.0,20.0,19.8,19.9,0.1,24.0
2023-08-07,3054,21010.0,421249.0,20.4,20.4,19.75,20.25,0.35,20.0
2023-08-08,3054,37000.0,734550.0,20.25,20.25,19.8,20.0,-0.25,28.0
2023-08-09,3054,25000.0,498950.0,19.8,20.05,19.8,20.05,0.05,21.0
2023-08-10,3054,29002.0,572038.0,19.8,20.3,19.55,19.9,-0.15,14.0
2023-08-11,3054,15050.0,296600.0,20.0,20.0,19.55,19.8,-0.1,12.0
2023-08-14,3054,23001.0,448419.0,19.65,19.75,19.1,19.75,-0.05,11.0
2023-08-15,3054,37151.0,720381.0,19.7,19.7,19.3,19.5,-0.25,20.0
2023-08-16,3054,42300.0,820349.0,19.5,19.9,19.1,19.9,0.4,37.0
2023-08-17,3054,27000.0,532350.0,19.8,20.2,19.2,20.2,0.3,21.0
2023-08-18,3054,17257.0,341741.0,20.2,20.2,19.6,19.95,-0.25,18.0
2023-08-21,3054,12026.0,237209.0,20.0,20.05,19.5,19.85,-0.1,12.0
2023-08-22,3054,12000.0,236550.0,19.5,19.9,19.5,19.9,0.05,10.0
2023-08-23,3054,13000.0,258550.0,19.85,19.95,19.85,19.95,0.05,13.0
2023-08-24,3054,16000.0,316050.0,20.0,20.0,19.55,19.95,0.0,15.0
2023-08-25,3054,12000.0,235350.0,19.9,19.9,19.55,19.55,-0.4,10.0
2023-08-28,3054,7025.0,138431.0,19.75,19.75,19.65,19.65,0.1,8.0
2023-08-29,3054,9003.0,174909.0,19.3,19.75,19.3,19.75,0.1,8.0
2023-08-30,3054,10000.0,197750.0,19.8,19.85,19.7,19.85,0.1,10.0
2023-08-31,3054,19100.0,376804.0,19.5,19.95,19.4,19.95,0.1,19.0
2023-09-01,3054,7000.0,138400.0,19.9,19.9,19.55,19.8,-0.15,7.0
2023-09-04,3054,4027.0,78883.0,19.5,19.85,19.5,19.85,0.05,6.0
2023-09-05,3054,10008.0,197257.0,19.7,19.85,19.65,19.85,0.0,9.0
2023-09-06,3054,6314.0,123871.0,19.85,19.85,19.5,19.7,-0.15,10.0
2023-09-07,3054,13312.0,259090.0,19.75,19.75,19.25,19.6,-0.1,20.0
2023-09-08,3054,6317.0,123280.0,19.55,19.55,19.45,19.55,-0.05,13.0
2023-09-11,3054,13012.0,252878.0,19.55,19.55,19.3,19.3,-0.25,12.0
2023-09-12,3054,18198.0,351780.0,19.6,19.6,19.25,19.35,0.05,15.0
2023-09-13,3054,38077.0,737777.0,19.5,19.5,19.35,19.35,0.0,23.0
2023-09-14,3054,14000.0,272050.0,19.35,19.55,19.35,19.55,0.2,13.0
2023-09-15,3054,23055.0,445406.0,19.35,19.35,19.3,19.3,-0.25,20.0
2023-09-18,3054,60846.0,1179193.0,19.4,19.8,19.0,19.5,0.2,53.0
2023-09-19,3054,73001.0,1431818.0,20.1,20.1,19.3,19.7,0.2,58.0
2023-09-20,3054,48005.0,955354.0,19.8,20.15,19.45,20.1,0.4,43.0
2023-09-21,3054,32486.0,641175.0,19.9,19.9,19.6,19.85,-0.25,20.0
2023-09-22,3054,11749.0,231889.0,19.8,19.9,19.65,19.75,-0.1,13.0
2023-09-25,3054,62150.0,1247100.0,19.8,20.3,19.8,20.2,0.45,40.0
2023-09-26,3054,29086.0,584382.0,20.15,20.25,20.0,20.1,-0.1,26.0
2023-09-27,3054,66279.0,1378561.0,20.0,21.3,20.0,20.7,0.6,67.0
2023-09-28,3054,286652.0,6089842.0,21.5,21.5,20.45,21.2,0.5,174.0
2023-10-02,3054,32065.0,658965.0,20.65,20.65,20.45,20.5,-0.7,24.0
2023-10-03,3054,14000.0,292900.0,20.6,21.35,20.45,20.45,-0.05,11.0
2023-10-04,3054,28069.0,562830.0,20.7,20.7,19.8,20.7,0.25,25.0
2023-10-05,3054,21000.0,422050.0,20.05,20.6,20.0,20.6,-0.1,13.0
2023-10-06,3054,9101.0,187669.0,20.5,20.8,20.5,20.6,0.0,12.0
2023-10-11,3054,8743.0,181005.0,20.6,20.85,20.6,20.7,0.1,11.0
2023-10-12,3054,22010.0,455610.0,21.45,21.45,20.2,21.0,0.3,17.0
2023-10-13,3054,8000.0,164450.0,20.8,20.8,20.2,20.8,-0.2,7.0
2023-10-16,3054,2743.0,56681.0,20.8,20.8,20.65,20.65,-0.15,3.0
2023-10-17,3054,7000.0,143850.0,20.7,20.7,20.3,20.3,-0.35,6.0
2023-10-18,3054,20228.0,419379.0,20.65,21.5,20.25,21.15,0.85,22.0
2023-10-19,3054,12192.0,254485.0,21.15,21.15,20.55,20.9,-0.25,13.0
2023-10-20,3054,15250.0,314794.0,20.25,21.35,20.2,21.15,0.25,20.0
2023-10-23,3054,11048.0,228512.0,20.7,21.05,20.4,21.0,-0.15,17.0
2023-10-24,3054,5024.0,103804.0,20.95,20.95,20.4,20.8,-0.2,7.0
2023-10-25,3054,16050.0,337057.0,20.8,21.4,20.55,20.9,0.1,16.0
2023-10-26,3054,16160.0,332530.0,20.45,21.0,20.45,20.8,-0.1,12.0
2023-10-27,3054,21060.0,429461.0,20.55,20.65,20.25,20.25,-0.55,22.0
2023-10-30,3054,12739.0,260564.0,20.25,20.7,20.25,20.6,0.35,11.0
2023-10-31,3054,8048.0,164484.0,20.7,20.7,20.2,20.5,-0.1,8.0
2023-11-01,3054,1000.0,20650.0,20.65,20.65,20.65,20.65,0.15,1.0
2023-11-02,3054,0.0,0.0,0.0,0.0,0.0,0.0,0.0,0.0
2023-11-03,3054,10708.0,215697.0,20.55,20.55,19.9,20.0,0.0,16.0
2023-11-06,3054,9001.0,181372.0,20.45,20.45,20.0,20.3,0.3,10.0
2023-11-07,3054,11013.0,224714.0,20.3,20.6,20.3,20.5,0.2,13.0
2023-11-08,3054,2014.0,41184.0,20.5,20.5,20.4,20.4,-0.1,7.0
2023-11-09,3054,4230.0,86992.0,20.5,20.7,20.5,20.5,0.1,5.0
2023-11-10,3054,12032.0,251255.0,21.0,21.1,20.7,20.7,0.2,18.0
2023-11-13,3054,4100.0,85319.0,21.15,21.15,20.4,20.4,-0.3,6.0
2023-11-14,3054,11219.0,228936.0,20.65,20.65,20.2,20.5,0.1,12.0
2023-11-15,3054,12574.0,255180.0,20.4,20.45,20.1,20.25,-0.25,14.0
2023-11-16,3054,11034.0,223721.0,20.35,20.45,20.15,20.4,0.15,12.0
2023-11-17,3054,8668.0,175158.0,20.35,20.35,20.1,20.35,-0.05,19.0
2023-11-20,3054,1010.0,20493.0,20.3,20.3,20.3,20.3,-0.05,5.0
2023-11-21,3054,15444.0,314045.0,20.45,20.45,20.3,20.35,0.05,38.0
2023-11-22,3054,32164.0,660322.0,20.35,21.6,20.35,20.35,0.0,27.0
2023-11-23,3054,8040.0,162663.0,20.2,20.5,19.9,20.35,0.0,9.0
2023-11-24,3054,22001.0,448770.0,20.45,20.5,20.25,20.5,0.15,18.0
2023-11-27,3054,17190.0,352196.0,20.65,20.65,20.35,20.5,0.0,26.0
2023-11-28,3054,2040.0,41920.0,20.5,20.6,20.5,20.6,0.1,3.0
2023-11-29,3054,11400.0,229080.0,20.4,20.4,20.0,20.0,-0.6,7.0
2023-11-30,3054,19040.0,384874.0,20.15,20.4,20.1,20.3,0.3,17.0
2023-12-01,3054,28040.0,566708.0,20.4,20.4,20.0,20.35,0.05,16.0
2023-12-04,3054,40073.0,820035.0,20.4,20.6,20.4,20.4,0.05,22.0
2023-12-05,3054,17000.0,348300.0,20.5,20.5,20.45,20.5,0.1,6.0
2023-12-06,3054,37000.0,746950.0,20.25,20.45,20.1,20.3,-0.2,24.0
2023-12-07,3054,29486.0,595370.0,20.4,20.5,20.0,20.3,0.0,24.0
2023-12-08,3054,43040.0,865862.0,20.35,20.35,20.0,20.35,0.05,35.0
2023-12-11,3054,12142.0,243769.0,20.05,20.3,20.05,20.3,-0.05,20.0
2023-12-12,3054,7041.0,142132.0,20.3,20.3,20.05,20.2,-0.1,12.0
2023-12-13,3054,10000.0,202350.0,20.2,20.3,20.05,20.3,0.1,8.0
2023-12-14,3054,2500.0,50574.0,20.3,20.3,20.25,20.25,-0.05,4.0
2023-12-15,3054,24108.0,487015.0,20.3,20.3,20.0,20.25,0.0,19.0
2023-12-18,3054,8001.0,162420.0,20.25,20.35,20.25,20.35,0.1,9.0
2023-12-19,3054,50007.0,1003991.0,20.35,20.35,20.0,20.3,-0.05,37.0
2023-12-20,3054,24000.0,482450.0,20.3,20.3,20.0,20.2,-0.1,17.0
2023-12-21,3054,17403.0,351713.0,20.2,20.25,20.05,20.2,0.0,20.0
2023-12-22,3054,5243.0,105490.0,20.2,20.25,20.2,20.25,0.05,12.0
2023-12-25,3054,8247.0,166696.0,20.2,20.25,20.2,20.25,0.0,13.0
2023-12-26,3054,41001.0,831170.0,20.2,20.5,20.0,20.5,0.25,29.0
2023-12-27,3054,29237.0,597266.0,20.3,20.6,20.2,20.6,0.1,26.0
2023-12-28,3054,86849.0,1817972.0,20.95,21.1,20.75,21.0,0.4,61.0
2023-12-29,3054,177667.0,3743316.0,21.0,21.4,20.9,21.0,0.0,128.0
2024-01-02,3054,4130.0,85765.0,20.9,20.9,20.7,20.9,-0.1,7.0
2024-01-03,3054,18433.0,376437.0,21.1,21.1,20.15,20.8,-0.1,11.0
2024-01-04,3054,3000.0,61950.0,20.35,20.9,20.35,20.9,0.1,3.0
2024-01-05,3054,1050.0,21992.0,20.95,20.95,20.95,20.95,0.05,2.0
2024-01-08,3054,2100.0,43944.0,20.95,20.95,20.9,20.9,-0.05,4.0
2024-01-09,3054,8001.0,165870.0,20.6,20.9,20.6,20.9,0.0,9.0
2024-01-10,3054,6000.0,125450.0,21.25,21.25,20.7,20.9,0.0,6.0
2024-01-11,3054,18000.0,377000.0,20.95,20.95,20.9,20.95,0.05,15.0
2024-01-12,3054,1001.0,20970.0,20.95,20.95,20.95,20.95,0.0,2.0
2024-01-15,3054,8053.0,166630.0,21.2,21.2,20.5,20.95,0.0,13.0
2024-01-16,3054,15004.0,308484.0,20.7,20.8,20.4,20.5,-0.45,19.0
2024-01-17,3054,22052.0,443954.0,20.2,20.55,20.0,20.5,0.0,18.0
2024-01-18,3054,3191.0,65189.0,20.5,20.5,20.4,20.4,-0.1,5.0
2024-01-19,3054,9004.0,183584.0,20.2,20.7,20.2,20.65,0.25,13.0
2024-01-22,3054,8052.0,166800.0,20.8,20.8,20.6,20.6,-0.05,10.0
2024-01-23,3054,33328.0,677582.0,20.75,20.75,20.2,20.7,0.1,23.0
2024-01-24,3054,8725.0,181042.0,20.7,20.8,20.7,20.75,0.05,10.0
2024-01-25,3054,2001.0,41220.0,20.5,20.7,20.5,20.7,-0.05,3.0
2024-01-26,3054,3000.0,62300.0,21.0,21.0,20.5,20.5,-0.2,3.0
2024-01-29,3054,29000.0,594050.0,20.45,20.8,20.45,20.8,0.3,7.0
2024-01-30,3054,12011.0,245678.0,20.4,20.75,20.4,20.7,-0.1,7.0
2024-01-31,3054,6101.0,124630.0,20.4,20.55,20.4,20.4,-0.3,15.0
2024-02-01,3054,17653.0,360725.0,21.0,21.0,20.1,20.6,0.2,16.0
2024-02-02,3054,9000.0,185200.0,20.6,20.65,20.5,20.6,0.0,9.0
2024-02-05,3054,12001.0,245521.0,20.5,20.5,20.25,20.5,-0.1,10.0
2024-02-15,3054,37001.0,760071.0,20.5,20.8,20.3,20.8,0.3,23.0
2024-02-16,3054,40010.0,826618.0,20.8,20.95,20.35,20.8,0.0,41.0
2024-02-19,3054,22003.0,456666.0,20.8,20.9,20.6,20.9,0.1,22.0
2024-02-20,3054,14002.0,291044.0,20.65,21.0,20.65,21.0,0.1,14.0
2024-02-21,3054,17002.0,356991.0,20.95,21.05,20.95,21.05,0.05,16.0
2024-02-22,3054,44136.0,930079.0,21.05,21.1,21.0,21.05,0.0,58.0
2024-02-23,3054,25004.0,526882.0,21.0,21.45,21.0,21.05,0.0,17.0
2024-02-26,3054,41030.0,854237.0,20.85,21.05,20.75,21.05,0.0,27.0
2024-02-27,3054,6104.0,126965.0,21.05,21.05,20.6,20.95,-0.1,9.0
2024-02-29,3054,21010.0,432801.0,20.8,20.85,20.35,20.75,-0.2,20.0
2024-03-01,3054,49017.0,1010150.0,20.95,20.95,20.5,20.7,-0.05,46.0
2024-03-04,3054,27007.0,555905.0,20.55,20.75,20.5,20.6,-0.1,24.0
2024-03-05,3054,6235.0,128221.0,20.45,20.75,20.45,20.7,0.1,11.0
2024-03-06,3054,15230.0,313763.0,20.7,20.7,20.55,20.55,-0.15,16.0
2024-03-07,3054,38100.0,791155.0,20.9,21.0,20.4,20.85,0.3,27.0
2024-03-08,3054,18199.0,376333.0,20.8,20.85,20.55,20.55,-0.3,28.0
2024-03-11,3054,9935.0,204966.0,20.5,20.9,20.5,20.65,0.1,14.0
2024-03-12,3054,74892.0,1526829.0,20.65,20.7,20.05,20.55,-0.1,44.0
2024-03-13,3054,17206.0,350481.0,20.4,20.5,20.3,20.5,-0.05,18.0
2024-03-14,3054,11004.0,225131.0,20.6,20.6,20.35,20.5,0.0,10.0
2024-03-15,3054,5000.0,101700.0,20.2,20.5,20.2,20.5,0.0,5.0
2024-03-18,3054,13454.0,273860.0,20.3,20.45,20.3,20.45,-0.05,22.0
2024-03-19,3054,24078.0,492071.0,20.45,20.7,20.2,20.6,0.15,21.0
2024-03-20,3054,102774.0,2087530.0,20.35,20.7,20.0,20.4,-0.2,81.0
2024-03-21,3054,24105.0,492292.0,20.4,20.5,20.3,20.5,0.1,22.0
2024-03-22,3054,84001.0,1737222.0,20.55,20.85,20.25,20.8,0.3,40.0
2024-03-25,3054,87029.0,1824214.0,20.75,21.2,20.75,21.1,0.3,50.0
2024-03-26,3054,50400.0,1053540.0,21.1,21.1,20.65,20.9,-0.2,30.0
2024-03-27,3054,31000.0,650850.0,20.75,21.15,20.65,21.1,0.2,19.0
2024-03-28,3054,44017.0,926457.0,21.1,21.2,20.9,21.05,-0.05,34.0
2024-03-29,3054,95607.0,1993732.0,21.05,21.1,20.7,20.7,-0.35,50.0
2024-04-01,3054,31519.0,642530.0,20.4,20.55,20.3,20.3,-0.4,29.0
2024-04-02,3054,9000.0,185950.0,20.3,20.8,20.3,20.65,0.35,8.0
2024-04-03,3054,13000.0,268000.0,20.65,20.65,20.5,20.65,0.0,9.0
2024-04-08,3054,16001.0,326820.0,20.45,20.6,20.25,20.35,-0.3,14.0
2024-04-09,3054,72046.0,1517562.0,20.8,21.6,20.8,20.9,0.55,59.0
2024-04-10,3054,22586.0,475266.0,20.8,21.15,20.8,21.1,0.2,24.0
2024-04-11,3054,45104.0,949983.0,21.15,21.15,20.85,21.1,0.0,33.0
2024-04-12,3054,15000.0,315550.0,21.1,21.1,20.9,21.0,-0.1,15.0
2024-04-15,3054,19050.0,399546.0,21.0,21.2,20.7,21.2,0.2,16.0
2024-04-16,3054,27002.0,557690.0,20.9,20.95,20.5,20.95,-0.25,18.0
2024-04-17,3054,37151.0,768649.0,20.95,20.95,20.5,20.95,0.0,32.0
2024-04-18,3054,6580.0,136053.0,20.6,20.9,20.6,20.9,-0.05,9.0
2024-04-19,3054,27077.0,552766.0,20.55,20.55,20.2,20.4,-0.5,26.0
2024-04-22,3054,22000.0,447500.0,20.5,20.5,20.2,20.3,-0.1,14.0
2024-04-23,3054,12000.0,246650.0,20.5,20.65,20.4,20.4,0.1,10.0
2024-04-24,3054,20001.0,408970.0,20.3,20.65,20.3,20.65,0.25,17.0
2024-04-25,3054,9404.0,191995.0,20.75,20.75,20.35,20.6,-0.05,14.0
2024-04-26,3054,26496.0,542081.0,20.35,20.7,20.25,20.7,0.1,64.0
2024-04-29,3054,31300.0,655934.0,20.7,21.4,20.7,21.2,0.5,31.0
2024-04-30,3054,36534.0,794001.0,22.5,22.5,21.05,21.2,0.0,42.0
2024-05-02,3054,46576.0,984374.0,21.3,21.3,21.05,21.25,0.05,33.0
2024-05-03,3054,51114.0,1083994.0,21.35,21.35,21.0,21.05,-0.2,32.0
2024-05-06,3054,131270.0,2695696.0,20.55,20.85,20.4,20.55,-0.5,103.0
2024-05-07,3054,7598.0,156287.0,20.55,20.6,20.5,20.6,0.05,7.0
2024-05-08,3054,11000.0,225650.0,20.6,20.6,20.5,20.55,-0.05,10.0
2024-05-09,3054,8585.0,175510.0,20.45,20.55,20.35,20.35,-0.2,44.0
2024-05-10,3054,52157.0,1059990.0,20.35,20.35,20.3,20.35,0.0,31.0
2024-05-13,3054,22010.0,444867.0,20.3,20.3,20.1,20.2,-0.15,17.0
2024-05-14,3054,10096.0,204249.0,20.2,20.25,20.2,20.25,0.05,16.0
2024-05-15,3054,25214.0,510300.0,20.75,20.75,20.15,20.25,0.0,22.0
2024-05-16,3054,12091.0,245338.0,20.45,20.45,20.15,20.3,0.05,13.0
2024-05-17,3054,3090.0,62126.0,20.1,20.1,20.1,20.1,-0.2,5.0
2024-05-20,3054,37036.0,743624.0,20.05,20.3,20.0,20.3,0.2,29.0
2024-05-21,3054,18000.0,367950.0,20.3,20.7,20.05,20.7,0.4,10.0
2024-05-22,3054,14100.0,289374.0,20.7,20.7,20.35,20.35,-0.35,15.0
2024-05-23,3054,7100.0,143444.0,20.15,20.35,20.1,20.1,-0.25,8.0
2024-05-24,3054,10150.0,204150.0,20.0,20.45,20.0,20.15,0.05,17.0
2024-05-27,3054,5055.0,102108.0,20.15,20.25,20.15,20.25,0.1,9.0
2024-05-28,3054,12000.0,242700.0,20.25,20.25,20.2,20.25,0.0,10.0
2024-05-29,3054,3201.0,64529.0,20.25,20.25,20.1,20.1,-0.15,16.0
2024-05-30,3054,31006.0,627120.0,20.3,20.5,20.05,20.2,0.1,23.0
2024-05-31,3054,6462.0,130345.0,20.2,20.25,20.1,20.1,-0.1,9.0
2024-06-03,3054,14185.0,285489.0,20.1,20.2,20.0,20.2,0.1,16.0
2024-06-04,3054,3355.0,67706.0,20.15,20.2,20.15,20.2,0.0,35.0
2024-06-05,3054,17005.0,348401.0,20.2,20.85,20.2,20.3,0.1,15.0
2024-06-06,3054,32251.0,650205.0,20.3,20.3,20.15,20.15,-0.15,41.0
2024-06-07,3054,39200.0,794460.0,20.15,20.5,20.15,20.35,0.2,46.0
2024-06-11,3054,29600.0,598693.0,20.35,20.35,20.05,20.05,-0.3,23.0
2024-06-12,3054,42300.0,846915.0,20.05,20.05,20.0,20.0,-0.05,27.0
2024-06-13,3054,10124.0,202773.0,20.1,20.15,20.0,20.15,0.15,12.0
2024-06-14,3054,4605.0,92411.0,20.1,20.1,20.05,20.05,-0.1,56.0
2024-06-17,3054,52012.0,1037292.0,19.85,20.05,19.85,20.05,0.0,31.0
2024-06-18,3054,14164.0,283687.0,20.05,20.1,19.9,20.1,0.05,13.0
2024-06-19,3054,22011.0,444065.0,20.0,20.45,19.9,20.15,0.05,23.0
2024-06-20,3054,10449.0,211684.0,20.15,20.25,20.15,20.25,0.1,14.0
2024-06-21,3054,41002.0,827040.0,20.25,20.5,20.0,20.5,0.25,22.0
2024-06-24,3054,12113.0,246687.0,20.3,20.45,20.3,20.45,-0.05,14.0
2024-06-25,3054,26000.0,530600.0,20.65,20.9,19.9,20.65,0.2,22.0
2024-06-26,3054,16243.0,335264.0,20.55,20.7,20.55,20.7,0.05,20.0
2024-06-27,3054,24249.0,500977.0,20.5,20.8,20.35,20.8,0.1,25.0
2024-06-28,3054,59304.0,1232476.0,20.6,20.9,20.6,20.85,0.05,47.0
2024-07-01,3054,6035.0,125330.0,20.9,20.9,20.6,20.6,-0.25,7.0
2024-07-02,3054,4000.0,82000.0,20.25,20.6,20.25,20.6,0.0,4.0
2024-07-03,3054,40900.0,854537.0,20.6,21.0,20.4,20.7,0.1,29.0
2024-07-04,3054,11001.0,227870.0,20.9,20.9,20.5,20.65,-0.05,12.0
2024-07-05,3054,19000.0,387350.0,20.35,20.6,20.3,20.6,-0.05,11.0
2024-07-08,3054,4012.0,82496.0,20.55,20.6,20.55,20.6,0.0,5.0
2024-07-09,3054,31000.0,630100.0,20.8,20.8,20.15,20.5,-0.1,16.0
2024-07-10,3054,29154.0,592052.0,20.3,20.5,20.15,20.5,0.0,28.0
2024-07-11,3054,25791.0,527666.0,20.7,21.0,20.2,20.45,-0.05,28.0
2024-07-12,3054,51352.0,1042250.0,20.4,20.7,20.15,20.7,0.25,37.0
2024-07-15,3054,15001.0,306769.0,20.4,20.5,20.4,20.45,-0.25,9.0
2024-07-16,3054,10731.0,217783.0,20.3,20.35,20.25,20.25,-0.2,11.0
2024-07-17,3054,48000.0,975800.0,20.5,20.5,20.2,20.45,0.2,28.0
2024-07-18,3054,10285.0,209371.0,20.45,20.45,20.3,20.3,-0.15,7.0
2024-07-19,3054,21021.0,433998.0,20.5,21.15,20.35,20.35,0.05,27.0
2024-07-22,3054,17000.0,344850.0,20.7,20.7,20.05,20.5,0.15,15.0
2024-07-23,3054,66051.0,1342187.0,20.15,20.85,20.05,20.4,-0.1,48.0
2024-07-26,3054,6002.0,122490.0,20.5,20.5,20.15,20.5,0.1,8.0
2024-07-29,3054,8727.0,179755.0,20.8,20.8,20.4,20.5,0.0,19.0
2024-07-30,3054,12000.0,242850.0,20.2,20.3,20.2,20.3,-0.2,8.0
2024-07-31,3054,26223.0,533811.0,20.8,20.8,20.2,20.6,0.3,22.0
2024-08-01,3054,31236.0,644410.0,20.6,20.8,20.4,20.4,-0.2,28.0
2024-08-02,3054,22005.0,445250.0,20.15,20.4,20.15,20.2,-0.2,12.0
2024-08-05,3054,34056.0,670362.0,20.1,20.1,19.1,19.9,-0.3,34.0
2024-08-06,3054,16425.0,321326.0,19.9,20.05,19.15,20.0,0.1,13.0
2024-08-07,3054,24403.0,496423.0,20.4,20.4,20.3,20.35,0.35,25.0
2024-08-08,3054,6000.0,122100.0,20.0,20.5,20.0,20.35,0.0,6.0
2024-08-09,3054,41004.0,823781.0,20.0,20.5,20.0,20.2,-0.15,30.0
2024-08-12,3054,19001.0,380220.0,20.0,20.1,19.95,20.0,-0.2,16.0
2024-08-13,3054,11454.0,226680.0,19.8,20.0,19.6,20.0,0.0,14.0
2024-08-14,3054,21000.0,420700.0,19.8,20.2,19.8,20.2,0.2,13.0
2024-08-15,3054,4060.0,82060.0,20.3,20.3,20.15,20.2,0.0,5.0
2024-08-16,3054,26023.0,528193.0,20.3,20.6,20.15,20.35,0.15,24.0
2024-08-19,3054,11611.0,236421.0,20.35,20.5,20.15,20.35,0.0,14.0
2024-08-20,3054,14191.0,289189.0,20.55,20.55,20.15,20.4,0.05,14.0
2024-08-21,3054,104077.0,2177633.0,20.6,21.25,20.6,20.7,0.3,83.0
2024-08-22,3054,30063.0,617747.0,20.6,20.8,20.45,20.7,0.0,18.0
2024-08-23,3054,49104.0,1003386.0,20.7,20.8,20.2,20.8,0.1,39.0
2024-08-26,3054,10744.0,220700.0,20.85,20.85,20.35,20.65,-0.15,17.0
2024-08-27,3054,13104.0,270244.0,20.4,20.7,20.4,20.7,0.05,12.0
2024-08-28,3054,398670.0,9009280.0,20.75,22.75,20.75,22.75,2.05,218.0
2024-08-29,3054,484201.0,11405363.0,23.9,24.6,22.55,23.35,0.6,454.0
2024-08-30,3054,157038.0,3530748.0,22.5,22.95,22.2,22.95,-0.4,134.0
2024-09-02,3054,81991.0,1822852.0,22.95,22.95,21.9,21.9,-1.05,72.0
2024-09-03,3054,33177.0,732243.0,21.95,22.25,21.9,22.15,0.25,34.0
2024-09-04,3054,107100.0,2244760.0,21.05,21.5,20.2,21.5,-0.65,63.0
2024-09-05,3054,33575.0,714822.0,21.5,21.5,21.05,21.5,0.0,36.0
2024-09-06,3054,45111.0,952766.0,21.5,21.5,21.0,21.3,-0.2,29.0
2024-09-09,3054,27001.0,567771.0,21.3,21.3,20.75,21.05,-0.25,20.0
2024-09-10,3054,28223.0,586138.0,20.75,20.85,20.7,20.8,-0.25,19.0
2024-09-11,3054,16000.0,327650.0,20.45,20.8,20.4,20.4,-0.4,14.0
2024-09-12,3054,31304.0,646218.0,20.4,20.95,20.3,20.9,0.5,28.0
2024-09-13,3054,57006.0,1244524.0,20.9,22.55,20.9,22.0,1.1,52.0
2024-09-16,3054,66006.0,1456337.0,23.3,23.3,21.2,21.9,-0.1,55.0
2024-09-18,3054,34006.0,729686.0,21.7,21.8,21.4,21.8,-0.1,24.0
2024-09-19,3054,23001.0,494523.0,21.75,21.8,21.3,21.5,-0.3,19.0
2024-09-20,3054,82200.0,1782200.0,21.65,21.8,21.3,21.8,0.3,44.0
2024-09-23,3054,24002.0,520242.0,21.6,21.8,21.6,21.8,0.0,15.0
2024-09-24,3054,41147.0,923402.0,21.8,22.75,21.8,22.4,0.6,39.0
2024-09-25,3054,48048.0,1066970.0,22.2,22.45,22.0,22.4,0.0,40.0
2024-09-26,3054,100672.0,2239220.0,22.4,22.7,22.0,22.7,0.3,61.0
2024-09-27,3054,56043.0,1280810.0,22.75,23.0,22.6,23.0,0.3,52.0
2024-09-30,3054,64133.0,1490367.0,23.65,23.8,22.9,23.2,0.2,49.0
2024-10-01,3054,9085.0,208609.0,22.95,23.0,22.9,23.0,-0.2,10.0
2024-10-04,3054,26255.0,587046.0,22.5,22.7,22.05,22.65,-0.35,27.0
2024-10-07,3054,64005.0,1422163.0,22.7,22.7,22.1,22.4,-0.25,33.0
2024-10-08,3054,11000.0,244300.0,22.4,22.4,22.1,22.3,-0.1,9.0
2024-10-09,3054,13100.0,289679.0,22.4,22.4,22.0,22.05,-0.25,11.0
2024-10-11,3054,101603.0,2300159.0,22.2,23.15,22.2,22.8,0.75,72.0
2024-10-14,3054,44099.0,1017816.0,23.0,23.3,22.8,22.8,0.0,31.0
2024-10-15,3054,33048.0,749158.0,22.8,22.8,22.4,22.4,-0.4,17.0
2024-10-16,3054,19068.0,424704.0,22.5,22.5,22.15,22.45,0.05,19.0
2024-10-17,3054,1005.0,22913.0,22.8,22.8,22.8,22.8,0.35,2.0
2024-10-18,3054,33295.0,739493.0,22.6,22.7,22.0,22.55,-0.25,27.0
2024-10-21,3054,17000.0,380350.0,22.45,22.7,22.2,22.5,-0.05,13.0
2024-10-22,3054,10028.0,223420.0,22.4,22.4,22.25,22.25,-0.25,8.0
2024-10-23,3054,25264.0,565837.0,22.7,22.7,22.25,22.4,0.15,16.0
2024-10-24,3054,10000.0,222850.0,22.2,22.45,22.15,22.4,0.0,10.0
2024-10-25,3054,13000.0,288500.0,22.4,22.4,22.05,22.3,-0.1,10.0
2024-10-28,3054,22163.0,487437.0,22.2,22.2,21.9,21.95,-0.35,16.0
2024-10-29,3054,9000.0,193050.0,21.5,21.55,21.35,21.4,-0.55,8.0
2024-10-30,3054,14008.0,299120.0,21.25,21.5,21.2,21.5,0.1,16.0
2024-11-01,3054,29006.0,638175.0,21.15,22.35,21.15,22.2,0.7,31.0
2024-11-04,3054,14008.0,306991.0,22.2,22.2,21.6,22.15,-0.05,13.0
2024-11-05,3054,21573.0,469004.0,22.15,22.15,21.6,22.05,-0.1,31.0
2024-11-06,3054,26090.0,561493.0,21.6,21.9,21.15,21.85,-0.2,22.0
2024-11-07,3054,21001.0,455819.0,21.9,22.0,21.45,21.85,0.0,17.0
2024-11-08,3054,15728.0,341159.0,21.9,22.0,21.45,21.8,-0.05,23.0
2024-11-11,3054,16886.0,374515.0,21.35,22.7,21.35,22.4,0.6,22.0
2024-11-12,3054,18000.0,393500.0,21.6,22.2,21.6,22.2,-0.2,17.0
2024-11-13,3054,21982.0,487020.0,22.2,22.5,21.7,22.3,0.1,27.0
2024-11-14,3054,7415.0,162971.0,21.75,22.2,21.75,22.1,-0.2,19.0
2024-11-15,3054,5005.0,108859.0,21.75,21.8,21.7,21.7,-0.4,6.0
2024-11-18,3054,17397.0,382104.0,22.0,22.4,21.65,22.15,0.45,22.0
2024-11-19,3054,9147.0,200830.0,21.9,22.1,21.8,22.1,-0.05,25.0
2024-11-20,3054,43010.0,961266.0,22.45,22.5,21.8,22.4,0.3,33.0
2024-11-21,3054,10008.0,224728.0,22.45,22.5,22.45,22.45,0.05,10.0
2024-11-22,3054,37001.0,823970.0,22.5,22.5,21.95,22.5,0.05,30.0
2024-11-25,3054,16194.0,361396.0,22.2,22.4,22.15,22.4,-0.1,19.0
2024-11-26,3054,6001.0,134020.0,22.3,22.35,22.3,22.35,-0.05,5.0
2024-11-27,3054,16744.0,373084.0,22.35,22.35,22.3,22.3,-0.05,13.0
2024-11-28,3054,4000.0,89050.0,22.3,22.3,22.25,22.25,-0.05,4.0
2024-11-29,3054,1038.0,22950.0,22.1,22.1,22.1,22.1,-0.15,3.0
2024-12-02,3054,11040.0,243235.0,22.25,22.25,21.9,22.2,0.1,7.0
2024-12-03,3054,12047.0,267414.0,22.3,22.3,22.1,22.3,0.1,12.0
2024-12-04,3054,57105.0,1288992.0,22.4,23.35,22.3,22.8,0.5,52.0
2024-12-05,3054,154504.0,3617930.0,23.05,24.3,22.5,23.45,0.65,109.0
2024-12-06,3054,63368.0,1479542.0,23.5,23.6,22.7,23.5,0.05,41.0
2024-12-09,3054,20108.0,466203.0,22.95,23.4,22.95,23.35,-0.15,20.0
2024-12-10,3054,31000.0,711150.0,23.6,23.6,22.65,23.0,-0.35,19.0
2024-12-11,3054,17348.0,396543.0,23.0,23.1,22.6,22.95,-0.05,18.0
2024-12-12,3054,14025.0,319481.0,22.95,22.95,22.5,22.95,0.0,16.0
2024-12-13,3054,62956.0,1461304.0,22.9,23.5,22.65,23.45,0.5,62.0
2024-12-16,3054,20001.0,460221.0,23.1,23.2,22.8,23.2,-0.25,20.0
2024-12-17,3054,25067.0,578573.0,23.3,23.6,22.8,23.2,0.0,25.0
2024-12-18,3054,9363.0,216656.0,23.15,23.2,23.0,23.2,0.0,16.0
2024-12-19,3054,35000.0,812700.0,23.15,23.5,22.8,23.5,0.3,26.0
2024-12-20,3054,87654.0,2085384.0,23.95,24.05,23.2,23.95,0.45,72.0
2024-12-23,3054,128876.0,3138893.0,23.95,24.55,23.45,24.55,0.6,98.0
2024-12-24,3054,106646.0,2627296.0,24.5,25.0,24.3,24.9,0.35,92.0
2024-12-25,3054,50584.0,1251749.0,24.6,25.0,24.5,24.75,-0.15,58.0
2024-12-26,3054,26021.0,637909.0,24.55,24.8,24.4,24.8,0.05,18.0
2024-12-27,3054,10052.0,245086.0,24.45,24.6,24.2,24.6,-0.2,11.0
2024-12-30,3054,21105.0,514279.0,24.2,24.6,24.15,24.4,-0.2,26.0
2024-12-31,3054,63070.0,1546527.0,24.5,24.7,24.05,24.65,0.25,45.0
2025-01-02,3054,33156.0,822170.0,24.9,24.9,24.6,24.8,0.15,36.0
2025-01-03,3054,161616.0,4216296.0,25.4,27.25,24.6,24.7,-0.1,128.0
2025-01-06,3054,62601.0,1504822.0,24.25,25.15,23.45,24.75,0.05,44.0
2025-01-07,3054,75152.0,1872181.0,24.85,26.0,24.3,24.45,-0.3,59.0
2025-01-08,3054,18108.0,447535.0,24.7,24.9,24.7,24.9,0.45,15.0
2025-01-09,3054,97637.0,2224959.0,24.25,24.25,22.45,22.7,-2.2,81.0
2025-01-10,3054,18178.0,408202.0,22.4,22.5,22.4,22.4,-0.3,25.0
2025-01-13,3054,59012.0,1288702.0,22.4,22.9,21.2,21.35,-1.05,40.0
2025-01-14,3054,43197.0,892456.0,20.7,21.35,20.4,21.0,-0.35,33.0
2025-01-15,3054,7086.0,146637.0,21.0,21.0,20.5,20.6,-0.4,6.0
2025-01-16,3054,12029.0,254947.0,21.0,21.55,21.0,21.3,0.7,16.0
2025-01-17,3054,8599.0,189912.0,21.6,22.35,21.6,22.2,0.9,25.0
2025-01-20,3054,7152.0,160424.0,22.6,22.6,22.25,22.5,0.3,10.0
2025-01-21,3054,13098.0,296255.0,22.6,22.8,22.55,22.8,0.3,14.0
2025-01-22,3054,23023.0,526820.0,23.1,23.1,22.75,22.9,0.1,24.0
2025-02-03,3054,1049.0,24125.0,23.0,23.0,23.0,23.0,0.1,10.0
2025-02-04,3054,2001.0,45423.0,22.5,22.9,22.5,22.9,-0.1,3.0
2025-02-05,3054,35029.0,803757.0,22.85,23.6,22.85,23.05,0.15,22.0
2025-02-06,3054,3000.0,69800.0,23.4,23.4,23.0,23.0,-0.05,3.0
2025-02-07,3054,2092.0,48745.0,23.2,23.4,23.2,23.4,0.4,7.0
2025-02-10,3054,4190.0,96130.0,23.55,23.55,22.55,23.0,-0.4,22.0
2025-02-11,3054,38050.0,839490.0,22.8,22.8,21.65,22.2,-0.8,28.0
2025-02-12,3054,16252.0,354499.0,22.2,22.2,21.65,21.7,-0.5,17.0
2025-02-13,3054,6082.0,136941.0,22.8,22.8,22.2,22.4,0.7,10.0
2025-02-14,3054,10037.0,226626.0,22.5,22.75,22.5,22.75,0.35,12.0
2025-02-17,3054,19212.0,424714.0,22.05,22.65,22.0,22.65,-0.1,15.0
2025-02-18,3054,13451.0,301798.0,22.5,22.65,22.1,22.65,0.0,21.0
2025-02-19,3054,10176.0,228155.0,22.5,22.6,22.1,22.6,-0.05,27.0
2025-02-20,3054,13003.0,290217.0,22.55,22.55,22.15,22.5,-0.1,15.0
2025-02-21,3054,13004.0,290840.0,22.5,22.5,22.15,22.5,0.0,16.0
2025-02-24,3054,20004.0,441040.0,22.15,22.45,21.7,22.15,-0.35,22.0
2025-02-25,3054,8002.0,175394.0,22.15,22.15,21.7,22.15,0.0,8.0
2025-02-26,3054,2158.0,48250.0,22.2,22.55,22.2,22.55,0.4,7.0
2025-02-27,3054,5045.0,113014.0,22.4,22.4,22.4,22.4,-0.15,6.0
2025-03-03,3054,4002.0,88794.0,22.35,22.35,21.8,22.3,-0.1,6.0
2025-03-04,3054,9000.0,197950.0,21.8,22.15,21.8,22.15,-0.15,9.0
2025-03-05,3054,9141.0,203205.0,22.3,22.35,22.0,22.3,0.15,16.0
2025-03-06,3054,15220.0,333990.0,22.0,22.0,21.8,21.9,-0.4,20.0
2025-03-07,3054,3167.0,71771.0,22.6,22.8,22.6,22.65,0.75,6.0
2025-03-10,3054,12000.0,260100.0,21.9,22.0,21.15,21.5,-1.15,12.0
2025-03-11,3054,6001.0,129121.0,20.9,21.7,20.9,21.7,0.2,7.0
2025-03-12,3054,9000.0,191300.0,21.05,21.65,21.0,21.65,-0.05,8.0
2025-03-13,3054,7024.0,150587.0,20.8,21.7,20.8,21.65,0.0,10.0
2025-03-14,3054,7039.0,154392.0,21.65,22.3,21.65,22.2,0.55,8.0
2025-03-17,3054,10108.0,220127.0,22.25,22.25,21.4,21.85,-0.35,11.0
2025-03-18,3054,5387.0,119640.0,22.15,22.3,22.15,22.3,0.45,10.0
2025-03-19,3054,21049.0,459853.0,22.3,22.3,21.6,22.1,-0.2,16.0
2025-03-20,3054,12143.0,270497.0,22.2,22.5,22.0,22.0,-0.1,19.0
2025-03-21,3054,16167.0,357687.0,22.25,22.45,21.7,22.0,0.0,45.0
2025-03-24,3054,1112.0,24430.0,21.95,21.95,21.95,21.95,-0.05,16.0
2025-03-25,3054,21002.0,453596.0,21.6,22.0,21.0,21.9,-0.05,21.0
2025-03-26,3054,13106.0,286357.0,21.85,22.2,21.35,22.2,0.3,32.0
2025-03-27,3054,21259.0,471852.0,22.15,22.6,21.5,22.6,0.4,24.0
2025-03-28,3054,36792.0,817967.0,22.05,22.8,21.5,22.8,0.2,44.0
2025-03-31,3054,59429.0,1370959.0,22.5,23.55,22.1,23.4,0.6,65.0
2025-04-01,3054,15302.0,356172.0,23.4,23.4,23.0,23.15,-0.25,25.0
2025-04-02,3054,8283.0,187671.0,22.5,23.05,22.5,23.05,-0.1,15.0
2025-04-07,3054,15017.0,311600.0,20.75,20.75,20.75,20.75,-2.3,12.0
2025-04-08,3054,65191.0,1231479.0,19.2,20.0,18.7,18.75,-2.0,49.0
2025-04-09,3054,13010.0,253438.0,19.85,19.85,18.6,19.2,0.45,12.0
2025-04-10,3054,42035.0,868819.0,20.65,21.1,20.4,21.1,1.9,40.0
2025-04-11,3054,6020.0,125915.0,21.0,21.0,20.9,20.9,-0.2,11.0
2025-04-14,3054,26011.0,542021.0,20.9,21.0,20.3,20.95,0.05,22.0
2025-04-15,3054,42065.0,932764.0,21.0,22.9,21.0,22.4,1.45,42.0
2025-04-16,3054,6299.0,140154.0,22.65,22.65,22.0,22.0,-0.4,22.0
2025-04-17,3054,15219.0,347272.0,22.3,23.65,22.3,22.8,0.8,16.0
2025-04-18,3054,7391.0,170511.0,23.2,23.2,23.0,23.0,0.2,15.0
2025-04-21,3054,56318.0,1321959.0,22.9,23.8,22.3,23.8,0.8,54.0
2025-04-22,3054,35243.0,866029.0,24.1,25.45,24.1,24.35,0.55,38.0
2025-04-23,3054,42232.0,1017338.0,24.6,24.6,23.15,24.0,-0.35,37.0
2025-04-24,3054,7004.0,167746.0,23.8,24.15,23.6,24.15,0.15,8.0
2025-04-25,3054,6097.0,146749.0,24.35,24.35,23.95,23.95,-0.2,8.0
2025-04-28,3054,17531.0,426574.0,24.2,24.9,24.15,24.2,0.25,23.0
2025-04-29,3054,19199.0,466541.0,24.4,24.7,23.7,24.7,0.5,25.0
2025-04-30,3054,10407.0,255787.0,25.0,25.0,24.1,24.1,-0.6,19.0
2025-05-02,3054,23111.0,577802.0,25.1,25.1,24.8,25.0,0.9,28.0
2025-05-05,3054,28119.0,698622.0,25.0,25.0,24.5,25.0,0.0,40.0
2025-05-06,3054,40404.0,976378.0,25.1,25.1,23.7,24.8,-0.2,35.0
2025-05-07,3054,4094.0,100978.0,24.7,24.7,24.7,24.7,-0.1,5.0
2025-05-08,3054,31191.0,741588.0,24.8,24.8,23.3,24.5,-0.2,34.0
2025-05-09,3054,27142.0,646802.0,24.45,24.45,23.5,24.3,-0.2,27.0
2025-05-12,3054,4071.0,97961.0,24.3,24.3,24.0,24.0,-0.3,7.0
2025-05-13,3054,11077.0,264661.0,24.2,24.2,23.5,24.05,0.05,18.0
2025-05-14,3054,9266.0,220222.0,24.05,24.05,23.55,24.0,-0.05,85.0
2025-05-15,3054,2052.0,48864.0,24.05,24.05,23.65,23.65,-0.35,4.0
2025-05-16,3054,23665.0,554247.0,24.05,24.05,23.35,23.85,0.2,10.0
2025-05-19,3054,5000.0,118800.0,24.0,24.0,23.5,23.9,0.05,4.0
2025-05-20,3054,13014.0,305273.0,23.85,23.85,23.25,23.55,-0.35,11.0
2025-05-21,3054,3860.0,91322.0,23.55,23.6,23.55,23.6,0.05,47.0
2025-05-22,3054,5024.0,118254.0,23.8,23.8,23.3,23.8,0.2,8.0
2025-05-23,3054,2026.0,48181.0,23.8,23.8,23.8,23.8,0.0,5.0
2025-05-26,3054,4255.0,102638.0,23.8,24.4,23.8,24.1,0.3,32.0
2025-05-27,3054,2000.0,48000.0,24.0,24.0,24.0,24.0,-0.1,2.0
2025-05-28,3054,1041.0,24982.0,24.0,24.0,24.0,24.0,0.0,4.0
2025-05-29,3054,1000.0,23850.0,23.85,23.85,23.85,23.85,-0.15,1.0
2025-06-02,3054,1000.0,23100.0,23.1,23.1,23.1,23.1,-0.75,1.0
2025-06-03,3054,7016.0,161211.0,23.05,23.1,22.7,22.9,-0.2,7.0
2025-06-04,3054,27396.0,623512.0,23.7,23.7,22.65,22.65,-0.25,32.0
2025-06-05,3054,4073.0,93544.0,22.65,23.4,22.65,23.2,0.55,8.0
2025-06-06,3054,2002.0,46644.0,23.3,23.3,23.3,23.3,0.1,4.0
2025-06-09,3054,2000.0,47500.0,23.5,24.0,23.5,24.0,0.7,2.0
2025-06-10,3054,17042.0,404703.0,23.95,23.95,23.1,23.95,-0.05,16.0
2025-06-11,3054,2080.0,48326.0,23.25,23.25,23.2,23.2,-0.75,5.0
2025-06-12,3054,11002.0,261598.0,23.7,23.9,23.7,23.8,0.6,11.0
2025-06-13,3054,3000.0,71150.0,23.9,23.9,23.35,23.35,-0.45,3.0
2025-06-16,3054,7000.0,166000.0,23.8,23.8,23.7,23.7,0.35,6.0
2025-06-17,3054,16000.0,370150.0,23.0,23.7,23.0,23.7,0.0,10.0
2025-06-18,3054,4000.0,94350.0,23.6,23.6,23.55,23.55,-0.15,4.0
2025-06-19,3054,15002.0,351944.0,23.7,23.9,23.15,23.7,0.15,16.0
2025-06-20,3054,5151.0,121343.0,23.8,23.8,23.15,23.3,-0.4,8.0
2025-06-23,3054,19100.0,441305.0,23.5,23.65,22.85,23.65,0.35,16.0
2025-06-24,3054,5000.0,117900.0,23.5,23.6,23.5,23.6,-0.05,5.0
2025-06-25,3054,5000.0,118850.0,23.7,23.9,23.7,23.75,0.15,5.0
2025-06-26,3054,10000.0,237800.0,23.75,23.8,23.75,23.75,0.0,10.0
2025-06-27,3054,19122.0,454049.0,23.8,23.9,23.25,23.9,0.15,24.0
2025-06-30,3054,72135.0,1735658.0,23.9,24.35,23.8,23.8,-0.1,56.0
2025-07-01,3054,10044.0,239103.0,23.8,23.8,23.5,23.7,-0.1,23.0
2025-07-02,3054,4001.0,94625.0,23.5,23.8,23.5,23.8,0.1,5.0
2025-07-03,3054,4166.0,98853.0,23.75,23.75,23.75,23.75,-0.05,6.0
2025-07-04,3054,2000.0,47500.0,23.75,23.75,23.75,23.75,0.0,2.0
2025-07-07,3054,3100.0,72490.0,23.1,23.6,23.1,23.35,-0.4,6.0
2025-07-08,3054,103397.0,2585231.0,24.3,25.65,24.0,24.6,1.25,85.0
2025-07-09,3054,67454.0,1560059.0,24.6,24.6,22.55,22.65,-1.95,75.0
2025-07-10,3054,14228.0,323770.0,22.85,22.85,22.7,22.7,0.05,15.0
2025-07-11,3054,5051.0,116122.0,23.1,23.1,22.85,22.85,0.15,12.0
2025-07-14,3054,7001.0,159124.0,22.8,22.8,22.7,22.7,-0.15,5.0
2025-07-15,3054,3000.0,68600.0,23.0,23.0,22.8,22.8,0.1,3.0
2025-07-16,3054,1002.0,23244.0,23.2,23.2,23.2,23.2,0.4,3.0
2025-07-17,3054,8011.0,179997.0,22.4,22.9,22.4,22.9,-0.3,9.0
2025-07-18,3054,2340.0,52970.0,22.4,22.9,22.4,22.9,0.0,10.0
2025-07-21,3054,4010.0,89923.0,22.7,22.8,22.05,22.8,-0.1,6.0
2025-07-22,3054,7027.0,161706.0,23.15,23.15,22.95,22.95,0.15,7.0
2025-07-23,3054,2724.0,62101.0,22.95,22.95,22.95,22.95,0.0,9.0
2025-07-24,3054,6000.0,135750.0,22.9,22.9,22.45,22.9,-0.05,6.0
2025-07-25,3054,9020.0,200444.0,22.3,22.75,22.05,22.75,-0.15,12.0
2025-07-28,3054,3438.0,78175.0,22.85,22.85,22.75,22.75,0.0,11.0
2025-07-29,3054,3004.0,67988.0,22.7,22.7,22.6,22.6,-0.15,4.0
2025-07-30,3054,7111.0,157564.0,22.2,22.2,22.1,22.1,-0.5,10.0
2025-07-31,3054,11205.0,254350.0,22.55,22.9,22.5,22.9,0.8,15.0
2025-08-01,3054,8127.0,185915.0,22.8,23.1,22.55,23.1,0.2,12.0
2025-08-04,3054,3007.0,68306.0,22.35,23.0,22.35,23.0,-0.1,5.0
2025-08-05,3054,2416.0,55155.0,23.0,23.0,22.6,22.6,-0.4,14.0
2025-08-06,3054,9409.0,213393.0,22.7,22.85,22.6,22.6,0.0,10.0
2025-08-07,3054,8028.0,183727.0,22.6,23.0,22.6,23.0,0.4,9.0
2025-08-08,3054,3073.0,71487.0,23.4,23.4,23.2,23.2,0.2,5.0
2025-08-11,3054,16017.0,374796.0,23.3,23.5,23.3,23.4,0.2,14.0
2025-08-12,3054,26700.0,636677.0,23.4,24.1,23.4,23.95,0.55,34.0
2025-08-13,3054,18359.0,444811.0,24.4,24.65,24.0,24.0,0.05,23.0
2025-08-14,3054,9000.0,215950.0,24.0,24.0,23.95,24.0,0.0,7.0
2025-08-15,3054,16880.0,426738.0,24.0,26.0,24.0,25.2,1.2,16.0
2025-08-18,3054,9688.0,236517.0,24.15,25.1,24.15,24.9,-0.3,20.0
2025-08-19,3054,12003.0,292017.0,24.2,24.9,24.2,24.9,0.0,12.0
2025-08-20,3054,22001.0,543774.0,25.0,25.2,24.4,24.8,-0.1,18.0
2025-08-21,3054,17000.0,417550.0,25.65,25.65,24.3,24.3,-0.5,14.0
2025-08-22,3054,16201.0,394762.0,24.5,24.7,24.05,24.6,0.3,15.0
2025-08-25,3054,2005.0,49823.0,24.7,25.0,24.7,25.0,0.4,4.0
2025-08-26,3054,1116.0,27900.0,25.0,25.0,25.0,25.0,0.0,4.0
2025-08-27,3054,18081.0,439985.0,24.7,24.7,24.2,24.3,-0.7,20.0
2025-08-28,3054,25310.0,614323.0,24.55,25.3,24.05,24.05,-0.25,24.0
2025-08-29,3054,17567.0,412564.0,24.55,24.55,23.1,24.0,-0.05,18.0
2025-09-01,3054,0.0,0.0,0.0,0.0,0.0,0.0,0.0,0.0
2025-09-02,3054,1.0,24.0,0.0,0.0,0.0,0.0,0.0,1.0
2025-09-03,3054,1006.0,23891.0,23.75,23.75,23.75,23.75,0.0,3.0
2025-09-04,3054,1001.0,23772.0,23.75,23.75,23.75,23.75,0.0,2.0
2025-09-05,3054,2403.0,56439.0,23.65,23.65,23.65,23.65,-0.1,11.0
2025-09-08,3054,5081.0,119510.0,23.65,23.8,23.0,23.6,-0.05,7.0
2025-09-09,3054,7388.0,177171.0,23.5,24.6,23.5,24.5,0.9,10.0
2025-09-10,3054,19662.0,474637.0,24.75,24.75,23.7,24.5,0.0,28.0
2025-09-11,3054,5165.0,122910.0,23.8,23.8,23.8,23.8,-0.7,5.0
2025-09-12,3054,2305.0,54936.0,24.2,24.2,23.5,23.5,-0.3,5.0
2025-09-15,3054,16303.0,388222.0,23.8,23.95,23.8,23.95,0.45,12.0
2025-09-16,3054,7019.0,165747.0,24.3,24.3,23.5,23.5,-0.45,16.0
2025-09-17,3054,17576.0,424042.0,23.9,24.7,23.9,24.7,1.2,47.0
2025-09-18,3054,1003.0,24773.0,24.7,24.7,24.7,24.7,0.0,3.0
2025-09-19,3054,10100.0,242590.0,24.7,24.7,23.7,24.0,-0.7,10.0
2025-09-22,3054,26020.0,616180.0,24.0,24.0,23.4,23.95,-0.05,25.0
2025-09-23,3054,34030.0,813920.0,23.8,24.0,23.7,23.9,-0.05,11.0
2025-09-24,3054,18193.0,434973.0,23.8,24.05,23.8,24.05,0.15,12.0
2025-09-25,3054,131766.0,3235158.0,24.45,24.95,23.8,24.95,0.9,58.0
2025-09-26,3054,34064.0,842995.0,24.95,25.0,24.5,24.55,-0.4,30.0
2025-09-30,3054,37389.0,905080.0,24.0,24.7,23.65,24.7,0.15,46.0
2025-10-01,3054,43746.0,1082878.0,24.7,25.0,24.25,24.7,0.0,38.0
2025-10-02,3054,54975.0,1373903.0,25.0,25.1,24.8,24.95,0.25,41.0
2025-10-03,3054,13011.0,318669.0,24.75,24.75,24.1,24.55,-0.4,12.0
2025-10-07,3054,7024.0,173343.0,24.55,24.9,24.35,24.8,0.25,19.0
2025-10-08,3054,8001.0,197275.0,24.75,24.9,24.15,24.6,-0.2,9.0
2025-10-09,3054,12745.0,308256.0,24.7,24.7,24.15,24.15,-0.45,20.0
2025-10-13,3054,11002.0,261095.0,24.2,24.3,23.0,24.2,0.05,13.0
2025-10-14,3054,5147.0,123379.0,24.4,24.4,23.4,24.0,-0.2,17.0
2025-10-15,3054,4071.0,96454.0,24.25,24.25,23.5,23.5,-0.5,5.0
2025-10-16,3054,11201.0,270308.0,23.55,24.25,23.55,24.15,0.65,11.0
2025-10-17,3054,14022.0,334429.0,24.7,24.7,23.6,24.1,-0.05,17.0
2025-10-20,3054,8867.0,211913.0,24.0,24.0,23.9,24.0,-0.1,16.0
2025-10-21,3054,1021.0,24483.0,24.0,24.0,24.0,24.0,0.0,3.0
2025-10-22,3054,1001.0,23525.0,23.5,23.5,23.5,23.5,-0.5,2.0
2025-10-23,3054,3001.0,71175.0,23.95,23.95,23.5,23.5,0.0,4.0
2025-10-27,3054,11001.0,259272.0,23.9,23.95,22.5,23.85,0.35,11.0
2025-10-28,3054,9000.0,209400.0,23.0,23.85,23.0,23.85,0.0,8.0
2025-10-29,3054,3000.0,70850.0,23.8,23.85,23.2,23.85,0.0,3.0
2025-10-30,3054,28588.0,698525.0,24.0,24.65,23.85,24.25,0.4,59.0
2025-10-31,3054,24037.0,586007.0,24.9,24.9,24.2,24.5,0.25,33.0
2025-11-03,3054,23326.0,575338.0,24.9,24.9,24.55,24.6,0.1,16.0
2025-11-04,3054,1022.0,24635.0,24.1,24.1,24.1,24.1,-0.5,2.0
2025-11-05,3054,8000.0,192350.0,24.1,24.1,23.95,24.1,0.0,7.0
2025-11-06,3054,9100.0,217505.0,24.1,24.1,23.55,24.0,-0.1,10.0
2025-11-07,3054,3487.0,81645.0,23.2,23.75,23.2,23.75,-0.25,7.0
2025-11-10,3054,4000.0,92750.0,23.05,23.7,23.0,23.7,-0.05,4.0
2025-11-11,3054,22073.0,513980.0,23.0,23.6,23.0,23.6,-0.1,27.0
2025-11-12,3054,10329.0,238476.0,23.2,23.2,23.0,23.0,-0.6,13.0
2025-11-13,3054,9080.0,214480.0,24.6,24.6,22.95,22.95,-0.05,11.0
2025-11-14,3054,7103.0,160438.0,22.6,22.7,22.55,22.7,-0.25,8.0
2025-11-17,3054,14061.0,320340.0,22.9,23.2,22.6,22.8,0.1,19.0
2025-11-18,3054,14745.0,330931.0,22.6,22.8,22.25,22.3,-0.5,18.0
2025-11-19,3054,10283.0,232603.0,22.3,22.8,22.3,22.75,0.45,11.0
2025-11-20,3054,1000.0,23100.0,23.1,23.1,23.1,23.1,0.35,1.0
2025-11-21,3054,13459.0,300391.0,23.8,23.8,22.0,23.1,0.0,11.0
2025-11-24,3054,12000.0,272950.0,23.1,23.1,22.45,22.75,-0.35,10.0
2025-11-25,3054,8123.0,186647.0,23.2,23.2,22.65,23.05,0.3,10.0
2025-11-26,3054,7000.0,164250.0,23.4,23.95,23.2,23.2,0.15,7.0
2025-11-27,3054,11000.0,255500.0,23.4,23.75,23.0,23.75,0.55,11.0
2025-11-28,3054,6492.0,152799.0,23.75,23.75,23.15,23.65,-0.1,10.0
2025-12-01,3054,6321.0,146278.0,23.1,23.15,23.1,23.15,-0.5,7.0
2025-12-02,3054,1008.0,23635.0,23.45,23.45,23.45,23.45,0.3,2.0
2025-12-03,3054,43074.0,1019599.0,23.8,23.9,23.5,23.75,0.3,41.0
2025-12-04,3054,5080.0,120811.0,23.75,23.85,23.75,23.8,0.05,7.0
2025-12-05,3054,4090.0,97343.0,24.15,24.15,23.5,23.6,-0.2,9.0
2025-12-08,3054,12031.0,284379.0,23.65,23.8,23.5,23.7,0.1,15.0
2025-12-09,3054,4000.0,95550.0,24.0,24.0,23.85,23.85,0.15,4.0
2025-12-10,3054,18008.0,430734.0,23.95,24.0,23.9,23.9,0.05,15.0
2025-12-11,3054,217815.0,5571926.0,24.2,26.25,24.2,24.85,0.95,165.0
2025-12-12,3054,67735.0,1695092.0,25.0,25.45,24.85,25.1,0.25,57.0
2025-12-15,3054,74661.0,1910869.0,26.0,26.1,25.3,25.95,0.85,68.0
2025-12-16,3054,106572.0,2822217.0,27.8,27.8,26.0,26.7,0.75,116.0
2025-12-17,3054,82076.0,2251025.0,27.6,27.8,26.95,27.45,0.75,69.0
2025-12-18,3054,94275.0,2606286.0,28.0,28.45,27.1,27.3,-0.15,103.0
2025-12-19,3054,40408.0,1089132.0,27.35,27.55,26.5,26.95,-0.35,39.0
2025-12-22,3054,101784.0,2751184.0,27.2,27.5,26.3,27.4,0.45,75.0
2025-12-23,3054,66319.0,1823680.0,27.35,27.95,27.05,27.75,0.35,55.0
2025-12-24,3054,36107.0,995557.0,27.8,27.8,27.2,27.75,0.0,35.0
2025-12-26,3054,71767.0,1999966.0,28.0,28.0,27.6,27.75,0.0,61.0
2025-12-29,3054,338201.0,10213928.0,28.0,30.5,28.0,30.5,2.75,476.0
2025-12-30,3054,349915.0,10915441.0,31.75,31.9,30.3,31.8,1.3,326.0
2025-12-31,3054,357891.0,11793943.0,31.9,33.75,31.9,32.45,0.65,502.0
2026-01-02,3054,129697.0,4086063.0,32.45,32.45,30.45,31.9,-0.55,196.0
2026-01-05,3054,117822.0,3741273.0,32.3,32.65,31.25,32.0,0.1,158.0
2026-01-06,3054,125951.0,4028031.0,32.0,32.75,31.45,32.3,0.3,117.0
2026-01-07,3054,87550.0,2835322.0,32.35,32.85,31.6,32.7,0.4,90.0
2026-01-08,3054,83832.0,2682782.0,32.5,32.55,31.65,31.65,-1.05,82.0
2026-01-09,3054,44991.0,1381437.0,30.55,31.3,30.55,30.65,-1.0,47.0
2026-01-12,3054,45117.0,1373011.0,30.7,31.65,30.05,30.4,-0.25,36.0
2026-01-13,3054,41168.0,1208410.0,29.85,30.1,28.85,29.05,-1.35,40.0
2026-01-14,3054,57735.0,1718198.0,29.0,30.6,29.0,29.95,0.9,53.0
2026-01-15,3054,56305.0,1707660.0,31.8,31.8,29.95,30.1,0.15,60.0
2026-01-16,3054,37816.0,1116989.0,30.0,30.8,28.5,30.15,0.05,44.0
2026-01-19,3054,52004.0,1573667.0,30.05,30.95,29.95,29.95,-0.2,44.0
2026-01-20,3054,33358.0,1005302.0,29.95,30.3,29.95,30.2,0.25,45.0
2026-01-21,3054,32009.0,948208.0,30.15,30.15,29.4,29.8,-0.4,27.0
2026-01-22,3054,23235.0,686352.0,28.8,30.2,28.8,30.2,0.4,29.0
2026-01-23,3054,15156.0,450750.0,29.5,30.0,29.2,29.95,-0.25,19.0
2026-01-26,3054,112012.0,3539233.0,29.6,32.15,29.6,31.9,1.95,123.0
2026-01-27,3054,56372.0,1776330.0,32.35,32.35,31.05,31.6,-0.3,64.0
2026-01-28,3054,68850.0,2135117.0,31.7,32.3,30.15,30.65,-0.95,71.0
2026-01-29,3054,36242.0,1102389.0,30.05,31.05,29.8,30.7,0.05,45.0
2026-01-30,3054,26203.0,799180.0,31.3,31.3,30.25,30.45,-0.25,22.0
2026-02-02,3054,8380.0,252630.0,30.1,30.55,30.0,30.55,0.1,23.0
2026-02-03,3054,102999.0,3219100.0,30.05,32.0,30.05,31.25,0.7,162.0
2026-02-04,3054,32002.0,997462.0,31.15,31.4,31.05,31.3,0.05,25.0
2026-02-05,3054,29075.0,900977.0,31.05,31.45,30.55,31.45,0.15,30.0
2026-02-06,3054,49374.0,1547039.0,31.6,31.85,30.95,31.2,-0.25,43.0
2026-02-09,3054,40993.0,1269832.0,31.1,31.75,30.7,30.75,-0.45,43.0
2026-02-10,3054,88253.0,2764790.0,30.8,32.15,30.8,31.1,0.35,77.0
2026-02-11,3054,81091.0,2531044.0,31.1,31.5,30.85,30.85,-0.25,74.0
2026-02-23,3054,74706.0,2348969.0,30.85,31.75,30.85,31.45,0.6,63.0
2026-02-24,3054,79460.0,2497963.0,31.9,31.9,31.0,31.4,-0.05,77.0
2026-02-25,3054,381006.0,12831769.0,32.0,34.5,31.85,34.5,3.1,332.0
2026-02-26,3054,260798.0,9897267.0,37.95,37.95,37.95,37.95,3.45,165.0
2026-03-02,3054,132520.0,5526071.0,41.7,41.7,41.7,41.7,3.75,111.0
2026-03-03,3054,1540830.0,64717172.0,45.85,45.85,37.55,37.75,-3.95,2410.0
2026-03-04,3054,706884.0,28204658.0,36.75,41.5,36.75,41.5,3.75,632.0
2026-03-05,3054,1105544.0,46732666.0,42.0,44.4,40.3,40.95,-0.55,951.0
2026-03-06,3054,925631.0,41615753.0,45.0,45.0,43.3,45.0,4.05,822.0
2026-03-09,3054,851255.0,42021356.0,49.5,49.5,47.55,49.5,4.5,531.0
2026-03-10,3054,2299722.0,123437829.0,54.1,54.4,50.6,54.4,4.9,4428.0
2026-03-11,3054,597791.0,35747880.0,59.8,59.8,59.8,59.8,5.4,264.0
2026-03-12,3054,1103639.0,71526159.0,64.4,65.7,62.6,65.7,5.9,621.0
2026-03-13,3054,930306.0,62624004.0,65.0,72.2,62.7,72.2,6.5,850.0
2026-03-16,3054,415518.0,32185145.0,73.0,79.4,73.0,79.4,7.2,371.0
2026-03-17,3054,321642.0,28067735.0,87.2,87.3,87.2,87.3,7.9,229.0
2026-03-18,3054,472735.0,43385441.0,87.3,96.0,87.3,90.3,3.0,459.0
2026-03-19,3054,380401.0,32006325.0,87.0,87.0,82.0,86.0,-4.3,451.0
2026-03-20,3054,246238.0,20213958.0,90.0,90.0,77.7,79.2,-6.8,527.0
2026-03-23,3054,339707.0,24589949.0,75.0,75.0,71.3,71.3,-7.9,345.0
2026-03-24,3054,349065.0,22816117.0,71.0,71.0,64.2,64.2,-7.1,324.0
2026-03-25,3054,195956.0,12777455.0,64.5,67.8,63.4,65.0,0.8,207.0
2026-03-26,3054,161130.0,10702695.0,65.0,69.5,65.0,65.0,0.0,168.0
2026-03-27,3054,239540.0,14392171.0,63.3,63.3,58.5,62.1,-2.9,235.0
2026-03-30,3054,113777.0,7368257.0,61.6,68.3,60.0,68.3,6.2,137.0
2026-03-31,3054,320887.0,22572507.0,68.9,73.7,66.9,67.6,-0.7,268.0
2026-04-01,3054,443411.0,32532227.0,72.3,74.3,71.2,74.3,6.7,266.0
2026-04-02,3054,2510579.0,191302853.0,77.2,81.7,67.4,67.4,-6.9,1796.0
2026-04-07,3054,794926.0,51184299.0,67.4,71.8,60.7,60.7,-6.7,774.0
2026-04-08,3054,1044922.0,65209326.0,59.7,65.6,59.2,62.2,1.5,946.0
2026-04-09,3054,259110.0,17723114.0,68.4,68.4,68.4,68.4,6.2,208.0
2026-04-10,3054,185218.0,13928386.0,75.2,75.2,75.2,75.2,6.8,176.0
2026-04-13,3054,1767035.0,133311943.0,76.5,78.1,71.7,72.2,-3.0,1635.0
2026-04-14,3054,536422.0,38858616.0,74.3,75.2,70.8,70.8,-1.4,619.0
2026-04-15,3054,550710.0,38001659.0,72.2,72.3,66.2,66.6,-4.2,687.0
2026-04-16,3054,517409.0,36803937.0,68.0,73.2,67.6,73.2,6.6,536.0
2026-04-17,3054,993547.0,73814747.0,73.2,77.5,71.9,75.7,2.5,1061.0
2026-04-20,3054,799895.0,60382883.0,77.9,78.4,72.9,73.8,-1.9,879.0
2026-04-21,3054,413534.0,30615794.0,73.0,75.0,72.3,75.0,1.2,657.0
2026-04-22,3054,605043.0,45456188.0,77.0,78.2,72.0,72.0,-3.0,632.0
2026-04-23,3054,429733.0,29846956.0,73.6,73.6,65.7,69.1,-2.9,614.0
2026-04-24,3054,403325.0,28595515.0,70.7,74.0,68.5,71.0,1.9,561.0
2026-04-27,3054,707994.0,54827122.0,73.6,78.1,73.1,78.1,7.1,351.0
2026-04-28,3054,1912455.0,141531060.0,78.1,80.7,70.3,70.3,-7.8,1620.0
2026-04-29,3054,758581.0,50724667.0,69.1,69.1,65.0,67.3,-3.0,746.0
2026-04-30,3054,258503.0,17277369.0,67.9,68.2,66.0,66.0,-1.3,277.0
2026-05-04,3054,315312.0,21233898.0,66.2,68.8,65.6,66.7,0.7,295.0
2026-05-05,3054,196700.0,13155132.0,66.4,67.9,65.7,67.1,0.4,453.0
2026-05-06,3054,1700425.0,124289759.0,73.0,73.8,70.3,73.8,6.7,1271.0
2026-05-07,3054,1457553.0,110482084.0,74.1,78.6,73.8,75.5,1.7,1229.0
2026-05-08,3054,672518.0,48102912.0,76.0,76.0,69.0,70.4,-5.1,723.0
2026-05-11,3054,333642.0,23175808.0,71.4,71.4,67.7,69.6,-0.8,341.0
2026-05-12,3054,246943.0,16796740.0,69.1,69.1,67.3,68.5,-1.1,295.0
2026-05-13,3054,197801.0,13354290.0,68.1,68.5,66.6,67.8,-0.7,198.0
2026-05-14,3054,203395.0,13788497.0,69.4,69.4,67.2,67.5,-0.3,184.0
2026-05-15,3054,146714.0,9867578.0,67.8,68.5,66.6,66.6,-0.9,159.0
2026-05-18,3054,166018.0,11247391.0,67.4,68.5,66.5,67.2,0.6,169.0
2026-05-19,3054,110232.0,7349664.0,67.4,67.6,66.2,66.2,-1.0,110.0
2026-05-20,3054,159202.0,10684086.0,67.0,68.4,66.1,66.6,0.4,150.0
2026-05-21,3054,152204.0,10264523.0,67.7,69.1,66.5,66.8,0.2,174.0
2026-05-22,3054,194889.0,13160544.0,66.8,68.5,66.8,67.6,0.8,180.0
2026-05-25,3054,353813.0,24324599.0,70.0,70.0,67.5,69.0,1.4,313.0
2026-05-26,3054,159608.0,10906370.0,69.5,69.5,67.7,68.3,-0.7,177.0
2026-05-27,3054,446158.0,31217398.0,69.7,74.8,67.5,67.6,-0.7,493.0
2026-05-28,3054,231470.0,15602648.0,69.5,69.5,66.0,67.5,-0.1,250.0
2026-05-29,3054,278014.0,18673466.0,67.7,68.7,66.1,66.8,-0.7,236.0
2026-06-01,3054,208882.0,14241400.0,66.7,68.9,66.7,68.5,1.7,262.0
2026-06-02,3054,542169.0,38343584.0,68.5,72.9,67.4,72.0,3.5,554.0
2026-06-03,3054,618084.0,45330689.0,72.3,76.0,70.5,76.0,4.0,583.0
2026-06-04,3054,598620.0,50044616.0,83.6,83.6,83.6,83.6,7.6,388.0
2026-06-05,3054,1631443.0,127676598.0,83.0,83.9,75.3,83.8,0.2,1442.0
2026-06-08,3054,405806.0,30638634.0,75.5,75.5,75.5,75.5,-8.3,343.0
2026-06-09,3054,723728.0,52576086.0,75.7,76.0,70.5,70.5,-5.0,705.0
2026-06-10,3054,380657.0,26498261.0,69.7,72.0,67.8,67.8,-2.7,372.0
2026-06-11,3054,260132.0,17340845.0,68.5,68.5,64.5,67.2,-0.6,293.0
2026-06-12,3054,121033.0,8264288.0,68.2,69.0,67.7,68.0,0.8,132.0
2026-06-15,3054,139080.0,9469113.0,68.7,69.1,67.1,67.2,-0.8,151.0
2026-06-16,3054,111167.0,7570516.0,67.6,69.0,67.6,67.7,0.5,114.0
2026-06-17,3054,109172.0,7446776.0,68.2,69.0,67.6,67.8,0.1,107.0
2026-06-18,3054,126076.0,8534183.0,68.0,68.6,67.0,67.7,-0.1,148.0
2026-06-22,3054,161160.0,10787788.0,67.4,67.7,66.3,66.5,-1.2,166.0
2026-06-23,3054,84806.0,5641405.0,67.8,67.8,66.0,66.1,-0.4,109.0
2026-06-24,3054,82869.0,5469974.0,66.1,66.5,65.5,66.0,-0.1,64.0
2026-06-25,3054,93713.0,6212780.0,66.8,67.6,65.6,65.6,-0.4,99.0
2026-06-26,3054,112733.0,7132854.0,64.8,65.0,61.6,61.6,0.0,137.0
2026-06-29,3054,50259.0,3161985.0,63.9,63.9,62.4,62.7,1.1,60.0
2026-06-30,3054,53974.0,3375875.0,63.1,63.1,62.2,62.8,0.1,184.0
2026-07-01,3054,64338.0,3936381.0,61.8,61.9,60.3,60.6,-2.2,79.0
2026-07-02,3054,47261.0,2849460.0,59.5,61.3,59.4,61.3,0.7,65.0
2026-07-03,3054,57533.0,3628925.0,62.2,64.4,61.3,64.3,3.0,71.0
2026-07-06,3054,47943.0,3061518.0,63.0,65.2,63.0,63.6,-0.7,59.0
2026-07-07,3054,80832.0,4966629.0,62.9,62.9,60.1,61.0,-2.6,82.0
2026-07-08,3054,35666.0,2163602.0,60.2,61.2,60.2,61.2,0.2,80.0
2026-07-09,3054,26335.0,1641770.0,61.9,64.5,61.3,63.4,2.2,42.0
2026-07-13,3054,62484.0,3816649.0,63.4,63.4,60.2,60.3,-3.1,117.0
2026-07-14,3054,104295.0,6139362.0,61.2,61.2,57.0,59.0,-1.3,149.0
2026-07-15,3054,73859.0,4339216.0,57.7,60.6,57.3,60.2,1.2,106.0
2026-07-16,3054,22104.0,1319564.0,59.8,60.3,59.4,59.5,-0.7,21.0
2026-07-17,3054,64441.0,3633366.0,56.6,60.8,55.0,55.5,-4.0,84.0
2026-07-20,3054,138731.0,7649153.0,56.9,56.9,53.8,55.0,-0.5,135.0
2026-07-21,3054,83227.0,4518599.0,54.1,55.5,53.5,54.9,-0.1,97.0
2026-07-22,3054,45050.0,2496747.0,54.9,56.6,54.7,55.1,0.2,49.0
2026-07-23,3054,70752.0,3892688.0,54.3,56.0,54.3,55.1,0.0,151.0
2026-07-24,3054,46346.0,2507738.0,54.5,55.4,53.2,54.2,-0.9,60.0
2026-07-27,3054,101534.0,5260175.0,53.4,53.4,51.0,53.0,-1.2,150.0
2026-07-28,3054,72672.0,3659801.0,51.5,51.9,49.9,50.6,-2.4,82.0
2026-07-29,3054,132550.0,6296992.0,51.2,51.2,45.55,48.0,-2.6,131.0
2026-07-30,3054,96241.0,4452441.0,49.2,49.2,45.0,45.55,-2.45,95.0
2026-07-31,3054,104013.0,5039474.0,48.0,49.15,47.1,48.45,2.9,69.0
2026-08-03,3054,50391.0,2449034.0,48.0,49.25,47.9,48.45,0.0,61.0
2026-08-04,3054,73230.0,3574874.0,47.5,49.7,47.2,49.3,0.85,84.0
2026-08-05,3054,79724.0,3963812.0,49.35,50.9,49.0,49.5,0.2,102.0
2026-08-06,3054,52813.0,2618343.0,49.2,50.6,48.9,50.3,0.8,64.0
2026-08-07,3054,43141.0,2149549.0,50.0,50.2,49.5,50.2,-0.1,43.0
2026-08-10,3054,152451.0,7383922.0,50.3,50.3,47.25,48.35,-1.85,139.0
2026-08-11,3054,159151.0,7627949.0,49.15,49.15,47.0,48.0,-0.35,147.0
2026-08-12,3054,84955.0,4099991.0,48.0,49.15,48.0,48.35,0.35,65.0
2026-08-13,3054,55780.0,2711199.0,48.3,49.1,48.3,48.6,0.25,59.0
2026-08-14,3054,31797.0,1538887.0,48.6,48.6,48.1,48.55,-0.05,69.0
2026-08-17,3054,94176.0,4671925.0,48.25,50.8,48.0,50.2,1.65,91.0
2026-08-18,3054,569461.0,30633371.0,51.5,55.2,51.4,53.7,3.5,579.0
2026-08-19,3054,226684.0,11862868.0,53.7,53.7,51.4,51.5,-2.2,411.0
2026-08-20,3054,152621.0,8090588.0,52.6,54.3,52.2,52.8,1.3,176.0
2026-08-21,3054,79191.0,4195871.0,52.9,53.5,52.5,53.2,0.4,77.0
2026-08-24,3054,97033.0,5097336.0,53.3,53.9,51.9,51.9,-1.3,86.0
2026-08-25,3054,85138.0,4318773.0,50.8,52.0,49.65,51.4,-0.5,84.0
2026-08-26,3054,135673.0,7305263.0,52.9,54.9,51.5,54.5,3.1,139.0
2026-08-27,3054,87295.0,4749369.0,54.8,55.1,54.0,54.3,-0.2,94.0
2026-08-28,3054,109308.0,6102206.0,54.9,56.7,54.4,56.7,2.4,114.0
2026-08-31,3054,103723.0,5934861.0,56.7,58.2,56.0,57.9,1.2,119.0
2026-09-01,3054,221235.0,13174549.0,58.5,62.1,57.7,58.4,0.5,334.0
2026-09-02,3054,60278.0,3421056.0,58.3,58.3,56.2,56.2,-2.2,115.0
2026-09-03,3054,66848.0,3687522.0,58.9,58.9,54.0,55.7,-0.5,118.0
2026-09-04,3054,54577.0,2999902.0,56.7,56.7,54.4,55.2,-0.5,123.0
2026-09-07,3054,132714.0,7678550.0,55.7,58.7,55.7,57.8,2.6,151.0
2026-09-08,3054,189041.0,11014127.0,58.5,60.1,56.9,57.0,-0.8,522.0
2026-09-09,3054,56565.0,3235502.0,57.9,58.4,56.2,56.9,-0.1,93.0
