date,stock_id,Trading_Volume,Trading_money,open,max,min,close,spread,Trading_turnover
2016-01-04,3105,5501277.0,269096599.0,49.5,49.55,48.4,49.15,-0.4,3153.0
2016-01-05,3105,12999388.0,667425119.0,49.55,52.5,49.55,51.9,2.75,7318.0
2016-01-06,3105,20928685.0,1113208005.0,52.7,54.2,51.6,53.2,1.3,10543.0
2016-01-07,3105,18117937.0,924565015.0,52.3,52.9,49.3,49.3,-3.9,9492.0
2016-01-08,3105,9727027.0,483545778.0,48.5,50.5,48.5,50.1,0.8,6869.0
2016-01-11,3105,12352009.0,590285332.0,49.3,49.35,46.5,47.8,-2.3,6148.0
2016-01-12,3105,9164865.0,437680522.0,48.3,49.45,46.8,47.1,-0.7,6037.0
2016-01-13,3105,8045858.0,381542438.0,48.2,48.5,46.4,47.5,0.4,4774.0
2016-01-14,3105,10674096.0,488173581.0,45.1,46.85,44.5,46.3,-1.2,5795.0
2016-01-15,3105,6124517.0,286604856.0,47.2,47.45,45.8,46.25,-0.05,3262.0
2016-01-18,3105,7648451.0,361391283.0,44.55,50.0,44.55,49.1,2.85,4550.0
2016-01-19,3105,7988827.0,400221382.0,49.3,51.0,48.25,50.4,1.3,5073.0
2016-01-20,3105,5704793.0,281967202.0,50.4,50.4,48.05,48.5,-1.9,3423.0
2016-01-21,3105,7604544.0,382387502.0,49.0,51.5,48.7,49.95,1.45,3879.0
2016-01-22,3105,5029774.0,254266541.0,50.5,51.4,49.95,49.95,0.0,2731.0
2016-01-25,3105,6947110.0,358644359.0,50.7,52.3,50.5,51.9,1.95,3983.0
2016-01-26,3105,10871353.0,577936593.0,51.7,54.0,51.3,53.4,1.5,5777.0
2016-01-27,3105,13000949.0,710275506.0,53.5,55.4,53.5,54.0,0.6,6954.0
2016-01-28,3105,9300117.0,502401317.0,53.0,55.0,52.5,55.0,1.0,5053.0
2016-01-29,3105,21222758.0,1117645241.0,54.0,55.0,51.5,52.1,-2.9,9452.0
2016-01-30,3105,8904701.0,474149453.0,52.4,53.7,52.3,53.1,1.0,4280.0
2016-02-01,3105,11940258.0,647204404.0,53.8,54.8,53.5,53.6,0.5,5872.0
2016-02-02,3105,6701488.0,357648864.0,54.0,54.2,52.7,53.0,-0.6,3528.0
2016-02-03,3105,4749816.0,253365697.0,52.5,53.9,52.5,53.4,0.4,2724.0
2016-02-15,3105,8053001.0,435411931.0,53.5,55.5,52.5,53.1,-0.3,4823.0
2016-02-16,3105,5794502.0,313231817.0,53.1,55.0,52.8,55.0,1.9,3419.0
2016-02-17,3105,4662315.0,253414082.0,55.4,55.5,53.9,54.6,-0.4,2828.0
2016-02-18,3105,5745982.0,311212515.0,54.9,55.0,53.4,53.8,-0.8,3259.0
2016-02-19,3105,6946867.0,376483287.0,54.2,55.1,53.5,54.3,0.5,3896.0
2016-02-22,3105,2951755.0,159791370.0,54.3,54.7,53.6,54.0,-0.3,1930.0
2016-02-23,3105,3970159.0,216321878.0,54.4,54.9,54.0,54.1,0.1,2414.0
2016-02-24,3105,4311756.0,229621326.0,54.1,54.5,52.5,52.7,-1.4,2644.0
2016-02-25,3105,2177357.0,115646521.0,53.2,53.4,52.8,53.3,0.6,1376.0
2016-02-26,3105,3224116.0,174258026.0,53.9,54.4,53.6,54.1,0.8,1780.0
2016-03-01,3105,21636562.0,1254357303.0,54.4,59.5,54.2,59.5,5.4,9117.0
2016-03-02,3105,18071129.0,1101691640.0,61.4,62.3,60.1,60.1,0.6,8716.0
2016-03-03,3105,8157649.0,480852686.0,59.5,60.0,58.1,59.0,-1.1,4545.0
2016-03-04,3105,6346051.0,374739678.0,59.2,60.2,58.4,59.0,0.0,3690.0
2016-03-07,3105,4900034.0,288066383.0,59.0,59.4,58.2,59.4,0.4,2499.0
2016-03-08,3105,11288436.0,675507228.0,60.8,61.6,58.6,58.6,-0.8,5509.0
2016-03-09,3105,9527234.0,567870837.0,58.6,61.0,57.6,60.9,2.3,5455.0
2016-03-10,3105,5198262.0,309894473.0,59.8,60.2,59.1,59.5,-1.4,3068.0
2016-03-11,3105,7190212.0,418587403.0,58.8,59.0,57.8,58.1,-1.4,4035.0
2016-03-14,3105,3938354.0,231964661.0,59.0,59.5,58.4,58.7,0.6,2512.0
2016-03-15,3105,6127348.0,361050713.0,59.3,60.0,58.1,58.4,-0.3,3411.0
2016-03-16,3105,6365688.0,380030790.0,58.9,60.3,58.1,59.9,1.5,3309.0
2016-03-17,3105,14654636.0,900120120.0,60.8,62.3,60.2,62.0,2.1,7534.0
2016-03-18,3105,11539460.0,689341340.0,60.4,60.7,58.8,60.0,-2.0,5933.0
2016-03-21,3105,8071633.0,494940346.0,60.6,62.9,59.6,62.5,2.5,4404.0
2016-03-22,3105,17265779.0,1132070297.0,64.2,68.0,63.6,64.8,2.3,8831.0
2016-03-23,3105,13676295.0,904451970.0,64.2,67.5,63.9,66.4,1.6,7488.0
2016-03-24,3105,7550075.0,498055433.0,65.8,67.0,64.8,67.0,0.6,4457.0
2016-03-25,3105,6876337.0,459233042.0,67.4,68.8,65.6,65.9,-1.1,3874.0
2016-03-28,3105,3702043.0,241779694.0,65.9,66.1,64.9,65.7,-0.2,2256.0
2016-03-29,3105,7278432.0,468824875.0,65.7,66.5,63.4,64.3,-1.4,3881.0
2016-03-30,3105,4799704.0,311706423.0,65.5,65.7,64.5,64.5,0.2,2578.0
2016-03-31,3105,4528493.0,290105642.0,64.8,65.0,63.8,63.8,-0.7,2049.0
2016-04-01,3105,5639698.0,363763215.0,63.7,65.3,63.0,64.6,0.8,2967.0
2016-04-06,3105,5275022.0,343112400.0,64.9,66.0,64.0,65.3,0.7,3137.0
2016-04-07,3105,7787334.0,517327235.0,66.5,67.0,65.7,66.1,0.8,4527.0
2016-04-08,3105,5963406.0,395966096.0,66.1,67.2,65.8,66.1,0.0,3306.0
2016-04-11,3105,5038610.0,337732470.0,66.7,67.8,66.3,67.0,0.9,2796.0
2016-04-12,3105,10146739.0,661758996.0,66.9,67.0,64.0,64.0,-3.0,4566.0
2016-04-13,3105,5186311.0,330950560.0,64.4,64.7,63.3,63.9,-0.1,2915.0
2016-04-14,3105,9310904.0,590815567.0,64.9,64.9,62.5,63.0,-0.9,3695.0
2016-04-15,3105,11287286.0,685359911.0,62.4,62.5,59.6,60.6,-2.4,5594.0
2016-04-18,3105,7518885.0,456770423.0,59.8,61.5,59.8,61.5,0.9,4119.0
2016-04-19,3105,6625768.0,400785414.0,61.5,62.2,59.8,59.8,-1.7,3236.0
2016-04-20,3105,6496365.0,385295939.0,60.4,60.4,58.5,59.6,-0.2,2764.0
2016-04-21,3105,8483589.0,524151039.0,60.9,62.4,60.8,62.4,2.8,4425.0
2016-04-22,3105,9783414.0,604453466.0,62.3,63.3,60.5,60.8,-1.6,5391.0
2016-04-25,3105,10119410.0,640257940.0,60.8,65.0,60.7,64.2,3.4,6097.0
2016-04-26,3105,8496015.0,550267464.0,63.8,66.0,63.8,65.5,1.3,5164.0
2016-04-27,3105,10297709.0,662181821.0,65.1,65.4,62.6,64.5,-1.0,5562.0
2016-04-28,3105,9815535.0,626632248.0,65.5,65.5,63.0,63.1,-1.4,5467.0
2016-04-29,3105,7013351.0,431056440.0,62.5,62.6,60.5,61.0,-2.1,4018.0
2016-05-03,3105,5444655.0,328274152.0,60.1,61.3,59.6,60.7,-0.3,3348.0
2016-05-04,3105,5606458.0,338879815.0,60.2,61.6,59.7,60.1,-0.6,2979.0
2016-05-05,3105,7480969.0,459928697.0,60.6,62.3,60.5,61.2,1.1,4146.0
2016-05-06,3105,7508240.0,454176369.0,61.2,61.6,59.8,60.0,-1.2,3828.0
2016-05-09,3105,9692918.0,570507244.0,60.4,60.9,58.0,58.0,-2.0,4924.0
2016-05-10,3105,5522650.0,324975969.0,57.7,59.6,57.4,59.5,1.5,3363.0
2016-05-11,3105,5280676.0,316859144.0,60.1,60.8,59.1,59.1,-0.4,3469.0
2016-05-12,3105,4361084.0,255945081.0,59.0,59.8,57.3,57.7,-1.4,2670.0
2016-05-13,3105,7876254.0,470958940.0,60.3,60.3,59.0,60.2,2.5,4259.0
2016-05-16,3105,3360663.0,201524580.0,60.5,60.6,59.2,60.2,0.0,2388.0
2016-05-17,3105,13863212.0,877187369.0,61.0,65.0,60.9,64.4,4.2,7537.0
2016-05-18,3105,8274204.0,533291560.0,63.9,65.8,63.0,65.3,0.9,4894.0
2016-05-19,3105,6681912.0,426232291.0,65.0,65.3,62.8,63.0,-2.3,3708.0
2016-05-20,3105,10315220.0,636901523.0,62.9,63.4,61.1,61.5,-1.5,4878.0
2016-05-23,3105,7000508.0,437301351.0,61.5,63.5,60.6,63.4,1.9,3771.0
2016-05-24,3105,4255934.0,266742060.0,63.3,63.3,62.3,62.6,-0.8,2524.0
2016-05-25,3105,5966682.0,377663066.0,63.2,63.9,62.7,63.3,0.7,2886.0
2016-05-26,3105,4564020.0,287539545.0,63.2,63.7,62.5,62.7,-0.6,2813.0
2016-05-27,3105,9132970.0,589516165.0,63.0,65.8,62.8,64.4,1.7,4903.0
2016-05-30,3105,5031024.0,326830040.0,65.0,65.4,64.7,64.7,0.3,2764.0
2016-05-31,3105,5322795.0,341893328.0,65.0,65.1,63.3,64.2,-0.5,3044.0
2016-06-01,3105,6690735.0,437919449.0,64.4,65.9,64.3,65.5,1.3,3864.0
2016-06-02,3105,4230869.0,275962619.0,65.4,65.6,64.9,65.1,-0.4,2252.0
2016-06-03,3105,9407750.0,623264451.0,66.3,67.9,64.8,64.8,-0.3,5346.0
2016-06-04,3105,2501996.0,163473140.0,65.6,66.0,64.6,65.3,0.5,1534.0
2016-06-06,3105,7085409.0,469976200.0,66.5,67.4,65.6,65.9,0.6,3789.0
2016-06-07,3105,5815359.0,380104192.0,65.5,66.2,64.6,65.2,-0.7,3788.0
2016-06-08,3105,5509310.0,357105811.0,65.1,65.6,64.2,64.9,-0.3,3514.0
2016-06-13,3105,11644705.0,771314373.0,64.9,67.0,64.4,66.9,2.0,5560.0
2016-06-14,3105,7575351.0,507180600.0,66.9,67.6,65.8,67.6,0.7,3793.0
2016-06-15,3105,6121067.0,417754025.0,68.0,69.3,67.5,68.0,0.4,3485.0
2016-06-16,3105,5005169.0,340344992.0,68.0,68.8,67.3,68.2,0.2,3064.0
2016-06-17,3105,3144481.0,213409759.0,68.8,68.8,67.3,67.5,-0.7,1904.0
2016-06-20,3105,2483899.0,166157357.0,67.5,67.7,66.5,67.2,-0.3,1671.0
2016-06-21,3105,3072065.0,205275644.0,67.2,67.4,66.4,67.3,0.1,1668.0
2016-06-22,3105,2623395.0,175894237.0,67.3,67.7,66.5,67.3,0.0,1491.0
2016-06-23,3105,3519947.0,235238634.0,67.0,67.4,66.3,67.2,-0.1,2010.0
2016-06-24,3105,11474085.0,729467237.0,66.9,66.9,60.5,62.8,-4.4,5819.0
2016-06-27,3105,4522187.0,282816740.0,61.9,63.1,61.9,62.5,-0.3,2619.0
2016-06-28,3105,2845951.0,179328663.0,61.9,63.8,61.5,63.8,1.3,1844.0
2016-06-29,3105,4946485.0,321327053.0,64.3,65.7,63.8,65.7,1.9,2910.0
2016-06-30,3105,5208946.0,341812263.0,65.8,66.6,64.8,65.3,-0.4,3026.0
2016-07-01,3105,2813440.0,184601824.0,66.1,66.1,65.0,65.5,0.2,1742.0
2016-07-04,3105,4499705.0,299330075.0,65.7,67.0,65.3,67.0,1.5,2691.0
2016-07-05,3105,2858275.0,189763511.0,66.2,67.0,66.2,66.2,-0.8,1793.0
2016-07-06,3105,9691605.0,611020484.0,66.0,66.0,61.8,61.9,-4.3,5651.0
2016-07-07,3105,7400200.0,455828510.0,62.5,63.3,60.8,61.1,-0.8,4183.0
2016-07-11,3105,10482770.0,654358427.0,61.4,63.3,61.4,63.3,0.0,5530.0
2016-07-12,3105,3811291.0,241041313.0,63.5,63.8,62.5,63.3,0.0,2787.0
2016-07-13,3105,4573889.0,293657344.0,63.9,64.5,63.4,64.5,1.2,2773.0
2016-07-14,3105,4888032.0,308662098.0,64.0,64.3,62.7,62.7,-1.8,3235.0
2016-07-15,3105,11689438.0,720012872.0,63.0,63.1,61.1,61.3,-1.4,6375.0
2016-07-18,3105,11059092.0,663451873.0,61.1,61.3,59.2,59.6,-1.7,5500.0
2016-07-19,3105,10659934.0,629994723.0,59.6,60.3,58.2,58.6,-1.0,6389.0
2016-07-20,3105,9843651.0,568492426.0,58.3,58.6,57.3,57.5,-1.1,5871.0
2016-07-21,3105,13530323.0,813959530.0,59.0,60.9,58.9,60.8,3.3,7619.0
2016-07-22,3105,9101282.0,547525421.0,61.3,61.9,59.1,59.3,-1.5,4875.0
2016-07-25,3105,11610450.0,675844321.0,59.5,60.2,57.5,58.3,-1.0,6518.0
2016-07-26,3105,12717103.0,750769990.0,58.9,59.9,58.4,59.2,0.9,7134.0
2016-07-27,3105,8736273.0,523791106.0,60.1,60.7,59.3,59.3,0.1,4274.0
2016-07-28,3105,6289310.0,369117230.0,59.6,59.8,58.1,58.5,-0.8,3482.0
2016-07-29,3105,4027175.0,235409635.0,58.7,59.0,58.0,58.5,0.0,2459.0
2016-08-01,3105,7798629.0,466625685.0,59.0,60.5,58.7,60.5,2.0,3908.0
2016-08-02,3105,6942979.0,423240419.0,60.7,61.5,60.5,61.1,0.6,3809.0
2016-08-03,3105,5131595.0,311378962.0,60.5,61.4,59.8,61.3,0.2,3254.0
2016-08-04,3105,4850423.0,294867364.0,61.3,61.4,60.5,60.7,-0.6,2299.0
2016-08-05,3105,9920416.0,612868192.0,62.2,62.2,61.3,61.8,1.1,4223.0
2016-08-08,3105,8436733.0,527344344.0,62.6,62.8,62.1,62.5,0.7,3325.0
2016-08-09,3105,11865050.0,751307020.0,63.1,64.0,62.8,63.1,0.6,6177.0
2016-08-10,3105,9447438.0,602281832.0,64.0,64.5,63.2,64.0,0.9,4690.0
2016-08-11,3105,6820086.0,431368118.0,64.0,64.0,62.5,63.4,-0.6,3992.0
2016-08-12,3105,8322602.0,516861616.0,63.6,63.8,61.4,61.8,-1.6,4232.0
2016-08-15,3105,2754315.0,171309330.0,62.6,62.7,61.8,62.2,0.4,1724.0
2016-08-16,3105,2135437.0,132848794.0,62.6,62.7,61.6,62.4,0.2,1376.0
2016-08-17,3105,5148921.0,325444523.0,62.5,63.9,62.0,63.4,1.0,2984.0
2016-08-18,3105,2904508.0,183203590.0,63.4,63.9,62.7,63.0,-0.4,1985.0
2016-08-19,3105,3276594.0,205693095.0,63.0,63.4,62.1,62.5,-0.5,1905.0
2016-08-22,3105,3214626.0,198884155.0,62.3,62.4,61.4,61.8,-0.7,1882.0
2016-08-23,3105,2064352.0,127552544.0,61.9,62.1,61.6,61.8,0.0,1468.0
2016-08-24,3105,5870696.0,363872375.0,61.9,62.9,61.7,62.6,0.8,1813.0
2016-08-25,3105,2240607.0,139263459.0,62.6,62.6,61.9,62.0,-0.6,1243.0
2016-08-26,3105,8910691.0,539801663.0,61.5,61.5,60.0,60.7,-1.3,5261.0
2016-08-29,3105,4606362.0,281979482.0,60.7,61.9,60.7,61.9,1.2,2750.0
2016-08-30,3105,5893745.0,370901749.0,62.3,63.5,62.1,63.1,1.2,3229.0
2016-08-31,3105,5044282.0,319994723.0,63.0,63.7,62.7,63.7,0.6,3027.0
2016-09-01,3105,4771250.0,303044450.0,63.9,64.3,63.0,63.4,-0.3,2255.0
2016-09-02,3105,2782281.0,174142422.0,63.3,63.5,62.1,62.4,-1.0,1804.0
2016-09-05,3105,17066020.0,974422240.0,59.0,59.2,56.2,57.5,-4.9,8368.0
2016-09-06,3105,5839058.0,343753748.0,58.0,60.4,57.9,60.4,2.9,3607.0
2016-09-07,3105,4025748.0,242190187.0,60.5,60.9,59.6,60.0,-0.4,2410.0
2016-09-08,3105,2319556.0,139280469.0,60.0,60.6,59.6,60.0,0.0,1363.0
2016-09-09,3105,4134381.0,246246512.0,59.8,60.3,59.0,59.0,-1.0,2129.0
2016-09-23,3105,5189718.0,427236160.0,83.2,84.5,81.0,81.2,0.7,3329.0
2016-09-26,3105,4353015.0,361721618.0,81.3,84.0,81.3,83.9,2.7,3109.0
2016-09-29,3105,10790681.0,958910105.0,84.8,92.1,84.8,92.1,8.2,6283.0
2016-09-30,3105,6537655.0,601021105.0,92.8,93.9,90.2,92.0,-0.1,4663.0
2016-10-03,3105,4417354.0,407384000.0,92.4,94.0,91.0,91.0,-1.0,3374.0
2016-10-04,3105,3163112.0,290818655.0,93.0,93.0,91.3,92.0,1.0,2222.0
2016-10-05,3105,3583668.0,327080513.0,91.5,92.3,90.7,91.0,-1.0,1199.0
2016-10-06,3105,2113189.0,193513888.0,92.0,92.5,90.9,90.9,-0.1,1543.0
2016-10-07,3105,3332842.0,301563016.0,92.1,92.1,89.5,90.6,-0.3,2085.0
2016-10-11,3105,3063693.0,280255280.0,91.4,93.8,89.7,92.7,2.1,2093.0
2016-10-12,3105,2138618.0,197433748.0,91.6,93.0,90.9,92.7,0.0,1675.0
2016-10-13,3105,1872948.0,173619216.0,93.0,93.5,92.1,92.5,-0.2,1406.0
2016-10-14,3105,1531696.0,140543225.0,92.0,92.9,91.0,91.2,-1.3,1213.0
2016-10-17,3105,811103.0,73829725.0,91.5,91.7,90.5,91.1,-0.1,686.0
2016-10-18,3105,1234743.0,112974071.0,91.5,92.2,90.8,92.0,0.9,991.0
2016-10-19,3105,1796931.0,166214852.0,92.0,93.3,91.6,92.6,0.6,1284.0
2016-10-20,3105,1584444.0,146896045.0,92.6,93.5,92.0,92.0,-0.6,1259.0
2016-10-21,3105,1586090.0,146821857.0,92.2,93.0,91.6,93.0,1.0,1322.0
2016-10-24,3105,2053582.0,189758044.0,93.0,93.0,91.7,92.4,-0.6,1358.0
2016-10-25,3105,3032502.0,282147746.0,93.0,93.5,92.1,93.5,1.1,1837.0
2016-10-26,3105,6749097.0,645835463.0,93.5,97.1,93.1,96.0,2.5,3993.0
2016-10-27,3105,3109909.0,298396072.0,96.0,97.0,95.0,96.9,0.9,2320.0
2016-10-28,3105,4556789.0,428727994.0,96.8,96.8,93.1,93.1,-3.8,2814.0
2016-10-31,3105,9274315.0,824615720.0,90.5,90.8,87.2,87.7,-5.4,5244.0
2016-11-01,3105,2318560.0,204209999.0,87.5,88.8,87.3,88.1,0.4,1634.0
2016-11-02,3105,4362767.0,368895161.0,87.2,87.2,82.2,82.2,-5.9,3141.0
2016-11-03,3105,6427897.0,519967999.0,80.7,83.4,78.2,81.2,-1.0,4436.0
2016-11-04,3105,2533723.0,203748832.0,79.9,81.3,79.5,80.5,-0.7,2109.0
2016-11-07,3105,3110317.0,260259490.0,81.2,85.8,80.8,84.9,4.4,2432.0
2016-11-08,3105,3092562.0,261052187.0,84.4,85.3,83.1,85.0,0.1,2028.0
2016-11-09,3105,3677673.0,305142813.0,85.8,85.8,80.7,81.0,-4.0,2726.0
2016-11-10,3105,2960602.0,248517754.0,83.6,85.0,83.5,83.5,2.5,2204.0
2016-11-11,3105,3354938.0,275542963.0,81.3,83.8,80.5,83.0,-0.5,2591.0
2016-11-14,3105,2483900.0,199690676.0,82.0,82.7,78.8,78.8,-4.2,1746.0
2016-11-15,3105,2545056.0,202142910.0,78.5,80.9,77.1,80.9,2.1,1889.0
2016-11-16,3105,3097423.0,254284704.0,82.6,83.4,81.1,81.6,0.7,2351.0
2016-11-17,3105,1602105.0,131438322.0,81.1,82.4,81.1,82.4,0.8,1023.0
2016-11-18,3105,2315909.0,191077892.0,82.0,83.2,82.0,82.4,0.0,1499.0
2016-11-21,3105,1985408.0,162420356.0,81.7,82.4,81.6,82.0,-0.4,1462.0
2016-11-22,3105,5491176.0,474980527.0,82.5,87.9,82.5,87.6,5.6,3501.0
2016-11-23,3105,2784369.0,240890974.0,87.5,87.6,85.9,86.4,-1.2,2074.0
2016-11-24,3105,1680293.0,144407229.0,86.0,86.5,85.1,86.0,-0.4,1064.0
2016-11-25,3105,1708327.0,147607481.0,86.8,87.5,85.8,85.8,-0.2,1228.0
2016-11-28,3105,2949385.0,256149998.0,85.3,87.5,85.2,87.0,1.2,1763.0
2016-11-29,3105,4087996.0,360317906.0,86.7,92.3,85.0,92.3,5.3,2495.0
2016-11-30,3105,1826924.0,166346229.0,91.8,92.3,90.3,90.7,-1.6,1345.0
2016-12-01,3105,1405466.0,126872147.0,90.3,91.5,89.4,89.4,-1.3,1222.0
2016-12-02,3105,1185597.0,105326802.0,88.2,89.3,88.1,89.3,-0.1,904.0
2016-12-05,3105,2179737.0,192439256.0,89.1,89.1,87.3,88.0,-1.3,1439.0
2016-12-06,3105,2481888.0,221158832.0,87.4,89.6,87.4,89.6,1.6,1693.0
2016-12-07,3105,2669503.0,238082267.0,90.5,90.5,88.8,89.0,-0.6,1678.0
2016-12-08,3105,3431402.0,313217929.0,89.9,92.7,89.3,91.9,2.9,2365.0
2016-12-09,3105,2660519.0,244141472.0,91.0,92.5,90.6,92.0,0.1,1932.0
2016-12-12,3105,2990187.0,276296356.0,92.0,93.0,91.3,92.9,0.9,1366.0
2016-12-13,3105,2102491.0,191380840.0,92.2,92.4,90.1,90.1,-2.8,1633.0
2016-12-14,3105,1609860.0,146485436.0,90.5,91.6,90.3,90.6,0.5,1282.0
2016-12-15,3105,800680.0,72495162.0,90.4,91.1,90.2,90.5,-0.1,663.0
2016-12-16,3105,2328750.0,211759268.0,90.3,91.5,90.3,91.0,0.5,1082.0
2016-12-19,3105,1866856.0,168241317.0,90.5,91.4,89.3,89.8,-1.2,1107.0
2016-12-20,3105,2182758.0,193999962.0,90.0,90.2,88.1,89.0,-0.8,1351.0
2016-12-21,3105,978733.0,88188946.0,89.6,90.8,89.5,90.1,1.1,773.0
2016-12-22,3105,843040.0,75118760.0,90.1,90.1,88.9,89.1,-1.0,614.0
2016-12-23,3105,621187.0,55320222.0,88.4,89.5,88.2,89.1,0.0,468.0
2016-12-26,3105,384479.0,34123930.0,88.8,89.3,88.4,88.8,-0.3,309.0
2016-12-27,3105,924807.0,82936283.0,89.0,90.4,88.5,90.1,1.3,644.0
2016-12-28,3105,1321471.0,119958625.0,90.5,91.7,90.1,90.6,0.5,977.0
2016-12-29,3105,404419.0,36559070.0,90.0,91.0,89.6,90.8,0.2,368.0
2016-12-30,3105,798682.0,72573346.0,91.2,91.4,90.5,90.9,0.1,508.0
2017-01-03,3105,1348427.0,120760607.0,90.9,91.1,89.1,89.5,-1.4,1045.0
2017-01-04,3105,625026.0,55988419.0,90.3,90.3,89.2,89.4,-0.1,536.0
2017-01-05,3105,1733883.0,154488583.0,89.5,89.6,88.5,89.0,-0.4,1199.0
2017-01-06,3105,1505363.0,134300570.0,89.0,89.7,88.6,89.7,0.7,1095.0
2017-01-09,3105,1564722.0,140232417.0,89.7,90.1,89.0,90.0,0.3,1108.0
2017-01-10,3105,1116295.0,99858855.0,89.5,89.7,89.2,89.5,-0.5,711.0
2017-01-11,3105,3443233.0,303267968.0,89.3,89.4,87.1,88.0,-1.5,1615.0
2017-01-12,3105,3255412.0,284577898.0,87.1,87.6,87.1,87.4,-0.6,2116.0
2017-01-13,3105,3922988.0,339627654.0,87.0,87.4,85.7,87.0,-0.4,2344.0
2017-01-16,3105,2817637.0,242207444.0,87.0,87.2,85.5,85.8,-1.2,1889.0
2017-01-17,3105,3048295.0,261839865.0,85.6,87.3,84.8,87.3,1.5,2003.0
2017-01-18,3105,2834604.0,249937402.0,87.0,88.8,87.0,88.7,1.4,1631.0
2017-01-19,3105,3425382.0,303817416.0,88.6,89.4,87.7,88.4,-0.3,1692.0
2017-01-20,3105,4223463.0,373621429.0,88.4,88.8,87.6,88.5,0.1,2797.0
2017-01-23,3105,6657841.0,601897346.0,88.7,92.0,88.5,92.0,3.5,3513.0
2017-01-24,3105,3914562.0,365609282.0,92.0,94.5,91.7,93.8,1.8,2714.0
2017-02-02,3105,6797012.0,653763575.0,94.3,97.1,94.3,96.2,2.4,4188.0
2017-02-03,3105,11412863.0,1145453653.0,97.0,103.5,97.0,99.3,3.1,6139.0
2017-02-06,3105,6007083.0,609701883.0,101.0,103.0,100.5,102.0,2.7,4445.0
2017-02-07,3105,5276237.0,536597937.0,102.0,103.0,101.0,102.0,0.0,3290.0
2017-02-08,3105,8959425.0,938989093.0,102.0,108.5,101.0,102.0,0.0,5579.0
2017-02-09,3105,5967607.0,624499021.0,103.0,106.0,103.0,103.5,1.5,3509.0
2017-02-10,3105,3407102.0,354605108.0,104.0,105.0,103.5,104.5,1.0,2579.0
2017-02-13,3105,14383439.0,1605362250.0,105.0,114.5,104.0,114.5,10.0,6838.0
2017-02-14,3105,15311896.0,1795617228.0,114.0,122.0,113.5,119.0,4.5,8406.0
2017-02-15,3105,6602724.0,777789031.0,120.0,121.0,115.5,118.0,-1.0,4348.0
2017-02-16,3105,5582884.0,661996812.0,118.0,121.0,117.5,118.5,0.5,3617.0
2017-02-17,3105,12191459.0,1561865670.0,121.0,130.0,121.0,130.0,11.5,4772.0
2017-02-18,3105,9052183.0,1241317105.0,132.0,141.0,132.0,138.0,8.0,5982.0
2017-02-20,3105,11672848.0,1475134067.0,129.5,131.0,124.5,124.5,-13.5,6324.0
2017-02-21,3105,10532213.0,1274510848.0,120.5,124.0,117.5,122.5,-2.0,6141.0
2017-02-22,3105,7176863.0,873487889.0,124.0,126.5,121.5,122.5,0.0,4192.0
2017-02-23,3105,16342836.0,2156447016.0,125.0,134.5,124.5,132.0,9.5,8465.0
2017-02-24,3105,5719450.0,746395500.0,131.0,132.5,128.5,130.5,-1.5,3649.0
2017-03-01,3105,6430715.0,798049644.0,129.0,129.0,120.5,121.0,-9.5,4127.0
2017-03-02,3105,6273035.0,762645305.0,124.5,125.0,118.5,123.5,2.5,3933.0
2017-03-03,3105,4423668.0,548524148.0,122.5,125.5,121.5,125.0,1.5,2354.0
2017-03-06,3105,2471771.0,304489333.0,124.5,124.5,121.5,123.5,-1.5,1764.0
2017-03-07,3105,7660820.0,986344780.0,123.5,131.0,123.0,129.5,6.0,4589.0
2017-03-08,3105,3629709.0,462305043.0,128.0,128.5,125.5,127.5,-2.0,2285.0
2017-03-09,3105,2051398.0,257192250.0,127.5,127.5,124.5,125.5,-2.0,1434.0
2017-03-10,3105,6359671.0,762054520.0,121.0,122.0,118.0,120.0,-5.5,4086.0
2017-03-13,3105,3566762.0,430722202.0,121.0,122.0,119.0,121.5,1.5,2430.0
2017-03-14,3105,3984271.0,488155062.0,122.5,124.0,120.5,122.5,1.0,2189.0
2017-03-15,3105,4892057.0,613149088.0,123.5,127.0,122.5,125.0,2.5,2862.0
2017-03-16,3105,6955703.0,892600078.0,126.0,131.5,125.5,126.0,1.0,4040.0
2017-03-17,3105,6426069.0,829580570.0,125.5,131.0,125.0,131.0,5.0,2991.0
2017-03-20,3105,10226629.0,1378550835.0,132.5,138.5,130.5,137.5,6.5,5599.0
2017-03-21,3105,3796845.0,514649075.0,135.5,137.0,134.0,136.0,-1.5,2672.0
2017-03-22,3105,4493853.0,611804214.0,132.0,140.5,131.5,139.0,3.0,2483.0
2017-03-23,3105,4757876.0,651731187.0,139.0,140.5,132.0,132.0,-7.0,2914.0
2017-03-24,3105,3221258.0,432499814.0,134.0,136.0,133.0,133.0,1.0,2132.0
2017-03-27,3105,12998907.0,1813152386.0,134.5,145.5,132.5,137.0,4.0,7822.0
2017-03-28,3105,9024594.0,1207416876.0,141.0,141.0,128.5,134.5,-2.5,5551.0
2017-03-29,3105,4741221.0,646827213.0,136.5,139.5,134.5,134.5,0.0,3128.0
2017-03-30,3105,4401319.0,586679427.0,134.5,135.0,132.0,133.0,-1.5,2301.0
2017-03-31,3105,4071849.0,543241266.0,132.0,135.5,131.0,135.0,2.0,2035.0
2017-04-05,3105,3247490.0,439692891.0,136.0,137.5,134.5,134.5,-0.5,2400.0
2017-04-06,3105,2380361.0,315329291.0,135.5,135.5,131.0,131.0,-3.5,1468.0
2017-04-07,3105,4012381.0,538733235.0,132.0,137.0,131.0,134.5,3.5,2734.0
2017-04-10,3105,2212902.0,298487270.0,135.5,137.5,133.0,135.0,0.5,1411.0
2017-04-11,3105,4312960.0,559527340.0,135.5,135.5,125.5,129.0,-6.0,2843.0
2017-04-12,3105,5242967.0,659433375.0,131.0,131.0,124.5,125.0,-4.0,2518.0
2017-04-13,3105,3243531.0,407506106.0,125.0,127.5,124.5,125.0,0.0,2025.0
2017-04-14,3105,4149265.0,519187721.0,124.0,127.0,123.5,123.5,-1.5,1886.0
2017-04-17,3105,3489122.0,423825006.0,124.0,125.5,119.0,123.5,0.0,2158.0
2017-04-18,3105,1794622.0,224724750.0,125.0,127.0,124.0,125.0,1.5,1356.0
2017-04-19,3105,2287818.0,286444068.0,124.0,127.0,124.0,127.0,2.0,1150.0
2017-04-20,3105,2111666.0,261258138.0,124.0,125.0,123.0,123.0,-4.0,1343.0
2017-04-21,3105,1228547.0,151541234.0,125.0,125.0,122.0,122.0,-1.0,847.0
2017-04-24,3105,1350833.0,167540372.0,123.5,125.0,123.0,123.5,1.5,787.0
2017-04-25,3105,7478679.0,968619091.0,125.0,133.5,124.5,129.0,5.5,4577.0
2017-04-26,3105,3487064.0,449045719.0,128.5,130.5,127.0,128.5,-0.5,2547.0
2017-04-27,3105,5181389.0,678076570.0,128.0,133.5,127.0,130.0,1.5,3909.0
2017-04-28,3105,10384033.0,1378251401.0,128.5,135.5,127.5,134.5,4.5,6870.0
2017-05-02,3105,4839885.0,638544872.0,132.0,133.0,130.0,132.0,-2.5,3055.0
2017-05-03,3105,1601215.0,211686165.0,133.5,134.0,131.0,132.0,0.0,1017.0
2017-05-04,3105,5260532.0,663626000.0,131.5,132.0,124.5,125.0,-7.0,3697.0
2017-05-05,3105,6522166.0,818470497.0,128.5,129.5,123.0,123.5,-1.5,4580.0
2017-05-08,3105,3813564.0,466710808.0,125.0,126.0,120.5,122.0,-1.5,2755.0
2017-05-09,3105,2566414.0,318782712.0,123.5,126.0,122.5,123.5,1.5,1742.0
2017-05-10,3105,3396131.0,424508613.0,125.0,126.5,123.0,124.0,0.5,2190.0
2017-05-11,3105,5224124.0,667144996.0,126.0,129.0,125.0,129.0,5.0,3439.0
2017-05-12,3105,4580422.0,595313360.0,129.5,132.0,127.5,130.0,1.0,3038.0
2017-05-15,3105,2124840.0,279423700.0,131.5,133.0,130.0,130.0,0.0,1414.0
2017-05-16,3105,2080433.0,269756357.0,131.5,131.5,128.0,130.0,0.0,1335.0
2017-05-17,3105,1157955.0,149326240.0,130.5,131.0,128.0,129.0,-1.0,766.0
2017-05-18,3105,1946351.0,252793630.0,127.5,131.5,126.5,131.0,2.0,1433.0
2017-05-19,3105,1592241.0,207338830.0,130.0,131.5,129.0,130.0,-1.0,1127.0
2017-05-22,3105,2192713.0,281204551.0,129.5,130.5,126.5,127.5,-2.5,1449.0
2017-05-23,3105,2224949.0,282229445.0,128.0,128.5,126.0,126.5,-1.0,1133.0
2017-05-24,3105,1295034.0,165208318.0,127.0,128.5,126.5,128.0,1.5,918.0
2017-05-25,3105,2796942.0,365546926.0,128.0,132.0,128.0,131.0,3.0,1958.0
2017-05-26,3105,1529355.0,198778150.0,130.5,131.0,129.0,130.5,-0.5,1048.0
2017-05-31,3105,2467696.0,324154519.0,131.0,132.0,129.5,132.0,1.5,1187.0
2017-06-01,3105,6979855.0,953414987.0,134.5,139.0,134.0,134.5,2.5,4617.0
2017-06-02,3105,2430811.0,331512505.0,135.5,138.0,134.0,138.0,3.5,1687.0
2017-06-03,3105,1802517.0,248582829.0,140.0,140.5,136.5,137.0,-1.0,1201.0
2017-06-05,3105,4529571.0,634711011.0,138.0,142.0,137.0,141.5,4.5,2861.0
2017-06-06,3105,14349790.0,2134763080.0,143.5,155.0,142.0,152.5,11.0,8754.0
2017-06-07,3105,7473981.0,1149361614.0,155.5,157.0,151.0,152.0,-0.5,5189.0
2017-06-08,3105,13053497.0,2067651249.0,154.0,162.5,153.5,159.0,7.0,8343.0
2017-06-09,3105,4913694.0,779313846.0,159.0,161.0,156.5,160.0,1.0,3697.0
2017-06-12,3105,4445498.0,685119694.0,157.5,157.5,152.5,153.0,-7.0,3089.0
2017-06-13,3105,8566093.0,1277632171.0,153.0,154.5,147.0,147.0,-6.0,5268.0
2017-06-14,3105,5982553.0,885253344.0,150.0,151.0,145.0,148.0,1.0,3811.0
2017-06-15,3105,3596164.0,526381608.0,149.0,149.0,145.0,147.0,-1.0,2422.0
2017-06-16,3105,4905462.0,729359058.0,147.0,151.0,146.5,150.0,3.0,3193.0
2017-06-19,3105,4440861.0,666659789.0,150.5,152.0,148.5,149.0,-1.0,2606.0
2017-06-20,3105,5084152.0,777927322.0,150.0,154.5,149.5,153.5,4.5,3298.0
2017-06-21,3105,2817383.0,423859450.0,151.5,152.0,149.0,150.0,-3.5,1936.0
2017-06-22,3105,3777694.0,564674406.0,150.0,151.0,147.0,149.5,-0.5,2261.0
2017-06-23,3105,2698385.0,406996050.0,150.0,153.0,149.0,149.0,-0.5,1833.0
2017-06-26,3105,13416136.0,2146959200.0,155.0,163.5,154.0,163.5,14.5,7134.0
2017-06-27,3105,8737158.0,1428494070.0,165.0,166.0,160.0,165.0,1.5,5483.0
2017-06-28,3105,5931984.0,947244945.0,161.0,163.5,157.0,158.5,-6.5,4168.0
2017-06-29,3105,25326402.0,4214833624.0,164.0,174.0,158.5,162.0,3.5,15135.0
2017-06-30,3105,8533732.0,1389540744.0,162.0,167.0,160.5,167.0,5.0,5564.0
2017-07-03,3105,5091183.0,848409878.0,168.0,169.5,164.5,166.0,-1.0,3535.0
2017-07-04,3105,4064287.0,660273269.0,167.0,167.0,159.5,159.5,-6.5,2992.0
2017-07-05,3105,3645655.0,583077455.0,160.0,161.0,157.5,161.0,1.5,2530.0
2017-07-06,3105,8385022.0,1357610520.0,162.0,165.5,159.0,160.0,-1.0,5106.0
2017-07-07,3105,4539716.0,709277819.0,155.0,158.0,154.5,156.0,0.0,2970.0
2017-07-10,3105,4207556.0,670249460.0,157.5,162.0,156.0,160.0,4.0,2925.0
2017-07-11,3105,3455596.0,553416764.0,161.5,162.5,159.0,159.0,-1.0,2621.0
2017-07-12,3105,9230474.0,1525409939.0,158.5,170.0,158.0,166.5,7.5,6787.0
2017-07-13,3105,9162752.0,1562815840.0,168.0,173.0,168.0,170.0,3.5,6546.0
2017-07-14,3105,10992117.0,1911887124.0,172.5,178.0,169.5,172.5,2.5,7323.0
2017-07-17,3105,3943190.0,684224767.0,175.0,175.5,172.0,173.0,0.5,3013.0
2017-07-18,3105,11535120.0,2058004100.0,175.0,181.0,173.5,181.0,8.0,7372.0
2017-07-19,3105,4130932.0,740549760.0,179.5,181.0,177.5,180.0,-1.0,3082.0
2017-07-20,3105,8080020.0,1425225482.0,181.5,183.0,173.0,174.5,-5.5,4942.0
2017-07-21,3105,3545946.0,625207963.0,174.5,178.5,173.5,176.5,2.0,2593.0
2017-07-24,3105,2277908.0,403462624.0,176.5,178.5,174.0,178.5,2.0,1597.0
2017-07-25,3105,6899988.0,1265065774.0,180.0,186.0,180.0,184.5,6.0,5001.0
2017-07-26,3105,5386315.0,968830210.0,180.0,182.0,178.5,178.5,-6.0,3880.0
2017-07-27,3105,2813299.0,502853366.0,179.5,180.5,178.0,178.0,-0.5,2218.0
2017-07-28,3105,5445004.0,954827693.0,177.5,177.5,174.0,175.5,-2.5,3515.0
2017-07-31,3105,4245914.0,753699316.0,176.5,180.5,174.5,177.0,1.5,2692.0
2017-08-01,3105,5890177.0,1047542652.0,179.5,180.0,175.5,176.0,-1.0,4027.0
2017-08-02,3105,8639812.0,1556286057.0,179.0,182.0,177.5,181.0,5.0,5127.0
2017-08-03,3105,5498700.0,971308000.0,180.0,180.0,175.0,175.0,-6.0,3750.0
2017-08-04,3105,7945989.0,1359349630.0,175.0,176.5,167.5,170.0,-5.0,5354.0
2017-08-07,3105,5715442.0,1006534507.0,173.0,178.0,173.0,177.0,7.0,4068.0
2017-08-08,3105,5785497.0,1031644975.0,180.0,182.5,175.0,175.0,-2.0,4057.0
2017-08-09,3105,4405886.0,753020120.0,174.5,174.5,169.0,170.0,-5.0,3110.0
2017-08-10,3105,3961022.0,659722156.0,170.0,170.5,164.0,166.5,-3.5,2775.0
2017-08-11,3105,3298841.0,552916388.0,162.0,171.5,162.0,170.5,4.0,2374.0
2017-08-14,3105,3634571.0,602063644.0,170.0,170.0,163.0,163.5,-7.0,2608.0
2017-08-15,3105,3687750.0,621213871.0,167.0,170.0,166.5,169.5,6.0,2363.0
2017-08-16,3105,3031631.0,517987580.0,168.5,172.5,168.0,171.5,2.0,2135.0
2017-08-17,3105,5721114.0,1000661930.0,175.0,177.0,172.5,176.0,4.5,3596.0
2017-08-18,3105,4452870.0,787503424.0,174.0,180.0,172.0,177.5,1.5,3076.0
2017-08-21,3105,2834776.0,498259404.0,179.0,179.5,174.0,175.0,-2.5,2123.0
2017-08-22,3105,2421811.0,427407946.0,177.0,178.5,174.5,178.5,3.5,1647.0
2017-08-23,3105,4577200.0,818857500.0,180.0,180.5,176.0,176.0,-2.5,3318.0
2017-08-24,3105,3570130.0,637328699.0,177.0,180.0,175.0,179.0,3.0,2353.0
2017-08-25,3105,4235626.0,743802050.0,177.0,179.0,174.5,175.0,-4.0,2851.0
2017-08-28,3105,6967605.0,1184636245.0,173.5,173.5,167.5,168.5,-6.5,4606.0
2017-08-29,3105,3594833.0,618619276.0,168.0,175.5,167.0,172.5,4.0,2730.0
2017-08-30,3105,1458265.0,252265944.0,174.0,174.5,171.5,172.5,0.0,1117.0
2017-08-31,3105,1766672.0,306442256.0,174.0,174.5,172.5,174.0,1.5,1100.0
2017-09-01,3105,1346146.0,234625974.0,175.5,176.0,173.5,174.5,0.5,1009.0
2017-09-04,3105,2532629.0,444392817.0,174.5,178.0,173.0,173.0,-1.5,1825.0
2017-09-05,3105,1445988.0,252468386.0,173.0,176.0,173.0,175.5,2.5,1198.0
2017-09-06,3105,8117796.0,1449647300.0,176.0,182.5,175.0,175.0,-0.5,5421.0
2017-09-07,3105,3568386.0,615887305.0,177.0,178.5,170.5,170.5,-4.5,2621.0
2017-09-08,3105,2567068.0,438836396.0,172.0,172.5,169.0,172.0,1.5,1422.0
2017-09-11,3105,2457188.0,417816836.0,173.5,173.5,169.0,169.5,-2.5,1563.0
2017-09-12,3105,3929708.0,685279400.0,173.0,178.0,171.0,175.5,6.0,2829.0
2017-09-13,3105,17047896.0,3103904800.0,179.5,187.0,176.0,185.0,9.5,10647.0
2017-09-14,3105,13831668.0,2617723084.0,190.5,192.5,183.5,188.0,3.0,9539.0
2017-09-15,3105,9068440.0,1736816860.0,190.5,196.0,185.5,194.5,6.5,6110.0
2017-09-18,3105,7275679.0,1427927052.0,195.0,199.5,192.0,194.5,0.0,5274.0
2017-09-19,3105,5204593.0,998498984.0,196.0,197.0,187.0,188.0,-6.5,4051.0
2017-09-20,3105,3288184.0,620777363.0,189.0,192.0,185.5,189.5,1.5,2448.0
2017-09-21,3105,3609793.0,692019641.0,189.0,194.5,188.5,193.5,4.0,2633.0
2017-09-22,3105,3462751.0,651781937.0,192.0,192.0,186.0,187.0,-6.5,2721.0
2017-09-25,3105,4753742.0,890502496.0,189.0,190.5,182.0,189.0,2.0,3504.0
2017-09-26,3105,5115459.0,946484762.0,189.0,189.5,182.0,182.5,-6.5,3854.0
2017-09-27,3105,2425177.0,450434422.0,184.0,187.5,184.0,186.5,4.0,1827.0
2017-09-28,3105,7733011.0,1495898605.0,189.5,196.0,189.0,194.0,7.5,5296.0
2017-09-29,3105,6412812.0,1254814716.0,195.5,198.5,193.5,194.0,0.0,4609.0
2017-09-30,3105,5502121.0,1096111886.0,197.5,201.5,197.0,197.5,3.5,3779.0
2017-10-02,3105,3761712.0,748038476.0,199.5,200.5,196.5,198.5,1.0,2361.0
2017-10-03,3105,10659609.0,2204745023.0,201.0,209.0,201.0,208.0,9.5,6701.0
2017-10-05,3105,5305840.0,1100519776.0,209.0,210.0,205.0,207.5,-0.5,3841.0
2017-10-06,3105,5821416.0,1232288860.0,211.5,216.0,209.0,210.5,3.0,4476.0
2017-10-11,3105,6151797.0,1313457949.0,210.5,218.0,209.0,218.0,7.5,4545.0
2017-10-12,3105,12843080.0,2956061880.0,222.0,239.5,221.5,236.0,18.0,8415.0
2017-10-13,3105,6654787.0,1521636871.0,230.0,233.0,223.0,233.0,-3.0,5105.0
2017-10-16,3105,4318097.0,993276156.0,232.5,234.5,226.0,228.5,-4.5,3523.0
2017-10-17,3105,8374904.0,1958827016.0,228.5,239.0,226.5,229.5,1.0,6214.0
2017-10-18,3105,3481076.0,799104361.0,231.0,233.0,227.5,228.5,-1.0,2815.0
2017-10-19,3105,6403734.0,1518841256.0,231.0,241.0,230.5,234.0,5.5,4526.0
2017-10-20,3105,3765867.0,878213204.0,232.5,238.5,229.0,232.0,-2.0,3025.0
2017-10-23,3105,4604012.0,1091683892.0,234.5,242.0,232.0,242.0,10.0,3449.0
2017-10-24,3105,9016884.0,2257086000.0,242.0,259.0,240.0,250.0,8.0,7207.0
2017-10-25,3105,6396545.0,1644168610.0,254.0,261.0,251.0,259.0,9.0,5187.0
2017-10-26,3105,5998883.0,1547427707.0,257.5,262.5,254.5,254.5,-4.5,4651.0
2017-10-27,3105,10552964.0,2555694612.0,256.0,258.5,229.5,233.0,-21.5,7443.0
2017-10-30,3105,13947081.0,3229935359.0,241.0,245.0,215.0,240.5,7.5,10430.0
2017-10-31,3105,10797826.0,2635334099.0,248.5,249.0,238.0,246.5,6.0,7869.0
2017-11-01,3105,9697698.0,2461721386.0,246.0,258.5,244.5,258.0,11.5,7562.0
2017-11-02,3105,7725034.0,2019118884.0,258.0,266.0,255.0,263.0,5.0,5999.0
2017-11-03,3105,10269924.0,2799750100.0,265.0,280.0,264.5,276.5,13.5,8140.0
2017-11-06,3105,9633576.0,2588975412.0,281.0,281.0,261.0,261.5,-15.0,7634.0
2017-11-07,3105,7239873.0,1891686399.0,265.0,268.0,256.0,260.0,-1.5,5618.0
2017-11-08,3105,6848188.0,1822109760.0,263.5,272.0,258.0,272.0,12.0,5464.0
2017-11-09,3105,8168782.0,2188321265.0,272.0,278.0,258.0,261.0,-11.0,6302.0
2017-11-10,3105,6613970.0,1740571550.0,261.0,267.0,256.5,265.0,4.0,5256.0
2017-11-13,3105,8253679.0,2237920830.0,268.0,275.0,263.0,272.0,7.0,6074.0
2017-11-14,3105,7899654.0,2139658426.0,276.0,276.5,265.0,269.0,-3.0,5968.0
2017-11-15,3105,5269810.0,1414334860.0,269.0,274.0,265.0,265.0,-4.0,4139.0
2017-11-16,3105,8034674.0,2186503328.0,265.0,276.5,265.0,272.0,7.0,6001.0
2017-11-17,3105,15244046.0,4406576932.0,277.0,298.5,276.0,293.5,21.5,11067.0
2017-11-20,3105,12032848.0,3484249744.0,303.0,303.5,278.0,278.0,-15.5,9047.0
2017-11-21,3105,11216952.0,3251455390.0,282.5,299.0,279.5,294.5,16.5,8537.0
2017-11-22,3105,13157541.0,3828004931.0,293.0,296.0,285.5,292.0,-2.5,9052.0
2017-11-23,3105,7985787.0,2327947036.0,294.5,295.5,287.0,288.5,-3.5,5453.0
2017-11-24,3105,9487365.0,2812037445.0,292.0,300.5,291.0,293.0,4.5,6813.0
2017-11-27,3105,10117345.0,3041090618.0,297.0,306.0,296.0,298.0,5.0,7324.0
2017-11-28,3105,6875304.0,2056021636.0,301.0,303.0,292.5,302.0,4.0,5057.0
2017-11-29,3105,11518150.0,3601204750.0,309.0,318.5,306.0,315.0,13.0,8341.0
2017-11-30,3105,34581979.0,10903387385.0,308.5,320.0,301.0,320.0,5.0,9680.0
2017-12-01,3105,12389467.0,3881386902.0,320.5,320.5,306.0,306.0,-14.0,9023.0
2017-12-04,3105,5678086.0,1752195934.0,314.0,314.0,303.0,307.5,1.5,4288.0
2017-12-05,3105,13040166.0,3803182037.0,304.5,306.0,278.5,280.5,-27.0,9812.0
2017-12-06,3105,17210952.0,4595658163.0,283.0,287.5,253.0,256.5,-24.0,12091.0
2017-12-07,3105,12959738.0,3379627900.0,261.0,267.5,252.5,267.5,11.0,9467.0
2017-12-08,3105,12212592.0,3369369595.0,272.0,287.5,263.0,286.0,18.5,9399.0
2017-12-11,3105,10115622.0,3144236603.0,312.5,314.5,301.5,314.5,28.5,6465.0
2017-12-12,3105,19928754.0,6486021542.0,322.0,340.0,309.0,323.5,9.0,15665.0
2017-12-13,3105,12528494.0,3973178359.0,320.0,325.5,309.5,312.5,-11.0,8923.0
2017-12-14,3105,23790588.0,6990367293.0,290.0,301.5,286.5,289.0,-23.5,16614.0
2017-12-15,3105,14031041.0,4093651370.0,293.0,295.5,285.0,289.5,0.5,9792.0
2017-12-18,3105,13550225.0,4028449125.0,290.0,305.5,284.0,305.0,15.5,10634.0
2017-12-19,3105,15115568.0,4737808216.0,307.5,318.0,306.0,314.0,9.0,10875.0
2017-12-20,3105,11161538.0,3501359780.0,315.5,320.0,308.5,310.0,-4.0,8072.0
2017-12-21,3105,6151935.0,1887159370.0,309.5,313.0,300.5,302.0,-8.0,4649.0
2017-12-22,3105,6551155.0,1955630190.0,304.0,306.0,294.5,297.0,-5.0,5016.0
2017-12-25,3105,4172908.0,1242973452.0,297.0,302.5,293.5,293.5,-3.5,3316.0
2017-12-26,3105,10517370.0,2971441580.0,293.5,295.0,270.0,283.5,-10.0,7936.0
2017-12-27,3105,7904067.0,2186170925.0,277.5,283.0,272.0,274.0,-9.5,6056.0
2017-12-28,3105,7679159.0,2169138547.0,279.5,286.5,277.0,286.5,12.5,5470.0
2017-12-29,3105,6683951.0,1892749548.0,287.0,290.0,277.5,283.0,-3.5,5102.0
2018-01-02,3105,5333003.0,1485572349.0,280.0,283.0,274.5,283.0,0.0,4149.0
2018-01-03,3105,10485294.0,3121542708.0,288.0,308.0,285.5,304.0,21.0,8112.0
2018-01-04,3105,6459755.0,1968882775.0,305.0,309.0,300.5,303.5,-0.5,4957.0
2018-01-05,3105,9389726.0,2908516478.0,314.0,317.0,303.0,303.0,-0.5,6871.0
2018-01-08,3105,5545757.0,1672356843.0,305.0,307.5,298.0,299.0,-4.0,3978.0
2018-01-09,3105,12398519.0,3550553603.0,301.0,301.0,279.5,280.0,-19.0,9135.0
2018-01-10,3105,15573389.0,4254516091.0,280.0,283.0,269.0,270.0,-10.0,11376.0
2018-01-11,3105,10255473.0,2771600432.0,272.5,274.0,267.0,269.0,-1.0,7437.0
2018-01-12,3105,19756597.0,5120978541.0,269.5,270.0,252.5,252.5,-16.5,14449.0
2018-01-15,3105,15700617.0,4073428301.0,250.0,266.0,246.0,265.0,12.5,12214.0
2018-01-16,3105,10706528.0,2877709532.0,265.0,274.0,262.0,269.0,4.0,8287.0
2018-01-17,3105,8315471.0,2242761429.0,267.0,273.0,265.5,269.0,0.0,5621.0
2018-01-18,3105,7515709.0,2066449194.0,273.0,277.5,271.0,272.5,3.5,5720.0
2018-01-19,3105,8712491.0,2305948651.0,274.5,275.0,257.5,259.5,-13.0,6679.0
2018-01-22,3105,11032614.0,2885315958.0,257.5,273.0,252.0,269.5,10.0,8757.0
2018-01-23,3105,9768858.0,2554825706.0,265.0,268.0,255.0,255.0,-14.5,7053.0
2018-01-24,3105,12435883.0,3093171633.0,252.0,252.0,245.5,249.5,-5.5,9079.0
2018-01-25,3105,10794543.0,2666468863.0,248.0,256.0,240.0,240.0,-9.5,8593.0
2018-01-26,3105,10396784.0,2505330660.0,237.5,247.5,237.5,239.5,-0.5,7661.0
2018-01-29,3105,7599777.0,1869348304.0,244.5,252.0,241.5,252.0,12.5,5699.0
2018-01-30,3105,13700876.0,3528591004.0,256.0,263.0,252.0,252.0,0.0,9713.0
2018-01-31,3105,7245670.0,1854856700.0,252.0,261.0,247.5,261.0,9.0,5498.0
2018-02-01,3105,8042272.0,2086452948.0,261.0,263.0,255.0,258.5,-2.5,6039.0
2018-02-02,3105,9497132.0,2502670138.0,260.0,266.5,260.0,263.0,4.5,6431.0
2018-02-05,3105,4864093.0,1242788401.0,255.0,258.0,251.5,256.5,-6.5,3404.0
2018-02-06,3105,10308928.0,2459719508.0,240.0,247.0,231.0,235.0,-21.5,7462.0
2018-02-07,3105,11341683.0,2816441652.0,252.5,256.0,242.5,242.5,7.5,8059.0
2018-02-08,3105,7741159.0,1840371082.0,244.0,247.0,233.0,238.0,-4.5,5766.0
2018-02-09,3105,12564116.0,2980303920.0,222.0,250.0,221.0,249.5,11.5,9228.0
2018-02-12,3105,6142081.0,1517333845.0,249.5,251.0,243.0,243.0,-6.5,4634.0
2018-02-21,3105,9894582.0,2524103992.0,250.0,261.5,248.0,256.0,13.0,7104.0
2018-02-22,3105,7869782.0,2030743573.0,254.0,262.0,252.0,256.5,0.5,5918.0
2018-02-23,3105,6111350.0,1599382169.0,256.0,264.0,256.0,262.5,6.0,4685.0
2018-02-26,3105,6160718.0,1638009238.0,266.0,268.0,262.5,268.0,5.5,4357.0
2018-02-27,3105,7609872.0,2066872696.0,272.0,274.5,267.5,268.5,0.5,5152.0
2018-03-01,3105,4102172.0,1100531674.0,265.0,271.5,264.0,270.0,1.5,3185.0
2018-03-02,3105,4436686.0,1169524385.0,265.5,267.5,260.5,260.5,-9.5,3430.0
2018-03-05,3105,4632229.0,1188258356.0,263.0,263.5,250.5,250.5,-10.0,3444.0
2018-03-06,3105,6530086.0,1700811204.0,256.0,265.0,254.5,264.5,14.0,4905.0
2018-03-07,3105,4453442.0,1176333188.0,262.0,267.5,259.5,265.0,0.5,3563.0
2018-03-08,3105,9039483.0,2459594376.0,265.5,276.0,265.5,272.5,7.5,6832.0
2018-03-09,3105,4975828.0,1363701560.0,274.5,278.0,269.0,270.0,-2.5,4016.0
2018-03-12,3105,11884708.0,3463543776.0,281.0,297.0,281.0,297.0,27.0,8202.0
2018-03-13,3105,20016050.0,6241462200.0,306.0,317.0,303.0,315.5,18.5,14434.0
2018-03-14,3105,9049007.0,2833718663.0,315.5,319.0,308.0,309.5,-6.0,7246.0
2018-03-15,3105,11506374.0,3647120180.0,310.5,321.5,310.5,321.5,12.0,8435.0
2018-03-16,3105,7462802.0,2359076130.0,321.5,321.5,313.0,315.0,-6.5,5476.0
2018-03-19,3105,5787254.0,1831553748.0,318.5,321.0,311.0,311.0,-4.0,4536.0
2018-03-20,3105,6308406.0,1942080678.0,306.5,315.0,301.5,315.0,4.0,4821.0
2018-03-21,3105,5726355.0,1813464325.0,318.0,319.5,313.5,315.0,0.0,4345.0
2018-03-22,3105,4843768.0,1510438240.0,316.0,317.5,305.0,305.0,-10.0,3767.0
2018-03-23,3105,7964757.0,2366432829.0,293.0,302.5,292.5,295.0,-10.0,6085.0
2018-03-26,3105,4711666.0,1423435132.0,300.0,305.5,297.0,302.0,7.0,3753.0
2018-03-27,3105,7190765.0,2250664680.0,311.5,316.5,308.5,313.0,11.0,5520.0
2018-03-28,3105,8495790.0,2662512110.0,310.0,320.0,307.5,308.0,-5.0,6759.0
2018-03-29,3105,5307293.0,1658163416.0,310.0,316.0,308.5,313.0,5.0,4100.0
2018-03-30,3105,5094119.0,1619271866.0,318.5,322.0,313.5,314.0,1.0,4183.0
2018-03-31,3105,1558648.0,490651790.0,318.0,318.5,312.5,314.5,0.5,1344.0
2018-04-02,3105,3893385.0,1225178532.0,320.0,321.0,310.5,310.5,-4.0,3175.0
2018-04-03,3105,5099140.0,1572865260.0,309.0,313.5,305.0,308.0,-2.5,4055.0
2018-04-09,3105,3694814.0,1140515671.0,313.5,314.0,305.5,305.5,-2.5,2684.0
2018-04-10,3105,2430940.0,750660140.0,310.0,312.5,306.0,306.0,0.5,1873.0
2018-04-11,3105,2674960.0,827865152.0,310.0,312.0,306.5,306.5,0.5,1991.0
2018-04-12,3105,3060848.0,954280948.0,310.5,315.0,308.0,309.5,3.0,2382.0
2018-04-13,3105,9181240.0,2935299210.0,315.0,323.0,313.0,318.5,9.0,6199.0
2018-04-16,3105,9436835.0,3110213885.0,327.0,334.5,325.5,331.0,12.5,7590.0
2018-04-17,3105,7873512.0,2512428268.0,331.0,331.0,311.5,311.5,-19.5,6353.0
2018-04-18,3105,9948775.0,3030709425.0,318.5,318.5,294.0,306.0,-5.5,7514.0
2018-04-19,3105,3576866.0,1110302692.0,307.5,313.0,307.5,312.0,6.0,2869.0
2018-04-20,3105,4638210.0,1399223500.0,305.0,306.0,297.0,297.5,-14.5,3810.0
2018-04-23,3105,8117329.0,2313751588.0,293.5,293.5,279.0,282.5,-15.0,6184.0
2018-04-24,3105,1855019.0,472102324.0,254.5,254.5,254.5,254.5,-28.0,975.0
2018-04-25,3105,22361893.0,5173996208.0,229.5,241.0,229.5,231.0,-23.5,11688.0
2018-04-26,3105,16389127.0,3683668440.0,234.5,237.5,212.0,218.0,-13.0,11524.0
2018-04-27,3105,3334289.0,738496314.0,226.5,226.5,217.0,222.5,4.5,2474.0
2018-04-30,3105,3690011.0,833182020.0,228.0,229.5,224.5,224.5,2.0,1482.0
2018-05-02,3105,2958560.0,690290600.0,226.0,237.0,226.0,232.0,7.5,2158.0
2018-05-03,3105,3761599.0,890178468.0,238.0,241.0,232.0,232.0,0.0,2585.0
2018-05-04,3105,2225900.0,527763400.0,238.0,242.0,232.5,236.5,4.5,1647.0
2018-05-07,3105,2826842.0,658791658.0,241.0,241.0,229.5,230.0,-6.5,1956.0
2018-05-08,3105,3404812.0,813806380.0,232.0,241.0,232.0,240.0,10.0,2533.0
2018-05-09,3105,2836767.0,681053381.0,236.0,243.0,236.0,243.0,3.0,2012.0
2018-05-10,3105,4567688.0,1160654143.0,248.0,262.5,245.0,257.0,14.0,3472.0
2018-05-11,3105,3628375.0,953274625.0,260.0,267.5,258.0,263.0,6.0,2623.0
2018-05-14,3105,12268407.0,3394154080.0,270.0,288.5,263.5,286.5,23.5,9355.0
2018-05-15,3105,8027115.0,2200398050.0,283.0,283.0,269.0,269.0,-17.5,6405.0
2018-05-16,3105,5226741.0,1411766347.0,266.5,277.0,265.0,265.0,-4.0,3951.0
2018-05-17,3105,4867306.0,1288262090.0,270.0,270.0,258.5,265.0,0.0,3806.0
2018-05-18,3105,3827767.0,996172886.0,264.0,267.0,257.0,257.0,-8.0,3043.0
2018-05-21,3105,6383105.0,1729285904.0,265.5,276.0,265.5,268.5,11.5,4497.0
2018-05-22,3105,6917118.0,1905265468.0,275.0,280.0,271.0,274.0,5.5,5433.0
2018-05-23,3105,2653044.0,719122968.0,276.0,276.0,268.0,271.5,-2.5,2241.0
2018-05-24,3105,3726575.0,1027559625.0,274.5,279.5,273.0,273.5,2.0,3075.0
2018-05-25,3105,2643925.0,721578559.0,273.0,275.5,268.5,274.0,0.5,2121.0
2018-05-28,3105,4126421.0,1154966459.0,279.0,282.5,276.5,279.0,5.0,3131.0
2018-05-29,3105,4320405.0,1173636160.0,278.5,279.0,268.5,268.5,-10.5,3605.0
2018-05-30,3105,10424584.0,2630655781.0,260.5,262.0,244.5,248.0,-20.5,7592.0
2018-05-31,3105,10324694.0,2546378224.0,249.5,256.5,240.0,243.5,-4.5,7354.0
2018-06-01,3105,4048259.0,1008944527.0,246.0,253.0,244.0,251.5,8.0,3289.0
2018-06-04,3105,5628336.0,1463022025.0,255.0,263.5,254.5,263.5,12.0,4435.0
2018-06-05,3105,3766758.0,985844612.0,266.5,267.0,257.0,264.0,0.5,3068.0
2018-06-06,3105,4732984.0,1283131132.0,267.0,274.0,267.0,273.0,9.0,3725.0
2018-06-07,3105,3576947.0,976641690.0,277.0,278.0,269.5,269.5,-3.5,2815.0
2018-06-08,3105,10267558.0,2597409240.0,249.5,258.5,249.5,251.0,-18.5,8355.0
2018-06-11,3105,6876892.0,1670173148.0,241.0,247.5,241.0,242.5,-8.5,5366.0
2018-06-12,3105,5787765.0,1439062750.0,246.5,252.0,245.0,247.0,4.5,4205.0
2018-06-13,3105,2935633.0,724601351.0,249.5,251.5,244.0,244.5,-2.5,2412.0
2018-06-14,3105,3197114.0,769758202.0,241.0,243.0,238.5,241.5,-3.0,2489.0
2018-06-15,3105,4962072.0,1234738356.0,246.0,253.0,243.0,245.5,4.0,3907.0
2018-06-19,3105,5129298.0,1224886263.0,243.0,245.0,235.0,236.0,-9.5,4049.0
2018-06-20,3105,4596038.0,1067229196.0,237.0,238.5,227.0,238.0,2.0,3755.0
2018-06-21,3105,2779671.0,671016711.0,242.0,244.0,238.0,238.5,0.5,2234.0
2018-06-22,3105,2904841.0,678239135.0,238.5,238.5,231.0,233.0,-5.5,2299.0
2018-06-25,3105,6188365.0,1390140895.0,231.0,232.5,220.0,220.0,-13.0,4917.0
2018-06-26,3105,5381824.0,1182158520.0,216.0,228.0,212.5,228.0,8.0,4128.0
2018-06-27,3105,3666129.0,822881638.0,228.0,230.5,219.5,219.5,-8.5,2803.0
2018-06-28,3105,4178859.0,912763621.0,221.0,222.0,215.5,216.0,-3.5,2807.0
2018-06-29,3105,3295869.0,723063418.0,219.5,221.5,217.5,219.5,3.5,1996.0
2018-07-02,3105,3369025.0,744923953.0,221.0,228.5,217.0,217.0,-2.5,2526.0
2018-07-03,3105,9226999.0,1857623802.0,211.0,215.0,189.0,194.5,0.0,6632.0
2018-07-04,3105,4877575.0,960139284.0,192.0,199.5,192.0,199.5,5.0,3850.0
2018-07-05,3105,4477357.0,912618644.0,203.0,208.0,199.0,200.5,1.0,3686.0
2018-07-06,3105,5293089.0,1064689656.0,206.0,207.5,195.0,202.5,2.0,3747.0
2018-07-09,3105,4645248.0,917366852.0,202.5,203.5,193.0,196.5,-6.0,3555.0
2018-07-10,3105,5263770.0,1072848517.0,200.0,208.0,198.5,207.5,11.0,4194.0
2018-07-11,3105,7533439.0,1596764968.0,204.5,217.5,201.5,215.0,7.5,5177.0
2018-07-12,3105,5450880.0,1190517740.0,218.5,221.5,214.0,221.0,6.0,4098.0
2018-07-13,3105,15633983.0,3690417403.0,232.0,243.0,228.5,241.0,20.0,10579.0
2018-07-16,3105,8777882.0,2121328180.0,245.0,245.0,238.0,239.0,-2.0,6350.0
2018-07-17,3105,9088220.0,2125865040.0,239.0,244.5,226.0,228.5,-10.5,6976.0
2018-07-18,3105,7876300.0,1771559038.0,230.0,232.5,221.0,222.0,-6.5,5890.0
2018-07-19,3105,6337199.0,1444584270.0,225.0,232.0,222.5,229.5,7.5,4816.0
2018-07-20,3105,10122348.0,2333062746.0,232.5,238.0,222.5,225.0,-4.5,7167.0
2018-07-23,3105,860409.0,174232813.0,202.5,202.5,202.5,202.5,-22.5,697.0
2018-07-24,3105,774637.0,141371238.0,182.5,182.5,182.5,182.5,-20.0,604.0
2018-07-25,3105,52539386.0,8868926576.0,170.0,173.5,164.5,165.0,-17.5,27125.0
2018-07-26,3105,27727938.0,4628693584.0,166.0,170.5,163.0,166.0,1.0,16546.0
2018-07-27,3105,5831504.0,949709152.0,164.0,166.0,160.0,161.0,-5.0,4195.0
2018-07-30,3105,10511424.0,1599208594.0,161.0,164.0,145.0,146.0,-15.0,7013.0
2018-07-31,3105,6911092.0,1023796116.0,147.5,151.0,144.0,148.0,2.0,4459.0
2018-08-01,3105,7030685.0,1090433730.0,148.5,159.0,148.5,156.0,8.0,4696.0
2018-08-02,3105,4052235.0,628318130.0,158.0,158.0,152.0,156.0,0.0,2937.0
2018-08-03,3105,5463187.0,875457481.0,158.5,163.0,157.0,162.0,6.0,3615.0
2018-08-06,3105,4183024.0,688617960.0,164.0,166.0,162.0,165.0,3.0,2966.0
2018-08-07,3105,6500598.0,1097971660.0,166.0,170.5,166.0,170.5,5.5,4490.0
2018-08-08,3105,6308585.0,1087181865.0,173.0,174.0,169.0,169.0,-1.5,4208.0
2018-08-09,3105,3503243.0,576149595.0,169.0,169.0,162.5,165.0,-4.0,2536.0
2018-08-10,3105,5616664.0,926130560.0,165.0,168.5,161.0,165.0,0.0,3840.0
2018-08-13,3105,6648548.0,1034814662.0,162.5,164.0,149.0,153.5,-11.5,4757.0
2018-08-14,3105,3926652.0,610700712.0,156.0,158.0,152.5,156.0,2.5,2960.0
2018-08-15,3105,10765022.0,1583501211.0,155.5,155.5,144.0,145.5,-10.5,7441.0
2018-08-16,3105,9296592.0,1299500530.0,136.5,144.0,134.5,144.0,-1.5,6389.0
2018-08-17,3105,7691154.0,1142877138.0,147.0,152.0,145.5,146.5,2.5,5404.0
2018-08-20,3105,6702735.0,1005302220.0,149.0,153.0,147.0,151.0,4.5,4448.0
2018-08-21,3105,7299897.0,1141417623.0,152.0,159.5,152.0,158.5,7.5,5298.0
2018-08-22,3105,13325511.0,2197711028.0,162.5,168.0,161.5,162.5,4.0,9095.0
2018-08-23,3105,7703273.0,1236514953.0,162.5,163.0,158.0,160.0,-2.5,5391.0
2018-08-24,3105,7551879.0,1199562398.0,158.0,163.0,155.0,162.0,2.0,5374.0
2018-08-27,3105,5326772.0,864448445.0,164.0,164.0,160.0,162.5,0.5,3675.0
2018-08-28,3105,6925977.0,1141320798.0,163.0,167.0,161.0,161.0,-1.5,4613.0
2018-08-29,3105,3289881.0,531781896.0,162.0,164.0,159.5,161.0,0.0,2348.0
2018-08-30,3105,7242998.0,1198638170.0,162.5,167.0,162.5,166.0,5.0,4891.0
2018-08-31,3105,4071443.0,674215749.0,165.0,167.0,163.5,166.5,0.5,2685.0
2018-09-03,3105,4898964.0,802199204.0,167.5,168.5,161.0,161.0,-5.5,3388.0
2018-09-04,3105,10879562.0,1922242974.0,175.5,177.0,175.0,177.0,16.0,5239.0
2018-09-05,3105,33155413.0,6143035231.0,178.0,193.0,177.0,187.0,10.0,20779.0
2018-09-06,3105,11751402.0,2180471066.0,186.0,189.5,182.0,183.0,-4.0,8405.0
2018-09-07,3105,11700024.0,2047882152.0,180.0,182.0,168.5,172.5,-10.5,8748.0
2018-09-10,3105,12025765.0,1929362712.0,172.0,172.0,155.5,155.5,-17.0,8061.0
2018-09-11,3105,11171973.0,1769388159.0,155.0,162.5,152.5,159.0,3.5,7395.0
2018-09-12,3105,12877191.0,1854997886.0,145.0,146.0,143.5,143.5,-15.5,6485.0
2018-09-13,3105,18068857.0,2488486123.0,137.0,142.5,135.0,136.0,-7.5,11508.0
2018-09-14,3105,28619253.0,3829223778.0,138.0,140.0,127.5,138.5,2.5,19080.0
2018-09-17,3105,10224797.0,1426895065.0,136.5,143.0,133.5,143.0,4.5,6573.0
2018-09-18,3105,15048156.0,2090513152.0,139.0,143.5,134.0,142.0,-1.0,9637.0
2018-09-19,3105,15631858.0,2160601382.0,145.0,146.0,133.5,133.5,-8.5,10239.0
2018-09-20,3105,16291650.0,2089126750.0,131.0,133.0,124.0,124.0,-9.5,10644.0
2018-09-21,3105,16049782.0,2051897821.0,127.0,131.0,124.0,131.0,7.0,9457.0
2018-09-25,3105,10662406.0,1413377691.0,129.0,136.0,127.5,133.5,2.5,7017.0
2018-09-26,3105,6176090.0,812156831.0,130.0,134.5,130.0,131.0,-2.5,4209.0
2018-09-27,3105,7832214.0,1041475061.0,130.0,134.5,129.0,133.0,2.0,5406.0
2018-09-28,3105,7346973.0,990543338.0,135.5,136.5,133.0,134.5,1.5,4837.0
2018-10-01,3105,5818258.0,806122495.0,137.5,140.0,136.0,140.0,5.5,4147.0
2018-10-02,3105,5723072.0,793895468.0,141.0,141.0,137.0,138.0,-2.0,4118.0
2018-10-03,3105,5743793.0,783450555.0,138.0,140.0,134.0,134.5,-3.5,3813.0
2018-10-04,3105,5445645.0,722294140.0,132.5,134.0,131.5,132.0,-2.5,3815.0
2018-10-05,3105,12120698.0,1487103840.0,125.5,127.5,119.0,119.0,-13.0,7736.0
2018-10-08,3105,8775053.0,1035913775.0,118.0,122.0,114.5,118.5,-0.5,5943.0
2018-10-09,3105,17177189.0,1899567308.0,116.0,118.5,107.0,107.0,-11.5,11359.0
2018-10-11,3105,23749383.0,2418234940.0,96.3,109.0,96.3,109.0,2.0,14096.0
2018-10-12,3105,18008892.0,2053825580.0,111.0,119.5,109.0,119.0,10.0,12129.0
2018-10-15,3105,16562685.0,2000761125.0,116.0,125.0,115.0,125.0,6.0,10459.0
2018-10-16,3105,14705875.0,1771446750.0,124.5,124.5,116.5,116.5,-8.5,9712.0
2018-10-17,3105,11043756.0,1323812208.0,120.5,122.0,117.5,118.0,1.5,7468.0
2018-10-18,3105,7053247.0,829885652.0,118.0,119.5,115.5,116.0,-2.0,4854.0
2018-10-19,3105,18125310.0,2136212345.0,114.0,121.5,112.0,120.5,4.5,11177.0
2018-10-22,3105,11002793.0,1331441367.0,118.0,123.0,118.0,120.0,-0.5,6646.0
2018-10-23,3105,18239919.0,2031902590.0,114.5,115.0,108.0,108.0,-12.0,11979.0
2018-10-24,3105,23751440.0,2371920389.0,97.9,105.0,97.2,97.2,-10.8,15119.0
2018-10-25,3105,13747456.0,1274650701.0,91.4,95.2,90.0,95.2,-2.0,9023.0
2018-10-26,3105,21132240.0,1918533074.0,96.2,98.0,86.8,88.0,-7.2,14268.0
2018-10-29,3105,14345643.0,1297173856.0,89.5,92.7,86.7,91.6,3.6,9553.0
2018-10-30,3105,8921776.0,814155469.0,91.8,93.8,89.5,90.0,-1.6,6152.0
2018-10-31,3105,13978189.0,1334051023.0,91.8,98.5,91.8,95.0,5.0,9005.0
2018-11-01,3105,16122351.0,1635782776.0,96.0,104.5,95.1,104.5,9.5,9315.0
2018-11-02,3105,20556981.0,2249556410.0,108.0,113.5,106.5,110.5,6.0,12584.0
2018-11-05,3105,20022269.0,2313328676.0,108.0,121.5,108.0,121.5,11.0,12662.0
2018-11-06,3105,19461671.0,2244469466.0,121.5,121.5,109.5,109.5,-12.0,11688.0
2018-11-07,3105,14759518.0,1715422106.0,110.5,119.5,110.5,117.0,7.5,10015.0
2018-11-08,3105,15728057.0,1843660018.0,120.0,123.5,112.0,113.5,-3.5,10568.0
2018-11-09,3105,10489704.0,1171486664.0,111.5,115.0,108.5,113.5,0.0,7038.0
2018-11-12,3105,11371513.0,1233917417.0,110.0,111.5,106.0,108.5,-5.0,7736.0
2018-11-13,3105,2949450.0,288161901.0,97.7,97.7,97.7,97.7,-10.8,2085.0
2018-11-14,3105,19404878.0,1911250966.0,98.0,102.5,95.5,95.8,-1.9,12817.0
2018-11-15,3105,12534617.0,1194263371.0,96.2,97.5,93.3,97.5,1.7,8577.0
2018-11-16,3105,8729281.0,868456191.0,99.9,101.5,97.0,97.0,-0.5,6108.0
2018-11-19,3105,5614642.0,565564199.0,98.0,102.0,98.0,102.0,5.0,4094.0
2018-11-20,3105,8310155.0,851747185.0,100.0,104.5,99.0,102.5,0.5,5735.0
2018-11-21,3105,8329027.0,857245845.0,101.0,105.5,100.0,105.5,3.0,5742.0
2018-11-22,3105,10421004.0,1103420952.0,105.0,109.0,102.0,103.0,-2.5,6995.0
2018-11-23,3105,16129620.0,1722405480.0,107.5,110.5,103.5,104.0,1.0,10027.0
2018-11-26,3105,12179208.0,1311142672.0,108.0,109.5,105.5,109.0,5.0,7383.0
2018-11-27,3105,23435552.0,2706833136.0,109.0,119.5,108.0,119.0,10.0,14840.0
2018-11-28,3105,13369522.0,1601610640.0,119.5,121.5,118.0,120.5,1.5,9168.0
2018-11-29,3105,13393257.0,1646221340.0,125.0,127.0,120.0,120.0,-0.5,9045.0
2018-11-30,3105,22523680.0,2820991505.0,121.0,129.0,121.0,126.5,6.5,13270.0
2018-12-03,3105,20493740.0,2768468880.0,131.5,138.0,130.5,137.0,10.5,11323.0
2018-12-04,3105,14202437.0,1920474684.0,139.0,139.0,131.0,131.0,-6.0,9008.0
2018-12-05,3105,11516009.0,1427176107.0,124.5,126.0,122.0,122.5,-8.5,7933.0
2018-12-06,3105,14644853.0,1690982662.0,120.5,121.0,111.0,114.0,-8.5,9143.0
2018-12-07,3105,11717834.0,1384999156.0,118.0,120.5,116.0,116.5,2.5,7836.0
2018-12-10,3105,7973761.0,901734394.0,111.5,115.0,111.0,115.0,-1.5,4946.0
2018-12-11,3105,7005827.0,823678996.0,117.0,119.0,115.5,118.0,3.0,4549.0
2018-12-12,3105,9967068.0,1218620823.0,120.5,124.5,120.0,122.5,4.5,6305.0
2018-12-13,3105,8394389.0,1026679458.0,124.0,125.0,119.5,121.5,-1.0,5749.0
2018-12-14,3105,6702951.0,785464190.0,120.0,120.5,115.5,118.0,-3.5,4663.0
2018-12-17,3105,9015194.0,1097411862.0,118.5,124.0,117.0,123.5,5.5,6151.0
2018-12-18,3105,14708810.0,1844912060.0,122.5,128.5,121.5,126.0,2.5,9850.0
2018-12-19,3105,9040712.0,1145841788.0,128.5,130.0,124.0,124.0,-2.0,6500.0
2018-12-20,3105,9317858.0,1119913886.0,124.0,125.0,115.5,116.5,-7.5,6297.0
2018-12-21,3105,13086048.0,1498928760.0,115.5,120.0,109.5,119.5,3.0,8888.0
2018-12-22,3105,2809736.0,328160848.0,116.0,118.0,115.5,117.0,-2.5,2032.0
2018-12-24,3105,5496101.0,652858519.0,117.5,121.0,116.0,118.0,1.0,3750.0
2018-12-25,3105,12008839.0,1434772937.0,114.0,122.5,113.5,121.5,3.5,8694.0
2018-12-26,3105,9756295.0,1166746425.0,123.0,124.0,115.0,115.0,-6.5,6840.0
2018-12-27,3105,6493412.0,777451528.0,120.5,121.5,118.5,119.0,4.0,4737.0
2018-12-28,3105,8905660.0,1075320040.0,120.0,123.5,118.0,118.0,-1.0,5961.0
2019-01-02,3105,4985445.0,597579900.0,119.0,121.5,118.5,121.0,3.0,3488.0
2019-01-03,3105,9104143.0,1058784231.0,118.0,118.5,114.0,114.0,-7.0,6079.0
2019-01-04,3105,10036127.0,1127425605.0,110.5,116.0,108.5,114.0,0.0,6675.0
2019-01-07,3105,6740804.0,790262856.0,118.0,119.0,115.5,115.5,1.5,4252.0
2019-01-08,3105,8438656.0,999419752.0,117.0,120.5,116.5,116.5,1.0,5394.0
2019-01-09,3105,6358112.0,760427878.0,118.5,121.0,118.0,120.0,3.5,4658.0
2019-01-10,3105,7992509.0,962692080.0,121.5,123.5,119.0,120.0,0.0,4908.0
2019-01-11,3105,9757163.0,1198948961.0,121.5,125.0,120.5,123.0,3.0,6477.0
2019-01-14,3105,6946226.0,866984024.0,124.5,126.5,123.0,124.0,1.0,4683.0
2019-01-15,3105,5637162.0,708230912.0,124.5,126.5,124.5,126.0,2.0,3831.0
2019-01-16,3105,11836364.0,1473797408.0,127.0,128.5,121.0,122.0,-4.0,7813.0
2019-01-17,3105,5150931.0,628918546.0,122.0,123.5,120.0,123.5,1.5,3481.0
2019-01-18,3105,5811539.0,727342375.0,125.0,126.5,123.5,126.0,2.5,4000.0
2019-01-21,3105,19887502.0,2618995003.0,128.0,138.0,126.0,135.0,9.0,11523.0
2019-01-22,3105,15291020.0,2084356720.0,133.0,139.5,132.5,136.5,1.5,9837.0
2019-01-23,3105,9850904.0,1346915252.0,135.0,138.5,134.0,138.5,2.0,6459.0
2019-01-24,3105,14126589.0,1980550549.0,139.5,142.5,137.0,142.0,3.5,8669.0
2019-01-25,3105,30239961.0,4541900323.0,143.5,156.0,143.5,152.0,10.0,18825.0
2019-01-28,3105,14123616.0,2143112900.0,154.0,154.5,150.0,150.0,-2.0,8627.0
2019-01-29,3105,8908051.0,1300141048.0,147.5,148.0,144.0,148.0,-2.0,6159.0
2019-01-30,3105,8670108.0,1300779132.0,151.0,151.5,147.5,149.5,1.5,5298.0
2019-02-11,3105,18655108.0,2933649888.0,155.5,163.0,151.0,161.5,12.0,11913.0
2019-02-12,3105,22373998.0,3797596654.0,162.0,176.5,160.0,174.0,12.5,14435.0
2019-02-13,3105,20878750.0,3633663346.0,178.0,182.5,165.5,166.5,-7.5,14619.0
2019-02-14,3105,21008744.0,3413878411.0,167.0,170.5,157.5,158.0,-8.5,13533.0
2019-02-15,3105,27990627.0,4541526447.0,160.5,166.5,159.0,160.5,2.5,16933.0
2019-02-18,3105,11942774.0,1943967942.0,162.5,164.5,161.0,163.0,2.5,6663.0
2019-02-19,3105,18946971.0,3214831039.0,165.0,172.5,164.0,171.0,8.0,11835.0
2019-02-20,3105,17594730.0,3021256991.0,173.5,176.5,167.0,168.0,-3.0,11418.0
2019-02-21,3105,11597399.0,1969533229.0,169.5,172.0,165.5,171.0,3.0,7910.0
2019-02-22,3105,8277689.0,1390895781.0,170.0,170.0,166.5,168.0,-3.0,5543.0
2019-02-25,3105,21283499.0,3763078047.0,170.5,182.0,169.0,177.5,9.5,13989.0
2019-02-26,3105,19233398.0,3459830150.0,180.0,186.0,175.0,175.0,-2.5,12788.0
2019-02-27,3105,9595704.0,1664248047.0,177.0,177.0,170.0,175.0,0.0,6018.0
2019-03-04,3105,13312955.0,2372398905.0,177.0,180.5,174.0,180.0,5.0,8046.0
2019-03-05,3105,9458519.0,1658743806.0,177.5,178.5,173.0,173.0,-7.0,6297.0
2019-03-06,3105,8580509.0,1474661797.0,172.0,175.5,169.0,172.0,-1.0,6064.0
2019-03-07,3105,13553979.0,2233931098.0,170.0,170.0,159.0,160.0,-12.0,9376.0
2019-03-08,3105,16930033.0,2673582412.0,156.0,163.5,154.0,162.5,2.5,10841.0
2019-03-11,3105,7911937.0,1284784294.0,160.5,165.0,160.0,161.0,-1.5,5437.0
2019-03-12,3105,7732620.0,1271737060.0,165.0,166.5,162.0,162.0,1.0,5398.0
2019-03-13,3105,5707124.0,935362960.0,162.0,165.5,162.0,164.5,2.5,3855.0
2019-03-14,3105,20423070.0,3516722190.0,166.0,176.5,165.5,175.0,10.5,13242.0
2019-03-15,3105,35805255.0,6763318077.0,178.0,192.5,178.0,192.5,17.5,19504.0
2019-03-18,3105,32890984.0,6621582305.0,199.0,206.0,197.0,197.5,5.0,19728.0
2019-03-19,3105,21944851.0,4421671023.0,197.0,206.0,194.0,204.5,7.0,13179.0
2019-03-20,3105,15036648.0,3010823952.0,204.0,205.0,197.0,199.5,-5.0,10189.0
2019-03-21,3105,7544089.0,1505142244.0,200.0,202.5,197.0,199.5,0.0,5204.0
2019-03-22,3105,17614575.0,3620931075.0,205.5,210.5,200.0,200.5,1.0,12347.0
2019-03-25,3105,10798481.0,2099073814.0,191.0,196.5,191.0,194.0,-6.5,7190.0
2019-03-26,3105,11490561.0,2293974651.0,195.0,205.0,194.5,205.0,11.0,7865.0
2019-03-27,3105,19351128.0,4034164112.0,208.0,213.5,204.0,204.0,-1.0,12961.0
2019-03-28,3105,14895706.0,3116754103.0,205.5,212.0,204.0,211.5,7.5,10174.0
2019-03-29,3105,16557278.0,3572168826.0,214.5,218.5,213.0,217.5,6.0,10992.0
2019-04-01,3105,14671043.0,3146880578.0,219.0,220.0,211.0,211.0,-6.5,8976.0
2019-04-02,3105,11846878.0,2487096174.0,214.0,216.5,206.0,207.5,-3.5,8314.0
2019-04-03,3105,8302497.0,1706872385.0,207.0,209.0,203.0,205.0,-2.5,5904.0
2019-04-08,3105,13124174.0,2814367432.0,209.5,219.5,209.5,219.5,14.5,8465.0
2019-04-09,3105,8340325.0,1797242230.0,220.0,223.5,211.0,211.0,-8.5,5806.0
2019-04-10,3105,5478319.0,1175095628.0,214.0,217.0,211.0,212.0,1.0,4218.0
2019-04-11,3105,11579877.0,2514084857.0,217.0,220.5,211.0,211.0,-1.0,8402.0
2019-04-12,3105,6284603.0,1301523218.0,211.0,213.5,203.0,205.0,-6.0,5012.0
2019-04-15,3105,8001808.0,1698680104.0,211.0,215.0,208.0,213.0,8.0,5490.0
2019-04-16,3105,8466381.0,1821333838.0,215.0,217.0,213.0,213.0,0.0,5521.0
2019-04-17,3105,11584649.0,2531603296.0,219.5,220.0,216.5,219.0,6.0,7475.0
2019-04-18,3105,32168130.0,7557577270.0,225.0,240.5,225.0,229.0,10.0,17703.0
2019-04-19,3105,21511004.0,4842696878.0,232.5,233.5,219.0,220.0,-9.0,14652.0
2019-04-22,3105,12499317.0,2781354472.0,220.5,227.0,218.0,225.5,5.5,8420.0
2019-04-23,3105,12390124.0,2787154396.0,226.0,229.5,219.5,229.5,4.0,8754.0
2019-04-24,3105,9165229.0,2089924983.0,230.0,231.0,225.0,227.0,-2.5,6531.0
2019-04-25,3105,5914029.0,1339723148.0,227.0,229.5,221.5,229.5,2.5,4335.0
2019-04-26,3105,25627617.0,5420679219.0,218.0,218.0,207.0,207.0,-22.5,16534.0
2019-04-29,3105,21040263.0,4153228415.0,200.5,204.0,188.5,204.0,-3.0,14158.0
2019-04-30,3105,11074498.0,2248901582.0,201.0,207.0,198.5,207.0,3.0,7411.0
2019-05-02,3105,6564330.0,1357153470.0,205.0,208.5,203.0,208.0,1.0,4532.0
2019-05-03,3105,7808568.0,1643956984.0,207.0,214.0,205.5,213.0,5.0,5542.0
2019-05-06,3105,11189196.0,2257101288.0,197.0,205.5,197.0,201.0,-12.0,7740.0
2019-05-07,3105,5329619.0,1090431895.0,205.0,206.5,203.0,203.5,2.5,3761.0
2019-05-08,3105,8946623.0,1826016146.0,198.5,209.0,197.0,206.0,2.5,6305.0
2019-05-09,3105,10851422.0,2179156322.0,205.5,207.5,197.0,200.0,-6.0,7635.0
2019-05-10,3105,8882373.0,1788722092.0,201.0,204.5,197.0,204.5,4.5,6053.0
2019-05-13,3105,10803863.0,2137893285.0,204.5,205.5,192.5,193.0,-11.5,7565.0
2019-05-14,3105,10759742.0,2032793448.0,183.5,194.0,182.0,194.0,1.0,7508.0
2019-05-15,3105,11325747.0,2241876768.0,194.0,202.0,193.5,200.5,6.5,7771.0
2019-05-16,3105,20399380.0,3872700342.0,197.5,197.5,180.5,181.0,-19.5,13701.0
2019-05-17,3105,35505655.0,6088423540.0,182.0,184.0,163.5,165.0,-16.0,22042.0
2019-05-20,3105,21262164.0,3493882216.0,167.0,169.0,159.0,168.5,3.5,14214.0
2019-05-21,3105,27071905.0,4314964305.0,163.5,164.5,155.0,160.0,-8.5,17413.0
2019-05-22,3105,31338507.0,5277798897.0,168.0,174.5,162.5,163.5,3.5,19172.0
2019-05-23,3105,18592312.0,2992878416.0,157.0,167.0,155.5,167.0,3.5,12386.0
2019-05-24,3105,18133161.0,2982185243.0,167.0,169.0,160.0,160.5,-6.5,12081.0
2019-05-27,3105,13276415.0,2114430985.0,163.0,164.0,156.5,157.5,-3.0,8872.0
2019-05-28,3105,11953563.0,1904048080.0,158.0,162.0,156.0,159.0,1.5,6530.0
2019-05-29,3105,18142457.0,2859770448.0,154.5,163.5,151.5,163.5,4.5,11829.0
2019-05-30,3105,14070845.0,2322110770.0,162.0,168.0,162.0,164.5,1.0,9584.0
2019-05-31,3105,20275639.0,3479907991.0,165.0,178.0,165.0,174.5,10.0,14041.0
2019-06-03,3105,17628743.0,3079345754.0,172.0,177.5,168.5,176.0,1.5,11621.0
2019-06-04,3105,25778441.0,4645165998.0,178.5,184.5,177.0,178.0,2.0,15142.0
2019-06-05,3105,17002261.0,3055849197.0,184.0,185.0,174.5,175.5,-2.5,10965.0
2019-06-06,3105,13125089.0,2257319130.0,172.0,176.0,169.0,169.5,-6.0,8420.0
2019-06-10,3105,15639834.0,2772930454.0,173.0,181.5,171.0,180.5,11.0,10070.0
2019-06-11,3105,17502781.0,3233870047.0,182.0,187.0,180.5,187.0,6.5,12034.0
2019-06-12,3105,14777437.0,2747341495.0,187.0,188.5,183.0,187.0,0.0,9703.0
2019-06-13,3105,8454375.0,1578082182.0,184.5,189.0,184.0,188.5,1.5,5771.0
2019-06-14,3105,20610057.0,3747779703.0,184.0,186.5,173.5,176.5,-12.0,13147.0
2019-06-17,3105,13615619.0,2436767078.0,175.0,183.5,174.0,183.5,7.0,9132.0
2019-06-18,3105,19461658.0,3614078369.0,185.0,188.0,182.0,187.5,4.0,12474.0
2019-06-19,3105,24511670.0,4831158000.0,195.0,201.0,193.0,200.0,12.5,15207.0
2019-06-20,3105,9551613.0,1912368100.0,200.5,201.5,198.5,200.5,0.5,6036.0
2019-06-21,3105,13933868.0,2797187496.0,203.5,205.5,196.0,197.0,-3.5,9240.0
2019-06-24,3105,7422939.0,1460635879.0,197.0,199.5,194.0,198.5,1.5,4966.0
2019-06-25,3105,7880718.0,1569113023.0,199.5,201.5,195.5,198.5,0.0,5255.0
2019-06-26,3105,6385791.0,1272779036.0,199.5,202.5,195.5,195.5,-3.0,4482.0
2019-06-27,3105,5176599.0,1034119503.0,200.5,203.0,197.0,197.0,1.5,3995.0
2019-06-28,3105,9183614.0,1844468686.0,199.0,203.5,199.0,199.0,2.0,5694.0
2019-07-01,3105,9043305.0,1921589465.0,213.0,213.0,210.0,213.0,0.0,4769.0
2019-07-02,3105,16381276.0,3545465168.0,214.0,219.5,212.5,218.0,5.0,11109.0
2019-07-03,3105,11926235.0,2558651230.0,217.0,219.0,210.5,217.0,-1.0,8386.0
2019-07-04,3105,16641805.0,3698922905.0,225.5,227.0,218.0,221.0,4.0,11277.0
2019-07-05,3105,13187915.0,2875139055.0,222.0,223.0,214.0,216.5,-4.5,9083.0
2019-07-08,3105,7742163.0,1664194697.0,214.5,218.0,212.0,218.0,1.5,5502.0
2019-07-09,3105,7822291.0,1715617811.0,219.0,222.0,216.0,222.0,4.0,5584.0
2019-07-10,3105,8254587.0,1829458013.0,221.5,223.5,218.5,222.0,0.0,5279.0
2019-07-11,3105,13681102.0,3100775293.0,224.5,229.5,223.5,223.5,1.5,9048.0
2019-07-12,3105,7781110.0,1717973700.0,224.0,225.0,219.0,220.0,-3.5,5200.0
2019-07-15,3105,8053728.0,1786435249.0,222.0,224.0,219.5,221.5,1.5,4960.0
2019-07-16,3105,8006159.0,1789134957.0,223.0,226.0,220.5,224.0,2.5,4808.0
2019-07-17,3105,10784447.0,2437604522.0,222.5,229.5,221.0,227.0,3.0,6891.0
2019-07-18,3105,8017149.0,1809441674.0,228.0,229.0,223.5,227.0,0.0,4992.0
2019-07-19,3105,17694070.0,4169921466.0,235.0,237.5,233.0,236.5,9.5,11140.0
2019-07-22,3105,24884847.0,6242909220.0,238.5,260.0,238.0,260.0,23.5,15756.0
2019-07-23,3105,19327901.0,5110591996.0,265.0,270.0,257.5,262.5,2.5,12901.0
2019-07-24,3105,18568669.0,5039213475.0,267.5,276.0,266.5,276.0,13.5,13099.0
2019-07-25,3105,13590212.0,3710626746.0,278.0,278.5,270.0,272.5,-3.5,8916.0
2019-07-26,3105,11080200.0,3001940886.0,268.5,275.5,267.5,275.0,2.5,7014.0
2019-07-29,3105,11157764.0,3030842224.0,277.5,278.0,266.0,266.0,-9.0,7605.0
2019-07-30,3105,16607306.0,4421652732.0,269.5,272.0,259.0,272.0,6.0,11316.0
2019-07-31,3105,17551254.0,4694396072.0,270.0,271.5,263.5,268.0,-4.0,11679.0
2019-08-01,3105,9343844.0,2502230692.0,263.0,270.5,262.5,268.0,0.0,6701.0
2019-08-02,3105,18714659.0,4779542409.0,260.0,261.5,251.0,251.0,-17.0,12343.0
2019-08-05,3105,10948930.0,2769771430.0,249.0,257.0,248.0,250.0,-1.0,7858.0
2019-08-06,3105,20115290.0,5156372899.0,244.5,267.0,242.5,263.5,13.5,14880.0
2019-08-07,3105,10962700.0,2911609900.0,265.5,269.0,262.0,262.0,-1.5,7895.0
2019-08-08,3105,14334438.0,3885822074.0,263.5,275.0,263.5,274.0,12.0,10413.0
2019-08-12,3105,11629837.0,3153632962.0,275.5,278.0,265.5,265.5,-8.5,8472.0
2019-08-13,3105,10611087.0,2805846881.0,264.0,270.5,260.5,260.5,-5.0,7012.0
2019-08-14,3105,13806792.0,3726081765.0,271.0,275.5,265.0,265.5,5.0,9278.0
2019-08-15,3105,10888152.0,2824279089.0,257.5,263.0,257.0,259.5,-6.0,7036.0
2019-08-16,3105,9318204.0,2457899045.0,262.0,267.5,260.5,262.5,3.0,6305.0
2019-08-19,3105,7808862.0,2099285240.0,268.0,270.5,265.5,270.0,7.5,5511.0
2019-08-20,3105,12270977.0,3353285313.0,273.0,277.5,268.5,268.5,-1.5,8492.0
2019-08-21,3105,6592803.0,1786023719.0,269.0,274.5,267.5,274.5,6.0,4933.0
2019-08-22,3105,12562549.0,3410183132.0,276.0,278.5,266.0,266.0,-8.5,8849.0
2019-08-23,3105,8140602.0,2155913438.0,267.0,269.0,260.0,269.0,3.0,5699.0
2019-08-26,3105,6908355.0,1811270393.0,260.0,265.0,258.5,264.5,-4.5,5129.0
2019-08-27,3105,8628572.0,2274196792.0,266.5,268.5,259.0,259.0,-5.5,5583.0
2019-08-28,3105,12504291.0,3185044205.0,261.0,261.5,250.5,253.0,-6.0,8927.0
2019-08-29,3105,7109856.0,1818773704.0,257.0,259.0,252.0,259.0,6.0,4861.0
2019-08-30,3105,5547855.0,1453354721.0,262.0,264.5,260.0,260.5,1.5,3901.0
2019-09-02,3105,4962321.0,1287178102.0,261.0,262.5,256.5,262.0,1.5,3506.0
2019-09-03,3105,9266075.0,2462907225.0,263.5,270.5,262.0,262.0,0.0,6635.0
2019-09-04,3105,7103905.0,1896869255.0,265.5,269.5,263.0,269.5,7.5,5148.0
2019-09-05,3105,16285293.0,4460465317.0,276.0,280.0,268.0,269.0,-0.5,11569.0
2019-09-06,3105,6482270.0,1742103320.0,272.0,273.5,265.5,266.0,-3.0,5070.0
2019-09-09,3105,5363788.0,1428918608.0,268.0,270.5,262.5,264.5,-1.5,3998.0
2019-09-10,3105,6801846.0,1759148614.0,264.5,265.5,256.0,257.5,-7.0,5058.0
2019-09-11,3105,5096449.0,1337546536.0,259.5,265.5,258.0,265.0,7.5,4010.0
2019-09-12,3105,8586026.0,2293722864.0,268.0,270.5,262.5,265.5,0.5,6334.0
2019-09-16,3105,3996832.0,1049623648.0,263.0,264.5,260.5,264.0,-1.5,3031.0
2019-09-17,3105,15728162.0,4269501726.0,271.5,274.5,268.0,274.0,10.0,10369.0
2019-09-18,3105,30140229.0,8672417910.0,280.0,296.0,277.5,290.5,16.5,21005.0
2019-09-19,3105,8866305.0,2572198974.0,291.5,293.5,287.0,289.5,-1.0,6806.0
2019-09-20,3105,8753074.0,2545507981.0,291.5,294.5,285.5,291.5,2.0,6506.0
2019-09-23,3105,3463865.0,1010032137.0,291.5,293.0,289.0,292.5,1.0,2709.0
2019-09-24,3105,14867049.0,4333068465.0,296.0,301.0,284.0,285.0,-7.5,10514.0
2019-09-25,3105,5632065.0,1609170246.0,284.0,289.0,282.5,289.0,4.0,4080.0
2019-09-26,3105,8360762.0,2409357670.0,294.0,295.0,284.0,284.0,-5.0,6441.0
2019-09-27,3105,7408611.0,2065655764.0,285.0,287.0,274.5,278.5,-5.5,5691.0
2019-10-01,3105,4491100.0,1258721000.0,281.0,283.0,278.5,279.0,0.5,3275.0
2019-10-02,3105,3885033.0,1092179839.0,277.5,284.0,276.0,282.0,3.0,3120.0
2019-10-03,3105,7187957.0,2043473159.0,277.5,288.0,277.0,287.0,5.0,5421.0
2019-10-04,3105,4651359.0,1332172956.0,289.5,290.0,284.0,284.0,-3.0,3498.0
2019-10-07,3105,4952436.0,1425804440.0,285.5,290.5,283.5,290.5,6.5,3742.0
2019-10-08,3105,7740908.0,2244846280.0,293.0,295.0,285.0,285.0,-5.5,5693.0
2019-10-09,3105,8408391.0,2423822227.0,285.0,293.5,282.5,284.5,-0.5,6516.0
2019-10-14,3105,11808444.0,3485781536.0,292.0,299.0,290.0,294.0,9.5,8778.0
2019-10-15,3105,11226576.0,3354962072.0,295.0,304.0,293.0,299.0,5.0,8178.0
2019-10-16,3105,22878263.0,7051999215.0,304.0,316.0,302.5,306.0,7.0,16535.0
2019-10-17,3105,11372545.0,3510226702.0,306.0,314.5,303.0,314.5,8.5,7867.0
2019-10-18,3105,6179400.0,1914195300.0,313.0,313.5,307.0,307.0,-7.5,4679.0
2019-10-21,3105,5137309.0,1567004791.0,308.0,310.0,302.5,302.5,-4.5,3722.0
2019-10-22,3105,5644162.0,1731532081.0,305.0,309.5,304.5,305.5,3.0,4177.0
2019-10-23,3105,8201671.0,2549238352.0,305.5,314.5,305.5,313.0,7.5,5719.0
2019-10-24,3105,8150623.0,2573792521.0,316.0,320.0,310.0,320.0,7.0,6143.0
2019-10-25,3105,7662963.0,2432269345.0,319.5,321.0,313.5,315.0,-5.0,5453.0
2019-10-28,3105,24339131.0,8205325302.0,330.0,343.5,326.5,343.5,28.5,15255.0
2019-10-29,3105,11499954.0,3837030320.0,343.0,343.5,321.0,330.0,-13.5,8449.0
2019-10-30,3105,8726370.0,2863182710.0,326.0,333.0,320.0,333.0,3.0,6179.0
2019-10-31,3105,8878728.0,2869738960.0,332.0,332.0,317.5,318.0,-15.0,6426.0
2019-11-01,3105,8716210.0,2791644129.0,320.5,324.5,314.0,324.5,6.5,6491.0
2019-11-04,3105,4266867.0,1388622408.0,330.0,330.0,323.0,323.5,-1.0,3221.0
2019-11-05,3105,12362466.0,4124381358.0,326.5,339.0,324.5,335.5,12.0,9274.0
2019-11-06,3105,8940761.0,2921304064.0,335.5,335.5,323.0,323.0,-12.5,6624.0
2019-11-07,3105,10370571.0,3233799010.0,323.0,323.0,305.0,307.0,-16.0,7381.0
2019-11-08,3105,7598553.0,2352461300.0,308.0,314.5,303.5,312.5,5.5,5636.0
2019-11-11,3105,4441891.0,1355837179.0,309.5,309.5,303.0,305.0,-7.5,3469.0
2019-11-12,3105,3705424.0,1141234440.0,306.0,310.5,305.0,310.0,5.0,2908.0
2019-11-13,3105,4036764.0,1266162160.0,310.0,316.5,307.0,316.0,6.0,3162.0
2019-11-14,3105,3913560.0,1235174080.0,319.0,319.0,312.5,318.0,2.0,2999.0
2019-11-15,3105,6837146.0,2210535720.0,320.0,328.0,318.0,321.0,3.0,5232.0
2019-11-18,3105,3220229.0,1043267967.0,323.0,326.5,321.5,324.0,3.0,2397.0
2019-11-19,3105,4980296.0,1593091404.0,323.5,325.0,315.5,325.0,1.0,3574.0
2019-11-20,3105,7705549.0,2417226788.0,324.0,324.0,308.5,308.5,-16.5,5894.0
2019-11-21,3105,7192366.0,2219042603.0,305.5,314.5,302.0,314.5,6.0,5202.0
2019-11-22,3105,5353378.0,1647716546.0,313.5,314.5,303.5,305.5,-9.0,4202.0
2019-11-25,3105,3449091.0,1060554380.0,307.0,311.0,304.0,306.5,1.0,2712.0
2019-11-26,3105,6127977.0,1913988824.0,309.0,315.5,307.5,311.5,5.0,4206.0
2019-11-27,3105,3554617.0,1117606092.0,313.0,316.0,312.5,315.0,3.5,2720.0
2019-11-28,3105,7816927.0,2405915047.0,316.0,316.5,304.5,306.0,-9.0,6004.0
2019-11-29,3105,10938706.0,3294696124.0,308.0,309.0,298.0,302.5,-3.5,7936.0
2019-12-02,3105,15280235.0,4465073000.0,303.5,305.0,281.5,298.0,-4.5,10992.0
2019-12-03,3105,10840355.0,3181297015.0,295.5,300.0,290.0,291.0,-7.0,8117.0
2019-12-04,3105,16952013.0,4814798872.0,289.5,291.5,280.0,282.0,-9.0,11273.0
2019-12-05,3105,12288537.0,3564261101.0,286.5,295.5,285.0,292.0,10.0,8938.0
2019-12-06,3105,6264118.0,1829571524.0,293.5,296.0,288.5,290.0,-2.0,4635.0
2019-12-09,3105,3635050.0,1069445771.0,295.0,296.0,292.0,294.5,4.5,2674.0
2019-12-10,3105,10692368.0,3050698163.0,292.0,292.0,282.0,285.0,-9.5,8129.0
2019-12-11,3105,6982881.0,2002194728.0,285.0,289.5,282.5,286.0,1.0,4879.0
2019-12-12,3105,15194132.0,4490633836.0,289.5,299.0,288.5,298.0,12.0,10722.0
2019-12-13,3105,11652499.0,3482663443.0,301.5,306.0,292.0,296.0,-2.0,8615.0
2019-12-16,3105,4636780.0,1374948660.0,296.0,298.5,294.5,295.5,-0.5,3567.0
2019-12-17,3105,9429255.0,2849064510.0,299.0,304.0,298.0,300.5,5.0,6803.0
2019-12-18,3105,5200872.0,1558237344.0,300.5,301.5,296.5,301.0,0.5,3982.0
2019-12-19,3105,8488148.0,2500709080.0,302.0,303.0,291.5,291.5,-9.5,6136.0
2019-12-20,3105,13015434.0,3722415124.0,293.0,294.0,282.0,283.0,-8.5,9522.0
2019-12-23,3105,3368998.0,964766422.0,286.0,288.0,284.5,288.0,5.0,2671.0
2019-12-24,3105,6617056.0,1936131132.0,290.0,295.5,289.0,293.5,5.5,5155.0
2019-12-25,3105,3558885.0,1048029901.0,294.0,296.5,291.0,295.0,1.5,2690.0
2019-12-26,3105,7148711.0,2133590011.0,297.0,301.5,293.5,300.0,5.0,5386.0
2019-12-27,3105,9011300.0,2735343638.0,303.0,308.0,298.5,298.5,-1.5,6609.0
2019-12-30,3105,4828532.0,1444473100.0,300.5,302.0,296.5,297.5,-1.0,3630.0
2019-12-31,3105,4506581.0,1333484476.0,297.5,299.5,293.0,294.0,-3.5,3139.0
2020-01-02,3105,7355338.0,2225198752.0,297.0,305.0,296.0,305.0,11.0,5598.0
2020-01-03,3105,11995603.0,3583442091.0,308.0,310.0,293.5,295.0,-10.0,8042.0
2020-01-06,3105,9662706.0,2780617458.0,290.0,291.0,285.0,285.0,-10.0,6494.0
2020-01-07,3105,8864718.0,2542486574.0,290.0,291.0,282.5,288.0,3.0,6370.0
2020-01-08,3105,15265153.0,4245966687.0,282.0,285.0,274.5,275.0,-13.0,11281.0
2020-01-09,3105,8036510.0,2261375609.0,279.5,284.5,278.5,284.5,9.5,5911.0
2020-01-10,3105,8020544.0,2267992172.0,284.5,286.5,277.0,286.5,2.0,5517.0
2020-01-13,3105,4986366.0,1420395350.0,287.0,287.5,282.0,285.0,-1.5,3645.0
2020-01-14,3105,6063889.0,1750917752.0,287.0,292.5,285.0,288.0,3.0,4322.0
2020-01-15,3105,5696212.0,1655420080.0,291.0,294.0,288.0,288.0,0.0,4125.0
2020-01-16,3105,8631572.0,2436986872.0,283.0,286.0,278.0,284.5,-3.5,6171.0
2020-01-17,3105,3000176.0,856154096.0,286.5,287.0,282.0,285.5,1.0,2243.0
2020-01-20,3105,3599296.0,1029563886.0,287.5,287.5,284.0,286.0,0.5,2327.0
2020-01-30,3105,9662615.0,2651524922.0,274.0,282.5,268.0,275.5,-10.5,7129.0
2020-01-31,3105,7176814.0,2007476548.0,278.0,283.5,273.0,282.0,6.5,5433.0
2020-02-03,3105,9334772.0,2526481484.0,274.0,276.5,262.0,270.5,-11.5,6365.0
2020-02-04,3105,5824968.0,1605331113.0,275.0,278.5,273.5,275.0,4.5,4124.0
2020-02-05,3105,15680582.0,4525594862.0,280.0,294.0,279.0,292.5,17.5,11205.0
2020-02-06,3105,8899253.0,2615963135.0,295.0,297.0,290.0,295.0,2.5,6464.0
2020-02-07,3105,6522181.0,1922515033.0,295.0,299.0,290.5,293.5,-1.5,4903.0
2020-02-10,3105,5124359.0,1488649785.0,286.0,296.0,285.0,290.5,-3.0,4084.0
2020-02-11,3105,10747433.0,3213372900.0,294.5,303.0,293.0,302.0,11.5,7640.0
2020-02-12,3105,18448155.0,5743867325.0,304.0,320.0,302.5,316.0,14.0,12857.0
2020-02-13,3105,21020964.0,6728983660.0,322.0,327.0,313.0,315.5,-0.5,14356.0
2020-02-14,3105,15021023.0,4639360584.0,309.0,312.5,307.0,307.0,-8.5,10577.0
2020-02-17,3105,17185722.0,5058807383.0,295.0,301.5,290.0,291.0,-16.0,12792.0
2020-02-18,3105,14066181.0,4008611610.0,291.0,293.0,280.0,280.0,-11.0,11052.0
2020-02-19,3105,9987779.0,2825132556.0,282.0,286.0,279.0,280.5,0.5,7610.0
2020-02-20,3105,11065298.0,3176650756.0,285.0,290.0,283.5,289.5,9.0,8270.0
2020-02-21,3105,7936235.0,2264023325.0,289.5,291.0,283.0,283.0,-6.5,6111.0
2020-02-24,3105,7343128.0,2068146236.0,278.0,285.5,276.5,285.5,2.5,5352.0
2020-02-25,3105,6940884.0,1983275092.0,282.5,288.0,281.0,286.5,1.0,5394.0
2020-02-26,3105,5086419.0,1442235496.0,282.0,285.5,281.0,284.0,-2.5,3612.0
2020-02-27,3105,6089763.0,1693267588.0,284.5,286.0,273.5,273.5,-10.5,4730.0
2020-03-02,3105,6383877.0,1731841798.0,265.0,279.0,263.5,272.5,-1.0,5054.0
2020-03-03,3105,4631167.0,1292617673.0,283.0,283.0,276.5,277.5,5.0,3516.0
2020-03-04,3105,5439372.0,1519314589.0,277.0,282.5,275.5,279.5,2.0,3938.0
2020-03-05,3105,8530433.0,2450001070.0,285.0,290.0,284.5,290.0,10.5,6417.0
2020-03-06,3105,5487659.0,1577675113.0,287.5,289.5,285.5,288.5,-1.5,3848.0
2020-03-09,3105,9292000.0,2589855000.0,281.5,283.5,274.5,274.5,-14.0,6497.0
2020-03-10,3105,7376000.0,1995252500.0,269.5,275.5,266.0,273.5,-1.0,5447.0
2020-03-11,3105,5611330.0,1519411270.0,277.5,277.5,264.0,264.0,-9.5,4363.0
2020-03-12,3105,13902977.0,3381250980.0,259.0,259.0,238.0,238.0,-26.0,9575.0
2020-03-13,3105,15148756.0,3466529603.0,214.5,252.0,214.5,249.5,11.5,10006.0
2020-03-16,3105,13962653.0,3447358578.0,248.0,255.0,235.5,236.0,-13.5,10241.0
2020-03-17,3105,13700852.0,3167186792.0,229.0,242.5,219.0,219.0,-17.0,9988.0
2020-03-18,3105,11992075.0,2657531625.0,228.0,228.0,217.0,217.0,-2.0,9195.0
2020-03-19,3105,15922953.0,3222781788.0,216.0,216.5,195.5,195.5,-21.5,11422.0
2020-03-20,3105,12567799.0,2677548785.0,208.0,215.0,204.0,215.0,19.5,6329.0
2020-03-23,3105,9887246.0,2130172366.0,211.5,223.0,203.0,222.5,7.5,7784.0
2020-03-24,3105,8306479.0,1984001638.0,232.0,244.0,231.0,242.5,20.0,6714.0
2020-03-25,3105,13684298.0,3504989420.0,255.0,260.5,253.0,256.5,14.0,9638.0
2020-03-26,3105,8332177.0,2107645489.0,256.5,257.5,247.0,256.0,-0.5,6648.0
2020-03-27,3105,10586092.0,2741215398.0,265.0,266.0,253.5,254.5,-1.5,8736.0
2020-03-30,3105,8023216.0,2047654474.0,250.0,261.5,245.5,260.5,6.0,5816.0
2020-03-31,3105,8072292.0,2123329504.0,263.5,267.0,259.5,263.5,3.0,5543.0
2020-04-01,3105,8825469.0,2318967878.0,266.5,268.5,256.5,262.0,-1.5,6547.0
2020-04-06,3105,9905305.0,2681339790.0,269.5,278.0,264.5,278.0,16.0,7276.0
2020-04-07,3105,7959623.0,2251675817.0,286.5,289.0,278.0,278.0,0.0,5878.0
2020-04-08,3105,5026467.0,1393199648.0,278.0,282.5,274.5,275.0,-3.0,3741.0
2020-04-09,3105,5041194.0,1374153968.0,276.5,279.5,267.5,269.0,-6.0,3982.0
2020-04-10,3105,4701799.0,1267743730.0,269.0,273.5,267.0,268.5,-0.5,3666.0
2020-04-13,3105,3585765.0,949381725.0,265.5,268.5,262.0,263.0,-5.5,2944.0
2020-04-14,3105,5574505.0,1507935365.0,266.0,274.0,266.0,273.0,10.0,4266.0
2020-04-15,3105,6434062.0,1761815364.0,274.0,278.0,270.5,272.0,-1.0,4764.0
2020-04-16,3105,5566497.0,1498655184.0,268.0,274.5,266.0,270.0,-2.0,4282.0
2020-04-17,3105,12389005.0,3433788370.0,276.0,284.5,269.0,274.0,4.0,9306.0
2020-04-20,3105,5626872.0,1529834359.0,272.0,276.0,268.5,274.0,0.0,4105.0
2020-04-21,3105,6448608.0,1731590836.0,272.0,276.5,264.0,265.5,-8.5,4992.0
2020-04-22,3105,11924632.0,3080633258.0,262.0,264.0,254.0,259.0,-6.5,9357.0
2020-04-23,3105,6851768.0,1778062324.0,261.5,264.0,255.5,260.0,1.0,5208.0
2020-04-24,3105,9043000.0,2293368500.0,257.0,260.0,251.0,251.0,-9.0,6912.0
2020-04-27,3105,10139625.0,2543381432.0,251.0,254.5,247.0,251.5,0.5,7893.0
2020-04-28,3105,11989992.0,2941399000.0,250.0,250.5,242.0,247.0,-4.5,9169.0
2020-04-29,3105,15338412.0,3962751856.0,251.0,264.5,250.0,261.5,14.5,12234.0
2020-04-30,3105,14393957.0,3866268261.0,270.0,272.0,265.0,269.0,7.5,10434.0
2020-05-04,3105,6291253.0,1655471051.0,262.0,265.0,261.0,264.0,-5.0,4999.0
2020-05-05,3105,7384974.0,1957659636.0,265.5,271.0,261.0,262.5,-1.5,5477.0
2020-05-06,3105,6687829.0,1762936356.0,263.0,268.0,261.5,262.5,0.0,5091.0
2020-05-07,3105,10180363.0,2737333402.0,264.5,272.5,264.0,272.5,10.0,7740.0
2020-05-08,3105,15482290.0,4329631700.0,275.5,285.0,273.5,281.5,9.0,11645.0
2020-05-11,3105,16227920.0,4639174879.0,287.5,294.5,280.0,282.5,1.0,12301.0
2020-05-12,3105,9320451.0,2580642927.0,283.0,284.0,272.0,274.5,-8.0,7113.0
2020-05-13,3105,9246859.0,2507381787.0,271.0,276.0,269.0,272.5,-2.0,6690.0
2020-05-14,3105,5747526.0,1545566494.0,270.0,271.5,267.0,267.0,-5.5,4384.0
2020-05-15,3105,6412534.0,1728967180.0,270.5,273.0,267.5,268.5,1.5,4728.0
2020-05-18,3105,18948862.0,4775338375.0,257.5,260.0,248.0,248.0,-20.5,14122.0
2020-05-19,3105,10367500.0,2590734500.0,253.0,253.5,246.0,252.0,4.0,8477.0
2020-05-20,3105,10578671.0,2602149232.0,250.0,250.5,243.5,246.0,-6.0,8335.0
2020-05-21,3105,8858228.0,2216494294.0,249.5,252.5,248.5,251.0,5.0,6188.0
2020-05-22,3105,13375712.0,3216732228.0,249.0,250.0,234.0,239.5,-11.5,9760.0
2020-05-25,3105,8445481.0,2068559193.0,239.5,251.0,236.0,250.0,10.5,6575.0
2020-05-26,3105,7174039.0,1775673133.0,250.0,252.5,243.5,244.0,-6.0,5468.0
2020-05-27,3105,7708552.0,1913804000.0,248.0,251.0,246.0,247.0,3.0,5477.0
2020-05-28,3105,5844521.0,1444448729.0,249.0,250.0,245.0,247.0,0.0,3493.0
2020-05-29,3105,12819919.0,3251205683.0,246.0,257.0,245.5,257.0,10.0,8846.0
2020-06-01,3105,9354960.0,2455042940.0,259.5,265.0,258.0,264.0,7.0,7297.0
2020-06-02,3105,12919917.0,3501763871.0,265.5,274.5,265.0,272.5,8.5,10055.0
2020-06-03,3105,9520293.0,2639419508.0,279.5,281.0,273.5,277.0,4.5,7188.0
2020-06-04,3105,6820026.0,1889336200.0,279.5,280.0,274.0,278.0,1.0,4977.0
2020-06-05,3105,5822479.0,1619770162.0,277.0,280.5,275.5,278.0,0.0,4217.0
2020-06-08,3105,14623045.0,4165637190.0,285.0,290.0,278.5,282.0,4.0,10194.0
2020-06-09,3105,4601594.0,1301698008.0,284.0,286.0,280.0,282.0,0.0,3616.0
2020-06-10,3105,17148317.0,4984200331.0,284.0,295.0,283.0,294.5,12.5,12020.0
2020-06-11,3105,11691137.0,3402340502.0,293.5,296.5,286.5,288.5,-6.0,8777.0
2020-06-12,3105,10032860.0,2889271400.0,282.0,291.5,280.0,289.0,0.5,7186.0
2020-06-15,3105,11639547.0,3384744801.0,294.0,297.0,283.0,283.0,-6.0,8491.0
2020-06-16,3105,12015222.0,3529278303.0,289.0,297.0,288.5,296.5,13.5,8744.0
2020-06-17,3105,7190862.0,2110044428.0,296.5,298.0,290.5,293.5,-3.0,5698.0
2020-06-18,3105,9405336.0,2761428404.0,295.5,298.0,290.5,291.5,-2.0,5681.0
2020-06-19,3105,12789014.0,3807254158.0,293.5,301.5,292.0,297.0,5.5,7741.0
2020-06-22,3105,10209871.0,3109842655.0,298.0,309.5,297.0,305.0,8.0,7473.0
2020-06-23,3105,7416952.0,2233690100.0,306.5,308.0,297.0,299.0,-6.0,5673.0
2020-06-24,3105,5043914.0,1505066872.0,302.0,304.0,295.0,295.0,-4.0,3751.0
2020-06-29,3105,6319255.0,1854233460.0,294.0,298.0,289.5,291.0,-4.0,4056.0
2020-06-30,3105,6112064.0,1822437636.0,296.5,301.5,296.0,299.0,8.0,4256.0
2020-07-01,3105,6152813.0,1808384835.0,295.5,296.5,291.0,292.5,0.0,4326.0
2020-07-02,3105,3459401.0,1012698394.0,295.0,295.0,291.5,292.0,-0.5,2430.0
2020-07-03,3105,5474027.0,1608395438.0,294.5,296.5,290.5,293.0,1.0,3627.0
2020-07-06,3105,9922571.0,3000391921.0,295.0,307.0,294.0,306.0,13.0,7134.0
2020-07-07,3105,14691030.0,4552056680.0,312.0,315.5,302.5,306.0,0.0,10002.0
2020-07-08,3105,15491977.0,4926628978.0,306.0,327.0,306.0,326.0,20.0,11007.0
2020-07-09,3105,12479000.0,4113275250.0,331.0,334.5,326.0,326.0,0.0,8706.0
2020-07-10,3105,9868670.0,3118121040.0,326.0,327.0,311.0,311.5,-14.5,7285.0
2020-07-13,3105,5120647.0,1627009393.0,319.0,321.0,314.0,319.0,7.5,4073.0
2020-07-14,3105,6323081.0,2020060520.0,320.0,322.0,313.0,321.5,2.5,4198.0
2020-07-15,3105,7993585.0,2539983203.0,325.5,327.5,310.5,311.5,-10.0,6235.0
2020-07-16,3105,6199676.0,1965958116.0,319.0,321.0,313.0,315.0,3.5,4657.0
2020-07-17,3105,16773080.0,5509512400.0,320.5,334.0,320.0,331.0,16.0,12438.0
2020-07-20,3105,13185062.0,4263873340.0,334.5,337.5,316.5,317.5,-13.5,9962.0
2020-07-21,3105,9067457.0,2961473997.0,320.5,332.0,320.0,330.5,13.0,6762.0
2020-07-22,3105,4260693.0,1391103111.0,329.5,329.5,324.0,327.0,-3.5,3453.0
2020-07-23,3105,4931188.0,1589465788.0,328.0,328.0,319.5,326.0,-1.0,3826.0
2020-07-24,3105,7475137.0,2429586977.0,326.0,331.0,320.0,321.0,-5.0,5686.0
2020-07-27,3105,9184604.0,3056213756.0,326.0,339.0,326.0,339.0,18.0,7152.0
2020-07-28,3105,14872998.0,5090695632.0,345.0,359.0,326.0,334.0,-5.0,10890.0
2020-07-29,3105,16403996.0,5281223720.0,326.5,333.0,313.0,318.5,-15.5,11809.0
2020-07-30,3105,7277305.0,2341592515.0,324.5,326.0,319.0,322.0,3.5,5421.0
2020-07-31,3105,8051240.0,2551602310.0,323.0,323.0,313.5,317.0,-5.0,5356.0
2020-08-03,3105,15091951.0,4593817615.0,317.5,319.0,299.0,299.0,-18.0,11375.0
2020-08-04,3105,7754506.0,2356780842.0,301.0,308.0,301.0,302.0,3.0,5623.0
2020-08-05,3105,3894103.0,1183934724.0,305.0,307.0,302.0,304.5,2.5,3299.0
2020-08-06,3105,5452070.0,1658828710.0,308.0,309.0,301.0,302.5,-2.0,4504.0
2020-08-07,3105,5230716.0,1587929782.0,304.0,306.5,301.0,303.5,1.0,3807.0
2020-08-10,3105,4670738.0,1388557017.0,303.5,303.5,293.5,298.0,-5.5,3779.0
2020-08-11,3105,4092052.0,1214184392.0,297.0,302.5,294.0,294.0,-4.0,3372.0
2020-08-12,3105,6907484.0,2052359152.0,294.0,303.5,286.5,303.0,9.0,5165.0
2020-08-13,3105,5109899.0,1535808998.0,305.5,305.5,297.5,299.5,-3.5,3847.0
2020-08-14,3105,2720923.0,819523169.0,297.5,304.0,297.0,303.0,3.5,2137.0
2020-08-17,3105,2322516.0,700737562.0,303.5,305.0,298.5,300.5,-2.5,1902.0
2020-08-18,3105,13145542.0,3768956554.0,295.0,297.5,279.0,284.5,-16.0,9132.0
2020-08-19,3105,6643526.0,1896955634.0,288.5,292.0,281.0,281.5,-3.0,4929.0
2020-08-20,3105,16914071.0,4444762815.0,276.5,277.5,255.0,260.0,-21.5,11914.0
2020-08-21,3105,6558128.0,1738870432.0,266.0,270.0,260.5,266.0,6.0,5260.0
2020-08-24,3105,6222272.0,1685173888.0,267.0,276.0,266.0,275.0,9.0,4633.0
2020-08-25,3105,6704934.0,1845603284.0,277.5,280.0,272.0,280.0,5.0,4607.0
2020-08-26,3105,11726515.0,3368405922.0,284.5,292.0,280.5,290.5,10.5,8798.0
2020-08-27,3105,9904911.0,2911287156.0,291.0,297.0,291.0,296.0,5.5,7299.0
2020-08-28,3105,5624168.0,1637850224.0,292.5,295.0,289.0,291.0,-5.0,3790.0
2020-08-31,3105,4491004.0,1308299656.0,294.0,297.0,285.5,286.0,-5.0,3129.0
2020-09-01,3105,3802611.0,1097586491.0,288.5,293.0,285.0,288.5,2.5,2943.0
2020-09-02,3105,2766490.0,802307821.0,291.5,293.5,287.0,291.0,2.5,2179.0
2020-09-03,3105,5084258.0,1476729690.0,294.5,295.5,286.0,287.5,-3.5,3657.0
2020-09-04,3105,5981772.0,1723292303.0,280.0,293.5,278.0,292.0,4.5,4321.0
2020-09-07,3105,4277193.0,1232797391.0,293.5,294.5,284.0,285.5,-6.5,3380.0
2020-09-08,3105,1797281.0,515318647.0,287.0,289.5,285.5,287.0,1.5,1373.0
2020-09-09,3105,2613760.0,747097380.0,283.5,289.0,281.0,287.5,0.5,2063.0
2020-09-10,3105,6620357.0,1934595344.0,290.5,295.5,289.0,289.5,2.0,4487.0
2020-09-11,3105,5283190.0,1547470050.0,290.0,295.0,288.0,295.0,5.5,4073.0
2020-09-14,3105,5094663.0,1520456411.0,296.5,301.0,296.0,297.0,2.0,4217.0
2020-09-15,3105,4260010.0,1280248490.0,299.5,302.5,298.0,298.5,1.5,3386.0
2020-09-16,3105,4607743.0,1396646886.0,303.5,305.0,301.0,303.0,4.5,3343.0
2020-09-17,3105,4108825.0,1240620500.0,304.5,305.5,298.5,299.5,-3.5,2929.0
2020-09-18,3105,2449421.0,738304642.0,299.5,303.0,298.0,302.5,3.0,1885.0
2020-09-21,3105,3256519.0,986749681.0,303.5,306.0,297.5,299.0,-3.5,2409.0
2020-09-22,3105,4092504.0,1209675172.0,299.5,301.0,292.0,292.5,-6.5,3013.0
2020-09-23,3105,2449956.0,721844432.0,295.5,298.0,292.0,297.5,5.0,1893.0
2020-09-24,3105,3840151.0,1109051488.0,293.0,293.5,286.5,287.0,-10.5,3267.0
2020-09-25,3105,3791092.0,1068717260.0,289.0,290.5,275.5,278.0,-9.0,3013.0
2020-09-28,3105,1850811.0,525035219.0,281.0,287.0,279.0,284.0,6.0,1488.0
2020-09-29,3105,2499035.0,718582045.0,286.5,290.5,283.0,288.5,4.5,1749.0
2020-09-30,3105,1679673.0,482821158.0,288.5,291.0,286.0,286.5,-2.0,1215.0
2020-10-05,3105,1461343.0,421986289.0,289.5,291.0,287.0,288.5,2.0,1163.0
2020-10-06,3105,2458077.0,717608789.0,293.0,294.5,288.5,288.5,0.0,1984.0
2020-10-07,3105,2671819.0,767213273.0,288.5,290.5,285.0,285.0,-3.5,2040.0
2020-10-08,3105,2520841.0,729037461.0,290.0,291.5,286.0,289.5,4.5,2018.0
2020-10-12,3105,16091515.0,4913517352.0,292.5,312.5,292.5,310.0,20.5,11320.0
2020-10-13,3105,13297059.0,4177141703.0,311.0,318.0,307.5,317.5,7.5,10111.0
2020-10-14,3105,9940824.0,3164270811.0,318.5,323.0,314.0,314.5,-3.0,6875.0
2020-10-15,3105,4714657.0,1478164730.0,315.0,318.0,309.0,313.5,-1.0,3485.0
2020-10-16,3105,4198034.0,1308402972.0,315.5,317.0,306.0,309.0,-4.5,3195.0
2020-10-19,3105,2805405.0,868206837.0,313.0,313.5,307.0,310.0,1.0,2188.0
2020-10-20,3105,8159514.0,2579449910.0,312.5,320.0,311.0,315.5,5.5,6035.0
2020-10-21,3105,4680111.0,1484110854.0,317.0,319.0,314.5,314.5,-1.0,3242.0
2020-10-22,3105,4003741.0,1244263951.0,314.0,316.0,308.5,310.0,-4.5,3108.0
2020-10-23,3105,3667927.0,1143397256.0,312.0,315.0,308.0,312.0,2.0,2657.0
2020-10-26,3105,2293962.0,718670764.0,314.5,317.0,310.0,310.5,-1.5,1948.0
2020-10-27,3105,3334371.0,1043285059.0,309.5,315.0,308.0,314.5,4.0,2288.0
2020-10-28,3105,7440009.0,2364482068.0,316.5,322.5,311.5,319.5,5.0,5112.0
2020-10-29,3105,8750005.0,2708980250.0,308.0,313.5,305.5,309.5,-10.0,6443.0
2020-10-30,3105,3945812.0,1223071887.0,309.5,313.0,307.0,311.0,1.5,2796.0
2020-11-02,3105,4377204.0,1332890016.0,312.5,313.0,300.5,302.5,-8.5,3473.0
2020-11-03,3105,2457887.0,750106407.0,305.5,308.0,303.0,306.0,3.5,2015.0
2020-11-04,3105,3025439.0,927537637.0,310.0,310.0,303.0,310.0,4.0,2370.0
2020-11-05,3105,4656737.0,1459633331.0,310.0,316.0,309.0,316.0,6.0,3376.0
2020-11-06,3105,3374072.0,1070416621.0,319.0,320.0,313.5,314.0,-2.0,2845.0
2020-11-09,3105,5402968.0,1736403325.0,319.0,324.0,318.0,321.0,7.0,4088.0
2020-11-10,3105,2821823.0,895085048.0,323.0,323.0,313.5,315.0,-6.0,2299.0
2020-11-11,3105,4306409.0,1372009536.0,318.5,321.0,315.0,318.5,3.5,3175.0
2020-11-12,3105,2384375.0,752961379.0,320.5,321.0,314.0,314.0,-4.5,1753.0
2020-11-13,3105,3561875.0,1126393082.0,315.0,318.5,313.0,318.5,4.5,1880.0
2020-11-16,3105,13274146.0,4394643758.0,322.5,335.0,321.5,332.0,13.5,10129.0
2020-11-17,3105,9853877.0,3299485930.0,334.0,341.0,325.0,327.0,-5.0,7784.0
2020-11-18,3105,6149119.0,2039663087.0,327.0,336.0,325.5,334.5,7.5,4541.0
2020-11-19,3105,5719814.0,1922809618.0,334.5,341.0,331.5,336.0,1.5,4563.0
2020-11-20,3105,3228306.0,1086547879.0,337.5,338.0,333.0,338.0,2.0,2645.0
2020-11-23,3105,8883716.0,3035128221.0,345.5,353.0,333.0,334.5,-3.5,6636.0
2020-11-24,3105,5728033.0,1917927925.0,335.5,339.0,329.0,337.0,2.5,3974.0
2020-11-25,3105,4425086.0,1468761117.0,338.0,339.5,329.0,329.0,-8.0,3494.0
2020-11-26,3105,2747342.0,915131324.0,333.0,335.5,331.0,331.5,2.5,2065.0
2020-11-27,3105,1982521.0,657806350.0,331.5,333.5,329.5,333.0,1.5,1658.0
2020-11-30,3105,4472718.0,1501693414.0,336.0,338.5,332.0,335.0,2.0,2473.0
2020-12-01,3105,2045097.0,684020506.0,336.0,337.0,331.0,336.5,1.5,1687.0
2020-12-02,3105,11213298.0,3896750731.0,338.0,351.5,336.5,347.0,10.5,8373.0
2020-12-03,3105,5556329.0,1931972412.0,349.5,351.5,343.0,350.0,3.0,4107.0
2020-12-04,3105,3650186.0,1275488417.0,352.5,352.5,347.0,347.5,-2.5,2730.0
2020-12-07,3105,5060932.0,1722711841.0,350.0,350.0,336.0,340.0,-7.5,4219.0
2020-12-08,3105,3445957.0,1180875551.0,337.5,346.5,337.0,345.0,5.0,2656.0
2020-12-09,3105,6717741.0,2376256200.0,348.0,359.5,346.0,358.0,13.0,5260.0
2020-12-10,3105,3948456.0,1382025141.0,353.0,353.0,346.5,350.0,-8.0,3246.0
2020-12-11,3105,7597755.0,2586426269.0,350.0,350.5,333.5,339.0,-11.0,5424.0
2020-12-14,3105,8484089.0,2931213253.0,346.5,354.0,337.5,337.5,-1.5,6510.0
2020-12-15,3105,3808700.0,1282268326.0,336.0,341.0,332.0,340.5,3.0,3250.0
2020-12-16,3105,4034518.0,1393160583.0,346.5,349.0,342.0,346.0,5.5,3032.0
2020-12-17,3105,1696358.0,582579115.0,345.5,347.5,341.0,341.5,-4.5,1416.0
2020-12-18,3105,2559649.0,877179593.0,343.0,345.0,340.5,343.0,1.5,1219.0
2020-12-21,3105,2682964.0,924291683.0,345.0,348.0,337.5,348.0,5.0,2279.0
2020-12-22,3105,2369410.0,821979153.0,347.5,351.0,342.0,342.5,-5.5,2024.0
2020-12-23,3105,1910704.0,661311667.0,343.5,349.5,341.0,348.5,6.0,1691.0
2020-12-24,3105,2045143.0,712568594.0,350.0,352.0,347.0,347.0,-1.5,1302.0
2020-12-25,3105,1632729.0,563593187.0,351.0,351.0,342.5,344.0,-3.0,1655.0
2020-12-28,3105,2617558.0,906826243.0,346.5,351.0,343.0,344.5,0.5,2348.0
2020-12-29,3105,1814113.0,629806513.0,348.5,350.0,345.5,345.5,1.0,1510.0
2020-12-30,3105,2437723.0,837749661.0,348.0,349.0,342.0,344.0,-1.5,2282.0
2020-12-31,3105,4842878.0,1692166070.0,348.0,354.0,345.0,346.0,2.0,4094.0
2021-01-04,3105,14576728.0,5319942285.0,349.5,375.5,349.5,364.5,18.5,11361.0
2021-01-05,3105,5506547.0,2029058241.0,367.5,373.5,363.5,369.0,4.5,4791.0
2021-01-06,3105,10760502.0,4043043865.0,375.0,384.0,368.0,371.0,2.0,8580.0
2021-01-07,3105,13344646.0,4732834275.0,353.0,360.0,350.0,355.0,-16.0,11174.0
2021-01-08,3105,8474005.0,3020529332.0,355.0,365.0,348.5,363.0,8.0,7525.0
2021-01-11,3105,18473248.0,7149435971.0,364.0,399.0,360.0,394.0,31.0,14048.0
2021-01-12,3105,7919306.0,3083716958.0,396.5,397.0,385.0,385.0,-9.0,7802.0
2021-01-13,3105,20097861.0,8304930170.0,394.0,423.5,394.0,423.5,38.5,13749.0
2021-01-14,3105,19735386.0,8587595389.0,424.5,459.0,415.0,424.0,0.5,17733.0
2021-01-15,3105,10076039.0,4281487185.0,434.0,439.0,417.0,419.5,-4.5,9191.0
2021-01-18,3105,6584951.0,2781703885.0,417.0,428.0,415.5,424.5,5.0,5699.0
2021-01-19,3105,6725153.0,2920261585.0,430.0,445.0,426.5,445.0,20.5,6085.0
2021-01-20,3105,15866357.0,7192667818.0,452.0,467.5,440.0,446.0,1.0,13863.0
2021-01-21,3105,9102893.0,4166321948.0,457.0,463.5,452.0,458.0,12.0,8588.0
2021-01-22,3105,7684416.0,3531386075.0,456.0,466.5,452.0,457.5,-0.5,7264.0
2021-01-25,3105,5413833.0,2478238910.0,460.0,465.0,451.0,451.0,-6.5,5480.0
2021-01-26,3105,9227027.0,4083453718.0,454.0,462.0,427.0,435.0,-16.0,9186.0
2021-01-27,3105,6144915.0,2669656904.0,436.0,444.0,425.0,435.0,0.0,5629.0
2021-01-28,3105,5320341.0,2243189765.0,424.0,425.0,418.0,418.0,-17.0,5531.0
2021-01-29,3105,4952373.0,2091004575.0,428.0,429.0,414.0,414.0,-4.0,4384.0
2021-02-01,3105,4701760.0,1963096479.0,418.0,423.0,412.0,420.5,6.5,4162.0
2021-02-02,3105,5997994.0,2606821416.0,426.0,442.5,426.0,434.5,14.0,5620.0
2021-02-03,3105,7043064.0,3042594014.0,439.0,440.5,422.5,425.5,-9.0,6158.0
2021-02-04,3105,26810646.0,10415752985.0,385.5,396.5,383.0,388.0,-37.5,25964.0
2021-02-05,3105,16876666.0,6338179076.0,388.0,389.0,370.0,370.5,-17.5,18662.0
2021-02-17,3105,13702283.0,5211743944.0,380.5,388.0,375.0,379.5,9.0,11379.0
2021-02-18,3105,6728648.0,2560583007.0,383.0,383.0,378.0,381.0,1.5,5231.0
2021-02-19,3105,11386135.0,4456417173.0,381.0,399.5,380.0,398.0,17.0,11120.0
2021-02-22,3105,10522186.0,4335344495.0,400.0,419.0,400.0,413.5,15.5,10365.0
2021-02-23,3105,7111709.0,2904057472.0,415.0,417.5,404.0,406.5,-7.0,7901.0
2021-02-24,3105,7060337.0,2848081619.0,401.0,411.5,399.5,400.5,-6.0,7038.0
2021-02-25,3105,6801655.0,2711525656.0,407.0,410.0,392.0,393.0,-7.5,7424.0
2021-02-26,3105,7173181.0,2737509218.0,383.0,386.0,378.5,380.5,-12.5,8562.0
2021-03-02,3105,7777942.0,2934649049.0,384.0,387.5,371.5,371.5,-9.0,9106.0
2021-03-03,3105,5559039.0,2075790940.0,371.5,380.5,365.5,380.5,9.0,5586.0
2021-03-04,3105,6392212.0,2363417696.0,375.0,376.0,364.0,369.0,-11.5,9752.0
2021-03-05,3105,4955290.0,1820399433.0,360.5,374.5,358.0,371.0,2.0,5001.0
2021-03-08,3105,6656593.0,2532141496.0,375.0,384.5,374.0,380.0,9.0,5697.0
2021-03-09,3105,6024596.0,2256375681.0,378.0,382.0,368.0,375.5,-4.5,5523.0
2021-03-10,3105,3130944.0,1193364620.0,381.0,384.5,378.0,381.0,5.5,3020.0
2021-03-11,3105,2914705.0,1124920124.0,385.0,388.0,384.0,386.5,5.5,3186.0
2021-03-12,3105,8639638.0,3424483779.0,393.0,401.0,393.0,393.5,7.0,7891.0
2021-03-15,3105,2838213.0,1112181433.0,395.0,395.5,388.0,392.0,-1.5,3063.0
2021-03-16,3105,2966711.0,1159195636.0,394.5,394.5,388.0,389.5,-2.5,3063.0
2021-03-17,3105,2562684.0,999788899.0,390.0,393.0,387.5,389.5,0.0,2650.0
2021-03-18,3105,2705612.0,1051138480.0,392.0,393.0,384.5,384.5,-5.0,3114.0
2021-03-19,3105,2604600.0,990091518.0,380.0,382.5,378.5,380.0,-4.5,3265.0
2021-03-22,3105,2735171.0,1050120747.0,378.5,388.0,378.0,384.0,4.0,2866.0
2021-03-23,3105,2908227.0,1118493991.0,387.0,387.0,381.0,385.0,1.0,2875.0
2021-03-24,3105,3250216.0,1252959274.0,384.5,390.5,382.5,384.0,-1.0,3060.0
2021-03-25,3105,1998429.0,770792461.0,383.0,388.0,381.5,386.0,2.0,2131.0
2021-03-26,3105,5500889.0,2167039096.0,389.0,398.0,387.0,397.0,11.0,5572.0
2021-03-29,3105,5602376.0,2213234613.0,400.5,402.0,390.0,390.5,-6.5,5858.0
2021-03-30,3105,3196838.0,1253544022.0,392.5,396.0,387.5,395.0,4.5,3154.0
2021-03-31,3105,2695742.0,1058098213.0,395.5,397.0,390.0,391.0,-4.0,2681.0
2021-04-01,3105,3120161.0,1224257437.0,395.0,398.0,389.0,389.5,-1.5,3002.0
2021-04-06,3105,3613961.0,1415656372.0,393.0,396.5,389.5,390.0,0.5,3433.0
2021-04-07,3105,5116751.0,1973621574.0,392.5,394.5,382.5,384.5,-5.5,5958.0
2021-04-08,3105,3006496.0,1157108020.0,384.5,388.0,381.0,385.5,1.0,3185.0
2021-04-09,3105,4805807.0,1828474716.0,386.5,387.5,378.5,379.0,-6.5,5321.0
2021-04-12,3105,4247194.0,1611613003.0,380.0,382.0,377.5,381.5,2.5,2388.0
2021-04-13,3105,3376803.0,1276134193.0,380.0,381.5,375.0,375.5,-6.0,4271.0
2021-04-14,3105,5266341.0,1941582105.0,375.5,377.0,363.0,369.5,-6.0,6810.0
2021-04-15,3105,1961926.0,731512410.0,369.5,377.0,369.0,376.5,7.0,2415.0
2021-04-16,3105,3342647.0,1276054780.0,376.5,384.5,376.5,383.0,6.5,3530.0
2021-04-19,3105,2756195.0,1046892226.0,383.0,383.0,377.5,379.5,-3.5,2670.0
2021-04-20,3105,2231027.0,848694122.0,379.0,382.5,377.0,381.0,1.5,2165.0
2021-04-21,3105,3564866.0,1333717872.0,379.0,380.0,371.0,371.5,-9.5,4206.0
2021-04-22,3105,3437174.0,1271553142.0,375.5,376.5,366.5,367.5,-4.0,4395.0
2021-04-23,3105,1760487.0,651538070.0,367.5,372.5,366.0,372.0,4.5,1933.0
2021-04-26,3105,3086012.0,1141778954.0,372.0,372.5,367.0,372.0,0.0,3418.0
2021-04-27,3105,1583328.0,586616361.0,373.0,373.0,368.5,370.5,-1.5,1808.0
2021-04-28,3105,3608342.0,1320782831.0,371.0,371.0,364.0,365.0,-5.5,4747.0
2021-04-29,3105,4646233.0,1713007843.0,364.0,374.0,363.0,366.5,1.5,4337.0
2021-05-03,3105,11038587.0,3800843196.0,330.0,356.0,330.0,350.0,-16.5,10182.0
2021-05-04,3105,12837212.0,4190936254.0,345.0,347.0,315.5,322.0,-28.0,11605.0
2021-05-05,3105,9971803.0,3265277046.0,321.0,339.0,320.0,326.0,4.0,6410.0
2021-05-06,3105,2528179.0,821728115.0,325.0,329.0,321.5,326.0,0.0,2749.0
2021-05-07,3105,2972037.0,994812958.0,331.0,339.0,327.0,337.5,11.5,3031.0
2021-05-10,3105,2447687.0,824346924.0,340.0,341.0,329.5,338.5,1.0,2660.0
2021-05-11,3105,4580226.0,1482287806.0,323.0,331.5,318.0,322.5,-16.0,4689.0
2021-05-12,3105,8598688.0,2752079260.0,320.0,335.0,300.0,328.5,6.0,8043.0
2021-05-13,3105,5056376.0,1649073928.0,318.5,338.0,316.0,322.5,-6.0,5650.0
2021-05-14,3105,7411510.0,2296714086.0,323.5,331.0,300.0,302.5,-20.0,7749.0
2021-05-17,3105,5155972.0,1521652062.0,277.0,304.5,276.5,300.0,-2.5,5142.0
2021-05-18,3105,4207662.0,1301998101.0,305.0,317.0,298.0,314.0,14.0,3770.0
2021-05-19,3105,3470284.0,1080023489.0,309.0,316.5,304.0,314.0,0.0,3090.0
2021-05-20,3105,5789863.0,1751916799.0,307.0,310.0,299.0,299.0,-15.0,5492.0
2021-05-21,3105,5892784.0,1801693859.0,301.0,311.0,300.5,307.5,8.5,3832.0
2021-05-24,3105,2455225.0,759023148.0,304.0,314.0,303.0,312.5,5.0,2226.0
2021-05-25,3105,3696518.0,1198996573.0,315.0,330.0,314.5,328.0,15.5,3742.0
2021-05-26,3105,4857181.0,1591210455.0,334.0,338.0,321.0,323.0,-5.0,4706.0
2021-05-27,3105,5741153.0,1839530749.0,320.0,324.0,315.5,321.0,-2.0,3073.0
2021-05-28,3105,3098536.0,1010883480.0,324.0,329.5,322.5,326.0,5.0,2827.0
2021-05-31,3105,2149708.0,700698094.0,328.0,329.0,323.0,326.0,0.0,2306.0
2021-06-01,3105,4609822.0,1521635411.0,328.0,334.0,327.0,329.0,3.0,2750.0
2021-06-02,3105,3292893.0,1063829522.0,329.0,330.0,320.0,320.0,-9.0,3528.0
2021-06-03,3105,2428944.0,792751786.0,322.0,329.0,322.0,327.0,7.0,1733.0
2021-06-04,3105,1014301.0,330609829.0,324.0,328.0,323.0,326.5,-0.5,1081.0
2021-06-07,3105,1923542.0,622480563.0,327.5,328.0,318.0,325.0,-1.5,1914.0
2021-06-08,3105,2078356.0,684791509.0,328.0,331.0,326.0,330.0,5.0,2024.0
2021-06-09,3105,2588136.0,862546720.0,332.0,336.0,330.0,332.0,2.0,2623.0
2021-06-10,3105,16736482.0,6000580330.0,336.0,365.0,334.5,358.0,26.0,12080.0
2021-06-11,3105,13577111.0,5005842571.0,360.5,375.5,357.5,373.5,15.5,11785.0
2021-06-15,3105,6746626.0,2525568497.0,379.0,384.5,368.5,376.0,2.5,6776.0
2021-06-16,3105,5027984.0,1858727524.0,377.0,380.0,363.0,364.5,-11.5,5352.0
2021-06-17,3105,3597531.0,1311408612.0,363.5,369.0,361.0,369.0,4.5,3711.0
2021-06-18,3105,4144945.0,1528429712.0,372.5,375.0,364.0,364.0,-5.0,3512.0
2021-06-21,3105,2714113.0,987282030.0,360.0,369.0,358.5,363.0,-1.0,2817.0
2021-06-22,3105,4886453.0,1806138316.0,365.5,374.0,365.5,368.0,5.0,3782.0
2021-06-23,3105,4355064.0,1626341229.0,372.0,376.0,369.0,373.5,5.5,3822.0
2021-06-24,3105,3942909.0,1457809993.0,375.0,378.0,365.0,366.0,-7.5,3776.0
2021-06-25,3105,3169624.0,1165929450.0,368.0,372.0,364.0,364.0,-2.0,2413.0
2021-06-28,3105,9713959.0,3643192859.0,370.0,380.5,365.5,380.0,16.0,7890.0
2021-06-29,3105,6858302.0,2600435080.0,382.0,386.0,374.5,375.0,-5.0,5836.0
2021-06-30,3105,5994739.0,2280773475.0,382.5,388.0,375.0,375.0,0.0,5150.0
2021-07-01,3105,3312068.0,1228144743.0,380.0,380.0,366.0,366.0,-9.0,3158.0
2021-07-02,3105,2722551.0,1011165839.0,369.5,376.0,363.0,374.5,8.5,2624.0
2021-07-05,3105,4295062.0,1638007979.0,377.0,384.0,375.0,382.0,7.5,4283.0
2021-07-06,3105,3356158.0,1273435485.0,386.0,386.0,376.0,376.0,-6.0,3209.0
2021-07-07,3105,3984842.0,1474089883.0,368.5,373.0,366.5,371.0,0.0,3915.0
2021-07-08,3105,3006606.0,1115733346.0,371.0,375.0,367.5,370.0,-1.0,2710.0
2021-07-09,3105,4380074.0,1599057627.0,367.5,370.0,361.0,370.0,0.0,4453.0
2021-07-12,3105,5443136.0,2065065513.0,373.0,383.0,370.5,381.0,11.0,5141.0
2021-07-13,3105,5843139.0,2247557004.0,382.5,390.0,378.5,381.0,0.0,5297.0
2021-07-14,3105,7510987.0,2928775701.0,385.0,395.0,380.5,395.0,14.0,7967.0
2021-07-15,3105,5542087.0,2191770882.0,395.0,402.0,392.0,392.5,-2.5,5350.0
2021-07-16,3105,3298145.0,1283486264.0,391.0,395.0,385.0,390.0,-2.5,3375.0
2021-07-19,3105,2669695.0,1021549572.0,389.0,389.0,378.5,381.5,-8.5,3149.0
2021-07-20,3105,3352155.0,1266838048.0,379.0,385.5,372.5,375.0,-6.5,3763.0
2021-07-21,3105,2057915.0,776778337.0,380.0,383.5,372.5,376.0,1.0,2197.0
2021-07-22,3105,3457639.0,1294523410.0,377.5,382.0,370.0,372.5,-3.5,3612.0
2021-07-23,3105,3384045.0,1265699739.0,376.5,380.5,370.0,370.0,-2.5,3238.0
2021-07-26,3105,4562891.0,1660453088.0,369.0,370.0,361.5,363.0,-7.0,4391.0
2021-07-27,3105,4582495.0,1647763974.0,363.0,368.0,356.0,356.0,-7.0,5001.0
2021-07-28,3105,6780046.0,2325670266.0,350.5,355.0,331.5,344.5,-11.5,6648.0
2021-07-29,3105,4377668.0,1508628774.0,347.5,352.0,340.5,347.5,3.0,4117.0
2021-07-30,3105,11242053.0,3914888517.0,335.0,360.0,335.0,346.0,-1.5,8333.0
2021-08-02,3105,5428944.0,1847636402.0,343.5,347.0,336.0,338.5,-7.5,5145.0
2021-08-03,3105,4027769.0,1359359506.0,338.0,343.5,335.0,336.5,-2.0,3650.0
2021-08-04,3105,2421286.0,819620120.0,337.5,342.5,337.0,337.0,0.5,2595.0
2021-08-05,3105,3825526.0,1328320426.0,339.0,350.5,338.0,350.0,13.0,3804.0
2021-08-06,3105,3540608.0,1233253221.0,350.0,356.0,345.0,348.5,-1.5,3672.0
2021-08-09,3105,2821155.0,962823876.0,349.0,349.0,338.0,338.0,-10.5,3295.0
2021-08-10,3105,2351803.0,797914938.0,341.5,343.0,336.0,337.0,-1.0,2461.0
2021-08-11,3105,1882073.0,634370496.0,338.0,342.0,334.0,335.5,-1.5,2058.0
2021-08-12,3105,2037308.0,697688431.0,339.5,346.5,337.0,343.5,8.0,1959.0
2021-08-13,3105,3055456.0,1024373431.0,345.5,346.0,331.0,331.5,-12.0,3450.0
2021-08-16,3105,3525005.0,1141735170.0,329.5,334.0,319.0,321.0,-10.5,3421.0
2021-08-17,3105,1897721.0,614306795.0,325.0,328.5,319.0,319.5,-1.5,2007.0
2021-08-18,3105,2742119.0,886012776.0,313.5,329.0,313.5,328.0,8.5,2537.0
2021-08-19,3105,3169402.0,1031093355.0,324.0,332.0,321.0,324.5,-3.5,2492.0
2021-08-20,3105,4955352.0,1555603899.0,323.0,326.0,308.0,310.0,-14.5,5475.0
2021-08-23,3105,3178575.0,1017513404.0,314.0,325.0,313.0,321.0,11.0,2675.0
2021-08-24,3105,3135081.0,1010865207.0,322.0,328.0,318.0,319.5,-1.5,2707.0
2021-08-25,3105,2442043.0,792464895.0,321.5,328.0,319.0,328.0,8.5,2282.0
2021-08-26,3105,1862078.0,607305562.0,328.0,331.0,322.5,326.0,-2.0,1805.0
2021-08-27,3105,1291376.0,421136818.0,326.0,329.5,324.0,325.0,-1.0,1364.0
2021-08-30,3105,1002587.0,328188017.0,329.0,329.0,325.5,327.5,2.5,1071.0
2021-08-31,3105,2672351.0,882604545.0,334.0,336.5,326.5,330.5,3.0,2253.0
2021-09-01,3105,3842879.0,1306220156.0,328.0,345.0,328.0,344.0,13.5,3914.0
2021-09-02,3105,3873191.0,1325470996.0,344.5,347.5,339.0,340.0,-4.0,3309.0
2021-09-03,3105,5238606.0,1835934836.0,350.0,354.5,346.5,351.0,11.0,4586.0
2021-09-06,3105,6377154.0,2275914847.0,354.0,363.0,353.0,355.0,4.0,5599.0
2021-09-07,3105,3393623.0,1167190294.0,356.0,356.0,338.0,339.0,-16.0,3717.0
2021-09-08,3105,3000640.0,991437434.0,339.0,341.0,326.0,326.5,-12.5,3553.0
2021-09-09,3105,1558571.0,510438196.0,325.5,331.0,323.0,327.5,1.0,1626.0
2021-09-10,3105,864617.0,287001869.0,329.0,334.0,328.5,334.0,6.5,992.0
2021-09-13,3105,4406255.0,1416302278.0,330.0,330.5,319.0,319.0,-15.0,4614.0
2021-09-14,3105,1602995.0,514377665.0,320.0,323.0,318.5,320.5,1.5,1665.0
2021-09-15,3105,2209952.0,700932708.0,322.5,322.5,316.0,316.0,-4.5,2266.0
2021-09-16,3105,1272911.0,403771510.0,318.0,319.5,315.5,317.0,1.0,1201.0
2021-09-17,3105,3328636.0,1076559582.0,319.0,326.5,318.5,323.5,6.5,2352.0
2021-09-22,3105,1436673.0,457681905.0,318.0,320.5,315.5,319.5,-4.0,1491.0
2021-09-23,3105,1556540.0,498572543.0,323.5,323.5,318.0,319.5,0.0,1468.0
2021-09-24,3105,1293302.0,414243129.0,321.5,322.5,319.0,319.5,0.0,1215.0
2021-09-27,3105,2437418.0,791047287.0,319.5,328.5,319.0,323.5,4.0,2560.0
2021-09-28,3105,2156465.0,680839851.0,320.5,320.5,313.0,314.5,-9.0,2666.0
2021-09-29,3105,4876199.0,1472598272.0,308.0,308.5,299.0,301.5,-13.0,5549.0
2021-09-30,3105,2390996.0,734601282.0,304.0,312.0,301.0,310.0,8.5,2183.0
2021-10-01,3105,1915909.0,583392003.0,307.0,308.0,302.0,303.5,-6.5,2072.0
2021-10-04,3105,1652847.0,494029138.0,308.0,308.0,295.5,297.0,-6.5,2642.0
2021-10-05,3105,1788376.0,530384817.0,293.0,302.5,290.5,299.5,2.5,2241.0
2021-10-06,3105,1897494.0,571335266.0,302.5,305.0,298.0,301.0,1.5,1703.0
2021-10-07,3105,1865661.0,580038246.0,306.5,314.0,305.0,311.5,10.5,1976.0
2021-10-08,3105,1352094.0,416566515.0,310.0,313.0,305.5,305.5,-6.0,1651.0
2021-10-12,3105,1189301.0,361775087.0,304.0,309.0,301.0,305.5,0.0,1173.0
2021-10-13,3105,1743268.0,522698831.0,310.0,310.0,295.0,295.5,-10.0,2235.0
2021-10-14,3105,842223.0,253076452.0,301.0,303.5,298.0,298.5,3.0,984.0
2021-10-15,3105,1148679.0,349742257.0,305.0,306.0,303.0,304.0,5.5,1155.0
2021-10-18,3105,1844587.0,557971920.0,308.0,308.0,300.0,300.0,-4.0,2105.0
2021-10-19,3105,1755816.0,530141553.0,302.0,304.5,300.0,300.0,0.0,1545.0
2021-10-20,3105,2227101.0,676240834.0,301.5,306.0,301.5,302.0,2.0,1792.0
2021-10-21,3105,1573050.0,477096004.0,302.5,307.0,300.5,300.5,-1.5,1828.0
2021-10-22,3105,1868342.0,569292785.0,304.0,306.0,300.5,305.0,4.5,1289.0
2021-10-25,3105,1241409.0,373495731.0,305.0,305.5,298.5,300.0,-5.0,1180.0
2021-10-26,3105,1685543.0,517415107.0,305.0,311.5,305.0,305.0,5.0,1761.0
2021-10-27,3105,7667927.0,2470410626.0,309.0,330.0,306.5,329.0,24.0,7061.0
2021-10-28,3105,4110526.0,1346798659.0,329.0,334.0,324.0,325.0,-4.0,4175.0
2021-10-29,3105,22691848.0,8057887482.0,350.0,357.5,342.0,357.5,32.5,12915.0
2021-11-01,3105,7829362.0,2796962025.0,357.5,361.0,351.0,358.5,1.0,6173.0
2021-11-02,3105,5321148.0,1874200628.0,363.5,364.5,343.0,346.5,-12.0,5207.0
2021-11-03,3105,5042984.0,1800217697.0,354.0,360.5,351.0,358.0,11.5,4420.0
2021-11-04,3105,4713454.0,1666116203.0,363.0,366.0,348.0,354.0,-4.0,4055.0
2021-11-05,3105,2082375.0,735224513.0,356.5,357.0,346.5,356.0,2.0,1981.0
2021-11-08,3105,3278351.0,1147219014.0,360.0,361.0,343.5,347.0,-9.0,3111.0
2021-11-09,3105,1315263.0,460528488.0,348.5,354.0,348.0,349.0,2.0,1464.0
2021-11-10,3105,1049152.0,367416152.0,347.0,352.5,347.0,350.5,1.5,1191.0
2021-11-11,3105,1120517.0,392914669.0,350.5,354.0,348.0,348.0,-2.5,1295.0
2021-11-12,3105,1090257.0,383818210.0,353.5,354.5,349.5,349.5,1.5,1094.0
2021-11-15,3105,1424557.0,505122191.0,354.0,358.0,352.0,352.0,2.5,1800.0
2021-11-16,3105,3735110.0,1343910119.0,356.0,364.0,355.0,357.5,5.5,3832.0
2021-11-17,3105,4726130.0,1712824809.0,361.0,370.0,357.0,361.0,3.5,4565.0
2021-11-18,3105,3000775.0,1061048648.0,361.0,363.0,349.0,352.5,-8.5,3150.0
2021-11-19,3105,2140126.0,756523611.0,354.5,358.5,349.0,351.5,-1.0,2078.0
2021-11-22,3105,1732729.0,618740797.0,352.0,360.0,352.0,356.0,4.5,1663.0
2021-11-23,3105,2447017.0,873153489.0,356.0,361.5,353.0,353.5,-2.5,2268.0
2021-11-24,3105,2618138.0,937185998.0,357.0,363.0,353.0,356.0,2.5,2571.0
2021-11-25,3105,1676705.0,594481356.0,361.5,362.0,351.0,351.0,-5.0,1711.0
2021-11-26,3105,2497764.0,857294532.0,350.0,353.0,339.0,340.5,-10.5,2924.0
2021-11-29,3105,10152550.0,3673079390.0,360.0,369.5,353.0,364.5,24.0,9015.0
2021-11-30,3105,7185212.0,2632650427.0,369.0,371.5,362.0,362.5,-2.0,6520.0
2021-12-01,3105,3056774.0,1093737827.0,360.5,365.0,354.0,358.0,-4.5,3089.0
2021-12-02,3105,4191600.0,1471263005.0,354.5,356.0,345.5,352.0,-6.0,4089.0
2021-12-03,3105,2113494.0,750663031.0,355.0,358.0,351.5,355.5,3.5,1899.0
2021-12-06,3105,1102406.0,391621946.0,356.0,357.5,352.0,355.0,-0.5,1106.0
2021-12-07,3105,2373999.0,856030141.0,359.0,362.0,357.0,362.0,7.0,2383.0
2021-12-08,3105,2682279.0,972434751.0,367.5,368.0,358.5,362.0,0.0,2554.0
2021-12-09,3105,8281599.0,3058021403.0,364.5,378.0,360.0,377.0,15.0,6746.0
2021-12-10,3105,6120241.0,2277608968.0,374.0,375.5,368.0,374.0,-3.0,5660.0
2021-12-13,3105,9993557.0,3864412404.0,380.0,392.0,376.0,382.5,8.5,9403.0
2021-12-14,3105,5016333.0,1921207924.0,384.5,388.0,377.5,385.0,2.5,5285.0
2021-12-15,3105,5696790.0,2192638604.0,390.0,394.5,379.0,380.5,-4.5,5678.0
2021-12-16,3105,2816004.0,1081683665.0,388.5,390.0,380.5,383.0,2.5,2940.0
2021-12-17,3105,3297002.0,1240325969.0,379.5,381.0,373.5,376.0,-7.0,3304.0
2021-12-20,3105,2891108.0,1064683073.0,376.5,378.0,365.0,367.0,-9.0,3127.0
2021-12-21,3105,4062493.0,1521699123.0,367.0,381.0,366.5,380.0,13.0,3117.0
2021-12-22,3105,2144897.0,808315622.0,381.5,381.5,374.5,376.0,-4.0,1919.0
2021-12-23,3105,1845327.0,690546364.0,379.0,381.0,371.0,372.5,-3.5,2014.0
2021-12-24,3105,2416757.0,899228849.0,377.0,380.0,370.0,370.0,-2.5,2446.0
2021-12-27,3105,1470063.0,546168664.0,370.0,374.0,369.5,371.0,1.0,1378.0
2021-12-28,3105,1081530.0,402502754.0,376.0,376.0,371.0,371.5,0.5,1118.0
2021-12-29,3105,980767.0,364653526.0,371.5,373.5,370.5,371.0,-0.5,1067.0
2021-12-30,3105,2353456.0,882330206.0,372.0,377.5,372.0,374.5,3.5,1986.0
2022-01-03,3105,1548822.0,578452537.0,378.5,379.0,371.0,372.0,-2.5,1577.0
2022-01-04,3105,1980963.0,746518050.0,374.5,379.5,372.5,379.5,7.5,2226.0
2022-01-05,3105,6054032.0,2321359237.0,380.5,387.5,377.5,385.5,6.0,5673.0
2022-01-06,3105,4287015.0,1610857359.0,382.0,384.0,372.0,375.0,-10.5,4233.0
2022-01-07,3105,4821856.0,1742252219.0,375.0,375.0,355.0,355.0,-20.0,5938.0
2022-01-10,3105,2620987.0,920626895.0,352.0,354.5,345.0,354.5,-0.5,2289.0
2022-01-11,3105,4062517.0,1401066562.0,352.5,352.5,342.0,343.0,-11.5,4431.0
2022-01-12,3105,6276482.0,2098266841.0,345.0,345.0,328.0,337.0,-6.0,6487.0
2022-01-13,3105,1937555.0,652220605.0,338.5,340.0,334.0,336.0,-1.0,2150.0
2022-01-14,3105,2254064.0,746637963.0,334.0,338.0,328.5,331.0,-5.0,2286.0
2022-01-17,3105,4630089.0,1563739451.0,333.5,342.0,331.5,340.5,9.5,3386.0
2022-01-18,3105,3696186.0,1278921066.0,341.0,349.0,341.0,344.5,4.0,3487.0
2022-01-19,3105,3452606.0,1163105435.0,342.0,343.0,332.5,333.0,-11.5,3605.0
2022-01-20,3105,2694745.0,912343710.0,332.0,342.0,331.5,340.0,7.0,2207.0
2022-01-21,3105,2683290.0,908723777.0,337.5,342.0,334.0,338.5,-1.5,2059.0
2022-01-24,3105,3005630.0,1015887570.0,338.5,345.0,330.0,343.5,5.0,3759.0
2022-01-25,3105,3073853.0,1044609533.0,342.0,346.5,335.0,336.0,-7.5,2796.0
2022-01-26,3105,1310127.0,438297901.0,332.5,338.0,330.5,335.5,-0.5,1558.0
2022-02-07,3105,1466495.0,491610367.0,341.0,341.0,332.0,335.5,0.0,1555.0
2022-02-08,3105,2004983.0,687667546.0,342.0,346.0,339.0,343.0,7.5,1872.0
2022-02-09,3105,2750439.0,933882460.0,343.5,344.5,334.0,344.0,1.0,2504.0
2022-02-10,3105,2823242.0,956402707.0,342.0,342.5,335.5,341.0,-3.0,2786.0
2022-02-11,3105,7288561.0,2376339531.0,334.5,336.5,318.5,320.0,-21.0,9060.0
2022-02-14,3105,7196742.0,2219672161.0,300.0,318.0,299.5,312.5,-7.5,6402.0
2022-02-15,3105,3006733.0,929046514.0,310.0,312.5,306.5,308.0,-4.5,3829.0
2022-02-16,3105,2120468.0,668384754.0,312.5,317.0,312.5,316.0,8.0,2335.0
2022-02-17,3105,1852804.0,588850735.0,316.0,321.0,314.0,318.0,2.0,1970.0
2022-02-18,3105,1176552.0,370492970.0,311.0,317.0,311.0,316.0,-2.0,1365.0
2022-02-21,3105,2326965.0,740561296.0,316.0,323.0,311.0,321.0,5.0,2202.0
2022-02-22,3105,3449182.0,1069926891.0,317.0,318.0,306.5,310.0,-11.0,4205.0
2022-02-23,3105,1479608.0,458694254.0,310.5,312.0,307.5,310.5,0.5,1702.0
2022-02-24,3105,1926667.0,586785326.0,306.5,307.5,302.0,302.5,-8.0,3949.0
2022-02-25,3105,2831094.0,859706388.0,305.0,307.5,302.0,302.0,-0.5,3271.0
2022-03-01,3105,1951766.0,599042410.0,306.0,308.0,305.0,308.0,6.0,2702.0
2022-03-02,3105,1657784.0,511392736.0,307.0,311.0,305.5,309.5,1.5,2490.0
2022-03-03,3105,1562894.0,486747393.0,312.0,316.0,308.5,310.5,1.0,2483.0
2022-03-04,3105,1268332.0,386341808.0,306.0,308.0,302.0,303.0,-7.5,2889.0
2022-03-07,3105,2787446.0,818281820.0,300.0,300.0,291.0,292.5,-10.5,4673.0
2022-03-08,3105,3236954.0,936704955.0,284.0,298.0,282.0,286.0,-6.5,4757.0
2022-03-09,3105,2444440.0,701203586.0,288.0,291.0,284.0,286.5,0.5,3515.0
2022-03-10,3105,1441982.0,426071481.0,293.0,297.5,293.0,295.5,9.0,2585.0
2022-03-11,3105,1591038.0,461637787.0,295.0,295.0,288.0,290.5,-5.0,2882.0
2022-03-14,3105,941193.0,271858578.0,292.0,292.0,286.0,289.0,-1.5,1214.0
2022-03-15,3105,2087451.0,599482149.0,291.0,294.5,284.0,285.5,-3.5,3355.0
2022-03-16,3105,1522611.0,435943681.0,288.5,289.0,283.5,287.0,1.5,1529.0
2022-03-17,3105,1811850.0,535157763.0,297.0,298.0,292.5,296.5,9.5,2866.0
2022-03-18,3105,2706588.0,788834612.0,298.5,298.5,289.0,292.5,-4.0,3193.0
2022-03-21,3105,834953.0,244577892.0,292.5,294.5,291.5,291.5,-1.0,1989.0
2022-03-22,3105,485071.0,141937280.0,293.0,294.5,291.5,292.5,1.0,938.0
2022-03-23,3105,668903.0,196410280.0,293.5,294.5,292.5,292.5,0.0,906.0
2022-03-24,3105,891534.0,258898565.0,291.5,294.0,287.0,293.0,0.5,2143.0
2022-03-25,3105,6132157.0,1732859563.0,282.5,289.5,280.0,280.5,-12.5,7963.0
2022-03-28,3105,3020769.0,830047274.0,275.0,277.5,271.0,276.5,-4.0,4223.0
2022-03-29,3105,1409493.0,395588381.0,277.5,282.5,277.0,282.0,5.5,1728.0
2022-03-30,3105,6368449.0,1710518254.0,270.0,272.5,265.0,271.5,-10.5,7703.0
2022-03-31,3105,3966660.0,1055574486.0,269.0,269.0,265.0,266.0,-5.5,5482.0
2022-04-01,3105,4531661.0,1174767807.0,260.0,263.0,255.0,263.0,-3.0,6068.0
2022-04-06,3105,4194798.0,1081913137.0,260.0,262.0,256.0,258.0,-5.0,4846.0
2022-04-07,3105,5458471.0,1349988415.0,254.5,255.0,243.0,243.0,-15.0,7023.0
2022-04-08,3105,3509946.0,850145280.0,245.0,247.5,238.5,240.5,-2.5,6370.0
2022-04-11,3105,3195978.0,747925786.0,240.5,241.0,231.0,233.0,-7.5,6741.0
2022-04-12,3105,1848100.0,428938487.0,229.0,236.5,229.0,231.0,-2.0,4669.0
2022-04-13,3105,1801206.0,427036746.0,235.0,239.5,234.0,237.5,6.5,6124.0
2022-04-14,3105,2852480.0,647354693.0,239.5,239.5,230.0,230.0,-7.5,5274.0
2022-04-15,3105,1238718.0,284486171.0,227.0,232.0,226.0,230.0,0.0,2614.0
2022-04-18,3105,1230268.0,278827000.0,226.5,229.0,225.0,226.0,-4.0,2631.0
2022-04-19,3105,2198974.0,507413805.0,233.5,237.0,226.0,228.5,2.5,2452.0
2022-04-20,3105,2915668.0,662811779.0,231.0,232.0,225.0,228.0,-0.5,4869.0
2022-04-21,3105,1803163.0,417744625.0,230.0,233.0,229.0,233.0,5.0,2708.0
2022-04-22,3105,3917168.0,892234365.0,230.0,231.0,226.0,226.0,-7.0,4118.0
2022-04-25,3105,1598496.0,354522797.0,221.0,224.0,220.5,221.5,-4.5,2936.0
2022-04-26,3105,2514861.0,547248573.0,223.0,223.0,213.5,217.0,-4.5,3491.0
2022-04-27,3105,2587737.0,545593664.0,206.0,215.5,205.5,214.0,-3.0,3322.0
2022-04-28,3105,2918226.0,618354069.0,214.5,216.0,208.5,211.0,-3.0,3608.0
2022-04-29,3105,11954088.0,2384228067.0,205.0,208.5,193.5,195.5,-15.5,12569.0
2022-05-03,3105,8165795.0,1590620667.0,194.0,199.0,190.5,195.0,-0.5,8484.0
2022-05-04,3105,6491237.0,1258663864.0,199.5,200.0,191.0,193.5,-1.5,6323.0
2022-05-05,3105,4641945.0,917063282.0,197.0,199.5,195.0,198.5,5.0,4572.0
2022-05-06,3105,3412108.0,665207544.0,193.0,198.5,191.0,198.5,0.0,4458.0
2022-05-09,3105,3099673.0,604541553.0,195.0,197.5,193.0,193.5,-5.0,4155.0
2022-05-10,3105,2490853.0,476996629.0,190.0,194.0,188.5,193.5,0.0,3622.0
2022-05-11,3105,1668868.0,325653159.0,195.0,196.5,194.0,194.0,0.5,3225.0
2022-05-12,3105,2611047.0,498318540.0,192.5,194.5,189.0,189.0,-5.0,3370.0
2022-05-13,3105,2859485.0,556677929.0,193.0,198.0,190.5,198.0,9.0,3429.0
2022-05-16,3105,2400677.0,473154243.0,200.5,201.5,193.5,196.5,-1.5,4809.0
2022-05-17,3105,3131094.0,633519858.0,198.5,205.5,197.5,205.0,8.5,4703.0
2022-05-18,3105,4149009.0,854633775.0,207.0,210.0,203.0,205.5,0.5,7568.0
2022-05-19,3105,2969450.0,588569460.0,196.5,200.0,195.5,198.5,-7.0,3670.0
2022-05-20,3105,1330670.0,264266891.0,198.0,200.0,196.5,200.0,1.5,2285.0
2022-05-23,3105,1751397.0,349938368.0,200.0,202.0,197.0,200.5,0.5,1615.0
2022-05-24,3105,2575489.0,502396117.0,200.0,200.0,192.0,192.0,-8.5,2713.0
2022-05-25,3105,1204808.0,235043025.0,193.0,197.0,192.0,195.5,3.5,1173.0
2022-05-26,3105,2584725.0,518933473.0,198.0,203.5,197.0,199.0,3.5,2981.0
2022-05-27,3105,8506724.0,1808498272.0,205.0,218.5,203.0,217.0,18.0,9099.0
2022-05-30,3105,10457185.0,2264866350.0,222.5,223.5,212.0,218.0,1.0,16353.0
2022-05-31,3105,12359939.0,2783916650.0,218.0,232.5,216.0,225.0,7.0,10875.0
2022-06-01,3105,7127234.0,1620109250.0,224.5,232.5,222.5,227.0,2.0,10289.0
2022-06-02,3105,4055353.0,903862814.0,225.5,228.0,220.0,221.0,-6.0,7689.0
2022-06-06,3105,12730462.0,2966807522.0,230.5,237.5,227.0,234.0,13.0,10806.0
2022-06-07,3105,5565544.0,1274342795.0,231.5,232.0,227.5,228.0,-6.0,14157.0
2022-06-08,3105,3791239.0,852953325.0,229.0,229.5,222.5,223.0,-5.0,4186.0
2022-06-09,3105,2795714.0,627230019.0,221.5,227.0,221.0,225.0,2.0,2378.0
2022-06-10,3105,2183013.0,491250106.0,221.0,228.0,220.5,228.0,3.0,2868.0
2022-06-13,3105,3918901.0,852081463.0,221.5,222.5,215.0,215.0,-13.0,4138.0
2022-06-14,3105,4272971.0,914470469.0,211.0,218.5,208.0,218.0,3.0,3504.0
2022-06-15,3105,2399046.0,520659622.0,216.5,219.5,215.0,218.5,0.5,3261.0
2022-06-16,3105,2618716.0,568355096.0,222.0,223.5,212.0,212.0,-6.5,3241.0
2022-06-17,3105,3788133.0,776716861.0,209.0,211.5,202.0,203.0,-9.0,4080.0
2022-06-20,3105,3309309.0,672228439.0,203.0,206.0,200.0,203.0,0.0,4815.0
2022-06-21,3105,2536465.0,528315265.0,205.5,212.0,204.0,211.0,8.0,2403.0
2022-06-22,3105,2850074.0,576781901.0,211.0,211.0,199.0,199.5,-11.5,8969.0
2022-06-23,3105,2235294.0,445945081.0,202.5,203.0,196.5,200.5,1.0,2804.0
2022-06-24,3105,1965882.0,401660346.0,202.5,207.5,201.0,204.0,3.5,2686.0
2022-06-27,3105,2549766.0,537935819.0,207.5,215.0,207.5,209.0,5.0,4898.0
2022-06-28,3105,2445915.0,495510963.0,209.0,209.5,200.0,201.0,-8.0,4285.0
2022-06-29,3105,1918168.0,384529485.0,198.0,204.0,196.0,201.0,0.0,1776.0
2022-06-30,3105,2863908.0,555523832.0,198.0,198.0,192.0,192.5,-8.5,3094.0
2022-07-01,3105,4476271.0,851265685.0,194.5,196.0,185.5,185.5,-7.0,4130.0
2022-07-04,3105,4265414.0,755889422.0,186.0,188.0,172.0,173.5,-12.0,6108.0
2022-07-05,3105,2374862.0,417961516.0,177.0,179.5,171.5,178.0,4.5,2242.0
2022-07-06,3105,7523391.0,1244903332.0,175.5,177.0,161.5,161.5,-16.5,5899.0
2022-07-07,3105,4522924.0,721552933.0,156.0,164.0,154.5,162.0,0.0,3654.0
2022-07-08,3105,4083850.0,696390016.0,164.5,175.0,164.5,171.5,9.5,5690.0
2022-07-11,3105,3095285.0,527959196.0,173.0,174.0,168.0,169.5,-2.0,9908.0
2022-07-12,3105,6655758.0,1079058552.0,165.0,167.5,157.0,165.0,-4.5,7138.0
2022-07-13,3105,3570677.0,602068619.0,171.0,173.5,166.0,166.5,1.5,3523.0
2022-07-14,3105,3984411.0,683087846.0,164.5,175.0,162.0,174.5,8.0,4557.0
2022-07-15,3105,3456100.0,605560170.0,174.5,178.0,171.0,176.0,1.5,6315.0
2022-07-18,3105,1629470.0,287959491.0,176.0,178.5,174.5,178.0,2.0,2328.0
2022-07-19,3105,2626688.0,467690217.0,176.5,181.0,173.0,179.0,1.0,3443.0
2022-07-20,3105,2117143.0,384344735.0,182.5,183.5,180.0,181.0,2.0,4515.0
2022-07-21,3105,6019646.0,1118293996.0,184.0,191.5,181.5,188.5,7.5,7192.0
2022-07-22,3105,3001965.0,558516828.0,188.5,190.0,184.5,185.0,-3.5,5533.0
2022-07-25,3105,4907415.0,880526377.0,181.0,182.5,175.5,179.5,-5.5,7592.0
2022-07-26,3105,7907373.0,1346229724.0,176.0,177.0,166.5,168.5,-11.0,7943.0
2022-07-27,3105,15492941.0,2361327868.0,152.0,154.5,152.0,153.0,-15.5,10529.0
2022-07-28,3105,11019722.0,1708219268.0,154.0,158.0,150.5,157.0,4.0,8529.0
2022-07-29,3105,7908209.0,1235900559.0,157.0,159.5,152.0,159.0,2.0,7393.0
2022-08-01,3105,3163447.0,496635679.0,158.0,159.0,154.0,158.5,-0.5,4414.0
2022-08-02,3105,3804724.0,593270016.0,155.5,158.0,153.0,158.0,-0.5,2911.0
2022-08-03,3105,3203129.0,500806184.0,156.0,158.0,154.5,157.0,-1.0,3048.0
2022-08-04,3105,4515495.0,719008958.0,157.0,161.0,155.5,161.0,4.0,3156.0
2022-08-05,3105,3578623.0,583038831.0,161.0,165.0,160.0,165.0,4.0,3728.0
2022-08-08,3105,3210475.0,527209663.0,161.0,167.5,160.0,167.0,2.0,4658.0
2022-08-09,3105,2680241.0,440400202.0,166.0,166.5,162.5,164.0,-3.0,5480.0
2022-08-10,3105,1507804.0,244374183.0,161.0,163.5,161.0,162.0,-2.0,2184.0
2022-08-11,3105,3236982.0,541657995.0,166.5,171.0,164.0,167.5,5.5,2719.0
2022-08-12,3105,3657491.0,627966341.0,168.0,173.5,167.5,173.5,6.0,6956.0
2022-08-15,3105,3731821.0,654258836.0,175.5,177.0,173.0,176.5,3.0,5320.0
2022-08-16,3105,3274546.0,574654047.0,177.0,179.5,173.0,174.0,-2.5,6040.0
2022-08-17,3105,2685633.0,471563410.0,174.5,177.0,173.5,176.5,2.5,4263.0
2022-08-18,3105,3719920.0,637086567.0,174.5,174.5,170.0,170.0,-6.5,6149.0
2022-08-19,3105,3045075.0,528792983.0,173.0,175.5,170.5,174.0,4.0,2352.0
2022-08-22,3105,2540619.0,434974376.0,171.0,174.5,168.5,170.0,-4.0,4322.0
2022-08-23,3105,1601498.0,271789401.0,167.0,171.5,166.5,170.5,0.5,1475.0
2022-08-24,3105,2285590.0,383094875.0,170.5,171.0,166.0,166.0,-4.5,4257.0
2022-08-25,3105,1707950.0,287459822.0,168.5,170.5,167.0,167.5,1.5,2049.0
2022-08-26,3105,3252266.0,557285851.0,170.5,174.5,168.5,169.5,2.0,3509.0
2022-08-29,3105,3836524.0,620011640.0,162.5,164.0,160.0,160.5,-9.0,4741.0
2022-08-30,3105,3124394.0,507171280.0,161.0,164.5,160.0,162.5,2.0,2030.0
2022-08-31,3105,7948912.0,1383521280.0,161.0,178.5,161.0,178.5,16.0,6351.0
2022-09-01,3105,10192573.0,1752721821.0,175.5,176.5,166.5,167.0,-11.5,12341.0
2022-09-02,3105,4801932.0,793381196.0,168.5,168.5,162.0,165.0,-2.0,3945.0
2022-09-05,3105,2626482.0,424972633.0,166.5,167.0,159.5,161.0,-4.0,3413.0
2022-09-06,3105,2258697.0,365382059.0,163.0,165.0,160.0,160.5,-0.5,2314.0
2022-09-07,3105,2567663.0,405044209.0,159.0,160.5,155.0,159.0,-1.5,2857.0
2022-09-08,3105,1605876.0,260072801.0,162.5,163.5,159.5,163.0,4.0,1877.0
2022-09-12,3105,2265743.0,378059052.0,166.5,169.5,165.0,166.0,3.0,2454.0
2022-09-13,3105,1834285.0,304781880.0,168.0,169.0,164.0,165.5,-0.5,2772.0
2022-09-14,3105,1921915.0,311153617.0,161.0,163.5,159.0,162.5,-3.0,2574.0
2022-09-15,3105,1904180.0,312146846.0,163.5,167.0,161.0,163.5,1.0,1606.0
2022-09-16,3105,2749865.0,440807911.0,162.5,163.0,159.5,159.5,-4.0,2634.0
2022-09-19,3105,997019.0,158079166.0,160.0,160.0,158.0,158.5,-1.0,1825.0
2022-09-20,3105,2131137.0,334544958.0,160.0,160.5,155.0,156.5,-2.0,2136.0
2022-09-21,3105,2029894.0,313752496.0,156.0,157.0,153.0,155.0,-1.5,1924.0
2022-09-22,3105,7232790.0,1060096140.0,152.5,152.5,144.0,146.0,-9.0,7777.0
2022-09-23,3105,7131602.0,1018347663.0,143.0,146.0,139.5,144.0,-2.0,5707.0
2022-09-26,3105,3393826.0,468387658.0,141.5,141.5,135.0,135.5,-8.5,3658.0
2022-09-27,3105,2806361.0,378764108.0,136.5,137.5,133.0,136.0,0.5,2519.0
2022-09-28,3105,4487163.0,577832490.0,135.5,135.5,126.0,126.0,-10.0,5073.0
2022-09-29,3105,5678256.0,710539938.0,130.0,132.5,121.5,123.0,-3.0,5737.0
2022-09-30,3105,7413209.0,898680317.0,119.0,124.5,117.0,123.5,0.5,4689.0
2022-10-03,3105,3752729.0,462884538.0,121.5,126.0,120.0,123.5,0.0,2817.0
2022-10-04,3105,3413850.0,436817724.0,126.5,129.5,126.5,127.5,4.0,3606.0
2022-10-05,3105,7177291.0,988480098.0,131.5,140.0,129.0,140.0,12.5,4107.0
2022-10-06,3105,16118593.0,2132875591.0,134.0,136.5,129.0,131.5,-8.5,10305.0
2022-10-07,3105,7047000.0,904552453.0,130.0,132.5,125.5,127.0,-4.5,5862.0
2022-10-11,3105,6397378.0,777512895.0,123.5,125.5,119.0,119.0,-8.0,4575.0
2022-10-12,3105,5082455.0,616318682.0,120.5,124.5,117.5,122.0,3.0,4451.0
2022-10-13,3105,5843838.0,718251447.0,122.0,125.5,120.5,123.0,1.0,3782.0
2022-10-14,3105,5243677.0,672098975.0,128.0,130.0,126.0,128.5,5.5,4242.0
2022-10-17,3105,4085046.0,523096734.0,126.0,131.5,124.0,131.5,3.0,3737.0
2022-10-18,3105,8346628.0,1069681994.0,135.0,135.0,125.0,128.0,-3.5,6094.0
2022-10-19,3105,4169238.0,534505384.0,129.0,131.0,127.0,127.0,-1.0,3070.0
2022-10-20,3105,6083680.0,751985599.0,124.0,127.0,121.5,123.0,-4.0,4601.0
2022-10-21,3105,5972687.0,731467632.0,123.0,126.5,120.0,121.5,-1.5,3973.0
2022-10-24,3105,6663591.0,837578986.0,125.0,131.0,123.0,125.0,3.5,4698.0
2022-10-25,3105,9522131.0,1123819977.0,125.0,126.0,114.0,115.0,-10.0,7046.0
2022-10-26,3105,6960847.0,794891878.0,115.0,116.5,112.0,115.0,0.0,4776.0
2022-10-27,3105,3607931.0,421093768.0,115.0,118.5,114.0,117.0,2.0,2775.0
2022-10-28,3105,13237660.0,1477248454.0,114.0,116.0,107.5,114.0,-3.0,11084.0
2022-10-31,3105,13246989.0,1576070058.0,115.0,124.0,111.0,122.0,8.0,10672.0
2022-11-01,3105,9160229.0,1135758982.0,121.0,128.5,120.0,124.0,2.0,6668.0
2022-11-02,3105,4855357.0,608959078.0,123.0,128.0,122.5,126.5,2.5,3377.0
2022-11-03,3105,4772248.0,604062776.0,123.0,129.5,122.5,129.5,3.0,3181.0
2022-11-04,3105,5347157.0,680882135.0,129.5,130.5,124.5,128.5,-1.0,4375.0
2022-11-07,3105,5339215.0,702325479.0,130.0,135.0,127.0,133.0,4.5,5537.0
2022-11-08,3105,6101330.0,822152333.0,134.5,138.0,132.0,134.0,1.0,6081.0
2022-11-09,3105,7641775.0,1062553695.0,135.5,142.0,134.0,141.0,7.0,5431.0
2022-11-10,3105,4281864.0,601604233.0,139.0,142.5,137.0,142.0,1.0,3218.0
2022-11-11,3105,10351247.0,1542795175.0,152.0,156.0,143.5,146.5,4.5,7407.0
2022-11-14,3105,6473893.0,976398514.0,147.0,154.5,147.0,152.0,5.5,5226.0
2022-11-15,3105,4207880.0,642706534.0,151.5,154.5,149.5,154.5,2.5,3764.0
2022-11-16,3105,7022893.0,1080559159.0,156.0,157.0,150.0,156.0,1.5,4847.0
2022-11-17,3105,3767468.0,588747668.0,154.5,159.0,153.0,158.0,2.0,3642.0
2022-11-18,3105,3204913.0,504187008.0,158.0,160.5,154.5,156.0,-2.0,2787.0
2022-11-21,3105,1959869.0,301417952.0,155.5,157.5,152.0,152.5,-3.5,2666.0
2022-11-22,3105,2638232.0,399978576.0,151.5,153.5,149.0,153.5,1.0,2112.0
2022-11-23,3105,3511474.0,549083800.0,155.0,158.0,152.5,157.0,3.5,2621.0
2022-11-24,3105,11237422.0,1821430436.0,159.0,167.5,157.5,162.5,5.5,9540.0
2022-11-25,3105,3419602.0,547296109.0,162.5,163.5,158.0,158.5,-4.0,3913.0
2022-11-28,3105,2195997.0,348735923.0,157.0,161.0,156.0,159.5,1.0,1873.0
2022-11-29,3105,2893218.0,449974162.0,158.0,159.0,154.0,155.0,-4.5,2776.0
2022-11-30,3105,2279939.0,355679764.0,154.5,157.0,154.0,156.0,1.0,1400.0
2022-12-01,3105,4083859.0,660156386.0,159.5,164.0,159.5,162.5,6.5,3088.0
2022-12-02,3105,4316770.0,712584460.0,161.5,168.5,161.0,164.5,2.0,4290.0
2022-12-05,3105,4676966.0,773698568.0,166.0,169.5,163.0,163.0,-1.5,4246.0
2022-12-06,3105,2623213.0,418874463.0,162.0,164.5,156.5,157.5,-5.5,2694.0
2022-12-07,3105,4487435.0,691715454.0,157.5,159.5,151.0,151.5,-6.0,3675.0
2022-12-08,3105,2196493.0,331283196.0,151.5,152.5,148.5,150.5,-1.0,2064.0
2022-12-09,3105,1483889.0,224264095.0,153.0,154.0,149.5,149.5,-1.0,1388.0
2022-12-12,3105,2471255.0,368475285.0,147.5,152.0,145.5,150.5,1.0,1997.0
2022-12-13,3105,3374776.0,511221282.0,152.0,155.5,148.0,148.5,-2.0,2555.0
2022-12-14,3105,2576898.0,393788436.0,151.5,154.5,149.5,154.0,5.5,1988.0
2022-12-15,3105,1563361.0,239100505.0,154.0,155.0,152.0,152.0,-2.0,1484.0
2022-12-16,3105,5609516.0,821012027.0,148.5,149.5,145.0,146.0,-6.0,3438.0
2022-12-19,3105,2180171.0,320800021.0,145.0,149.0,145.0,146.5,0.5,1641.0
2022-12-20,3105,2707814.0,384127739.0,145.5,148.0,137.0,137.0,-9.5,2784.0
2022-12-21,3105,2329502.0,320764596.0,141.0,141.0,136.0,136.0,-1.0,2396.0
2022-12-22,3105,1837982.0,253832406.0,139.0,140.5,137.0,137.5,1.5,1719.0
2022-12-23,3105,2756714.0,378198036.0,134.5,139.5,133.0,138.0,0.5,2393.0
2022-12-26,3105,928580.0,126705450.0,138.5,139.5,135.5,135.5,-2.5,1190.0
2022-12-27,3105,3006642.0,422235635.0,137.0,142.5,137.0,140.0,4.5,2364.0
2022-12-28,3105,2557021.0,359298286.0,140.0,142.5,139.0,140.0,0.0,2051.0
2022-12-29,3105,3278178.0,456231668.0,137.0,142.0,134.5,141.5,1.5,2562.0
2022-12-30,3105,3195221.0,445187245.0,143.0,144.0,136.5,136.5,-5.0,2885.0
2023-01-03,3105,3265463.0,461292301.0,137.5,143.5,137.5,143.0,6.5,2698.0
2023-01-04,3105,1985393.0,285401687.0,142.5,146.0,142.0,143.0,0.0,1794.0
2023-01-05,3105,4565667.0,675936714.0,145.0,152.5,144.5,146.0,3.0,3885.0
2023-01-06,3105,7242208.0,1096913122.0,146.0,155.0,143.5,155.0,9.0,6017.0
2023-01-09,3105,13459497.0,2229762669.0,160.5,170.5,158.0,170.5,15.5,10055.0
2023-01-10,3105,19041348.0,3299613304.0,174.0,176.5,170.5,176.0,5.5,15867.0
2023-01-11,3105,15528721.0,2788824418.0,176.5,186.5,174.0,183.0,7.0,14897.0
2023-01-12,3105,11403346.0,2064774182.0,184.0,184.0,177.0,183.5,0.5,13345.0
2023-01-13,3105,12266661.0,2141157723.0,181.5,182.5,170.0,170.5,-13.0,30006.0
2023-01-16,3105,9899377.0,1738465588.0,170.5,179.0,169.0,179.0,8.5,8143.0
2023-01-17,3105,6499370.0,1155969147.0,175.5,180.0,174.0,180.0,1.0,9643.0
2023-01-30,3105,12433736.0,2383125597.0,185.0,196.0,185.0,194.0,14.0,11460.0
2023-01-31,3105,5030144.0,961774228.0,192.5,193.0,189.5,192.0,-2.0,10637.0
2023-02-01,3105,8466029.0,1607241797.0,194.5,195.0,185.5,191.5,-0.5,10993.0
2023-02-02,3105,5766950.0,1092411157.0,192.0,194.0,187.5,187.5,-4.0,6216.0
2023-02-03,3105,6259746.0,1158790710.0,188.0,192.0,182.0,183.0,-4.5,5849.0
2023-02-06,3105,6235346.0,1117521689.0,180.5,183.0,176.0,176.0,-7.0,5199.0
2023-02-07,3105,7486981.0,1294684212.0,173.0,175.0,170.5,173.0,-3.0,5762.0
2023-02-08,3105,7287436.0,1276738369.0,175.0,177.5,172.0,175.5,2.5,6829.0
2023-02-09,3105,4254725.0,736714663.0,175.5,175.5,172.0,172.5,-3.0,3560.0
2023-02-10,3105,18345107.0,3058639563.0,162.5,173.0,160.0,171.0,-1.5,12795.0
2023-02-13,3105,7561463.0,1280439785.0,168.5,173.0,166.0,169.0,-2.0,5610.0
2023-02-14,3105,4925497.0,838914593.0,168.5,172.0,168.5,170.5,1.5,4082.0
2023-02-15,3105,9214244.0,1603361012.0,169.5,176.5,169.5,173.0,2.5,6781.0
2023-02-16,3105,6082791.0,1045398959.0,173.0,174.0,170.0,171.0,-2.0,5246.0
2023-02-17,3105,5189920.0,896464153.0,169.5,175.0,169.0,173.0,2.0,3871.0
2023-02-20,3105,4774004.0,843105491.0,174.0,178.5,174.0,178.0,5.0,4171.0
2023-02-21,3105,6306303.0,1129913308.0,179.0,182.5,176.0,177.0,-1.0,5381.0
2023-02-22,3105,4361563.0,755354760.0,175.0,176.0,171.0,172.0,-5.0,3897.0
2023-02-23,3105,2809600.0,489955451.0,174.0,176.0,172.0,174.5,2.5,2350.0
2023-02-24,3105,3792339.0,653035696.0,176.0,176.5,170.0,170.0,-4.5,2935.0
2023-03-01,3105,5722419.0,948180814.0,164.0,167.5,163.5,166.5,-3.5,4920.0
2023-03-02,3105,2139486.0,356867413.0,166.0,168.0,165.0,167.0,0.5,2162.0
2023-03-03,3105,4173953.0,701571268.0,168.5,170.5,166.5,167.0,0.0,3483.0
2023-03-06,3105,5842071.0,1014771397.0,169.5,176.0,169.0,175.5,8.5,4725.0
2023-03-07,3105,3980347.0,695009232.0,175.5,177.5,173.0,173.0,-2.5,5576.0
2023-03-08,3105,3302752.0,578143921.0,172.0,177.5,171.5,176.5,3.5,2876.0
2023-03-09,3105,3249481.0,568586078.0,177.5,178.0,173.5,174.0,-2.5,2892.0
2023-03-10,3105,7280005.0,1215211317.0,170.0,172.0,164.0,164.5,-9.5,7263.0
2023-03-13,3105,3990297.0,654751284.0,163.5,166.5,161.5,165.0,0.5,3570.0
2023-03-14,3105,2693437.0,439889355.0,163.0,165.0,162.0,162.5,-2.5,2566.0
2023-03-15,3105,2593980.0,431907807.0,166.0,168.5,165.0,165.5,3.0,2330.0
2023-03-16,3105,2281674.0,377185628.0,164.0,167.5,163.5,165.5,0.0,2063.0
2023-03-17,3105,4416846.0,739405084.0,168.0,169.0,165.0,168.0,2.5,3240.0
2023-03-20,3105,4603626.0,791980240.0,170.0,174.0,169.5,171.0,3.0,3553.0
2023-03-21,3105,3883062.0,665481231.0,173.5,174.5,169.0,172.0,1.0,6796.0
2023-03-22,3105,2128959.0,366646195.0,174.0,174.0,171.0,171.5,-0.5,2115.0
2023-03-23,3105,2171318.0,376537681.0,172.5,174.5,172.0,173.5,2.0,2017.0
2023-03-24,3105,8471510.0,1510486673.0,173.5,181.0,173.0,179.5,6.0,6251.0
2023-03-27,3105,9779290.0,1770200322.0,180.5,185.5,176.0,181.0,1.5,9434.0
2023-03-28,3105,12662511.0,2318897752.0,181.5,187.0,177.5,186.0,5.0,11672.0
2023-03-29,3105,16455501.0,3011758846.0,188.0,188.5,178.5,178.5,-7.5,13112.0
2023-03-30,3105,6718214.0,1209066028.0,179.5,181.5,177.0,181.5,3.0,5691.0
2023-03-31,3105,3860282.0,699731346.0,180.5,183.0,179.5,182.5,1.0,3708.0
2023-04-06,3105,5653114.0,1038882946.0,182.5,186.0,181.0,184.5,2.0,5990.0
2023-04-07,3105,3580675.0,655921821.0,184.5,185.5,182.0,182.0,-2.5,3553.0
2023-04-10,3105,3558928.0,652622487.0,179.5,185.0,179.5,185.0,3.0,3086.0
2023-04-11,3105,4841776.0,894989622.0,185.0,187.0,183.0,184.5,-0.5,4260.0
2023-04-12,3105,3092696.0,568769262.0,185.0,185.5,183.0,183.5,-1.0,2815.0
2023-04-13,3105,3432126.0,629406084.0,183.5,185.5,181.5,182.0,-1.5,3136.0
2023-04-14,3105,2488631.0,453937948.0,183.0,183.5,180.5,183.0,1.0,2368.0
2023-04-17,3105,2654765.0,490238309.0,183.0,186.0,182.5,185.5,2.5,2312.0
2023-04-18,3105,4934010.0,910973520.0,186.5,188.5,182.0,182.0,-3.5,5423.0
2023-04-19,3105,4084892.0,728280388.0,182.5,182.5,176.0,176.0,-6.0,4254.0
2023-04-20,3105,3075283.0,538158658.0,175.5,178.0,173.0,173.0,-3.0,2981.0
2023-04-21,3105,2645704.0,452990964.0,173.0,174.5,169.0,169.0,-4.0,2875.0
2023-04-24,3105,1397332.0,238413857.0,168.0,172.5,168.0,170.5,1.5,1396.0
2023-04-25,3105,4521316.0,750589619.0,170.5,171.0,163.5,165.0,-5.5,4295.0
2023-04-26,3105,6055784.0,970563351.0,163.5,164.0,158.0,160.0,-5.0,5054.0
2023-04-27,3105,5349548.0,847985208.0,160.0,162.5,154.0,160.0,0.0,4376.0
2023-04-28,3105,11164688.0,1811220080.0,160.5,167.0,156.0,163.5,3.5,7758.0
2023-05-02,3105,3898806.0,648830999.0,164.0,169.5,162.5,167.5,4.0,3198.0
2023-05-03,3105,2255546.0,371443522.0,165.5,167.0,163.5,163.5,-4.0,2278.0
2023-05-04,3105,1584168.0,260053431.0,163.0,165.5,162.5,165.0,1.5,1493.0
2023-05-05,3105,1476172.0,243771521.0,164.5,167.0,164.0,165.0,0.0,1334.0
2023-05-08,3105,1657732.0,277269237.0,168.0,168.5,165.5,166.5,1.5,1610.0
2023-05-09,3105,1545988.0,255987313.0,166.5,168.0,164.0,166.0,-0.5,1561.0
2023-05-10,3105,1886078.0,308436531.0,166.0,166.5,162.5,163.0,-3.0,1759.0
2023-05-11,3105,2554404.0,408151396.0,163.5,164.5,157.0,157.0,-6.0,2761.0
2023-05-12,3105,2331707.0,369942670.0,156.5,160.5,156.0,159.0,2.0,2026.0
2023-05-15,3105,10415864.0,1523543835.0,153.0,153.0,143.5,144.0,-15.0,10740.0
2023-05-16,3105,5660738.0,827587475.0,144.0,148.5,143.5,148.0,4.0,4598.0
2023-05-17,3105,3342758.0,499087865.0,147.5,151.5,146.5,151.5,3.5,3264.0
2023-05-18,3105,3218799.0,486914099.0,153.0,153.5,149.0,150.5,-1.0,3005.0
2023-05-19,3105,3728546.0,558760184.0,151.0,152.0,148.0,151.5,1.0,3470.0
2023-05-22,3105,5017340.0,748430719.0,155.0,155.0,147.0,150.0,-1.5,4227.0
2023-05-23,3105,4638623.0,718237668.0,150.5,157.0,150.5,156.5,6.5,3879.0
2023-05-24,3105,2898450.0,444325160.0,155.0,155.5,152.0,153.0,-3.5,2573.0
2023-05-25,3105,3637559.0,558802333.0,153.0,156.5,152.0,152.5,-0.5,3132.0
2023-05-26,3105,2540061.0,394719249.0,153.5,157.0,153.5,155.0,2.5,2731.0
2023-05-29,3105,3297237.0,522941673.0,157.5,161.0,157.0,159.0,4.0,3164.0
2023-05-30,3105,2944390.0,466390432.0,159.0,160.0,156.0,159.0,0.0,3006.0
2023-05-31,3105,3359283.0,536366374.0,158.0,161.5,157.5,159.5,0.5,2432.0
2023-06-01,3105,1730458.0,274212281.0,159.0,160.0,157.0,158.0,-1.5,1743.0
2023-06-02,3105,2600302.0,415931804.0,159.5,161.0,158.0,160.0,2.0,2296.0
2023-06-05,3105,3286267.0,538190102.0,163.5,165.0,162.0,164.0,4.0,3477.0
2023-06-06,3105,2269370.0,367078399.0,165.0,165.5,160.0,161.0,-3.0,2352.0
2023-06-07,3105,14096293.0,2454020517.0,165.0,177.0,164.5,177.0,16.0,10047.0
2023-06-08,3105,8582134.0,1515095947.0,176.0,179.0,173.5,175.0,-2.0,8847.0
2023-06-09,3105,6085031.0,1063171448.0,177.0,177.0,171.0,175.5,0.5,5508.0
2023-06-12,3105,7596743.0,1359986389.0,174.5,182.5,173.5,177.0,1.5,8412.0
2023-06-13,3105,5963992.0,1062699550.0,179.5,182.5,176.0,176.0,-1.0,7163.0
2023-06-14,3105,5727791.0,1030815374.0,177.0,182.0,176.0,180.0,4.0,6680.0
2023-06-15,3105,6560793.0,1196152087.0,181.5,184.5,180.0,181.5,1.5,15696.0
2023-06-16,3105,4238050.0,763194047.0,183.0,183.0,178.5,179.5,-2.0,7115.0
2023-06-19,3105,2549560.0,454761509.0,178.5,180.0,177.5,178.0,-1.5,3624.0
2023-06-20,3105,2780960.0,487581781.0,178.5,178.5,173.5,173.5,-4.5,6753.0
2023-06-21,3105,4429547.0,756413376.0,172.5,173.5,169.5,170.0,-3.5,3760.0
2023-06-26,3105,3742020.0,624144403.0,170.5,171.0,165.0,165.5,-4.5,3456.0
2023-06-27,3105,2913873.0,487866178.0,166.0,170.5,164.0,166.0,0.5,2789.0
2023-06-28,3105,1982608.0,332429138.0,168.0,168.5,166.5,167.0,1.0,1695.0
2023-06-29,3105,4094964.0,680105061.0,166.0,168.0,164.0,165.0,-2.0,3525.0
2023-06-30,3105,2357208.0,387798027.0,165.0,166.5,163.5,164.0,-1.0,2353.0
2023-07-03,3105,3099652.0,508959929.0,165.5,166.0,163.5,164.0,0.0,2731.0
2023-07-04,3105,4948902.0,829474514.0,164.0,170.0,162.5,168.0,0.0,4475.0
2023-07-05,3105,6991160.0,1184306293.0,168.0,173.0,167.0,167.0,-1.0,5803.0
2023-07-06,3105,13110709.0,2283791012.0,168.0,180.0,168.0,171.5,4.5,10390.0
2023-07-07,3105,7947906.0,1329210274.0,170.5,170.5,163.5,167.5,-4.0,7488.0
2023-07-10,3105,4132941.0,698099727.0,168.0,172.0,165.5,167.0,-0.5,3571.0
2023-07-11,3105,4463296.0,755906623.0,169.0,171.5,166.5,170.5,3.5,3391.0
2023-07-12,3105,4567152.0,784197004.0,172.0,174.0,170.0,170.5,0.0,3757.0
2023-07-13,3105,7801480.0,1362832314.0,174.0,178.0,171.5,173.5,3.0,7074.0
2023-07-14,3105,5070148.0,895405879.0,176.0,178.0,174.0,176.5,3.0,6796.0
2023-07-17,3105,4225109.0,731045023.0,177.0,177.5,171.5,173.5,-3.0,4135.0
2023-07-18,3105,3878535.0,673901028.0,174.5,176.0,171.0,174.5,1.0,3340.0
2023-07-19,3105,11412814.0,2023996764.0,177.0,184.5,171.5,171.5,-3.0,9405.0
2023-07-20,3105,10936766.0,1952463474.0,173.5,182.0,172.5,177.5,6.0,8455.0
2023-07-21,3105,5251254.0,934045695.0,175.0,180.5,175.0,178.0,0.5,15755.0
2023-07-24,3105,8486379.0,1498453503.0,183.0,184.0,172.0,172.5,-5.5,7114.0
2023-07-25,3105,6386710.0,1084021939.0,173.0,175.0,168.0,168.0,-4.5,6393.0
2023-07-26,3105,5928808.0,975043001.0,168.0,168.0,161.5,162.5,-5.5,6061.0
2023-07-27,3105,3578834.0,595073738.0,164.0,169.0,163.0,166.0,3.5,3068.0
2023-07-28,3105,5668350.0,946679328.0,166.5,170.0,163.5,166.5,0.5,3838.0
2023-07-31,3105,6306887.0,1041302692.0,169.0,169.5,163.0,164.0,-2.5,5217.0
2023-08-01,3105,16307406.0,2481197116.0,155.0,158.0,149.0,150.0,-14.0,16433.0
2023-08-02,3105,6450273.0,983027287.0,148.5,154.0,148.5,153.0,3.0,5912.0
2023-08-04,3105,4996421.0,769679459.0,150.0,157.0,150.0,154.5,1.5,4230.0
2023-08-07,3105,2618380.0,401953413.0,154.5,156.0,151.5,152.0,-2.5,2800.0
2023-08-08,3105,3870458.0,582527593.0,151.5,152.0,149.0,151.0,-1.0,3526.0
2023-08-09,3105,2464917.0,373500620.0,150.5,153.0,150.0,151.5,0.5,2152.0
2023-08-10,3105,2876989.0,429555623.0,150.5,151.0,148.0,150.5,-1.0,3060.0
2023-08-11,3105,7993649.0,1151676627.0,144.0,147.0,142.0,143.5,-7.0,7543.0
2023-08-14,3105,4461959.0,619481952.0,141.0,141.5,137.0,138.5,-5.0,4614.0
2023-08-15,3105,5940008.0,809153567.0,139.0,140.0,135.0,135.0,-3.5,5797.0
2023-08-16,3105,5773260.0,777359630.0,132.0,137.5,131.0,135.5,0.5,4735.0
2023-08-17,3105,10021354.0,1306168038.0,133.0,133.0,129.0,130.0,-5.5,7249.0
2023-08-18,3105,3914836.0,516962152.0,131.0,133.5,130.5,132.0,2.0,3181.0
2023-08-21,3105,4053837.0,526520825.0,133.0,133.5,128.5,129.0,-3.0,3629.0
2023-08-22,3105,4546908.0,588244878.0,130.0,131.0,128.0,128.5,-0.5,3299.0
2023-08-23,3105,5186143.0,664780009.0,128.5,129.5,126.5,128.5,0.0,3533.0
2023-08-24,3105,4481832.0,580692815.0,130.5,131.5,127.5,129.5,1.0,3311.0
2023-08-25,3105,3901114.0,499330003.0,128.5,129.5,126.0,128.0,-1.5,3044.0
2023-08-28,3105,2995921.0,390001724.0,129.0,132.0,128.5,129.5,1.5,2632.0
2023-08-29,3105,3832433.0,500717307.0,130.0,132.0,129.0,131.0,1.5,2733.0
2023-08-30,3105,5905803.0,796900272.0,132.0,137.0,132.0,134.0,3.0,5007.0
2023-08-31,3105,34698857.0,4715032646.0,133.5,136.5,132.0,136.0,2.0,4452.0
2023-09-01,3105,9389777.0,1331344467.0,137.0,146.0,135.5,140.5,4.5,8369.0
2023-09-04,3105,7935034.0,1135397163.0,141.0,146.0,139.0,144.0,3.5,6722.0
2023-09-05,3105,6034164.0,863125613.0,144.0,146.0,141.0,143.0,-1.0,6127.0
2023-09-06,3105,3323719.0,476798220.0,144.0,145.0,142.0,143.5,0.5,3007.0
2023-09-07,3105,7157846.0,1034279215.0,145.5,148.0,141.5,143.0,-0.5,5751.0
2023-09-08,3105,5081193.0,706658776.0,143.0,143.0,138.0,138.0,-5.0,4766.0
2023-09-11,3105,3395949.0,473203354.0,139.5,143.0,136.5,137.5,-0.5,3001.0
2023-09-12,3105,2978396.0,415928651.0,138.0,141.0,137.5,139.5,2.0,2752.0
2023-09-13,3105,2232478.0,310796138.0,140.0,141.0,138.0,139.0,-0.5,1889.0
2023-09-14,3105,2073057.0,293527390.0,141.0,142.5,140.0,142.5,3.5,1950.0
2023-09-15,3105,6313078.0,918780884.0,142.0,148.0,141.5,145.5,3.0,4582.0
2023-09-18,3105,4670477.0,678362327.0,146.5,148.0,143.5,144.0,-1.5,3938.0
2023-09-19,3105,3012563.0,426394550.0,145.0,145.5,140.0,140.0,-4.0,3131.0
2023-09-20,3105,2143912.0,301942477.0,142.0,143.5,139.5,139.5,-0.5,1920.0
2023-09-21,3105,3659618.0,499834178.0,138.5,139.5,135.0,135.0,-4.5,4067.0
2023-09-22,3105,2042383.0,276521821.0,134.0,137.5,132.5,136.0,1.0,1865.0
2023-09-25,3105,1166386.0,158411688.0,136.5,137.0,135.0,135.5,-0.5,1455.0
2023-09-26,3105,2150607.0,286696375.0,135.0,136.0,132.0,132.0,-3.5,2598.0
2023-09-27,3105,3119470.0,408409535.0,130.5,133.0,129.5,130.5,-1.5,2754.0
2023-09-28,3105,5218657.0,674847847.0,130.5,131.0,128.0,129.0,-1.5,4362.0
2023-10-02,3105,4396125.0,586749362.0,131.0,135.0,130.0,134.5,5.5,3635.0
2023-10-03,3105,4121994.0,552217212.0,135.0,136.0,132.5,132.5,-2.0,3528.0
2023-10-04,3105,3502657.0,468091426.0,131.0,135.0,131.0,134.5,2.0,3159.0
2023-10-05,3105,2848009.0,383962159.0,133.5,135.5,133.5,135.0,0.5,2510.0
2023-10-06,3105,4292777.0,583275455.0,136.5,138.0,134.5,134.5,-0.5,3600.0
2023-10-11,3105,2399809.0,321720149.0,136.5,137.0,132.5,133.0,-1.5,2518.0
2023-10-12,3105,2239786.0,300005988.0,134.0,135.0,133.0,134.5,1.5,1779.0
2023-10-13,3105,3619954.0,488436954.0,135.0,137.0,132.5,137.0,2.5,2627.0
2023-10-16,3105,6466189.0,896975414.0,137.0,140.5,135.0,138.0,1.0,5238.0
2023-10-17,3105,5622200.0,785915924.0,140.0,141.5,138.5,139.0,1.0,3904.0
2023-10-18,3105,5182165.0,707009887.0,139.0,139.5,134.0,134.0,-5.0,3785.0
2023-10-19,3105,4619092.0,604436659.0,133.0,133.5,129.0,130.5,-3.5,4490.0
2023-10-20,3105,5089793.0,646423787.0,129.5,130.0,125.5,126.5,-4.0,5330.0
2023-10-23,3105,2558260.0,322304138.0,125.5,128.0,123.5,125.5,-1.0,2433.0
2023-10-24,3105,1715944.0,216268116.0,126.0,127.5,124.5,127.0,1.5,1720.0
2023-10-25,3105,2346167.0,300632082.0,128.0,129.5,127.0,127.5,0.5,2220.0
2023-10-26,3105,5022453.0,618431357.0,125.5,125.5,121.0,121.0,-6.5,5387.0
2023-10-27,3105,8333146.0,1055043911.0,122.0,129.0,122.0,127.5,6.5,5212.0
2023-10-30,3105,5953791.0,833530740.0,140.0,140.0,140.0,140.0,12.5,3907.0
2023-10-31,3105,50626186.0,7409889943.0,142.0,152.5,139.0,145.0,5.0,32289.0
2023-11-01,3105,18339401.0,2712286478.0,148.0,150.0,146.0,147.0,2.0,13379.0
2023-11-02,3105,10732569.0,1585262246.0,147.5,150.0,144.0,149.5,2.5,10476.0
2023-11-03,3105,15380169.0,2350727563.0,151.5,156.5,150.0,150.5,1.0,11959.0
2023-11-06,3105,7641898.0,1180301893.0,154.0,156.0,152.5,155.0,4.5,5500.0
2023-11-07,3105,8947102.0,1381140754.0,158.0,158.0,152.5,153.0,-2.0,7474.0
2023-11-08,3105,4610727.0,705178991.0,153.5,155.0,152.0,152.0,-1.0,3470.0
2023-11-09,3105,5602373.0,863196744.0,153.0,156.0,151.5,154.5,2.5,4637.0
2023-11-10,3105,7218229.0,1116151914.0,155.0,157.0,151.5,156.5,2.0,5509.0
2023-11-13,3105,12172022.0,1866231969.0,158.5,159.0,150.5,152.0,-4.5,7803.0
2023-11-14,3105,6051117.0,921959777.0,153.0,155.0,150.0,154.0,2.0,3917.0
2023-11-15,3105,5577436.0,863000147.0,155.0,156.5,154.0,154.5,0.5,3812.0
2023-11-16,3105,2265903.0,349449280.0,155.5,156.5,153.0,153.5,-1.0,2289.0
2023-11-17,3105,3496961.0,534115139.0,154.5,155.0,151.0,152.5,-1.0,2664.0
2023-11-20,3105,3650736.0,560161054.0,153.0,156.0,151.5,152.0,-0.5,2784.0
2023-11-21,3105,3022301.0,460439957.0,153.0,153.5,151.0,153.0,1.0,2747.0
2023-11-22,3105,3564355.0,541037659.0,153.5,154.5,150.5,151.5,-1.5,2890.0
2023-11-23,3105,18487552.0,2922388964.0,153.5,162.0,152.0,159.0,7.5,13325.0
2023-11-24,3105,23444326.0,3879929651.0,161.0,170.0,157.0,167.0,8.0,17998.0
2023-11-27,3105,14150626.0,2273260374.0,167.0,167.5,155.0,157.0,-10.0,11188.0
2023-11-28,3105,6755936.0,1089352872.0,158.5,164.0,157.0,163.5,6.5,5558.0
2023-11-29,3105,8001977.0,1335420551.0,163.5,169.5,163.5,168.0,4.5,6753.0
2023-11-30,3105,14346361.0,2447843312.0,168.5,173.5,166.0,172.0,4.0,11729.0
2023-12-01,3105,4633945.0,784100132.0,171.0,172.0,167.5,167.5,-4.5,7231.0
2023-12-04,3105,10385992.0,1789344631.0,172.0,177.5,168.0,169.5,2.0,8591.0
2023-12-05,3105,10494431.0,1794329745.0,170.0,174.5,166.5,171.5,2.0,9387.0
2023-12-06,3105,4537132.0,772477745.0,172.0,173.0,168.5,170.0,-1.5,4300.0
2023-12-07,3105,5358625.0,900360555.0,170.5,171.5,165.5,166.0,-4.0,5946.0
2023-12-08,3105,4169997.0,701700338.0,168.0,170.0,167.0,167.5,1.5,3291.0
2023-12-11,3105,3524556.0,588448568.0,168.5,169.0,165.5,166.0,-1.5,2715.0
2023-12-12,3105,2813065.0,472443562.0,168.0,169.0,166.5,167.0,1.0,2425.0
2023-12-13,3105,2756824.0,458409483.0,167.5,167.5,165.0,167.0,0.0,2579.0
2023-12-14,3105,3409936.0,577082691.0,169.0,171.0,168.0,169.0,2.0,3032.0
2023-12-15,3105,6697602.0,1138023538.0,171.0,172.0,168.0,170.0,1.0,3324.0
2023-12-18,3105,5994364.0,984194509.0,169.5,169.5,161.5,161.5,-8.5,6524.0
2023-12-19,3105,9077992.0,1412695740.0,160.5,161.0,153.0,153.5,-8.0,8313.0
2023-12-20,3105,3844790.0,592284831.0,153.0,156.0,152.5,153.5,0.0,3387.0
2023-12-21,3105,2894778.0,439965609.0,152.0,154.5,150.0,152.0,-1.5,3136.0
2023-12-22,3105,2461139.0,380645933.0,152.5,156.0,152.5,154.5,2.5,2454.0
2023-12-25,3105,2853456.0,448995302.0,155.0,159.0,155.0,157.5,3.0,2554.0
2023-12-26,3105,1945047.0,307612742.0,158.0,159.0,156.5,158.5,1.0,1978.0
2023-12-27,3105,1722475.0,273991369.0,159.5,160.5,157.5,159.5,1.0,1954.0
2023-12-28,3105,2150873.0,339220453.0,160.0,160.0,156.5,157.5,-2.0,2005.0
2023-12-29,3105,1240001.0,196816020.0,157.5,159.5,157.5,159.0,1.5,1215.0
2024-01-02,3105,1290238.0,202486092.0,159.0,159.0,156.0,156.0,-3.0,1517.0
2024-01-03,3105,6759644.0,1010851591.0,154.0,154.0,148.0,148.0,-8.0,7297.0
2024-01-04,3105,5921968.0,865619655.0,148.0,150.5,144.0,146.0,-2.0,5256.0
2024-01-05,3105,1849962.0,273664513.0,147.5,149.0,146.5,148.0,2.0,1637.0
2024-01-08,3105,3811624.0,576270787.0,149.0,154.0,149.0,149.5,1.5,3439.0
2024-01-09,3105,1761613.0,263883002.0,151.5,152.5,148.0,149.0,-0.5,1776.0
2024-01-10,3105,1045539.0,155155065.0,148.5,149.5,147.0,148.0,-1.0,1244.0
2024-01-11,3105,2058113.0,307510313.0,148.5,152.0,146.5,150.5,2.5,1857.0
2024-01-12,3105,1545993.0,233157153.0,149.5,152.0,149.0,151.0,0.5,1442.0
2024-01-15,3105,1414918.0,212994338.0,151.0,152.0,149.5,151.0,0.0,1380.0
2024-01-16,3105,2099824.0,319225173.0,150.0,153.0,149.5,152.5,1.5,2028.0
2024-01-17,3105,3689201.0,547378439.0,152.0,153.0,146.0,146.0,-6.5,3511.0
2024-01-18,3105,1615618.0,235719557.0,146.0,148.0,144.5,145.5,-0.5,1847.0
2024-01-19,3105,2304390.0,346516358.0,147.5,151.5,147.5,150.5,5.0,2146.0
2024-01-22,3105,1974655.0,296967036.0,152.0,152.0,149.0,151.0,0.5,2141.0
2024-01-23,3105,1758070.0,264915649.0,151.5,151.5,149.5,151.0,0.0,1273.0
2024-01-24,3105,3530214.0,543433376.0,150.5,155.5,150.5,154.5,3.5,3194.0
2024-01-25,3105,2262301.0,344342007.0,154.0,155.0,151.0,151.0,-3.5,2397.0
2024-01-26,3105,2997859.0,460617248.0,150.5,155.5,150.5,154.5,3.5,2360.0
2024-01-29,3105,3255820.0,508492382.0,155.0,158.0,154.0,155.5,1.0,2942.0
2024-01-30,3105,3798232.0,585935069.0,155.0,157.0,152.0,156.0,0.5,3347.0
2024-01-31,3105,3315142.0,518251190.0,153.5,159.0,153.5,155.0,-1.0,2680.0
2024-02-01,3105,1816179.0,279959566.0,156.0,156.0,152.5,152.5,-2.5,1784.0
2024-02-02,3105,4361758.0,684232960.0,155.0,158.5,153.0,158.5,6.0,3319.0
2024-02-05,3105,4301236.0,685895739.0,159.5,162.0,157.5,159.5,1.0,3920.0
2024-02-15,3105,7663342.0,1206474480.0,160.5,161.0,155.5,156.0,-3.5,6386.0
2024-02-16,3105,2297019.0,361507550.0,158.0,158.0,156.5,157.5,1.5,2175.0
2024-02-19,3105,8958188.0,1453470964.0,159.5,166.0,158.0,160.5,3.0,7613.0
2024-02-20,3105,4492434.0,724886355.0,160.5,163.0,159.0,161.0,0.5,4589.0
2024-02-21,3105,4750009.0,770190286.0,161.5,164.5,160.0,161.0,0.0,4134.0
2024-02-22,3105,4197862.0,680779347.0,163.0,163.5,160.5,162.5,1.5,3417.0
2024-02-23,3105,3715602.0,594509487.0,162.5,163.5,158.0,158.0,-4.5,4058.0
2024-02-26,3105,2708191.0,424810254.0,158.0,159.5,155.5,157.0,-1.0,2830.0
2024-02-27,3105,3350330.0,515615321.0,157.0,158.0,152.0,152.0,-5.0,3743.0
2024-02-29,3105,2687852.0,409313133.0,153.0,154.5,151.0,152.0,0.0,2315.0
2024-03-01,3105,2667753.0,414077366.0,152.5,156.5,152.5,155.5,3.5,2763.0
2024-03-04,3105,2163765.0,339224377.0,156.5,158.0,155.5,156.0,0.5,2164.0
2024-03-05,3105,6550920.0,1032349900.0,158.0,161.0,154.0,155.0,-1.0,5711.0
2024-03-06,3105,3132429.0,478971827.0,154.0,154.5,152.0,152.5,-2.5,3229.0
2024-03-07,3105,8985696.0,1407907652.0,155.0,161.0,153.5,156.5,4.0,6524.0
2024-03-08,3105,4796119.0,744961490.0,157.0,159.0,152.0,153.0,-3.5,4302.0
2024-03-11,3105,3688146.0,569484074.0,153.0,157.0,152.0,153.0,0.0,2972.0
2024-03-12,3105,4299081.0,653586896.0,152.5,154.0,149.5,153.0,0.0,3937.0
2024-03-13,3105,5173895.0,772175699.0,154.0,154.0,147.0,147.5,-5.5,5909.0
2024-03-14,3105,3053909.0,447572956.0,147.0,148.5,145.5,145.5,-2.0,3116.0
2024-03-15,3105,4957178.0,717172895.0,145.5,147.0,143.0,145.5,0.0,3913.0
2024-03-18,3105,1799705.0,264726350.0,147.0,149.0,145.0,149.0,3.5,1899.0
2024-03-19,3105,6991708.0,1081436708.0,149.5,157.0,149.0,157.0,8.0,5977.0
2024-03-20,3105,3193265.0,492145300.0,156.5,157.0,152.5,153.0,-4.0,3453.0
2024-03-21,3105,1871583.0,288262472.0,155.5,156.0,153.0,154.5,1.5,1698.0
2024-03-22,3105,3228118.0,492498336.0,154.5,154.5,151.5,153.5,-1.0,2492.0
2024-03-25,3105,2110981.0,325622029.0,153.5,155.5,153.0,153.5,0.0,1828.0
2024-03-26,3105,3077438.0,465456121.0,153.5,155.5,149.0,149.0,-4.5,2917.0
2024-03-27,3105,2352140.0,347287512.0,148.0,149.5,147.0,147.0,-2.0,3152.0
2024-03-28,3105,2248540.0,329447940.0,147.0,148.5,145.5,145.5,-1.5,2379.0
2024-03-29,3105,1534377.0,224286256.0,145.5,147.5,145.0,146.0,0.5,1679.0
2024-04-01,3105,2011595.0,297895486.0,146.0,150.5,145.0,148.0,2.0,2068.0
2024-04-02,3105,1709315.0,253605387.0,149.5,150.0,147.5,149.0,1.0,1676.0
2024-04-03,3105,1866964.0,275458065.0,148.0,149.0,146.5,147.5,-1.5,1685.0
2024-04-08,3105,3781205.0,548391424.0,147.5,149.0,143.5,143.5,-4.0,3844.0
2024-04-09,3105,3269538.0,481550343.0,143.5,149.0,143.5,148.5,5.0,3038.0
2024-04-10,3105,4807731.0,730815328.0,149.0,154.5,148.0,153.5,5.0,4327.0
2024-04-11,3105,3647489.0,560431479.0,153.0,156.0,151.0,154.5,1.0,3857.0
2024-04-12,3105,2816028.0,428298781.0,155.0,155.0,150.5,150.5,-4.0,2876.0
2024-04-15,3105,2373959.0,351959531.0,150.0,151.0,146.0,147.0,-3.5,2507.0
2024-04-16,3105,3100962.0,444877791.0,146.5,147.0,142.0,143.0,-4.0,3583.0
2024-04-17,3105,1719651.0,247242799.0,143.5,144.5,143.0,143.5,0.5,1830.0
2024-04-18,3105,1462834.0,211709718.0,142.5,146.0,142.0,145.5,2.0,1393.0
2024-04-19,3105,5246281.0,732456862.0,143.0,143.0,135.0,140.0,-5.5,5513.0
2024-04-22,3105,1414345.0,196300838.0,141.5,142.0,137.0,137.0,-3.0,2206.0
2024-04-23,3105,1366837.0,189733710.0,140.0,140.5,137.5,140.0,3.0,1437.0
2024-04-24,3105,2349341.0,337668643.0,142.5,145.0,141.5,145.0,5.0,1841.0
2024-04-25,3105,1777717.0,252834118.0,144.0,144.0,141.0,143.0,-2.0,1759.0
2024-04-26,3105,1583180.0,225564121.0,144.0,144.0,141.5,142.5,-0.5,1410.0
2024-04-29,3105,4120252.0,599442388.0,148.0,149.0,143.5,145.0,2.5,3222.0
2024-04-30,3105,3686069.0,543882719.0,145.5,149.5,145.5,146.0,1.0,2599.0
2024-05-02,3105,1572931.0,226545496.0,145.0,145.5,143.0,143.5,-2.5,1454.0
2024-05-03,3105,1901650.0,275139069.0,146.0,147.0,143.5,143.5,0.0,1541.0
2024-05-06,3105,2291537.0,328758068.0,146.0,146.0,142.0,142.5,-1.0,1764.0
2024-05-07,3105,1895279.0,267777775.0,144.0,144.5,140.0,141.0,-1.5,1836.0
2024-05-08,3105,1862354.0,263401139.0,143.0,143.5,140.5,141.5,0.5,1649.0
2024-05-09,3105,1523165.0,214274395.0,142.5,143.0,140.0,140.0,-1.5,1363.0
2024-05-10,3105,1909851.0,266440614.0,141.0,141.0,137.5,140.0,0.0,1793.0
2024-05-13,3105,1175536.0,163817611.0,140.5,140.5,138.0,140.0,0.0,1267.0
2024-05-14,3105,1626650.0,227410070.0,140.0,141.5,139.0,140.0,0.0,1792.0
2024-05-15,3105,2106460.0,295463893.0,141.0,142.0,139.5,139.5,-0.5,1961.0
2024-05-16,3105,2869594.0,408668373.0,140.5,144.0,140.5,143.0,3.5,2616.0
2024-05-17,3105,1088485.0,154372614.0,143.0,143.5,141.0,141.5,-1.5,1380.0
2024-05-20,3105,1511840.0,215438789.0,142.5,143.5,141.5,142.5,1.0,1478.0
2024-05-21,3105,1331870.0,187828478.0,142.5,143.5,140.0,140.5,-2.0,1517.0
2024-05-22,3105,2451205.0,350861143.0,142.0,145.0,141.0,142.5,2.0,1942.0
2024-05-23,3105,1453100.0,205426564.0,143.0,143.0,140.5,140.5,-2.0,1421.0
2024-05-24,3105,963682.0,134489549.0,139.5,140.5,138.0,140.0,-0.5,1165.0
2024-05-27,3105,1144252.0,161824824.0,140.5,142.0,140.0,141.5,1.5,1306.0
2024-05-28,3105,2302106.0,331235590.0,142.0,145.0,142.0,143.5,2.0,2084.0
2024-05-29,3105,1588241.0,229620149.0,144.0,145.5,143.5,144.5,1.0,1636.0
2024-05-30,3105,1573504.0,224276019.0,143.0,143.5,141.5,142.5,-2.0,1490.0
2024-05-31,3105,1492685.0,212675179.0,143.0,144.0,141.5,141.5,-1.0,1334.0
2024-06-03,3105,1764508.0,249322832.0,142.0,143.0,140.0,140.5,-1.0,1545.0
2024-06-04,3105,2304965.0,325700299.0,141.0,143.5,140.0,140.0,-0.5,2508.0
2024-06-05,3105,1463193.0,204214137.0,141.0,141.0,139.0,139.0,-1.0,2006.0
2024-06-06,3105,3025056.0,422928814.0,142.0,143.5,138.0,138.0,-1.0,2935.0
2024-06-07,3105,2421017.0,334380323.0,139.0,139.5,137.0,137.5,-0.5,2777.0
2024-06-11,3105,1942059.0,267025744.0,138.0,139.0,137.0,137.0,-0.5,1963.0
2024-06-12,3105,2200935.0,307677688.0,137.5,141.5,137.5,139.5,2.5,1911.0
2024-06-13,3105,16944681.0,2558216606.0,142.5,153.0,142.5,153.0,13.5,10400.0
2024-06-14,3105,12606348.0,1932547993.0,155.0,155.5,151.0,153.5,0.5,9445.0
2024-06-17,3105,11049122.0,1723121107.0,153.5,158.0,151.5,155.0,1.5,7779.0
2024-06-18,3105,5537667.0,854721289.0,156.5,157.0,152.5,154.0,-1.0,4453.0
2024-06-19,3105,12317227.0,1949901872.0,156.0,161.5,155.0,155.5,1.5,10059.0
2024-06-20,3105,9027634.0,1444951985.0,158.0,161.5,157.0,160.5,5.0,7390.0
2024-06-21,3105,9692702.0,1576595204.0,159.0,165.0,157.5,163.5,3.0,7742.0
2024-06-24,3105,6618912.0,1059216417.0,164.0,164.0,158.0,158.0,-5.5,5746.0
2024-06-25,3105,5100902.0,801573686.0,157.0,159.0,154.5,158.0,0.0,4534.0
2024-06-26,3105,3682748.0,585890134.0,159.5,161.5,157.0,157.5,-0.5,3667.0
2024-06-27,3105,4545342.0,720586653.0,157.0,161.0,156.0,159.5,2.0,3582.0
2024-06-28,3105,30777717.0,5352664958.0,172.0,175.0,168.5,174.5,15.0,18589.0
2024-07-01,3105,23677998.0,4216754733.0,177.5,183.0,174.0,175.0,0.5,18606.0
2024-07-02,3105,7946341.0,1372687285.0,175.0,176.5,170.0,171.0,-4.0,9116.0
2024-07-03,3105,5553571.0,968385096.0,174.0,176.5,171.5,174.5,3.5,5422.0
2024-07-04,3105,7505247.0,1315498341.0,176.5,178.5,173.0,173.5,-1.0,6082.0
2024-07-05,3105,13524878.0,2430969268.0,175.5,183.0,175.5,180.5,7.0,10680.0
2024-07-08,3105,6325361.0,1129381349.0,180.0,181.5,176.0,178.5,-2.0,10582.0
2024-07-09,3105,6988409.0,1245388880.0,179.0,182.0,174.5,177.0,-1.5,10381.0
2024-07-10,3105,6981897.0,1259276963.0,179.0,183.0,178.0,180.0,3.0,10812.0
2024-07-11,3105,5145065.0,931724118.0,182.5,183.0,180.0,180.0,0.0,7015.0
2024-07-12,3105,7807692.0,1362202971.0,179.0,179.5,172.0,173.0,-7.0,8198.0
2024-07-15,3105,3461011.0,593019095.0,175.0,175.0,169.5,171.0,-2.0,4710.0
2024-07-16,3105,3888862.0,675504098.0,173.0,176.0,171.5,173.0,2.0,4031.0
2024-07-17,3105,10823304.0,1942302475.0,175.0,182.0,173.5,181.0,8.0,10770.0
2024-07-18,3105,6796155.0,1199987225.0,177.5,180.5,174.0,176.5,-4.5,7179.0
2024-07-19,3105,7620393.0,1295503220.0,175.0,176.5,165.0,166.0,-10.5,7276.0
2024-07-22,3105,9447087.0,1494494318.0,166.0,166.0,155.0,156.0,-10.0,7380.0
2024-07-23,3105,5277132.0,857983887.0,160.5,165.5,160.0,160.5,4.5,4497.0
2024-07-26,3105,6841836.0,1050225186.0,153.0,155.0,151.0,153.0,-7.5,5797.0
2024-07-29,3105,10698349.0,1609047668.0,154.5,155.5,148.0,148.5,-4.5,7853.0
2024-07-30,3105,11814445.0,1714019911.0,148.0,149.0,141.5,149.0,0.5,7400.0
2024-07-31,3105,22874341.0,3113128502.0,135.0,138.5,135.0,135.0,-14.0,18184.0
2024-08-01,3105,7088438.0,976349039.0,137.0,139.5,136.0,138.5,3.5,5855.0
2024-08-02,3105,8829180.0,1172206293.0,135.5,137.0,129.0,130.0,-8.5,9095.0
2024-08-05,3105,12162041.0,1435419911.0,123.0,123.5,117.0,117.5,-12.5,9351.0
2024-08-06,3105,7174487.0,849061473.0,122.0,122.0,112.5,118.5,1.0,6059.0
2024-08-07,3105,5064789.0,622031315.0,119.5,125.5,119.0,124.0,5.5,4203.0
2024-08-08,3105,2641656.0,321009749.0,121.0,123.0,120.0,121.5,-2.5,2656.0
2024-08-09,3105,3784139.0,468199652.0,126.5,126.5,122.0,122.5,1.0,3429.0
2024-08-12,3105,3095544.0,391779649.0,125.5,128.0,125.0,126.5,4.0,3080.0
2024-08-13,3105,2145924.0,272928911.0,127.0,128.5,125.5,127.5,1.0,2064.0
2024-08-14,3105,4461086.0,584684549.0,131.0,132.5,130.0,131.0,3.5,3658.0
2024-08-15,3105,2284277.0,298144083.0,131.5,131.5,129.0,131.0,0.0,2065.0
2024-08-16,3105,2949158.0,393338220.0,134.0,134.5,132.5,133.0,2.0,2839.0
2024-08-19,3105,1949226.0,261122919.0,133.0,135.5,132.0,133.5,0.5,2025.0
2024-08-20,3105,1354033.0,181722794.0,135.0,135.0,133.5,134.0,0.5,1458.0
2024-08-21,3105,2422681.0,322546883.0,134.0,135.0,131.0,132.5,-1.5,2278.0
2024-08-22,3105,2488622.0,334241941.0,133.5,136.0,133.0,134.0,1.5,3280.0
2024-08-23,3105,2776173.0,368875291.0,132.5,135.5,131.0,134.5,0.5,2049.0
2024-08-26,3105,2885624.0,383757297.0,134.5,135.0,131.0,132.0,-2.5,2980.0
2024-08-27,3105,1177341.0,156164013.0,132.0,134.0,131.0,133.5,1.5,1178.0
2024-08-28,3105,1788735.0,236891703.0,133.0,134.5,131.5,132.5,-1.0,1692.0
2024-08-29,3105,6299608.0,865285434.0,132.0,139.5,131.0,139.0,6.5,5854.0
2024-08-30,3105,4460957.0,620380288.0,140.5,141.5,137.0,137.0,-2.0,5754.0
2024-09-02,3105,7355112.0,1051284492.0,139.5,146.5,139.5,140.5,3.5,5667.0
2024-09-03,3105,3261406.0,454407143.0,142.0,142.5,137.5,137.5,-3.0,3250.0
2024-09-04,3105,5409902.0,703506916.0,131.0,132.0,127.0,129.5,-8.0,5025.0
2024-09-05,3105,2066157.0,269580564.0,132.0,132.5,128.5,129.0,-0.5,2201.0
2024-09-06,3105,1160863.0,150060386.0,129.5,131.0,127.5,129.0,0.0,1379.0
2024-09-09,3105,1827700.0,230579824.0,125.0,128.0,125.0,127.5,-1.5,2982.0
2024-09-10,3105,2311718.0,290397603.0,130.0,130.0,123.0,124.0,-3.5,2721.0
2024-09-11,3105,1108293.0,139164746.0,124.5,127.0,124.0,125.5,1.5,1208.0
2024-09-12,3105,1531283.0,197919459.0,129.5,130.0,127.5,130.0,4.5,1689.0
2024-09-13,3105,1349930.0,175334619.0,130.0,131.0,128.5,130.0,0.0,1465.0
2024-09-16,3105,3350729.0,446311742.0,132.5,135.0,131.5,131.5,1.5,3069.0
2024-09-18,3105,1470391.0,191225637.0,131.5,131.5,129.0,129.0,-2.5,1631.0
2024-09-19,3105,6597227.0,901042787.0,131.5,139.5,130.5,138.0,9.0,5322.0
2024-09-20,3105,5031822.0,685948124.0,140.0,140.5,134.0,134.0,-4.0,6948.0
2024-09-23,3105,3103304.0,424793130.0,135.0,138.5,134.5,136.0,2.0,2715.0
2024-09-24,3105,4251924.0,584660276.0,137.0,139.5,134.5,137.5,1.5,3691.0
2024-09-25,3105,4197228.0,582540350.0,139.5,140.0,138.0,138.0,0.5,3462.0
2024-09-26,3105,2047796.0,282205181.0,139.0,140.0,136.5,136.5,-1.5,3461.0
2024-09-27,3105,2761281.0,377585074.0,137.5,138.5,136.0,136.0,-0.5,2338.0
2024-09-30,3105,1754655.0,240062972.0,136.0,138.0,135.5,136.5,0.5,1779.0
2024-10-01,3105,6077701.0,837933539.0,136.5,141.5,134.5,135.0,-1.5,5212.0
2024-10-04,3105,2330430.0,309966918.0,134.5,135.0,132.0,132.5,-2.5,2451.0
2024-10-07,3105,1591560.0,211365932.0,134.0,134.5,131.5,134.5,2.0,1987.0
2024-10-08,3105,3602760.0,466420048.0,130.5,131.0,128.5,129.0,-5.5,3429.0
2024-10-09,3105,1532154.0,198564298.0,130.0,131.0,128.5,128.5,-0.5,1732.0
2024-10-11,3105,800838.0,103723458.0,129.0,130.5,129.0,129.0,0.5,1014.0
2024-10-14,3105,958432.0,123439548.0,129.5,129.5,128.0,129.5,0.5,1197.0
2024-10-15,3105,4219459.0,567447324.0,130.5,138.0,130.0,134.0,4.5,3521.0
2024-10-16,3105,2951232.0,387526588.0,132.0,133.0,130.0,130.0,-4.0,3249.0
2024-10-17,3105,2097857.0,275573378.0,132.0,133.5,130.0,131.0,1.0,2581.0
2024-10-18,3105,2122422.0,276363585.0,133.0,133.5,129.0,129.5,-1.5,2263.0
2024-10-21,3105,1422224.0,186762339.0,130.5,133.0,129.5,132.5,3.0,1425.0
2024-10-22,3105,958516.0,126867703.0,132.0,133.0,131.0,132.5,0.0,1165.0
2024-10-23,3105,1006373.0,133768510.0,133.0,134.5,132.0,132.5,0.0,1224.0
2024-10-24,3105,1215847.0,158719359.0,132.5,132.5,129.5,129.5,-3.0,1449.0
2024-10-25,3105,2170101.0,279060336.0,129.0,130.5,128.0,128.5,-1.0,2232.0
2024-10-28,3105,4174462.0,522102446.0,129.0,129.0,123.0,125.0,-3.5,4310.0
2024-10-29,3105,3127764.0,385823071.0,125.5,126.0,121.5,125.0,0.0,3004.0
2024-10-30,3105,2525776.0,310165391.0,124.5,124.5,122.0,122.0,-3.0,2652.0
2024-11-01,3105,5617089.0,660515678.0,113.5,120.5,113.5,120.0,-2.0,4661.0
2024-11-04,3105,3225523.0,375158444.0,119.0,119.0,115.5,115.5,-4.5,3632.0
2024-11-05,3105,3119156.0,358062378.0,115.0,116.5,113.0,115.0,-0.5,2727.0
2024-11-06,3105,2200362.0,255438513.0,116.5,118.0,115.0,115.5,0.5,2257.0
2024-11-07,3105,3106370.0,369180753.0,116.0,120.5,115.5,119.0,3.5,2560.0
2024-11-08,3105,2401105.0,283605214.0,120.0,120.5,116.5,116.5,-2.5,2327.0
2024-11-11,3105,2172408.0,258987517.0,117.0,121.5,115.5,119.5,3.0,2026.0
2024-11-12,3105,1742223.0,206002851.0,118.5,120.5,117.0,117.5,-2.0,1993.0
2024-11-13,3105,2432155.0,291348503.0,117.5,121.5,117.0,119.0,1.5,2049.0
2024-11-14,3105,1905881.0,223855503.0,119.0,120.0,116.0,116.0,-3.0,1734.0
2024-11-15,3105,1157621.0,135450462.0,118.0,118.5,116.0,116.0,0.0,1033.0
2024-11-18,3105,1262909.0,147099515.0,117.5,117.5,115.0,117.0,1.0,1426.0
2024-11-19,3105,1380936.0,160949415.0,117.0,118.0,115.0,117.0,0.0,1792.0
2024-11-20,3105,1147403.0,134965880.0,118.0,118.5,116.5,116.5,-0.5,1311.0
2024-11-21,3105,2053533.0,244872825.0,116.5,121.5,116.0,118.5,2.0,1760.0
2024-11-22,3105,842430.0,100509210.0,121.0,121.0,118.5,118.5,0.0,886.0
2024-11-25,3105,1743443.0,211027064.0,121.0,124.0,119.5,120.5,2.0,1716.0
2024-11-26,3105,1372557.0,162093073.0,120.0,120.5,117.5,118.0,-2.5,1473.0
2024-11-27,3105,1820775.0,212042312.0,118.5,118.5,115.5,115.5,-2.5,1728.0
2024-11-28,3105,1606138.0,184772180.0,117.0,117.5,113.0,115.5,0.0,1542.0
2024-11-29,3105,760591.0,87687751.0,115.0,116.0,114.0,115.5,0.0,817.0
2024-12-02,3105,1119581.0,131754095.0,117.5,118.5,116.5,117.5,2.0,1168.0
2024-12-03,3105,2679935.0,314286817.0,115.5,119.0,115.0,119.0,1.5,2463.0
2024-12-04,3105,3313385.0,395355155.0,119.0,121.5,117.5,117.5,-1.5,2817.0
2024-12-05,3105,2512259.0,290433361.0,118.5,118.5,114.5,114.5,-3.0,4810.0
2024-12-06,3105,1686219.0,193123706.0,115.0,116.0,113.5,113.5,-1.0,2095.0
2024-12-09,3105,1540586.0,174563354.0,113.5,114.5,112.5,113.5,0.0,1679.0
2024-12-10,3105,988589.0,112252657.0,114.5,115.0,113.0,113.0,-0.5,1170.0
2024-12-11,3105,1698610.0,194590180.0,113.0,115.5,113.0,115.5,2.5,1462.0
2024-12-12,3105,1152654.0,132325348.0,116.0,116.5,114.0,114.0,-1.5,1283.0
2024-12-13,3105,3399708.0,375940535.0,114.0,114.0,109.0,110.0,-4.0,3579.0
2024-12-16,3105,2032144.0,226920562.0,112.0,114.0,110.0,110.0,0.0,1972.0
2024-12-17,3105,1884218.0,213105235.0,110.5,114.5,110.5,112.5,2.5,1875.0
2024-12-18,3105,1239068.0,139791342.0,112.5,114.0,111.0,113.5,1.0,1195.0
2024-12-19,3105,821142.0,92044444.0,110.5,113.0,110.5,113.0,-0.5,1127.0
2024-12-20,3105,3707609.0,412410310.0,113.0,115.0,110.5,110.5,-2.5,1807.0
2024-12-23,3105,2078208.0,230518579.0,111.5,113.5,109.5,110.5,0.0,1995.0
2024-12-24,3105,2935226.0,330478179.0,112.0,115.0,111.0,111.5,1.0,2318.0
2024-12-25,3105,2111605.0,241049419.0,113.0,115.5,112.5,114.5,3.0,1951.0
2024-12-26,3105,1235849.0,142062823.0,114.5,116.5,114.0,114.0,-0.5,1265.0
2024-12-27,3105,736010.0,83980682.0,114.0,114.5,113.5,114.0,0.0,790.0
2024-12-30,3105,1385543.0,157419979.0,113.5,115.0,112.5,114.0,0.0,1534.0
2024-12-31,3105,2155475.0,240240920.0,113.0,113.0,110.5,112.0,-2.0,1850.0
2025-01-02,3105,1226351.0,135577533.0,112.0,112.0,110.0,110.0,-2.0,1392.0
2025-01-03,3105,1624761.0,177544456.0,110.0,111.5,108.5,108.5,-1.5,2080.0
2025-01-06,3105,3842370.0,409035697.0,108.0,108.5,105.0,107.0,-1.5,3902.0
2025-01-07,3105,2876802.0,308632917.0,108.0,109.5,106.0,106.0,-1.0,2511.0
2025-01-08,3105,2403537.0,253796851.0,106.0,107.5,104.5,106.5,0.5,2708.0
2025-01-09,3105,3163739.0,326419573.0,107.0,107.0,101.0,101.0,-5.5,3472.0
2025-01-10,3105,4638110.0,467149600.0,100.5,103.5,99.2,102.5,1.5,3908.0
2025-01-13,3105,6540772.0,640743977.0,103.5,103.5,96.0,96.0,-6.5,6182.0
2025-01-14,3105,4046791.0,392217630.0,97.0,99.2,96.1,96.9,0.9,4610.0
2025-01-15,3105,3701071.0,360290070.0,97.8,98.7,96.3,97.2,0.3,3342.0
2025-01-16,3105,3764835.0,376581252.0,99.2,101.5,99.2,100.5,3.3,3041.0
2025-01-17,3105,2921285.0,300532348.0,101.5,104.5,100.5,103.5,3.0,2514.0
2025-01-20,3105,1277465.0,131855398.0,104.5,104.5,102.5,103.5,0.0,1240.0
2025-01-21,3105,738707.0,76315463.0,104.0,104.5,102.5,103.0,-0.5,829.0
2025-01-22,3105,1047045.0,108354829.0,104.0,104.5,102.5,104.0,1.0,1106.0
2025-02-03,3105,2310702.0,229965014.0,100.0,100.5,98.5,100.0,-4.0,2787.0
2025-02-04,3105,969401.0,96746356.0,100.5,101.0,99.2,99.2,-0.8,1286.0
2025-02-05,3105,1039035.0,104931530.0,100.0,102.0,100.0,101.0,1.8,1091.0
2025-02-06,3105,844883.0,86031673.0,102.0,103.0,101.0,102.0,1.0,996.0
2025-02-07,3105,1334659.0,134550878.0,100.5,102.0,100.0,102.0,0.0,1314.0
2025-02-10,3105,813304.0,82396900.0,101.0,102.0,100.5,102.0,0.0,888.0
2025-02-11,3105,892821.0,91613799.0,102.5,103.5,102.0,102.0,0.0,938.0
2025-02-12,3105,748608.0,76423584.0,103.0,103.0,101.0,101.0,-1.0,806.0
2025-02-13,3105,1740148.0,181136852.0,102.0,105.0,102.0,105.0,4.0,1713.0
2025-02-14,3105,2529749.0,266415628.0,107.0,107.5,104.0,104.0,-1.0,2178.0
2025-02-17,3105,4527113.0,481614104.0,100.5,108.5,100.5,108.5,4.5,3697.0
2025-02-18,3105,2987535.0,324470592.0,109.5,109.5,108.0,108.0,-0.5,2825.0
2025-02-19,3105,5682887.0,643035473.0,108.0,115.5,108.0,114.0,6.0,5191.0
2025-02-20,3105,5122774.0,594595889.0,115.5,117.5,113.5,117.0,3.0,8619.0
2025-02-21,3105,3993624.0,460991446.0,118.5,118.5,113.5,113.5,-3.5,3750.0
2025-02-24,3105,1278524.0,145562724.0,113.0,114.5,112.5,114.0,0.5,1386.0
2025-02-25,3105,2323598.0,265902924.0,112.5,117.0,112.0,115.0,1.0,2157.0
2025-02-26,3105,1880951.0,215323409.0,116.0,116.5,113.5,114.5,-0.5,1981.0
2025-02-27,3105,1925697.0,215218852.0,113.5,115.0,110.0,111.0,-3.5,2200.0
2025-03-03,3105,1467170.0,160469982.0,110.0,111.5,108.5,109.0,-2.0,1499.0
2025-03-04,3105,1620948.0,174159387.0,108.5,109.0,106.0,108.5,-0.5,1602.0
2025-03-05,3105,925474.0,101315595.0,109.0,110.5,107.5,110.5,2.0,1020.0
2025-03-06,3105,809824.0,88791524.0,111.5,111.5,108.5,108.5,-2.0,1428.0
2025-03-07,3105,1889402.0,200355359.0,108.5,108.5,105.0,105.0,-3.5,2097.0
2025-03-10,3105,2023028.0,219552581.0,106.0,109.5,106.0,109.0,4.0,1776.0
2025-03-11,3105,1680221.0,175703168.0,106.0,106.5,103.0,105.0,-4.0,1931.0
2025-03-12,3105,983966.0,103683417.0,106.0,106.5,104.5,105.5,0.5,1411.0
2025-03-13,3105,1564940.0,162468355.0,106.5,107.5,101.5,101.5,-4.0,2016.0
2025-03-14,3105,960305.0,97894142.0,101.5,103.0,101.0,102.5,1.0,1437.0
2025-03-17,3105,2011104.0,212868473.0,104.0,107.0,103.5,107.0,4.5,1968.0
2025-03-18,3105,5790322.0,643755383.0,107.5,115.0,105.0,114.5,7.5,4617.0
2025-03-19,3105,6817497.0,789344799.0,114.0,119.0,113.0,114.0,-0.5,5482.0
2025-03-20,3105,2695032.0,307147261.0,114.5,116.0,113.0,113.0,-1.0,2996.0
2025-03-21,3105,10905151.0,1295546322.0,114.0,122.0,114.0,120.5,7.5,9075.0
2025-03-24,3105,13625784.0,1682709526.0,125.0,128.0,118.0,118.5,-2.0,12059.0
2025-03-25,3105,5769040.0,686134623.0,122.5,124.0,115.0,115.5,-3.0,5154.0
2025-03-26,3105,2364553.0,271861891.0,117.5,117.5,113.5,113.5,-2.0,2944.0
2025-03-27,3105,2599800.0,293349213.0,112.0,114.5,111.5,112.5,-1.0,2574.0
2025-03-28,3105,4509120.0,486838688.0,112.0,112.0,105.0,107.0,-5.5,3608.0
2025-03-31,3105,5919241.0,592000385.0,101.5,103.0,98.4,98.5,-8.5,6164.0
2025-04-01,3105,2968990.0,296142705.0,99.7,101.5,98.3,99.7,1.2,2622.0
2025-04-02,3105,2231154.0,225586452.0,100.0,102.5,98.5,102.0,2.3,1926.0
2025-04-07,3105,456351.0,41892838.0,91.8,91.8,91.8,91.8,-10.2,1050.0
2025-04-08,3105,3407290.0,281901818.0,82.7,85.0,82.7,82.7,-9.1,3308.0
2025-04-09,3105,5476874.0,409867937.0,75.0,76.5,74.5,74.5,-8.2,4588.0
2025-04-10,3105,6006575.0,489251219.0,81.8,81.9,79.3,81.9,7.4,4937.0
2025-04-11,3105,4955575.0,383889042.0,75.1,80.0,74.0,78.5,-3.4,4903.0
2025-04-14,3105,6213299.0,527683871.0,83.0,86.3,83.0,84.9,6.4,6739.0
2025-04-15,3105,4866689.0,431711775.0,85.9,92.9,85.1,90.9,6.0,6122.0
2025-04-16,3105,4630086.0,417486374.0,89.7,92.3,87.1,89.2,-1.7,6964.0
2025-04-17,3105,4269099.0,370397110.0,88.1,88.5,85.4,86.7,-2.5,6807.0
2025-04-18,3105,2179004.0,186452960.0,86.0,86.8,84.7,84.7,-2.0,3209.0
2025-04-21,3105,2092575.0,175434074.0,85.1,85.8,83.0,83.0,-1.7,2221.0
2025-04-22,3105,5967467.0,477971574.0,81.0,82.8,78.6,79.3,-3.7,5122.0
2025-04-23,3105,3989324.0,335820363.0,82.0,86.2,82.0,85.2,5.9,3690.0
2025-04-24,3105,2990589.0,256751514.0,85.3,87.3,84.7,85.1,-0.1,3206.0
2025-04-25,3105,4204334.0,361686910.0,87.1,87.8,84.5,84.5,-0.6,4152.0
2025-04-28,3105,8236950.0,756842410.0,87.0,92.9,86.2,92.9,8.4,5470.0
2025-04-29,3105,11040561.0,998372143.0,92.5,92.6,89.0,90.2,-2.7,8588.0
2025-04-30,3105,11353434.0,1042504302.0,90.7,94.8,89.3,90.5,0.3,7987.0
2025-05-02,3105,7355419.0,652736103.0,87.8,90.3,87.2,88.5,-2.0,6582.0
2025-05-05,3105,7503888.0,635490742.0,88.7,88.8,81.1,84.5,-4.0,6341.0
2025-05-06,3105,3862060.0,324974763.0,84.5,85.9,83.3,83.7,-0.8,3948.0
2025-05-07,3105,3682024.0,311995330.0,83.7,85.8,83.4,84.6,0.9,3024.0
2025-05-08,3105,2389767.0,204568503.0,85.7,86.6,84.8,84.9,0.3,2140.0
2025-05-09,3105,4850413.0,425858934.0,86.0,88.6,86.0,88.0,3.1,3794.0
2025-05-12,3105,3199596.0,286498988.0,88.6,90.5,88.1,89.6,1.6,3129.0
2025-05-13,3105,4625582.0,415530946.0,91.0,91.6,88.2,88.4,-1.2,3996.0
2025-05-14,3105,3992479.0,360235149.0,89.4,91.3,88.9,90.2,1.8,3507.0
2025-05-15,3105,2364775.0,213891198.0,90.3,91.4,89.0,91.2,1.0,2226.0
2025-05-16,3105,1757984.0,160024420.0,91.3,91.8,90.5,91.0,-0.2,1831.0
2025-05-19,3105,1747681.0,156922445.0,91.0,91.3,88.9,88.9,-2.1,1701.0
2025-05-20,3105,1340280.0,119599819.0,89.6,90.7,88.4,88.7,-0.2,1424.0
2025-05-21,3105,6252697.0,571046326.0,89.3,92.8,89.3,91.0,2.3,5232.0
2025-05-22,3105,3629034.0,328847961.0,90.1,91.5,89.1,90.8,-0.2,3057.0
2025-05-23,3105,2086298.0,188644640.0,91.2,91.6,89.6,89.6,-1.2,1850.0
2025-05-26,3105,1463638.0,130121334.0,89.6,89.9,88.3,89.0,-0.6,1756.0
2025-05-27,3105,3666019.0,316145215.0,89.3,89.6,84.3,84.3,-4.7,2994.0
2025-05-28,3105,2183494.0,187712249.0,85.9,87.4,85.0,85.6,1.3,1828.0
2025-05-29,3105,1966921.0,168882637.0,86.1,86.9,85.0,85.7,0.1,1515.0
2025-06-02,3105,2752996.0,229385978.0,85.5,85.5,81.9,83.2,-2.5,2726.0
2025-06-03,3105,2562090.0,210213936.0,83.6,83.8,81.3,81.5,-1.7,2658.0
2025-06-04,3105,2480912.0,209906482.0,82.4,85.9,82.4,85.9,4.4,2125.0
2025-06-05,3105,1073560.0,91764236.0,86.3,86.4,84.9,85.0,-0.9,1352.0
2025-06-06,3105,1137611.0,95935373.0,85.0,85.3,83.6,84.0,-1.0,1493.0
2025-06-09,3105,1909225.0,163015723.0,85.8,86.8,83.9,84.6,0.6,1886.0
2025-06-10,3105,1306999.0,112302563.0,85.1,86.4,85.1,85.6,1.0,1280.0
2025-06-11,3105,2096775.0,182134802.0,86.6,87.9,85.7,87.0,1.4,1872.0
2025-06-12,3105,2717406.0,239517224.0,87.0,89.2,86.6,88.0,1.0,2353.0
2025-06-13,3105,2173151.0,185456761.0,86.8,86.9,84.0,84.0,0.0,2708.0
2025-06-16,3105,977672.0,82014701.0,83.7,84.5,83.1,83.7,-0.3,981.0
2025-06-17,3105,1398165.0,118316731.0,84.0,85.5,84.0,84.1,0.4,1408.0
2025-06-18,3105,1665469.0,141497589.0,85.0,86.1,84.1,84.2,0.1,1573.0
2025-06-19,3105,1576330.0,130714636.0,84.3,84.5,82.3,82.7,-1.5,1767.0
2025-06-20,3105,3988663.0,324173652.0,82.6,83.1,79.9,81.5,-1.2,2464.0
2025-06-23,3105,1766195.0,143482338.0,80.5,82.6,79.4,82.1,0.6,1664.0
2025-06-24,3105,1878635.0,158777078.0,83.5,85.3,82.6,84.9,2.8,1678.0
2025-06-25,3105,1954479.0,167577362.0,85.8,86.7,84.7,86.4,1.5,1612.0
2025-06-26,3105,1823705.0,157708385.0,86.0,87.4,85.8,85.9,-0.5,1805.0
2025-06-27,3105,1793098.0,155239500.0,86.5,87.7,85.7,85.9,0.0,1739.0
2025-06-30,3105,5169970.0,452872160.0,86.8,88.4,86.6,86.7,0.8,3923.0
2025-07-01,3105,2011462.0,174468001.0,87.5,88.2,85.5,85.7,-1.0,1931.0
2025-07-02,3105,1158943.0,98463524.0,85.3,85.6,84.6,84.6,-1.1,1389.0
2025-07-03,3105,8325409.0,742099853.0,85.8,91.5,85.7,88.2,3.6,7089.0
2025-07-04,3105,3132216.0,273179624.0,88.6,89.7,85.8,86.0,-2.2,3180.0
2025-07-07,3105,1523060.0,128542748.0,85.4,85.4,83.4,84.4,-1.6,1565.0
2025-07-08,3105,1207705.0,101191444.0,83.3,84.5,83.2,84.0,-0.4,1241.0
2025-07-09,3105,1123732.0,94846176.0,84.0,85.0,83.6,84.2,0.2,1501.0
2025-07-10,3105,982190.0,82550696.0,84.9,84.9,83.7,83.7,-0.5,1318.0
2025-07-11,3105,1119077.0,94296623.0,84.0,85.0,84.0,84.0,0.3,1212.0
2025-07-14,3105,4867110.0,393207063.0,82.9,83.0,79.7,81.2,-2.8,4243.0
2025-07-15,3105,4261964.0,357748800.0,82.0,85.8,82.0,83.4,2.2,3757.0
2025-07-16,3105,8512092.0,747747402.0,84.5,90.5,83.6,87.0,3.6,7403.0
2025-07-17,3105,3429413.0,302000656.0,87.6,89.1,87.1,88.1,1.1,3737.0
2025-07-18,3105,6830311.0,605867374.0,89.0,90.5,86.7,88.0,-0.1,6302.0
2025-07-21,3105,2151000.0,189054811.0,86.4,88.7,86.4,87.9,-0.1,2731.0
2025-07-22,3105,2720896.0,232635452.0,87.9,88.0,84.0,84.2,-3.7,3193.0
2025-07-23,3105,2766120.0,241153958.0,85.1,88.1,85.1,87.6,3.4,2812.0
2025-07-24,3105,1714244.0,150071529.0,88.0,88.3,86.6,87.8,0.2,2119.0
2025-07-25,3105,11167576.0,1004961794.0,87.6,91.9,87.6,88.9,1.1,9021.0
2025-07-28,3105,7169850.0,651048561.0,89.3,92.4,88.1,92.0,3.1,6393.0
2025-07-29,3105,6040554.0,544566046.0,92.1,92.7,88.0,88.0,-4.0,6012.0
2025-07-30,3105,3407462.0,297839750.0,88.0,88.5,86.3,87.6,-0.4,3381.0
2025-07-31,3105,2401642.0,208236223.0,88.0,88.2,86.0,86.0,-1.6,2288.0
2025-08-01,3105,5387363.0,451709329.0,82.0,86.0,80.3,85.7,-0.3,4576.0
2025-08-04,3105,2041177.0,173860221.0,84.8,86.4,83.7,85.5,-0.2,2255.0
2025-08-05,3105,2289611.0,198387171.0,86.0,87.7,85.8,86.1,0.6,2987.0
2025-08-06,3105,2132652.0,181423546.0,86.0,86.0,84.4,84.8,-1.3,3060.0
2025-08-07,3105,4417567.0,387852863.0,85.6,89.0,85.6,87.5,2.7,4565.0
2025-08-08,3105,3098467.0,271035892.0,87.0,88.9,86.5,86.5,-1.0,5823.0
2025-08-11,3105,1979853.0,169856200.0,85.9,86.3,85.1,86.0,-0.5,2382.0
2025-08-12,3105,4986084.0,432131319.0,87.9,88.8,85.3,85.4,-0.6,4025.0
2025-08-13,3105,4861262.0,424371029.0,86.0,88.4,86.0,86.8,1.4,3611.0
2025-08-14,3105,4782501.0,422551662.0,87.4,89.3,87.3,89.1,2.3,5711.0
2025-08-15,3105,3845283.0,338474581.0,89.1,89.3,86.8,88.3,-0.8,4488.0
2025-08-18,3105,19280938.0,1857687543.0,88.3,97.1,88.3,97.1,8.8,10847.0
2025-08-19,3105,17383474.0,1657518277.0,98.6,99.1,92.5,93.8,-3.3,12283.0
2025-08-20,3105,7328624.0,670053462.0,93.0,94.0,90.0,90.7,-3.1,6174.0
2025-08-21,3105,4740687.0,437079599.0,90.5,93.6,90.5,91.5,0.8,4715.0
2025-08-22,3105,3119695.0,283441017.0,91.1,92.0,90.1,90.3,-1.2,3368.0
2025-08-25,3105,6757370.0,626483789.0,91.5,94.5,90.8,93.8,3.5,4367.0
2025-08-26,3105,6100519.0,569257156.0,93.8,94.8,91.5,93.5,-0.3,4671.0
2025-08-27,3105,3684579.0,348091029.0,94.0,95.3,93.9,94.4,0.9,3182.0
2025-08-28,3105,6543435.0,621795300.0,96.5,97.7,93.7,94.2,-0.2,5903.0
2025-08-29,3105,3900151.0,367294707.0,95.0,95.8,92.6,92.7,-1.5,3360.0
2025-09-01,3105,3933586.0,356436170.0,92.0,92.3,89.2,90.9,-1.8,3760.0
2025-09-02,3105,2711590.0,244165019.0,91.5,91.7,88.7,89.6,-1.3,2468.0
2025-09-03,3105,3108247.0,282924218.0,89.6,92.0,89.6,90.3,0.7,3631.0
2025-09-04,3105,2736356.0,250072829.0,91.9,92.4,90.2,90.2,-0.1,2887.0
2025-09-05,3105,2777746.0,251066652.0,91.2,91.4,89.9,90.2,0.0,2465.0
2025-09-08,3105,3260657.0,299392186.0,91.0,92.6,90.8,91.7,1.5,2953.0
2025-09-09,3105,2058863.0,188092832.0,92.5,92.5,90.9,91.2,-0.5,2413.0
2025-09-10,3105,2262133.0,206248822.0,92.0,92.3,90.5,90.5,-0.7,1989.0
2025-09-11,3105,4239152.0,376753702.0,90.5,90.9,87.5,87.5,-3.0,4640.0
2025-09-12,3105,3743848.0,335558096.0,88.3,90.9,88.2,90.1,2.6,2849.0
2025-09-15,3105,2149716.0,193621474.0,90.3,91.1,88.8,90.0,-0.1,3558.0
2025-09-16,3105,9080886.0,844442054.0,90.1,94.0,89.8,93.2,3.2,7158.0
2025-09-17,3105,4542843.0,422952924.0,92.6,94.3,92.4,92.6,-0.6,5296.0
2025-09-18,3105,9950765.0,958204994.0,93.8,97.8,93.8,96.1,3.5,9903.0
2025-09-19,3105,8570525.0,823027958.0,97.1,97.2,94.9,96.0,-0.1,6657.0
2025-09-22,3105,3678222.0,354887688.0,96.7,97.5,95.4,97.0,1.0,4334.0
2025-09-23,3105,3682672.0,354951283.0,97.5,97.8,95.6,96.4,-0.6,4662.0
2025-09-24,3105,3597736.0,342457651.0,96.8,97.0,93.9,95.2,-1.2,4034.0
2025-09-25,3105,12181747.0,1209334498.0,95.6,103.5,95.6,97.5,2.3,11963.0
2025-09-26,3105,6863002.0,639051248.0,96.5,96.7,91.6,91.7,-5.8,7757.0
2025-09-30,3105,2953951.0,273951994.0,93.0,93.7,91.3,92.9,1.2,4180.0
2025-10-01,3105,1796871.0,167415496.0,93.7,94.3,92.2,92.4,-0.5,2023.0
2025-10-02,3105,2418965.0,223408061.0,93.0,93.4,91.0,93.1,0.7,2639.0
2025-10-03,3105,1743671.0,162218898.0,93.6,93.6,92.2,93.3,0.2,2515.0
2025-10-07,3105,2107895.0,198345112.0,93.9,94.8,93.1,94.4,1.1,2051.0
2025-10-08,3105,5984886.0,580971174.0,95.3,99.0,94.1,99.0,4.6,6566.0
2025-10-09,3105,11960741.0,1223404349.0,100.5,105.0,99.7,101.5,2.5,12444.0
2025-10-13,3105,6457739.0,623362602.0,95.1,99.0,94.5,97.3,-4.2,5992.0
2025-10-14,3105,7541917.0,728495587.0,99.1,101.0,93.3,93.8,-3.5,6098.0
2025-10-15,3105,3781041.0,357421112.0,94.3,96.3,92.9,96.2,2.4,4214.0
2025-10-16,3105,4177264.0,408772455.0,95.5,100.0,95.5,96.5,0.3,4102.0
2025-10-17,3105,2501937.0,237679255.0,96.1,96.3,94.3,94.9,-1.6,4058.0
2025-10-20,3105,1994539.0,190970525.0,95.8,97.7,94.9,95.5,0.6,1981.0
2025-10-21,3105,6699296.0,663801375.0,96.7,100.5,96.7,100.0,4.5,6999.0
2025-10-22,3105,6132763.0,618909850.0,100.0,103.5,99.3,100.0,0.0,8545.0
2025-10-23,3105,3142292.0,309374668.0,99.5,99.9,97.8,98.4,-1.6,2862.0
2025-10-27,3105,4647918.0,469279415.0,99.9,102.0,99.7,101.5,3.1,3766.0
2025-10-28,3105,3355901.0,337669966.0,103.0,103.0,99.9,100.0,-1.5,3140.0
2025-10-29,3105,7522438.0,775566651.0,103.0,106.5,100.5,101.0,1.0,5091.0
2025-10-30,3105,5547093.0,549306000.0,101.0,102.0,97.5,97.8,-3.2,4543.0
2025-10-31,3105,24262094.0,2606341149.0,107.5,107.5,105.0,107.5,9.7,10586.0
2025-11-03,3105,16779091.0,1967097738.0,113.0,118.0,113.0,118.0,10.5,7950.0
2025-11-04,3105,41484688.0,5076880491.0,119.5,126.0,118.5,123.0,5.0,26235.0
2025-11-05,3105,28391650.0,3528741317.0,120.0,129.0,118.5,129.0,6.0,18723.0
2025-11-06,3105,20588537.0,2605810340.0,130.0,131.5,123.0,126.0,-3.0,14478.0
2025-11-07,3105,10231835.0,1243324354.0,125.0,125.5,119.5,120.5,-5.5,8912.0
2025-11-10,3105,8150568.0,972413706.0,121.0,121.5,117.0,120.5,0.0,5773.0
2025-11-11,3105,8730286.0,1067932133.0,121.0,124.5,120.5,122.0,1.5,6351.0
2025-11-12,3105,10443233.0,1308470555.0,124.0,128.5,122.5,123.0,1.0,7694.0
2025-11-13,3105,14071090.0,1779744488.0,123.0,131.0,120.0,129.5,6.5,10187.0
2025-11-14,3105,10883179.0,1336925012.0,125.5,127.0,120.0,120.0,-9.5,10067.0
2025-11-17,3105,5478433.0,674294972.0,122.0,125.0,121.0,123.0,3.0,3872.0
2025-11-18,3105,5356671.0,645631572.0,121.0,123.0,119.0,119.5,-3.5,3836.0
2025-11-19,3105,5191095.0,612059932.0,120.0,121.0,115.5,117.5,-2.0,4932.0
2025-11-20,3105,6109763.0,722932645.0,121.0,121.5,116.5,118.5,1.0,4245.0
2025-11-21,3105,7081737.0,791272589.0,114.5,115.0,110.0,111.0,-7.5,4608.0
2025-11-24,3105,3086682.0,373660204.0,117.5,122.0,117.5,122.0,11.0,1914.0
2025-11-25,3105,24920104.0,3307114094.0,131.5,134.0,128.0,134.0,12.0,12122.0
2025-11-26,3105,34334656.0,4568862169.0,140.0,142.0,126.0,131.5,-2.5,23223.0
2025-11-27,3105,10701233.0,1408588048.0,131.0,135.0,129.0,130.0,-1.5,8392.0
2025-11-28,3105,30388730.0,4237143689.0,130.0,143.0,128.5,143.0,13.0,17897.0
2025-12-01,3105,28305353.0,4064915862.0,145.0,147.0,140.0,141.0,-2.0,18948.0
2025-12-02,3105,34717575.0,5176098808.0,141.5,154.5,140.0,151.0,10.0,24143.0
2025-12-03,3105,19627027.0,2903941630.0,151.0,152.5,143.5,146.0,-5.0,17780.0
2025-12-04,3105,12030850.0,1728878834.0,144.5,146.5,141.0,144.0,-2.0,9062.0
2025-12-05,3105,13832113.0,2026718018.0,148.5,149.5,144.0,147.5,3.5,9777.0
2025-12-08,3105,14986453.0,2253537782.0,148.5,154.5,146.0,152.0,4.5,11519.0
2025-12-09,3105,30707352.0,5034680168.0,152.0,167.0,151.5,167.0,15.0,22374.0
2025-12-10,3105,40345378.0,6911519090.0,167.0,176.0,165.5,173.0,6.0,40737.0
2025-12-11,3105,38735512.0,6930386431.0,175.0,184.5,172.5,173.5,0.5,31926.0
2025-12-12,3105,31586750.0,5683971045.0,179.0,183.5,174.0,182.0,8.5,30035.0
2025-12-15,3105,24064583.0,4276367857.0,176.0,183.5,173.0,183.0,1.0,24015.0
2025-12-16,3105,34835692.0,5956685234.0,179.0,179.0,166.0,167.5,-15.5,27306.0
2025-12-17,3105,15798127.0,2672617834.0,168.5,172.5,166.5,168.5,1.0,13466.0
2025-12-18,3105,13744684.0,2332281770.0,167.0,174.0,166.0,168.5,0.0,12262.0
2025-12-19,3105,25475517.0,4463185493.0,173.0,179.0,172.0,174.0,5.5,18420.0
2025-12-22,3105,26087927.0,4923779914.0,179.0,191.0,179.0,191.0,17.0,21891.0
2025-12-23,3105,40047600.0,7731614681.0,194.5,203.0,186.5,188.5,-2.5,36779.0
2025-12-24,3105,15577446.0,2936094904.0,192.0,193.0,184.5,188.0,-0.5,16122.0
2025-12-26,3105,19717063.0,3767197101.0,190.5,196.5,187.0,189.5,1.5,17933.0
2025-12-29,3105,13522129.0,2494632292.0,190.0,190.0,180.5,183.0,-6.5,13358.0
2025-12-30,3105,9970523.0,1837689193.0,183.0,186.5,181.5,185.0,2.0,7961.0
2025-12-31,3105,9927990.0,1832391762.0,186.0,187.5,182.0,183.0,-2.0,8852.0
2026-01-02,3105,17968716.0,3270919029.0,186.0,188.5,177.0,179.0,-4.0,13862.0
2026-01-05,3105,19232356.0,3552345325.0,183.0,188.0,182.5,183.0,4.0,13015.0
2026-01-06,3105,21810903.0,4024408014.0,186.5,191.0,180.0,184.0,1.0,14492.0
2026-01-07,3105,29017855.0,5509807391.0,184.5,194.5,184.5,186.0,2.0,21126.0
2026-01-08,3105,44517289.0,8744588939.0,186.5,204.5,181.0,197.5,11.5,34003.0
2026-01-09,3105,62172089.0,12910063793.0,202.0,217.0,197.0,216.5,19.0,67082.0
2026-01-12,3105,54113526.0,12254294906.0,220.0,235.0,218.5,233.0,16.5,53054.0
2026-01-13,3105,41315629.0,8962354420.0,233.0,233.0,210.0,210.0,-23.0,35934.0
2026-01-14,3105,44841902.0,9632709634.0,208.0,222.0,202.0,215.5,5.5,48032.0
2026-01-15,3105,28015888.0,6134176273.0,215.5,225.5,212.0,222.0,6.5,23927.0
2026-01-16,3105,20646311.0,4519773875.0,225.5,225.5,215.0,218.5,-3.5,21423.0
2026-01-19,3105,13539205.0,2902546224.0,217.0,219.5,211.0,213.0,-5.5,14378.0
2026-01-20,3105,30925254.0,6856737030.0,213.0,229.0,213.0,227.0,14.0,27327.0
2026-01-21,3105,40788727.0,9317974988.0,225.5,240.5,218.5,222.0,-5.0,42655.0
2026-01-22,3105,32855736.0,7795005852.0,232.5,243.5,232.0,234.5,12.5,46771.0
2026-01-23,3105,23061206.0,5293654995.0,238.5,240.0,224.0,230.5,-4.0,27175.0
2026-01-26,3105,30897146.0,7300077857.0,235.0,243.0,230.0,234.0,3.5,26932.0
2026-01-27,3105,30476564.0,7260684997.0,237.0,244.0,230.5,241.0,7.0,38162.0
2026-01-28,3105,35786833.0,9293818207.0,250.5,265.0,250.5,258.0,17.0,48650.0
2026-01-29,3105,26320356.0,6603468212.0,259.5,261.5,245.0,245.0,-13.0,44643.0
2026-01-30,3105,16165577.0,3834177871.0,242.5,245.0,233.5,234.5,-10.5,20376.0
2026-02-02,3105,21071513.0,4673537990.0,227.0,232.0,214.5,221.5,-13.0,23557.0
2026-02-03,3105,18783975.0,4386282831.0,237.5,238.0,224.5,236.5,15.0,21969.0
2026-02-04,3105,25142411.0,6082911847.0,236.0,253.0,228.0,251.5,15.0,34475.0
2026-02-05,3105,28210180.0,6971793668.0,247.0,258.5,240.0,240.0,-11.5,33894.0
2026-02-06,3105,24350996.0,5348003619.0,228.0,231.0,216.0,219.5,-20.5,24862.0
2026-02-09,3105,18477218.0,4337457592.0,230.0,240.5,225.5,236.5,17.0,16902.0
2026-02-10,3105,40694279.0,10148240709.0,243.0,259.0,241.5,255.5,19.0,45904.0
2026-02-11,3105,31858788.0,7911445410.0,255.5,258.5,240.0,246.0,-9.5,47924.0
2026-02-23,3105,37644216.0,10173510245.0,270.0,270.5,266.5,270.5,24.5,21788.0
2026-02-24,3105,15291945.0,4443163849.0,274.5,297.5,274.0,297.5,27.0,9066.0
2026-02-25,3105,40259686.0,12817465609.0,319.0,325.5,306.5,322.0,24.5,33827.0
2026-02-26,3105,43275611.0,14527969011.0,331.0,348.5,321.0,338.0,16.0,37259.0
2026-03-02,3105,37580369.0,12761259562.0,331.0,354.0,330.0,331.5,-6.5,35569.0
2026-03-03,3105,12600132.0,4168705442.0,341.0,352.5,309.0,326.0,-5.5,13139.0
2026-03-04,3105,12088698.0,3606216650.0,310.0,310.5,293.5,293.5,-32.5,16630.0
2026-03-05,3105,8084795.0,2426784566.0,311.0,315.5,282.5,300.0,6.5,9667.0
2026-03-06,3105,3803282.0,1131790942.0,289.0,305.0,289.0,298.5,-1.5,5318.0
2026-03-09,3105,2858930.0,769052170.0,269.0,269.0,269.0,269.0,-29.5,6403.0
2026-03-10,3105,7953975.0,2168181912.0,281.0,281.0,260.0,272.0,3.0,9140.0
2026-03-11,3105,7172398.0,2116885240.0,283.0,299.0,283.0,299.0,27.0,6731.0
2026-03-12,3105,7821429.0,2411383445.0,295.0,321.0,295.0,306.5,7.5,8674.0
2026-03-13,3105,4980342.0,1541034615.0,297.0,315.0,297.0,313.0,6.5,6575.0
2026-03-16,3105,7437443.0,2265920796.0,314.0,314.0,300.5,303.5,-9.5,8561.0
2026-03-17,3105,25842962.0,7781196438.0,303.0,316.5,290.5,293.5,-10.0,35689.0
2026-03-18,3105,23588902.0,7378664276.0,302.0,322.5,298.0,322.5,29.0,20930.0
2026-03-19,3105,44153671.0,15247456884.0,332.5,354.5,332.0,354.5,32.0,37457.0
2026-03-20,3105,62153027.0,22372238886.0,372.0,381.0,340.0,344.0,-10.5,53942.0
2026-03-23,3105,28406033.0,9099184759.0,313.5,332.0,311.0,315.0,-29.0,29712.0
2026-03-24,3105,37867086.0,12202843300.0,330.0,334.5,306.0,313.5,-1.5,34518.0
2026-03-25,3105,5358592.0,1846034349.0,344.5,344.5,344.5,344.5,31.0,6303.0
2026-03-26,3105,47694304.0,17365232819.0,350.0,377.5,348.5,358.5,14.0,48909.0
2026-03-27,3105,60854277.0,22339011287.0,343.0,387.5,340.0,382.5,24.0,57246.0
2026-03-30,3105,52926924.0,19899149026.0,373.0,397.5,358.5,390.5,8.0,51640.0
2026-03-31,3105,50309134.0,18488859444.0,372.5,385.5,351.5,351.5,-39.0,51861.0
2026-04-01,3105,49497421.0,18681375392.0,375.0,385.0,370.0,376.5,25.0,44483.0
2026-04-02,3105,59229604.0,23104854488.0,384.0,404.0,374.0,376.0,-0.5,59900.0
2026-04-07,3105,37457551.0,15166713655.0,396.5,413.0,391.0,407.0,31.0,41813.0
2026-04-08,3105,40094354.0,17429069810.0,430.5,445.0,424.5,440.0,33.0,40975.0
2026-04-09,3105,33459066.0,14792556556.0,443.5,453.5,431.5,436.0,-4.0,38886.0
2026-04-10,3105,48045837.0,21762335367.0,447.0,474.0,434.0,464.0,28.0,47200.0
2026-04-13,3105,34579202.0,16146177807.0,466.0,481.0,458.0,458.0,-6.0,41689.0
2026-04-14,3105,34742955.0,15797559792.0,468.0,472.0,437.0,457.0,-1.0,41093.0
2026-04-15,3105,31848526.0,14519758051.0,459.0,472.0,444.0,446.5,-10.5,42956.0
2026-04-16,3105,51229921.0,24545829297.0,448.0,491.0,447.5,490.5,44.0,55264.0
2026-04-17,3105,29993418.0,15928139678.0,511.0,539.0,503.0,539.0,48.5,23688.0
2026-04-20,3105,42870386.0,24627966033.0,546.0,592.0,539.0,592.0,53.0,48913.0
2026-04-21,3105,54738249.0,33568595753.0,625.0,637.0,585.0,617.0,25.0,61665.0
2026-04-22,3105,28328078.0,17308877178.0,615.0,626.0,598.0,600.0,-17.0,43655.0
2026-04-23,3105,52013798.0,29892401214.0,612.0,622.0,540.0,560.0,-40.0,73127.0
2026-04-24,3105,51177734.0,28854990860.0,576.0,604.0,533.0,547.0,-13.0,64455.0
2026-04-27,3105,28693600.0,14555461345.0,555.0,560.0,492.5,492.5,-54.5,55520.0
2026-04-28,3105,33028046.0,16481768737.0,493.5,512.0,484.0,499.5,7.0,43436.0
2026-04-29,3105,15832071.0,7957662303.0,499.5,516.0,491.0,502.0,2.5,20480.0
2026-04-30,3105,29315001.0,15903709107.0,530.0,552.0,528.0,536.0,34.0,40739.0
2026-05-04,3105,42680984.0,22753118261.0,553.0,557.0,510.0,524.0,-12.0,56838.0
2026-05-05,3105,35735187.0,19462535109.0,524.0,566.0,516.0,555.0,31.0,44154.0
2026-05-06,3105,44321529.0,22997556708.0,555.0,556.0,499.5,500.0,-55.0,76211.0
2026-05-07,3105,39417631.0,19554406571.0,496.0,522.0,473.0,500.0,0.0,57071.0
2026-05-08,3105,25292484.0,12625695384.0,494.5,518.0,481.5,492.5,-7.5,35216.0
2026-05-11,3105,25292817.0,13102121253.0,500.0,538.0,493.5,526.0,33.5,35076.0
2026-05-12,3105,32042990.0,16929633973.0,555.0,559.0,510.0,512.0,-14.0,42483.0
2026-05-13,3105,21286707.0,10570894114.0,506.0,515.0,488.0,495.5,-16.5,34401.0
2026-05-14,3105,20779188.0,10171570309.0,503.0,504.0,482.0,483.5,-12.0,33212.0
2026-05-15,3105,28148641.0,13095387461.0,490.0,492.5,452.0,458.5,-25.0,46654.0
2026-05-18,3105,17645122.0,7940512644.0,448.0,461.0,436.0,450.5,-8.0,23264.0
2026-05-19,3105,18529101.0,8528623057.0,450.5,473.0,446.5,456.5,6.0,21718.0
2026-05-20,3105,28369839.0,12978018845.0,459.5,478.0,442.5,446.5,-10.0,32155.0
2026-05-21,3105,24546474.0,11692945048.0,459.5,489.0,456.5,483.0,36.5,28662.0
2026-05-22,3105,28968844.0,15141364042.0,506.0,531.0,499.5,531.0,48.0,38042.0
2026-05-25,3105,42354061.0,23269790432.0,551.0,565.0,538.0,543.0,12.0,48123.0
2026-05-26,3105,33746431.0,18233241306.0,551.0,562.0,517.0,562.0,19.0,42668.0
2026-05-27,3105,48184495.0,27289295409.0,571.0,588.0,545.0,560.0,-2.0,54801.0
2026-05-28,3105,48753688.0,26984705981.0,558.0,582.0,520.0,528.0,-32.0,58685.0
2026-05-29,3105,26012181.0,13779999089.0,542.0,544.0,516.0,527.0,-1.0,31154.0
2026-06-01,3105,23881951.0,12775770699.0,528.0,546.0,522.0,530.0,3.0,28355.0
2026-06-02,3105,33278775.0,17781781115.0,538.0,554.0,515.0,519.0,-11.0,37629.0
2026-06-03,3105,40450723.0,21469665680.0,545.0,564.0,508.0,515.0,-4.0,44551.0
2026-06-04,3105,28501055.0,14397503390.0,515.0,533.0,486.0,487.5,-27.5,45549.0
2026-06-05,3105,30445072.0,14511344808.0,486.5,498.0,451.0,483.5,-4.0,36961.0
2026-06-08,3105,20983500.0,9332858808.0,435.5,461.5,435.5,451.5,-32.0,27091.0
2026-06-09,3105,15424546.0,7405378647.0,462.0,496.5,454.5,496.5,45.0,14828.0
2026-06-10,3105,35496681.0,17896963362.0,493.5,524.0,476.0,478.0,-18.5,40554.0
2026-06-11,3105,20255974.0,9788809598.0,497.5,503.0,460.5,481.5,0.0,25142.0
2026-06-12,3105,17931949.0,9119878876.0,513.0,516.0,496.5,505.0,23.5,22587.0
2026-06-15,3105,23766586.0,12133651733.0,524.0,528.0,499.5,511.0,6.0,28409.0
2026-06-16,3105,21684549.0,11035685266.0,515.0,525.0,493.0,493.0,-18.0,26697.0
2026-06-17,3105,22465486.0,11248112290.0,488.0,520.0,481.0,519.0,26.0,26940.0
2026-06-18,3105,40139349.0,21613642453.0,522.0,557.0,521.0,528.0,9.0,47240.0
2026-06-22,3105,28073339.0,15120531881.0,545.0,550.0,522.0,541.0,13.0,31254.0
2026-06-23,3105,41748072.0,22989267027.0,531.0,573.0,522.0,522.0,-19.0,50758.0
2026-06-24,3105,38525876.0,18866547606.0,516.0,516.0,472.0,478.0,-44.0,64722.0
2026-06-25,3105,21419879.0,10097281230.0,486.5,486.5,458.0,463.0,-15.0,36267.0
2026-06-26,3105,33903540.0,14951560796.0,458.0,463.5,421.0,424.0,-39.0,49457.0
2026-06-29,3105,25732281.0,10615626865.0,416.0,427.5,399.0,412.0,-12.0,28707.0
2026-06-30,3105,18516932.0,7875248719.0,423.0,434.5,412.5,426.0,14.0,19972.0
2026-07-01,3105,16197389.0,6876072040.0,436.0,439.5,415.5,417.5,-8.5,21792.0
2026-07-02,3105,12887596.0,5232447568.0,404.0,411.0,399.5,411.0,-6.5,18262.0
2026-07-03,3105,17409399.0,7174059612.0,408.0,422.0,400.5,411.0,0.0,19941.0
2026-07-06,3105,17274395.0,7286759286.0,422.0,435.5,407.0,421.0,10.0,17943.0
2026-07-07,3105,35377424.0,15016748120.0,424.0,447.5,400.5,409.5,-11.5,38023.0
2026-07-08,3105,16651881.0,6842291305.0,411.0,421.5,400.0,413.5,4.0,16328.0
2026-07-09,3105,13207457.0,5507370436.0,418.0,427.0,405.5,406.0,-7.5,15069.0
2026-07-13,3105,13034963.0,5313890071.0,412.0,418.0,400.5,403.0,-3.0,13707.0
2026-07-14,3105,22301594.0,8376134061.0,401.0,404.5,363.0,378.5,-24.5,32635.0
2026-07-15,3105,14873333.0,5743411616.0,387.0,394.0,379.0,386.0,7.5,15702.0
2026-07-16,3105,11076373.0,4109460255.0,380.5,381.0,364.5,369.0,-17.0,14016.0
2026-07-17,3105,13974379.0,4703402796.0,344.5,350.0,332.5,332.5,-36.5,20258.0
2026-07-20,3105,19712763.0,6254026250.0,325.5,336.0,302.5,313.5,-19.0,17410.0
2026-07-21,3105,11351900.0,3743484309.0,322.0,340.0,319.5,339.5,26.0,14802.0
2026-07-22,3105,15463637.0,5653453965.0,360.0,373.0,356.0,359.0,19.5,15704.0
2026-07-23,3105,22171020.0,8214944986.0,361.5,385.0,354.0,364.5,5.5,20820.0
2026-07-24,3105,20817849.0,7353221453.0,354.0,371.5,337.5,341.5,-23.0,21472.0
2026-07-27,3105,37397591.0,12890075289.0,313.5,368.0,307.5,355.0,13.5,31169.0
2026-07-28,3105,23506032.0,7871352744.0,336.0,349.5,322.5,323.0,-32.0,23624.0
2026-07-29,3105,28296335.0,8590540210.0,326.5,333.0,291.0,291.0,-32.0,26600.0
2026-07-30,3105,25773046.0,7234686111.0,276.5,301.0,262.0,268.0,-23.0,24574.0
2026-07-31,3105,14988185.0,4347537261.0,294.0,294.5,280.0,294.5,26.5,15848.0
2026-08-03,3105,18433072.0,5750297835.0,298.5,320.5,298.5,311.0,16.5,16706.0
2026-08-04,3105,19015702.0,6241029294.0,320.0,342.0,313.5,342.0,31.0,19639.0
2026-08-05,3105,2862561.0,1076322936.0,376.0,376.0,376.0,376.0,34.0,2849.0
2026-08-06,3105,41008384.0,15578026264.0,378.0,394.0,365.5,382.0,6.0,36332.0
2026-08-07,3105,23872604.0,8980839298.0,384.5,394.5,359.5,366.0,-16.0,25492.0
2026-08-10,3105,25703158.0,9989299058.0,379.0,401.0,374.0,385.5,19.5,25303.0
2026-08-11,3105,16830059.0,6242407601.0,377.5,382.5,361.5,371.0,-14.5,20152.0
2026-08-12,3105,30375615.0,11907585850.0,372.0,408.0,370.5,400.0,29.0,31386.0
2026-08-13,3105,39599877.0,15888174492.0,406.5,417.5,383.0,387.0,-13.0,43230.0
2026-08-14,3105,15209920.0,5804221382.0,389.0,389.5,375.0,378.0,-9.0,18922.0
2026-08-17,3105,25290270.0,10006724374.0,391.0,404.5,388.5,398.0,20.0,24316.0
2026-08-18,3105,28852069.0,11302097883.0,400.0,406.0,373.5,374.5,-23.5,33695.0
2026-08-19,3105,17947311.0,6510607485.0,353.5,374.0,351.0,363.5,-11.0,20435.0
2026-08-20,3105,15797053.0,5814016636.0,370.0,379.0,359.5,379.0,15.5,15401.0
2026-08-21,3105,22049298.0,8277334770.0,377.0,385.5,365.5,373.0,-6.0,21236.0
2026-08-24,3105,12164169.0,4409523036.0,370.5,372.5,355.0,355.0,-18.0,16743.0
2026-08-25,3105,16441553.0,5991837088.0,350.5,381.5,349.5,379.0,24.0,16829.0
2026-08-26,3105,32598964.0,12848570503.0,378.0,405.0,374.0,405.0,26.0,33812.0
2026-08-27,3105,37532390.0,16314801272.0,413.0,445.5,412.0,445.5,40.5,37662.0
2026-08-28,3105,49190657.0,22095293851.0,449.5,461.5,434.5,439.0,-6.5,50112.0
2026-08-31,3105,51770736.0,23143798863.0,434.5,471.0,425.0,447.5,8.5,53169.0
2026-09-01,3105,56845208.0,27034034065.0,448.5,492.0,444.0,492.0,44.5,61949.0
2026-09-02,3105,41973805.0,20045650808.0,484.0,492.0,468.0,469.5,-22.5,50808.0
2026-09-03,3105,41028057.0,19154924804.0,478.0,490.0,440.0,446.5,-23.0,45261.0
2026-09-04,3105,24240777.0,10868746863.0,465.0,465.0,438.5,449.5,3.0,26420.0
2026-09-07,3105,19649017.0,8920575246.0,453.5,463.0,446.5,450.5,1.0,21258.0
2026-09-08,3105,17327103.0,7751372196.0,457.0,458.0,440.0,441.5,-9.0,17388.0
2026-09-09,3105,36406744.0,17052764919.0,462.0,478.0,457.5,464.0,22.5,35697.0
2026-09-10,3105,15187006.0,6964957066.0,462.5,465.0,452.0,461.5,-2.5,16781.0
2026-09-11,3105,14614190.0,6443536240.0,449.5,450.0,435.0,437.5,-24.0,21871.0
