date,stock_id,Trading_Volume,Trading_money,open,max,min,close,spread,Trading_turnover
2016-01-04,3693,111167.0,11962703.0,110.0,110.5,106.5,106.5,-3.0,105.0
2016-01-05,3693,126000.0,13259000.0,106.5,107.0,104.0,104.5,-2.0,109.0
2016-01-06,3693,301451.0,31125002.0,105.5,107.0,101.0,102.0,-2.5,240.0
2016-01-07,3693,523400.0,51015319.0,101.5,102.5,94.1,97.0,-5.0,432.0
2016-01-08,3693,280000.0,27668500.0,94.6,101.0,94.5,101.0,4.0,229.0
2016-01-11,3693,127001.0,12465005.0,99.0,99.5,97.1,98.0,-3.0,121.0
2016-01-12,3693,178085.0,17351255.0,98.7,99.8,96.0,96.0,-2.0,149.0
2016-01-13,3693,183388.0,17751685.0,96.6,99.0,96.0,96.1,0.1,148.0
2016-01-14,3693,171200.0,16096698.0,94.9,96.1,92.3,93.7,-2.4,143.0
2016-01-15,3693,136000.0,12879600.0,96.4,97.0,93.7,94.0,0.3,111.0
2016-01-18,3693,170283.0,16186407.0,92.1,97.0,92.1,96.9,2.9,157.0
2016-01-19,3693,230000.0,22295300.0,97.0,99.0,95.3,98.7,1.8,195.0
2016-01-20,3693,206200.0,19933800.0,98.7,99.2,94.0,94.2,-4.5,183.0
2016-01-21,3693,148422.0,14074090.0,94.5,95.8,94.1,94.1,-0.1,132.0
2016-01-22,3693,89000.0,8507900.0,95.8,96.6,94.5,95.2,1.1,83.0
2016-01-25,3693,117190.0,11353235.0,96.8,97.2,96.0,97.2,2.0,103.0
2016-01-26,3693,50199.0,4867842.0,96.7,98.4,96.0,96.2,-1.0,49.0
2016-01-27,3693,84000.0,8073700.0,97.2,97.9,95.2,95.2,-1.0,81.0
2016-01-28,3693,92000.0,8832800.0,95.2,96.4,95.2,96.0,0.8,77.0
2016-01-29,3693,268050.0,26361650.0,96.3,99.7,96.1,98.1,2.1,239.0
2016-01-30,3693,277250.0,28133650.0,99.5,102.5,99.5,101.0,2.9,247.0
2016-02-01,3693,124075.0,12467553.0,102.0,102.0,99.2,99.4,-1.6,116.0
2016-02-02,3693,142180.0,13966256.0,99.3,99.3,97.6,98.3,-1.1,131.0
2016-02-03,3693,107319.0,10439343.0,97.5,98.6,96.5,97.0,-1.3,92.0
2016-02-15,3693,319382.0,29125852.0,90.2,92.5,90.2,90.4,-6.6,293.0
2016-02-16,3693,187381.0,17160747.0,90.8,92.8,90.8,91.5,1.1,162.0
2016-02-17,3693,222100.0,20389329.0,92.1,93.4,91.0,91.1,-0.4,189.0
2016-02-18,3693,210000.0,19486700.0,92.0,93.5,91.9,93.4,2.3,200.0
2016-02-19,3693,332125.0,31857325.0,93.4,97.3,93.4,95.8,2.4,304.0
2016-02-22,3693,148125.0,14306950.0,96.2,97.3,96.0,96.9,1.1,140.0
2016-02-23,3693,161140.0,15563520.0,97.5,97.6,95.6,95.9,-1.0,147.0
2016-02-24,3693,161000.0,15208400.0,96.0,96.1,93.0,93.0,-2.9,148.0
2016-02-25,3693,93000.0,8665500.0,94.0,94.0,92.3,92.3,-0.7,90.0
2016-02-26,3693,90100.0,8351500.0,92.6,93.6,92.4,92.7,0.4,81.0
2016-03-01,3693,108000.0,10134000.0,93.3,94.5,93.0,94.1,1.4,98.0
2016-03-02,3693,712241.0,70156700.0,95.3,100.5,94.7,98.8,4.7,649.0
2016-03-03,3693,446440.0,44631416.0,101.0,102.0,98.1,98.2,-0.6,376.0
2016-03-04,3693,163410.0,16112362.0,99.6,99.6,98.0,98.2,0.0,143.0
2016-03-07,3693,158045.0,15444965.0,98.5,98.8,96.5,97.0,-1.2,120.0
2016-03-08,3693,138000.0,13394900.0,97.0,98.0,96.6,97.9,0.9,120.0
2016-03-09,3693,143000.0,13930300.0,98.2,98.4,96.6,96.7,-1.2,122.0
2016-03-10,3693,71000.0,6853600.0,96.1,97.2,96.0,96.6,-0.1,65.0
2016-03-11,3693,298135.0,28049456.0,95.6,95.6,93.2,94.2,-2.4,272.0
2016-03-14,3693,503050.0,49313100.0,95.9,99.4,95.9,98.3,4.1,452.0
2016-03-15,3693,412001.0,40347898.0,99.9,100.5,95.0,95.5,-2.8,343.0
2016-03-16,3693,155100.0,14946700.0,96.2,97.9,95.5,96.5,1.0,131.0
2016-03-17,3693,328100.0,32080360.0,96.5,98.9,96.5,96.5,0.0,262.0
2016-03-18,3693,138025.0,13252025.0,96.8,97.0,95.0,96.5,0.0,123.0
2016-03-21,3693,157041.0,15082518.0,96.8,96.8,95.5,95.6,-0.9,122.0
2016-03-22,3693,86000.0,8224800.0,96.1,96.5,95.1,95.1,-0.5,79.0
2016-03-23,3693,105082.0,9917795.0,96.3,96.3,93.6,93.9,-1.2,104.0
2016-03-24,3693,227081.0,21111146.0,93.9,94.0,92.5,93.0,-0.9,170.0
2016-03-25,3693,116000.0,10774100.0,92.5,93.5,92.5,92.7,-0.3,89.0
2016-03-28,3693,195000.0,17935100.0,92.0,93.0,91.5,91.7,-1.0,131.0
2016-03-29,3693,288000.0,25879800.0,91.7,92.0,88.8,89.0,-2.7,257.0
2016-03-30,3693,116000.0,10463100.0,89.5,91.2,89.5,90.1,1.1,101.0
2016-03-31,3693,172010.0,15309020.0,90.0,90.0,88.5,88.9,-1.2,146.0
2016-04-01,3693,84100.0,7546500.0,88.9,90.2,88.9,90.0,1.1,80.0
2016-04-06,3693,103000.0,9175200.0,89.9,89.9,88.2,89.0,-1.0,88.0
2016-04-07,3693,175282.0,15849503.0,90.0,91.8,89.1,91.5,2.5,142.0
2016-04-08,3693,124200.0,11187699.0,90.5,91.7,89.0,89.7,-1.8,112.0
2016-04-11,3693,948450.0,77924250.0,85.5,85.5,80.8,83.0,-6.7,754.0
2016-04-12,3693,220004.0,18064548.0,83.0,83.8,81.1,81.5,-1.5,202.0
2016-04-13,3693,96101.0,7928884.0,82.9,82.9,82.1,82.7,1.2,87.0
2016-04-14,3693,144333.0,12097938.0,83.2,84.5,82.5,84.5,1.8,130.0
2016-04-15,3693,101200.0,8509300.0,84.5,84.7,83.5,83.5,-1.0,82.0
2016-04-18,3693,74000.0,6182500.0,83.1,84.1,83.1,83.5,0.0,54.0
2016-04-19,3693,66110.0,5531950.0,84.0,84.0,83.3,83.6,0.1,53.0
2016-04-20,3693,91000.0,7652200.0,84.4,84.6,83.7,84.1,0.5,85.0
2016-04-21,3693,82100.0,6849810.0,84.3,84.3,83.1,83.6,-0.5,63.0
2016-04-22,3693,100220.0,8297060.0,83.2,84.5,81.2,81.9,-1.7,95.0
2016-04-25,3693,35095.0,2861833.0,81.9,82.0,81.2,81.4,-0.5,34.0
2016-04-26,3693,41000.0,3332100.0,82.0,82.0,81.0,81.3,-0.1,37.0
2016-04-27,3693,145096.0,11569328.0,81.1,81.1,79.1,79.1,-2.2,133.0
2016-04-28,3693,619433.0,46366947.0,79.0,79.0,73.2,75.3,-3.8,518.0
2016-04-29,3693,163000.0,12109700.0,74.5,75.1,73.3,74.5,-0.8,153.0
2016-05-03,3693,287110.0,20596829.0,73.5,73.5,70.3,70.3,-4.2,207.0
2016-05-04,3693,174204.0,12142986.0,69.0,70.5,69.0,69.8,-0.5,142.0
2016-05-05,3693,86045.0,6053835.0,70.0,71.3,69.5,70.9,1.1,78.0
2016-05-06,3693,148025.0,10400700.0,71.1,71.1,70.0,70.3,-0.6,115.0
2016-05-09,3693,70050.0,4912750.0,70.5,70.5,70.0,70.0,-0.3,64.0
2016-05-10,3693,311100.0,20846959.0,64.1,69.7,64.1,69.7,-0.3,255.0
2016-05-11,3693,128060.0,9052375.0,70.4,71.3,70.1,70.1,0.4,106.0
2016-05-12,3693,105355.0,7228673.0,70.0,70.0,67.2,68.8,-1.3,97.0
2016-05-13,3693,63500.0,4342649.0,68.1,69.5,68.0,68.7,-0.1,52.0
2016-05-16,3693,32000.0,2201700.0,67.6,69.3,67.6,69.0,0.3,27.0
2016-05-17,3693,56300.0,3888010.0,70.9,70.9,68.6,69.1,0.1,43.0
2016-05-18,3693,102170.0,7190551.0,69.1,71.0,68.8,71.0,1.9,76.0
2016-05-19,3693,79000.0,5611500.0,71.3,72.0,70.8,71.1,0.1,60.0
2016-05-20,3693,77020.0,5407124.0,70.1,71.1,69.2,71.1,0.0,62.0
2016-05-23,3693,106178.0,7654898.0,71.4,73.1,71.0,72.3,1.2,104.0
2016-05-24,3693,257300.0,19210090.0,73.0,76.4,72.5,75.1,2.8,223.0
2016-05-25,3693,145100.0,11090210.0,76.8,76.9,75.5,76.5,1.4,126.0
2016-05-26,3693,229435.0,18413754.0,81.5,81.5,79.1,80.2,3.7,212.0
2016-05-27,3693,183053.0,14612823.0,81.1,81.2,79.0,79.6,-0.6,156.0
2016-05-30,3693,87034.0,6877079.0,78.8,79.2,78.8,79.2,-0.4,82.0
2016-05-31,3693,55130.0,4391722.0,80.4,80.4,79.2,79.4,0.2,52.0
2016-06-01,3693,702532.0,59822543.0,80.0,87.3,80.0,87.3,7.9,594.0
2016-06-02,3693,788766.0,69824346.0,88.1,89.5,87.4,88.0,0.7,691.0
2016-06-03,3693,291100.0,25407440.0,89.3,89.3,86.0,87.4,-0.6,254.0
2016-06-04,3693,167200.0,14744400.0,88.5,88.8,87.4,88.0,0.6,136.0
2016-06-06,3693,120025.0,10520795.0,88.9,88.9,87.0,87.1,-0.9,111.0
2016-06-07,3693,281000.0,24248900.0,85.2,87.2,85.0,86.6,-0.5,228.0
2016-06-08,3693,538500.0,47749300.0,90.1,91.5,87.1,87.1,0.5,468.0
2016-06-13,3693,804370.0,72184016.0,88.0,91.4,87.2,90.5,3.4,610.0
2016-06-14,3693,1383300.0,131033149.0,90.5,98.1,90.1,96.5,6.0,1154.0
2016-06-15,3693,533025.0,50808491.0,96.5,97.1,93.5,95.7,-0.8,466.0
2016-06-16,3693,241185.0,22783679.0,95.7,96.0,93.7,93.9,-1.8,224.0
2016-06-17,3693,260000.0,24711000.0,94.0,96.9,93.5,93.7,-0.2,230.0
2016-06-20,3693,242131.0,22372752.0,94.3,94.3,91.6,92.2,-1.5,205.0
2016-06-21,3693,150000.0,13886000.0,91.8,93.6,91.8,92.5,0.3,142.0
2016-06-22,3693,116029.0,10712862.0,93.2,93.3,91.9,92.0,-0.5,96.0
2016-06-23,3693,141140.0,12854055.0,92.5,92.5,90.5,91.0,-1.0,134.0
2016-06-24,3693,334100.0,29145449.0,91.1,91.1,83.3,85.0,-6.0,293.0
2016-06-27,3693,219100.0,18701300.0,83.0,87.2,83.0,87.0,2.0,184.0
2016-06-28,3693,129075.0,11394117.0,86.7,90.0,86.1,90.0,3.0,109.0
2016-06-29,3693,193000.0,17601200.0,92.0,92.1,90.2,90.7,0.7,165.0
2016-06-30,3693,343020.0,31884460.0,92.0,93.7,92.0,92.6,1.9,307.0
2016-07-01,3693,94000.0,8656200.0,93.0,93.0,91.5,91.9,-0.7,90.0
2016-07-04,3693,91000.0,8383500.0,91.9,92.9,91.2,92.0,0.1,81.0
2016-07-05,3693,90000.0,8297200.0,91.5,93.3,91.3,91.7,-0.3,82.0
2016-07-06,3693,91200.0,8307680.0,91.5,92.6,90.5,90.5,-1.2,86.0
2016-07-07,3693,105010.0,9406803.0,90.5,91.2,88.6,89.5,-1.0,98.0
2016-07-11,3693,385110.0,33030127.0,89.5,89.5,84.6,84.9,-4.6,344.0
2016-07-12,3693,219485.0,18982552.0,85.9,88.9,84.2,85.7,0.8,194.0
2016-07-13,3693,95000.0,8179800.0,86.5,87.8,85.1,85.9,0.2,93.0
2016-07-14,3693,83000.0,7158500.0,86.3,87.3,85.2,85.6,-0.3,79.0
2016-07-15,3693,84000.0,7242100.0,85.7,87.1,85.7,85.8,0.2,73.0
2016-07-18,3693,68200.0,5822219.0,85.4,86.0,85.1,85.1,-0.7,63.0
2016-07-19,3693,117100.0,9884000.0,85.1,85.4,84.0,84.0,-1.1,98.0
2016-07-20,3693,94000.0,8002700.0,84.8,85.8,84.7,84.7,0.7,72.0
2016-07-21,3693,74000.0,6300600.0,85.0,85.5,84.7,85.1,0.4,62.0
2016-07-22,3693,47000.0,3991100.0,85.1,85.6,84.7,84.8,-0.3,45.0
2016-07-25,3693,107000.0,8978000.0,84.8,84.8,83.5,83.9,-0.9,81.0
2016-07-26,3693,47000.0,3950000.0,83.3,85.1,83.3,84.9,1.0,42.0
2016-07-27,3693,49100.0,4188380.0,85.2,85.8,84.4,84.4,-0.5,50.0
2016-07-28,3693,86000.0,7213100.0,84.4,84.4,83.2,83.5,-0.9,72.0
2016-07-29,3693,120000.0,9899400.0,83.5,83.6,81.9,81.9,-1.6,97.0
2016-08-01,3693,186125.0,14927137.0,81.6,81.6,79.8,80.5,-1.4,166.0
2016-08-02,3693,79000.0,6386400.0,80.5,81.4,80.5,80.8,0.3,68.0
2016-08-03,3693,43000.0,3458000.0,80.5,80.8,80.2,80.4,-0.4,34.0
2016-08-04,3693,104000.0,8505600.0,80.4,82.8,80.4,81.3,0.9,89.0
2016-08-05,3693,98004.0,7915529.0,81.5,81.9,80.0,80.5,-0.8,83.0
2016-08-08,3693,103010.0,8196105.0,80.5,80.5,79.0,79.3,-1.2,92.0
2016-08-09,3693,126000.0,9762500.0,79.3,79.3,76.7,76.7,-2.6,105.0
2016-08-10,3693,454005.0,32178770.0,69.1,72.7,69.1,71.6,-5.1,371.0
2016-08-11,3693,129500.0,9333100.0,71.6,72.9,71.6,72.5,0.9,110.0
2016-08-12,3693,141025.0,10459350.0,72.6,75.1,72.6,74.0,1.5,126.0
2016-08-15,3693,96000.0,6983600.0,74.0,74.0,72.0,72.2,-1.8,72.0
2016-08-16,3693,31050.0,2265370.0,72.3,73.5,72.3,73.1,0.9,29.0
2016-08-17,3693,76100.0,5634910.0,73.3,74.7,73.2,73.5,0.4,65.0
2016-08-18,3693,44000.0,3237400.0,73.5,74.2,73.2,73.2,-0.3,38.0
2016-08-19,3693,33200.0,2447380.0,73.2,74.4,73.1,73.3,0.1,33.0
2016-08-22,3693,66000.0,4818000.0,73.5,73.5,71.6,72.0,-1.3,43.0
2016-08-23,3693,66400.0,4787497.0,73.0,73.0,71.7,72.2,0.2,61.0
2016-08-24,3693,27000.0,1958000.0,72.3,72.9,72.2,72.5,0.3,22.0
2016-08-25,3693,25050.0,1829865.0,72.6,73.5,72.5,73.3,0.8,26.0
2016-08-26,3693,118000.0,8835600.0,73.4,75.9,73.4,75.7,2.4,92.0
2016-08-29,3693,132200.0,10247100.0,76.0,78.0,76.0,77.7,2.0,109.0
2016-08-30,3693,86150.0,6760705.0,77.9,79.0,77.9,78.8,1.1,75.0
2016-08-31,3693,65410.0,5144808.0,78.8,79.3,78.3,78.3,-0.5,53.0
2016-09-01,3693,44200.0,3405200.0,78.3,78.3,76.3,76.5,-1.8,41.0
2016-09-02,3693,58000.0,4445900.0,76.5,77.3,76.3,77.0,0.5,47.0
2016-09-05,3693,56085.0,4288394.0,77.0,77.1,76.2,76.4,-0.6,48.0
2016-09-06,3693,63215.0,4848969.0,76.5,77.3,76.5,76.6,0.2,57.0
2016-09-07,3693,238116.0,18412377.0,78.0,78.0,77.1,77.2,0.6,150.0
2016-09-08,3693,115100.0,8329090.0,72.5,73.0,72.0,72.7,0.0,95.0
2016-09-09,3693,53000.0,3788700.0,73.0,73.0,71.0,71.7,-1.0,44.0
2016-09-10,3693,45200.0,3167459.0,70.0,70.5,69.5,70.5,-1.2,43.0
2016-09-12,3693,138110.0,9472723.0,69.8,69.8,67.0,68.7,-1.8,86.0
2016-09-13,3693,95000.0,6523400.0,69.0,69.5,68.2,68.8,0.1,63.0
2016-09-14,3693,50030.0,3394546.0,68.6,68.6,67.5,67.6,-1.2,43.0
2016-09-19,3693,27000.0,1852000.0,68.5,69.0,68.5,68.5,0.9,26.0
2016-09-20,3693,47000.0,3279700.0,68.5,70.9,68.5,70.6,2.1,40.0
2016-09-21,3693,42000.0,2989700.0,71.1,72.0,70.7,71.0,0.4,38.0
2016-09-22,3693,14000.0,998100.0,72.0,72.2,70.5,71.0,0.0,13.0
2016-09-23,3693,26000.0,1829100.0,71.0,71.0,70.0,70.5,-0.5,22.0
2016-09-26,3693,34100.0,2398269.0,70.2,70.5,70.2,70.4,-0.1,27.0
2016-09-29,3693,68000.0,4740400.0,70.1,70.4,68.8,70.0,-0.4,52.0
2016-09-30,3693,35000.0,2427200.0,70.6,70.6,69.0,69.7,-0.3,26.0
2016-10-03,3693,70000.0,4893900.0,69.5,71.5,68.7,69.7,0.0,58.0
2016-10-04,3693,29000.0,2039600.0,71.2,71.2,69.9,70.2,0.5,25.0
2016-10-05,3693,29091.0,2013460.0,69.9,69.9,69.0,69.1,-1.1,30.0
2016-10-06,3693,29009.0,2016823.0,69.5,69.8,69.1,69.5,0.4,23.0
2016-10-07,3693,56000.0,3902700.0,69.7,70.5,69.1,70.0,0.5,38.0
2016-10-11,3693,118000.0,8251800.0,71.0,71.2,68.5,68.5,-1.5,73.0
2016-10-12,3693,33185.0,2301402.0,68.0,70.2,67.5,69.9,1.4,30.0
2016-10-13,3693,50000.0,3431100.0,70.0,70.0,68.3,68.6,-1.3,41.0
2016-10-14,3693,90100.0,6026600.0,68.6,68.6,65.0,67.8,-0.8,69.0
2016-10-17,3693,58010.0,3879475.0,67.8,68.3,66.3,67.0,-0.8,43.0
2016-10-18,3693,46190.0,3050354.0,67.0,67.0,65.6,66.0,-1.0,39.0
2016-10-19,3693,43003.0,2833298.0,66.0,67.0,65.3,65.4,-0.6,41.0
2016-10-20,3693,63410.0,4157778.0,65.4,66.6,65.1,66.5,1.1,57.0
2016-10-21,3693,26000.0,1721700.0,66.0,67.3,66.0,66.0,-0.5,25.0
2016-10-24,3693,17000.0,1117200.0,66.5,66.5,65.1,65.1,-0.9,17.0
2016-10-25,3693,50020.0,3247904.0,65.1,65.2,64.5,64.6,-0.5,44.0
2016-10-26,3693,221029.0,14995577.0,66.4,69.1,65.3,67.6,3.0,195.0
2016-10-27,3693,57300.0,3895700.0,68.4,68.5,67.5,67.7,0.1,50.0
2016-10-28,3693,56000.0,3737700.0,68.0,68.0,65.3,65.3,-2.4,51.0
2016-10-31,3693,37000.0,2424500.0,65.3,66.0,65.3,65.4,0.1,35.0
2016-11-01,3693,40000.0,2606900.0,65.4,65.5,65.0,65.1,-0.3,31.0
2016-11-02,3693,30000.0,1925600.0,64.1,65.0,64.0,64.0,-1.1,30.0
2016-11-03,3693,97107.0,6067341.0,64.3,64.3,62.0,63.0,-1.0,72.0
2016-11-04,3693,13000.0,806300.0,61.0,63.0,61.0,62.5,-0.5,12.0
2016-11-07,3693,30196.0,1880588.0,61.5,63.5,61.5,62.1,-0.4,36.0
2016-11-08,3693,64000.0,3909000.0,62.1,62.2,60.2,61.1,-1.0,51.0
2016-11-09,3693,86000.0,5258700.0,64.1,64.1,60.0,60.5,-0.6,80.0
2016-11-10,3693,63100.0,3925000.0,63.4,63.4,61.5,62.4,1.9,55.0
2016-11-11,3693,14000.0,864700.0,62.0,62.0,61.3,61.3,-1.1,13.0
2016-11-14,3693,59023.0,3550803.0,60.3,60.4,60.0,60.0,-1.3,56.0
2016-11-15,3693,113000.0,6700600.0,57.5,61.7,57.5,61.7,1.7,79.0
2016-11-16,3693,56000.0,3425900.0,61.7,62.0,60.7,61.3,-0.4,44.0
2016-11-17,3693,36000.0,2172500.0,61.3,61.3,60.0,60.9,-0.4,29.0
2016-11-18,3693,35000.0,2112400.0,60.3,60.5,60.1,60.3,-0.6,29.0
2016-11-21,3693,57100.0,3422700.0,60.0,60.2,59.6,60.2,-0.1,48.0
2016-11-22,3693,34000.0,2060000.0,60.3,61.0,60.3,60.4,0.2,30.0
2016-11-23,3693,35477.0,2135797.0,60.3,60.4,60.0,60.4,0.0,32.0
2016-11-24,3693,42000.0,2538600.0,60.4,60.6,60.0,60.5,0.1,35.0
2016-11-25,3693,22000.0,1337600.0,60.3,60.9,60.3,60.7,0.2,20.0
2016-11-28,3693,29000.0,1763000.0,61.9,61.9,60.3,60.5,-0.2,27.0
2016-11-29,3693,16000.0,961600.0,60.1,60.1,60.1,60.1,-0.4,15.0
2016-11-30,3693,25036.0,1506862.0,60.1,60.3,60.0,60.3,0.2,24.0
2016-12-01,3693,37000.0,2227500.0,60.3,60.4,60.1,60.4,0.1,35.0
2016-12-02,3693,54000.0,3244500.0,60.4,60.4,59.7,60.4,0.0,38.0
2016-12-05,3693,11017.0,664028.0,60.0,60.4,60.0,60.4,0.0,10.0
2016-12-06,3693,53306.0,3221182.0,60.5,60.9,60.2,60.9,0.5,35.0
2016-12-07,3693,44170.0,2691318.0,61.1,61.4,60.4,60.7,-0.2,42.0
2016-12-08,3693,147200.0,9227060.0,61.5,64.2,61.1,63.3,2.6,137.0
2016-12-09,3693,100000.0,6318200.0,63.5,64.1,62.4,62.4,-0.9,89.0
2016-12-12,3693,63000.0,3851500.0,62.4,62.4,60.7,60.7,-1.7,52.0
2016-12-13,3693,63000.0,3845900.0,60.9,61.4,60.7,61.0,0.3,47.0
2016-12-14,3693,177020.0,11114944.0,61.2,64.0,61.2,62.8,1.8,129.0
2016-12-15,3693,57000.0,3579300.0,62.4,63.0,62.4,62.9,0.1,42.0
2016-12-16,3693,111000.0,7057100.0,63.9,64.2,63.0,63.6,0.7,83.0
2016-12-19,3693,781222.0,54055517.0,64.5,69.9,64.5,69.9,6.3,601.0
2016-12-20,3693,843240.0,60799779.0,76.0,76.0,69.9,70.0,0.1,675.0
2016-12-21,3693,177207.0,12279116.0,70.1,70.2,68.2,68.4,-1.6,157.0
2016-12-22,3693,95200.0,6501100.0,69.2,69.3,67.7,67.7,-0.7,86.0
2016-12-23,3693,108007.0,7240164.0,67.5,67.7,66.4,66.4,-1.3,90.0
2016-12-26,3693,107000.0,7259100.0,67.0,68.8,67.0,67.7,1.3,94.0
2016-12-27,3693,105020.0,7191380.0,69.0,69.2,68.0,68.2,0.5,77.0
2016-12-28,3693,97000.0,6599400.0,68.5,69.3,67.4,68.0,-0.2,75.0
2016-12-29,3693,47000.0,3156200.0,67.5,67.5,66.9,66.9,-1.1,37.0
2016-12-30,3693,70000.0,4658900.0,66.6,66.9,66.1,66.5,-0.4,60.0
2017-01-03,3693,25000.0,1649900.0,65.4,66.5,65.4,66.0,-0.5,23.0
2017-01-04,3693,42216.0,2849688.0,66.0,68.5,66.0,67.0,1.0,43.0
2017-01-05,3693,61473.0,4152885.0,69.0,69.0,67.2,67.2,0.2,50.0
2017-01-06,3693,52007.0,3516971.0,67.8,67.9,67.3,67.9,0.7,37.0
2017-01-09,3693,108000.0,7348000.0,68.0,68.8,66.5,66.5,-1.4,78.0
2017-01-10,3693,52050.0,3449375.0,66.5,66.5,66.1,66.3,-0.2,35.0
2017-01-11,3693,19000.0,1268200.0,67.0,67.0,66.5,66.5,0.2,16.0
2017-01-12,3693,62000.0,4086400.0,66.6,66.6,65.6,65.6,-0.9,49.0
2017-01-13,3693,9000.0,593300.0,65.8,66.9,65.5,66.1,0.5,9.0
2017-01-16,3693,27000.0,1753600.0,64.8,66.0,64.6,65.6,-0.5,18.0
2017-01-17,3693,14000.0,917300.0,66.0,66.0,65.0,65.9,0.3,13.0
2017-01-18,3693,51030.0,3317468.0,65.0,65.7,64.8,65.4,-0.5,40.0
2017-01-19,3693,23000.0,1507600.0,65.5,66.0,65.1,65.7,0.3,23.0
2017-01-20,3693,38000.0,2464400.0,65.7,65.7,64.0,64.8,-0.9,32.0
2017-01-23,3693,49300.0,3173190.0,64.5,64.5,64.3,64.3,-0.5,39.0
2017-01-24,3693,47000.0,3058400.0,65.0,65.6,64.5,65.0,0.7,42.0
2017-02-02,3693,21000.0,1354800.0,64.5,64.9,64.3,64.5,-0.5,18.0
2017-02-03,3693,80000.0,5167900.0,65.9,65.9,64.3,64.4,-0.1,61.0
2017-02-06,3693,26005.0,1684224.0,64.5,64.9,64.5,64.8,0.4,24.0
2017-02-07,3693,38000.0,2481200.0,65.0,65.8,64.8,65.8,1.0,35.0
2017-02-08,3693,41000.0,2694400.0,65.8,66.0,65.4,65.8,0.0,36.0
2017-02-09,3693,215149.0,14626406.0,65.1,69.8,65.1,67.2,1.4,172.0
2017-02-10,3693,162149.0,10696489.0,67.2,67.2,64.0,64.3,-2.9,128.0
2017-02-13,3693,47000.0,3052900.0,65.8,65.8,64.5,64.8,0.5,44.0
2017-02-14,3693,15000.0,972500.0,64.8,65.5,64.6,64.6,-0.2,15.0
2017-02-15,3693,37050.0,2408865.0,64.9,65.5,64.7,64.7,0.1,36.0
2017-02-16,3693,23150.0,1500460.0,64.7,65.5,64.7,64.7,0.0,16.0
2017-02-17,3693,21000.0,1363800.0,65.3,65.3,64.7,64.8,0.1,21.0
2017-02-18,3693,36000.0,2333600.0,64.2,65.4,64.1,65.4,0.6,28.0
2017-02-20,3693,59000.0,3863000.0,65.6,66.5,65.0,65.5,0.1,47.0
2017-02-21,3693,72000.0,4752800.0,66.3,66.4,65.6,66.0,0.5,53.0
2017-02-22,3693,54000.0,3565700.0,66.2,66.5,65.6,65.6,-0.4,44.0
2017-02-23,3693,39000.0,2555400.0,65.8,66.0,65.2,65.3,-0.3,36.0
2017-02-24,3693,46000.0,2980600.0,64.7,65.6,64.3,65.6,0.3,34.0
2017-03-01,3693,335030.0,22642734.0,65.6,68.3,65.6,67.6,2.0,247.0
2017-03-02,3693,667036.0,46872301.0,68.0,73.0,68.0,73.0,5.4,539.0
2017-03-03,3693,1702199.0,123129990.0,73.0,75.7,68.5,68.7,-4.3,1070.0
2017-03-06,3693,140100.0,9477200.0,68.7,68.8,67.0,67.4,-1.3,127.0
2017-03-07,3693,97020.0,6633456.0,67.5,68.7,67.5,67.8,0.4,83.0
2017-03-08,3693,110000.0,7596500.0,68.0,69.7,68.0,68.5,0.7,100.0
2017-03-09,3693,90000.0,6243200.0,69.1,69.9,68.9,68.9,0.4,82.0
2017-03-10,3693,47048.0,3217204.0,69.5,69.5,68.0,68.3,-0.6,47.0
2017-03-13,3693,116100.0,8054340.0,69.0,70.0,68.5,68.8,0.5,89.0
2017-03-14,3693,58000.0,4014100.0,69.6,69.6,69.0,69.5,0.7,45.0
2017-03-15,3693,70000.0,4877800.0,69.8,70.0,69.0,69.5,0.0,59.0
2017-03-16,3693,127000.0,8924000.0,70.6,70.8,69.6,70.3,0.8,96.0
2017-03-17,3693,854443.0,63146668.0,70.4,75.5,70.4,73.9,3.6,688.0
2017-03-20,3693,194024.0,14154676.0,73.2,74.0,72.0,73.5,-0.4,169.0
2017-03-21,3693,129220.0,9471604.0,73.5,74.0,72.6,72.8,-0.7,101.0
2017-03-22,3693,89201.0,6502472.0,72.0,73.4,72.0,73.0,0.2,75.0
2017-03-23,3693,243004.0,18051094.0,73.1,75.5,72.7,74.2,1.2,191.0
2017-03-24,3693,291000.0,21863400.0,75.0,76.4,74.0,74.2,0.0,248.0
2017-03-27,3693,742566.0,56979085.0,75.3,78.5,74.7,75.6,1.4,598.0
2017-03-28,3693,346002.0,25438446.0,75.4,76.3,72.0,73.1,-2.5,300.0
2017-03-29,3693,72001.0,5230173.0,73.2,73.8,72.1,73.2,0.1,68.0
2017-03-30,3693,120000.0,8700600.0,73.1,73.8,71.9,71.9,-1.3,89.0
2017-03-31,3693,100100.0,7148819.0,71.5,71.9,71.1,71.2,-0.7,78.0
2017-04-05,3693,124034.0,8798614.0,71.2,71.9,70.3,70.3,-0.9,91.0
2017-04-06,3693,26469.0,1873803.0,70.4,71.5,70.4,71.5,1.2,28.0
2017-04-07,3693,56000.0,3954500.0,71.1,71.5,70.1,70.9,-0.6,47.0
2017-04-10,3693,58000.0,4133200.0,70.9,71.9,70.9,71.5,0.6,41.0
2017-04-11,3693,126000.0,8770700.0,71.1,71.2,68.2,69.1,-2.4,95.0
2017-04-12,3693,66000.0,4567400.0,69.1,70.3,68.5,68.6,-0.5,62.0
2017-04-13,3693,38200.0,2610960.0,67.8,69.2,67.7,68.2,-0.4,33.0
2017-04-14,3693,78300.0,5303980.0,68.2,68.3,67.6,67.6,-0.6,59.0
2017-04-17,3693,61021.0,4082600.0,68.2,68.6,66.3,66.6,-1.0,56.0
2017-04-18,3693,24000.0,1607000.0,66.6,67.3,66.6,67.0,0.4,21.0
2017-04-19,3693,38158.0,2540254.0,66.9,67.0,66.3,66.4,-0.6,34.0
2017-04-20,3693,43400.0,2867338.0,66.1,66.3,66.0,66.0,-0.4,37.0
2017-04-21,3693,21000.0,1398600.0,66.2,66.9,66.2,66.6,0.6,15.0
2017-04-24,3693,28000.0,1869400.0,66.9,67.4,66.0,66.1,-0.5,23.0
2017-04-25,3693,34100.0,2263909.0,66.2,66.8,66.1,66.5,0.4,29.0
2017-04-26,3693,16004.0,1067668.0,67.0,67.0,66.5,66.5,0.0,15.0
2017-04-27,3693,21033.0,1403030.0,66.5,67.1,66.5,67.0,0.5,22.0
2017-04-28,3693,174284.0,12114735.0,67.8,70.6,67.0,70.6,3.6,155.0
2017-05-02,3693,394556.0,28898185.0,72.0,74.9,71.0,71.6,1.0,345.0
2017-05-03,3693,83000.0,5871700.0,71.6,72.0,70.1,70.2,-1.4,69.0
2017-05-04,3693,35100.0,2459120.0,69.8,70.2,69.8,70.2,0.0,32.0
2017-05-05,3693,34400.0,2381100.0,69.9,69.9,68.8,68.9,-1.3,35.0
2017-05-08,3693,40300.0,2752220.0,69.4,69.4,67.8,67.8,-1.1,34.0
2017-05-09,3693,172047.0,11326902.0,67.7,67.7,64.1,65.1,-2.7,120.0
2017-05-10,3693,74000.0,4787600.0,64.3,65.0,64.3,65.0,-0.1,58.0
2017-05-11,3693,63070.0,4103420.0,65.0,65.6,64.6,64.6,-0.4,48.0
2017-05-12,3693,308000.0,18806000.0,62.9,63.0,60.0,61.0,-3.6,254.0
2017-05-15,3693,59000.0,3637900.0,61.5,62.0,61.5,61.8,0.8,47.0
2017-05-16,3693,33020.0,2051658.0,62.0,62.7,61.6,62.2,0.4,30.0
2017-05-17,3693,44000.0,2700100.0,62.0,62.0,60.9,61.0,-1.2,30.0
2017-05-18,3693,35000.0,2168700.0,60.3,63.5,60.3,62.0,1.0,33.0
2017-05-19,3693,24000.0,1484300.0,62.0,62.0,61.5,62.0,0.0,20.0
2017-05-22,3693,24000.0,1466200.0,60.9,61.5,60.9,61.0,-1.0,19.0
2017-05-23,3693,62000.0,3787400.0,61.5,61.6,60.5,61.6,0.6,42.0
2017-05-24,3693,23000.0,1414200.0,61.6,61.9,61.2,61.2,-0.4,19.0
2017-05-25,3693,45001.0,2792764.0,62.0,62.2,61.6,62.1,0.9,37.0
2017-05-26,3693,70000.0,4365900.0,62.1,62.7,62.0,62.5,0.4,36.0
2017-05-31,3693,14100.0,871150.0,62.5,62.5,61.5,61.5,-1.0,16.0
2017-06-01,3693,29050.0,1790955.0,61.6,62.0,61.0,61.6,0.1,18.0
2017-06-02,3693,52000.0,3200400.0,62.3,62.3,61.1,61.3,-0.3,31.0
2017-06-03,3693,22058.0,1357167.0,61.4,62.5,61.4,61.5,0.2,20.0
2017-06-05,3693,35000.0,2158900.0,62.0,62.0,61.5,61.5,0.0,30.0
2017-06-06,3693,57000.0,3496800.0,61.3,62.0,60.5,60.9,-0.6,43.0
2017-06-07,3693,59000.0,3588600.0,61.0,61.0,60.6,61.0,0.1,34.0
2017-06-08,3693,15000.0,920000.0,61.2,61.7,61.0,61.0,0.0,15.0
2017-06-09,3693,113316.0,6778533.0,60.0,60.3,59.1,60.0,-1.0,98.0
2017-06-12,3693,38000.0,2263500.0,60.2,60.2,59.3,59.5,-0.5,32.0
2017-06-13,3693,35166.0,2098926.0,59.5,60.0,59.4,60.0,0.5,25.0
2017-06-14,3693,20000.0,1184500.0,59.3,59.3,59.1,59.3,-0.7,20.0
2017-06-15,3693,32100.0,1893810.0,59.3,59.3,58.8,59.0,-0.3,24.0
2017-06-16,3693,27000.0,1603400.0,58.8,60.0,58.8,59.9,0.9,20.0
2017-06-19,3693,26038.0,1554548.0,59.9,60.3,59.1,59.3,-0.6,21.0
2017-06-20,3693,101000.0,5928300.0,59.2,59.4,58.1,59.4,0.1,67.0
2017-06-21,3693,36100.0,2142729.0,59.8,59.8,59.0,59.3,-0.1,25.0
2017-06-22,3693,37033.0,2182753.0,58.5,59.3,58.5,59.1,-0.2,24.0
2017-06-23,3693,37000.0,2166800.0,58.7,58.7,58.5,58.5,-0.6,33.0
2017-06-26,3693,122425.0,7010165.0,56.8,57.9,56.8,57.1,-1.4,103.0
2017-06-27,3693,176062.0,9936940.0,57.1,57.1,55.7,57.1,0.0,138.0
2017-06-28,3693,48000.0,2703100.0,57.1,57.1,55.8,56.8,-0.3,40.0
2017-06-29,3693,103000.0,5763400.0,56.8,57.2,55.5,56.0,-0.8,75.0
2017-06-30,3693,49000.0,2710000.0,55.8,55.8,55.0,55.1,-0.9,45.0
2017-07-03,3693,114420.0,6226580.0,55.0,55.0,54.0,54.3,-0.8,68.0
2017-07-04,3693,56189.0,3033630.0,54.7,54.7,53.8,53.8,-0.5,48.0
2017-07-05,3693,66180.0,3507712.0,53.8,53.8,52.6,53.4,-0.4,58.0
2017-07-06,3693,58000.0,3089900.0,54.1,54.2,53.1,53.2,-0.2,43.0
2017-07-07,3693,668694.0,38566399.0,53.3,58.5,53.3,58.5,5.3,464.0
2017-07-10,3693,433393.0,25205357.0,58.5,59.8,56.6,56.9,-1.6,317.0
2017-07-11,3693,130318.0,7287225.0,56.9,56.9,55.0,55.1,-1.8,96.0
2017-07-12,3693,37050.0,2054600.0,55.1,56.4,55.1,55.3,0.2,30.0
2017-07-13,3693,220063.0,12588054.0,55.9,58.1,55.9,57.5,2.2,162.0
2017-07-14,3693,62000.0,3535100.0,57.8,57.9,56.6,57.0,-0.5,50.0
2017-07-17,3693,706502.0,42382524.0,56.8,62.0,56.8,61.2,4.2,537.0
2017-07-18,3693,238100.0,14327930.0,61.0,61.0,59.5,60.0,-1.2,194.0
2017-07-19,3693,154090.0,9350971.0,59.1,61.9,59.1,61.3,1.3,141.0
2017-07-20,3693,117000.0,7062500.0,61.0,61.1,60.0,60.2,-1.1,89.0
2017-07-21,3693,85000.0,5077200.0,60.5,60.8,59.1,59.1,-1.1,68.0
2017-07-24,3693,29000.0,1706000.0,59.1,59.6,58.5,58.6,-0.5,29.0
2017-07-25,3693,42000.0,2457500.0,58.7,58.7,58.3,58.5,-0.1,33.0
2017-07-26,3693,47080.0,2740499.0,58.5,58.5,58.0,58.0,-0.5,46.0
2017-07-27,3693,40000.0,2346100.0,58.0,59.4,58.0,58.2,0.2,39.0
2017-07-28,3693,89000.0,5144500.0,58.4,58.8,57.1,57.5,-0.7,61.0
2017-07-31,3693,26000.0,1486300.0,57.1,57.3,57.1,57.1,-0.4,21.0
2017-08-01,3693,171000.0,10059200.0,57.3,60.0,57.3,58.8,1.7,122.0
2017-08-02,3693,40000.0,2336100.0,58.8,58.8,57.9,57.9,-0.9,35.0
2017-08-03,3693,41000.0,2405000.0,57.9,59.2,57.9,58.6,0.7,31.0
2017-08-04,3693,53000.0,3088600.0,58.6,58.6,58.0,58.2,-0.4,28.0
2017-08-07,3693,28100.0,1628820.0,58.2,58.2,57.7,57.8,-0.4,22.0
2017-08-08,3693,60100.0,3423480.0,58.0,58.0,56.0,56.7,-1.1,44.0
2017-08-09,3693,47000.0,2645400.0,56.5,56.6,56.0,56.6,-0.1,34.0
2017-08-10,3693,89001.0,4906355.0,55.1,55.7,55.0,55.0,-1.6,63.0
2017-08-11,3693,72090.0,3905060.0,53.6,55.0,53.0,54.5,-0.5,64.0
2017-08-14,3693,73000.0,3888600.0,53.9,54.0,52.9,53.6,-0.9,59.0
2017-08-15,3693,61100.0,3258110.0,53.6,54.0,52.9,53.2,-0.4,49.0
2017-08-16,3693,40000.0,2111300.0,52.2,53.4,52.2,53.4,0.2,34.0
2017-08-17,3693,35100.0,1914600.0,53.5,55.5,53.5,54.5,1.1,33.0
2017-08-18,3693,27000.0,1472000.0,54.3,55.2,54.0,54.7,0.2,26.0
2017-08-21,3693,79100.0,4446010.0,55.1,57.5,55.0,56.6,1.9,56.0
2017-08-22,3693,61001.0,3488556.0,57.5,57.9,56.6,57.3,0.7,41.0
2017-08-23,3693,53000.0,3030000.0,57.3,57.5,56.6,56.6,-0.7,45.0
2017-08-24,3693,30000.0,1705800.0,57.0,57.0,56.6,57.0,0.4,22.0
2017-08-25,3693,32000.0,1822000.0,57.5,57.5,56.8,56.8,-0.2,20.0
2017-08-28,3693,53029.0,2987450.0,56.6,56.9,56.1,56.3,-0.5,37.0
2017-08-29,3693,141000.0,8176400.0,56.2,59.0,56.2,58.0,1.7,102.0
2017-08-30,3693,857308.0,52189509.0,59.3,61.7,58.1,61.4,3.4,605.0
2017-08-31,3693,279000.0,16860300.0,62.0,62.0,59.5,59.7,-1.7,204.0
2017-09-01,3693,126010.0,7478095.0,60.6,60.6,58.8,59.5,-0.2,99.0
2017-09-04,3693,103085.0,6051132.0,59.5,59.8,58.0,58.2,-1.3,79.0
2017-09-05,3693,125100.0,7237488.0,58.0,58.5,57.6,58.1,-0.1,93.0
2017-09-06,3693,101005.0,5907010.0,57.8,59.1,57.8,58.5,0.4,90.0
2017-09-07,3693,78000.0,4360600.0,56.0,56.6,55.5,55.8,0.0,59.0
2017-09-08,3693,99200.0,5473100.0,55.8,56.1,54.5,54.8,-1.0,76.0
2017-09-11,3693,24000.0,1306300.0,54.1,54.9,54.1,54.9,0.1,18.0
2017-09-12,3693,29200.0,1600800.0,54.6,54.9,54.6,54.7,-0.2,25.0
2017-09-13,3693,38000.0,2100100.0,54.7,55.8,54.3,55.2,0.5,31.0
2017-09-14,3693,51000.0,2820200.0,55.9,56.0,55.0,55.4,0.2,42.0
2017-09-15,3693,52033.0,2858080.0,55.5,55.5,54.7,54.7,-0.7,36.0
2017-09-18,3693,40001.0,2172260.0,54.4,54.9,54.0,54.0,-0.7,31.0
2017-09-19,3693,47000.0,2518100.0,53.6,53.9,53.4,53.4,-0.6,42.0
2017-09-20,3693,60000.0,3163700.0,53.0,53.4,52.3,52.6,-0.8,55.0
2017-09-21,3693,44150.0,2349824.0,53.0,53.5,53.0,53.5,0.9,40.0
2017-09-22,3693,55144.0,2900259.0,53.1,53.1,52.4,52.5,-1.0,39.0
2017-09-25,3693,39000.0,2041500.0,52.5,52.5,52.2,52.5,0.0,32.0
2017-09-26,3693,30000.0,1567300.0,52.5,52.5,52.1,52.2,-0.3,18.0
2017-09-27,3693,46031.0,2397443.0,52.0,52.3,52.0,52.1,-0.1,35.0
2017-09-28,3693,42001.0,2190852.0,52.1,52.3,52.0,52.3,0.2,25.0
2017-09-29,3693,24000.0,1248900.0,52.5,52.5,51.5,52.1,-0.2,15.0
2017-09-30,3693,25000.0,1296800.0,52.1,52.1,51.6,51.7,-0.4,22.0
2017-10-02,3693,42000.0,2163300.0,51.7,52.0,51.1,51.5,-0.2,39.0
2017-10-03,3693,47000.0,2395800.0,51.1,51.7,50.1,50.6,-0.9,44.0
2017-10-05,3693,47000.0,2386100.0,50.6,51.3,50.2,50.4,-0.2,36.0
2017-10-06,3693,56007.0,2833785.0,50.5,51.3,50.4,51.0,0.6,43.0
2017-10-11,3693,109052.0,5418452.0,50.1,50.3,49.2,49.2,-1.8,94.0
2017-10-12,3693,120000.0,5757650.0,49.2,49.2,47.5,48.0,-1.2,97.0
2017-10-13,3693,66000.0,3139500.0,47.8,48.0,47.4,47.45,-0.55,49.0
2017-10-16,3693,45000.0,2136950.0,47.3,47.6,47.3,47.6,0.15,32.0
2017-10-17,3693,41100.0,1975800.0,47.7,48.6,47.6,48.35,0.75,38.0
2017-10-18,3693,22350.0,1066292.0,47.9,48.0,47.55,47.55,-0.8,22.0
2017-10-19,3693,36225.0,1720525.0,47.55,47.8,47.2,47.8,0.25,30.0
2017-10-20,3693,24040.0,1144358.0,47.5,47.8,47.5,47.7,-0.1,20.0
2017-10-23,3693,25050.0,1188350.0,47.7,47.7,47.3,47.3,-0.4,19.0
2017-10-24,3693,103000.0,4759600.0,46.6,46.6,46.0,46.45,-0.85,78.0
2017-10-25,3693,83100.0,3822150.0,46.2,46.35,45.6,45.7,-0.75,60.0
2017-10-26,3693,82375.0,3694675.0,45.3,45.3,44.5,44.95,-0.75,70.0
2017-10-27,3693,23000.0,1030050.0,44.95,44.95,44.55,44.55,-0.4,20.0
2017-10-30,3693,74000.0,3232650.0,45.1,45.1,42.8,43.3,-1.25,60.0
2017-10-31,3693,223000.0,9373850.0,43.3,43.3,41.6,42.0,-1.3,164.0
2017-11-01,3693,286100.0,12811020.0,42.05,46.2,42.05,46.2,4.2,233.0
2017-11-02,3693,579200.0,28065320.0,47.45,49.3,47.0,48.1,1.9,463.0
2017-11-03,3693,98070.0,4592758.0,47.4,47.65,46.25,46.3,-1.8,91.0
2017-11-06,3693,61031.0,2833057.0,46.8,46.9,46.05,46.3,0.0,54.0
2017-11-07,3693,53000.0,2470700.0,46.7,46.9,46.4,46.4,0.1,44.0
2017-11-08,3693,71100.0,3264450.0,46.4,46.6,45.4,46.0,-0.4,52.0
2017-11-09,3693,117104.0,5108312.0,45.8,45.8,42.1,43.8,-2.2,94.0
2017-11-10,3693,31000.0,1345100.0,42.5,43.8,42.5,43.5,-0.3,30.0
2017-11-13,3693,99163.0,4165125.0,42.0,42.45,41.75,42.1,-1.4,87.0
2017-11-14,3693,65000.0,2721200.0,41.9,42.7,41.5,42.45,0.35,48.0
2017-11-15,3693,45046.0,1883747.0,42.0,42.0,41.55,42.0,-0.45,35.0
2017-11-16,3693,106035.0,4372579.0,41.9,41.9,40.8,41.25,-0.75,70.0
2017-11-17,3693,52045.0,2170185.0,41.7,41.9,41.4,41.5,0.25,47.0
2017-11-20,3693,101032.0,4083640.0,41.0,41.0,40.3,40.3,-1.2,72.0
2017-11-21,3693,480000.0,19838300.0,40.3,42.5,39.6,41.25,0.95,283.0
2017-11-22,3693,63116.0,2566385.0,41.2,41.2,40.35,40.45,-0.8,53.0
2017-11-23,3693,40300.0,1639180.0,40.45,41.0,40.45,40.5,0.05,36.0
2017-11-24,3693,22100.0,898830.0,40.8,40.9,40.5,40.55,0.05,20.0
2017-11-27,3693,79339.0,3261069.0,40.55,41.7,40.55,41.7,1.15,71.0
2017-11-28,3693,323100.0,14192045.0,42.8,45.5,42.7,43.55,1.85,283.0
2017-11-29,3693,75270.0,3208702.0,42.9,43.0,42.2,42.2,-1.35,65.0
2017-11-30,3693,32000.0,1345950.0,42.5,42.6,41.75,41.8,-0.4,28.0
2017-12-01,3693,58000.0,2408150.0,41.7,41.8,41.1,41.35,-0.45,33.0
2017-12-04,3693,37000.0,1516300.0,41.1,41.1,40.9,40.9,-0.45,18.0
2017-12-05,3693,37100.0,1500610.0,40.6,40.6,40.2,40.5,-0.4,29.0
2017-12-06,3693,29000.0,1173300.0,40.5,40.75,40.2,40.2,-0.3,25.0
2017-12-07,3693,43000.0,1722150.0,40.0,40.3,40.0,40.2,0.0,37.0
2017-12-08,3693,14100.0,568450.0,40.5,40.5,40.0,40.4,0.2,15.0
2017-12-11,3693,33000.0,1331100.0,40.3,40.6,40.2,40.4,0.0,21.0
2017-12-12,3693,43000.0,1731750.0,40.4,40.5,40.1,40.15,-0.25,33.0
2017-12-13,3693,66600.0,2670710.0,40.4,40.4,40.05,40.05,-0.1,39.0
2017-12-14,3693,39000.0,1567550.0,40.05,40.6,40.05,40.1,0.05,32.0
2017-12-15,3693,16000.0,644150.0,40.2,40.5,40.15,40.2,0.1,16.0
2017-12-18,3693,53001.0,2151441.0,40.4,40.75,40.2,40.75,0.55,48.0
2017-12-19,3693,19050.0,775710.0,40.75,40.95,40.5,40.8,0.05,18.0
2017-12-20,3693,45000.0,1845050.0,40.8,41.2,40.8,40.95,0.15,42.0
2017-12-21,3693,131000.0,5590450.0,41.2,43.5,41.2,42.75,1.8,110.0
2017-12-22,3693,51000.0,2150900.0,42.7,42.7,41.8,42.4,-0.35,46.0
2017-12-25,3693,32000.0,1343950.0,42.0,42.2,41.6,41.6,-0.8,26.0
2017-12-26,3693,34000.0,1396300.0,41.6,41.6,40.8,40.85,-0.75,31.0
2017-12-27,3693,28007.0,1145338.0,41.3,41.3,40.85,40.85,0.0,15.0
2017-12-28,3693,44000.0,1813850.0,40.9,41.6,40.9,41.5,0.65,36.0
2017-12-29,3693,11000.0,455400.0,41.3,41.6,41.3,41.6,0.1,11.0
2018-01-02,3693,55000.0,2344700.0,41.8,43.2,41.8,43.2,1.6,46.0
2018-01-03,3693,150069.0,6551536.0,43.5,44.5,42.7,43.3,0.1,103.0
2018-01-04,3693,35000.0,1513850.0,43.25,43.7,42.8,43.5,0.2,30.0
2018-01-05,3693,82035.0,3620109.0,43.0,44.7,43.0,43.15,-0.35,59.0
2018-01-08,3693,50102.0,2172200.0,43.15,43.65,43.15,43.15,0.0,32.0
2018-01-09,3693,20000.0,853900.0,43.15,43.15,42.3,42.4,-0.75,18.0
2018-01-10,3693,50000.0,2160050.0,43.15,43.9,43.0,43.0,0.6,44.0
2018-01-11,3693,24003.0,1030177.0,42.8,43.05,42.8,42.8,-0.2,23.0
2018-01-12,3693,23000.0,982000.0,42.8,43.2,42.2,42.2,-0.6,16.0
2018-01-15,3693,23000.0,977150.0,42.6,42.85,42.3,42.3,0.1,17.0
2018-01-16,3693,22174.0,938858.0,42.5,42.65,42.15,42.3,0.0,22.0
2018-01-17,3693,34000.0,1460050.0,42.75,43.3,42.7,43.3,1.0,28.0
2018-01-18,3693,27035.0,1165810.0,43.3,43.3,42.55,42.75,-0.55,24.0
2018-01-19,3693,49000.0,2104000.0,42.45,43.3,42.45,42.75,0.0,28.0
2018-01-22,3693,27000.0,1164700.0,42.75,43.4,42.75,43.1,0.35,22.0
2018-01-23,3693,16000.0,689250.0,43.0,43.4,42.9,42.9,-0.2,14.0
2018-01-24,3693,38000.0,1639400.0,42.9,43.5,42.6,43.4,0.5,29.0
2018-01-25,3693,57003.0,2501730.0,43.8,44.95,43.15,43.5,0.1,47.0
2018-01-26,3693,213000.0,9518200.0,44.0,46.4,43.5,43.55,0.05,172.0
2018-01-29,3693,22000.0,954100.0,43.4,43.95,43.2,43.55,0.0,22.0
2018-01-30,3693,31000.0,1327450.0,43.2,43.2,42.5,43.0,-0.55,24.0
2018-01-31,3693,12001.0,514193.0,43.5,43.5,42.6,42.65,-0.35,13.0
2018-02-01,3693,18000.0,763000.0,42.4,42.8,42.15,42.15,-0.5,18.0
2018-02-02,3693,35108.0,1479040.0,42.0,42.45,41.9,42.1,-0.05,29.0
2018-02-05,3693,32000.0,1339300.0,42.7,42.7,41.35,41.8,-0.3,29.0
2018-02-06,3693,187500.0,7404524.0,41.2,41.2,38.0,38.5,-3.3,94.0
2018-02-07,3693,37000.0,1451550.0,39.05,39.75,38.75,38.75,0.25,34.0
2018-02-08,3693,86000.0,3281900.0,38.2,38.45,37.0,38.05,-0.7,42.0
2018-02-09,3693,95000.0,3460950.0,35.1,38.05,35.1,38.0,-0.05,66.0
2018-02-12,3693,20000.0,762050.0,38.0,38.5,38.0,38.0,0.0,14.0
2018-02-21,3693,7040.0,268877.0,38.2,38.2,38.15,38.15,0.15,7.0
2018-02-22,3693,5000.0,191900.0,38.4,38.4,38.35,38.35,0.2,5.0
2018-02-23,3693,18000.0,692350.0,38.2,38.6,38.2,38.3,-0.05,16.0
2018-02-26,3693,13000.0,498100.0,38.4,38.5,38.2,38.2,-0.1,11.0
2018-02-27,3693,33225.0,1271123.0,38.45,38.45,38.2,38.2,0.0,19.0
2018-03-01,3693,9000.0,344100.0,38.15,38.35,38.15,38.35,0.15,9.0
2018-03-02,3693,7040.0,267938.0,38.05,38.1,38.0,38.1,-0.25,8.0
2018-03-05,3693,16000.0,609850.0,38.15,38.45,37.9,37.9,-0.2,16.0
2018-03-06,3693,8030.0,303921.0,37.9,37.9,37.8,37.8,-0.1,10.0
2018-03-07,3693,10000.0,373950.0,37.7,37.7,37.15,37.2,-0.6,9.0
2018-03-08,3693,30000.0,1115350.0,37.2,37.5,37.1,37.3,0.1,27.0
2018-03-09,3693,35000.0,1289600.0,37.4,37.4,36.55,36.55,-0.75,30.0
2018-03-12,3693,13320.0,490184.0,36.8,37.0,36.6,36.6,0.05,16.0
2018-03-13,3693,18000.0,660550.0,36.6,36.8,36.5,36.8,0.2,17.0
2018-03-14,3693,8001.0,289586.0,36.0,36.25,36.0,36.25,-0.55,8.0
2018-03-15,3693,12200.0,444358.0,36.2,36.7,36.2,36.7,0.45,13.0
2018-03-16,3693,1000.0,36450.0,36.45,36.45,36.45,36.45,-0.25,1.0
2018-03-19,3693,39000.0,1405450.0,36.1,36.7,35.9,35.95,-0.5,32.0
2018-03-20,3693,12000.0,428500.0,35.95,35.95,35.5,35.5,-0.45,12.0
2018-03-21,3693,13000.0,460300.0,35.35,35.6,35.35,35.6,0.1,11.0
2018-03-22,3693,41000.0,1448950.0,35.6,35.85,35.1,35.15,-0.45,31.0
2018-03-23,3693,46000.0,1602350.0,35.1,35.8,34.1,34.45,-0.7,36.0
2018-03-26,3693,13100.0,451909.0,34.65,34.65,34.4,34.4,-0.05,11.0
2018-03-27,3693,37000.0,1278900.0,34.4,34.85,34.4,34.5,0.1,24.0
2018-03-28,3693,37226.0,1266766.0,34.4,34.4,33.35,34.0,-0.5,27.0
2018-03-29,3693,46000.0,1576900.0,34.05,34.8,33.95,34.15,0.15,35.0
2018-03-30,3693,10000.0,341700.0,34.05,34.45,34.05,34.45,0.3,9.0
2018-03-31,3693,33200.0,1155590.0,34.5,35.1,34.45,34.9,0.45,26.0
2018-04-02,3693,31008.0,1068427.0,35.0,35.0,34.35,34.5,-0.4,25.0
2018-04-03,3693,12000.0,413000.0,34.4,34.5,34.4,34.5,0.0,5.0
2018-04-09,3693,21000.0,710500.0,34.0,34.0,33.7,33.7,-0.8,20.0
2018-04-10,3693,15000.0,500700.0,33.6,33.7,33.15,33.2,-0.5,12.0
2018-04-11,3693,30000.0,1002700.0,33.35,33.65,33.25,33.25,0.05,23.0
2018-04-12,3693,30000.0,998900.0,33.25,33.55,33.15,33.45,0.2,21.0
2018-04-13,3693,39012.0,1300944.0,33.45,34.0,33.2,33.2,-0.25,33.0
2018-04-16,3693,14000.0,481150.0,35.2,35.2,33.8,34.25,1.05,14.0
2018-04-17,3693,12050.0,405042.0,33.65,33.65,33.55,33.55,-0.7,10.0
2018-04-18,3693,24011.0,803920.0,33.55,33.55,33.4,33.4,-0.15,15.0
2018-04-19,3693,12000.0,400550.0,33.4,33.6,33.25,33.4,0.0,11.0
2018-04-20,3693,28000.0,925350.0,33.2,33.3,32.95,33.0,-0.4,17.0
2018-04-23,3693,51000.0,1662200.0,32.55,33.25,32.0,33.0,0.0,26.0
2018-04-24,3693,12026.0,389502.0,32.25,32.85,32.15,32.6,-0.4,13.0
2018-04-25,3693,33000.0,1054500.0,32.0,32.25,31.65,32.0,-0.6,23.0
2018-04-26,3693,61000.0,1939900.0,31.95,32.4,30.55,31.55,-0.45,38.0
2018-04-27,3693,18099.0,562368.0,31.05,31.45,31.0,31.45,-0.1,17.0
2018-04-30,3693,45000.0,1373800.0,31.4,31.4,30.3,30.6,-0.85,31.0
2018-05-02,3693,55000.0,1675300.0,30.5,30.6,30.1,30.45,-0.15,22.0
2018-05-03,3693,135208.0,4069777.0,30.15,30.8,29.5,30.0,-0.45,73.0
2018-05-04,3693,80000.0,2408300.0,30.0,30.7,29.7,29.85,-0.15,55.0
2018-05-07,3693,49004.0,1469120.0,30.0,30.0,29.85,29.95,0.1,38.0
2018-05-08,3693,55014.0,1645321.0,29.95,30.0,29.8,29.85,-0.1,35.0
2018-05-09,3693,28135.0,839781.0,29.95,30.0,29.7,29.75,-0.1,23.0
2018-05-10,3693,63000.0,1888350.0,29.75,30.3,29.75,29.8,0.05,39.0
2018-05-11,3693,28300.0,847615.0,29.95,30.45,29.8,29.8,0.0,28.0
2018-05-14,3693,75000.0,2282150.0,29.85,31.3,29.85,30.55,0.75,57.0
2018-05-15,3693,20000.0,601400.0,30.2,30.2,29.8,30.1,-0.45,15.0
2018-05-16,3693,82000.0,2532850.0,30.1,31.5,30.1,30.85,0.75,73.0
2018-05-17,3693,57010.0,1782515.0,32.0,32.0,31.0,31.2,0.35,42.0
2018-05-18,3693,779400.0,25857319.0,32.4,34.3,31.6,32.6,1.4,431.0
2018-05-21,3693,154000.0,5098850.0,32.6,33.75,32.6,33.2,0.6,113.0
2018-05-22,3693,42100.0,1397049.0,33.2,33.9,33.05,33.05,-0.15,41.0
2018-05-23,3693,47000.0,1534400.0,33.05,33.05,32.35,32.55,-0.5,37.0
2018-05-24,3693,364096.0,12227683.0,32.55,34.8,31.7,34.0,1.45,150.0
2018-05-25,3693,223020.0,7788594.0,33.7,35.5,33.6,34.8,0.8,140.0
2018-05-28,3693,225350.0,7660794.0,34.8,35.5,33.0,33.0,-1.8,142.0
2018-05-29,3693,126400.0,4056630.0,32.6,32.6,31.6,32.0,-1.0,66.0
2018-05-30,3693,37000.0,1197800.0,31.6,32.8,31.6,32.55,0.55,26.0
2018-05-31,3693,57000.0,1828000.0,32.2,32.45,31.8,32.3,-0.25,48.0
2018-06-01,3693,40000.0,1290600.0,32.0,32.75,32.0,32.75,0.45,29.0
2018-06-04,3693,87261.0,2874589.0,32.75,33.8,32.65,33.4,0.65,65.0
2018-06-05,3693,87137.0,2913362.0,33.2,33.75,33.1,33.65,0.25,53.0
2018-06-06,3693,356150.0,12509782.0,34.0,36.5,33.75,35.2,1.55,224.0
2018-06-07,3693,65000.0,2287850.0,35.8,35.8,34.65,35.3,0.1,59.0
2018-06-08,3693,622030.0,24056214.0,37.95,38.8,37.75,38.8,3.5,365.0
2018-06-11,3693,947546.0,39566985.0,39.4,42.65,39.4,42.65,3.85,668.0
2018-06-12,3693,896698.0,41015285.0,44.1,46.9,44.1,46.9,4.25,602.0
2018-06-13,3693,540202.0,27631302.0,50.5,51.5,50.2,51.5,4.6,385.0
2018-06-14,3693,1397327.0,72371633.0,54.5,54.5,49.0,52.2,0.7,1072.0
2018-06-15,3693,546625.0,27762150.0,53.0,53.0,49.0,50.5,-1.7,403.0
2018-06-19,3693,403225.0,20542700.0,49.8,52.9,48.5,51.5,1.0,308.0
2018-06-20,3693,224000.0,11358200.0,52.5,52.5,49.5,50.7,-0.8,158.0
2018-06-21,3693,123008.0,6215000.0,50.7,51.5,50.0,50.5,-0.2,77.0
2018-06-22,3693,118166.0,5952566.0,50.5,51.3,49.5,50.0,-0.5,90.0
2018-06-25,3693,393200.0,18359200.0,49.5,49.7,45.0,45.0,-5.0,289.0
2018-06-26,3693,214098.0,9309256.0,41.9,46.4,41.9,46.4,1.4,141.0
2018-06-27,3693,138099.0,6413342.0,46.4,46.9,45.6,46.4,0.0,103.0
2018-06-28,3693,296095.0,14169521.0,45.7,50.0,45.0,48.2,1.8,235.0
2018-06-29,3693,351003.0,17751351.0,49.2,51.1,49.2,50.5,2.3,267.0
2018-07-02,3693,201000.0,9868000.0,50.0,50.9,48.55,48.55,-1.95,143.0
2018-07-03,3693,165085.0,8116242.0,49.4,51.0,47.35,48.15,-0.4,121.0
2018-07-04,3693,112000.0,5305950.0,47.45,48.5,46.5,47.1,-1.05,91.0
2018-07-05,3693,122050.0,5888115.0,49.0,49.3,47.15,47.5,0.4,101.0
2018-07-06,3693,169000.0,8065300.0,48.0,49.8,46.6,47.8,0.3,133.0
2018-07-09,3693,64000.0,3021600.0,47.9,47.9,46.75,47.2,-0.6,34.0
2018-07-10,3693,206000.0,9117600.0,46.55,46.55,43.05,43.75,-3.45,147.0
2018-07-11,3693,142200.0,6148520.0,43.55,44.6,42.9,43.6,-0.15,96.0
2018-07-12,3693,76099.0,3389347.0,44.0,45.2,43.65,45.2,1.6,63.0
2018-07-13,3693,49000.0,2223650.0,45.6,45.7,45.2,45.7,0.5,42.0
2018-07-16,3693,59000.0,2761300.0,46.6,48.0,45.85,46.45,0.75,44.0
2018-07-17,3693,56000.0,2562200.0,46.45,46.45,45.35,45.4,-1.05,40.0
2018-07-18,3693,50000.0,2248150.0,45.9,45.9,44.6,44.6,-0.8,42.0
2018-07-19,3693,39000.0,1752150.0,43.65,45.5,43.65,45.1,0.5,34.0
2018-07-20,3693,20000.0,887900.0,45.1,46.0,44.0,44.45,-0.65,17.0
2018-07-23,3693,181000.0,7854700.0,44.0,44.95,42.3,44.9,0.45,101.0
2018-07-24,3693,75070.0,3340732.0,46.1,46.1,43.85,43.85,-1.05,50.0
2018-07-25,3693,21200.0,931770.0,43.3,44.5,43.3,44.5,0.65,17.0
2018-07-26,3693,30412.0,1361368.0,44.5,45.5,44.35,44.5,0.0,28.0
2018-07-27,3693,28000.0,1243550.0,44.7,44.9,44.1,44.6,0.1,18.0
2018-07-30,3693,30000.0,1347200.0,45.0,45.4,44.3,44.9,0.3,29.0
2018-07-31,3693,16000.0,715900.0,45.45,45.45,44.4,44.9,0.0,15.0
2018-08-01,3693,23000.0,1025100.0,44.3,45.0,44.1,44.9,0.0,19.0
2018-08-02,3693,49000.0,2202800.0,45.5,45.5,44.7,45.25,0.35,31.0
2018-08-03,3693,96000.0,4430500.0,45.5,46.95,45.5,46.3,1.05,77.0
2018-08-06,3693,103000.0,4838600.0,46.4,47.7,46.4,47.1,0.8,87.0
2018-08-07,3693,39000.0,1830200.0,47.1,47.35,46.25,46.7,-0.4,34.0
2018-08-08,3693,73000.0,3355550.0,46.4,46.6,45.25,45.6,-1.1,56.0
2018-08-09,3693,67000.0,2978350.0,45.6,45.6,44.05,44.05,-1.55,55.0
2018-08-10,3693,33000.0,1446800.0,44.65,44.65,43.25,44.4,0.35,27.0
2018-08-13,3693,72000.0,3105850.0,43.55,43.95,42.8,43.95,-0.45,53.0
2018-08-14,3693,17000.0,740100.0,43.4,44.35,43.1,44.35,0.4,14.0
2018-08-15,3693,27064.0,1186162.0,44.05,44.2,43.55,43.55,-0.8,25.0
2018-08-16,3693,30000.0,1278500.0,42.1,43.5,42.0,43.5,-0.05,25.0
2018-08-17,3693,27000.0,1165350.0,44.5,44.5,42.7,43.4,-0.1,23.0
2018-08-20,3693,19000.0,818750.0,43.45,43.45,42.9,43.3,-0.1,14.0
2018-08-21,3693,17072.0,737532.0,43.0,43.9,43.0,43.8,0.5,11.0
2018-08-22,3693,21000.0,902200.0,43.25,43.25,42.8,43.15,-0.65,19.0
2018-08-23,3693,16000.0,692000.0,43.5,43.6,42.85,43.2,0.05,13.0
2018-08-24,3693,12110.0,520236.0,42.75,43.1,42.6,43.0,-0.2,11.0
2018-08-27,3693,40000.0,1750700.0,45.8,45.8,43.0,43.75,0.75,32.0
2018-08-28,3693,27000.0,1165300.0,43.65,43.65,43.0,43.1,-0.65,24.0
2018-08-29,3693,1000.0,43100.0,43.1,43.1,43.1,43.1,0.0,1.0
2018-08-30,3693,55000.0,2321600.0,42.75,42.8,42.0,42.5,-0.6,40.0
2018-08-31,3693,47000.0,1993950.0,42.1,43.4,41.85,43.3,0.8,28.0
2018-09-03,3693,15000.0,638500.0,42.3,43.2,42.1,42.5,-0.8,12.0
2018-09-04,3693,8000.0,336800.0,42.0,42.8,42.0,42.8,0.3,7.0
2018-09-05,3693,5500.0,232850.0,42.1,42.5,42.0,42.5,-0.3,6.0
2018-09-06,3693,31160.0,1300454.0,42.45,42.45,41.2,42.3,-0.2,23.0
2018-09-07,3693,89000.0,3602700.0,41.55,41.9,39.1,41.75,-0.55,54.0
2018-09-10,3693,65000.0,2543900.0,40.2,40.2,38.05,38.5,-3.25,53.0
2018-09-11,3693,6704.0,261066.0,38.5,39.7,38.5,39.7,1.2,8.0
2018-09-12,3693,17000.0,647500.0,38.25,38.9,38.0,38.0,-1.7,13.0
2018-09-13,3693,19000.0,711650.0,37.85,37.9,37.3,37.3,-0.7,14.0
2018-09-14,3693,13000.0,490400.0,37.3,38.25,37.3,38.25,0.95,13.0
2018-09-17,3693,4000.0,152050.0,38.55,38.55,37.55,38.4,0.15,4.0
2018-09-18,3693,32000.0,1185550.0,37.2,37.5,37.0,37.5,-0.9,11.0
2018-09-19,3693,5000.0,185700.0,36.65,37.35,36.65,37.35,-0.15,5.0
2018-09-20,3693,13150.0,485757.0,36.9,37.35,36.55,37.05,-0.3,12.0
2018-09-21,3693,16000.0,596650.0,37.4,37.6,36.75,37.4,0.35,15.0
2018-09-25,3693,15003.0,561464.0,37.35,37.8,37.35,37.8,0.4,15.0
2018-09-26,3693,9000.0,343500.0,38.65,38.65,37.4,38.15,0.35,9.0
2018-09-27,3693,13000.0,492300.0,38.15,38.3,37.4,38.15,0.0,13.0
2018-09-28,3693,7000.0,268150.0,38.4,38.5,37.6,38.35,0.2,7.0
2018-10-01,3693,15000.0,560200.0,37.25,37.45,37.25,37.45,-0.9,13.0
2018-10-02,3693,12000.0,444950.0,37.45,37.5,36.75,37.5,0.05,11.0
2018-10-03,3693,12140.0,446128.0,37.4,38.05,36.3,38.05,0.55,11.0
2018-10-04,3693,8000.0,298800.0,37.9,37.9,36.65,37.5,-0.55,6.0
2018-10-05,3693,18002.0,659323.0,37.5,37.5,36.1,37.0,-0.5,17.0
2018-10-08,3693,31000.0,1116700.0,36.1,36.7,35.6,36.5,-0.5,24.0
2018-10-09,3693,10000.0,365150.0,36.6,37.0,36.0,36.55,0.05,10.0
2018-10-11,3693,73000.0,2408900.0,35.15,35.15,32.9,32.9,-3.65,43.0
2018-10-12,3693,158001.0,4758030.0,30.1,30.75,29.65,30.5,-2.4,98.0
2018-10-15,3693,26000.0,799600.0,31.0,31.0,30.1,31.0,0.5,24.0
2018-10-16,3693,12150.0,375645.0,30.4,31.1,30.4,31.0,0.0,12.0
2018-10-17,3693,22000.0,706600.0,31.5,33.0,31.5,31.8,0.8,17.0
2018-10-18,3693,9000.0,282250.0,31.5,31.85,31.05,31.85,0.05,8.0
2018-10-19,3693,23000.0,725950.0,31.4,32.3,31.25,32.3,0.45,17.0
2018-10-22,3693,19000.0,621150.0,32.25,33.5,32.25,33.5,1.2,15.0
2018-10-23,3693,1001.0,33833.0,33.8,33.8,33.8,33.8,0.3,2.0
2018-10-24,3693,0.0,0.0,0.0,0.0,0.0,0.0,0.0,0.0
2018-10-25,3693,36000.0,1165750.0,31.55,33.5,31.2,33.0,-0.8,30.0
2018-10-26,3693,14000.0,443750.0,31.2,32.85,30.65,32.8,-0.2,12.0
2018-10-29,3693,22000.0,716200.0,31.4,35.7,31.4,35.15,2.35,22.0
2018-10-30,3693,17000.0,567700.0,33.7,34.0,32.9,33.1,-2.05,17.0
2018-10-31,3693,7000.0,235050.0,34.3,34.3,33.0,33.45,0.35,6.0
2018-11-01,3693,10000.0,329450.0,33.05,33.05,32.8,32.8,-0.65,8.0
2018-11-02,3693,12000.0,392800.0,32.8,33.45,32.5,33.45,0.65,9.0
2018-11-05,3693,6000.0,198750.0,33.25,33.25,32.9,32.9,-0.55,6.0
2018-11-06,3693,10000.0,316650.0,31.7,31.95,31.55,31.9,-1.0,10.0
2018-11-07,3693,15000.0,473350.0,31.9,31.9,31.4,31.4,-0.5,14.0
2018-11-08,3693,11000.0,349150.0,31.8,32.15,31.5,31.5,0.1,11.0
2018-11-09,3693,14000.0,437050.0,31.5,31.5,31.05,31.45,-0.05,13.0
2018-11-12,3693,11116.0,341625.0,30.8,31.0,30.4,30.95,-0.5,11.0
2018-11-13,3693,6000.0,186450.0,31.85,31.85,30.9,30.9,-0.05,6.0
2018-11-14,3693,18000.0,562950.0,30.9,31.95,30.9,31.55,0.65,17.0
2018-11-15,3693,11171.0,354086.0,31.55,31.8,31.55,31.7,0.15,10.0
2018-11-16,3693,25000.0,795750.0,31.7,33.0,31.65,31.7,0.0,22.0
2018-11-19,3693,17062.0,541058.0,31.7,32.1,31.6,32.1,0.4,12.0
2018-11-20,3693,8000.0,254000.0,31.95,31.95,31.55,31.95,-0.15,7.0
2018-11-21,3693,39000.0,1226050.0,31.5,31.9,31.3,31.4,-0.55,30.0
2018-11-22,3693,18000.0,569250.0,31.55,31.85,31.5,31.6,0.2,12.0
2018-11-23,3693,10000.0,315800.0,31.5,31.9,31.25,31.6,0.0,10.0
2018-11-26,3693,11000.0,346200.0,31.6,31.75,31.1,31.45,-0.15,9.0
2018-11-27,3693,10000.0,315150.0,31.5,31.65,31.35,31.65,0.2,6.0
2018-11-28,3693,30040.0,952032.0,31.65,31.9,31.55,31.75,0.1,21.0
2018-11-29,3693,15000.0,479400.0,31.8,32.25,31.75,31.8,0.05,15.0
2018-11-30,3693,23000.0,728250.0,31.8,31.8,31.55,31.55,-0.25,17.0
2018-12-03,3693,63000.0,2042400.0,32.35,33.5,32.0,32.5,0.95,44.0
2018-12-04,3693,26000.0,870450.0,34.5,34.5,33.0,33.05,0.55,24.0
2018-12-05,3693,18000.0,587550.0,32.5,33.0,32.5,32.55,-0.5,17.0
2018-12-06,3693,27000.0,869750.0,32.25,32.6,32.1,32.6,0.05,9.0
2018-12-07,3693,10000.0,325700.0,32.6,32.75,32.2,32.75,0.15,10.0
2018-12-10,3693,13051.0,420649.0,32.0,32.75,32.0,32.05,-0.7,13.0
2018-12-11,3693,14030.0,463031.0,33.05,33.05,33.0,33.0,0.95,13.0
2018-12-12,3693,24000.0,795500.0,33.1,33.9,32.9,32.9,-0.1,18.0
2018-12-13,3693,28000.0,915800.0,33.15,33.15,32.5,32.5,-0.4,21.0
2018-12-14,3693,4000.0,129950.0,32.4,32.8,32.25,32.8,0.3,4.0
2018-12-17,3693,8000.0,259900.0,32.8,32.8,32.35,32.35,-0.45,5.0
2018-12-18,3693,13101.0,415191.0,32.6,32.6,31.3,31.3,-1.05,12.0
2018-12-19,3693,9000.0,281750.0,31.35,31.35,31.15,31.15,-0.15,9.0
2018-12-20,3693,20000.0,622850.0,31.2,31.3,31.0,31.25,0.1,18.0
2018-12-21,3693,43000.0,1408600.0,31.5,33.5,31.5,32.05,0.8,36.0
2018-12-22,3693,40000.0,1242600.0,31.5,31.75,30.35,31.7,-0.35,34.0
2018-12-24,3693,6000.0,189350.0,31.65,31.65,31.5,31.55,-0.15,6.0
2018-12-25,3693,3000.0,93500.0,31.1,31.4,31.0,31.4,-0.15,3.0
2018-12-26,3693,25000.0,778400.0,31.25,32.0,31.0,31.15,-0.25,23.0
2018-12-27,3693,9000.0,280400.0,31.2,31.3,31.1,31.3,0.15,8.0
2018-12-28,3693,5000.0,158000.0,31.0,32.4,31.0,31.95,0.65,5.0
2019-01-02,3693,9025.0,285138.0,31.5,32.0,31.5,31.55,-0.4,9.0
2019-01-03,3693,6000.0,188550.0,31.2,31.9,31.2,31.75,0.2,6.0
2019-01-04,3693,21000.0,658750.0,31.75,31.9,30.7,31.7,-0.05,18.0
2019-01-07,3693,8000.0,255100.0,32.25,32.25,31.5,32.15,0.45,7.0
2019-01-08,3693,4000.0,127500.0,31.75,32.0,31.75,32.0,-0.15,4.0
2019-01-09,3693,383000.0,13463300.0,34.25,35.2,34.25,35.2,3.2,219.0
2019-01-10,3693,367112.0,13555237.0,37.95,37.95,35.2,35.2,0.0,297.0
2019-01-11,3693,43007.0,1511759.0,35.35,35.5,35.0,35.0,-0.2,38.0
2019-01-14,3693,27000.0,940950.0,35.1,35.1,34.7,34.8,-0.2,23.0
2019-01-15,3693,24000.0,836750.0,35.05,35.05,34.6,34.6,-0.2,21.0
2019-01-16,3693,77000.0,2613150.0,34.1,34.3,33.7,34.3,-0.3,57.0
2019-01-17,3693,39000.0,1350350.0,34.5,35.1,34.3,34.3,0.0,32.0
2019-01-18,3693,15000.0,515550.0,34.15,34.75,34.1,34.6,0.3,12.0
2019-01-21,3693,10000.0,344400.0,34.6,34.85,34.25,34.6,0.0,8.0
2019-01-22,3693,15000.0,511300.0,34.25,34.75,33.85,34.75,0.15,12.0
2019-01-23,3693,28002.0,951468.0,34.2,34.2,33.5,33.65,-1.1,17.0
2019-01-24,3693,14000.0,471750.0,33.7,33.9,33.5,33.9,0.25,9.0
2019-01-25,3693,15000.0,508850.0,34.15,34.15,33.65,33.65,-0.25,13.0
2019-01-28,3693,36000.0,1213200.0,33.8,34.4,33.6,34.4,0.75,23.0
2019-01-29,3693,23317.0,793962.0,34.75,34.75,33.9,34.0,-0.4,14.0
2019-01-30,3693,34000.0,1159850.0,34.0,34.45,33.7,34.0,0.0,32.0
2019-02-11,3693,20000.0,684600.0,34.0,34.7,34.0,34.7,0.7,18.0
2019-02-12,3693,58000.0,2007150.0,34.5,34.85,34.5,34.8,0.1,42.0
2019-02-13,3693,34100.0,1182020.0,34.8,34.8,34.6,34.65,-0.15,30.0
2019-02-14,3693,38000.0,1328600.0,34.7,35.45,34.65,34.8,0.15,30.0
2019-02-15,3693,311000.0,11695200.0,35.55,38.25,35.55,38.25,3.45,236.0
2019-02-18,3693,315023.0,12129416.0,38.3,39.4,37.7,37.75,-0.5,249.0
2019-02-19,3693,82000.0,3049150.0,37.75,37.75,36.95,37.35,-0.4,67.0
2019-02-20,3693,57121.0,2138717.0,37.2,37.6,37.2,37.6,0.25,48.0
2019-02-21,3693,88251.0,3362588.0,37.6,38.8,37.6,38.55,0.95,76.0
2019-02-22,3693,206100.0,8320510.0,38.55,42.1,38.15,41.0,2.45,164.0
2019-02-25,3693,379000.0,16145300.0,41.1,43.9,41.1,41.65,0.65,286.0
2019-02-26,3693,94399.0,3936609.0,41.6,42.2,41.35,41.45,-0.2,71.0
2019-02-27,3693,54000.0,2238500.0,41.5,41.85,41.3,41.3,-0.15,48.0
2019-03-04,3693,28106.0,1170695.0,41.35,42.0,41.3,41.55,0.25,29.0
2019-03-05,3693,51000.0,2099800.0,41.55,41.55,40.85,41.05,-0.5,40.0
2019-03-06,3693,40000.0,1641150.0,41.05,41.1,41.0,41.1,0.05,30.0
2019-03-07,3693,19000.0,781800.0,41.1,41.45,41.0,41.0,-0.1,17.0
2019-03-08,3693,72100.0,2979410.0,41.0,41.9,40.35,41.7,0.7,50.0
2019-03-11,3693,111006.0,5089625.0,45.85,45.85,45.85,45.85,4.15,83.0
2019-03-12,3693,171202.0,8628580.0,50.4,50.4,50.4,50.4,4.55,128.0
2019-03-13,3693,3008870.0,166451393.0,55.4,55.4,54.0,55.4,5.0,1530.0
2019-03-14,3693,1568623.0,84624852.0,53.0,55.2,52.6,54.5,-0.9,1120.0
2019-03-15,3693,1305256.0,72231875.0,56.7,58.4,52.6,54.1,-0.4,972.0
2019-03-18,3693,1097362.0,56269251.0,53.0,53.3,50.0,50.5,-3.6,795.0
2019-03-19,3693,516150.0,26586855.0,50.5,52.4,50.2,51.9,1.4,388.0
2019-03-20,3693,393310.0,19999100.0,52.1,52.2,50.1,50.3,-1.6,284.0
2019-03-21,3693,598550.0,30931439.0,50.3,52.7,50.3,52.3,2.0,438.0
2019-03-22,3693,465120.0,23910943.0,52.3,52.5,50.2,51.4,-0.9,322.0
2019-03-25,3693,401069.0,19721996.0,50.0,50.2,48.5,48.5,-2.9,296.0
2019-03-26,3693,109000.0,5364600.0,48.6,49.7,48.6,49.25,0.75,88.0
2019-03-27,3693,177256.0,8789895.0,49.3,50.5,48.8,48.8,-0.45,151.0
2019-03-28,3693,240000.0,11578150.0,48.4,49.7,47.5,47.95,-0.85,202.0
2019-03-29,3693,863170.0,44249108.0,48.1,52.7,48.1,52.7,4.75,565.0
2019-04-01,3693,1192244.0,62529416.0,53.5,54.0,50.0,50.4,-2.3,891.0
2019-04-02,3693,201100.0,10284180.0,50.6,51.8,50.6,51.3,0.9,158.0
2019-04-03,3693,137000.0,7006300.0,51.9,52.0,50.6,51.1,-0.2,119.0
2019-04-08,3693,427106.0,22330722.0,51.7,53.3,51.6,51.6,0.5,284.0
2019-04-09,3693,106069.0,5469225.0,52.0,52.3,50.8,51.5,-0.1,90.0
2019-04-10,3693,707147.0,34580455.0,49.95,49.95,48.0,49.45,-2.05,531.0
2019-04-11,3693,158000.0,7704700.0,49.5,49.5,48.2,49.45,0.0,118.0
2019-04-12,3693,364030.0,18188842.0,49.45,51.0,48.6,49.85,0.4,253.0
2019-04-15,3693,254000.0,12789250.0,50.6,51.2,49.85,49.9,0.05,181.0
2019-04-16,3693,209000.0,10229400.0,49.45,49.45,48.3,49.25,-0.65,157.0
2019-04-17,3693,298000.0,14955650.0,49.75,51.5,49.25,49.3,0.05,234.0
2019-04-18,3693,243000.0,11757450.0,50.0,50.0,47.6,48.1,-1.2,165.0
2019-04-19,3693,116000.0,5629300.0,48.5,49.0,48.1,48.25,0.15,80.0
2019-04-22,3693,197042.0,9444272.0,48.25,48.35,47.3,47.3,-0.95,157.0
2019-04-23,3693,154000.0,7149850.0,47.35,47.4,46.0,46.0,-1.3,103.0
2019-04-24,3693,115000.0,5295700.0,46.1,46.4,45.5,45.5,-0.5,98.0
2019-04-25,3693,100000.0,4591900.0,45.8,46.45,45.25,45.25,-0.25,83.0
2019-04-26,3693,109000.0,4874400.0,45.4,45.6,44.3,44.5,-0.75,91.0
2019-04-29,3693,155040.0,6608892.0,44.55,44.9,41.95,41.95,-2.55,119.0
2019-04-30,3693,225000.0,9869500.0,42.95,45.3,42.95,43.4,1.45,163.0
2019-05-02,3693,137000.0,6013250.0,43.6,44.2,43.4,43.8,0.4,95.0
2019-05-03,3693,137000.0,6158800.0,44.95,45.9,44.3,45.2,1.4,86.0
2019-05-06,3693,83050.0,3627000.0,42.7,44.0,42.7,44.0,-1.2,49.0
2019-05-07,3693,108652.0,4812520.0,44.4,44.8,43.8,44.4,0.4,69.0
2019-05-08,3693,109100.0,4908990.0,45.7,45.7,44.65,44.9,0.5,87.0
2019-05-09,3693,140025.0,6083776.0,45.2,45.3,43.0,43.05,-1.85,100.0
2019-05-10,3693,88000.0,3739700.0,43.15,43.6,41.25,42.85,-0.2,65.0
2019-05-13,3693,262277.0,10350432.0,40.55,40.9,39.0,39.0,-3.85,193.0
2019-05-14,3693,82000.0,3181350.0,39.0,39.45,38.05,38.9,-0.1,73.0
2019-05-15,3693,56000.0,2235300.0,39.2,40.2,39.2,39.8,0.9,49.0
2019-05-16,3693,63001.0,2529690.0,40.3,40.4,39.9,40.0,0.2,59.0
2019-05-17,3693,99000.0,3906450.0,40.4,40.5,38.8,38.8,-1.2,72.0
2019-05-20,3693,27000.0,1049700.0,38.9,39.25,38.8,38.8,0.0,19.0
2019-05-21,3693,79000.0,3030300.0,38.0,38.9,37.95,38.85,0.05,52.0
2019-05-22,3693,82000.0,3201550.0,39.0,39.6,38.8,38.8,-0.05,63.0
2019-05-23,3693,102005.0,3846107.0,38.5,38.5,37.5,37.8,-1.0,77.0
2019-05-24,3693,30009.0,1138723.0,37.8,38.1,37.8,38.0,0.2,27.0
2019-05-27,3693,56000.0,2132200.0,38.0,38.35,38.0,38.1,0.1,37.0
2019-05-28,3693,28080.0,1072898.0,38.75,38.75,38.1,38.1,0.0,25.0
2019-05-29,3693,47338.0,1814928.0,38.1,38.6,38.1,38.6,0.5,31.0
2019-05-30,3693,179025.0,7313607.0,38.9,42.0,38.6,40.4,1.8,146.0
2019-05-31,3693,98902.0,4090495.0,41.2,41.95,40.7,41.35,0.95,87.0
2019-06-03,3693,57000.0,2343400.0,41.55,41.55,40.7,41.1,-0.25,42.0
2019-06-04,3693,60000.0,2463100.0,40.7,41.3,40.7,41.3,0.2,33.0
2019-06-05,3693,56001.0,2321841.0,42.5,42.5,41.05,41.1,-0.2,50.0
2019-06-06,3693,27083.0,1111853.0,41.0,41.3,40.7,41.3,0.2,22.0
2019-06-10,3693,15000.0,621150.0,41.6,41.6,41.2,41.45,0.15,11.0
2019-06-11,3693,40045.0,1629324.0,40.5,41.2,40.5,40.55,-0.9,33.0
2019-06-12,3693,7000.0,284100.0,40.55,40.85,40.5,40.85,0.3,5.0
2019-06-13,3693,47030.0,1898572.0,40.5,40.75,40.25,40.75,-0.1,28.0
2019-06-14,3693,35000.0,1415600.0,40.6,40.7,40.4,40.7,-0.05,21.0
2019-06-17,3693,31115.0,1256290.0,39.6,40.7,39.6,40.65,-0.05,23.0
2019-06-18,3693,31000.0,1253450.0,40.65,40.85,40.3,40.3,-0.35,17.0
2019-06-19,3693,26134.0,1051549.0,40.3,40.55,40.05,40.55,0.25,22.0
2019-06-20,3693,36000.0,1446950.0,40.0,40.5,40.0,40.45,-0.1,30.0
2019-06-21,3693,20000.0,805350.0,40.5,40.5,40.2,40.2,-0.25,14.0
2019-06-24,3693,8066.0,324499.0,40.2,40.45,40.2,40.45,0.25,7.0
2019-06-25,3693,20000.0,806500.0,40.2,40.55,40.2,40.3,-0.15,16.0
2019-06-26,3693,99000.0,3985100.0,40.3,40.5,39.9,40.35,0.05,36.0
2019-06-27,3693,83000.0,3360250.0,40.6,40.8,40.1,40.5,0.15,52.0
2019-06-28,3693,58233.0,2312918.0,40.1,40.1,39.35,39.35,-1.15,48.0
2019-07-01,3693,47000.0,1859450.0,39.8,39.95,39.35,39.9,0.55,31.0
2019-07-02,3693,55200.0,2185970.0,39.35,40.0,39.1,39.45,-0.45,38.0
2019-07-03,3693,49000.0,1949100.0,39.5,40.15,39.5,39.7,0.25,32.0
2019-07-04,3693,78201.0,3217541.0,40.0,41.9,40.0,41.8,2.1,65.0
2019-07-05,3693,199444.0,8577808.0,42.2,43.9,42.2,43.15,1.35,165.0
2019-07-08,3693,117178.0,5049780.0,43.0,43.55,42.5,43.45,0.3,88.0
2019-07-09,3693,72120.0,3090175.0,43.4,43.45,42.5,42.6,-0.85,58.0
2019-07-10,3693,39000.0,1658100.0,42.6,42.7,42.4,42.7,0.1,33.0
2019-07-11,3693,50000.0,2110700.0,42.7,42.7,41.6,41.95,-0.75,41.0
2019-07-12,3693,11046.0,461477.0,42.0,42.0,41.65,41.9,-0.05,12.0
2019-07-15,3693,55105.0,2284196.0,41.5,41.75,41.3,41.4,-0.5,35.0
2019-07-16,3693,24302.0,1005082.0,41.4,41.7,41.0,41.0,-0.4,24.0
2019-07-17,3693,31008.0,1265378.0,40.95,40.95,40.5,40.85,-0.15,30.0
2019-07-18,3693,21087.0,862474.0,40.1,41.4,40.1,41.4,0.55,17.0
2019-07-19,3693,29046.0,1185272.0,40.5,40.95,40.5,40.7,-0.7,26.0
2019-07-22,3693,25026.0,1025273.0,40.8,41.3,40.7,41.3,0.6,22.0
2019-07-23,3693,475574.0,21068559.0,41.7,45.4,41.7,45.4,4.1,381.0
2019-07-24,3693,586586.0,27180892.0,47.0,47.2,44.8,45.0,-0.4,482.0
2019-07-25,3693,146006.0,6511167.0,44.5,45.05,44.2,44.95,-0.05,114.0
2019-07-26,3693,67005.0,2966020.0,44.75,44.75,44.0,44.15,-0.8,58.0
2019-07-29,3693,205620.0,9416692.0,43.55,47.3,43.55,46.3,2.15,186.0
2019-07-30,3693,144207.0,6547212.0,46.45,47.0,44.5,44.8,-1.5,118.0
2019-07-31,3693,35000.0,1583350.0,44.8,45.65,44.65,45.5,0.7,35.0
2019-08-01,3693,107108.0,4899668.0,45.4,46.5,45.05,45.9,0.4,83.0
2019-08-02,3693,90040.0,4072946.0,45.9,46.0,44.7,44.95,-0.95,73.0
2019-08-05,3693,124033.0,5569715.0,45.5,45.5,44.3,44.4,-0.55,61.0
2019-08-06,3693,82000.0,3575450.0,44.35,44.35,42.0,43.95,-0.45,44.0
2019-08-07,3693,25000.0,1105100.0,43.95,44.5,43.95,44.45,0.5,22.0
2019-08-08,3693,74000.0,3387650.0,44.6,46.8,44.55,46.3,1.85,66.0
2019-08-12,3693,286010.0,13305855.0,47.0,47.4,45.6,45.6,-0.7,230.0
2019-08-13,3693,92045.0,4182436.0,45.6,46.0,44.7,45.2,-0.4,74.0
2019-08-14,3693,86075.0,3854155.0,45.4,45.9,43.9,44.3,-0.9,63.0
2019-08-15,3693,108749.0,4650581.0,43.8,43.8,42.3,42.5,-1.8,84.0
2019-08-16,3693,90100.0,3802344.0,42.55,42.6,41.65,42.1,-0.4,64.0
2019-08-19,3693,69045.0,2918744.0,42.35,42.75,42.0,42.0,-0.1,55.0
2019-08-20,3693,61045.0,2570037.0,42.2,42.6,41.5,41.95,-0.05,48.0
2019-08-21,3693,45046.0,1893190.0,41.6,42.5,41.6,42.2,0.25,36.0
2019-08-22,3693,72000.0,3060850.0,42.6,43.0,42.1,42.35,0.15,59.0
2019-08-23,3693,34046.0,1435241.0,42.4,42.4,42.05,42.15,-0.2,30.0
2019-08-26,3693,17000.0,707400.0,42.0,42.0,41.5,41.65,-0.5,14.0
2019-08-27,3693,45100.0,1887734.0,41.6,42.4,41.55,41.65,0.0,42.0
2019-08-28,3693,21045.0,889646.0,40.9,42.7,40.9,42.15,0.5,19.0
2019-08-29,3693,46035.0,1927167.0,42.3,42.3,41.6,41.95,-0.2,44.0
2019-08-30,3693,37046.0,1543964.0,41.7,41.95,41.5,41.7,-0.25,35.0
2019-09-02,3693,60093.0,2569673.0,41.7,43.2,41.7,42.65,0.95,55.0
2019-09-03,3693,25000.0,1069850.0,42.7,43.0,42.65,43.0,0.35,24.0
2019-09-04,3693,71000.0,3098950.0,43.0,44.3,43.0,43.85,0.85,64.0
2019-09-05,3693,80000.0,3480000.0,44.0,44.5,43.15,43.15,-0.7,66.0
2019-09-06,3693,14000.0,607800.0,43.15,44.0,43.15,43.6,0.45,14.0
2019-09-09,3693,33000.0,1421150.0,43.4,43.4,42.75,43.15,-0.45,33.0
2019-09-10,3693,75000.0,3137850.0,41.7,42.45,41.6,42.35,-0.8,69.0
2019-09-11,3693,43000.0,1790350.0,41.2,42.3,41.2,41.9,-0.45,31.0
2019-09-12,3693,26045.0,1090758.0,42.0,42.05,41.7,42.0,0.1,15.0
2019-09-16,3693,13000.0,543550.0,41.95,42.15,41.65,42.15,0.15,7.0
2019-09-17,3693,6000.0,250450.0,42.0,42.0,41.6,41.6,-0.55,6.0
2019-09-18,3693,19080.0,799361.0,42.4,42.4,41.65,41.65,0.05,17.0
2019-09-19,3693,21090.0,870112.0,41.4,41.4,41.2,41.25,-0.4,19.0
2019-09-20,3693,12050.0,500550.0,41.3,41.7,41.3,41.6,0.35,13.0
2019-09-23,3693,17046.0,703824.0,41.25,41.3,41.25,41.3,-0.3,17.0
2019-09-24,3693,16000.0,665350.0,41.35,42.0,41.35,41.5,0.2,15.0
2019-09-25,3693,13050.0,536550.0,41.3,41.3,41.0,41.3,-0.2,13.0
2019-09-26,3693,10300.0,425900.0,41.3,41.4,41.3,41.4,0.1,12.0
2019-09-27,3693,3000.0,123900.0,41.4,41.4,41.1,41.1,-0.3,3.0
2019-10-01,3693,16046.0,659508.0,41.1,41.1,41.1,41.1,0.0,12.0
2019-10-02,3693,6000.0,248100.0,41.5,41.5,41.2,41.2,0.1,6.0
2019-10-03,3693,13047.0,531427.0,40.85,41.0,40.15,40.6,-0.6,14.0
2019-10-04,3693,9000.0,365850.0,40.65,41.0,40.6,41.0,0.4,8.0
2019-10-07,3693,8000.0,321650.0,40.05,40.5,40.0,40.5,-0.5,7.0
2019-10-08,3693,20050.0,808655.0,40.4,40.6,40.1,40.2,-0.3,17.0
2019-10-09,3693,7150.0,288085.0,40.5,40.5,40.1,40.3,0.1,8.0
2019-10-14,3693,35116.0,1410578.0,40.3,40.3,40.0,40.05,-0.25,26.0
2019-10-15,3693,0.0,0.0,0.0,0.0,0.0,0.0,0.0,0.0
2019-10-16,3693,15050.0,601114.0,40.0,40.0,39.8,39.95,-0.1,16.0
2019-10-17,3693,31100.0,1267670.0,39.55,41.35,39.55,41.15,1.2,28.0
2019-10-18,3693,6814.0,279047.0,41.0,41.0,41.0,41.0,-0.15,8.0
2019-10-21,3693,13050.0,530983.0,41.1,41.1,40.55,40.9,-0.1,12.0
2019-10-22,3693,11050.0,445885.0,40.0,41.0,40.0,40.7,-0.2,13.0
2019-10-23,3693,22100.0,890800.0,40.7,40.7,40.0,40.45,-0.25,16.0
2019-10-24,3693,18050.0,725650.0,40.1,40.5,40.0,40.5,0.05,19.0
2019-10-25,3693,15000.0,601350.0,40.1,40.45,40.05,40.45,-0.05,12.0
2019-10-28,3693,11000.0,440150.0,40.15,40.15,39.95,39.95,-0.5,10.0
2019-10-29,3693,33043.0,1314256.0,40.0,40.1,39.3,39.3,-0.65,28.0
2019-10-30,3693,57000.0,2235650.0,39.3,39.7,38.9,39.1,-0.2,48.0
2019-10-31,3693,8000.0,313500.0,39.3,39.3,39.1,39.15,0.05,8.0
2019-11-01,3693,15050.0,589895.0,39.25,39.3,39.15,39.3,0.15,14.0
2019-11-04,3693,19100.0,755425.0,39.45,39.7,39.45,39.55,0.25,21.0
2019-11-05,3693,10000.0,392800.0,39.4,39.4,39.2,39.2,-0.35,5.0
2019-11-06,3693,11050.0,430700.0,39.0,39.2,38.85,38.85,-0.35,12.0
2019-11-07,3693,23000.0,893950.0,38.85,39.0,38.75,38.75,-0.1,18.0
2019-11-08,3693,31000.0,1192200.0,38.75,38.75,38.0,38.65,-0.1,23.0
2019-11-11,3693,68001.0,2550587.0,37.0,38.5,37.0,38.0,-0.65,57.0
2019-11-12,3693,52000.0,1917000.0,37.3,37.3,36.6,37.0,-1.0,39.0
2019-11-13,3693,22000.0,820350.0,37.3,37.5,37.05,37.05,0.05,20.0
2019-11-14,3693,0.0,0.0,0.0,0.0,0.0,0.0,0.0,0.0
2019-11-15,3693,18000.0,663450.0,37.0,37.0,36.6,36.6,-0.45,15.0
2019-11-18,3693,67005.0,2387850.0,36.6,36.6,35.25,35.5,-1.1,57.0
2019-11-19,3693,133000.0,4563050.0,35.55,35.55,33.85,34.35,-1.15,103.0
2019-11-20,3693,27007.0,948113.0,35.2,35.3,35.0,35.3,0.95,25.0
2019-11-21,3693,15100.0,527920.0,35.3,35.3,34.35,35.1,-0.2,16.0
2019-11-22,3693,40100.0,1419730.0,35.3,35.6,35.3,35.3,0.2,29.0
2019-11-25,3693,3100.0,109435.0,35.3,35.3,35.3,35.3,0.0,3.0
2019-11-26,3693,13000.0,456850.0,35.1,35.95,34.8,35.7,0.4,8.0
2019-11-27,3693,16000.0,569800.0,35.75,35.75,35.3,35.3,-0.4,15.0
2019-11-28,3693,11750.0,414425.0,35.3,35.3,35.25,35.3,0.0,13.0
2019-11-29,3693,13100.0,466130.0,35.4,35.65,35.4,35.65,0.35,12.0
2019-12-02,3693,15000.0,522150.0,35.0,35.0,34.55,34.6,-1.05,13.0
2019-12-03,3693,29000.0,995650.0,34.6,34.6,34.2,34.25,-0.35,25.0
2019-12-04,3693,7150.0,245057.0,34.25,34.6,34.15,34.2,-0.05,8.0
2019-12-05,3693,41000.0,1425500.0,34.05,35.45,34.05,35.3,1.1,33.0
2019-12-06,3693,135000.0,5133400.0,35.8,38.8,35.8,38.8,3.5,99.0
2019-12-09,3693,670310.0,27867368.0,40.6,42.65,40.15,41.2,2.4,515.0
2019-12-10,3693,176200.0,7212250.0,40.7,42.0,40.3,40.65,-0.55,138.0
2019-12-11,3693,68056.0,2778355.0,40.7,41.2,40.5,40.7,0.05,63.0
2019-12-12,3693,71070.0,2835875.0,40.7,40.7,39.0,40.0,-0.7,60.0
2019-12-13,3693,51285.0,2031657.0,40.2,40.2,39.0,39.15,-0.85,36.0
2019-12-16,3693,40004.0,1558656.0,39.5,39.5,38.65,39.1,-0.05,32.0
2019-12-17,3693,124000.0,4961850.0,38.5,41.25,38.5,39.85,0.75,76.0
2019-12-18,3693,28000.0,1116400.0,40.15,40.3,39.3,39.9,0.05,23.0
2019-12-19,3693,17000.0,668000.0,39.25,39.85,39.05,39.8,-0.1,15.0
2019-12-20,3693,12006.0,473844.0,39.4,39.75,39.3,39.6,-0.2,13.0
2019-12-23,3693,16000.0,636550.0,39.6,40.2,39.5,39.95,0.35,16.0
2019-12-24,3693,16000.0,639450.0,40.0,40.0,39.65,39.95,0.0,11.0
2019-12-25,3693,28000.0,1104500.0,39.95,39.95,39.3,39.3,-0.65,24.0
2019-12-26,3693,20000.0,780600.0,39.3,39.45,38.8,38.95,-0.35,18.0
2019-12-27,3693,11000.0,431550.0,39.0,39.4,39.0,39.35,0.4,11.0
2019-12-30,3693,32000.0,1271600.0,39.35,39.95,39.0,39.85,0.5,27.0
2019-12-31,3693,26000.0,1031450.0,39.85,39.9,39.15,39.15,-0.7,23.0
2020-01-02,3693,28000.0,1109800.0,40.0,40.0,39.2,39.3,0.15,24.0
2020-01-03,3693,29000.0,1131700.0,39.2,39.2,38.8,39.2,-0.1,20.0
2020-01-06,3693,31023.0,1218808.0,38.85,39.85,38.6,39.85,0.65,27.0
2020-01-07,3693,97000.0,3813500.0,39.3,39.85,38.9,39.6,-0.25,44.0
2020-01-08,3693,337108.0,13892745.0,39.2,42.45,39.2,41.1,1.5,280.0
2020-01-09,3693,258050.0,10954627.0,42.3,43.6,41.15,41.15,0.05,212.0
2020-01-10,3693,72000.0,2943650.0,41.3,41.7,40.05,40.7,-0.45,53.0
2020-01-13,3693,66040.0,2727808.0,40.7,41.8,40.7,41.05,0.35,51.0
2020-01-14,3693,104212.0,4420096.0,41.1,43.0,41.1,42.6,1.55,96.0
2020-01-15,3693,77208.0,3286172.0,43.0,43.0,42.05,42.1,-0.5,70.0
2020-01-16,3693,78045.0,3247004.0,42.45,42.5,41.05,41.2,-0.9,59.0
2020-01-17,3693,42155.0,1758386.0,41.6,42.05,41.5,41.6,0.4,39.0
2020-01-20,3693,403490.0,17725009.0,42.4,44.85,42.4,44.3,2.7,340.0
2020-01-30,3693,283106.0,11677629.0,44.1,44.1,39.9,40.0,-4.3,198.0
2020-01-31,3693,152000.0,5985600.0,40.0,40.35,38.1,39.05,-0.95,117.0
2020-02-03,3693,88016.0,3344362.0,38.65,39.0,37.0,37.8,-1.25,74.0
2020-02-04,3693,38055.0,1466710.0,38.35,39.0,38.3,38.8,1.0,34.0
2020-02-05,3693,80015.0,3201051.0,40.0,40.55,39.0,39.8,1.0,65.0
2020-02-06,3693,69040.0,2816960.0,40.55,41.1,40.5,41.1,1.3,58.0
2020-02-07,3693,55000.0,2210700.0,41.0,41.0,39.8,40.2,-0.9,41.0
2020-02-10,3693,44050.0,1735105.0,39.0,39.6,39.0,39.5,-0.7,35.0
2020-02-11,3693,50147.0,1943525.0,39.2,39.2,37.5,38.95,-0.55,41.0
2020-02-12,3693,51000.0,1993250.0,39.65,39.65,38.95,39.2,0.25,35.0
2020-02-13,3693,41018.0,1603305.0,39.2,39.8,38.7,38.85,-0.35,26.0
2020-02-14,3693,12000.0,465600.0,38.9,39.35,38.7,39.35,0.5,12.0
2020-02-17,3693,26000.0,1012650.0,39.35,39.35,38.5,39.0,-0.35,19.0
2020-02-18,3693,57000.0,2233800.0,40.0,40.0,38.85,38.85,-0.15,20.0
2020-02-19,3693,8000.0,311550.0,38.9,39.2,38.85,38.85,0.0,8.0
2020-02-20,3693,8000.0,309100.0,38.9,38.9,38.6,38.6,-0.25,7.0
2020-02-21,3693,8000.0,308950.0,38.65,38.65,38.6,38.6,0.0,6.0
2020-02-24,3693,52000.0,1968250.0,38.5,38.5,37.5,37.8,-0.8,36.0
2020-02-25,3693,22000.0,814200.0,36.7,37.2,36.7,37.15,-0.65,17.0
2020-02-26,3693,19000.0,707450.0,37.5,37.5,37.2,37.2,0.05,14.0
2020-02-27,3693,63000.0,2340650.0,37.2,37.35,36.5,36.5,-0.7,34.0
2020-03-02,3693,86000.0,3047900.0,36.5,36.55,35.0,36.55,0.05,48.0
2020-03-03,3693,37000.0,1350300.0,36.5,36.8,36.35,36.45,-0.1,23.0
2020-03-04,3693,11000.0,397700.0,36.4,36.4,36.0,36.4,-0.05,9.0
2020-03-05,3693,19000.0,702650.0,36.45,37.2,36.45,36.9,0.5,19.0
2020-03-06,3693,52000.0,1925500.0,36.9,37.45,36.9,37.3,0.4,26.0
2020-03-09,3693,55000.0,2043950.0,37.3,37.5,36.2,36.8,-0.5,36.0
2020-03-10,3693,49000.0,1739750.0,35.15,35.8,35.15,35.35,-1.45,41.0
2020-03-11,3693,156032.0,5336154.0,35.55,35.55,33.0,33.45,-1.9,101.0
2020-03-12,3693,192018.0,5934701.0,33.05,33.05,30.15,30.6,-2.85,123.0
2020-03-13,3693,258021.0,7227105.0,27.55,31.3,27.55,31.3,0.7,146.0
2020-03-16,3693,62000.0,1866150.0,29.4,31.3,28.8,28.8,-2.5,45.0
2020-03-17,3693,95000.0,2564300.0,26.3,27.9,26.0,27.35,-1.45,59.0
2020-03-18,3693,64000.0,1702850.0,26.0,27.3,26.0,26.5,-0.85,49.0
2020-03-19,3693,221084.0,5351766.0,25.2,25.4,23.85,23.85,-2.65,124.0
2020-03-20,3693,55005.0,1389931.0,23.35,26.2,23.35,26.0,2.15,46.0
2020-03-23,3693,53000.0,1279250.0,23.8,25.1,23.4,25.1,-0.9,40.0
2020-03-24,3693,25000.0,644050.0,26.8,26.8,25.45,25.7,0.6,22.0
2020-03-25,3693,52000.0,1381900.0,26.5,27.35,25.8,26.95,1.25,33.0
2020-03-26,3693,4000.0,106950.0,26.65,26.8,26.65,26.8,-0.15,3.0
2020-03-27,3693,31000.0,839450.0,26.8,27.5,26.8,26.8,0.0,27.0
2020-03-30,3693,24000.0,623150.0,25.6,26.5,25.6,26.5,-0.3,20.0
2020-03-31,3693,35000.0,931600.0,26.5,27.15,26.45,27.15,0.65,24.0
2020-04-01,3693,15000.0,404550.0,27.15,27.25,26.7,27.25,0.1,13.0
2020-04-06,3693,11004.0,301519.0,27.75,27.75,27.1,27.4,0.15,12.0
2020-04-07,3693,82000.0,2342450.0,27.6,29.0,27.6,29.0,1.6,54.0
2020-04-08,3693,32000.0,935600.0,28.5,29.8,28.5,29.8,0.8,26.0
2020-04-09,3693,38000.0,1140350.0,29.95,30.6,29.8,30.5,0.7,24.0
2020-04-10,3693,58000.0,1785100.0,30.5,31.15,30.5,30.95,0.45,45.0
2020-04-13,3693,23428.0,723989.0,31.25,31.45,30.4,31.0,0.05,21.0
2020-04-14,3693,52000.0,1622850.0,30.7,31.4,30.6,31.05,0.05,29.0
2020-04-15,3693,63090.0,1954363.0,31.4,31.5,30.6,31.05,0.0,35.0
2020-04-16,3693,15001.0,464531.0,31.05,31.05,30.8,31.0,-0.05,10.0
2020-04-17,3693,43000.0,1324800.0,31.0,31.3,30.5,30.95,-0.05,37.0
2020-04-20,3693,24097.0,746836.0,31.1,31.1,30.8,31.0,0.05,23.0
2020-04-21,3693,36006.0,1107680.0,31.0,31.0,30.2,30.3,-0.7,31.0
2020-04-22,3693,20000.0,602550.0,30.1,30.65,29.55,30.65,0.35,16.0
2020-04-23,3693,22027.0,676493.0,30.65,31.0,30.5,31.0,0.35,20.0
2020-04-24,3693,33000.0,1008000.0,30.95,30.95,30.2,30.95,-0.05,21.0
2020-04-27,3693,45000.0,1377450.0,30.6,31.0,30.3,31.0,0.05,28.0
2020-04-28,3693,35000.0,1089000.0,31.0,31.5,30.8,31.5,0.5,27.0
2020-04-29,3693,27000.0,862400.0,31.55,32.3,31.55,32.1,0.6,19.0
2020-04-30,3693,48000.0,1563800.0,32.1,32.85,32.1,32.5,0.4,42.0
2020-05-04,3693,17000.0,555150.0,32.4,33.15,32.25,32.95,0.45,15.0
2020-05-05,3693,56000.0,1854150.0,32.9,33.5,32.9,33.0,0.05,42.0
2020-05-06,3693,32000.0,1062600.0,33.2,33.5,33.0,33.5,0.5,28.0
2020-05-07,3693,36026.0,1222054.0,33.5,34.5,33.35,34.5,1.0,27.0
2020-05-08,3693,68128.0,2388680.0,34.35,35.5,34.35,35.4,0.9,53.0
2020-05-11,3693,185000.0,6930600.0,35.7,38.4,35.7,37.1,1.7,127.0
2020-05-12,3693,84000.0,3148650.0,37.0,37.8,37.0,37.5,0.4,52.0
2020-05-13,3693,288409.0,11896870.0,41.25,41.25,41.25,41.25,3.75,102.0
2020-05-14,3693,364275.0,16519870.0,45.35,45.35,45.35,45.35,4.1,151.0
2020-05-15,3693,2131418.0,105444847.0,49.85,49.85,48.0,49.85,4.5,1267.0
2020-05-18,3693,1024510.0,50532688.0,49.7,50.8,48.3,49.4,-0.45,657.0
2020-05-19,3693,1796199.0,95067724.0,49.7,54.3,48.7,51.1,1.7,988.0
2020-05-20,3693,1689138.0,92016828.0,52.8,56.1,51.2,56.0,4.9,1028.0
2020-05-21,3693,1048154.0,58154929.0,57.5,57.5,54.0,54.8,-1.2,655.0
2020-05-22,3693,1043169.0,58463595.0,57.0,57.6,54.6,54.8,0.0,568.0
2020-05-25,3693,942610.0,54503721.0,54.9,60.2,54.9,60.2,5.4,623.0
2020-05-26,3693,1472548.0,94736559.0,62.6,66.2,61.0,64.9,4.7,1018.0
2020-05-27,3693,914203.0,57725495.0,64.4,64.9,62.0,64.0,-0.9,642.0
2020-05-28,3693,451136.0,25985432.0,57.6,57.6,57.6,57.6,-6.4,233.0
2020-05-29,3693,1913801.0,113851899.0,57.0,63.3,54.9,62.9,5.3,1203.0
2020-06-01,3693,1317249.0,90120005.0,66.2,69.1,66.2,69.1,6.2,830.0
2020-06-02,3693,2583145.0,180725856.0,72.0,73.7,67.0,69.1,0.0,1854.0
2020-06-03,3693,2426333.0,176364108.0,70.0,76.0,69.1,76.0,6.9,1721.0
2020-06-04,3693,4146876.0,335884864.0,78.1,83.6,78.0,81.5,5.5,3102.0
2020-06-05,3693,1912661.0,156266763.0,81.5,83.3,79.0,83.0,1.5,1487.0
2020-06-08,3693,3659253.0,300540494.0,83.4,87.5,74.7,74.7,-8.3,2897.0
2020-06-09,3693,2373046.0,176682785.0,75.5,77.2,70.4,72.0,-2.7,1674.0
2020-06-10,3693,3437291.0,266574346.0,75.4,79.2,74.5,79.2,7.2,2570.0
2020-06-11,3693,3094363.0,240897962.0,79.9,82.0,72.8,73.8,-5.4,2396.0
2020-06-12,3693,1173005.0,85938705.0,71.0,75.4,71.0,74.0,0.2,877.0
2020-06-15,3693,749672.0,54153378.0,74.2,74.6,71.0,71.0,-3.0,586.0
2020-06-16,3693,1431215.0,107472031.0,73.8,76.5,72.0,75.8,4.8,1123.0
2020-06-17,3693,1037519.0,76030873.0,75.4,75.5,72.3,72.4,-3.4,780.0
2020-06-18,3693,643245.0,47350185.0,73.6,75.0,71.0,73.5,1.1,481.0
2020-06-19,3693,671075.0,49537275.0,73.5,75.8,72.3,72.6,-0.9,555.0
2020-06-22,3693,392000.0,28699300.0,73.0,74.3,72.4,72.7,0.1,294.0
2020-06-23,3693,2716689.0,210104545.0,74.0,79.9,72.7,79.9,7.2,2020.0
2020-06-24,3693,5086594.0,411274720.0,82.1,85.4,75.2,75.5,-4.4,4028.0
2020-06-29,3693,1020389.0,73698285.0,73.1,73.9,71.5,72.2,-3.3,829.0
2020-06-30,3693,452000.0,33148500.0,72.8,74.9,72.8,73.0,0.8,345.0
2020-07-01,3693,467161.0,33751392.0,73.5,73.8,71.2,72.0,-1.0,397.0
2020-07-02,3693,532100.0,39048960.0,73.5,74.6,72.2,72.6,0.6,453.0
2020-07-03,3693,525100.0,38441850.0,72.8,74.5,72.1,72.5,-0.1,426.0
2020-07-06,3693,491351.0,35510060.0,73.2,73.4,71.8,71.9,-0.6,375.0
2020-07-07,3693,912420.0,67500214.0,73.2,75.3,72.1,73.2,1.3,755.0
2020-07-08,3693,533185.0,39768171.0,75.0,75.8,73.4,74.3,1.1,439.0
2020-07-09,3693,815000.0,59561400.0,75.4,75.5,71.5,72.2,-2.1,574.0
2020-07-10,3693,889000.0,61294000.0,71.7,72.6,67.5,67.5,-4.7,691.0
2020-07-13,3693,515000.0,35358200.0,66.9,70.5,65.7,70.2,2.7,402.0
2020-07-14,3693,599400.0,42555600.0,69.5,73.0,68.7,69.0,-1.2,488.0
2020-07-15,3693,470132.0,31576366.0,69.8,70.3,65.0,65.3,-3.7,344.0
2020-07-16,3693,383002.0,25105128.0,66.0,66.9,63.9,65.3,0.0,298.0
2020-07-17,3693,434000.0,27669700.0,66.0,66.1,61.5,62.6,-2.7,328.0
2020-07-20,3693,434000.0,26422200.0,61.5,63.5,58.5,63.2,0.6,352.0
2020-07-21,3693,156000.0,9964300.0,64.9,64.9,63.2,63.4,0.2,125.0
2020-07-22,3693,676100.0,45331250.0,63.9,69.0,63.9,67.6,4.2,532.0
2020-07-23,3693,242000.0,16335000.0,68.0,68.5,66.2,67.2,-0.4,195.0
2020-07-24,3693,232000.0,15101900.0,66.4,67.0,63.7,64.8,-2.4,185.0
2020-07-27,3693,279110.0,17394065.0,64.8,64.8,61.5,61.5,-3.3,209.0
2020-07-28,3693,407140.0,24096822.0,61.5,62.1,57.2,57.2,-4.3,315.0
2020-07-29,3693,457000.0,27805000.0,56.2,62.9,56.0,62.9,5.7,370.0
2020-07-30,3693,802127.0,54274771.0,68.0,68.5,65.9,68.0,5.1,638.0
2020-07-31,3693,347102.0,23598944.0,67.7,69.0,66.3,69.0,1.0,312.0
2020-08-03,3693,424050.0,29483345.0,68.6,71.5,68.4,68.9,-0.1,356.0
2020-08-04,3693,285000.0,19254000.0,67.2,68.3,66.5,68.0,-0.9,223.0
2020-08-05,3693,160000.0,10801500.0,68.2,68.3,66.6,67.3,-0.7,136.0
2020-08-06,3693,186000.0,12544000.0,68.0,69.3,66.3,66.6,-0.7,165.0
2020-08-07,3693,193000.0,12985000.0,67.0,68.8,66.1,67.4,0.8,163.0
2020-08-10,3693,387078.0,24754275.0,66.6,66.7,62.3,62.5,-4.9,334.0
2020-08-11,3693,206101.0,12834290.0,62.6,64.3,60.6,61.3,-1.2,162.0
2020-08-12,3693,174000.0,10825400.0,61.6,63.0,61.1,63.0,1.7,147.0
2020-08-13,3693,89000.0,5503200.0,64.2,64.2,61.2,61.5,-1.5,77.0
2020-08-14,3693,105000.0,6378600.0,59.7,61.6,59.7,61.2,-0.3,86.0
2020-08-17,3693,170000.0,10306400.0,60.8,61.7,60.0,60.6,-0.6,118.0
2020-08-18,3693,142000.0,8603700.0,61.5,61.5,60.1,60.1,-0.5,109.0
2020-08-19,3693,340000.0,19916100.0,60.9,60.9,57.1,57.9,-2.2,256.0
2020-08-20,3693,428000.0,23066300.0,57.9,58.2,52.2,52.5,-5.4,300.0
2020-08-21,3693,198000.0,11160300.0,52.9,57.7,52.9,57.7,5.2,157.0
2020-08-24,3693,407200.0,24760739.0,58.9,62.3,58.8,60.9,3.2,343.0
2020-08-25,3693,618102.0,38882232.0,61.3,66.0,58.6,65.0,4.1,482.0
2020-08-26,3693,743010.0,48539013.0,67.1,67.5,63.1,63.1,-1.9,598.0
2020-08-27,3693,492000.0,32034400.0,63.2,66.9,63.2,63.8,0.7,366.0
2020-08-28,3693,128000.0,7997700.0,63.8,63.9,62.0,62.0,-1.8,117.0
2020-08-31,3693,77000.0,4734600.0,63.3,63.3,61.0,61.3,-0.7,70.0
2020-09-01,3693,78000.0,4786800.0,61.6,63.1,60.0,61.0,-0.3,71.0
2020-09-02,3693,56000.0,3423600.0,62.5,62.5,60.5,61.6,0.6,42.0
2020-09-03,3693,53000.0,3256300.0,63.0,63.0,61.0,61.1,-0.5,47.0
2020-09-04,3693,132010.0,7914897.0,59.4,61.1,59.2,59.7,-1.4,100.0
2020-09-07,3693,137048.0,8087684.0,60.7,60.7,58.0,58.0,-1.7,97.0
2020-09-08,3693,88000.0,5088200.0,58.1,59.1,57.0,57.3,-0.7,67.0
2020-09-09,3693,68001.0,3945758.0,59.3,59.3,57.5,58.3,1.0,55.0
2020-09-10,3693,44000.0,2560700.0,59.2,59.2,57.1,58.0,-0.3,37.0
2020-09-11,3693,85000.0,4789200.0,57.9,57.9,55.0,55.9,-2.1,78.0
2020-09-14,3693,30000.0,1706000.0,56.1,57.9,56.0,56.7,0.8,28.0
2020-09-15,3693,36390.0,2075347.0,57.8,57.8,56.3,57.1,0.4,30.0
2020-09-16,3693,35000.0,2010600.0,58.5,58.5,57.1,57.2,0.1,31.0
2020-09-17,3693,48000.0,2738400.0,57.9,57.9,56.6,56.6,-0.6,34.0
2020-09-18,3693,33000.0,1868100.0,57.5,57.5,56.3,56.5,-0.1,27.0
2020-09-21,3693,38000.0,2119900.0,57.5,57.5,55.5,55.6,-0.9,32.0
2020-09-22,3693,59127.0,3248623.0,55.5,56.0,53.6,55.3,-0.3,54.0
2020-09-23,3693,44000.0,2397800.0,54.7,55.6,54.0,54.6,-0.7,40.0
2020-09-24,3693,89000.0,4715200.0,54.6,54.6,52.2,53.0,-1.6,68.0
2020-09-25,3693,116000.0,5930700.0,53.5,53.6,49.6,51.2,-1.8,94.0
2020-09-28,3693,49000.0,2538000.0,52.5,52.9,51.4,51.5,0.3,44.0
2020-09-29,3693,31000.0,1587300.0,52.7,52.7,50.8,50.9,-0.6,27.0
2020-09-30,3693,25000.0,1279100.0,50.2,51.4,50.2,51.2,0.3,25.0
2020-10-05,3693,31036.0,1589726.0,52.1,52.1,50.9,51.0,-0.2,29.0
2020-10-06,3693,340000.0,18754100.0,51.5,56.1,51.4,56.1,5.1,236.0
2020-10-07,3693,767000.0,44517700.0,57.8,60.5,55.2,55.5,-0.6,605.0
2020-10-08,3693,64000.0,3527600.0,56.1,56.2,54.0,54.5,-1.0,60.0
2020-10-12,3693,123002.0,6339110.0,51.9,53.0,50.9,51.3,-3.2,110.0
2020-10-13,3693,55005.0,2838858.0,51.0,52.0,50.8,51.6,0.3,41.0
2020-10-14,3693,147000.0,7458300.0,50.5,51.3,50.1,50.9,-0.7,121.0
2020-10-15,3693,65000.0,3288100.0,50.9,51.2,50.1,50.3,-0.6,58.0
2020-10-16,3693,64000.0,3214500.0,50.0,50.9,50.0,50.2,-0.1,58.0
2020-10-19,3693,50000.0,2509900.0,50.9,50.9,49.9,50.0,-0.2,32.0
2020-10-20,3693,55000.0,2741800.0,49.3,50.3,49.3,49.6,-0.4,38.0
2020-10-21,3693,80000.0,3922150.0,49.0,49.6,48.5,49.0,-0.6,72.0
2020-10-22,3693,78009.0,3768985.0,49.1,49.45,47.7,48.3,-0.7,65.0
2020-10-23,3693,206000.0,9653250.0,48.8,48.8,46.35,46.5,-1.8,187.0
2020-10-26,3693,79000.0,3613250.0,46.5,47.45,45.4,45.4,-1.1,74.0
2020-10-27,3693,57005.0,2585126.0,45.45,45.95,44.9,45.3,-0.1,50.0
2020-10-28,3693,76000.0,3386750.0,45.7,45.7,44.1,44.35,-0.95,63.0
2020-10-29,3693,94000.0,4066450.0,44.3,44.35,43.0,43.15,-1.2,80.0
2020-10-30,3693,61000.0,2644450.0,43.8,43.8,43.1,43.25,0.1,52.0
2020-11-02,3693,55000.0,2413550.0,44.35,44.35,43.25,44.2,0.95,52.0
2020-11-03,3693,137000.0,6352400.0,44.9,47.9,44.9,45.9,1.7,124.0
2020-11-04,3693,49000.0,2236300.0,45.8,45.9,45.3,45.9,0.0,44.0
2020-11-05,3693,116060.0,5550550.0,47.5,48.8,47.0,47.4,1.5,108.0
2020-11-06,3693,99000.0,4786100.0,47.9,49.3,47.8,47.85,0.45,80.0
2020-11-09,3693,453000.0,23043750.0,47.65,52.6,46.05,52.6,4.75,305.0
2020-11-10,3693,354020.0,18124356.0,53.0,53.2,49.75,50.2,-2.4,288.0
2020-11-11,3693,114000.0,5827800.0,50.0,51.9,50.0,51.1,0.9,92.0
2020-11-12,3693,114000.0,5887500.0,52.0,53.6,50.0,50.9,-0.2,96.0
2020-11-13,3693,40000.0,2036500.0,51.7,51.7,50.0,50.8,-0.1,37.0
2020-11-16,3693,85020.0,4248852.0,51.0,51.0,49.5,49.7,-1.1,78.0
2020-11-17,3693,64000.0,3182950.0,50.3,50.3,49.35,49.35,-0.35,52.0
2020-11-18,3693,70000.0,3477000.0,50.2,50.2,49.15,49.15,-0.2,60.0
2020-11-19,3693,57000.0,2792850.0,49.0,49.75,48.65,48.75,-0.4,50.0
2020-11-20,3693,92000.0,4483050.0,48.55,49.25,48.4,49.15,0.4,67.0
2020-11-23,3693,105000.0,5273750.0,49.15,51.5,49.15,51.1,1.95,82.0
2020-11-24,3693,60000.0,3056400.0,52.0,52.0,50.3,51.0,-0.1,52.0
2020-11-25,3693,75000.0,3776000.0,51.0,51.0,49.75,49.85,-1.15,66.0
2020-11-26,3693,77000.0,3882500.0,50.8,50.9,50.0,50.7,0.85,56.0
2020-11-27,3693,56000.0,2819400.0,50.9,51.0,50.0,50.8,0.1,37.0
2020-11-30,3693,93000.0,4664550.0,50.9,51.1,49.5,50.0,-0.8,68.0
2020-12-01,3693,20200.0,1014880.0,50.4,50.5,50.0,50.4,0.4,20.0
2020-12-02,3693,60000.0,3003500.0,50.2,50.3,49.5,50.3,-0.1,48.0
2020-12-03,3693,86000.0,4270600.0,50.0,50.2,49.2,49.85,-0.45,67.0
2020-12-04,3693,209001.0,10798603.0,49.85,52.8,49.45,52.6,2.75,157.0
2020-12-07,3693,676101.0,37838006.0,53.5,57.0,53.5,57.0,4.4,552.0
2020-12-08,3693,383508.0,21065175.0,57.0,57.0,53.6,53.7,-3.3,301.0
2020-12-09,3693,140066.0,7340042.0,53.2,53.3,51.9,51.9,-1.8,131.0
2020-12-10,3693,77008.0,3941508.0,51.2,51.9,50.9,51.5,-0.4,72.0
2020-12-11,3693,93000.0,4742000.0,52.1,52.1,50.5,50.5,-1.0,78.0
2020-12-14,3693,126372.0,6350586.0,49.9,51.6,49.7,50.1,-0.4,90.0
2020-12-15,3693,91018.0,4503345.0,50.2,50.4,49.05,49.5,-0.6,80.0
2020-12-16,3693,26000.0,1303050.0,50.9,50.9,49.55,49.8,0.3,24.0
2020-12-17,3693,63000.0,3112300.0,49.8,49.8,49.2,49.5,-0.3,52.0
2020-12-18,3693,39000.0,1951600.0,50.2,50.7,49.5,50.1,0.6,35.0
2020-12-21,3693,30000.0,1480300.0,49.65,49.65,49.0,49.3,-0.8,28.0
2020-12-22,3693,90000.0,4532200.0,49.5,51.2,49.3,49.8,0.5,77.0
2020-12-23,3693,32000.0,1606250.0,50.8,50.8,49.95,50.0,0.2,25.0
2020-12-24,3693,68200.0,3450700.0,50.2,51.3,50.0,51.0,1.0,61.0
2020-12-25,3693,18000.0,909200.0,50.6,51.3,50.3,50.4,-0.6,16.0
2020-12-28,3693,40135.0,2040120.0,51.7,51.7,50.4,50.7,0.3,39.0
2020-12-29,3693,46000.0,2333700.0,51.3,51.4,50.5,50.5,-0.2,39.0
2020-12-30,3693,42000.0,2120700.0,51.2,51.2,50.0,50.4,-0.1,36.0
2020-12-31,3693,34000.0,1712300.0,50.9,50.9,50.0,50.1,-0.3,29.0
2021-01-04,3693,102000.0,4994750.0,50.2,50.8,48.15,49.0,-1.1,90.0
2021-01-05,3693,38000.0,1867250.0,49.55,49.55,48.8,49.3,0.3,33.0
2021-01-06,3693,76000.0,3710850.0,49.5,49.5,48.3,49.1,-0.2,53.0
2021-01-07,3693,99000.0,4886650.0,49.05,50.6,48.5,49.75,0.65,73.0
2021-01-08,3693,45433.0,2220668.0,49.0,49.45,48.5,49.25,-0.5,43.0
2021-01-11,3693,51429.0,2480615.0,48.0,49.15,48.0,48.1,-1.15,46.0
2021-01-12,3693,114000.0,5388900.0,48.0,48.35,46.9,47.1,-1.0,78.0
2021-01-13,3693,34001.0,1610445.0,47.75,47.75,47.1,47.15,0.05,30.0
2021-01-14,3693,39005.0,1841881.0,47.7,47.7,47.0,47.4,0.25,34.0
2021-01-15,3693,50010.0,2363320.0,48.35,48.35,46.7,47.5,0.1,37.0
2021-01-18,3693,18000.0,850150.0,46.95,48.15,46.95,47.4,-0.1,15.0
2021-01-19,3693,27000.0,1266750.0,47.9,47.9,46.6,46.95,-0.45,25.0
2021-01-20,3693,52000.0,2369000.0,45.6,46.8,45.0,45.4,-1.55,44.0
2021-01-21,3693,39000.0,1754400.0,45.75,45.75,44.55,44.55,-0.85,35.0
2021-01-22,3693,133098.0,5788460.0,43.5,44.0,43.0,43.8,-0.75,102.0
2021-01-25,3693,41051.0,1787593.0,45.15,45.15,43.2,43.3,-0.5,43.0
2021-01-26,3693,31045.0,1341676.0,44.05,44.05,43.0,43.2,-0.1,31.0
2021-01-27,3693,52030.0,2213273.0,43.0,43.0,42.05,42.05,-1.15,46.0
2021-01-28,3693,31000.0,1279350.0,41.2,42.0,40.85,41.25,-0.8,29.0
2021-01-29,3693,87200.0,3517610.0,40.25,41.3,39.95,40.2,-1.05,73.0
2021-02-01,3693,12000.0,488300.0,41.7,41.7,40.0,40.6,0.4,12.0
2021-02-02,3693,41000.0,1663950.0,41.15,41.15,40.3,40.7,0.1,30.0
2021-02-03,3693,43000.0,1798950.0,41.9,42.9,40.85,42.2,1.5,42.0
2021-02-04,3693,21000.0,886050.0,42.6,42.6,42.0,42.0,-0.2,18.0
2021-02-05,3693,38000.0,1624000.0,42.45,43.0,42.4,42.95,0.95,23.0
2021-02-17,3693,35002.0,1559537.0,45.5,45.5,43.45,44.5,1.55,30.0
2021-02-18,3693,24036.0,1050502.0,44.0,44.0,43.5,43.65,-0.85,22.0
2021-02-19,3693,32000.0,1401500.0,44.2,44.2,43.5,43.85,0.2,23.0
2021-02-22,3693,33036.0,1458128.0,44.95,44.95,43.85,44.2,0.35,31.0
2021-02-23,3693,23100.0,1007579.0,45.25,45.25,43.4,43.4,-0.8,20.0
2021-02-24,3693,13000.0,564050.0,43.15,43.7,43.15,43.55,0.15,11.0
2021-02-25,3693,16076.0,697620.0,43.95,43.95,43.0,43.3,-0.25,17.0
2021-02-26,3693,21000.0,901200.0,43.0,44.5,42.25,42.8,-0.5,21.0
2021-03-02,3693,16000.0,686400.0,42.95,43.0,42.7,42.7,-0.1,12.0
2021-03-03,3693,19000.0,801050.0,43.3,43.3,41.6,42.6,-0.1,19.0
2021-03-04,3693,40000.0,1684300.0,42.0,42.2,42.0,42.2,-0.4,15.0
2021-03-05,3693,28000.0,1172900.0,42.0,42.45,41.65,41.9,-0.3,28.0
2021-03-08,3693,18000.0,764500.0,42.95,42.95,42.2,42.2,0.3,10.0
2021-03-09,3693,23000.0,961750.0,42.85,42.85,41.6,41.9,-0.3,22.0
2021-03-10,3693,9150.0,383312.0,42.6,42.6,41.65,41.65,-0.25,10.0
2021-03-11,3693,19150.0,801930.0,42.25,42.25,41.5,42.0,0.35,19.0
2021-03-12,3693,36700.0,1515839.0,41.9,41.9,40.35,41.45,-0.55,31.0
2021-03-15,3693,26200.0,1089510.0,41.45,41.9,41.4,41.9,0.45,26.0
2021-03-16,3693,192143.0,8385348.0,41.95,44.95,41.95,44.85,2.95,174.0
2021-03-17,3693,436936.0,20804127.0,45.45,49.15,45.4,47.7,2.85,350.0
2021-03-18,3693,314286.0,15535961.0,47.15,51.0,47.15,48.6,0.9,257.0
2021-03-19,3693,145180.0,6893543.0,49.45,49.45,46.0,46.55,-2.05,132.0
2021-03-22,3693,107089.0,5080407.0,46.5,48.55,46.5,48.1,1.55,83.0
2021-03-23,3693,57000.0,2688450.0,48.25,48.75,46.25,46.55,-1.55,51.0
2021-03-24,3693,27000.0,1258700.0,46.95,46.95,46.25,46.6,0.05,24.0
2021-03-25,3693,45000.0,2124500.0,47.95,47.95,46.6,46.8,0.2,27.0
2021-03-26,3693,191060.0,8881311.0,48.75,48.75,45.8,46.7,-0.1,158.0
2021-03-29,3693,79000.0,3666150.0,47.6,47.6,46.2,46.4,-0.3,52.0
2021-03-30,3693,508155.0,25184355.0,47.1,51.0,45.7,51.0,4.6,261.0
2021-03-31,3693,432614.0,24269645.0,56.1,56.1,56.1,56.1,5.1,199.0
2021-04-01,3693,3936266.0,239291022.0,61.7,61.7,58.3,59.1,3.0,2374.0
2021-04-06,3693,644897.0,36748154.0,57.1,58.7,56.0,56.7,-2.4,524.0
2021-04-07,3693,554310.0,32427814.0,58.3,60.0,57.0,57.7,1.0,454.0
2021-04-08,3693,238360.0,13722389.0,58.6,59.0,56.5,57.0,-0.7,209.0
2021-04-09,3693,690256.0,37428411.0,58.0,58.0,51.6,53.0,-4.0,533.0
2021-04-12,3693,319690.0,16647898.0,53.6,54.0,51.5,51.6,-1.4,263.0
2021-04-13,3693,242044.0,12725816.0,51.6,53.8,51.6,52.6,1.0,196.0
2021-04-14,3693,230300.0,11695400.0,52.9,52.9,48.0,51.4,-1.2,181.0
2021-04-15,3693,105000.0,5451000.0,51.6,52.6,51.4,52.0,0.6,82.0
2021-04-16,3693,177000.0,9361000.0,52.5,53.9,52.3,52.3,0.3,124.0
2021-04-19,3693,129121.0,6702734.0,53.0,53.0,50.2,52.1,-0.2,112.0
2021-04-20,3693,66260.0,3430002.0,51.7,52.5,51.6,51.9,-0.2,62.0
2021-04-21,3693,85553.0,4416536.0,52.0,52.0,51.3,51.3,-0.6,71.0
2021-04-22,3693,168545.0,8588326.0,51.5,52.1,49.5,49.5,-1.8,122.0
2021-04-23,3693,94050.0,4750470.0,49.7,51.9,48.0,50.9,1.4,86.0
2021-04-26,3693,90000.0,4588300.0,50.9,52.2,50.2,50.6,-0.3,72.0
2021-04-27,3693,42000.0,2150700.0,51.8,51.8,50.6,51.0,0.4,40.0
2021-04-28,3693,91000.0,4577250.0,51.9,51.9,49.5,50.6,-0.4,76.0
2021-04-29,3693,82000.0,4187900.0,50.7,52.2,50.6,50.6,0.0,66.0
2021-05-03,3693,53003.0,2642746.0,50.0,50.8,49.15,49.55,-1.05,47.0
2021-05-04,3693,122130.0,5681186.0,50.4,50.4,45.1,47.7,-1.85,86.0
2021-05-05,3693,98000.0,4539150.0,46.4,47.6,45.15,45.2,-2.5,80.0
2021-05-06,3693,62010.0,2807150.0,45.45,46.4,44.5,45.35,0.15,44.0
2021-05-07,3693,78000.0,3633150.0,46.25,47.35,45.5,46.85,1.5,63.0
2021-05-10,3693,35001.0,1638092.0,46.55,47.45,46.55,46.9,0.05,35.0
2021-05-11,3693,154020.0,6789366.0,46.5,46.5,43.0,44.8,-2.1,119.0
2021-05-12,3693,352144.0,14439847.0,43.4,43.7,40.35,41.45,-3.35,214.0
2021-05-13,3693,85006.0,3433156.0,39.05,41.2,39.05,40.65,-0.8,74.0
2021-05-14,3693,77091.0,3102231.0,40.1,41.5,39.0,40.2,-0.45,67.0
2021-05-17,3693,254101.0,9247856.0,36.35,37.3,36.2,36.2,-4.0,174.0
2021-05-18,3693,101039.0,3836576.0,35.6,39.0,35.6,38.8,2.6,70.0
2021-05-19,3693,55000.0,2149750.0,38.0,40.15,38.0,39.85,1.05,40.0
2021-05-20,3693,30001.0,1176039.0,40.75,40.75,38.8,38.8,-1.05,25.0
2021-05-21,3693,27001.0,1078639.0,40.0,40.75,39.3,39.5,0.7,25.0
2021-05-24,3693,51001.0,2012738.0,39.5,40.0,38.9,40.0,0.5,43.0
2021-05-25,3693,87001.0,3543990.0,40.45,42.0,40.25,40.25,0.25,68.0
2021-05-26,3693,37000.0,1483100.0,39.9,40.65,39.9,40.0,-0.25,30.0
2021-05-27,3693,9000.0,359950.0,39.2,40.2,39.2,40.2,0.2,9.0
2021-05-28,3693,52000.0,2116900.0,40.2,41.45,40.15,40.15,-0.05,43.0
2021-05-31,3693,69002.0,2816284.0,41.6,41.6,40.0,40.7,0.55,53.0
2021-06-01,3693,36033.0,1476365.0,40.75,41.15,40.7,41.0,0.3,35.0
2021-06-02,3693,58000.0,2375200.0,41.4,41.6,39.95,40.9,-0.1,55.0
2021-06-03,3693,57000.0,2363550.0,40.95,41.7,40.95,41.6,0.7,44.0
2021-06-04,3693,56024.0,2301234.0,41.5,41.85,40.7,40.9,-0.7,43.0
2021-06-07,3693,17000.0,690350.0,41.0,41.75,40.0,40.4,-0.5,17.0
2021-06-08,3693,14000.0,571800.0,41.5,41.55,40.35,40.7,0.3,14.0
2021-06-09,3693,16001.0,648890.0,40.05,41.1,40.05,40.95,0.25,16.0
2021-06-10,3693,22000.0,889650.0,41.0,41.0,40.15,40.85,-0.1,17.0
2021-06-11,3693,36002.0,1453488.0,40.9,40.9,40.2,40.2,-0.65,29.0
2021-06-15,3693,30002.0,1199780.0,40.2,40.2,39.8,39.95,-0.25,26.0
2021-06-16,3693,30000.0,1203800.0,39.95,40.85,39.85,39.85,-0.1,27.0
2021-06-17,3693,34002.0,1363633.0,39.6,40.75,39.6,40.35,0.5,32.0
2021-06-18,3693,49000.0,1977600.0,40.15,40.9,39.75,40.5,0.15,32.0
2021-06-21,3693,50020.0,1995013.0,40.5,40.5,39.5,40.25,-0.25,38.0
2021-06-22,3693,42000.0,1674100.0,40.45,40.45,39.6,39.9,-0.35,39.0
2021-06-23,3693,29000.0,1155350.0,40.15,40.15,39.5,39.95,0.05,23.0
2021-06-24,3693,68000.0,2703500.0,39.9,40.0,39.5,40.0,0.05,50.0
2021-06-25,3693,53045.0,2133301.0,40.15,40.7,39.7,40.25,0.25,45.0
2021-06-28,3693,67000.0,2668300.0,40.05,40.05,39.65,39.8,-0.45,37.0
2021-06-29,3693,88078.0,3465534.0,40.2,40.2,38.9,39.75,-0.05,67.0
2021-06-30,3693,56000.0,2215000.0,39.75,39.75,39.25,39.3,-0.45,37.0
2021-07-01,3693,73000.0,2843750.0,39.9,39.9,38.45,38.95,-0.35,60.0
2021-07-02,3693,25000.0,979250.0,39.3,39.45,38.8,39.45,0.5,23.0
2021-07-05,3693,36000.0,1411100.0,39.6,39.7,38.95,39.5,0.05,35.0
2021-07-06,3693,336427.0,14222840.0,39.6,43.45,39.55,43.45,3.95,244.0
2021-07-07,3693,948011.0,44226049.0,44.1,47.75,44.1,46.1,2.65,713.0
2021-07-08,3693,518590.0,24302965.0,46.5,48.85,45.1,46.1,0.0,367.0
2021-07-09,3693,199762.0,9006905.0,45.2,46.0,44.5,44.8,-1.3,168.0
2021-07-12,3693,114300.0,5160182.0,45.05,46.0,44.5,45.45,0.65,97.0
2021-07-13,3693,107000.0,4759700.0,45.6,45.95,43.45,43.8,-1.65,74.0
2021-07-14,3693,88000.0,3811200.0,43.8,44.0,42.9,43.5,-0.3,66.0
2021-07-15,3693,50000.0,2177950.0,43.2,43.95,43.2,43.8,0.3,40.0
2021-07-16,3693,264418.0,12233704.0,43.8,47.3,43.25,46.3,2.5,190.0
2021-07-19,3693,154150.0,7321369.0,47.5,48.1,46.8,47.6,1.3,121.0
2021-07-20,3693,129437.0,5944398.0,47.0,47.0,45.0,45.6,-2.0,99.0
2021-07-21,3693,105033.0,4690235.0,46.2,46.55,43.9,44.7,-0.9,81.0
2021-07-22,3693,70000.0,3171250.0,45.0,45.75,44.7,44.8,0.1,39.0
2021-07-23,3693,132067.0,6147554.0,46.1,47.6,45.8,46.1,1.3,102.0
2021-07-26,3693,20038.0,923759.0,46.85,46.95,45.65,45.65,-0.45,23.0
2021-07-27,3693,39000.0,1770350.0,46.25,46.25,44.7,45.6,-0.05,28.0
2021-07-28,3693,51000.0,2252150.0,44.25,44.5,43.2,44.5,-1.1,45.0
2021-07-29,3693,17000.0,760500.0,45.5,45.5,44.4,44.5,0.0,17.0
2021-07-30,3693,27000.0,1178450.0,44.1,44.35,43.4,43.4,-1.1,26.0
2021-08-02,3693,45000.0,1963950.0,43.45,44.2,43.4,43.6,0.2,32.0
2021-08-03,3693,27039.0,1196208.0,43.95,44.9,43.9,43.9,0.3,23.0
2021-08-04,3693,20000.0,889600.0,45.3,45.3,44.05,44.7,0.8,18.0
2021-08-05,3693,81002.0,3647889.0,44.65,46.3,44.3,44.3,-0.4,58.0
2021-08-06,3693,57000.0,2551100.0,44.45,45.1,44.3,44.9,0.6,30.0
2021-08-09,3693,56000.0,2486350.0,44.85,45.5,43.0,43.0,-1.9,42.0
2021-08-10,3693,92011.0,3827903.0,43.0,43.0,39.85,41.1,-1.9,69.0
2021-08-11,3693,109002.0,4341031.0,40.5,41.1,39.0,39.9,-1.2,68.0
2021-08-12,3693,29000.0,1159100.0,39.95,40.3,39.85,40.3,0.4,23.0
2021-08-13,3693,35808.0,1410071.0,40.3,40.3,39.0,39.0,-1.3,28.0
2021-08-16,3693,36100.0,1392539.0,39.0,39.25,38.1,39.25,0.25,31.0
2021-08-17,3693,21000.0,821200.0,39.85,39.85,38.8,39.05,-0.2,19.0
2021-08-18,3693,42000.0,1626600.0,38.5,39.5,38.4,39.5,0.45,33.0
2021-08-19,3693,35000.0,1360750.0,39.4,39.4,38.5,39.1,-0.4,23.0
2021-08-20,3693,39034.0,1500562.0,38.6,39.0,38.0,38.75,-0.35,37.0
2021-08-23,3693,63000.0,2443250.0,39.55,39.55,38.0,38.8,0.05,42.0
2021-08-24,3693,35000.0,1360900.0,38.8,39.2,38.7,39.0,0.2,27.0
2021-08-25,3693,43214.0,1704221.0,39.55,39.65,39.05,39.35,0.35,38.0
2021-08-26,3693,71000.0,2884600.0,39.7,41.3,39.7,40.55,1.2,56.0
2021-08-27,3693,29000.0,1181600.0,40.85,41.0,40.5,40.75,0.2,27.0
2021-08-30,3693,53001.0,2174590.0,40.8,41.5,40.75,40.75,0.0,39.0
2021-08-31,3693,28000.0,1133200.0,40.75,41.35,40.0,40.15,-0.6,24.0
2021-09-01,3693,36126.0,1444602.0,40.9,40.9,39.8,39.8,-0.35,36.0
2021-09-02,3693,26050.0,1033501.0,39.6,39.9,39.55,39.6,-0.2,24.0
2021-09-03,3693,12010.0,476601.0,39.7,39.95,39.6,39.7,0.1,13.0
2021-09-06,3693,31000.0,1214400.0,39.45,39.45,39.0,39.0,-0.7,27.0
2021-09-07,3693,32000.0,1231300.0,39.75,39.75,38.0,38.85,-0.15,31.0
2021-09-08,3693,18000.0,695050.0,38.8,38.8,38.25,38.8,-0.05,15.0
2021-09-09,3693,206600.0,8686490.0,39.8,42.65,39.7,42.65,3.85,127.0
2021-09-10,3693,333365.0,14936962.0,45.5,46.85,43.0,43.6,0.95,259.0
2021-09-13,3693,56004.0,2445630.0,44.2,44.2,43.3,43.85,0.25,50.0
2021-09-14,3693,34002.0,1496287.0,44.7,44.7,43.6,43.6,-0.25,33.0
2021-09-15,3693,46040.0,1959190.0,43.35,43.35,42.35,42.35,-1.25,37.0
2021-09-16,3693,34201.0,1454840.0,43.55,43.6,42.0,42.65,0.3,31.0
2021-09-17,3693,16000.0,686950.0,43.45,43.45,42.3,43.1,0.45,14.0
2021-09-22,3693,48429.0,2109001.0,42.75,43.9,42.75,43.9,0.8,42.0
2021-09-23,3693,26404.0,1168069.0,44.65,44.65,43.9,43.9,0.0,36.0
2021-09-24,3693,18225.0,801233.0,44.75,44.75,43.6,44.25,0.35,19.0
2021-09-27,3693,35017.0,1557998.0,44.25,44.9,44.05,44.8,0.55,31.0
2021-09-28,3693,28010.0,1249643.0,44.45,44.95,44.45,44.6,-0.2,27.0
2021-09-29,3693,29000.0,1252800.0,43.2,43.35,43.1,43.1,0.0,22.0
2021-09-30,3693,8000.0,345700.0,43.05,43.3,43.05,43.3,0.2,7.0
2021-10-01,3693,52010.0,2164032.0,42.35,42.6,40.7,42.6,-0.7,39.0
2021-10-04,3693,75010.0,3106276.0,41.9,42.3,40.7,42.3,-0.3,53.0
2021-10-05,3693,33262.0,1451050.0,43.1,44.5,43.1,44.2,1.9,33.0
2021-10-06,3693,29000.0,1262100.0,44.0,44.9,43.05,43.15,-1.05,24.0
2021-10-07,3693,50001.0,2194593.0,43.0,44.3,43.0,43.95,0.8,31.0
2021-10-08,3693,21000.0,925700.0,44.0,44.25,43.7,43.85,-0.1,19.0
2021-10-12,3693,379234.0,18082254.0,44.5,48.2,44.5,48.2,4.35,246.0
2021-10-13,3693,535569.0,28291057.0,53.0,53.0,51.5,53.0,4.8,318.0
2021-10-14,3693,2867550.0,151847917.0,58.0,58.0,47.75,48.05,-4.95,2007.0
2021-10-15,3693,527317.0,26065212.0,48.9,50.3,48.0,49.6,1.55,414.0
2021-10-18,3693,307048.0,15131680.0,51.7,51.7,48.25,48.25,-1.35,240.0
2021-10-19,3693,1052160.0,53704726.0,48.25,53.0,46.2,53.0,4.75,705.0
2021-10-20,3693,1144246.0,60952722.0,54.1,55.5,51.0,52.6,-0.4,948.0
2021-10-21,3693,754527.0,40360696.0,53.1,55.5,51.6,53.6,1.0,586.0
2021-10-22,3693,4058774.0,236124042.0,56.0,58.9,56.0,58.9,5.3,2272.0
2021-10-25,3693,2337715.0,136857609.0,58.8,60.7,56.3,58.7,-0.2,1646.0
2021-10-26,3693,920030.0,53463204.0,59.7,59.7,57.0,58.0,-0.7,677.0
2021-10-27,3693,1057247.0,62245266.0,58.0,60.3,57.1,59.3,1.3,788.0
2021-10-28,3693,1261805.0,75570067.0,59.2,61.4,58.0,60.8,1.5,1000.0
2021-10-29,3693,2141968.0,136630012.0,63.1,66.6,61.8,63.5,2.7,1647.0
2021-11-01,3693,1168778.0,74405091.0,64.5,65.4,62.3,62.9,-0.6,869.0
2021-11-02,3693,855847.0,52269445.0,63.3,64.1,58.9,59.0,-3.9,690.0
2021-11-03,3693,650336.0,37501596.0,59.3,60.2,56.6,56.8,-2.2,478.0
2021-11-04,3693,468260.0,27385331.0,57.3,59.7,57.3,58.8,2.0,353.0
2021-11-05,3693,476393.0,28726702.0,59.6,61.2,59.5,60.2,1.4,400.0
2021-11-08,3693,293481.0,17523234.0,60.6,61.5,58.6,58.7,-1.5,218.0
2021-11-09,3693,245174.0,14675866.0,60.0,60.7,59.0,59.1,0.4,201.0
2021-11-10,3693,552984.0,29633915.0,54.3,55.1,53.2,53.2,-5.9,325.0
2021-11-11,3693,1670681.0,81073875.0,49.0,50.5,47.9,48.5,-4.7,1293.0
2021-11-12,3693,500433.0,24277649.0,49.0,49.7,47.6,47.75,-0.75,416.0
2021-11-15,3693,204090.0,9804955.0,48.7,48.7,47.75,47.8,0.05,153.0
2021-11-16,3693,329096.0,16117427.0,48.3,50.0,48.0,48.8,1.0,271.0
2021-11-17,3693,265000.0,13076050.0,50.0,50.3,49.05,49.05,0.25,201.0
2021-11-18,3693,261661.0,12590247.0,49.05,49.05,47.8,47.85,-1.2,199.0
2021-11-19,3693,185228.0,8963885.0,48.3,49.8,47.25,48.6,0.75,155.0
2021-11-22,3693,169994.0,8294610.0,49.5,49.65,48.35,48.45,-0.15,151.0
2021-11-23,3693,288058.0,13641319.0,48.9,48.9,46.8,46.8,-1.65,215.0
2021-11-24,3693,110000.0,5205200.0,47.45,47.8,47.0,47.65,0.85,90.0
2021-11-25,3693,126150.0,5961842.0,47.55,47.85,47.0,47.15,-0.5,102.0
2021-11-26,3693,211100.0,9757800.0,46.85,46.85,45.95,45.95,-1.2,145.0
2021-11-29,3693,160524.0,7422803.0,45.15,47.75,45.0,47.4,1.45,127.0
2021-11-30,3693,113390.0,5423819.0,48.4,48.45,47.1,47.2,-0.2,105.0
2021-12-01,3693,222084.0,10786100.0,47.0,49.1,46.85,48.25,1.05,188.0
2021-12-02,3693,233509.0,11437109.0,49.2,49.9,48.05,48.1,-0.15,179.0
2021-12-03,3693,160381.0,7881222.0,48.95,49.8,48.4,49.15,1.05,137.0
2021-12-06,3693,451574.0,22949939.0,49.8,52.0,49.0,50.7,1.55,371.0
2021-12-07,3693,216864.0,11085258.0,51.6,51.7,50.5,50.7,0.0,159.0
2021-12-08,3693,180428.0,9227054.0,51.4,52.1,50.7,51.1,0.4,143.0
2021-12-09,3693,293251.0,14416948.0,49.95,50.9,48.4,48.6,-2.5,248.0
2021-12-10,3693,120000.0,5869150.0,48.6,49.35,48.6,48.9,0.3,84.0
2021-12-13,3693,137653.0,6835514.0,49.55,50.2,48.9,49.95,1.05,117.0
2021-12-14,3693,122000.0,5956500.0,49.95,49.95,48.2,48.2,-1.75,88.0
2021-12-15,3693,56000.0,2743750.0,48.4,49.4,48.4,48.8,0.6,54.0
2021-12-16,3693,426374.0,21661921.0,48.95,51.8,48.85,51.3,2.5,330.0
2021-12-17,3693,379320.0,19118019.0,53.0,53.0,49.0,49.15,-2.15,318.0
2021-12-20,3693,94371.0,4591014.0,48.6,48.9,48.3,48.5,-0.65,83.0
2021-12-21,3693,744916.0,38511165.0,49.45,53.3,48.1,53.3,4.8,516.0
2021-12-22,3693,1033669.0,55096981.0,53.8,54.9,52.0,52.0,-1.3,765.0
2021-12-23,3693,197406.0,10290834.0,51.7,52.7,51.7,52.1,0.1,161.0
2021-12-24,3693,1814115.0,101943024.0,52.8,57.3,51.3,57.3,5.2,1203.0
2021-12-27,3693,1904031.0,109900018.0,58.3,59.0,56.3,56.6,-0.7,1496.0
2021-12-28,3693,469866.0,26361619.0,56.4,58.0,54.8,55.3,-1.3,401.0
2021-12-29,3693,821679.0,47144444.0,55.2,59.0,54.4,57.9,2.6,633.0
2021-12-30,3693,2165700.0,129925581.0,58.0,62.4,57.2,59.9,2.0,1601.0
2022-01-03,3693,806152.0,48490709.0,59.9,62.0,58.3,59.7,-0.2,658.0
2022-01-04,3693,454923.0,26923860.0,60.5,60.6,58.4,58.4,-1.3,388.0
2022-01-05,3693,387208.0,21949183.0,58.6,58.6,55.2,55.2,-3.2,364.0
2022-01-06,3693,215510.0,12144063.0,55.4,57.2,55.4,55.5,0.3,192.0
2022-01-07,3693,1309391.0,76932452.0,55.2,61.0,53.4,60.0,4.5,1050.0
2022-01-10,3693,894387.0,52087810.0,58.3,59.3,56.8,58.6,-1.4,676.0
2022-01-11,3693,2291737.0,138063098.0,59.3,62.1,59.2,59.2,0.6,1916.0
2022-01-12,3693,503795.0,29737432.0,59.2,59.7,58.2,59.0,-0.2,428.0
2022-01-13,3693,702772.0,42309251.0,59.9,62.0,58.7,58.7,-0.3,588.0
2022-01-14,3693,941225.0,54983354.0,59.0,60.6,55.0,55.9,-2.8,775.0
2022-01-17,3693,239450.0,13567934.0,55.7,57.8,55.7,56.7,0.8,190.0
2022-01-18,3693,661411.0,38892358.0,57.4,60.0,56.6,58.4,1.7,508.0
2022-01-19,3693,885038.0,52174491.0,57.9,60.2,57.5,59.7,1.3,662.0
2022-01-20,3693,508330.0,29842012.0,60.2,60.4,57.5,57.5,-2.2,387.0
2022-01-21,3693,372276.0,20730013.0,57.5,57.5,54.6,54.6,-2.9,305.0
2022-01-24,3693,414472.0,21822650.0,54.5,54.5,51.5,53.0,-1.6,303.0
2022-01-25,3693,196150.0,10254500.0,51.7,53.9,51.7,51.7,-1.3,152.0
2022-01-26,3693,111467.0,5783821.0,52.8,52.9,51.0,51.0,-0.7,116.0
2022-02-07,3693,73250.0,3815754.0,52.5,52.7,51.6,52.5,1.5,70.0
2022-02-08,3693,625520.0,35354946.0,52.9,57.7,52.5,57.7,5.2,475.0
2022-02-09,3693,618586.0,35627484.0,57.7,58.2,56.6,57.3,-0.4,487.0
2022-02-10,3693,398446.0,23101213.0,57.4,59.0,57.1,57.4,0.1,332.0
2022-02-11,3693,232497.0,13069690.0,56.5,57.0,55.6,55.6,-1.8,230.0
2022-02-14,3693,163500.0,8933198.0,55.9,56.0,53.8,54.0,-1.6,147.0
2022-02-15,3693,100352.0,5457769.0,54.0,55.0,53.4,53.8,-0.2,116.0
2022-02-16,3693,87190.0,4747135.0,55.6,55.6,53.9,54.0,0.2,76.0
2022-02-17,3693,150037.0,8192927.0,54.1,56.0,53.5,53.8,-0.2,138.0
2022-02-18,3693,236134.0,12950755.0,53.5,55.6,53.5,55.3,1.5,159.0
2022-02-21,3693,387430.0,21783084.0,55.9,57.7,55.6,55.7,0.4,325.0
2022-02-22,3693,142704.0,7737331.0,55.7,55.7,53.5,53.8,-1.9,134.0
2022-02-23,3693,57131.0,3102368.0,54.6,54.7,53.9,54.3,0.5,57.0
2022-02-24,3693,100368.0,5311036.0,53.7,53.9,52.2,52.3,-2.0,99.0
2022-02-25,3693,80591.0,4268270.0,52.6,54.0,52.6,52.6,0.3,80.0
2022-03-01,3693,46770.0,2495703.0,52.5,54.3,52.5,53.4,0.8,46.0
2022-03-02,3693,67492.0,3541629.0,52.7,53.1,52.1,52.4,-1.0,67.0
2022-03-03,3693,80140.0,4246049.0,53.0,54.1,52.5,52.5,0.1,71.0
2022-03-04,3693,49704.0,2613538.0,52.5,53.5,52.2,52.2,-0.3,49.0
2022-03-07,3693,115220.0,5840287.0,52.1,52.1,50.0,50.3,-1.9,98.0
2022-03-08,3693,131750.0,6557700.0,49.9,51.8,48.85,48.85,-1.45,102.0
2022-03-09,3693,54430.0,2708105.0,51.2,51.2,49.0,49.5,0.65,46.0
2022-03-10,3693,83220.0,4252396.0,51.2,51.4,50.5,51.3,1.8,73.0
2022-03-11,3693,78000.0,3971500.0,51.0,51.3,50.5,51.1,-0.2,48.0
2022-03-14,3693,42300.0,2160110.0,51.2,51.5,50.7,51.3,0.2,33.0
2022-03-15,3693,182301.0,9442481.0,51.4,53.2,50.6,50.6,-0.7,148.0
2022-03-16,3693,131010.0,6823822.0,52.8,52.8,51.3,51.6,1.0,101.0
2022-03-17,3693,123200.0,6510840.0,53.0,53.5,52.0,52.6,1.0,111.0
2022-03-18,3693,90000.0,4778300.0,52.3,53.5,52.3,53.3,0.7,72.0
2022-03-21,3693,68059.0,3614944.0,53.5,54.0,52.6,52.6,-0.7,63.0
2022-03-22,3693,29000.0,1528700.0,52.4,53.0,52.4,52.7,0.1,22.0
2022-03-23,3693,116081.0,6230247.0,54.0,54.5,53.0,53.0,0.3,103.0
2022-03-24,3693,36358.0,1915374.0,52.4,53.0,52.4,52.7,-0.3,44.0
2022-03-25,3693,114230.0,6154653.0,54.4,55.4,53.1,53.1,0.4,106.0
2022-03-28,3693,72834.0,3908658.0,53.3,54.5,52.4,54.2,1.1,77.0
2022-03-29,3693,66527.0,3630245.0,55.3,55.3,54.2,54.3,0.1,58.0
2022-03-30,3693,72594.0,3957247.0,54.3,55.2,54.0,54.1,-0.2,76.0
2022-03-31,3693,37200.0,2018300.0,54.1,54.5,53.9,54.4,0.3,35.0
2022-04-01,3693,446282.0,25216002.0,54.3,58.1,54.0,56.4,2.0,381.0
2022-04-06,3693,95548.0,5426418.0,55.5,57.4,55.5,57.4,1.0,95.0
2022-04-07,3693,351820.0,20335314.0,57.3,59.0,56.0,57.7,0.3,253.0
2022-04-08,3693,284159.0,16415941.0,58.0,58.6,56.2,58.1,0.4,249.0
2022-04-11,3693,423717.0,24149843.0,58.5,58.8,55.4,55.4,-2.7,364.0
2022-04-12,3693,562305.0,32292926.0,56.2,59.0,55.2,58.0,2.6,445.0
2022-04-13,3693,253862.0,14741586.0,58.0,58.8,57.2,57.7,-0.3,210.0
2022-04-14,3693,112201.0,6450956.0,58.0,58.0,57.2,57.3,-0.4,97.0
2022-04-15,3693,227739.0,13144590.0,56.0,58.5,56.0,58.2,0.9,184.0
2022-04-18,3693,133261.0,7618491.0,58.9,58.9,56.0,56.0,-2.2,136.0
2022-04-19,3693,79158.0,4437686.0,56.0,56.7,55.5,55.8,-0.2,99.0
2022-04-20,3693,52710.0,2929589.0,56.0,56.0,55.3,55.3,-0.5,54.0
2022-04-21,3693,60235.0,3357218.0,55.6,56.1,55.5,55.9,0.6,55.0
2022-04-22,3693,87542.0,4759070.0,55.1,55.2,54.0,54.4,-1.5,73.0
2022-04-25,3693,171997.0,8794127.0,52.5,52.9,50.4,50.6,-3.8,156.0
2022-04-26,3693,54201.0,2755365.0,51.8,51.8,50.5,50.5,-0.1,63.0
2022-04-27,3693,111000.0,5352700.0,48.75,49.2,47.35,48.9,-1.6,96.0
2022-04-28,3693,44000.0,2202550.0,49.55,50.5,49.5,50.0,1.1,40.0
2022-04-29,3693,25187.0,1270902.0,51.7,51.7,49.9,50.2,0.2,48.0
2022-05-03,3693,42100.0,2102765.0,50.5,50.9,49.35,49.65,-0.55,41.0
2022-05-04,3693,35151.0,1760458.0,51.0,51.0,49.1,50.1,0.45,37.0
2022-05-05,3693,24000.0,1215300.0,51.4,51.4,50.3,50.3,0.2,22.0
2022-05-06,3693,25399.0,1260339.0,50.0,50.0,49.25,49.7,-0.6,28.0
2022-05-09,3693,41008.0,2023140.0,49.7,50.2,48.05,48.65,-1.05,41.0
2022-05-10,3693,35119.0,1715412.0,48.65,49.65,48.5,48.75,0.1,35.0
2022-05-11,3693,37100.0,1793349.0,49.05,49.1,48.1,48.4,-0.35,36.0
2022-05-12,3693,88285.0,4097939.0,48.45,48.45,44.2,45.1,-3.3,82.0
2022-05-13,3693,76264.0,3408219.0,46.9,46.9,43.45,45.2,0.1,77.0
2022-05-16,3693,117706.0,5177989.0,45.1,45.3,43.3,43.5,-1.7,135.0
2022-05-17,3693,117758.0,5108655.0,44.0,44.2,43.05,43.3,-0.2,160.0
2022-05-18,3693,93109.0,4124107.0,43.25,44.85,43.25,44.45,1.15,85.0
2022-05-19,3693,40500.0,1793000.0,43.5,45.2,43.45,44.7,0.25,30.0
2022-05-20,3693,37110.0,1670416.0,44.85,45.2,44.8,44.9,0.2,39.0
2022-05-23,3693,28332.0,1272752.0,44.95,45.35,44.6,44.6,-0.3,31.0
2022-05-24,3693,36196.0,1607288.0,45.25,45.25,44.1,44.45,-0.15,46.0
2022-05-25,3693,35023.0,1587835.0,44.5,45.5,44.5,45.45,1.0,31.0
2022-05-26,3693,18000.0,817700.0,45.7,45.7,45.05,45.4,-0.05,17.0
2022-05-27,3693,25317.0,1159715.0,45.65,46.4,45.6,45.6,0.2,28.0
2022-05-30,3693,34283.0,1593152.0,47.8,47.8,45.85,46.5,0.9,29.0
2022-05-31,3693,119484.0,5628610.0,46.6,48.45,45.1,48.1,1.6,103.0
2022-06-01,3693,189317.0,9279150.0,48.9,49.45,48.5,49.0,0.9,165.0
2022-06-02,3693,31000.0,1511050.0,48.55,49.3,48.5,48.5,-0.5,27.0
2022-06-06,3693,18000.0,878050.0,48.6,49.3,48.5,49.15,0.65,18.0
2022-06-07,3693,31001.0,1517448.0,49.7,49.7,48.55,48.55,-0.6,27.0
2022-06-08,3693,49050.0,2397425.0,49.1,49.3,48.4,48.4,-0.15,33.0
2022-06-09,3693,233459.0,12022653.0,53.1,53.1,50.5,50.7,2.3,221.0
2022-06-10,3693,35250.0,1785048.0,50.0,50.8,50.0,50.7,0.0,37.0
2022-06-13,3693,52011.0,2607600.0,49.7,50.5,49.7,50.4,-0.3,39.0
2022-06-14,3693,105235.0,5322268.0,50.5,51.7,49.9,49.95,-0.45,105.0
2022-06-15,3693,21081.0,1044978.0,49.35,49.8,49.3,49.4,-0.55,27.0
2022-06-16,3693,78001.0,3855549.0,49.6,50.1,49.25,49.35,-0.05,70.0
2022-06-17,3693,47035.0,2321182.0,48.6,49.7,48.5,49.6,0.25,41.0
2022-06-20,3693,46311.0,2288384.0,49.65,49.65,49.1,49.4,-0.2,44.0
2022-06-21,3693,33020.0,1652498.0,49.45,50.4,49.45,50.2,0.8,33.0
2022-06-22,3693,23021.0,1134506.0,50.2,50.2,48.65,48.95,-1.25,22.0
2022-06-23,3693,30601.0,1464149.0,48.5,48.55,47.3,47.95,-1.0,28.0
2022-06-24,3693,16000.0,776000.0,48.6,48.65,47.8,48.3,0.35,12.0
2022-06-27,3693,20001.0,971349.0,48.3,49.0,48.2,48.5,0.2,21.0
2022-06-28,3693,9100.0,440624.0,49.7,49.7,48.05,48.65,0.15,11.0
2022-06-29,3693,30020.0,1449310.0,49.3,49.3,48.0,48.25,-0.4,23.0
2022-06-30,3693,41001.0,1930797.0,48.0,48.0,46.4,47.0,-1.25,31.0
2022-07-01,3693,76101.0,3422944.0,46.1,46.1,44.15,44.15,-2.85,67.0
2022-07-04,3693,56083.0,2460885.0,44.0,44.9,43.5,43.9,-0.25,37.0
2022-07-05,3693,21080.0,930586.0,45.3,45.3,43.8,44.4,0.5,14.0
2022-07-06,3693,20252.0,882047.0,44.8,44.8,43.15,43.5,-0.9,28.0
2022-07-07,3693,69000.0,3126200.0,44.2,46.45,43.7,46.0,2.5,54.0
2022-07-08,3693,31042.0,1475122.0,46.0,48.2,46.0,48.2,2.2,29.0
2022-07-11,3693,224581.0,11902793.0,53.0,53.0,53.0,53.0,4.8,126.0
2022-07-12,3693,1074781.0,58110535.0,53.3,56.0,52.5,53.0,0.0,744.0
2022-07-13,3693,234303.0,12724818.0,54.5,55.7,53.1,53.4,0.4,198.0
2022-07-14,3693,198293.0,10431668.0,53.9,54.3,51.6,51.6,-1.8,174.0
2022-07-15,3693,1214065.0,66901259.0,52.5,56.7,52.0,53.5,1.9,713.0
2022-07-18,3693,136206.0,7201543.0,53.6,53.6,51.5,52.6,-0.9,130.0
2022-07-19,3693,399681.0,22064083.0,53.3,56.5,53.3,54.9,2.3,382.0
2022-07-20,3693,197113.0,10744456.0,55.8,55.9,53.8,54.5,-0.4,174.0
2022-07-21,3693,46400.0,2531248.0,54.9,54.9,54.2,54.5,0.0,44.0
2022-07-22,3693,452797.0,25559812.0,55.5,58.0,55.3,56.7,2.2,357.0
2022-07-25,3693,425820.0,24641239.0,58.0,59.9,56.5,57.2,0.5,309.0
2022-07-26,3693,184157.0,10551027.0,57.3,58.8,56.4,57.6,0.4,163.0
2022-07-27,3693,92052.0,5285094.0,58.2,58.2,56.9,57.0,-0.6,87.0
2022-07-28,3693,224319.0,12942733.0,56.5,58.8,56.5,57.5,0.5,158.0
2022-07-29,3693,542891.0,32184560.0,57.8,60.2,57.8,59.9,2.4,386.0
2022-08-01,3693,235390.0,14091954.0,60.8,61.0,59.1,59.9,0.0,172.0
2022-08-02,3693,233280.0,13648069.0,59.2,59.4,57.5,58.2,-1.7,159.0
2022-08-03,3693,108007.0,6296007.0,58.3,58.7,57.7,58.0,-0.2,70.0
2022-08-04,3693,101650.0,5800952.0,58.0,58.4,55.3,58.0,0.0,125.0
2022-08-05,3693,1000054.0,61578355.0,58.6,63.5,58.2,62.9,4.9,796.0
2022-08-08,3693,838337.0,53400404.0,62.9,66.0,61.3,61.3,-1.6,722.0
2022-08-09,3693,907698.0,52510404.0,60.8,60.8,55.6,58.1,-3.2,830.0
2022-08-10,3693,123093.0,7137711.0,57.5,59.3,57.1,58.0,-0.1,106.0
2022-08-11,3693,2189642.0,138473493.0,63.8,63.8,61.6,61.6,3.6,1164.0
2022-08-12,3693,892830.0,56448080.0,62.1,66.0,61.8,62.0,0.4,661.0
2022-08-15,3693,261852.0,16140489.0,62.3,62.6,60.7,61.2,-0.8,217.0
2022-08-16,3693,329096.0,20492268.0,60.8,63.5,60.8,62.0,0.8,259.0
2022-08-17,3693,222491.0,13704770.0,62.7,62.7,61.0,61.0,-1.0,156.0
2022-08-18,3693,865987.0,55134078.0,61.0,65.1,60.8,64.0,3.0,600.0
2022-08-19,3693,857050.0,55472497.0,64.8,66.5,62.9,62.9,-1.1,727.0
2022-08-22,3693,334080.0,21240455.0,62.8,64.6,62.5,63.6,0.7,274.0
2022-08-23,3693,157402.0,9885775.0,63.0,63.9,62.2,62.7,-0.9,139.0
2022-08-24,3693,308049.0,19565601.0,63.3,65.0,62.5,62.5,-0.2,256.0
2022-08-25,3693,742639.0,47889459.0,63.3,65.2,63.1,64.6,2.1,543.0
2022-08-26,3693,384252.0,24450487.0,64.1,64.9,62.7,63.1,0.0,306.0
2022-08-29,3693,371821.0,23375453.0,61.3,64.0,61.1,63.7,0.6,300.0
2022-08-30,3693,1194282.0,78359157.0,64.5,67.5,63.9,64.2,0.5,848.0
2022-08-31,3693,2053485.0,140609974.0,64.2,70.6,63.4,69.0,4.8,1221.0
2022-09-01,3693,2110690.0,150231278.0,69.1,73.5,68.0,73.5,4.5,1487.0
2022-09-02,3693,2008681.0,147374903.0,73.3,75.6,71.5,71.5,-2.0,1327.0
2022-09-05,3693,1375309.0,99332411.0,72.4,74.1,69.5,70.1,-1.4,1053.0
2022-09-06,3693,798605.0,55591318.0,69.8,71.0,68.2,69.7,-0.4,620.0
2022-09-07,3693,433600.0,29991946.0,70.4,70.4,68.2,68.9,-0.8,355.0
2022-09-08,3693,1129912.0,80229643.0,71.8,72.5,69.6,70.2,1.3,823.0
2022-09-12,3693,486102.0,34720618.0,71.3,72.6,70.3,71.4,1.2,471.0
2022-09-13,3693,762079.0,55486004.0,72.5,73.7,71.8,72.6,1.2,647.0
2022-09-14,3693,408253.0,29415039.0,70.4,73.1,70.4,73.1,0.5,312.0
2022-09-15,3693,708637.0,52255949.0,74.2,75.1,72.5,72.6,-0.5,561.0
2022-09-16,3693,181172.0,13043832.0,72.5,72.6,71.7,71.7,-0.9,163.0
2022-09-19,3693,210687.0,14903919.0,72.0,72.0,69.9,70.0,-1.7,236.0
2022-09-20,3693,284697.0,20161505.0,71.4,72.0,69.7,71.3,1.3,233.0
2022-09-21,3693,158905.0,11213010.0,71.3,71.3,70.0,70.8,-0.5,146.0
2022-09-22,3693,331536.0,23571970.0,70.3,72.0,70.0,71.0,0.2,305.0
2022-09-23,3693,673009.0,45277390.0,70.5,71.0,64.0,64.3,-6.7,658.0
2022-09-26,3693,574993.0,36070509.0,62.8,64.9,61.5,62.6,-1.7,449.0
2022-09-27,3693,257909.0,16711910.0,63.1,66.0,63.0,66.0,3.4,216.0
2022-09-28,3693,272605.0,17508089.0,66.5,66.5,63.0,63.0,-3.0,238.0
2022-09-29,3693,258825.0,16937889.0,65.1,66.6,64.5,65.0,2.0,205.0
2022-09-30,3693,338792.0,22195827.0,65.6,66.9,63.2,66.9,1.9,263.0
2022-10-03,3693,154073.0,10288790.0,66.0,67.8,65.8,67.0,0.1,140.0
2022-10-04,3693,310049.0,20856483.0,68.0,68.8,66.4,66.4,-0.6,228.0
2022-10-05,3693,176150.0,11771932.0,67.5,67.9,65.8,66.0,-0.4,145.0
2022-10-06,3693,167260.0,10885394.0,66.6,66.8,64.4,64.7,-1.3,129.0
2022-10-07,3693,1164504.0,81052140.0,66.3,71.1,66.2,71.1,6.4,742.0
2022-10-11,3693,1025345.0,71007637.0,71.6,71.7,66.6,67.0,-4.1,856.0
2022-10-12,3693,983583.0,69654536.0,67.1,73.4,66.0,72.8,5.8,822.0
2022-10-13,3693,1898639.0,131913500.0,73.5,75.0,65.6,65.6,-7.2,1415.0
2022-10-14,3693,1106337.0,74201273.0,67.0,68.5,65.2,65.2,-0.4,676.0
2022-10-17,3693,1041960.0,62086498.0,64.0,64.0,58.7,59.6,-5.6,777.0
2022-10-18,3693,401171.0,23978095.0,60.6,60.9,58.9,59.0,-0.6,304.0
2022-10-19,3693,899420.0,56871474.0,59.7,64.9,59.5,63.3,4.3,710.0
2022-10-20,3693,602889.0,37004760.0,63.0,63.7,59.3,60.7,-2.6,502.0
2022-10-21,3693,352481.0,20789712.0,60.5,60.7,57.3,57.3,-3.4,293.0
2022-10-24,3693,366191.0,21802079.0,58.5,61.2,58.0,58.0,0.7,281.0
2022-10-25,3693,201027.0,11598166.0,58.4,59.0,57.0,57.0,-1.0,177.0
2022-10-26,3693,280262.0,15672282.0,57.5,57.6,54.6,56.0,-1.0,238.0
2022-10-27,3693,274199.0,15986066.0,57.5,59.3,57.0,59.1,3.1,237.0
2022-10-28,3693,211018.0,12190466.0,59.1,59.4,56.8,56.8,-2.3,190.0
2022-10-31,3693,227100.0,13480630.0,57.3,60.5,57.3,59.7,2.9,188.0
2022-11-01,3693,226314.0,13737249.0,59.0,61.5,59.0,60.4,0.7,199.0
2022-11-02,3693,230315.0,14108821.0,60.9,62.2,60.4,61.3,0.9,196.0
2022-11-03,3693,277497.0,17310435.0,60.1,63.5,60.1,63.3,2.0,242.0
2022-11-04,3693,368724.0,23773671.0,62.7,66.0,62.2,66.0,2.7,323.0
2022-11-07,3693,532056.0,35133885.0,66.6,67.2,65.0,65.0,-1.0,335.0
2022-11-08,3693,1063524.0,73476246.0,70.7,71.2,67.0,68.1,3.1,747.0
2022-11-09,3693,2072179.0,151237196.0,68.5,74.9,68.5,74.9,6.8,1279.0
2022-11-10,3693,2312469.0,167592598.0,74.0,75.2,70.3,71.6,-3.3,1766.0
2022-11-11,3693,1769333.0,127776238.0,75.4,75.6,70.1,71.0,-0.6,1640.0
2022-11-14,3693,751283.0,52762246.0,71.0,72.1,69.1,69.6,-1.4,626.0
2022-11-15,3693,592174.0,41416759.0,70.3,71.5,68.7,69.6,0.0,438.0
2022-11-16,3693,1613144.0,118413981.0,70.9,75.3,69.7,74.5,4.9,1314.0
2022-11-17,3693,2756212.0,209834772.0,75.0,79.7,72.8,78.5,4.0,2137.0
2022-11-18,3693,1839308.0,142347890.0,78.4,80.3,75.1,75.8,-2.7,1459.0
2022-11-21,3693,1058806.0,81652199.0,76.0,78.6,75.6,76.4,0.6,839.0
2022-11-22,3693,922720.0,69781706.0,76.7,78.0,74.1,74.4,-2.0,747.0
2022-11-23,3693,1011619.0,77600032.0,75.5,78.4,74.9,76.3,1.9,842.0
2022-11-24,3693,865255.0,66527598.0,77.1,78.5,75.0,76.6,0.3,798.0
2022-11-25,3693,640005.0,49438853.0,77.0,78.0,76.1,77.0,0.4,458.0
2022-11-28,3693,989926.0,77578556.0,77.0,80.0,76.5,77.1,0.1,816.0
2022-11-29,3693,1002813.0,78154603.0,77.3,79.6,75.9,78.8,1.7,717.0
2022-11-30,3693,1508189.0,121072422.0,79.0,82.5,77.6,80.9,2.1,1095.0
2022-12-01,3693,1228318.0,100926566.0,81.6,83.9,80.6,83.4,2.5,1159.0
2022-12-02,3693,1396787.0,114373605.0,83.0,84.5,79.0,79.0,-4.4,1081.0
2022-12-05,3693,816131.0,64125981.0,80.1,80.6,77.2,78.3,-0.7,877.0
2022-12-06,3693,627783.0,48926462.0,78.5,79.5,76.6,76.6,-1.7,608.0
2022-12-07,3693,942521.0,72469237.0,77.0,79.0,74.4,78.1,1.5,733.0
2022-12-08,3693,2321587.0,197654818.0,84.0,85.9,82.6,85.9,7.8,1381.0
2022-12-09,3693,5199201.0,475962713.0,89.3,94.4,87.6,94.4,8.5,3844.0
2022-12-12,3693,6946280.0,698808328.0,97.8,103.5,97.1,103.5,9.1,4693.0
2022-12-13,3693,14642795.0,1557391749.0,104.0,112.5,101.5,107.0,3.5,9875.0
2022-12-14,3693,9673952.0,1077106610.0,110.5,115.0,108.5,115.0,8.0,6634.0
2022-12-15,3693,4255879.0,480895671.0,113.0,115.0,110.5,114.5,-0.5,2938.0
2022-12-16,3693,1401941.0,162130146.0,115.0,119.0,113.0,119.0,4.5,1181.0
2022-12-19,3693,651931.0,76639028.0,116.5,119.0,116.5,117.0,-2.0,543.0
2022-12-20,3693,976406.0,114019487.0,119.0,121.0,113.5,114.5,-2.5,856.0
2022-12-21,3693,619073.0,71859111.0,115.5,117.5,113.5,117.5,3.0,473.0
2022-12-22,3693,607246.0,72091151.0,120.0,123.0,116.0,116.5,-1.0,541.0
2022-12-23,3693,714711.0,80480562.0,114.0,114.5,111.0,114.0,-2.5,606.0
2022-12-26,3693,390729.0,45537113.0,116.0,118.0,115.5,117.0,3.0,373.0
2022-12-27,3693,559978.0,63050835.0,118.5,118.5,111.0,113.0,-4.0,496.0
2022-12-28,3693,645072.0,70020978.0,111.0,111.5,106.5,106.5,-6.5,533.0
2022-12-29,3693,845419.0,92177472.0,104.0,114.0,104.0,114.0,7.5,650.0
2022-12-30,3693,388611.0,43964030.0,114.0,114.0,111.0,114.0,0.0,371.0
2023-01-03,3693,947331.0,109853240.0,113.0,119.0,112.0,112.0,-2.0,826.0
2023-01-04,3693,3413732.0,378176052.0,106.5,117.5,104.0,115.0,3.0,2583.0
2023-01-05,3693,5769991.0,648608524.0,113.0,122.0,105.5,105.5,-9.5,4441.0
2023-01-06,3693,3778246.0,384210556.0,105.5,107.0,98.5,99.4,-6.1,2743.0
2023-01-09,3693,3042760.0,314827773.0,105.5,105.5,101.0,104.5,5.1,2385.0
2023-01-10,3693,2434550.0,257624100.0,105.5,109.0,102.0,105.0,0.5,1753.0
2023-01-11,3693,4021833.0,435645329.0,105.0,112.5,105.0,106.5,1.5,3075.0
2023-01-12,3693,3355603.0,365456933.0,106.0,112.0,105.5,110.0,3.5,2646.0
2023-01-13,3693,6114908.0,714468775.0,112.0,121.0,112.0,121.0,11.0,4119.0
2023-01-16,3693,16809858.0,2150784264.0,124.0,133.0,122.5,133.0,12.0,10404.0
2023-01-17,3693,27925670.0,3869423310.0,140.0,145.5,133.5,136.5,3.5,18484.0
2023-01-30,3693,7243767.0,983044558.0,138.0,140.5,129.5,129.5,-7.0,4964.0
2023-01-31,3693,4006987.0,511782199.0,127.0,131.0,125.5,127.0,-2.5,2844.0
2023-02-01,3693,6800618.0,877774020.0,129.5,134.0,125.0,128.0,1.0,4880.0
2023-02-02,3693,5992319.0,773172971.0,128.0,132.0,125.0,130.0,2.0,3916.0
2023-02-03,3693,5642014.0,734239563.0,130.0,135.0,127.0,129.0,-1.0,3988.0
2023-02-06,3693,3186427.0,417236081.0,128.0,133.5,126.5,133.0,4.0,2384.0
2023-02-07,3693,3281953.0,428094922.0,132.0,134.0,128.5,128.5,-4.5,2341.0
2023-02-08,3693,3962744.0,503819540.0,128.0,130.0,125.5,125.5,-3.0,2786.0
2023-02-09,3693,2583231.0,331067576.0,126.5,130.5,126.0,127.5,2.0,2026.0
2023-02-10,3693,2593018.0,325928672.0,128.0,129.5,122.5,123.5,-4.0,2138.0
2023-02-13,3693,1551592.0,195157427.0,126.0,127.5,124.5,124.5,1.0,1281.0
2023-02-14,3693,1927790.0,244478685.0,125.5,129.0,124.5,126.5,2.0,1798.0
2023-02-15,3693,7982682.0,1042514507.0,128.0,134.5,127.0,130.5,4.0,5949.0
2023-02-16,3693,3058232.0,399198519.0,130.5,132.0,129.0,130.0,-0.5,2287.0
2023-02-17,3693,2853689.0,372654075.0,130.0,133.0,129.0,130.0,0.0,2199.0
2023-02-20,3693,3996551.0,531666259.0,131.0,136.0,129.0,134.0,4.0,2867.0
2023-02-21,3693,11207481.0,1559218074.0,136.0,147.0,131.5,132.0,-2.0,8221.0
2023-02-22,3693,3425528.0,434358324.0,130.0,130.0,124.5,124.5,-7.5,2678.0
2023-02-23,3693,2156545.0,273290575.0,127.5,128.0,125.0,128.0,3.5,1426.0
2023-02-24,3693,1878532.0,241977764.0,130.0,131.5,126.5,126.5,-1.5,1512.0
2023-03-01,3693,665976.0,84267795.0,126.0,128.0,125.0,127.0,0.5,854.0
2023-03-02,3693,1176409.0,151918970.0,129.0,131.0,128.0,128.0,1.0,1051.0
2023-03-03,3693,3066381.0,403474494.0,130.0,134.0,129.0,130.0,2.0,2299.0
2023-03-06,3693,1081715.0,142170446.0,132.5,133.0,130.0,130.5,0.5,965.0
2023-03-07,3693,1262014.0,166195334.0,131.5,133.5,130.0,132.0,1.5,953.0
2023-03-08,3693,5018878.0,675312622.0,135.5,139.0,129.5,129.5,-2.5,3781.0
2023-03-09,3693,1653319.0,211363740.0,131.0,131.5,126.0,126.0,-3.5,1430.0
2023-03-10,3693,1912584.0,231815827.0,123.0,124.5,118.5,118.5,-7.5,1553.0
2023-03-13,3693,2296715.0,261614297.0,112.0,116.5,112.0,114.0,-4.5,1537.0
2023-03-14,3693,1533819.0,171275056.0,113.0,114.0,110.0,110.0,-4.0,1239.0
2023-03-15,3693,1278818.0,143027190.0,113.0,114.5,110.5,110.5,0.5,1052.0
2023-03-16,3693,1320935.0,144297450.0,110.0,112.0,107.5,108.5,-2.0,834.0
2023-03-17,3693,770300.0,85683759.0,110.5,113.0,110.5,111.0,2.5,681.0
2023-03-20,3693,804551.0,90943568.0,112.0,114.5,111.0,113.0,2.0,630.0
2023-03-21,3693,836201.0,96334145.0,114.5,116.5,114.0,115.5,2.5,833.0
2023-03-22,3693,2163942.0,261182838.0,117.5,123.5,117.5,120.0,4.5,1801.0
2023-03-23,3693,2928305.0,362946742.0,119.5,129.0,117.5,127.5,7.5,2274.0
2023-03-24,3693,2920679.0,369232573.0,129.5,131.0,123.5,124.0,-3.5,2283.0
2023-03-27,3693,1074383.0,133484440.0,124.0,126.5,122.5,124.0,0.0,791.0
2023-03-28,3693,1288873.0,155281829.0,123.5,124.0,119.0,119.5,-4.5,1058.0
2023-03-29,3693,2668472.0,333954641.0,121.0,128.0,121.0,127.0,7.5,2050.0
2023-03-30,3693,3973380.0,516667665.0,129.0,134.0,126.5,131.5,4.5,3317.0
2023-03-31,3693,2447765.0,319428137.0,133.0,133.5,128.0,128.5,-3.0,2012.0
2023-04-06,3693,5425159.0,729365557.0,128.5,137.5,128.5,132.0,3.5,4166.0
2023-04-07,3693,3185204.0,429682569.0,134.0,138.0,132.5,136.0,4.0,2566.0
2023-04-10,3693,3024513.0,416417901.0,137.5,140.0,135.5,138.0,2.0,2229.0
2023-04-11,3693,2936892.0,439144617.0,147.0,151.5,146.0,151.5,13.5,1620.0
2023-04-12,3693,8357948.0,1359664042.0,160.0,166.5,156.0,166.5,15.0,5441.0
2023-04-13,3693,13608308.0,2324021230.0,169.0,179.5,164.0,176.0,9.5,10539.0
2023-04-14,3693,8497665.0,1512900254.0,177.0,182.5,173.0,180.0,4.0,6306.0
2023-04-17,3693,5357961.0,984009566.0,180.5,188.0,178.0,185.0,5.0,4168.0
2023-04-18,3693,1626031.0,310997966.0,187.5,197.0,186.0,194.5,9.5,1520.0
2023-04-19,3693,797175.0,153441843.0,194.5,195.5,188.5,195.5,1.0,915.0
2023-04-20,3693,759154.0,146348114.0,197.0,197.0,190.0,193.5,-2.0,758.0
2023-04-21,3693,900940.0,171755467.0,196.0,196.5,185.0,196.5,3.0,915.0
2023-04-24,3693,1048882.0,218707302.0,200.0,216.0,200.0,216.0,19.5,1072.0
2023-04-25,3693,954856.0,192325436.0,217.5,217.5,194.5,194.5,-21.5,1133.0
2023-04-26,3693,1039326.0,189501968.0,186.0,190.0,176.5,178.5,-16.0,1111.0
2023-04-27,3693,1350652.0,238020828.0,181.0,183.0,171.5,173.5,-5.0,1268.0
2023-04-28,3693,1060842.0,188700453.0,175.5,181.0,174.0,178.5,5.0,1042.0
2023-05-02,3693,908853.0,165248781.0,178.5,189.0,172.5,186.0,7.5,948.0
2023-05-03,3693,663289.0,121895009.0,185.0,186.0,181.5,185.0,-1.0,684.0
2023-05-04,3693,1202876.0,222770502.0,182.0,190.0,180.0,188.0,3.0,1138.0
2023-05-05,3693,5166617.0,934019375.0,186.0,189.0,172.0,180.0,-8.0,6731.0
2023-05-08,3693,2731667.0,530963370.0,185.0,198.0,183.0,198.0,18.0,2045.0
2023-05-09,3693,5361570.0,978433995.0,190.0,190.0,178.5,178.5,-19.5,4938.0
2023-05-10,3693,2661948.0,465639109.0,179.0,181.0,170.5,176.0,-2.5,2966.0
2023-05-11,3693,2564681.0,451374932.0,176.5,181.5,170.0,170.5,-5.5,2612.0
2023-05-12,3693,5156487.0,936928290.0,172.5,187.5,172.0,184.0,13.5,5385.0
2023-05-15,3693,2442768.0,436382887.0,180.0,184.5,174.0,175.0,-9.0,3859.0
2023-05-16,3693,6046170.0,1133990132.0,179.0,192.0,178.0,188.5,13.5,5004.0
2023-05-17,3693,4024099.0,772147873.0,188.5,196.5,187.0,192.0,3.5,5244.0
2023-05-18,3693,4082961.0,775394584.0,197.5,199.5,184.0,191.5,-0.5,4289.0
2023-05-19,3693,5751444.0,1131226131.0,194.0,204.0,190.5,195.5,4.0,4553.0
2023-05-22,3693,2825896.0,559385463.0,195.0,203.0,192.0,197.5,2.0,2439.0
2023-05-23,3693,2968747.0,598214044.0,197.5,207.0,197.0,199.0,1.5,3062.0
2023-05-24,3693,2424827.0,485814730.0,198.0,204.5,193.5,202.0,3.0,2043.0
2023-05-25,3693,6482613.0,1381084416.0,204.5,222.0,198.0,222.0,20.0,5425.0
2023-05-26,3693,10467223.0,2333169050.0,228.0,235.5,208.5,210.5,-11.5,9043.0
2023-05-29,3693,4231566.0,913478975.0,214.0,223.5,207.0,215.0,4.5,3570.0
2023-05-30,3693,3042023.0,654683185.0,213.5,221.0,211.0,214.0,-1.0,2565.0
2023-05-31,3693,4597410.0,1018901591.0,216.0,228.5,215.5,221.5,7.5,4701.0
2023-06-01,3693,5819376.0,1328263482.0,221.5,236.5,221.5,229.0,7.5,6113.0
2023-06-02,3693,4977022.0,1135577990.0,232.0,236.0,219.5,221.5,-7.5,6168.0
2023-06-05,3693,4202331.0,969596623.0,223.5,237.5,221.0,230.0,8.5,4270.0
2023-06-06,3693,2320384.0,532002701.0,229.0,233.0,224.5,229.5,-0.5,3031.0
2023-06-07,3693,5407559.0,1315014354.0,234.0,251.0,231.0,245.5,16.0,4426.0
2023-06-08,3693,5681195.0,1393072588.0,248.0,259.0,236.0,241.0,-4.5,5939.0
2023-06-09,3693,4723925.0,1177820711.0,244.5,256.5,242.0,248.0,7.0,6566.0
2023-06-12,3693,2351574.0,579237280.0,250.0,253.0,242.5,244.0,-4.0,2988.0
2023-06-13,3693,3489240.0,873768942.0,251.0,258.0,244.0,245.5,1.5,3117.0
2023-06-14,3693,3525915.0,875872293.0,245.5,254.0,241.5,246.0,0.5,3837.0
2023-06-15,3693,5965452.0,1552042413.0,250.5,270.5,249.0,265.5,19.5,4730.0
2023-06-16,3693,6544004.0,1828531289.0,265.0,292.0,263.5,292.0,26.5,5021.0
2023-06-19,3693,18963911.0,5708186528.0,296.5,318.5,289.0,307.0,15.0,12462.0
2023-06-20,3693,10352002.0,3297202768.0,304.0,337.5,303.0,337.5,30.5,8207.0
2023-06-21,3693,11805728.0,4054816042.0,347.5,352.0,330.5,333.0,-4.5,9681.0
2023-06-26,3693,8354234.0,2617627815.0,327.0,332.0,301.0,305.0,-28.0,6978.0
2023-06-27,3693,6465248.0,1950922248.0,300.0,313.5,292.0,294.0,-11.0,5789.0
2023-06-28,3693,5046988.0,1511366977.0,300.0,306.0,294.0,294.0,0.0,4351.0
2023-06-29,3693,5901267.0,1820819730.0,302.5,315.0,300.5,314.0,20.0,5385.0
2023-06-30,3693,7011658.0,2251050381.0,316.5,330.0,311.5,326.0,12.0,6548.0
2023-07-03,3693,8028073.0,2758355195.0,333.5,357.0,332.0,332.5,6.5,7055.0
2023-07-04,3693,5000632.0,1699182996.0,335.5,346.0,335.0,339.5,7.0,4450.0
2023-07-05,3693,5863679.0,2032280534.0,346.0,355.0,333.5,348.0,8.5,5077.0
2023-07-06,3693,4158400.0,1420162233.0,342.0,351.0,331.0,332.0,-16.0,3984.0
2023-07-07,3693,9553339.0,3368172141.0,350.0,362.5,346.5,347.0,15.0,8315.0
2023-07-10,3693,3804859.0,1304523329.0,346.5,351.5,332.5,338.0,-9.0,3613.0
2023-07-11,3693,4324285.0,1498205413.0,344.0,353.5,339.5,341.5,3.5,3980.0
2023-07-12,3693,8573419.0,3082013300.0,346.5,375.5,343.0,375.5,34.0,7481.0
2023-07-13,3693,13659482.0,5134986171.0,387.5,401.0,338.0,338.0,-37.5,12764.0
2023-07-14,3693,8787152.0,2961864765.0,349.0,350.0,325.0,339.0,1.0,8335.0
2023-07-17,3693,4889193.0,1650678870.0,332.0,347.5,328.0,342.0,3.0,4717.0
2023-07-18,3693,4377153.0,1474768328.0,343.5,349.0,328.5,332.5,-9.5,4233.0
2023-07-19,3693,4251750.0,1441285732.0,338.0,347.5,331.0,335.5,3.0,3985.0
2023-07-20,3693,5975451.0,2067082099.0,337.5,357.5,332.5,344.5,9.0,5284.0
2023-07-21,3693,4601182.0,1582042791.0,338.0,355.0,334.5,347.0,2.5,4247.0
2023-07-24,3693,5869194.0,2038524954.0,349.5,362.0,337.0,338.5,-8.5,5419.0
2023-07-25,3693,8363855.0,2964918144.0,344.0,365.5,344.0,348.0,9.5,7413.0
2023-07-26,3693,11422735.0,4169437596.0,356.5,380.0,350.0,364.5,16.5,10062.0
2023-07-27,3693,7514404.0,2742620348.0,370.0,375.0,354.0,362.5,-2.0,6648.0
2023-07-28,3693,2093654.0,833961060.0,398.0,398.5,398.0,398.5,36.0,1661.0
2023-07-31,3693,9951556.0,4184599326.0,438.0,438.0,392.5,422.0,23.5,9208.0
2023-08-01,3693,9525735.0,3795902182.0,423.5,430.0,380.0,386.5,-35.5,9171.0
2023-08-02,3693,7279779.0,2737143875.0,391.0,398.5,353.0,366.0,-20.5,7174.0
2023-08-04,3693,7963731.0,3106744058.0,375.0,402.5,368.0,402.5,36.5,6232.0
2023-08-07,3693,9928300.0,4230889680.0,415.5,440.0,404.0,429.5,27.0,10789.0
2023-08-08,3693,15295814.0,7038267631.0,452.5,472.0,436.0,460.5,31.0,12678.0
2023-08-09,3693,12171130.0,5821160454.0,451.5,498.0,440.0,488.0,27.5,11549.0
2023-08-10,3693,13518190.0,6381617696.0,480.0,490.0,451.0,462.5,-25.5,13105.0
2023-08-11,3693,11032094.0,5278594805.0,479.5,493.0,459.0,466.0,3.5,10544.0
2023-08-14,3693,7615075.0,3504120263.0,458.0,478.0,447.0,450.0,-16.0,7559.0
2023-08-15,3693,7805319.0,3676172977.0,473.0,483.5,453.0,465.0,15.0,8480.0
2023-08-16,3693,11448446.0,5534430101.0,458.0,511.0,455.0,511.0,46.0,11189.0
2023-08-17,3693,9673004.0,4960281284.0,500.0,527.0,500.0,515.0,4.0,9785.0
2023-08-18,3693,13232698.0,7170506983.0,518.0,565.0,517.0,543.0,28.0,13252.0
2023-08-21,3693,9358502.0,5337543693.0,562.0,597.0,551.0,597.0,54.0,9343.0
2023-08-22,3693,10501935.0,6436517610.0,615.0,635.0,566.0,570.0,-27.0,11617.0
2023-08-23,3693,7831922.0,4347412869.0,573.0,584.0,524.0,534.0,-36.0,10450.0
2023-08-24,3693,5949814.0,3313538062.0,559.0,570.0,547.0,554.0,20.0,6791.0
2023-08-25,3693,5298373.0,2910268856.0,531.0,568.0,530.0,534.0,0.0,6059.0
2023-08-28,3693,4621707.0,2469484946.0,548.0,551.0,505.0,510.0,-24.0,5444.0
2023-08-29,3693,6035931.0,3054620336.0,519.0,524.0,495.5,502.0,-8.0,6874.0
2023-08-30,3693,1915872.0,1057561344.0,552.0,552.0,552.0,552.0,50.0,1524.0
2023-08-31,3693,7252977.0,4051466544.0,560.0,567.0,547.0,560.0,8.0,7478.0
2023-09-01,3693,3982368.0,2174242687.0,562.0,564.0,532.0,541.0,-19.0,5073.0
2023-09-04,3693,5004217.0,2795426152.0,546.0,577.0,541.0,574.0,33.0,5582.0
2023-09-05,3693,10073285.0,6017759785.0,570.0,629.0,565.0,615.0,41.0,11649.0
2023-09-06,3693,12767655.0,7860364337.0,620.0,642.0,575.0,591.0,-24.0,14222.0
2023-09-07,3693,7779666.0,4690897469.0,585.0,624.0,584.0,620.0,29.0,9643.0
2023-09-08,3693,11343477.0,7064693949.0,632.0,639.0,606.0,609.0,-11.0,12564.0
2023-09-11,3693,6847037.0,4019732391.0,606.0,611.0,569.0,575.0,-34.0,8790.0
2023-09-12,3693,7732070.0,4477117963.0,578.0,594.0,560.0,582.0,7.0,8224.0
2023-09-13,3693,5668208.0,3263111242.0,577.0,590.0,566.0,568.0,-14.0,6399.0
2023-09-14,3693,4522174.0,2614748024.0,575.0,585.0,570.0,579.0,11.0,5199.0
2023-09-15,3693,4990636.0,2895695880.0,585.0,595.0,567.0,577.0,-2.0,5652.0
2023-09-18,3693,5459989.0,2980704156.0,570.0,574.0,520.0,524.0,-53.0,7920.0
2023-09-19,3693,5505819.0,2868435855.0,531.0,540.0,503.0,516.0,-8.0,6544.0
2023-09-20,3693,6531032.0,3327934404.0,512.0,523.0,496.0,505.0,-11.0,7155.0
2023-09-21,3693,4774710.0,2367997504.0,495.0,505.0,486.0,500.0,-5.0,5293.0
2023-09-22,3693,9031178.0,4742680073.0,496.0,550.0,492.5,550.0,50.0,9175.0
2023-09-25,3693,12078610.0,6883878396.0,581.0,583.0,560.0,565.0,15.0,10496.0
2023-09-26,3693,9063247.0,5040039598.0,560.0,580.0,522.0,534.0,-31.0,9577.0
2023-09-27,3693,6728593.0,3609306999.0,537.0,546.0,526.0,541.0,7.0,6825.0
2023-09-28,3693,6635707.0,3589397280.0,550.0,554.0,525.0,545.0,4.0,8339.0
2023-10-02,3693,7358930.0,4201128259.0,560.0,581.0,558.0,569.0,24.0,7959.0
2023-10-03,3693,5030615.0,2855192805.0,574.0,578.0,555.0,571.0,2.0,7333.0
2023-10-04,3693,6439341.0,3690214228.0,560.0,582.0,556.0,580.0,9.0,6645.0
2023-10-05,3693,5654868.0,3313093039.0,589.0,597.0,578.0,582.0,2.0,6027.0
2023-10-06,3693,4768744.0,2745929448.0,585.0,589.0,565.0,565.0,-17.0,5454.0
2023-10-11,3693,8953187.0,4747297343.0,560.0,567.0,509.0,510.0,-55.0,11304.0
2023-10-12,3693,4479305.0,2319399026.0,519.0,526.0,507.0,522.0,12.0,5006.0
2023-10-13,3693,3854453.0,2004251305.0,519.0,532.0,510.0,525.0,3.0,4289.0
2023-10-16,3693,2386214.0,1246024096.0,524.0,528.0,517.0,521.0,-4.0,2766.0
2023-10-17,3693,5118444.0,2636266202.0,529.0,537.0,492.0,502.0,-19.0,6459.0
2023-10-18,3693,6374187.0,3026993255.0,498.0,499.0,453.5,455.0,-47.0,8489.0
2023-10-19,3693,5096698.0,2333680263.0,454.5,468.0,446.5,461.0,6.0,5457.0
2023-10-20,3693,4797576.0,2164032268.0,453.5,463.0,438.0,458.0,-3.0,5311.0
2023-10-23,3693,3224685.0,1473084021.0,454.5,467.0,447.0,448.5,-9.5,3587.0
2023-10-24,3693,4161558.0,1877327034.0,452.5,458.0,440.5,457.5,9.0,4311.0
2023-10-25,3693,9058788.0,4407244520.0,480.0,502.0,472.0,482.0,24.5,10055.0
2023-10-26,3693,3684086.0,1719299433.0,465.0,474.5,460.5,462.0,-20.0,4255.0
2023-10-27,3693,4595314.0,2101420731.0,467.0,470.5,442.0,449.0,-13.0,5457.0
2023-10-30,3693,2899663.0,1301439925.0,450.5,458.5,441.5,444.0,-5.0,3425.0
2023-10-31,3693,7263736.0,3085957108.0,446.0,448.0,408.5,417.0,-27.0,8270.0
2023-11-01,3693,3033872.0,1276300400.0,426.0,427.5,414.0,421.0,4.0,3284.0
2023-11-02,3693,4461673.0,1942889884.0,432.5,444.5,428.0,430.5,9.5,4682.0
2023-11-03,3693,4248213.0,1877982799.0,438.0,452.0,431.0,443.5,13.0,4474.0
2023-11-06,3693,5093743.0,2355010201.0,453.0,474.5,447.5,465.0,21.5,5467.0
2023-11-07,3693,5550238.0,2641157611.0,461.0,487.5,461.0,485.0,20.0,6011.0
2023-11-08,3693,7454858.0,3630985750.0,495.0,500.0,470.5,477.5,-7.5,7738.0
2023-11-09,3693,4144218.0,1994709280.0,481.5,487.5,473.0,484.5,7.0,4352.0
2023-11-10,3693,3996370.0,1929565206.0,486.0,489.0,474.0,488.0,3.5,4314.0
2023-11-13,3693,4084566.0,1967461902.0,495.0,496.5,470.5,471.5,-16.5,4815.0
2023-11-14,3693,3116041.0,1465034950.0,476.0,476.0,465.0,471.0,-0.5,3430.0
2023-11-15,3693,5422265.0,2621601536.0,488.0,495.0,472.5,476.5,5.5,5679.0
2023-11-16,3693,2088601.0,985130646.0,479.0,479.5,466.0,466.0,-10.5,3472.0
2023-11-17,3693,2085980.0,976570063.0,467.0,473.0,461.0,471.5,5.5,2660.0
2023-11-20,3693,1225278.0,576566565.0,475.0,475.0,465.0,474.0,2.5,1658.0
2023-11-21,3693,5576134.0,2730825867.0,481.0,498.0,481.0,490.5,16.5,6282.0
2023-11-22,3693,2048289.0,989851341.0,485.0,488.5,478.0,482.0,-8.5,2747.0
2023-11-23,3693,2227983.0,1058534333.0,482.0,484.5,467.0,467.0,-15.0,3156.0
2023-11-24,3693,1454691.0,674619330.0,471.0,472.0,460.0,460.0,-7.0,2337.0
2023-11-27,3693,2653552.0,1174033526.0,456.5,457.5,431.5,432.0,-28.0,4900.0
2023-11-28,3693,1875528.0,827752836.0,428.5,451.0,428.5,451.0,19.0,2395.0
2023-11-29,3693,5369625.0,2613206943.0,469.5,496.0,468.0,496.0,45.0,5537.0
2023-11-30,3693,8276017.0,4166061092.0,506.0,517.0,488.5,494.5,-1.5,9971.0
2023-12-01,3693,4932279.0,2495103894.0,489.0,519.0,488.5,513.0,18.5,5852.0
2023-12-04,3693,3351048.0,1677306510.0,513.0,518.0,490.5,497.0,-16.0,4661.0
2023-12-05,3693,2756358.0,1330009750.0,493.0,493.0,474.0,478.5,-18.5,3805.0
2023-12-06,3693,2072683.0,1002766529.0,485.0,493.0,476.0,476.0,-2.5,2526.0
2023-12-07,3693,1942787.0,925866866.0,474.5,485.0,469.0,481.0,5.0,2541.0
2023-12-08,3693,2568822.0,1237112727.0,489.5,491.0,475.0,476.5,-4.5,3053.0
2023-12-11,3693,4158731.0,1856597585.0,433.0,459.5,433.0,448.0,-28.5,5679.0
2023-12-12,3693,2049001.0,913575517.0,450.5,454.5,439.5,440.5,-7.5,3176.0
2023-12-13,3693,1633025.0,730258933.0,444.5,453.0,442.0,443.5,3.0,2155.0
2023-12-14,3693,1525760.0,682954568.0,450.0,453.5,442.0,445.0,1.5,1926.0
2023-12-15,3693,1042180.0,465040317.0,447.0,450.0,443.0,446.0,1.0,1372.0
2023-12-18,3693,698307.0,310373178.0,443.5,449.5,440.5,442.0,-4.0,1220.0
2023-12-19,3693,966418.0,425157319.0,445.5,448.0,436.5,437.0,-5.0,1548.0
2023-12-20,3693,1032018.0,458899668.0,439.0,449.5,439.0,449.5,12.5,1367.0
2023-12-21,3693,1466070.0,664693985.0,444.0,459.0,442.0,455.0,5.5,1908.0
2023-12-22,3693,943996.0,427597514.0,458.0,460.0,449.0,453.0,-2.0,1468.0
2023-12-25,3693,569805.0,257433562.0,454.5,457.0,448.0,448.0,-5.0,948.0
2023-12-26,3693,823595.0,366658970.0,448.5,453.0,440.5,440.5,-7.5,1440.0
2023-12-27,3693,710072.0,312513378.0,442.0,444.5,437.5,439.0,-1.5,1298.0
2023-12-28,3693,488288.0,214797401.0,442.5,442.5,438.0,439.5,0.5,826.0
2023-12-29,3693,555227.0,244975870.0,443.5,444.5,438.0,441.0,1.5,792.0
2024-01-02,3693,1385115.0,596411372.0,442.5,443.0,426.0,429.5,-11.5,2519.0
2024-01-03,3693,641557.0,272203356.0,421.0,428.5,418.5,425.0,-4.5,1270.0
2024-01-04,3693,501191.0,212243063.0,421.0,430.0,420.5,420.5,-4.5,1133.0
2024-01-05,3693,733337.0,306056098.0,422.0,424.0,413.0,414.5,-6.0,1653.0
2024-01-08,3693,1402888.0,572658571.0,415.5,419.0,402.0,403.0,-11.5,2655.0
2024-01-09,3693,3982273.0,1743965138.0,420.0,443.0,420.0,438.5,35.5,4035.0
2024-01-10,3693,2100289.0,906415207.0,434.5,440.0,423.5,440.0,1.5,2650.0
2024-01-11,3693,1896111.0,840846449.0,437.0,452.0,436.0,442.0,2.0,2191.0
2024-01-12,3693,983682.0,428184969.0,440.0,441.5,432.0,432.0,-10.0,1479.0
2024-01-15,3693,652078.0,282005724.0,438.0,438.5,429.5,429.5,-2.5,892.0
2024-01-16,3693,922994.0,392366805.0,427.0,432.0,421.0,421.5,-8.0,1422.0
2024-01-17,3693,912895.0,380350477.0,423.0,423.5,411.0,411.5,-10.0,1665.0
2024-01-18,3693,682688.0,280291009.0,411.0,415.0,405.5,413.0,1.5,1199.0
2024-01-19,3693,1153817.0,487520588.0,417.5,428.5,417.5,419.5,6.5,1469.0
2024-01-22,3693,2952658.0,1301712290.0,430.0,450.5,430.0,438.5,19.0,3530.0
2024-01-23,3693,1072296.0,465850581.0,442.5,443.5,429.0,432.5,-6.0,1702.0
2024-01-24,3693,696512.0,302878094.0,432.5,440.0,431.0,433.0,0.5,959.0
2024-01-25,3693,3430843.0,1532344479.0,441.5,456.5,433.5,433.5,0.5,3908.0
2024-01-26,3693,1072619.0,458123603.0,433.0,433.0,422.0,432.0,-1.5,2634.0
2024-01-29,3693,773672.0,333642248.0,433.0,435.5,427.5,433.0,1.0,1021.0
2024-01-30,3693,1563827.0,689606373.0,435.5,448.0,435.5,438.0,5.0,1956.0
2024-01-31,3693,776107.0,339299674.0,438.0,444.0,431.0,432.5,-5.5,1065.0
2024-02-01,3693,730761.0,312803757.0,432.0,432.0,425.5,428.5,-4.0,1183.0
2024-02-02,3693,1132855.0,496973150.0,433.5,442.0,433.5,438.0,9.5,1528.0
2024-02-05,3693,5005494.0,2295873620.0,440.0,472.0,428.0,469.0,31.0,6288.0
2024-02-15,3693,4252889.0,1876421757.0,458.0,458.0,425.0,444.5,-24.5,6249.0
2024-02-16,3693,3728918.0,1718566071.0,447.5,478.0,447.0,449.5,5.0,4776.0
2024-02-19,3693,1261032.0,560519571.0,450.0,453.0,439.0,441.5,-8.0,1958.0
2024-02-20,3693,1142611.0,497660053.0,443.5,444.0,431.5,432.0,-9.5,2026.0
2024-02-21,3693,1014840.0,441329536.0,432.5,441.5,428.5,433.0,1.0,1358.0
2024-02-22,3693,1691262.0,729428465.0,436.0,441.5,425.5,425.5,-7.5,2475.0
2024-02-23,3693,1083457.0,459240663.0,429.5,431.5,416.5,416.5,-9.0,2242.0
2024-02-26,3693,775579.0,327418909.0,417.0,428.5,417.0,420.0,3.5,1144.0
2024-02-27,3693,699973.0,295616190.0,421.0,427.5,418.0,421.0,1.0,1120.0
2024-02-29,3693,500012.0,212387540.0,420.5,428.0,420.0,428.0,7.0,805.0
2024-03-01,3693,911480.0,392695919.0,430.5,435.5,427.0,428.0,0.0,1439.0
2024-03-04,3693,690720.0,297186752.0,433.5,437.0,425.0,425.0,-3.0,1165.0
2024-03-05,3693,3999413.0,1779347772.0,434.5,453.0,434.5,438.0,13.0,4842.0
2024-03-06,3693,1145756.0,494672989.0,438.0,438.0,428.5,428.5,-9.5,6016.0
2024-03-07,3693,972593.0,411948050.0,433.5,433.5,420.0,420.5,-8.0,1791.0
2024-03-08,3693,1309255.0,539703049.0,421.0,425.0,404.0,404.0,-16.5,2833.0
2024-03-11,3693,692679.0,283259940.0,404.0,414.0,402.0,413.5,9.5,1026.0
2024-03-12,3693,501218.0,208329481.0,410.0,419.0,410.0,414.5,1.0,756.0
2024-03-13,3693,1465230.0,581056969.0,417.5,418.0,382.0,386.5,-28.0,3449.0
2024-03-14,3693,1231376.0,465098763.0,390.0,390.5,372.0,377.0,-9.5,2116.0
2024-03-15,3693,1500738.0,570520924.0,369.5,395.0,364.5,381.5,4.5,1994.0
2024-03-18,3693,621775.0,235892616.0,382.0,390.0,374.0,376.5,-5.0,1327.0
2024-03-19,3693,813615.0,302203316.0,376.5,379.5,367.0,369.0,-7.5,1626.0
2024-03-20,3693,989213.0,362567995.0,369.5,375.0,360.5,362.5,-6.5,1867.0
2024-03-21,3693,1072385.0,397571359.0,368.0,378.0,363.0,377.5,15.0,1537.0
2024-03-22,3693,1269569.0,474042619.0,377.0,384.5,366.5,367.0,-10.5,2333.0
2024-03-25,3693,685491.0,253492159.0,369.5,373.5,362.5,373.5,6.5,1060.0
2024-03-26,3693,1692878.0,641622325.0,380.5,392.0,366.5,374.0,0.5,2261.0
2024-03-27,3693,504457.0,187873883.0,375.5,377.0,369.0,371.5,-2.5,930.0
2024-03-28,3693,771360.0,286067073.0,371.5,376.5,364.0,376.5,5.0,1226.0
2024-03-29,3693,346004.0,129707676.0,374.5,376.5,373.0,375.0,-1.5,633.0
2024-04-01,3693,278651.0,103348891.0,375.5,376.0,368.5,368.5,-6.5,678.0
2024-04-02,3693,503701.0,183786216.0,370.0,370.5,363.0,363.5,-5.0,1122.0
2024-04-03,3693,992001.0,371070860.0,361.5,381.0,360.0,376.5,13.0,1578.0
2024-04-08,3693,516461.0,194146524.0,376.0,382.5,370.5,373.0,-3.5,930.0
2024-04-09,3693,310247.0,116236050.0,374.5,377.5,371.0,376.5,3.5,526.0
2024-04-10,3693,869241.0,317404022.0,370.5,372.5,361.5,363.0,-13.5,1602.0
2024-04-11,3693,261502.0,95069486.0,363.0,366.0,362.0,362.5,-0.5,491.0
2024-04-12,3693,635562.0,234791860.0,363.5,372.5,363.5,368.0,5.5,925.0
2024-04-15,3693,454304.0,164084364.0,365.0,365.5,355.0,355.0,-13.0,995.0
2024-04-16,3693,1692770.0,550442255.0,350.0,350.0,319.5,319.5,-35.5,2805.0
2024-04-17,3693,808023.0,259164279.0,318.5,324.0,317.5,323.5,4.0,1377.0
2024-04-18,3693,892483.0,299111316.0,318.0,347.5,318.0,334.0,10.5,1238.0
2024-04-19,3693,748212.0,235945599.0,330.0,330.0,305.0,315.5,-18.5,1634.0
2024-04-22,3693,517124.0,159148444.0,322.0,322.5,302.0,302.0,-13.5,1096.0
2024-04-23,3693,308351.0,94707919.0,308.0,313.5,303.5,304.0,2.0,878.0
2024-04-24,3693,466221.0,145608196.0,311.0,318.0,308.0,309.5,5.5,1049.0
2024-04-25,3693,405575.0,123063604.0,307.0,307.5,301.0,301.0,-8.5,2614.0
2024-04-26,3693,721088.0,226006249.0,311.0,320.0,308.0,310.0,9.0,1480.0
2024-04-29,3693,401972.0,126683499.0,314.0,318.0,311.5,317.5,7.5,3537.0
2024-04-30,3693,256221.0,80774798.0,319.0,319.0,312.5,315.5,-2.0,1423.0
2024-05-02,3693,197453.0,62065879.0,315.5,317.0,312.5,313.0,-2.5,338.0
2024-05-03,3693,300406.0,93620530.0,317.5,317.5,308.5,308.5,-4.5,543.0
2024-05-06,3693,313918.0,95944787.0,310.0,313.0,302.0,302.5,-6.0,1026.0
2024-05-07,3693,288629.0,88489852.0,303.5,311.5,302.0,310.0,7.5,491.0
2024-05-08,3693,1841213.0,603014205.0,317.0,338.5,317.0,327.5,17.5,2965.0
2024-05-09,3693,884420.0,291184424.0,324.0,338.0,322.5,322.5,-5.0,1330.0
2024-05-10,3693,881902.0,282321218.0,325.5,329.5,313.0,329.0,6.5,1075.0
2024-05-13,3693,1882463.0,636289757.0,338.5,348.0,328.5,331.0,2.0,2288.0
2024-05-14,3693,730605.0,245883975.0,331.5,340.0,330.5,338.5,7.5,985.0
2024-05-15,3693,876326.0,297123679.0,342.0,343.5,334.0,337.5,-1.0,1065.0
2024-05-16,3693,764470.0,254233682.0,340.0,342.0,326.0,326.0,-11.5,1306.0
2024-05-17,3693,393210.0,129387626.0,328.0,333.0,326.0,330.0,4.0,552.0
2024-05-20,3693,598432.0,200519688.0,331.0,342.0,331.0,331.5,1.5,825.0
2024-05-21,3693,781826.0,264818276.0,334.5,342.0,334.5,340.0,8.5,1102.0
2024-05-22,3693,535560.0,182539202.0,340.0,343.0,337.5,340.0,0.0,803.0
2024-05-23,3693,687880.0,232366117.0,341.5,343.0,330.0,338.0,-2.0,913.0
2024-05-24,3693,495073.0,166113425.0,335.0,340.0,332.5,338.0,0.0,740.0
2024-05-27,3693,1851670.0,658662858.0,340.5,365.0,340.5,353.5,15.5,2507.0
2024-05-28,3693,2047214.0,755018471.0,363.5,377.5,358.5,370.5,17.0,2975.0
2024-05-29,3693,2912045.0,1113806335.0,376.5,395.0,365.0,380.0,9.5,3835.0
2024-05-30,3693,1408717.0,530900478.0,379.5,388.0,371.0,371.0,-9.0,1895.0
2024-05-31,3693,1279365.0,484385429.0,373.0,387.0,369.0,382.5,11.5,1726.0
2024-06-03,3693,1519786.0,590194640.0,390.0,396.0,382.5,386.0,3.5,2011.0
2024-06-04,3693,923236.0,355532962.0,382.5,391.0,381.0,386.0,0.0,1178.0
2024-06-05,3693,1001325.0,376980139.0,384.5,386.5,371.0,371.0,-15.0,1666.0
2024-06-06,3693,589065.0,220367648.0,376.5,381.5,370.0,371.5,0.5,855.0
2024-06-07,3693,1659738.0,635868670.0,381.0,392.0,374.0,377.5,6.0,1795.0
2024-06-11,3693,733689.0,272574160.0,379.0,379.5,367.0,369.5,-8.0,1061.0
2024-06-12,3693,555158.0,203008266.0,369.5,371.5,363.0,366.0,-3.5,946.0
2024-06-13,3693,409954.0,151007141.0,370.0,373.0,365.0,366.5,0.5,682.0
2024-06-14,3693,1233764.0,467088658.0,368.0,385.0,366.5,384.0,17.5,1767.0
2024-06-17,3693,1215305.0,471905411.0,386.5,396.0,381.0,382.0,-2.0,1546.0
2024-06-18,3693,438294.0,166711218.0,385.5,386.5,377.5,378.0,-4.0,725.0
2024-06-19,3693,525152.0,200319951.0,379.0,385.0,378.0,380.5,2.5,827.0
2024-06-20,3693,428078.0,163110477.0,382.0,384.0,378.5,381.0,0.5,679.0
2024-06-21,3693,355948.0,134433414.0,380.5,381.5,373.5,380.0,-1.0,612.0
2024-06-24,3693,271715.0,102664809.0,380.0,381.5,375.0,379.0,-1.0,641.0
2024-06-25,3693,238862.0,89868163.0,379.0,380.0,372.0,377.0,-2.0,424.0
2024-06-26,3693,1141491.0,441443615.0,381.0,392.0,378.5,385.0,8.0,1371.0
2024-06-27,3693,2632445.0,1046631145.0,385.0,410.0,385.0,405.5,20.5,3488.0
2024-06-28,3693,3661432.0,1513449040.0,418.0,427.0,403.0,413.5,8.0,5423.0
2024-07-01,3693,951476.0,392195762.0,415.5,418.5,407.5,408.0,-5.5,1550.0
2024-07-02,3693,760769.0,310577338.0,406.5,414.0,400.5,414.0,6.0,1259.0
2024-07-03,3693,790915.0,328652083.0,421.0,421.5,411.5,414.0,0.0,1193.0
2024-07-04,3693,1756968.0,745442680.0,419.0,434.0,416.5,419.5,5.5,2226.0
2024-07-05,3693,1240726.0,526966105.0,421.5,431.5,415.5,427.5,8.0,1889.0
2024-07-08,3693,1482543.0,607364192.0,421.0,422.5,404.5,404.5,-23.0,2849.0
2024-07-09,3693,1467057.0,574293688.0,404.5,404.5,384.5,387.0,-17.5,2655.0
2024-07-10,3693,429398.0,166452000.0,388.5,391.5,383.5,388.0,1.0,752.0
2024-07-11,3693,807501.0,307563165.0,389.5,390.5,377.5,377.5,-10.5,1654.0
2024-07-12,3693,336052.0,126101503.0,370.0,381.0,367.5,375.5,-2.0,650.0
2024-07-15,3693,367142.0,139195060.0,380.5,383.0,375.0,377.0,1.5,585.0
2024-07-16,3693,584182.0,225062558.0,380.0,388.0,377.5,384.5,7.5,891.0
2024-07-17,3693,268878.0,103022286.0,382.5,388.0,381.0,381.0,-3.5,535.0
2024-07-18,3693,304957.0,114036280.0,377.0,378.0,368.0,374.0,-7.0,663.0
2024-07-19,3693,223654.0,83635118.0,374.0,378.0,371.0,371.0,-3.0,437.0
2024-07-22,3693,580399.0,207282320.0,368.0,370.5,347.0,348.0,-23.0,1325.0
2024-07-23,3693,318512.0,113030335.0,351.5,358.5,351.5,357.5,9.5,460.0
2024-07-26,3693,226846.0,78849344.0,348.0,350.5,343.0,348.0,-9.5,617.0
2024-07-29,3693,366801.0,126196904.0,350.5,353.0,338.5,339.0,-9.0,662.0
2024-07-30,3693,288275.0,99764528.0,335.0,354.0,335.0,353.0,14.0,499.0
2024-07-31,3693,990325.0,370443590.0,353.5,384.5,352.0,379.5,26.5,1466.0
2024-08-01,3693,559390.0,213958875.0,388.0,388.0,378.0,380.5,1.0,833.0
2024-08-02,3693,424421.0,156785987.0,365.0,375.0,365.0,367.0,-13.5,704.0
2024-08-05,3693,840753.0,280433212.0,356.0,356.0,330.5,330.5,-36.5,1205.0
2024-08-06,3693,962972.0,309849693.0,311.0,339.0,306.0,329.5,-1.0,1108.0
2024-08-07,3693,623812.0,218379451.0,338.5,362.0,334.0,362.0,32.5,780.0
2024-08-08,3693,643826.0,236792351.0,355.5,376.0,354.0,375.0,13.0,914.0
2024-08-09,3693,1301171.0,498244530.0,390.0,391.5,371.5,383.0,8.0,1891.0
2024-08-12,3693,545897.0,210078374.0,385.0,388.0,379.5,384.0,1.0,812.0
2024-08-13,3693,1428253.0,565070905.0,385.5,403.0,385.0,391.0,7.0,2139.0
2024-08-14,3693,589545.0,233171808.0,399.0,399.0,390.5,394.5,3.5,781.0
2024-08-15,3693,455512.0,181126968.0,398.5,401.5,392.5,396.5,2.0,696.0
2024-08-16,3693,586547.0,233547927.0,402.0,403.5,394.0,395.0,-1.5,903.0
2024-08-19,3693,457128.0,180250966.0,398.0,400.0,390.0,393.0,-2.0,1434.0
2024-08-20,3693,369726.0,146567509.0,394.0,400.5,392.0,392.5,-0.5,625.0
2024-08-21,3693,1178996.0,471689614.0,396.0,407.5,393.0,395.5,3.0,1658.0
2024-08-22,3693,562475.0,223250742.0,400.5,400.5,393.0,397.0,1.5,951.0
2024-08-23,3693,309155.0,119879884.0,384.5,390.0,384.5,388.5,0.0,673.0
2024-08-26,3693,438693.0,168991471.0,392.5,392.5,378.0,378.0,-10.5,691.0
2024-08-27,3693,324682.0,121802887.0,379.5,380.0,372.5,374.0,-4.0,689.0
2024-08-28,3693,468104.0,175760929.0,375.0,383.5,367.5,382.0,8.0,789.0
2024-08-29,3693,274361.0,104965552.0,374.5,387.5,374.5,383.5,1.5,411.0
2024-08-30,3693,188391.0,72043771.0,386.0,387.5,380.0,380.5,-3.0,381.0
2024-09-02,3693,635339.0,247049289.0,381.0,393.0,381.0,391.0,10.5,891.0
2024-09-03,3693,1631645.0,657791988.0,393.0,414.0,388.5,401.5,10.5,2322.0
2024-09-04,3693,1267651.0,483394344.0,390.0,390.0,375.5,375.5,-26.0,2000.0
2024-09-05,3693,677689.0,261955676.0,380.0,394.0,380.0,381.5,6.0,1020.0
2024-09-06,3693,697542.0,264760218.0,383.5,387.5,374.0,375.0,-6.5,1039.0
2024-09-09,3693,669383.0,244585652.0,368.0,371.0,361.0,367.0,-8.0,1013.0
2024-09-10,3693,832035.0,296928024.0,371.5,375.0,341.0,350.5,-16.5,1400.0
2024-09-11,3693,198323.0,69692276.0,352.5,355.0,348.0,351.0,0.5,303.0
2024-09-12,3693,412129.0,150002403.0,359.0,367.5,357.5,365.0,14.0,654.0
2024-09-13,3693,232768.0,85165640.0,368.5,368.5,361.0,366.5,1.5,370.0
2024-09-16,3693,193139.0,70425404.0,368.0,368.5,362.0,364.0,-2.5,291.0
2024-09-18,3693,225866.0,80948378.0,362.0,365.0,353.5,354.0,-10.0,550.0
2024-09-19,3693,177445.0,63510344.0,356.0,361.0,353.0,359.0,5.0,275.0
2024-09-20,3693,516797.0,187037872.0,367.0,367.0,356.0,356.0,-3.0,883.0
2024-09-23,3693,218842.0,78407825.0,357.0,361.5,356.0,356.0,0.0,474.0
2024-09-24,3693,252016.0,88262040.0,356.5,357.0,346.5,348.5,-7.5,628.0
2024-09-25,3693,402226.0,143709259.0,350.5,362.5,350.5,358.0,9.5,655.0
2024-09-26,3693,394114.0,139690150.0,359.5,360.5,350.5,351.0,-7.0,761.0
2024-09-27,3693,311302.0,109910654.0,355.5,357.5,350.0,350.5,-0.5,517.0
2024-09-30,3693,263150.0,91199929.0,350.5,350.5,343.0,344.0,-6.5,625.0
2024-10-01,3693,236561.0,81186859.0,344.0,347.5,338.5,341.0,-3.0,502.0
2024-10-04,3693,257439.0,86710014.0,342.0,342.5,335.0,335.0,-6.0,641.0
2024-10-07,3693,257318.0,87602216.0,337.0,343.0,337.0,341.0,6.0,432.0
2024-10-08,3693,212834.0,71657255.0,340.5,340.5,334.0,336.0,-5.0,501.0
2024-10-09,3693,1029067.0,329862446.0,322.0,328.0,312.5,317.0,-19.0,2290.0
2024-10-11,3693,283067.0,89267178.0,318.0,318.5,312.5,315.5,-1.5,2978.0
2024-10-14,3693,361051.0,116470989.0,314.0,328.5,314.0,323.5,8.0,566.0
2024-10-15,3693,197935.0,64080121.0,326.5,327.0,320.5,322.5,-1.0,571.0
2024-10-16,3693,209857.0,68096721.0,322.5,329.0,320.0,323.0,0.5,614.0
2024-10-17,3693,137748.0,44981122.0,327.0,328.5,325.0,325.0,2.0,689.0
2024-10-18,3693,208230.0,67497523.0,330.0,330.0,320.0,320.5,-4.5,449.0
2024-10-21,3693,262922.0,86377993.0,323.0,334.5,322.0,330.0,9.5,470.0
2024-10-22,3693,150525.0,49854200.0,336.5,336.5,329.0,330.0,0.0,549.0
2024-10-23,3693,163245.0,54097688.0,332.5,334.0,329.0,329.5,-0.5,846.0
2024-10-24,3693,238481.0,77220248.0,332.5,332.5,319.0,319.0,-10.5,634.0
2024-10-25,3693,167462.0,53678028.0,320.0,324.5,318.0,322.0,3.0,359.0
2024-10-28,3693,168719.0,54018392.0,325.0,325.0,318.5,318.5,-3.5,414.0
2024-10-29,3693,202500.0,63583568.0,318.5,319.0,310.0,314.0,-4.5,695.0
2024-10-30,3693,65650.0,20693344.0,314.0,317.5,314.0,314.0,0.0,521.0
2024-11-01,3693,133908.0,42450904.0,308.5,321.0,308.0,321.0,7.0,381.0
2024-11-04,3693,151456.0,48982776.0,321.0,325.5,319.5,324.0,3.0,260.0
2024-11-05,3693,132690.0,43161908.0,324.0,328.0,323.5,324.0,0.0,1349.0
2024-11-06,3693,294008.0,96944169.0,325.5,334.0,325.5,326.5,2.5,929.0
2024-11-07,3693,265268.0,87798017.0,328.0,334.0,326.5,332.0,5.5,668.0
2024-11-08,3693,245081.0,81399899.0,336.0,336.5,329.0,329.5,-2.5,797.0
2024-11-11,3693,985083.0,337255663.0,330.0,350.5,329.5,348.0,18.5,1414.0
2024-11-12,3693,369713.0,125800862.0,346.0,346.0,335.5,336.5,-11.5,715.0
2024-11-13,3693,3661977.0,1338768586.0,368.0,370.0,353.0,370.0,33.5,3765.0
2024-11-14,3693,2829180.0,1045056818.0,374.0,381.0,361.5,368.0,-2.0,3104.0
2024-11-15,3693,1229514.0,441561069.0,370.5,371.0,352.0,353.5,-14.5,1735.0
2024-11-18,3693,1620958.0,586983012.0,353.5,369.5,351.0,358.0,4.5,1849.0
2024-11-19,3693,867651.0,313081883.0,359.5,366.0,356.0,366.0,8.0,1029.0
2024-11-20,3693,664349.0,242682472.0,371.0,371.5,360.0,366.0,0.0,967.0
2024-11-21,3693,444358.0,161414039.0,366.0,368.0,361.0,362.5,-3.5,613.0
2024-11-22,3693,1489705.0,545414444.0,366.5,373.5,358.0,373.5,11.0,1655.0
2024-11-25,3693,3317896.0,1289754883.0,382.0,398.5,377.5,383.0,9.5,4055.0
2024-11-26,3693,1070114.0,411720999.0,383.0,389.0,379.5,389.0,6.0,1472.0
2024-11-27,3693,1583222.0,605044117.0,390.5,392.5,373.0,373.0,-16.0,2825.0
2024-11-28,3693,989716.0,365109249.0,373.5,375.0,361.0,372.5,-0.5,1376.0
2024-11-29,3693,699507.0,262528777.0,372.0,379.0,370.0,378.5,6.0,936.0
2024-12-02,3693,1946933.0,761741325.0,381.5,398.0,376.0,392.0,13.5,2563.0
2024-12-03,3693,1202744.0,470964680.0,393.0,399.0,386.0,386.0,-6.0,1623.0
2024-12-04,3693,734015.0,286377098.0,388.0,393.0,386.0,390.0,4.0,1067.0
2024-12-05,3693,734109.0,284266255.0,393.0,394.0,383.0,383.0,-7.0,1210.0
2024-12-06,3693,1041073.0,403445763.0,386.0,394.5,381.5,381.5,-1.5,1512.0
2024-12-09,3693,1852668.0,654610260.0,353.5,360.5,347.0,353.5,-28.0,2887.0
2024-12-10,3693,317052.0,111598444.0,351.0,355.5,350.0,350.0,-3.5,742.0
2024-12-11,3693,601119.0,207526250.0,348.0,351.0,341.0,342.5,-7.5,1283.0
2024-12-12,3693,364200.0,125872824.0,346.0,350.0,342.0,343.0,0.5,673.0
2024-12-13,3693,503593.0,170612235.0,343.0,343.5,335.5,336.0,-7.0,1026.0
2024-12-16,3693,442590.0,146057129.0,337.0,338.0,326.0,326.0,-10.0,1063.0
2024-12-17,3693,239561.0,78772792.0,326.5,331.0,326.5,330.5,4.5,430.0
2024-12-18,3693,260484.0,85684653.0,330.0,333.0,326.0,330.0,-0.5,478.0
2024-12-19,3693,154168.0,50361937.0,326.0,330.0,324.0,328.0,-2.0,459.0
2024-12-20,3693,208305.0,68863032.0,331.0,333.5,328.5,328.5,0.5,427.0
2024-12-23,3693,157452.0,52421100.0,334.0,335.0,331.0,332.0,3.5,310.0
2024-12-24,3693,175235.0,58584456.0,333.5,336.0,332.5,333.0,1.0,312.0
2024-12-25,3693,152991.0,51159440.0,333.0,336.0,332.5,332.5,-0.5,307.0
2024-12-26,3693,156541.0,52447166.0,333.0,337.0,333.0,333.5,1.0,305.0
2024-12-27,3693,137481.0,45880831.0,335.5,336.5,332.0,332.5,-1.0,271.0
2024-12-30,3693,328945.0,107447205.0,332.5,332.5,324.0,324.0,-8.5,688.0
2024-12-31,3693,146788.0,47746495.0,324.0,327.5,322.0,327.0,3.0,276.0
2025-01-02,3693,137437.0,45031113.0,327.0,331.0,325.0,325.0,-2.0,338.0
2025-01-03,3693,144385.0,46936315.0,326.0,328.0,323.0,323.5,-1.5,301.0
2025-01-06,3693,189880.0,62375923.0,325.0,331.5,323.0,330.0,6.5,306.0
2025-01-07,3693,204404.0,67895308.0,332.5,334.0,330.5,331.0,1.0,455.0
2025-01-08,3693,370236.0,124995059.0,331.0,341.5,330.5,336.0,5.0,641.0
2025-01-09,3693,321161.0,107076223.0,338.5,339.0,330.0,330.5,-5.5,529.0
2025-01-10,3693,303636.0,101653624.0,331.5,338.0,331.5,335.0,4.5,514.0
2025-01-13,3693,677561.0,217656508.0,335.5,335.5,312.5,314.5,-20.5,1211.0
2025-01-14,3693,235243.0,75005651.0,315.0,322.5,312.0,321.0,6.5,473.0
2025-01-15,3693,129931.0,41529983.0,321.0,323.0,318.5,318.5,-2.5,305.0
2025-01-16,3693,173767.0,56403863.0,323.0,326.5,322.5,323.5,5.0,287.0
2025-01-17,3693,264749.0,87043819.0,325.0,331.5,325.0,329.0,5.5,935.0
2025-01-20,3693,195168.0,64797691.0,330.0,335.0,329.0,334.5,5.5,404.0
2025-01-21,3693,152681.0,50706596.0,334.5,336.0,330.0,331.0,-3.5,567.0
2025-01-22,3693,679254.0,230764017.0,333.0,344.0,332.5,344.0,13.0,1013.0
2025-02-03,3693,429620.0,141421501.0,330.5,334.0,325.0,330.5,-13.5,781.0
2025-02-04,3693,178921.0,59091247.0,334.0,334.0,326.0,331.5,1.0,757.0
2025-02-05,3693,276014.0,93097079.0,334.5,341.5,333.0,337.0,5.5,498.0
2025-02-06,3693,247664.0,83190266.0,338.5,341.0,333.0,334.0,-3.0,495.0
2025-02-07,3693,441022.0,150547394.0,334.0,345.0,334.0,341.5,7.5,687.0
2025-02-10,3693,1060413.0,374611281.0,353.0,357.5,348.5,350.0,8.5,1669.0
2025-02-11,3693,690889.0,245546062.0,357.0,358.0,350.0,358.0,8.0,1111.0
2025-02-12,3693,2471516.0,938088444.0,365.0,391.0,362.0,378.5,20.5,3779.0
2025-02-13,3693,871043.0,327966759.0,378.0,380.0,371.5,374.5,-4.0,1354.0
2025-02-14,3693,521829.0,194501208.0,375.0,375.5,371.0,371.5,-3.0,935.0
2025-02-17,3693,400012.0,149109727.0,373.5,375.5,371.0,373.5,2.0,697.0
2025-02-18,3693,880503.0,333014409.0,375.5,385.0,373.0,376.5,3.0,1102.0
2025-02-19,3693,552278.0,206817542.0,375.5,378.0,372.0,372.0,-4.5,820.0
2025-02-20,3693,364362.0,136249595.0,373.0,375.5,371.0,373.0,1.0,578.0
2025-02-21,3693,863855.0,328516805.0,376.0,383.0,375.5,381.5,8.5,1289.0
2025-02-24,3693,311528.0,118060705.0,378.0,381.0,376.5,379.0,-2.5,657.0
2025-02-25,3693,493119.0,183821080.0,377.0,378.0,370.0,371.0,-8.0,906.0
2025-02-26,3693,603440.0,227197776.0,373.5,379.5,370.5,377.0,6.0,797.0
2025-02-27,3693,1542762.0,578194754.0,380.0,385.0,371.5,371.5,-5.5,1461.0
2025-03-03,3693,576529.0,209684384.0,365.0,368.0,361.0,362.5,-9.0,1160.0
2025-03-04,3693,552790.0,199222903.0,355.0,372.0,349.0,370.0,7.5,802.0
2025-03-05,3693,572329.0,215660222.0,371.5,382.0,368.0,378.0,8.0,823.0
2025-03-06,3693,1082436.0,416797759.0,381.5,388.5,379.0,384.0,6.0,1505.0
2025-03-07,3693,604357.0,230055797.0,382.5,387.5,376.5,377.5,-6.5,887.0
2025-03-10,3693,788229.0,301585235.0,385.0,388.5,379.0,379.0,1.5,1125.0
2025-03-11,3693,612205.0,226008924.0,372.0,373.5,363.5,370.5,-8.5,1088.0
2025-03-12,3693,429678.0,161719005.0,373.0,379.5,373.0,374.5,4.0,688.0
2025-03-13,3693,764976.0,290132922.0,382.0,385.0,371.5,372.0,-2.5,1408.0
2025-03-14,3693,2539042.0,878395283.0,363.0,363.0,336.5,339.5,-32.5,3583.0
2025-03-17,3693,488923.0,166318536.0,344.0,344.5,338.0,339.0,-0.5,862.0
2025-03-18,3693,641056.0,223321070.0,340.0,353.0,340.0,351.0,12.0,931.0
2025-03-19,3693,643188.0,221567868.0,356.0,356.0,340.0,342.0,-9.0,1021.0
2025-03-20,3693,362156.0,126098082.0,345.0,351.0,345.0,347.5,5.5,520.0
2025-03-21,3693,186989.0,65099594.0,347.5,350.5,346.0,348.5,1.0,342.0
2025-03-24,3693,386079.0,132034314.0,350.5,350.5,339.0,339.0,-9.5,769.0
2025-03-25,3693,198953.0,67691196.0,341.0,343.5,338.0,339.0,0.0,321.0
2025-03-26,3693,159128.0,54269695.0,339.0,342.5,339.0,340.5,1.5,294.0
2025-03-27,3693,304441.0,101896229.0,337.0,337.0,333.0,334.0,-6.5,616.0
2025-03-28,3693,584214.0,190117864.0,337.5,337.5,321.0,323.5,-10.5,1004.0
2025-03-31,3693,684424.0,211013994.0,310.0,315.5,303.0,303.0,-20.5,1223.0
2025-04-01,3693,237398.0,73764542.0,306.0,314.0,304.5,312.0,9.0,449.0
2025-04-02,3693,211035.0,65983182.0,314.0,314.5,310.0,313.0,1.0,386.0
2025-04-07,3693,17097.0,4821354.0,282.0,282.0,282.0,282.0,-31.0,191.0
2025-04-08,3693,311230.0,79052420.0,254.0,254.0,254.0,254.0,-28.0,498.0
2025-04-09,3693,1029903.0,238280896.0,232.5,240.0,229.0,229.0,-25.0,1554.0
2025-04-10,3693,312836.0,78478938.0,251.5,251.5,245.0,251.5,22.5,469.0
2025-04-11,3693,666227.0,165075973.0,241.5,260.0,227.0,260.0,8.5,2638.0
2025-04-14,3693,642040.0,175068561.0,270.0,282.0,266.0,271.5,11.5,1881.0
2025-04-15,3693,344280.0,95591152.0,273.0,282.5,271.5,279.5,8.0,2986.0
2025-04-16,3693,294416.0,81181974.0,275.5,281.5,272.5,273.0,-6.5,961.0
2025-04-17,3693,279480.0,77340124.0,273.5,281.0,269.0,280.0,7.0,1046.0
2025-04-18,3693,345780.0,98590220.0,283.0,289.0,281.0,286.5,6.5,1174.0
2025-04-21,3693,499818.0,139403203.0,288.0,291.5,269.0,269.0,-17.5,1874.0
2025-04-22,3693,393159.0,105691454.0,270.0,273.0,262.5,265.0,-4.0,1503.0
2025-04-23,3693,270708.0,75436076.0,275.0,282.5,275.0,281.5,16.5,1656.0
2025-04-24,3693,219630.0,61997369.0,284.5,286.0,280.5,281.5,0.0,1131.0
2025-04-25,3693,408980.0,119606321.0,289.0,295.0,288.0,292.5,11.0,953.0
2025-04-28,3693,217212.0,63897557.0,298.5,298.5,292.0,292.5,0.0,1387.0
2025-04-29,3693,299650.0,89067998.0,293.0,303.0,291.5,303.0,10.5,518.0
2025-04-30,3693,316731.0,93992084.0,300.0,302.0,293.0,295.0,-8.0,930.0
2025-05-02,3693,665469.0,205608903.0,298.0,316.5,298.0,313.5,18.5,1122.0
2025-05-05,3693,806152.0,240870984.0,316.0,316.0,287.5,299.0,-14.5,4799.0
2025-05-06,3693,269052.0,81105621.0,297.5,303.5,297.5,302.0,3.0,411.0
2025-05-07,3693,212518.0,64342518.0,304.0,306.0,301.0,303.0,1.0,308.0
2025-05-08,3693,247969.0,76369957.0,306.0,311.5,305.0,309.5,6.5,466.0
2025-05-09,3693,1125281.0,329217463.0,292.5,295.0,290.0,293.0,-16.5,5208.0
2025-05-12,3693,484389.0,143262534.0,295.0,298.0,293.5,298.0,5.0,656.0
2025-05-13,3693,326442.0,99330111.0,306.5,308.0,302.0,303.0,5.0,508.0
2025-05-14,3693,1407541.0,462270197.0,321.0,333.0,317.0,333.0,30.0,2021.0
2025-05-15,3693,1945314.0,656273380.0,335.0,345.0,333.0,338.0,5.0,2189.0
2025-05-16,3693,723248.0,242788273.0,337.0,339.0,333.0,334.5,-3.5,1076.0
2025-05-19,3693,371074.0,122004858.0,336.0,336.0,323.5,324.5,-10.0,702.0
2025-05-20,3693,327823.0,107553214.0,328.0,330.5,326.0,326.0,1.5,476.0
2025-05-21,3693,776159.0,259609061.0,330.0,339.5,329.5,333.0,7.0,1007.0
2025-05-22,3693,345650.0,113845337.0,331.0,332.5,327.0,331.5,-1.5,769.0
2025-05-23,3693,453947.0,151051114.0,334.5,337.0,329.5,329.5,-2.0,631.0
2025-05-26,3693,486141.0,161299968.0,329.5,336.0,326.0,329.5,0.0,608.0
2025-05-27,3693,440199.0,143401205.0,330.5,332.0,321.0,321.0,-8.5,817.0
2025-05-28,3693,1057008.0,346633642.0,326.0,336.0,320.5,322.5,1.5,1267.0
2025-05-29,3693,381815.0,123787762.0,329.5,329.5,320.0,325.5,3.0,607.0
2025-06-02,3693,608524.0,192868012.0,321.5,322.5,312.0,312.5,-13.0,937.0
2025-06-03,3693,333226.0,105755642.0,316.0,321.5,314.5,315.5,3.0,463.0
2025-06-04,3693,500334.0,162715328.0,318.0,328.0,318.0,326.0,10.5,750.0
2025-06-05,3693,210587.0,68261427.0,325.0,327.5,322.0,323.5,-2.5,775.0
2025-06-06,3693,512314.0,163951695.0,328.0,328.0,316.0,316.5,-7.0,868.0
2025-06-09,3693,270816.0,85931979.0,319.0,320.0,314.5,320.0,3.5,405.0
2025-06-10,3693,1981646.0,577860498.0,294.5,297.0,289.0,291.5,-28.5,3189.0
2025-06-11,3693,597817.0,175200973.0,291.5,294.5,291.5,294.0,2.5,861.0
2025-06-12,3693,324339.0,95284284.0,294.0,295.5,291.5,293.5,-0.5,578.0
2025-06-13,3693,371177.0,107851423.0,291.5,293.5,289.0,289.0,-4.5,686.0
2025-06-16,3693,312612.0,90260946.0,289.0,293.0,283.5,292.0,3.0,536.0
2025-06-17,3693,1155419.0,353655923.0,294.0,314.0,294.0,305.0,13.0,1738.0
2025-06-18,3693,2455528.0,789789740.0,307.0,329.5,304.0,324.0,19.0,5395.0
2025-06-19,3693,2498323.0,823562122.0,329.5,337.0,322.0,328.5,4.5,4327.0
2025-06-20,3693,3231787.0,1079339985.0,325.5,342.0,324.0,339.0,10.5,3997.0
2025-06-23,3693,2802133.0,951627387.0,334.0,347.0,331.5,333.5,-5.5,3511.0
2025-06-24,3693,1425589.0,478565226.0,338.0,340.0,332.0,333.0,-0.5,1903.0
2025-06-25,3693,2044442.0,693100279.0,336.0,343.5,332.0,341.0,8.0,2271.0
2025-06-26,3693,3878019.0,1379803204.0,353.0,367.0,346.0,346.0,5.0,4737.0
2025-06-27,3693,1323169.0,448685331.0,348.5,348.5,335.0,336.0,-10.0,2056.0
2025-06-30,3693,557377.0,185451701.0,337.5,338.0,331.0,331.0,-5.0,938.0
2025-07-01,3693,341200.0,113763458.0,334.0,336.0,330.5,330.5,-0.5,588.0
2025-07-02,3693,364966.0,121034804.0,333.0,335.5,329.0,329.0,-1.5,592.0
2025-07-03,3693,558518.0,182451764.0,331.0,332.5,323.5,325.0,-4.0,1077.0
2025-07-04,3693,391768.0,126425745.0,327.0,328.0,320.0,320.0,-5.0,766.0
2025-07-07,3693,343810.0,109656754.0,317.5,324.0,315.0,321.0,1.0,564.0
2025-07-08,3693,445293.0,143934206.0,319.0,328.5,317.0,325.5,4.5,1498.0
2025-07-09,3693,352878.0,114335686.0,326.0,326.5,322.0,323.0,-2.5,600.0
2025-07-10,3693,257248.0,83099865.0,323.0,325.5,320.0,320.0,-3.0,499.0
2025-07-11,3693,270298.0,86661709.0,321.0,322.5,318.0,320.5,0.5,433.0
2025-07-14,3693,498096.0,156499620.0,320.0,320.0,310.5,310.5,-10.0,1141.0
2025-07-15,3693,183576.0,57337386.0,311.0,314.0,311.0,312.5,2.0,391.0
2025-07-16,3693,458620.0,145690671.0,318.5,321.0,313.5,313.5,1.0,656.0
2025-07-17,3693,924301.0,301572977.0,315.0,333.0,315.0,329.0,15.5,1375.0
2025-07-18,3693,622152.0,204099822.0,334.0,334.0,324.0,325.0,-4.0,1812.0
2025-07-21,3693,214228.0,69415637.0,328.5,328.5,322.5,323.5,-1.5,422.0
2025-07-22,3693,686509.0,215981329.0,325.0,325.0,309.0,309.5,-14.0,1561.0
2025-07-23,3693,201381.0,63062292.0,310.0,314.5,310.0,313.5,4.0,368.0
2025-07-24,3693,309001.0,97323765.0,315.0,318.5,311.0,317.0,3.5,544.0
2025-07-25,3693,1908714.0,628497417.0,319.0,333.0,319.0,329.0,12.0,2505.0
2025-07-28,3693,730780.0,241401442.0,333.0,333.5,327.5,330.5,1.5,2213.0
2025-07-29,3693,821730.0,270276001.0,331.5,336.0,322.5,323.5,-7.0,2372.0
2025-07-30,3693,266178.0,85538166.0,326.0,326.5,318.5,320.0,-3.5,640.0
2025-07-31,3693,340682.0,109244265.0,321.0,323.5,318.5,319.5,-0.5,1512.0
2025-08-01,3693,290251.0,92139238.0,313.5,321.5,311.0,320.0,0.5,2353.0
2025-08-04,3693,404662.0,130889856.0,319.0,327.5,319.0,321.5,1.5,954.0
2025-08-05,3693,642924.0,211227342.0,327.0,332.0,323.5,329.0,7.5,1217.0
2025-08-06,3693,354700.0,116120126.0,331.0,333.0,325.0,326.0,-3.0,4869.0
2025-08-07,3693,433463.0,142304938.0,329.5,330.0,326.0,327.5,1.5,1798.0
2025-08-08,3693,1992114.0,596990739.0,299.5,304.0,295.5,300.0,-27.5,5042.0
2025-08-11,3693,771840.0,225593881.0,300.0,300.0,287.0,293.0,-7.0,1664.0
2025-08-12,3693,406283.0,118690218.0,293.0,294.5,290.0,293.5,0.5,797.0
2025-08-13,3693,938477.0,269371553.0,286.0,292.0,283.0,286.0,-7.5,1943.0
2025-08-14,3693,298214.0,85998530.0,286.0,290.5,286.0,287.5,1.5,597.0
2025-08-15,3693,287720.0,82310240.0,290.0,290.0,285.0,285.0,-2.5,1383.0
2025-08-18,3693,797039.0,221955799.0,283.0,284.0,275.5,275.5,-9.5,1975.0
2025-08-19,3693,337081.0,93080388.0,275.5,278.5,274.5,275.0,-0.5,673.0
2025-08-20,3693,450143.0,122075083.0,276.0,277.0,268.0,268.0,-7.0,1133.0
2025-08-21,3693,217651.0,58627974.0,270.0,271.5,268.0,269.0,1.0,566.0
2025-08-22,3693,178280.0,48340143.0,269.0,273.0,268.0,273.0,4.0,1007.0
2025-08-25,3693,290158.0,79485633.0,277.5,277.5,271.5,272.0,-1.0,559.0
2025-08-26,3693,278411.0,76597688.0,275.0,277.5,272.0,275.0,3.0,733.0
2025-08-27,3693,587526.0,163929123.0,278.0,281.0,275.5,280.5,5.5,1129.0
2025-08-28,3693,404947.0,110569915.0,275.0,276.0,270.5,273.0,0.0,2500.0
2025-08-29,3693,296828.0,80108287.0,273.0,273.0,269.0,269.0,-4.0,677.0
2025-09-01,3693,534518.0,138551857.0,268.0,268.0,251.5,255.5,-13.5,1399.0
2025-09-02,3693,386482.0,97105049.0,257.0,258.5,247.5,249.5,-6.0,956.0
2025-09-03,3693,180027.0,45122248.0,247.0,253.0,247.0,251.5,2.0,402.0
2025-09-04,3693,104621.0,26623572.0,253.5,255.5,253.5,255.5,4.0,881.0
2025-09-05,3693,230111.0,59787422.0,257.0,262.5,257.0,262.0,6.5,432.0
2025-09-08,3693,149287.0,38799954.0,263.0,263.0,258.0,259.0,-3.0,997.0
2025-09-09,3693,627844.0,154495646.0,251.5,254.0,243.5,244.0,-15.0,1860.0
2025-09-10,3693,707513.0,171114657.0,245.0,248.0,239.5,241.0,-3.0,1240.0
2025-09-11,3693,261729.0,63215518.0,244.0,244.0,240.0,240.5,-0.5,536.0
2025-09-12,3693,569913.0,142649516.0,244.0,257.5,244.0,251.5,11.0,1780.0
2025-09-15,3693,247721.0,61123798.0,252.0,253.5,244.0,245.0,-6.5,2010.0
2025-09-16,3693,120768.0,29536565.0,248.0,248.0,243.0,244.5,-0.5,378.0
2025-09-17,3693,146372.0,35568867.0,244.5,245.5,241.5,243.0,-1.5,374.0
2025-09-18,3693,135784.0,33223147.0,243.0,246.5,242.5,245.0,2.0,264.0
2025-09-19,3693,163421.0,40330169.0,250.0,250.0,244.5,247.0,2.0,572.0
2025-09-22,3693,173934.0,43160486.0,249.5,250.0,245.0,248.0,1.0,718.0
2025-09-23,3693,133488.0,33032303.0,248.5,248.5,246.0,246.0,-2.0,391.0
2025-09-24,3693,217146.0,52613775.0,247.0,247.0,240.0,240.5,-5.5,859.0
2025-09-25,3693,403069.0,100289847.0,241.5,254.0,240.0,247.5,7.0,703.0
2025-09-26,3693,406577.0,97477411.0,246.0,246.5,237.0,238.0,-9.5,873.0
2025-09-30,3693,118366.0,28266858.0,241.5,241.5,236.5,238.0,0.0,258.0
2025-10-01,3693,152393.0,36426254.0,239.5,242.5,237.0,237.0,-1.0,296.0
2025-10-02,3693,137678.0,32801411.0,241.5,241.5,236.5,237.0,0.0,685.0
2025-10-03,3693,143286.0,33848039.0,239.0,239.5,234.5,234.5,-2.5,1050.0
2025-10-07,3693,261290.0,63438363.0,241.0,246.0,238.5,242.0,7.5,597.0
2025-10-08,3693,220780.0,54111980.0,243.5,248.5,242.0,245.0,3.0,1769.0
2025-10-09,3693,818694.0,210434492.0,252.5,262.5,252.0,257.5,12.5,1548.0
2025-10-13,3693,1561053.0,418225781.0,250.0,277.0,247.5,270.0,12.5,3670.0
2025-10-14,3693,1024054.0,269475125.0,271.0,274.5,253.0,254.5,-15.5,3984.0
2025-10-15,3693,278845.0,70351299.0,254.0,256.0,250.0,252.5,-2.0,2041.0
2025-10-16,3693,315130.0,81188173.0,257.5,260.0,255.0,258.0,5.5,506.0
2025-10-17,3693,481985.0,126779616.0,256.5,268.5,255.0,268.0,10.0,726.0
2025-10-20,3693,495020.0,130866103.0,269.5,270.0,260.5,265.0,-3.0,1896.0
2025-10-21,3693,390580.0,104124133.0,267.0,269.0,264.0,265.0,0.0,1615.0
2025-10-22,3693,596005.0,161106137.0,264.0,275.0,263.0,271.0,6.0,2097.0
2025-10-23,3693,1219080.0,362020840.0,294.0,298.0,293.5,298.0,27.0,1288.0
2025-10-27,3693,780370.0,255571104.0,327.5,327.5,327.5,327.5,29.5,1067.0
2025-10-28,3693,8285038.0,2870050649.0,339.5,360.0,324.0,358.0,30.5,13107.0
2025-10-29,3693,5219616.0,1969643771.0,375.0,385.0,366.0,366.0,8.0,6858.0
2025-10-30,3693,879059.0,323676115.0,363.5,372.5,362.0,370.5,4.5,1509.0
2025-10-31,3693,922444.0,351680688.0,377.0,384.0,377.0,380.5,10.0,1704.0
2025-11-03,3693,882682.0,337049387.0,382.5,386.0,376.0,380.0,-0.5,1573.0
2025-11-04,3693,594707.0,219581436.0,376.5,380.0,356.5,356.5,-23.5,785.0
2025-11-05,3693,418701.0,148387083.0,349.5,368.5,344.5,367.0,10.5,708.0
2025-11-06,3693,165225.0,61574198.0,368.0,378.0,363.5,372.5,5.5,327.0
2025-11-07,3693,127879.0,47405470.0,372.0,375.0,366.5,368.0,-4.5,290.0
2025-11-10,3693,615269.0,207008526.0,346.0,346.0,331.5,335.5,-32.5,1035.0
2025-11-11,3693,171456.0,58203524.0,341.0,345.5,335.0,336.0,0.5,308.0
2025-11-12,3693,147295.0,50129165.0,338.0,343.0,338.0,341.0,5.0,294.0
2025-11-13,3693,146309.0,49936321.0,341.0,345.0,339.5,339.5,-1.5,305.0
2025-11-14,3693,133749.0,44772528.0,330.0,340.0,330.0,332.5,-7.0,260.0
2025-11-17,3693,168473.0,57256048.0,334.5,342.0,334.5,338.5,6.0,258.0
2025-11-18,3693,2010820.0,635457124.0,339.5,343.0,305.0,305.0,-33.5,3971.0
2025-11-19,3693,1192274.0,355344764.0,301.5,307.0,293.0,294.0,-11.0,2477.0
2025-11-20,3693,526268.0,159299425.0,304.5,310.0,296.0,297.5,3.5,2740.0
2025-11-21,3693,622859.0,182640531.0,291.5,299.5,289.0,292.5,-5.0,1931.0
2025-11-24,3693,458814.0,135728921.0,298.0,303.0,291.5,294.0,1.5,1343.0
2025-11-25,3693,980920.0,297025126.0,295.0,313.0,292.0,308.5,14.5,3407.0
2025-11-26,3693,777108.0,237600848.0,305.0,312.5,299.0,305.0,-3.5,2499.0
2025-11-27,3693,417232.0,128259866.0,306.0,311.5,303.5,306.0,1.0,2054.0
2025-11-28,3693,662463.0,200240844.0,304.0,306.0,299.5,301.0,-5.0,2213.0
2025-12-01,3693,590207.0,174216526.0,301.0,301.0,292.0,292.5,-8.5,1408.0
2025-12-02,3693,334899.0,97661058.0,296.5,296.5,288.0,290.0,-2.5,864.0
2025-12-03,3693,250580.0,73371649.0,291.5,295.5,288.5,295.0,5.0,1107.0
2025-12-04,3693,182481.0,53589616.0,297.5,297.5,291.5,294.0,-1.0,1873.0
2025-12-05,3693,408920.0,120124976.0,295.0,301.0,289.5,291.0,-3.0,832.0
2025-12-08,3693,231186.0,67761830.0,291.0,295.0,290.0,294.5,3.5,393.0
2025-12-09,3693,1706962.0,454486808.0,270.0,270.0,265.5,265.5,-29.0,3009.0
2025-12-10,3693,727719.0,193181537.0,264.5,269.0,260.5,269.0,3.5,1042.0
2025-12-11,3693,410944.0,109731332.0,269.0,270.5,264.5,267.0,-2.0,811.0
2025-12-12,3693,301189.0,79323674.0,267.5,267.5,261.0,262.0,-5.0,999.0
2025-12-15,3693,218921.0,56829087.0,258.5,262.5,256.5,262.0,0.0,458.0
2025-12-16,3693,310978.0,80002438.0,262.0,262.0,253.0,256.5,-5.5,637.0
2025-12-17,3693,161332.0,41671786.0,256.5,261.0,256.0,257.5,1.0,346.0
2025-12-18,3693,217610.0,56029009.0,257.0,261.0,252.5,258.5,1.0,642.0
2025-12-19,3693,600833.0,161511593.0,265.0,273.5,263.0,267.0,8.5,996.0
2025-12-22,3693,456240.0,124329054.0,269.0,275.5,267.0,275.0,8.0,924.0
2025-12-23,3693,1115567.0,318051485.0,277.0,290.5,274.0,286.5,11.5,1903.0
2025-12-24,3693,971443.0,283215286.0,288.0,298.0,286.5,286.5,0.0,1409.0
2025-12-26,3693,414761.0,118395075.0,287.0,290.0,282.5,284.5,-2.0,713.0
2025-12-29,3693,294930.0,83503141.0,285.5,286.5,280.5,280.5,-4.0,995.0
2025-12-30,3693,399790.0,110672162.0,280.0,280.0,273.5,279.0,-1.5,1598.0
2025-12-31,3693,318861.0,88427074.0,279.0,282.0,273.0,279.5,0.5,520.0
2026-01-02,3693,325491.0,91642883.0,279.5,286.0,277.0,279.0,-0.5,813.0
2026-01-05,3693,584887.0,158740784.0,278.0,279.0,267.5,268.0,-11.0,1020.0
2026-01-06,3693,1202819.0,344816326.0,271.0,294.5,270.0,294.5,26.5,2361.0
2026-01-07,3693,502812.0,162659603.0,323.5,323.5,323.5,323.5,29.0,779.0
2026-01-08,3693,1006089.0,357664560.0,355.5,355.5,355.5,355.5,32.0,1214.0
2026-01-09,3693,5396529.0,1918666897.0,365.5,370.5,342.0,344.0,-11.5,6533.0
2026-01-12,3693,4339548.0,1610908850.0,352.0,378.0,352.0,378.0,34.0,8882.0
2026-01-13,3693,3568330.0,1333822934.0,381.0,394.0,361.0,366.0,-12.0,4595.0
2026-01-14,3693,1412045.0,513452334.0,368.0,371.0,355.5,371.0,5.0,2089.0
2026-01-15,3693,501240.0,179742097.0,357.0,362.0,357.0,357.5,-13.5,1071.0
2026-01-16,3693,276561.0,99272227.0,361.5,362.5,356.5,357.5,0.0,548.0
2026-01-19,3693,264261.0,95183953.0,356.5,364.5,356.5,357.5,0.0,520.0
2026-01-20,3693,273020.0,95805869.0,356.5,356.5,348.0,350.0,-7.5,730.0
2026-01-21,3693,555196.0,187511460.0,350.0,350.0,330.5,331.0,-19.0,1308.0
2026-01-22,3693,222787.0,75405213.0,338.5,343.5,331.5,342.5,11.5,500.0
2026-01-23,3693,163832.0,56070504.0,344.0,345.5,338.0,344.0,1.5,418.0
2026-01-26,3693,198752.0,69320704.0,349.5,350.5,347.0,347.0,3.0,433.0
2026-01-27,3693,867046.0,319035367.0,351.0,377.5,350.0,376.5,29.5,1752.0
2026-01-28,3693,1074634.0,411519126.0,382.5,392.0,371.0,391.5,15.0,2018.0
2026-01-29,3693,2167743.0,834624350.0,389.5,404.0,372.5,378.5,-13.0,3284.0
2026-01-30,3693,1349885.0,499459461.0,381.5,382.5,357.5,378.0,-0.5,2210.0
2026-02-02,3693,3896487.0,1512298905.0,390.0,405.0,372.5,377.0,-1.0,4560.0
2026-02-03,3693,3045588.0,1193250712.0,382.0,403.0,378.0,385.0,8.0,3941.0
2026-02-04,3693,4145219.0,1718902840.0,401.5,423.5,398.0,423.5,38.5,5104.0
2026-02-05,3693,7027654.0,3036469332.0,424.5,446.5,418.0,433.0,9.5,8926.0
2026-02-06,3693,3535985.0,1432299078.0,432.0,432.0,392.0,394.0,-39.0,4809.0
2026-02-09,3693,2359962.0,898521567.0,385.0,388.5,374.0,376.0,-18.0,3339.0
2026-02-10,3693,1083355.0,406456274.0,377.5,384.5,370.0,370.0,-6.0,1659.0
2026-02-11,3693,1013235.0,367512962.0,365.5,371.0,358.5,358.5,-11.5,1959.0
2026-02-23,3693,715115.0,259928906.0,365.0,372.5,352.0,363.5,5.0,1163.0
2026-02-24,3693,873641.0,322156756.0,360.0,379.0,359.5,375.5,12.0,1418.0
2026-02-25,3693,1125120.0,462952740.0,403.0,413.0,403.0,413.0,37.5,1636.0
2026-02-26,3693,3048334.0,1382543563.0,454.0,454.0,447.0,454.0,41.0,4470.0
2026-03-02,3693,4613414.0,2151037229.0,462.5,480.0,453.0,458.0,4.0,5591.0
2026-03-03,3693,2542272.0,1136506598.0,453.0,463.5,432.0,443.5,-14.5,3866.0
2026-03-04,3693,2314906.0,974462992.0,432.0,438.5,401.5,419.5,-24.0,3145.0
2026-03-05,3693,1517097.0,660634946.0,439.5,450.0,426.0,427.5,8.0,1970.0
2026-03-06,3693,1688566.0,735410325.0,426.5,450.0,422.0,428.5,1.0,2304.0
2026-03-09,3693,354972.0,137019404.0,386.0,386.0,386.0,386.0,-42.5,1355.0
2026-03-10,3693,2553638.0,981807955.0,389.0,400.0,370.0,381.0,-5.0,3616.0
2026-03-11,3693,1821962.0,733371026.0,384.5,419.0,382.0,419.0,38.0,2930.0
2026-03-12,3693,1945763.0,810917849.0,417.0,425.0,407.5,417.5,-1.5,2595.0
2026-03-13,3693,3168919.0,1385196564.0,401.0,459.0,397.5,459.0,41.5,5368.0
2026-03-16,3693,7486286.0,3620071194.0,472.5,504.0,448.0,489.0,30.0,11319.0
2026-03-17,3693,4879972.0,2387776671.0,499.0,508.0,475.5,482.0,-7.0,6291.0
2026-03-18,3693,5932643.0,3038592412.0,505.0,530.0,488.0,530.0,48.0,10359.0
2026-03-19,3693,6658966.0,3703253555.0,529.0,583.0,520.0,583.0,53.0,6768.0
2026-03-20,3693,10044881.0,5734326638.0,618.0,618.0,530.0,535.0,-48.0,11410.0
2026-03-23,3693,1868901.0,913334069.0,499.0,507.0,481.5,481.5,-53.5,3499.0
2026-03-24,3693,1456016.0,680029619.0,497.5,497.5,434.0,480.0,-1.5,2649.0
2026-03-25,3693,963351.0,481146726.0,501.0,509.0,488.0,509.0,29.0,2013.0
2026-03-26,3693,996164.0,493752625.0,510.0,510.0,485.0,485.0,-24.0,1883.0
2026-03-27,3693,558723.0,274504713.0,471.0,505.0,466.0,500.0,15.0,1180.0
2026-03-30,3693,583635.0,290208515.0,480.0,504.0,480.0,504.0,4.0,1050.0
2026-03-31,3693,588072.0,282755074.0,497.5,498.5,469.0,473.0,-31.0,1393.0
2026-04-01,3693,566748.0,289323516.0,518.0,518.0,496.0,507.0,34.0,1042.0
2026-04-02,3693,869046.0,417627580.0,510.0,510.0,471.5,475.5,-31.5,1883.0
2026-04-07,3693,911419.0,457672586.0,488.0,510.0,488.0,498.0,22.5,1411.0
2026-04-08,3693,3416125.0,1817094211.0,515.0,547.0,500.0,547.0,49.0,6106.0
2026-04-09,3693,4223181.0,2344958376.0,548.0,579.0,534.0,556.0,9.0,5816.0
2026-04-10,3693,3143395.0,1794800254.0,572.0,585.0,555.0,566.0,10.0,6275.0
2026-04-13,3693,3998203.0,2377298405.0,560.0,622.0,554.0,622.0,56.0,5644.0
2026-04-14,3693,5729025.0,3610140471.0,650.0,659.0,606.0,623.0,1.0,7372.0
2026-04-15,3693,2990211.0,1851287447.0,635.0,646.0,597.0,603.0,-20.0,5892.0
2026-04-16,3693,3360380.0,2010399268.0,604.0,615.0,576.0,602.0,-1.0,6148.0
2026-04-17,3693,3405277.0,2196752100.0,608.0,662.0,608.0,662.0,60.0,4539.0
2026-04-20,3693,2794066.0,1991476566.0,695.0,728.0,692.0,728.0,66.0,5468.0
2026-04-21,3693,3930587.0,2815069075.0,740.0,755.0,698.0,704.0,-24.0,7723.0
2026-04-22,3693,2792123.0,2033503359.0,729.0,750.0,706.0,707.0,3.0,5109.0
2026-04-23,3693,4285107.0,2904416540.0,712.0,729.0,641.0,667.0,-40.0,8452.0
2026-04-24,3693,2292846.0,1547498879.0,690.0,700.0,655.0,655.0,-12.0,4107.0
2026-04-27,3693,2395977.0,1473265746.0,654.0,668.0,593.0,620.0,-35.0,5142.0
2026-04-28,3693,1445883.0,897819874.0,617.0,630.0,608.0,622.0,2.0,2631.0
2026-04-29,3693,927506.0,574505958.0,616.0,632.0,603.0,619.0,-3.0,2350.0
2026-04-30,3693,2899349.0,1909737293.0,621.0,680.0,612.0,668.0,49.0,8413.0
2026-05-04,3693,2097914.0,1373735542.0,685.0,686.0,644.0,654.0,-14.0,4677.0
2026-05-05,3693,1661481.0,1097630425.0,648.0,671.0,643.0,659.0,5.0,2587.0
2026-05-06,3693,3060372.0,2032262698.0,691.0,703.0,626.0,664.0,5.0,4683.0
2026-05-07,3693,2850508.0,1921155417.0,681.0,700.0,653.0,670.0,6.0,4260.0
2026-05-08,3693,3602332.0,2259908684.0,670.0,680.0,603.0,603.0,-67.0,8794.0
2026-05-11,3693,2665113.0,1532523863.0,575.0,591.0,555.0,582.0,-21.0,5967.0
2026-05-12,3693,1887850.0,1115305306.0,601.0,605.0,570.0,593.0,11.0,3492.0
2026-05-13,3693,1290354.0,733391657.0,583.0,588.0,558.0,569.0,-24.0,3592.0
2026-05-14,3693,1659550.0,924091386.0,571.0,572.0,545.0,554.0,-15.0,3761.0
2026-05-15,3693,1094076.0,603841590.0,567.0,567.0,544.0,546.0,-8.0,2357.0
2026-05-18,3693,1066019.0,584233782.0,540.0,564.0,527.0,554.0,8.0,2034.0
2026-05-19,3693,1030473.0,560157321.0,558.0,564.0,530.0,533.0,-21.0,2419.0
2026-05-20,3693,1660851.0,849718112.0,532.0,538.0,500.0,504.0,-29.0,3856.0
2026-05-21,3693,1132878.0,598907357.0,517.0,545.0,515.0,536.0,32.0,2001.0
2026-05-22,3693,537742.0,316730038.0,589.0,589.0,589.0,589.0,53.0,849.0
2026-05-25,3693,3190901.0,2027608931.0,647.0,647.0,620.0,621.0,32.0,6550.0
2026-05-26,3693,1622649.0,981940259.0,623.0,627.0,588.0,603.0,-18.0,4337.0
2026-05-27,3693,1219759.0,729884275.0,625.0,625.0,583.0,587.0,-16.0,3707.0
2026-05-28,3693,1234539.0,709124672.0,590.0,599.0,557.0,560.0,-27.0,3659.0
2026-05-29,3693,972912.0,563273599.0,570.0,587.0,564.0,581.0,21.0,2013.0
2026-06-01,3693,2531444.0,1562145845.0,588.0,639.0,583.0,632.0,51.0,5310.0
2026-06-02,3693,3280409.0,2044156088.0,655.0,656.0,593.0,598.0,-34.0,5744.0
2026-06-03,3693,1280546.0,758471522.0,601.0,606.0,584.0,588.0,-10.0,3372.0
2026-06-04,3693,748003.0,429563644.0,582.0,586.0,570.0,571.0,-17.0,2495.0
2026-06-05,3693,782522.0,438493121.0,573.0,577.0,541.0,569.0,-2.0,2352.0
2026-06-08,3693,965172.0,513085909.0,513.0,566.0,513.0,564.0,-5.0,2320.0
2026-06-09,3693,1419968.0,762720891.0,545.0,548.0,529.0,535.0,-29.0,3559.0
2026-06-10,3693,1292736.0,668819684.0,520.0,547.0,497.5,498.5,-36.5,3513.0
2026-06-11,3693,1027523.0,507592135.0,490.0,510.0,475.5,491.5,-7.0,2472.0
2026-06-12,3693,581099.0,292307291.0,511.0,514.0,495.5,501.0,9.5,1314.0
2026-06-15,3693,411034.0,211549959.0,513.0,520.0,507.0,514.0,13.0,1143.0
2026-06-16,3693,588337.0,297741547.0,525.0,529.0,499.0,499.0,-15.0,1785.0
2026-06-17,3693,391810.0,194382303.0,492.0,504.0,491.5,496.5,-2.5,1577.0
2026-06-18,3693,588727.0,296196701.0,499.0,511.0,495.5,500.0,3.5,1390.0
2026-06-22,3693,635384.0,324535523.0,512.0,517.0,503.0,513.0,13.0,1574.0
2026-06-23,3693,650457.0,325851305.0,514.0,515.0,496.0,496.0,-17.0,2039.0
2026-06-24,3693,314158.0,155812575.0,492.0,505.0,483.0,504.0,8.0,988.0
2026-06-25,3693,522335.0,263131110.0,511.0,513.0,493.0,504.0,0.0,1181.0
2026-06-26,3693,1478396.0,740042028.0,513.0,522.0,479.0,482.5,-21.5,2727.0
2026-06-29,3693,338998.0,162477130.0,479.0,487.0,471.5,474.0,-8.5,1273.0
2026-06-30,3693,420419.0,207842473.0,477.0,507.0,477.0,501.0,27.0,925.0
2026-07-01,3693,405571.0,199657663.0,508.0,508.0,486.5,487.0,-14.0,1411.0
2026-07-02,3693,358757.0,172542162.0,480.0,489.5,477.0,479.5,-7.5,1100.0
2026-07-03,3693,998290.0,509631773.0,478.0,524.0,478.0,507.0,27.5,2312.0
2026-07-06,3693,463467.0,232977548.0,513.0,516.0,493.5,493.5,-13.5,1222.0
2026-07-07,3693,1064300.0,576850600.0,542.0,542.0,542.0,542.0,48.5,1487.0
2026-07-08,3693,2718618.0,1447998116.0,550.0,550.0,508.0,520.0,-22.0,3960.0
2026-07-09,3693,748854.0,390618044.0,525.0,535.0,514.0,516.0,-4.0,1421.0
2026-07-13,3693,769682.0,385414852.0,516.0,525.0,489.0,489.0,-27.0,2003.0
2026-07-14,3693,747321.0,355300711.0,485.5,495.5,462.5,476.5,-12.5,1641.0
2026-07-15,3693,468675.0,229798949.0,480.0,500.0,476.0,488.0,11.5,902.0
2026-07-16,3693,324766.0,156910913.0,484.5,489.5,477.5,480.5,-7.5,754.0
2026-07-17,3693,732460.0,333077562.0,462.5,473.0,442.0,442.0,-38.5,1942.0
2026-07-20,3693,714754.0,319379807.0,442.5,463.0,432.0,451.5,9.5,1159.0
2026-07-21,3693,403754.0,186333708.0,459.0,472.0,452.5,472.0,20.5,641.0
2026-07-22,3693,1165899.0,588930412.0,481.5,519.0,480.5,519.0,47.0,2438.0
2026-07-23,3693,855068.0,439146182.0,525.0,538.0,497.5,503.0,-16.0,1631.0
2026-07-24,3693,1273842.0,660979478.0,494.5,544.0,488.5,509.0,6.0,2255.0
2026-07-27,3693,578820.0,286867460.0,505.0,508.0,485.0,494.5,-14.5,1132.0
2026-07-28,3693,687811.0,318106511.0,481.0,481.0,445.5,446.0,-48.5,1600.0
2026-07-29,3693,1251020.0,527242145.0,448.5,453.0,402.0,429.5,-16.5,1890.0
2026-07-30,3693,726920.0,302994982.0,426.0,438.0,404.0,406.5,-23.0,1324.0
2026-07-31,3693,359413.0,159599758.0,435.5,447.0,435.5,447.0,40.5,692.0
2026-08-03,3693,636650.0,301179894.0,443.5,489.5,443.5,472.0,25.0,1111.0
2026-08-04,3693,596334.0,294469273.0,476.0,505.0,473.0,498.5,26.5,959.0
2026-08-05,3693,675853.0,344513975.0,515.0,524.0,499.5,501.0,2.5,1022.0
2026-08-06,3693,1168434.0,611193724.0,499.5,539.0,488.5,537.0,36.0,2117.0
2026-08-07,3693,2506070.0,1368182292.0,549.0,562.0,522.0,527.0,-10.0,4374.0
2026-08-10,3693,1206561.0,614806587.0,526.0,529.0,499.5,500.0,-27.0,2934.0
2026-08-11,3693,674207.0,331350254.0,493.0,500.0,481.5,492.0,-8.0,1427.0
2026-08-12,3693,464016.0,232503408.0,492.5,510.0,492.5,502.0,10.0,957.0
2026-08-13,3693,998937.0,547443224.0,531.0,552.0,531.0,552.0,50.0,1630.0
2026-08-14,3693,2393923.0,1321613488.0,570.0,573.0,535.0,536.0,-16.0,3290.0
2026-08-17,3693,535032.0,283264667.0,534.0,542.0,523.0,525.0,-11.0,1504.0
2026-08-18,3693,781416.0,411209278.0,523.0,542.0,513.0,523.0,-2.0,1442.0
2026-08-19,3693,636455.0,325029995.0,509.0,522.0,502.0,508.0,-15.0,1361.0
2026-08-20,3693,516295.0,264058953.0,514.0,523.0,500.0,516.0,8.0,935.0
2026-08-21,3693,357027.0,182593322.0,513.0,518.0,506.0,515.0,-1.0,720.0
2026-08-24,3693,930872.0,498966422.0,515.0,547.0,514.0,533.0,18.0,1711.0
2026-08-25,3693,1069642.0,578427651.0,533.0,560.0,521.0,553.0,20.0,1931.0
2026-08-26,3693,998205.0,556257070.0,550.0,564.0,547.0,558.0,5.0,1889.0
2026-08-27,3693,856890.0,479682645.0,559.0,570.0,551.0,556.0,-2.0,1744.0
2026-08-28,3693,1896387.0,1091354204.0,555.0,599.0,549.0,587.0,0.0,3898.0
2026-08-31,3693,1665102.0,999125201.0,580.0,612.0,578.0,604.0,17.0,3496.0
2026-09-01,3693,1918565.0,1192481071.0,610.0,644.0,600.0,624.0,20.0,5013.0
2026-09-02,3693,2212892.0,1422468232.0,627.0,654.0,626.0,642.0,18.0,4310.0
2026-09-03,3693,3231733.0,2141290461.0,650.0,690.0,638.0,648.0,6.0,9726.0
2026-09-04,3693,2128146.0,1407210524.0,669.0,678.0,644.0,663.0,15.0,6085.0
2026-09-07,3693,2381729.0,1630341472.0,669.0,700.0,665.0,682.0,19.0,4090.0
