date,stock_id,Trading_Volume,Trading_money,open,max,min,close,spread,Trading_turnover
2016-01-04,4746,1054260.0,73652548.0,69.7,71.2,68.5,70.2,1.0,711.0
2016-01-05,4746,537430.0,37261813.0,70.2,70.2,68.1,69.4,-0.8,416.0
2016-01-06,4746,581600.0,39649619.0,69.4,69.9,67.1,67.2,-2.2,441.0
2016-01-07,4746,772075.0,50856657.0,67.5,68.1,64.8,65.3,-1.9,548.0
2016-01-08,4746,914000.0,61751400.0,64.0,69.8,64.0,68.5,3.2,704.0
2016-01-11,4746,1257000.0,87706400.0,71.0,71.0,68.9,68.9,0.4,849.0
2016-01-12,4746,901200.0,60129480.0,68.9,69.1,65.0,65.4,-3.5,677.0
2016-01-13,4746,884327.0,59133271.0,66.4,68.4,65.1,67.6,2.2,646.0
2016-01-14,4746,741200.0,49964519.0,66.6,68.6,65.3,68.5,0.9,561.0
2016-01-15,4746,845119.0,58198451.0,69.0,69.5,68.3,68.5,0.0,600.0
2016-01-18,4746,974290.0,67726244.0,67.9,70.4,67.7,70.0,1.5,742.0
2016-01-19,4746,2386160.0,172489780.0,70.0,73.8,69.3,73.0,3.0,1772.0
2016-01-20,4746,3372335.0,248411416.0,73.9,76.3,70.0,70.5,-2.5,2282.0
2016-01-21,4746,1179908.0,84159260.0,71.6,72.5,70.0,70.4,-0.1,859.0
2016-01-22,4746,1278382.0,90065133.0,71.9,72.6,69.0,69.2,-1.2,898.0
2016-01-25,4746,763050.0,52869690.0,69.4,70.2,68.2,69.8,0.6,536.0
2016-01-26,4746,412001.0,28370569.0,68.9,69.5,68.6,68.8,-1.0,291.0
2016-01-27,4746,700307.0,48771689.0,69.7,70.5,68.7,68.8,0.0,518.0
2016-01-28,4746,396191.0,27429121.0,68.8,69.9,68.5,69.1,0.3,299.0
2016-01-29,4746,529494.0,36930081.0,69.1,70.1,69.1,70.0,0.9,400.0
2016-01-30,4746,2002598.0,145628754.0,70.8,73.6,70.5,73.0,3.0,1348.0
2016-02-01,4746,941654.0,68121993.0,73.4,73.5,71.1,71.4,-1.6,706.0
2016-02-02,4746,496216.0,35531114.0,71.5,72.2,71.1,71.2,-0.2,389.0
2016-02-03,4746,634150.0,44819220.0,70.8,71.1,70.1,71.0,-0.2,451.0
2016-02-15,4746,408561.0,28892950.0,69.8,71.4,69.8,70.5,-0.5,268.0
2016-02-16,4746,611011.0,43689896.0,71.0,72.3,70.6,71.9,1.4,412.0
2016-02-17,4746,1881200.0,137795580.0,72.5,74.9,71.7,72.8,0.9,1270.0
2016-02-18,4746,3081430.0,230473718.0,73.5,76.4,73.0,75.4,2.6,2092.0
2016-02-19,4746,1952052.0,146990089.0,76.3,76.7,74.2,74.8,-0.6,1309.0
2016-02-22,4746,2260402.0,163069325.0,72.8,73.9,70.6,72.0,-2.8,1415.0
2016-02-23,4746,3251894.0,242626495.0,73.1,75.9,73.0,75.5,3.5,2045.0
2016-02-24,4746,1714510.0,126571092.0,75.5,75.6,72.4,74.0,-1.5,1218.0
2016-02-25,4746,847372.0,62447456.0,74.4,74.8,72.5,73.0,-1.0,632.0
2016-02-26,4746,1313684.0,97757900.0,73.3,75.3,72.8,75.0,2.0,984.0
2016-03-01,4746,1271220.0,95794853.0,75.4,76.3,74.6,75.7,0.7,886.0
2016-03-02,4746,1474766.0,111982250.0,76.1,77.0,75.0,75.0,-0.7,1058.0
2016-03-03,4746,918000.0,68734997.0,74.8,76.2,73.8,74.1,-0.9,720.0
2016-03-04,4746,532350.0,39570420.0,74.6,75.0,73.7,74.9,0.8,441.0
2016-03-07,4746,1041805.0,77539445.0,75.7,75.7,73.6,73.6,-1.3,673.0
2016-03-08,4746,613000.0,45327000.0,73.9,74.4,73.2,74.1,0.5,431.0
2016-03-09,4746,671050.0,49459485.0,74.4,74.5,73.2,73.2,-0.9,446.0
2016-03-10,4746,471166.0,34719931.0,73.7,74.4,73.0,74.0,0.8,367.0
2016-03-11,4746,5645746.0,437088031.0,74.8,79.7,73.8,78.1,4.1,3725.0
2016-03-14,4746,5379751.0,434112231.0,79.0,82.7,77.5,81.0,2.9,3371.0
2016-03-15,4746,6350817.0,523415855.0,82.0,85.0,80.4,81.1,0.1,3913.0
2016-03-16,4746,4164260.0,348397380.0,84.5,86.0,82.3,82.9,1.8,2841.0
2016-03-17,4746,3236159.0,265755193.0,83.9,84.1,80.6,81.1,-1.8,2086.0
2016-03-18,4746,1881000.0,152293000.0,81.4,81.9,80.0,80.7,-0.4,1348.0
2016-03-21,4746,4620096.0,383609581.0,81.1,84.4,81.1,82.0,1.3,2891.0
2016-03-22,4746,2677236.0,216545985.0,82.4,82.6,79.6,80.0,-2.0,2010.0
2016-03-23,4746,1120400.0,90083400.0,80.2,81.3,79.4,80.0,0.0,882.0
2016-03-24,4746,2001100.0,157837000.0,79.9,80.7,77.1,80.1,0.1,1522.0
2016-03-25,4746,816650.0,64722688.0,79.6,80.6,78.5,78.6,-1.5,599.0
2016-03-28,4746,842656.0,66058768.0,78.6,79.4,77.8,77.8,-0.8,571.0
2016-03-29,4746,3119202.0,230145847.0,77.6,78.0,70.8,72.6,-5.2,1992.0
2016-03-30,4746,1280341.0,94925068.0,73.0,74.8,73.0,74.2,1.6,965.0
2016-03-31,4746,1742080.0,131989891.0,74.6,76.9,74.3,75.5,1.3,1146.0
2016-04-01,4746,989200.0,74103700.0,75.4,76.2,73.5,74.8,-0.7,667.0
2016-04-06,4746,1206002.0,88038147.0,74.8,74.8,72.0,73.0,-1.8,768.0
2016-04-07,4746,1250101.0,92713384.0,73.4,75.3,72.6,74.5,1.5,909.0
2016-04-08,4746,1322030.0,99391774.0,75.3,75.8,74.4,75.2,0.7,972.0
2016-04-11,4746,2147016.0,165827248.0,75.9,78.4,75.5,78.0,2.8,1502.0
2016-04-12,4746,1832960.0,141493782.0,78.7,79.5,75.3,75.4,-2.6,1343.0
2016-04-13,4746,530041.0,40255523.0,75.8,76.5,75.5,76.2,0.8,378.0
2016-04-14,4746,689000.0,52374000.0,76.7,76.9,75.1,75.6,-0.6,542.0
2016-04-15,4746,647000.0,49434900.0,75.6,77.3,75.4,76.0,0.4,496.0
2016-04-18,4746,761000.0,57981200.0,76.0,77.4,75.4,77.0,1.0,438.0
2016-04-19,4746,779300.0,59673100.0,77.4,77.8,75.7,76.1,-0.9,555.0
2016-04-20,4746,832353.0,62520567.0,76.8,76.8,74.5,74.7,-1.4,662.0
2016-04-21,4746,1457090.0,111342847.0,74.7,77.4,74.7,76.5,1.8,986.0
2016-04-22,4746,2349166.0,183383831.0,77.7,79.0,77.2,78.3,1.8,1452.0
2016-04-25,4746,2462741.0,196501434.0,79.9,80.7,78.5,79.0,0.7,1569.0
2016-04-26,4746,908045.0,72136240.0,79.4,80.5,78.5,78.6,-0.4,674.0
2016-04-27,4746,1347433.0,107489518.0,78.8,80.5,78.1,79.3,0.7,778.0
2016-04-28,4746,2090356.0,168723108.0,80.1,81.6,79.7,80.2,0.9,1422.0
2016-04-29,4746,1131200.0,89011000.0,79.6,79.9,77.4,77.9,-2.3,837.0
2016-05-03,4746,740080.0,57769724.0,77.9,79.0,77.2,77.8,-0.1,503.0
2016-05-04,4746,1154500.0,89444950.0,77.4,78.3,76.6,77.3,-0.5,711.0
2016-05-05,4746,631324.0,48799274.0,77.3,78.3,76.8,77.5,0.2,392.0
2016-05-06,4746,2242611.0,178022145.0,77.9,80.9,77.4,80.6,3.1,1458.0
2016-05-09,4746,1221560.0,97926020.0,81.4,81.5,79.2,79.6,-1.0,915.0
2016-05-10,4746,722010.0,57194490.0,79.7,79.9,78.6,79.0,-0.6,519.0
2016-05-11,4746,4563554.0,373434349.0,79.6,83.4,79.4,81.1,2.1,2638.0
2016-05-12,4746,2046096.0,165560660.0,81.4,82.6,79.2,79.2,-1.9,1386.0
2016-05-13,4746,2143023.0,171343467.0,79.9,81.8,78.3,81.0,1.8,1389.0
2016-05-16,4746,8094081.0,685957845.0,83.0,88.1,81.7,85.6,4.6,4851.0
2016-05-17,4746,8664885.0,779699320.0,86.5,93.5,86.5,92.0,6.4,5986.0
2016-05-18,4746,5348675.0,494221425.0,92.9,94.5,90.3,90.5,-1.5,3780.0
2016-05-19,4746,3521504.0,318660350.0,91.0,92.4,88.7,88.7,-1.8,2420.0
2016-05-20,4746,5032861.0,457597045.0,90.3,92.5,88.8,90.3,1.6,3435.0
2016-05-23,4746,3160886.0,287321712.0,91.4,92.0,88.9,92.0,1.7,2103.0
2016-05-24,4746,4008481.0,374997852.0,93.0,95.6,92.0,92.0,0.0,2814.0
2016-05-25,4746,3294750.0,303844422.0,92.7,93.7,90.8,91.4,-0.6,2398.0
2016-05-26,4746,3707430.0,346041829.0,92.6,94.6,92.0,92.4,1.0,2491.0
2016-05-27,4746,1294892.0,119630033.0,92.4,93.2,91.6,93.2,0.8,955.0
2016-05-30,4746,4013740.0,379544908.0,94.3,96.0,93.3,93.3,0.1,2788.0
2016-05-31,4746,1840086.0,169804312.0,93.2,93.3,91.6,91.9,-1.4,1313.0
2016-06-01,4746,2726879.0,256315626.0,92.6,95.3,92.5,93.7,1.8,1921.0
2016-06-02,4746,3577237.0,340994313.0,94.5,97.0,93.6,96.3,2.6,2522.0
2016-06-03,4746,3168663.0,306922111.0,96.6,97.7,95.7,97.0,0.7,2209.0
2016-06-04,4746,1986550.0,190332550.0,97.4,97.4,94.6,96.4,-0.6,1294.0
2016-06-06,4746,3929797.0,384431817.0,96.9,100.5,94.7,98.9,2.5,2713.0
2016-06-07,4746,2751756.0,274040009.0,99.7,101.5,97.8,97.9,-1.0,1921.0
2016-06-08,4746,1026732.0,101102502.0,99.0,99.3,97.8,99.0,1.1,748.0
2016-06-13,4746,1675513.0,166813166.0,98.5,100.5,97.6,100.5,1.5,1167.0
2016-06-14,4746,1910910.0,188743370.0,100.5,101.0,97.4,98.3,-2.2,1373.0
2016-06-15,4746,1552105.0,151332040.0,98.0,99.0,96.7,97.0,-1.3,1205.0
2016-06-16,4746,1656200.0,162834259.0,97.4,99.1,97.2,98.3,1.3,1336.0
2016-06-17,4746,882308.0,87128238.0,99.5,99.7,98.1,98.5,0.2,595.0
2016-06-20,4746,907212.0,89948188.0,99.1,100.5,98.0,99.0,0.5,686.0
2016-06-21,4746,2878556.0,293016132.0,99.2,103.5,99.2,101.0,2.0,1884.0
2016-06-22,4746,794472.0,80502907.0,101.0,102.5,100.5,101.5,0.5,662.0
2016-06-23,4746,873522.0,87301700.0,101.5,101.5,99.3,99.3,-2.2,683.0
2016-06-24,4746,2409336.0,230668820.0,99.3,99.8,92.4,95.0,-4.3,1671.0
2016-06-27,4746,2500698.0,247158598.0,95.0,101.0,95.0,101.0,6.0,1923.0
2016-06-28,4746,2030852.0,205715204.0,99.9,102.5,99.7,102.5,1.5,1292.0
2016-06-29,4746,2766067.0,288468102.0,103.0,106.0,102.0,105.0,2.5,1912.0
2016-06-30,4746,1945195.0,206696156.0,106.5,108.0,104.5,107.5,2.5,1611.0
2016-07-01,4746,1110981.0,119558391.0,107.5,108.5,106.5,107.5,0.0,825.0
2016-07-04,4746,1377651.0,151344412.0,108.0,112.0,107.0,112.0,4.5,967.0
2016-07-05,4746,2763331.0,310462579.0,112.0,115.5,109.0,109.0,-3.0,1874.0
2016-07-06,4746,1244359.0,137103131.0,110.0,112.0,108.5,110.0,1.0,898.0
2016-07-07,4746,2150873.0,244171149.0,111.0,115.0,110.5,113.0,3.0,1543.0
2016-07-11,4746,1544405.0,169950455.0,114.0,114.0,108.5,109.5,-3.5,1121.0
2016-07-12,4746,1129437.0,122612259.0,110.0,110.5,107.5,107.5,-2.0,802.0
2016-07-13,4746,2278191.0,254775794.0,108.5,114.0,108.5,111.5,4.0,1691.0
2016-07-14,4746,785417.0,86700994.0,111.5,112.0,109.0,109.5,-2.0,614.0
2016-07-15,4746,1219123.0,133151967.0,110.5,111.5,107.5,109.5,0.0,891.0
2016-07-18,4746,1648791.0,180468822.0,110.0,113.0,107.5,108.5,-1.0,1082.0
2016-07-19,4746,1341090.0,141993950.0,109.0,109.0,104.5,105.0,-3.5,983.0
2016-07-20,4746,1507621.0,156367463.0,105.5,106.5,101.5,103.5,-1.5,1072.0
2016-07-21,4746,1027431.0,107627393.0,104.5,106.0,103.5,104.0,0.5,750.0
2016-07-22,4746,1310592.0,138347160.0,104.5,107.0,103.0,106.0,2.0,923.0
2016-07-25,4746,1611291.0,165301391.0,106.0,106.0,100.0,102.0,-4.0,1254.0
2016-07-26,4746,1808485.0,183482170.0,103.5,103.5,99.8,102.5,0.5,1061.0
2016-07-27,4746,959357.0,98481414.0,103.5,104.0,101.5,102.5,0.0,747.0
2016-07-28,4746,933178.0,97278834.0,103.0,105.5,102.5,103.5,1.0,673.0
2016-07-29,4746,492032.0,50839247.0,104.0,104.5,102.0,102.0,-1.5,359.0
2016-08-01,4746,1011527.0,103472835.0,102.5,104.5,100.5,104.5,2.5,777.0
2016-08-02,4746,899070.0,92154675.0,104.0,104.0,101.5,102.0,-2.5,624.0
2016-08-03,4746,1358537.0,135845936.0,101.5,101.5,99.5,99.7,-2.3,1012.0
2016-08-04,4746,2148399.0,207875661.0,100.5,100.5,95.7,95.9,-3.8,1572.0
2016-08-05,4746,1839600.0,181725700.0,95.8,101.0,95.8,100.0,4.1,1480.0
2016-08-08,4746,1652653.0,165725200.0,100.5,102.5,98.4,101.0,1.0,1282.0
2016-08-09,4746,1443390.0,144985758.0,102.5,102.5,99.1,100.0,-1.0,883.0
2016-08-10,4746,694869.0,69788602.0,100.5,101.5,99.2,100.5,0.5,498.0
2016-08-11,4746,686001.0,68863401.0,101.0,101.5,99.6,100.0,-0.5,485.0
2016-08-12,4746,2978629.0,309434287.0,101.5,105.5,101.5,104.0,4.0,1767.0
2016-08-15,4746,1387220.0,143025880.0,103.0,104.0,102.0,103.0,0.0,949.0
2016-08-16,4746,985032.0,99957096.0,103.0,103.5,99.9,102.0,-1.0,729.0
2016-08-17,4746,774655.0,78165621.0,102.0,103.0,99.9,100.5,-1.5,504.0
2016-08-18,4746,651194.0,65501496.0,101.0,102.0,100.0,100.0,-0.5,508.0
2016-08-19,4746,922655.0,92416115.0,101.0,102.5,98.5,98.5,-1.5,752.0
2016-08-22,4746,670661.0,66448171.0,98.6,99.9,98.4,99.5,1.0,530.0
2016-08-23,4746,664948.0,66992148.0,99.9,102.0,99.5,102.0,2.5,533.0
2016-08-24,4746,1931936.0,201004844.0,102.5,106.0,102.5,104.0,2.0,1304.0
2016-08-25,4746,674964.0,69608773.0,103.5,104.5,102.5,103.0,-1.0,507.0
2016-08-26,4746,1116880.0,114193880.0,102.5,104.5,101.0,101.0,-2.0,880.0
2016-08-29,4746,509347.0,51275629.0,101.0,101.5,100.0,100.5,-0.5,339.0
2016-08-30,4746,700406.0,70022394.0,101.5,101.5,99.5,99.6,-0.9,553.0
2016-08-31,4746,550771.0,54952829.0,99.9,100.5,99.1,99.6,0.0,443.0
2016-09-01,4746,2136433.0,218284532.0,100.0,104.5,99.7,104.5,4.9,1575.0
2016-09-02,4746,2274846.0,240157638.0,107.0,108.5,103.0,103.0,-1.5,1672.0
2016-09-05,4746,2179417.0,219089408.0,104.0,104.5,99.2,99.6,-3.4,1491.0
2016-09-06,4746,4141415.0,381855465.0,96.0,96.0,89.7,89.7,-9.9,2579.0
2016-09-07,4746,4917802.0,457395467.0,90.8,94.9,90.0,94.6,4.9,3446.0
2016-09-08,4746,1410500.0,133963650.0,94.9,95.8,94.3,95.0,0.4,987.0
2016-09-09,4746,1124335.0,106995360.0,94.4,95.8,93.8,95.8,0.8,922.0
2016-09-10,4746,480000.0,45228900.0,94.0,95.0,93.9,94.2,-1.6,396.0
2016-09-12,4746,960238.0,89994651.0,94.8,94.8,93.0,93.3,-0.9,601.0
2016-09-13,4746,897000.0,82672600.0,94.0,94.3,91.0,91.4,-1.9,733.0
2016-09-14,4746,1000148.0,90626601.0,91.4,92.4,89.6,91.8,0.4,598.0
2016-09-19,4746,449050.0,41385390.0,92.8,92.8,91.7,92.0,0.2,374.0
2016-09-20,4746,658302.0,61290666.0,92.0,94.0,91.8,93.6,1.6,555.0
2016-09-21,4746,613000.0,57888600.0,93.3,95.4,93.2,94.0,0.4,474.0
2016-09-22,4746,455783.0,43162336.0,94.9,95.2,94.0,94.8,0.8,404.0
2016-09-23,4746,483723.0,45500544.0,94.5,94.6,93.7,94.0,-0.8,352.0
2016-09-26,4746,425200.0,40024180.0,93.8,94.8,93.8,94.0,0.0,291.0
2016-09-29,4746,840854.0,77609655.0,94.6,94.8,91.4,92.0,-2.0,599.0
2016-09-30,4746,939081.0,85368290.0,91.0,91.9,90.2,90.2,-1.8,726.0
2016-10-03,4746,1184500.0,110859949.0,91.0,95.7,90.6,95.7,5.5,971.0
2016-10-04,4746,838961.0,78908173.0,95.4,95.4,93.3,93.3,-2.4,672.0
2016-10-05,4746,964800.0,89876219.0,93.8,94.3,91.3,91.4,-1.9,780.0
2016-10-06,4746,975994.0,90992744.0,92.6,94.0,92.6,93.1,1.7,750.0
2016-10-07,4746,613105.0,57421365.0,92.8,94.8,92.7,93.3,0.2,501.0
2016-10-11,4746,853160.0,79286248.0,94.6,94.8,89.9,92.8,-0.5,705.0
2016-10-12,4746,684949.0,63279382.0,91.6,93.7,91.5,93.2,0.4,595.0
2016-10-13,4746,969312.0,89328534.0,93.2,93.4,91.5,92.1,-1.1,701.0
2016-10-14,4746,733000.0,66711500.0,91.7,92.3,90.2,91.0,-1.1,537.0
2016-10-17,4746,957928.0,86305734.0,90.3,91.6,89.3,89.6,-1.4,725.0
2016-10-18,4746,879300.0,79051470.0,90.0,91.0,88.6,90.9,1.3,727.0
2016-10-19,4746,877000.0,79204700.0,90.4,91.9,89.4,90.4,-0.5,714.0
2016-10-20,4746,1958041.0,172009467.0,89.5,90.2,86.0,86.6,-3.8,1529.0
2016-10-21,4746,1996281.0,176827204.0,86.1,90.6,86.1,90.2,3.6,1548.0
2016-10-24,4746,691523.0,62401470.0,90.5,90.9,89.3,89.3,-0.9,554.0
2016-10-25,4746,457278.0,40550342.0,89.9,89.9,88.2,88.3,-1.0,403.0
2016-10-26,4746,513200.0,45648679.0,88.0,89.5,88.0,89.2,0.9,376.0
2016-10-27,4746,228667.0,20280729.0,89.5,89.5,88.4,88.4,-0.8,197.0
2016-10-28,4746,327000.0,29106900.0,88.7,89.6,88.5,88.6,0.2,296.0
2016-10-31,4746,172000.0,15215000.0,88.6,88.9,88.1,88.6,0.0,136.0
2016-11-01,4746,115100.0,10212130.0,88.3,89.2,88.3,88.7,0.1,110.0
2016-11-02,4746,809445.0,70049413.0,88.3,88.3,85.2,85.2,-3.5,608.0
2016-11-03,4746,704696.0,59216385.0,85.3,86.2,83.1,83.6,-1.6,560.0
2016-11-04,4746,1013238.0,83133416.0,83.1,84.4,81.1,81.6,-2.0,818.0
2016-11-07,4746,1382815.0,111018474.0,81.9,82.7,79.3,79.5,-2.1,1004.0
2016-11-08,4746,984200.0,79056040.0,80.3,81.9,79.2,81.0,1.5,753.0
2016-11-09,4746,959100.0,75111800.0,81.7,81.7,76.7,77.6,-3.4,758.0
2016-11-10,4746,1765766.0,147428239.0,81.5,85.3,80.3,85.3,7.7,1209.0
2016-11-11,4746,2419006.0,212019123.0,87.0,89.4,86.4,88.1,2.8,1789.0
2016-11-14,4746,1134150.0,97283450.0,87.7,87.7,84.1,86.5,-1.6,810.0
2016-11-15,4746,1035783.0,88212555.0,86.5,86.6,84.2,84.5,-2.0,862.0
2016-11-16,4746,879822.0,74830981.0,85.0,85.6,84.7,84.9,0.4,570.0
2016-11-17,4746,898000.0,75203900.0,84.9,85.0,83.1,83.2,-1.7,642.0
2016-11-18,4746,1054128.0,88425580.0,83.6,84.5,83.4,83.7,0.5,852.0
2016-11-21,4746,862947.0,72167401.0,83.8,84.2,82.9,83.5,-0.2,683.0
2016-11-22,4746,904135.0,75594405.0,83.7,84.1,83.1,83.3,-0.2,816.0
2016-11-23,4746,1256296.0,103087143.0,83.5,83.9,81.0,81.4,-1.9,946.0
2016-11-24,4746,654045.0,53614198.0,81.4,82.8,80.6,82.3,0.9,541.0
2016-11-25,4746,1045250.0,87755599.0,82.3,85.3,81.3,84.1,1.8,825.0
2016-11-28,4746,931330.0,79799980.0,84.3,86.3,84.3,85.5,1.4,768.0
2016-11-29,4746,544863.0,46769786.0,85.5,86.6,85.0,86.0,0.5,431.0
2016-11-30,4746,1373995.0,120436967.0,86.7,88.5,86.5,86.9,0.9,1100.0
2016-12-01,4746,2948882.0,270320026.0,87.8,95.0,87.8,93.0,6.1,2344.0
2016-12-02,4746,1711660.0,159203111.0,92.4,94.6,91.7,93.0,0.0,1357.0
2016-12-05,4746,1363510.0,126833666.0,92.1,94.2,91.6,92.3,-0.7,1011.0
2016-12-06,4746,2042736.0,183549995.0,90.8,91.6,88.8,89.5,-2.8,1625.0
2016-12-07,4746,665265.0,59898443.0,89.7,91.2,89.4,89.8,0.3,532.0
2016-12-08,4746,1461207.0,133078393.0,89.4,92.3,88.8,91.1,1.3,1113.0
2016-12-09,4746,2031464.0,190177479.0,92.5,94.5,91.8,93.8,2.7,1470.0
2016-12-12,4746,1997902.0,189117648.0,94.4,95.3,92.7,94.5,0.7,1391.0
2016-12-13,4746,3905285.0,382703369.0,95.5,99.8,94.7,98.7,4.2,2882.0
2016-12-14,4746,1883122.0,184269208.0,98.7,99.4,97.0,97.2,-1.5,1432.0
2016-12-15,4746,1367810.0,132345165.0,97.0,98.4,95.7,96.0,-1.2,1031.0
2016-12-16,4746,1076916.0,104221476.0,96.8,97.5,95.7,97.3,1.3,829.0
2016-12-19,4746,1218161.0,117528395.0,97.8,98.6,95.0,95.0,-2.3,938.0
2016-12-20,4746,915300.0,87370900.0,95.0,96.1,94.9,95.0,0.0,618.0
2016-12-21,4746,1225390.0,119141340.0,95.9,98.2,95.7,96.3,1.3,957.0
2016-12-22,4746,1390525.0,133145905.0,96.3,97.7,94.0,94.7,-1.6,1003.0
2016-12-23,4746,854632.0,81836291.0,95.4,96.5,94.8,95.4,0.7,628.0
2016-12-26,4746,507567.0,48883732.0,96.0,96.8,95.4,96.2,0.8,368.0
2016-12-27,4746,349510.0,33646818.0,96.5,96.7,95.7,96.4,0.2,294.0
2016-12-28,4746,784882.0,75900805.0,96.4,97.4,95.3,97.4,1.0,541.0
2016-12-29,4746,1116220.0,109523868.0,97.4,98.8,96.6,98.8,1.4,798.0
2016-12-30,4746,2036867.0,202257551.0,99.0,100.5,98.2,99.8,1.0,1363.0
2017-01-03,4746,646722.0,64270256.0,100.0,100.5,98.3,98.3,-1.5,505.0
2017-01-04,4746,495874.0,48845789.0,98.7,99.6,97.6,98.1,-0.2,380.0
2017-01-05,4746,946965.0,93691490.0,98.4,99.8,97.9,97.9,-0.2,670.0
2017-01-06,4746,1281226.0,127044024.0,99.8,100.5,98.1,98.5,0.6,893.0
2017-01-09,4746,465898.0,45897304.0,99.1,99.3,97.7,98.4,-0.1,402.0
2017-01-10,4746,366252.0,36142146.0,98.3,99.1,98.2,98.2,-0.2,283.0
2017-01-11,4746,577360.0,56480335.0,98.7,98.9,96.8,98.1,-0.1,437.0
2017-01-12,4746,426758.0,41729477.0,98.0,98.3,97.0,97.6,-0.5,319.0
2017-01-13,4746,611020.0,60056260.0,97.3,98.8,97.3,98.1,0.5,441.0
2017-01-16,4746,547290.0,54079653.0,98.1,99.4,97.5,99.3,1.2,416.0
2017-01-17,4746,511000.0,50590800.0,99.0,99.7,98.4,98.6,-0.7,370.0
2017-01-18,4746,1183089.0,118403189.0,98.5,101.5,98.3,101.5,2.9,902.0
2017-01-19,4746,694270.0,69851400.0,102.0,102.0,99.8,99.9,-1.6,535.0
2017-01-20,4746,596416.0,59223090.0,99.7,100.5,98.8,98.9,-1.0,433.0
2017-01-23,4746,467248.0,46273528.0,99.2,99.7,98.6,98.7,-0.2,319.0
2017-01-24,4746,566502.0,55546746.0,98.7,99.0,97.5,97.6,-1.1,453.0
2017-02-02,4746,730692.0,70434291.0,97.7,98.5,95.0,95.4,-2.2,538.0
2017-02-03,4746,465014.0,44955558.0,95.4,97.4,95.4,96.6,1.2,412.0
2017-02-06,4746,527492.0,51467971.0,97.5,98.3,96.7,97.6,1.0,354.0
2017-02-07,4746,1601331.0,151601977.0,96.0,96.0,93.8,94.1,-3.5,1026.0
2017-02-08,4746,880887.0,82798741.0,94.0,95.1,93.3,93.8,-0.3,688.0
2017-02-09,4746,725216.0,67731095.0,93.8,94.6,92.8,93.0,-0.8,538.0
2017-02-10,4746,627152.0,58530125.0,93.2,93.8,92.8,93.2,0.2,450.0
2017-02-13,4746,512000.0,47793800.0,93.2,93.9,92.8,93.7,0.5,354.0
2017-02-14,4746,617434.0,57454434.0,93.7,94.1,92.5,93.1,-0.6,437.0
2017-02-15,4746,459450.0,42896664.0,92.7,93.8,92.7,93.3,0.2,396.0
2017-02-16,4746,1002333.0,95390368.0,93.6,96.3,93.5,95.8,2.5,756.0
2017-02-17,4746,594020.0,56706824.0,96.0,96.0,94.8,95.8,0.0,459.0
2017-02-18,4746,1033012.0,101119282.0,96.0,99.2,95.4,98.1,2.3,804.0
2017-02-20,4746,917170.0,90728126.0,99.2,99.7,98.0,98.0,-0.1,667.0
2017-02-21,4746,492264.0,47487122.0,98.2,98.3,95.6,95.6,-2.4,410.0
2017-02-22,4746,402034.0,38743900.0,96.1,97.0,95.6,96.8,1.2,275.0
2017-02-23,4746,896253.0,85224884.0,96.8,96.8,94.0,94.3,-2.5,662.0
2017-02-24,4746,295031.0,27755345.0,94.3,94.7,93.5,94.7,0.4,226.0
2017-03-01,4746,306200.0,28705000.0,94.7,94.7,93.2,93.2,-1.5,257.0
2017-03-02,4746,1126261.0,102665646.0,93.0,93.2,89.4,90.1,-3.1,895.0
2017-03-03,4746,368083.0,33465361.0,90.1,91.6,89.6,91.0,0.9,328.0
2017-03-06,4746,684322.0,61749158.0,89.8,91.8,89.0,91.8,0.8,467.0
2017-03-07,4746,458090.0,42583587.0,91.7,93.4,91.7,93.0,1.2,367.0
2017-03-08,4746,373979.0,34913047.0,92.9,93.9,92.5,93.5,0.5,278.0
2017-03-09,4746,354108.0,33010032.0,93.6,93.8,92.5,93.5,0.0,267.0
2017-03-10,4746,1339244.0,121750604.0,93.5,93.9,89.5,90.3,-3.2,1002.0
2017-03-13,4746,1521353.0,134787740.0,90.6,91.2,87.5,88.2,-2.1,1084.0
2017-03-14,4746,1331893.0,117007005.0,88.5,88.8,87.0,88.7,0.5,996.0
2017-03-15,4746,612377.0,53987139.0,88.8,88.8,87.8,88.1,-0.6,449.0
2017-03-16,4746,398200.0,35213860.0,88.2,88.9,88.0,88.5,0.4,348.0
2017-03-17,4746,563214.0,49470122.0,88.5,88.5,87.1,88.1,-0.4,440.0
2017-03-20,4746,388647.0,34256599.0,88.2,88.6,87.8,88.2,0.1,304.0
2017-03-21,4746,508000.0,45076200.0,88.8,89.3,88.1,88.4,0.2,429.0
2017-03-22,4746,206030.0,18136646.0,87.9,88.6,87.1,88.4,0.0,174.0
2017-03-23,4746,589416.0,52756056.0,88.7,90.5,88.4,89.8,1.4,455.0
2017-03-24,4746,370050.0,33343160.0,90.0,90.5,89.8,90.0,0.2,265.0
2017-03-27,4746,346220.0,30920433.0,89.8,89.8,88.6,88.6,-1.4,251.0
2017-03-28,4746,416796.0,36846448.0,89.5,89.5,87.2,87.8,-0.8,361.0
2017-03-29,4746,312170.0,27488628.0,88.5,88.7,87.3,88.2,0.4,243.0
2017-03-30,4746,230113.0,20307657.0,88.5,88.5,88.0,88.5,0.3,192.0
2017-03-31,4746,229687.0,20345098.0,88.8,88.9,88.2,88.6,0.1,203.0
2017-04-05,4746,507000.0,45552700.0,88.6,90.5,88.6,90.4,1.8,437.0
2017-04-06,4746,294401.0,26488590.0,90.4,90.5,89.3,90.1,-0.3,252.0
2017-04-07,4746,363300.0,32499000.0,89.9,89.9,89.0,89.4,-0.7,293.0
2017-04-10,4746,422343.0,37190220.0,89.0,89.3,87.6,87.6,-1.8,329.0
2017-04-11,4746,1100502.0,94033866.0,88.0,88.3,84.2,84.8,-2.8,859.0
2017-04-12,4746,535429.0,45357578.0,84.9,85.3,84.0,85.0,0.2,288.0
2017-04-13,4746,389010.0,32780240.0,85.6,85.6,83.9,84.1,-0.9,297.0
2017-04-14,4746,477141.0,40417954.0,83.2,86.6,83.1,85.2,1.1,360.0
2017-04-17,4746,162250.0,13708600.0,86.2,86.2,84.1,84.1,-1.1,135.0
2017-04-18,4746,204120.0,17174792.0,84.1,84.7,84.0,84.0,-0.1,183.0
2017-04-19,4746,190390.0,15948087.0,84.0,84.5,82.9,83.6,-0.4,191.0
2017-04-20,4746,125213.0,10543832.0,84.4,84.5,83.8,84.2,0.6,118.0
2017-04-21,4746,194312.0,16467121.0,84.9,85.0,84.5,84.7,0.5,173.0
2017-04-24,4746,145206.0,12168504.0,84.6,84.6,83.5,83.7,-1.0,117.0
2017-04-25,4746,210002.0,17768168.0,83.7,85.0,83.7,84.7,1.0,152.0
2017-04-26,4746,150200.0,12758016.0,85.0,85.4,84.7,84.7,0.0,125.0
2017-04-27,4746,924203.0,80801600.0,85.5,88.6,85.1,87.7,3.0,636.0
2017-04-28,4746,971357.0,86997608.0,88.6,90.2,88.3,89.5,1.8,664.0
2017-05-02,4746,486177.0,43500534.0,89.9,90.2,88.2,88.9,-0.6,376.0
2017-05-03,4746,172076.0,15303710.0,89.0,89.7,88.2,88.4,-0.5,150.0
2017-05-04,4746,166271.0,14786764.0,88.2,89.4,88.2,89.0,0.6,151.0
2017-05-05,4746,191035.0,16822268.0,89.4,89.4,87.7,87.7,-1.3,170.0
2017-05-08,4746,453083.0,38983379.0,86.9,88.0,85.0,85.0,-2.7,340.0
2017-05-09,4746,196250.0,16657349.0,85.1,85.5,84.2,84.6,-0.4,136.0
2017-05-10,4746,164172.0,13840120.0,84.5,85.0,84.0,84.2,-0.4,142.0
2017-05-11,4746,329559.0,28369048.0,84.9,86.9,84.7,86.1,1.9,272.0
2017-05-12,4746,169000.0,14616600.0,86.7,86.9,86.0,86.6,0.5,110.0
2017-05-15,4746,336258.0,28745488.0,85.8,85.9,84.8,85.8,-0.8,264.0
2017-05-16,4746,228002.0,19773371.0,86.1,87.2,86.1,86.5,0.7,196.0
2017-05-17,4746,256001.0,21830885.0,86.5,86.8,84.8,85.0,-1.5,220.0
2017-05-18,4746,284300.0,24004060.0,84.5,85.0,83.7,84.4,-0.6,236.0
2017-05-19,4746,481000.0,40109900.0,84.3,84.4,82.9,83.2,-1.2,377.0
2017-05-22,4746,407500.0,33712600.0,83.2,83.4,82.3,83.0,-0.2,313.0
2017-05-23,4746,605000.0,49833400.0,83.0,83.0,82.0,82.0,-1.0,463.0
2017-05-24,4746,323050.0,26594150.0,82.3,82.9,81.9,82.5,0.5,281.0
2017-05-25,4746,319108.0,26144456.0,82.2,82.3,81.8,81.8,-0.7,288.0
2017-05-26,4746,419550.0,34234900.0,82.3,82.8,81.0,81.3,-0.5,355.0
2017-05-31,4746,315000.0,25623300.0,81.1,81.9,81.0,81.0,-0.3,246.0
2017-06-01,4746,259500.0,21016700.0,81.4,81.8,80.4,81.0,0.0,212.0
2017-06-02,4746,628200.0,50412000.0,81.1,81.5,79.7,79.8,-1.2,463.0
2017-06-03,4746,484150.0,39179319.0,80.0,81.6,79.6,81.4,1.6,360.0
2017-06-05,4746,247985.0,20244976.0,81.7,81.9,81.4,81.5,0.1,232.0
2017-06-06,4746,275808.0,22490971.0,81.5,82.0,81.3,81.7,0.2,232.0
2017-06-07,4746,211700.0,17130650.0,81.7,81.8,80.5,80.6,-1.1,190.0
2017-06-08,4746,155059.0,12455031.0,80.6,80.8,80.1,80.2,-0.4,142.0
2017-06-09,4746,259010.0,20787302.0,80.1,80.6,80.1,80.3,0.1,210.0
2017-06-12,4746,243000.0,19523200.0,80.7,80.8,80.0,80.0,-0.3,202.0
2017-06-13,4746,235000.0,19032600.0,80.5,81.5,80.5,81.4,1.4,211.0
2017-06-14,4746,229000.0,18364600.0,81.4,81.4,79.8,80.0,-1.4,167.0
2017-06-15,4746,315200.0,25378900.0,80.0,81.2,79.9,81.0,1.0,240.0
2017-06-16,4746,859605.0,71418874.0,81.1,84.4,80.8,83.6,2.6,677.0
2017-06-19,4746,1068521.0,91491806.0,83.9,86.5,83.6,85.7,2.1,874.0
2017-06-20,4746,889378.0,77105721.0,86.4,87.3,86.2,86.2,0.5,689.0
2017-06-21,4746,411041.0,35492232.0,86.0,86.8,85.4,86.5,0.3,305.0
2017-06-22,4746,1064225.0,93432130.0,86.2,88.4,86.2,87.5,1.0,770.0
2017-06-23,4746,816032.0,72032638.0,87.7,88.8,87.6,88.2,0.7,503.0
2017-06-26,4746,778857.0,68903341.0,88.6,89.5,87.7,87.8,-0.4,518.0
2017-06-27,4746,426255.0,37202212.0,88.1,88.3,86.5,87.3,-0.5,318.0
2017-06-28,4746,339900.0,29727700.0,87.0,88.0,86.5,88.0,0.7,269.0
2017-06-29,4746,487185.0,42682480.0,88.8,88.8,86.7,87.8,-0.2,262.0
2017-06-30,4746,227483.0,19834021.0,87.9,87.9,86.9,87.3,-0.5,174.0
2017-07-03,4746,301261.0,25892658.0,87.4,87.4,85.3,85.4,-1.9,239.0
2017-07-04,4746,200040.0,17073900.0,85.4,86.3,84.7,84.8,-0.6,172.0
2017-07-05,4746,212030.0,17852738.0,85.0,85.0,83.6,84.3,-0.5,157.0
2017-07-06,4746,146500.0,12278100.0,84.0,84.0,83.6,83.7,-0.6,136.0
2017-07-07,4746,295668.0,24467076.0,83.6,83.7,82.0,82.5,-1.2,254.0
2017-07-10,4746,272248.0,22479659.0,82.8,83.1,82.3,82.3,-0.2,182.0
2017-07-11,4746,333080.0,27385676.0,82.3,83.2,81.8,82.3,0.0,245.0
2017-07-12,4746,196000.0,16069700.0,81.9,82.3,81.8,81.9,-0.4,157.0
2017-07-13,4746,234000.0,19165300.0,81.9,82.2,81.7,82.0,0.1,170.0
2017-07-14,4746,201966.0,16529634.0,81.9,82.1,81.6,81.8,-0.2,164.0
2017-07-17,4746,548312.0,45487882.0,81.8,83.7,81.8,83.6,1.8,363.0
2017-07-18,4746,350624.0,29008154.0,83.6,83.6,82.4,82.6,-1.0,233.0
2017-07-19,4746,556554.0,45591171.0,82.4,82.6,81.4,82.4,-0.2,390.0
2017-07-20,4746,458093.0,37340388.0,82.3,82.3,81.3,81.5,-0.9,335.0
2017-07-21,4746,546000.0,44468700.0,81.9,82.6,80.8,80.9,-0.6,375.0
2017-07-24,4746,367495.0,29569700.0,81.0,81.7,80.1,80.4,-0.5,317.0
2017-07-25,4746,491792.0,39482337.0,80.5,81.3,80.0,80.4,0.0,387.0
2017-07-26,4746,422108.0,33746383.0,80.6,80.6,79.8,79.8,-0.6,319.0
2017-07-27,4746,582166.0,46696945.0,80.5,81.3,79.7,80.8,1.0,482.0
2017-07-28,4746,421100.0,34265400.0,81.7,82.0,80.8,81.0,0.2,334.0
2017-07-31,4746,378280.0,30494680.0,82.0,82.0,79.9,80.2,-0.8,307.0
2017-08-01,4746,356300.0,28539100.0,80.3,80.9,79.8,79.9,-0.3,267.0
2017-08-02,4746,440101.0,35183580.0,80.0,80.5,79.8,79.8,-0.1,276.0
2017-08-03,4746,675120.0,53162395.0,79.7,79.8,78.1,78.3,-1.5,483.0
2017-08-04,4746,669200.0,51786300.0,78.2,78.3,76.6,77.2,-1.1,498.0
2017-08-07,4746,1156200.0,86840400.0,76.1,76.2,74.2,74.5,-2.7,797.0
2017-08-08,4746,1031590.0,77367066.0,74.5,76.0,74.4,75.6,1.1,782.0
2017-08-09,4746,1648200.0,128388319.0,76.0,78.9,76.0,78.6,3.0,1303.0
2017-08-10,4746,1401130.0,111830335.0,79.3,80.8,78.6,79.1,0.5,1015.0
2017-08-11,4746,717300.0,55473989.0,78.8,79.0,76.4,76.5,-2.6,599.0
2017-08-14,4746,591480.0,44259916.0,76.5,76.9,74.2,74.2,-2.3,429.0
2017-08-15,4746,1189155.0,86310653.0,74.6,75.1,71.0,72.2,-2.0,955.0
2017-08-16,4746,961461.0,68836792.0,72.2,72.2,71.2,71.4,-0.8,814.0
2017-08-17,4746,994100.0,69380680.0,71.6,72.5,71.3,72.3,0.9,536.0
2017-08-18,4746,478417.0,34290282.0,72.0,72.6,71.3,71.6,-0.7,377.0
2017-08-21,4746,386001.0,27797172.0,72.2,72.6,71.4,72.0,0.4,258.0
2017-08-22,4746,477000.0,34513700.0,72.0,72.6,72.0,72.4,0.4,340.0
2017-08-23,4746,490200.0,35393280.0,72.5,72.8,71.5,71.8,-0.6,405.0
2017-08-24,4746,482100.0,34475359.0,71.8,72.3,71.2,71.5,-0.3,344.0
2017-08-25,4746,637999.0,46069526.0,72.1,72.6,71.7,72.6,1.1,430.0
2017-08-28,4746,550200.0,38917280.0,70.2,71.8,69.5,71.1,0.0,392.0
2017-08-29,4746,275200.0,19633160.0,71.2,71.8,71.0,71.3,0.2,203.0
2017-08-30,4746,351480.0,25255523.0,71.8,72.3,71.4,71.5,0.2,229.0
2017-08-31,4746,846455.0,61890741.0,71.7,74.0,71.7,73.5,2.0,647.0
2017-09-01,4746,786832.0,58412402.0,74.2,75.4,73.2,73.2,-0.3,586.0
2017-09-04,4746,618000.0,44179400.0,72.5,72.6,70.9,71.1,-2.1,521.0
2017-09-05,4746,481200.0,34430520.0,71.3,72.1,71.2,71.8,0.7,363.0
2017-09-06,4746,937200.0,66391880.0,71.7,71.8,70.4,70.9,-0.9,778.0
2017-09-07,4746,733400.0,52783600.0,71.2,72.6,70.9,71.7,0.8,570.0
2017-09-08,4746,313131.0,22742075.0,72.0,73.1,71.9,73.1,1.4,237.0
2017-09-11,4746,409202.0,30166407.0,73.5,74.3,73.1,74.3,1.2,330.0
2017-09-12,4746,559800.0,41328579.0,74.5,74.9,73.2,74.2,-0.1,420.0
2017-09-13,4746,343700.0,25601749.0,74.2,75.0,73.8,75.0,0.8,252.0
2017-09-14,4746,476200.0,35855280.0,75.5,76.4,74.6,75.3,0.3,365.0
2017-09-15,4746,503100.0,38040800.0,75.7,76.2,74.8,75.6,0.3,348.0
2017-09-18,4746,199415.0,15047165.0,75.9,75.9,75.1,75.1,-0.5,166.0
2017-09-19,4746,308264.0,23021281.0,75.1,75.5,73.7,73.8,-1.3,220.0
2017-09-20,4746,290251.0,21406274.0,74.4,74.4,73.1,74.0,0.2,234.0
2017-09-21,4746,184000.0,13532400.0,74.0,74.1,73.3,73.6,-0.4,139.0
2017-09-22,4746,270002.0,19633247.0,73.6,73.6,72.1,72.5,-1.1,230.0
2017-09-25,4746,498500.0,35431650.0,72.6,72.6,70.6,71.0,-1.5,404.0
2017-09-26,4746,368217.0,26016772.0,71.0,71.4,70.1,70.7,-0.3,295.0
2017-09-27,4746,186050.0,13167545.0,70.5,71.3,70.2,70.9,0.2,147.0
2017-09-28,4746,216100.0,15225790.0,70.9,71.2,70.1,70.4,-0.5,159.0
2017-09-29,4746,160000.0,11267900.0,70.6,70.7,70.2,70.4,0.0,116.0
2017-09-30,4746,1223050.0,91100480.0,71.0,75.9,71.0,75.8,5.4,896.0
2017-10-02,4746,1279200.0,98912100.0,76.5,79.2,75.2,78.1,2.3,917.0
2017-10-03,4746,1403160.0,111283956.0,78.4,80.2,78.2,79.5,1.4,1038.0
2017-10-05,4746,559230.0,44248138.0,79.5,79.6,78.3,79.3,-0.2,449.0
2017-10-06,4746,443188.0,34996033.0,79.2,79.4,78.5,78.9,-0.4,309.0
2017-10-11,4746,628055.0,50261954.0,79.1,80.5,78.9,80.3,1.4,485.0
2017-10-12,4746,443332.0,35079962.0,80.3,80.3,78.7,78.7,-1.6,333.0
2017-10-13,4746,222123.0,17546280.0,79.4,79.4,78.7,78.7,0.0,146.0
2017-10-16,4746,205000.0,16208100.0,79.3,79.4,78.7,78.8,0.1,163.0
2017-10-17,4746,443100.0,34269300.0,78.8,79.4,76.5,76.5,-2.3,346.0
2017-10-18,4746,145955.0,11263839.0,76.6,77.6,76.6,77.5,1.0,121.0
2017-10-19,4746,142200.0,10979639.0,77.6,77.6,76.6,77.6,0.1,89.0
2017-10-20,4746,459000.0,35829900.0,77.6,78.6,76.6,78.6,1.0,199.0
2017-10-23,4746,114051.0,8880588.0,78.5,78.5,77.5,77.5,-1.1,99.0
2017-10-24,4746,1806568.0,148149315.0,78.0,83.3,78.0,83.1,5.6,1358.0
2017-10-25,4746,1571117.0,132678851.0,84.0,85.8,83.1,84.6,1.5,1161.0
2017-10-26,4746,349293.0,29373023.0,84.8,85.3,83.4,83.7,-0.9,291.0
2017-10-27,4746,511043.0,41998483.0,83.7,83.9,80.5,80.5,-3.2,406.0
2017-10-30,4746,439001.0,35701981.0,81.5,82.7,79.5,81.4,0.9,304.0
2017-10-31,4746,201125.0,16479250.0,82.3,82.4,81.4,82.3,0.9,142.0
2017-11-01,4746,131375.0,10765850.0,82.5,82.5,81.5,82.1,-0.2,102.0
2017-11-02,4746,673550.0,56892700.0,82.1,85.8,82.1,83.2,1.1,531.0
2017-11-03,4746,309300.0,25721449.0,84.0,84.0,82.0,83.2,0.0,240.0
2017-11-06,4746,168123.0,14078370.0,84.2,84.5,83.1,83.5,0.3,143.0
2017-11-07,4746,1133325.0,90461644.0,80.0,80.8,78.9,79.1,-4.4,833.0
2017-11-08,4746,909900.0,73305990.0,79.9,82.4,78.9,79.5,0.4,662.0
2017-11-09,4746,696043.0,55574297.0,79.5,80.6,79.3,79.5,0.0,417.0
2017-11-10,4746,482499.0,38517821.0,80.5,80.6,79.4,79.6,0.1,333.0
2017-11-13,4746,1543265.0,114619704.0,78.5,78.5,72.8,73.3,-6.3,1113.0
2017-11-14,4746,574200.0,41320700.0,72.7,72.7,71.5,71.9,-1.4,415.0
2017-11-15,4746,836102.0,59643823.0,72.0,72.3,70.9,71.1,-0.8,452.0
2017-11-16,4746,577702.0,40934142.0,71.5,71.5,70.3,70.6,-0.5,384.0
2017-11-17,4746,854002.0,60286639.0,71.0,71.4,70.3,70.4,-0.2,533.0
2017-11-20,4746,738981.0,52084060.0,70.9,71.1,70.2,70.4,0.0,503.0
2017-11-21,4746,533415.0,37544916.0,70.5,70.7,70.2,70.4,0.0,335.0
2017-11-22,4746,333161.0,23592782.0,70.8,71.5,70.4,70.6,0.2,280.0
2017-11-23,4746,672887.0,47165490.0,70.7,71.0,69.6,69.9,-0.7,410.0
2017-11-24,4746,377380.0,26430290.0,69.9,70.5,69.8,70.2,0.3,244.0
2017-11-27,4746,305300.0,21387400.0,70.2,70.4,69.5,69.9,-0.3,189.0
2017-11-28,4746,373500.0,26033900.0,70.4,70.6,69.2,69.3,-0.6,282.0
2017-11-29,4746,511200.0,35006079.0,69.8,69.8,67.6,67.7,-1.6,360.0
2017-11-30,4746,437061.0,29651948.0,67.8,68.9,67.5,67.5,-0.2,296.0
2017-12-01,4746,312800.0,21156000.0,67.7,68.5,67.0,67.5,0.0,225.0
2017-12-04,4746,653351.0,43347609.0,67.3,67.5,65.2,66.2,-1.3,372.0
2017-12-05,4746,353200.0,23913960.0,66.0,68.7,66.0,67.7,1.5,252.0
2017-12-06,4746,408100.0,27864990.0,68.0,68.9,67.5,68.1,0.4,337.0
2017-12-07,4746,302100.0,20368330.0,68.0,68.1,67.0,67.3,-0.8,245.0
2017-12-08,4746,369150.0,25169775.0,67.4,68.8,67.4,68.7,1.4,224.0
2017-12-11,4746,539450.0,37750065.0,68.0,71.4,68.0,69.6,0.9,389.0
2017-12-12,4746,416300.0,28931639.0,69.5,70.4,68.7,69.3,-0.3,269.0
2017-12-13,4746,205000.0,14157100.0,69.4,69.7,68.6,68.6,-0.7,158.0
2017-12-14,4746,187784.0,12895674.0,68.7,69.3,68.3,68.3,-0.3,125.0
2017-12-15,4746,170108.0,11608697.0,69.1,69.1,68.0,68.0,-0.3,131.0
2017-12-18,4746,220100.0,14969739.0,68.2,68.5,67.4,68.1,0.1,146.0
2017-12-19,4746,288151.0,19464337.0,68.1,68.6,67.1,67.2,-0.9,173.0
2017-12-20,4746,191200.0,13037699.0,67.8,69.1,67.3,69.0,1.8,154.0
2017-12-21,4746,320300.0,22181610.0,69.3,69.7,68.8,69.0,0.0,235.0
2017-12-22,4746,254200.0,17621300.0,69.8,69.9,68.8,69.3,0.3,165.0
2017-12-25,4746,174630.0,12050692.0,69.3,69.6,68.6,68.7,-0.6,115.0
2017-12-26,4746,132002.0,8986436.0,68.7,68.9,67.7,67.9,-0.8,98.0
2017-12-27,4746,179393.0,12097266.0,68.2,68.3,67.0,67.2,-0.7,134.0
2017-12-28,4746,188300.0,12778320.0,67.8,68.4,67.4,67.4,0.2,154.0
2017-12-29,4746,320000.0,22090000.0,67.8,70.0,67.8,69.0,1.6,244.0
2018-01-02,4746,607386.0,42823213.0,69.0,71.4,69.0,70.5,1.5,416.0
2018-01-03,4746,293200.0,20506200.0,70.5,70.5,69.6,69.8,-0.7,179.0
2018-01-04,4746,366100.0,25348630.0,70.0,70.0,68.9,69.1,-0.7,216.0
2018-01-05,4746,366000.0,25132000.0,69.3,69.3,68.4,68.4,-0.7,215.0
2018-01-08,4746,839180.0,58089154.0,69.9,70.1,68.4,70.1,1.7,534.0
2018-01-09,4746,1054349.0,71434487.0,70.2,70.4,66.3,67.1,-3.0,772.0
2018-01-10,4746,3393629.0,210833283.0,67.1,67.1,60.4,61.1,-6.0,2175.0
2018-01-11,4746,1170493.0,70103876.0,61.1,61.9,58.6,59.7,-1.4,871.0
2018-01-12,4746,1643300.0,96598349.0,59.4,61.0,57.7,58.2,-1.5,1104.0
2018-01-15,4746,898007.0,53207227.0,58.8,60.2,58.6,59.2,1.0,621.0
2018-01-16,4746,913651.0,54403103.0,59.6,60.4,59.1,59.3,0.1,694.0
2018-01-17,4746,1555202.0,89953097.0,59.8,59.8,57.0,57.7,-1.6,950.0
2018-01-18,4746,784200.0,45526400.0,58.0,58.9,57.6,57.8,0.1,509.0
2018-01-19,4746,583303.0,33853777.0,58.0,58.4,57.8,58.0,0.2,380.0
2018-01-22,4746,1040002.0,62148120.0,58.3,60.6,58.3,60.3,2.3,741.0
2018-01-23,4746,1108100.0,67502600.0,61.4,61.7,60.2,60.2,-0.1,813.0
2018-01-24,4746,773100.0,45868630.0,60.2,60.2,58.7,59.1,-1.1,510.0
2018-01-25,4746,339415.0,20234791.0,59.7,60.0,59.3,59.5,0.4,225.0
2018-01-26,4746,459150.0,27287050.0,59.5,60.0,59.0,59.3,-0.2,347.0
2018-01-29,4746,444093.0,26346954.0,59.6,59.7,58.7,58.8,-0.5,308.0
2018-01-30,4746,343078.0,20013963.0,58.8,58.8,58.0,58.0,-0.8,242.0
2018-01-31,4746,707200.0,40544600.0,58.0,58.0,57.1,57.2,-0.8,526.0
2018-02-01,4746,1290425.0,72183140.0,57.3,57.7,55.3,55.8,-1.4,879.0
2018-02-02,4746,1791107.0,97051788.0,55.5,55.8,53.8,54.3,-1.5,1082.0
2018-02-05,4746,1111200.0,59561879.0,53.5,54.1,53.0,53.9,-0.4,777.0
2018-02-06,4746,1459100.0,74532820.0,53.6,53.6,49.6,50.3,-3.6,951.0
2018-02-07,4746,927150.0,48665725.0,51.9,53.8,50.8,53.1,2.8,638.0
2018-02-08,4746,320200.0,16837920.0,53.1,53.6,52.0,52.1,-1.0,241.0
2018-02-09,4746,392050.0,19893375.0,50.2,51.8,50.1,51.6,-0.5,271.0
2018-02-12,4746,194116.0,10044532.0,51.7,52.0,51.5,51.6,0.0,166.0
2018-02-21,4746,232000.0,12165200.0,52.0,52.9,51.9,52.6,1.0,181.0
2018-02-22,4746,395000.0,20983800.0,52.6,53.8,52.0,53.5,0.9,321.0
2018-02-23,4746,452450.0,24544565.0,54.2,54.7,53.7,53.9,0.4,317.0
2018-02-26,4746,437235.0,23378365.0,54.3,54.4,52.6,53.1,-0.8,283.0
2018-02-27,4746,595000.0,31279100.0,53.2,53.8,51.9,52.2,-0.9,436.0
2018-03-01,4746,214000.0,11221000.0,52.1,52.8,51.8,52.6,0.4,176.0
2018-03-02,4746,216200.0,11388200.0,52.3,53.1,52.1,53.0,0.4,154.0
2018-03-05,4746,506216.0,27218141.0,53.2,54.9,52.9,54.2,1.2,385.0
2018-03-06,4746,1591650.0,89360219.0,55.6,57.5,54.8,57.3,3.1,1130.0
2018-03-07,4746,1624108.0,93403620.0,57.4,58.9,55.9,57.4,0.1,1227.0
2018-03-08,4746,813683.0,47142434.0,58.0,58.7,57.1,57.3,-0.1,612.0
2018-03-09,4746,428250.0,24431973.0,57.6,57.9,56.6,56.8,-0.5,332.0
2018-03-12,4746,2826103.0,152624843.0,57.0,57.0,52.7,53.0,-3.8,1773.0
2018-03-13,4746,682200.0,36792400.0,53.4,54.5,53.4,53.9,0.9,454.0
2018-03-14,4746,900460.0,48572280.0,53.9,54.3,53.7,53.7,-0.2,429.0
2018-03-15,4746,896500.0,49295548.0,54.4,55.5,54.2,55.1,1.4,609.0
2018-03-16,4746,3593301.0,208057646.0,55.9,60.2,55.4,59.3,4.2,2421.0
2018-03-19,4746,3527668.0,211418741.0,59.8,61.0,58.8,60.0,0.7,2345.0
2018-03-20,4746,914381.0,54442560.0,59.1,60.4,58.8,59.7,-0.3,687.0
2018-03-21,4746,1426419.0,84880346.0,60.3,60.5,58.4,58.5,-1.2,934.0
2018-03-22,4746,971100.0,56086410.0,59.2,59.2,56.8,56.9,-1.6,717.0
2018-03-23,4746,904000.0,51288300.0,56.1,57.8,55.6,57.1,0.2,618.0
2018-03-26,4746,2757901.0,165244180.0,57.1,60.8,57.1,60.8,3.7,1818.0
2018-03-27,4746,5150500.0,320662698.0,62.8,63.2,61.1,61.4,0.6,2923.0
2018-03-28,4746,1470082.0,90337918.0,61.0,62.3,60.6,61.0,-0.4,934.0
2018-03-29,4746,4786388.0,302389659.0,62.0,64.2,61.5,63.1,2.1,3001.0
2018-03-30,4746,1516371.0,96005861.0,63.6,64.2,62.5,62.8,-0.3,976.0
2018-03-31,4746,1359026.0,86389130.0,63.0,64.3,62.9,63.1,0.3,871.0
2018-04-02,4746,1394730.0,87050087.0,63.3,64.1,61.6,61.7,-1.4,917.0
2018-04-03,4746,1781050.0,112885079.0,62.0,63.9,61.8,63.6,1.9,1212.0
2018-04-09,4746,6906514.0,470646920.0,65.2,69.9,64.6,69.9,6.3,4097.0
2018-04-10,4746,5476514.0,361566596.0,67.5,68.2,64.0,64.0,-5.9,3575.0
2018-04-11,4746,2694800.0,173451439.0,63.7,65.7,62.5,64.2,0.2,1731.0
2018-04-12,4746,1185280.0,76474600.0,64.7,65.3,63.6,65.0,0.8,873.0
2018-04-13,4746,2420200.0,157370540.0,65.0,66.3,63.4,63.4,-1.6,1570.0
2018-04-16,4746,917000.0,57752000.0,64.2,64.2,62.2,62.5,-0.9,600.0
2018-04-17,4746,1471228.0,89148356.0,62.5,63.0,59.6,59.6,-2.9,1055.0
2018-04-18,4746,690450.0,41764730.0,60.3,61.0,59.7,60.9,1.3,512.0
2018-04-19,4746,1069132.0,66338497.0,61.2,62.9,61.2,61.6,0.7,797.0
2018-04-20,4746,591100.0,36517760.0,61.9,62.5,61.0,61.0,-0.6,437.0
2018-04-23,4746,846211.0,52696301.0,61.2,63.2,61.2,62.4,1.4,594.0
2018-04-24,4746,1315948.0,80346428.0,62.9,63.4,59.7,60.0,-2.4,956.0
2018-04-25,4746,1118503.0,66201331.0,59.7,60.4,58.2,60.3,0.3,828.0
2018-04-26,4746,1179100.0,70122009.0,60.3,61.3,57.6,57.9,-2.4,839.0
2018-04-27,4746,916200.0,52564740.0,58.4,58.8,56.5,57.7,-0.2,618.0
2018-04-30,4746,519400.0,30597940.0,58.1,59.5,58.1,58.6,0.9,395.0
2018-05-02,4746,318000.0,18577500.0,58.8,59.2,58.1,58.1,-0.5,224.0
2018-05-03,4746,1003350.0,57279450.0,58.6,58.8,56.1,56.2,-1.9,650.0
2018-05-04,4746,1501350.0,81894250.0,56.6,56.6,53.6,54.2,-2.0,1063.0
2018-05-07,4746,706130.0,38202285.0,55.1,55.2,53.7,53.7,-0.5,508.0
2018-05-08,4746,659000.0,35269000.0,53.5,54.3,52.9,53.3,-0.4,440.0
2018-05-09,4746,581200.0,30835800.0,53.5,53.8,52.7,52.8,-0.5,432.0
2018-05-10,4746,487542.0,25987741.0,53.0,53.7,52.9,53.4,0.6,388.0
2018-05-11,4746,593100.0,31337440.0,53.5,53.6,52.4,52.5,-0.9,378.0
2018-05-14,4746,2416277.0,135147799.0,56.0,56.9,55.2,55.9,3.4,1576.0
2018-05-15,4746,1485413.0,80517315.0,54.5,55.0,53.6,54.4,-1.5,1049.0
2018-05-16,4746,1490050.0,82143145.0,54.4,55.8,54.3,54.9,0.5,972.0
2018-05-17,4746,648100.0,35604980.0,55.6,55.6,54.6,54.8,-0.1,419.0
2018-05-18,4746,774310.0,43024404.0,55.9,56.1,55.1,55.4,0.6,531.0
2018-05-21,4746,531160.0,29638440.0,56.1,56.2,55.6,55.7,0.3,347.0
2018-05-22,4746,578000.0,31814700.0,55.8,55.9,54.6,54.6,-1.1,409.0
2018-05-23,4746,457216.0,25214443.0,54.7,55.8,54.7,54.9,0.3,334.0
2018-05-24,4746,390927.0,21653348.0,55.6,55.7,55.2,55.5,0.6,271.0
2018-05-25,4746,801160.0,45035356.0,55.6,56.7,55.6,55.8,0.3,557.0
2018-05-28,4746,569202.0,31990031.0,56.5,56.5,55.8,55.8,0.0,391.0
2018-05-29,4746,686123.0,38461088.0,56.0,56.7,55.6,55.7,-0.1,412.0
2018-05-30,4746,445054.0,24730924.0,55.1,56.3,55.0,55.8,0.1,357.0
2018-05-31,4746,766003.0,43324576.0,56.5,57.4,55.9,57.0,1.2,511.0
2018-06-01,4746,2250915.0,132485053.0,57.5,59.7,57.5,58.0,1.0,1475.0
2018-06-04,4746,770300.0,44719020.0,58.1,58.5,57.6,57.7,-0.3,536.0
2018-06-05,4746,508050.0,29566900.0,58.1,59.0,57.6,57.7,0.0,380.0
2018-06-06,4746,997330.0,55920340.0,58.2,58.4,57.2,58.0,0.3,427.0
2018-06-07,4746,579041.0,33522078.0,58.4,58.4,57.6,57.8,-0.2,393.0
2018-06-08,4746,754000.0,43059300.0,57.8,58.4,56.2,56.6,-1.2,519.0
2018-06-11,4746,435000.0,24765000.0,57.0,57.5,56.4,56.7,0.1,278.0
2018-06-12,4746,593765.0,34120215.0,57.2,58.3,56.6,57.7,1.0,411.0
2018-06-13,4746,1082100.0,63037650.0,58.1,58.9,57.6,57.8,0.1,714.0
2018-06-14,4746,433108.0,24688423.0,57.6,57.8,56.6,56.6,-1.2,315.0
2018-06-15,4746,327051.0,18536496.0,56.8,57.1,56.2,56.6,0.0,188.0
2018-06-19,4746,480299.0,27012324.0,57.0,57.0,55.5,55.5,-1.1,300.0
2018-06-20,4746,770112.0,42119238.0,55.5,55.8,54.1,54.4,-1.1,536.0
2018-06-21,4746,369001.0,20299755.0,54.5,55.5,54.5,55.0,0.6,202.0
2018-06-22,4746,261200.0,14272000.0,55.1,55.1,54.3,54.6,-0.4,191.0
2018-06-25,4746,442000.0,24178000.0,54.7,55.0,54.4,55.0,0.4,300.0
2018-06-26,4746,391000.0,21360400.0,54.5,55.1,54.2,54.2,-0.8,284.0
2018-06-27,4746,403600.0,21689500.0,54.4,54.7,53.2,53.2,-1.0,268.0
2018-06-28,4746,356300.0,18952720.0,53.1,53.7,52.7,53.0,-0.2,252.0
2018-06-29,4746,1070102.0,58622879.0,53.5,55.7,53.5,54.6,1.6,605.0
2018-07-02,4746,494000.0,27065900.0,55.4,55.4,54.4,54.9,0.3,354.0
2018-07-03,4746,643060.0,34593940.0,54.3,54.9,53.1,53.2,-1.7,470.0
2018-07-04,4746,581148.0,31150118.0,53.5,54.3,53.2,53.4,0.2,458.0
2018-07-05,4746,711119.0,36816416.0,52.2,52.3,51.3,51.3,0.0,543.0
2018-07-06,4746,722600.0,36727859.0,51.6,51.8,50.0,50.4,-0.9,504.0
2018-07-09,4746,478000.0,24551600.0,50.6,52.6,50.6,52.3,1.9,404.0
2018-07-10,4746,444336.0,23199673.0,52.6,52.7,51.7,52.6,0.3,324.0
2018-07-11,4746,681000.0,36173700.0,52.5,53.9,52.0,53.0,0.4,442.0
2018-07-12,4746,1002240.0,54479102.0,53.1,55.2,53.1,54.6,1.6,681.0
2018-07-13,4746,983248.0,53643040.0,54.8,55.1,54.2,54.5,-0.1,674.0
2018-07-16,4746,749259.0,40957366.0,54.8,55.1,54.3,54.3,-0.2,507.0
2018-07-17,4746,486000.0,26459000.0,54.5,55.0,54.1,54.1,-0.2,363.0
2018-07-18,4746,530072.0,28470802.0,54.5,54.5,53.1,53.2,-0.9,401.0
2018-07-19,4746,343000.0,18202700.0,53.5,53.8,52.7,52.8,-0.4,271.0
2018-07-20,4746,492300.0,26026350.0,53.1,53.5,52.4,52.5,-0.3,340.0
2018-07-23,4746,402323.0,20964896.0,52.6,52.9,51.5,51.7,-0.8,273.0
2018-07-24,4746,502034.0,26584808.0,51.9,53.4,51.9,53.3,1.6,357.0
2018-07-25,4746,380858.0,20268974.0,53.6,53.7,52.6,53.0,-0.3,232.0
2018-07-26,4746,1661200.0,86951899.0,53.5,54.2,51.5,52.0,-1.0,999.0
2018-07-27,4746,467000.0,24535200.0,52.1,52.9,52.1,52.5,0.5,353.0
2018-07-30,4746,503698.0,26452234.0,52.8,52.8,52.2,52.2,-0.3,340.0
2018-07-31,4746,350759.0,18334804.0,52.6,52.6,52.0,52.2,0.0,252.0
2018-08-01,4746,1150452.0,59692348.0,51.8,52.3,51.5,52.0,-0.2,597.0
2018-08-02,4746,432500.0,22413000.0,52.0,52.1,51.6,51.6,-0.4,263.0
2018-08-03,4746,367000.0,19053200.0,51.9,52.2,51.6,52.1,0.5,243.0
2018-08-06,4746,1402252.0,74784183.0,52.5,54.4,52.2,54.1,2.0,993.0
2018-08-07,4746,838000.0,44868000.0,54.0,54.0,53.1,53.4,-0.7,550.0
2018-08-08,4746,1464028.0,77804384.0,53.2,53.8,52.8,53.0,-0.4,525.0
2018-08-09,4746,419818.0,22218921.0,53.0,53.3,52.6,53.2,0.2,329.0
2018-08-10,4746,689659.0,36924127.0,53.2,53.9,53.0,53.0,-0.2,514.0
2018-08-13,4746,714948.0,37034798.0,53.0,53.0,50.8,51.5,-1.5,526.0
2018-08-14,4746,1925750.0,96427923.0,50.8,51.1,49.6,50.1,-1.4,1259.0
2018-08-15,4746,2185507.0,105119836.0,49.9,49.9,47.25,47.4,-2.7,1421.0
2018-08-16,4746,995139.0,46586393.0,47.5,47.6,46.2,46.8,-0.6,733.0
2018-08-17,4746,592695.0,27964910.0,47.2,47.75,46.9,46.9,0.1,454.0
2018-08-20,4746,355193.0,16639071.0,47.25,47.65,46.6,46.65,-0.25,243.0
2018-08-21,4746,294325.0,13902575.0,46.8,47.7,46.8,47.5,0.85,187.0
2018-08-22,4746,176764.0,8401967.0,47.8,47.8,47.3,47.6,0.1,131.0
2018-08-23,4746,269523.0,12761804.0,47.7,47.7,47.15,47.25,-0.35,170.0
2018-08-24,4746,248985.0,11762130.0,47.6,47.65,47.0,47.15,-0.1,200.0
2018-08-27,4746,164500.0,7811250.0,47.25,47.65,47.25,47.6,0.45,120.0
2018-08-28,4746,305046.0,14596801.0,47.6,48.1,47.6,47.85,0.25,181.0
2018-08-29,4746,222483.0,10615531.0,47.9,48.0,47.6,47.75,-0.1,146.0
2018-08-30,4746,186100.0,8901714.0,47.95,47.95,47.7,47.85,0.1,122.0
2018-08-31,4746,132338.0,6322157.0,48.05,48.05,47.6,47.75,-0.1,104.0
2018-09-03,4746,215553.0,10211949.0,47.7,47.7,47.1,47.25,-0.5,129.0
2018-09-04,4746,228821.0,10885624.0,47.3,47.95,47.25,47.6,0.35,128.0
2018-09-05,4746,208338.0,10011074.0,47.85,48.5,47.75,48.2,0.6,172.0
2018-09-06,4746,701200.0,34279290.0,48.2,49.45,48.2,48.7,0.5,483.0
2018-09-07,4746,392996.0,18913852.0,48.4,48.95,47.55,48.2,-0.5,281.0
2018-09-10,4746,366145.0,17298116.0,48.4,48.4,47.0,47.05,-1.15,228.0
2018-09-11,4746,151096.0,7140209.0,47.0,47.45,47.0,47.45,0.4,103.0
2018-09-12,4746,165006.0,7824644.0,47.5,47.9,47.15,47.25,-0.2,124.0
2018-09-13,4746,332093.0,16022868.0,47.75,48.7,47.35,48.6,1.35,267.0
2018-09-14,4746,428338.0,20960193.0,49.3,49.3,48.5,48.7,0.1,267.0
2018-09-17,4746,202100.0,9758620.0,48.65,48.7,48.05,48.15,-0.55,149.0
2018-09-18,4746,168200.0,8125200.0,48.35,48.45,48.15,48.35,0.2,133.0
2018-09-19,4746,149000.0,7234400.0,48.8,48.85,48.4,48.5,0.15,115.0
2018-09-20,4746,150579.0,7319363.0,48.6,49.0,48.25,48.25,-0.25,131.0
2018-09-21,4746,148158.0,7176320.0,48.75,48.75,48.2,48.45,0.2,99.0
2018-09-25,4746,96000.0,4664550.0,48.7,48.75,48.4,48.6,0.15,76.0
2018-09-26,4746,188100.0,9141520.0,48.45,48.85,48.35,48.6,0.0,131.0
2018-09-27,4746,311148.0,15198976.0,48.6,49.15,48.5,49.0,0.4,220.0
2018-09-28,4746,218718.0,10680656.0,49.5,49.5,48.4,48.5,-0.5,168.0
2018-10-01,4746,156289.0,7639474.0,48.8,49.2,48.6,49.0,0.5,131.0
2018-10-02,4746,129337.0,6308642.0,49.3,49.3,48.5,48.55,-0.45,113.0
2018-10-03,4746,101048.0,4928852.0,48.8,48.95,48.6,48.75,0.2,89.0
2018-10-04,4746,321100.0,15515350.0,48.65,48.7,48.15,48.15,-0.6,214.0
2018-10-05,4746,329010.0,15701360.0,48.1,48.6,47.3,47.35,-0.8,256.0
2018-10-08,4746,359000.0,16922948.0,47.85,47.85,46.8,46.8,-0.55,226.0
2018-10-09,4746,795904.0,36433509.0,47.2,47.2,45.1,45.15,-1.65,457.0
2018-10-11,4746,1396372.0,56988202.0,42.0,42.45,40.65,40.65,-4.5,698.0
2018-10-12,4746,565000.0,22878950.0,39.85,41.15,39.65,41.1,0.45,318.0
2018-10-15,4746,272001.0,11124241.0,41.1,41.35,40.65,40.8,-0.3,184.0
2018-10-16,4746,160048.0,6581027.0,41.05,41.4,40.9,41.05,0.25,127.0
2018-10-17,4746,199000.0,8193700.0,41.7,41.7,40.8,41.0,-0.05,147.0
2018-10-18,4746,75612.0,3098092.0,41.35,41.45,40.8,40.85,-0.15,66.0
2018-10-19,4746,639109.0,25535460.0,40.8,40.8,39.7,39.85,-1.0,366.0
2018-10-22,4746,287000.0,11713600.0,40.0,41.25,40.0,40.9,1.05,199.0
2018-10-23,4746,200353.0,8117252.0,40.9,40.9,40.25,40.5,-0.4,162.0
2018-10-24,4746,198000.0,7983100.0,40.5,40.8,40.0,40.4,-0.1,132.0
2018-10-25,4746,631048.0,24768805.0,39.8,40.0,38.45,38.55,-1.85,364.0
2018-10-26,4746,401048.0,15416312.0,38.7,39.2,37.85,38.35,-0.2,265.0
2018-10-29,4746,159048.0,6107952.0,38.15,38.7,38.1,38.4,0.05,115.0
2018-10-30,4746,152000.0,5831550.0,38.35,38.9,38.05,38.25,-0.15,109.0
2018-10-31,4746,174048.0,6793096.0,38.4,39.4,38.4,39.2,0.95,118.0
2018-11-01,4746,147192.0,5866668.0,39.5,40.05,39.25,40.05,0.85,131.0
2018-11-02,4746,192496.0,7745336.0,40.45,40.6,40.05,40.15,0.1,131.0
2018-11-05,4746,150000.0,6006250.0,39.95,40.6,39.8,40.05,-0.1,106.0
2018-11-06,4746,88216.0,3502484.0,40.45,40.45,39.2,39.45,-0.6,78.0
2018-11-07,4746,123000.0,4877150.0,39.7,39.95,39.3,39.9,0.45,80.0
2018-11-08,4746,236538.0,9654740.0,40.9,41.35,40.3,41.0,1.1,179.0
2018-11-09,4746,80900.0,3264608.0,40.9,40.9,40.1,40.2,-0.8,80.0
2018-11-12,4746,112000.0,4495900.0,40.3,40.6,39.9,39.9,-0.3,81.0
2018-11-13,4746,115967.0,4559596.0,39.6,39.6,39.1,39.3,-0.6,108.0
2018-11-14,4746,1263498.0,47081645.0,38.0,38.4,36.7,36.75,-2.55,920.0
2018-11-15,4746,899981.0,32080411.0,36.55,36.7,34.8,36.05,-0.7,643.0
2018-11-16,4746,310175.0,11486662.0,36.65,37.8,36.35,36.85,0.8,246.0
2018-11-19,4746,410800.0,15548390.0,37.4,38.45,37.2,38.45,1.6,323.0
2018-11-20,4746,269225.0,10275425.0,38.2,38.6,37.65,38.0,-0.45,167.0
2018-11-21,4746,108366.0,4130261.0,37.6,38.25,37.5,38.25,0.25,88.0
2018-11-22,4746,172200.0,6599100.0,38.4,38.5,38.1,38.1,-0.15,118.0
2018-11-23,4746,120192.0,4529402.0,38.1,38.15,37.3,37.3,-0.8,100.0
2018-11-26,4746,85096.0,3204428.0,37.5,38.0,37.45,37.5,0.2,77.0
2018-11-27,4746,180000.0,6822150.0,37.4,38.15,37.4,38.0,0.5,132.0
2018-11-28,4746,186467.0,7156622.0,38.3,38.6,38.1,38.35,0.35,138.0
2018-11-29,4746,202050.0,7738620.0,38.75,38.75,38.0,38.0,-0.35,148.0
2018-11-30,4746,155000.0,5943000.0,38.0,38.7,38.0,38.1,0.1,111.0
2018-12-03,4746,295174.0,11493870.0,38.6,39.4,38.6,39.1,1.0,230.0
2018-12-04,4746,787400.0,32016909.0,40.1,41.5,40.0,40.05,0.95,591.0
2018-12-05,4746,177341.0,6970484.0,39.25,39.65,38.85,39.25,-0.8,158.0
2018-12-06,4746,341000.0,13153250.0,39.3,39.5,38.0,38.0,-1.25,239.0
2018-12-07,4746,70490.0,2706710.0,38.05,38.65,38.05,38.5,0.5,65.0
2018-12-10,4746,122125.0,4650340.0,38.0,38.4,37.75,37.8,-0.7,99.0
2018-12-11,4746,87000.0,3306200.0,38.2,38.2,37.85,37.95,0.15,68.0
2018-12-12,4746,130759.0,5022293.0,38.35,38.6,38.0,38.45,0.5,111.0
2018-12-13,4746,105514.0,4069544.0,38.8,38.8,38.25,38.55,0.1,81.0
2018-12-14,4746,73000.0,2796000.0,38.5,38.5,38.15,38.2,-0.35,63.0
2018-12-17,4746,177000.0,6893500.0,38.8,39.45,38.55,38.85,0.65,133.0
2018-12-18,4746,147100.0,5628150.0,38.85,38.85,38.1,38.15,-0.7,118.0
2018-12-19,4746,141450.0,5370300.0,38.1,38.2,37.8,37.9,-0.25,94.0
2018-12-20,4746,327750.0,12129862.0,37.75,37.75,36.6,36.65,-1.25,252.0
2018-12-21,4746,110070.0,4046200.0,36.7,37.05,36.4,37.05,0.4,75.0
2018-12-22,4746,16196.0,599410.0,36.8,37.3,36.8,37.3,0.25,14.0
2018-12-24,4746,83145.0,3094008.0,37.95,37.95,37.0,37.45,0.15,67.0
2018-12-25,4746,47000.0,1736200.0,37.5,37.5,36.7,37.0,-0.45,43.0
2018-12-26,4746,88000.0,3252050.0,37.35,37.35,36.75,37.0,0.0,61.0
2018-12-27,4746,169000.0,6370200.0,37.4,37.95,37.05,37.95,0.95,151.0
2018-12-28,4746,160226.0,6124605.0,38.1,38.45,38.0,38.3,0.35,111.0
2019-01-02,4746,95056.0,3613291.0,38.3,38.5,37.65,37.9,-0.4,61.0
2019-01-03,4746,151000.0,5780450.0,38.25,38.5,38.0,38.1,0.2,102.0
2019-01-04,4746,85030.0,3226800.0,38.0,38.3,37.7,38.0,-0.1,69.0
2019-01-07,4746,433636.0,17080788.0,38.4,39.8,38.4,39.45,1.45,343.0
2019-01-08,4746,197275.0,7790435.0,39.75,39.8,39.1,39.35,-0.1,151.0
2019-01-09,4746,129541.0,5099319.0,39.65,39.65,39.1,39.4,0.05,100.0
2019-01-10,4746,244251.0,9748125.0,39.4,40.35,39.3,40.15,0.75,205.0
2019-01-11,4746,493306.0,19939413.0,40.35,41.0,39.75,39.75,-0.4,278.0
2019-01-14,4746,121209.0,4838010.0,40.1,40.1,39.8,40.0,0.25,87.0
2019-01-15,4746,153196.0,6107888.0,39.85,40.05,39.6,39.95,-0.05,102.0
2019-01-16,4746,70437.0,2808141.0,39.95,40.0,39.75,39.8,-0.15,57.0
2019-01-17,4746,79244.0,3152385.0,39.8,39.95,39.7,39.85,0.05,62.0
2019-01-18,4746,52449.0,2084573.0,39.85,39.9,39.65,39.7,-0.15,51.0
2019-01-21,4746,135710.0,5357979.0,40.0,40.1,39.2,39.4,-0.3,114.0
2019-01-22,4746,255280.0,9904706.0,39.1,39.25,38.55,38.6,-0.8,184.0
2019-01-23,4746,99016.0,3866075.0,38.9,39.15,38.85,39.1,0.5,81.0
2019-01-24,4746,139600.0,5491819.0,39.4,39.55,39.2,39.25,0.15,116.0
2019-01-25,4746,74340.0,2937870.0,39.8,39.8,39.35,39.4,0.15,71.0
2019-01-28,4746,106000.0,4205150.0,39.55,39.8,39.45,39.75,0.35,84.0
2019-01-29,4746,68048.0,2692809.0,39.95,39.95,39.4,39.8,0.05,60.0
2019-01-30,4746,74048.0,2947709.0,39.6,39.95,39.6,39.8,0.0,63.0
2019-02-11,4746,230054.0,9231016.0,40.2,40.3,39.9,40.1,0.3,150.0
2019-02-12,4746,192015.0,7750260.0,40.3,40.5,40.25,40.4,0.3,143.0
2019-02-13,4746,218296.0,8865836.0,40.75,40.8,40.4,40.65,0.25,152.0
2019-02-14,4746,957030.0,40881273.0,40.95,44.0,40.85,42.8,2.15,702.0
2019-02-15,4746,603250.0,26097300.0,43.1,44.2,42.5,42.7,-0.1,431.0
2019-02-18,4746,515096.0,22345642.0,43.15,44.0,42.8,43.6,0.9,343.0
2019-02-19,4746,314148.0,13766446.0,43.6,44.05,43.2,43.85,0.25,224.0
2019-02-20,4746,559010.0,24985994.0,44.1,45.5,44.1,44.45,0.6,365.0
2019-02-21,4746,317229.0,14067987.0,44.45,45.15,43.9,44.05,-0.4,222.0
2019-02-22,4746,331463.0,14445680.0,44.1,44.2,43.1,43.6,-0.45,222.0
2019-02-25,4746,256145.0,11058414.0,43.6,43.6,43.0,43.2,-0.4,201.0
2019-02-26,4746,170241.0,7381985.0,43.25,43.8,43.2,43.3,0.1,119.0
2019-02-27,4746,141293.0,6091906.0,43.3,43.7,42.9,43.2,-0.1,108.0
2019-03-04,4746,189257.0,8161838.0,43.0,43.45,42.95,43.35,0.15,125.0
2019-03-05,4746,144160.0,6224478.0,43.3,43.55,43.0,43.3,-0.05,109.0
2019-03-06,4746,166096.0,7209256.0,43.05,43.6,43.05,43.3,0.0,126.0
2019-03-07,4746,167048.0,7264492.0,43.25,43.7,43.1,43.6,0.3,145.0
2019-03-08,4746,95200.0,4133629.0,43.4,43.65,43.1,43.65,0.05,87.0
2019-03-11,4746,359000.0,15978650.0,44.0,45.0,43.8,44.4,0.75,284.0
2019-03-12,4746,227555.0,10144529.0,45.35,45.35,44.3,44.4,0.0,168.0
2019-03-13,4746,166108.0,7282429.0,44.4,44.4,43.55,43.75,-0.65,134.0
2019-03-14,4746,126000.0,5501150.0,43.6,43.85,43.5,43.7,-0.05,98.0
2019-03-15,4746,531100.0,22664450.0,43.25,43.45,42.0,42.25,-1.45,399.0
2019-03-18,4746,137216.0,5809415.0,42.25,42.55,42.15,42.25,0.0,114.0
2019-03-19,4746,126296.0,5318239.0,42.0,42.35,41.9,42.0,-0.25,100.0
2019-03-20,4746,146071.0,6216670.0,42.45,42.7,42.45,42.55,0.55,105.0
2019-03-21,4746,132502.0,5671284.0,42.6,43.0,42.6,42.9,0.35,107.0
2019-03-22,4746,80400.0,3438410.0,43.2,43.2,42.6,42.6,-0.3,65.0
2019-03-25,4746,238096.0,10009791.0,42.5,42.5,41.75,41.8,-0.8,154.0
2019-03-26,4746,134000.0,5668850.0,42.0,42.6,42.0,42.4,0.6,84.0
2019-03-27,4746,58296.0,2469069.0,42.6,42.6,42.15,42.3,-0.1,55.0
2019-03-28,4746,81000.0,3448600.0,42.7,42.85,42.45,42.45,0.15,63.0
2019-03-29,4746,155136.0,6596256.0,42.5,43.0,42.3,42.35,-0.1,119.0
2019-04-01,4746,75246.0,3199317.0,42.35,42.7,42.35,42.55,0.2,58.0
2019-04-02,4746,107200.0,4571790.0,42.9,42.9,42.5,42.75,0.2,78.0
2019-04-03,4746,116010.0,4950035.0,43.0,43.0,42.5,42.55,-0.2,83.0
2019-04-08,4746,301063.0,12824572.0,42.9,43.0,42.45,42.45,-0.1,185.0
2019-04-09,4746,378300.0,16284044.0,42.8,43.5,42.5,42.85,0.4,263.0
2019-04-10,4746,327052.0,14090236.0,43.1,43.4,43.0,43.0,0.15,224.0
2019-04-11,4746,163104.0,7006022.0,43.4,43.4,42.8,42.85,-0.15,110.0
2019-04-12,4746,107130.0,4555415.0,42.85,42.95,42.25,42.35,-0.5,95.0
2019-04-15,4746,204003.0,8747179.0,42.8,43.25,42.4,42.4,0.05,134.0
2019-04-16,4746,167000.0,7096450.0,42.4,42.55,42.4,42.4,0.0,96.0
2019-04-17,4746,154750.0,6629439.0,42.5,43.0,42.5,42.8,0.4,135.0
2019-04-18,4746,149000.0,6373750.0,42.8,43.0,42.4,42.5,-0.3,125.0
2019-04-19,4746,202326.0,8657192.0,42.5,43.0,42.45,43.0,0.5,162.0
2019-04-22,4746,470040.0,20391232.0,43.3,43.7,43.1,43.1,0.1,300.0
2019-04-23,4746,295160.0,12800144.0,43.7,43.7,43.1,43.1,0.0,201.0
2019-04-24,4746,189048.0,8118333.0,43.2,43.6,42.7,42.75,-0.35,146.0
2019-04-25,4746,102031.0,4361529.0,42.75,42.95,42.6,42.75,0.0,64.0
2019-04-26,4746,100759.0,4299890.0,43.1,43.1,42.5,42.5,-0.25,74.0
2019-04-29,4746,262162.0,10985075.0,42.5,42.5,41.5,41.7,-0.8,189.0
2019-04-30,4746,251224.0,10464608.0,42.0,42.15,41.2,41.45,-0.25,168.0
2019-05-02,4746,122000.0,5069950.0,41.45,41.7,41.4,41.6,0.15,76.0
2019-05-03,4746,106063.0,4429482.0,41.6,42.05,41.55,41.7,0.1,69.0
2019-05-06,4746,202117.0,8363828.0,41.8,41.9,41.0,41.15,-0.55,144.0
2019-05-07,4746,120048.0,4976484.0,41.2,41.6,41.2,41.25,0.1,92.0
2019-05-08,4746,94000.0,3863350.0,41.1,41.25,40.9,41.0,-0.25,80.0
2019-05-09,4746,168000.0,6766000.0,41.0,41.0,39.9,39.95,-1.05,137.0
2019-05-10,4746,263616.0,10423104.0,39.9,40.3,39.1,39.55,-0.4,193.0
2019-05-13,4746,585748.0,22322748.0,39.0,39.1,37.5,37.5,-2.05,384.0
2019-05-14,4746,330000.0,12216300.0,37.3,37.3,36.8,37.2,-0.3,230.0
2019-05-15,4746,204000.0,7675200.0,37.2,38.0,37.2,38.0,0.8,143.0
2019-05-16,4746,141301.0,5397388.0,38.3,38.4,38.0,38.0,0.0,95.0
2019-05-17,4746,131100.0,4957450.0,38.0,38.15,37.4,37.6,-0.4,107.0
2019-05-20,4746,208300.0,7718950.0,37.6,37.7,36.65,37.0,-0.6,161.0
2019-05-21,4746,153009.0,5760807.0,37.0,38.55,36.9,38.1,1.1,106.0
2019-05-22,4746,62008.0,2364173.0,38.1,38.4,37.85,38.1,0.0,49.0
2019-05-23,4746,145442.0,5527096.0,38.1,38.4,37.6,37.85,-0.25,103.0
2019-05-24,4746,126151.0,4837453.0,37.85,38.55,37.85,38.35,0.5,107.0
2019-05-27,4746,139000.0,5351150.0,38.35,38.7,38.35,38.45,0.1,94.0
2019-05-28,4746,115000.0,4438300.0,38.45,38.85,38.45,38.5,0.05,78.0
2019-05-29,4746,110247.0,4218782.0,38.5,38.65,37.9,38.3,-0.2,100.0
2019-05-30,4746,149200.0,5676200.0,38.5,38.5,37.8,38.05,-0.25,107.0
2019-05-31,4746,125494.0,4769845.0,38.0,38.35,37.8,37.95,-0.1,99.0
2019-06-03,4746,97261.0,3666563.0,38.0,38.0,37.5,37.55,-0.4,72.0
2019-06-04,4746,75101.0,2837525.0,37.5,37.9,37.5,37.7,0.15,62.0
2019-06-05,4746,114024.0,4289856.0,37.8,37.8,37.4,37.45,-0.25,85.0
2019-06-06,4746,92000.0,3427500.0,37.15,37.6,37.15,37.25,-0.2,65.0
2019-06-10,4746,112000.0,4197300.0,37.6,37.65,37.3,37.4,0.15,63.0
2019-06-11,4746,99100.0,3693390.0,37.3,37.4,37.2,37.3,-0.1,77.0
2019-06-12,4746,74000.0,2754500.0,37.25,37.3,37.15,37.3,0.0,47.0
2019-06-13,4746,96200.0,3563379.0,37.2,37.2,36.95,37.15,-0.15,69.0
2019-06-14,4746,953491.0,36408028.0,37.15,39.0,37.1,38.1,0.95,524.0
2019-06-17,4746,175049.0,6638741.0,38.1,38.4,37.75,37.75,-0.35,120.0
2019-06-18,4746,93000.0,3524350.0,37.95,38.15,37.75,37.8,0.05,62.0
2019-06-19,4746,104483.0,3957930.0,38.0,38.0,37.75,37.8,0.0,74.0
2019-06-20,4746,133027.0,5069480.0,37.9,38.3,37.9,38.15,0.35,100.0
2019-06-21,4746,211000.0,8102900.0,38.45,38.65,38.15,38.5,0.35,138.0
2019-06-24,4746,95651.0,3666228.0,38.5,38.6,38.2,38.6,0.1,62.0
2019-06-25,4746,74300.0,2848084.0,38.7,38.7,38.25,38.4,-0.2,44.0
2019-06-26,4746,84100.0,3200604.0,38.05,38.35,37.95,38.15,-0.25,59.0
2019-06-27,4746,109244.0,4160844.0,38.15,38.15,38.0,38.1,-0.05,79.0
2019-06-28,4746,105000.0,3975300.0,38.0,38.0,37.8,37.85,-0.25,81.0
2019-07-01,4746,176000.0,6758950.0,38.2,38.6,38.2,38.2,0.35,124.0
2019-07-02,4746,434048.0,16874029.0,38.6,39.2,38.55,39.0,0.8,290.0
2019-07-03,4746,291000.0,11424300.0,39.2,39.7,39.0,39.3,0.3,227.0
2019-07-04,4746,122505.0,4814120.0,39.65,39.65,39.1,39.1,-0.2,84.0
2019-07-05,4746,153162.0,6027880.0,39.1,39.6,39.05,39.6,0.5,121.0
2019-07-08,4746,216052.0,8445072.0,39.15,39.35,38.8,39.05,-0.55,154.0
2019-07-09,4746,192376.0,7553189.0,38.7,39.45,38.7,39.2,0.15,129.0
2019-07-10,4746,135659.0,5322602.0,39.25,39.45,39.0,39.0,-0.2,90.0
2019-07-11,4746,149472.0,5787516.0,39.0,39.0,38.55,38.6,-0.4,111.0
2019-07-12,4746,120666.0,4639004.0,38.75,38.8,38.15,38.3,-0.3,95.0
2019-07-15,4746,173500.0,6664749.0,38.25,38.7,38.2,38.3,0.0,120.0
2019-07-16,4746,151162.0,5795056.0,38.4,38.65,38.2,38.25,-0.05,107.0
2019-07-17,4746,94161.0,3621798.0,38.35,38.75,38.3,38.5,0.25,72.0
2019-07-18,4746,315050.0,12292195.0,38.55,39.35,38.55,39.05,0.55,219.0
2019-07-19,4746,232166.0,9074324.0,39.15,39.35,38.8,38.8,-0.25,131.0
2019-07-22,4746,172034.0,6661217.0,38.95,39.0,38.45,38.5,-0.3,120.0
2019-07-23,4746,197904.0,7626038.0,39.05,39.05,38.35,38.35,-0.15,130.0
2019-07-24,4746,208047.0,8012500.0,38.65,38.7,38.3,38.3,-0.05,145.0
2019-07-25,4746,160803.0,6153793.0,38.2,38.6,38.15,38.3,0.0,109.0
2019-07-26,4746,111300.0,4257314.0,38.3,38.35,38.2,38.2,-0.1,84.0
2019-07-29,4746,175226.0,6715194.0,38.2,38.5,38.2,38.45,0.25,106.0
2019-07-30,4746,188000.0,7186400.0,38.45,38.5,38.05,38.1,-0.35,116.0
2019-07-31,4746,119000.0,4540600.0,38.1,38.25,38.1,38.2,0.1,66.0
2019-08-01,4746,160217.0,6101467.0,38.05,38.2,38.05,38.1,-0.1,75.0
2019-08-02,4746,246300.0,9218799.0,38.0,38.0,37.0,37.1,-1.0,153.0
2019-08-05,4746,359058.0,12956755.0,37.0,37.0,35.15,35.4,-1.7,257.0
2019-08-06,4746,238319.0,8380834.0,35.0,36.0,34.85,36.0,0.6,182.0
2019-08-07,4746,106192.0,3821868.0,35.8,36.15,35.8,35.9,-0.1,81.0
2019-08-08,4746,145502.0,5269622.0,36.7,36.7,36.1,36.3,0.4,93.0
2019-08-12,4746,145000.0,5302000.0,36.35,36.85,36.0,36.8,0.5,112.0
2019-08-13,4746,102108.0,3749623.0,36.95,36.95,36.6,36.7,-0.1,81.0
2019-08-14,4746,335400.0,12078170.0,36.3,36.45,35.7,35.7,0.0,200.0
2019-08-15,4746,205193.0,7176174.0,35.5,35.5,34.85,35.0,-0.7,135.0
2019-08-16,4746,226162.0,7776729.0,34.05,34.7,34.05,34.45,-0.55,173.0
2019-08-19,4746,127334.0,4407905.0,34.45,35.0,34.45,34.55,0.1,109.0
2019-08-20,4746,164000.0,5633750.0,34.55,34.55,34.2,34.25,-0.3,119.0
2019-08-21,4746,336887.0,11393530.0,34.25,34.25,33.55,33.75,-0.5,261.0
2019-08-22,4746,203108.0,6828039.0,33.9,33.9,33.5,33.55,-0.2,155.0
2019-08-23,4746,241615.0,8014747.0,33.55,33.55,33.1,33.25,-0.3,188.0
2019-08-26,4746,277918.0,9071826.0,32.9,32.9,32.5,32.5,-0.75,183.0
2019-08-27,4746,181000.0,5987200.0,32.65,33.5,32.65,33.3,0.8,121.0
2019-08-28,4746,326000.0,11161950.0,32.95,34.7,32.95,34.7,1.4,233.0
2019-08-29,4746,172015.0,5972440.0,35.25,35.25,34.3,34.65,-0.05,124.0
2019-08-30,4746,117000.0,4029450.0,34.6,34.75,34.15,34.25,-0.4,89.0
2019-09-02,4746,72141.0,2490221.0,34.25,34.8,34.25,34.55,0.3,53.0
2019-09-03,4746,96483.0,3318563.0,34.3,34.65,34.3,34.3,-0.25,69.0
2019-09-04,4746,45594.0,1561583.0,34.3,34.5,34.05,34.45,0.15,41.0
2019-09-05,4746,91000.0,3127050.0,34.2,34.5,34.2,34.5,0.05,63.0
2019-09-06,4746,70665.0,2434673.0,34.35,34.7,34.3,34.45,-0.05,66.0
2019-09-09,4746,101531.0,3526498.0,34.25,35.0,34.25,34.65,0.2,70.0
2019-09-10,4746,103318.0,3587531.0,34.65,34.95,34.65,34.8,0.15,68.0
2019-09-11,4746,49200.0,1713429.0,34.55,34.95,34.5,34.85,0.05,43.0
2019-09-12,4746,133338.0,4671181.0,35.0,35.25,34.8,35.15,0.3,96.0
2019-09-16,4746,280439.0,9917876.0,35.35,35.65,35.1,35.3,0.15,163.0
2019-09-17,4746,106398.0,3742279.0,35.15,35.4,34.95,35.15,-0.15,72.0
2019-09-18,4746,91668.0,3203111.0,35.1,35.2,34.8,35.0,-0.15,79.0
2019-09-19,4746,59219.0,2063565.0,34.8,35.0,34.75,34.95,-0.05,52.0
2019-09-20,4746,52487.0,1820548.0,34.95,34.95,34.6,34.6,-0.35,47.0
2019-09-23,4746,112209.0,3847189.0,34.5,34.5,34.15,34.2,-0.4,79.0
2019-09-24,4746,53548.0,1834590.0,34.1,34.45,34.1,34.2,0.0,47.0
2019-09-25,4746,47161.0,1613806.0,34.1,34.4,34.1,34.35,0.15,40.0
2019-09-26,4746,76000.0,2596600.0,34.1,34.3,34.1,34.15,-0.2,54.0
2019-09-27,4746,143193.0,4819576.0,34.15,34.15,33.25,33.3,-0.85,118.0
2019-10-01,4746,77419.0,2588752.0,33.35,33.85,33.25,33.5,0.2,54.0
2019-10-02,4746,52483.0,1750056.0,33.5,33.5,33.2,33.4,-0.1,38.0
2019-10-03,4746,54517.0,1820319.0,33.3,33.5,33.25,33.5,0.1,34.0
2019-10-04,4746,74193.0,2494946.0,33.6,33.9,33.5,33.6,0.1,51.0
2019-10-07,4746,206297.0,6995098.0,34.0,34.05,33.8,33.8,0.2,111.0
2019-10-08,4746,246000.0,8448900.0,33.85,34.65,33.85,34.6,0.8,151.0
2019-10-09,4746,658300.0,23223454.0,34.6,35.9,34.5,35.55,0.95,381.0
2019-10-14,4746,776619.0,28186054.0,35.55,36.8,35.55,36.7,1.15,408.0
2019-10-15,4746,835430.0,29964615.0,36.75,37.0,35.0,35.65,-1.05,507.0
2019-10-16,4746,225500.0,8093425.0,35.9,36.2,35.7,35.95,0.3,141.0
2019-10-17,4746,663614.0,24366862.0,35.9,37.3,35.9,37.2,1.25,405.0
2019-10-18,4746,391440.0,14481133.0,37.25,37.3,36.6,37.3,0.1,236.0
2019-10-21,4746,1014459.0,38593388.0,37.4,38.75,36.8,38.65,1.35,755.0
2019-10-22,4746,566031.0,21638156.0,38.65,38.75,37.8,38.25,-0.4,366.0
2019-10-23,4746,572503.0,21352161.0,38.1,38.1,36.5,36.85,-1.4,367.0
2019-10-24,4746,242026.0,8989560.0,37.05,37.4,36.9,36.95,0.1,156.0
2019-10-25,4746,170200.0,6295780.0,37.05,37.2,36.85,36.85,-0.1,124.0
2019-10-28,4746,144100.0,5309080.0,36.9,37.2,36.65,36.65,-0.2,90.0
2019-10-29,4746,176157.0,6495369.0,37.0,37.1,36.6,36.7,0.05,91.0
2019-10-30,4746,541600.0,20515980.0,37.0,38.25,36.85,38.0,1.3,401.0
2019-10-31,4746,301290.0,11468333.0,38.1,38.45,37.7,37.95,-0.05,221.0
2019-11-01,4746,150881.0,5735700.0,38.2,38.2,37.8,37.85,-0.1,97.0
2019-11-04,4746,216000.0,8188950.0,38.2,38.2,37.7,37.75,-0.1,123.0
2019-11-05,4746,154420.0,5812262.0,37.7,37.9,37.35,37.6,-0.15,108.0
2019-11-06,4746,264395.0,9778352.0,37.6,37.6,36.75,37.0,-0.6,203.0
2019-11-07,4746,193532.0,7085934.0,36.9,37.0,36.35,36.35,-0.65,148.0
2019-11-08,4746,69119.0,2519617.0,36.4,36.5,36.35,36.45,0.1,51.0
2019-11-11,4746,234405.0,8370793.0,36.3,36.4,35.3,35.3,-1.15,171.0
2019-11-12,4746,175253.0,6281558.0,35.4,36.25,35.4,36.1,0.8,100.0
2019-11-13,4746,87000.0,3111400.0,35.75,35.9,35.65,35.65,-0.45,54.0
2019-11-14,4746,384145.0,14104992.0,36.0,37.15,35.7,36.75,1.1,287.0
2019-11-15,4746,1559941.0,60129713.0,37.0,39.5,37.0,38.65,1.9,962.0
2019-11-18,4746,1777155.0,70687339.0,39.1,40.6,38.7,40.15,1.5,1059.0
2019-11-19,4746,1334452.0,54071062.0,40.4,41.25,39.6,40.3,0.15,853.0
2019-11-20,4746,450114.0,18104041.0,40.3,40.55,40.0,40.4,0.1,323.0
2019-11-21,4746,2104589.0,87486502.0,40.55,42.35,40.5,42.2,1.8,1334.0
2019-11-22,4746,1092057.0,45622917.0,42.05,42.4,41.4,41.6,-0.6,776.0
2019-11-25,4746,1642561.0,70328647.0,42.0,43.55,42.0,42.3,0.7,1157.0
2019-11-26,4746,732573.0,30828439.0,42.3,42.8,41.4,42.2,-0.1,486.0
2019-11-27,4746,1152991.0,48741582.0,42.3,43.2,41.5,42.05,-0.15,737.0
2019-11-28,4746,1583275.0,68264961.0,42.45,43.9,42.05,43.1,1.05,1037.0
2019-11-29,4746,2176587.0,95611919.0,43.75,44.7,43.05,43.05,-0.05,1404.0
2019-12-02,4746,954222.0,40725201.0,42.6,43.2,42.0,42.8,-0.25,643.0
2019-12-03,4746,2372521.0,104126118.0,43.05,45.0,42.95,43.45,0.65,1521.0
2019-12-04,4746,677404.0,29339033.0,43.1,43.85,42.8,43.55,0.1,469.0
2019-12-05,4746,2455141.0,109951061.0,43.7,45.55,43.6,45.15,1.6,1752.0
2019-12-06,4746,1460947.0,64221926.0,44.55,44.65,43.65,43.7,-1.45,978.0
2019-12-09,4746,1450778.0,61852954.0,43.5,43.55,41.85,42.05,-1.65,900.0
2019-12-10,4746,1791195.0,75955333.0,42.05,43.2,41.2,43.1,1.05,1195.0
2019-12-11,4746,836108.0,36330237.0,43.0,43.95,42.5,43.4,0.3,639.0
2019-12-12,4746,1198048.0,52335078.0,43.5,44.2,42.9,43.2,-0.2,709.0
2019-12-13,4746,322217.0,13827218.0,43.6,43.6,42.65,42.7,-0.5,244.0
2019-12-16,4746,1313157.0,54312937.0,42.7,42.75,40.2,40.95,-1.75,974.0
2019-12-17,4746,1123082.0,46680118.0,41.05,42.35,40.75,42.1,1.15,824.0
2019-12-18,4746,2105520.0,84717459.0,41.7,41.8,39.0,39.6,-2.5,1306.0
2019-12-19,4746,1134100.0,45209490.0,39.85,40.7,39.25,39.7,0.1,771.0
2019-12-20,4746,1569200.0,64149619.0,40.1,41.6,40.1,41.1,1.4,875.0
2019-12-23,4746,506467.0,20811757.0,41.55,41.55,40.55,40.95,-0.15,306.0
2019-12-24,4746,467092.0,18962431.0,40.6,41.1,40.2,40.5,-0.45,318.0
2019-12-25,4746,320101.0,13140521.0,40.5,41.35,40.5,41.25,0.75,196.0
2019-12-26,4746,281002.0,11535383.0,41.25,41.35,40.55,41.35,0.1,199.0
2019-12-27,4746,239487.0,9864886.0,41.35,41.55,41.0,41.35,0.0,161.0
2019-12-30,4746,153000.0,6318000.0,41.3,41.55,41.1,41.45,0.1,117.0
2019-12-31,4746,342481.0,14304603.0,41.5,42.05,41.4,41.85,0.4,264.0
2020-01-02,4746,219676.0,9221842.0,41.9,42.2,41.6,42.1,0.25,173.0
2020-01-03,4746,267030.0,11081190.0,41.85,42.1,41.1,41.35,-0.75,195.0
2020-01-06,4746,272096.0,11269843.0,41.35,42.0,40.8,41.9,0.55,221.0
2020-01-07,4746,602450.0,25316058.0,41.7,42.65,41.45,42.0,0.1,463.0
2020-01-08,4746,275203.0,11413913.0,41.85,41.95,41.2,41.2,-0.8,214.0
2020-01-09,4746,1399110.0,57747459.0,41.8,42.65,39.7,40.4,-0.8,1017.0
2020-01-10,4746,165004.0,6669120.0,40.5,40.65,40.2,40.6,0.2,141.0
2020-01-13,4746,203096.0,8309081.0,41.0,41.35,40.6,40.95,0.35,153.0
2020-01-14,4746,221000.0,9021300.0,41.05,41.15,40.55,40.65,-0.3,149.0
2020-01-15,4746,588290.0,23873429.0,41.1,41.25,39.95,40.05,-0.6,410.0
2020-01-16,4746,595999.0,24588456.0,40.5,41.95,40.5,41.9,1.85,457.0
2020-01-17,4746,496148.0,20798892.0,42.15,42.45,41.55,41.8,-0.1,328.0
2020-01-20,4746,364100.0,15318300.0,41.85,42.35,41.8,42.0,0.2,241.0
2020-01-30,4746,1870574.0,81382806.0,42.1,44.1,42.1,43.95,1.95,1308.0
2020-01-31,4746,1578310.0,67662767.0,44.5,44.75,41.65,41.8,-2.15,1140.0
2020-02-03,4746,743100.0,30068635.0,41.8,42.25,39.8,40.15,-1.65,567.0
2020-02-04,4746,677000.0,28005100.0,40.65,42.3,40.4,41.8,1.65,554.0
2020-02-05,4746,1110959.0,47494147.0,42.2,43.2,41.6,42.95,1.15,790.0
2020-02-06,4746,1556048.0,68318092.0,43.55,44.8,43.15,43.75,0.8,1055.0
2020-02-07,4746,633100.0,26996850.0,43.55,43.55,42.3,42.3,-1.45,454.0
2020-02-10,4746,406295.0,16796427.0,41.0,41.7,40.6,41.35,-0.95,294.0
2020-02-11,4746,302048.0,12496387.0,41.35,41.55,41.25,41.25,-0.1,195.0
2020-02-12,4746,563256.0,23191799.0,41.5,41.7,40.8,41.2,-0.05,429.0
2020-02-13,4746,535069.0,22282963.0,41.75,42.1,41.3,41.45,0.25,338.0
2020-02-14,4746,1445301.0,58437250.0,41.7,41.7,39.9,40.2,-1.25,919.0
2020-02-17,4746,538000.0,21801000.0,40.3,41.0,39.95,40.55,0.35,368.0
2020-02-18,4746,335739.0,13680403.0,40.2,41.05,40.2,41.0,0.45,290.0
2020-02-19,4746,506096.0,20524692.0,40.9,41.2,40.0,40.25,-0.75,331.0
2020-02-20,4746,308000.0,12444850.0,40.3,40.75,40.05,40.25,0.0,202.0
2020-02-21,4746,886148.0,36320421.0,40.7,41.75,40.15,41.6,1.35,561.0
2020-02-24,4746,1001028.0,42184931.0,41.8,42.85,41.3,41.5,-0.1,688.0
2020-02-25,4746,1154337.0,48407454.0,41.5,42.45,41.35,41.9,0.4,756.0
2020-02-26,4746,782000.0,32670400.0,42.3,42.45,41.0,41.3,-0.6,445.0
2020-02-27,4746,1236880.0,49614600.0,41.75,41.8,39.05,39.7,-1.6,735.0
2020-03-02,4746,929682.0,36081694.0,39.2,39.4,38.25,38.7,-1.0,593.0
2020-03-03,4746,643623.0,25359781.0,39.1,39.65,39.05,39.2,0.5,366.0
2020-03-04,4746,1449272.0,59223887.0,39.2,42.3,39.0,41.9,2.7,891.0
2020-03-05,4746,1019420.0,42349090.0,41.4,42.15,40.95,42.05,0.0,759.0
2020-03-06,4746,5357134.0,234871633.0,42.9,45.3,42.5,44.35,2.3,3385.0
2020-03-09,4746,6535524.0,317771042.0,47.5,48.75,47.5,48.75,4.4,1703.0
2020-03-10,4746,7186770.0,329120220.0,48.3,48.35,43.9,45.6,-3.15,3994.0
2020-03-11,4746,13608499.0,669524713.0,47.5,50.1,46.05,49.4,3.8,7382.0
2020-03-12,4746,30533569.0,1560971687.0,51.0,53.3,48.05,52.4,3.0,17008.0
2020-03-13,4746,11006865.0,540110443.0,49.0,50.8,47.2,49.0,-3.4,7236.0
2020-03-16,4746,11893075.0,619638183.0,51.1,53.9,49.2,49.2,0.2,7447.0
2020-03-17,4746,12804805.0,603493942.0,49.3,52.5,44.3,44.35,-4.85,7619.0
2020-03-18,4746,8789267.0,369660835.0,45.75,46.0,40.05,40.45,-3.9,5731.0
2020-03-19,4746,4760950.0,177646220.0,41.0,41.0,36.45,36.45,-4.0,2835.0
2020-03-20,4746,5754125.0,213459900.0,37.5,38.65,35.4,35.45,-1.0,3878.0
2020-03-23,4746,3520996.0,115378657.0,34.0,34.3,31.95,32.05,-3.4,2264.0
2020-03-24,4746,6505996.0,202217223.0,32.8,33.45,29.75,30.95,-1.1,3828.0
2020-03-25,4746,8251585.0,256667320.0,32.3,32.35,30.2,31.6,0.65,4888.0
2020-03-26,4746,2763608.0,88066065.0,31.3,33.9,30.05,33.9,2.3,1710.0
2020-03-27,4746,2260430.0,84171216.0,37.2,37.25,37.2,37.25,3.35,1126.0
2020-03-30,4746,4369938.0,174528170.0,40.95,40.95,38.8,39.75,2.5,2464.0
2020-03-31,4746,2653125.0,101005868.0,40.0,40.0,37.2,37.45,-2.3,1436.0
2020-04-01,4746,1691518.0,65075192.0,37.45,39.2,37.3,38.45,1.0,995.0
2020-04-06,4746,2151628.0,85310053.0,39.8,40.25,39.0,39.85,1.4,1228.0
2020-04-07,4746,1569304.0,62804760.0,40.55,40.55,39.5,39.85,0.0,1005.0
2020-04-08,4746,1646093.0,64497805.0,39.8,40.15,38.4,38.4,-1.45,1056.0
2020-04-09,4746,2320243.0,92015051.0,38.4,40.75,38.4,40.15,1.75,1441.0
2020-04-10,4746,3827253.0,161511473.0,39.65,43.8,39.65,43.8,3.65,2447.0
2020-04-13,4746,10868079.0,520589141.0,48.0,48.15,46.5,48.15,4.35,4222.0
2020-04-14,4746,15811791.0,769442359.0,48.95,49.7,47.5,49.0,0.85,9697.0
2020-04-15,4746,7319613.0,352998944.0,49.3,49.5,47.0,48.25,-0.75,4641.0
2020-04-16,4746,10807100.0,498767883.0,46.75,47.5,45.1,45.6,-2.65,6314.0
2020-04-17,4746,14792544.0,692947707.0,48.8,48.8,44.75,46.9,1.3,8403.0
2020-04-20,4746,6453775.0,303340156.0,47.8,47.85,46.15,46.6,-0.3,3905.0
2020-04-21,4746,6777149.0,303448028.0,46.35,46.45,43.4,44.1,-2.5,3669.0
2020-04-22,4746,8677012.0,391195746.0,44.1,45.95,44.1,45.4,1.3,5014.0
2020-04-23,4746,14549800.0,691583602.0,46.05,48.85,45.7,48.8,3.4,8281.0
2020-04-24,4746,12442661.0,570836332.0,44.1,47.55,43.95,46.1,-2.7,7594.0
2020-04-27,4746,12530217.0,600685253.0,47.0,48.9,46.2,48.4,2.3,6970.0
2020-04-28,4746,8453865.0,405066254.0,49.1,49.2,46.55,47.25,-1.15,4989.0
2020-04-29,4746,5590417.0,260288551.0,47.4,47.95,45.35,45.75,-1.5,3532.0
2020-04-30,4746,23594937.0,1176673550.0,50.3,50.3,48.1,50.3,4.55,11123.0
2020-05-04,4746,12982693.0,700269410.0,51.3,55.3,50.4,55.3,5.0,6515.0
2020-05-05,4746,23367702.0,1393342965.0,57.5,60.8,57.3,60.8,5.5,12885.0
2020-05-06,4746,32419921.0,2067573503.0,63.0,66.8,57.3,60.5,-0.3,17605.0
2020-05-07,4746,23276267.0,1413962194.0,62.5,64.5,58.0,59.2,-1.3,14467.0
2020-05-08,4746,17851023.0,995339718.0,59.4,60.3,53.3,53.3,-5.9,11312.0
2020-05-11,4746,19335270.0,1007984149.0,52.3,55.4,48.8,51.5,-1.8,11981.0
2020-05-12,4746,14795568.0,788086104.0,52.5,54.8,51.7,53.0,1.5,9010.0
2020-05-13,4746,23168246.0,1283145145.0,54.0,57.8,53.1,56.2,3.2,14380.0
2020-05-14,4746,19792342.0,1100820824.0,56.6,58.4,51.0,52.6,-3.6,12314.0
2020-05-15,4746,8836185.0,459110169.0,53.2,54.0,50.6,51.2,-1.4,5481.0
2020-05-18,4746,12344362.0,655036948.0,51.5,54.7,50.6,51.8,0.6,7989.0
2020-05-19,4746,9216625.0,480102599.0,53.5,54.2,50.8,51.7,-0.1,5883.0
2020-05-20,4746,6716257.0,349474431.0,52.0,53.2,50.8,52.3,0.6,4326.0
2020-05-21,4746,4545409.0,239523868.0,53.3,53.5,52.2,52.4,0.1,2890.0
2020-05-22,4746,19846633.0,1094416793.0,53.2,56.8,53.1,54.7,2.3,12270.0
2020-05-25,4746,8967589.0,491848012.0,55.0,55.8,53.7,55.1,0.4,5331.0
2020-05-26,4746,16155913.0,927210469.0,56.4,60.0,55.4,55.9,0.8,10146.0
2020-05-27,4746,11728813.0,619934782.0,55.9,56.5,51.0,51.3,-4.6,7366.0
2020-05-28,4746,6277556.0,321562721.0,51.3,52.5,49.8,51.3,0.0,4015.0
2020-05-29,4746,4877820.0,250495482.0,52.3,52.3,50.5,50.7,-0.6,2776.0
2020-06-01,4746,3083289.0,157563923.0,52.0,52.3,50.5,50.5,-0.2,2026.0
2020-06-02,4746,6918993.0,334057710.0,50.8,50.8,47.0,47.6,-2.9,4652.0
2020-06-03,4746,3504252.0,171098947.0,48.2,49.5,47.6,49.05,1.45,2506.0
2020-06-04,4746,2622128.0,127942672.0,49.35,49.45,48.2,49.0,-0.05,1714.0
2020-06-05,4746,4852253.0,245452250.0,49.4,51.9,48.6,51.2,2.2,3339.0
2020-06-08,4746,3097380.0,157543051.0,51.4,51.7,50.0,50.1,-1.1,2018.0
2020-06-09,4746,4219516.0,217037981.0,50.5,52.2,50.4,51.6,1.5,2510.0
2020-06-10,4746,4834666.0,252275096.0,51.8,52.9,51.5,52.0,0.4,2837.0
2020-06-11,4746,4619533.0,230814917.0,52.0,52.3,48.35,48.8,-3.2,2790.0
2020-06-12,4746,3045864.0,150990318.0,48.45,50.4,48.4,49.6,0.8,2054.0
2020-06-15,4746,9632186.0,513311031.0,50.0,54.5,49.95,54.5,4.9,4617.0
2020-06-16,4746,26189897.0,1467840940.0,56.0,57.6,54.1,56.8,2.3,14363.0
2020-06-17,4746,29798598.0,1760909882.0,56.5,61.5,56.0,59.2,2.4,17279.0
2020-06-18,4746,21811445.0,1277871183.0,60.0,61.0,56.5,57.5,-1.7,12328.0
2020-06-19,4746,7789855.0,435152478.0,58.0,58.1,54.5,54.7,-2.8,4761.0
2020-06-22,4746,5126835.0,282686452.0,54.7,56.4,54.2,54.2,-0.5,2958.0
2020-06-23,4746,3176497.0,171594037.0,54.9,55.1,53.3,53.4,-0.8,1932.0
2020-06-24,4746,5297129.0,276643055.0,53.9,54.4,51.0,51.6,-1.8,2991.0
2020-06-29,4746,9469988.0,504844763.0,52.1,55.6,52.1,55.3,3.7,4920.0
2020-06-30,4746,7338373.0,404963148.0,56.2,56.4,54.1,55.2,-0.1,4157.0
2020-07-01,4746,3342870.0,183233615.0,55.8,55.8,54.3,54.5,-0.7,2110.0
2020-07-02,4746,4247165.0,233213858.0,54.9,55.5,54.5,54.6,0.1,2355.0
2020-07-03,4746,10464790.0,588490370.0,55.8,57.8,54.8,56.4,1.8,5904.0
2020-07-06,4746,7157308.0,411598307.0,57.3,58.5,56.9,57.5,1.1,4178.0
2020-07-07,4746,5859381.0,328020312.0,58.0,58.3,54.8,54.9,-2.6,3236.0
2020-07-08,4746,7596960.0,434168438.0,55.6,58.4,55.6,56.6,1.7,4350.0
2020-07-09,4746,10121794.0,583881758.0,56.9,59.0,56.2,57.0,0.4,5817.0
2020-07-10,4746,9758083.0,562150333.0,58.2,59.0,55.9,57.1,0.1,5422.0
2020-07-13,4746,13226119.0,764822516.0,58.7,59.0,56.3,57.2,0.1,7388.0
2020-07-14,4746,6521140.0,362470728.0,57.0,57.7,54.1,54.3,-2.9,4033.0
2020-07-15,4746,5143658.0,276338074.0,54.5,55.0,52.8,53.0,-1.3,2970.0
2020-07-16,4746,2847400.0,152471100.0,53.5,54.4,52.8,53.5,0.5,1545.0
2020-07-17,4746,6814652.0,346753315.0,53.5,54.0,49.15,51.0,-2.5,4072.0
2020-07-20,4746,5170194.0,265930802.0,51.1,53.0,49.35,52.6,1.6,2830.0
2020-07-21,4746,2882515.0,152003152.0,52.5,53.7,51.8,52.6,0.0,1626.0
2020-07-22,4746,2653131.0,140833403.0,52.7,53.9,52.5,52.7,0.1,1487.0
2020-07-23,4746,1784000.0,93271900.0,53.0,53.3,51.8,51.8,-0.9,1095.0
2020-07-24,4746,1610000.0,82421800.0,52.0,52.0,50.6,51.0,-0.8,950.0
2020-07-27,4746,2562337.0,126903678.0,51.3,51.3,48.6,48.8,-2.2,1480.0
2020-07-28,4746,3624627.0,175107704.0,48.8,49.95,47.0,47.65,-1.15,2100.0
2020-07-29,4746,2640995.0,129124906.0,48.1,49.95,47.85,48.95,1.3,1487.0
2020-07-30,4746,1921591.0,96034619.0,49.3,50.7,49.3,50.1,1.15,1050.0
2020-07-31,4746,1721200.0,85956919.0,50.1,50.8,49.3,49.85,-0.25,1140.0
2020-08-03,4746,4253711.0,220421783.0,50.2,52.9,50.2,52.6,2.75,2400.0
2020-08-04,4746,3170700.0,165719490.0,51.9,53.2,51.4,52.7,0.1,1851.0
2020-08-05,4746,1747296.0,92404506.0,52.8,53.3,52.4,53.1,0.4,1018.0
2020-08-06,4746,1667628.0,88176306.0,53.0,53.4,52.4,52.7,-0.4,1071.0
2020-08-07,4746,3358477.0,180346369.0,53.1,54.3,53.0,53.5,0.8,1898.0
2020-08-10,4746,1779201.0,95067492.0,53.5,54.2,52.8,53.9,0.4,1024.0
2020-08-11,4746,1989748.0,104506496.0,54.1,54.3,51.6,52.0,-1.9,1146.0
2020-08-12,4746,1183661.0,61613972.0,51.7,52.8,51.5,52.0,0.0,675.0
2020-08-13,4746,1492455.0,77132405.0,52.3,52.4,51.1,52.4,0.4,849.0
2020-08-14,4746,12483803.0,703090645.0,54.1,57.6,53.2,57.6,5.2,5369.0
2020-08-17,4746,15877456.0,893734992.0,57.6,57.6,54.8,55.6,-2.0,8138.0
2020-08-18,4746,8562673.0,472970937.0,55.6,56.9,53.7,53.7,-1.9,4325.0
2020-08-19,4746,4500165.0,239020062.0,53.8,54.4,52.0,52.3,-1.4,2490.0
2020-08-20,4746,5460902.0,271578751.0,52.1,52.7,48.15,48.8,-3.5,3099.0
2020-08-21,4746,2377000.0,118669750.0,49.0,50.7,49.0,50.1,1.3,1374.0
2020-08-24,4746,2009257.0,99811859.0,50.0,50.3,49.3,49.55,-0.55,1121.0
2020-08-25,4746,1366001.0,68159549.0,49.9,50.4,49.35,49.95,0.4,766.0
2020-08-26,4746,1618188.0,82198575.0,49.95,51.3,49.95,50.6,0.65,989.0
2020-08-27,4746,1612280.0,81028156.0,50.7,51.1,49.85,49.85,-0.75,1045.0
2020-08-28,4746,3953824.0,203949217.0,50.5,52.4,50.5,51.2,1.35,2463.0
2020-08-31,4746,3275017.0,164869203.0,51.2,51.5,49.9,50.2,-1.0,2038.0
2020-09-01,4746,1088541.0,54739124.0,50.3,50.6,49.9,50.6,0.4,678.0
2020-09-02,4746,921745.0,46369897.0,50.6,50.8,50.0,50.1,-0.5,618.0
2020-09-03,4746,1596980.0,79509804.0,50.2,50.4,49.5,49.7,-0.4,1020.0
2020-09-04,4746,6050757.0,309415899.0,50.3,52.2,49.8,50.0,0.3,3523.0
2020-09-07,4746,5425671.0,280421651.0,50.6,52.5,50.5,50.9,0.9,3141.0
2020-09-08,4746,7008231.0,368370987.0,51.7,53.8,51.5,53.2,2.3,3967.0
2020-09-09,4746,3126500.0,163048199.0,52.6,53.0,51.6,51.8,-1.4,1790.0
2020-09-10,4746,1811500.0,93158800.0,52.3,52.3,51.0,51.3,-0.5,1086.0
2020-09-11,4746,1219200.0,61836360.0,51.7,51.7,50.3,50.7,-0.6,794.0
2020-09-14,4746,1907100.0,97950620.0,51.7,52.3,50.7,51.0,0.3,997.0
2020-09-15,4746,1496048.0,76935176.0,50.9,51.9,50.9,51.4,0.4,812.0
2020-09-16,4746,1365216.0,70187036.0,51.9,52.1,50.9,50.9,-0.5,807.0
2020-09-17,4746,1777333.0,91964516.0,51.7,52.3,51.3,51.3,0.4,1150.0
2020-09-18,4746,1466150.0,76017840.0,51.6,52.5,51.3,51.7,0.4,900.0
2020-09-21,4746,2322007.0,121274763.0,52.1,52.8,51.8,51.9,0.2,1317.0
2020-09-22,4746,1513620.0,77670742.0,52.2,52.3,50.8,51.2,-0.7,947.0
2020-09-23,4746,1315000.0,66556100.0,51.1,51.3,50.1,50.5,-0.7,796.0
2020-09-24,4746,2376500.0,118825900.0,50.0,51.0,49.35,50.3,-0.2,1344.0
2020-09-25,4746,1897377.0,94121859.0,50.9,51.2,48.3,49.0,-1.3,1161.0
2020-09-28,4746,1230600.0,61649990.0,49.6,50.7,49.6,49.9,0.9,733.0
2020-09-29,4746,726200.0,36273309.0,50.3,50.4,49.7,49.8,-0.1,435.0
2020-09-30,4746,761200.0,37991339.0,49.8,50.2,49.3,50.1,0.3,411.0
2020-10-05,4746,3229040.0,166323840.0,50.6,52.3,50.5,51.0,0.9,2027.0
2020-10-06,4746,724200.0,37031200.0,51.1,51.7,50.9,51.3,0.3,471.0
2020-10-07,4746,584000.0,29724900.0,51.2,51.4,50.7,50.9,-0.4,394.0
2020-10-08,4746,1116245.0,56135573.0,51.1,51.1,49.9,50.0,-0.9,694.0
2020-10-12,4746,1022100.0,50733710.0,50.2,50.2,49.5,49.5,-0.5,653.0
2020-10-13,4746,840518.0,41192607.0,49.3,49.45,48.8,49.05,-0.45,596.0
2020-10-14,4746,729100.0,35924440.0,49.0,49.6,49.0,49.1,0.05,430.0
2020-10-15,4746,916200.0,44760800.0,49.1,49.25,48.6,48.85,-0.25,559.0
2020-10-16,4746,861460.0,41990687.0,49.0,49.2,48.5,48.5,-0.35,610.0
2020-10-19,4746,506060.0,24607378.0,48.5,49.0,48.4,48.65,0.15,348.0
2020-10-20,4746,649500.0,31799799.0,48.7,49.45,48.7,48.75,0.1,428.0
2020-10-21,4746,383214.0,18686986.0,48.75,48.9,48.6,48.85,0.1,273.0
2020-10-22,4746,512999.0,24906050.0,48.85,48.9,48.3,48.45,-0.4,378.0
2020-10-23,4746,1663857.0,82510746.0,49.05,49.95,49.05,49.95,1.5,1107.0
2020-10-26,4746,1074900.0,53453879.0,50.4,50.5,49.15,49.25,-0.7,650.0
2020-10-27,4746,471100.0,23111865.0,48.9,49.55,48.75,48.95,-0.3,317.0
2020-10-28,4746,810027.0,39358914.0,48.95,49.15,48.3,48.4,-0.55,518.0
2020-10-29,4746,640050.0,30751022.0,48.0,48.35,47.5,48.35,-0.05,421.0
2020-10-30,4746,351000.0,16954900.0,48.4,48.75,48.05,48.1,-0.25,243.0
2020-11-02,4746,495009.0,23960037.0,47.95,48.85,47.95,48.65,0.55,377.0
2020-11-03,4746,343488.0,16682170.0,48.85,48.9,48.35,48.45,-0.2,247.0
2020-11-04,4746,328050.0,15847302.0,48.45,48.75,48.15,48.25,-0.2,221.0
2020-11-05,4746,914418.0,44817677.0,48.4,49.5,48.25,48.8,0.55,649.0
2020-11-06,4746,388596.0,18954065.0,49.3,49.3,48.5,48.5,-0.3,297.0
2020-11-09,4746,803534.0,39460233.0,48.6,49.5,48.6,49.0,0.5,539.0
2020-11-10,4746,613070.0,29939607.0,49.5,49.5,48.55,48.9,-0.1,426.0
2020-11-11,4746,354808.0,17329869.0,48.7,49.15,48.6,48.9,0.0,296.0
2020-11-12,4746,385515.0,18824308.0,49.0,49.0,48.65,48.8,-0.1,256.0
2020-11-13,4746,1922121.0,95689632.0,49.25,50.4,49.25,49.7,0.9,1232.0
2020-11-16,4746,854940.0,42599915.0,50.6,50.6,49.35,49.6,-0.1,563.0
2020-11-17,4746,812969.0,40290193.0,49.7,49.8,49.3,49.6,0.0,485.0
2020-11-18,4746,903635.0,45058087.0,49.65,50.1,49.55,49.8,0.2,516.0
2020-11-19,4746,1126884.0,56653650.0,49.8,50.6,49.8,50.3,0.5,715.0
2020-11-20,4746,514558.0,25717593.0,50.3,50.4,49.8,49.9,-0.4,343.0
2020-11-23,4746,826962.0,41395400.0,49.9,50.5,49.75,50.2,0.3,502.0
2020-11-24,4746,734855.0,36594870.0,50.4,50.5,49.35,49.5,-0.7,515.0
2020-11-25,4746,796088.0,39660578.0,49.85,50.4,49.4,49.5,0.0,482.0
2020-11-26,4746,545591.0,26943004.0,49.65,49.9,49.2,49.3,-0.2,347.0
2020-11-27,4746,345587.0,17146986.0,49.3,49.8,49.3,49.65,0.35,260.0
2020-11-30,4746,1472811.0,74015905.0,50.0,50.6,49.9,50.0,0.35,870.0
2020-12-01,4746,556345.0,27805848.0,50.4,50.4,49.75,50.1,0.1,335.0
2020-12-02,4746,1088958.0,55165570.0,50.7,51.2,50.3,50.5,0.4,680.0
2020-12-03,4746,630533.0,31690005.0,50.8,50.9,50.0,50.1,-0.4,410.0
2020-12-04,4746,604636.0,30182502.0,50.4,50.5,49.7,49.75,-0.35,393.0
2020-12-07,4746,1835066.0,88392093.0,49.8,49.9,47.65,47.8,-1.95,1258.0
2020-12-08,4746,1199488.0,57419402.0,47.8,48.4,47.5,47.6,-0.2,768.0
2020-12-09,4746,2010233.0,93510437.0,47.8,47.85,46.1,46.35,-1.25,1321.0
2020-12-10,4746,941489.0,43619812.0,46.35,46.75,46.2,46.25,-0.1,604.0
2020-12-11,4746,1293291.0,58974834.0,46.2,46.4,45.35,45.5,-0.75,818.0
2020-12-14,4746,385200.0,17629062.0,45.8,46.0,45.5,45.8,0.3,315.0
2020-12-15,4746,723908.0,32751800.0,45.95,46.0,45.0,45.05,-0.75,497.0
2020-12-16,4746,981233.0,44425884.0,45.25,45.85,44.8,45.55,0.5,564.0
2020-12-17,4746,352256.0,16038848.0,45.4,45.7,45.35,45.55,0.0,248.0
2020-12-18,4746,544070.0,24929342.0,45.65,46.0,45.6,45.85,0.3,337.0
2020-12-21,4746,1488600.0,69666570.0,46.55,47.5,46.4,46.75,0.9,955.0
2020-12-22,4746,1078088.0,50692606.0,47.0,47.4,46.5,47.2,0.45,718.0
2020-12-23,4746,880412.0,41366368.0,47.4,47.7,46.55,46.65,-0.55,580.0
2020-12-24,4746,495996.0,23292402.0,46.7,47.4,46.65,46.9,0.25,322.0
2020-12-25,4746,397611.0,18557448.0,47.0,47.1,46.5,46.6,-0.3,262.0
2020-12-28,4746,690087.0,32546431.0,47.0,47.5,46.8,47.05,0.45,450.0
2020-12-29,4746,342970.0,16073787.0,47.05,47.35,46.7,46.7,-0.35,235.0
2020-12-30,4746,474050.0,22235155.0,46.75,47.3,46.65,46.7,0.0,277.0
2020-12-31,4746,714460.0,33579400.0,46.8,47.4,46.6,46.95,0.25,442.0
2021-01-04,4746,1278464.0,60834963.0,47.6,47.8,47.35,47.5,0.55,856.0
2021-01-05,4746,463180.0,21873833.0,47.25,47.4,47.05,47.15,-0.35,313.0
2021-01-06,4746,766546.0,35733819.0,47.15,47.5,46.0,46.2,-0.95,577.0
2021-01-07,4746,543196.0,25293921.0,46.6,46.9,46.3,46.35,0.15,362.0
2021-01-08,4746,431760.0,19920723.0,46.6,46.6,46.0,46.05,-0.3,324.0
2021-01-11,4746,476418.0,21818025.0,46.3,46.3,45.65,45.7,-0.35,333.0
2021-01-12,4746,561330.0,25922256.0,45.7,46.5,45.7,46.25,0.55,413.0
2021-01-13,4746,510510.0,23433686.0,46.35,46.5,45.8,45.8,-0.45,358.0
2021-01-14,4746,558607.0,25433598.0,45.55,45.75,45.4,45.4,-0.4,395.0
2021-01-15,4746,710592.0,31993403.0,45.4,45.5,44.8,44.85,-0.55,453.0
2021-01-18,4746,373160.0,16901892.0,45.05,45.9,45.0,45.1,0.25,284.0
2021-01-19,4746,498357.0,22459270.0,45.2,45.4,44.9,44.95,-0.15,346.0
2021-01-20,4746,539084.0,24212277.0,45.25,45.4,44.55,44.55,-0.4,401.0
2021-01-21,4746,544076.0,24105294.0,44.85,44.9,44.0,44.0,-0.55,355.0
2021-01-22,4746,677019.0,29414229.0,44.0,44.1,43.15,43.25,-0.75,485.0
2021-01-25,4746,1071580.0,48247519.0,43.55,45.85,43.55,45.2,1.95,721.0
2021-01-26,4746,400708.0,18054241.0,45.15,45.7,44.75,44.75,-0.45,282.0
2021-01-27,4746,1460246.0,67317970.0,45.3,47.0,44.8,47.0,2.25,1089.0
2021-01-28,4746,846196.0,39625175.0,46.2,47.4,46.1,46.85,-0.15,666.0
2021-01-29,4746,755062.0,35523554.0,47.2,47.3,46.85,46.95,0.1,589.0
2021-02-01,4746,842488.0,39676392.0,47.1,47.6,46.5,46.6,-0.35,543.0
2021-02-02,4746,288006.0,13475840.0,46.65,47.05,46.6,46.65,0.05,219.0
2021-02-03,4746,291542.0,13582023.0,46.65,46.95,46.4,46.5,-0.15,187.0
2021-02-04,4746,354001.0,16555896.0,46.55,47.4,45.9,46.7,0.2,226.0
2021-02-05,4746,665120.0,31376226.0,47.1,47.4,46.5,47.2,0.5,413.0
2021-02-17,4746,793115.0,37729446.0,48.0,48.1,47.2,47.6,0.4,479.0
2021-02-18,4746,1454434.0,70015998.0,47.6,48.7,47.35,48.6,1.0,877.0
2021-02-19,4746,4441369.0,228433599.0,48.9,53.4,48.1,52.8,4.2,2269.0
2021-02-22,4746,12003331.0,663907412.0,52.8,57.0,52.1,54.8,2.0,6428.0
2021-02-23,4746,7818062.0,420479858.0,56.3,56.9,51.2,52.4,-2.4,4610.0
2021-02-24,4746,2839485.0,149692350.0,52.9,53.6,51.5,52.7,0.3,1735.0
2021-02-25,4746,2616205.0,136917545.0,53.3,53.4,51.1,51.4,-1.3,1669.0
2021-02-26,4746,1171515.0,59881192.0,51.0,52.0,50.3,51.1,-0.3,724.0
2021-03-02,4746,1667460.0,83832298.0,51.8,51.8,49.0,49.35,-1.75,1075.0
2021-03-03,4746,1162106.0,57676876.0,50.0,50.5,48.85,50.0,0.65,723.0
2021-03-04,4746,530177.0,26446069.0,50.5,50.5,49.35,49.7,-0.3,364.0
2021-03-05,4746,2967376.0,140467946.0,47.05,48.2,46.75,47.55,-2.15,1812.0
2021-03-08,4746,1625966.0,78863241.0,49.0,49.1,47.8,48.2,0.65,1025.0
2021-03-09,4746,4380993.0,224474616.0,51.0,52.3,50.0,51.5,3.3,2918.0
2021-03-10,4746,2007258.0,101828148.0,51.1,51.8,49.9,50.6,-0.9,1308.0
2021-03-11,4746,912713.0,46082550.0,50.3,51.2,50.2,50.4,-0.2,615.0
2021-03-12,4746,950593.0,47592064.0,50.7,50.7,49.8,50.1,-0.3,623.0
2021-03-15,4746,985589.0,48974268.0,50.2,50.5,49.3,49.5,-0.6,661.0
2021-03-16,4746,687435.0,33836153.0,49.55,49.8,49.0,49.05,-0.45,494.0
2021-03-17,4746,1091978.0,54029990.0,49.0,50.7,48.55,50.2,1.15,725.0
2021-03-18,4746,6009040.0,312680237.0,50.1,53.3,49.85,52.1,1.9,3694.0
2021-03-19,4746,3943748.0,207278452.0,51.8,53.5,51.5,51.9,-0.2,2428.0
2021-03-22,4746,1874262.0,97528959.0,51.9,52.8,51.3,51.5,-0.4,1159.0
2021-03-23,4746,17818464.0,999827430.0,56.4,56.6,54.3,56.6,5.1,8059.0
2021-03-24,4746,43499743.0,2614905427.0,57.0,62.2,56.7,60.3,3.7,22934.0
2021-03-25,4746,22588292.0,1342821089.0,61.2,63.0,55.5,56.2,-4.1,13289.0
2021-03-26,4746,8219451.0,457160210.0,57.1,57.8,54.4,55.0,-1.2,4527.0
2021-03-29,4746,7270898.0,417213807.0,55.8,59.0,55.7,57.5,2.5,4421.0
2021-03-30,4746,4021279.0,229757554.0,57.6,58.2,56.1,57.4,-0.1,2461.0
2021-03-31,4746,2029975.0,115962778.0,58.1,58.1,56.6,56.8,-0.6,1282.0
2021-04-01,4746,1954312.0,111390025.0,57.5,57.7,56.6,56.6,-0.2,1135.0
2021-04-06,4746,2216914.0,124053498.0,57.1,57.3,55.4,55.5,-1.1,1428.0
2021-04-07,4746,4016933.0,243345013.0,59.5,61.0,59.1,61.0,5.5,1714.0
2021-04-08,4746,16495449.0,1014058713.0,62.0,63.7,59.5,59.9,-1.1,9111.0
2021-04-09,4746,4107872.0,247438011.0,60.2,61.3,59.2,59.8,-0.1,2698.0
2021-04-12,4746,5249816.0,322233558.0,61.8,62.3,60.4,60.5,0.7,3374.0
2021-04-13,4746,3519871.0,209359980.0,60.4,60.9,58.3,59.0,-1.5,2378.0
2021-04-14,4746,2731110.0,157633330.0,59.9,59.9,56.0,57.9,-1.1,1848.0
2021-04-15,4746,1343553.0,78363127.0,57.6,59.3,57.6,58.2,0.3,905.0
2021-04-16,4746,2162101.0,128345680.0,59.8,60.2,58.5,59.2,1.0,1517.0
2021-04-19,4746,3041872.0,183038010.0,60.8,61.6,59.2,60.1,0.9,1925.0
2021-04-20,4746,1803704.0,108226771.0,59.9,60.7,59.3,59.6,-0.5,1171.0
2021-04-21,4746,1577819.0,94202221.0,60.0,60.8,59.3,59.4,-0.2,1012.0
2021-04-22,4746,2526397.0,147080922.0,60.0,60.0,56.5,57.1,-2.3,1616.0
2021-04-23,4746,2284711.0,133536488.0,57.8,59.3,57.2,58.2,1.1,1477.0
2021-04-26,4746,1426446.0,83535241.0,59.4,59.9,57.7,57.7,-0.5,972.0
2021-04-27,4746,2326960.0,137771008.0,58.3,60.5,57.3,58.3,0.6,1539.0
2021-04-28,4746,1552430.0,90266560.0,59.0,59.2,57.6,57.6,-0.7,844.0
2021-04-29,4746,1205508.0,70082326.0,58.0,59.0,57.5,57.8,0.2,760.0
2021-05-03,4746,5592161.0,334826932.0,58.5,61.5,58.5,58.8,1.0,3481.0
2021-05-04,4746,3587089.0,202371165.0,59.0,59.3,53.6,55.0,-3.8,2441.0
2021-05-05,4746,1252754.0,70461333.0,55.5,57.4,54.4,56.4,1.4,866.0
2021-05-06,4746,4461123.0,262638352.0,56.6,60.0,56.4,59.5,3.1,2723.0
2021-05-07,4746,2448872.0,145511409.0,59.4,60.5,58.5,59.3,-0.2,1617.0
2021-05-10,4746,2704405.0,162075797.0,59.8,60.8,59.2,59.8,0.5,1663.0
2021-05-11,4746,3554699.0,209975248.0,59.2,60.6,57.3,58.8,-1.0,2097.0
2021-05-12,4746,13688331.0,817358956.0,60.0,62.6,56.2,56.5,-2.3,8466.0
2021-05-13,4746,6496484.0,377703424.0,57.5,59.7,56.8,58.3,1.8,4040.0
2021-05-14,4746,25994973.0,1636055720.0,64.0,64.1,59.8,64.1,5.8,11734.0
2021-05-17,4746,24076495.0,1665782425.0,68.6,70.5,67.0,70.5,6.4,12358.0
2021-05-18,4746,28373466.0,1948826974.0,70.5,73.4,64.0,69.0,-1.5,16166.0
2021-05-19,4746,16767700.0,1158566102.0,68.6,71.9,66.7,67.7,-1.3,10404.0
2021-05-20,4746,17110709.0,1257245492.0,71.5,74.4,71.0,74.4,6.7,7133.0
2021-05-21,4746,32028524.0,2545641005.0,80.4,81.8,76.1,81.8,7.4,15490.0
2021-05-24,4746,13828171.0,1222349650.0,85.7,89.9,85.4,89.9,8.1,4905.0
2021-05-25,4746,47900774.0,4314947021.0,94.3,96.5,81.4,84.5,-5.4,28523.0
2021-05-26,4746,14880678.0,1342918012.0,85.7,92.9,84.0,92.9,8.4,8037.0
2021-05-27,4746,49224722.0,4903567814.0,101.0,102.0,95.4,102.0,9.1,25320.0
2021-05-28,4746,38920990.0,3993060804.0,103.0,108.0,98.0,98.3,-3.7,24018.0
2021-05-31,4746,11037309.0,1010365914.0,98.7,98.7,88.5,93.5,-4.8,7097.0
2021-06-01,4746,8780660.0,799517088.0,92.5,97.2,88.1,97.2,3.7,5568.0
2021-06-02,4746,4973114.0,467646601.0,97.0,97.0,92.0,92.0,-5.2,3526.0
2021-06-03,4746,2585704.0,237694768.0,91.0,93.8,91.0,91.5,-0.5,1918.0
2021-06-04,4746,2387989.0,220523832.0,93.5,93.5,91.0,91.0,-0.5,1802.0
2021-06-07,4746,5018481.0,473665783.0,92.0,95.5,92.0,92.5,1.5,3449.0
2021-06-08,4746,2791572.0,257687287.0,92.1,94.0,91.1,91.6,-0.9,1974.0
2021-06-09,4746,2722885.0,253356127.0,92.0,94.8,91.1,94.3,2.7,1923.0
2021-06-10,4746,7418575.0,725643652.0,96.0,100.0,93.8,100.0,5.7,4992.0
2021-06-11,4746,6875070.0,689325913.0,103.0,104.0,97.0,97.5,-2.5,4663.0
2021-06-15,4746,11865497.0,1083955865.0,96.5,96.5,88.6,89.5,-8.0,8246.0
2021-06-16,4746,8010682.0,689103428.0,88.3,89.0,83.6,83.6,-5.9,5583.0
2021-06-17,4746,4814303.0,408043086.0,84.6,86.6,83.9,84.1,0.5,3509.0
2021-06-18,4746,7494335.0,623560927.0,84.0,85.4,81.8,83.2,-0.9,5034.0
2021-06-21,4746,5559847.0,445927769.0,82.0,82.5,78.6,79.6,-3.6,3882.0
2021-06-22,4746,4269401.0,342237295.0,80.6,81.9,78.7,78.9,-0.7,2862.0
2021-06-23,4746,4914691.0,399751881.0,79.2,83.5,79.0,82.0,3.1,3360.0
2021-06-24,4746,2597285.0,211643980.0,83.0,83.0,80.7,81.1,-0.9,1747.0
2021-06-25,4746,2334103.0,187996084.0,81.5,82.3,79.7,79.7,-1.4,1717.0
2021-06-28,4746,2615197.0,211179834.0,80.0,81.5,80.0,80.7,1.0,1756.0
2021-06-29,4746,3526419.0,279125191.0,80.8,81.0,78.2,78.8,-1.9,2479.0
2021-06-30,4746,3967082.0,318507083.0,81.0,81.9,79.2,79.9,1.1,2078.0
2021-07-01,4746,5375031.0,432373392.0,80.0,82.5,78.5,78.6,-1.3,3300.0
2021-07-02,4746,5429136.0,414181842.0,78.6,79.2,74.9,75.3,-3.3,3827.0
2021-07-05,4746,3274871.0,249324910.0,75.7,77.4,74.9,76.6,1.3,2311.0
2021-07-06,4746,2200574.0,166742635.0,77.3,77.4,75.0,75.0,-1.6,1664.0
2021-07-07,4746,2433022.0,182862179.0,75.1,76.7,73.8,73.9,-1.1,1718.0
2021-07-08,4746,2845346.0,208808823.0,74.5,74.7,72.2,73.2,-0.7,1928.0
2021-07-09,4746,2382985.0,174145207.0,73.2,74.7,71.9,72.1,-1.1,1921.0
2021-07-12,4746,2358786.0,169511327.0,72.9,73.0,71.2,71.8,-0.3,1465.0
2021-07-13,4746,4635034.0,323127625.0,72.2,72.2,68.4,68.7,-3.1,2898.0
2021-07-14,4746,4417277.0,309527726.0,69.0,72.2,68.0,70.7,2.0,3014.0
2021-07-15,4746,4221797.0,306585090.0,71.3,73.8,70.0,72.5,1.8,2805.0
2021-07-16,4746,2989352.0,213994659.0,72.5,73.7,70.6,70.6,-1.9,2067.0
2021-07-19,4746,1643021.0,117584917.0,71.0,72.4,70.3,71.7,1.1,1139.0
2021-07-20,4746,4589390.0,356335814.0,75.0,78.8,74.9,78.8,7.1,2529.0
2021-07-21,4746,13061483.0,979141797.0,81.0,81.0,71.0,71.2,-7.6,8298.0
2021-07-22,4746,3232255.0,226358075.0,71.4,72.2,69.0,69.1,-2.1,2358.0
2021-07-23,4746,2430147.0,165841647.0,68.2,69.8,67.3,68.5,-0.6,1763.0
2021-07-26,4746,1072258.0,74489277.0,70.0,70.0,69.0,69.4,0.9,756.0
2021-07-27,4746,2101517.0,141941062.0,69.3,69.4,66.7,66.8,-2.6,1453.0
2021-07-28,4746,1733009.0,116020062.0,67.0,68.6,65.5,66.4,-0.4,1307.0
2021-07-29,4746,1277913.0,87062590.0,67.3,68.9,67.1,68.5,2.1,964.0
2021-07-30,4746,1707538.0,117937639.0,68.8,70.5,68.1,68.2,-0.3,1163.0
2021-08-02,4746,1716525.0,119102946.0,69.4,70.4,67.5,70.1,1.9,1247.0
2021-08-03,4746,1093034.0,76439899.0,70.1,70.8,69.3,69.4,-0.7,787.0
2021-08-04,4746,727118.0,50814954.0,70.2,70.6,69.4,69.6,0.2,556.0
2021-08-05,4746,1558922.0,109087645.0,70.2,71.0,69.2,69.8,0.2,997.0
2021-08-06,4746,10623867.0,788657718.0,72.0,76.7,72.0,73.4,3.6,6555.0
2021-08-09,4746,5172732.0,385221095.0,74.4,75.5,73.0,74.2,0.8,3394.0
2021-08-10,4746,2763838.0,202358278.0,74.6,75.0,72.0,72.0,-2.2,1919.0
2021-08-11,4746,3054762.0,212631555.0,71.9,72.3,67.9,68.7,-3.3,2039.0
2021-08-12,4746,1190223.0,83292810.0,70.3,70.6,69.3,69.9,1.2,883.0
2021-08-13,4746,1976619.0,140937595.0,71.9,72.5,70.4,70.5,0.6,1501.0
2021-08-16,4746,4922246.0,357619329.0,71.5,73.8,70.5,72.9,2.4,3327.0
2021-08-17,4746,3937885.0,283325899.0,73.7,74.0,69.8,70.0,-2.9,2733.0
2021-08-18,4746,2659036.0,183598610.0,70.0,70.8,67.3,70.1,0.1,1865.0
2021-08-19,4746,2475845.0,169154318.0,69.8,70.7,66.7,66.7,-3.4,1695.0
2021-08-20,4746,1212933.0,81218848.0,67.2,67.9,66.1,66.7,0.0,866.0
2021-08-23,4746,1113935.0,75540643.0,67.5,68.5,67.1,68.1,1.4,768.0
2021-08-24,4746,1072021.0,72175247.0,68.3,68.5,66.7,66.7,-1.4,775.0
2021-08-25,4746,833892.0,56289837.0,66.7,68.3,66.7,67.4,0.7,614.0
2021-08-26,4746,1315429.0,89925094.0,67.8,69.6,67.1,67.9,0.5,1000.0
2021-08-27,4746,652394.0,44471587.0,68.0,68.8,67.6,68.0,0.1,477.0
2021-08-30,4746,555680.0,37762156.0,68.3,68.5,67.7,67.8,-0.2,421.0
2021-08-31,4746,560290.0,38077106.0,68.0,68.6,67.5,68.0,0.2,453.0
2021-09-01,4746,969337.0,65241555.0,68.2,68.2,66.8,67.2,-0.8,704.0
2021-09-02,4746,1002938.0,66794807.0,67.3,67.4,66.1,66.1,-1.1,667.0
2021-09-03,4746,1180990.0,77703738.0,66.2,66.5,65.2,65.3,-0.8,834.0
2021-09-06,4746,1197893.0,77855796.0,65.5,66.3,63.8,63.8,-1.5,853.0
2021-09-07,4746,3588285.0,239668399.0,63.8,68.5,63.8,67.6,3.8,2359.0
2021-09-08,4746,2675254.0,177909828.0,67.8,68.6,65.4,65.6,-2.0,1808.0
2021-09-09,4746,1006259.0,65665482.0,65.2,66.3,64.3,65.7,0.1,771.0
2021-09-10,4746,559754.0,36973067.0,66.2,66.7,65.6,66.0,0.3,406.0
2021-09-13,4746,744895.0,49359389.0,65.7,66.8,65.6,66.3,0.3,501.0
2021-09-14,4746,1154853.0,75735404.0,66.7,67.0,64.9,64.9,-1.4,795.0
2021-09-15,4746,772581.0,49819304.0,65.4,65.4,64.0,64.8,-0.1,564.0
2021-09-16,4746,729104.0,46721147.0,65.1,65.1,63.7,63.9,-0.9,540.0
2021-09-17,4746,711865.0,45049682.0,64.0,64.2,62.9,63.2,-0.7,536.0
2021-09-22,4746,1251755.0,76843603.0,62.7,62.7,60.7,61.4,-1.8,857.0
2021-09-23,4746,1162951.0,73743981.0,62.0,64.5,62.0,63.1,1.7,925.0
2021-09-24,4746,705031.0,44568460.0,63.8,64.3,62.4,63.0,-0.1,579.0
2021-09-27,4746,550850.0,34689241.0,63.0,63.7,62.2,63.1,0.1,404.0
2021-09-28,4746,521656.0,32623819.0,62.9,63.6,62.1,62.1,-1.0,396.0
2021-09-29,4746,898892.0,54672491.0,61.9,62.0,60.3,60.5,-1.6,707.0
2021-09-30,4746,678148.0,41812117.0,61.2,62.7,60.6,62.3,1.8,517.0
2021-10-01,4746,1040666.0,63647114.0,61.5,63.1,60.3,60.3,-2.0,746.0
2021-10-04,4746,2218999.0,129319993.0,60.9,60.9,57.0,57.4,-2.9,1504.0
2021-10-05,4746,1429890.0,83235427.0,57.3,59.5,55.7,59.1,1.7,868.0
2021-10-06,4746,1223489.0,74004873.0,59.8,61.7,59.4,60.2,1.1,1059.0
2021-10-07,4746,1041474.0,63430063.0,61.0,61.8,59.9,61.0,0.8,819.0
2021-10-08,4746,1705408.0,106730136.0,61.9,63.5,61.1,62.3,1.3,1230.0
2021-10-12,4746,1541685.0,92748660.0,62.2,62.2,59.2,59.6,-2.7,1200.0
2021-10-13,4746,722088.0,42173199.0,59.8,60.4,57.6,57.9,-1.7,539.0
2021-10-14,4746,653795.0,38643016.0,58.3,60.0,58.0,59.6,1.7,489.0
2021-10-15,4746,528490.0,31499727.0,60.4,60.5,59.0,59.1,-0.5,398.0
2021-10-18,4746,449876.0,26323667.0,59.1,59.5,58.0,58.4,-0.7,368.0
2021-10-19,4746,377428.0,22354554.0,58.5,59.8,58.5,59.1,0.7,312.0
2021-10-20,4746,329446.0,19598395.0,59.1,59.9,59.0,59.5,0.4,273.0
2021-10-21,4746,933702.0,56125708.0,59.5,60.7,59.5,59.5,0.0,639.0
2021-10-22,4746,1128339.0,65838450.0,59.6,59.9,57.7,58.2,-1.3,815.0
2021-10-25,4746,1035146.0,59355160.0,58.2,58.2,56.9,57.8,-0.4,742.0
2021-10-26,4746,685641.0,39960292.0,58.0,58.9,57.7,57.9,0.1,443.0
2021-10-27,4746,951106.0,56130452.0,58.2,59.8,58.2,59.0,1.1,723.0
2021-10-28,4746,1891237.0,114574228.0,59.3,61.4,59.3,60.7,1.7,1380.0
2021-10-29,4746,1587058.0,94387208.0,61.1,61.2,58.8,59.2,-1.5,1269.0
2021-11-01,4746,763556.0,44903862.0,59.7,59.7,58.2,59.4,0.2,642.0
2021-11-02,4746,901910.0,53853204.0,59.0,60.5,59.0,59.8,0.4,684.0
2021-11-03,4746,911706.0,55158729.0,60.0,60.8,59.9,60.3,0.5,737.0
2021-11-04,4746,613213.0,36873100.0,60.6,60.8,59.5,59.6,-0.7,633.0
2021-11-05,4746,510305.0,30376266.0,60.0,60.0,59.1,59.8,0.2,392.0
2021-11-08,4746,1227476.0,74331942.0,60.2,61.2,59.8,59.9,0.1,905.0
2021-11-09,4746,813547.0,48834217.0,60.5,60.7,59.3,60.6,0.7,609.0
2021-11-10,4746,980362.0,59229033.0,61.0,61.4,59.7,59.8,-0.8,610.0
2021-11-11,4746,587143.0,34930899.0,59.5,59.9,59.1,59.3,-0.5,407.0
2021-11-12,4746,2123872.0,123165789.0,59.2,59.2,57.3,57.6,-1.7,1431.0
2021-11-15,4746,978895.0,56029535.0,57.6,57.9,56.9,57.2,-0.4,671.0
2021-11-16,4746,1401507.0,79648536.0,57.2,57.6,56.3,56.4,-0.8,855.0
2021-11-17,4746,823292.0,46878824.0,56.7,57.5,56.5,57.4,1.0,566.0
2021-11-18,4746,908526.0,52108161.0,57.1,57.8,56.9,57.5,0.1,659.0
2021-11-19,4746,870906.0,49743960.0,57.8,57.8,56.6,56.6,-0.9,605.0
2021-11-22,4746,1361000.0,77512598.0,56.8,57.6,56.4,57.2,0.6,681.0
2021-11-23,4746,1652823.0,93995103.0,57.8,58.4,56.0,56.2,-1.0,1223.0
2021-11-24,4746,1576008.0,89502478.0,56.2,58.0,55.8,57.9,1.7,930.0
2021-11-25,4746,966397.0,55853511.0,58.1,58.3,57.2,57.8,-0.1,735.0
2021-11-26,4746,2128228.0,123625471.0,57.7,59.4,57.2,57.3,-0.5,1365.0
2021-11-29,4746,2507623.0,144349099.0,57.8,59.0,56.5,56.5,-0.8,1798.0
2021-11-30,4746,874580.0,49145413.0,56.8,56.8,56.0,56.0,-0.5,654.0
2021-12-01,4746,1025273.0,57300156.0,56.2,56.4,55.7,55.7,-0.3,626.0
2021-12-02,4746,1046724.0,58367804.0,56.0,56.3,55.3,55.4,-0.3,611.0
2021-12-03,4746,647000.0,36254504.0,56.0,56.4,55.6,56.3,0.9,456.0
2021-12-06,4746,481476.0,27182249.0,56.5,57.0,56.1,56.1,-0.2,381.0
2021-12-07,4746,1449159.0,82977893.0,57.0,57.9,56.5,57.3,1.2,1013.0
2021-12-08,4746,2045492.0,119531158.0,57.7,59.1,57.4,58.6,1.3,1618.0
2021-12-09,4746,1138147.0,66195527.0,58.8,59.0,57.4,57.8,-0.8,1355.0
2021-12-10,4746,681615.0,39588060.0,58.1,58.8,57.6,58.0,0.2,435.0
2021-12-13,4746,646940.0,37716268.0,58.7,58.7,57.8,58.1,0.1,506.0
2021-12-14,4746,709300.0,40752109.0,58.1,58.6,56.8,56.9,-1.2,550.0
2021-12-15,4746,1142868.0,66733298.0,57.5,59.0,57.1,58.1,1.2,807.0
2021-12-16,4746,712646.0,41155277.0,58.7,58.7,57.4,57.6,-0.5,558.0
2021-12-17,4746,617862.0,35824815.0,57.9,58.5,57.6,58.0,0.4,371.0
2021-12-20,4746,1379819.0,81304002.0,58.3,59.4,58.1,58.8,0.8,992.0
2021-12-21,4746,524943.0,30669102.0,58.6,58.8,58.2,58.7,-0.1,432.0
2021-12-22,4746,476668.0,28059952.0,58.7,59.2,58.6,58.7,0.0,380.0
2021-12-23,4746,467739.0,27406640.0,59.1,59.1,58.3,58.5,-0.2,522.0
2021-12-24,4746,612693.0,35987810.0,58.6,59.2,58.4,58.5,0.0,449.0
2021-12-27,4746,4139834.0,252796443.0,59.6,62.2,59.6,61.2,2.7,2958.0
2021-12-28,4746,1766688.0,107319505.0,61.2,61.6,60.2,61.0,-0.2,1227.0
2021-12-29,4746,781525.0,47363640.0,60.9,60.9,60.4,60.7,-0.3,585.0
2021-12-30,4746,748916.0,45446932.0,61.2,61.3,60.4,60.5,-0.2,697.0
2022-01-03,4746,1092109.0,65966905.0,61.1,61.2,59.6,60.9,0.4,698.0
2022-01-04,4746,533524.0,32436223.0,60.6,61.3,60.3,60.8,-0.1,511.0
2022-01-05,4746,902163.0,55006833.0,61.0,61.9,60.4,60.5,-0.3,744.0
2022-01-06,4746,960839.0,58406513.0,60.7,61.5,60.3,60.3,-0.2,685.0
2022-01-07,4746,996065.0,59376946.0,60.6,60.8,59.1,59.5,-0.8,824.0
2022-01-10,4746,835089.0,50520472.0,59.5,61.1,59.5,60.2,0.7,670.0
2022-01-11,4746,805853.0,47944425.0,60.3,60.3,58.7,58.9,-1.3,538.0
2022-01-12,4746,1056028.0,61189148.0,58.9,59.3,57.3,57.5,-1.4,829.0
2022-01-13,4746,335731.0,19378036.0,57.8,58.3,57.2,57.8,0.3,261.0
2022-01-14,4746,579105.0,32936792.0,57.4,57.4,56.6,56.7,-1.1,418.0
2022-01-17,4746,473713.0,27203765.0,56.3,58.3,56.3,57.7,1.0,343.0
2022-01-18,4746,315203.0,18087769.0,58.0,58.2,57.0,57.1,-0.6,253.0
2022-01-19,4746,386243.0,21871299.0,57.1,57.1,56.4,56.5,-0.6,307.0
2022-01-20,4746,253665.0,14381961.0,56.5,57.1,56.3,56.6,0.1,213.0
2022-01-21,4746,735183.0,41211011.0,56.7,56.9,55.7,55.7,-0.9,629.0
2022-01-24,4746,440121.0,24336100.0,55.6,55.6,55.1,55.3,-0.4,454.0
2022-01-25,4746,580310.0,31622396.0,55.2,55.2,54.0,54.1,-1.2,729.0
2022-01-26,4746,291402.0,15881587.0,54.4,54.8,54.2,54.4,0.3,385.0
2022-02-07,4746,340045.0,18875252.0,54.6,56.3,54.6,55.9,1.5,380.0
2022-02-08,4746,471734.0,26761910.0,55.9,57.2,55.9,57.0,1.1,423.0
2022-02-09,4746,320797.0,18256362.0,57.2,57.3,56.6,56.9,-0.1,399.0
2022-02-10,4746,356898.0,20493300.0,57.0,57.7,57.0,57.4,0.5,295.0
2022-02-11,4746,661644.0,38418295.0,57.4,58.3,57.3,57.9,0.5,419.0
2022-02-14,4746,299139.0,17022656.0,57.3,57.4,56.7,56.7,-1.2,503.0
2022-02-15,4746,649422.0,37768011.0,57.0,59.0,57.0,57.5,0.8,668.0
2022-02-16,4746,743713.0,43622621.0,58.0,59.5,57.5,58.7,1.2,683.0
2022-02-17,4746,441068.0,25831894.0,59.4,59.4,58.0,58.2,-0.5,354.0
2022-02-18,4746,284661.0,16438511.0,57.6,58.1,57.6,57.9,-0.3,397.0
2022-02-21,4746,508922.0,29885531.0,58.0,59.0,58.0,58.7,0.8,660.0
2022-02-22,4746,536609.0,30945402.0,58.5,58.5,57.0,57.4,-1.3,628.0
2022-02-23,4746,169772.0,9785892.0,57.3,57.9,57.3,57.8,0.4,173.0
2022-02-24,4746,543593.0,30720948.0,57.0,57.5,55.9,56.0,-1.8,466.0
2022-02-25,4746,441698.0,24953367.0,56.6,57.3,55.8,57.1,1.1,449.0
2022-03-01,4746,534958.0,30998358.0,57.3,58.3,57.3,58.1,1.0,510.0
2022-03-02,4746,311460.0,18119826.0,57.9,58.7,57.6,58.3,0.2,269.0
2022-03-03,4746,208566.0,12146405.0,58.6,58.7,57.9,58.2,-0.1,212.0
2022-03-04,4746,201642.0,11657758.0,57.9,58.1,57.6,57.8,-0.4,283.0
2022-03-07,4746,644137.0,36262415.0,57.5,57.5,55.9,56.3,-1.5,738.0
2022-03-08,4746,667148.0,36997096.0,55.3,56.2,54.8,54.9,-1.4,720.0
2022-03-09,4746,337883.0,18830772.0,55.1,56.2,55.1,55.9,1.0,332.0
2022-03-10,4746,451067.0,25719008.0,56.6,57.5,56.2,57.3,1.4,397.0
2022-03-11,4746,341032.0,19278602.0,56.4,56.9,56.4,56.4,-0.9,299.0
2022-03-14,4746,456317.0,25477127.0,56.5,56.5,55.4,55.5,-0.9,429.0
2022-03-15,4746,739202.0,40439428.0,55.5,55.5,54.3,54.5,-1.0,606.0
2022-03-16,4746,344365.0,18828010.0,54.9,55.3,54.3,54.5,0.0,316.0
2022-03-17,4746,481321.0,26772831.0,54.9,56.2,54.9,55.7,1.2,387.0
2022-03-18,4746,262869.0,14682707.0,55.7,56.4,55.3,56.0,0.3,270.0
2022-03-21,4746,421694.0,23904297.0,56.1,57.3,56.1,56.6,0.6,362.0
2022-03-22,4746,136206.0,7665193.0,57.0,57.0,56.0,56.4,-0.2,170.0
2022-03-23,4746,400949.0,22674660.0,56.5,56.9,56.4,56.5,0.1,290.0
2022-03-24,4746,420073.0,23750296.0,56.5,57.2,55.7,56.8,0.3,342.0
2022-03-25,4746,241557.0,13620006.0,57.1,57.2,56.1,56.2,-0.6,234.0
2022-03-28,4746,439582.0,24856922.0,56.6,57.1,56.1,56.3,0.1,383.0
2022-03-29,4746,299576.0,17025559.0,56.8,57.1,56.3,56.9,0.6,271.0
2022-03-30,4746,270713.0,15464971.0,57.1,57.3,56.9,57.1,0.2,227.0
2022-03-31,4746,173207.0,9867996.0,57.2,57.2,56.8,56.8,-0.3,833.0
2022-04-01,4746,343829.0,19519265.0,56.7,57.3,56.3,56.5,-0.3,785.0
2022-04-06,4746,417398.0,23828721.0,57.0,57.7,56.5,57.3,0.8,909.0
2022-04-07,4746,976697.0,56647530.0,57.1,58.7,57.1,57.6,0.3,956.0
2022-04-08,4746,1862363.0,110379533.0,58.1,60.2,57.6,59.7,2.1,1559.0
2022-04-11,4746,2538766.0,154560262.0,61.0,61.6,59.8,60.3,0.6,2362.0
2022-04-12,4746,1607503.0,93695079.0,60.0,60.3,57.5,57.8,-2.5,1753.0
2022-04-13,4746,436304.0,25306605.0,58.0,58.7,57.8,57.9,0.1,623.0
2022-04-14,4746,4255577.0,262527441.0,58.5,63.1,58.5,62.0,4.1,3133.0
2022-04-15,4746,9491934.0,609573619.0,62.4,66.3,62.4,64.2,2.2,6509.0
2022-04-18,4746,9767021.0,657644103.0,65.5,69.0,65.3,65.3,1.1,7352.0
2022-04-19,4746,4942024.0,325875238.0,68.0,68.0,63.9,64.4,-0.9,3566.0
2022-04-20,4746,8283022.0,558449474.0,65.7,69.3,65.1,68.1,3.7,5862.0
2022-04-21,4746,6909931.0,475376746.0,68.9,70.9,67.0,68.2,0.1,5349.0
2022-04-22,4746,3461986.0,235066793.0,68.2,69.2,66.8,66.8,-1.4,3082.0
2022-04-25,4746,3708874.0,240803392.0,66.6,67.9,63.0,63.3,-3.5,2614.0
2022-04-26,4746,3962671.0,257965100.0,64.7,66.3,64.0,64.6,1.3,2532.0
2022-04-27,4746,2174312.0,137983097.0,61.7,64.9,61.0,64.9,0.3,1467.0
2022-04-28,4746,1762029.0,113398335.0,64.2,65.3,63.7,64.3,-0.6,1248.0
2022-04-29,4746,1564825.0,100285485.0,64.8,64.8,63.6,63.9,-0.4,977.0
2022-05-03,4746,986030.0,62684922.0,64.1,64.5,63.0,63.1,-0.8,660.0
2022-05-04,4746,2501324.0,153122354.0,63.9,63.9,60.3,60.4,-2.7,1659.0
2022-05-05,4746,1270584.0,76681498.0,61.0,61.2,59.7,59.8,-0.6,888.0
2022-05-06,4746,1945339.0,114026712.0,59.1,59.5,57.5,59.2,-0.6,1323.0
2022-05-09,4746,1973483.0,112405429.0,58.5,58.9,55.8,55.8,-3.4,1212.0
2022-05-10,4746,1215466.0,68828612.0,56.0,57.2,55.7,56.6,0.8,871.0
2022-05-11,4746,1908783.0,108172649.0,57.0,58.8,55.0,55.3,-1.3,1342.0
2022-05-12,4746,1637012.0,87771649.0,55.2,55.5,52.2,52.2,-3.1,1149.0
2022-05-13,4746,1627345.0,84225786.0,50.9,53.2,50.3,51.5,-0.7,1146.0
2022-05-16,4746,900277.0,46021018.0,51.6,52.1,50.6,50.9,-0.6,668.0
2022-05-17,4746,1086132.0,54543792.0,51.3,51.3,49.85,49.85,-1.05,771.0
2022-05-18,4746,691644.0,35223320.0,50.0,51.5,50.0,51.3,1.45,560.0
2022-05-19,4746,1649657.0,81365652.0,49.95,50.5,48.75,49.15,-2.15,1152.0
2022-05-20,4746,776827.0,38046435.0,49.0,49.35,48.65,48.95,-0.2,529.0
2022-05-23,4746,396106.0,19487857.0,49.1,49.6,48.9,49.05,0.1,334.0
2022-05-24,4746,562285.0,27417305.0,49.2,49.35,48.25,48.3,-0.75,440.0
2022-05-25,4746,581636.0,27823610.0,48.4,48.45,47.6,47.85,-0.45,472.0
2022-05-26,4746,518837.0,24872996.0,47.95,48.55,47.65,47.75,-0.1,430.0
2022-05-27,4746,293658.0,14053307.0,47.9,48.1,47.75,47.8,0.05,262.0
2022-05-30,4746,419929.0,20463886.0,48.0,49.3,47.8,49.1,1.3,393.0
2022-05-31,4746,381285.0,18644584.0,48.85,49.15,48.6,49.05,-0.05,312.0
2022-06-01,4746,385564.0,18907285.0,49.05,49.35,48.9,49.0,-0.05,334.0
2022-06-02,4746,264097.0,12915931.0,48.9,49.25,48.75,48.8,-0.2,239.0
2022-06-06,4746,217253.0,10664785.0,48.8,49.4,48.8,49.05,0.25,190.0
2022-06-07,4746,287202.0,14079150.0,49.0,49.3,48.8,49.1,0.05,243.0
2022-06-08,4746,589662.0,29224034.0,49.3,49.8,49.25,49.6,0.5,463.0
2022-06-09,4746,1509125.0,77318980.0,49.7,51.9,49.7,50.8,1.2,1196.0
2022-06-10,4746,704815.0,35847772.0,50.3,51.5,50.3,51.2,0.4,559.0
2022-06-13,4746,1077771.0,53756647.0,50.5,50.5,49.4,49.55,-1.65,680.0
2022-06-14,4746,574577.0,27923100.0,49.35,49.55,48.1,48.85,-0.7,577.0
2022-06-15,4746,710551.0,35453492.0,48.9,50.6,48.9,50.0,1.15,510.0
2022-06-16,4746,1532480.0,78725300.0,50.5,52.2,50.2,50.6,0.6,1156.0
2022-06-17,4746,623559.0,31569868.0,50.6,51.8,50.2,50.6,0.0,594.0
2022-06-20,4746,800459.0,40326539.0,50.7,51.7,49.3,49.3,-1.3,547.0
2022-06-21,4746,805868.0,40850764.0,49.7,51.2,49.65,50.9,1.6,551.0
2022-06-22,4746,749601.0,37730967.0,50.9,51.7,49.55,49.55,-1.35,556.0
2022-06-23,4746,1246588.0,63015861.0,49.5,51.2,49.5,50.7,1.15,746.0
2022-06-24,4746,632176.0,31877477.0,51.0,51.0,49.9,50.4,-0.3,411.0
2022-06-27,4746,1109423.0,56959029.0,50.9,52.3,50.1,51.5,1.1,808.0
2022-06-28,4746,706634.0,36079166.0,51.6,52.0,50.4,50.7,-0.8,446.0
2022-06-29,4746,466273.0,23841989.0,50.5,51.7,50.3,51.1,0.4,350.0
2022-06-30,4746,836322.0,42124248.0,50.8,51.2,49.8,50.5,-0.6,502.0
2022-07-01,4746,1301085.0,63383470.0,50.5,50.6,47.3,47.3,-3.2,738.0
2022-07-04,4746,755638.0,35314658.0,47.65,48.1,46.0,46.25,-1.05,450.0
2022-07-05,4746,450490.0,21129045.0,47.0,47.65,46.25,47.35,1.1,299.0
2022-07-06,4746,491062.0,23513070.0,47.15,48.7,47.0,47.25,-0.1,377.0
2022-07-07,4746,357850.0,16893449.0,48.2,48.2,46.35,47.55,0.3,281.0
2022-07-08,4746,386677.0,18383136.0,48.0,48.05,47.25,47.55,0.0,244.0
2022-07-11,4746,298698.0,14422576.0,47.55,48.7,47.5,48.6,1.05,264.0
2022-07-12,4746,353710.0,16747128.0,48.6,48.6,46.85,46.85,-1.75,291.0
2022-07-13,4746,185078.0,8790994.0,47.35,47.75,47.3,47.3,0.45,164.0
2022-07-14,4746,241447.0,11333651.0,47.25,47.3,46.5,47.05,-0.25,208.0
2022-07-15,4746,427226.0,19841825.0,47.5,47.5,46.15,46.55,-0.5,335.0
2022-07-18,4746,276580.0,13076593.0,46.7,47.7,46.6,47.35,0.8,235.0
2022-07-19,4746,203524.0,9669843.0,47.35,48.1,47.2,47.3,-0.05,174.0
2022-07-20,4746,223335.0,10592117.0,47.4,47.75,47.15,47.4,0.1,190.0
2022-07-21,4746,276288.0,13136464.0,47.45,47.95,47.3,47.6,0.2,229.0
2022-07-22,4746,584917.0,28260345.0,48.15,48.7,48.0,48.5,0.9,412.0
2022-07-25,4746,799297.0,39656680.0,48.5,50.2,48.5,49.35,0.85,565.0
2022-07-26,4746,471784.0,22994489.0,49.35,49.5,48.2,48.4,-0.95,409.0
2022-07-27,4746,322791.0,15115226.0,46.85,47.15,46.6,46.7,0.0,247.0
2022-07-28,4746,205370.0,9554548.0,47.0,47.0,46.2,46.2,-0.5,164.0
2022-07-29,4746,248148.0,11493232.0,46.5,46.6,46.2,46.35,0.15,184.0
2022-08-01,4746,298234.0,14048644.0,46.8,47.6,46.45,47.15,0.8,247.0
2022-08-02,4746,460988.0,21281067.0,47.15,47.15,45.85,45.85,-1.3,347.0
2022-08-03,4746,335916.0,15363895.0,45.85,46.2,45.3,45.35,-0.5,249.0
2022-08-04,4746,388507.0,17361895.0,45.3,45.3,44.2,44.6,-0.75,283.0
2022-08-05,4746,191203.0,8681463.0,45.05,45.85,45.0,45.6,1.0,127.0
2022-08-08,4746,436266.0,20244583.0,45.8,46.7,45.7,46.35,0.75,256.0
2022-08-09,4746,0.0,0.0,0.0,0.0,0.0,0.0,0.0,0.0
2022-08-10,4746,292139.0,14869867.0,50.9,50.9,50.9,50.9,0.0,180.0
2022-08-11,4746,6602543.0,362968110.0,55.9,55.9,52.8,53.2,2.3,4215.0
2022-08-12,4746,2199720.0,118274659.0,53.0,55.2,52.5,53.7,0.5,1490.0
2022-08-15,4746,909930.0,48965652.0,54.8,54.8,53.4,53.7,0.0,661.0
2022-08-16,4746,1725280.0,94315364.0,53.9,55.2,53.5,54.4,0.7,1099.0
2022-08-17,4746,728437.0,39836957.0,55.0,55.2,54.3,54.6,0.2,513.0
2022-08-18,4746,775097.0,42626453.0,54.6,55.5,54.1,54.9,0.3,596.0
2022-08-19,4746,1444627.0,80309821.0,55.1,56.3,54.9,55.5,0.6,1104.0
2022-08-22,4746,10079527.0,601791607.0,55.6,61.0,55.6,59.0,3.5,5466.0
2022-08-23,4746,3873977.0,224104736.0,59.8,60.0,56.8,57.2,-1.8,2372.0
2022-08-24,4746,5015690.0,298591303.0,57.2,61.2,56.5,59.1,1.9,2950.0
2022-08-25,4746,2229931.0,132620429.0,59.5,60.2,58.7,59.4,0.3,1332.0
2022-08-26,4746,5020387.0,307413867.0,59.5,62.8,59.2,60.3,0.9,3112.0
2022-08-29,4746,2016945.0,120140805.0,58.8,61.0,58.7,59.1,-1.2,1206.0
2022-08-30,4746,1850957.0,111162946.0,59.9,61.1,59.1,60.4,1.3,1210.0
2022-08-31,4746,4376255.0,267091512.0,61.6,62.4,59.9,59.9,-0.5,2758.0
2022-09-01,4746,1794738.0,108052539.0,60.1,61.1,59.5,60.0,0.1,1084.0
2022-09-02,4746,1470125.0,88960630.0,60.7,61.3,59.8,60.3,0.3,878.0
2022-09-05,4746,1655983.0,99381409.0,60.3,60.9,58.8,59.0,-1.3,1067.0
2022-09-06,4746,1993653.0,116234021.0,59.2,59.8,57.3,57.8,-1.2,1296.0
2022-09-07,4746,905162.0,51793722.0,58.1,58.1,56.6,56.7,-1.1,573.0
2022-09-08,4746,567722.0,32530883.0,57.2,58.0,56.7,58.0,1.3,342.0
2022-09-12,4746,686336.0,40082803.0,58.4,59.2,57.4,58.9,0.9,463.0
2022-09-13,4746,738736.0,42888870.0,58.7,58.9,57.6,57.7,-1.2,522.0
2022-09-14,4746,519417.0,29794811.0,57.0,58.3,56.6,57.4,-0.3,360.0
2022-09-15,4746,515977.0,29686410.0,57.5,58.5,56.8,56.8,-0.6,404.0
2022-09-16,4746,603793.0,33836531.0,56.9,57.0,55.6,55.6,-1.2,398.0
2022-09-19,4746,511312.0,28025485.0,55.9,56.1,54.2,54.4,-1.2,425.0
2022-09-20,4746,260340.0,14218964.0,55.0,55.1,54.1,54.6,0.2,191.0
2022-09-21,4746,293373.0,15815912.0,54.7,54.9,53.6,53.6,-1.0,245.0
2022-09-22,4746,566332.0,30404398.0,53.7,54.4,52.8,54.0,0.4,390.0
2022-09-23,4746,742197.0,39170111.0,54.0,54.3,51.9,52.1,-1.9,535.0
2022-09-26,4746,713626.0,35952066.0,51.2,51.7,49.6,50.1,-2.0,503.0
2022-09-27,4746,481165.0,24021358.0,50.6,50.6,49.2,50.2,0.1,293.0
2022-09-28,4746,757461.0,36552481.0,50.2,50.5,47.3,47.3,-2.9,496.0
2022-09-29,4746,500917.0,24442849.0,47.6,49.5,47.6,48.7,1.4,329.0
2022-09-30,4746,637263.0,30609108.0,47.8,49.15,47.0,48.9,0.2,400.0
2022-10-03,4746,286049.0,13882844.0,48.9,49.5,48.1,48.3,-0.6,184.0
2022-10-04,4746,355015.0,17537905.0,49.95,50.2,48.9,49.0,0.7,269.0
2022-10-05,4746,613694.0,29824099.0,49.3,49.45,47.8,48.0,-1.0,460.0
2022-10-06,4746,1585070.0,79048815.0,50.2,50.8,49.3,49.3,1.3,1143.0
2022-10-07,4746,620900.0,30974723.0,49.5,50.3,49.35,49.8,0.5,466.0
2022-10-11,4746,648658.0,31506253.0,50.8,50.8,47.85,48.25,-1.55,478.0
2022-10-12,4746,420317.0,20229712.0,49.1,49.1,47.6,48.1,-0.15,333.0
2022-10-13,4746,856458.0,40048785.0,48.9,48.9,45.95,46.3,-1.8,494.0
2022-10-14,4746,623650.0,30194057.0,47.35,49.1,47.15,48.8,2.5,420.0
2022-10-17,4746,349131.0,16806000.0,48.05,49.25,47.2,49.0,0.2,281.0
2022-10-18,4746,271038.0,13383316.0,49.5,49.95,48.9,49.0,0.0,201.0
2022-10-19,4746,201390.0,9830585.0,49.1,49.55,48.4,48.4,-0.6,185.0
2022-10-20,4746,178831.0,8533522.0,48.4,48.4,47.35,48.0,-0.4,188.0
2022-10-21,4746,234672.0,11146860.0,47.95,48.0,47.25,47.3,-0.7,190.0
2022-10-24,4746,170751.0,8174237.0,48.0,48.1,47.55,47.6,0.3,122.0
2022-10-25,4746,451266.0,20969312.0,47.55,47.6,45.85,46.0,-1.6,518.0
2022-10-26,4746,249219.0,11392951.0,46.1,46.1,45.35,45.55,-0.45,221.0
2022-10-27,4746,262800.0,12269851.0,45.9,47.35,45.85,47.1,1.55,224.0
2022-10-28,4746,179100.0,8360057.0,47.1,47.3,46.25,46.25,-0.85,154.0
2022-10-31,4746,163322.0,7725326.0,46.7,47.75,46.7,47.3,1.05,173.0
2022-11-01,4746,340070.0,16505768.0,47.75,49.1,47.7,48.55,1.25,270.0
2022-11-02,4746,184284.0,9016607.0,49.3,49.35,48.65,48.7,0.15,210.0
2022-11-03,4746,328103.0,16068686.0,48.4,49.35,48.15,49.25,0.55,285.0
2022-11-04,4746,204850.0,10060795.0,49.15,49.5,48.9,49.15,-0.1,171.0
2022-11-07,4746,299764.0,14887377.0,49.25,49.95,49.25,49.75,0.6,293.0
2022-11-08,4746,264746.0,13204133.0,49.75,50.3,49.4,49.6,-0.15,249.0
2022-11-09,4746,224027.0,11136569.0,50.0,50.0,48.15,49.8,0.2,191.0
2022-11-10,4746,251185.0,12565544.0,49.8,50.7,49.6,49.85,0.05,211.0
2022-11-11,4746,607928.0,30780308.0,50.7,50.9,50.3,50.8,0.95,386.0
2022-11-14,4746,2019739.0,108202356.0,51.6,55.0,51.6,53.5,2.7,1590.0
2022-11-15,4746,1152109.0,62521715.0,53.7,55.0,53.1,54.7,1.2,952.0
2022-11-16,4746,1133121.0,62259452.0,55.6,55.6,54.2,55.0,0.3,830.0
2022-11-17,4746,1401536.0,79110640.0,55.0,57.4,55.0,55.9,0.9,1047.0
2022-11-18,4746,1052965.0,59963512.0,56.6,57.3,56.3,57.2,1.3,819.0
2022-11-21,4746,801057.0,46084335.0,58.0,58.0,56.9,57.6,0.4,695.0
2022-11-22,4746,997417.0,57646506.0,57.8,58.3,57.3,57.7,0.1,597.0
2022-11-23,4746,1053124.0,61850409.0,58.9,59.0,58.2,58.9,1.2,741.0
2022-11-24,4746,1530551.0,90338291.0,59.2,59.6,58.2,59.1,0.2,1156.0
2022-11-25,4746,1048243.0,61476067.0,59.1,59.7,57.7,57.7,-1.4,719.0
2022-11-28,4746,1438006.0,84797525.0,58.6,59.4,57.8,59.0,1.3,959.0
2022-11-29,4746,751038.0,44405729.0,59.1,59.6,58.7,58.8,-0.2,572.0
2022-11-30,4746,1827355.0,109843350.0,59.3,61.1,59.1,60.2,1.4,1272.0
2022-12-01,4746,2218144.0,133724529.0,60.9,61.0,59.2,60.5,0.3,1648.0
2022-12-02,4746,3191600.0,198953585.0,60.8,63.3,60.8,62.8,2.3,2169.0
2022-12-05,4746,8837896.0,597031829.0,63.7,69.0,63.1,69.0,6.2,5280.0
2022-12-06,4746,9229173.0,635540464.0,68.5,70.3,67.4,69.0,0.0,5364.0
2022-12-07,4746,6311077.0,422868984.0,70.0,70.2,64.2,65.7,-3.3,3912.0
2022-12-08,4746,2248040.0,145743627.0,66.0,66.9,64.0,64.7,-1.0,1785.0
2022-12-09,4746,3805408.0,251475424.0,65.5,67.6,64.0,65.7,1.0,2412.0
2022-12-12,4746,3694562.0,244110281.0,66.0,67.9,65.0,65.2,-0.5,2328.0
2022-12-13,4746,6015444.0,400277147.0,65.8,68.6,65.2,65.9,0.7,3784.0
2022-12-14,4746,7267242.0,441148072.0,62.7,62.7,59.4,61.5,-4.4,3907.0
2022-12-15,4746,11731762.0,779795601.0,62.0,67.6,62.0,67.6,6.1,4304.0
2022-12-16,4746,19637761.0,1427805474.0,70.5,74.3,69.5,74.3,6.7,9507.0
2022-12-19,4746,46316633.0,3566746449.0,77.9,81.6,74.3,79.2,4.9,24904.0
2022-12-20,4746,26984380.0,2101903205.0,78.4,81.3,75.5,77.5,-1.7,14751.0
2022-12-21,4746,24825999.0,1906600624.0,77.5,79.5,73.6,76.7,-0.8,13871.0
2022-12-22,4746,17989009.0,1330664840.0,76.3,76.6,71.0,75.2,-1.5,10775.0
2022-12-23,4746,13001870.0,974925049.0,75.1,77.3,73.0,73.1,-2.1,8870.0
2022-12-26,4746,16572876.0,1249664164.0,73.7,76.8,73.6,74.4,1.3,9928.0
2022-12-27,4746,13058269.0,963211423.0,73.3,75.2,71.1,75.2,0.8,7696.0
2022-12-28,4746,9349876.0,678347697.0,74.1,75.2,71.0,71.2,-4.0,6120.0
2022-12-29,4746,6006807.0,434122873.0,71.2,73.4,70.4,73.2,2.0,3752.0
2022-12-30,4746,3836379.0,280471345.0,72.4,73.9,71.8,73.5,0.3,2681.0
2023-01-03,4746,4667841.0,333450350.0,72.4,72.9,70.5,70.9,-2.6,2915.0
2023-01-04,4746,5676992.0,397570911.0,71.6,72.1,69.0,69.0,-1.9,3505.0
2023-01-05,4746,4122085.0,283906202.0,70.2,70.4,67.5,67.6,-1.4,2572.0
2023-01-06,4746,4534812.0,308053531.0,69.0,69.5,66.6,66.6,-1.0,2961.0
2023-01-09,4746,2688316.0,180240452.0,67.0,67.8,66.2,66.6,0.0,1743.0
2023-01-10,4746,2485673.0,163655943.0,67.0,67.0,65.1,65.1,-1.5,1519.0
2023-01-11,4746,2302051.0,150292928.0,66.2,66.6,64.2,64.2,-0.9,1615.0
2023-01-12,4746,2505291.0,158969036.0,64.9,64.9,62.6,62.8,-1.4,1604.0
2023-01-13,4746,6390326.0,412170912.0,63.4,65.8,62.7,64.3,1.5,4235.0
2023-01-16,4746,4351403.0,285269487.0,64.2,66.9,63.5,66.5,2.2,2909.0
2023-01-17,4746,3780510.0,253501516.0,66.3,67.7,65.8,67.2,0.7,2568.0
2023-01-30,4746,4075808.0,274731856.0,67.4,69.2,66.2,66.4,-0.8,2461.0
2023-01-31,4746,6213742.0,407093035.0,67.0,68.1,64.6,64.9,-1.5,3540.0
2023-02-01,4746,4180965.0,272438859.0,65.3,65.9,64.4,65.1,0.2,2267.0
2023-02-02,4746,5006082.0,338111696.0,65.4,68.9,65.3,68.2,3.1,3152.0
2023-02-03,4746,6627100.0,460576752.0,68.5,70.8,67.8,69.6,1.4,4569.0
2023-02-06,4746,9255825.0,658315051.0,70.2,72.0,70.0,71.1,1.5,6592.0
2023-02-07,4746,9377278.0,646917334.0,71.0,71.0,67.3,69.7,-1.4,6589.0
2023-02-08,4746,3907474.0,270610084.0,69.2,70.5,68.4,68.4,-1.3,2515.0
2023-02-09,4746,4227269.0,294758008.0,69.2,70.5,68.5,69.7,1.3,2994.0
2023-02-10,4746,2684284.0,186129479.0,69.9,70.5,68.2,68.4,-1.3,1812.0
2023-02-13,4746,1760313.0,120350727.0,68.8,69.2,67.8,67.9,-0.5,1325.0
2023-02-14,4746,1768473.0,119328789.0,68.3,68.8,67.0,67.0,-0.9,1330.0
2023-02-15,4746,1196704.0,80301640.0,67.0,67.9,66.7,66.8,-0.2,936.0
2023-02-16,4746,1290358.0,87359919.0,68.0,68.3,67.0,67.5,0.7,1014.0
2023-02-17,4746,1334226.0,89764010.0,67.4,67.8,66.8,67.4,-0.1,914.0
2023-02-20,4746,4746893.0,333028942.0,68.3,71.3,67.5,70.2,2.8,3469.0
2023-02-21,4746,5281753.0,377826141.0,71.3,72.3,70.4,72.0,1.8,3850.0
2023-02-22,4746,3874629.0,276339470.0,71.9,72.7,70.3,70.6,-1.4,2721.0
2023-02-23,4746,3759441.0,271199109.0,71.1,73.3,70.8,72.7,2.1,2678.0
2023-02-24,4746,2394999.0,172557578.0,72.2,72.8,71.5,71.9,-0.8,2165.0
2023-03-01,4746,4551747.0,335788470.0,72.5,74.9,72.0,73.6,1.7,3298.0
2023-03-02,4746,5713616.0,430263859.0,74.7,76.5,74.0,74.1,0.5,4038.0
2023-03-03,4746,2679472.0,200352842.0,75.1,75.5,73.7,74.9,0.8,2032.0
2023-03-06,4746,3263808.0,242130899.0,75.9,76.2,72.2,75.2,0.3,2856.0
2023-03-07,4746,3216573.0,244806045.0,76.4,76.5,75.3,75.7,0.5,2457.0
2023-03-08,4746,6849543.0,527925110.0,76.9,78.3,76.0,76.1,0.4,5750.0
2023-03-09,4746,5808903.0,424095611.0,75.8,75.8,71.6,71.6,-4.5,4632.0
2023-03-10,4746,4050454.0,282491187.0,71.6,71.8,68.2,68.2,-3.4,2690.0
2023-03-13,4746,2119167.0,142824003.0,67.7,68.4,66.5,67.3,-0.9,1490.0
2023-03-14,4746,1786429.0,120627040.0,67.3,68.2,66.5,67.2,-0.1,1210.0
2023-03-15,4746,1322258.0,90311636.0,67.5,69.0,67.3,68.6,1.4,878.0
2023-03-16,4746,1736581.0,118454785.0,68.8,69.2,67.3,67.9,-0.7,1150.0
2023-03-17,4746,1577195.0,109245741.0,68.7,69.9,68.4,69.8,1.9,1128.0
2023-03-20,4746,1653252.0,116325392.0,69.8,71.2,69.0,70.3,0.5,1471.0
2023-03-21,4746,1476965.0,103583858.0,70.7,71.4,69.5,69.7,-0.6,1538.0
2023-03-22,4746,2894858.0,197749514.0,70.0,70.2,67.5,67.8,-1.9,2181.0
2023-03-23,4746,1752736.0,118470914.0,67.8,68.2,67.1,68.0,0.2,1379.0
2023-03-24,4746,2163642.0,150490275.0,68.0,70.6,67.6,70.1,2.1,1404.0
2023-03-27,4746,3592869.0,257715111.0,70.1,73.0,69.6,72.2,2.1,2680.0
2023-03-28,4746,2041872.0,146964749.0,72.2,72.9,71.1,72.2,0.0,1777.0
2023-03-29,4746,5367440.0,400038376.0,72.2,75.8,72.2,73.7,1.5,3738.0
2023-03-30,4746,6993593.0,531073028.0,75.5,77.1,74.6,75.6,1.9,5429.0
2023-03-31,4746,4313145.0,330269256.0,76.5,77.2,75.9,76.7,1.1,3253.0
2023-04-06,4746,11053132.0,881034496.0,76.8,81.5,76.7,79.3,2.6,8623.0
2023-04-07,4746,10034285.0,819268336.0,79.7,83.3,78.7,82.9,3.6,7060.0
2023-04-10,4746,9358858.0,796879091.0,84.8,86.4,83.7,86.0,3.1,8711.0
2023-04-11,4746,7994616.0,691917438.0,85.1,88.5,84.9,87.0,1.0,7735.0
2023-04-12,4746,3872421.0,337624133.0,87.0,87.9,86.2,87.5,0.5,3343.0
2023-04-13,4746,4290434.0,370944606.0,87.5,87.9,84.6,86.9,-0.6,6034.0
2023-04-14,4746,2560263.0,220651417.0,87.3,87.5,85.4,85.4,-1.5,2313.0
2023-04-17,4746,3766996.0,328563506.0,86.0,88.6,85.9,86.5,1.1,3134.0
2023-04-18,4746,3968510.0,335188979.0,86.3,86.4,83.4,83.9,-2.6,3245.0
2023-04-19,4746,3358387.0,280929143.0,84.5,85.1,82.0,83.6,-0.3,3107.0
2023-04-20,4746,1794399.0,149794193.0,84.0,84.7,82.6,82.6,-1.0,1304.0
2023-04-21,4746,2523440.0,204908721.0,83.0,83.0,80.0,80.8,-1.8,2049.0
2023-04-24,4746,1063294.0,86458721.0,80.5,82.4,80.5,80.8,0.0,1129.0
2023-04-25,4746,1964845.0,158047615.0,81.7,82.8,78.8,79.3,-1.5,1635.0
2023-04-26,4746,1835535.0,143392046.0,78.9,79.5,76.7,78.4,-0.9,1676.0
2023-04-27,4746,1149321.0,89766815.0,78.2,79.3,76.7,78.4,0.0,1187.0
2023-04-28,4746,3893288.0,319809141.0,79.0,83.8,78.4,83.2,4.8,2821.0
2023-05-02,4746,8117125.0,724255295.0,87.7,91.5,83.5,91.5,8.3,5285.0
2023-05-03,4746,29720559.0,2835911008.0,94.0,100.0,91.1,95.7,4.2,20567.0
2023-05-04,4746,16561147.0,1586541012.0,96.3,99.5,92.5,94.4,-1.3,13232.0
2023-05-05,4746,6673218.0,619271141.0,94.4,94.8,91.6,92.2,-2.2,4661.0
2023-05-08,4746,3683210.0,339219054.0,92.5,93.1,90.5,92.6,0.4,2702.0
2023-05-09,4746,4966735.0,452892408.0,94.1,94.1,89.2,89.2,-3.4,3575.0
2023-05-10,4746,2942827.0,266758855.0,89.2,91.5,89.1,90.7,1.5,2006.0
2023-05-11,4746,4662942.0,409357081.0,90.4,91.2,86.2,86.9,-3.8,3587.0
2023-05-12,4746,2935466.0,258907382.0,87.4,89.4,86.9,88.4,1.5,2052.0
2023-05-15,4746,2943817.0,254965897.0,88.1,89.0,84.5,86.5,-1.9,1997.0
2023-05-16,4746,2901943.0,255628282.0,87.2,89.2,86.6,88.5,2.0,2024.0
2023-05-17,4746,9999747.0,907584641.0,89.8,93.0,88.8,89.7,1.2,6675.0
2023-05-18,4746,5188962.0,455271386.0,90.0,90.5,86.6,87.1,-2.6,3476.0
2023-05-19,4746,3208278.0,276250633.0,87.6,87.7,85.0,85.3,-1.8,2230.0
2023-05-22,4746,1725675.0,148806737.0,85.6,87.0,85.3,86.4,1.1,1165.0
2023-05-23,4746,4706010.0,420206788.0,86.7,90.5,85.6,90.4,4.0,3340.0
2023-05-24,4746,6464061.0,587366027.0,91.0,92.2,89.5,90.8,0.4,4787.0
2023-05-25,4746,8851397.0,815584599.0,92.5,94.3,90.2,91.5,0.7,6412.0
2023-05-26,4746,10152358.0,881193341.0,91.5,91.5,83.5,83.8,-7.7,7695.0
2023-05-29,4746,3738012.0,312623395.0,84.1,84.6,82.2,84.0,0.2,2628.0
2023-05-30,4746,4821107.0,416702434.0,84.0,87.8,83.5,86.6,2.6,3372.0
2023-05-31,4746,2710003.0,234471515.0,86.6,87.6,85.6,85.6,-1.0,1985.0
2023-06-01,4746,2107137.0,178960821.0,85.6,86.3,84.0,84.5,-1.1,1615.0
2023-06-02,4746,2350588.0,198319384.0,85.1,85.3,83.9,83.9,-0.6,1788.0
2023-06-05,4746,1710076.0,146250139.0,84.6,86.2,84.6,85.6,1.7,1284.0
2023-06-06,4746,2286172.0,196701451.0,86.4,87.6,84.9,85.6,0.0,1808.0
2023-06-07,4746,4209826.0,370438841.0,86.0,89.0,85.6,88.6,3.0,2905.0
2023-06-08,4746,5574715.0,497402610.0,89.3,90.7,87.4,88.2,-0.4,3792.0
2023-06-09,4746,4306930.0,386528873.0,88.6,90.5,88.0,90.3,2.1,2850.0
2023-06-12,4746,3080991.0,273132605.0,90.8,90.8,87.9,88.4,-1.9,2035.0
2023-06-13,4746,2203975.0,192574522.0,88.9,88.9,86.9,86.9,-1.5,1814.0
2023-06-14,4746,1696197.0,148732314.0,87.4,88.9,86.9,87.5,0.6,1226.0
2023-06-15,4746,1809739.0,156561389.0,87.9,88.0,85.9,86.6,-0.9,1341.0
2023-06-16,4746,1449107.0,126626907.0,87.0,88.2,86.5,86.5,-0.1,1057.0
2023-06-19,4746,1355808.0,115967457.0,86.6,86.7,85.0,85.4,-1.1,1071.0
2023-06-20,4746,777088.0,66594388.0,85.6,86.2,85.2,85.7,0.3,610.0
2023-06-21,4746,2340650.0,197084872.0,85.9,86.0,83.6,83.8,-1.9,1760.0
2023-06-26,4746,5328859.0,465429557.0,83.8,90.0,82.6,88.0,4.2,3703.0
2023-06-27,4746,15653649.0,1476986331.0,88.2,96.8,88.2,96.8,8.8,8523.0
2023-06-28,4746,44570971.0,4345091979.0,102.5,103.0,93.3,95.3,-1.5,25976.0
2023-06-29,4746,20895280.0,1966452508.0,96.9,99.9,90.8,91.1,-4.2,13773.0
2023-06-30,4746,6931529.0,635364049.0,91.6,92.8,90.2,92.4,1.3,5035.0
2023-07-03,4746,5086765.0,462864739.0,92.8,92.9,89.2,90.9,-1.5,3964.0
2023-07-04,4746,5610836.0,500961808.0,90.8,91.5,88.3,89.0,-1.9,4149.0
2023-07-05,4746,4143452.0,370590685.0,89.5,90.8,88.5,88.7,-0.3,2965.0
2023-07-06,4746,15204875.0,1405315630.0,93.0,95.0,90.5,90.6,1.9,10087.0
2023-07-07,4746,13974258.0,1300289331.0,92.4,95.5,91.1,92.5,1.9,9599.0
2023-07-10,4746,16136489.0,1543375123.0,93.6,98.8,92.1,95.8,3.3,10280.0
2023-07-11,4746,12767651.0,1235232028.0,98.0,98.6,94.7,95.3,-0.5,10015.0
2023-07-12,4746,7458590.0,691484828.0,96.0,96.0,91.5,91.5,-3.8,5045.0
2023-07-13,4746,8158297.0,771017846.0,92.7,95.7,91.8,95.0,3.5,5891.0
2023-07-14,4746,12474386.0,1220115065.0,95.7,99.9,94.0,98.8,3.8,9840.0
2023-07-17,4746,11400374.0,1147317219.0,101.5,102.5,98.3,101.0,2.2,9223.0
2023-07-18,4746,10282250.0,1020786083.0,102.5,104.5,96.0,96.6,-4.4,7926.0
2023-07-19,4746,17833406.0,1826631113.0,99.0,105.5,97.0,102.5,5.9,11713.0
2023-07-20,4746,15023402.0,1521956846.0,104.0,105.5,98.6,99.7,-2.8,9086.0
2023-07-21,4746,30546446.0,3213869809.0,101.0,109.5,100.0,102.0,2.3,18115.0
2023-07-24,4746,13918733.0,1427276821.0,104.5,106.0,100.0,100.5,-1.5,9276.0
2023-07-25,4746,13186310.0,1313728908.0,102.0,103.0,96.3,101.0,0.5,8669.0
2023-07-26,4746,8597362.0,842938305.0,101.5,102.0,96.0,97.0,-4.0,6275.0
2023-07-27,4746,10542266.0,1070785070.0,98.4,104.5,97.5,101.5,4.5,6950.0
2023-07-28,4746,6531803.0,643531778.0,101.5,102.0,97.2,97.8,-3.7,5978.0
2023-07-31,4746,9408239.0,948293223.0,99.6,103.5,97.6,101.5,3.7,5784.0
2023-08-01,4746,23477612.0,2583806951.0,104.0,111.5,104.0,111.5,10.0,12535.0
2023-08-02,4746,47696696.0,5425651467.0,108.5,121.0,106.0,108.0,-3.5,26327.0
2023-08-04,4746,23333265.0,2322859367.0,107.0,108.0,97.2,97.4,-10.6,14737.0
2023-08-07,4746,8005598.0,768844274.0,97.0,97.7,94.0,97.2,-0.2,5097.0
2023-08-08,4746,5558228.0,531190232.0,97.4,97.8,94.4,95.0,-2.2,4032.0
2023-08-09,4746,5655256.0,546280718.0,96.0,98.5,95.1,95.3,0.3,3989.0
2023-08-10,4746,8245929.0,781429476.0,95.5,98.3,92.1,92.1,-3.2,5669.0
2023-08-11,4746,6135848.0,555948293.0,91.2,92.8,88.5,90.6,-1.5,4180.0
2023-08-14,4746,6236475.0,539982644.0,89.3,89.7,84.8,85.8,-4.8,3948.0
2023-08-15,4746,3760670.0,324034103.0,85.5,88.3,84.5,87.0,1.2,2462.0
2023-08-16,4746,2759816.0,236261037.0,85.1,86.8,84.1,85.4,-1.6,1941.0
2023-08-17,4746,9869915.0,876117674.0,88.5,91.7,85.8,90.5,5.1,6880.0
2023-08-18,4746,5205859.0,468806192.0,89.0,92.6,88.2,88.5,-2.0,3589.0
2023-08-21,4746,2857344.0,256894745.0,90.0,91.5,88.5,90.0,1.5,1948.0
2023-08-22,4746,2839686.0,250790779.0,90.5,90.5,87.5,88.4,-1.6,2175.0
2023-08-23,4746,1901153.0,166314532.0,88.5,88.9,86.8,86.8,-1.6,1486.0
2023-08-24,4746,1801538.0,154846874.0,86.7,87.5,85.1,85.2,0.0,1456.0
2023-08-25,4746,1867706.0,158375815.0,85.4,86.3,83.7,83.7,-1.5,1696.0
2023-08-28,4746,2114119.0,175255562.0,83.1,83.9,81.6,83.3,-0.4,1755.0
2023-08-29,4746,1766601.0,147108066.0,83.6,84.1,82.6,83.3,0.0,1729.0
2023-08-30,4746,1474005.0,125453430.0,84.2,86.5,83.7,85.2,1.9,1338.0
2023-08-31,4746,1762392.0,151406565.0,85.3,87.4,85.0,85.8,0.6,1328.0
2023-09-01,4746,6419607.0,571231962.0,86.3,91.5,86.1,87.7,1.9,4518.0
2023-09-04,4746,2253010.0,195066537.0,88.0,88.0,86.0,86.1,-1.6,1936.0
2023-09-05,4746,1413673.0,121521877.0,85.6,86.8,85.5,86.3,0.2,1096.0
2023-09-06,4746,3907043.0,344226394.0,87.6,89.6,86.9,87.5,1.2,3002.0
2023-09-07,4746,7076650.0,642455940.0,87.2,92.8,86.9,91.8,4.3,5120.0
2023-09-08,4746,3886105.0,351349918.0,91.5,92.0,89.3,90.0,-1.8,3123.0
2023-09-11,4746,4878026.0,438629288.0,90.0,92.6,87.8,88.7,-1.3,3523.0
2023-09-12,4746,3319036.0,301579624.0,89.6,91.7,89.6,90.8,2.1,3158.0
2023-09-13,4746,3045383.0,278974310.0,91.0,92.3,90.3,92.3,1.5,2285.0
2023-09-14,4746,4594304.0,426394269.0,93.5,94.4,90.9,93.4,1.1,3652.0
2023-09-15,4746,4038442.0,376287458.0,94.5,95.5,91.7,91.7,-1.7,3061.0
2023-09-18,4746,1787221.0,164956048.0,91.0,93.1,91.0,92.2,0.5,1582.0
2023-09-19,4746,4324150.0,388244072.0,92.5,93.0,88.5,88.5,-3.7,3402.0
2023-09-20,4746,1244130.0,110250360.0,89.0,89.4,88.0,88.0,-0.5,1296.0
2023-09-21,4746,2290467.0,198964385.0,88.0,89.5,85.5,85.6,-2.4,1971.0
2023-09-22,4746,1050215.0,90202219.0,85.0,87.0,84.7,85.9,0.3,983.0
2023-09-25,4746,1100850.0,96085136.0,85.9,88.2,85.5,87.4,1.5,914.0
2023-09-26,4746,928192.0,80408725.0,87.6,87.9,85.8,85.8,-1.6,848.0
2023-09-27,4746,621988.0,53769091.0,85.8,87.0,85.6,86.7,0.9,611.0
2023-09-28,4746,805300.0,70339265.0,87.4,88.0,86.6,87.7,1.0,739.0
2023-10-02,4746,1332629.0,117787906.0,88.4,89.2,87.5,88.6,0.9,998.0
2023-10-03,4746,2384932.0,208477182.0,89.0,90.1,85.8,85.9,-2.7,1801.0
2023-10-04,4746,918471.0,78950976.0,85.9,86.8,85.0,86.3,0.4,730.0
2023-10-05,4746,876483.0,75692547.0,86.3,87.3,85.7,86.0,-0.3,775.0
2023-10-06,4746,2533764.0,213584471.0,85.1,85.6,83.7,83.8,-2.2,2093.0
2023-10-11,4746,1151458.0,96475800.0,83.8,85.2,83.1,83.1,-0.7,960.0
2023-10-12,4746,1021341.0,85515604.0,84.4,84.4,83.0,84.0,0.9,749.0
2023-10-13,4746,909877.0,76146357.0,83.8,84.4,83.3,83.3,-0.7,645.0
2023-10-16,4746,1028041.0,84913071.0,82.8,83.5,82.0,82.0,-1.3,858.0
2023-10-17,4746,2043060.0,164846568.0,82.7,82.8,79.8,79.8,-2.2,1611.0
2023-10-18,4746,1182601.0,93684314.0,80.3,80.3,78.3,78.8,-1.0,957.0
2023-10-19,4746,1399805.0,112208285.0,78.1,81.5,78.1,79.6,0.8,1090.0
2023-10-20,4746,719970.0,57051793.0,79.6,80.5,78.3,80.0,0.4,610.0
2023-10-23,4746,1028410.0,84201838.0,79.8,82.6,79.6,82.1,2.1,823.0
2023-10-24,4746,2155332.0,181510317.0,82.2,85.4,82.2,85.0,2.9,1786.0
2023-10-25,4746,1248276.0,107012558.0,84.9,86.4,84.7,85.7,0.7,1147.0
2023-10-26,4746,1756096.0,149637673.0,85.0,86.8,83.8,84.0,-1.7,1192.0
2023-10-27,4746,3453829.0,300399522.0,84.8,87.9,84.8,87.3,3.3,2582.0
2023-10-30,4746,1502213.0,131287345.0,87.2,88.0,86.6,87.4,0.1,1138.0
2023-10-31,4746,1527820.0,132566716.0,88.4,88.4,85.5,85.9,-1.5,1583.0
2023-11-01,4746,1226410.0,106751024.0,86.8,88.2,86.0,87.1,1.2,1453.0
2023-11-02,4746,1311062.0,113671819.0,87.8,87.8,85.7,87.4,0.3,1477.0
2023-11-03,4746,1171851.0,102004803.0,87.4,88.5,86.3,86.3,-1.1,1358.0
2023-11-06,4746,914207.0,79518866.0,86.2,87.4,86.2,87.3,1.0,1077.0
2023-11-07,4746,1704560.0,148492466.0,87.9,88.3,85.8,85.8,-1.5,1684.0
2023-11-08,4746,784843.0,68070570.0,86.5,87.3,86.0,86.4,0.6,642.0
2023-11-09,4746,1342082.0,117010752.0,87.0,88.2,86.5,86.6,0.2,1172.0
2023-11-10,4746,2390590.0,208325570.0,87.6,88.8,85.9,86.0,-0.6,1945.0
2023-11-13,4746,4157384.0,339903801.0,83.1,84.0,78.0,83.6,-2.4,2959.0
2023-11-14,4746,5998388.0,532413756.0,83.5,90.9,83.5,90.8,7.2,4324.0
2023-11-15,4746,6141561.0,564214901.0,92.0,92.8,90.0,91.1,0.3,4468.0
2023-11-16,4746,5129565.0,470602848.0,94.2,94.9,89.5,89.8,-1.3,4728.0
2023-11-17,4746,6871960.0,640398237.0,91.0,94.4,90.5,93.6,3.8,4786.0
2023-11-20,4746,11815492.0,1153038866.0,95.2,99.2,94.7,99.0,5.4,8705.0
2023-11-21,4746,7979140.0,794090608.0,99.3,101.0,98.3,98.5,-0.5,6960.0
2023-11-22,4746,4085971.0,407601760.0,99.1,100.5,99.0,99.9,1.4,3842.0
2023-11-23,4746,4651366.0,460266752.0,100.5,102.0,97.4,97.4,-2.5,4444.0
2023-11-24,4746,2351853.0,230036156.0,98.5,99.2,96.5,97.6,0.2,1915.0
2023-11-27,4746,12304447.0,1252808432.0,98.9,105.5,98.7,101.0,3.4,8299.0
2023-11-28,4746,6422438.0,656870601.0,102.0,104.5,100.5,102.5,1.5,4428.0
2023-11-29,4746,2344528.0,238130385.0,102.5,102.5,100.0,101.5,-1.0,1710.0
2023-11-30,4746,2263433.0,229208945.0,102.5,103.0,100.0,100.0,-1.5,1509.0
2023-12-01,4746,3219228.0,328206745.0,99.8,103.0,99.2,101.5,1.5,2324.0
2023-12-04,4746,5289204.0,553518358.0,102.5,106.0,101.0,106.0,4.5,3616.0
2023-12-05,4746,6525469.0,690977778.0,107.0,108.0,102.0,107.0,1.0,4586.0
2023-12-06,4746,9024815.0,919142310.0,103.0,104.5,99.3,101.5,-5.5,6553.0
2023-12-07,4746,3036080.0,315655839.0,101.5,105.5,101.5,104.5,3.0,2218.0
2023-12-08,4746,2789781.0,287459825.0,105.5,106.5,101.5,103.0,-1.5,2657.0
2023-12-11,4746,1166354.0,118911372.0,103.5,104.0,101.0,101.5,-1.5,1033.0
2023-12-12,4746,2112748.0,212033077.0,101.5,102.5,99.5,99.8,-1.7,1589.0
2023-12-13,4746,3432160.0,335699900.0,99.5,100.0,96.5,96.5,-3.3,2896.0
2023-12-14,4746,2162058.0,208978929.0,97.6,97.7,95.8,95.8,-0.7,1924.0
2023-12-15,4746,2891648.0,283582703.0,96.4,99.7,95.8,98.9,3.1,2481.0
2023-12-18,4746,4943585.0,501986920.0,99.7,104.0,99.4,99.7,0.8,3674.0
2023-12-19,4746,3832026.0,374846804.0,100.5,102.0,96.3,96.5,-3.2,3110.0
2023-12-20,4746,3711281.0,367690352.0,97.4,101.5,96.7,97.3,0.8,2902.0
2023-12-21,4746,1593171.0,153416552.0,95.8,97.2,95.0,96.4,-0.9,1428.0
2023-12-22,4746,1448076.0,138821445.0,96.9,97.8,95.1,95.3,-1.1,1329.0
2023-12-25,4746,927047.0,88674411.0,96.4,96.9,95.1,95.2,-0.1,775.0
2023-12-26,4746,1347130.0,130363328.0,95.3,97.6,95.3,96.9,1.7,1102.0
2023-12-27,4746,1620773.0,158914151.0,97.8,98.9,97.0,98.2,1.3,1241.0
2023-12-28,4746,3465459.0,346377816.0,98.4,102.0,98.4,99.0,0.8,2490.0
2023-12-29,4746,4171198.0,424808348.0,99.1,103.5,99.0,102.0,3.0,2797.0
2024-01-02,4746,2295986.0,232345660.0,103.0,103.5,99.8,102.0,0.0,1791.0
2024-01-03,4746,1913403.0,194928666.0,102.0,103.0,101.0,101.0,-1.0,1515.0
2024-01-04,4746,2639578.0,262768239.0,102.0,102.0,98.4,99.5,-1.5,2007.0
2024-01-05,4746,9039307.0,944908310.0,100.0,106.0,99.8,106.0,6.5,6105.0
2024-01-08,4746,8370883.0,862512429.0,105.5,106.0,101.0,103.0,-3.0,7137.0
2024-01-09,4746,5954140.0,593891260.0,103.5,103.5,98.1,99.0,-4.0,4308.0
2024-01-10,4746,5873513.0,603751370.0,99.9,105.0,99.5,102.5,3.5,3678.0
2024-01-11,4746,5425031.0,569477187.0,103.5,107.0,102.5,104.0,1.5,3667.0
2024-01-12,4746,2630746.0,269296650.0,104.0,104.5,101.0,101.0,-3.0,2735.0
2024-01-15,4746,2674834.0,277619210.0,103.0,105.0,101.5,104.5,3.5,1973.0
2024-01-16,4746,4039752.0,426004099.0,104.5,106.5,103.0,106.0,1.5,3136.0
2024-01-17,4746,5683251.0,605429727.0,105.0,108.0,103.5,106.5,0.5,3734.0
2024-01-18,4746,16380906.0,1830846416.0,108.0,116.0,107.0,114.5,8.0,10677.0
2024-01-19,4746,20547596.0,2385666370.0,115.0,120.0,111.5,116.5,2.0,13391.0
2024-01-22,4746,6247016.0,714859843.0,117.0,119.0,112.5,114.0,-2.5,5031.0
2024-01-23,4746,3474744.0,398011167.0,113.5,116.5,112.0,114.5,0.5,2808.0
2024-01-24,4746,3118978.0,360243623.0,114.5,117.5,113.0,116.5,2.0,2349.0
2024-01-25,4746,3786180.0,436939569.0,117.0,117.5,113.5,116.0,-0.5,3272.0
2024-01-26,4746,7221911.0,855074548.0,115.5,121.0,115.5,117.0,1.0,5089.0
2024-01-29,4746,4034891.0,468526677.0,117.5,119.0,114.5,115.5,-1.5,2902.0
2024-01-30,4746,2539713.0,291542348.0,114.5,116.5,114.0,114.0,-1.5,2121.0
2024-01-31,4746,3108381.0,351279090.0,114.5,115.5,111.0,112.5,-1.5,2326.0
2024-02-01,4746,3428773.0,382000350.0,112.5,114.5,108.5,111.5,-1.0,2952.0
2024-02-02,4746,1652044.0,183886795.0,111.5,112.5,109.5,111.5,0.0,1305.0
2024-02-05,4746,2979218.0,330040013.0,112.0,113.5,108.0,112.5,1.0,2504.0
2024-02-15,4746,2656581.0,293619827.0,113.0,113.5,108.5,108.5,-4.0,2217.0
2024-02-16,4746,2188400.0,235317586.0,108.5,109.5,106.0,106.0,-2.5,2001.0
2024-02-19,4746,2074215.0,218068300.0,106.5,108.0,103.5,104.0,-2.0,1841.0
2024-02-20,4746,3541885.0,371721926.0,104.5,107.5,102.0,106.0,2.0,2513.0
2024-02-21,4746,4636914.0,512334852.0,106.5,113.0,105.5,112.0,6.0,3799.0
2024-02-22,4746,3403779.0,375227056.0,112.0,113.5,108.0,108.5,-3.5,2733.0
2024-02-23,4746,1767926.0,194265564.0,109.0,111.0,108.0,109.5,1.0,1467.0
2024-02-26,4746,3293736.0,369570272.0,111.0,113.5,109.5,113.0,3.5,2678.0
2024-02-27,4746,1913028.0,214032906.0,113.5,114.0,110.5,110.5,-2.5,1847.0
2024-02-29,4746,1676712.0,185922179.0,112.0,113.5,109.5,110.0,-0.5,1412.0
2024-03-01,4746,1550983.0,168204188.0,111.0,111.0,107.5,108.0,-2.0,1480.0
2024-03-04,4746,1089609.0,116796118.0,108.0,108.5,106.5,107.0,-1.0,981.0
2024-03-05,4746,6443122.0,728831924.0,111.0,117.0,110.0,110.0,3.0,4668.0
2024-03-06,4746,5061829.0,539889536.0,109.5,112.0,104.0,104.0,-6.0,4035.0
2024-03-07,4746,3554852.0,363543200.0,104.5,104.5,100.5,103.0,-1.0,2751.0
2024-03-08,4746,2418353.0,250051956.0,102.0,106.0,101.5,102.0,-1.0,1760.0
2024-03-11,4746,1952100.0,196321685.0,103.0,103.0,99.9,99.9,-2.1,1607.0
2024-03-12,4746,1063820.0,107086412.0,101.0,102.0,100.0,100.0,0.1,888.0
2024-03-13,4746,2912703.0,286020546.0,101.0,101.5,97.0,97.0,-3.0,2576.0
2024-03-14,4746,2298103.0,230854956.0,97.0,102.5,96.8,101.0,4.0,1817.0
2024-03-15,4746,1101239.0,110057236.0,100.0,101.0,99.1,99.8,-1.2,1140.0
2024-03-18,4746,726726.0,73339029.0,101.5,101.5,100.0,100.5,0.7,714.0
2024-03-19,4746,903592.0,91336847.0,101.5,103.0,100.0,100.0,-0.5,852.0
2024-03-20,4746,858229.0,85526543.0,100.5,101.0,99.1,99.3,-0.7,872.0
2024-03-21,4746,809914.0,80679644.0,100.0,101.0,98.6,100.0,0.7,757.0
2024-03-22,4746,1191630.0,118950401.0,101.0,101.0,98.7,100.5,0.5,882.0
2024-03-25,4746,2346553.0,240513735.0,100.5,103.5,100.0,102.5,2.0,1798.0
2024-03-26,4746,3551600.0,374831491.0,104.0,108.0,103.0,103.5,1.0,2703.0
2024-03-27,4746,7888081.0,868166104.0,103.5,113.0,103.0,112.0,8.5,5580.0
2024-03-28,4746,2977350.0,329344808.0,110.5,113.0,108.5,109.0,-3.0,2897.0
2024-03-29,4746,2357358.0,255162021.0,110.0,111.0,106.0,107.5,-1.5,2125.0
2024-04-01,4746,2906070.0,323482800.0,109.5,113.0,109.0,111.5,4.0,2308.0
2024-04-02,4746,3094146.0,341381404.0,113.0,113.0,108.0,110.0,-1.5,2228.0
2024-04-03,4746,5764038.0,660736813.0,110.5,119.0,110.0,116.5,6.5,4035.0
2024-04-08,4746,12654195.0,1381253214.0,115.0,116.0,105.0,106.0,-10.5,10123.0
2024-04-09,4746,5577446.0,608053533.0,106.5,111.5,105.0,110.0,4.0,3854.0
2024-04-10,4746,6632276.0,763384257.0,110.5,117.5,110.0,115.5,5.5,4713.0
2024-04-11,4746,6828686.0,802771064.0,115.0,121.0,114.5,115.0,-0.5,5155.0
2024-04-12,4746,3258291.0,371315706.0,115.5,117.0,112.0,113.0,-2.0,3888.0
2024-04-15,4746,2267184.0,252056234.0,114.0,114.5,109.5,110.0,-3.0,1929.0
2024-04-16,4746,2585328.0,278978575.0,110.5,110.5,107.0,107.5,-2.5,1970.0
2024-04-17,4746,3236685.0,346288043.0,112.0,112.0,105.5,105.5,-2.0,2394.0
2024-04-18,4746,1830839.0,193898535.0,106.5,107.0,104.5,106.5,1.0,1558.0
2024-04-19,4746,3055769.0,311098315.0,105.0,106.0,99.4,101.0,-5.5,2664.0
2024-04-22,4746,2026606.0,201899929.0,101.5,103.0,98.2,98.7,-2.3,2180.0
2024-04-23,4746,1147550.0,115778720.0,99.8,102.0,99.8,101.0,2.3,1227.0
2024-04-24,4746,1057837.0,107497470.0,102.5,103.0,100.5,102.0,1.0,1512.0
2024-04-25,4746,1245243.0,126696117.0,102.5,104.5,100.0,100.0,-2.0,1541.0
2024-04-26,4746,927747.0,93539890.0,101.0,102.0,100.0,100.0,0.0,905.0
2024-04-29,4746,1225433.0,124246388.0,100.0,103.0,99.7,102.0,2.0,1205.0
2024-04-30,4746,1029912.0,104651270.0,102.5,103.0,100.5,101.0,-1.0,936.0
2024-05-02,4746,862363.0,87825857.0,103.5,103.5,101.0,101.5,0.5,837.0
2024-05-03,4746,2469808.0,246081086.0,102.0,102.0,98.7,98.7,-2.8,2296.0
2024-05-06,4746,1657073.0,162646164.0,99.8,99.8,97.0,97.2,-1.5,1628.0
2024-05-07,4746,1429070.0,138672200.0,97.1,98.0,96.4,97.2,0.0,1410.0
2024-05-08,4746,1849307.0,178756495.0,99.5,99.5,95.5,96.2,-1.0,1651.0
2024-05-09,4746,1816342.0,172415462.0,96.9,96.9,93.7,94.6,-1.6,1665.0
2024-05-10,4746,2841805.0,260618234.0,95.5,95.6,90.0,92.0,-2.6,2579.0
2024-05-13,4746,894822.0,82178343.0,91.5,92.9,91.1,92.0,0.0,904.0
2024-05-14,4746,821173.0,75901074.0,92.5,93.5,91.4,93.2,1.2,793.0
2024-05-15,4746,1234086.0,113862959.0,93.0,93.9,91.3,93.1,-0.1,1176.0
2024-05-16,4746,1192898.0,112175334.0,93.2,95.1,93.2,94.0,0.9,1161.0
2024-05-17,4746,1165533.0,111136583.0,94.2,96.3,93.9,96.2,2.2,1208.0
2024-05-20,4746,1102312.0,104758857.0,96.4,96.6,94.1,94.7,-1.5,989.0
2024-05-21,4746,632583.0,59551514.0,95.1,95.3,93.4,94.0,-0.7,748.0
2024-05-22,4746,1133988.0,106127513.0,94.5,96.0,92.8,93.2,-0.8,932.0
2024-05-23,4746,790402.0,73264007.0,93.4,94.0,92.0,92.4,-0.8,767.0
2024-05-24,4746,345968.0,31921821.0,92.1,93.0,91.6,92.6,0.2,378.0
2024-05-27,4746,385073.0,35608119.0,92.8,93.1,92.2,92.3,-0.3,414.0
2024-05-28,4746,1052302.0,99094601.0,92.5,95.4,92.2,95.4,3.1,825.0
2024-05-29,4746,960135.0,90372897.0,95.7,95.8,93.3,93.5,-1.9,927.0
2024-05-30,4746,525007.0,48697293.0,93.1,93.8,92.2,92.2,-1.3,566.0
2024-05-31,4746,587234.0,55037259.0,92.8,94.3,92.7,93.8,1.6,554.0
2024-06-03,4746,699639.0,66025999.0,95.3,95.4,93.6,94.2,0.4,626.0
2024-06-04,4746,844797.0,80121949.0,95.0,95.6,94.0,94.3,0.1,786.0
2024-06-05,4746,2736045.0,265021935.0,95.1,98.1,94.6,98.0,3.7,2131.0
2024-06-06,4746,2639970.0,256972881.0,99.1,99.7,95.8,95.9,-2.1,2129.0
2024-06-07,4746,1404145.0,136838895.0,96.0,98.5,95.7,98.0,2.1,1107.0
2024-06-11,4746,3002935.0,301741731.0,98.4,103.5,98.4,99.8,1.8,2663.0
2024-06-12,4746,1701448.0,167578684.0,100.5,100.5,97.5,97.7,-2.1,1447.0
2024-06-13,4746,826025.0,80482894.0,98.0,98.3,97.0,97.1,-0.6,879.0
2024-06-14,4746,818749.0,79445808.0,97.6,98.0,96.2,97.2,0.1,773.0
2024-06-17,4746,861406.0,84667588.0,97.4,99.4,97.4,97.5,0.3,788.0
2024-06-18,4746,943808.0,92779623.0,98.0,99.0,97.5,98.0,0.5,803.0
2024-06-19,4746,736384.0,71598169.0,98.2,98.6,96.8,96.9,-1.1,703.0
2024-06-20,4746,539788.0,52853001.0,97.1,98.2,97.1,98.2,1.3,507.0
2024-06-21,4746,1034800.0,101629652.0,98.2,99.5,97.2,97.6,-0.6,843.0
2024-06-24,4746,544339.0,52834044.0,97.6,98.1,96.3,96.6,-1.0,586.0
2024-06-25,4746,1082009.0,105792699.0,98.0,99.0,96.7,98.0,1.4,894.0
2024-06-26,4746,2289825.0,228607785.0,98.0,101.0,97.4,100.0,2.0,1930.0
2024-06-27,4746,4499239.0,454481744.0,102.0,104.5,98.1,98.4,-1.6,3296.0
2024-06-28,4746,1675832.0,169046826.0,99.0,102.0,99.0,101.5,3.1,1383.0
2024-07-01,4746,2288584.0,234468404.0,102.0,104.0,101.0,102.5,1.0,1795.0
2024-07-02,4746,1325572.0,135012903.0,102.0,103.0,100.5,102.0,-0.5,1562.0
2024-07-03,4746,1277849.0,131704818.0,103.0,104.0,102.0,103.0,1.0,1413.0
2024-07-04,4746,1257082.0,127266289.0,102.5,103.0,100.5,101.5,-1.5,1031.0
2024-07-05,4746,1972824.0,204457139.0,102.0,105.0,101.5,104.5,3.0,1535.0
2024-07-08,4746,1588393.0,165700257.0,106.0,106.0,103.0,103.0,-1.5,1286.0
2024-07-09,4746,1289849.0,130457047.0,103.0,103.5,100.0,101.5,-1.5,995.0
2024-07-10,4746,592113.0,60534485.0,102.0,103.0,101.5,103.0,1.5,486.0
2024-07-11,4746,976676.0,98626108.0,103.5,103.5,100.0,101.0,-2.0,806.0
2024-07-12,4746,953433.0,97957694.0,101.5,104.0,101.5,103.0,2.0,850.0
2024-07-15,4746,5421755.0,591133008.0,103.0,112.5,102.5,110.0,7.0,3500.0
2024-07-16,4746,2269879.0,248748120.0,111.0,111.5,108.0,109.5,-0.5,2244.0
2024-07-17,4746,4463762.0,503857877.0,109.5,115.5,109.5,113.5,4.0,3567.0
2024-07-18,4746,8367317.0,963737755.0,115.0,119.5,110.5,110.5,-3.0,6791.0
2024-07-19,4746,3009659.0,326695927.0,109.5,112.0,107.0,107.0,-3.5,3501.0
2024-07-22,4746,1912990.0,204465856.0,108.0,110.5,105.0,106.0,-1.0,2044.0
2024-07-23,4746,2213652.0,242517544.0,107.0,111.0,106.5,110.0,4.0,1776.0
2024-07-26,4746,2223716.0,241528012.0,107.0,111.0,107.0,108.0,-2.0,1678.0
2024-07-29,4746,2262721.0,240774973.0,110.0,110.5,104.5,105.0,-3.0,1479.0
2024-07-30,4746,1071416.0,112531739.0,105.0,107.0,103.5,106.0,1.0,787.0
2024-07-31,4746,904690.0,95245549.0,105.0,107.0,104.5,104.5,-1.5,845.0
2024-08-01,4746,814808.0,86427678.0,105.0,107.0,105.0,106.5,2.0,569.0
2024-08-02,4746,1875338.0,191830757.0,105.0,105.0,100.5,100.5,-6.0,1378.0
2024-08-05,4746,2328406.0,213817275.0,98.2,98.5,90.5,90.5,-10.0,1737.0
2024-08-06,4746,2698271.0,236929117.0,90.5,91.5,81.5,89.0,-1.5,1918.0
2024-08-07,4746,1283446.0,120945825.0,92.3,96.8,91.0,95.2,6.2,1043.0
2024-08-08,4746,586039.0,54880306.0,93.0,94.7,92.8,93.4,-1.8,542.0
2024-08-09,4746,967751.0,91826847.0,95.7,96.3,93.7,93.7,0.3,794.0
2024-08-12,4746,1505539.0,144130902.0,96.0,97.6,94.8,95.7,2.0,821.0
2024-08-13,4746,683194.0,64738521.0,95.0,95.5,93.8,94.3,0.0,638.0
2024-08-14,4746,1313587.0,122354991.0,96.0,96.0,91.5,91.7,-2.6,1223.0
2024-08-15,4746,488451.0,45097901.0,91.7,93.2,91.7,92.1,0.4,479.0
2024-08-16,4746,658122.0,60791655.0,92.5,93.3,91.8,92.1,0.0,658.0
2024-08-19,4746,310513.0,28584454.0,92.3,92.6,91.7,91.8,-0.3,367.0
2024-08-20,4746,977491.0,91984394.0,92.2,95.7,91.8,93.9,2.1,820.0
2024-08-21,4746,386210.0,36103881.0,93.9,94.2,93.0,93.2,-0.7,693.0
2024-08-22,4746,350771.0,32564112.0,93.5,93.6,92.3,92.3,-0.9,390.0
2024-08-23,4746,335409.0,30870926.0,92.3,93.1,91.3,92.5,0.2,339.0
2024-08-26,4746,403145.0,37374104.0,92.8,93.5,92.0,92.0,-0.5,390.0
2024-08-27,4746,394537.0,36380248.0,92.0,93.2,91.6,93.1,1.1,362.0
2024-08-28,4746,566109.0,52995313.0,93.0,94.5,92.5,92.7,-0.4,929.0
2024-08-29,4746,599994.0,56421980.0,92.8,95.3,92.4,94.5,1.8,699.0
2024-08-30,4746,1155238.0,111432517.0,95.0,97.2,94.5,96.8,2.3,1157.0
2024-09-02,4746,922247.0,87921918.0,97.5,97.5,94.1,94.1,-2.7,1173.0
2024-09-03,4746,610527.0,57019765.0,94.1,94.6,92.5,92.8,-1.3,612.0
2024-09-04,4746,1304487.0,115711398.0,90.2,90.2,87.2,88.1,-4.7,1246.0
2024-09-05,4746,724972.0,63983424.0,89.0,90.0,87.0,87.0,-1.1,734.0
2024-09-06,4746,441286.0,38875875.0,87.0,89.0,87.0,88.4,1.4,416.0
2024-09-09,4746,657515.0,57308037.0,87.0,88.0,86.3,87.5,-0.9,646.0
2024-09-10,4746,544469.0,48060542.0,88.0,89.4,87.1,87.4,-0.1,546.0
2024-09-11,4746,256300.0,22355451.0,87.8,88.0,87.0,87.0,-0.4,322.0
2024-09-12,4746,380676.0,33394775.0,87.4,88.4,87.3,87.6,0.6,399.0
2024-09-13,4746,300904.0,26455696.0,88.9,88.9,87.2,87.9,0.3,346.0
2024-09-16,4746,663373.0,59404335.0,88.5,90.1,88.5,90.0,2.1,677.0
2024-09-18,4746,1024344.0,94712648.0,90.5,93.3,90.5,92.9,2.9,909.0
2024-09-19,4746,509191.0,47319922.0,93.5,93.5,92.4,93.2,0.3,489.0
2024-09-20,4746,3640519.0,362904433.0,94.7,102.0,94.7,99.4,6.2,2958.0
2024-09-23,4746,2502353.0,258173337.0,101.0,105.0,100.0,104.0,4.6,2686.0
2024-09-24,4746,1266136.0,129267178.0,104.0,104.5,100.5,101.0,-3.0,2494.0
2024-09-25,4746,697214.0,70714820.0,101.0,102.5,101.0,101.0,0.0,701.0
2024-09-26,4746,1257399.0,125085532.0,101.0,102.0,98.1,98.1,-2.9,1178.0
2024-09-27,4746,891409.0,88487692.0,98.7,100.5,98.1,99.7,1.6,824.0
2024-09-30,4746,851992.0,85518613.0,99.5,102.0,99.0,99.0,-0.7,761.0
2024-10-01,4746,398070.0,39569229.0,99.6,100.0,98.8,99.0,0.0,427.0
2024-10-04,4746,503928.0,49288135.0,99.6,100.0,96.7,97.3,-1.7,525.0
2024-10-07,4746,680241.0,65472428.0,97.9,98.2,95.1,95.8,-1.5,752.0
2024-10-08,4746,1063608.0,99632116.0,95.8,96.3,92.5,93.3,-2.5,1166.0
2024-10-09,4746,1203726.0,110481962.0,93.5,94.2,91.0,91.1,-2.2,1116.0
2024-10-11,4746,482646.0,44046364.0,91.3,92.0,90.2,91.8,0.7,516.0
2024-10-14,4746,391133.0,36035812.0,92.1,92.6,91.6,92.4,0.6,666.0
2024-10-15,4746,412476.0,37957012.0,93.3,93.3,91.6,91.6,-0.8,492.0
2024-10-16,4746,339419.0,31244293.0,91.2,92.7,91.2,92.4,0.8,316.0
2024-10-17,4746,382357.0,35408563.0,93.1,93.5,91.9,92.1,-0.3,399.0
2024-10-18,4746,334765.0,30711489.0,92.2,92.6,91.2,91.3,-0.8,322.0
2024-10-21,4746,204516.0,18735320.0,91.4,92.1,91.2,91.7,0.4,247.0
2024-10-22,4746,236481.0,21616237.0,91.8,91.9,91.0,91.5,-0.2,286.0
2024-10-23,4746,625837.0,57864667.0,91.6,93.4,91.6,92.5,1.0,589.0
2024-10-24,4746,486126.0,45049635.0,92.2,93.5,91.7,91.9,-0.6,884.0
2024-10-25,4746,302070.0,27888677.0,92.0,93.4,91.6,92.5,0.6,278.0
2024-10-28,4746,494049.0,45358525.0,92.4,93.2,91.1,91.1,-1.4,444.0
2024-10-29,4746,625264.0,57144357.0,91.9,92.8,89.8,91.3,0.2,668.0
2024-10-30,4746,403819.0,36500306.0,91.1,91.2,90.0,90.0,-1.3,607.0
2024-11-01,4746,370775.0,33402876.0,89.3,91.3,88.3,91.2,1.2,340.0
2024-11-04,4746,217208.0,19837408.0,91.2,91.9,91.0,91.0,-0.2,193.0
2024-11-05,4746,238978.0,21889745.0,91.1,92.5,90.9,91.9,0.9,251.0
2024-11-06,4746,852901.0,76912724.0,91.9,91.9,89.3,89.8,-2.1,793.0
2024-11-07,4746,643978.0,58828791.0,90.7,92.4,90.6,91.2,1.4,505.0
2024-11-08,4746,466270.0,42817491.0,91.5,92.4,91.3,91.6,0.4,642.0
2024-11-11,4746,235524.0,21606504.0,91.7,92.4,90.7,91.8,0.2,308.0
2024-11-12,4746,372729.0,34013299.0,91.5,92.3,90.5,91.6,-0.2,370.0
2024-11-13,4746,289604.0,26536072.0,91.1,92.4,91.0,91.0,-0.6,322.0
2024-11-14,4746,542180.0,49049422.0,91.1,92.2,89.1,89.3,-1.7,688.0
2024-11-15,4746,1383019.0,120743891.0,89.6,89.7,86.2,86.3,-3.0,1382.0
2024-11-18,4746,1160865.0,96694680.0,85.5,86.0,82.2,83.4,-2.9,1219.0
2024-11-19,4746,3557522.0,284828704.0,83.3,83.8,78.7,79.9,-3.5,2812.0
2024-11-20,4746,2330752.0,184985114.0,80.5,80.9,78.7,79.1,-0.8,1978.0
2024-11-21,4746,1848544.0,146234154.0,79.6,80.4,78.6,78.7,-0.4,1671.0
2024-11-22,4746,1090611.0,86425605.0,79.3,80.2,78.7,79.1,0.4,1057.0
2024-11-25,4746,1523116.0,120505905.0,79.3,79.7,78.7,79.5,0.4,1303.0
2024-11-26,4746,1695245.0,133662586.0,79.9,79.9,78.2,78.2,-1.3,1467.0
2024-11-27,4746,2914083.0,222389577.0,78.2,78.9,75.0,75.0,-3.2,2478.0
2024-11-28,4746,1870150.0,139317321.0,75.3,75.6,73.0,75.6,0.6,1465.0
2024-11-29,4746,1577152.0,119692868.0,74.5,76.9,74.2,76.0,0.4,1241.0
2024-12-02,4746,1344147.0,101287441.0,77.3,77.3,74.7,74.7,-1.3,1235.0
2024-12-03,4746,1308255.0,98477634.0,76.0,76.2,74.8,75.6,0.9,1163.0
2024-12-04,4746,1463171.0,110167309.0,76.0,76.1,74.7,74.8,-0.8,1207.0
2024-12-05,4746,1315431.0,99443809.0,75.4,76.4,74.8,76.0,1.2,1045.0
2024-12-06,4746,1322400.0,101041765.0,76.2,77.2,75.7,76.5,0.5,1108.0
2024-12-09,4746,957644.0,72517470.0,76.7,76.7,75.2,75.6,-0.9,1077.0
2024-12-10,4746,1670544.0,124318750.0,75.3,76.6,73.4,73.6,-2.0,1477.0
2024-12-11,4746,2725004.0,195964636.0,73.6,73.6,71.3,71.5,-2.1,2193.0
2024-12-12,4746,1124761.0,81505500.0,72.4,73.4,72.0,72.2,0.7,1049.0
2024-12-13,4746,909264.0,65139831.0,72.6,72.6,70.9,71.3,-0.9,977.0
2024-12-16,4746,661467.0,47133374.0,71.6,72.0,70.8,71.0,-0.3,530.0
2024-12-17,4746,540510.0,39230107.0,71.9,73.2,71.5,72.5,1.5,492.0
2024-12-18,4746,395657.0,28585577.0,72.5,72.7,71.9,72.6,0.1,358.0
2024-12-19,4746,329987.0,23695107.0,71.5,72.4,71.2,71.9,-0.7,319.0
2024-12-20,4746,668698.0,47437666.0,71.6,72.1,70.0,70.2,-1.7,610.0
2024-12-23,4746,290144.0,20692866.0,70.4,71.8,70.4,71.1,0.9,311.0
2024-12-24,4746,651082.0,46802918.0,71.5,72.9,71.0,71.4,0.3,603.0
2024-12-25,4746,924882.0,65119683.0,71.6,71.7,70.0,70.2,-1.2,780.0
2024-12-26,4746,743626.0,52258272.0,70.1,71.0,69.7,70.0,-0.2,653.0
2024-12-27,4746,910889.0,63658513.0,70.2,71.1,69.4,69.5,-0.5,890.0
2024-12-30,4746,558537.0,38750132.0,69.6,69.9,68.8,69.3,-0.2,585.0
2024-12-31,4746,926851.0,63243684.0,69.1,69.1,67.7,68.8,-0.5,884.0
2025-01-02,4746,1116839.0,79003964.0,68.8,71.4,68.8,71.1,2.3,1043.0
2025-01-03,4746,672815.0,47600836.0,70.5,71.3,70.2,70.7,-0.4,912.0
2025-01-06,4746,1821862.0,134507762.0,71.3,74.9,71.2,74.2,3.5,1467.0
2025-01-07,4746,2583073.0,195936094.0,75.6,78.0,74.5,74.8,0.6,2721.0
2025-01-08,4746,877706.0,66031057.0,75.0,75.7,74.4,75.3,0.5,742.0
2025-01-09,4746,1025171.0,76172305.0,75.3,75.6,73.1,73.2,-2.1,983.0
2025-01-10,4746,492901.0,36044222.0,73.1,74.5,72.6,72.6,-0.6,625.0
2025-01-13,4746,633150.0,45037363.0,72.0,72.6,70.4,71.3,-1.3,584.0
2025-01-14,4746,300190.0,21615952.0,71.3,72.4,71.3,72.1,0.8,299.0
2025-01-15,4746,187782.0,13534157.0,72.2,72.8,71.6,71.7,-0.4,410.0
2025-01-16,4746,257742.0,18547979.0,72.4,72.4,71.4,72.1,0.4,269.0
2025-01-17,4746,235523.0,17051587.0,72.1,73.1,71.8,71.8,-0.3,291.0
2025-01-20,4746,278366.0,19907173.0,72.8,72.8,71.1,71.7,-0.1,323.0
2025-01-21,4746,277753.0,19850385.0,71.7,72.4,70.9,71.2,-0.5,302.0
2025-01-22,4746,287752.0,20746941.0,71.7,72.6,71.4,72.5,1.3,306.0
2025-02-03,4746,668106.0,48546951.0,71.6,73.8,71.3,73.2,0.7,618.0
2025-02-04,4746,516035.0,37203057.0,73.5,73.6,71.1,71.2,-2.0,582.0
2025-02-05,4746,357916.0,25986993.0,71.7,73.2,71.5,73.2,2.0,359.0
2025-02-06,4746,597757.0,44340341.0,73.5,74.8,73.1,74.3,1.1,598.0
2025-02-07,4746,348520.0,25889344.0,74.5,74.8,73.7,74.1,-0.2,422.0
2025-02-10,4746,266780.0,19797159.0,73.8,74.6,73.3,74.2,0.1,357.0
2025-02-11,4746,505469.0,37059282.0,74.5,74.6,72.9,73.1,-1.1,508.0
2025-02-12,4746,484668.0,35586167.0,73.9,74.5,72.4,72.6,-0.5,488.0
2025-02-13,4746,251722.0,18476121.0,72.9,73.7,72.9,73.7,1.1,323.0
2025-02-14,4746,1448726.0,109831623.0,74.3,76.8,74.3,76.3,2.6,1572.0
2025-02-17,4746,598226.0,45570043.0,76.3,76.7,75.8,76.0,-0.3,1001.0
2025-02-18,4746,443318.0,33527026.0,76.5,76.7,75.1,75.7,-0.3,649.0
2025-02-19,4746,457742.0,34976938.0,76.3,76.6,76.0,76.3,0.6,509.0
2025-02-20,4746,533554.0,40197158.0,76.3,76.5,74.6,75.4,-0.9,825.0
2025-02-21,4746,429642.0,32245269.0,75.0,76.1,74.5,74.6,-0.8,698.0
2025-02-24,4746,244052.0,18424364.0,75.3,75.9,75.2,75.3,0.7,345.0
2025-02-25,4746,407971.0,30506767.0,75.8,75.8,74.3,74.9,-0.4,495.0
2025-02-26,4746,186533.0,13981743.0,74.7,75.5,74.4,74.9,0.0,396.0
2025-02-27,4746,224696.0,16841738.0,75.3,76.0,74.5,74.5,-0.4,572.0
2025-03-03,4746,562634.0,41568147.0,74.0,75.3,72.9,74.6,0.1,568.0
2025-03-04,4746,664953.0,50237347.0,73.6,76.5,73.4,76.4,1.8,666.0
2025-03-05,4746,263705.0,19946791.0,76.4,76.5,75.3,75.4,-1.0,599.0
2025-03-06,4746,1240695.0,90297086.0,75.3,75.3,71.7,72.1,-3.3,1260.0
2025-03-07,4746,689635.0,49430676.0,72.0,72.5,71.2,71.2,-0.9,650.0
2025-03-10,4746,575880.0,41366749.0,71.2,72.3,71.1,72.0,0.8,532.0
2025-03-11,4746,580386.0,41453785.0,70.7,72.7,69.7,72.2,0.2,513.0
2025-03-12,4746,196645.0,14166031.0,72.3,72.8,71.6,71.7,-0.5,285.0
2025-03-13,4746,428592.0,30990680.0,72.6,73.8,71.3,71.3,-0.4,488.0
2025-03-14,4746,224815.0,16132523.0,71.6,72.4,71.4,71.6,0.3,265.0
2025-03-17,4746,225905.0,16285415.0,71.8,72.5,71.8,71.9,0.3,408.0
2025-03-18,4746,121843.0,8791234.0,72.0,72.5,71.9,72.0,0.1,487.0
2025-03-19,4746,403283.0,29380216.0,72.1,73.6,72.1,72.3,0.3,471.0
2025-03-20,4746,255436.0,18636131.0,72.3,73.4,72.3,72.9,0.6,338.0
2025-03-21,4746,289147.0,21293465.0,73.1,74.0,73.1,73.6,0.7,743.0
2025-03-24,4746,337883.0,25014236.0,74.2,74.4,73.5,74.0,0.4,458.0
2025-03-25,4746,196102.0,14497341.0,74.0,74.4,73.5,73.5,-0.5,472.0
2025-03-26,4746,147128.0,10866173.0,73.8,74.4,73.6,73.6,0.1,372.0
2025-03-27,4746,202837.0,14765236.0,73.7,73.7,72.3,72.8,-0.8,577.0
2025-03-28,4746,749277.0,53269713.0,73.7,74.1,69.8,69.9,-2.9,954.0
2025-03-31,4746,1304285.0,86467768.0,67.7,68.4,65.1,65.1,-4.8,1347.0
2025-04-01,4746,754302.0,49601151.0,65.1,67.1,65.1,66.0,0.9,872.0
2025-04-02,4746,302455.0,20201808.0,66.0,68.0,65.1,67.8,1.8,367.0
2025-04-07,4746,139560.0,8527076.0,61.1,61.1,61.1,61.1,-6.7,327.0
2025-04-08,4746,1434381.0,78986188.0,55.0,56.5,55.0,55.0,-6.1,1092.0
2025-04-09,4746,2246128.0,115177452.0,53.6,54.9,49.5,49.5,-5.5,1684.0
2025-04-10,4746,804566.0,43711483.0,54.0,54.4,53.9,54.4,4.9,404.0
2025-04-11,4746,1251405.0,67960838.0,50.1,56.8,50.1,56.8,2.4,1028.0
2025-04-14,4746,839231.0,48342175.0,58.1,59.0,56.7,57.5,0.7,1177.0
2025-04-15,4746,632424.0,37804432.0,58.9,61.0,58.3,60.4,2.9,918.0
2025-04-16,4746,385547.0,23006670.0,60.5,60.8,58.7,59.0,-1.4,745.0
2025-04-17,4746,263793.0,15453216.0,58.7,59.2,58.0,58.8,-0.2,937.0
2025-04-18,4746,251933.0,14806522.0,58.7,59.4,58.4,58.5,-0.3,633.0
2025-04-21,4746,336544.0,19292798.0,59.7,59.7,56.4,56.6,-1.9,504.0
2025-04-22,4746,246720.0,13993140.0,56.6,57.3,56.0,56.6,0.0,445.0
2025-04-23,4746,241917.0,13972885.0,57.5,58.3,57.4,57.6,1.0,261.0
2025-04-24,4746,308627.0,17982637.0,59.0,59.0,57.6,58.6,1.0,280.0
2025-04-25,4746,346282.0,20459945.0,59.2,59.5,58.7,59.2,0.6,303.0
2025-04-28,4746,328453.0,19841862.0,59.8,60.9,59.5,60.5,1.3,321.0
2025-04-29,4746,150795.0,9243101.0,60.6,61.7,60.6,61.2,0.7,208.0
2025-04-30,4746,173043.0,10521095.0,60.6,61.5,60.3,60.3,-0.9,251.0
2025-05-02,4746,182050.0,11109871.0,60.9,61.3,60.7,61.1,0.8,217.0
2025-05-05,4746,340408.0,20341224.0,61.1,61.6,58.5,59.5,-1.6,403.0
2025-05-06,4746,157295.0,9412446.0,59.4,60.2,59.4,59.5,0.0,188.0
2025-05-07,4746,435809.0,26576551.0,59.9,61.9,59.6,61.1,1.6,392.0
2025-05-08,4746,478788.0,30016461.0,61.1,63.4,61.0,63.3,2.2,469.0
2025-05-09,4746,457744.0,28932393.0,62.7,64.0,62.7,63.7,0.4,385.0
2025-05-12,4746,331223.0,21254014.0,64.0,64.9,63.6,64.4,0.7,401.0
2025-05-13,4746,637627.0,42164076.0,65.5,68.0,65.2,66.0,1.6,767.0
2025-05-14,4746,445684.0,29966663.0,66.6,67.8,66.6,67.8,1.8,583.0
2025-05-15,4746,316468.0,21257531.0,67.8,67.8,66.3,67.5,-0.3,305.0
2025-05-16,4746,273854.0,18360135.0,67.6,67.8,66.5,66.8,-0.7,307.0
2025-05-19,4746,602413.0,41085794.0,67.5,69.5,66.8,67.6,0.8,539.0
2025-05-20,4746,326966.0,22488958.0,68.9,69.2,68.1,68.9,1.3,364.0
2025-05-21,4746,232800.0,16075305.0,68.4,69.4,68.4,69.2,0.3,468.0
2025-05-22,4746,269851.0,18681660.0,69.7,70.0,68.0,69.6,0.4,269.0
2025-05-23,4746,249498.0,17427182.0,70.2,70.2,69.2,69.8,0.2,286.0
2025-05-26,4746,149979.0,10460278.0,69.6,70.4,69.4,70.0,0.2,202.0
2025-05-27,4746,260337.0,18309054.0,69.5,70.8,69.5,70.5,0.5,266.0
2025-05-28,4746,250162.0,17427548.0,70.2,70.6,69.0,69.7,-0.8,252.0
2025-05-29,4746,375973.0,26633554.0,69.7,71.5,69.7,70.6,0.9,373.0
2025-06-02,4746,160624.0,11195384.0,70.5,70.5,69.2,69.6,-1.0,194.0
2025-06-03,4746,268996.0,18862447.0,69.8,70.8,69.6,70.6,1.0,265.0
2025-06-04,4746,448262.0,32082681.0,71.4,71.9,71.0,71.6,1.0,443.0
2025-06-05,4746,329784.0,23756235.0,71.8,72.5,71.6,72.0,0.4,403.0
2025-06-06,4746,626324.0,43464213.0,71.2,71.2,68.7,69.0,-3.0,757.0
2025-06-09,4746,426261.0,29176826.0,69.4,69.6,67.7,68.8,-0.2,390.0
2025-06-10,4746,280448.0,19588068.0,68.9,70.3,68.7,69.8,1.0,254.0
2025-06-11,4746,531070.0,37993294.0,70.8,72.1,70.8,71.2,1.4,536.0
2025-06-12,4746,359109.0,25187780.0,71.6,71.7,69.5,69.5,-1.7,361.0
2025-06-13,4746,267922.0,18345972.0,68.9,69.0,68.1,68.5,-1.0,317.0
2025-06-16,4746,137387.0,9443613.0,68.1,69.4,67.8,69.0,0.5,141.0
2025-06-17,4746,267354.0,18268251.0,70.1,70.1,67.6,67.7,-1.3,347.0
2025-06-18,4746,187420.0,12623947.0,67.2,67.7,67.1,67.2,-0.5,201.0
2025-06-19,4746,292569.0,19522106.0,67.2,67.3,66.5,66.5,-0.7,273.0
2025-06-20,4746,739787.0,50651157.0,66.1,69.9,66.1,69.8,3.3,672.0
2025-06-23,4746,887591.0,60361704.0,70.2,70.2,66.9,67.2,-2.6,769.0
2025-06-24,4746,367996.0,25205946.0,68.3,68.9,68.0,68.5,1.3,355.0
2025-06-25,4746,384684.0,26724335.0,69.0,70.3,68.7,68.7,0.2,464.0
2025-06-26,4746,219826.0,15279210.0,68.7,69.9,68.7,69.3,0.6,295.0
2025-06-27,4746,129679.0,8989284.0,69.3,69.9,68.8,69.1,-0.2,145.0
2025-06-30,4746,152565.0,10563780.0,69.3,69.6,68.8,69.4,0.3,177.0
2025-07-01,4746,285546.0,19573488.0,68.6,69.2,68.1,68.1,-1.3,331.0
2025-07-02,4746,187868.0,12888821.0,67.3,69.4,67.3,68.4,0.3,200.0
2025-07-03,4746,329144.0,22812208.0,68.5,70.1,68.5,68.7,0.3,300.0
2025-07-04,4746,248102.0,16830029.0,68.7,68.8,67.4,67.9,-0.8,228.0
2025-07-07,4746,182151.0,12219792.0,67.9,67.9,66.6,67.1,-0.8,199.0
2025-07-08,4746,384943.0,25274687.0,66.5,67.1,64.8,65.4,-1.7,383.0
2025-07-09,4746,415495.0,26808392.0,64.9,65.1,63.9,64.5,-0.9,392.0
2025-07-10,4746,617200.0,41026952.0,64.1,67.4,64.1,67.1,2.6,523.0
2025-07-11,4746,602777.0,41173253.0,66.6,69.4,66.6,67.3,0.2,744.0
2025-07-14,4746,185304.0,12423667.0,67.0,67.5,66.7,67.0,-0.3,209.0
2025-07-15,4746,187255.0,12477603.0,66.3,67.2,66.3,66.7,-0.3,222.0
2025-07-16,4746,439056.0,29898001.0,66.7,68.8,66.7,68.7,2.0,407.0
2025-07-17,4746,408692.0,28338739.0,68.8,69.8,68.8,69.5,0.8,401.0
2025-07-18,4746,317147.0,21979516.0,70.0,70.0,68.9,69.2,-0.3,572.0
2025-07-21,4746,283014.0,19499387.0,69.6,69.6,68.2,68.7,-0.5,276.0
2025-07-22,4746,519145.0,35114154.0,68.7,68.9,66.6,66.6,-2.1,472.0
2025-07-23,4746,389395.0,26544854.0,67.0,68.6,66.8,68.5,1.9,330.0
2025-07-24,4746,196214.0,13346367.0,68.2,68.9,67.6,68.2,-0.3,224.0
2025-07-25,4746,165541.0,11308271.0,68.5,68.6,67.8,68.1,-0.1,263.0
2025-07-28,4746,229138.0,15665016.0,68.1,69.0,67.6,68.1,0.0,203.0
2025-07-29,4746,247752.0,16771826.0,68.9,69.0,67.1,67.3,-0.8,298.0
2025-07-30,4746,138000.0,9281093.0,67.3,67.8,66.8,67.2,-0.1,151.0
2025-07-31,4746,253973.0,16941698.0,67.1,67.6,66.4,66.7,-0.5,317.0
2025-08-01,4746,283783.0,18615417.0,66.0,66.1,64.4,65.9,-0.8,319.0
2025-08-04,4746,291425.0,19419201.0,65.8,67.6,65.0,67.6,1.7,248.0
2025-08-05,4746,1083803.0,76000558.0,68.0,71.4,68.0,70.8,3.2,967.0
2025-08-06,4746,570398.0,40415702.0,71.2,71.5,70.5,70.5,-0.3,1491.0
2025-08-07,4746,1008565.0,68747872.0,70.7,70.9,67.1,67.6,-2.9,1193.0
2025-08-08,4746,343547.0,23277974.0,67.6,68.4,67.3,67.8,0.2,315.0
2025-08-11,4746,313519.0,21259726.0,68.7,68.7,67.5,67.8,0.0,303.0
2025-08-12,4746,393182.0,26999199.0,68.0,69.2,67.8,69.2,1.4,350.0
2025-08-13,4746,977900.0,69081773.0,69.4,71.8,69.4,71.1,1.9,1154.0
2025-08-14,4746,747017.0,52716883.0,71.4,72.0,70.0,70.0,-1.1,1595.0
2025-08-15,4746,1572835.0,105747568.0,69.9,69.9,65.5,67.1,-2.9,1598.0
2025-08-18,4746,1689447.0,115017304.0,68.0,69.1,66.7,66.8,-0.3,1689.0
2025-08-19,4746,1209283.0,79868149.0,67.0,67.1,65.6,65.6,-1.2,1027.0
2025-08-20,4746,820149.0,54340955.0,65.6,67.2,65.1,66.0,0.4,731.0
2025-08-21,4746,1080962.0,70641061.0,63.6,66.5,63.6,65.2,0.0,1261.0
2025-08-22,4746,708869.0,46990807.0,65.0,66.8,65.0,66.8,1.6,802.0
2025-08-25,4746,758218.0,50345355.0,66.8,67.5,65.6,66.6,-0.2,1466.0
2025-08-26,4746,350798.0,23211352.0,66.6,67.0,65.6,66.1,-0.5,391.0
2025-08-27,4746,887264.0,59949152.0,66.4,68.3,66.1,67.5,1.4,880.0
2025-08-28,4746,704619.0,48017819.0,67.5,68.8,67.1,68.4,0.9,893.0
2025-08-29,4746,656310.0,44825583.0,68.5,69.1,67.3,67.3,-1.1,1006.0
2025-09-01,4746,523853.0,35571850.0,67.9,68.7,67.3,67.4,0.1,766.0
2025-09-02,4746,1187786.0,82117587.0,68.2,70.1,68.0,68.5,1.1,1378.0
2025-09-03,4746,634511.0,43755352.0,68.9,69.9,68.4,68.6,0.1,954.0
2025-09-04,4746,458760.0,31274440.0,69.2,69.2,67.8,68.1,-0.5,880.0
2025-09-05,4746,451613.0,30564889.0,68.3,68.8,67.3,68.0,-0.1,461.0
2025-09-08,4746,898573.0,62013426.0,68.0,69.7,67.8,69.3,1.3,870.0
2025-09-09,4746,1035145.0,69733103.0,69.4,69.4,66.5,67.8,-1.5,1266.0
2025-09-10,4746,419653.0,28333326.0,68.3,68.3,67.0,67.3,-0.5,419.0
2025-09-11,4746,1136259.0,75070209.0,67.3,67.5,65.4,65.4,-1.9,1048.0
2025-09-12,4746,482635.0,31738772.0,66.0,66.6,65.3,65.5,0.1,426.0
2025-09-15,4746,537965.0,35619652.0,66.9,67.8,65.5,65.5,0.0,483.0
2025-09-16,4746,384174.0,25358918.0,65.6,66.5,65.5,66.4,0.9,403.0
2025-09-17,4746,352267.0,23419210.0,66.4,67.2,65.9,66.0,-0.4,487.0
2025-09-18,4746,403465.0,26867345.0,66.0,67.0,66.0,66.5,0.5,437.0
2025-09-19,4746,722594.0,47376148.0,66.5,66.7,65.2,65.2,-1.3,636.0
2025-09-22,4746,379978.0,24707488.0,65.2,66.1,64.7,64.8,-0.4,401.0
2025-09-23,4746,431861.0,28077771.0,64.9,65.4,64.6,65.1,0.3,395.0
2025-09-24,4746,756390.0,49384227.0,65.5,66.9,64.4,64.8,-0.3,501.0
2025-09-25,4746,298875.0,19562379.0,65.7,66.1,64.8,64.9,0.1,512.0
2025-09-26,4746,443033.0,28573461.0,64.9,65.2,64.0,64.3,-0.6,410.0
2025-09-30,4746,350793.0,22801327.0,64.3,65.7,64.1,65.3,1.0,312.0
2025-10-01,4746,987749.0,66096415.0,65.8,67.7,65.8,66.4,1.1,902.0
2025-10-02,4746,1353734.0,91683524.0,66.3,68.7,66.2,68.4,2.0,1304.0
2025-10-03,4746,860424.0,57601247.0,68.3,68.6,66.2,66.3,-2.1,2797.0
2025-10-07,4746,729299.0,49085520.0,66.4,67.9,66.4,67.3,1.0,561.0
2025-10-08,4746,471788.0,31212380.0,67.2,67.2,65.8,65.9,-1.4,659.0
2025-10-09,4746,576489.0,37630872.0,66.1,66.3,64.8,64.9,-1.0,620.0
2025-10-13,4746,729727.0,45929487.0,63.6,63.6,62.4,63.3,-1.6,696.0
2025-10-14,4746,458674.0,29139967.0,63.4,64.2,62.9,62.9,-0.4,415.0
2025-10-15,4746,495258.0,30998235.0,63.2,63.5,62.2,62.2,-0.7,560.0
2025-10-16,4746,228762.0,14328434.0,62.4,63.0,62.3,62.5,0.3,226.0
2025-10-17,4746,220332.0,13729874.0,62.5,62.5,62.0,62.2,-0.3,233.0
2025-10-20,4746,659295.0,40273867.0,62.7,62.8,60.5,60.7,-1.5,746.0
2025-10-21,4746,468546.0,28972044.0,61.1,62.3,61.1,62.2,1.5,376.0
2025-10-22,4746,349638.0,21926186.0,62.0,63.1,61.9,62.6,0.4,341.0
2025-10-23,4746,299962.0,18537028.0,62.6,62.6,61.5,62.0,-0.6,705.0
2025-10-27,4746,413452.0,25351803.0,62.0,62.2,60.8,61.0,-1.0,641.0
2025-10-28,4746,438421.0,26586343.0,61.0,61.0,60.4,60.4,-0.6,397.0
2025-10-29,4746,539406.0,32681851.0,60.6,61.4,60.0,60.8,0.4,477.0
2025-10-30,4746,539908.0,32933618.0,61.8,61.8,60.3,61.0,0.2,774.0
2025-10-31,4746,520613.0,32248494.0,60.7,62.9,60.7,62.0,1.0,769.0
2025-11-03,4746,419496.0,25726335.0,62.4,62.4,60.7,61.0,-1.0,927.0
2025-11-04,4746,533912.0,33109183.0,61.2,62.7,61.1,61.5,0.5,547.0
2025-11-05,4746,394050.0,24194482.0,61.5,61.8,60.6,61.6,0.1,578.0
2025-11-06,4746,320340.0,19584841.0,62.0,62.2,60.6,61.0,-0.6,547.0
2025-11-07,4746,501878.0,30314835.0,61.0,61.4,60.0,60.1,-0.9,445.0
2025-11-10,4746,415849.0,24694526.0,60.1,60.1,59.0,59.7,-0.4,439.0
2025-11-11,4746,501995.0,30467216.0,59.7,61.5,59.7,60.2,0.5,386.0
2025-11-12,4746,660552.0,40988931.0,60.5,62.6,60.5,62.3,2.1,703.0
2025-11-13,4746,1770650.0,115646787.0,63.5,66.9,63.5,64.9,2.6,1940.0
2025-11-14,4746,1062680.0,69532431.0,64.6,66.3,64.2,64.9,0.0,1360.0
2025-11-17,4746,766920.0,50225130.0,65.9,66.1,64.6,65.4,0.5,775.0
2025-11-18,4746,1239243.0,82255672.0,65.0,67.4,64.7,65.6,0.2,1308.0
2025-11-19,4746,514858.0,33329298.0,65.7,65.9,63.6,64.1,-1.5,1208.0
2025-11-20,4746,553270.0,35368125.0,65.0,65.5,62.8,62.9,-1.2,1042.0
2025-11-21,4746,441874.0,27614105.0,62.8,63.5,62.0,62.5,-0.4,429.0
2025-11-24,4746,293272.0,18501415.0,63.4,63.7,62.3,63.4,0.9,404.0
2025-11-25,4746,421126.0,27290815.0,63.9,65.4,63.5,64.8,1.4,580.0
2025-11-26,4746,566710.0,37398769.0,65.5,66.8,65.2,65.9,1.1,623.0
2025-11-27,4746,330004.0,21612907.0,66.3,66.6,64.9,65.6,-0.3,441.0
2025-11-28,4746,300875.0,19563825.0,66.2,66.2,64.7,65.1,-0.5,809.0
2025-12-01,4746,282988.0,18184508.0,64.6,65.8,63.7,64.2,-0.9,694.0
2025-12-02,4746,355445.0,23034858.0,64.4,65.3,63.8,64.7,0.5,370.0
2025-12-03,4746,312114.0,20050687.0,64.9,65.1,63.8,63.8,-0.9,870.0
2025-12-04,4746,206602.0,13210713.0,63.8,64.7,63.7,64.1,0.3,554.0
2025-12-05,4746,435776.0,27510515.0,63.8,63.9,62.7,63.0,-1.1,409.0
2025-12-08,4746,481654.0,29947078.0,63.0,63.0,61.7,61.9,-1.1,484.0
2025-12-09,4746,332202.0,20514674.0,61.8,62.1,61.5,61.6,-0.3,365.0
2025-12-10,4746,371150.0,22720615.0,61.6,62.2,60.8,61.0,-0.6,380.0
2025-12-11,4746,349638.0,21690818.0,61.5,62.5,61.5,61.8,0.8,363.0
2025-12-12,4746,609666.0,37001887.0,61.7,61.7,60.4,60.5,-1.3,640.0
2025-12-15,4746,333275.0,20107886.0,60.5,60.8,59.9,60.5,0.0,358.0
2025-12-16,4746,715682.0,42690387.0,60.2,60.3,59.0,59.5,-1.0,663.0
2025-12-17,4746,235306.0,14189596.0,60.0,60.5,60.0,60.2,0.7,202.0
2025-12-18,4746,281696.0,17074604.0,60.2,61.2,60.1,60.3,0.1,342.0
2025-12-19,4746,233558.0,14216663.0,60.5,61.4,60.3,60.9,0.6,249.0
2025-12-22,4746,239081.0,14707399.0,61.5,62.0,61.2,61.5,0.6,330.0
2025-12-23,4746,470642.0,29259004.0,62.0,63.0,61.5,61.6,0.1,433.0
2025-12-24,4746,218091.0,13514507.0,62.4,62.5,61.3,61.4,-0.2,689.0
2025-12-26,4746,333345.0,20477280.0,62.2,62.2,60.6,60.6,-0.8,524.0
2025-12-29,4746,260499.0,15755247.0,61.3,61.3,60.2,60.3,-0.3,384.0
2025-12-30,4746,421132.0,25103301.0,60.4,60.4,59.3,59.8,-0.5,470.0
2025-12-31,4746,242540.0,14445888.0,60.0,60.2,59.3,59.3,-0.5,335.0
2026-01-02,4746,460861.0,27600564.0,59.5,60.5,59.4,59.5,0.2,375.0
2026-01-05,4746,779614.0,45655674.0,59.5,59.5,58.2,58.3,-1.2,1073.0
2026-01-06,4746,578746.0,33999056.0,59.0,59.7,58.0,58.3,0.0,566.0
2026-01-07,4746,378430.0,22372151.0,58.3,59.7,58.3,59.6,1.3,394.0
2026-01-08,4746,476812.0,28671175.0,60.0,60.9,59.5,59.8,0.2,586.0
2026-01-09,4746,333027.0,19876495.0,60.0,60.5,59.1,59.6,-0.2,732.0
2026-01-12,4746,1007002.0,59125744.0,60.2,60.3,58.2,58.3,-1.3,1134.0
2026-01-13,4746,565918.0,33327824.0,58.5,59.4,58.3,59.2,0.9,456.0
2026-01-14,4746,741719.0,44589544.0,59.4,60.5,59.4,59.7,0.5,619.0
2026-01-15,4746,434566.0,26067237.0,59.8,60.4,59.4,60.1,0.4,546.0
2026-01-16,4746,905335.0,55468027.0,60.7,62.2,60.4,60.6,0.5,859.0
2026-01-19,4746,796444.0,48033834.0,62.0,62.0,59.4,59.8,-0.8,1488.0
2026-01-20,4746,1092631.0,64479524.0,59.8,60.2,58.5,58.6,-1.2,1155.0
2026-01-21,4746,897086.0,51976993.0,58.5,58.7,57.4,58.1,-0.5,1130.0
2026-01-22,4746,1025730.0,58890194.0,58.0,58.4,57.0,57.5,-0.6,1040.0
2026-01-23,4746,2285763.0,137109447.0,58.3,62.5,57.9,61.5,4.0,1607.0
2026-01-26,4746,1497018.0,90809381.0,61.8,62.3,59.4,59.7,-1.8,1532.0
2026-01-27,4746,1517658.0,92898610.0,60.1,62.1,60.1,61.1,1.4,1168.0
2026-01-28,4746,1367273.0,81963660.0,61.7,61.7,59.0,59.5,-1.6,1639.0
2026-01-29,4746,1078866.0,63520741.0,60.0,60.1,58.2,59.0,-0.5,813.0
2026-01-30,4746,824582.0,47659479.0,59.6,59.6,57.3,57.5,-1.5,812.0
2026-02-02,4746,1178224.0,67046161.0,58.0,58.0,56.3,57.9,0.4,894.0
2026-02-03,4746,1131811.0,64002885.0,57.6,57.9,56.0,56.2,-1.7,1095.0
2026-02-04,4746,1306174.0,76224604.0,56.2,59.6,55.8,59.5,3.3,1033.0
2026-02-05,4746,731987.0,42875399.0,59.6,59.9,57.6,57.9,-1.6,857.0
2026-02-06,4746,1080361.0,60645700.0,57.8,57.8,55.5,56.1,-1.8,864.0
2026-02-09,4746,795630.0,45140662.0,56.6,57.9,56.0,57.4,1.3,608.0
2026-02-10,4746,408952.0,23342798.0,57.7,57.7,56.6,57.5,0.1,476.0
2026-02-11,4746,536702.0,30385909.0,57.4,57.4,56.1,56.7,-0.8,622.0
2026-02-23,4746,650519.0,37215893.0,57.0,57.9,56.4,57.9,1.2,662.0
2026-02-24,4746,706559.0,40423558.0,57.9,58.8,56.6,56.8,-1.1,1019.0
2026-02-25,4746,995602.0,57613530.0,57.6,59.3,57.2,57.3,0.5,938.0
2026-02-26,4746,831263.0,47256419.0,57.9,57.9,56.5,56.7,-0.6,867.0
2026-03-02,4746,914502.0,50972113.0,56.0,56.5,55.5,55.5,-1.2,1116.0
2026-03-03,4746,858649.0,46869987.0,55.6,55.6,54.0,54.3,-1.2,951.0
2026-03-04,4746,944869.0,49592740.0,53.7,53.7,51.7,52.5,-1.8,1035.0
2026-03-05,4746,688049.0,36843038.0,53.6,54.2,52.8,53.8,1.3,725.0
2026-03-06,4746,783250.0,41171045.0,52.9,53.4,52.1,52.7,-1.1,925.0
2026-03-09,4746,1126395.0,56760543.0,51.3,51.5,50.0,50.5,-2.2,1138.0
2026-03-10,4746,677382.0,34918846.0,51.0,52.2,50.8,51.7,1.2,835.0
2026-03-11,4746,596873.0,31197383.0,51.9,53.7,51.7,52.3,0.6,786.0
2026-03-12,4746,872822.0,44906995.0,52.8,52.8,50.8,51.2,-1.1,763.0
2026-03-13,4746,2308651.0,125333307.0,52.5,55.9,51.5,55.1,3.9,2059.0
2026-03-16,4746,1184506.0,64857516.0,55.5,55.6,53.7,54.5,-0.6,1479.0
2026-03-17,4746,648510.0,35804800.0,54.8,55.8,54.7,55.3,0.8,639.0
2026-03-18,4746,645519.0,36010402.0,56.0,56.5,55.2,55.9,0.6,715.0
2026-03-19,4746,1098861.0,59591115.0,55.8,55.8,53.4,53.6,-2.3,1122.0
2026-03-20,4746,841046.0,45980976.0,53.7,55.3,53.7,54.5,0.9,746.0
2026-03-23,4746,1151319.0,63430306.0,53.4,56.0,52.7,55.5,1.0,1003.0
2026-03-24,4746,676945.0,37297901.0,56.6,56.6,54.2,54.8,-0.7,929.0
2026-03-25,4746,561582.0,31066237.0,55.9,55.9,54.8,55.3,0.5,515.0
2026-03-26,4746,1273715.0,70903145.0,56.0,57.1,54.4,54.4,-0.9,895.0
2026-03-27,4746,482536.0,26229209.0,53.5,54.9,53.5,54.7,0.3,435.0
2026-03-30,4746,916904.0,50624546.0,54.7,56.3,53.7,54.7,0.0,778.0
2026-03-31,4746,661304.0,36077698.0,54.7,55.8,53.6,53.6,-1.1,609.0
2026-04-01,4746,986092.0,55054984.0,55.3,56.5,54.3,56.0,2.4,837.0
2026-04-02,4746,850485.0,47818457.0,56.1,56.9,55.6,55.6,-0.4,995.0
2026-04-07,4746,683434.0,37291673.0,55.8,55.8,54.2,54.4,-1.2,624.0
2026-04-08,4746,656376.0,35959216.0,55.2,55.6,54.5,54.5,0.1,798.0
2026-04-09,4746,1190899.0,63827756.0,55.0,55.2,52.8,53.4,-1.1,1391.0
2026-04-10,4746,1724734.0,89809108.0,53.5,53.5,51.3,51.4,-2.0,1587.0
2026-04-13,4746,675513.0,34922618.0,51.4,52.4,50.8,52.2,0.8,802.0
2026-04-14,4746,555745.0,29000678.0,52.6,52.8,51.8,52.2,0.0,685.0
2026-04-15,4746,931427.0,49363585.0,52.3,53.5,52.3,53.1,0.9,920.0
2026-04-16,4746,775468.0,41635228.0,53.4,54.1,53.4,53.6,0.5,918.0
2026-04-17,4746,578804.0,30644291.0,53.6,53.7,52.6,52.7,-0.9,751.0
2026-04-20,4746,966131.0,51818474.0,53.3,55.1,53.0,53.1,0.4,1539.0
2026-04-21,4746,681863.0,35915889.0,53.3,53.3,52.4,52.7,-0.4,1128.0
2026-04-22,4746,699021.0,36980116.0,53.0,53.2,52.5,53.1,0.4,1072.0
2026-04-23,4746,958582.0,49736916.0,53.4,53.4,51.1,51.8,-1.3,1351.0
2026-04-24,4746,496098.0,25430063.0,51.8,51.9,50.9,51.2,-0.6,545.0
2026-04-27,4746,1348772.0,70505874.0,51.4,53.9,50.5,53.4,2.2,1135.0
2026-04-28,4746,2716799.0,150308206.0,53.8,56.4,53.5,55.6,2.2,2149.0
2026-04-29,4746,957563.0,53054796.0,55.1,56.2,54.9,55.0,-0.6,990.0
2026-04-30,4746,734653.0,39932610.0,55.3,55.6,53.7,54.1,-0.9,1260.0
2026-05-04,4746,750740.0,41001163.0,54.2,55.1,53.9,54.8,0.7,744.0
2026-05-05,4746,1563488.0,87288413.0,54.9,57.0,54.5,56.1,1.3,1515.0
2026-05-06,4746,1712464.0,94774678.0,55.3,56.2,54.4,55.4,-0.7,1619.0
2026-05-07,4746,1438037.0,79024042.0,56.0,56.0,54.1,54.8,-0.6,1173.0
2026-05-08,4746,917961.0,50042961.0,55.3,55.5,53.8,54.3,-0.5,833.0
2026-05-11,4746,1228171.0,67949124.0,54.5,55.9,54.2,55.5,1.2,960.0
2026-05-12,4746,1132842.0,62272251.0,55.8,56.1,54.2,54.5,-1.0,858.0
2026-05-13,4746,1093179.0,58434853.0,54.5,54.6,52.9,52.9,-1.6,898.0
2026-05-14,4746,1325953.0,69412277.0,52.9,53.7,51.6,53.1,0.2,1043.0
2026-05-15,4746,1552825.0,84477614.0,53.4,55.4,52.5,53.8,0.7,1170.0
2026-05-18,4746,1148861.0,60240253.0,53.8,53.9,51.8,51.9,-1.9,1015.0
2026-05-19,4746,725527.0,37628521.0,52.1,52.9,51.5,51.6,-0.3,640.0
2026-05-20,4746,425799.0,22032618.0,51.8,52.1,51.3,51.6,0.0,407.0
2026-05-21,4746,767362.0,40667992.0,52.6,53.5,52.1,53.1,1.5,555.0
2026-05-22,4746,626982.0,32907881.0,53.1,53.1,52.2,52.3,-0.8,594.0
2026-05-25,4746,1625202.0,83666208.0,52.5,52.6,51.2,51.3,-1.0,1340.0
2026-05-26,4746,728267.0,37332712.0,51.1,51.9,51.0,51.2,-0.1,629.0
2026-05-27,4746,1088719.0,55437454.0,51.8,51.8,50.5,50.8,-0.4,944.0
2026-05-28,4746,977140.0,49374455.0,50.5,51.2,50.1,50.3,-0.5,960.0
2026-05-29,4746,1449359.0,75374541.0,50.8,52.7,50.7,52.2,1.9,1131.0
2026-06-01,4746,1485591.0,78078725.0,52.4,53.8,51.3,53.3,1.1,1087.0
2026-06-02,4746,941618.0,49193082.0,53.3,53.3,51.8,52.3,-1.0,684.0
2026-06-03,4746,678580.0,35496628.0,52.5,52.7,51.9,52.5,0.2,594.0
2026-06-04,4746,630965.0,33386750.0,52.7,53.5,52.3,53.1,0.6,532.0
2026-06-05,4746,508795.0,26939758.0,53.1,53.7,52.3,53.2,0.1,425.0
2026-06-08,4746,865597.0,44785701.0,51.2,52.6,50.6,52.5,-0.7,636.0
2026-06-09,4746,684391.0,36190739.0,52.5,53.7,52.2,52.3,-0.2,500.0
2026-06-10,4746,620523.0,32213888.0,53.0,53.0,51.4,51.8,-0.5,572.0
2026-06-11,4746,935487.0,47545972.0,51.5,51.5,50.3,51.0,-0.8,839.0
2026-06-12,4746,454658.0,23559021.0,51.4,52.2,51.3,51.5,0.5,408.0
2026-06-15,4746,335495.0,17488881.0,52.6,52.6,51.8,51.8,0.3,345.0
2026-06-16,4746,446085.0,23080910.0,52.3,52.4,51.3,51.3,-0.5,389.0
2026-06-17,4746,522325.0,27082998.0,51.3,52.9,51.2,52.2,0.9,473.0
2026-06-18,4746,705842.0,37154650.0,52.8,53.3,51.8,52.3,0.1,610.0
2026-06-22,4746,576439.0,30339950.0,52.3,53.1,52.3,52.5,0.2,587.0
2026-06-23,4746,570370.0,29631729.0,52.5,52.5,51.6,51.7,-0.8,513.0
2026-06-24,4746,957863.0,50434343.0,52.2,53.4,51.5,52.6,0.9,835.0
2026-06-25,4746,487403.0,25423321.0,53.2,53.2,51.7,52.0,-0.6,438.0
2026-06-26,4746,664923.0,34053341.0,52.4,52.4,50.7,50.8,-1.2,611.0
2026-06-29,4746,853386.0,44788541.0,51.2,53.1,51.2,53.0,2.2,747.0
2026-06-30,4746,997622.0,53479124.0,53.0,54.0,53.0,53.9,0.9,809.0
2026-07-01,4746,1127703.0,60955675.0,53.9,54.6,53.0,53.7,-0.2,865.0
2026-07-02,4746,533076.0,28373065.0,53.7,53.7,52.6,53.5,-0.2,474.0
2026-07-03,4746,1172456.0,64015838.0,53.1,55.1,53.1,54.4,0.9,1154.0
2026-07-06,4746,2015316.0,112477474.0,55.3,56.7,54.8,55.1,0.7,1312.0
2026-07-07,4746,1596097.0,89428205.0,55.4,56.7,55.2,56.1,1.0,1372.0
2026-07-08,4746,689614.0,38384251.0,56.5,56.5,55.2,55.9,-0.2,1529.0
2026-07-09,4746,650050.0,35810862.0,56.3,56.3,54.7,54.8,-1.1,972.0
2026-07-13,4746,537805.0,28958055.0,55.0,55.0,53.3,53.8,-1.0,607.0
2026-07-14,4746,671902.0,35263501.0,53.8,53.8,51.8,52.3,-1.5,645.0
2026-07-15,4746,398905.0,21299382.0,53.4,53.9,52.4,53.9,1.6,382.0
2026-07-16,4746,252851.0,13519950.0,53.7,54.0,52.9,53.0,-0.9,252.0
2026-07-17,4746,500995.0,26217226.0,53.0,53.0,51.9,52.0,-1.0,464.0
2026-07-20,4746,394076.0,20395760.0,52.1,53.0,51.4,51.4,-0.6,435.0
2026-07-21,4746,503257.0,26371461.0,51.6,52.9,51.6,52.1,0.7,322.0
2026-07-22,4746,493994.0,25907773.0,52.9,53.8,51.8,52.1,0.0,431.0
2026-07-23,4746,437236.0,22596329.0,52.7,52.7,51.4,51.7,-0.4,375.0
2026-07-24,4746,672730.0,34378903.0,51.4,51.8,50.7,51.2,-0.5,593.0
2026-07-27,4746,245763.0,12571922.0,51.2,51.7,50.7,51.6,0.4,263.0
2026-07-28,4746,592519.0,29976157.0,50.7,51.1,50.2,50.5,-1.1,565.0
2026-07-29,4746,1082816.0,53678701.0,50.9,51.0,48.5,49.7,-0.8,903.0
2026-07-30,4746,380920.0,18890741.0,49.0,50.2,49.0,49.35,-0.35,396.0
2026-07-31,4746,759332.0,38857485.0,50.9,51.9,50.4,50.7,1.35,554.0
2026-08-03,4746,492693.0,25382243.0,50.7,52.0,50.5,51.9,1.2,404.0
2026-08-04,4746,536091.0,27943786.0,51.9,52.6,51.3,52.4,0.5,426.0
2026-08-05,4746,434265.0,22870788.0,52.4,53.2,52.0,52.9,0.5,925.0
2026-08-06,4746,309425.0,16307668.0,52.7,53.0,52.4,52.9,0.0,307.0
2026-08-07,4746,930523.0,50285741.0,52.9,54.9,52.9,54.0,1.1,797.0
2026-08-10,4746,503711.0,27258491.0,54.8,54.8,53.3,54.4,0.4,644.0
2026-08-11,4746,545672.0,29878121.0,54.9,55.2,54.1,55.0,0.6,661.0
2026-08-12,4746,604591.0,32659704.0,55.4,55.5,53.0,53.8,-1.2,2246.0
2026-08-13,4746,405850.0,21616320.0,53.8,53.8,52.9,53.4,-0.4,399.0
2026-08-14,4746,1081093.0,55852270.0,52.5,53.0,51.2,51.4,-2.0,1080.0
2026-08-17,4746,429944.0,22405216.0,51.4,52.4,51.4,52.2,0.8,411.0
2026-08-18,4746,339088.0,17691705.0,52.9,52.9,51.7,52.3,0.1,317.0
2026-08-19,4746,262967.0,13664167.0,51.8,52.3,51.7,52.0,-0.3,320.0
2026-08-20,4746,1114489.0,59725404.0,53.0,54.6,52.4,53.9,1.9,843.0
2026-08-21,4746,1610662.0,89460865.0,54.4,54.4,53.3,53.9,0.0,1701.0
2026-08-24,4746,977032.0,49162387.0,50.7,51.2,49.9,50.0,0.0,1015.0
2026-08-25,4746,807845.0,39705056.0,50.1,50.3,48.8,49.05,-0.95,867.0
2026-08-26,4746,889713.0,41235924.0,49.5,49.55,49.1,49.35,0.3,417.0
2026-08-27,4746,468624.0,23221322.0,49.55,49.9,49.2,49.75,0.4,447.0
2026-08-28,4746,503577.0,24971772.0,49.85,50.1,49.25,49.35,-0.4,532.0
2026-08-31,4746,713708.0,34944218.0,49.35,49.55,48.5,48.75,-0.6,773.0
2026-09-01,4746,692302.0,33754912.0,48.7,49.1,48.45,48.75,0.0,571.0
2026-09-02,4746,1111830.0,53293668.0,48.75,48.75,47.6,47.7,-1.05,1006.0
2026-09-03,4746,1197379.0,56075194.0,47.7,47.95,46.0,46.0,-1.7,1276.0
2026-09-04,4746,856389.0,38811090.0,46.1,46.1,45.0,45.35,-0.65,873.0
2026-09-07,4746,862577.0,39837011.0,45.45,46.7,45.15,46.4,1.05,716.0
