date,stock_id,Trading_Volume,Trading_money,open,max,min,close,spread,Trading_turnover
2016-01-04,6148,110007.0,878089.0,8.06,8.06,7.94,7.95,-0.1,52.0
2016-01-05,6148,96000.0,755390.0,7.94,7.95,7.78,7.85,-0.1,32.0
2016-01-06,6148,97102.0,755441.0,7.9,7.9,7.7,7.73,-0.12,44.0
2016-01-07,6148,343002.0,2522476.0,7.73,7.73,7.15,7.15,-0.58,93.0
2016-01-08,6148,119068.0,864681.0,7.15,7.45,7.15,7.39,0.24,35.0
2016-01-11,6148,127432.0,935345.0,7.46,7.46,7.24,7.31,-0.08,37.0
2016-01-12,6148,127059.0,936770.0,7.36,7.47,7.31,7.31,0.0,52.0
2016-01-13,6148,110030.0,807627.0,7.47,7.47,7.29,7.29,-0.02,39.0
2016-01-14,6148,143000.0,1035500.0,7.27,7.37,7.18,7.19,-0.1,37.0
2016-01-15,6148,113259.0,816460.0,7.2,7.28,7.16,7.23,0.04,33.0
2016-01-18,6148,83159.0,604182.0,7.29,7.32,7.23,7.32,0.09,32.0
2016-01-19,6148,52000.0,376180.0,7.34,7.34,7.18,7.3,-0.02,19.0
2016-01-20,6148,79000.0,568290.0,7.3,7.3,7.07,7.07,-0.23,22.0
2016-01-21,6148,74112.0,523959.0,7.07,7.21,7.01,7.06,-0.01,40.0
2016-01-22,6148,47000.0,332140.0,7.06,7.14,7.06,7.14,0.08,14.0
2016-01-25,6148,53046.0,381952.0,7.2,7.21,7.2,7.2,0.06,19.0
2016-01-26,6148,33002.0,238774.0,7.2,7.28,7.2,7.2,0.0,13.0
2016-01-27,6148,91090.0,659867.0,7.22,7.28,7.2,7.2,0.0,28.0
2016-01-28,6148,83003.0,592891.0,7.05,7.21,7.05,7.15,-0.05,28.0
2016-01-29,6148,77273.0,552503.0,7.1,7.2,7.1,7.14,-0.01,36.0
2016-01-30,6148,94000.0,679920.0,7.33,7.33,7.2,7.2,0.06,36.0
2016-02-01,6148,48005.0,346385.0,7.21,7.29,7.2,7.22,0.02,21.0
2016-02-02,6148,305969.0,2220414.0,7.24,7.34,7.22,7.28,0.06,55.0
2016-02-03,6148,81113.0,586175.0,7.22,7.27,7.2,7.26,-0.02,31.0
2016-02-15,6148,153000.0,1091830.0,7.15,7.25,7.05,7.07,-0.19,71.0
2016-02-16,6148,402491.0,3090762.0,7.59,7.77,7.4,7.77,0.7,145.0
2016-02-17,6148,560140.0,4391780.0,7.8,7.94,7.71,7.85,0.08,199.0
2016-02-18,6148,730045.0,5909389.0,7.93,8.45,7.93,8.09,0.24,170.0
2016-02-19,6148,320011.0,2597678.0,8.08,8.2,8.06,8.11,0.02,117.0
2016-02-22,6148,217113.0,1773334.0,8.2,8.25,8.11,8.15,0.04,93.0
2016-02-23,6148,357340.0,2958766.0,8.23,8.33,8.2,8.3,0.15,122.0
2016-02-24,6148,256298.0,2111802.0,8.33,8.33,8.13,8.2,-0.1,97.0
2016-02-25,6148,174091.0,1422585.0,8.21,8.27,8.05,8.09,-0.11,63.0
2016-02-26,6148,80105.0,649360.0,8.12,8.12,8.08,8.08,-0.01,27.0
2016-03-01,6148,211372.0,1711600.0,8.09,8.15,8.08,8.15,0.07,54.0
2016-03-02,6148,180006.0,1469088.0,8.16,8.2,8.15,8.19,0.04,47.0
2016-03-03,6148,330015.0,2744272.0,8.5,8.5,8.19,8.2,0.01,108.0
2016-03-04,6148,149156.0,1231394.0,8.21,8.29,8.2,8.25,0.05,57.0
2016-03-07,6148,102017.0,844564.0,8.25,8.32,8.25,8.3,0.05,63.0
2016-03-08,6148,169004.0,1392782.0,8.3,8.3,8.2,8.26,-0.04,56.0
2016-03-09,6148,126688.0,1040850.0,8.26,8.27,8.2,8.26,0.0,31.0
2016-03-10,6148,254021.0,2116078.0,8.35,8.38,8.27,8.38,0.12,99.0
2016-03-11,6148,1254417.0,10926726.0,8.49,8.99,8.49,8.71,0.33,400.0
2016-03-14,6148,775182.0,6787657.0,8.75,8.84,8.67,8.71,0.0,195.0
2016-03-15,6148,375795.0,3220864.0,8.8,8.8,8.34,8.34,-0.37,157.0
2016-03-16,6148,321958.0,2669257.0,8.34,8.35,8.25,8.3,-0.04,108.0
2016-03-17,6148,485390.0,4011164.0,8.33,8.38,8.16,8.18,-0.12,133.0
2016-03-18,6148,384508.0,3111614.0,8.16,8.27,8.0,8.03,-0.15,114.0
2016-03-21,6148,110007.0,891696.0,8.07,8.18,8.0,8.18,0.15,50.0
2016-03-22,6148,230845.0,1888422.0,8.21,8.25,8.11,8.12,-0.06,97.0
2016-03-23,6148,30006.0,244188.0,8.1,8.19,8.1,8.19,0.07,26.0
2016-03-24,6148,65200.0,527790.0,8.15,8.15,8.07,8.08,-0.11,34.0
2016-03-25,6148,196525.0,1578959.0,8.11,8.25,7.95,7.99,-0.09,84.0
2016-03-28,6148,350508.0,2709780.0,7.71,7.87,7.61,7.61,-0.38,123.0
2016-03-29,6148,172332.0,1287562.0,7.61,7.74,7.31,7.43,-0.18,79.0
2016-03-30,6148,145847.0,1089258.0,7.48,7.53,7.39,7.5,0.07,63.0
2016-03-31,6148,79011.0,588750.0,7.5,7.54,7.42,7.44,-0.06,37.0
2016-04-01,6148,100448.0,738563.0,7.43,7.43,7.3,7.33,-0.11,48.0
2016-04-06,6148,92254.0,667105.0,7.26,7.33,7.14,7.26,-0.07,66.0
2016-04-07,6148,88003.0,647742.0,7.38,7.52,7.3,7.37,0.11,29.0
2016-04-08,6148,60350.0,449717.0,7.36,7.49,7.36,7.48,0.11,37.0
2016-04-11,6148,145557.0,1103490.0,7.48,7.69,7.36,7.58,0.1,68.0
2016-04-12,6148,299447.0,2329908.0,7.8,7.94,7.58,7.58,0.0,140.0
2016-04-13,6148,140688.0,1083268.0,7.7,7.77,7.63,7.77,0.19,77.0
2016-04-14,6148,305373.0,2398380.0,7.78,8.07,7.77,7.86,0.09,155.0
2016-04-15,6148,46348.0,363293.0,7.85,7.88,7.81,7.83,-0.03,17.0
2016-04-18,6148,36013.0,281901.0,7.78,7.86,7.78,7.85,0.02,28.0
2016-04-19,6148,113261.0,877671.0,7.85,7.85,7.67,7.73,-0.12,49.0
2016-04-20,6148,26029.0,199463.0,7.69,7.69,7.61,7.65,-0.08,39.0
2016-04-21,6148,138044.0,1035781.0,7.65,7.66,7.46,7.51,-0.14,56.0
2016-04-22,6148,30227.0,225118.0,7.46,7.57,7.4,7.48,-0.03,24.0
2016-04-25,6148,37022.0,275307.0,7.36,7.57,7.36,7.45,-0.03,32.0
2016-04-26,6148,36224.0,268259.0,7.39,7.55,7.38,7.4,-0.05,38.0
2016-04-27,6148,52022.0,385040.0,7.42,7.5,7.33,7.4,0.0,26.0
2016-04-28,6148,144568.0,1081913.0,7.4,7.59,7.4,7.44,0.04,54.0
2016-04-29,6148,24205.0,179035.0,7.5,7.5,7.33,7.43,-0.01,21.0
2016-05-03,6148,60620.0,450555.0,7.49,7.49,7.39,7.4,-0.03,28.0
2016-05-04,6148,60133.0,446344.0,7.5,7.51,7.35,7.45,0.05,28.0
2016-05-05,6148,67386.0,503473.0,7.45,7.59,7.35,7.51,0.06,33.0
2016-05-06,6148,35003.0,262342.0,7.45,7.57,7.45,7.51,0.0,13.0
2016-05-09,6148,35363.0,265619.0,7.45,7.58,7.45,7.54,0.03,25.0
2016-05-10,6148,59091.0,447082.0,7.5,7.65,7.45,7.52,-0.02,24.0
2016-05-11,6148,97341.0,733413.0,7.64,7.64,7.45,7.45,-0.07,34.0
2016-05-12,6148,47335.0,357042.0,7.54,7.56,7.42,7.53,0.08,18.0
2016-05-13,6148,210000.0,1537410.0,7.42,7.43,7.21,7.4,-0.13,89.0
2016-05-16,6148,98363.0,724496.0,7.4,7.49,7.31,7.31,-0.09,30.0
2016-05-17,6148,89731.0,662526.0,7.4,7.42,7.26,7.4,0.09,30.0
2016-05-18,6148,71030.0,524919.0,7.38,7.42,7.3,7.38,-0.02,20.0
2016-05-19,6148,36000.0,264220.0,7.36,7.36,7.31,7.35,-0.03,17.0
2016-05-20,6148,58002.0,423324.0,7.36,7.37,7.2,7.37,0.02,36.0
2016-05-23,6148,68002.0,499294.0,7.35,7.4,7.27,7.27,-0.1,34.0
2016-05-24,6148,10068.0,73445.0,7.29,7.3,7.29,7.3,0.03,6.0
2016-05-25,6148,50851.0,375470.0,7.41,7.41,7.33,7.33,0.03,16.0
2016-05-26,6148,67022.0,491789.0,7.33,7.37,7.26,7.32,-0.01,31.0
2016-05-27,6148,132476.0,958034.0,7.34,7.34,7.18,7.21,-0.11,55.0
2016-05-30,6148,211523.0,1531784.0,7.26,7.3,7.18,7.3,0.09,72.0
2016-05-31,6148,89715.0,648176.0,7.3,7.3,7.19,7.2,-0.1,43.0
2016-06-01,6148,70796.0,511691.0,7.19,7.4,7.16,7.3,0.1,23.0
2016-06-02,6148,69294.0,506866.0,7.31,7.38,7.23,7.23,-0.07,17.0
2016-06-03,6148,107000.0,773420.0,7.4,7.4,7.2,7.21,-0.02,26.0
2016-06-04,6148,21000.0,152730.0,7.21,7.32,7.21,7.23,0.02,12.0
2016-06-06,6148,16158.0,115987.0,7.18,7.2,7.16,7.16,-0.07,12.0
2016-06-07,6148,78003.0,564181.0,7.16,7.31,7.14,7.18,0.02,20.0
2016-06-08,6148,47340.0,340956.0,7.15,7.25,7.15,7.23,0.05,29.0
2016-06-13,6148,177003.0,1274201.0,7.23,7.24,7.16,7.24,0.01,23.0
2016-06-14,6148,62226.0,446907.0,7.17,7.26,7.17,7.24,0.0,27.0
2016-06-15,6148,33477.0,243841.0,7.24,7.37,7.24,7.31,0.07,22.0
2016-06-16,6148,73002.0,531844.0,7.28,7.33,7.25,7.29,-0.02,14.0
2016-06-17,6148,32429.0,233404.0,7.29,7.29,7.17,7.2,-0.09,20.0
2016-06-20,6148,70500.0,507189.0,7.2,7.28,7.17,7.18,-0.02,24.0
2016-06-21,6148,55158.0,395410.0,7.18,7.2,7.14,7.2,0.02,35.0
2016-06-22,6148,42637.0,303239.0,7.2,7.2,7.0,7.1,-0.1,29.0
2016-06-23,6148,92022.0,649934.0,7.1,7.13,7.01,7.1,0.0,38.0
2016-06-24,6148,174000.0,1214040.0,7.05,7.08,6.81,6.9,-0.2,46.0
2016-06-27,6148,64209.0,451262.0,6.9,7.18,6.9,6.91,0.01,30.0
2016-06-28,6148,154053.0,1058443.0,6.91,6.91,6.8,6.88,-0.03,51.0
2016-06-29,6148,92145.0,637799.0,6.88,7.02,6.88,6.89,0.01,37.0
2016-06-30,6148,49227.0,342794.0,6.91,7.0,6.9,6.91,0.02,20.0
2016-07-01,6148,27939.0,193899.0,6.96,6.99,6.92,6.94,0.03,13.0
2016-07-04,6148,59022.0,409161.0,6.95,7.0,6.81,6.94,0.0,34.0
2016-07-05,6148,79341.0,543898.0,7.0,7.0,6.82,6.9,-0.04,38.0
2016-07-06,6148,134000.0,921930.0,6.86,6.9,6.84,6.9,0.0,30.0
2016-07-07,6148,52000.0,356060.0,6.88,6.89,6.83,6.89,-0.01,19.0
2016-07-11,6148,80045.0,548179.0,6.9,6.9,6.81,6.88,-0.01,30.0
2016-07-12,6148,70209.0,486943.0,6.88,7.0,6.88,6.88,0.0,31.0
2016-07-13,6148,65523.0,450278.0,6.91,6.91,6.86,6.89,0.01,16.0
2016-07-14,6148,164863.0,1183896.0,6.89,7.37,6.89,7.19,0.3,71.0
2016-07-15,6148,32244.0,230448.0,7.19,7.19,7.09,7.09,-0.1,24.0
2016-07-18,6148,16204.0,113768.0,7.02,7.03,7.02,7.03,-0.06,22.0
2016-07-19,6148,105000.0,740730.0,7.03,7.1,7.03,7.03,0.0,38.0
2016-07-20,6148,118711.0,843127.0,7.09,7.19,7.05,7.1,0.07,40.0
2016-07-21,6148,102431.0,728277.0,7.1,7.17,7.07,7.07,-0.03,36.0
2016-07-22,6148,828568.0,6184482.0,7.19,7.75,7.19,7.3,0.23,339.0
2016-07-25,6148,148011.0,1077137.0,7.27,7.43,7.2,7.2,-0.1,77.0
2016-07-26,6148,72402.0,516236.0,7.12,7.18,7.11,7.15,-0.05,45.0
2016-07-27,6148,152002.0,1089944.0,7.16,7.33,7.12,7.12,-0.03,53.0
2016-07-28,6148,90500.0,642969.0,7.19,7.19,7.08,7.1,-0.02,39.0
2016-07-29,6148,28140.0,198803.0,7.01,7.1,7.01,7.08,-0.02,21.0
2016-08-01,6148,22001.0,155237.0,7.05,7.1,7.04,7.04,-0.04,15.0
2016-08-02,6148,13007.0,92629.0,7.21,7.21,7.1,7.1,0.06,18.0
2016-08-03,6148,22002.0,154664.0,7.01,7.05,7.01,7.04,-0.06,14.0
2016-08-04,6148,19137.0,135153.0,7.04,7.07,7.04,7.07,0.03,15.0
2016-08-05,6148,52002.0,368154.0,7.08,7.09,7.07,7.08,0.01,19.0
2016-08-08,6148,16113.0,114444.0,7.15,7.17,7.07,7.07,-0.01,16.0
2016-08-09,6148,98007.0,701129.0,7.15,7.23,7.07,7.13,0.06,42.0
2016-08-10,6148,54004.0,390568.0,7.14,7.29,7.14,7.24,0.11,36.0
2016-08-11,6148,97641.0,687387.0,7.23,7.23,7.0,7.09,-0.15,39.0
2016-08-12,6148,406401.0,2765318.0,6.67,7.0,6.67,6.9,-0.19,133.0
2016-08-15,6148,175019.0,1220284.0,7.07,7.07,6.85,6.9,0.0,54.0
2016-08-16,6148,24902.0,170818.0,6.9,6.9,6.85,6.85,-0.05,24.0
2016-08-17,6148,68795.0,468931.0,6.89,6.89,6.8,6.86,0.01,30.0
2016-08-18,6148,19596.0,134272.0,6.86,6.86,6.83,6.84,-0.02,16.0
2016-08-19,6148,64513.0,439463.0,6.84,6.85,6.8,6.8,-0.04,30.0
2016-08-22,6148,63113.0,437264.0,6.97,6.97,6.75,6.75,-0.05,33.0
2016-08-23,6148,38855.0,262527.0,6.75,6.87,6.74,6.87,0.12,27.0
2016-08-24,6148,84002.0,577072.0,6.87,6.92,6.8,6.8,-0.07,20.0
2016-08-25,6148,10294.0,70128.0,6.8,6.87,6.78,6.87,0.07,18.0
2016-08-26,6148,53022.0,364724.0,6.86,6.94,6.8,6.94,0.07,34.0
2016-08-29,6148,49036.0,335516.0,6.82,6.93,6.82,6.83,-0.11,56.0
2016-08-30,6148,49454.0,340216.0,6.9,6.9,6.83,6.84,0.01,52.0
2016-08-31,6148,87244.0,599102.0,6.93,6.93,6.82,6.86,0.02,52.0
2016-09-01,6148,48032.0,329857.0,6.93,6.93,6.84,6.84,-0.02,19.0
2016-09-02,6148,19003.0,131458.0,6.92,6.94,6.86,6.86,0.02,15.0
2016-09-05,6148,58007.0,402362.0,6.89,6.99,6.84,6.88,0.02,33.0
2016-09-06,6148,111006.0,765806.0,6.88,6.94,6.84,6.94,0.06,35.0
2016-09-07,6148,118003.0,824228.0,7.07,7.07,6.94,7.0,0.06,43.0
2016-09-08,6148,35152.0,245804.0,7.04,7.04,6.95,7.01,0.01,21.0
2016-09-09,6148,27005.0,188870.0,7.0,7.01,6.92,6.99,-0.02,14.0
2016-09-10,6148,24979.0,172023.0,6.97,6.97,6.86,6.88,-0.11,15.0
2016-09-12,6148,22357.0,153505.0,6.88,6.95,6.84,6.86,-0.02,19.0
2016-09-13,6148,80001.0,548276.0,6.83,6.91,6.82,6.83,-0.03,34.0
2016-09-14,6148,38089.0,258525.0,6.8,6.83,6.75,6.75,-0.08,21.0
2016-09-19,6148,72249.0,486907.0,6.68,6.8,6.66,6.75,0.0,32.0
2016-09-20,6148,112113.0,756697.0,6.7,6.79,6.69,6.75,0.0,21.0
2016-09-21,6148,91589.0,614375.0,6.71,6.76,6.69,6.71,-0.04,48.0
2016-09-22,6148,98613.0,663896.0,6.75,6.76,6.71,6.76,0.05,44.0
2016-09-23,6148,136004.0,920277.0,6.76,6.82,6.71,6.77,0.01,45.0
2016-09-26,6148,139045.0,953835.0,6.76,6.9,6.76,6.88,0.11,42.0
2016-09-29,6148,73227.0,508146.0,6.96,6.97,6.86,6.93,0.05,21.0
2016-09-30,6148,180909.0,1220570.0,6.73,6.85,6.73,6.76,-0.17,46.0
2016-10-03,6148,36001.0,244126.0,6.75,6.8,6.75,6.75,-0.01,9.0
2016-10-04,6148,67160.0,456937.0,6.77,6.82,6.77,6.82,0.07,26.0
2016-10-05,6148,7068.0,47955.0,6.84,6.84,6.77,6.77,-0.05,6.0
2016-10-06,6148,71000.0,479940.0,6.8,6.8,6.73,6.74,-0.03,28.0
2016-10-07,6148,33063.0,224175.0,6.75,6.82,6.75,6.77,0.03,17.0
2016-10-11,6148,123001.0,821136.0,6.71,6.71,6.61,6.7,-0.07,32.0
2016-10-12,6148,95022.0,617780.0,6.66,6.66,6.39,6.43,-0.27,49.0
2016-10-13,6148,117002.0,743702.0,6.36,6.39,6.33,6.34,-0.09,46.0
2016-10-14,6148,109076.0,670780.0,6.04,6.25,6.04,6.14,-0.2,38.0
2016-10-17,6148,43008.0,267300.0,6.36,6.36,6.17,6.2,0.06,26.0
2016-10-18,6148,51365.0,316292.0,6.15,6.23,6.14,6.23,0.03,29.0
2016-10-19,6148,76001.0,467576.0,6.24,6.24,6.09,6.09,-0.14,32.0
2016-10-20,6148,189529.0,1223837.0,6.16,6.66,6.11,6.5,0.41,89.0
2016-10-21,6148,17000.0,111380.0,6.67,6.67,6.42,6.55,0.05,11.0
2016-10-24,6148,31048.0,200976.0,6.55,6.69,6.44,6.46,-0.09,17.0
2016-10-25,6148,53332.0,341938.0,6.42,6.46,6.35,6.35,-0.11,33.0
2016-10-26,6148,1007.0,6464.0,6.42,6.42,6.42,6.42,0.07,3.0
2016-10-27,6148,48825.0,312756.0,6.42,6.43,6.35,6.37,-0.05,20.0
2016-10-28,6148,118387.0,734378.0,6.24,6.27,6.13,6.25,-0.12,72.0
2016-10-31,6148,73015.0,458981.0,6.24,6.42,6.18,6.18,-0.07,42.0
2016-11-01,6148,46003.0,283698.0,6.22,6.22,6.14,6.14,-0.04,25.0
2016-11-02,6148,75104.0,458814.0,6.14,6.14,6.08,6.08,-0.06,38.0
2016-11-03,6148,13025.0,79352.0,6.1,6.15,6.05,6.05,-0.03,9.0
2016-11-04,6148,77001.0,466526.0,6.13,6.13,6.02,6.02,-0.03,35.0
2016-11-07,6148,236681.0,1417107.0,6.0,6.08,5.94,5.95,-0.07,94.0
2016-11-08,6148,120002.0,713521.0,6.12,6.12,5.89,5.91,-0.04,48.0
2016-11-09,6148,124001.0,719635.0,5.97,5.97,5.71,5.72,-0.19,44.0
2016-11-10,6148,240227.0,1395085.0,5.76,5.97,5.74,5.8,0.08,86.0
2016-11-11,6148,52001.0,301055.0,5.85,5.87,5.7,5.84,0.04,24.0
2016-11-14,6148,70003.0,400605.0,5.7,5.84,5.7,5.71,-0.13,28.0
2016-11-15,6148,277025.0,1518024.0,5.57,5.58,5.41,5.44,-0.27,89.0
2016-11-16,6148,140011.0,760279.0,5.57,5.57,5.4,5.41,-0.03,59.0
2016-11-17,6148,213159.0,1142402.0,5.54,5.54,5.3,5.35,-0.06,61.0
2016-11-18,6148,87471.0,464994.0,5.3,5.38,5.29,5.35,0.0,38.0
2016-11-21,6148,95226.0,513240.0,5.4,5.43,5.35,5.36,0.01,29.0
2016-11-22,6148,255011.0,1390426.0,5.36,5.64,5.36,5.36,0.0,102.0
2016-11-23,6148,83003.0,440355.0,5.3,5.41,5.28,5.3,-0.06,35.0
2016-11-24,6148,162202.0,852560.0,5.29,5.33,5.15,5.16,-0.14,60.0
2016-11-25,6148,84713.0,435107.0,5.16,5.23,5.07,5.08,-0.08,39.0
2016-11-28,6148,83804.0,425130.0,5.08,5.23,5.03,5.08,0.0,50.0
2016-11-29,6148,128001.0,647455.0,5.08,5.14,4.95,5.06,-0.02,62.0
2016-11-30,6148,108295.0,554533.0,5.1,5.17,5.06,5.17,0.11,49.0
2016-12-01,6148,37045.0,191721.0,5.15,5.2,5.15,5.2,0.03,22.0
2016-12-02,6148,40678.0,209987.0,5.19,5.19,5.12,5.12,-0.08,18.0
2016-12-05,6148,21001.0,107515.0,5.22,5.22,5.1,5.15,0.03,12.0
2016-12-06,6148,49581.0,255210.0,5.19,5.23,5.12,5.23,0.08,37.0
2016-12-07,6148,108068.0,555813.0,5.16,5.21,5.1,5.21,-0.02,46.0
2016-12-08,6148,103435.0,535798.0,5.2,5.25,5.16,5.16,-0.05,27.0
2016-12-09,6148,136689.0,700583.0,5.2,5.2,5.11,5.11,-0.05,45.0
2016-12-12,6148,100477.0,513825.0,5.14,5.18,5.09,5.09,-0.02,48.0
2016-12-13,6148,74000.0,375030.0,5.09,5.1,5.03,5.03,-0.06,24.0
2016-12-14,6148,119352.0,599536.0,5.08,5.08,5.0,5.0,-0.03,44.0
2016-12-15,6148,295028.0,1453426.0,4.97,5.08,4.87,4.93,-0.07,90.0
2016-12-16,6148,145227.0,724570.0,5.07,5.07,4.93,4.95,0.02,63.0
2016-12-19,6148,208013.0,1010071.0,4.92,4.95,4.7,4.8,-0.15,76.0
2016-12-20,6148,132328.0,643012.0,4.79,4.93,4.79,4.87,0.07,64.0
2016-12-21,6148,110969.0,543460.0,4.97,4.97,4.87,4.87,0.0,43.0
2016-12-22,6148,93660.0,454603.0,4.83,4.92,4.82,4.82,-0.05,38.0
2016-12-23,6148,54045.0,261965.0,4.83,4.89,4.82,4.82,0.0,26.0
2016-12-26,6148,44008.0,217283.0,4.89,5.0,4.88,4.9,0.08,30.0
2016-12-27,6148,51004.0,249007.0,4.92,4.92,4.85,4.89,-0.01,28.0
2016-12-28,6148,137018.0,687530.0,4.89,5.1,4.89,5.0,0.11,61.0
2016-12-29,6148,66614.0,334320.0,5.0,5.08,5.0,5.03,0.03,41.0
2016-12-30,6148,43500.0,219360.0,5.04,5.08,4.98,5.06,0.03,19.0
2017-01-03,6148,14113.0,70512.0,5.03,5.03,4.98,5.0,-0.06,22.0
2017-01-04,6148,38507.0,193305.0,5.1,5.1,4.98,5.05,0.05,25.0
2017-01-05,6148,39002.0,195620.0,5.0,5.05,5.0,5.01,-0.04,25.0
2017-01-06,6148,118043.0,606148.0,5.05,5.17,5.05,5.13,0.12,58.0
2017-01-09,6148,27053.0,138159.0,5.13,5.15,5.09,5.14,0.01,18.0
2017-01-10,6148,37002.0,189440.0,5.2,5.2,5.1,5.1,-0.04,18.0
2017-01-11,6148,186420.0,1004042.0,5.19,5.58,5.19,5.25,0.15,95.0
2017-01-12,6148,81136.0,423156.0,5.34,5.34,5.18,5.25,0.0,50.0
2017-01-13,6148,76003.0,393505.0,5.3,5.3,5.12,5.22,-0.03,38.0
2017-01-16,6148,30001.0,155515.0,5.19,5.27,5.16,5.16,-0.06,17.0
2017-01-17,6148,51020.0,269175.0,5.29,5.34,5.25,5.25,0.09,20.0
2017-01-18,6148,42010.0,219561.0,5.3,5.3,5.16,5.25,0.0,32.0
2017-01-19,6148,184067.0,974019.0,5.25,5.37,5.25,5.3,0.05,78.0
2017-01-20,6148,64018.0,337273.0,5.3,5.35,5.23,5.29,-0.01,30.0
2017-01-23,6148,38003.0,201255.0,5.29,5.3,5.27,5.3,0.01,16.0
2017-01-24,6148,23001.0,121185.0,5.3,5.3,5.23,5.25,-0.05,14.0
2017-02-02,6148,78011.0,413005.0,5.23,5.36,5.23,5.3,0.05,38.0
2017-02-03,6148,49041.0,263489.0,5.34,5.47,5.29,5.46,0.16,37.0
2017-02-06,6148,59127.0,321393.0,5.46,5.49,5.4,5.48,0.02,45.0
2017-02-07,6148,27681.0,151311.0,5.48,5.49,5.44,5.46,-0.02,21.0
2017-02-08,6148,49295.0,268383.0,5.44,5.49,5.4,5.49,0.03,31.0
2017-02-09,6148,187093.0,1043061.0,5.49,5.61,5.49,5.6,0.11,74.0
2017-02-10,6148,36901.0,206642.0,5.6,5.62,5.55,5.55,-0.05,34.0
2017-02-13,6148,105280.0,570445.0,5.42,5.52,5.4,5.42,-0.13,79.0
2017-02-14,6148,13025.0,70683.0,5.42,5.46,5.4,5.46,0.04,19.0
2017-02-15,6148,86258.0,469187.0,5.45,5.49,5.39,5.43,-0.03,39.0
2017-02-16,6148,72019.0,391919.0,5.44,5.48,5.41,5.43,0.0,36.0
2017-02-17,6148,147568.0,792091.0,5.42,5.42,5.35,5.41,-0.02,65.0
2017-02-18,6148,50060.0,268739.0,5.41,5.41,5.31,5.37,-0.04,55.0
2017-02-20,6148,134216.0,724035.0,5.4,5.44,5.36,5.43,0.06,80.0
2017-02-21,6148,193135.0,1070517.0,5.45,5.65,5.43,5.59,0.16,91.0
2017-02-22,6148,708066.0,4242880.0,5.59,6.14,5.59,5.97,0.38,246.0
2017-02-23,6148,220097.0,1277090.0,5.83,5.91,5.76,5.76,-0.21,105.0
2017-02-24,6148,184773.0,1053046.0,5.76,5.76,5.65,5.7,-0.06,76.0
2017-03-01,6148,162094.0,932726.0,5.72,5.98,5.65,5.78,0.08,106.0
2017-03-02,6148,78091.0,451520.0,5.88,5.88,5.75,5.79,0.01,29.0
2017-03-03,6148,39523.0,228637.0,5.81,5.82,5.75,5.79,0.0,30.0
2017-03-06,6148,51024.0,292521.0,5.65,5.82,5.63,5.75,-0.04,45.0
2017-03-07,6148,25023.0,143715.0,5.75,5.77,5.71,5.77,0.02,35.0
2017-03-08,6148,172034.0,1013835.0,5.8,6.02,5.8,5.9,0.13,107.0
2017-03-09,6148,56018.0,328911.0,5.9,5.9,5.85,5.89,-0.01,44.0
2017-03-10,6148,58006.0,335750.0,5.83,5.83,5.7,5.83,-0.06,24.0
2017-03-13,6148,86011.0,499505.0,5.85,5.85,5.76,5.84,0.01,40.0
2017-03-14,6148,107341.0,630207.0,5.84,6.0,5.82,5.85,0.01,50.0
2017-03-15,6148,101210.0,600878.0,6.13,6.14,5.88,5.95,0.1,56.0
2017-03-16,6148,82851.0,493472.0,5.85,6.12,5.85,5.93,-0.02,69.0
2017-03-17,6148,148164.0,874073.0,5.95,6.0,5.86,5.95,0.02,72.0
2017-03-20,6148,136344.0,817272.0,5.96,6.1,5.92,6.0,0.05,74.0
2017-03-21,6148,79045.0,473822.0,6.05,6.06,5.92,5.93,-0.07,40.0
2017-03-22,6148,34006.0,200906.0,5.83,5.99,5.8,5.99,0.06,20.0
2017-03-23,6148,29465.0,174905.0,6.0,6.0,5.91,5.99,0.0,26.0
2017-03-24,6148,29012.0,172765.0,5.92,5.99,5.92,5.97,-0.02,24.0
2017-03-27,6148,178907.0,1036175.0,5.97,5.97,5.7,5.73,-0.24,97.0
2017-03-28,6148,169068.0,954057.0,5.72,5.72,5.58,5.6,-0.13,68.0
2017-03-29,6148,57215.0,318771.0,5.58,5.64,5.55,5.58,-0.02,38.0
2017-03-30,6148,50363.0,282290.0,5.66,5.66,5.58,5.59,0.01,30.0
2017-03-31,6148,67020.0,377758.0,5.56,5.76,5.56,5.7,0.11,43.0
2017-04-05,6148,32113.0,184130.0,5.87,5.87,5.7,5.7,0.0,35.0
2017-04-06,6148,23090.0,131001.0,5.65,5.7,5.65,5.69,-0.01,16.0
2017-04-07,6148,29006.0,164890.0,5.7,5.7,5.66,5.66,-0.03,17.0
2017-04-10,6148,133014.0,748140.0,5.65,5.71,5.6,5.69,0.03,32.0
2017-04-11,6148,53318.0,295289.0,5.47,5.85,5.47,5.62,-0.07,27.0
2017-04-12,6148,83071.0,455815.0,5.54,5.6,5.45,5.49,-0.13,98.0
2017-04-13,6148,58180.0,319650.0,5.5,5.59,5.45,5.48,-0.01,198.0
2017-04-14,6148,47113.0,253744.0,5.45,5.52,5.32,5.39,-0.09,99.0
2017-04-17,6148,64855.0,349240.0,5.5,5.5,5.33,5.42,0.03,114.0
2017-04-18,6148,108299.0,579425.0,5.42,5.42,5.32,5.4,-0.02,107.0
2017-04-19,6148,45689.0,248733.0,5.41,5.49,5.35,5.41,0.01,66.0
2017-04-20,6148,43585.0,232343.0,5.36,5.42,5.31,5.42,0.01,68.0
2017-04-21,6148,82252.0,446269.0,5.42,5.58,5.35,5.44,0.02,111.0
2017-04-24,6148,54066.0,291884.0,5.44,5.46,5.34,5.34,-0.1,68.0
2017-04-25,6148,166030.0,906030.0,5.36,5.78,5.34,5.45,0.11,129.0
2017-04-26,6148,59227.0,323661.0,5.49,5.59,5.43,5.43,-0.02,38.0
2017-04-27,6148,31026.0,168069.0,5.38,5.44,5.37,5.43,0.0,16.0
2017-04-28,6148,57068.0,309844.0,5.45,5.5,5.4,5.4,-0.03,24.0
2017-05-02,6148,71063.0,381513.0,5.4,5.46,5.32,5.39,-0.01,34.0
2017-05-03,6148,108090.0,572967.0,5.3,5.35,5.27,5.3,-0.09,42.0
2017-05-04,6148,268030.0,1384000.0,5.31,5.31,5.1,5.1,-0.2,58.0
2017-05-05,6148,63419.0,321365.0,5.07,5.1,5.06,5.06,-0.04,36.0
2017-05-08,6148,78000.0,393090.0,5.15,5.15,5.0,5.04,-0.02,32.0
2017-05-09,6148,72020.0,357467.0,5.02,5.02,4.88,4.89,-0.15,22.0
2017-05-10,6148,100003.0,500505.0,4.99,5.14,4.93,5.13,0.24,33.0
2017-05-11,6148,240004.0,1181226.0,5.0,5.01,4.88,4.88,-0.25,54.0
2017-05-12,6148,96003.0,469864.0,4.82,4.95,4.82,4.9,0.02,28.0
2017-05-15,6148,105455.0,505103.0,4.8,4.89,4.7,4.84,-0.06,37.0
2017-05-16,6148,72001.0,346934.0,4.83,4.84,4.8,4.83,-0.01,14.0
2017-05-17,6148,142618.0,673063.0,4.8,4.8,4.63,4.7,-0.13,56.0
2017-05-18,6148,61001.0,284274.0,4.66,4.7,4.64,4.66,-0.04,21.0
2017-05-19,6148,2382.0,11395.0,4.85,4.85,4.75,4.75,0.09,3.0
2017-05-22,6148,142000.0,661350.0,4.74,4.8,4.6,4.7,-0.05,51.0
2017-05-23,6148,39002.0,182658.0,4.7,4.7,4.66,4.66,-0.04,21.0
2017-05-24,6148,119046.0,557765.0,4.68,4.79,4.65,4.73,0.07,39.0
2017-05-25,6148,387837.0,1814903.0,4.74,4.78,4.64,4.72,-0.01,103.0
2017-05-26,6148,77001.0,362204.0,4.72,4.74,4.68,4.69,-0.03,25.0
2017-05-31,6148,52000.0,244160.0,4.8,4.8,4.68,4.68,-0.01,17.0
2017-06-01,6148,93678.0,443803.0,4.68,4.77,4.68,4.71,0.03,34.0
2017-06-02,6148,90031.0,426767.0,4.75,4.77,4.71,4.75,0.04,33.0
2017-06-03,6148,124273.0,588370.0,4.75,4.76,4.71,4.73,-0.02,36.0
2017-06-05,6148,91164.0,432149.0,4.73,4.8,4.7,4.77,0.04,37.0
2017-06-06,6148,123068.0,590678.0,4.77,4.84,4.77,4.82,0.05,44.0
2017-06-07,6148,81001.0,394074.0,4.82,4.9,4.82,4.87,0.05,33.0
2017-06-08,6148,112692.0,556768.0,4.87,4.99,4.87,4.93,0.06,44.0
2017-06-09,6148,195071.0,976416.0,4.93,5.18,4.9,4.96,0.03,74.0
2017-06-12,6148,87139.0,428727.0,4.95,5.0,4.71,4.88,-0.08,49.0
2017-06-13,6148,34300.0,168224.0,4.9,4.96,4.88,4.88,0.0,18.0
2017-06-14,6148,126000.0,601190.0,4.85,4.86,4.7,4.79,-0.09,47.0
2017-06-15,6148,32684.0,155238.0,4.72,4.78,4.72,4.76,-0.03,21.0
2017-06-16,6148,40002.0,192348.0,4.83,4.88,4.77,4.86,0.1,23.0
2017-06-19,6148,17202.0,82917.0,4.8,4.91,4.76,4.8,-0.06,17.0
2017-06-20,6148,148000.0,708520.0,4.75,4.89,4.74,4.75,-0.05,50.0
2017-06-21,6148,17000.0,80960.0,4.74,4.81,4.74,4.76,0.01,7.0
2017-06-22,6148,45000.0,214210.0,4.78,4.8,4.73,4.8,0.04,15.0
2017-06-23,6148,45000.0,217050.0,4.82,4.86,4.78,4.78,-0.02,21.0
2017-06-26,6148,19002.0,90618.0,4.75,4.8,4.75,4.8,0.02,11.0
2017-06-27,6148,28000.0,133270.0,4.78,4.8,4.75,4.8,0.0,9.0
2017-06-28,6148,55000.0,261990.0,4.79,4.8,4.74,4.78,-0.02,17.0
2017-06-29,6148,47364.0,225793.0,4.78,4.85,4.75,4.76,-0.02,16.0
2017-06-30,6148,28020.0,133932.0,4.76,4.79,4.76,4.79,0.03,16.0
2017-07-03,6148,119373.0,569509.0,4.78,4.81,4.76,4.81,0.02,14.0
2017-07-04,6148,23000.0,110610.0,4.83,4.83,4.79,4.82,0.01,7.0
2017-07-05,6148,297469.0,1439359.0,4.84,4.95,4.82,4.94,0.12,47.0
2017-07-06,6148,109581.0,542398.0,4.94,5.08,4.88,4.9,-0.04,45.0
2017-07-07,6148,26025.0,126849.0,4.9,4.9,4.82,4.85,-0.05,12.0
2017-07-10,6148,92003.0,449182.0,4.78,4.9,4.78,4.9,0.05,13.0
2017-07-11,6148,74500.0,367482.0,4.85,4.95,4.85,4.91,0.01,34.0
2017-07-12,6148,47181.0,233728.0,4.95,5.02,4.92,4.99,0.08,22.0
2017-07-13,6148,65259.0,326455.0,5.05,5.05,4.97,5.02,0.03,29.0
2017-07-14,6148,72683.0,364454.0,5.0,5.05,4.98,5.04,0.02,28.0
2017-07-17,6148,34969.0,173889.0,5.09,5.09,4.95,4.99,-0.05,18.0
2017-07-18,6148,83021.0,412769.0,4.98,4.99,4.96,4.96,-0.03,26.0
2017-07-19,6148,14022.0,69720.0,4.96,5.02,4.96,5.02,0.06,9.0
2017-07-20,6148,56228.0,279206.0,5.0,5.0,4.94,4.94,-0.08,23.0
2017-07-21,6148,17690.0,87270.0,4.95,4.95,4.9,4.93,-0.01,12.0
2017-07-24,6148,24065.0,118470.0,4.92,5.0,4.9,5.0,0.07,14.0
2017-07-25,6148,25068.0,124390.0,4.97,5.01,4.95,5.01,0.01,12.0
2017-07-26,6148,35796.0,175479.0,5.01,5.01,4.85,4.85,-0.16,14.0
2017-07-27,6148,25227.0,123771.0,4.84,4.92,4.84,4.91,0.06,14.0
2017-07-28,6148,123004.0,605747.0,4.88,5.0,4.85,4.94,0.03,26.0
2017-07-31,6148,35061.0,174165.0,4.94,4.99,4.86,4.97,0.03,30.0
2017-08-01,6148,307858.0,1539920.0,4.99,5.1,4.99,5.03,0.06,45.0
2017-08-02,6148,77682.0,382694.0,4.97,5.0,4.9,4.96,-0.07,26.0
2017-08-03,6148,34118.0,168006.0,4.99,4.99,4.87,4.87,-0.09,16.0
2017-08-04,6148,18236.0,89296.0,4.87,4.94,4.87,4.94,0.07,14.0
2017-08-07,6148,26885.0,131760.0,4.94,4.95,4.87,4.95,0.01,11.0
2017-08-08,6148,3001.0,14734.0,4.9,4.92,4.9,4.92,-0.03,4.0
2017-08-09,6148,45002.0,219208.0,4.86,4.91,4.85,4.85,-0.07,15.0
2017-08-10,6148,79002.0,372048.0,4.75,4.84,4.66,4.78,-0.07,35.0
2017-08-11,6148,177205.0,844633.0,4.77,4.83,4.73,4.83,0.05,46.0
2017-08-14,6148,113000.0,534870.0,4.78,4.78,4.6,4.6,-0.23,33.0
2017-08-15,6148,63027.0,294625.0,4.65,4.74,4.63,4.7,0.1,28.0
2017-08-16,6148,80067.0,379614.0,4.65,4.77,4.65,4.75,0.05,36.0
2017-08-17,6148,546313.0,2635131.0,4.84,4.89,4.8,4.88,0.13,36.0
2017-08-18,6148,42001.0,203814.0,4.86,4.86,4.82,4.82,-0.06,13.0
2017-08-21,6148,138341.0,669716.0,4.85,4.87,4.75,4.81,-0.01,15.0
2017-08-22,6148,113000.0,557910.0,4.83,4.97,4.83,4.95,0.14,31.0
2017-08-23,6148,159000.0,780800.0,4.95,4.97,4.85,4.91,-0.04,48.0
2017-08-24,6148,207066.0,1042800.0,4.9,5.36,4.9,5.08,0.17,62.0
2017-08-25,6148,80000.0,403740.0,5.14,5.14,5.0,5.08,0.0,51.0
2017-08-28,6148,393943.0,2102632.0,5.19,5.52,5.15,5.4,0.32,168.0
2017-08-29,6148,130055.0,682435.0,5.2,5.38,5.2,5.29,-0.11,59.0
2017-08-30,6148,43001.0,224755.0,5.25,5.28,5.2,5.28,-0.01,26.0
2017-08-31,6148,148136.0,769466.0,5.3,5.35,5.13,5.26,-0.02,57.0
2017-09-01,6148,36000.0,187890.0,5.25,5.27,5.18,5.27,0.01,23.0
2017-09-04,6148,59227.0,303068.0,5.25,5.25,5.01,5.08,-0.19,21.0
2017-09-05,6148,112690.0,579471.0,5.09,5.25,5.09,5.18,0.1,47.0
2017-09-06,6148,116005.0,591825.0,5.18,5.2,5.04,5.2,0.02,44.0
2017-09-07,6148,72499.0,373254.0,5.19,5.22,5.07,5.22,0.02,32.0
2017-09-08,6148,97227.0,506961.0,5.25,5.28,5.15,5.28,0.06,34.0
2017-09-11,6148,129182.0,667266.0,5.25,5.25,5.13,5.25,-0.03,37.0
2017-09-12,6148,167851.0,848995.0,5.0,5.22,5.0,5.06,-0.19,71.0
2017-09-13,6148,70068.0,357800.0,5.06,5.15,5.06,5.08,0.02,25.0
2017-09-14,6148,258726.0,1371403.0,5.58,5.58,5.22,5.27,0.19,86.0
2017-09-15,6148,266188.0,1406617.0,5.3,5.37,5.21,5.3,0.03,50.0
2017-09-18,6148,66255.0,345662.0,5.28,5.28,5.2,5.25,-0.05,29.0
2017-09-19,6148,497788.0,2719881.0,5.33,5.77,5.23,5.48,0.23,142.0
2017-09-20,6148,250888.0,1347996.0,5.35,5.48,5.33,5.33,-0.15,65.0
2017-09-21,6148,157295.0,832883.0,5.33,5.33,5.28,5.33,0.0,33.0
2017-09-22,6148,94113.0,497848.0,5.35,5.35,5.25,5.32,-0.01,35.0
2017-09-25,6148,98000.0,516740.0,5.32,5.32,5.21,5.21,-0.11,24.0
2017-09-26,6148,45000.0,233700.0,5.26,5.28,5.16,5.24,0.03,21.0
2017-09-27,6148,31682.0,166380.0,5.24,5.39,5.24,5.3,0.06,18.0
2017-09-28,6148,154113.0,818917.0,5.28,5.37,5.26,5.26,-0.04,39.0
2017-09-29,6148,46000.0,245250.0,5.37,5.37,5.29,5.33,0.07,12.0
2017-09-30,6148,63003.0,336215.0,5.39,5.39,5.3,5.37,0.04,19.0
2017-10-02,6148,39875.0,211985.0,5.33,5.37,5.3,5.37,0.0,18.0
2017-10-03,6148,138040.0,727848.0,5.35,5.35,5.22,5.25,-0.12,35.0
2017-10-05,6148,44000.0,231650.0,5.18,5.28,5.18,5.25,0.0,20.0
2017-10-06,6148,55000.0,289680.0,5.26,5.28,5.25,5.25,0.0,20.0
2017-10-11,6148,68002.0,353950.0,5.2,5.24,5.19,5.2,-0.05,25.0
2017-10-12,6148,108659.0,554759.0,5.18,5.18,5.04,5.15,-0.05,42.0
2017-10-13,6148,22227.0,114097.0,5.17,5.17,5.13,5.13,-0.02,9.0
2017-10-16,6148,40263.0,206680.0,5.15,5.17,5.11,5.13,0.0,22.0
2017-10-17,6148,135000.0,704260.0,5.25,5.25,5.08,5.08,-0.05,16.0
2017-10-18,6148,50002.0,253860.0,5.08,5.09,5.06,5.09,0.01,22.0
2017-10-19,6148,15000.0,76350.0,5.09,5.09,5.09,5.09,0.0,5.0
2017-10-20,6148,40527.0,203925.0,5.06,5.06,5.0,5.02,-0.07,17.0
2017-10-23,6148,132085.0,662465.0,5.06,5.06,5.0,5.01,-0.01,32.0
2017-10-24,6148,111000.0,563570.0,5.06,5.17,4.95,5.08,0.07,47.0
2017-10-25,6148,38663.0,195715.0,5.1,5.1,5.01,5.01,-0.07,24.0
2017-10-26,6148,75327.0,375929.0,4.95,5.1,4.95,5.01,0.0,31.0
2017-10-27,6148,24000.0,120080.0,5.01,5.09,4.95,5.09,0.08,10.0
2017-10-30,6148,35000.0,175750.0,5.03,5.1,4.98,5.04,-0.05,17.0
2017-10-31,6148,49104.0,244670.0,5.03,5.04,4.94,5.03,-0.01,22.0
2017-11-01,6148,21045.0,105279.0,4.94,5.05,4.94,5.05,0.02,13.0
2017-11-02,6148,86000.0,436310.0,5.05,5.09,5.0,5.05,0.0,14.0
2017-11-03,6148,12000.0,60070.0,4.93,5.04,4.93,5.04,-0.01,8.0
2017-11-06,6148,21193.0,106918.0,5.05,5.05,5.04,5.04,0.0,6.0
2017-11-07,6148,59325.0,295493.0,4.96,5.03,4.93,5.03,-0.01,25.0
2017-11-08,6148,18003.0,89195.0,4.97,4.97,4.94,4.94,-0.09,9.0
2017-11-09,6148,33681.0,167835.0,4.96,5.03,4.95,5.01,0.07,23.0
2017-11-10,6148,111170.0,554810.0,4.92,5.02,4.92,5.01,0.0,25.0
2017-11-13,6148,150000.0,712950.0,4.72,4.9,4.69,4.78,-0.23,56.0
2017-11-14,6148,217227.0,1014676.0,4.7,4.86,4.6,4.66,-0.12,70.0
2017-11-15,6148,312045.0,1452626.0,4.67,4.79,4.64,4.65,-0.01,58.0
2017-11-16,6148,273969.0,1273626.0,4.67,4.75,4.6,4.64,-0.01,37.0
2017-11-17,6148,202227.0,953393.0,4.71,4.79,4.65,4.69,0.05,60.0
2017-11-20,6148,95933.0,446892.0,4.77,4.77,4.63,4.72,0.03,39.0
2017-11-21,6148,135068.0,635389.0,4.7,4.77,4.63,4.74,0.02,38.0
2017-11-22,6148,80238.0,376658.0,4.74,4.74,4.67,4.73,-0.01,25.0
2017-11-23,6148,105000.0,503580.0,4.74,4.82,4.74,4.76,0.03,16.0
2017-11-24,6148,50114.0,236894.0,4.76,4.79,4.7,4.79,0.03,19.0
2017-11-27,6148,65001.0,308904.0,4.79,4.8,4.72,4.8,0.01,25.0
2017-11-28,6148,35002.0,166458.0,4.8,4.8,4.74,4.79,-0.01,22.0
2017-11-29,6148,124035.0,589497.0,4.78,4.78,4.73,4.77,-0.02,31.0
2017-11-30,6148,80110.0,378285.0,4.75,4.76,4.66,4.76,-0.01,20.0
2017-12-01,6148,79000.0,370510.0,4.69,4.73,4.68,4.73,-0.03,20.0
2017-12-04,6148,82003.0,387632.0,4.7,4.77,4.7,4.73,0.0,25.0
2017-12-05,6148,170000.0,804070.0,4.73,4.76,4.7,4.73,0.0,28.0
2017-12-06,6148,49001.0,230494.0,4.76,4.76,4.68,4.72,-0.01,13.0
2017-12-07,6148,95010.0,446806.0,4.72,4.72,4.69,4.69,-0.03,21.0
2017-12-08,6148,64000.0,299960.0,4.73,4.73,4.67,4.72,0.03,14.0
2017-12-11,6148,108197.0,509783.0,4.71,4.74,4.67,4.69,-0.03,30.0
2017-12-12,6148,47000.0,219890.0,4.67,4.75,4.66,4.69,0.0,18.0
2017-12-13,6148,193002.0,905668.0,4.7,4.72,4.68,4.68,-0.01,33.0
2017-12-14,6148,226001.0,1066204.0,4.7,4.77,4.69,4.69,0.01,38.0
2017-12-15,6148,173182.0,824836.0,4.69,4.84,4.68,4.78,0.09,36.0
2017-12-18,6148,98682.0,471630.0,4.86,4.86,4.75,4.78,0.0,27.0
2017-12-19,6148,20370.0,97992.0,4.85,4.85,4.79,4.83,0.05,16.0
2017-12-20,6148,37005.0,178511.0,4.85,4.9,4.77,4.9,0.07,16.0
2017-12-21,6148,21001.0,101054.0,4.8,4.9,4.8,4.9,0.0,10.0
2017-12-22,6148,36113.0,173951.0,4.79,4.9,4.79,4.8,-0.1,22.0
2017-12-25,6148,43003.0,206492.0,4.8,4.88,4.8,4.88,0.08,13.0
2017-12-26,6148,86501.0,418884.0,4.89,4.89,4.8,4.8,-0.08,22.0
2017-12-27,6148,78227.0,379339.0,4.8,4.92,4.79,4.88,0.08,27.0
2017-12-28,6148,39589.0,193432.0,4.89,4.95,4.83,4.95,0.07,14.0
2017-12-29,6148,92101.0,445709.0,4.9,4.94,4.82,4.92,-0.03,34.0
2018-01-02,6148,18122.0,88334.0,4.85,4.91,4.82,4.91,-0.01,15.0
2018-01-03,6148,72004.0,353716.0,4.91,4.95,4.88,4.95,0.04,24.0
2018-01-04,6148,50991.0,250518.0,4.95,4.95,4.9,4.9,-0.05,27.0
2018-01-05,6148,85185.0,415474.0,4.91,4.94,4.86,4.94,0.04,25.0
2018-01-08,6148,57013.0,280321.0,4.94,4.96,4.9,4.96,0.02,27.0
2018-01-09,6148,91010.0,448259.0,4.96,4.96,4.9,4.95,-0.01,25.0
2018-01-10,6148,159000.0,792220.0,4.99,5.02,4.92,4.99,0.04,21.0
2018-01-11,6148,32385.0,159090.0,4.99,5.02,4.96,5.02,0.03,26.0
2018-01-12,6148,101881.0,504861.0,4.99,4.99,4.94,4.95,-0.07,37.0
2018-01-15,6148,38969.0,191043.0,4.9,4.95,4.9,4.95,0.0,16.0
2018-01-16,6148,35000.0,172900.0,4.95,5.01,4.92,4.95,0.0,14.0
2018-01-17,6148,128437.0,645985.0,4.97,5.13,4.93,5.12,0.17,37.0
2018-01-18,6148,105001.0,540805.0,5.19,5.2,5.1,5.14,0.02,30.0
2018-01-19,6148,109113.0,552576.0,5.14,5.14,5.04,5.09,-0.05,34.0
2018-01-22,6148,46011.0,231715.0,5.05,5.08,5.01,5.08,-0.01,23.0
2018-01-23,6148,61790.0,315126.0,5.11,5.13,5.06,5.1,0.02,26.0
2018-01-24,6148,89501.0,458663.0,5.12,5.17,5.11,5.11,0.01,41.0
2018-01-25,6148,28010.0,143570.0,5.15,5.15,5.09,5.09,-0.02,10.0
2018-01-26,6148,120492.0,614482.0,5.09,5.13,5.04,5.13,0.04,33.0
2018-01-29,6148,70363.0,364531.0,5.08,5.36,5.08,5.24,0.11,43.0
2018-01-30,6148,82001.0,427275.0,5.21,5.24,5.16,5.16,-0.08,29.0
2018-01-31,6148,120422.0,628812.0,5.15,5.47,5.11,5.32,0.16,65.0
2018-02-01,6148,127047.0,665804.0,5.34,5.34,5.2,5.29,-0.03,48.0
2018-02-02,6148,24050.0,127289.0,5.34,5.34,5.25,5.27,-0.02,18.0
2018-02-05,6148,88647.0,461282.0,5.12,5.27,5.1,5.25,-0.02,30.0
2018-02-06,6148,170002.0,871300.0,5.25,5.31,5.07,5.14,-0.11,59.0
2018-02-07,6148,86006.0,445490.0,5.12,5.34,5.12,5.18,0.04,24.0
2018-02-08,6148,135102.0,702510.0,5.3,5.3,5.18,5.24,0.06,32.0
2018-02-09,6148,146096.0,743680.0,5.18,5.18,5.05,5.09,-0.15,35.0
2018-02-12,6148,52002.0,268210.0,5.1,5.43,5.09,5.28,0.19,31.0
2018-02-21,6148,37008.0,194970.0,5.37,5.37,5.17,5.29,0.01,19.0
2018-02-22,6148,173088.0,928584.0,5.3,5.47,5.29,5.38,0.09,69.0
2018-02-23,6148,55006.0,296290.0,5.38,5.52,5.33,5.38,0.0,23.0
2018-02-26,6148,162319.0,877658.0,5.44,5.47,5.37,5.4,0.02,69.0
2018-02-27,6148,118300.0,635227.0,5.45,5.45,5.29,5.4,0.0,37.0
2018-03-01,6148,171301.0,936826.0,5.56,5.56,5.36,5.53,0.13,45.0
2018-03-02,6148,138010.0,749240.0,5.51,5.56,5.38,5.48,-0.05,53.0
2018-03-05,6148,693396.0,3925085.0,5.51,5.9,5.49,5.63,0.15,169.0
2018-03-06,6148,185005.0,1044467.0,5.6,5.7,5.58,5.65,0.02,42.0
2018-03-07,6148,702044.0,4262353.0,5.65,6.21,5.65,6.08,0.43,245.0
2018-03-08,6148,238343.0,1412002.0,5.91,5.97,5.82,5.96,-0.12,97.0
2018-03-09,6148,111347.0,664044.0,6.1,6.1,5.92,5.99,0.03,47.0
2018-03-12,6148,200562.0,1213235.0,6.1,6.17,5.95,6.17,0.18,79.0
2018-03-13,6148,329864.0,1993004.0,6.06,6.18,5.98,6.03,-0.14,86.0
2018-03-14,6148,143153.0,856329.0,5.98,6.12,5.9,5.9,-0.13,56.0
2018-03-15,6148,118387.0,703352.0,5.91,6.0,5.91,5.96,0.06,53.0
2018-03-16,6148,112672.0,667849.0,5.98,5.99,5.91,5.99,0.03,50.0
2018-03-19,6148,184619.0,1122186.0,6.02,6.1,6.02,6.09,0.1,60.0
2018-03-20,6148,310173.0,1890584.0,6.1,6.14,6.06,6.11,0.02,88.0
2018-03-21,6148,2191015.0,14706625.0,6.58,6.72,6.58,6.72,0.61,445.0
2018-03-22,6148,1323044.0,8363143.0,6.3,6.5,6.21,6.34,-0.38,423.0
2018-03-23,6148,4174045.0,26311713.0,6.25,6.46,6.23,6.35,0.01,138.0
2018-03-26,6148,434884.0,2791477.0,6.34,6.58,6.34,6.58,0.23,144.0
2018-03-27,6148,317295.0,2072331.0,6.56,6.58,6.49,6.56,-0.02,111.0
2018-03-28,6148,854191.0,5897857.0,6.6,7.21,6.6,7.15,0.59,307.0
2018-03-29,6148,1093276.0,7899609.0,7.15,7.4,6.91,7.3,0.15,338.0
2018-03-30,6148,361067.0,2600854.0,7.3,7.3,7.13,7.16,-0.14,141.0
2018-03-31,6148,167559.0,1190127.0,7.13,7.25,7.05,7.18,0.02,82.0
2018-04-02,6148,245059.0,1739463.0,7.18,7.18,7.05,7.05,-0.13,85.0
2018-04-03,6148,124003.0,867811.0,6.88,7.05,6.88,7.04,-0.01,49.0
2018-04-09,6148,170394.0,1187868.0,7.17,7.17,6.94,7.02,-0.02,82.0
2018-04-10,6148,207152.0,1452744.0,7.02,7.17,6.93,7.1,0.08,94.0
2018-04-11,6148,359092.0,2571902.0,7.23,7.29,7.11,7.13,0.03,122.0
2018-04-12,6148,432070.0,3048880.0,7.15,7.15,6.97,7.09,-0.04,80.0
2018-04-13,6148,122341.0,860845.0,7.1,7.11,7.0,7.0,-0.09,44.0
2018-04-16,6148,38089.0,263721.0,6.91,6.96,6.91,6.96,-0.04,61.0
2018-04-17,6148,104071.0,721043.0,6.99,7.0,6.74,6.9,-0.06,50.0
2018-04-18,6148,109024.0,749920.0,6.87,6.95,6.83,6.88,-0.02,43.0
2018-04-19,6148,217042.0,1465522.0,6.9,6.9,6.7,6.85,-0.03,74.0
2018-04-20,6148,92509.0,625591.0,6.9,6.9,6.7,6.72,-0.13,39.0
2018-04-23,6148,447751.0,3008687.0,6.7,6.8,6.66,6.73,0.01,72.0
2018-04-24,6148,97014.0,646824.0,6.7,6.7,6.63,6.7,-0.03,42.0
2018-04-25,6148,105048.0,697217.0,6.7,6.7,6.57,6.57,-0.13,51.0
2018-04-26,6148,106046.0,707423.0,6.84,6.85,6.62,6.68,0.11,35.0
2018-04-27,6148,51004.0,342774.0,6.68,6.79,6.68,6.78,0.1,30.0
2018-04-30,6148,115229.0,802547.0,6.99,7.0,6.82,6.9,0.12,40.0
2018-05-02,6148,84802.0,584375.0,6.9,7.15,6.82,6.98,0.08,42.0
2018-05-03,6148,27005.0,183573.0,6.75,6.9,6.72,6.88,-0.1,15.0
2018-05-04,6148,81022.0,548538.0,6.75,6.88,6.72,6.88,0.0,26.0
2018-05-07,6148,99178.0,687726.0,7.0,7.0,6.88,6.93,0.05,25.0
2018-05-08,6148,5000.0,34090.0,6.8,6.88,6.8,6.88,-0.05,3.0
2018-05-09,6148,91045.0,621045.0,6.88,6.88,6.79,6.87,-0.01,27.0
2018-05-10,6148,154533.0,1025805.0,6.3,6.8,6.3,6.79,-0.08,56.0
2018-05-11,6148,63005.0,417070.0,6.45,6.69,6.45,6.69,-0.1,36.0
2018-05-14,6148,47985.0,324838.0,6.81,6.81,6.7,6.77,0.08,25.0
2018-05-15,6148,93748.0,638566.0,6.8,6.98,6.8,6.83,0.06,36.0
2018-05-16,6148,110045.0,753066.0,6.88,6.9,6.7,6.84,0.01,23.0
2018-05-17,6148,27454.0,186110.0,6.83,6.83,6.68,6.78,-0.06,16.0
2018-05-18,6148,71135.0,478963.0,6.77,6.78,6.55,6.75,-0.03,23.0
2018-05-21,6148,59032.0,399634.0,6.97,6.97,6.65,6.75,0.0,22.0
2018-05-22,6148,53705.0,361245.0,6.75,6.78,6.7,6.78,0.03,15.0
2018-05-23,6148,52368.0,352004.0,6.88,6.88,6.63,6.72,-0.06,30.0
2018-05-24,6148,24228.0,162036.0,6.75,6.78,6.64,6.78,0.06,11.0
2018-05-25,6148,3410.0,22956.0,6.71,6.78,6.71,6.78,0.0,5.0
2018-05-28,6148,59891.0,398257.0,6.75,6.77,6.6,6.77,-0.01,24.0
2018-05-29,6148,38000.0,250620.0,6.52,6.9,6.52,6.75,-0.02,22.0
2018-05-30,6148,73068.0,492975.0,6.75,6.8,6.6,6.74,-0.01,22.0
2018-05-31,6148,33969.0,227012.0,6.7,6.74,6.53,6.74,0.0,15.0
2018-06-01,6148,67227.0,449410.0,6.74,6.76,6.56,6.74,0.0,23.0
2018-06-04,6148,64217.0,424891.0,6.62,6.74,6.57,6.74,0.0,28.0
2018-06-05,6148,32333.0,215136.0,6.62,6.67,6.62,6.67,-0.07,16.0
2018-06-06,6148,35068.0,234605.0,6.68,6.73,6.65,6.71,0.04,19.0
2018-06-07,6148,44000.0,297740.0,6.71,6.79,6.71,6.78,0.07,18.0
2018-06-08,6148,111053.0,755315.0,6.8,6.89,6.78,6.79,0.01,36.0
2018-06-11,6148,47682.0,320606.0,6.7,6.76,6.66,6.76,-0.03,22.0
2018-06-12,6148,97100.0,651172.0,6.74,6.75,6.6,6.72,-0.04,43.0
2018-06-13,6148,78032.0,521285.0,6.72,6.76,6.6,6.73,0.01,26.0
2018-06-14,6148,35000.0,234810.0,6.73,6.77,6.61,6.77,0.04,6.0
2018-06-15,6148,25136.0,170559.0,6.8,6.8,6.71,6.78,0.01,12.0
2018-06-19,6148,26000.0,176310.0,6.78,6.81,6.71,6.75,-0.03,10.0
2018-06-20,6148,148363.0,998451.0,6.62,6.77,6.62,6.75,0.0,19.0
2018-06-21,6148,47023.0,315953.0,6.75,6.82,6.66,6.75,0.0,20.0
2018-06-22,6148,51000.0,338170.0,6.56,6.78,6.56,6.7,-0.05,17.0
2018-06-25,6148,37001.0,244716.0,6.65,6.7,6.58,6.7,0.0,11.0
2018-06-26,6148,29508.0,195632.0,6.6,6.7,6.6,6.69,-0.01,23.0
2018-06-27,6148,53000.0,349970.0,6.61,6.69,6.6,6.69,0.0,15.0
2018-06-28,6148,25123.0,166341.0,6.61,6.71,6.6,6.71,0.02,13.0
2018-06-29,6148,136509.0,920734.0,6.75,6.75,6.74,6.74,0.03,42.0
2018-07-02,6148,48002.0,322592.0,6.75,6.75,6.65,6.73,-0.01,16.0
2018-07-03,6148,62003.0,421728.0,6.75,6.98,6.75,6.98,0.25,23.0
2018-07-04,6148,35007.0,237882.0,6.99,6.99,6.75,6.8,-0.18,22.0
2018-07-05,6148,8001.0,54406.0,6.68,6.84,6.68,6.84,0.04,6.0
2018-07-06,6148,42232.0,284743.0,6.8,6.8,6.65,6.79,-0.05,19.0
2018-07-09,6148,16006.0,106516.0,6.79,6.79,6.62,6.79,0.0,11.0
2018-07-10,6148,84004.0,554705.0,6.6,6.77,6.58,6.73,-0.06,27.0
2018-07-11,6148,41002.0,263952.0,6.33,6.65,6.32,6.6,-0.13,16.0
2018-07-12,6148,18000.0,118550.0,6.55,6.6,6.55,6.6,0.0,11.0
2018-07-13,6148,72150.0,473252.0,6.61,6.65,6.45,6.58,-0.02,30.0
2018-07-16,6148,18193.0,116875.0,6.37,6.59,6.36,6.59,0.01,12.0
2018-07-17,6148,58352.0,383212.0,6.59,6.62,6.5,6.62,0.03,23.0
2018-07-18,6148,27120.0,179020.0,6.62,6.62,6.59,6.6,-0.02,8.0
2018-07-19,6148,36212.0,235418.0,6.55,6.55,6.43,6.55,-0.05,19.0
2018-07-20,6148,105003.0,677868.0,6.55,6.56,6.38,6.54,-0.01,38.0
2018-07-23,6148,44004.0,282555.0,6.45,6.54,6.37,6.54,0.0,19.0
2018-07-24,6148,38068.0,244540.0,6.38,6.53,6.38,6.53,-0.01,21.0
2018-07-25,6148,12100.0,77718.0,6.5,6.5,6.38,6.38,-0.15,11.0
2018-07-26,6148,12942.0,84786.0,6.48,6.68,6.4,6.58,0.2,14.0
2018-07-27,6148,35249.0,229497.0,6.58,6.58,6.5,6.56,-0.02,17.0
2018-07-30,6148,33117.0,215227.0,6.56,6.56,6.4,6.5,-0.06,20.0
2018-07-31,6148,42005.0,272230.0,6.48,6.52,6.48,6.52,0.02,11.0
2018-08-01,6148,23002.0,149282.0,6.49,6.49,6.49,6.49,-0.03,5.0
2018-08-02,6148,61001.0,387316.0,6.38,6.44,6.25,6.44,-0.05,23.0
2018-08-03,6148,54193.0,346784.0,6.4,6.45,6.35,6.45,0.01,15.0
2018-08-06,6148,28002.0,179282.0,6.4,6.44,6.37,6.44,-0.01,12.0
2018-08-07,6148,1796.0,11563.0,6.47,6.47,6.47,6.47,0.03,5.0
2018-08-08,6148,67000.0,428400.0,6.35,6.58,6.27,6.5,0.03,25.0
2018-08-09,6148,12455.0,78692.0,6.3,6.46,6.3,6.46,-0.04,8.0
2018-08-10,6148,146103.0,919086.0,6.3,6.39,6.25,6.35,-0.11,56.0
2018-08-13,6148,31350.0,199562.0,6.4,6.4,6.27,6.35,0.0,25.0
2018-08-14,6148,73004.0,468694.0,6.45,6.47,6.38,6.45,0.1,34.0
2018-08-15,6148,60045.0,387976.0,6.5,6.6,6.4,6.47,0.02,23.0
2018-08-16,6148,4364.0,28209.0,6.47,6.47,6.47,6.47,0.0,4.0
2018-08-17,6148,30000.0,196920.0,6.52,6.99,6.52,6.58,0.11,15.0
2018-08-20,6148,14161.0,93201.0,6.68,6.68,6.52,6.66,0.08,10.0
2018-08-21,6148,12596.0,82054.0,6.51,6.55,6.47,6.55,-0.11,8.0
2018-08-22,6148,45420.0,298262.0,6.6,6.64,6.45,6.58,0.03,29.0
2018-08-23,6148,44117.0,287118.0,6.6,6.6,6.47,6.56,-0.02,17.0
2018-08-24,6148,11000.0,71580.0,6.48,6.54,6.48,6.54,-0.02,5.0
2018-08-27,6148,23181.0,150396.0,6.5,6.54,6.48,6.54,0.0,11.0
2018-08-28,6148,44002.0,286062.0,6.5,6.55,6.5,6.55,0.01,13.0
2018-08-29,6148,25159.0,167499.0,6.66,6.67,6.64,6.65,0.1,5.0
2018-08-30,6148,36072.0,234675.0,6.52,6.64,6.48,6.64,-0.01,15.0
2018-08-31,6148,1002.0,6652.0,6.64,6.64,6.64,6.64,0.0,3.0
2018-09-03,6148,24932.0,164722.0,6.6,6.64,6.6,6.64,0.0,16.0
2018-09-04,6148,43380.0,285810.0,6.62,6.63,6.56,6.58,-0.06,17.0
2018-09-05,6148,18006.0,118459.0,6.6,6.6,6.56,6.57,-0.01,10.0
2018-09-06,6148,72821.0,473650.0,6.5,6.58,6.49,6.58,0.01,29.0
2018-09-07,6148,56145.0,360581.0,6.43,6.48,6.4,6.47,-0.11,62.0
2018-09-10,6148,62036.0,399913.0,6.34,6.79,6.34,6.65,0.18,31.0
2018-09-11,6148,119126.0,761599.0,6.67,6.67,6.31,6.59,-0.06,45.0
2018-09-12,6148,24070.0,153496.0,6.36,6.5,6.35,6.5,-0.09,19.0
2018-09-13,6148,47000.0,299159.0,6.35,6.5,6.31,6.49,-0.01,27.0
2018-09-14,6148,32691.0,211306.0,6.49,6.49,6.41,6.49,0.0,22.0
2018-09-17,6148,23095.0,147796.0,6.42,6.47,6.36,6.47,-0.02,20.0
2018-09-18,6148,60844.0,390519.0,6.4,6.45,6.39,6.4,-0.07,32.0
2018-09-19,6148,103105.0,665712.0,6.4,6.53,6.4,6.46,0.06,48.0
2018-10-01,6148,112883.0,989599.0,9.45,9.45,8.61,8.74,0.1,66.0
2018-10-02,6148,76058.0,650093.0,8.74,8.8,8.32,8.74,0.0,60.0
2018-10-03,6148,18503.0,159337.0,8.85,8.85,8.45,8.75,0.01,35.0
2018-10-04,6148,4510.0,39078.0,8.49,8.73,8.49,8.73,-0.02,20.0
2018-10-05,6148,49145.0,418470.0,8.71,8.71,8.41,8.49,-0.24,35.0
2018-10-08,6148,30069.0,249648.0,8.44,8.44,8.23,8.25,-0.24,57.0
2018-10-09,6148,41220.0,346456.0,8.36,8.5,8.33,8.42,0.17,56.0
2018-10-11,6148,110050.0,872242.0,8.26,8.26,7.76,8.1,-0.32,70.0
2018-10-12,6148,13826.0,109998.0,7.8,8.13,7.8,8.13,0.03,27.0
2018-10-15,6148,15232.0,120446.0,7.73,8.05,7.73,8.03,-0.1,32.0
2018-10-16,6148,33865.0,273242.0,8.0,8.15,7.99,8.05,0.02,19.0
2018-10-17,6148,47450.0,384392.0,8.1,8.18,8.0,8.12,0.07,35.0
2018-10-18,6148,3000.0,24140.0,8.02,8.09,8.02,8.09,-0.03,3.0
2018-10-19,6148,30201.0,241124.0,8.09,8.13,7.92,8.13,0.04,26.0
2018-10-22,6148,13000.0,105800.0,8.13,8.15,8.13,8.15,0.02,7.0
2018-10-23,6148,6201.0,50152.0,8.1,8.1,8.07,8.07,-0.08,7.0
2018-10-24,6148,8012.0,64857.0,8.05,8.11,8.05,8.1,0.03,11.0
2018-10-25,6148,12155.0,96825.0,8.07,8.07,7.9,8.02,-0.08,10.0
2018-10-26,6148,32587.0,259845.0,8.02,8.07,7.92,8.07,0.05,30.0
2018-10-29,6148,20884.0,167454.0,8.06,8.06,7.9,8.0,-0.07,23.0
2018-10-30,6148,6341.0,50728.0,8.0,8.0,8.0,8.0,0.0,6.0
2018-10-31,6148,39076.0,312318.0,8.0,8.05,7.95,8.05,0.05,17.0
2018-11-01,6148,23505.0,188840.0,8.11,8.12,8.0,8.12,0.07,14.0
2018-11-02,6148,19496.0,159524.0,8.17,8.29,8.07,8.29,0.17,18.0
2018-11-05,6148,4169.0,34505.0,8.28,8.28,8.28,8.28,-0.01,8.0
2018-11-06,6148,6000.0,49030.0,8.15,8.28,8.15,8.28,0.0,2.0
2018-11-07,6148,16237.0,133176.0,8.39,8.39,8.17,8.3,0.02,12.0
2018-11-08,6148,433.0,3592.0,0.0,0.0,0.0,0.0,0.0,5.0
2018-11-09,6148,23221.0,189992.0,8.24,8.25,8.12,8.25,-0.01,13.0
2018-11-12,6148,40755.0,328493.0,8.25,8.25,8.01,8.2,-0.05,22.0
2018-11-13,6148,39794.0,325755.0,8.29,8.29,8.15,8.22,0.02,27.0
2018-11-14,6148,47000.0,384030.0,8.22,8.22,8.12,8.2,-0.02,19.0
2018-11-15,6148,13000.0,106550.0,8.18,8.28,8.18,8.28,0.08,9.0
2018-11-16,6148,14000.0,115540.0,8.26,8.33,8.17,8.33,0.05,10.0
2018-11-19,6148,8000.0,66060.0,8.25,8.31,8.25,8.31,-0.02,3.0
2018-11-20,6148,5760.0,47657.0,8.23,8.33,8.22,8.33,0.02,15.0
2018-11-21,6148,103516.0,881105.0,8.32,8.72,8.32,8.72,0.39,62.0
2018-11-22,6148,130362.0,1167810.0,9.32,9.32,8.74,8.98,0.26,72.0
2018-11-23,6148,202884.0,1837561.0,9.04,9.31,8.88,8.95,-0.03,72.0
2018-11-26,6148,573817.0,5487673.0,9.3,9.84,9.03,9.7,0.75,217.0
2018-11-27,6148,728615.0,7255723.0,9.74,10.4,9.56,10.15,0.45,296.0
2018-11-28,6148,311669.0,3131176.0,10.25,10.25,9.9,9.97,-0.18,123.0
2018-11-29,6148,289760.0,2892520.0,10.0,10.05,9.89,9.95,-0.02,90.0
2018-11-30,6148,230104.0,2289373.0,9.95,10.05,9.91,9.91,-0.04,79.0
2018-12-03,6148,309751.0,3045227.0,9.9,9.98,9.68,9.68,-0.23,98.0
2018-12-04,6148,148960.0,1448721.0,9.68,9.89,9.61,9.71,0.03,60.0
2018-12-05,6148,50632.0,489047.0,9.56,9.8,9.51,9.8,0.09,40.0
2018-12-06,6148,254306.0,2473773.0,9.98,9.98,9.65,9.9,0.1,66.0
2018-12-07,6148,74464.0,732884.0,9.97,9.97,9.71,9.86,-0.04,25.0
2018-12-10,6148,102056.0,1010131.0,9.97,9.97,9.85,9.95,0.09,63.0
2018-12-11,6148,71628.0,705857.0,9.8,9.92,9.8,9.88,-0.07,47.0
2018-12-12,6148,96724.0,962691.0,9.98,10.0,9.92,9.95,0.07,60.0
2018-12-13,6148,29320.0,291709.0,9.95,9.97,9.94,9.97,0.02,27.0
2018-12-14,6148,72694.0,709955.0,9.95,9.96,9.67,9.78,-0.19,34.0
2018-12-17,6148,51560.0,498845.0,9.72,9.72,9.6,9.69,-0.09,31.0
2018-12-18,6148,437857.0,4265640.0,9.69,9.85,9.68,9.74,0.05,78.0
2018-12-19,6148,269400.0,2626176.0,9.7,9.8,9.7,9.72,-0.02,54.0
2018-12-20,6148,324219.0,3127928.0,9.77,9.82,9.6,9.6,-0.12,41.0
2018-12-21,6148,18954.0,181974.0,9.62,9.66,9.52,9.66,0.06,21.0
2018-12-22,6148,29575.0,284454.0,9.59,9.76,9.53,9.76,0.1,29.0
2018-12-24,6148,38005.0,371036.0,9.56,9.8,9.56,9.75,-0.01,26.0
2018-12-25,6148,356371.0,3470797.0,9.69,9.76,9.65,9.7,-0.05,44.0
2018-12-26,6148,67511.0,651592.0,9.7,9.7,9.61,9.61,-0.09,23.0
2018-12-27,6148,55180.0,533556.0,9.62,9.85,9.59,9.59,-0.02,24.0
2018-12-28,6148,37712.0,361639.0,9.59,9.66,9.56,9.62,0.03,25.0
2019-01-02,6148,41961.0,397601.0,9.6,9.6,9.3,9.55,-0.07,36.0
2019-01-03,6148,90014.0,846600.0,9.55,9.55,9.35,9.46,-0.09,44.0
2019-01-04,6148,62377.0,587386.0,9.3,9.5,9.2,9.45,-0.01,45.0
2019-01-07,6148,17957.0,171131.0,9.64,9.64,9.45,9.45,0.0,49.0
2019-01-08,6148,87853.0,845182.0,9.63,9.65,9.6,9.62,0.17,51.0
2019-01-09,6148,21031.0,201878.0,9.6,9.6,9.59,9.6,-0.02,30.0
2019-01-10,6148,28480.0,275001.0,9.6,9.7,9.6,9.69,0.09,31.0
2019-01-11,6148,1272038.0,13222156.0,10.0,10.65,9.88,9.9,0.21,473.0
2019-01-14,6148,282034.0,2802079.0,10.05,10.05,9.9,9.9,0.0,113.0
2019-01-15,6148,45007.0,447531.0,9.93,9.99,9.9,9.91,0.01,33.0
2019-01-16,6148,146127.0,1446010.0,9.92,9.99,9.79,9.85,-0.06,60.0
2019-01-17,6148,203347.0,1965606.0,9.57,9.77,9.57,9.7,-0.15,90.0
2019-01-18,6148,72406.0,706481.0,9.71,9.82,9.71,9.81,0.11,65.0
2019-01-21,6148,98673.0,978628.0,9.88,9.99,9.88,9.89,0.08,103.0
2019-01-22,6148,75536.0,748954.0,9.9,9.95,9.88,9.91,0.02,56.0
2019-01-23,6148,84647.0,836958.0,9.89,9.9,9.84,9.9,-0.01,87.0
2019-01-24,6148,96828.0,952515.0,9.91,9.91,9.75,9.75,-0.15,69.0
2019-01-25,6148,154572.0,1513869.0,9.76,9.88,9.75,9.81,0.06,60.0
2019-01-28,6148,139425.0,1376078.0,9.85,9.9,9.85,9.87,0.06,97.0
2019-01-29,6148,89052.0,883368.0,9.86,9.98,9.86,9.98,0.11,70.0
2019-02-18,6148,265769.0,2741048.0,10.1,10.85,9.93,10.1,0.13,310.0
2019-02-19,6148,22458.0,226891.0,10.1,10.3,10.0,10.05,-0.05,53.0
2019-02-20,6148,12432.0,125035.0,10.1,10.1,10.05,10.05,0.0,52.0
2019-02-21,6148,29224.0,293040.0,10.05,10.05,10.0,10.05,0.0,66.0
2019-02-22,6148,97548.0,982301.0,10.0,10.3,10.0,10.0,-0.05,105.0
2019-02-25,6148,120822.0,1215246.0,10.05,10.1,9.98,10.1,0.1,123.0
2019-02-26,6148,146947.0,1472735.0,10.1,10.1,9.96,10.05,-0.05,90.0
2019-02-27,6148,690687.0,7037817.0,10.0,10.3,9.95,10.05,0.0,168.0
2019-03-04,6148,75647.0,772092.0,10.3,10.35,10.1,10.1,0.05,167.0
2019-03-05,6148,111977.0,1126637.0,10.1,10.15,10.0,10.0,-0.1,152.0
2019-03-06,6148,41910.0,421186.0,10.05,10.05,10.05,10.05,0.05,48.0
2019-03-07,6148,66000.0,659950.0,10.1,10.1,9.95,10.1,0.05,22.0
2019-03-08,6148,64086.0,641902.0,10.0,10.15,9.96,10.15,0.05,80.0
2019-03-11,6148,783297.0,8138875.0,10.1,10.7,10.0,10.7,0.55,302.0
2019-03-12,6148,2349901.0,27608672.0,11.75,11.75,11.7,11.75,1.05,596.0
2019-03-13,6148,3802008.0,46650243.0,11.8,12.8,11.75,12.65,0.9,1830.0
2019-03-14,6148,1952596.0,24822553.0,12.95,13.2,12.3,12.7,0.05,1213.0
2019-03-15,6148,868042.0,10768170.0,12.85,12.9,12.1,12.15,-0.55,605.0
2019-03-18,6148,1199186.0,15038226.0,12.2,13.25,12.05,12.15,0.0,780.0
2019-03-19,6148,590782.0,7095742.0,12.5,12.5,11.65,11.7,-0.45,395.0
2019-03-20,6148,1041873.0,12631626.0,11.7,12.65,11.45,12.05,0.35,607.0
2019-03-21,6148,449910.0,5411450.0,11.95,12.4,11.85,11.95,-0.1,266.0
2019-03-22,6148,307722.0,3703625.0,11.95,12.3,11.8,11.8,-0.15,239.0
2019-03-25,6148,261543.0,3093238.0,11.6,12.0,11.55,11.85,0.05,211.0
2019-03-26,6148,1009848.0,12468709.0,11.85,12.7,11.8,12.7,0.85,426.0
2019-03-27,6148,1489558.0,18860704.0,12.45,13.2,12.2,13.05,0.35,606.0
2019-03-28,6148,4216107.0,55660138.0,13.1,13.6,12.85,13.2,0.15,1791.0
2019-03-29,6148,800037.0,10353381.0,13.3,13.4,12.7,12.7,-0.5,471.0
2019-04-01,6148,497274.0,6161529.0,12.8,12.8,12.05,12.15,-0.55,332.0
2019-04-02,6148,310520.0,3799759.0,12.55,12.55,12.1,12.15,0.0,188.0
2019-04-03,6148,225234.0,2719975.0,12.15,12.2,11.9,12.15,0.0,226.0
2019-04-08,6148,240392.0,2961898.0,12.55,12.55,12.2,12.2,0.05,214.0
2019-04-09,6148,177327.0,2155532.0,12.2,12.25,12.1,12.2,0.0,119.0
2019-04-10,6148,125439.0,1507849.0,12.2,12.2,11.95,12.0,-0.2,107.0
2019-04-11,6148,712370.0,8073684.0,11.5,11.65,11.15,11.2,-0.8,348.0
2019-04-12,6148,140328.0,1575845.0,11.4,11.4,11.15,11.15,-0.05,138.0
2019-04-15,6148,257298.0,2815552.0,11.35,11.35,10.8,10.95,-0.2,262.0
2019-04-16,6148,303373.0,3232756.0,10.95,10.95,10.5,10.65,-0.3,240.0
2019-04-17,6148,93663.0,1004359.0,10.75,10.85,10.65,10.75,0.1,121.0
2019-04-18,6148,163646.0,1776334.0,10.85,11.2,10.7,10.8,0.05,102.0
2019-04-19,6148,106003.0,1138680.0,10.95,10.95,10.65,10.7,-0.1,63.0
2019-04-22,6148,83006.0,901616.0,10.75,10.95,10.75,10.8,0.1,52.0
2019-04-23,6148,106000.0,1134350.0,10.8,10.8,10.65,10.65,-0.15,52.0
2019-04-24,6148,84157.0,901610.0,10.65,10.85,10.65,10.7,0.05,53.0
2019-04-25,6148,110470.0,1190100.0,10.7,10.85,10.7,10.75,0.05,59.0
2019-04-26,6148,32001.0,341410.0,10.7,10.7,10.65,10.65,-0.1,18.0
2019-04-29,6148,47452.0,503792.0,10.6,10.7,10.6,10.6,-0.05,32.0
2019-04-30,6148,65178.0,685517.0,10.6,10.6,10.5,10.6,0.0,46.0
2019-05-02,6148,41003.0,433580.0,10.6,10.6,10.55,10.6,0.0,27.0
2019-05-03,6148,94935.0,1019903.0,10.55,10.85,10.55,10.8,0.2,47.0
2019-05-06,6148,138163.0,1514574.0,10.85,11.15,10.85,10.9,0.1,86.0
2019-05-07,6148,84681.0,936341.0,10.9,11.15,10.9,11.1,0.2,57.0
2019-05-08,6148,2491484.0,30019757.0,11.55,12.2,11.45,11.8,0.7,920.0
2019-05-09,6148,560109.0,6431976.0,11.8,11.8,11.25,11.25,-0.55,274.0
2019-05-10,6148,134057.0,1513544.0,11.25,11.45,11.25,11.35,0.1,74.0
2019-05-13,6148,189075.0,2100867.0,11.4,11.4,11.0,11.0,-0.35,80.0
2019-05-14,6148,118004.0,1293294.0,11.05,11.1,10.7,11.1,0.1,61.0
2019-05-15,6148,99228.0,1115164.0,11.2,11.35,11.15,11.25,0.15,51.0
2019-05-16,6148,112533.0,1274119.0,11.3,11.45,11.25,11.25,0.0,69.0
2019-05-17,6148,94698.0,1047308.0,11.25,11.25,10.95,11.0,-0.25,51.0
2019-05-20,6148,76003.0,824980.0,11.05,11.1,10.7,10.85,-0.15,42.0
2019-05-21,6148,98054.0,1065434.0,10.85,11.0,10.8,10.85,0.0,45.0
2019-05-22,6148,59001.0,655311.0,10.85,11.3,10.85,11.1,0.25,43.0
2019-05-23,6148,137698.0,1562687.0,11.0,11.6,11.0,11.35,0.25,83.0
2019-05-24,6148,37295.0,419032.0,11.35,11.35,11.15,11.15,-0.2,26.0
2019-05-27,6148,33000.0,367100.0,11.25,11.25,11.1,11.15,0.0,13.0
2019-05-28,6148,29000.0,328350.0,11.25,11.35,11.25,11.35,0.2,15.0
2019-05-29,6148,72006.0,822866.0,11.35,11.55,11.3,11.35,0.0,41.0
2019-05-30,6148,77571.0,882430.0,11.3,11.4,11.3,11.35,0.0,35.0
2019-05-31,6148,39001.0,443661.0,11.35,11.45,11.3,11.35,0.0,27.0
2019-06-03,6148,63000.0,718450.0,11.4,11.5,11.3,11.5,0.15,40.0
2019-06-04,6148,116573.0,1331023.0,11.6,11.6,11.25,11.4,-0.1,59.0
2019-06-05,6148,91623.0,1046501.0,11.4,11.5,11.3,11.4,0.0,46.0
2019-06-06,6148,147000.0,1688900.0,11.5,11.7,11.4,11.4,0.0,54.0
2019-06-10,6148,69109.0,796696.0,11.5,11.65,11.45,11.45,0.05,41.0
2019-06-11,6148,1893942.0,23748662.0,12.55,12.55,12.15,12.55,1.1,404.0
2019-06-12,6148,1542425.0,19401787.0,12.65,12.75,12.4,12.55,0.0,669.0
2019-06-13,6148,1686501.0,21624785.0,12.65,13.3,12.45,12.65,0.1,640.0
2019-06-14,6148,524175.0,6684353.0,12.6,12.9,12.6,12.7,0.05,229.0
2019-06-17,6148,533325.0,6868270.0,12.7,13.1,12.7,12.9,0.2,262.0
2019-06-18,6148,375280.0,4797811.0,13.1,13.1,12.6,12.65,-0.25,185.0
2019-06-19,6148,265262.0,3359200.0,12.8,12.8,12.55,12.65,0.0,119.0
2019-06-20,6148,162000.0,2074198.0,12.75,12.95,12.7,12.75,0.1,93.0
2019-06-21,6148,382621.0,4912185.0,12.85,13.0,12.7,12.75,0.0,127.0
2019-06-24,6148,280254.0,3562950.0,12.95,12.95,12.5,12.75,0.0,118.0
2019-06-25,6148,66765.0,853291.0,12.75,12.85,12.75,12.75,0.0,39.0
2019-06-26,6148,118000.0,1504550.0,12.8,12.85,12.7,12.7,-0.05,51.0
2019-06-27,6148,77356.0,986670.0,12.85,12.85,12.7,12.8,0.1,43.0
2019-06-28,6148,156000.0,1990800.0,12.9,12.9,12.7,12.8,0.0,52.0
2019-07-01,6148,241016.0,3090604.0,12.9,12.95,12.7,12.85,0.05,112.0
2019-07-02,6148,81722.0,1050204.0,12.8,12.9,12.75,12.85,0.0,47.0
2019-07-03,6148,324317.0,4106225.0,12.8,12.85,12.5,12.65,-0.2,118.0
2019-07-04,6148,632796.0,8019117.0,12.8,12.8,12.6,12.75,0.1,205.0
2019-07-05,6148,264356.0,3122250.0,11.8,12.0,11.75,11.8,0.0,117.0
2019-07-08,6148,240010.0,2769160.0,11.8,11.8,11.4,11.45,-0.35,94.0
2019-07-09,6148,153363.0,1732379.0,11.45,11.5,11.2,11.2,-0.25,74.0
2019-07-10,6148,104533.0,1182422.0,11.25,11.45,11.2,11.35,0.15,55.0
2019-07-11,6148,434604.0,5028155.0,11.7,11.7,11.4,11.6,0.25,138.0
2019-07-12,6148,139237.0,1613925.0,11.65,11.65,11.55,11.6,0.0,49.0
2019-07-15,6148,195974.0,2268897.0,11.7,11.7,11.5,11.65,0.05,52.0
2019-07-16,6148,223001.0,2614661.0,11.6,11.9,11.55,11.8,0.15,81.0
2019-07-17,6148,193147.0,2276019.0,11.8,11.95,11.65,11.75,-0.05,70.0
2019-07-18,6148,201399.0,2335267.0,11.65,11.75,11.5,11.6,-0.15,74.0
2019-07-19,6148,48117.0,559595.0,11.65,11.7,11.6,11.6,0.0,28.0
2019-07-22,6148,55010.0,641867.0,11.75,11.75,11.6,11.7,0.1,31.0
2019-07-23,6148,55000.0,645650.0,11.7,11.8,11.7,11.7,0.0,28.0
2019-07-24,6148,410221.0,4926202.0,11.7,12.15,11.7,12.05,0.35,185.0
2019-07-25,6148,240034.0,2901308.0,12.15,12.15,12.0,12.1,0.05,87.0
2019-07-26,6148,142795.0,1735268.0,12.15,12.2,12.1,12.2,0.1,61.0
2019-07-29,6148,130267.0,1592307.0,12.35,12.35,12.1,12.25,0.05,62.0
2019-07-30,6148,118769.0,1459353.0,12.4,12.4,12.15,12.2,-0.05,55.0
2019-07-31,6148,635119.0,8004803.0,12.45,12.9,12.15,12.75,0.55,238.0
2019-08-01,6148,462482.0,5907323.0,12.85,13.05,12.5,12.5,-0.25,208.0
2019-08-02,6148,246227.0,3008369.0,12.4,12.5,12.05,12.3,-0.2,94.0
2019-08-05,6148,60459.0,745621.0,12.3,12.5,12.25,12.3,0.0,39.0
2019-08-06,6148,115444.0,1421416.0,12.3,12.65,12.0,12.3,0.0,72.0
2019-08-07,6148,168323.0,2097770.0,12.45,12.6,12.35,12.5,0.2,71.0
2019-08-08,6148,910186.0,10722005.0,12.45,12.45,11.55,11.6,-0.9,303.0
2019-08-12,6148,438084.0,4912836.0,11.55,11.55,11.1,11.15,-0.45,132.0
2019-08-13,6148,63729.0,704991.0,11.15,11.2,11.0,11.1,-0.05,44.0
2019-08-14,6148,148522.0,1649644.0,11.1,11.15,11.05,11.05,-0.05,58.0
2019-08-15,6148,115635.0,1261635.0,11.0,11.0,10.8,11.0,-0.05,53.0
2019-08-16,6148,40020.0,442320.0,11.1,11.1,11.0,11.1,0.1,23.0
2019-08-19,6148,127002.0,1388772.0,11.05,11.05,10.9,10.95,-0.15,52.0
2019-08-20,6148,18281.0,201876.0,11.2,11.2,10.95,10.95,0.0,14.0
2019-08-21,6148,50589.0,555037.0,10.85,11.0,10.85,11.0,0.05,28.0
2019-08-22,6148,89089.0,974674.0,11.0,11.05,10.8,11.0,0.0,39.0
2019-08-23,6148,18580.0,205180.0,11.0,11.1,11.0,11.1,0.1,12.0
2019-08-26,6148,42004.0,465894.0,11.1,11.2,11.0,11.0,-0.1,25.0
2019-08-27,6148,75384.0,830874.0,11.25,11.25,10.95,11.0,0.0,34.0
2019-08-28,6148,64955.0,720399.0,10.9,11.15,10.9,11.15,0.15,32.0
2019-08-29,6148,104002.0,1165872.0,11.15,11.45,11.1,11.25,0.1,45.0
2019-08-30,6148,81739.0,922675.0,11.3,11.35,11.2,11.25,0.0,34.0
2019-09-02,6148,41017.0,460837.0,11.3,11.3,11.2,11.2,-0.05,33.0
2019-09-03,6148,52804.0,585873.0,11.1,11.15,11.0,11.15,-0.05,36.0
2019-09-04,6148,57340.0,634924.0,11.4,11.4,11.0,11.15,0.0,32.0
2019-09-05,6148,26214.0,288296.0,11.05,11.1,10.95,10.95,-0.2,21.0
2019-09-06,6148,134000.0,1451900.0,10.8,10.95,10.8,10.9,-0.05,44.0
2019-09-09,6148,49136.0,535131.0,10.9,10.9,10.85,10.9,0.0,25.0
2019-09-10,6148,54001.0,590710.0,10.85,11.05,10.85,11.0,0.1,23.0
2019-09-11,6148,1937624.0,23339074.0,11.75,12.1,11.55,12.0,1.0,614.0
2019-09-12,6148,769251.0,8843986.0,11.7,11.7,11.3,11.3,-0.7,351.0
2019-09-16,6148,78000.0,883500.0,11.35,11.45,11.25,11.3,0.0,45.0
2019-09-17,6148,150446.0,1705838.0,11.45,11.45,11.25,11.35,0.05,71.0
2019-09-18,6148,129061.0,1469595.0,11.35,11.55,11.25,11.5,0.15,61.0
2019-09-19,6148,253533.0,2927172.0,11.45,11.65,11.4,11.4,-0.1,102.0
2019-09-20,6148,205444.0,2341756.0,11.4,11.6,11.25,11.6,0.2,91.0
2019-09-23,6148,136868.0,1594454.0,11.6,11.75,11.6,11.75,0.15,62.0
2019-09-24,6148,134000.0,1579700.0,11.7,11.9,11.7,11.85,0.1,64.0
2019-09-25,6148,81265.0,949350.0,11.65,11.8,11.6,11.75,-0.1,44.0
2019-09-26,6148,41700.0,487655.0,11.65,11.8,11.65,11.65,-0.1,26.0
2019-09-27,6148,73284.0,860272.0,11.75,11.85,11.65,11.75,0.1,34.0
2019-10-01,6148,31000.0,365400.0,11.9,11.9,11.7,11.75,0.0,18.0
2019-10-02,6148,39000.0,458750.0,11.8,11.85,11.7,11.8,0.05,16.0
2019-10-03,6148,62000.0,732050.0,11.75,11.9,11.75,11.9,0.1,28.0
2019-10-04,6148,34709.0,405544.0,11.8,11.8,11.65,11.75,-0.15,21.0
2019-10-07,6148,70962.0,822208.0,11.65,11.85,11.55,11.7,-0.05,26.0
2019-10-08,6148,17738.0,205437.0,11.75,11.75,11.55,11.55,-0.15,12.0
2019-10-09,6148,21372.0,247464.0,11.65,11.7,11.5,11.7,0.15,19.0
2019-10-14,6148,69314.0,800873.0,11.5,11.8,11.35,11.8,0.1,41.0
2019-10-15,6148,49095.0,568252.0,11.5,11.65,11.45,11.6,-0.2,28.0
2019-10-16,6148,4533.0,52479.0,11.6,11.6,11.55,11.6,0.0,5.0
2019-10-17,6148,46206.0,532758.0,11.55,11.6,11.5,11.6,0.0,20.0
2019-10-18,6148,36142.0,418633.0,11.5,11.65,11.5,11.6,0.0,22.0
2019-10-21,6148,4522.0,52805.0,11.65,11.7,11.65,11.7,0.1,6.0
2019-10-22,6148,40634.0,470854.0,11.7,11.7,11.5,11.65,-0.05,24.0
2019-10-23,6148,67700.0,777529.0,11.5,11.65,11.4,11.45,-0.2,22.0
2019-10-24,6148,119000.0,1352950.0,11.45,11.5,11.25,11.25,-0.2,50.0
2019-10-25,6148,56000.0,632800.0,11.25,11.4,11.25,11.4,0.15,18.0
2019-10-28,6148,82057.0,935937.0,11.8,11.8,11.3,11.3,-0.1,35.0
2019-10-29,6148,37006.0,420616.0,11.4,11.45,11.3,11.4,0.1,26.0
2019-10-30,6148,35000.0,397350.0,11.4,11.4,11.35,11.4,0.0,15.0
2019-10-31,6148,28291.0,322634.0,11.45,11.45,11.35,11.35,-0.05,20.0
2019-11-01,6148,81000.0,923100.0,11.35,11.5,11.3,11.5,0.15,19.0
2019-11-04,6148,260100.0,2945299.0,11.4,11.5,11.2,11.4,-0.1,79.0
2019-11-05,6148,62000.0,699350.0,11.3,11.3,11.25,11.3,-0.1,24.0
2019-11-06,6148,25363.0,286765.0,11.3,11.4,11.25,11.3,0.0,14.0
2019-11-07,6148,167000.0,1873050.0,11.2,11.3,11.1,11.15,-0.15,40.0
2019-11-08,6148,83884.0,932499.0,11.15,11.25,11.05,11.25,0.1,33.0
2019-11-11,6148,197000.0,2162750.0,11.1,11.35,10.85,10.85,-0.4,46.0
2019-11-12,6148,34220.0,372224.0,10.85,11.0,10.85,10.85,0.0,23.0
2019-11-13,6148,113000.0,1209550.0,10.85,10.85,10.6,10.7,-0.15,29.0
2019-11-14,6148,272898.0,2888388.0,10.65,10.7,10.5,10.5,-0.2,53.0
2019-11-15,6148,61353.0,650206.0,10.5,10.65,10.5,10.6,0.1,19.0
2019-11-18,6148,23521.0,249798.0,10.6,10.75,10.55,10.7,0.1,14.0
2019-11-19,6148,96000.0,1023550.0,10.7,10.8,10.6,10.8,0.1,25.0
2019-11-20,6148,15000.0,159250.0,10.6,10.65,10.6,10.6,-0.2,7.0
2019-11-21,6148,71953.0,770089.0,10.7,10.75,10.7,10.75,0.15,15.0
2019-11-22,6148,12001.0,128110.0,10.75,10.75,10.6,10.7,-0.05,11.0
2019-11-25,6148,12219.0,131070.0,11.0,11.0,10.65,10.7,0.0,11.0
2019-11-26,6148,84000.0,898300.0,10.7,10.7,10.65,10.65,-0.05,16.0
2019-11-27,6148,38533.0,409196.0,10.65,10.85,10.6,10.6,-0.05,19.0
2019-11-28,6148,19531.0,206275.0,10.6,10.6,10.5,10.55,-0.05,13.0
2019-11-29,6148,206003.0,2141830.0,10.5,10.55,10.15,10.5,-0.05,57.0
2019-12-02,6148,36356.0,374769.0,10.4,10.4,10.2,10.35,-0.15,22.0
2019-12-03,6148,4522.0,46776.0,10.45,10.45,10.3,10.35,0.0,6.0
2019-12-04,6148,3423.0,34872.0,10.2,10.2,10.2,10.2,-0.15,5.0
2019-12-05,6148,43724.0,444183.0,10.2,10.25,10.15,10.25,0.05,23.0
2019-12-06,6148,39010.0,398802.0,10.25,10.3,10.15,10.25,0.0,17.0
2019-12-09,6148,6533.0,66583.0,10.2,10.2,10.2,10.2,-0.05,6.0
2019-12-10,6148,17000.0,173600.0,10.2,10.3,10.2,10.2,0.0,7.0
2019-12-11,6148,67307.0,709142.0,10.5,10.75,10.4,10.45,0.25,56.0
2019-12-12,6148,8742.0,90365.0,10.3,10.45,10.3,10.45,0.0,12.0
2019-12-13,6148,9889.0,102666.0,10.5,10.5,10.3,10.3,-0.15,14.0
2019-12-16,6148,21002.0,217020.0,10.4,10.5,10.3,10.3,0.0,18.0
2019-12-17,6148,57002.0,582770.0,10.25,10.3,10.15,10.3,0.0,35.0
2019-12-18,6148,163862.0,1651382.0,10.3,10.3,10.0,10.0,-0.3,70.0
2019-12-19,6148,107739.0,1082344.0,10.1,10.1,10.0,10.0,0.0,27.0
2019-12-20,6148,23752.0,238442.0,10.1,10.1,10.0,10.0,0.0,18.0
2019-12-23,6148,41000.0,413250.0,10.05,10.15,10.05,10.1,0.1,24.0
2019-12-24,6148,99340.0,1003300.0,10.25,10.35,10.0,10.1,0.0,44.0
2019-12-25,6148,26232.0,264520.0,10.2,10.2,10.05,10.05,-0.05,16.0
2019-12-26,6148,61479.0,625161.0,10.1,10.3,10.1,10.2,0.15,30.0
2019-12-27,6148,125101.0,1261770.0,10.25,10.25,10.05,10.1,-0.1,49.0
2019-12-30,6148,68015.0,681200.0,10.1,10.1,10.0,10.0,-0.1,24.0
2019-12-31,6148,30900.0,310600.0,10.0,10.1,10.0,10.05,0.05,18.0
2020-01-02,6148,118315.0,1183617.0,10.1,10.1,10.0,10.0,-0.05,38.0
2020-01-03,6148,25787.0,258030.0,10.0,10.05,9.98,10.05,0.05,9.0
2020-01-06,6148,47001.0,469260.0,10.1,10.1,9.95,9.95,-0.1,19.0
2020-01-07,6148,49111.0,486718.0,9.95,9.95,9.88,9.94,-0.01,19.0
2020-01-08,6148,44000.0,437250.0,9.93,9.94,9.92,9.94,0.0,15.0
2020-01-09,6148,57005.0,573490.0,9.95,10.15,9.95,10.1,0.16,21.0
2020-01-10,6148,28279.0,283274.0,10.1,10.1,10.0,10.0,-0.1,21.0
2020-01-13,6148,7001.0,70410.0,10.1,10.1,10.0,10.0,0.0,5.0
2020-01-14,6148,12629.0,126316.0,10.1,10.1,9.97,9.97,-0.03,9.0
2020-01-15,6148,31067.0,309787.0,9.98,9.98,9.97,9.98,0.01,17.0
2020-01-16,6148,33001.0,330129.0,10.05,10.05,9.96,9.96,-0.02,11.0
2020-01-17,6148,55711.0,555977.0,9.98,10.0,9.98,10.0,0.04,13.0
2020-01-20,6148,12010.0,120090.0,10.0,10.0,10.0,10.0,0.0,14.0
2020-01-30,6148,70002.0,677978.0,9.92,9.92,9.44,9.44,-0.56,40.0
2020-01-31,6148,51007.0,482733.0,9.45,9.53,9.45,9.53,0.09,22.0
2020-02-03,6148,26064.0,239017.0,9.2,9.25,9.01,9.21,-0.32,26.0
2020-02-04,6148,38081.0,356428.0,9.58,9.58,9.23,9.4,0.19,19.0
2020-02-05,6148,160001.0,1499809.0,9.37,9.41,9.3,9.38,-0.02,24.0
2020-02-06,6148,46399.0,431481.0,9.2,9.35,9.2,9.3,-0.08,20.0
2020-02-07,6148,58731.0,544814.0,9.28,9.28,9.27,9.27,-0.03,16.0
2020-02-10,6148,19698.0,185805.0,9.3,9.59,9.3,9.45,0.18,29.0
2020-02-11,6148,55060.0,512974.0,9.3,9.39,9.3,9.39,-0.06,43.0
2020-02-12,6148,148489.0,1385541.0,9.33,9.44,9.3,9.35,-0.04,38.0
2020-02-13,6148,27260.0,254172.0,9.32,9.35,9.32,9.32,-0.03,29.0
2020-02-14,6148,10051.0,93479.0,9.32,9.32,9.27,9.31,-0.01,49.0
2020-02-17,6148,1029.0,9611.0,9.35,9.35,9.35,9.35,0.04,28.0
2020-02-18,6148,27025.0,250206.0,9.23,9.3,9.23,9.28,-0.07,27.0
2020-02-19,6148,4026.0,37314.0,9.28,9.28,9.26,9.26,-0.02,29.0
2020-02-20,6148,3013.0,28037.0,9.36,9.36,9.28,9.28,0.02,14.0
2020-02-21,6148,14021.0,130242.0,9.25,9.35,9.25,9.35,0.07,20.0
2020-02-24,6148,13269.0,123652.0,9.33,9.35,9.22,9.22,-0.13,20.0
2020-02-25,6148,10006.0,92294.0,9.2,9.23,9.2,9.23,0.01,13.0
2020-02-26,6148,11021.0,101113.0,9.16,9.23,9.16,9.23,0.0,13.0
2020-02-27,6148,74059.0,667985.0,9.11,9.11,8.8,8.91,-0.32,43.0
2020-03-02,6148,26132.0,236929.0,9.0,9.24,9.0,9.0,0.09,22.0
2020-03-03,6148,35087.0,320963.0,9.49,9.49,9.04,9.1,0.1,24.0
2020-03-04,6148,16642.0,150885.0,9.0,9.28,9.0,9.28,0.18,19.0
2020-03-05,6148,11007.0,102283.0,9.34,9.36,9.13,9.27,-0.01,13.0
2020-03-06,6148,0.0,0.0,0.0,0.0,0.0,0.0,0.0,0.0
2020-03-09,6148,116000.0,1047660.0,9.1,9.11,8.91,8.95,-0.28,29.0
2020-03-10,6148,35000.0,312430.0,8.9,8.99,8.9,8.99,0.04,12.0
2020-03-11,6148,1339042.0,13224462.0,9.88,9.88,9.73,9.87,0.88,397.0
2020-03-12,6148,684028.0,6225042.0,9.67,9.67,8.89,8.94,-0.93,295.0
2020-03-13,6148,357670.0,2894302.0,8.05,8.45,8.05,8.45,-0.49,153.0
2020-03-16,6148,120215.0,981047.0,8.18,8.25,8.02,8.06,-0.39,63.0
2020-03-17,6148,66116.0,507470.0,7.53,8.02,7.53,7.6,-0.46,43.0
2020-03-18,6148,81601.0,620205.0,7.75,7.79,7.22,7.53,-0.07,57.0
2020-03-19,6148,278703.0,1902969.0,7.49,7.5,6.78,6.78,-0.75,89.0
2020-03-20,6148,55005.0,393535.0,6.9,7.39,6.9,7.2,0.42,37.0
2020-03-23,6148,14139.0,97896.0,6.6,7.18,6.6,7.18,-0.02,15.0
2020-03-24,6148,29073.0,211732.0,7.19,7.6,7.18,7.28,0.1,30.0
2020-03-25,6148,251024.0,2002576.0,7.68,8.0,7.68,8.0,0.72,107.0
2020-03-26,6148,119669.0,968184.0,8.48,8.48,7.9,7.9,-0.1,76.0
2020-03-27,6148,45012.0,355067.0,8.02,8.02,7.8,7.9,0.0,36.0
2020-03-30,6148,35349.0,284372.0,7.9,8.1,7.9,8.05,0.15,25.0
2020-03-31,6148,52396.0,418218.0,7.97,8.03,7.96,8.03,-0.02,22.0
2020-04-01,6148,13031.0,104348.0,7.91,8.1,7.91,8.06,0.03,25.0
2020-04-06,6148,45043.0,360934.0,7.95,8.07,7.92,8.03,-0.03,52.0
2020-04-07,6148,84623.0,682418.0,8.0,8.12,8.0,8.01,-0.02,136.0
2020-04-08,6148,69999.0,575383.0,8.03,8.5,8.03,8.47,0.46,76.0
2020-04-09,6148,43541.0,371189.0,8.47,8.65,8.33,8.65,0.18,78.0
2020-04-10,6148,65110.0,563161.0,8.6,8.75,8.52,8.63,-0.02,104.0
2020-04-13,6148,56667.0,490381.0,8.6,8.73,8.6,8.64,0.01,342.0
2020-04-14,6148,84338.0,746687.0,8.78,8.97,8.75,8.85,0.21,109.0
2020-04-15,6148,101270.0,912460.0,8.81,9.06,8.81,9.01,0.16,85.0
2020-04-16,6148,48042.0,440159.0,9.3,9.3,9.07,9.07,0.06,57.0
2020-04-17,6148,106152.0,971274.0,9.15,9.21,9.1,9.1,0.03,74.0
2020-04-20,6148,366127.0,3312828.0,8.95,9.1,8.95,9.1,0.0,126.0
2020-04-21,6148,51077.0,459363.0,9.18,9.18,8.95,8.98,-0.12,80.0
2020-04-22,6148,33015.0,299495.0,9.14,9.14,9.03,9.04,0.06,36.0
2020-04-23,6148,75533.0,700142.0,9.05,9.45,9.05,9.36,0.32,82.0
2020-04-24,6148,63000.0,592290.0,9.4,9.48,9.35,9.39,0.03,26.0
2020-04-27,6148,127698.0,1225325.0,9.5,9.69,9.48,9.66,0.27,165.0
2020-04-28,6148,68090.0,662710.0,9.69,9.9,9.6,9.9,0.24,102.0
2020-04-29,6148,107021.0,1057188.0,9.79,9.97,9.79,9.88,-0.02,62.0
2020-04-30,6148,48299.0,478417.0,9.94,9.94,9.88,9.88,0.0,31.0
2020-05-04,6148,76269.0,763747.0,9.88,10.15,9.85,9.99,0.11,43.0
2020-05-05,6148,73499.0,737560.0,10.0,10.15,9.91,10.1,0.11,40.0
2020-05-06,6148,188080.0,1940822.0,10.05,10.5,10.05,10.35,0.25,73.0
2020-05-07,6148,68001.0,706410.0,10.45,10.5,10.3,10.35,0.0,31.0
2020-05-08,6148,58446.0,608458.0,10.4,10.45,10.4,10.45,0.1,31.0
2020-05-11,6148,65001.0,684710.0,10.4,10.6,10.4,10.55,0.1,35.0
2020-05-12,6148,161005.0,1692601.0,10.55,10.7,10.3,10.35,-0.2,63.0
2020-05-13,6148,220989.0,2222989.0,10.2,10.25,9.99,9.99,-0.36,89.0
2020-05-14,6148,35000.0,348320.0,9.99,10.0,9.9,9.9,-0.09,22.0
2020-05-15,6148,88533.0,883415.0,9.89,10.0,9.89,10.0,0.1,26.0
2020-05-18,6148,160858.0,1606670.0,9.92,10.05,9.92,10.05,0.05,45.0
2020-05-19,6148,44782.0,447240.0,10.05,10.05,9.94,9.99,-0.06,24.0
2020-05-20,6148,178610.0,1793720.0,9.98,10.15,9.98,10.05,0.06,54.0
2020-05-21,6148,78600.0,791600.0,10.05,10.4,10.0,10.05,0.0,34.0
2020-05-22,6148,52565.0,531956.0,10.05,10.15,10.05,10.15,0.1,29.0
2020-05-25,6148,45002.0,461520.0,10.15,10.3,10.15,10.15,0.0,24.0
2020-05-26,6148,59652.0,604785.0,10.15,10.2,10.05,10.15,0.0,25.0
2020-05-27,6148,21268.0,217583.0,10.15,10.25,10.15,10.25,0.1,19.0
2020-05-28,6148,29805.0,305011.0,10.3,10.3,10.15,10.3,0.05,17.0
2020-05-29,6148,89924.0,920723.0,10.25,10.3,10.15,10.25,-0.05,26.0
2020-06-01,6148,15157.0,155100.0,10.25,10.25,10.2,10.25,0.0,10.0
2020-06-02,6148,31000.0,312860.0,10.2,10.2,9.92,10.2,-0.05,17.0
2020-06-03,6148,31610.0,319360.0,10.1,10.15,10.1,10.15,-0.05,19.0
2020-06-04,6148,101137.0,1007614.0,10.15,10.15,9.8,9.9,-0.25,53.0
2020-06-05,6148,44518.0,445710.0,10.05,10.05,9.98,10.0,0.1,26.0
2020-06-08,6148,37004.0,369647.0,10.0,10.0,9.95,10.0,0.0,19.0
2020-06-09,6148,81013.0,808007.0,10.0,10.0,9.95,10.0,0.0,19.0
2020-06-10,6148,58913.0,585050.0,9.94,9.98,9.86,9.95,-0.05,38.0
2020-06-11,6148,28104.0,277792.0,9.95,9.95,9.82,9.82,-0.13,19.0
2020-06-12,6148,13023.0,128706.0,9.9,9.94,9.85,9.94,0.12,10.0
2020-06-15,6148,174985.0,1748858.0,9.95,10.15,9.88,10.15,0.21,56.0
2020-06-16,6148,55000.0,555750.0,10.15,10.2,10.05,10.1,-0.05,28.0
2020-06-17,6148,106115.0,1082978.0,10.05,10.25,10.05,10.25,0.15,62.0
2020-06-18,6148,312987.0,3262115.0,10.5,10.85,10.2,10.25,0.0,105.0
2020-06-19,6148,86039.0,885701.0,10.25,10.5,10.1,10.35,0.1,47.0
2020-06-22,6148,14010.0,143501.0,10.25,10.3,10.15,10.2,-0.15,12.0
2020-06-23,6148,76000.0,765550.0,10.15,10.15,10.0,10.1,-0.1,36.0
2020-06-24,6148,54001.0,545510.0,10.1,10.2,10.0,10.1,0.0,28.0
2020-06-29,6148,123358.0,1226443.0,10.0,10.2,9.85,10.2,0.1,55.0
2020-06-30,6148,45500.0,458249.0,10.05,10.2,10.0,10.2,0.0,34.0
2020-07-01,6148,84924.0,855182.0,10.1,10.2,10.0,10.2,0.0,38.0
2020-07-02,6148,87032.0,871120.0,10.05,10.1,10.0,10.05,-0.15,43.0
2020-07-03,6148,64659.0,650655.0,10.05,10.2,10.0,10.2,0.15,34.0
2020-07-06,6148,37281.0,378332.0,10.2,10.2,10.1,10.15,-0.05,27.0
2020-07-07,6148,6533.0,66133.0,10.2,10.2,10.1,10.15,0.0,6.0
2020-07-08,6148,62015.0,623250.0,10.15,10.15,10.0,10.05,-0.1,20.0
2020-07-09,6148,121519.0,1247593.0,10.45,10.45,10.15,10.4,0.35,59.0
2020-07-10,6148,233351.0,2450445.0,10.7,10.7,10.2,10.2,-0.2,81.0
2020-07-13,6148,73391.0,753275.0,10.3,10.3,10.15,10.3,0.1,23.0
2020-07-14,6148,21936.0,224998.0,10.3,10.3,10.15,10.25,-0.05,14.0
2020-07-15,6148,68061.0,694065.0,10.2,10.25,10.15,10.15,-0.1,26.0
2020-07-16,6148,31000.0,316100.0,10.15,10.25,10.1,10.25,0.1,16.0
2020-07-17,6148,38117.0,389293.0,10.25,10.3,10.15,10.3,0.05,13.0
2020-07-20,6148,9535.0,97202.0,10.2,10.25,10.15,10.2,-0.1,11.0
2020-07-21,6148,8289.0,84797.0,10.15,10.25,10.15,10.25,0.05,8.0
2020-07-22,6148,11001.0,112010.0,10.2,10.25,10.15,10.25,0.0,7.0
2020-07-23,6148,34499.0,358637.0,10.6,10.6,10.25,10.4,0.15,26.0
2020-07-24,6148,81499.0,843889.0,10.4,10.5,10.25,10.45,0.05,21.0
2020-07-27,6148,428002.0,4524720.0,10.55,10.9,10.25,10.3,-0.15,169.0
2020-07-28,6148,354218.0,3692617.0,10.45,10.5,10.2,10.35,0.05,45.0
2020-07-29,6148,126265.0,1259914.0,9.89,10.0,9.89,9.97,0.0,54.0
2020-07-30,6148,34262.0,343115.0,10.0,10.15,9.96,10.15,0.18,24.0
2020-07-31,6148,142590.0,1486744.0,10.2,10.55,10.2,10.5,0.35,69.0
2020-08-03,6148,738670.0,8306820.0,10.5,11.55,10.5,10.85,0.35,296.0
2020-08-04,6148,209394.0,2226115.0,10.7,10.75,10.5,10.75,-0.1,97.0
2020-08-05,6148,33147.0,353122.0,10.65,10.75,10.6,10.7,-0.05,16.0
2020-08-06,6148,44006.0,465115.0,10.6,10.75,10.45,10.75,0.05,26.0
2020-08-07,6148,201699.0,2204898.0,10.85,11.1,10.8,10.9,0.15,59.0
2020-08-10,6148,251501.0,2820761.0,11.15,11.35,11.15,11.2,0.3,99.0
2020-08-11,6148,170289.0,1833140.0,11.0,11.0,10.65,10.75,-0.45,67.0
2020-08-12,6148,49126.0,530148.0,11.0,11.0,10.65,10.75,0.0,27.0
2020-08-13,6148,212533.0,2335907.0,10.8,11.1,10.8,11.0,0.25,87.0
2020-08-14,6148,217533.0,2341608.0,11.2,11.2,10.6,10.9,-0.1,80.0
2020-08-17,6148,140070.0,1513911.0,11.0,11.0,10.65,10.95,0.05,70.0
2020-08-18,6148,113164.0,1205988.0,10.8,10.8,10.4,10.65,-0.3,50.0
2020-08-19,6148,20402.0,217679.0,10.75,10.75,10.65,10.65,0.0,16.0
2020-08-20,6148,224601.0,2288190.0,10.5,10.5,10.0,10.05,-0.6,67.0
2020-08-21,6148,108000.0,1103500.0,10.5,10.5,10.1,10.3,0.25,32.0
2020-08-24,6148,58005.0,610200.0,10.55,10.7,10.3,10.55,0.25,34.0
2020-08-25,6148,53000.0,561150.0,10.8,10.8,10.5,10.6,0.05,28.0
2020-08-26,6148,38310.0,407605.0,10.7,10.7,10.6,10.6,0.0,15.0
2020-08-27,6148,80341.0,851029.0,10.65,10.65,10.55,10.65,0.05,36.0
2020-08-28,6148,79714.0,854938.0,10.75,10.8,10.65,10.75,0.1,40.0
2020-08-31,6148,52094.0,562005.0,10.7,10.85,10.7,10.8,0.05,26.0
2020-09-01,6148,345678.0,3875160.0,10.9,11.65,10.9,11.35,0.55,136.0
2020-09-02,6148,504958.0,5840261.0,11.4,11.85,11.35,11.7,0.35,187.0
2020-09-03,6148,304332.0,3563399.0,11.85,11.95,11.55,11.7,0.0,84.0
2020-09-04,6148,145300.0,1674009.0,11.35,11.75,11.25,11.75,0.05,85.0
2020-09-07,6148,170434.0,2026949.0,11.95,12.05,11.7,11.75,0.0,62.0
2020-09-08,6148,78011.0,905126.0,11.65,11.75,11.5,11.6,-0.15,49.0
2020-09-09,6148,44246.0,513377.0,11.45,11.8,11.45,11.8,0.2,23.0
2020-09-10,6148,2594610.0,32763379.0,12.4,12.95,12.2,12.2,0.4,676.0
2020-09-11,6148,2518349.0,32928435.0,12.1,13.4,12.1,13.4,1.2,853.0
2020-09-14,6148,4376862.0,62412551.0,14.15,14.7,13.35,14.7,1.3,1406.0
2020-09-15,6148,8332621.0,130399907.0,15.8,16.15,14.8,16.15,1.45,2872.0
2020-09-16,6148,7381541.0,119424129.0,15.9,17.75,15.0,17.75,1.6,3121.0
2020-09-17,6148,7283599.0,126628052.0,17.0,18.35,16.85,16.9,-0.85,3696.0
2020-09-18,6148,1917136.0,31355576.0,16.9,16.9,16.0,16.4,-0.5,961.0
2020-09-21,6148,3384372.0,59240893.0,16.5,18.0,16.3,17.95,1.55,1740.0
2020-09-22,6148,1847463.0,31352562.0,16.3,17.4,16.3,17.3,-0.65,982.0
2020-09-23,6148,842131.0,14391727.0,17.4,17.4,16.6,17.1,-0.2,497.0
2020-09-24,6148,862777.0,14468706.0,17.1,17.1,16.4,16.6,-0.5,466.0
2020-09-25,6148,1310006.0,20243990.0,15.2,16.6,14.95,14.95,-1.65,640.0
2020-09-28,6148,760842.0,11014621.0,14.95,14.95,14.1,14.5,-0.45,404.0
2020-09-29,6148,966159.0,14156987.0,14.9,15.0,14.2,14.8,0.3,491.0
2020-09-30,6148,564281.0,8497934.0,14.7,15.3,14.7,14.95,0.15,310.0
2020-10-05,6148,540957.0,8104767.0,15.05,15.25,14.8,14.8,-0.15,316.0
2020-10-06,6148,1486552.0,22370762.0,14.8,15.5,14.65,14.7,-0.1,722.0
2020-10-07,6148,1496027.0,20968258.0,14.9,14.9,13.35,13.4,-1.3,826.0
2020-10-08,6148,1489148.0,20255742.0,13.4,14.15,13.2,13.9,0.5,695.0
2020-10-12,6148,874182.0,12184300.0,14.0,14.3,13.55,13.75,-0.15,451.0
2020-10-13,6148,654461.0,9882359.0,15.1,15.1,15.1,15.1,1.35,228.0
2020-10-14,6148,2510561.0,41639361.0,16.6,16.6,16.15,16.6,1.5,794.0
2020-10-15,6148,6615323.0,116185905.0,17.0,18.2,16.45,17.8,1.2,3103.0
2020-10-16,6148,4140283.0,73630908.0,17.45,18.75,16.65,16.75,-1.05,2020.0
2020-10-19,6148,1301023.0,22233286.0,17.1,17.65,16.85,16.85,0.1,660.0
2020-10-20,6148,11099918.0,202979539.0,17.2,18.5,16.9,18.45,1.6,3439.0
2020-10-21,6148,15319123.0,290645001.0,18.6,20.2,17.8,20.2,1.75,6102.0
2020-10-22,6148,11688756.0,235722490.0,20.0,21.0,19.2,20.6,0.4,5214.0
2020-10-23,6148,4201914.0,85763982.0,20.8,20.8,20.0,20.0,-0.6,1800.0
2020-10-26,6148,2994792.0,57667669.0,20.0,20.15,18.55,18.65,-1.35,1404.0
2020-10-27,6148,4813125.0,92991827.0,18.65,19.8,18.55,19.35,0.7,2435.0
2020-10-28,6148,10526828.0,215341152.0,19.1,21.25,19.1,21.25,1.9,4198.0
2020-10-29,6148,10234588.0,203789129.0,20.2,20.65,19.15,19.15,-2.1,4443.0
2020-10-30,6148,10101270.0,197953040.0,18.7,20.6,18.15,20.1,0.95,4423.0
2020-11-02,6148,3516694.0,69232113.0,19.7,20.35,19.1,19.25,-0.85,1793.0
2020-11-03,6148,16140527.0,327238015.0,20.4,21.15,18.4,19.8,0.55,6203.0
2020-11-04,6148,6327652.0,122075889.0,20.9,20.9,18.55,18.55,-1.25,2652.0
2020-11-05,6148,3693323.0,69048928.0,18.7,19.15,18.35,18.5,-0.05,1673.0
2020-11-06,6148,5451594.0,95290497.0,18.6,18.7,16.75,16.75,-1.75,2698.0
2020-11-09,6148,2419870.0,41365009.0,16.8,17.55,16.8,17.2,0.45,1266.0
2020-11-10,6148,1765779.0,30199107.0,17.2,17.35,16.8,16.85,-0.35,760.0
2020-11-11,6148,2895830.0,44992314.0,15.3,16.05,15.25,15.25,-1.6,1442.0
2020-11-12,6148,1103231.0,17085475.0,15.5,15.8,15.2,15.25,0.0,612.0
2020-11-13,6148,594142.0,9081147.0,15.25,15.5,15.1,15.45,0.2,359.0
2020-11-16,6148,708133.0,11057703.0,15.6,15.8,15.45,15.5,0.05,363.0
2020-11-17,6148,728104.0,11018624.0,15.6,15.6,14.8,15.0,-0.5,427.0
2020-11-18,6148,578070.0,8727653.0,15.0,15.25,14.85,15.15,0.15,331.0
2020-11-19,6148,4174339.0,68123392.0,15.2,16.65,15.2,16.65,1.5,1491.0
2020-11-20,6148,2993756.0,50199505.0,16.6,17.3,16.3,16.7,0.05,1411.0
2020-11-23,6148,718203.0,11764986.0,16.65,16.65,16.25,16.25,-0.45,393.0
2020-11-24,6148,408011.0,6664877.0,16.5,16.7,16.2,16.2,-0.05,243.0
2020-11-25,6148,478248.0,7715279.0,16.4,16.55,15.95,16.0,-0.2,295.0
2020-11-26,6148,387518.0,6196841.0,16.3,16.3,15.8,15.85,-0.15,249.0
2020-11-27,6148,564502.0,9071429.0,15.95,16.25,15.9,16.1,0.25,278.0
2020-11-30,6148,821714.0,13318232.0,16.1,16.5,15.95,15.95,-0.15,405.0
2020-12-01,6148,389455.0,6285698.0,16.0,16.35,15.95,16.15,0.2,221.0
2020-12-02,6148,390375.0,6296643.0,16.5,16.5,15.95,15.95,-0.2,211.0
2020-12-03,6148,422177.0,6736457.0,16.1,16.2,15.7,15.7,-0.25,275.0
2020-12-04,6148,669355.0,10355706.0,15.85,15.85,15.2,15.3,-0.4,354.0
2020-12-07,6148,324264.0,4938499.0,15.4,15.6,15.05,15.15,-0.15,190.0
2020-12-08,6148,2489196.0,40696448.0,15.35,16.65,15.3,16.65,1.5,1191.0
2020-12-09,6148,1849627.0,30527490.0,16.6,17.15,16.15,16.3,-0.35,898.0
2020-12-10,6148,656502.0,10624516.0,16.25,16.75,15.6,16.0,-0.3,387.0
2020-12-11,6148,474315.0,7565689.0,16.25,16.5,15.6,15.75,-0.25,261.0
2020-12-14,6148,629351.0,9897607.0,16.0,16.0,15.55,15.75,0.0,250.0
2020-12-15,6148,524572.0,8199549.0,15.95,16.0,15.25,15.35,-0.4,254.0
2020-12-16,6148,267526.0,4128771.0,15.4,15.6,15.35,15.35,0.0,155.0
2020-12-17,6148,293400.0,4528402.0,15.55,15.7,15.25,15.35,0.0,161.0
2020-12-18,6148,404637.0,6154886.0,15.45,15.5,15.05,15.15,-0.2,223.0
2020-12-21,6148,368006.0,5534630.0,15.05,15.2,14.8,15.15,0.0,206.0
2020-12-22,6148,1006638.0,15232313.0,15.25,15.65,14.85,14.85,-0.3,420.0
2020-12-23,6148,280334.0,4214126.0,14.9,15.15,14.85,15.1,0.25,159.0
2020-12-24,6148,210223.0,3205628.0,15.25,15.45,15.1,15.2,0.1,132.0
2020-12-25,6148,301544.0,4604804.0,15.45,15.5,15.1,15.1,-0.1,180.0
2020-12-28,6148,731493.0,11270545.0,15.1,15.75,15.1,15.5,0.4,357.0
2020-12-29,6148,644686.0,10111801.0,15.8,15.9,15.5,15.75,0.25,299.0
2020-12-30,6148,444167.0,6996530.0,15.95,15.95,15.6,15.75,0.0,209.0
2020-12-31,6148,350722.0,5447018.0,15.75,15.75,15.25,15.55,-0.2,166.0
2021-01-04,6148,220131.0,3412025.0,15.55,15.65,15.4,15.55,0.0,115.0
2021-01-05,6148,344106.0,5296445.0,15.55,15.65,15.2,15.2,-0.35,171.0
2021-01-06,6148,570004.0,8665814.0,15.35,15.45,14.9,15.15,-0.05,277.0
2021-01-07,6148,290893.0,4420495.0,15.25,15.3,15.05,15.1,-0.05,132.0
2021-01-08,6148,302683.0,4585748.0,15.15,15.35,15.05,15.1,0.0,125.0
2021-01-11,6148,186255.0,2819625.0,15.25,15.3,15.05,15.05,-0.05,109.0
2021-01-12,6148,845669.0,12273204.0,15.1,15.1,14.15,14.2,-0.85,388.0
2021-01-13,6148,316576.0,4526101.0,14.2,14.45,14.2,14.2,0.0,144.0
2021-01-14,6148,346036.0,4899004.0,14.5,14.5,14.05,14.05,-0.15,149.0
2021-01-15,6148,447340.0,6227608.0,14.1,14.2,13.5,13.75,-0.3,169.0
2021-01-18,6148,428391.0,5857608.0,13.75,14.1,13.4,14.1,0.35,217.0
2021-01-19,6148,175404.0,2485755.0,14.15,14.5,14.05,14.1,0.0,111.0
2021-01-20,6148,414003.0,5721791.0,14.15,14.2,13.45,13.5,-0.6,151.0
2021-01-21,6148,313010.0,4231131.0,13.55,13.75,13.2,13.4,-0.1,125.0
2021-01-22,6148,569038.0,7482367.0,13.2,13.45,13.0,13.4,0.0,217.0
2021-01-25,6148,356597.0,4961997.0,13.45,14.4,13.2,14.2,0.8,206.0
2021-01-26,6148,169004.0,2391753.0,14.4,14.45,13.85,14.0,-0.2,101.0
2021-01-27,6148,100013.0,1410936.0,14.2,14.25,14.0,14.1,0.1,76.0
2021-01-28,6148,154786.0,2130065.0,13.95,14.05,13.55,13.95,-0.15,91.0
2021-01-29,6148,104560.0,1432340.0,13.9,14.0,13.5,13.5,-0.45,65.0
2021-02-01,6148,134017.0,1774178.0,13.5,13.5,13.1,13.1,-0.4,73.0
2021-02-02,6148,128095.0,1720076.0,13.3,13.6,13.3,13.5,0.4,86.0
2021-02-03,6148,48064.0,651321.0,13.85,13.85,13.35,13.5,0.0,48.0
2021-02-04,6148,41024.0,554279.0,13.5,13.6,13.4,13.6,0.1,39.0
2021-02-05,6148,106014.0,1423592.0,13.55,13.55,13.35,13.4,-0.2,58.0
2021-02-17,6148,336398.0,4733427.0,13.65,14.4,13.65,14.05,0.65,181.0
2021-02-18,6148,401017.0,5839145.0,14.7,14.8,14.35,14.55,0.5,218.0
2021-02-19,6148,691451.0,10421554.0,14.6,15.45,14.55,15.1,0.55,381.0
2021-02-22,6148,314086.0,4738314.0,15.2,15.45,14.9,15.2,0.1,169.0
2021-02-23,6148,485593.0,7532687.0,15.25,15.75,15.15,15.6,0.4,256.0
2021-02-24,6148,643934.0,10216583.0,15.8,16.25,15.65,15.7,0.1,307.0
2021-02-25,6148,330075.0,5158312.0,15.7,15.85,15.5,15.55,-0.15,155.0
2021-02-26,6148,85134.0,1311444.0,15.55,15.55,15.15,15.5,-0.05,76.0
2021-03-02,6148,310080.0,4800615.0,15.55,15.75,15.3,15.6,0.1,219.0
2021-03-03,6148,212090.0,3308187.0,15.6,15.85,15.5,15.6,0.0,132.0
2021-03-04,6148,199027.0,3042371.0,15.55,15.6,15.15,15.15,-0.45,135.0
2021-03-05,6148,227043.0,3414475.0,15.0,15.15,14.9,15.15,0.0,145.0
2021-03-08,6148,295048.0,4423717.0,15.2,15.2,14.85,14.85,-0.3,152.0
2021-03-09,6148,110079.0,1652027.0,15.0,15.1,14.95,15.05,0.2,70.0
2021-03-10,6148,164040.0,2452824.0,14.95,15.05,14.75,14.85,-0.2,128.0
2021-03-11,6148,117063.0,1745737.0,14.85,15.05,14.8,14.95,0.1,94.0
2021-03-12,6148,197049.0,2975903.0,15.2,15.2,15.0,15.1,0.15,115.0
2021-03-15,6148,121079.0,1842586.0,15.15,15.3,15.15,15.2,0.1,132.0
2021-03-16,6148,351612.0,5460536.0,15.3,15.75,15.3,15.45,0.25,215.0
2021-03-17,6148,2322928.0,38922817.0,15.75,16.95,15.7,16.95,1.5,736.0
2021-03-18,6148,5250170.0,93224117.0,17.65,18.35,17.2,17.45,0.5,2233.0
2021-03-19,6148,1140293.0,19243849.0,17.15,17.2,16.65,16.8,-0.65,595.0
2021-03-22,6148,1194960.0,20679942.0,17.0,17.8,16.65,17.4,0.6,614.0
2021-03-23,6148,615081.0,10600786.0,17.45,17.85,16.9,17.05,-0.35,371.0
2021-03-24,6148,483031.0,8249477.0,17.2,17.3,16.9,17.05,0.0,239.0
2021-03-25,6148,459129.0,7775542.0,17.2,17.2,16.75,16.9,-0.15,215.0
2021-03-26,6148,450432.0,7588665.0,16.9,17.05,16.65,16.9,0.0,247.0
2021-03-29,6148,478463.0,8126623.0,17.05,17.2,16.8,16.9,0.0,211.0
2021-03-30,6148,499039.0,8514855.0,17.15,17.25,16.85,17.15,0.25,252.0
2021-03-31,6148,802631.0,13954867.0,17.3,17.6,17.2,17.4,0.25,416.0
2021-04-01,6148,1058704.0,18716549.0,17.8,17.9,17.5,17.65,0.25,554.0
2021-04-06,6148,933936.0,15818987.0,16.8,17.2,16.55,17.05,0.0,689.0
2021-04-07,6148,545276.0,9223184.0,17.15,17.2,16.8,16.85,-0.2,342.0
2021-04-08,6148,502794.0,8555009.0,17.0,17.1,16.9,16.95,0.1,242.0
2021-04-09,6148,3471432.0,63605044.0,17.05,18.6,17.05,18.6,1.65,1342.0
2021-04-12,6148,5146432.0,97522712.0,19.6,19.9,18.3,18.5,-0.1,2483.0
2021-04-13,6148,1581037.0,28246380.0,18.7,18.7,17.2,17.25,-1.25,889.0
2021-04-14,6148,906462.0,15409455.0,17.45,17.6,16.3,16.9,-0.35,500.0
2021-04-15,6148,490575.0,8439041.0,16.8,17.5,16.8,17.4,0.5,315.0
2021-04-16,6148,960283.0,17219023.0,17.5,18.3,17.5,17.95,0.55,492.0
2021-04-19,6148,642744.0,11435193.0,18.05,18.15,17.55,17.85,-0.1,361.0
2021-04-20,6148,342095.0,6073845.0,17.85,17.9,17.65,17.7,-0.15,231.0
2021-04-21,6148,350848.0,6238048.0,17.9,17.95,17.7,17.75,0.05,270.0
2021-04-22,6148,708566.0,12560356.0,17.85,18.1,17.25,17.45,-0.3,377.0
2021-04-23,6148,546877.0,9372684.0,17.45,17.45,16.9,17.05,-0.4,338.0
2021-04-26,6148,199797.0,3434885.0,17.15,17.3,17.1,17.15,0.1,200.0
2021-04-27,6148,352142.0,6018016.0,17.3,17.4,16.9,17.15,0.0,284.0
2021-04-28,6148,213367.0,3648838.0,17.25,17.25,17.05,17.05,-0.1,155.0
2021-04-29,6148,324429.0,5494629.0,17.05,17.1,16.8,16.85,-0.2,153.0
2021-05-03,6148,502226.0,8264131.0,16.65,16.85,16.25,16.3,-0.55,217.0
2021-05-04,6148,485983.0,7533177.0,16.3,16.3,14.8,15.1,-1.2,263.0
2021-05-05,6148,191223.0,2952494.0,15.1,15.65,15.05,15.4,0.3,119.0
2021-05-06,6148,165544.0,2578426.0,15.5,15.75,15.15,15.5,0.1,108.0
2021-05-07,6148,124011.0,1954504.0,15.35,15.95,15.35,15.9,0.4,76.0
2021-05-10,6148,235702.0,3640344.0,15.65,15.7,15.25,15.3,-0.6,170.0
2021-05-11,6148,489734.0,7174993.0,14.85,15.0,14.2,14.5,-0.8,242.0
2021-05-12,6148,488542.0,6569105.0,14.25,14.25,13.05,13.2,-1.3,230.0
2021-05-13,6148,195000.0,2565650.0,12.8,13.75,12.4,13.55,0.35,102.0
2021-05-14,6148,89009.0,1208275.0,13.65,14.05,13.35,13.35,-0.2,55.0
2021-05-17,6148,280699.0,3445083.0,12.1,12.95,12.05,12.1,-1.25,168.0
2021-05-18,6148,202247.0,2576244.0,12.1,13.25,12.1,13.1,1.0,118.0
2021-05-19,6148,181610.0,2400581.0,13.4,13.5,13.1,13.1,0.0,96.0
2021-05-20,6148,62447.0,823934.0,13.1,13.3,13.1,13.1,0.0,47.0
2021-05-21,6148,56901.0,751692.0,13.35,13.45,13.15,13.2,0.1,39.0
2021-05-24,6148,36004.0,471902.0,12.8,13.2,12.8,13.2,0.0,21.0
2021-05-25,6148,340208.0,4761753.0,13.2,14.3,13.15,14.2,1.0,217.0
2021-05-26,6148,124744.0,1757430.0,14.3,14.45,13.95,14.0,-0.2,85.0
2021-05-27,6148,90000.0,1231150.0,13.9,13.9,13.5,13.8,-0.2,56.0
2021-05-28,6148,82203.0,1145396.0,13.9,14.0,13.9,13.9,0.1,56.0
2021-05-31,6148,62570.0,869760.0,13.95,14.0,13.8,13.95,0.05,49.0
2021-06-01,6148,73520.0,1027059.0,14.0,14.1,13.9,14.0,0.05,67.0
2021-06-02,6148,123370.0,1713529.0,14.0,14.1,13.7,13.8,-0.2,67.0
2021-06-03,6148,63301.0,873078.0,13.75,13.9,13.7,13.8,0.0,37.0
2021-06-04,6148,95016.0,1306065.0,13.85,13.9,13.6,13.6,-0.2,54.0
2021-06-07,6148,159183.0,2114147.0,13.6,13.6,13.1,13.2,-0.4,93.0
2021-06-08,6148,57017.0,754773.0,13.2,13.3,13.2,13.25,0.05,40.0
2021-06-09,6148,28428.0,375185.0,13.25,13.25,13.15,13.15,-0.1,22.0
2021-06-10,6148,113323.0,1480838.0,13.15,13.25,13.0,13.0,-0.15,74.0
2021-06-11,6148,94355.0,1224473.0,13.0,13.05,12.9,13.05,0.05,47.0
2021-06-15,6148,76080.0,985097.0,12.9,13.05,12.85,13.0,-0.05,44.0
2021-06-16,6148,47081.0,610954.0,13.0,13.0,12.9,12.9,-0.1,36.0
2021-06-17,6148,108117.0,1431322.0,13.0,13.45,13.0,13.45,0.55,77.0
2021-06-18,6148,241012.0,3311417.0,13.7,14.15,13.5,13.55,0.1,130.0
2021-06-21,6148,54044.0,715628.0,13.5,13.5,13.15,13.3,-0.25,41.0
2021-06-22,6148,96560.0,1273734.0,13.4,13.4,13.1,13.15,-0.15,41.0
2021-06-23,6148,39421.0,519022.0,13.3,13.3,13.05,13.25,0.1,34.0
2021-06-24,6148,33100.0,439889.0,13.3,13.5,13.25,13.4,0.15,21.0
2021-06-25,6148,36264.0,487848.0,13.45,13.75,13.25,13.35,-0.05,31.0
2021-06-28,6148,33060.0,444103.0,13.6,13.6,13.35,13.4,0.05,36.0
2021-06-29,6148,49005.0,650415.0,13.4,13.4,13.15,13.2,-0.2,33.0
2021-06-30,6148,138593.0,1910274.0,13.95,13.95,13.55,13.65,0.45,87.0
2021-07-01,6148,93199.0,1241274.0,13.6,13.6,13.2,13.3,-0.35,65.0
2021-07-02,6148,61067.0,814093.0,13.15,13.5,13.15,13.25,-0.05,36.0
2021-07-05,6148,52004.0,691452.0,13.55,13.55,13.25,13.35,0.1,43.0
2021-07-06,6148,27005.0,358664.0,13.5,13.5,13.2,13.2,-0.15,25.0
2021-07-07,6148,58061.0,765554.0,13.3,13.3,13.1,13.15,-0.05,44.0
2021-07-08,6148,104195.0,1359796.0,13.3,13.3,12.95,12.95,-0.2,72.0
2021-07-09,6148,52505.0,681206.0,13.0,13.1,12.9,12.9,-0.05,47.0
2021-07-12,6148,190501.0,2419687.0,12.9,12.95,12.5,12.9,0.0,106.0
2021-07-13,6148,69118.0,881935.0,12.95,12.95,12.6,12.6,-0.3,52.0
2021-07-14,6148,98014.0,1215873.0,12.6,12.6,12.35,12.35,-0.25,67.0
2021-07-15,6148,66028.0,815689.0,12.45,12.45,12.3,12.45,0.1,47.0
2021-07-16,6148,68000.0,842300.0,12.3,12.5,12.3,12.45,0.0,44.0
2021-07-19,6148,74437.0,923325.0,12.45,12.45,12.4,12.4,-0.05,32.0
2021-07-20,6148,82482.0,1023543.0,12.45,12.45,12.3,12.45,0.05,52.0
2021-07-21,6148,1172699.0,15951515.0,12.8,13.65,12.8,13.65,1.2,450.0
2021-07-22,6148,1299828.0,17868633.0,14.0,14.2,13.15,13.7,0.05,659.0
2021-07-23,6148,349546.0,4789468.0,13.9,13.95,13.35,13.5,-0.2,194.0
2021-07-26,6148,159145.0,2177891.0,13.7,13.75,13.6,13.65,0.15,94.0
2021-07-27,6148,198713.0,2719568.0,13.65,13.85,13.6,13.65,0.0,85.0
2021-07-28,6148,3045328.0,45058220.0,14.0,15.0,14.0,14.9,1.25,1198.0
2021-07-29,6148,1579402.0,22135335.0,14.7,14.7,13.55,13.6,-1.3,875.0
2021-07-30,6148,429521.0,5742459.0,13.6,13.7,13.05,13.4,-0.2,239.0
2021-08-02,6148,116027.0,1543347.0,13.25,13.4,13.25,13.3,-0.1,83.0
2021-08-03,6148,87582.0,1170883.0,13.5,13.6,13.3,13.35,0.05,66.0
2021-08-04,6148,108003.0,1435789.0,13.35,13.45,13.25,13.45,0.1,71.0
2021-08-05,6148,91891.0,1217737.0,13.4,13.5,13.2,13.2,-0.25,74.0
2021-08-06,6148,1045699.0,15109484.0,13.5,14.5,13.5,14.5,1.3,267.0
2021-08-09,6148,2283113.0,33125940.0,14.7,15.2,13.5,13.7,-0.8,1119.0
2021-08-10,6148,310361.0,4226798.0,13.7,13.95,13.45,13.45,-0.25,137.0
2021-08-11,6148,113244.0,1510997.0,13.4,13.6,13.25,13.35,-0.1,74.0
2021-08-12,6148,42022.0,562093.0,13.35,13.55,13.3,13.55,0.2,28.0
2021-08-13,6148,179250.0,2378483.0,13.7,13.7,13.1,13.1,-0.45,84.0
2021-08-16,6148,128011.0,1667498.0,13.1,13.2,12.9,13.1,0.0,60.0
2021-08-17,6148,109000.0,1413100.0,13.1,13.1,12.9,13.0,-0.1,49.0
2021-08-18,6148,60505.0,785365.0,12.8,13.1,12.65,13.1,0.1,42.0
2021-08-19,6148,112247.0,1446396.0,12.9,13.1,12.8,12.85,-0.25,64.0
2021-08-20,6148,162446.0,2113109.0,12.8,13.25,12.75,13.0,0.15,68.0
2021-08-23,6148,972503.0,13485840.0,13.5,14.3,13.25,13.25,0.25,415.0
2021-08-24,6148,119182.0,1562117.0,13.2,13.2,13.0,13.05,-0.2,68.0
2021-08-25,6148,55019.0,724049.0,13.0,13.45,13.0,13.2,0.15,36.0
2021-08-26,6148,57230.0,748732.0,13.3,13.3,12.95,13.15,-0.05,37.0
2021-08-27,6148,51000.0,669100.0,13.15,13.25,13.05,13.15,0.0,29.0
2021-08-30,6148,31007.0,410041.0,13.15,13.3,13.15,13.25,0.1,24.0
2021-08-31,6148,46450.0,616188.0,13.1,13.4,13.1,13.3,0.05,30.0
2021-09-01,6148,133008.0,1810506.0,13.35,13.8,13.35,13.65,0.35,82.0
2021-09-02,6148,148288.0,2026204.0,13.7,13.8,13.55,13.55,-0.1,61.0
2021-09-03,6148,61024.0,832735.0,13.85,13.85,13.6,13.6,0.05,25.0
2021-09-06,6148,65004.0,879902.0,13.8,13.8,13.5,13.55,-0.05,37.0
2021-09-07,6148,62007.0,830094.0,13.9,13.9,13.3,13.4,-0.15,34.0
2021-09-08,6148,96003.0,1294739.0,14.0,14.0,13.25,13.5,0.1,45.0
2021-09-09,6148,38401.0,518832.0,13.65,13.65,13.35,13.35,-0.15,20.0
2021-09-10,6148,19004.0,255853.0,13.7,13.7,13.45,13.45,0.1,13.0
2021-09-13,6148,75618.0,1034328.0,13.7,13.75,13.5,13.7,0.25,51.0
2021-09-14,6148,52625.0,715199.0,13.9,13.9,13.45,13.45,-0.25,43.0
2021-09-15,6148,24005.0,323567.0,13.65,13.65,13.4,13.5,0.05,19.0
2021-09-16,6148,25305.0,340922.0,13.45,13.5,13.35,13.5,0.0,26.0
2021-09-17,6148,64051.0,876193.0,13.5,13.9,13.5,13.65,0.15,45.0
2021-09-22,6148,11032.0,149269.0,13.65,13.65,13.45,13.45,-0.2,13.0
2021-09-23,6148,32095.0,437478.0,13.55,13.8,13.55,13.6,0.15,27.0
2021-09-24,6148,47207.0,643804.0,13.6,13.7,13.5,13.65,0.05,32.0
2021-09-27,6148,40001.0,547063.0,13.7,13.7,13.65,13.65,0.0,19.0
2021-09-28,6148,17001.0,231763.0,13.7,13.7,13.6,13.6,-0.05,15.0
2021-09-29,6148,13002.0,176226.0,13.7,13.7,13.4,13.55,-0.05,13.0
2021-09-30,6148,38001.0,515063.0,13.5,13.7,13.45,13.7,0.15,20.0
2021-10-01,6148,79733.0,1077472.0,13.5,13.7,13.4,13.5,-0.2,58.0
2021-10-04,6148,72013.0,968372.0,13.7,13.7,13.3,13.3,-0.2,46.0
2021-10-05,6148,41137.0,550651.0,13.5,13.55,13.2,13.55,0.25,30.0
2021-10-06,6148,43002.0,582376.0,13.6,13.7,13.45,13.6,0.05,17.0
2021-10-07,6148,50071.0,686665.0,13.7,13.8,13.65,13.7,0.1,33.0
2021-10-08,6148,29401.0,402462.0,13.6,13.8,13.6,13.65,-0.05,22.0
2021-10-12,6148,81007.0,1083743.0,13.75,13.75,13.3,13.4,-0.25,36.0
2021-10-13,6148,41006.0,551178.0,13.4,13.5,13.35,13.35,-0.05,25.0
2021-10-14,6148,49002.0,658977.0,13.4,13.6,13.3,13.55,0.2,23.0
2021-10-15,6148,91002.0,1211426.0,13.55,13.55,13.25,13.45,-0.1,42.0
2021-10-18,6148,6828.0,91711.0,13.45,13.45,13.45,13.45,0.0,9.0
2021-10-19,6148,18122.0,242377.0,13.5,13.5,13.35,13.4,-0.05,16.0
2021-10-20,6148,1516638.0,21932463.0,13.4,14.7,13.4,14.05,0.65,578.0
2021-10-21,6148,1480161.0,21626614.0,14.4,15.25,14.0,14.15,0.1,623.0
2021-10-22,6148,261117.0,3642055.0,14.2,14.35,13.7,14.15,0.0,149.0
2021-10-25,6148,241038.0,3319831.0,14.05,14.2,13.5,13.75,-0.4,129.0
2021-10-26,6148,272000.0,3792950.0,13.95,14.2,13.7,14.0,0.25,142.0
2021-10-27,6148,158502.0,2223430.0,14.2,14.2,13.9,14.05,0.05,84.0
2021-10-28,6148,211910.0,2999800.0,14.2,14.4,14.0,14.1,0.05,85.0
2021-10-29,6148,71002.0,1006828.0,14.25,14.25,14.1,14.15,0.05,39.0
2021-11-01,6148,243015.0,3381810.0,14.35,14.35,13.75,13.95,-0.2,158.0
2021-11-02,6148,143054.0,1986203.0,14.1,14.1,13.8,13.8,-0.15,72.0
2021-11-03,6148,212005.0,2931020.0,14.0,14.1,13.7,14.05,0.25,69.0
2021-11-04,6148,92007.0,1291397.0,14.1,14.15,13.95,14.05,0.0,53.0
2021-11-05,6148,267159.0,3770037.0,14.15,14.3,13.9,13.95,-0.1,115.0
2021-11-08,6148,301156.0,4175154.0,13.95,14.15,13.8,13.8,-0.15,84.0
2021-11-09,6148,33126.0,459301.0,13.9,13.95,13.8,13.9,0.1,30.0
2021-11-10,6148,68642.0,958401.0,14.1,14.1,13.9,13.95,0.05,39.0
2021-11-11,6148,42120.0,587735.0,14.0,14.0,13.9,13.95,0.0,25.0
2021-11-12,6148,90042.0,1253334.0,13.95,14.0,13.85,13.85,-0.1,38.0
2021-11-15,6148,90004.0,1252156.0,13.85,13.95,13.85,13.95,0.1,47.0
2021-11-16,6148,153002.0,2135777.0,13.95,14.05,13.85,13.95,0.0,69.0
2021-11-17,6148,144000.0,2010550.0,14.0,14.05,13.9,13.9,-0.05,72.0
2021-11-18,6148,109004.0,1509504.0,13.95,13.95,13.8,13.85,-0.05,50.0
2021-11-19,6148,49000.0,678800.0,13.85,14.0,13.8,13.8,-0.05,28.0
2021-11-22,6148,52049.0,723679.0,13.95,13.95,13.85,13.95,0.15,32.0
2021-11-23,6148,60035.0,837037.0,13.9,14.0,13.85,13.95,0.0,38.0
2021-11-24,6148,77562.0,1087868.0,13.95,14.15,13.95,14.1,0.15,43.0
2021-11-25,6148,123059.0,1724073.0,14.0,14.1,14.0,14.0,-0.1,68.0
2021-11-26,6148,155639.0,2158720.0,13.95,13.95,13.8,13.8,-0.2,70.0
2021-11-29,6148,36021.0,495180.0,13.95,13.95,13.6,13.8,0.0,35.0
2021-11-30,6148,200636.0,2809326.0,13.9,14.2,13.9,13.9,0.1,83.0
2021-12-01,6148,40237.0,562765.0,14.05,14.05,13.9,14.0,0.1,43.0
2021-12-02,6148,31012.0,431015.0,14.05,14.05,13.85,13.85,-0.15,21.0
2021-12-03,6148,24251.0,337762.0,14.0,14.0,13.85,13.9,0.05,20.0
2021-12-06,6148,44264.0,616292.0,13.9,14.0,13.85,13.9,0.0,28.0
2021-12-07,6148,67182.0,940656.0,14.0,14.05,13.95,14.05,0.15,44.0
2021-12-08,6148,71701.0,1006668.0,14.05,14.1,13.95,14.0,-0.05,41.0
2021-12-09,6148,27088.0,379429.0,14.1,14.1,13.9,14.0,0.0,30.0
2021-12-10,6148,557778.0,8171007.0,13.95,15.05,13.95,14.7,0.7,336.0
2021-12-13,6148,2244482.0,35765671.0,15.15,16.15,15.05,16.15,1.45,867.0
2021-12-14,6148,4121809.0,66478410.0,16.55,17.15,14.9,15.5,-0.65,2069.0
2021-12-15,6148,1418769.0,22360425.0,15.8,16.4,15.2,15.3,-0.2,782.0
2021-12-16,6148,1584123.0,25044650.0,15.65,16.5,15.25,16.0,0.7,806.0
2021-12-17,6148,2111634.0,34198034.0,15.85,16.75,15.4,15.55,-0.45,1126.0
2021-12-20,6148,854845.0,12904462.0,15.55,15.55,14.7,14.9,-0.65,523.0
2021-12-21,6148,251672.0,3752546.0,14.85,15.05,14.8,14.9,0.0,146.0
2021-12-22,6148,190938.0,2858221.0,14.9,15.1,14.85,14.85,-0.05,117.0
2021-12-23,6148,266294.0,4044649.0,15.05,15.4,14.9,15.05,0.2,169.0
2021-12-24,6148,303210.0,4478535.0,15.2,15.2,14.55,14.65,-0.4,201.0
2021-12-27,6148,268007.0,3966180.0,14.8,14.9,14.7,14.75,0.1,167.0
2021-12-28,6148,350112.0,5258329.0,14.85,15.25,14.75,15.15,0.4,192.0
2021-12-29,6148,4258737.0,68886923.0,15.15,16.65,15.15,15.4,0.25,1793.0
2021-12-30,6148,897048.0,13726087.0,15.7,15.75,15.0,15.2,-0.2,431.0
2022-01-03,6148,355686.0,5476460.0,15.45,15.65,15.25,15.6,0.4,224.0
2022-01-04,6148,849438.0,13379485.0,15.85,16.1,15.4,15.65,0.05,501.0
2022-01-05,6148,348068.0,5362392.0,15.65,15.65,15.15,15.2,-0.45,185.0
2022-01-06,6148,184059.0,2785490.0,15.2,15.35,15.0,15.1,-0.1,103.0
2022-01-07,6148,430843.0,6506327.0,15.4,15.4,14.9,14.9,-0.2,236.0
2022-01-10,6148,4034024.0,65627687.0,15.45,16.35,15.4,16.35,1.45,1429.0
2022-01-11,6148,14881991.0,259555382.0,16.55,17.95,15.6,16.05,-0.3,5403.0
2022-01-12,6148,3647314.0,57050998.0,16.1,16.65,15.1,15.2,-0.85,1678.0
2022-01-13,6148,871673.0,13250001.0,15.35,15.45,15.0,15.05,-0.15,488.0
2022-01-14,6148,1159332.0,17430537.0,15.1,15.3,14.7,14.8,-0.25,540.0
2022-01-17,6148,466348.0,6937117.0,14.8,15.05,14.75,14.95,0.15,244.0
2022-01-18,6148,702652.0,10760700.0,15.1,15.65,15.05,15.2,0.25,443.0
2022-01-19,6148,373217.0,5599447.0,15.15,15.15,14.8,14.95,-0.25,225.0
2022-01-20,6148,214116.0,3221443.0,15.1,15.15,14.9,15.15,0.2,121.0
2022-01-21,6148,280504.0,4167796.0,14.95,15.0,14.75,14.8,-0.35,166.0
2022-01-24,6148,258901.0,3752523.0,14.75,14.75,14.35,14.5,-0.3,173.0
2022-01-25,6148,465580.0,6518882.0,14.3,14.35,13.8,14.0,-0.5,266.0
2022-01-26,6148,113108.0,1583002.0,13.9,14.15,13.9,13.9,-0.1,90.0
2022-02-07,6148,225031.0,3221202.0,14.2,14.5,14.15,14.4,0.5,163.0
2022-02-08,6148,288013.0,4216541.0,14.45,14.85,14.4,14.8,0.4,162.0
2022-02-09,6148,896936.0,13903469.0,14.9,15.9,14.85,15.55,0.75,580.0
2022-02-10,6148,1842391.0,27455652.0,15.3,15.3,14.35,14.55,-1.0,608.0
2022-02-11,6148,94714.0,1380053.0,14.45,14.65,14.4,14.65,0.1,87.0
2022-02-14,6148,128961.0,1848284.0,14.3,14.4,14.25,14.25,-0.4,104.0
2022-02-15,6148,170561.0,2424519.0,14.5,14.5,14.05,14.1,-0.15,112.0
2022-02-16,6148,158010.0,2239797.0,14.25,14.35,14.1,14.2,0.1,91.0
2022-02-17,6148,138121.0,1954324.0,14.2,14.3,14.05,14.1,-0.1,99.0
2022-02-18,6148,116012.0,1631977.0,14.15,14.25,13.95,14.2,0.1,77.0
2022-02-21,6148,149374.0,2095523.0,14.2,14.2,14.0,14.05,-0.15,114.0
2022-02-22,6148,372034.0,5133791.0,14.0,14.0,13.7,13.85,-0.2,186.0
2022-02-23,6148,129037.0,1784924.0,13.85,13.95,13.75,13.95,0.1,69.0
2022-02-24,6148,201029.0,2781703.0,13.8,14.0,13.75,13.85,-0.1,90.0
2022-02-25,6148,96009.0,1331677.0,13.85,14.0,13.8,13.9,0.05,58.0
2022-03-01,6148,85026.0,1198614.0,14.0,14.15,14.0,14.15,0.25,72.0
2022-03-02,6148,67031.0,947385.0,14.15,14.2,14.1,14.1,-0.05,63.0
2022-03-03,6148,44302.0,627758.0,14.25,14.25,14.1,14.15,0.05,39.0
2022-03-04,6148,94384.0,1323152.0,14.05,14.1,13.9,14.1,-0.05,65.0
2022-03-07,6148,184128.0,2513982.0,13.9,13.95,13.55,13.7,-0.4,110.0
2022-03-08,6148,215057.0,2908265.0,13.7,13.7,13.2,13.35,-0.35,77.0
2022-03-09,6148,39090.0,531989.0,13.55,13.8,13.5,13.65,0.3,36.0
2022-03-10,6148,215066.0,2922778.0,13.65,13.75,13.5,13.55,-0.1,106.0
2022-03-11,6148,100338.0,1363251.0,13.55,13.65,13.5,13.65,0.1,62.0
2022-03-14,6148,109375.0,1486546.0,13.65,13.7,13.5,13.7,0.05,52.0
2022-03-15,6148,1430737.0,21003781.0,14.2,15.05,14.2,14.45,0.75,767.0
2022-03-16,6148,788986.0,11502696.0,14.3,14.95,14.3,14.95,0.5,375.0
2022-03-17,6148,706813.0,10542302.0,15.1,15.25,14.65,14.95,0.0,362.0
2022-03-18,6148,267667.0,3988441.0,15.15,15.15,14.7,14.8,-0.15,148.0
2022-03-21,6148,197602.0,2956434.0,14.95,15.05,14.85,14.95,0.15,111.0
2022-03-22,6148,237100.0,3581995.0,14.95,15.3,14.95,15.15,0.2,156.0
2022-03-23,6148,294387.0,4475895.0,15.15,15.3,15.15,15.25,0.1,141.0
2022-03-24,6148,604568.0,9428014.0,15.45,15.9,15.4,15.45,0.2,313.0
2022-03-25,6148,379344.0,5948656.0,15.55,15.8,15.55,15.7,0.25,202.0
2022-03-28,6148,208713.0,3261408.0,15.8,15.85,15.5,15.6,-0.1,152.0
2022-03-29,6148,187299.0,2931828.0,15.6,15.75,15.6,15.7,0.1,101.0
2022-03-30,6148,189659.0,2973592.0,15.7,15.8,15.6,15.65,-0.05,124.0
2022-03-31,6148,220298.0,3467799.0,15.65,15.85,15.65,15.65,0.0,143.0
2022-04-01,6148,334452.0,5243369.0,15.4,16.0,15.4,15.8,0.15,171.0
2022-04-06,6148,784269.0,12630848.0,15.85,16.45,15.85,16.05,0.25,434.0
2022-04-07,6148,476560.0,6882162.0,15.0,15.0,14.0,14.1,0.0,313.0
2022-04-08,6148,149266.0,2136465.0,14.15,14.45,14.1,14.35,0.25,123.0
2022-04-11,6148,142627.0,1988765.0,14.3,14.3,13.8,13.9,-0.45,127.0
2022-04-12,6148,48755.0,674136.0,13.75,13.9,13.75,13.85,-0.05,52.0
2022-04-13,6148,99194.0,1401215.0,14.0,14.35,13.95,14.35,0.5,72.0
2022-04-14,6148,114121.0,1593410.0,14.2,14.2,13.85,14.0,-0.35,105.0
2022-04-15,6148,42109.0,581528.0,13.95,13.95,13.75,13.75,-0.25,64.0
2022-04-18,6148,72153.0,982317.0,13.75,13.75,13.5,13.5,-0.25,99.0
2022-04-19,6148,35200.0,481351.0,13.65,13.75,13.6,13.65,0.15,67.0
2022-04-20,6148,51095.0,701159.0,13.55,13.8,13.5,13.75,0.1,62.0
2022-04-21,6148,34126.0,473614.0,13.85,13.95,13.85,13.85,0.1,58.0
2022-04-22,6148,22122.0,305398.0,13.65,13.9,13.65,13.9,0.05,64.0
2022-04-25,6148,115639.0,1564790.0,13.8,13.8,13.45,13.55,-0.35,587.0
2022-04-26,6148,36401.0,491803.0,13.55,13.55,13.45,13.45,-0.1,297.0
2022-04-27,6148,60484.0,807389.0,13.35,13.45,13.2,13.3,-0.15,286.0
2022-04-28,6148,28934.0,387746.0,13.35,13.5,13.3,13.5,0.2,70.0
2022-04-29,6148,40080.0,542924.0,13.6,13.6,13.5,13.6,0.1,40.0
2022-05-03,6148,18827.0,252077.0,13.5,13.5,13.3,13.4,-0.2,25.0
2022-05-04,6148,11102.0,148935.0,13.5,13.5,13.35,13.4,0.0,13.0
2022-05-05,6148,64201.0,857390.0,13.45,13.45,13.2,13.3,-0.1,47.0
2022-05-06,6148,58123.0,753099.0,13.0,13.0,12.7,12.95,-0.35,39.0
2022-05-09,6148,65164.0,825004.0,12.8,12.8,12.5,12.55,-0.4,49.0
2022-05-10,6148,104089.0,1289269.0,12.65,12.65,12.15,12.5,-0.05,49.0
2022-05-11,6148,42109.0,533407.0,12.6,12.85,12.5,12.65,0.15,39.0
2022-05-12,6148,66898.0,831640.0,12.5,12.6,12.3,12.55,-0.1,61.0
2022-05-13,6148,27570.0,347171.0,12.55,12.65,12.5,12.55,0.0,34.0
2022-05-16,6148,83363.0,1052143.0,12.7,12.75,12.35,12.45,-0.1,52.0
2022-05-17,6148,49683.0,629760.0,12.45,12.85,12.45,12.85,0.4,33.0
2022-05-18,6148,135162.0,1791622.0,12.85,13.5,12.85,13.3,0.45,89.0
2022-05-19,6148,37003.0,488089.0,13.1,13.3,13.0,13.3,0.0,32.0
2022-05-20,6148,105439.0,1437829.0,13.35,13.95,13.35,13.6,0.3,86.0
2022-05-23,6148,152142.0,2060126.0,13.55,13.7,13.3,13.65,0.05,65.0
2022-05-24,6148,60374.0,810114.0,13.65,13.65,13.25,13.3,-0.35,43.0
2022-05-25,6148,27124.0,360029.0,13.4,13.45,13.05,13.45,0.15,52.0
2022-05-26,6148,12160.0,163247.0,13.55,13.65,13.3,13.5,0.05,15.0
2022-05-27,6148,50126.0,672943.0,13.6,13.65,13.2,13.5,0.0,38.0
2022-05-30,6148,47146.0,632897.0,13.35,13.55,13.35,13.4,-0.1,46.0
2022-05-31,6148,16061.0,214514.0,13.4,13.4,13.3,13.4,0.0,22.0
2022-06-01,6148,225159.0,3091813.0,13.55,14.1,13.4,13.9,0.5,143.0
2022-06-02,6148,122298.0,1702846.0,14.0,14.15,13.65,13.9,0.0,79.0
2022-06-06,6148,30088.0,412197.0,13.8,13.9,13.55,13.6,-0.3,40.0
2022-06-07,6148,29098.0,398535.0,13.6,13.75,13.6,13.65,0.05,21.0
2022-06-08,6148,23072.0,315127.0,13.8,13.8,13.6,13.65,0.0,18.0
2022-06-09,6148,48102.0,648840.0,13.65,13.65,13.4,13.55,-0.1,38.0
2022-06-10,6148,54117.0,726335.0,13.45,13.55,13.3,13.55,0.0,47.0
2022-06-13,6148,48957.0,649135.0,13.3,13.45,13.15,13.25,-0.3,51.0
2022-06-14,6148,36161.0,472012.0,13.15,13.15,13.0,13.1,-0.15,32.0
2022-06-15,6148,66065.0,872857.0,13.1,13.55,13.1,13.15,0.05,57.0
2022-06-16,6148,40101.0,529519.0,13.25,13.5,13.0,13.05,-0.1,39.0
2022-06-17,6148,56607.0,722271.0,13.0,13.0,12.65,12.8,-0.25,46.0
2022-06-20,6148,44065.0,547348.0,12.65,12.65,12.25,12.25,-0.55,36.0
2022-06-21,6148,22375.0,278655.0,12.4,12.6,12.35,12.55,0.3,26.0
2022-06-22,6148,32082.0,398159.0,12.7,12.7,12.25,12.4,-0.15,30.0
2022-06-23,6148,28004.0,345048.0,12.65,12.65,12.2,12.3,-0.1,22.0
2022-06-24,6148,1341308.0,17716078.0,12.55,13.5,12.5,12.6,0.3,590.0
2022-06-27,6148,286118.0,3627014.0,12.65,12.8,12.55,12.65,0.05,174.0
2022-06-28,6148,174001.0,2170463.0,12.6,12.65,12.4,12.6,-0.05,102.0
2022-06-29,6148,168143.0,2065799.0,12.4,12.4,12.1,12.3,-0.3,103.0
2022-06-30,6148,150566.0,1796530.0,12.2,12.2,11.75,11.8,-0.5,94.0
2022-07-01,6148,287069.0,3272192.0,11.8,11.95,11.2,11.25,-0.55,92.0
2022-07-04,6148,83001.0,940511.0,11.15,11.5,11.15,11.5,0.25,43.0
2022-07-05,6148,20097.0,231904.0,11.65,11.65,11.4,11.6,0.1,19.0
2022-07-06,6148,12272.0,143357.0,11.9,11.9,11.4,11.55,-0.05,23.0
2022-07-07,6148,15001.0,175161.0,11.7,11.7,11.55,11.65,0.1,13.0
2022-07-08,6148,56679.0,664796.0,11.75,11.95,11.65,11.75,0.1,40.0
2022-07-11,6148,142018.0,1741567.0,12.25,12.45,12.1,12.1,0.35,105.0
2022-07-12,6148,38063.0,455543.0,12.25,12.25,11.8,11.8,-0.3,33.0
2022-07-13,6148,48097.0,571946.0,11.95,12.0,11.8,11.9,0.1,33.0
2022-07-14,6148,61095.0,728035.0,11.7,12.05,11.7,12.0,0.1,42.0
2022-07-15,6148,17175.0,206765.0,11.95,12.1,11.95,12.05,0.05,28.0
2022-07-18,6148,84002.0,1026274.0,11.95,12.25,11.95,12.2,0.15,28.0
2022-07-19,6148,16008.0,195796.0,12.2,12.25,12.2,12.2,0.0,17.0
2022-07-20,6148,21002.0,258024.0,12.25,12.35,12.2,12.3,0.1,20.0
2022-07-21,6148,46086.0,568356.0,12.15,12.4,12.1,12.4,0.1,35.0
2022-07-22,6148,28052.0,344887.0,12.4,12.4,12.25,12.25,-0.15,26.0
2022-07-25,6148,144023.0,1781040.0,12.2,12.5,12.2,12.4,0.15,52.0
2022-07-26,6148,261060.0,3239103.0,12.3,12.65,12.2,12.45,0.05,72.0
2022-07-27,6148,26000.0,324000.0,12.4,12.5,12.35,12.35,-0.1,13.0
2022-07-28,6148,8272.0,102633.0,12.4,12.4,12.35,12.4,0.05,10.0
2022-07-29,6148,74001.0,922362.0,12.5,12.5,12.4,12.4,0.0,30.0
2022-08-01,6148,17345.0,214696.0,12.4,12.55,12.35,12.4,0.0,23.0
2022-08-02,6148,37100.0,458897.0,12.45,12.45,12.2,12.35,-0.05,25.0
2022-08-03,6148,17004.0,208698.0,12.3,12.3,12.2,12.25,-0.1,15.0
2022-08-04,6148,82000.0,1006700.0,12.3,12.4,12.2,12.3,0.05,19.0
2022-08-05,6148,23005.0,286265.0,12.55,12.55,12.4,12.4,0.1,23.0
2022-08-08,6148,12001.0,147812.0,12.3,12.4,12.25,12.4,0.0,10.0
2022-08-09,6148,1053323.0,14088838.0,12.5,13.6,12.5,13.6,1.2,468.0
2022-08-10,6148,2184813.0,30256185.0,13.9,14.5,13.05,13.1,-0.5,1200.0
2022-08-11,6148,308195.0,4073223.0,13.2,13.4,13.1,13.2,0.1,199.0
2022-08-12,6148,216029.0,2876539.0,13.4,13.5,13.15,13.2,0.0,149.0
2022-08-15,6148,165058.0,2208120.0,13.25,13.5,13.2,13.4,0.2,108.0
2022-08-16,6148,137550.0,1845523.0,13.55,13.55,13.3,13.35,-0.05,81.0
2022-08-17,6148,46008.0,615404.0,13.6,13.6,13.3,13.3,-0.05,42.0
2022-08-18,6148,254091.0,3425311.0,13.2,13.8,13.1,13.45,0.15,172.0
2022-08-19,6148,263964.0,3583579.0,13.7,13.75,13.35,13.55,0.1,143.0
2022-08-22,6148,141488.0,1873834.0,13.4,13.4,13.15,13.2,-0.35,105.0
2022-08-23,6148,42017.0,553323.0,13.15,13.3,13.15,13.15,-0.05,35.0
2022-08-24,6148,93101.0,1229603.0,13.15,13.5,13.05,13.2,0.05,61.0
2022-08-25,6148,43706.0,581758.0,13.3,13.45,13.2,13.3,0.1,55.0
2022-08-26,6148,229335.0,3080906.0,13.3,13.65,13.3,13.5,0.2,114.0
2022-08-29,6148,43094.0,572646.0,13.15,13.45,13.15,13.4,-0.1,41.0
2022-08-30,6148,111244.0,1480563.0,13.55,13.55,13.2,13.45,0.05,70.0
2022-08-31,6148,317515.0,4381685.0,13.55,14.2,13.45,13.7,0.25,201.0
2022-09-01,6148,126059.0,1698345.0,13.6,13.7,13.3,13.55,-0.15,71.0
2022-09-02,6148,47095.0,634865.0,13.5,13.65,13.4,13.5,-0.05,45.0
2022-09-05,6148,116020.0,1536564.0,13.5,13.5,13.05,13.05,-0.45,81.0
2022-09-06,6148,564006.0,7478028.0,13.05,13.6,13.05,13.2,0.15,137.0
2022-09-07,6148,17181.0,225183.0,13.2,13.2,13.05,13.05,-0.15,23.0
2022-09-08,6148,17029.0,223480.0,13.1,13.15,13.1,13.1,0.05,16.0
2022-09-12,6148,14100.0,187020.0,13.2,13.35,13.2,13.3,0.2,12.0
2022-09-13,6148,78008.0,1031804.0,13.25,13.45,13.15,13.15,-0.15,50.0
2022-09-14,6148,45637.0,590442.0,13.0,13.1,12.7,13.0,-0.15,37.0
2022-09-15,6148,16634.0,217031.0,13.25,13.25,12.95,13.0,0.0,21.0
2022-09-16,6148,8006.0,103476.0,13.0,13.0,12.8,12.9,-0.1,13.0
2022-09-19,6148,85145.0,1068144.0,12.75,12.75,12.35,12.65,-0.25,65.0
2022-09-20,6148,21005.0,268210.0,12.75,12.85,12.65,12.8,0.15,20.0
2022-09-21,6148,7021.0,90059.0,12.8,12.9,12.8,12.9,0.1,20.0
2022-09-22,6148,23004.0,290252.0,12.8,12.8,12.55,12.65,-0.25,25.0
2022-09-23,6148,27456.0,343999.0,12.5,12.6,12.45,12.45,-0.2,24.0
2022-09-26,6148,119258.0,1443215.0,12.2,12.2,12.0,12.0,-0.45,60.0
2022-09-27,6148,44001.0,536012.0,12.0,12.35,12.0,12.3,0.3,27.0
2022-09-28,6148,88080.0,1034079.0,12.15,12.2,11.6,11.65,-0.65,45.0
2022-09-29,6148,62134.0,730551.0,11.9,11.9,11.65,11.7,0.05,42.0
2022-09-30,6148,10002.0,116622.0,11.7,11.75,11.6,11.7,0.0,9.0
2022-10-03,6148,15004.0,176047.0,12.0,12.0,11.65,11.8,0.1,12.0
2022-10-04,6148,51153.0,612492.0,11.95,12.15,11.75,12.1,0.3,38.0
2022-10-05,6148,29129.0,354107.0,12.1,12.4,12.0,12.0,-0.1,33.0
2022-10-06,6148,112147.0,1352483.0,12.0,12.25,11.95,12.05,0.05,45.0
2022-10-07,6148,1202.0,14715.0,12.25,12.25,12.25,12.25,0.2,4.0
2022-10-11,6148,127042.0,1494140.0,12.25,12.25,11.55,11.6,-0.65,63.0
2022-10-12,6148,7002.0,81772.0,11.7,11.7,11.65,11.65,0.05,9.0
2022-10-13,6148,84061.0,932971.0,11.6,11.6,10.6,10.85,-0.8,71.0
2022-10-14,6148,64003.0,713782.0,11.1,11.3,11.05,11.2,0.35,54.0
2022-10-17,6148,8049.0,89102.0,11.0,11.2,11.0,11.2,0.0,9.0
2022-10-18,6148,24447.0,280795.0,11.3,11.65,11.3,11.5,0.3,23.0
2022-10-19,6148,19185.0,221926.0,11.5,11.65,11.5,11.5,0.0,20.0
2022-10-20,6148,8101.0,91645.0,11.35,11.35,11.25,11.3,-0.2,10.0
2022-10-21,6148,22038.0,249637.0,11.4,11.6,11.15,11.3,0.0,22.0
2022-10-24,6148,17010.0,193517.0,11.35,11.45,11.3,11.3,0.0,16.0
2022-10-25,6148,17005.0,191609.0,11.35,11.35,11.2,11.3,0.0,17.0
2022-10-26,6148,38049.0,427802.0,11.3,11.3,11.2,11.25,-0.05,22.0
2022-10-27,6148,17007.0,191735.0,11.25,11.4,11.25,11.4,0.15,13.0
2022-10-28,6148,56649.0,643945.0,11.35,11.55,11.2,11.3,-0.1,29.0
2022-10-31,6148,61052.0,718571.0,11.35,12.1,11.35,11.85,0.55,35.0
2022-11-01,6148,37043.0,445166.0,11.8,12.1,11.8,12.1,0.25,25.0
2022-11-02,6148,131095.0,1658636.0,12.1,12.9,12.1,12.7,0.6,73.0
2022-11-03,6148,93179.0,1200575.0,12.7,13.15,12.6,13.0,0.3,61.0
2022-11-04,6148,72005.0,948865.0,13.0,13.25,13.0,13.0,0.0,42.0
2022-11-07,6148,27123.0,358259.0,13.1,13.35,13.1,13.15,0.15,23.0
2022-11-08,6148,30043.0,393314.0,13.2,13.35,13.0,13.15,0.0,27.0
2022-11-09,6148,63265.0,815303.0,13.0,13.0,12.75,12.9,-0.25,40.0
2022-11-10,6148,12001.0,153063.0,12.85,12.85,12.7,12.85,-0.05,11.0
2022-11-11,6148,63043.0,807048.0,12.9,13.0,12.5,12.85,0.0,43.0
2022-11-14,6148,30012.0,384554.0,12.85,12.9,12.8,12.9,0.05,28.0
2022-11-15,6148,7251.0,93473.0,12.9,12.95,12.8,12.95,0.05,19.0
2022-11-16,6148,13384.0,172601.0,12.9,13.0,12.8,13.0,0.05,16.0
2022-11-17,6148,7251.0,93802.0,12.9,12.95,12.9,12.95,-0.05,13.0
2022-11-18,6148,7208.0,92511.0,12.8,12.85,12.8,12.85,-0.1,11.0
2022-11-21,6148,6156.0,79776.0,12.9,13.0,12.9,12.95,0.1,14.0
2022-11-22,6148,19101.0,247433.0,12.95,13.0,12.9,13.0,0.05,18.0
2022-11-23,6148,43107.0,558615.0,12.95,13.05,12.9,13.05,0.05,31.0
2022-11-24,6148,20004.0,258151.0,12.95,13.0,12.8,13.0,-0.05,15.0
2022-11-25,6148,41011.0,527090.0,12.95,12.95,12.8,12.95,-0.05,19.0
2022-11-28,6148,14006.0,181328.0,12.9,12.95,12.9,12.95,0.0,11.0
2022-11-29,6148,18150.0,236572.0,12.95,13.1,12.95,13.05,0.1,10.0
2022-11-30,6148,16177.0,210976.0,13.1,13.15,13.0,13.0,-0.05,14.0
2022-12-01,6148,49017.0,641280.0,13.0,13.2,12.95,13.15,0.15,43.0
2022-12-02,6148,4012.0,52462.0,13.1,13.1,13.05,13.05,-0.1,5.0
2022-12-05,6148,4047.0,52816.0,13.05,13.05,13.05,13.05,0.0,13.0
2022-12-06,6148,23065.0,301245.0,13.15,13.15,12.9,13.0,-0.05,19.0
2022-12-07,6148,52037.0,663223.0,13.0,13.0,12.65,12.75,-0.25,25.0
2022-12-08,6148,57035.0,723749.0,12.8,12.85,12.6,12.7,-0.05,37.0
2022-12-09,6148,2003.0,25539.0,12.75,12.75,12.75,12.75,0.05,5.0
2022-12-12,6148,6193.0,78809.0,12.7,12.75,12.7,12.75,0.0,14.0
2022-12-13,6148,33004.0,414101.0,12.7,12.7,12.5,12.65,-0.1,21.0
2022-12-14,6148,20141.0,255591.0,12.65,12.8,12.65,12.8,0.15,19.0
2022-12-15,6148,20515.0,260342.0,12.75,12.8,12.6,12.8,0.0,23.0
2022-12-16,6148,67047.0,842549.0,12.8,12.8,12.5,12.6,-0.2,26.0
2022-12-19,6148,2004.0,25252.0,12.6,12.6,12.6,12.6,0.0,6.0
2022-12-20,6148,46001.0,577813.0,12.6,12.75,12.5,12.55,-0.05,28.0
2022-12-21,6148,10005.0,125463.0,12.55,12.55,12.5,12.55,0.0,11.0
2022-12-22,6148,12003.0,151287.0,12.6,12.65,12.55,12.65,0.1,11.0
2022-12-23,6148,3018.0,38189.0,12.65,12.65,12.65,12.65,0.0,8.0
2022-12-26,6148,42001.0,526812.0,12.7,12.7,12.5,12.6,-0.05,21.0
2022-12-27,6148,17048.0,213954.0,12.55,12.55,12.55,12.55,-0.05,17.0
2022-12-28,6148,11012.0,137000.0,12.5,12.5,12.4,12.45,-0.1,15.0
2022-12-29,6148,20013.0,248407.0,12.4,12.45,12.4,12.45,0.0,20.0
2022-12-30,6148,27007.0,335584.0,12.5,12.55,12.35,12.55,0.1,22.0
2023-01-03,6148,22003.0,273586.0,12.5,12.55,12.4,12.55,0.0,12.0
2023-01-04,6148,2062.0,25774.0,12.5,12.5,12.5,12.5,-0.05,8.0
2023-01-05,6148,12010.0,149920.0,12.5,12.55,12.45,12.5,0.0,18.0
2023-01-06,6148,22153.0,275345.0,12.4,12.45,12.4,12.45,-0.05,21.0
2023-01-09,6148,15030.0,186872.0,12.5,12.55,12.4,12.55,0.1,19.0
2023-01-10,6148,3696639.0,50651847.0,13.05,13.8,13.05,13.8,1.25,1230.0
2023-01-11,6148,2003544.0,27170418.0,14.05,14.2,13.15,13.15,-0.65,975.0
2023-01-12,6148,588376.0,7727993.0,13.15,13.45,12.85,12.95,-0.2,313.0
2023-01-13,6148,623374.0,7961406.0,12.95,13.0,12.6,12.7,-0.25,263.0
2023-01-16,6148,130029.0,1655179.0,12.7,12.85,12.65,12.8,0.1,89.0
2023-01-17,6148,121015.0,1547894.0,12.75,12.9,12.7,12.9,0.1,60.0
2023-01-30,6148,109138.0,1406934.0,13.0,13.05,12.8,12.85,-0.05,97.0
2023-01-31,6148,76004.0,976704.0,12.85,12.9,12.8,12.85,0.0,41.0
2023-02-01,6148,118023.0,1534506.0,13.0,13.2,12.95,13.0,0.15,69.0
2023-02-02,6148,182343.0,2388093.0,13.1,13.2,13.0,13.15,0.15,94.0
2023-02-03,6148,176304.0,2339534.0,13.25,13.45,13.15,13.25,0.1,117.0
2023-02-06,6148,82026.0,1080757.0,13.25,13.25,13.05,13.2,-0.05,60.0
2023-02-07,6148,144532.0,1924362.0,13.2,13.6,13.2,13.25,0.05,93.0
2023-02-08,6148,130107.0,1725110.0,13.3,13.35,13.2,13.25,0.0,68.0
2023-02-09,6148,98028.0,1286764.0,13.3,13.3,13.1,13.15,-0.1,75.0
2023-02-10,6148,138093.0,1838429.0,13.25,13.45,13.2,13.35,0.2,79.0
2023-02-13,6148,346089.0,4641961.0,13.25,13.55,13.25,13.45,0.1,166.0
2023-02-14,6148,1281475.0,18691844.0,13.75,14.75,13.75,14.75,1.3,387.0
2023-02-15,6148,3366883.0,52044685.0,16.0,16.0,15.1,15.2,0.45,1685.0
2023-02-16,6148,1687722.0,25795530.0,15.2,15.8,14.75,15.15,-0.05,804.0
2023-02-17,6148,712256.0,10625644.0,15.15,15.45,14.7,14.85,-0.3,438.0
2023-02-20,6148,449822.0,6713709.0,14.75,15.1,14.75,14.8,-0.05,301.0
2023-02-21,6148,394136.0,5856842.0,14.85,15.1,14.75,14.85,0.05,246.0
2023-02-22,6148,4898175.0,78561929.0,14.95,16.3,14.85,16.3,1.45,2029.0
2023-02-23,6148,4998291.0,83273845.0,17.0,17.25,16.0,16.0,-0.3,2453.0
2023-02-24,6148,665862.0,10569573.0,16.1,16.1,15.7,15.95,-0.05,389.0
2023-03-01,6148,812162.0,13299963.0,15.95,16.7,15.95,16.25,0.3,528.0
2023-03-02,6148,763111.0,12295566.0,16.3,16.4,15.85,16.05,-0.2,429.0
2023-03-03,6148,1450025.0,24052696.0,16.35,16.95,16.25,16.25,0.2,888.0
2023-03-06,6148,768930.0,12700781.0,16.55,16.75,16.35,16.5,0.25,404.0
2023-03-07,6148,347307.0,5693547.0,16.5,16.6,16.25,16.3,-0.2,273.0
2023-03-08,6148,1223319.0,20433634.0,16.35,16.9,16.3,16.7,0.4,541.0
2023-03-09,6148,1248354.0,21178717.0,17.3,17.5,16.6,16.75,0.05,680.0
2023-03-10,6148,715693.0,11598272.0,16.55,16.7,15.85,16.0,-0.75,363.0
2023-03-13,6148,300553.0,4795569.0,16.0,16.2,15.6,16.0,0.0,216.0
2023-03-14,6148,399200.0,6204495.0,16.0,16.0,15.2,15.35,-0.65,201.0
2023-03-15,6148,543056.0,8507571.0,15.7,16.0,15.35,15.65,0.3,237.0
2023-03-16,6148,350496.0,5415703.0,15.65,15.7,15.2,15.65,0.0,174.0
2023-03-17,6148,443440.0,7161421.0,15.75,16.4,15.75,16.15,0.5,298.0
2023-03-20,6148,2987499.0,52421413.0,16.5,17.75,16.3,17.75,1.6,890.0
2023-03-21,6148,10342777.0,193234214.0,18.5,19.45,18.0,18.6,0.85,4978.0
2023-03-22,6148,5324617.0,103913463.0,18.7,20.45,18.35,20.45,1.85,2492.0
2023-03-23,6148,9462058.0,197431596.0,21.25,21.45,20.25,21.0,0.55,4505.0
2023-03-24,6148,3647990.0,75244274.0,20.65,20.95,19.6,19.95,-1.05,1620.0
2023-03-27,6148,2496924.0,50615801.0,19.9,20.85,19.6,19.9,-0.05,1513.0
2023-03-28,6148,4160879.0,84641626.0,20.2,21.5,19.35,19.5,-0.4,2314.0
2023-03-29,6148,2547685.0,50506028.0,19.5,19.95,18.8,19.15,-0.35,984.0
2023-03-30,6148,1107741.0,21383600.0,19.4,19.6,19.1,19.25,0.1,559.0
2023-03-31,6148,2002600.0,39647035.0,19.45,20.45,19.15,20.15,0.9,1099.0
2023-04-06,6148,5218437.0,110734717.0,20.0,21.85,19.85,21.2,1.05,2678.0
2023-04-07,6148,2440727.0,50035383.0,20.6,21.25,19.75,19.85,0.0,1575.0
2023-04-10,6148,6968486.0,150330299.0,20.2,21.8,20.0,21.8,1.95,2677.0
2023-04-11,6148,11239606.0,250060355.0,22.1,23.3,21.4,22.35,0.55,5972.0
2023-04-12,6148,5661642.0,134115913.0,22.65,24.55,22.4,24.55,2.2,2610.0
2023-04-13,6148,9867934.0,246363791.0,26.0,26.1,24.2,24.45,-0.1,4450.0
2023-04-14,6148,5723368.0,149326715.0,24.4,26.85,24.35,26.85,2.4,2511.0
2023-04-17,6148,8381853.0,241193228.0,28.1,29.5,27.7,29.5,2.65,3120.0
2023-04-18,6148,13386503.0,397354523.0,29.8,30.8,28.75,28.95,-0.55,7153.0
2023-04-19,6148,7501156.0,224105881.0,28.9,30.95,28.8,29.3,0.35,4475.0
2023-04-20,6148,10457044.0,307652199.0,29.8,31.3,26.7,27.1,-2.2,6384.0
2023-04-21,6148,10440527.0,298521729.0,27.5,29.8,26.8,29.8,2.7,5190.0
2023-04-24,6148,11752020.0,366455713.0,32.75,32.75,29.4,29.4,-0.4,6339.0
2023-04-25,6148,4932798.0,144530739.0,29.65,30.85,27.6,28.1,-1.3,3284.0
2023-04-26,6148,7995330.0,239327919.0,28.65,30.6,28.6,30.35,2.25,4481.0
2023-04-27,6148,6467531.0,213151963.0,32.35,33.35,32.0,33.35,3.0,2470.0
2023-04-28,6148,4603837.0,167049062.0,35.6,36.65,35.55,36.65,3.3,2048.0
2023-05-02,6148,26963956.0,1000870498.0,36.85,39.7,35.05,37.3,0.65,14574.0
2023-05-03,6148,20981943.0,818166316.0,37.3,41.0,37.15,41.0,3.7,12096.0
2023-05-04,6148,48117240.0,2044877976.0,42.35,45.0,40.15,41.7,0.7,27615.0
2023-05-05,6148,15273054.0,637568121.0,41.3,43.3,41.0,41.55,-0.15,9221.0
2023-05-08,6148,2707691.0,112327598.0,41.1,41.9,40.85,41.75,0.2,1717.0
2023-05-09,6148,2071965.0,83613658.0,42.45,42.45,39.6,40.0,-1.75,1475.0
2023-05-10,6148,1641766.0,65553633.0,39.05,41.0,38.95,38.95,-1.05,1137.0
2023-05-11,6148,2272565.0,85454281.0,39.55,39.55,36.75,37.3,-1.65,1527.0
2023-05-12,6148,2189642.0,80625433.0,35.0,38.45,35.0,38.2,0.9,1291.0
2023-05-15,6148,1363014.0,49645002.0,37.6,38.0,35.6,36.05,-2.15,913.0
2023-05-16,6148,938656.0,34643125.0,36.55,37.45,36.55,36.55,0.5,734.0
2023-05-17,6148,3328291.0,129837354.0,37.0,40.2,37.0,39.2,2.65,2275.0
2023-05-18,6148,2967286.0,120615436.0,39.25,41.45,39.25,40.7,1.5,2108.0
2023-05-19,6148,2205633.0,87223278.0,41.65,41.65,38.45,38.95,-1.75,1582.0
2023-05-22,6148,976418.0,38565137.0,38.9,40.0,38.5,39.6,0.65,775.0
2023-05-23,6148,2133518.0,86312939.0,40.1,41.3,39.2,41.2,1.6,1498.0
2023-05-24,6148,8687436.0,355343757.0,41.5,42.5,39.0,39.95,-1.25,5472.0
2023-05-25,6148,5187799.0,206847422.0,40.7,41.85,38.0,38.0,-1.95,3619.0
2023-05-26,6148,5582382.0,220960841.0,38.55,40.8,38.25,38.7,0.7,3963.0
2023-05-29,6148,2954370.0,114879943.0,39.1,39.5,38.3,38.5,-0.2,1936.0
2023-05-30,6148,4913994.0,181904363.0,38.7,39.8,35.8,36.0,-2.5,3284.0
2023-05-31,6148,2017826.0,72692306.0,36.35,36.65,35.6,35.9,-0.1,1357.0
2023-06-01,6148,3492538.0,125218900.0,35.85,36.95,34.35,36.45,0.55,2342.0
2023-06-02,6148,2892506.0,102957545.0,36.45,36.85,34.5,34.55,-1.9,1978.0
2023-06-05,6148,2364404.0,84362161.0,35.0,36.4,34.75,35.7,1.15,1441.0
2023-06-06,6148,4157921.0,153159977.0,36.05,38.0,36.0,36.55,0.85,2562.0
2023-06-07,6148,1688338.0,61298366.0,36.55,36.9,36.0,36.05,-0.5,1138.0
2023-06-08,6148,1640367.0,57618259.0,35.9,36.15,34.6,34.95,-1.1,1001.0
2023-06-09,6148,2104700.0,80820469.0,38.4,38.4,38.4,38.4,3.45,908.0
2023-06-12,6148,7705108.0,322916235.0,42.2,42.2,40.5,42.2,3.8,3145.0
2023-06-13,6148,17647930.0,748920655.0,43.85,44.45,41.15,41.5,-0.7,10136.0
2023-06-14,6148,7796004.0,321917036.0,42.1,43.2,39.85,40.35,-1.15,5176.0
2023-06-15,6148,7917421.0,342060437.0,40.75,44.35,39.85,44.35,4.0,3731.0
2023-06-16,6148,11977830.0,576341379.0,46.0,48.75,46.0,48.75,4.4,3301.0
2023-06-19,6148,34727547.0,1743111784.0,51.2,52.9,48.2,48.85,0.1,18818.0
2023-06-20,6148,7335877.0,349156828.0,48.85,49.65,46.6,47.15,-1.7,4750.0
2023-06-21,6148,5749541.0,292529230.0,47.3,51.8,47.3,51.8,4.65,2881.0
2023-06-26,6148,18917855.0,983255975.0,53.7,56.0,49.0,49.0,-2.8,10555.0
2023-06-27,6148,12185214.0,600534532.0,49.1,51.5,47.3,47.5,-1.5,8041.0
2023-06-28,6148,8192670.0,406875678.0,49.0,51.5,48.3,48.6,1.1,5324.0
2023-06-29,6148,5604271.0,274516145.0,49.1,50.5,47.7,48.3,-0.3,3496.0
2023-06-30,6148,4420504.0,216970129.0,48.8,49.8,48.05,49.55,1.25,2751.0
2023-07-03,6148,10398426.0,527841254.0,50.5,52.0,49.3,49.3,-0.25,6212.0
2023-07-04,6148,5496854.0,267828348.0,50.2,50.4,47.65,47.65,-1.65,3902.0
2023-07-05,6148,3226119.0,152794720.0,48.15,48.5,46.1,46.65,-1.0,2254.0
2023-07-06,6148,2583253.0,120711546.0,47.15,47.7,46.0,46.0,-0.65,1969.0
2023-07-07,6148,5851453.0,277630055.0,45.7,48.8,45.7,47.95,1.95,3989.0
2023-07-10,6148,2191857.0,94794009.0,43.2,44.0,43.2,43.2,-4.75,1495.0
2023-07-11,6148,6002938.0,238545812.0,39.55,41.45,38.9,38.9,-4.3,3888.0
2023-07-12,6148,3848154.0,154382284.0,39.25,41.45,39.25,39.6,0.7,2526.0
2023-07-13,6148,3966408.0,157903650.0,40.85,41.0,38.6,39.0,-0.6,2422.0
2023-07-14,6148,2654449.0,103040667.0,39.45,39.8,38.25,38.25,-0.75,1606.0
2023-07-17,6148,2187821.0,84334591.0,38.3,39.3,37.2,38.55,0.3,1389.0
2023-07-18,6148,2795032.0,104648850.0,38.95,39.15,36.5,37.25,-1.3,1588.0
2023-07-19,6148,1260881.0,47161892.0,37.8,38.4,36.6,36.8,-0.45,840.0
2023-07-20,6148,2016735.0,76360465.0,37.2,38.3,37.0,37.8,1.0,1408.0
2023-07-21,6148,1011765.0,37484694.0,37.45,37.5,36.5,37.15,-0.65,791.0
2023-07-24,6148,1541443.0,55738804.0,37.5,37.9,35.6,35.75,-1.4,959.0
2023-07-25,6148,1208160.0,44348631.0,36.8,37.2,36.15,37.0,1.25,823.0
2023-07-26,6148,6283649.0,250766784.0,38.2,40.7,37.7,40.7,3.7,3250.0
2023-07-27,6148,7111267.0,310786193.0,42.4,44.75,42.2,44.75,4.05,3703.0
2023-07-28,6148,18547361.0,816056854.0,47.5,47.5,42.2,42.7,-2.05,8617.0
2023-07-31,6148,6885015.0,294115127.0,42.7,44.05,40.8,40.8,-1.9,4125.0
2023-08-01,6148,2504950.0,101025522.0,40.9,41.9,39.25,39.55,-1.25,1738.0
2023-08-02,6148,3469112.0,140327034.0,40.05,41.8,39.25,39.6,0.05,2746.0
2023-08-04,6148,1263403.0,50679707.0,39.2,40.8,39.2,40.45,0.85,954.0
2023-08-07,6148,1572716.0,62780575.0,40.4,40.5,39.0,40.1,-0.35,1100.0
2023-08-08,6148,1197604.0,47357164.0,40.7,40.95,39.0,39.0,-1.1,1036.0
2023-08-09,6148,1202616.0,46095998.0,37.95,39.2,37.8,38.0,-1.0,853.0
2023-08-10,6148,2070920.0,72651528.0,36.0,36.0,34.6,34.7,-3.3,1356.0
2023-08-11,6148,952679.0,33369389.0,35.0,35.55,34.55,34.9,0.2,728.0
2023-08-14,6148,946065.0,32607528.0,34.6,35.1,33.6,34.45,-0.45,558.0
2023-08-15,6148,532809.0,18633236.0,35.45,35.7,34.6,35.15,0.7,379.0
2023-08-16,6148,877869.0,30506389.0,34.6,35.65,33.5,35.45,0.3,607.0
2023-08-17,6148,833894.0,29551447.0,35.25,36.15,34.55,35.8,0.35,543.0
2023-08-18,6148,979160.0,34212527.0,36.3,36.3,34.2,34.4,-1.4,797.0
2023-08-21,6148,560164.0,19597627.0,35.15,35.4,34.35,35.1,0.7,330.0
2023-08-22,6148,484756.0,16875922.0,35.55,35.7,34.5,34.65,-0.45,356.0
2023-08-23,6148,437633.0,15250116.0,34.4,35.2,34.4,34.85,0.2,288.0
2023-08-24,6148,643660.0,22294776.0,35.25,35.45,34.15,34.3,-0.55,408.0
2023-08-25,6148,517837.0,17686027.0,34.0,34.85,33.7,34.2,-0.1,347.0
2023-08-28,6148,543141.0,18281288.0,34.2,34.25,33.4,33.65,-0.55,437.0
2023-08-29,6148,428659.0,14414529.0,33.55,34.0,33.2,34.0,0.35,293.0
2023-08-30,6148,433865.0,14962018.0,34.3,34.95,34.0,34.95,0.95,322.0
2023-08-31,6148,354555.0,12297801.0,35.15,35.2,34.4,34.6,-0.35,258.0
2023-09-01,6148,415166.0,14366066.0,34.6,35.2,34.2,34.3,-0.3,296.0
2023-09-04,6148,283269.0,9709603.0,34.35,34.6,34.0,34.55,0.25,206.0
2023-09-05,6148,1047178.0,36313808.0,34.05,34.9,34.05,34.65,0.1,542.0
2023-09-06,6148,284883.0,9891398.0,34.9,35.0,34.25,34.65,0.0,229.0
2023-09-07,6148,2566978.0,93755278.0,34.5,37.8,34.5,36.15,1.5,1821.0
2023-09-08,6148,2420122.0,80456921.0,35.0,35.05,32.6,32.6,-3.55,1798.0
2023-09-11,6148,1098978.0,34371339.0,32.55,32.6,30.65,30.65,-1.95,834.0
2023-09-12,6148,412188.0,12795651.0,31.1,31.45,30.7,31.1,0.45,343.0
2023-09-13,6148,310505.0,9649822.0,31.15,31.35,30.85,30.95,-0.15,203.0
2023-09-14,6148,371936.0,11799906.0,30.95,32.25,30.95,31.85,0.9,298.0
2023-09-15,6148,428398.0,13418763.0,32.0,32.0,31.0,31.1,-0.75,286.0
2023-09-18,6148,168123.0,5249489.0,31.1,31.65,30.9,31.05,-0.05,158.0
2023-09-19,6148,214064.0,6651923.0,31.25,31.65,30.7,30.7,-0.35,201.0
2023-09-20,6148,310448.0,9400135.0,30.55,30.8,30.0,30.1,-0.6,272.0
2023-09-21,6148,411135.0,12255189.0,30.05,30.3,29.35,30.3,0.2,322.0
2023-09-22,6148,131361.0,4001679.0,29.9,30.8,29.9,30.8,0.5,137.0
2023-09-25,6148,168913.0,5242988.0,30.8,31.3,30.75,31.15,0.35,131.0
2023-09-26,6148,185766.0,5761040.0,31.2,31.45,30.6,30.6,-0.55,150.0
2023-09-27,6148,105811.0,3229710.0,31.15,31.15,30.3,30.5,-0.1,127.0
2023-09-28,6148,203251.0,6269618.0,30.8,31.0,30.55,30.8,0.3,170.0
2023-10-02,6148,343170.0,10856015.0,31.7,32.0,31.15,32.0,1.2,311.0
2023-10-03,6148,267610.0,8478102.0,32.0,32.9,31.2,31.2,-0.8,239.0
2023-10-04,6148,135428.0,4148132.0,31.2,31.2,30.4,30.65,-0.55,149.0
2023-10-05,6148,143448.0,4451002.0,31.4,31.4,30.7,30.75,0.1,149.0
2023-10-06,6148,1508097.0,48928706.0,31.3,33.45,31.1,32.35,1.6,1152.0
2023-10-11,6148,1548164.0,55036665.0,35.55,35.55,35.5,35.55,3.2,596.0
2023-10-12,6148,3264143.0,112916034.0,35.5,35.5,33.7,34.35,-1.2,2251.0
2023-10-13,6148,2982864.0,104609650.0,34.25,36.2,34.1,34.2,-0.15,2114.0
2023-10-16,6148,1879817.0,65123433.0,34.2,35.65,34.05,34.15,-0.05,1355.0
2023-10-17,6148,2255531.0,78827408.0,34.6,35.85,34.0,34.95,0.8,1540.0
2023-10-18,6148,6166849.0,223346384.0,34.95,37.3,34.85,36.35,1.4,3843.0
2023-10-19,6148,2844877.0,101129954.0,36.65,36.65,34.35,34.7,-1.65,2212.0
2023-10-20,6148,1590999.0,52335020.0,34.5,34.55,32.2,32.2,-2.5,1291.0
2023-10-23,6148,647919.0,20810947.0,31.8,32.9,31.5,31.5,-0.7,594.0
2023-10-24,6148,1092492.0,35661177.0,31.5,33.95,31.45,33.25,1.75,870.0
2023-10-25,6148,1211787.0,40700083.0,33.5,34.35,33.05,33.95,0.7,822.0
2023-10-26,6148,592020.0,19596385.0,33.3,33.8,32.6,32.65,-1.3,601.0
2023-10-27,6148,415716.0,13554232.0,33.25,33.4,32.15,32.15,-0.5,349.0
2023-10-30,6148,515880.0,16487476.0,32.3,32.7,31.75,31.8,-0.35,371.0
2023-10-31,6148,899974.0,27636587.0,32.1,32.3,30.0,30.25,-1.55,519.0
2023-11-01,6148,393325.0,11968698.0,30.6,30.9,30.2,30.25,0.0,290.0
2023-11-02,6148,360257.0,10982398.0,30.95,30.95,30.2,30.55,0.3,242.0
2023-11-03,6148,1483831.0,47449227.0,31.4,33.0,31.1,31.95,1.4,1044.0
2023-11-06,6148,2664280.0,89875052.0,33.0,34.4,32.95,33.4,1.45,1851.0
2023-11-07,6148,855188.0,28326196.0,33.45,33.65,32.75,33.05,-0.35,621.0
2023-11-08,6148,2428152.0,83545303.0,33.0,35.2,33.0,34.0,0.95,1445.0
2023-11-09,6148,725143.0,24131878.0,33.75,34.0,32.8,32.8,-1.2,601.0
2023-11-10,6148,1175752.0,38533471.0,33.25,33.9,32.0,32.1,-0.7,774.0
2023-11-13,6148,454116.0,14856084.0,32.35,33.1,32.35,32.85,0.75,336.0
2023-11-14,6148,674705.0,22400434.0,33.2,33.8,32.85,33.45,0.6,499.0
2023-11-15,6148,632957.0,21165511.0,33.65,33.95,33.05,33.15,-0.3,478.0
2023-11-16,6148,502710.0,16837819.0,33.35,33.65,33.15,33.65,0.5,376.0
2023-11-17,6148,419410.0,14057391.0,33.7,33.9,33.25,33.7,0.05,366.0
2023-11-20,6148,427065.0,14413799.0,34.0,34.2,33.3,33.4,-0.3,360.0
2023-11-21,6148,704459.0,23942937.0,33.8,34.9,33.4,33.4,0.0,548.0
2023-11-22,6148,3443992.0,121284103.0,33.4,36.4,33.3,34.8,1.4,2271.0
2023-11-23,6148,1063830.0,37211516.0,35.0,35.7,34.4,34.55,-0.25,776.0
2023-11-24,6148,411082.0,14213356.0,34.75,35.05,34.2,34.25,-0.3,385.0
2023-11-27,6148,775834.0,25817561.0,34.4,34.55,32.7,32.85,-1.4,548.0
2023-11-28,6148,558851.0,18468385.0,33.0,33.4,32.75,32.95,0.1,320.0
2023-11-29,6148,534119.0,17951051.0,33.3,33.85,33.3,33.7,0.75,374.0
2023-11-30,6148,504709.0,17173829.0,33.85,34.3,33.5,34.2,0.5,384.0
2023-12-01,6148,375754.0,12936982.0,34.4,34.75,34.2,34.45,0.25,278.0
2023-12-04,6148,1921699.0,68553882.0,34.6,36.75,34.3,35.7,1.25,1384.0
2023-12-05,6148,5337432.0,204233861.0,35.9,39.25,35.85,39.25,3.55,3117.0
2023-12-06,6148,13412168.0,555348872.0,41.75,43.05,39.75,41.5,2.25,8600.0
2023-12-07,6148,3720701.0,147858104.0,41.3,41.35,38.8,39.0,-2.5,2629.0
2023-12-08,6148,4321818.0,176500877.0,39.55,42.2,39.3,40.0,1.0,3067.0
2023-12-11,6148,2123906.0,80625736.0,38.4,38.45,37.1,37.95,-2.05,1527.0
2023-12-12,6148,1843595.0,71276370.0,38.5,39.45,38.0,38.2,0.25,1407.0
2023-12-13,6148,803129.0,30700158.0,38.2,38.95,37.75,37.9,-0.3,703.0
2023-12-14,6148,921292.0,34625582.0,38.4,38.4,37.15,37.2,-0.7,700.0
2023-12-15,6148,535818.0,19823505.0,37.45,37.45,36.75,36.75,-0.45,480.0
2023-12-18,6148,404308.0,14910193.0,36.65,37.6,36.55,36.65,-0.1,373.0
2023-12-19,6148,584429.0,20928179.0,36.7,36.85,35.3,36.0,-0.65,433.0
2023-12-20,6148,351768.0,12784271.0,36.5,36.85,36.0,36.1,0.1,379.0
2023-12-21,6148,190188.0,6801344.0,36.1,36.1,35.4,35.65,-0.45,205.0
2023-12-22,6148,299651.0,10670090.0,36.2,36.25,35.2,35.2,-0.45,271.0
2023-12-25,6148,341856.0,11911072.0,35.4,35.45,34.5,34.65,-0.55,319.0
2023-12-26,6148,251294.0,8810019.0,34.65,35.25,34.6,35.1,0.45,228.0
2023-12-27,6148,366143.0,12772029.0,35.2,35.2,34.7,34.75,-0.35,416.0
2023-12-28,6148,327877.0,11460208.0,34.75,35.5,34.7,35.1,0.35,344.0
2023-12-29,6148,245793.0,8655835.0,35.6,35.65,35.0,35.25,0.15,231.0
2024-01-02,6148,689186.0,24984929.0,35.35,36.8,35.1,36.5,1.25,560.0
2024-01-03,6148,487544.0,17539197.0,36.5,36.8,35.65,35.65,-0.85,394.0
2024-01-04,6148,333799.0,11782950.0,35.6,35.95,35.05,35.05,-0.6,275.0
2024-01-05,6148,387528.0,13779588.0,34.8,36.15,34.8,35.6,0.55,314.0
2024-01-08,6148,351955.0,12701463.0,36.2,36.65,35.5,36.4,0.8,293.0
2024-01-09,6148,463701.0,16739970.0,36.5,36.7,35.5,36.25,-0.15,379.0
2024-01-10,6148,563568.0,19729759.0,35.0,35.5,34.65,34.85,-1.4,416.0
2024-01-11,6148,634504.0,21717472.0,34.5,35.0,33.55,33.8,-1.05,503.0
2024-01-12,6148,495350.0,16483123.0,33.5,33.65,33.0,33.15,-0.65,402.0
2024-01-15,6148,425934.0,14691384.0,33.25,35.65,33.25,34.35,1.2,326.0
2024-01-16,6148,237499.0,8044799.0,34.6,34.6,33.6,33.65,-0.7,185.0
2024-01-17,6148,217298.0,7329060.0,33.65,34.5,33.4,33.4,-0.25,182.0
2024-01-18,6148,567716.0,19472123.0,33.5,35.2,33.5,33.8,0.4,433.0
2024-01-19,6148,207259.0,7019589.0,34.15,34.25,33.65,33.75,-0.05,164.0
2024-01-22,6148,279759.0,9604661.0,34.0,34.65,34.0,34.55,0.8,221.0
2024-01-23,6148,269964.0,9356891.0,34.7,35.3,34.2,34.75,0.2,310.0
2024-01-24,6148,313818.0,10984695.0,34.9,35.3,34.6,34.6,-0.15,234.0
2024-01-25,6148,267099.0,9110147.0,35.2,35.2,33.7,33.75,-0.85,242.0
2024-01-26,6148,167666.0,5621605.0,33.8,33.85,33.35,33.5,-0.25,160.0
2024-01-29,6148,171322.0,5848385.0,33.5,34.4,33.5,34.4,0.9,172.0
2024-01-30,6148,168353.0,5696526.0,34.6,34.6,33.65,33.8,-0.6,176.0
2024-01-31,6148,206214.0,6932094.0,33.7,34.05,33.3,33.35,-0.45,158.0
2024-02-01,6148,176733.0,5893279.0,33.45,33.65,33.15,33.4,0.05,175.0
2024-02-02,6148,489588.0,16090768.0,33.4,33.5,32.4,32.4,-1.0,376.0
2024-02-05,6148,344260.0,10944232.0,32.15,32.15,31.4,31.8,-0.6,288.0
2024-02-15,6148,331283.0,10948941.0,31.95,33.5,31.95,33.2,1.4,255.0
2024-02-16,6148,408262.0,13819592.0,33.55,34.2,33.35,33.9,0.7,306.0
2024-02-19,6148,228531.0,7804326.0,33.7,34.4,33.7,34.05,0.15,224.0
2024-02-20,6148,207975.0,7040561.0,34.1,34.3,33.7,33.75,-0.3,201.0
2024-02-21,6148,311902.0,10653910.0,34.0,34.4,33.9,34.15,0.4,274.0
2024-02-22,6148,137740.0,4667707.0,34.25,34.25,33.75,33.8,-0.35,133.0
2024-02-23,6148,1264194.0,44418056.0,34.2,35.9,34.2,34.7,0.9,880.0
2024-02-26,6148,265426.0,9188368.0,34.95,35.35,34.4,34.55,-0.15,296.0
2024-02-27,6148,377623.0,12918988.0,34.55,34.9,33.65,34.25,-0.3,286.0
2024-02-29,6148,1005241.0,35584206.0,34.6,36.0,34.6,35.85,1.6,677.0
2024-03-01,6148,2176061.0,78508471.0,36.7,37.2,34.8,34.9,-0.95,1728.0
2024-03-04,6148,531168.0,18475276.0,35.15,35.15,34.4,34.85,-0.05,415.0
2024-03-05,6148,299020.0,10329444.0,35.1,35.1,34.25,34.25,-0.6,313.0
2024-03-06,6148,264470.0,9089574.0,34.7,34.7,34.15,34.2,-0.05,279.0
2024-03-07,6148,365100.0,12344113.0,34.5,34.5,33.5,33.7,-0.5,338.0
2024-03-08,6148,403399.0,13315451.0,33.35,33.65,32.6,32.6,-1.1,316.0
2024-03-11,6148,849332.0,26295442.0,31.4,31.7,29.6,31.7,-0.9,644.0
2024-03-12,6148,236046.0,7546746.0,31.9,32.25,31.6,31.95,0.25,222.0
2024-03-13,6148,307324.0,9752548.0,32.5,32.5,31.3,31.45,-0.5,264.0
2024-03-14,6148,205423.0,6445792.0,31.55,31.75,30.8,31.45,0.0,200.0
2024-03-15,6148,143467.0,4501334.0,31.45,31.65,31.2,31.2,-0.25,133.0
2024-03-18,6148,227842.0,7327774.0,31.2,32.55,31.2,32.5,1.3,210.0
2024-03-19,6148,237636.0,7593095.0,32.6,32.6,31.7,31.85,-0.65,199.0
2024-03-20,6148,273433.0,8680023.0,31.9,32.0,31.5,31.5,-0.35,192.0
2024-03-21,6148,162632.0,5198799.0,31.55,32.15,31.55,32.1,0.6,134.0
2024-03-22,6148,187040.0,6031633.0,32.1,32.8,32.1,32.15,0.05,167.0
2024-03-25,6148,316876.0,10374304.0,32.3,33.0,32.3,33.0,0.85,282.0
2024-03-26,6148,169224.0,5590126.0,33.5,33.95,32.5,33.0,0.0,215.0
2024-03-27,6148,141220.0,4616106.0,33.0,33.0,32.5,32.75,-0.25,162.0
2024-03-28,6148,89193.0,2914206.0,32.85,32.85,32.4,32.5,-0.25,168.0
2024-03-29,6148,145038.0,4687034.0,32.5,32.5,32.15,32.35,-0.15,159.0
2024-04-01,6148,251623.0,8251433.0,32.35,33.1,32.35,33.0,0.65,260.0
2024-04-02,6148,171737.0,5461397.0,31.8,32.1,31.7,31.7,0.0,187.0
2024-04-03,6148,110462.0,3452111.0,31.7,31.7,31.05,31.3,-0.4,131.0
2024-04-08,6148,157872.0,4904704.0,31.3,31.35,30.9,30.95,-0.35,198.0
2024-04-09,6148,176555.0,5407771.0,30.05,30.9,30.05,30.85,-0.1,150.0
2024-04-10,6148,1507049.0,50106524.0,32.3,33.9,32.3,32.9,2.05,884.0
2024-04-11,6148,363745.0,11802338.0,32.9,33.2,32.15,32.4,-0.5,447.0
2024-04-12,6148,147159.0,4783498.0,32.45,32.85,32.2,32.4,0.0,306.0
2024-04-15,6148,201704.0,6408224.0,32.2,32.2,31.5,31.6,-0.8,349.0
2024-04-16,6148,306930.0,9433766.0,31.2,31.3,30.25,30.65,-0.95,249.0
2024-04-17,6148,113385.0,3510024.0,30.95,31.25,30.7,30.85,0.2,143.0
2024-04-18,6148,106879.0,3313920.0,30.4,31.45,30.4,31.3,0.45,203.0
2024-04-19,6148,197802.0,5987566.0,30.9,30.9,29.95,30.3,-1.0,276.0
2024-04-22,6148,136424.0,4123668.0,30.3,30.65,30.05,30.05,-0.25,303.0
2024-04-23,6148,102278.0,3082750.0,30.45,30.65,29.95,30.05,0.0,279.0
2024-04-24,6148,185557.0,5654888.0,30.15,30.8,30.15,30.7,0.65,330.0
2024-04-25,6148,91247.0,2780782.0,30.65,30.9,30.3,30.35,-0.35,153.0
2024-04-26,6148,72703.0,2213584.0,30.5,30.75,30.3,30.5,0.15,132.0
2024-04-29,6148,93167.0,2851797.0,30.85,30.85,30.5,30.5,0.0,125.0
2024-04-30,6148,48255.0,1477714.0,30.65,30.75,30.55,30.55,0.05,64.0
2024-05-02,6148,77224.0,2365388.0,30.45,30.8,30.4,30.6,0.05,93.0
2024-05-03,6148,136336.0,4219962.0,30.9,31.4,30.7,30.7,0.1,112.0
2024-05-06,6148,104636.0,3204320.0,31.2,31.2,30.5,30.6,-0.1,134.0
2024-05-07,6148,155103.0,4711523.0,30.6,30.65,30.2,30.4,-0.2,134.0
2024-05-08,6148,195083.0,5873202.0,30.4,30.4,29.9,30.1,-0.3,135.0
2024-05-09,6148,98413.0,2955753.0,30.25,30.25,29.9,30.0,-0.1,77.0
2024-05-10,6148,380092.0,11191490.0,29.5,29.75,29.25,29.35,-0.65,295.0
2024-05-13,6148,210707.0,6101862.0,29.35,29.4,28.75,29.1,-0.25,206.0
2024-05-14,6148,126444.0,3675933.0,28.85,29.4,28.85,28.95,-0.15,99.0
2024-05-15,6148,188105.0,5440324.0,28.95,29.35,28.75,28.9,-0.05,142.0
2024-05-16,6148,111170.0,3223047.0,29.25,29.25,28.85,29.0,0.1,93.0
2024-05-17,6148,80227.0,2348012.0,29.25,29.45,29.0,29.4,0.4,86.0
2024-05-20,6148,86472.0,2549128.0,29.4,29.65,29.2,29.5,0.1,67.0
2024-05-21,6148,132569.0,3886123.0,29.5,29.6,29.2,29.6,0.1,97.0
2024-05-22,6148,193338.0,5787006.0,29.4,30.3,29.4,29.6,0.0,144.0
2024-05-23,6148,124675.0,3640039.0,29.7,29.7,29.05,29.05,-0.55,121.0
2024-05-24,6148,119352.0,3460169.0,28.9,29.2,28.75,29.0,-0.05,104.0
2024-05-27,6148,152036.0,4434744.0,29.0,29.45,28.85,29.3,0.3,99.0
2024-05-28,6148,131715.0,3912834.0,29.3,29.9,29.3,29.8,0.5,118.0
2024-05-29,6148,248322.0,7424522.0,29.8,30.2,29.5,29.95,0.15,191.0
2024-05-30,6148,100841.0,3017174.0,29.6,30.3,29.6,29.6,-0.35,101.0
2024-05-31,6148,494107.0,15123217.0,29.65,31.5,29.65,30.7,1.1,354.0
2024-06-03,6148,295902.0,8919518.0,30.7,30.75,29.9,29.9,-0.8,200.0
2024-06-04,6148,110222.0,3291110.0,29.9,30.25,29.55,29.55,-0.35,93.0
2024-06-05,6148,40158.0,1198344.0,29.75,29.95,29.75,29.85,0.3,51.0
2024-06-06,6148,92351.0,2744870.0,30.0,30.25,29.5,29.55,-0.3,75.0
2024-06-07,6148,82049.0,2433657.0,29.4,29.9,29.4,29.7,0.15,61.0
2024-06-11,6148,112308.0,3309578.0,29.7,29.75,29.25,29.25,-0.45,100.0
2024-06-12,6148,90030.0,2635782.0,29.4,29.6,29.15,29.2,-0.05,62.0
2024-06-13,6148,170213.0,4969401.0,29.4,29.55,29.0,29.05,-0.15,121.0
2024-06-14,6148,137450.0,3984826.0,29.25,29.3,28.8,28.85,-0.2,133.0
2024-06-17,6148,93063.0,2694415.0,28.95,29.1,28.85,28.85,0.0,66.0
2024-06-18,6148,82317.0,2376521.0,28.9,29.0,28.85,28.85,0.0,72.0
2024-06-19,6148,325934.0,9264153.0,28.9,28.9,28.05,28.25,-0.6,227.0
2024-06-20,6148,146031.0,4142429.0,28.25,28.6,28.2,28.5,0.25,80.0
2024-06-21,6148,63412.0,1802726.0,28.5,28.55,28.35,28.45,-0.05,65.0
2024-06-24,6148,94369.0,2672116.0,28.8,28.8,28.1,28.1,-0.35,91.0
2024-06-25,6148,161503.0,4495254.0,28.6,28.6,27.65,27.9,-0.2,127.0
2024-06-26,6148,47358.0,1325864.0,27.95,28.2,27.85,27.95,0.05,49.0
2024-06-27,6148,54485.0,1522933.0,28.0,28.15,27.8,27.8,-0.15,56.0
2024-06-28,6148,67524.0,1885680.0,27.8,28.05,27.7,28.0,0.2,54.0
2024-07-01,6148,67169.0,1886611.0,28.35,28.35,27.9,27.9,-0.1,65.0
2024-07-02,6148,52231.0,1458932.0,28.0,28.1,27.8,27.9,0.0,45.0
2024-07-03,6148,117491.0,3287426.0,27.95,28.15,27.8,27.95,0.05,73.0
2024-07-04,6148,95635.0,2673102.0,28.0,28.1,27.8,27.95,0.0,81.0
2024-07-05,6148,338828.0,9701407.0,28.1,29.3,27.95,29.0,1.05,279.0
2024-07-08,6148,288373.0,8259393.0,29.0,29.2,28.45,28.55,-0.45,151.0
2024-07-09,6148,1082202.0,32743093.0,28.6,31.1,28.55,29.8,1.25,726.0
2024-07-10,6148,251551.0,7536322.0,29.8,30.3,29.6,29.9,0.1,227.0
2024-07-11,6148,549502.0,16791673.0,30.95,30.95,30.2,30.4,0.5,330.0
2024-07-12,6148,154783.0,4660977.0,30.3,30.4,29.95,30.0,-0.4,169.0
2024-07-15,6148,110218.0,3282305.0,30.25,30.3,29.5,29.5,-0.5,106.0
2024-07-16,6148,628101.0,19381781.0,29.7,31.8,29.7,31.1,1.6,435.0
2024-07-17,6148,428165.0,13117426.0,31.3,31.35,30.25,30.45,-0.65,294.0
2024-07-18,6148,303069.0,9004923.0,30.15,30.65,29.3,29.3,-1.15,213.0
2024-07-19,6148,179101.0,5206504.0,29.35,29.6,28.7,28.7,-0.6,149.0
2024-07-22,6148,485259.0,13277382.0,28.25,28.75,26.8,27.0,-1.7,310.0
2024-07-23,6148,102236.0,2797164.0,27.5,27.6,27.1,27.3,0.3,82.0
2024-07-26,6148,251788.0,6555867.0,25.15,27.3,25.15,26.65,-0.65,163.0
2024-07-29,6148,79196.0,2075396.0,26.9,26.9,26.0,26.0,-0.65,88.0
2024-07-30,6148,87769.0,2262876.0,26.0,26.4,25.35,25.95,-0.05,81.0
2024-07-31,6148,77363.0,2027587.0,25.8,26.9,25.8,26.1,0.15,77.0
2024-08-01,6148,50369.0,1335849.0,26.95,26.95,26.3,26.55,0.45,66.0
2024-08-02,6148,84778.0,2205609.0,26.1,26.4,25.8,25.8,-0.75,102.0
2024-08-05,6148,308481.0,7227799.0,25.3,25.3,23.25,23.25,-2.55,204.0
2024-08-06,6148,574378.0,12215324.0,23.35,23.45,20.95,21.15,-2.1,362.0
2024-08-07,6148,220677.0,4960983.0,21.3,22.85,21.3,22.5,1.35,146.0
2024-08-08,6148,108011.0,2394892.0,22.4,22.45,22.0,22.3,-0.2,89.0
2024-08-09,6148,161137.0,3715252.0,22.8,23.45,22.65,23.05,0.75,107.0
2024-08-12,6148,143025.0,3244090.0,22.25,23.05,22.25,22.75,-0.3,107.0
2024-08-13,6148,88156.0,2025356.0,22.8,23.25,22.75,23.15,0.4,57.0
2024-08-14,6148,76067.0,1765102.0,23.2,23.5,23.0,23.0,-0.15,68.0
2024-08-15,6148,45414.0,1044502.0,23.15,23.2,22.8,23.05,0.05,48.0
2024-08-16,6148,147371.0,3494008.0,23.15,24.1,23.15,23.55,0.5,105.0
2024-08-19,6148,92293.0,2214778.0,23.65,24.35,23.65,23.85,0.3,84.0
2024-08-20,6148,129864.0,3157868.0,23.85,25.0,23.8,24.15,0.3,99.0
2024-08-21,6148,247862.0,5816910.0,24.15,24.15,22.8,23.4,-0.75,187.0
2024-08-22,6148,65008.0,1535184.0,23.45,23.75,23.45,23.65,0.25,52.0
2024-08-23,6148,106482.0,2483643.0,23.65,23.7,22.65,23.7,0.05,107.0
2024-08-26,6148,189119.0,4506093.0,23.8,24.15,23.55,23.85,0.15,96.0
2024-08-27,6148,71722.0,1716271.0,23.25,24.15,23.25,24.05,0.2,54.0
2024-08-28,6148,70408.0,1687201.0,24.0,24.15,23.8,23.8,-0.25,72.0
2024-08-29,6148,37507.0,894068.0,23.85,23.9,23.65,23.85,0.05,36.0
2024-08-30,6148,34054.0,822786.0,24.15,24.3,23.9,23.9,0.05,34.0
2024-09-02,6148,57750.0,1381829.0,24.3,24.3,23.75,23.75,-0.15,109.0
2024-09-03,6148,60343.0,1423048.0,23.75,23.75,23.45,23.45,-0.3,48.0
2024-09-04,6148,58168.0,1310549.0,23.05,23.05,22.1,22.5,-0.95,57.0
2024-09-05,6148,119203.0,2717415.0,22.9,23.35,22.35,22.7,0.2,87.0
2024-09-06,6148,50087.0,1132960.0,22.5,22.8,22.35,22.65,-0.05,44.0
2024-09-09,6148,468936.0,11674852.0,24.9,24.9,24.5,24.9,2.25,175.0
2024-09-10,6148,686957.0,18788267.0,27.35,27.35,27.35,27.35,2.45,291.0
2024-09-11,6148,3403925.0,94336899.0,29.1,29.5,26.2,26.9,-0.45,2166.0
2024-09-12,6148,766997.0,20729103.0,27.2,27.7,26.5,27.3,0.4,536.0
2024-09-13,6148,494764.0,13430755.0,27.4,27.95,26.7,27.95,0.65,461.0
2024-09-16,6148,517414.0,14394762.0,27.95,28.5,27.3,27.75,-0.2,397.0
2024-09-18,6148,387974.0,10683155.0,27.55,28.0,27.15,27.5,-0.25,321.0
2024-09-19,6148,2429372.0,72930138.0,28.2,30.25,28.2,30.25,2.75,998.0
2024-09-20,6148,4798982.0,146026594.0,31.0,32.3,28.7,28.75,-1.5,2963.0
2024-09-23,6148,595326.0,17204808.0,29.1,29.35,28.55,28.75,0.0,391.0
2024-09-24,6148,874738.0,25611359.0,29.05,29.85,28.4,29.5,0.75,695.0
2024-09-25,6148,1235211.0,37576788.0,30.5,31.2,30.0,30.2,0.7,971.0
2024-09-26,6148,429145.0,12672455.0,30.2,30.3,29.0,29.45,-0.75,405.0
2024-09-27,6148,395155.0,11441277.0,29.8,30.0,28.6,28.6,-0.85,317.0
2024-09-30,6148,197222.0,5641375.0,28.6,29.0,28.2,29.0,0.4,153.0
2024-10-01,6148,92064.0,2630465.0,29.0,29.05,28.4,28.6,-0.4,89.0
2024-10-04,6148,382236.0,10544609.0,28.35,28.35,27.1,27.4,-1.2,308.0
2024-10-07,6148,239864.0,6588157.0,27.25,28.0,27.25,27.4,0.0,194.0
2024-10-08,6148,173521.0,4712997.0,27.85,27.85,26.8,27.3,-0.1,138.0
2024-10-09,6148,99861.0,2720102.0,27.9,27.9,26.95,27.0,-0.3,97.0
2024-10-11,6148,962823.0,28489389.0,29.0,29.7,29.0,29.7,2.7,508.0
2024-10-14,6148,3485110.0,107909994.0,32.65,32.65,29.7,30.1,0.4,1976.0
2024-10-15,6148,443632.0,13287490.0,29.6,30.5,29.6,29.9,-0.2,340.0
2024-10-16,6148,263691.0,7839939.0,29.4,30.15,29.4,29.4,-0.5,272.0
2024-10-17,6148,195171.0,5789928.0,29.95,30.0,29.45,29.5,0.1,157.0
2024-10-18,6148,253019.0,7451053.0,29.65,29.95,29.0,29.8,0.3,253.0
2024-10-21,6148,645295.0,19535841.0,30.8,31.0,29.9,30.0,0.2,531.0
2024-10-22,6148,239363.0,7179957.0,29.9,30.25,29.8,29.8,-0.2,196.0
2024-10-23,6148,439763.0,13219467.0,30.15,30.5,29.4,30.3,0.5,361.0
2024-10-24,6148,4590147.0,147216403.0,30.7,33.3,30.2,30.65,0.35,2385.0
2024-10-25,6148,899350.0,27253729.0,30.5,30.75,29.8,30.7,0.05,671.0
2024-10-28,6148,428327.0,12871771.0,30.6,30.65,29.6,29.9,-0.8,349.0
2024-10-29,6148,208446.0,6163374.0,29.7,30.05,29.3,29.5,-0.4,169.0
2024-10-30,6148,139970.0,4126306.0,30.2,30.2,29.15,29.15,-0.35,161.0
2024-11-01,6148,146662.0,4231996.0,28.6,29.4,28.3,29.2,0.05,138.0
2024-11-04,6148,80300.0,2331056.0,29.0,29.3,28.85,29.1,-0.1,104.0
2024-11-05,6148,135173.0,3931365.0,29.1,29.4,28.7,28.85,-0.25,111.0
2024-11-06,6148,185558.0,5300703.0,28.9,29.0,28.35,28.45,-0.4,144.0
2024-11-07,6148,60061.0,1731903.0,28.55,29.0,28.55,28.95,0.5,56.0
2024-11-08,6148,227191.0,6505324.0,29.55,29.55,28.25,28.35,-0.6,184.0
2024-11-11,6148,1133560.0,29433924.0,26.9,27.2,25.55,25.75,-2.6,711.0
2024-11-12,6148,175079.0,4479378.0,25.25,25.85,25.25,25.75,0.0,152.0
2024-11-13,6148,144860.0,3779447.0,25.75,26.5,25.75,25.95,0.2,140.0
2024-11-14,6148,179553.0,4557429.0,26.0,26.0,25.1,25.1,-0.85,180.0
2024-11-15,6148,92131.0,2369893.0,25.1,26.05,25.1,25.65,0.55,80.0
2024-11-18,6148,87248.0,2190059.0,25.4,25.4,24.5,25.05,-0.6,122.0
2024-11-19,6148,70146.0,1777891.0,25.15,25.55,25.15,25.4,0.35,58.0
2024-11-20,6148,53225.0,1342137.0,25.3,25.4,25.15,25.15,-0.25,57.0
2024-11-21,6148,47006.0,1185187.0,25.0,25.5,24.8,25.35,0.2,47.0
2024-11-22,6148,83550.0,2154767.0,26.15,26.15,25.65,25.75,0.4,72.0
2024-11-25,6148,59419.0,1541987.0,25.75,26.05,25.75,26.05,0.3,55.0
2024-11-26,6148,44652.0,1168601.0,26.75,26.75,26.0,26.1,0.05,65.0
2024-11-27,6148,74260.0,1908853.0,26.25,26.25,25.4,25.9,-0.2,64.0
2024-11-28,6148,80228.0,2034932.0,25.5,25.7,25.0,25.4,-0.5,89.0
2024-11-29,6148,42155.0,1061084.0,25.0,25.65,24.7,25.5,0.1,41.0
2024-12-02,6148,58965.0,1532395.0,25.5,26.15,25.5,25.9,0.4,91.0
2024-12-03,6148,74354.0,1925584.0,25.95,26.5,25.6,25.9,0.0,82.0
2024-12-04,6148,60430.0,1578698.0,25.9,26.3,25.9,26.05,0.15,52.0
2024-12-05,6148,596939.0,16913195.0,26.1,28.65,26.1,28.65,2.6,310.0
2024-12-06,6148,5248044.0,156841503.0,30.7,31.4,28.3,29.05,0.4,3530.0
2024-12-09,6148,1468272.0,42359670.0,29.05,29.6,28.15,28.6,-0.45,1046.0
2024-12-10,6148,894540.0,24312793.0,27.1,27.8,26.8,26.85,-1.75,663.0
2024-12-11,6148,1183291.0,33052752.0,26.85,28.6,26.85,27.05,0.2,993.0
2024-12-12,6148,610545.0,16713207.0,27.6,28.3,26.9,26.9,-0.15,590.0
2024-12-13,6148,329568.0,8819500.0,26.9,27.3,26.3,26.4,-0.5,281.0
2024-12-16,6148,248585.0,6452917.0,26.9,26.9,25.5,25.5,-0.9,215.0
2024-12-17,6148,93014.0,2379202.0,25.5,25.75,25.35,25.5,0.0,161.0
2024-12-18,6148,80037.0,2042947.0,25.45,25.95,25.25,25.4,-0.1,80.0
2024-12-19,6148,125484.0,3166536.0,25.35,25.65,25.05,25.3,-0.1,102.0
2024-12-20,6148,148580.0,3808898.0,25.5,26.0,25.2,25.35,0.05,154.0
2024-12-23,6148,137426.0,3537001.0,25.55,26.1,25.4,25.5,0.15,102.0
2024-12-24,6148,152022.0,3942668.0,25.95,26.3,25.6,25.75,0.25,131.0
2024-12-25,6148,98257.0,2555234.0,25.9,26.25,25.85,25.95,0.2,88.0
2024-12-26,6148,102530.0,2637909.0,26.05,26.05,25.55,25.7,-0.25,111.0
2024-12-27,6148,125219.0,3185507.0,25.75,25.75,25.3,25.3,-0.4,103.0
2024-12-30,6148,48296.0,1216741.0,25.15,25.4,25.15,25.15,-0.15,62.0
2024-12-31,6148,65203.0,1631606.0,25.05,25.35,24.8,24.95,-0.2,93.0
2025-01-02,6148,94692.0,2409736.0,25.0,25.75,25.0,25.3,0.35,103.0
2025-01-03,6148,80467.0,2020894.0,25.55,25.55,24.85,24.95,-0.35,112.0
2025-01-06,6148,52596.0,1325505.0,25.0,25.4,25.0,25.4,0.45,63.0
2025-01-07,6148,181426.0,4676925.0,25.5,26.45,25.2,25.6,0.2,181.0
2025-01-08,6148,920531.0,24962310.0,25.7,27.8,25.7,26.95,1.35,686.0
2025-01-09,6148,267931.0,7065135.0,26.85,27.15,26.0,26.15,-0.8,258.0
2025-01-10,6148,633451.0,17191173.0,28.0,28.0,26.35,26.4,0.25,496.0
2025-01-13,6148,525587.0,13564303.0,26.9,27.1,25.1,25.8,-0.6,413.0
2025-01-14,6148,207327.0,5442827.0,25.95,26.6,25.9,26.3,0.5,196.0
2025-01-15,6148,179348.0,4625130.0,26.4,26.4,25.35,25.4,-0.9,209.0
2025-01-16,6148,217037.0,5531048.0,25.75,25.8,25.15,25.55,0.15,178.0
2025-01-17,6148,101864.0,2583811.0,25.55,25.6,25.2,25.25,-0.3,119.0
2025-01-20,6148,71147.0,1808078.0,25.35,25.55,25.3,25.4,0.15,75.0
2025-01-21,6148,46490.0,1177507.0,25.3,25.4,25.25,25.25,-0.15,80.0
2025-01-22,6148,155837.0,3957379.0,25.15,25.6,25.15,25.3,0.05,179.0
2025-02-03,6148,1298619.0,35798687.0,25.25,27.8,25.2,27.8,2.5,632.0
2025-02-04,6148,3158006.0,95764908.0,29.75,30.55,29.5,30.55,2.75,1418.0
2025-02-05,6148,14601446.0,484989544.0,33.6,33.6,32.0,33.6,3.05,7513.0
2025-02-06,6148,19468702.0,672725020.0,32.45,36.9,31.3,36.35,2.75,13565.0
2025-02-07,6148,26011965.0,1003976228.0,36.0,39.95,35.65,39.95,3.6,14704.0
2025-02-10,6148,24208885.0,948251525.0,39.65,41.35,37.15,38.45,-1.5,15086.0
2025-02-11,6148,2245276.0,84967829.0,38.1,38.65,37.3,37.3,-1.15,1846.0
2025-02-12,6148,1378768.0,52099900.0,38.3,38.3,37.1,37.7,0.4,1157.0
2025-02-13,6148,1891697.0,73303883.0,38.5,39.1,38.25,38.85,1.15,1499.0
2025-02-14,6148,1226203.0,47351083.0,39.85,39.85,37.7,38.1,-0.75,960.0
2025-02-17,6148,711250.0,27134417.0,38.1,38.5,38.0,38.15,0.05,618.0
2025-02-18,6148,1077182.0,41802129.0,38.5,39.0,38.5,39.0,0.85,880.0
2025-02-19,6148,5177652.0,215708110.0,39.3,42.9,39.3,42.9,3.9,3532.0
2025-02-20,6148,2657094.0,106084801.0,42.0,42.0,39.0,39.5,-3.4,1939.0
2025-02-21,6148,960555.0,37902962.0,38.55,40.0,38.55,39.9,0.4,777.0
2025-02-24,6148,1713284.0,70529817.0,39.15,42.0,39.15,42.0,2.1,1454.0
2025-02-25,6148,2252094.0,94978196.0,40.3,43.3,40.3,43.0,1.0,1656.0
2025-02-26,6148,1787390.0,76402448.0,43.0,43.6,41.7,41.7,-1.3,1294.0
2025-02-27,6148,10953135.0,450888583.0,42.1,44.55,38.2,38.7,-3.0,7577.0
2025-03-03,6148,3384926.0,123690236.0,37.85,38.2,35.45,35.45,-3.25,2853.0
2025-03-04,6148,5644169.0,212793368.0,34.75,38.95,34.35,38.95,3.5,3518.0
2025-03-05,6148,17588587.0,695328286.0,39.05,41.0,38.2,40.0,1.05,10981.0
2025-03-06,6148,6828892.0,271762031.0,39.8,40.95,39.1,39.2,-0.8,4518.0
2025-03-07,6148,15346599.0,615952258.0,39.05,41.5,38.35,40.5,1.3,10329.0
2025-03-10,6148,22428702.0,935046018.0,42.0,43.8,40.1,40.8,0.3,14849.0
2025-03-11,6148,13742983.0,560484252.0,40.3,42.25,38.3,42.05,1.25,9398.0
2025-03-12,6148,22086297.0,938796229.0,41.65,43.9,41.5,41.5,-0.55,13912.0
2025-03-13,6148,7624378.0,308802452.0,42.0,42.2,38.9,39.4,-2.1,5214.0
2025-03-14,6148,3866155.0,151497441.0,39.4,40.45,38.15,39.55,0.15,2669.0
2025-03-17,6148,2073625.0,81800086.0,40.0,40.25,38.9,39.1,-0.45,1571.0
2025-03-18,6148,1629538.0,63532400.0,39.7,39.85,38.4,38.6,-0.5,1367.0
2025-03-19,6148,1609861.0,61712017.0,38.65,39.0,37.9,38.45,-0.15,1215.0
2025-03-20,6148,11293118.0,473252648.0,39.0,42.25,38.7,42.25,3.8,4828.0
2025-03-21,6148,23360774.0,1058191912.0,42.7,46.45,42.4,46.45,4.2,11028.0
2025-03-24,6148,29858516.0,1483263213.0,47.75,51.0,47.7,51.0,4.55,15243.0
2025-03-25,6148,39342636.0,2158739440.0,52.8,56.1,51.8,56.1,5.1,16122.0
2025-03-26,6148,76516518.0,4273279117.0,58.8,61.5,51.7,53.4,-2.7,37028.0
2025-03-27,6148,11231527.0,572780665.0,52.3,53.0,49.2,49.2,-4.2,6193.0
2025-03-28,6148,22271103.0,1133165296.0,50.2,53.5,46.75,46.75,-2.45,13600.0
2025-03-31,6148,17523673.0,858451101.0,46.1,50.8,46.1,47.3,0.55,11469.0
2025-04-01,6148,12951372.0,641903887.0,47.55,50.5,47.55,50.5,0.0,6506.0
2025-04-02,6148,28438720.0,1499455624.0,51.9,54.7,49.6,49.65,-0.85,17995.0
2025-04-07,6148,188450.0,8423639.0,44.7,44.7,44.7,44.7,-4.95,272.0
2025-04-08,6148,35855678.0,1646018183.0,40.25,49.15,40.25,49.15,4.45,24635.0
2025-04-09,6148,73655200.0,3734675407.0,53.0,53.9,46.6,49.9,0.75,44691.0
2025-04-10,6148,11062525.0,604496294.0,54.4,54.8,53.7,54.8,4.9,5402.0
2025-04-11,6148,82717215.0,4614965256.0,54.8,58.6,52.6,55.7,0.9,49955.0
2025-04-14,6148,39989017.0,2263343508.0,57.9,59.1,53.9,54.0,-1.7,24239.0
2025-04-15,6148,44301521.0,2517817578.0,54.5,59.4,53.5,59.4,5.4,25240.0
2025-04-16,6148,34050133.0,2194678808.0,63.0,65.3,62.5,65.3,5.9,13587.0
2025-04-17,6148,101264115.0,6622033881.0,67.4,69.7,59.3,60.4,-4.9,59931.0
2025-04-18,6148,80370803.0,5003374371.0,61.1,66.4,59.6,66.4,6.0,50282.0
2025-04-21,6148,37889546.0,2602734766.0,71.1,72.0,61.8,61.8,-4.6,22853.0
2025-04-22,6148,19286569.0,1205773671.0,60.9,65.1,58.9,59.1,-2.7,17028.0
2025-04-23,6148,8778378.0,561360370.0,62.1,65.0,61.7,65.0,5.9,4489.0
2025-04-24,6148,45702624.0,3158525709.0,67.8,71.5,66.7,67.4,2.4,29504.0
2025-04-25,6148,36851007.0,2580396512.0,70.1,72.8,65.0,66.5,-0.9,28262.0
2025-04-28,6148,51498429.0,3608197588.0,68.5,73.1,66.5,73.1,6.6,32769.0
2025-04-29,6148,84019122.0,6397181609.0,76.5,80.0,73.0,73.7,0.6,46910.0
2025-04-30,6148,33800172.0,2489007112.0,74.5,76.3,70.8,71.1,-2.6,21328.0
2025-05-02,6148,22252122.0,1595824327.0,72.9,73.6,69.8,70.7,-0.4,13897.0
2025-05-05,6148,52059387.0,3747765498.0,71.7,75.0,67.4,72.4,1.7,37570.0
2025-05-06,6148,24364785.0,1757230379.0,72.0,74.4,70.4,72.0,-0.4,19150.0
2025-05-07,6148,54752348.0,4072218762.0,72.0,77.5,71.0,72.1,0.1,36197.0
2025-05-08,6148,21038530.0,1535862537.0,73.4,74.6,71.6,72.5,0.4,16734.0
2025-05-09,6148,16865129.0,1183459945.0,72.7,73.2,68.6,69.0,-3.5,11505.0
2025-05-12,6148,11729341.0,820400891.0,70.5,71.2,68.5,70.2,1.2,7747.0
2025-05-13,6148,13975302.0,984016289.0,71.0,72.5,68.8,69.7,-0.5,9290.0
2025-05-14,6148,7194565.0,502359775.0,71.5,71.5,69.0,69.3,-0.4,6902.0
2025-05-15,6148,29069079.0,2102055843.0,69.0,73.9,69.0,71.6,2.3,20235.0
2025-05-16,6148,9076162.0,644033964.0,71.8,72.3,69.5,69.6,-2.0,6666.0
2025-05-19,6148,10477331.0,688619830.0,69.6,70.1,64.0,64.0,-5.6,7431.0
2025-05-20,6148,20523360.0,1371818526.0,64.8,68.7,64.7,68.4,4.4,14783.0
2025-05-21,6148,19982211.0,1375106020.0,69.1,70.2,67.4,69.2,0.8,12888.0
2025-05-22,6148,13069549.0,916587742.0,68.5,71.6,68.2,70.7,1.5,8747.0
2025-05-23,6148,11530695.0,796925733.0,70.9,71.3,67.6,67.6,-3.1,7641.0
2025-05-26,6148,4677280.0,308527021.0,67.6,67.6,65.2,65.2,-2.4,4357.0
2025-05-27,6148,7467472.0,482158075.0,65.3,67.0,62.5,62.7,-2.5,5175.0
2025-05-28,6148,5682057.0,355750076.0,63.8,64.7,60.7,61.4,-1.3,3888.0
2025-05-29,6148,3815627.0,229666163.0,62.0,62.3,59.0,59.1,-2.3,2832.0
2025-06-02,6148,16129646.0,995544588.0,59.6,64.5,58.3,63.1,4.0,12038.0
2025-06-03,6148,12385785.0,781999571.0,62.8,64.0,62.1,63.0,-0.1,8424.0
2025-06-04,6148,9248742.0,586341704.0,63.4,65.4,62.1,63.6,0.6,5809.0
2025-06-05,6148,6343251.0,400685118.0,63.9,64.5,62.0,62.4,-1.2,4281.0
2025-06-06,6148,4410708.0,270297780.0,62.0,62.9,60.2,61.0,-1.4,3156.0
2025-06-09,6148,4376911.0,258032932.0,60.4,61.1,58.1,58.7,-2.3,3017.0
2025-06-10,6148,7610026.0,428611024.0,57.6,57.9,55.3,55.5,-3.2,5357.0
2025-06-11,6148,5407364.0,299918776.0,55.9,56.5,54.1,56.5,1.0,3648.0
2025-06-12,6148,23260597.0,1388626093.0,56.1,62.1,55.7,62.1,5.6,16505.0
2025-06-13,6148,22947393.0,1409280129.0,62.1,63.0,59.6,60.2,-1.9,14210.0
2025-06-16,6148,2852763.0,167670559.0,59.5,59.7,58.3,58.6,-1.6,2035.0
2025-06-17,6148,15098740.0,910845129.0,58.6,62.0,57.5,60.2,1.6,10864.0
2025-06-18,6148,4770927.0,285710668.0,60.4,60.6,59.3,59.6,-0.6,4015.0
2025-06-19,6148,3332902.0,192011110.0,59.6,59.6,56.8,56.9,-2.7,2665.0
2025-06-20,6148,3409847.0,190530369.0,56.5,57.9,55.0,55.1,-1.8,2449.0
2025-06-23,6148,2920986.0,158632610.0,54.8,55.8,53.6,54.1,-1.0,2115.0
2025-06-24,6148,2020696.0,109781732.0,54.5,55.1,53.4,54.3,0.2,1559.0
2025-06-25,6148,1653782.0,88858575.0,54.8,54.8,53.1,53.1,-1.2,1265.0
2025-06-26,6148,1458235.0,77589689.0,53.5,53.9,52.8,52.8,-0.3,1166.0
2025-06-27,6148,10377512.0,579161760.0,53.0,57.0,52.8,55.4,2.6,7609.0
2025-06-30,6148,2324792.0,127123524.0,56.0,56.0,54.0,54.7,-0.7,1724.0
2025-07-01,6148,1721031.0,93681763.0,54.2,55.3,53.5,53.6,-1.1,1369.0
2025-07-02,6148,5543071.0,306899643.0,53.4,57.0,53.4,55.3,1.7,3851.0
2025-07-03,6148,1895223.0,104348671.0,55.3,55.8,54.5,54.9,-0.4,1325.0
2025-07-04,6148,1444997.0,77921784.0,54.9,55.5,53.1,53.3,-1.6,1205.0
2025-07-07,6148,1270552.0,65657424.0,53.2,53.2,51.1,51.1,-2.2,1073.0
2025-07-08,6148,9560126.0,519851395.0,52.5,56.0,52.3,53.6,2.5,6535.0
2025-07-09,6148,3310019.0,176138158.0,54.0,54.0,52.6,53.7,0.1,2409.0
2025-07-10,6148,1248952.0,65839115.0,52.8,53.4,52.1,52.1,-1.6,1017.0
2025-07-11,6148,1245306.0,64649446.0,52.1,52.5,51.5,51.6,-0.5,934.0
2025-07-14,6148,2730047.0,142813257.0,51.6,53.2,51.6,52.1,0.5,2223.0
2025-07-15,6148,1236159.0,63576546.0,51.7,52.0,51.0,51.5,-0.6,1285.0
2025-07-16,6148,1945931.0,97591222.0,51.5,51.7,49.25,49.25,-2.25,1672.0
2025-07-17,6148,1441897.0,72076694.0,50.0,50.4,49.65,50.0,0.75,1053.0
2025-07-18,6148,1491621.0,73151983.0,50.1,50.2,48.6,48.85,-1.15,1411.0
2025-07-21,6148,1202642.0,58279203.0,48.85,49.5,48.1,48.1,-0.75,996.0
2025-07-22,6148,2224765.0,104480524.0,48.1,48.15,46.15,46.3,-1.8,1581.0
2025-07-23,6148,1294431.0,60547429.0,46.95,47.6,46.2,46.8,0.5,933.0
2025-07-24,6148,744209.0,34545714.0,47.0,47.15,46.05,46.2,-0.6,756.0
2025-07-25,6148,1059159.0,49048562.0,46.15,47.0,45.9,46.05,-0.15,922.0
2025-07-28,6148,2089454.0,98664539.0,46.25,48.0,45.95,47.6,1.55,1672.0
2025-07-29,6148,1415309.0,65319848.0,47.45,47.55,45.25,45.25,-2.35,1735.0
2025-07-30,6148,1467650.0,66775825.0,45.3,46.85,44.6,46.85,1.6,1283.0
2025-07-31,6148,1123377.0,51491804.0,46.5,46.5,45.25,46.1,-0.75,1367.0
2025-08-01,6148,5765833.0,281341555.0,46.85,50.6,46.85,48.0,1.9,4804.0
2025-08-04,6148,3896405.0,191999207.0,48.3,50.7,47.1,49.3,1.3,3329.0
2025-08-05,6148,1912410.0,94443451.0,49.55,50.2,48.85,49.05,-0.25,1985.0
2025-08-06,6148,908842.0,44067699.0,49.2,49.3,48.0,48.1,-0.95,1085.0
2025-08-07,6148,822319.0,39532671.0,48.15,48.45,47.4,48.35,0.25,659.0
2025-08-08,6148,821059.0,39231407.0,48.0,48.4,47.35,47.95,-0.4,913.0
2025-08-11,6148,4148949.0,208649001.0,51.4,51.8,49.3,49.75,1.8,3092.0
2025-08-12,6148,5273897.0,274833483.0,50.0,53.6,49.4,52.5,2.75,4209.0
2025-08-13,6148,3332209.0,172055820.0,53.0,53.4,50.2,51.1,-1.4,3279.0
2025-08-14,6148,2287841.0,113177524.0,51.1,51.1,48.8,48.85,-2.25,1967.0
2025-08-15,6148,969007.0,47540907.0,49.35,49.5,48.65,49.1,0.25,809.0
2025-08-18,6148,754013.0,36784578.0,49.1,49.25,48.4,49.0,-0.1,757.0
2025-08-19,6148,3076062.0,154148539.0,49.5,51.6,48.45,49.15,0.15,2580.0
2025-08-20,6148,6543370.0,341259449.0,49.15,54.0,49.05,54.0,4.85,5100.0
2025-08-21,6148,14464630.0,833477200.0,55.7,59.4,55.3,59.4,5.4,9022.0
2025-08-22,6148,65404691.0,3995990567.0,60.0,64.8,57.3,57.6,-1.8,34488.0
2025-08-25,6148,6860707.0,399240602.0,58.7,59.4,57.3,58.5,0.9,4585.0
2025-08-26,6148,4859498.0,285114253.0,58.3,59.6,57.7,59.1,0.6,3651.0
2025-08-27,6148,4114681.0,242005654.0,60.2,60.2,57.8,58.4,-0.7,4972.0
2025-08-28,6148,4070138.0,240396597.0,58.4,60.6,57.8,57.9,-0.5,3643.0
2025-08-29,6148,2759993.0,156025806.0,58.0,58.3,55.5,56.3,-1.6,2650.0
2025-09-01,6148,3034656.0,166268858.0,56.3,57.8,52.8,52.9,-3.4,2526.0
2025-09-02,6148,1803595.0,92732237.0,53.3,53.3,50.2,50.3,-2.6,1770.0
2025-09-03,6148,1024308.0,51491632.0,50.5,50.9,49.8,50.0,-0.3,1396.0
2025-09-04,6148,1173212.0,59547938.0,50.6,51.8,50.0,50.0,0.0,978.0
2025-09-05,6148,910963.0,45676496.0,50.4,50.9,49.45,50.6,0.6,814.0
2025-09-08,6148,1501591.0,77445676.0,51.2,52.8,50.9,51.2,0.6,1266.0
2025-09-09,6148,2684135.0,129198459.0,49.6,49.6,47.55,47.8,-3.4,2232.0
2025-09-10,6148,6573526.0,338784724.0,48.5,52.5,48.5,51.0,3.2,6832.0
2025-09-11,6148,2963909.0,147841540.0,51.3,51.9,48.35,48.35,-2.65,2106.0
2025-09-12,6148,836047.0,40459933.0,48.5,49.1,48.1,48.15,-0.2,727.0
2025-09-15,6148,688443.0,32259670.0,48.0,48.0,46.5,46.7,-1.45,682.0
2025-09-16,6148,441632.0,20597865.0,46.75,47.2,46.1,46.6,-0.1,440.0
2025-09-17,6148,474399.0,22099956.0,46.6,47.2,46.05,46.05,-0.55,427.0
2025-09-18,6148,268494.0,12463978.0,46.55,46.8,46.1,46.3,0.25,338.0
2025-09-19,6148,336430.0,15735021.0,46.8,47.3,46.3,46.6,0.3,397.0
2025-09-22,6148,681596.0,32517441.0,46.6,48.65,46.6,47.75,1.15,692.0
2025-09-23,6148,495699.0,23895642.0,48.65,49.25,47.3,47.6,-0.15,561.0
2025-09-24,6148,340569.0,16094105.0,47.4,48.2,46.8,46.8,-0.8,415.0
2025-09-25,6148,276375.0,12873711.0,47.4,47.4,46.25,46.25,-0.55,418.0
2025-09-26,6148,5080280.0,247066036.0,46.0,50.4,46.0,47.3,1.05,4123.0
2025-09-30,6148,729172.0,34144124.0,47.4,47.5,46.3,47.3,0.0,918.0
2025-10-01,6148,454293.0,21264011.0,47.3,47.55,46.5,46.6,-0.7,445.0
2025-10-02,6148,1211870.0,57602109.0,47.0,48.6,46.45,46.9,0.3,1255.0
2025-10-03,6148,539960.0,25113775.0,46.85,47.0,46.3,46.4,-0.5,877.0
2025-10-07,6148,463106.0,21211470.0,46.2,46.4,45.5,45.8,-0.6,635.0
2025-10-08,6148,1205250.0,56885647.0,46.1,48.3,46.1,46.4,0.6,1684.0
2025-10-09,6148,690416.0,31576279.0,46.4,46.55,45.4,45.4,-1.0,1030.0
2025-10-13,6148,689206.0,29829272.0,41.85,44.5,41.85,43.2,-2.2,880.0
2025-10-14,6148,527842.0,22360793.0,44.0,44.1,41.25,41.25,-1.95,610.0
2025-10-15,6148,538214.0,22761889.0,41.35,42.75,41.35,42.7,1.45,478.0
2025-10-16,6148,384300.0,16488704.0,42.25,43.35,42.25,43.25,0.55,455.0
2025-10-17,6148,390647.0,16530365.0,43.0,43.0,42.0,42.0,-1.25,428.0
2025-10-20,6148,220385.0,9275513.0,42.5,42.5,41.8,42.25,0.25,227.0
2025-10-21,6148,284878.0,12108470.0,42.4,43.4,41.9,42.1,-0.15,408.0
2025-10-22,6148,284472.0,12015477.0,42.3,42.8,41.9,42.35,0.25,317.0
2025-10-23,6148,625928.0,26765652.0,42.45,43.9,42.0,42.0,-0.35,616.0
2025-10-27,6148,333293.0,13866698.0,42.25,42.45,41.3,41.5,-0.5,431.0
2025-10-28,6148,765410.0,32406822.0,42.0,43.45,41.7,41.9,0.4,726.0
2025-10-29,6148,318452.0,13215246.0,42.05,42.3,41.35,41.4,-0.5,425.0
2025-10-30,6148,413319.0,17032407.0,41.7,42.25,40.7,41.0,-0.4,461.0
2025-10-31,6148,325242.0,13522132.0,41.3,42.15,41.25,41.6,0.6,310.0
2025-11-03,6148,301460.0,12632507.0,41.7,42.4,41.25,41.8,0.2,404.0
2025-11-04,6148,396729.0,16278442.0,41.9,41.9,40.65,40.65,-1.15,635.0
2025-11-05,6148,1372612.0,56766251.0,41.65,42.7,40.0,40.0,-0.65,1143.0
2025-11-06,6148,363731.0,14587980.0,40.6,40.6,39.7,40.5,0.5,409.0
2025-11-07,6148,395631.0,16024256.0,40.7,41.9,40.0,40.0,-0.5,405.0
2025-11-10,6148,534667.0,21455436.0,40.8,40.8,39.5,40.65,0.65,468.0
2025-11-11,6148,307796.0,12543319.0,40.85,41.1,40.45,40.45,-0.2,441.0
2025-11-12,6148,336782.0,13798315.0,40.8,41.3,40.45,41.05,0.6,429.0
2025-11-13,6148,261396.0,10537738.0,41.4,41.4,40.0,40.1,-0.95,453.0
2025-11-14,6148,412422.0,16493728.0,39.85,40.7,39.3,39.3,-0.8,565.0
2025-11-17,6148,336260.0,13078208.0,39.5,39.5,38.6,38.8,-0.5,391.0
2025-11-18,6148,517764.0,19617456.0,38.8,38.8,37.25,37.55,-1.25,455.0
2025-11-19,6148,315147.0,11874234.0,37.95,38.6,36.5,37.7,0.15,289.0
2025-11-20,6148,444468.0,17190534.0,38.3,39.35,37.9,39.35,1.65,473.0
2025-11-21,6148,548949.0,21226163.0,38.6,40.35,37.4,37.4,-1.95,691.0
2025-11-24,6148,189954.0,7216687.0,37.6,38.4,37.6,38.2,0.8,208.0
2025-11-25,6148,217500.0,8496265.0,38.85,39.35,38.7,39.2,1.0,220.0
2025-11-26,6148,246740.0,9846752.0,39.35,40.2,39.35,39.7,0.5,263.0
2025-11-27,6148,135884.0,5375833.0,39.95,40.1,39.3,39.6,-0.1,211.0
2025-11-28,6148,178949.0,7114332.0,39.7,40.0,39.4,39.6,0.0,166.0
2025-12-01,6148,218672.0,8781432.0,39.9,40.9,39.65,39.9,0.3,260.0
2025-12-02,6148,214726.0,8432728.0,40.0,40.0,38.8,38.8,-1.1,365.0
2025-12-03,6148,114847.0,4494382.0,38.9,39.6,38.9,39.0,0.2,160.0
2025-12-04,6148,419294.0,16869797.0,39.45,40.8,39.15,40.2,1.2,405.0
2025-12-05,6148,284244.0,11290710.0,40.95,40.95,39.2,39.8,-0.4,551.0
2025-12-08,6148,261327.0,10516729.0,39.95,40.6,39.8,40.6,0.8,223.0
2025-12-09,6148,131084.0,5253553.0,40.6,40.6,39.85,40.0,-0.6,188.0
2025-12-10,6148,763128.0,33562432.0,43.9,44.0,43.9,44.0,4.0,460.0
2025-12-11,6148,4139490.0,178944997.0,45.0,45.6,41.1,41.1,-2.9,2975.0
2025-12-12,6148,533610.0,21968698.0,41.55,41.65,40.75,40.85,-0.25,589.0
2025-12-15,6148,245652.0,9966180.0,40.05,40.95,40.05,40.95,0.1,219.0
2025-12-16,6148,338624.0,13669666.0,41.1,41.4,39.95,40.0,-0.95,356.0
2025-12-17,6148,1928244.0,84016386.0,40.6,44.0,40.55,44.0,4.0,1210.0
2025-12-18,6148,3525446.0,149157762.0,44.55,44.55,40.95,40.95,-3.05,2495.0
2025-12-19,6148,711785.0,29388122.0,41.2,41.9,40.7,41.35,0.4,551.0
2025-12-22,6148,737581.0,31133723.0,42.0,42.7,41.5,42.6,1.25,562.0
2025-12-23,6148,334095.0,14114326.0,42.6,42.7,42.0,42.1,-0.5,448.0
2025-12-24,6148,272724.0,11362107.0,42.1,42.45,41.4,41.5,-0.6,278.0
2025-12-26,6148,326375.0,13478754.0,41.55,42.0,40.85,41.95,0.45,270.0
2025-12-29,6148,180334.0,7489376.0,42.0,42.0,41.3,41.35,-0.6,254.0
2025-12-30,6148,241770.0,9823178.0,41.2,41.2,40.25,40.55,-0.8,229.0
2025-12-31,6148,143264.0,5793659.0,40.75,40.75,40.2,40.35,-0.2,192.0
2026-01-02,6148,174145.0,7060181.0,40.3,40.9,40.2,40.45,0.1,170.0
2026-01-05,6148,451890.0,17894677.0,40.5,40.5,39.15,39.3,-1.15,564.0
2026-01-06,6148,219202.0,8703319.0,39.85,39.95,39.55,39.7,0.4,191.0
2026-01-07,6148,188097.0,7450034.0,40.05,40.05,39.25,39.7,0.0,260.0
2026-01-08,6148,242090.0,9493259.0,39.7,40.2,38.9,39.1,-0.6,245.0
2026-01-09,6148,237974.0,9218162.0,39.0,39.4,38.35,38.55,-0.55,228.0
2026-01-12,6148,158279.0,6157967.0,38.6,39.4,38.6,39.1,0.55,157.0
2026-01-13,6148,203093.0,7801734.0,39.2,39.2,38.05,38.3,-0.8,360.0
2026-01-14,6148,180498.0,6997911.0,38.5,39.0,38.35,38.9,0.6,173.0
2026-01-15,6148,162652.0,6292765.0,39.45,39.8,38.45,38.9,0.0,162.0
2026-01-16,6148,254147.0,9761246.0,38.75,38.8,38.2,38.25,-0.65,249.0
2026-01-19,6148,329787.0,12610194.0,38.25,38.65,38.0,38.05,-0.2,307.0
2026-01-20,6148,299954.0,11475697.0,38.1,38.8,38.0,38.1,0.05,349.0
2026-01-21,6148,227153.0,8521895.0,38.1,38.1,37.3,37.8,-0.3,245.0
2026-01-22,6148,215787.0,8199250.0,38.0,38.6,37.5,37.65,-0.15,253.0
2026-01-23,6148,287333.0,11048588.0,38.0,39.0,38.0,38.35,0.7,307.0
2026-01-26,6148,186551.0,7116585.0,38.5,38.8,38.0,38.05,-0.3,314.0
2026-01-27,6148,534521.0,20722166.0,38.25,39.8,38.0,38.1,0.05,463.0
2026-01-28,6148,193126.0,7407034.0,38.6,38.65,38.05,38.6,0.5,284.0
2026-01-29,6148,422915.0,15915065.0,38.5,38.6,37.0,37.35,-1.25,420.0
2026-01-30,6148,257984.0,9414143.0,37.15,37.15,36.15,36.3,-1.05,286.0
2026-02-02,6148,124002.0,4444242.0,36.3,36.3,35.6,35.6,-0.7,238.0
2026-02-03,6148,92164.0,3301029.0,35.8,36.0,35.7,35.7,0.1,117.0
2026-02-04,6148,69899.0,2533092.0,35.45,36.7,35.4,36.5,0.8,88.0
2026-02-05,6148,86386.0,3128534.0,36.4,36.9,35.8,35.85,-0.65,199.0
2026-02-06,6148,254238.0,8737582.0,35.55,35.55,34.0,34.5,-1.35,254.0
2026-02-09,6148,176240.0,6095987.0,34.65,34.9,34.3,34.5,0.0,187.0
2026-02-10,6148,230548.0,7977934.0,34.1,35.1,34.1,34.3,-0.2,274.0
2026-02-11,6148,334065.0,11324434.0,34.15,34.45,33.6,33.6,-0.7,313.0
2026-02-23,6148,245157.0,8284563.0,33.6,34.15,33.3,34.05,0.45,240.0
2026-02-24,6148,305665.0,10407162.0,34.0,34.5,33.85,33.9,-0.15,218.0
2026-02-25,6148,272615.0,9094936.0,33.9,33.9,33.1,33.2,-0.7,307.0
2026-02-26,6148,870257.0,30538209.0,34.0,36.0,33.8,35.1,1.9,737.0
2026-03-02,6148,181715.0,6245168.0,34.2,34.6,33.9,34.5,-0.6,328.0
2026-03-03,6148,387032.0,13069799.0,34.55,34.55,33.3,33.4,-1.1,365.0
2026-03-04,6148,513096.0,16200407.0,32.0,33.0,31.05,31.1,-2.3,445.0
2026-03-05,6148,189805.0,6040590.0,31.6,32.1,31.4,32.0,0.9,206.0
2026-03-06,6148,134699.0,4317701.0,31.55,32.35,31.55,32.3,0.3,161.0
2026-03-09,6148,245191.0,7530402.0,31.4,31.4,30.2,30.8,-1.5,309.0
2026-03-10,6148,187958.0,5826549.0,30.75,31.65,30.6,30.8,0.0,218.0
2026-03-11,6148,393947.0,13142942.0,31.0,33.85,31.0,33.85,3.05,274.0
2026-03-12,6148,2155382.0,78217879.0,36.25,37.2,34.4,37.2,3.35,1472.0
2026-03-13,6148,6315165.0,237036990.0,37.6,39.75,35.5,35.95,-1.25,4299.0
2026-03-16,6148,682130.0,23811803.0,35.25,35.85,34.65,34.85,-1.1,595.0
2026-03-17,6148,1597856.0,60250793.0,35.5,38.3,35.5,38.3,3.45,1004.0
2026-03-18,6148,2224875.0,84522750.0,39.5,39.65,36.8,38.3,0.0,1739.0
2026-03-19,6148,3333328.0,132722019.0,38.25,42.0,37.95,39.45,1.15,2472.0
2026-03-20,6148,1529101.0,60549022.0,39.2,40.75,38.5,38.7,-0.75,1519.0
2026-03-23,6148,486836.0,18274210.0,37.95,38.55,37.0,37.1,-1.6,541.0
2026-03-24,6148,698004.0,25361375.0,37.7,38.2,35.6,35.85,-1.25,594.0
2026-03-25,6148,477368.0,17418936.0,36.4,37.2,36.0,36.95,1.1,402.0
2026-03-26,6148,293930.0,10677616.0,37.3,37.3,35.5,35.5,-1.45,428.0
2026-03-27,6148,192913.0,6796434.0,35.5,35.8,34.6,35.8,0.3,185.0
2026-03-30,6148,122787.0,4294893.0,35.0,35.3,34.7,35.2,-0.6,151.0
2026-03-31,6148,257314.0,8938161.0,35.2,35.7,34.15,34.45,-0.75,243.0
2026-04-01,6148,203026.0,6849705.0,34.3,34.3,33.5,33.5,0.0,189.0
2026-04-02,6148,227826.0,7541050.0,33.6,33.6,32.75,32.75,-0.75,207.0
2026-04-07,6148,156408.0,5051075.0,32.65,33.2,32.0,32.05,-0.7,190.0
2026-04-08,6148,322969.0,10791994.0,32.9,34.2,32.65,33.95,1.9,254.0
2026-04-09,6148,207292.0,6849581.0,33.4,33.6,32.85,33.0,-0.95,471.0
2026-04-10,6148,370212.0,12050004.0,33.0,33.8,31.0,32.5,-0.5,573.0
2026-04-13,6148,181898.0,5855026.0,32.5,32.75,31.8,32.05,-0.45,373.0
2026-04-14,6148,164668.0,5400432.0,32.8,33.0,32.3,32.75,0.7,297.0
2026-04-15,6148,280047.0,9056020.0,32.85,32.9,31.5,32.0,-0.75,357.0
2026-04-16,6148,295844.0,9808789.0,32.7,33.4,32.2,33.2,1.2,424.0
2026-04-17,6148,203123.0,6774885.0,33.85,34.4,33.0,33.0,-0.2,421.0
2026-04-20,6148,298237.0,9904151.0,33.0,33.65,32.9,32.9,-0.1,953.0
2026-04-21,6148,279214.0,9105001.0,33.0,33.15,32.4,32.55,-0.35,606.0
2026-04-22,6148,269242.0,8943994.0,32.6,33.45,32.55,33.4,0.85,505.0
2026-04-23,6148,400897.0,12904022.0,33.8,33.85,31.1,31.85,-1.55,702.0
2026-04-24,6148,205291.0,6433189.0,31.9,32.15,31.15,31.2,-0.65,240.0
2026-04-27,6148,190724.0,5813001.0,31.15,31.15,30.15,30.5,-0.7,190.0
2026-04-28,6148,127052.0,3960318.0,30.8,31.45,30.6,31.45,0.95,130.0
2026-04-29,6148,125517.0,3916888.0,31.4,31.6,31.0,31.05,-0.4,181.0
2026-04-30,6148,136957.0,4261677.0,31.25,31.45,31.0,31.05,0.0,119.0
2026-05-04,6148,112865.0,3545525.0,31.95,31.95,31.05,31.15,0.1,154.0
2026-05-05,6148,331785.0,10618020.0,32.4,32.55,31.5,32.0,0.85,272.0
2026-05-06,6148,244509.0,7884377.0,32.8,33.3,31.5,31.7,-0.3,258.0
2026-05-07,6148,626862.0,20413689.0,31.55,33.3,31.55,31.95,0.25,431.0
2026-05-08,6148,386600.0,12489021.0,32.0,33.25,31.5,31.6,-0.35,328.0
2026-05-11,6148,479796.0,14627310.0,31.1,31.1,30.2,30.2,-1.4,482.0
2026-05-12,6148,291196.0,8740333.0,30.2,30.35,29.7,30.2,0.0,252.0
2026-05-13,6148,162764.0,4857702.0,30.2,30.25,29.7,29.7,-0.5,217.0
2026-05-14,6148,312732.0,9105518.0,29.75,30.0,28.8,28.85,-0.85,304.0
2026-05-15,6148,255260.0,7429724.0,29.0,29.85,28.35,28.35,-0.5,228.0
2026-05-18,6148,192452.0,5487713.0,28.0,28.8,27.55,28.7,0.35,158.0
2026-05-19,6148,140785.0,4013003.0,28.75,29.0,28.15,28.15,-0.55,197.0
2026-05-20,6148,134959.0,3805016.0,28.6,28.6,28.0,28.15,0.0,126.0
2026-05-21,6148,134145.0,3868560.0,28.25,29.3,28.25,28.8,0.65,128.0
2026-05-22,6148,194805.0,5597755.0,29.2,29.2,28.3,29.05,0.25,197.0
2026-05-25,6148,230787.0,6711096.0,29.7,29.7,28.6,28.95,-0.1,256.0
2026-05-26,6148,173448.0,4992635.0,29.1,29.35,28.6,28.8,-0.15,163.0
2026-05-27,6148,215350.0,6162573.0,29.4,29.4,28.25,28.5,-0.3,191.0
2026-05-28,6148,349772.0,10117977.0,28.8,29.45,28.5,28.6,0.1,266.0
2026-05-29,6148,147412.0,4250864.0,29.0,29.05,28.7,28.8,0.2,148.0
2026-06-01,6148,648239.0,20400661.0,29.25,31.65,29.25,31.65,2.85,535.0
2026-06-02,6148,3032400.0,104296394.0,33.6,34.8,32.6,34.8,3.15,2552.0
2026-06-03,6148,3652689.0,127561574.0,35.25,36.7,33.8,33.9,-0.9,2438.0
2026-06-04,6148,2008137.0,73136675.0,33.1,37.25,33.1,37.25,3.35,1125.0
2026-06-05,6148,7369823.0,275925178.0,37.25,39.25,35.0,35.0,-2.25,4859.0
2026-06-08,6148,7546848.0,283041316.0,31.95,38.5,31.95,38.5,3.5,3919.0
2026-06-09,6148,8497617.0,333922191.0,38.55,41.75,36.6,36.75,-1.75,5865.0
2026-06-10,6148,3082417.0,112639421.0,37.25,38.75,34.5,34.5,-2.25,2147.0
2026-06-11,6148,1920001.0,67390559.0,34.5,36.65,33.65,35.05,0.55,1304.0
2026-06-12,6148,950041.0,33810085.0,36.05,36.4,34.6,34.6,-0.45,730.0
2026-06-15,6148,552121.0,19032990.0,34.65,35.3,34.0,34.1,-0.5,478.0
2026-06-16,6148,665678.0,22318215.0,34.75,34.75,33.0,33.0,-1.1,494.0
2026-06-17,6148,1107940.0,38232236.0,33.8,35.8,33.6,33.95,0.95,893.0
2026-06-18,6148,376064.0,12634364.0,33.65,34.15,33.2,33.4,-0.55,371.0
2026-06-22,6148,476168.0,15997733.0,34.25,34.25,33.15,33.5,0.1,385.0
2026-06-23,6148,502702.0,16468556.0,33.5,33.65,32.3,32.6,-0.9,438.0
2026-06-24,6148,267213.0,8816754.0,32.35,33.8,32.1,32.95,0.35,260.0
2026-06-25,6148,317339.0,10269963.0,33.65,33.65,31.9,31.95,-1.0,299.0
2026-06-26,6148,420803.0,13086919.0,32.3,32.3,30.65,30.8,-1.15,383.0
2026-06-29,6148,287812.0,8811941.0,31.35,31.65,30.15,30.2,-0.6,254.0
2026-06-30,6148,182859.0,5604417.0,30.5,30.95,30.3,30.95,0.75,173.0
2026-07-01,6148,257741.0,7917378.0,30.85,31.2,30.2,30.5,-0.45,225.0
2026-07-02,6148,758173.0,25009380.0,30.5,33.55,30.5,33.55,3.05,537.0
2026-07-03,6148,2328358.0,80081057.0,33.05,35.45,32.9,34.0,0.45,1636.0
2026-07-06,6148,486002.0,16392335.0,34.5,34.5,33.15,33.7,-0.3,360.0
2026-07-07,6148,1570517.0,55250002.0,33.85,36.85,33.25,33.25,-0.45,1237.0
2026-07-08,6148,367201.0,11977442.0,33.3,33.75,32.2,32.5,-0.75,400.0
2026-07-09,6148,212133.0,6878243.0,32.5,32.85,32.2,32.55,0.05,233.0
2026-07-13,6148,296466.0,9563763.0,32.55,33.25,31.25,31.25,-1.3,321.0
2026-07-14,6148,433283.0,13078621.0,31.2,31.25,29.6,30.65,-0.6,313.0
2026-07-15,6148,341409.0,10422235.0,31.0,31.05,29.65,30.95,0.3,264.0
2026-07-16,6148,115457.0,3566934.0,30.9,31.2,30.5,30.75,-0.2,100.0
2026-07-17,6148,318858.0,9501457.0,30.85,30.95,29.15,29.25,-1.5,283.0
2026-07-20,6148,252158.0,7276556.0,29.25,29.6,28.25,28.6,-0.65,232.0
2026-07-21,6148,125316.0,3684014.0,28.65,29.7,28.4,29.7,1.1,119.0
2026-07-22,6148,152264.0,4591988.0,31.2,31.2,29.5,29.9,0.2,148.0
2026-07-23,6148,173672.0,5104982.0,30.15,30.15,29.15,29.2,-0.7,137.0
2026-07-24,6148,205028.0,5892487.0,29.15,29.5,28.25,28.4,-0.8,208.0
2026-07-27,6148,155009.0,4413139.0,28.15,28.8,28.0,28.8,0.4,134.0
2026-07-28,6148,1503131.0,44286017.0,27.8,31.0,27.4,27.4,-1.4,1180.0
2026-07-29,6148,798378.0,20772510.0,27.7,27.8,24.7,25.75,-1.65,683.0
2026-07-30,6148,261178.0,6729942.0,25.75,26.6,25.2,25.2,-0.55,244.0
2026-07-31,6148,135703.0,3595834.0,26.4,26.95,26.2,26.5,1.3,126.0
2026-08-03,6148,165204.0,4418458.0,26.45,26.95,26.3,26.95,0.45,171.0
2026-08-04,6148,217408.0,5853663.0,27.05,27.2,26.7,27.0,0.05,177.0
2026-08-05,6148,1059215.0,31054363.0,28.0,29.7,28.0,29.7,2.7,756.0
2026-08-06,6148,725669.0,20588020.0,29.15,29.15,27.75,28.05,-1.65,548.0
2026-08-07,6148,258676.0,7256301.0,28.25,28.5,27.8,28.05,0.0,209.0
2026-08-10,6148,196041.0,5543169.0,27.85,28.6,27.55,28.6,0.55,181.0
2026-08-11,6148,286301.0,8200842.0,28.95,29.2,28.1,28.35,-0.25,220.0
2026-08-12,6148,96888.0,2756974.0,28.8,28.95,28.2,28.5,0.15,105.0
2026-08-13,6148,67559.0,1934597.0,28.8,28.9,28.45,28.65,0.15,79.0
2026-08-14,6148,620239.0,18172920.0,29.0,30.15,28.55,28.55,-0.1,485.0
2026-08-17,6148,150946.0,4260648.0,28.5,28.5,28.0,28.45,-0.1,142.0
2026-08-18,6148,197741.0,5495971.0,28.0,28.5,27.7,27.7,-0.75,186.0
2026-08-19,6148,73205.0,2016971.0,27.5,27.75,27.2,27.6,-0.1,81.0
2026-08-20,6148,79796.0,2205085.0,27.7,28.15,27.5,27.5,-0.1,84.0
2026-08-21,6148,82373.0,2266471.0,27.8,27.8,27.45,27.5,0.0,89.0
2026-08-24,6148,78967.0,2171287.0,27.6,27.6,27.35,27.4,-0.1,88.0
2026-08-25,6148,122330.0,3310745.0,27.2,27.4,26.9,27.4,0.0,113.0
2026-08-26,6148,81447.0,2266674.0,27.15,28.25,27.15,28.25,0.85,118.0
2026-08-27,6148,119921.0,3392329.0,28.5,28.5,28.1,28.25,0.0,146.0
2026-08-28,6148,95907.0,2723354.0,28.8,28.8,28.25,28.3,0.05,83.0
2026-08-31,6148,41006.0,1148786.0,27.75,28.3,27.75,28.0,-0.3,40.0
2026-09-01,6148,34570.0,968608.0,28.0,28.15,27.9,28.0,0.0,61.0
2026-09-02,6148,35341.0,987858.0,28.0,28.1,27.7,28.0,0.0,56.0
2026-09-03,6148,87729.0,2448982.0,28.0,28.25,27.75,27.75,-0.25,112.0
2026-09-04,6148,164585.0,4664997.0,27.75,28.8,27.75,28.65,0.9,163.0
2026-09-07,6148,143120.0,4080481.0,29.4,29.4,28.0,28.45,-0.2,163.0
2026-09-08,6148,69159.0,1949815.0,28.3,28.35,27.95,28.35,-0.1,62.0
2026-09-09,6148,71713.0,2019432.0,27.55,28.55,27.55,28.35,0.0,74.0
2026-09-10,6148,56292.0,1592390.0,28.4,28.4,28.15,28.2,-0.15,70.0
