date,stock_id,Trading_Volume,Trading_money,open,max,min,close,spread,Trading_turnover
2016-01-04,6218,7060.0,115731.0,16.45,16.45,16.25,16.4,0.0,6.0
2016-01-05,6218,6310.0,103103.0,16.3,16.45,16.25,16.45,0.05,6.0
2016-01-06,6218,11000.0,178200.0,16.2,16.3,16.05,16.3,-0.15,8.0
2016-01-07,6218,27380.0,434667.0,16.2,16.3,15.5,16.3,0.0,24.0
2016-01-08,6218,31361.0,506283.0,15.8,16.45,15.8,16.45,0.15,18.0
2016-01-11,6218,60438.0,1008127.0,16.85,16.9,16.4,16.6,0.15,36.0
2016-01-12,6218,39000.0,657000.0,17.1,17.1,16.4,16.8,0.2,24.0
2016-01-13,6218,31100.0,509225.0,16.4,16.5,16.25,16.25,-0.55,23.0
2016-01-14,6218,23005.0,371580.0,16.05,16.25,16.0,16.0,-0.25,13.0
2016-01-15,6218,18265.0,294066.0,16.0,16.25,16.0,16.25,0.25,15.0
2016-01-18,6218,7125.0,115225.0,16.2,16.2,16.1,16.2,-0.05,7.0
2016-01-19,6218,14220.0,230086.0,16.2,16.3,16.1,16.3,0.1,9.0
2016-01-20,6218,5500.0,91000.0,16.9,16.9,16.4,16.5,0.2,6.0
2016-01-21,6218,9000.0,146950.0,16.4,16.4,16.2,16.2,-0.3,5.0
2016-01-22,6218,7000.0,113950.0,16.4,16.4,16.2,16.35,0.15,6.0
2016-01-25,6218,24000.0,392150.0,16.35,16.45,16.2,16.45,0.1,14.0
2016-01-26,6218,4000.0,65650.0,16.4,16.45,16.4,16.45,0.0,2.0
2016-01-27,6218,19170.0,315396.0,16.45,16.65,16.3,16.6,0.15,14.0
2016-01-28,6218,24000.0,398700.0,16.6,16.7,16.5,16.5,-0.1,14.0
2016-01-29,6218,9000.0,148800.0,16.5,16.6,16.5,16.5,0.0,8.0
2016-01-30,6218,16000.0,266100.0,16.6,16.65,16.6,16.65,0.15,9.0
2016-02-01,6218,16000.0,267200.0,16.65,16.9,16.4,16.4,-0.25,13.0
2016-02-02,6218,32423.0,533721.0,16.8,16.8,16.2,16.8,0.4,19.0
2016-02-03,6218,15189.0,251049.0,16.7,16.7,16.4,16.6,-0.2,8.0
2016-02-15,6218,52665.0,880539.0,16.75,17.0,16.5,16.6,0.0,30.0
2016-02-16,6218,58723.0,1001918.0,17.05,17.2,16.8,17.1,0.5,35.0
2016-02-17,6218,107150.0,1843110.0,17.25,17.45,16.9,17.4,0.3,56.0
2016-02-18,6218,140220.0,2462200.0,17.55,18.05,17.4,17.65,0.25,68.0
2016-02-19,6218,45590.0,799625.0,17.85,17.85,17.4,17.65,0.0,24.0
2016-02-22,6218,65000.0,1152100.0,17.75,17.8,17.6,17.75,0.1,29.0
2016-02-23,6218,59000.0,1049600.0,17.75,17.95,17.6,17.75,0.0,24.0
2016-02-24,6218,28000.0,490800.0,17.45,17.8,17.3,17.7,-0.05,17.0
2016-02-25,6218,31000.0,539550.0,17.3,17.6,17.3,17.55,-0.15,17.0
2016-02-26,6218,27100.0,470279.0,17.35,17.45,17.25,17.45,-0.1,24.0
2016-03-01,6218,45060.0,784299.0,17.4,17.5,17.3,17.5,0.05,9.0
2016-03-02,6218,39265.0,683511.0,17.8,17.8,17.3,17.55,0.05,15.0
2016-03-03,6218,40200.0,702330.0,17.5,17.65,17.3,17.55,0.0,20.0
2016-03-04,6218,296761.0,5456530.0,17.6,18.95,17.6,18.85,1.3,158.0
2016-03-07,6218,244067.0,4418756.0,18.6,18.7,17.75,18.0,-0.85,151.0
2016-03-08,6218,111017.0,2022956.0,17.95,18.3,17.95,18.1,0.1,34.0
2016-03-09,6218,118305.0,2071652.0,17.75,17.8,17.25,17.4,-0.7,68.0
2016-03-10,6218,61000.0,1055750.0,17.45,17.45,17.15,17.4,0.0,30.0
2016-03-11,6218,26058.0,450962.0,17.4,17.55,17.2,17.45,0.05,20.0
2016-03-14,6218,25530.0,444415.0,17.45,17.45,17.4,17.4,-0.05,16.0
2016-03-15,6218,91000.0,1583600.0,17.5,17.5,17.2,17.4,0.0,28.0
2016-03-16,6218,70962.0,1224845.0,17.2,17.4,17.15,17.4,0.0,33.0
2016-03-17,6218,72000.0,1260450.0,17.5,17.6,17.45,17.6,0.2,24.0
2016-03-18,6218,27000.0,476750.0,17.95,17.95,17.5,17.55,-0.05,15.0
2016-03-21,6218,42705.0,749166.0,17.55,17.85,17.4,17.55,0.0,20.0
2016-03-22,6218,20497.0,358947.0,17.45,17.55,17.35,17.55,0.0,13.0
2016-03-23,6218,61000.0,1067700.0,17.5,17.7,17.45,17.5,-0.05,26.0
2016-03-24,6218,6000.0,104600.0,17.5,17.5,17.4,17.4,-0.1,4.0
2016-03-25,6218,64000.0,1106650.0,17.35,17.4,17.2,17.4,0.0,25.0
2016-03-28,6218,21350.0,372655.0,17.35,17.7,17.35,17.5,0.1,10.0
2016-03-29,6218,75200.0,1291210.0,17.25,17.3,17.1,17.1,-0.4,24.0
2016-03-30,6218,55500.0,969700.0,17.2,17.65,17.2,17.5,0.4,28.0
2016-03-31,6218,74478.0,1296418.0,17.5,17.55,17.25,17.45,-0.05,23.0
2016-04-01,6218,62000.0,1066150.0,17.45,17.45,17.0,17.3,-0.15,38.0
2016-04-06,6218,29305.0,498850.0,17.05,17.05,17.0,17.05,-0.25,16.0
2016-04-07,6218,20703.0,355971.0,17.2,17.25,17.1,17.25,0.2,10.0
2016-04-08,6218,13000.0,221350.0,17.0,17.2,17.0,17.2,-0.05,6.0
2016-04-11,6218,113173.0,1893206.0,17.05,17.05,16.5,16.95,-0.25,47.0
2016-04-12,6218,6000.0,100850.0,16.95,16.95,16.65,16.7,-0.25,6.0
2016-04-13,6218,112001.0,1871117.0,16.55,17.2,16.5,17.2,0.5,36.0
2016-04-14,6218,29000.0,493550.0,17.2,17.2,16.85,16.9,-0.3,13.0
2016-04-15,6218,5200.0,88080.0,16.7,17.1,16.7,17.1,0.2,6.0
2016-04-18,6218,1000.0,17150.0,17.15,17.15,17.15,17.15,0.05,1.0
2016-04-19,6218,3000.0,50850.0,17.15,17.15,16.85,16.85,-0.3,3.0
2016-04-20,6218,11000.0,184750.0,16.65,17.15,16.6,17.15,0.3,11.0
2016-04-21,6218,8000.0,135250.0,16.85,17.0,16.85,17.0,-0.15,4.0
2016-04-22,6218,23000.0,395900.0,17.4,17.4,16.85,17.2,0.2,9.0
2016-04-25,6218,23028.0,396226.0,17.25,17.3,16.85,17.15,-0.05,11.0
2016-04-26,6218,41000.0,704550.0,17.15,17.25,17.0,17.25,0.1,16.0
2016-04-27,6218,18340.0,312280.0,17.05,17.2,16.9,17.2,-0.05,11.0
2016-04-28,6218,3000.0,51050.0,16.85,17.1,16.85,17.1,-0.1,2.0
2016-04-29,6218,56530.0,945148.0,16.8,16.9,16.5,16.8,-0.3,30.0
2016-05-03,6218,14000.0,237550.0,16.8,17.05,16.8,17.0,0.2,8.0
2016-05-04,6218,5000.0,84100.0,16.9,16.9,16.7,16.9,-0.1,4.0
2016-05-05,6218,1400.0,23580.0,16.9,16.9,16.9,16.9,0.0,2.0
2016-05-06,6218,31795.0,527688.0,16.6,16.65,16.5,16.6,-0.3,18.0
2016-05-09,6218,50600.0,842450.0,16.6,16.7,16.25,16.65,0.05,11.0
2016-05-10,6218,79309.0,1294924.0,16.6,16.6,16.0,16.25,-0.4,38.0
2016-05-11,6218,46000.0,739950.0,16.2,16.2,16.0,16.1,-0.15,21.0
2016-05-12,6218,11000.0,176000.0,16.0,16.0,16.0,16.0,-0.1,7.0
2016-05-13,6218,50000.0,797050.0,16.0,16.55,15.75,16.3,0.3,21.0
2016-05-16,6218,2000.0,32500.0,16.3,16.3,16.2,16.2,-0.1,2.0
2016-05-17,6218,4500.0,73999.0,16.3,16.3,16.25,16.3,0.1,6.0
2016-05-18,6218,7456.0,120314.0,16.45,16.45,15.95,16.3,0.0,7.0
2016-05-19,6218,11000.0,181850.0,17.2,17.2,16.45,16.5,0.2,5.0
2016-05-20,6218,3000.0,49900.0,16.5,16.7,16.5,16.7,0.2,3.0
2016-05-23,6218,19001.0,312718.0,16.65,16.65,16.15,16.65,-0.05,18.0
2016-05-24,6218,23100.0,383800.0,16.6,16.7,16.6,16.7,0.05,9.0
2016-05-25,6218,39000.0,654100.0,16.7,16.95,16.7,16.8,0.1,8.0
2016-05-26,6218,48300.0,811280.0,16.8,16.8,16.7,16.8,0.0,11.0
2016-05-27,6218,32000.0,528350.0,16.5,16.85,16.45,16.7,-0.1,21.0
2016-05-30,6218,56260.0,919203.0,16.35,16.55,16.3,16.55,-0.15,34.0
2016-05-31,6218,26600.0,434520.0,16.25,16.45,16.25,16.4,-0.15,18.0
2016-06-01,6218,14030.0,231392.0,16.4,16.55,16.4,16.55,0.15,7.0
2016-06-02,6218,20000.0,327450.0,16.3,16.55,16.2,16.4,-0.15,15.0
2016-06-03,6218,53300.0,873985.0,16.45,16.45,16.2,16.45,0.05,18.0
2016-06-04,6218,5000.0,82350.0,16.45,16.5,16.4,16.4,-0.05,5.0
2016-06-06,6218,39668.0,650655.0,16.2,16.5,16.2,16.4,0.0,22.0
2016-06-07,6218,81000.0,1320300.0,16.4,16.4,16.2,16.4,0.0,30.0
2016-06-08,6218,12283.0,201012.0,16.4,16.45,16.3,16.35,-0.05,9.0
2016-06-13,6218,4050.0,65920.0,16.2,16.4,16.2,16.4,0.05,5.0
2016-06-14,6218,22300.0,365480.0,16.3,16.5,16.3,16.3,-0.1,16.0
2016-06-15,6218,7000.0,114400.0,16.25,16.4,16.25,16.35,0.05,5.0
2016-06-16,6218,10330.0,169479.0,16.4,16.45,16.4,16.45,0.1,7.0
2016-06-17,6218,38500.0,626775.0,16.3,16.45,16.2,16.3,-0.15,13.0
2016-06-20,6218,19501.0,318466.0,16.3,16.45,16.3,16.45,0.15,7.0
2016-06-21,6218,10000.0,165000.0,16.55,16.55,16.45,16.45,0.0,5.0
2016-06-22,6218,16000.0,266300.0,16.6,16.7,16.6,16.7,0.25,11.0
2016-06-23,6218,126000.0,2165550.0,16.7,17.8,16.7,17.3,0.6,68.0
2016-06-24,6218,35000.0,589400.0,17.3,17.3,16.7,17.0,-0.3,25.0
2016-06-27,6218,51999.0,892733.0,17.0,17.45,17.0,17.3,0.3,20.0
2016-06-28,6218,137000.0,2339250.0,17.0,17.1,17.0,17.1,-0.2,9.0
2016-06-29,6218,81000.0,1387500.0,17.1,17.35,17.0,17.0,-0.1,24.0
2016-06-30,6218,97560.0,1659813.0,17.2,17.2,16.8,17.05,0.05,24.0
2016-07-01,6218,33615.0,571232.0,17.25,17.25,16.75,16.95,-0.1,19.0
2016-07-04,6218,23000.0,392950.0,17.1,17.1,17.0,17.0,0.05,13.0
2016-07-05,6218,58300.0,991040.0,17.0,17.05,16.95,17.0,0.0,19.0
2016-07-06,6218,144000.0,2443500.0,17.1,17.2,16.9,16.95,-0.05,14.0
2016-07-07,6218,171100.0,2921100.0,17.0,17.3,16.95,17.2,0.25,27.0
2016-07-11,6218,215130.0,3764169.0,17.2,17.75,17.2,17.5,0.3,74.0
2016-07-12,6218,351010.0,6756938.0,19.25,19.25,19.25,19.25,1.75,158.0
2016-07-13,6218,2950415.0,61729022.0,20.3,21.15,20.1,21.15,1.9,863.0
2016-07-14,6218,1658607.0,35129098.0,21.15,21.7,20.65,21.15,0.0,804.0
2016-07-15,6218,4330382.0,100271126.0,21.2,23.25,21.2,23.25,2.1,1258.0
2016-07-18,6218,4604776.0,113363731.0,23.8,25.55,23.1,25.55,2.3,2023.0
2016-07-19,6218,3444134.0,86257520.0,26.5,26.5,24.35,24.7,-0.85,1499.0
2016-07-20,6218,1381115.0,32938068.0,23.7,24.35,23.3,23.95,0.0,760.0
2016-07-21,6218,1019881.0,24205408.0,24.35,24.35,23.3,23.6,-0.35,513.0
2016-07-22,6218,700300.0,16636135.0,24.0,24.0,23.4,23.6,0.0,390.0
2016-07-25,6218,679344.0,15614691.0,23.6,23.6,22.6,22.8,-0.8,423.0
2016-07-26,6218,588542.0,13612597.0,23.0,23.3,22.7,23.25,0.45,349.0
2016-07-27,6218,718160.0,16524552.0,23.25,23.5,22.05,22.05,-1.2,426.0
2016-07-28,6218,876150.0,19101960.0,22.1,22.6,21.15,21.5,-0.55,547.0
2016-07-29,6218,565150.0,12288605.0,21.9,22.0,21.5,21.75,0.25,307.0
2016-08-01,6218,1483826.0,34118931.0,22.2,23.8,22.2,23.8,2.05,916.0
2016-08-02,6218,1173150.0,27620332.0,23.8,23.8,23.2,23.75,-0.05,670.0
2016-08-03,6218,1615170.0,37999942.0,23.75,24.35,22.7,22.75,-1.0,930.0
2016-08-04,6218,882000.0,19703350.0,22.75,23.05,22.05,22.05,-0.7,479.0
2016-08-05,6218,979995.0,21386841.0,22.4,22.6,21.15,21.65,-0.4,498.0
2016-08-08,6218,924300.0,19459029.0,21.75,21.75,20.6,20.75,-0.9,449.0
2016-08-09,6218,704000.0,14700250.0,20.75,21.6,20.35,20.35,-0.4,364.0
2016-08-10,6218,1600204.0,30511576.0,19.8,19.9,18.6,19.0,-1.35,665.0
2016-08-11,6218,724204.0,13431233.0,19.1,19.2,18.3,18.3,-0.7,334.0
2016-08-12,6218,946396.0,17004518.0,18.6,18.65,17.7,17.85,-0.45,396.0
2016-08-15,6218,661504.0,11784022.0,18.0,18.4,17.5,18.15,0.3,321.0
2016-08-16,6218,186530.0,3360633.0,18.3,18.35,17.85,17.9,-0.25,129.0
2016-08-17,6218,175547.0,3147431.0,17.9,18.1,17.85,17.9,0.0,96.0
2016-08-18,6218,872236.0,16261329.0,18.05,19.15,18.05,18.8,0.9,528.0
2016-08-19,6218,442178.0,8208347.0,18.85,18.95,18.3,18.45,-0.35,228.0
2016-08-22,6218,88525.0,1619201.0,18.5,18.5,18.2,18.25,-0.2,64.0
2016-08-23,6218,127000.0,2341650.0,18.35,18.5,18.25,18.45,0.2,77.0
2016-08-24,6218,424453.0,7657271.0,18.5,18.5,17.85,18.0,-0.45,235.0
2016-08-25,6218,174000.0,3172950.0,18.0,18.55,17.95,18.45,0.45,94.0
2016-08-26,6218,211200.0,3911810.0,18.45,18.75,18.25,18.55,0.1,119.0
2016-08-29,6218,105055.0,1918445.0,18.55,18.55,18.15,18.35,-0.2,78.0
2016-08-30,6218,279130.0,5230424.0,18.5,18.95,18.45,18.65,0.3,173.0
2016-08-31,6218,191145.0,3568339.0,18.65,18.85,18.5,18.5,-0.15,88.0
2016-09-01,6218,109000.0,2005400.0,18.5,18.5,18.3,18.4,-0.1,64.0
2016-09-02,6218,255000.0,4658800.0,18.4,18.5,18.15,18.15,-0.25,93.0
2016-09-05,6218,180165.0,3268520.0,18.15,18.2,18.05,18.15,0.0,69.0
2016-09-06,6218,217280.0,3939204.0,18.2,18.2,18.05,18.1,-0.05,98.0
2016-09-07,6218,147184.0,2665030.0,18.05,18.2,18.05,18.05,-0.05,81.0
2016-09-08,6218,346350.0,6345692.0,18.1,18.55,18.1,18.4,0.35,148.0
2016-09-09,6218,890531.0,15517343.0,17.6,17.6,17.3,17.45,-0.95,435.0
2016-09-10,6218,216000.0,3723250.0,17.2,17.55,17.05,17.35,-0.1,118.0
2016-09-12,6218,85530.0,1484663.0,17.4,17.45,17.3,17.3,-0.05,57.0
2016-09-13,6218,326000.0,5548050.0,17.45,17.45,16.9,17.0,-0.3,146.0
2016-09-14,6218,194000.0,3350900.0,17.15,17.45,17.0,17.35,0.35,139.0
2016-09-19,6218,90130.0,1567738.0,17.4,17.45,17.3,17.45,0.1,61.0
2016-09-20,6218,193500.0,3420124.0,17.6,17.75,17.5,17.75,0.3,143.0
2016-09-21,6218,93000.0,1643400.0,17.75,17.85,17.6,17.6,-0.15,76.0
2016-09-22,6218,127000.0,2238150.0,17.8,17.8,17.6,17.7,0.1,74.0
2016-09-23,6218,49050.0,866022.0,17.7,17.75,17.55,17.7,0.0,37.0
2016-09-26,6218,124000.0,2187450.0,17.75,17.75,17.55,17.65,-0.05,52.0
2016-09-29,6218,74130.0,1306231.0,17.7,17.7,17.55,17.55,-0.1,59.0
2016-09-30,6218,89000.0,1564550.0,17.7,17.7,17.5,17.6,0.05,59.0
2016-10-03,6218,101400.0,1784700.0,17.7,17.75,17.5,17.7,0.1,71.0
2016-10-04,6218,784507.0,14419903.0,17.7,18.75,17.6,18.65,0.95,439.0
2016-10-05,6218,263881.0,4897215.0,18.9,18.9,18.25,18.4,-0.25,176.0
2016-10-06,6218,148530.0,2754405.0,18.6,18.65,18.4,18.65,0.25,98.0
2016-10-07,6218,152700.0,2807453.0,18.6,18.6,18.15,18.15,-0.5,118.0
2016-10-11,6218,384000.0,6880400.0,18.2,18.3,17.8,17.8,-0.35,245.0
2016-10-12,6218,1359300.0,26201515.0,18.85,19.55,18.65,19.55,1.75,663.0
2016-10-13,6218,4180805.0,84390788.0,19.85,20.7,19.75,19.9,0.35,2044.0
2016-10-14,6218,1486063.0,28356321.0,19.45,20.1,18.4,18.5,-1.4,809.0
2016-10-17,6218,593530.0,11208814.0,18.4,19.4,18.4,19.0,0.5,385.0
2016-10-18,6218,250101.0,4712198.0,19.1,19.1,18.65,18.65,-0.35,152.0
2016-10-19,6218,218500.0,4103799.0,18.65,18.95,18.65,18.65,0.0,133.0
2016-10-20,6218,275000.0,5113450.0,18.65,18.8,18.5,18.7,0.05,192.0
2016-10-21,6218,2925313.0,59277801.0,18.9,20.55,18.85,20.55,1.85,1200.0
2016-10-24,6218,2823673.0,57586260.0,20.75,21.1,19.8,20.25,-0.3,1344.0
2016-10-25,6218,509051.0,10222911.0,20.2,20.6,19.85,19.95,-0.3,307.0
2016-10-26,6218,594513.0,11591450.0,20.2,20.2,19.15,19.15,-0.8,376.0
2016-10-27,6218,335424.0,6457640.0,19.2,19.45,19.15,19.2,0.05,213.0
2016-10-28,6218,293300.0,5592615.0,19.45,19.45,18.9,18.9,-0.3,190.0
2016-10-31,6218,322200.0,6010689.0,18.8,18.8,18.5,18.65,-0.25,186.0
2016-11-01,6218,240005.0,4536144.0,18.7,19.15,18.65,18.7,0.05,167.0
2016-11-02,6218,264265.0,4894539.0,18.7,18.85,18.4,18.45,-0.25,160.0
2016-11-03,6218,565005.0,10316042.0,18.45,18.7,17.95,18.6,0.15,341.0
2016-11-04,6218,157000.0,2921100.0,18.6,18.8,18.5,18.5,-0.1,110.0
2016-11-07,6218,135031.0,2501018.0,18.8,18.8,18.45,18.5,0.0,86.0
2016-11-08,6218,167100.0,3084814.0,18.5,18.55,18.35,18.5,0.0,100.0
2016-11-09,6218,545000.0,9899100.0,18.7,18.7,17.8,18.5,0.0,365.0
2016-11-10,6218,248465.0,4629502.0,18.5,18.85,18.5,18.5,0.0,140.0
2016-11-11,6218,242010.0,4487337.0,18.5,18.7,18.5,18.55,0.05,87.0
2016-11-14,6218,120644.0,2232433.0,18.6,18.6,18.45,18.5,-0.05,84.0
2016-11-15,6218,179000.0,3313800.0,18.55,18.65,18.4,18.5,0.0,71.0
2016-11-16,6218,153000.0,2841150.0,18.5,18.65,18.45,18.5,0.0,83.0
2016-11-17,6218,123010.0,2290235.0,18.5,18.7,18.5,18.6,0.1,50.0
2016-11-18,6218,334090.0,6474201.0,18.85,20.2,18.85,19.0,0.4,238.0
2016-11-21,6218,109300.0,2076575.0,19.4,19.4,18.75,18.9,-0.1,83.0
2016-11-22,6218,88289.0,1676726.0,18.8,19.15,18.8,18.95,0.05,73.0
2016-11-23,6218,77100.0,1450625.0,19.0,19.1,18.7,18.7,-0.25,63.0
2016-11-24,6218,58000.0,1087200.0,19.0,19.0,18.6,18.7,0.0,47.0
2016-11-25,6218,109100.0,2033210.0,18.85,18.9,18.55,18.6,-0.1,78.0
2016-11-28,6218,43100.0,806565.0,18.85,18.85,18.65,18.65,0.05,29.0
2016-11-29,6218,109000.0,2029650.0,18.65,18.75,18.5,18.55,-0.1,62.0
2016-11-30,6218,60000.0,1115950.0,18.6,18.7,18.55,18.7,0.15,37.0
2016-12-01,6218,88000.0,1653600.0,18.7,18.9,18.7,18.8,0.1,58.0
2016-12-02,6218,51000.0,956400.0,19.0,19.0,18.6,18.8,0.0,38.0
2016-12-05,6218,87121.0,1626362.0,18.8,18.8,18.6,18.7,-0.1,56.0
2016-12-06,6218,137182.0,2565885.0,18.8,18.85,18.55,18.75,0.05,71.0
2016-12-07,6218,117000.0,2179400.0,18.7,18.75,18.55,18.75,0.0,52.0
2016-12-08,6218,49000.0,918200.0,18.65,18.8,18.6,18.75,0.0,35.0
2016-12-09,6218,86000.0,1600250.0,18.6,18.65,18.55,18.6,-0.15,49.0
2016-12-12,6218,129100.0,2393085.0,18.5,18.7,18.5,18.5,-0.1,65.0
2016-12-13,6218,50000.0,926850.0,18.5,18.7,18.45,18.55,0.05,40.0
2016-12-14,6218,57000.0,1056050.0,18.7,18.7,18.5,18.6,0.05,32.0
2016-12-15,6218,41165.0,766469.0,18.6,18.7,18.55,18.7,0.1,32.0
2016-12-16,6218,166056.0,3096391.0,18.75,18.8,18.5,18.7,0.0,75.0
2016-12-19,6218,44060.0,821116.0,18.7,18.7,18.6,18.7,0.0,27.0
2016-12-20,6218,181496.0,3422424.0,18.75,19.2,18.65,18.95,0.25,105.0
2016-12-21,6218,103000.0,1941950.0,18.95,18.95,18.75,18.85,-0.1,54.0
2016-12-22,6218,63000.0,1187000.0,18.75,18.9,18.75,18.8,-0.05,36.0
2016-12-23,6218,63300.0,1190969.0,18.8,18.9,18.7,18.85,0.05,49.0
2016-12-26,6218,46050.0,868190.0,18.8,18.9,18.8,18.9,0.05,35.0
2016-12-27,6218,48000.0,904850.0,18.9,18.9,18.8,18.85,-0.05,33.0
2016-12-28,6218,152095.0,2891024.0,18.9,19.15,18.9,18.9,0.05,107.0
2016-12-29,6218,179010.0,3409240.0,18.95,19.2,18.95,19.05,0.15,122.0
2016-12-30,6218,304630.0,5858033.0,19.15,19.7,19.0,19.25,0.2,155.0
2017-01-03,6218,122000.0,2344250.0,19.3,19.45,19.1,19.25,0.0,68.0
2017-01-04,6218,93000.0,1785600.0,19.2,19.3,19.15,19.3,0.05,57.0
2017-01-05,6218,110547.0,2124697.0,19.2,19.3,19.15,19.3,0.0,63.0
2017-01-06,6218,80100.0,1545210.0,19.45,19.45,19.2,19.3,0.0,50.0
2017-01-09,6218,110008.0,2122152.0,19.3,19.4,19.2,19.3,0.0,56.0
2017-01-10,6218,202100.0,3912215.0,19.3,19.6,19.25,19.3,0.0,86.0
2017-01-11,6218,298000.0,5837500.0,19.9,20.0,19.25,19.25,-0.05,182.0
2017-01-12,6218,254000.0,4855750.0,19.3,19.4,19.0,19.0,-0.25,88.0
2017-01-13,6218,33100.0,630800.0,19.0,19.2,19.0,19.0,0.0,25.0
2017-01-16,6218,82000.0,1555600.0,19.0,19.2,18.85,19.15,0.15,47.0
2017-01-17,6218,91454.0,1752126.0,19.2,19.2,19.05,19.15,0.0,36.0
2017-01-18,6218,50000.0,952150.0,19.15,19.15,19.0,19.0,-0.15,30.0
2017-01-19,6218,72000.0,1373000.0,19.1,19.15,19.0,19.0,0.0,31.0
2017-01-20,6218,75100.0,1425090.0,19.1,19.1,18.9,19.0,0.0,26.0
2017-01-23,6218,212000.0,4042100.0,19.0,19.15,18.85,18.9,-0.1,43.0
2017-01-24,6218,196189.0,3693353.0,18.9,18.9,18.75,18.9,0.0,68.0
2017-02-02,6218,93000.0,1757350.0,18.85,19.05,18.85,18.9,0.0,37.0
2017-02-03,6218,57000.0,1078150.0,18.9,19.05,18.8,18.95,0.05,48.0
2017-02-06,6218,148000.0,2823800.0,19.0,19.2,18.95,18.95,0.0,70.0
2017-02-07,6218,279821.0,5395766.0,19.15,19.55,18.95,19.0,0.05,158.0
2017-02-08,6218,180100.0,3435250.0,19.1,19.3,18.95,19.0,0.0,82.0
2017-02-09,6218,56600.0,1077939.0,18.95,19.15,18.95,19.0,0.0,38.0
2017-02-10,6218,107530.0,2043890.0,19.0,19.1,18.95,18.95,-0.05,74.0
2017-02-13,6218,127295.0,2408996.0,18.95,19.0,18.9,18.95,0.0,45.0
2017-02-14,6218,143000.0,2708150.0,18.95,19.1,18.8,19.0,0.05,59.0
2017-02-15,6218,179069.0,3408704.0,18.95,19.15,18.9,19.1,0.1,89.0
2017-02-16,6218,90000.0,1708550.0,19.3,19.3,18.9,18.9,-0.2,46.0
2017-02-17,6218,51246.0,969849.0,19.0,19.0,18.8,19.0,0.1,37.0
2017-02-18,6218,89000.0,1684000.0,19.05,19.1,18.85,18.95,-0.05,35.0
2017-02-20,6218,108007.0,2049431.0,19.0,19.05,18.9,19.0,0.05,63.0
2017-02-21,6218,77744.0,1476861.0,19.0,19.1,18.85,19.05,0.05,43.0
2017-02-22,6218,69000.0,1313150.0,19.0,19.1,18.95,18.95,-0.1,41.0
2017-02-23,6218,49000.0,930900.0,18.9,19.05,18.9,19.05,0.1,43.0
2017-02-24,6218,164626.0,3147073.0,19.05,19.3,19.0,19.15,0.1,86.0
2017-03-01,6218,238275.0,4558852.0,19.15,19.25,19.1,19.1,-0.05,69.0
2017-03-02,6218,121189.0,2295552.0,19.1,19.1,18.9,18.9,-0.2,53.0
2017-03-03,6218,45776.0,869038.0,19.1,19.1,18.9,19.0,0.1,37.0
2017-03-06,6218,258500.0,4978850.0,19.05,19.55,19.05,19.1,0.1,157.0
2017-03-07,6218,92325.0,1761641.0,19.1,19.25,19.05,19.05,-0.05,62.0
2017-03-08,6218,133245.0,2550104.0,19.1,19.2,19.05,19.2,0.15,59.0
2017-03-09,6218,167000.0,3213300.0,19.35,19.45,19.15,19.3,0.1,88.0
2017-03-10,6218,89100.0,1708015.0,19.3,19.3,19.1,19.15,-0.15,51.0
2017-03-13,6218,102000.0,1943750.0,19.1,19.15,19.0,19.15,0.0,47.0
2017-03-14,6218,168790.0,3234410.0,19.15,19.3,19.1,19.15,0.0,64.0
2017-03-15,6218,98000.0,1876950.0,19.15,19.25,19.05,19.05,-0.1,55.0
2017-03-16,6218,200045.0,3861906.0,19.1,19.55,19.1,19.25,0.2,115.0
2017-03-17,6218,78356.0,1503149.0,19.3,19.3,19.15,19.2,-0.05,54.0
2017-03-20,6218,187170.0,3581205.0,19.2,19.25,19.1,19.15,-0.05,86.0
2017-03-21,6218,278050.0,5319702.0,19.15,19.25,19.05,19.05,-0.1,85.0
2017-03-22,6218,235000.0,4472300.0,19.05,19.15,19.0,19.05,0.0,78.0
2017-03-23,6218,90200.0,1727719.0,19.05,19.25,19.05,19.25,0.2,60.0
2017-03-24,6218,81389.0,1561168.0,19.15,19.25,19.15,19.15,-0.1,48.0
2017-03-27,6218,500552.0,9790093.0,19.45,19.75,19.2,19.25,0.1,263.0
2017-03-28,6218,130200.0,2507230.0,19.25,19.4,19.2,19.3,0.05,79.0
2017-03-29,6218,165001.0,3202769.0,19.35,19.5,19.35,19.5,0.2,95.0
2017-03-30,6218,669340.0,13235676.0,19.5,20.1,19.4,19.45,-0.05,310.0
2017-03-31,6218,65000.0,1266500.0,19.5,19.6,19.35,19.35,-0.1,50.0
2017-04-05,6218,101001.0,1949819.0,19.5,19.5,19.2,19.3,-0.05,66.0
2017-04-06,6218,78226.0,1506373.0,19.3,19.35,19.2,19.35,0.05,35.0
2017-04-07,6218,137839.0,2643291.0,19.4,19.4,19.1,19.2,-0.15,69.0
2017-04-10,6218,95300.0,1824060.0,19.25,19.25,19.05,19.15,-0.05,48.0
2017-04-11,6218,159165.0,3035151.0,19.1,19.15,19.0,19.1,-0.05,74.0
2017-04-12,6218,186051.0,3539526.0,19.1,19.1,19.0,19.0,-0.1,67.0
2017-04-13,6218,74265.0,1411835.0,19.05,19.05,18.95,19.0,0.0,37.0
2017-04-14,6218,121530.0,2288708.0,19.0,19.0,18.8,18.8,-0.2,79.0
2017-04-17,6218,123000.0,2289350.0,18.8,18.8,18.5,18.6,-0.2,72.0
2017-04-18,6218,49014.0,912357.0,18.65,18.65,18.6,18.6,0.0,30.0
2017-04-19,6218,104467.0,1933841.0,18.6,18.6,18.4,18.55,-0.05,56.0
2017-04-20,6218,49000.0,922000.0,18.6,18.95,18.6,18.85,0.3,38.0
2017-04-21,6218,112808.0,2122640.0,18.65,19.05,18.55,18.95,0.1,58.0
2017-04-24,6218,21100.0,397375.0,18.95,18.95,18.7,18.7,-0.25,14.0
2017-04-25,6218,67060.0,1273628.0,18.8,19.35,18.75,18.9,0.2,49.0
2017-04-26,6218,65050.0,1241800.0,19.1,19.15,18.9,19.1,0.2,40.0
2017-04-27,6218,88200.0,1688810.0,19.1,19.2,18.9,19.2,0.1,49.0
2017-04-28,6218,49380.0,952146.0,19.35,19.35,19.1,19.25,0.05,25.0
2017-05-02,6218,28800.0,553830.0,19.3,19.3,19.05,19.25,0.0,21.0
2017-05-03,6218,30101.0,576394.0,19.15,19.3,19.05,19.1,-0.15,21.0
2017-05-04,6218,39397.0,755382.0,19.1,19.25,19.1,19.25,0.15,21.0
2017-05-05,6218,57500.0,1102900.0,19.3,19.3,19.1,19.25,0.0,38.0
2017-05-08,6218,38000.0,723600.0,19.1,19.1,19.0,19.05,-0.2,23.0
2017-05-09,6218,473000.0,9225700.0,19.3,19.75,19.15,19.4,0.35,225.0
2017-05-10,6218,237000.0,4616450.0,19.5,19.65,19.35,19.35,-0.05,90.0
2017-05-11,6218,160000.0,3100000.0,19.3,19.55,19.2,19.25,-0.1,50.0
2017-05-12,6218,60000.0,1155150.0,19.25,19.35,19.2,19.3,0.05,26.0
2017-05-15,6218,291000.0,5706400.0,19.3,19.85,19.3,19.4,0.1,105.0
2017-05-16,6218,246400.0,4833129.0,19.7,19.7,19.5,19.6,0.2,106.0
2017-05-17,6218,3072872.0,64565075.0,19.6,21.55,19.6,19.8,0.2,1421.0
2017-05-18,6218,3560858.0,75539720.0,19.6,21.75,19.4,21.75,1.95,1686.0
2017-05-19,6218,1625564.0,34182494.0,21.45,21.6,20.6,20.8,-0.95,923.0
2017-05-22,6218,1312225.0,28230230.0,21.0,21.95,21.0,21.35,0.55,702.0
2017-05-23,6218,436725.0,9292711.0,21.35,21.5,21.15,21.2,-0.15,229.0
2017-05-24,6218,1580391.0,34955527.0,21.9,23.15,21.25,21.35,0.15,985.0
2017-05-25,6218,380654.0,8083062.0,21.4,21.55,20.9,21.5,0.15,224.0
2017-05-26,6218,182750.0,3882824.0,21.75,21.75,21.05,21.05,-0.45,118.0
2017-05-31,6218,243000.0,5166000.0,21.05,21.5,21.05,21.15,0.1,145.0
2017-06-01,6218,153530.0,3255930.0,21.25,21.3,21.1,21.15,0.0,85.0
2017-06-02,6218,410814.0,8744637.0,21.1,21.7,20.9,21.45,0.3,197.0
2017-06-03,6218,1410730.0,31724996.0,21.55,23.2,21.5,22.1,0.65,838.0
2017-06-05,6218,639850.0,14359842.0,22.2,22.9,22.1,22.1,0.0,365.0
2017-06-06,6218,318200.0,7058179.0,22.25,22.4,22.0,22.1,0.0,142.0
2017-06-07,6218,245099.0,5411252.0,22.1,22.25,21.8,21.85,-0.25,137.0
2017-06-08,6218,216884.0,4815258.0,22.1,22.7,22.05,22.1,0.25,108.0
2017-06-09,6218,2272666.0,53828514.0,24.0,24.1,23.15,23.35,1.25,1102.0
2017-06-12,6218,1364535.0,32478126.0,23.35,24.2,23.35,23.7,0.35,675.0
2017-06-13,6218,404211.0,9548479.0,23.8,23.95,23.5,23.65,-0.05,225.0
2017-06-14,6218,629000.0,14512400.0,23.65,23.65,22.7,23.4,-0.25,273.0
2017-06-15,6218,828310.0,18796498.0,23.3,23.3,22.5,22.9,-0.5,314.0
2017-06-16,6218,328918.0,7416116.0,22.55,22.7,22.35,22.5,-0.4,184.0
2017-06-19,6218,528460.0,11724096.0,22.5,22.5,21.95,21.95,-0.55,233.0
2017-06-20,6218,509100.0,11288294.0,22.0,22.45,21.95,21.95,0.0,211.0
2017-06-21,6218,242100.0,5249005.0,21.9,21.9,21.5,21.75,-0.2,137.0
2017-06-22,6218,221300.0,4826343.0,21.75,22.05,21.7,21.85,0.1,116.0
2017-06-23,6218,178265.0,3863124.0,21.8,21.8,21.5,21.75,-0.1,106.0
2017-06-26,6218,116000.0,2520050.0,21.9,21.9,21.6,21.6,-0.15,51.0
2017-06-27,6218,140120.0,3028279.0,21.6,21.8,21.5,21.6,0.0,77.0
2017-06-28,6218,124478.0,2689626.0,21.6,21.75,21.5,21.75,0.15,56.0
2017-06-29,6218,110000.0,2399300.0,21.95,22.0,21.55,21.85,0.1,60.0
2017-06-30,6218,53000.0,1158500.0,21.9,22.0,21.7,21.9,0.05,30.0
2017-07-03,6218,66454.0,1454824.0,21.8,22.0,21.8,21.9,0.0,33.0
2017-07-04,6218,201000.0,4396950.0,21.85,22.1,21.6,21.65,-0.25,78.0
2017-07-05,6218,68000.0,1486100.0,21.85,21.95,21.65,21.95,0.3,36.0
2017-07-06,6218,95150.0,2080462.0,21.95,22.05,21.75,21.75,-0.2,49.0
2017-07-07,6218,146000.0,3178950.0,21.95,22.0,21.6,21.65,-0.1,64.0
2017-07-10,6218,827852.0,16633282.0,20.5,20.6,19.9,20.05,-1.6,359.0
2017-07-11,6218,114500.0,2311424.0,20.1,20.45,20.0,20.0,-0.05,69.0
2017-07-12,6218,121950.0,2446304.0,20.0,20.1,20.0,20.05,0.05,53.0
2017-07-13,6218,59561.0,1195820.0,20.05,20.15,20.05,20.1,0.05,39.0
2017-07-14,6218,173200.0,3500790.0,20.15,20.3,20.15,20.3,0.2,59.0
2017-07-17,6218,159400.0,3229370.0,20.35,20.35,20.15,20.15,-0.15,53.0
2017-07-18,6218,123150.0,2491022.0,20.15,20.3,20.15,20.15,0.0,51.0
2017-07-19,6218,191558.0,3874542.0,20.2,20.3,20.15,20.25,0.1,97.0
2017-07-20,6218,199000.0,3834500.0,19.15,19.45,19.05,19.25,0.0,88.0
2017-07-21,6218,76200.0,1463640.0,19.2,19.45,19.1,19.1,-0.15,46.0
2017-07-24,6218,98204.0,1879286.0,19.35,19.35,19.05,19.05,-0.05,39.0
2017-07-25,6218,56000.0,1067250.0,19.05,19.1,19.05,19.1,0.05,29.0
2017-07-26,6218,138265.0,2644524.0,19.1,19.35,19.05,19.2,0.1,63.0
2017-07-27,6218,69200.0,1322040.0,19.05,19.25,19.05,19.2,0.0,27.0
2017-07-28,6218,275008.0,5206103.0,19.1,19.15,18.8,19.15,-0.05,95.0
2017-07-31,6218,40200.0,766559.0,19.1,19.15,18.95,19.05,-0.1,30.0
2017-08-01,6218,130590.0,2491260.0,19.1,19.2,18.95,19.1,0.05,58.0
2017-08-02,6218,56234.0,1071446.0,19.0,19.15,18.95,19.15,0.05,36.0
2017-08-03,6218,48103.0,914266.0,19.0,19.1,19.0,19.05,-0.1,25.0
2017-08-04,6218,110365.0,2098866.0,19.0,19.1,18.95,19.0,-0.05,42.0
2017-08-07,6218,92000.0,1760250.0,19.1,19.4,19.0,19.3,0.3,41.0
2017-08-08,6218,33000.0,635950.0,19.35,19.35,19.15,19.3,0.0,20.0
2017-08-09,6218,69000.0,1317550.0,19.2,19.4,18.9,19.25,-0.05,34.0
2017-08-10,6218,465180.0,8649520.0,18.95,19.0,18.4,18.5,-0.75,175.0
2017-08-11,6218,387200.0,6979020.0,18.1,18.4,17.8,18.0,-0.5,165.0
2017-08-14,6218,533000.0,9374200.0,18.0,18.25,17.0,17.3,-0.7,206.0
2017-08-15,6218,96732.0,1709236.0,17.95,17.95,17.45,17.55,0.25,62.0
2017-08-16,6218,47200.0,840618.0,17.8,17.9,17.6,17.85,0.3,43.0
2017-08-17,6218,34100.0,610595.0,17.85,18.0,17.85,17.95,0.1,28.0
2017-08-18,6218,63100.0,1135850.0,17.9,18.15,17.85,18.0,0.05,48.0
2017-08-21,6218,75015.0,1359270.0,17.8,18.25,17.8,18.2,0.2,47.0
2017-08-22,6218,153000.0,2825900.0,18.25,18.7,18.2,18.6,0.4,66.0
2017-08-23,6218,81998.0,1523161.0,18.65,18.75,18.45,18.6,0.0,55.0
2017-08-24,6218,99000.0,1842450.0,18.3,18.7,18.3,18.65,0.05,50.0
2017-08-25,6218,77172.0,1445498.0,18.65,18.95,18.6,18.6,-0.05,51.0
2017-08-28,6218,63170.0,1188787.0,18.6,18.95,18.6,18.9,0.3,52.0
2017-08-29,6218,18365.0,342593.0,18.8,18.8,18.6,18.6,-0.3,14.0
2017-08-30,6218,65650.0,1231272.0,18.6,18.9,18.6,18.8,0.2,31.0
2017-08-31,6218,36301.0,684293.0,18.8,18.9,18.75,18.75,-0.05,25.0
2017-09-01,6218,50140.0,947031.0,18.8,18.95,18.8,18.8,0.05,34.0
2017-09-04,6218,92100.0,1721630.0,18.8,18.8,18.55,18.7,-0.1,32.0
2017-09-05,6218,63100.0,1187200.0,18.9,19.0,18.6,18.85,0.15,37.0
2017-09-06,6218,42000.0,786500.0,18.95,18.95,18.65,18.65,-0.2,34.0
2017-09-07,6218,112000.0,2117500.0,18.7,19.15,18.7,18.9,0.25,55.0
2017-09-08,6218,70583.0,1340427.0,19.1,19.1,18.9,19.0,0.1,56.0
2017-09-11,6218,172200.0,3270050.0,19.4,19.4,18.8,19.05,0.05,63.0
2017-09-12,6218,92050.0,1749650.0,19.15,19.15,18.9,19.0,-0.05,56.0
2017-09-13,6218,37115.0,702802.0,19.0,19.05,18.9,19.05,0.05,14.0
2017-09-14,6218,36050.0,683790.0,19.05,19.05,18.85,18.95,-0.1,22.0
2017-09-15,6218,62250.0,1181875.0,18.95,19.05,18.8,19.05,0.1,34.0
2017-09-18,6218,80360.0,1514890.0,18.9,18.95,18.75,18.85,-0.2,55.0
2017-09-19,6218,67000.0,1256900.0,18.85,18.9,18.7,18.9,0.05,43.0
2017-09-20,6218,109188.0,2048253.0,18.85,19.0,18.65,18.8,-0.1,59.0
2017-09-21,6218,163889.0,3066028.0,18.8,18.85,18.65,18.8,0.0,77.0
2017-09-22,6218,123368.0,2298188.0,18.8,18.8,18.5,18.6,-0.2,73.0
2017-09-25,6218,109999.0,2024881.0,18.6,18.6,18.3,18.45,-0.15,57.0
2017-09-26,6218,40990.0,751168.0,18.3,18.5,18.2,18.3,-0.15,21.0
2017-09-27,6218,59000.0,1096750.0,18.3,19.0,18.3,18.7,0.4,25.0
2017-09-28,6218,35322.0,651225.0,18.7,18.7,18.2,18.35,-0.35,31.0
2017-09-29,6218,113325.0,2118995.0,18.25,18.9,18.25,18.8,0.45,55.0
2017-09-30,6218,37650.0,699775.0,18.5,18.75,18.5,18.55,-0.25,22.0
2017-10-02,6218,39000.0,730850.0,18.6,18.9,18.6,18.9,0.35,23.0
2017-10-03,6218,85550.0,1590852.0,18.7,18.7,18.45,18.7,-0.2,55.0
2017-10-05,6218,41349.0,765138.0,18.6,18.6,18.45,18.55,-0.15,21.0
2017-10-06,6218,64100.0,1187400.0,18.5,18.6,18.5,18.5,-0.05,24.0
2017-10-11,6218,96000.0,1772550.0,18.45,18.5,18.4,18.45,-0.05,40.0
2017-10-12,6218,73265.0,1355762.0,18.5,18.55,18.3,18.35,-0.1,25.0
2017-10-13,6218,41821.0,768324.0,18.35,18.5,18.35,18.45,0.1,25.0
2017-10-16,6218,13000.0,238800.0,18.3,18.5,18.3,18.5,0.05,10.0
2017-10-17,6218,27051.0,498830.0,18.5,18.5,18.35,18.4,-0.1,20.0
2017-10-18,6218,58000.0,1059700.0,18.4,18.4,18.2,18.3,-0.1,26.0
2017-10-19,6218,23489.0,433023.0,18.25,18.6,18.25,18.45,0.15,15.0
2017-10-20,6218,57000.0,1053200.0,18.3,18.6,18.3,18.5,0.05,36.0
2017-10-23,6218,22630.0,418373.0,18.5,18.6,18.4,18.6,0.1,15.0
2017-10-24,6218,75827.0,1406416.0,18.45,18.7,18.4,18.6,0.0,37.0
2017-10-25,6218,26000.0,482350.0,18.55,18.65,18.45,18.65,0.05,17.0
2017-10-26,6218,26000.0,480700.0,18.5,18.6,18.4,18.6,-0.05,14.0
2017-10-27,6218,1649000.0,31148350.0,18.5,19.35,18.5,18.85,0.25,316.0
2017-10-30,6218,140000.0,2611000.0,18.85,18.85,18.55,18.6,-0.25,60.0
2017-10-31,6218,204080.0,3748463.0,18.55,18.6,18.3,18.45,-0.15,76.0
2017-11-01,6218,96465.0,1780559.0,18.45,18.65,18.35,18.5,0.05,60.0
2017-11-02,6218,33000.0,606000.0,18.25,18.5,18.25,18.4,-0.1,21.0
2017-11-03,6218,33000.0,608250.0,18.4,18.5,18.4,18.5,0.1,14.0
2017-11-06,6218,122000.0,2266600.0,18.5,18.6,18.45,18.6,0.1,25.0
2017-11-07,6218,49203.0,917675.0,18.6,18.7,18.5,18.6,0.0,19.0
2017-11-08,6218,39465.0,731406.0,18.65,18.7,18.45,18.55,-0.05,25.0
2017-11-09,6218,39000.0,723400.0,18.55,18.65,18.4,18.55,0.0,29.0
2017-11-10,6218,67388.0,1251199.0,18.55,18.7,18.55,18.55,0.0,38.0
2017-11-13,6218,78000.0,1459500.0,18.8,18.85,18.6,18.75,0.2,55.0
2017-11-14,6218,51249.0,951181.0,18.8,18.85,18.5,18.55,-0.2,29.0
2017-11-15,6218,58000.0,1072850.0,18.55,18.6,18.4,18.6,0.05,21.0
2017-11-16,6218,19595.0,363657.0,18.6,18.6,18.4,18.5,-0.1,14.0
2017-11-17,6218,7265.0,134726.0,18.5,18.6,18.45,18.6,0.1,9.0
2017-11-20,6218,47605.0,873542.0,18.6,18.6,18.3,18.3,-0.3,31.0
2017-11-21,6218,42000.0,781050.0,18.3,18.75,18.3,18.65,0.35,25.0
2017-11-22,6218,39295.0,734301.0,18.5,18.8,18.5,18.65,0.0,17.0
2017-11-23,6218,24165.0,450427.0,18.65,18.65,18.6,18.65,0.0,7.0
2017-11-24,6218,30403.0,565376.0,18.65,18.7,18.5,18.7,0.05,24.0
2017-11-27,6218,53000.0,979650.0,18.35,18.65,18.35,18.55,-0.15,32.0
2017-11-28,6218,25210.0,470715.0,18.55,18.8,18.55,18.65,0.1,18.0
2017-11-29,6218,53050.0,989230.0,18.65,18.9,18.5,18.6,-0.05,24.0
2017-11-30,6218,45166.0,842961.0,18.45,18.9,18.45,18.75,0.15,34.0
2017-12-01,6218,120265.0,2265329.0,18.8,18.9,18.75,18.8,0.05,61.0
2017-12-04,6218,59165.0,1110052.0,18.9,18.9,18.65,18.8,0.0,44.0
2017-12-05,6218,255000.0,4813850.0,18.8,19.05,18.8,18.9,0.1,81.0
2017-12-06,6218,362100.0,6923770.0,18.85,19.4,18.85,19.3,0.4,138.0
2017-12-07,6218,477000.0,9368900.0,19.55,19.9,19.4,19.8,0.5,245.0
2017-12-08,6218,1791930.0,37703224.0,20.3,21.6,19.9,21.25,1.45,890.0
2017-12-11,6218,1071175.0,22391189.0,21.7,22.0,20.35,20.8,-0.45,575.0
2017-12-12,6218,878255.0,17343422.0,20.7,20.7,19.35,19.35,-1.45,436.0
2017-12-13,6218,198005.0,3834646.0,19.5,19.65,19.15,19.2,-0.15,126.0
2017-12-14,6218,270010.0,5251445.0,19.2,19.6,19.2,19.5,0.3,107.0
2017-12-15,6218,131000.0,2543900.0,19.5,19.7,19.25,19.45,-0.05,68.0
2017-12-18,6218,74001.0,1437419.0,19.45,19.5,19.35,19.5,0.05,41.0
2017-12-19,6218,178312.0,3474767.0,19.5,19.6,19.4,19.45,-0.05,60.0
2017-12-20,6218,74000.0,1437650.0,19.5,19.6,19.3,19.5,0.05,30.0
2017-12-21,6218,83000.0,1614450.0,19.5,19.55,19.35,19.55,0.05,46.0
2017-12-22,6218,102820.0,1996362.0,19.5,19.55,19.3,19.3,-0.25,60.0
2017-12-25,6218,60590.0,1174764.0,19.35,19.45,19.35,19.45,0.15,40.0
2017-12-26,6218,118330.0,2291802.0,19.45,19.45,19.25,19.4,-0.05,45.0
2017-12-27,6218,138000.0,2676100.0,19.4,19.5,19.2,19.3,-0.1,47.0
2017-12-28,6218,65000.0,1259750.0,19.4,19.5,19.25,19.4,0.1,35.0
2017-12-29,6218,60000.0,1164450.0,19.4,19.55,19.3,19.45,0.05,30.0
2018-01-02,6218,93145.0,1805184.0,19.45,19.45,19.3,19.3,-0.15,33.0
2018-01-03,6218,114206.0,2203475.0,19.3,19.4,19.2,19.3,0.0,64.0
2018-01-04,6218,178000.0,3409250.0,19.25,19.25,19.0,19.25,-0.05,58.0
2018-01-05,6218,115495.0,2214679.0,19.4,19.45,19.1,19.2,-0.05,66.0
2018-01-08,6218,49086.0,945505.0,19.2,19.4,19.2,19.35,0.15,29.0
2018-01-09,6218,39215.0,759319.0,19.4,19.45,19.3,19.4,0.05,31.0
2018-01-10,6218,88265.0,1693924.0,19.25,19.3,19.05,19.3,-0.1,62.0
2018-01-11,6218,40328.0,774260.0,19.2,19.25,19.1,19.25,-0.05,30.0
2018-01-12,6218,66328.0,1277280.0,19.3,19.4,19.15,19.25,0.0,37.0
2018-01-15,6218,190371.0,3655349.0,19.2,19.35,19.15,19.15,-0.1,29.0
2018-01-16,6218,189600.0,3657150.0,19.15,19.35,19.15,19.35,0.2,30.0
2018-01-17,6218,56884.0,1101521.0,19.35,19.45,19.3,19.4,0.05,36.0
2018-01-18,6218,330000.0,6421000.0,19.45,19.5,19.45,19.45,0.05,64.0
2018-01-19,6218,306300.0,6019244.0,19.5,19.8,19.5,19.65,0.2,116.0
2018-01-22,6218,108001.0,2108269.0,19.65,19.7,19.4,19.5,-0.15,71.0
2018-01-23,6218,98000.0,1898100.0,19.45,19.45,19.3,19.45,-0.05,40.0
2018-01-24,6218,32000.0,622050.0,19.35,19.6,19.35,19.5,0.05,27.0
2018-01-25,6218,54026.0,1055300.0,19.5,19.7,19.4,19.4,-0.1,36.0
2018-01-26,6218,22380.0,435621.0,19.4,19.5,19.4,19.4,0.0,17.0
2018-01-29,6218,97062.0,1887134.0,19.4,19.6,19.3,19.3,-0.1,40.0
2018-01-30,6218,59906.0,1169380.0,19.3,19.6,19.3,19.45,0.15,28.0
2018-01-31,6218,23356.0,452324.0,19.25,19.45,19.25,19.4,-0.05,16.0
2018-02-01,6218,50290.0,975376.0,19.3,19.4,19.3,19.4,0.0,10.0
2018-02-02,6218,147000.0,2844650.0,19.35,19.45,19.2,19.45,0.05,43.0
2018-02-05,6218,181080.0,3468886.0,19.1,19.3,19.05,19.2,-0.25,47.0
2018-02-06,6218,520204.0,9571973.0,18.8,18.8,18.05,18.6,-0.6,171.0
2018-02-07,6218,60450.0,1125120.0,18.65,18.75,18.5,18.6,0.0,34.0
2018-02-08,6218,67000.0,1251050.0,18.6,18.9,18.35,18.55,-0.05,23.0
2018-02-09,6218,115000.0,2104450.0,18.25,18.8,18.1,18.35,-0.2,53.0
2018-02-12,6218,32360.0,594054.0,18.35,18.5,18.25,18.5,0.15,23.0
2018-02-21,6218,73200.0,1361850.0,18.3,18.8,18.3,18.65,0.15,39.0
2018-02-22,6218,43100.0,802175.0,18.55,18.65,18.55,18.65,0.0,23.0
2018-02-23,6218,82000.0,1537350.0,18.7,19.15,18.55,19.05,0.4,39.0
2018-02-26,6218,65462.0,1237181.0,19.05,19.15,18.7,18.9,-0.15,49.0
2018-02-27,6218,34233.0,644730.0,19.1,19.1,18.7,19.0,0.1,24.0
2018-03-01,6218,28146.0,532332.0,18.8,19.05,18.8,19.05,0.05,20.0
2018-03-02,6218,27000.0,514050.0,18.8,19.2,18.8,19.2,0.15,14.0
2018-03-05,6218,23001.0,440269.0,19.2,19.2,19.0,19.0,-0.2,14.0
2018-03-06,6218,31000.0,593000.0,19.3,19.35,19.0,19.1,0.1,20.0
2018-03-07,6218,60201.0,1153649.0,19.25,19.25,19.0,19.2,0.1,37.0
2018-03-08,6218,69000.0,1329100.0,19.0,19.5,19.0,19.4,0.2,27.0
2018-03-09,6218,18120.0,345742.0,19.25,19.25,19.0,19.1,-0.3,17.0
2018-03-12,6218,26000.0,494150.0,19.0,19.2,18.95,19.2,0.1,10.0
2018-03-13,6218,3379.0,64401.0,19.0,19.2,19.0,19.2,0.0,5.0
2018-03-14,6218,33600.0,642460.0,19.1,19.25,18.95,19.25,0.05,20.0
2018-03-15,6218,390.0,7507.0,0.0,0.0,0.0,0.0,0.0,1.0
2018-03-16,6218,40025.0,762427.0,19.25,19.25,19.0,19.15,-0.05,21.0
2018-03-19,6218,20012.0,381178.0,19.1,19.1,19.0,19.1,-0.05,15.0
2018-03-20,6218,50100.0,952704.0,19.15,19.15,19.0,19.1,0.0,26.0
2018-03-21,6218,23000.0,437000.0,19.0,19.0,19.0,19.0,-0.1,14.0
2018-03-22,6218,37100.0,700795.0,18.95,19.0,18.8,19.0,0.0,24.0
2018-03-23,6218,18000.0,337950.0,18.7,19.0,18.7,19.0,0.0,10.0
2018-03-26,6218,41047.0,775393.0,19.0,19.0,18.8,19.0,0.0,15.0
2018-03-27,6218,43000.0,824950.0,19.2,19.35,19.05,19.2,0.2,21.0
2018-03-28,6218,6000.0,114300.0,19.2,19.2,19.0,19.1,-0.1,5.0
2018-03-29,6218,82100.0,1580810.0,19.05,19.45,19.05,19.3,0.2,34.0
2018-03-30,6218,72000.0,1395500.0,19.4,19.45,19.3,19.35,0.05,41.0
2018-03-31,6218,187084.0,3655700.0,19.4,19.6,19.4,19.55,0.2,72.0
2018-04-02,6218,120719.0,2378170.0,19.6,19.8,19.6,19.7,0.15,62.0
2018-04-03,6218,65300.0,1267250.0,19.7,19.7,19.35,19.35,-0.35,39.0
2018-04-09,6218,72000.0,1389350.0,19.35,19.45,19.2,19.25,-0.1,33.0
2018-04-10,6218,198012.0,3834335.0,19.15,19.5,19.15,19.5,0.25,99.0
2018-04-11,6218,56000.0,1094450.0,19.6,19.6,19.45,19.6,0.1,36.0
2018-04-12,6218,298000.0,5907650.0,19.6,20.15,19.45,20.1,0.5,112.0
2018-04-13,6218,1896673.0,39382925.0,20.2,21.4,19.8,19.95,-0.15,937.0
2018-04-16,6218,255279.0,5080109.0,19.8,20.25,19.75,19.75,-0.2,143.0
2018-04-17,6218,106505.0,2102023.0,19.75,19.9,19.6,19.65,-0.1,69.0
2018-04-18,6218,149100.0,2930600.0,19.7,19.95,19.6,19.6,-0.05,69.0
2018-04-19,6218,70025.0,1382992.0,19.7,19.9,19.6,19.7,0.1,37.0
2018-04-20,6218,224030.0,4496243.0,19.85,20.5,19.7,19.95,0.25,129.0
2018-04-23,6218,192345.0,3840931.0,20.1,20.2,19.6,20.0,0.05,108.0
2018-04-24,6218,183500.0,3597000.0,20.0,20.0,19.5,19.55,-0.45,94.0
2018-04-25,6218,71000.0,1387950.0,19.5,19.8,19.5,19.6,0.05,37.0
2018-04-26,6218,160821.0,3112854.0,19.75,19.75,19.1,19.35,-0.25,89.0
2018-04-27,6218,48154.0,931637.0,19.3,19.5,19.2,19.45,0.1,33.0
2018-04-30,6218,62566.0,1217580.0,19.35,19.55,19.3,19.55,0.1,30.0
2018-05-02,6218,37500.0,740450.0,19.55,19.9,19.55,19.75,0.2,29.0
2018-05-03,6218,41000.0,802600.0,19.75,19.75,19.5,19.5,-0.25,20.0
2018-05-04,6218,51000.0,996500.0,19.5,19.65,19.45,19.65,0.15,29.0
2018-05-07,6218,72000.0,1413350.0,19.65,19.75,19.55,19.7,0.05,25.0
2018-05-08,6218,41000.0,808500.0,19.8,19.85,19.6,19.65,-0.05,27.0
2018-05-09,6218,118000.0,2296750.0,19.6,19.6,19.4,19.5,-0.15,57.0
2018-05-10,6218,51040.0,997847.0,19.6,19.6,19.5,19.55,0.05,23.0
2018-05-11,6218,156000.0,3021650.0,19.5,19.65,19.3,19.35,-0.2,56.0
2018-05-14,6218,77000.0,1489500.0,19.35,19.5,19.3,19.45,0.1,31.0
2018-05-15,6218,44000.0,864600.0,19.45,19.8,19.45,19.5,0.05,29.0
2018-05-16,6218,28000.0,549400.0,19.75,19.75,19.45,19.6,0.1,21.0
2018-05-17,6218,55000.0,1068250.0,19.45,19.5,19.4,19.5,-0.1,26.0
2018-05-18,6218,23000.0,447650.0,19.5,19.55,19.4,19.5,0.0,15.0
2018-05-21,6218,25000.0,489250.0,19.5,19.65,19.45,19.5,0.0,15.0
2018-05-22,6218,53100.0,1043915.0,19.4,19.8,19.4,19.65,0.15,22.0
2018-05-23,6218,28000.0,551150.0,19.65,19.75,19.55,19.7,0.05,24.0
2018-05-24,6218,16000.0,314800.0,19.7,19.7,19.55,19.7,0.0,12.0
2018-05-25,6218,40000.0,784250.0,19.7,19.7,19.55,19.6,-0.1,17.0
2018-05-28,6218,42000.0,818650.0,19.6,19.6,19.45,19.45,-0.15,24.0
2018-05-29,6218,104000.0,2016550.0,19.6,19.6,19.3,19.3,-0.15,52.0
2018-05-30,6218,72000.0,1388900.0,19.3,19.5,19.2,19.5,0.2,30.0
2018-05-31,6218,20000.0,389300.0,19.35,19.55,19.35,19.55,0.05,15.0
2018-06-01,6218,11000.0,214950.0,19.55,19.55,19.5,19.5,-0.05,6.0
2018-06-04,6218,33100.0,646110.0,19.45,19.6,19.45,19.6,0.1,25.0
2018-06-05,6218,109325.0,2143037.0,19.65,19.85,19.5,19.5,-0.1,50.0
2018-06-06,6218,102153.0,2001448.0,19.65,19.7,19.5,19.5,0.0,50.0
2018-06-07,6218,403344.0,8036124.0,19.55,20.15,19.55,19.9,0.4,123.0
2018-06-08,6218,229100.0,4486655.0,19.7,19.7,19.5,19.55,-0.35,103.0
2018-06-11,6218,70000.0,1369500.0,19.55,19.65,19.5,19.55,0.0,33.0
2018-06-12,6218,56000.0,1093300.0,19.55,19.65,19.5,19.65,0.1,23.0
2018-06-13,6218,90000.0,1774550.0,19.65,19.85,19.6,19.65,0.0,56.0
2018-06-14,6218,113160.0,2224454.0,19.75,19.8,19.55,19.6,-0.05,40.0
2018-06-15,6218,69785.0,1372357.0,19.6,19.8,19.6,19.65,0.05,32.0
2018-06-19,6218,367540.0,7364364.0,20.1,20.2,19.75,19.9,0.25,170.0
2018-06-20,6218,72000.0,1436650.0,19.95,20.0,19.8,19.8,-0.1,39.0
2018-06-21,6218,19795.0,394411.0,19.9,19.95,19.85,19.9,0.1,17.0
2018-06-22,6218,59140.0,1173486.0,19.85,20.0,19.75,19.9,0.0,34.0
2018-06-25,6218,36000.0,714500.0,19.9,19.95,19.8,19.8,-0.1,28.0
2018-06-26,6218,45000.0,883950.0,19.8,19.8,19.55,19.55,-0.25,33.0
2018-06-27,6218,45000.0,875700.0,19.5,19.8,19.4,19.45,-0.1,30.0
2018-06-28,6218,23000.0,447300.0,19.4,19.6,19.4,19.4,-0.05,13.0
2018-06-29,6218,38795.0,756302.0,19.65,19.7,19.35,19.65,0.25,29.0
2018-07-02,6218,18400.0,358980.0,19.4,19.6,19.4,19.45,-0.2,16.0
2018-07-03,6218,70000.0,1364000.0,19.45,19.55,19.45,19.55,0.1,28.0
2018-07-04,6218,18000.0,351100.0,19.5,19.55,19.45,19.5,-0.05,12.0
2018-07-05,6218,212000.0,4248350.0,19.7,20.25,19.7,19.7,0.2,114.0
2018-07-06,6218,112530.0,2248323.0,19.7,20.05,19.7,20.05,0.35,58.0
2018-07-09,6218,493230.0,10086765.0,20.0,20.75,20.0,20.65,0.6,263.0
2018-07-10,6218,611300.0,12660065.0,20.85,21.0,20.3,20.7,0.05,270.0
2018-07-11,6218,890265.0,18789467.0,20.8,21.35,20.8,21.3,0.6,415.0
2018-07-12,6218,402475.0,8493276.0,21.45,21.45,20.9,20.9,-0.4,196.0
2018-07-13,6218,403873.0,8352701.0,20.9,20.95,20.5,20.6,-0.3,182.0
2018-07-16,6218,160000.0,3242550.0,20.6,20.6,20.15,20.15,-0.45,98.0
2018-07-17,6218,111000.0,2254000.0,20.2,20.5,20.2,20.3,0.15,61.0
2018-07-18,6218,474518.0,9664165.0,20.4,20.75,20.2,20.2,-0.1,194.0
2018-07-19,6218,501100.0,9869660.0,19.55,20.0,19.55,19.6,0.0,246.0
2018-07-20,6218,68000.0,1321750.0,19.6,19.65,19.35,19.4,-0.2,51.0
2018-07-23,6218,52024.0,1007714.0,19.4,19.5,19.3,19.35,-0.05,28.0
2018-07-24,6218,94291.0,1819465.0,19.35,19.5,19.2,19.3,-0.05,46.0
2018-07-25,6218,50000.0,963500.0,19.3,19.35,19.25,19.3,0.0,27.0
2018-07-26,6218,123000.0,2390450.0,19.35,19.75,19.3,19.4,0.1,58.0
2018-07-27,6218,39100.0,756350.0,19.35,19.45,19.3,19.45,0.05,22.0
2018-07-30,6218,71000.0,1377050.0,19.25,19.6,19.25,19.6,0.15,34.0
2018-07-31,6218,66100.0,1295160.0,19.6,19.7,19.5,19.6,0.0,40.0
2018-08-01,6218,50000.0,978850.0,19.65,19.65,19.5,19.6,0.0,22.0
2018-08-02,6218,65000.0,1274300.0,19.6,19.65,19.55,19.65,0.05,41.0
2018-08-03,6218,49000.0,962750.0,19.65,19.7,19.6,19.7,0.05,24.0
2018-08-06,6218,71000.0,1392200.0,19.7,19.75,19.45,19.75,0.05,41.0
2018-08-07,6218,60000.0,1182200.0,19.7,19.8,19.65,19.8,0.05,28.0
2018-08-08,6218,145000.0,2870800.0,19.85,19.9,19.7,19.9,0.1,48.0
2018-08-09,6218,149700.0,2947725.0,19.8,19.85,19.55,19.75,-0.15,71.0
2018-08-10,6218,120050.0,2371340.0,19.7,19.85,19.55,19.8,0.05,45.0
2018-08-13,6218,117100.0,2299615.0,19.8,19.8,19.5,19.55,-0.25,45.0
2018-08-14,6218,43374.0,855255.0,19.55,19.8,19.5,19.8,0.25,27.0
2018-08-15,6218,48110.0,952189.0,19.8,19.85,19.7,19.85,0.05,26.0
2018-08-16,6218,119000.0,2372450.0,19.85,20.0,19.8,20.0,0.15,71.0
2018-08-17,6218,60350.0,1206187.0,20.05,20.05,19.85,20.05,0.05,42.0
2018-08-20,6218,286000.0,5662650.0,20.0,20.0,19.75,20.0,-0.05,45.0
2018-08-21,6218,22000.0,440600.0,19.9,20.15,19.9,20.1,0.1,16.0
2018-08-22,6218,81189.0,1634180.0,20.1,20.2,20.1,20.2,0.1,41.0
2018-08-23,6218,92878.0,1860160.0,20.2,20.2,19.85,20.2,0.0,44.0
2018-08-24,6218,2000.0,40150.0,20.05,20.1,20.05,20.1,-0.1,2.0
2018-08-27,6218,40000.0,800600.0,20.05,20.15,19.85,20.0,-0.1,22.0
2018-08-28,6218,93435.0,1871134.0,20.0,20.05,19.9,20.05,0.05,32.0
2018-08-29,6218,62452.0,1244843.0,20.05,20.05,19.85,20.05,0.0,35.0
2018-08-30,6218,34334.0,683146.0,19.9,20.05,19.85,19.85,-0.2,19.0
2018-08-31,6218,47000.0,937450.0,19.9,20.0,19.9,20.0,0.15,20.0
2018-09-03,6218,187000.0,3795500.0,20.05,20.5,20.05,20.4,0.4,109.0
2018-09-04,6218,152670.0,3121001.0,20.4,20.6,20.35,20.45,0.05,60.0
2018-09-05,6218,322639.0,6695908.0,20.5,21.1,20.45,20.9,0.45,141.0
2018-09-06,6218,93000.0,1925650.0,20.85,20.85,20.6,20.7,-0.2,57.0
2018-09-07,6218,162000.0,3345350.0,20.7,20.8,20.5,20.7,0.0,72.0
2018-09-10,6218,140000.0,2864750.0,20.75,20.8,20.25,20.6,-0.1,77.0
2018-09-11,6218,384120.0,7863240.0,20.5,20.85,20.1,20.8,0.2,151.0
2018-09-12,6218,222000.0,4489500.0,20.6,20.6,20.1,20.2,-0.6,104.0
2018-09-13,6218,46000.0,935600.0,20.2,20.4,20.1,20.4,0.2,29.0
2018-09-14,6218,61399.0,1243680.0,20.45,20.45,20.1,20.1,-0.3,32.0
2018-09-17,6218,66000.0,1321300.0,20.1,20.15,19.95,20.1,0.0,36.0
2018-09-18,6218,34000.0,680650.0,20.15,20.15,19.95,20.1,0.0,29.0
2018-09-19,6218,55000.0,1108500.0,20.15,20.2,20.1,20.15,0.05,27.0
2018-09-20,6218,19000.0,380800.0,20.05,20.1,19.95,20.0,-0.15,14.0
2018-09-21,6218,26100.0,521600.0,20.1,20.15,19.9,20.0,0.0,23.0
2018-09-25,6218,30000.0,600100.0,19.95,20.05,19.95,20.0,0.0,17.0
2018-09-26,6218,122000.0,2443750.0,20.0,20.1,19.95,20.05,0.05,52.0
2018-09-27,6218,164100.0,3338060.0,20.05,20.6,20.0,20.3,0.25,67.0
2018-09-28,6218,170300.0,3483713.0,20.35,20.55,20.35,20.55,0.25,61.0
2018-10-01,6218,155189.0,3219581.0,20.6,20.9,20.6,20.85,0.3,81.0
2018-10-02,6218,65100.0,1355520.0,20.95,20.95,20.65,20.8,-0.05,47.0
2018-10-03,6218,37100.0,767025.0,20.6,20.8,20.5,20.75,-0.05,31.0
2018-10-04,6218,118000.0,2438250.0,20.65,20.8,20.5,20.8,0.05,53.0
2018-10-05,6218,126000.0,2592500.0,20.8,20.8,20.4,20.6,-0.2,64.0
2018-10-08,6218,32061.0,655043.0,20.6,20.6,20.35,20.5,-0.1,15.0
2018-10-09,6218,43000.0,881750.0,20.4,20.6,20.4,20.6,0.1,32.0
2018-10-11,6218,331410.0,6311332.0,19.5,19.65,18.6,19.35,-1.25,165.0
2018-10-12,6218,140463.0,2744636.0,19.1,20.0,19.1,19.9,0.55,83.0
2018-10-15,6218,61000.0,1208800.0,19.9,19.95,19.65,19.95,0.05,28.0
2018-10-16,6218,50000.0,1001300.0,19.95,20.15,19.9,20.15,0.2,31.0
2018-10-17,6218,55000.0,1104650.0,20.15,20.15,19.95,19.95,-0.2,34.0
2018-10-18,6218,54000.0,1075450.0,19.8,20.1,19.8,20.1,0.15,24.0
2018-10-19,6218,52000.0,1043750.0,20.0,20.2,19.95,20.2,0.1,32.0
2018-10-22,6218,77000.0,1543400.0,20.0,20.2,19.95,20.15,-0.05,30.0
2018-10-23,6218,127280.0,2569391.0,20.15,20.6,20.0,20.25,0.1,59.0
2018-10-24,6218,93005.0,1873001.0,20.05,20.3,20.0,20.3,0.05,35.0
2018-10-25,6218,97132.0,1954166.0,20.2,20.2,20.0,20.2,-0.1,51.0
2018-10-26,6218,54887.0,1102927.0,20.2,20.25,19.9,20.2,0.0,33.0
2018-10-29,6218,43872.0,882490.0,19.95,20.25,19.95,20.2,0.0,29.0
2018-10-30,6218,36800.0,742779.0,20.25,20.25,20.0,20.2,0.0,20.0
2018-10-31,6218,199128.0,4028435.0,20.2,20.4,19.95,20.35,0.15,70.0
2018-11-01,6218,66000.0,1353150.0,20.3,20.7,20.3,20.65,0.3,41.0
2018-11-02,6218,65000.0,1341550.0,20.7,20.7,20.55,20.65,0.0,37.0
2018-11-05,6218,44000.0,907850.0,20.6,20.7,20.55,20.6,-0.05,30.0
2018-11-06,6218,56000.0,1155450.0,20.6,20.7,20.6,20.65,0.05,29.0
2018-11-07,6218,59100.0,1219450.0,20.65,20.7,20.45,20.7,0.05,40.0
2018-11-08,6218,28000.0,577200.0,20.7,20.8,20.3,20.6,-0.1,19.0
2018-11-09,6218,23000.0,469650.0,20.4,20.55,20.25,20.55,-0.05,14.0
2018-11-12,6218,16225.0,329850.0,20.3,20.55,20.2,20.2,-0.35,16.0
2018-11-13,6218,32022.0,645042.0,20.2,20.35,20.1,20.35,0.15,25.0
2018-11-14,6218,13000.0,262400.0,20.2,20.2,20.15,20.2,-0.15,11.0
2018-11-15,6218,37000.0,738500.0,19.9,20.15,19.85,20.15,-0.05,25.0
2018-11-16,6218,10000.0,200400.0,20.15,20.15,19.95,20.15,0.0,8.0
2018-11-19,6218,22000.0,446800.0,20.15,20.5,20.15,20.35,0.2,14.0
2018-11-20,6218,17530.0,359082.0,20.35,20.6,20.35,20.45,0.1,10.0
2018-11-21,6218,21705.0,439426.0,20.2,20.45,20.15,20.45,0.0,18.0
2018-11-22,6218,28265.0,569576.0,20.45,20.45,20.0,20.3,-0.15,17.0
2018-11-23,6218,26000.0,527250.0,20.2,20.35,20.2,20.35,0.05,19.0
2018-11-26,6218,28000.0,569350.0,20.35,20.4,20.2,20.2,-0.15,17.0
2018-11-27,6218,24189.0,494417.0,20.2,20.75,20.2,20.45,0.25,17.0
2018-11-28,6218,82000.0,1683300.0,20.4,20.6,20.2,20.5,0.05,39.0
2018-11-29,6218,90100.0,1837589.0,20.55,20.55,20.15,20.5,0.0,47.0
2018-11-30,6218,27000.0,544650.0,20.15,20.4,20.05,20.15,-0.35,16.0
2018-12-03,6218,42110.0,848715.0,20.1,20.25,20.1,20.15,0.0,35.0
2018-12-04,6218,44000.0,885200.0,20.1,20.15,20.1,20.15,0.0,26.0
2018-12-05,6218,15000.0,302050.0,20.0,20.2,20.0,20.15,0.0,14.0
2018-12-06,6218,53000.0,1059650.0,20.0,20.1,19.9,20.0,-0.15,31.0
2018-12-07,6218,31000.0,618500.0,20.0,20.0,19.95,19.95,-0.05,19.0
2018-12-10,6218,17002.0,339190.0,19.95,20.15,19.9,20.0,0.05,15.0
2018-12-11,6218,87000.0,1767050.0,20.0,20.5,20.0,20.0,0.0,34.0
2018-12-12,6218,61175.0,1241743.0,20.3,20.4,20.05,20.05,0.05,25.0
2018-12-13,6218,9000.0,180750.0,20.05,20.15,20.0,20.15,0.1,8.0
2018-12-14,6218,19125.0,382993.0,20.2,20.2,19.95,20.15,0.0,15.0
2018-12-17,6218,24000.0,482950.0,20.3,20.3,20.0,20.1,-0.05,22.0
2018-12-18,6218,44000.0,876600.0,19.9,20.15,19.85,19.85,-0.25,29.0
2018-12-19,6218,11100.0,219819.0,19.75,20.0,19.75,19.8,-0.05,10.0
2018-12-20,6218,80700.0,1589030.0,19.75,19.8,19.55,19.55,-0.25,39.0
2018-12-21,6218,27000.0,529450.0,19.65,19.65,19.6,19.6,0.05,13.0
2018-12-22,6218,14000.0,275700.0,20.15,20.15,19.65,19.65,0.05,13.0
2018-12-24,6218,30610.0,596973.0,19.5,19.7,19.5,19.5,-0.15,22.0
2018-12-25,6218,17034.0,331011.0,19.4,19.5,19.4,19.45,-0.05,13.0
2018-12-26,6218,20000.0,388050.0,19.45,19.45,19.35,19.35,-0.1,15.0
2018-12-27,6218,99000.0,1921300.0,19.35,19.8,19.3,19.45,0.1,42.0
2018-12-28,6218,11265.0,220117.0,19.5,19.65,19.5,19.65,0.2,9.0
2019-01-02,6218,5000.0,98550.0,19.7,19.75,19.7,19.75,0.1,4.0
2019-01-03,6218,44000.0,861050.0,19.75,19.75,19.4,19.7,-0.05,22.0
2019-01-04,6218,76000.0,1500500.0,19.5,20.1,19.4,20.0,0.3,39.0
2019-01-07,6218,38000.0,759800.0,20.05,20.05,19.9,20.05,0.05,17.0
2019-01-08,6218,213265.0,4344309.0,20.05,20.9,20.0,20.8,0.75,93.0
2019-01-09,6218,107100.0,2225110.0,20.85,20.9,20.5,20.8,0.0,59.0
2019-01-10,6218,742000.0,15920600.0,21.9,22.2,20.8,20.95,0.15,376.0
2019-01-11,6218,116000.0,2379950.0,20.9,20.9,20.35,20.6,-0.35,70.0
2019-01-14,6218,52100.0,1069080.0,20.6,20.75,20.35,20.6,0.0,38.0
2019-01-15,6218,111718.0,2288697.0,20.6,20.6,20.4,20.6,0.0,56.0
2019-01-16,6218,34568.0,708537.0,20.4,20.6,20.35,20.6,0.0,17.0
2019-01-17,6218,33000.0,677250.0,20.6,20.6,20.5,20.6,0.0,17.0
2019-01-18,6218,86775.0,1778019.0,20.6,20.65,20.3,20.6,0.0,41.0
2019-01-21,6218,50000.0,1028600.0,20.6,20.6,20.45,20.6,0.0,28.0
2019-01-22,6218,48200.0,978879.0,20.5,20.5,20.1,20.35,-0.25,27.0
2019-01-23,6218,50265.0,1030092.0,20.55,20.55,20.35,20.55,0.2,38.0
2019-01-24,6218,32000.0,651750.0,20.5,20.55,20.3,20.5,-0.05,18.0
2019-01-25,6218,73100.0,1483630.0,20.5,20.5,20.2,20.4,-0.1,45.0
2019-01-28,6218,89000.0,1809800.0,20.45,20.5,20.2,20.5,0.1,36.0
2019-01-29,6218,21000.0,426100.0,20.3,20.45,20.25,20.45,-0.05,11.0
2019-01-30,6218,7265.0,148829.0,20.45,20.5,20.45,20.5,0.05,7.0
2019-02-11,6218,80000.0,1633800.0,20.5,20.5,20.25,20.5,0.0,41.0
2019-02-12,6218,41000.0,837650.0,20.45,20.5,20.35,20.5,0.0,21.0
2019-02-13,6218,28200.0,576360.0,20.45,20.5,20.35,20.5,0.0,19.0
2019-02-14,6218,59400.0,1211870.0,20.5,20.5,20.35,20.5,0.0,26.0
2019-02-15,6218,135214.0,2758175.0,20.4,20.65,20.05,20.65,0.15,75.0
2019-02-18,6218,121189.0,2520393.0,20.65,20.85,20.65,20.8,0.15,60.0
2019-02-19,6218,77354.0,1593559.0,20.8,20.8,20.4,20.7,-0.1,50.0
2019-02-20,6218,67308.0,1399606.0,20.7,20.85,20.7,20.8,0.1,31.0
2019-02-21,6218,316800.0,6607380.0,20.85,20.95,20.8,20.95,0.15,115.0
2019-02-22,6218,101100.0,2107930.0,20.95,20.95,20.8,20.9,-0.05,32.0
2019-02-25,6218,93000.0,1940600.0,20.9,20.95,20.65,20.95,0.05,36.0
2019-02-26,6218,86000.0,1794850.0,20.95,20.95,20.8,20.95,0.0,31.0
2019-02-27,6218,14261.0,296712.0,20.85,20.9,20.7,20.7,-0.25,10.0
2019-03-04,6218,20265.0,419959.0,20.6,20.8,20.6,20.8,0.1,14.0
2019-03-05,6218,105250.0,2198037.0,20.8,20.95,20.8,20.95,0.15,29.0
2019-03-06,6218,47100.0,984260.0,20.95,21.0,20.8,20.8,-0.15,26.0
2019-03-07,6218,93350.0,1942912.0,20.8,20.95,20.75,20.85,0.05,44.0
2019-03-08,6218,48100.0,1001010.0,20.85,20.9,20.7,20.85,0.0,23.0
2019-03-11,6218,1289700.0,27292524.0,20.9,21.35,20.85,21.25,0.4,285.0
2019-03-12,6218,485350.0,10262250.0,21.3,21.35,20.95,21.2,-0.05,145.0
2019-03-13,6218,272200.0,5730640.0,21.25,21.3,20.85,21.25,0.05,87.0
2019-03-14,6218,180300.0,3831925.0,21.25,21.35,21.15,21.35,0.1,69.0
2019-03-15,6218,200932.0,4281153.0,21.4,21.4,21.05,21.4,0.05,70.0
2019-03-18,6218,198263.0,4238989.0,21.4,21.45,21.3,21.45,0.05,75.0
2019-03-19,6218,448888.0,9796767.0,21.45,22.05,21.45,21.9,0.45,215.0
2019-03-20,6218,144275.0,3163822.0,21.85,22.0,21.85,22.0,0.1,68.0
2019-03-21,6218,930997.0,20626931.0,22.0,22.4,21.95,22.25,0.25,263.0
2019-03-22,6218,370650.0,8205283.0,22.3,22.45,21.95,22.0,-0.25,156.0
2019-03-25,6218,489055.0,10796271.0,22.0,22.3,22.0,22.2,0.2,174.0
2019-03-26,6218,574794.0,12837694.0,22.25,22.55,22.25,22.35,0.15,188.0
2019-03-27,6218,242500.0,5429475.0,22.4,22.5,22.35,22.45,0.1,95.0
2019-03-28,6218,623218.0,13773916.0,22.45,22.5,21.95,22.25,-0.2,194.0
2019-03-29,6218,170300.0,3783360.0,22.25,22.3,22.1,22.25,0.0,92.0
2019-04-01,6218,168200.0,3758688.0,22.3,22.45,22.25,22.45,0.2,92.0
2019-04-02,6218,118915.0,2652513.0,22.4,22.4,22.2,22.4,-0.05,65.0
2019-04-03,6218,151060.0,3389391.0,22.4,22.55,22.25,22.45,0.05,67.0
2019-04-08,6218,147100.0,3326810.0,22.55,22.7,22.55,22.6,0.15,71.0
2019-04-09,6218,337060.0,7611558.0,22.6,22.8,22.45,22.7,0.1,94.0
2019-04-10,6218,873088.0,20161168.0,23.55,23.55,22.8,23.1,0.4,330.0
2019-04-11,6218,342120.0,7930184.0,23.2,23.3,23.1,23.3,0.2,127.0
2019-04-12,6218,225560.0,5263563.0,23.3,23.5,23.25,23.35,0.05,114.0
2019-04-15,6218,326917.0,7601778.0,23.45,23.5,23.05,23.3,-0.05,137.0
2019-04-16,6218,465882.0,10983995.0,23.35,23.85,23.3,23.75,0.45,186.0
2019-04-17,6218,540685.0,12882200.0,23.85,24.05,23.55,23.8,0.05,242.0
2019-04-18,6218,333114.0,7886373.0,23.8,23.85,23.4,23.7,-0.1,137.0
2019-04-19,6218,199900.0,4706534.0,23.7,23.7,23.4,23.55,-0.15,109.0
2019-04-22,6218,164129.0,3882933.0,23.45,23.9,23.45,23.9,0.35,92.0
2019-04-23,6218,447865.0,10735377.0,23.95,24.15,23.8,23.95,0.05,185.0
2019-04-24,6218,191100.0,4556880.0,24.0,24.0,23.7,23.8,-0.15,89.0
2019-04-25,6218,75000.0,1780000.0,23.7,23.8,23.65,23.8,0.0,52.0
2019-04-26,6218,165250.0,3889950.0,23.75,23.75,23.45,23.6,-0.2,71.0
2019-04-29,6218,172189.0,4050819.0,23.7,23.7,23.4,23.6,0.0,88.0
2019-04-30,6218,79062.0,1859310.0,23.55,23.55,23.45,23.5,-0.1,45.0
2019-05-02,6218,448311.0,10724514.0,23.6,24.15,23.6,24.05,0.55,160.0
2019-05-03,6218,200300.0,4805955.0,24.05,24.15,23.8,24.0,-0.05,100.0
2019-05-06,6218,414110.0,9652891.0,23.8,23.9,23.0,23.0,-1.0,190.0
2019-05-07,6218,73100.0,1688854.0,23.0,23.35,22.9,23.05,0.05,48.0
2019-05-08,6218,1034849.0,24783191.0,24.35,24.4,23.7,23.85,0.8,365.0
2019-05-09,6218,333707.0,7998268.0,24.2,24.2,23.7,24.0,0.15,170.0
2019-05-10,6218,234029.0,5542832.0,24.05,24.05,23.3,23.55,-0.45,114.0
2019-05-13,6218,332430.0,7929383.0,23.85,24.0,23.6,23.8,0.25,95.0
2019-05-14,6218,149124.0,3538782.0,23.8,23.9,23.5,23.85,0.05,90.0
2019-05-15,6218,307616.0,7344470.0,24.0,24.05,23.7,23.9,0.05,123.0
2019-05-16,6218,171250.0,4100287.0,23.9,24.0,23.8,24.0,0.1,83.0
2019-05-17,6218,334339.0,7995133.0,24.05,24.1,23.75,23.8,-0.2,145.0
2019-05-20,6218,248153.0,5856464.0,23.85,23.85,23.4,23.4,-0.4,98.0
2019-05-21,6218,143000.0,3347150.0,23.4,23.45,23.35,23.4,0.0,50.0
2019-05-22,6218,60000.0,1408400.0,23.45,23.5,23.4,23.5,0.1,40.0
2019-05-23,6218,139110.0,3248146.0,23.5,23.6,23.1,23.2,-0.3,63.0
2019-05-24,6218,107000.0,2470050.0,23.0,23.2,23.0,23.1,-0.1,64.0
2019-05-27,6218,149567.0,3408877.0,23.2,23.2,22.6,22.75,-0.35,98.0
2019-05-28,6218,245120.0,5523456.0,22.75,22.85,22.35,22.55,-0.2,108.0
2019-05-29,6218,96234.0,2144276.0,22.25,22.55,22.15,22.55,0.0,49.0
2019-05-30,6218,167001.0,3781222.0,22.55,22.8,22.55,22.8,0.25,73.0
2019-05-31,6218,64000.0,1464750.0,22.85,23.0,22.8,22.9,0.1,41.0
2019-06-03,6218,61532.0,1393875.0,22.9,22.9,22.5,22.8,-0.1,34.0
2019-06-04,6218,32000.0,726850.0,22.8,22.8,22.65,22.65,-0.15,22.0
2019-06-05,6218,50000.0,1146550.0,22.95,23.0,22.75,23.0,0.35,31.0
2019-06-06,6218,54000.0,1240700.0,23.0,23.0,22.8,23.0,0.0,32.0
2019-06-10,6218,167000.0,3836950.0,23.0,23.1,22.8,22.9,-0.1,70.0
2019-06-11,6218,137000.0,3095050.0,22.45,22.7,22.45,22.6,-0.3,87.0
2019-06-12,6218,58090.0,1314333.0,22.6,22.75,22.55,22.75,0.15,40.0
2019-06-13,6218,54090.0,1226284.0,22.8,22.8,22.6,22.6,-0.15,30.0
2019-06-14,6218,55070.0,1246885.0,22.65,22.7,22.6,22.7,0.1,36.0
2019-06-17,6218,69000.0,1564300.0,22.7,22.75,22.6,22.7,0.0,28.0
2019-06-18,6218,16200.0,367159.0,22.8,22.8,22.6,22.7,0.0,18.0
2019-06-19,6218,94545.0,2143997.0,22.7,22.75,22.5,22.75,0.05,53.0
2019-06-20,6218,58112.0,1323619.0,22.75,22.9,22.7,22.9,0.15,40.0
2019-06-21,6218,110020.0,2530160.0,22.95,23.05,22.95,23.05,0.15,52.0
2019-06-24,6218,140863.0,3274849.0,23.1,23.35,23.1,23.35,0.3,85.0
2019-06-25,6218,88350.0,2060485.0,23.4,23.4,23.2,23.25,-0.1,61.0
2019-06-26,6218,34165.0,795001.0,23.3,23.3,23.25,23.25,0.0,29.0
2019-06-27,6218,162166.0,3774925.0,23.25,23.35,23.25,23.35,0.1,81.0
2019-06-28,6218,145000.0,3364000.0,23.4,23.4,23.1,23.35,0.0,58.0
2019-07-01,6218,162130.0,3778835.0,23.4,23.45,23.25,23.35,0.0,91.0
2019-07-02,6218,77416.0,1809522.0,23.25,23.45,23.25,23.4,0.05,40.0
2019-07-03,6218,109100.0,2551435.0,23.4,23.5,23.3,23.45,0.05,48.0
2019-07-04,6218,284400.0,6768689.0,23.6,23.95,23.6,23.85,0.4,143.0
2019-07-05,6218,173100.0,4146250.0,23.95,24.05,23.85,24.0,0.15,104.0
2019-07-08,6218,167340.0,4023612.0,24.1,24.15,24.0,24.1,0.1,90.0
2019-07-09,6218,788530.0,18250618.0,23.55,23.55,22.95,23.1,-1.0,350.0
2019-07-10,6218,203593.0,4708635.0,22.85,23.5,22.85,23.5,0.4,85.0
2019-07-11,6218,119788.0,2793238.0,23.4,23.4,23.2,23.4,-0.1,64.0
2019-07-12,6218,117400.0,2734280.0,23.55,23.55,23.15,23.2,-0.2,64.0
2019-07-15,6218,244430.0,5614940.0,23.2,23.2,22.85,23.0,-0.2,143.0
2019-07-16,6218,187000.0,4286850.0,22.9,23.2,22.85,23.1,0.1,93.0
2019-07-17,6218,284355.0,6506253.0,22.95,23.1,22.8,23.05,-0.05,144.0
2019-07-18,6218,290427.0,6303013.0,21.6,21.9,21.6,21.8,0.0,159.0
2019-07-19,6218,180151.0,3918113.0,21.85,21.85,21.65,21.85,0.05,84.0
2019-07-22,6218,79650.0,1748432.0,21.85,22.2,21.85,22.2,0.35,49.0
2019-07-23,6218,99000.0,2201000.0,22.2,22.4,22.1,22.4,0.2,66.0
2019-07-24,6218,78500.0,1748774.0,22.4,22.4,22.15,22.25,-0.15,53.0
2019-07-25,6218,23166.0,514043.0,22.25,22.25,22.1,22.25,0.0,20.0
2019-07-26,6218,61000.0,1348900.0,22.25,22.25,22.05,22.2,-0.05,24.0
2019-07-29,6218,48356.0,1075121.0,22.15,22.45,22.15,22.2,0.0,38.0
2019-07-30,6218,87145.0,1920454.0,22.1,22.2,21.95,22.1,-0.1,53.0
2019-07-31,6218,100023.0,2197610.0,22.05,22.1,21.85,22.1,0.0,56.0
2019-08-01,6218,25165.0,550721.0,21.9,22.0,21.8,22.0,-0.1,18.0
2019-08-02,6218,75100.0,1639900.0,21.55,22.0,21.55,22.0,0.0,31.0
2019-08-05,6218,323000.0,7063450.0,21.8,22.0,21.8,22.0,0.0,34.0
2019-08-06,6218,58000.0,1260700.0,21.7,21.9,21.65,21.9,-0.1,42.0
2019-08-07,6218,42000.0,920400.0,21.9,21.95,21.8,21.95,0.05,27.0
2019-08-08,6218,200100.0,4309550.0,21.4,21.95,21.4,21.95,0.0,101.0
2019-08-12,6218,85000.0,1851250.0,21.9,21.95,21.65,21.85,-0.1,46.0
2019-08-13,6218,70220.0,1531085.0,21.85,21.9,21.75,21.8,-0.05,31.0
2019-08-14,6218,172000.0,3734500.0,21.8,21.85,21.55,21.85,0.05,73.0
2019-08-15,6218,101825.0,2205019.0,21.65,21.8,21.55,21.8,-0.05,59.0
2019-08-16,6218,38265.0,832387.0,21.75,21.8,21.7,21.8,0.0,22.0
2019-08-19,6218,41527.0,903488.0,21.8,21.8,21.6,21.8,0.0,23.0
2019-08-20,6218,51740.0,1137292.0,21.85,22.1,21.85,22.1,0.3,34.0
2019-08-21,6218,97325.0,2160715.0,22.1,22.25,22.1,22.25,0.15,53.0
2019-08-22,6218,131350.0,2923722.0,22.3,22.45,22.2,22.45,0.2,70.0
2019-08-23,6218,87275.0,1955387.0,22.4,22.5,22.3,22.5,0.05,43.0
2019-08-26,6218,70670.0,1578606.0,22.3,22.45,22.2,22.4,-0.1,40.0
2019-08-27,6218,53140.0,1185636.0,22.3,22.4,22.25,22.4,0.0,29.0
2019-08-28,6218,62345.0,1391474.0,22.3,22.45,22.25,22.4,0.0,44.0
2019-08-29,6218,148866.0,3359890.0,22.4,23.4,22.3,23.4,1.0,72.0
2019-08-30,6218,160695.0,3699119.0,23.35,23.35,22.85,23.2,-0.2,107.0
2019-09-02,6218,20000.0,459600.0,23.1,23.1,22.85,23.1,-0.1,14.0
2019-09-03,6218,51000.0,1175100.0,23.1,23.2,22.9,23.1,0.0,26.0
2019-09-04,6218,52100.0,1197555.0,23.0,23.05,22.9,23.05,-0.05,28.0
2019-09-05,6218,114000.0,2622200.0,23.05,23.1,22.95,23.05,0.0,51.0
2019-09-06,6218,112580.0,2597068.0,23.0,23.2,23.0,23.2,0.15,67.0
2019-09-09,6218,88000.0,2043100.0,23.2,23.3,23.15,23.25,0.05,42.0
2019-09-10,6218,305150.0,7145144.0,23.4,23.55,23.3,23.4,0.15,147.0
2019-09-11,6218,105003.0,2451469.0,23.45,23.45,23.25,23.4,0.0,51.0
2019-09-12,6218,148212.0,3451968.0,23.4,23.4,23.2,23.3,-0.1,55.0
2019-09-16,6218,52371.0,1216738.0,23.3,23.3,23.15,23.25,-0.05,22.0
2019-09-17,6218,95000.0,2203800.0,23.2,23.3,23.15,23.25,0.0,47.0
2019-09-18,6218,52100.0,1208465.0,23.25,23.25,23.15,23.25,0.0,26.0
2019-09-19,6218,10489.0,243368.0,23.15,23.25,23.15,23.25,0.0,11.0
2019-09-20,6218,49350.0,1143635.0,23.25,23.25,23.1,23.25,0.0,31.0
2019-09-23,6218,14600.0,338289.0,23.15,23.2,23.1,23.2,-0.05,12.0
2019-09-24,6218,51000.0,1179800.0,23.1,23.2,23.1,23.2,0.0,31.0
2019-09-25,6218,60000.0,1384150.0,23.1,23.15,23.0,23.05,-0.15,37.0
2019-09-26,6218,63872.0,1474168.0,23.1,23.1,23.05,23.1,0.05,27.0
2019-09-27,6218,79000.0,1812150.0,23.05,23.05,22.8,22.9,-0.2,45.0
2019-10-01,6218,60381.0,1385924.0,23.1,23.1,22.9,23.0,0.1,36.0
2019-10-02,6218,31799.0,731216.0,23.0,23.0,23.0,23.0,0.0,19.0
2019-10-03,6218,36000.0,826100.0,23.0,23.0,22.9,23.0,0.0,17.0
2019-10-04,6218,22400.0,515130.0,23.0,23.05,22.95,23.0,0.0,20.0
2019-10-07,6218,77500.0,1781100.0,23.0,23.0,22.9,23.0,0.0,36.0
2019-10-08,6218,159505.0,3609212.0,22.8,22.8,22.45,22.75,-0.25,72.0
2019-10-09,6218,51100.0,1148260.0,22.5,22.6,22.4,22.5,-0.25,34.0
2019-10-14,6218,210500.0,4758150.0,22.5,23.5,22.1,23.2,0.7,111.0
2019-10-15,6218,32300.0,742440.0,22.6,23.0,22.6,23.0,-0.2,21.0
2019-10-16,6218,50365.0,1149003.0,23.0,23.0,22.75,22.75,-0.25,22.0
2019-10-17,6218,97000.0,2222900.0,22.75,23.2,22.75,23.15,0.4,46.0
2019-10-18,6218,76200.0,1742080.0,22.9,23.1,22.7,23.1,-0.05,36.0
2019-10-21,6218,29000.0,666100.0,23.0,23.0,22.85,23.0,-0.1,15.0
2019-10-22,6218,34000.0,780450.0,23.0,23.05,22.9,23.0,0.0,18.0
2019-10-23,6218,16000.0,366150.0,23.0,23.0,22.8,23.0,0.0,15.0
2019-10-24,6218,42200.0,965500.0,23.0,23.0,22.65,23.0,0.0,26.0
2019-10-25,6218,29000.0,665750.0,23.0,23.0,22.8,23.0,0.0,17.0
2019-10-28,6218,19000.0,435050.0,22.85,23.0,22.8,23.0,0.0,12.0
2019-10-29,6218,30000.0,689300.0,23.0,23.0,22.85,23.0,0.0,18.0
2019-10-30,6218,35250.0,807850.0,22.9,23.0,22.9,23.0,0.0,26.0
2019-10-31,6218,47000.0,1079550.0,23.0,23.05,22.9,23.0,0.0,28.0
2019-11-01,6218,56962.0,1300137.0,22.8,23.0,22.8,22.95,-0.05,33.0
2019-11-04,6218,41100.0,940135.0,22.95,22.95,22.8,22.95,0.0,19.0
2019-11-05,6218,11000.0,251300.0,23.0,23.0,22.8,22.8,-0.15,10.0
2019-11-06,6218,13000.0,297350.0,22.9,22.9,22.8,22.9,0.1,10.0
2019-11-07,6218,22075.0,504548.0,22.95,22.95,22.8,22.85,-0.05,15.0
2019-11-08,6218,69544.0,1576694.0,22.6,22.85,22.5,22.85,0.0,45.0
2019-11-11,6218,65100.0,1463930.0,22.75,22.75,22.3,22.55,-0.3,32.0
2019-11-12,6218,36000.0,811450.0,22.55,22.55,22.5,22.55,0.0,18.0
2019-11-13,6218,159000.0,3514100.0,22.35,22.35,21.95,22.0,-0.55,85.0
2019-11-14,6218,95100.0,2072870.0,21.85,21.95,21.7,21.7,-0.3,52.0
2019-11-15,6218,38530.0,829395.0,21.5,21.7,21.45,21.7,0.0,21.0
2019-11-18,6218,75000.0,1598050.0,21.55,21.55,21.2,21.35,-0.35,38.0
2019-11-19,6218,28795.0,615074.0,21.35,21.5,21.3,21.35,0.0,20.0
2019-11-20,6218,40601.0,865930.0,21.4,21.5,21.3,21.5,0.15,19.0
2019-11-21,6218,15000.0,319950.0,21.45,21.45,21.3,21.3,-0.2,11.0
2019-11-22,6218,24200.0,514740.0,21.35,21.35,21.25,21.35,0.05,15.0
2019-11-25,6218,29200.0,624420.0,21.4,21.45,21.3,21.4,0.05,18.0
2019-11-26,6218,50100.0,1079930.0,21.5,22.15,21.4,21.4,0.0,29.0
2019-11-27,6218,32129.0,689279.0,21.4,21.6,21.4,21.5,0.1,9.0
2019-11-28,6218,35321.0,757235.0,21.4,21.55,21.4,21.4,-0.1,22.0
2019-11-29,6218,31300.0,667620.0,21.4,21.45,21.25,21.4,0.0,19.0
2019-12-02,6218,17866.0,382609.0,21.45,21.45,21.4,21.4,0.0,11.0
2019-12-03,6218,20600.0,438750.0,21.4,21.4,21.2,21.3,-0.1,16.0
2019-12-04,6218,44400.0,947139.0,21.35,21.5,21.15,21.4,0.1,23.0
2019-12-05,6218,34000.0,721950.0,21.45,21.45,21.2,21.25,-0.15,24.0
2019-12-06,6218,53000.0,1129250.0,21.35,21.4,21.2,21.35,0.1,22.0
2019-12-09,6218,81100.0,1721435.0,21.35,21.35,21.15,21.25,-0.1,30.0
2019-12-10,6218,55230.0,1179445.0,21.2,21.55,21.2,21.55,0.3,32.0
2019-12-11,6218,33145.0,712174.0,21.5,21.55,21.4,21.55,0.0,18.0
2019-12-12,6218,38000.0,816450.0,21.5,21.55,21.4,21.55,0.0,20.0
2019-12-13,6218,25100.0,538070.0,21.5,21.5,21.3,21.45,-0.1,18.0
2019-12-16,6218,7000.0,149700.0,21.35,21.45,21.3,21.45,0.0,6.0
2019-12-17,6218,11355.0,242561.0,21.4,21.45,21.3,21.45,0.0,9.0
2019-12-18,6218,14145.0,301460.0,21.3,21.4,21.25,21.4,-0.05,13.0
2019-12-19,6218,9350.0,199290.0,21.3,21.4,21.3,21.4,0.0,5.0
2019-12-20,6218,28600.0,610020.0,21.4,21.4,21.2,21.4,0.0,18.0
2019-12-23,6218,5300.0,112674.0,21.3,21.3,21.25,21.25,-0.15,7.0
2019-12-24,6218,29000.0,615800.0,21.3,21.3,21.2,21.25,0.0,18.0
2019-12-25,6218,14100.0,301890.0,21.35,21.45,21.35,21.4,0.15,9.0
2019-12-26,6218,8450.0,180512.0,21.4,21.45,21.3,21.3,-0.1,9.0
2019-12-27,6218,38200.0,819030.0,21.25,21.5,21.25,21.45,0.15,23.0
2019-12-30,6218,5246.0,112263.0,21.4,21.4,21.4,21.4,-0.05,7.0
2019-12-31,6218,13000.0,276650.0,21.35,21.4,21.2,21.4,0.0,12.0
2020-01-02,6218,22870.0,485146.0,21.35,21.35,21.05,21.05,-0.35,20.0
2020-01-03,6218,16165.0,340832.0,21.05,21.1,21.05,21.05,0.0,14.0
2020-01-06,6218,51050.0,1069652.0,21.0,21.15,20.9,21.15,0.1,34.0
2020-01-07,6218,8040.0,169294.0,21.05,21.1,21.05,21.1,-0.05,5.0
2020-01-08,6218,61000.0,1279850.0,21.0,21.1,20.9,20.95,-0.15,28.0
2020-01-09,6218,51210.0,1070628.0,20.9,20.95,20.85,20.95,0.0,26.0
2020-01-10,6218,80000.0,1688950.0,20.95,21.35,20.95,21.2,0.25,53.0
2020-01-13,6218,44150.0,935087.0,21.25,21.25,21.1,21.25,0.05,18.0
2020-01-14,6218,13150.0,278372.0,21.25,21.25,21.15,21.2,-0.05,12.0
2020-01-15,6218,35000.0,734450.0,21.2,21.2,20.95,20.95,-0.25,26.0
2020-01-16,6218,23285.0,487985.0,20.95,21.2,20.9,21.2,0.25,14.0
2020-01-17,6218,0.0,0.0,0.0,0.0,0.0,0.0,0.0,0.0
2020-01-20,6218,58010.0,1212212.0,21.0,21.05,20.7,21.0,-0.2,33.0
2020-01-30,6218,67189.0,1366046.0,20.7,20.7,20.1,20.3,-0.7,48.0
2020-01-31,6218,26330.0,537415.0,20.4,20.5,20.35,20.5,0.2,20.0
2020-02-03,6218,42536.0,854716.0,19.85,20.6,19.85,20.1,-0.4,37.0
2020-02-04,6218,28000.0,564200.0,20.1,20.2,20.1,20.15,0.05,15.0
2020-02-05,6218,32200.0,648090.0,20.05,20.2,20.05,20.2,0.05,19.0
2020-02-06,6218,25000.0,505600.0,20.25,20.3,20.2,20.2,0.0,12.0
2020-02-07,6218,18385.0,370091.0,20.15,20.15,20.1,20.1,-0.1,18.0
2020-02-10,6218,39000.0,777550.0,19.85,20.2,19.85,20.2,0.1,31.0
2020-02-11,6218,39289.0,791015.0,20.2,20.3,19.95,20.3,0.1,29.0
2020-02-12,6218,42000.0,856400.0,20.3,20.4,20.3,20.4,0.1,10.0
2020-02-13,6218,50700.0,1024735.0,20.4,20.4,20.1,20.2,-0.2,25.0
2020-02-14,6218,9500.0,192425.0,20.15,20.3,20.15,20.3,0.1,10.0
2020-02-17,6218,22061.0,446684.0,20.25,20.3,20.2,20.3,0.0,18.0
2020-02-18,6218,52140.0,1053492.0,20.2,20.35,20.2,20.35,0.05,21.0
2020-02-19,6218,41060.0,830963.0,20.25,20.3,20.2,20.25,-0.1,28.0
2020-02-20,6218,4000.0,81100.0,20.3,20.3,20.25,20.3,0.05,3.0
2020-02-21,6218,23000.0,465300.0,20.25,20.3,20.2,20.3,0.0,12.0
2020-02-24,6218,35000.0,706850.0,20.3,20.3,20.15,20.2,-0.1,13.0
2020-02-25,6218,41100.0,824065.0,19.85,20.3,19.85,20.25,0.05,22.0
2020-02-26,6218,34150.0,683700.0,20.05,20.2,20.0,20.1,-0.15,18.0
2020-02-27,6218,23025.0,461202.0,20.1,20.2,20.0,20.1,0.0,17.0
2020-03-02,6218,72345.0,1424043.0,19.85,19.85,19.6,19.7,-0.4,45.0
2020-03-03,6218,35000.0,693750.0,19.95,20.0,19.7,19.7,0.0,25.0
2020-03-04,6218,43000.0,846750.0,19.7,19.8,19.65,19.65,-0.05,25.0
2020-03-05,6218,71000.0,1400200.0,19.7,19.8,19.65,19.65,0.0,42.0
2020-03-06,6218,66200.0,1298940.0,19.7,19.7,19.5,19.7,0.05,30.0
2020-03-09,6218,72000.0,1413000.0,19.75,19.75,19.5,19.55,-0.15,39.0
2020-03-10,6218,65000.0,1252600.0,19.4,19.4,19.15,19.4,-0.15,42.0
2020-03-11,6218,24193.0,471174.0,19.9,19.9,19.3,19.4,0.0,19.0
2020-03-12,6218,161100.0,3073130.0,19.3,19.6,18.8,18.9,-0.5,97.0
2020-03-13,6218,519425.0,8963081.0,18.0,18.0,17.05,17.4,-1.5,210.0
2020-03-16,6218,78625.0,1345586.0,17.4,17.4,17.0,17.25,-0.15,50.0
2020-03-17,6218,34030.0,582669.0,17.0,17.3,17.0,17.15,-0.1,25.0
2020-03-18,6218,60000.0,1046600.0,17.6,17.65,17.15,17.45,0.3,38.0
2020-03-19,6218,186465.0,3107226.0,17.05,17.1,16.4,16.55,-0.9,119.0
2020-03-20,6218,33700.0,575940.0,17.15,17.2,16.95,17.1,0.55,26.0
2020-03-23,6218,70848.0,1210757.0,17.0,17.2,17.0,17.2,0.1,33.0
2020-03-24,6218,72455.0,1244671.0,17.15,17.35,17.1,17.3,0.1,52.0
2020-03-25,6218,63663.0,1116668.0,17.35,17.65,17.35,17.65,0.35,50.0
2020-03-26,6218,37530.0,665491.0,18.0,18.0,17.65,17.8,0.15,47.0
2020-03-27,6218,81029.0,1466352.0,18.2,18.2,18.0,18.1,0.3,62.0
2020-03-30,6218,36480.0,652390.0,18.0,18.0,17.75,17.95,-0.15,57.0
2020-03-31,6218,26109.0,478162.0,19.05,19.05,18.1,18.3,0.35,134.0
2020-04-01,6218,47865.0,870270.0,18.3,18.3,18.0,18.2,-0.1,51.0
2020-04-06,6218,92080.0,1685963.0,18.2,18.5,18.2,18.5,0.3,70.0
2020-04-07,6218,66005.0,1248890.0,18.9,19.0,18.75,19.0,0.5,42.0
2020-04-08,6218,97161.0,1854850.0,19.15,19.45,19.0,19.45,0.45,62.0
2020-04-09,6218,70006.0,1358316.0,19.45,19.65,19.2,19.65,0.2,45.0
2020-04-10,6218,54003.0,1056457.0,19.65,19.75,19.1,19.7,0.05,38.0
2020-04-13,6218,71140.0,1401761.0,19.45,19.9,19.4,19.6,-0.1,52.0
2020-04-14,6218,59015.0,1171186.0,19.8,19.95,19.7,19.95,0.35,44.0
2020-04-15,6218,66521.0,1329920.0,19.9,20.1,19.7,20.1,0.15,44.0
2020-04-16,6218,60047.0,1204990.0,19.8,20.2,19.8,20.2,0.1,81.0
2020-04-17,6218,43011.0,867220.0,20.2,20.3,19.9,20.3,0.1,33.0
2020-04-20,6218,35359.0,717413.0,20.3,20.35,20.25,20.35,0.05,46.0
2020-04-21,6218,14030.0,280650.0,19.95,20.25,19.9,20.2,-0.15,33.0
2020-04-22,6218,9016.0,181320.0,19.9,20.3,19.9,20.2,0.0,25.0
2020-04-23,6218,7012.0,140235.0,20.0,20.15,19.8,20.15,-0.05,12.0
2020-04-24,6218,10000.0,200350.0,20.15,20.15,19.75,20.05,-0.1,9.0
2020-04-27,6218,29000.0,582400.0,20.1,20.65,19.6,20.15,0.1,18.0
2020-04-28,6218,5000.0,100400.0,20.15,20.2,19.9,20.15,0.0,5.0
2020-04-29,6218,11003.0,221910.0,20.15,20.25,20.0,20.0,-0.15,8.0
2020-04-30,6218,49000.0,981800.0,20.1,20.15,19.9,20.05,0.05,26.0
2020-05-04,6218,20017.0,400086.0,19.85,20.1,19.8,20.0,-0.05,16.0
2020-05-05,6218,8150.0,163176.0,20.05,20.1,19.95,20.0,0.0,8.0
2020-05-06,6218,21200.0,424360.0,20.0,20.05,20.0,20.05,0.05,16.0
2020-05-07,6218,33025.0,658751.0,20.05,20.05,19.7,20.05,0.0,24.0
2020-05-08,6218,53000.0,1060550.0,20.0,20.05,19.95,20.05,0.0,16.0
2020-05-11,6218,24489.0,486256.0,19.8,19.95,19.8,19.9,-0.15,24.0
2020-05-12,6218,28000.0,559850.0,19.9,20.05,19.9,20.05,0.15,20.0
2020-05-13,6218,38000.0,757500.0,19.95,20.05,19.9,20.05,0.0,20.0
2020-05-14,6218,27025.0,537855.0,20.0,20.1,19.8,20.0,-0.05,19.0
2020-05-15,6218,48100.0,961584.0,20.0,20.15,19.85,19.85,-0.15,20.0
2020-05-18,6218,12265.0,244747.0,19.9,20.45,19.85,19.95,0.1,13.0
2020-05-19,6218,10300.0,205690.0,20.0,20.0,19.95,19.95,0.0,10.0
2020-05-20,6218,9000.0,179750.0,20.0,20.0,19.75,20.0,0.05,6.0
2020-05-21,6218,53265.0,1073050.0,20.2,20.25,19.85,20.25,0.25,23.0
2020-05-22,6218,34002.0,681339.0,20.0,20.3,19.9,19.9,-0.35,18.0
2020-05-25,6218,10579.0,210771.0,20.0,20.05,19.9,19.9,0.0,10.0
2020-05-26,6218,87200.0,1723470.0,19.9,19.95,19.5,19.85,-0.05,61.0
2020-05-27,6218,21310.0,423453.0,19.6,20.0,19.6,19.85,0.0,12.0
2020-05-28,6218,35100.0,699235.0,19.9,20.0,19.75,19.95,0.1,21.0
2020-05-29,6218,25000.0,498450.0,20.0,20.0,19.8,20.0,0.05,15.0
2020-06-01,6218,25460.0,507003.0,20.0,20.0,19.85,19.9,-0.1,21.0
2020-06-02,6218,53260.0,1059160.0,19.9,19.95,19.85,19.85,-0.05,24.0
2020-06-03,6218,61398.0,1219469.0,19.9,19.9,19.85,19.85,0.0,37.0
2020-06-04,6218,46572.0,921810.0,19.7,19.9,19.7,19.8,-0.05,30.0
2020-06-05,6218,8000.0,158550.0,19.8,19.85,19.8,19.85,0.05,7.0
2020-06-08,6218,93400.0,1858320.0,19.9,19.9,19.85,19.85,0.0,34.0
2020-06-09,6218,57100.0,1135350.0,19.9,19.9,19.85,19.85,0.0,21.0
2020-06-10,6218,29250.0,588750.0,19.85,20.45,19.85,20.05,0.2,24.0
2020-06-11,6218,27185.0,544350.0,20.0,20.05,20.0,20.05,0.0,14.0
2020-06-12,6218,14100.0,281180.0,19.9,20.0,19.9,20.0,-0.05,13.0
2020-06-15,6218,13000.0,260000.0,20.0,20.05,19.95,20.0,0.0,11.0
2020-06-16,6218,74390.0,1497825.0,20.05,20.45,20.0,20.45,0.45,41.0
2020-06-17,6218,18000.0,366500.0,20.5,20.5,20.25,20.35,-0.1,16.0
2020-06-18,6218,51000.0,1027300.0,20.2,20.5,19.95,20.5,0.15,35.0
2020-06-19,6218,67145.0,1379622.0,20.2,20.95,20.2,20.7,0.2,35.0
2020-06-22,6218,58000.0,1185200.0,20.4,20.9,20.2,20.85,0.15,37.0
2020-06-23,6218,92550.0,1921130.0,20.85,20.85,20.45,20.85,0.0,38.0
2020-06-24,6218,43165.0,883216.0,20.8,20.8,20.4,20.4,-0.45,33.0
2020-06-29,6218,9006.0,182972.0,20.2,20.4,20.2,20.4,0.0,10.0
2020-06-30,6218,28000.0,569300.0,20.8,20.8,20.25,20.45,0.05,21.0
2020-07-01,6218,80686.0,1646197.0,20.45,20.55,20.3,20.55,0.1,42.0
2020-07-02,6218,77124.0,1577198.0,20.55,20.6,20.4,20.5,-0.05,41.0
2020-07-03,6218,70165.0,1436665.0,20.5,20.65,20.4,20.5,0.0,37.0
2020-07-06,6218,266533.0,5520329.0,20.8,21.2,20.5,20.8,0.3,114.0
2020-07-07,6218,60025.0,1245320.0,20.8,20.9,20.65,20.9,0.1,36.0
2020-07-08,6218,125000.0,2653950.0,21.15,21.3,21.15,21.3,0.4,77.0
2020-07-09,6218,143300.0,3059255.0,21.4,21.5,21.2,21.4,0.1,74.0
2020-07-10,6218,47500.0,1012300.0,21.4,21.4,21.25,21.35,-0.05,34.0
2020-07-13,6218,115320.0,2494298.0,21.2,21.9,21.2,21.5,0.15,58.0
2020-07-14,6218,111000.0,2377200.0,21.55,21.55,21.05,21.35,-0.15,65.0
2020-07-15,6218,298550.0,6284371.0,21.4,21.4,20.95,20.95,-0.4,137.0
2020-07-16,6218,138196.0,2716088.0,19.45,20.15,19.4,20.15,0.0,69.0
2020-07-17,6218,79000.0,1581000.0,20.2,20.2,19.8,20.15,0.0,44.0
2020-07-20,6218,54100.0,1084850.0,20.15,20.15,20.0,20.15,0.0,27.0
2020-07-21,6218,33000.0,664400.0,20.15,20.25,20.1,20.25,0.1,22.0
2020-07-22,6218,80330.0,1604700.0,19.95,20.2,19.85,20.2,-0.05,35.0
2020-07-23,6218,48379.0,969192.0,20.2,20.45,19.95,20.1,-0.1,24.0
2020-07-24,6218,42250.0,840074.0,20.0,20.0,19.7,19.95,-0.15,30.0
2020-07-27,6218,18000.0,355350.0,19.7,19.85,19.65,19.8,-0.15,13.0
2020-07-28,6218,26000.0,510100.0,19.8,19.8,19.6,19.6,-0.2,17.0
2020-07-29,6218,21189.0,413054.0,19.55,19.75,19.3,19.75,0.15,18.0
2020-07-30,6218,33189.0,654192.0,19.85,19.85,19.6,19.8,0.05,14.0
2020-07-31,6218,50183.0,998160.0,19.85,20.2,19.6,20.0,0.2,27.0
2020-08-03,6218,24000.0,476600.0,20.0,20.05,19.8,19.8,-0.2,20.0
2020-08-04,6218,19000.0,378850.0,20.0,20.2,19.8,20.0,0.2,14.0
2020-08-05,6218,23082.0,460281.0,20.1,20.1,19.9,20.0,0.0,16.0
2020-08-06,6218,52500.0,1049250.0,20.05,20.1,19.75,20.05,0.05,28.0
2020-08-07,6218,24000.0,478250.0,19.9,20.05,19.85,20.05,0.0,19.0
2020-08-10,6218,68000.0,1357050.0,20.05,20.1,19.8,20.0,-0.05,30.0
2020-08-11,6218,91530.0,1826793.0,20.05,20.1,19.9,20.0,0.0,30.0
2020-08-12,6218,60100.0,1183355.0,19.85,19.9,19.6,19.9,-0.1,31.0
2020-08-13,6218,82675.0,1626982.0,19.9,19.95,19.6,19.8,-0.1,38.0
2020-08-14,6218,12000.0,235300.0,19.6,19.65,19.6,19.6,-0.2,9.0
2020-08-17,6218,15500.0,305224.0,19.75,19.75,19.6,19.65,0.05,10.0
2020-08-18,6218,11000.0,215350.0,19.6,19.6,19.55,19.6,-0.05,10.0
2020-08-19,6218,19000.0,371750.0,19.6,19.6,19.55,19.55,-0.05,14.0
2020-08-20,6218,41025.0,794741.0,19.5,19.5,19.2,19.5,-0.05,32.0
2020-08-21,6218,32145.0,627292.0,19.35,19.65,19.35,19.6,0.1,26.0
2020-08-24,6218,36100.0,711920.0,19.6,19.85,19.6,19.85,0.25,26.0
2020-08-25,6218,29000.0,571700.0,19.9,19.9,19.6,19.85,0.0,15.0
2020-08-26,6218,3060.0,60688.0,19.85,19.85,19.8,19.8,-0.05,4.0
2020-08-27,6218,26456.0,521220.0,19.85,19.85,19.6,19.75,-0.05,18.0
2020-08-28,6218,21000.0,412200.0,19.7,19.8,19.5,19.7,-0.05,18.0
2020-08-31,6218,39050.0,761547.0,19.7,19.7,19.45,19.45,-0.25,23.0
2020-09-01,6218,31201.0,608179.0,19.35,19.55,19.35,19.55,0.1,16.0
2020-09-02,6218,15060.0,292611.0,19.55,19.55,19.4,19.5,-0.05,12.0
2020-09-03,6218,42000.0,818500.0,19.5,19.55,19.45,19.55,0.05,11.0
2020-09-04,6218,21051.0,408747.0,19.2,19.6,19.2,19.55,0.0,14.0
2020-09-07,6218,20400.0,398810.0,19.55,19.6,19.55,19.6,0.05,10.0
2020-09-08,6218,10226.0,200624.0,19.6,19.65,19.6,19.65,0.05,10.0
2020-09-09,6218,15500.0,303600.0,19.65,19.7,19.55,19.6,-0.05,11.0
2020-09-10,6218,16121.0,313877.0,19.45,19.6,19.4,19.5,-0.1,16.0
2020-09-11,6218,17000.0,330600.0,19.55,19.55,19.35,19.55,0.05,11.0
2020-09-14,6218,61000.0,1189600.0,19.5,19.55,19.5,19.55,0.0,3.0
2020-09-15,6218,29635.0,576355.0,19.55,19.6,19.4,19.5,-0.05,17.0
2020-09-16,6218,84000.0,1617350.0,19.35,19.35,19.2,19.3,-0.2,38.0
2020-09-17,6218,26000.0,499400.0,19.2,19.25,19.2,19.25,-0.05,10.0
2020-09-18,6218,25000.0,479450.0,19.2,19.2,19.15,19.2,-0.05,18.0
2020-09-21,6218,130000.0,2471150.0,19.15,19.15,18.9,18.9,-0.3,67.0
2020-09-22,6218,22000.0,416200.0,18.9,18.95,18.85,18.9,0.0,19.0
2020-09-23,6218,63054.0,1183119.0,18.9,18.9,18.7,18.75,-0.15,35.0
2020-09-24,6218,58000.0,1081500.0,18.65,18.75,18.5,18.65,-0.1,31.0
2020-09-25,6218,45017.0,841767.0,18.7,18.8,18.45,18.55,-0.1,21.0
2020-09-28,6218,241043.0,4349799.0,18.55,18.65,17.65,18.45,-0.1,173.0
2020-09-29,6218,17120.0,312308.0,18.45,18.45,18.2,18.25,-0.2,11.0
2020-09-30,6218,1661.0,30263.0,18.3,18.3,18.3,18.3,0.05,6.0
2020-10-05,6218,14020.0,257519.0,18.55,18.55,18.25,18.3,0.0,10.0
2020-10-06,6218,50100.0,917950.0,18.3,18.35,18.3,18.35,0.05,21.0
2020-10-07,6218,30255.0,555228.0,18.35,18.4,18.35,18.4,0.05,15.0
2020-10-08,6218,118000.0,2165650.0,18.35,18.55,18.25,18.55,0.15,39.0
2020-10-12,6218,83735.0,1596756.0,18.75,19.3,18.75,19.05,0.5,56.0
2020-10-13,6218,37000.0,701100.0,19.05,19.1,18.8,19.0,-0.05,16.0
2020-10-14,6218,42030.0,802520.0,19.3,19.3,19.0,19.1,0.1,27.0
2020-10-15,6218,33999.0,645281.0,19.15,19.15,18.9,19.15,0.05,29.0
2020-10-16,6218,8000.0,152000.0,19.0,19.0,19.0,19.0,-0.15,7.0
2020-10-19,6218,28265.0,532479.0,18.95,19.0,18.6,18.6,-0.4,20.0
2020-10-20,6218,60760.0,1147200.0,18.9,18.95,18.65,18.75,0.15,27.0
2020-10-21,6218,48360.0,917131.0,19.0,19.15,18.75,18.9,0.15,24.0
2020-10-22,6218,9060.0,170587.0,18.95,18.95,18.65,18.8,-0.1,10.0
2020-10-23,6218,44082.0,822649.0,18.8,18.85,18.6,18.8,0.0,28.0
2020-10-26,6218,15706.0,295081.0,18.8,18.8,18.75,18.8,0.0,6.0
2020-10-27,6218,32000.0,598950.0,18.95,18.95,18.5,18.8,0.0,19.0
2020-10-28,6218,3000.0,56400.0,18.8,18.8,18.8,18.8,0.0,3.0
2020-10-29,6218,0.0,0.0,0.0,0.0,0.0,0.0,0.0,0.0
2020-10-30,6218,34720.0,648930.0,18.5,19.2,18.5,19.05,0.35,27.0
2020-11-02,6218,22000.0,410250.0,19.0,19.0,18.6,18.6,-0.45,21.0
2020-11-03,6218,33000.0,615200.0,18.7,18.85,18.6,18.6,0.0,16.0
2020-11-04,6218,27130.0,504455.0,18.65,18.7,18.5,18.5,-0.1,19.0
2020-11-05,6218,17900.0,332315.0,18.5,18.7,18.5,18.7,0.2,11.0
2020-11-06,6218,32000.0,600000.0,18.75,18.85,18.7,18.85,0.15,18.0
2020-11-09,6218,34854.0,656319.0,18.9,19.0,18.75,18.85,0.0,24.0
2020-11-10,6218,24047.0,450823.0,18.85,18.9,18.65,18.65,-0.2,23.0
2020-11-11,6218,10555.0,195493.0,18.65,18.75,18.65,18.75,0.1,13.0
2020-11-12,6218,17056.0,319591.0,18.8,18.8,18.7,18.8,0.05,14.0
2020-11-13,6218,323300.0,6065374.0,18.6,18.95,18.6,18.8,0.0,65.0
2020-11-16,6218,48000.0,907050.0,19.15,19.15,18.75,18.95,0.15,25.0
2020-11-17,6218,29000.0,548900.0,18.9,19.0,18.9,19.0,0.05,9.0
2020-11-18,6218,35001.0,660018.0,19.0,19.0,18.8,18.95,-0.05,27.0
2020-11-19,6218,82560.0,1555465.0,19.0,19.0,18.8,18.9,-0.05,46.0
2020-11-20,6218,16000.0,302600.0,18.95,18.95,18.9,18.9,0.0,10.0
2020-11-23,6218,61150.0,1150605.0,18.95,18.95,18.75,18.8,-0.1,41.0
2020-11-24,6218,13011.0,245255.0,18.85,18.9,18.8,18.9,0.1,11.0
2020-11-25,6218,97000.0,1825250.0,18.85,18.9,18.8,18.8,-0.1,52.0
2020-11-26,6218,69202.0,1308670.0,18.9,19.0,18.8,18.95,0.15,37.0
2020-11-27,6218,116083.0,2188022.0,19.0,19.0,18.8,18.9,-0.05,54.0
2020-11-30,6218,64000.0,1213400.0,19.0,19.1,18.9,19.1,0.2,25.0
2020-12-01,6218,55130.0,1044930.0,19.1,19.1,18.8,19.1,0.0,38.0
2020-12-02,6218,31000.0,588750.0,18.9,19.1,18.9,19.1,0.0,18.0
2020-12-03,6218,46200.0,879050.0,19.15,19.15,19.0,19.1,0.0,30.0
2020-12-04,6218,28120.0,535580.0,19.1,19.1,19.0,19.1,0.0,19.0
2020-12-07,6218,57470.0,1095697.0,19.1,19.1,19.0,19.1,0.0,27.0
2020-12-08,6218,48000.0,916150.0,19.1,19.1,19.0,19.1,0.0,27.0
2020-12-09,6218,90563.0,1717696.0,19.1,19.1,18.8,19.1,0.0,42.0
2020-12-10,6218,63170.0,1194780.0,18.9,19.1,18.8,19.1,0.0,37.0
2020-12-11,6218,16000.0,303500.0,19.1,19.1,18.9,19.0,-0.1,15.0
2020-12-14,6218,59100.0,1114975.0,19.0,19.0,18.8,18.8,-0.2,32.0
2020-12-15,6218,20000.0,378750.0,19.0,19.0,18.9,18.9,0.1,13.0
2020-12-16,6218,45210.0,853625.0,18.9,19.0,18.8,18.8,-0.1,32.0
2020-12-17,6218,11070.0,208783.0,18.9,18.9,18.85,18.9,0.1,9.0
2020-12-18,6218,55062.0,1038765.0,18.85,19.0,18.8,18.95,0.05,25.0
2020-12-21,6218,30000.0,568850.0,18.95,19.0,18.95,19.0,0.05,18.0
2020-12-22,6218,41275.0,778385.0,18.95,18.95,18.8,18.8,-0.2,24.0
2020-12-23,6218,23000.0,435350.0,18.8,18.95,18.8,18.95,0.15,13.0
2020-12-24,6218,26010.0,490039.0,18.95,18.95,18.75,18.95,0.0,22.0
2020-12-25,6218,14931.0,282355.0,18.95,18.95,18.85,18.9,-0.05,12.0
2020-12-28,6218,38001.0,715968.0,18.9,18.9,18.8,18.9,0.0,29.0
2020-12-29,6218,107040.0,2010898.0,18.95,18.95,18.7,18.9,0.0,48.0
2020-12-30,6218,50000.0,944550.0,18.9,18.9,18.85,18.85,-0.05,30.0
2020-12-31,6218,48250.0,911800.0,18.9,18.95,18.85,18.95,0.1,18.0
2021-01-04,6218,97011.0,1846509.0,18.95,19.15,18.9,19.15,0.2,57.0
2021-01-05,6218,47379.0,907651.0,19.15,19.2,19.05,19.15,0.0,36.0
2021-01-06,6218,355906.0,6921039.0,19.2,19.9,19.2,19.6,0.45,179.0
2021-01-07,6218,205446.0,4044588.0,19.6,19.8,19.55,19.55,-0.05,132.0
2021-01-08,6218,82058.0,1596225.0,19.55,19.6,19.3,19.55,0.0,63.0
2021-01-11,6218,56265.0,1097641.0,19.45,19.65,19.35,19.5,-0.05,44.0
2021-01-12,6218,114285.0,2210063.0,19.45,19.45,19.1,19.45,-0.05,58.0
2021-01-13,6218,54000.0,1047600.0,19.5,19.55,19.3,19.4,-0.05,30.0
2021-01-14,6218,27208.0,526533.0,19.4,19.5,19.2,19.4,0.0,19.0
2021-01-15,6218,44216.0,860918.0,19.4,19.6,19.3,19.4,0.0,24.0
2021-01-18,6218,63200.0,1217259.0,19.35,19.4,19.0,19.4,0.0,40.0
2021-01-19,6218,84489.0,1650048.0,19.4,19.8,19.35,19.45,0.05,39.0
2021-01-20,6218,58171.0,1109075.0,19.35,19.35,19.0,19.35,-0.1,42.0
2021-01-21,6218,59042.0,1124898.0,19.05,19.2,19.0,19.2,-0.15,40.0
2021-01-22,6218,26000.0,494250.0,19.1,19.1,18.95,18.95,-0.25,19.0
2021-01-25,6218,90000.0,1697200.0,19.0,19.1,18.5,18.95,0.0,60.0
2021-01-26,6218,37735.0,708881.0,18.95,18.95,18.7,18.9,-0.05,34.0
2021-01-27,6218,291167.0,5504914.0,18.8,19.05,18.8,19.05,0.15,24.0
2021-01-28,6218,18000.0,342200.0,19.05,19.1,18.95,19.05,0.0,15.0
2021-01-29,6218,34100.0,646094.0,19.15,19.2,18.8,18.8,-0.25,26.0
2021-02-01,6218,21000.0,395550.0,18.8,18.9,18.8,18.8,0.0,18.0
2021-02-02,6218,12056.0,227410.0,19.0,19.0,18.75,18.85,0.05,15.0
2021-02-03,6218,14049.0,268344.0,19.15,19.15,19.1,19.1,0.25,13.0
2021-02-04,6218,16164.0,305636.0,18.9,19.05,18.85,18.85,-0.25,16.0
2021-02-05,6218,17001.0,320868.0,18.85,19.05,18.85,19.05,0.2,11.0
2021-02-17,6218,54007.0,1033150.0,19.2,19.25,19.05,19.05,0.0,40.0
2021-02-18,6218,47030.0,902126.0,19.15,19.2,19.15,19.2,0.15,23.0
2021-02-19,6218,27330.0,521903.0,19.1,19.2,19.05,19.15,-0.05,22.0
2021-02-22,6218,61519.0,1186706.0,19.2,19.45,19.2,19.4,0.25,42.0
2021-02-23,6218,74265.0,1442449.0,19.4,19.55,19.25,19.4,0.0,44.0
2021-02-24,6218,55302.0,1079472.0,19.5,19.6,19.45,19.45,0.05,36.0
2021-02-25,6218,97718.0,1925810.0,19.75,19.9,19.55,19.9,0.45,63.0
2021-02-26,6218,46000.0,904250.0,19.8,19.8,19.55,19.75,-0.15,32.0
2021-03-02,6218,73100.0,1452335.0,19.9,20.0,19.75,19.8,0.05,54.0
2021-03-03,6218,11019.0,218630.0,19.95,19.95,19.7,19.85,0.05,14.0
2021-03-04,6218,18000.0,357400.0,19.95,19.95,19.7,19.85,0.0,16.0
2021-03-05,6218,51221.0,1007807.0,19.9,19.9,19.6,19.9,0.05,31.0
2021-03-08,6218,28120.0,558694.0,19.9,19.9,19.8,19.8,-0.1,21.0
2021-03-09,6218,24361.0,480185.0,19.8,19.85,19.6,19.7,-0.1,22.0
2021-03-10,6218,32011.0,629695.0,19.7,19.7,19.65,19.65,-0.05,29.0
2021-03-11,6218,40533.0,796565.0,19.75,19.75,19.6,19.75,0.1,34.0
2021-03-12,6218,56255.0,1113298.0,19.75,19.85,19.75,19.85,0.1,45.0
2021-03-15,6218,21006.0,417065.0,19.85,19.9,19.8,19.9,0.05,27.0
2021-03-16,6218,128704.0,2559464.0,19.85,20.0,19.8,19.95,0.05,69.0
2021-03-17,6218,85215.0,1703344.0,20.05,20.05,19.95,20.05,0.1,46.0
2021-03-18,6218,54344.0,1090451.0,20.05,20.1,20.05,20.1,0.05,37.0
2021-03-19,6218,66828.0,1338360.0,20.0,20.1,20.0,20.1,0.0,56.0
2021-03-22,6218,89167.0,1777784.0,20.05,20.1,19.85,20.05,-0.05,62.0
2021-03-23,6218,78200.0,1555920.0,19.95,20.1,19.8,20.05,0.0,46.0
2021-03-24,6218,63834.0,1273738.0,20.05,20.05,19.85,19.95,-0.1,47.0
2021-03-25,6218,96338.0,1906794.0,19.95,19.95,19.7,19.95,0.0,54.0
2021-03-26,6218,42101.0,833330.0,19.8,19.95,19.7,19.95,0.0,38.0
2021-03-29,6218,80571.0,1594555.0,19.85,19.9,19.7,19.8,-0.15,49.0
2021-03-30,6218,112170.0,2216507.0,19.75,19.85,19.7,19.85,0.05,40.0
2021-03-31,6218,78440.0,1551806.0,19.8,19.8,19.75,19.8,-0.05,47.0
2021-04-01,6218,174665.0,3456715.0,19.8,19.85,19.7,19.85,0.05,68.0
2021-04-06,6218,122349.0,2438990.0,19.85,20.0,19.8,20.0,0.15,64.0
2021-04-07,6218,222929.0,4509905.0,19.95,20.65,19.95,20.55,0.55,134.0
2021-04-08,6218,237920.0,4949783.0,20.6,21.1,20.55,21.1,0.55,155.0
2021-04-09,6218,171304.0,3616363.0,21.1,21.35,20.8,21.35,0.25,104.0
2021-04-12,6218,195485.0,4066251.0,21.05,21.05,20.6,20.9,-0.45,117.0
2021-04-13,6218,162001.0,3341870.0,20.6,20.85,20.45,20.5,-0.4,81.0
2021-04-14,6218,111148.0,2261422.0,20.5,20.6,20.2,20.55,0.05,67.0
2021-04-15,6218,48303.0,997011.0,20.6,20.7,20.5,20.65,0.1,30.0
2021-04-16,6218,73450.0,1520042.0,20.7,20.85,20.5,20.85,0.2,41.0
2021-04-19,6218,73505.0,1522647.0,20.95,20.95,20.1,20.65,-0.2,59.0
2021-04-20,6218,29049.0,599254.0,20.75,20.75,20.55,20.55,-0.1,27.0
2021-04-21,6218,70510.0,1447477.0,20.85,20.85,20.4,20.55,0.0,44.0
2021-04-22,6218,150565.0,3095061.0,20.6,20.7,20.4,20.45,-0.1,74.0
2021-04-23,6218,219025.0,4525716.0,20.4,20.85,20.4,20.75,0.3,119.0
2021-04-26,6218,343953.0,7289192.0,21.0,21.3,21.0,21.2,0.45,189.0
2021-04-27,6218,202084.0,4227925.0,21.2,21.2,20.6,20.75,-0.45,99.0
2021-04-28,6218,216455.0,4560635.0,20.95,21.15,20.85,21.0,0.25,85.0
2021-04-29,6218,140700.0,2948397.0,21.0,21.25,20.5,21.0,0.0,65.0
2021-05-03,6218,110435.0,2273557.0,21.0,21.0,20.3,20.7,-0.3,77.0
2021-05-04,6218,126070.0,2553715.0,20.8,20.85,19.6,20.05,-0.65,74.0
2021-05-05,6218,36587.0,742776.0,20.55,20.55,20.1,20.35,0.3,30.0
2021-05-06,6218,44400.0,903579.0,20.65,20.65,20.15,20.3,-0.05,24.0
2021-05-07,6218,40200.0,816710.0,20.35,20.4,20.15,20.35,0.05,22.0
2021-05-10,6218,126060.0,2530046.0,20.2,20.3,19.85,19.85,-0.5,69.0
2021-05-11,6218,194827.0,3790418.0,19.85,19.9,19.0,19.05,-0.8,134.0
2021-05-12,6218,133788.0,2530820.0,19.05,19.6,18.5,19.1,0.05,97.0
2021-05-13,6218,84000.0,1590200.0,18.8,19.15,18.7,18.9,-0.2,48.0
2021-05-14,6218,107150.0,2034135.0,19.2,19.3,18.85,18.85,-0.05,51.0
2021-05-17,6218,89447.0,1641163.0,18.5,18.7,18.05,18.15,-0.7,51.0
2021-05-18,6218,135000.0,2502750.0,18.0,19.15,18.0,19.15,1.0,50.0
2021-05-19,6218,15030.0,288227.0,19.15,19.5,19.0,19.25,0.1,15.0
2021-05-20,6218,6958.0,133347.0,19.1,19.25,19.1,19.25,0.0,12.0
2021-05-21,6218,37001.0,720919.0,19.4,19.5,19.3,19.5,0.25,22.0
2021-05-24,6218,104200.0,1990129.0,19.5,19.5,19.0,19.25,-0.25,60.0
2021-05-25,6218,34993.0,670212.0,19.3,19.3,19.1,19.1,-0.15,32.0
2021-05-26,6218,11000.0,211550.0,19.1,19.4,19.1,19.4,0.3,9.0
2021-05-27,6218,5000.0,96700.0,19.45,19.45,19.2,19.35,-0.05,5.0
2021-05-28,6218,14312.0,276667.0,19.35,19.4,19.2,19.35,0.0,19.0
2021-05-31,6218,33010.0,639845.0,19.4,19.5,19.2,19.4,0.05,17.0
2021-06-01,6218,60695.0,1166989.0,19.25,19.35,19.15,19.25,-0.15,56.0
2021-06-02,6218,14000.0,269600.0,19.2,19.35,19.2,19.2,-0.05,12.0
2021-06-03,6218,10595.0,204734.0,19.3,19.4,19.25,19.4,0.2,11.0
2021-06-04,6218,4120.0,79878.0,19.45,19.45,19.25,19.45,0.05,6.0
2021-06-07,6218,36024.0,697214.0,19.45,19.45,19.15,19.2,-0.25,20.0
2021-06-08,6218,98090.0,1919541.0,19.4,19.7,19.4,19.7,0.5,51.0
2021-06-09,6218,59402.0,1180547.0,19.85,19.95,19.7,19.85,0.15,35.0
2021-06-10,6218,22240.0,439300.0,19.95,19.95,19.6,19.6,-0.25,16.0
2021-06-11,6218,38000.0,749100.0,19.75,19.85,19.55,19.75,0.15,26.0
2021-06-15,6218,20077.0,393139.0,19.85,19.85,19.45,19.7,-0.05,19.0
2021-06-16,6218,21032.0,412079.0,19.6,19.7,19.55,19.7,0.0,21.0
2021-06-17,6218,7000.0,137550.0,19.65,19.65,19.65,19.65,-0.05,4.0
2021-06-18,6218,19152.0,377729.0,19.65,19.75,19.65,19.7,0.05,19.0
2021-06-21,6218,43201.0,846681.0,19.8,19.8,19.5,19.7,0.0,36.0
2021-06-22,6218,66112.0,1288885.0,19.55,19.75,19.4,19.4,-0.3,40.0
2021-06-23,6218,92100.0,1795185.0,19.5,19.55,19.4,19.45,0.05,33.0
2021-06-24,6218,59100.0,1143850.0,19.4,19.55,19.25,19.45,0.0,38.0
2021-06-25,6218,52265.0,1013653.0,19.5,19.5,19.3,19.35,-0.1,27.0
2021-06-28,6218,9050.0,176272.0,19.5,19.55,19.4,19.4,0.05,10.0
2021-06-29,6218,34298.0,665896.0,19.45,19.5,19.35,19.35,-0.05,23.0
2021-06-30,6218,26103.0,504173.0,19.45,19.45,19.25,19.3,-0.05,26.0
2021-07-01,6218,65036.0,1253968.0,19.4,19.45,19.25,19.25,-0.05,41.0
2021-07-02,6218,53893.0,1039161.0,19.4,19.4,19.2,19.2,-0.05,40.0
2021-07-05,6218,44701.0,863832.0,19.2,19.4,19.2,19.4,0.2,39.0
2021-07-06,6218,23000.0,446950.0,19.4,19.5,19.35,19.5,0.1,17.0
2021-07-07,6218,57965.0,1132732.0,19.5,19.65,19.4,19.55,0.05,38.0
2021-07-08,6218,60202.0,1177368.0,19.55,19.6,19.55,19.55,0.0,28.0
2021-07-09,6218,48235.0,938567.0,19.55,19.55,19.4,19.5,-0.05,33.0
2021-07-12,6218,120253.0,2350633.0,19.5,20.0,19.3,19.7,0.2,74.0
2021-07-13,6218,92057.0,1800361.0,19.7,19.7,19.45,19.6,-0.1,26.0
2021-07-14,6218,12390.0,242444.0,19.65,19.65,19.5,19.6,0.0,12.0
2021-07-15,6218,13952.0,273445.0,19.65,19.65,19.6,19.65,0.05,15.0
2021-07-16,6218,29025.0,566727.0,19.7,19.7,19.5,19.5,-0.15,28.0
2021-07-19,6218,9000.0,175900.0,19.5,19.6,19.5,19.55,0.05,7.0
2021-07-20,6218,45165.0,874667.0,19.4,19.4,19.35,19.4,-0.15,26.0
2021-07-21,6218,72229.0,1389457.0,19.35,19.35,19.15,19.25,-0.15,41.0
2021-07-22,6218,1820.0,35098.0,19.35,19.35,19.35,19.35,0.1,5.0
2021-07-23,6218,7909871.0,155947461.0,19.4,21.2,19.4,20.05,0.7,947.0
2021-07-26,6218,513703.0,10368426.0,20.1,20.6,20.0,20.05,0.0,269.0
2021-07-27,6218,276350.0,5564119.0,20.1,21.05,19.45,19.65,-0.4,148.0
2021-07-28,6218,212710.0,4075046.0,19.8,19.85,18.8,19.0,-0.65,146.0
2021-07-29,6218,40497.0,775593.0,19.0,19.3,19.0,19.1,0.1,44.0
2021-07-30,6218,53000.0,1018500.0,19.5,19.5,19.1,19.15,0.05,35.0
2021-08-02,6218,61155.0,1173906.0,19.15,19.3,19.15,19.25,0.1,30.0
2021-08-03,6218,36000.0,692950.0,19.25,19.4,19.2,19.35,0.1,17.0
2021-08-04,6218,22000.0,425950.0,19.4,19.45,19.25,19.35,0.0,17.0
2021-08-05,6218,24028.0,464491.0,19.3,19.4,19.25,19.3,-0.05,16.0
2021-08-06,6218,36070.0,694265.0,19.3,19.3,19.15,19.15,-0.15,26.0
2021-08-09,6218,38033.0,737441.0,19.75,19.75,19.2,19.2,0.05,30.0
2021-08-10,6218,73147.0,1398922.0,19.25,19.45,19.05,19.1,-0.1,29.0
2021-08-11,6218,193155.0,3671296.0,19.45,19.45,18.8,18.9,-0.2,104.0
2021-08-12,6218,41125.0,780991.0,18.95,19.15,18.9,19.15,0.25,21.0
2021-08-13,6218,13000.0,246800.0,19.0,19.1,18.9,19.1,-0.05,11.0
2021-08-16,6218,36050.0,679400.0,19.0,19.05,18.75,18.9,-0.2,31.0
2021-08-17,6218,29190.0,551780.0,18.95,19.05,18.85,18.9,0.0,22.0
2021-08-18,6218,49101.0,927118.0,18.9,19.15,18.8,19.0,0.1,30.0
2021-08-19,6218,64996.0,1225661.0,18.95,18.95,18.8,18.85,-0.15,33.0
2021-08-20,6218,33856.0,637287.0,18.95,18.95,18.8,18.95,0.1,27.0
2021-08-23,6218,10338.0,195553.0,19.2,19.2,18.85,18.95,0.0,11.0
2021-08-24,6218,26101.0,495569.0,19.0,19.15,18.95,18.95,0.0,22.0
2021-08-25,6218,12500.0,238655.0,19.15,19.15,19.05,19.15,0.2,16.0
2021-08-26,6218,28060.0,534999.0,19.15,19.15,19.0,19.15,0.0,19.0
2021-08-27,6218,18196.0,347850.0,19.2,19.2,19.1,19.15,0.0,13.0
2021-08-30,6218,21428.0,410077.0,19.1,19.25,19.1,19.1,-0.05,27.0
2021-08-31,6218,16862.0,322344.0,19.2,19.2,19.1,19.1,0.0,32.0
2021-09-01,6218,16790.0,322498.0,19.2,19.3,19.15,19.15,0.05,20.0
2021-09-02,6218,18184.0,348749.0,19.2,19.35,19.15,19.15,0.0,17.0
2021-09-03,6218,53334.0,1022561.0,19.2,19.2,19.1,19.1,-0.05,40.0
2021-09-06,6218,191881.0,3769861.0,19.5,19.9,19.15,19.7,0.6,89.0
2021-09-07,6218,90169.0,1784015.0,19.9,19.9,19.7,19.75,0.05,61.0
2021-09-08,6218,53086.0,1043476.0,19.75,19.75,19.5,19.5,-0.25,43.0
2021-09-09,6218,35112.0,687062.0,19.5,19.75,19.5,19.75,0.25,28.0
2021-09-10,6218,97102.0,1915892.0,19.7,19.8,19.6,19.8,0.05,65.0
2021-09-13,6218,99251.0,1886694.0,18.9,19.15,18.75,19.1,0.0,66.0
2021-09-14,6218,17455.0,333190.0,19.1,19.1,19.0,19.0,-0.1,16.0
2021-09-15,6218,103000.0,1940150.0,19.0,19.0,18.8,18.85,-0.15,37.0
2021-09-16,6218,21659.0,409318.0,18.9,19.0,18.85,18.95,0.1,24.0
2021-09-17,6218,54015.0,1021234.0,18.85,19.15,18.75,18.85,-0.1,36.0
2021-09-22,6218,13740.0,258856.0,18.85,19.0,18.8,19.0,0.15,23.0
2021-09-23,6218,14200.0,269315.0,19.0,19.05,18.9,18.95,-0.05,15.0
2021-09-24,6218,51080.0,969866.0,19.0,19.1,18.95,19.0,0.05,25.0
2021-09-27,6218,24406.0,461943.0,19.05,19.05,18.85,18.95,-0.05,27.0
2021-09-28,6218,26601.0,502959.0,18.9,18.95,18.85,18.85,-0.1,28.0
2021-09-29,6218,6000.0,113950.0,19.05,19.05,18.95,19.0,0.15,5.0
2021-09-30,6218,7616.0,144954.0,19.0,19.05,19.0,19.05,0.05,12.0
2021-10-01,6218,30131.0,570681.0,18.9,19.0,18.9,18.9,-0.15,30.0
2021-10-04,6218,86001.0,1602318.0,18.9,18.9,18.5,18.7,-0.2,49.0
2021-10-05,6218,60570.0,1134158.0,18.6,18.85,18.6,18.8,0.1,37.0
2021-10-06,6218,47621.0,901686.0,19.0,19.0,18.9,18.9,0.1,27.0
2021-10-07,6218,46384.0,882895.0,19.1,19.1,18.9,18.95,0.05,24.0
2021-10-08,6218,17105.0,325005.0,19.1,19.1,18.95,18.95,0.0,15.0
2021-10-12,6218,23043.0,434717.0,18.95,18.95,18.8,18.85,-0.1,23.0
2021-10-13,6218,9255.0,174479.0,18.85,18.85,18.85,18.85,0.0,15.0
2021-10-14,6218,12307.0,231646.0,18.85,18.85,18.8,18.8,-0.05,19.0
2021-10-15,6218,65580.0,1234321.0,18.8,19.1,18.7,19.0,0.2,52.0
2021-10-18,6218,38029.0,722738.0,19.1,19.1,18.9,18.95,-0.05,24.0
2021-10-19,6218,54110.0,1026401.0,18.95,19.0,18.9,18.95,0.0,42.0
2021-10-20,6218,289648.0,5586376.0,19.05,19.6,19.0,19.5,0.55,158.0
2021-10-21,6218,2462978.0,52323071.0,19.6,21.45,19.6,21.45,1.95,966.0
2021-10-22,6218,1726057.0,40648630.0,23.55,23.55,23.55,23.55,2.1,573.0
2021-10-25,6218,8329410.0,198631631.0,24.95,25.35,21.75,22.5,-1.05,4293.0
2021-10-26,6218,3294187.0,70462318.0,22.45,22.45,20.7,21.3,-1.2,1911.0
2021-10-27,6218,2096089.0,44961764.0,21.8,22.3,20.8,21.25,-0.05,1156.0
2021-10-28,6218,1050606.0,22121454.0,21.45,21.6,20.75,20.75,-0.5,609.0
2021-10-29,6218,1149013.0,23300024.0,21.05,21.05,20.0,20.0,-0.75,684.0
2021-11-01,6218,786503.0,16196110.0,20.4,21.35,20.2,20.6,0.6,468.0
2021-11-02,6218,384336.0,7843055.0,20.85,20.85,20.1,20.2,-0.4,224.0
2021-11-03,6218,438583.0,8893813.0,19.9,20.6,19.9,20.25,0.05,250.0
2021-11-04,6218,260429.0,5279124.0,20.35,20.4,20.1,20.25,0.0,155.0
2021-11-05,6218,309855.0,6375373.0,20.5,20.9,20.4,20.45,0.2,198.0
2021-11-08,6218,325300.0,6721904.0,20.4,21.05,20.4,20.65,0.2,185.0
2021-11-09,6218,331456.0,6784825.0,20.9,20.9,20.3,20.4,-0.25,173.0
2021-11-10,6218,266427.0,5424197.0,20.4,20.55,20.3,20.3,-0.1,126.0
2021-11-11,6218,169000.0,3423000.0,20.2,20.4,20.15,20.25,-0.05,101.0
2021-11-12,6218,292160.0,5904296.0,20.4,20.45,20.0,20.1,-0.15,149.0
2021-11-15,6218,229344.0,4613231.0,20.2,20.35,20.0,20.05,-0.05,117.0
2021-11-16,6218,228252.0,4642030.0,20.1,20.65,20.0,20.25,0.2,151.0
2021-11-17,6218,102021.0,2058173.0,20.25,20.5,20.1,20.1,-0.15,72.0
2021-11-18,6218,72427.0,1459382.0,20.15,20.2,20.1,20.1,0.0,52.0
2021-11-19,6218,103900.0,2098994.0,20.2,20.4,20.1,20.2,0.1,74.0
2021-11-22,6218,1205979.0,25499538.0,20.35,21.8,20.35,21.2,1.0,681.0
2021-11-23,6218,527526.0,11059716.0,21.2,21.4,20.55,20.65,-0.55,276.0
2021-11-24,6218,183613.0,3823813.0,20.65,21.0,20.6,20.95,0.3,104.0
2021-11-25,6218,686345.0,14764453.0,21.35,21.95,21.2,21.2,0.25,371.0
2021-11-26,6218,389317.0,8134217.0,21.2,21.35,20.6,20.85,-0.35,211.0
2021-11-29,6218,167542.0,3426014.0,20.6,20.85,20.25,20.75,-0.1,115.0
2021-11-30,6218,170240.0,3599574.0,21.7,21.7,20.9,20.9,0.15,97.0
2021-12-01,6218,150858.0,3168359.0,20.6,21.35,20.6,20.95,0.05,105.0
2021-12-02,6218,147345.0,3044374.0,20.95,20.95,20.5,20.65,-0.3,95.0
2021-12-03,6218,92596.0,1904521.0,20.7,20.7,20.5,20.6,-0.05,69.0
2021-12-06,6218,349752.0,7403761.0,20.6,21.6,20.6,21.5,0.9,209.0
2021-12-07,6218,325080.0,6976149.0,21.9,21.95,21.1,21.2,-0.3,218.0
2021-12-08,6218,254035.0,5436202.0,21.5,21.6,21.05,21.6,0.4,172.0
2021-12-09,6218,1429099.0,31582501.0,21.65,22.5,21.3,22.5,0.9,915.0
2021-12-10,6218,988584.0,21833771.0,22.5,22.5,21.75,21.85,-0.65,614.0
2021-12-13,6218,1115655.0,25146180.0,22.2,23.1,21.6,23.1,1.25,671.0
2021-12-14,6218,1449909.0,33536084.0,22.9,23.7,22.6,22.75,-0.35,888.0
2021-12-15,6218,1240994.0,28968649.0,23.0,23.65,22.8,23.3,0.55,838.0
2021-12-16,6218,977477.0,22456608.0,23.4,23.7,22.55,22.7,-0.6,690.0
2021-12-17,6218,383100.0,8585675.0,22.95,23.0,22.0,22.15,-0.55,241.0
2021-12-20,6218,381466.0,8592563.0,22.75,23.1,22.1,22.1,-0.05,206.0
2021-12-21,6218,476210.0,10329986.0,22.1,22.1,21.45,21.7,-0.4,264.0
2021-12-22,6218,213193.0,4624233.0,21.75,22.0,21.45,21.65,-0.05,124.0
2021-12-23,6218,133235.0,2884476.0,22.0,22.0,21.55,21.6,-0.05,91.0
2021-12-24,6218,131535.0,2833305.0,21.65,21.75,21.45,21.45,-0.15,97.0
2021-12-27,6218,127330.0,2764181.0,21.85,21.85,21.6,21.65,0.2,90.0
2021-12-28,6218,114201.0,2477368.0,21.9,21.9,21.6,21.65,0.0,69.0
2021-12-29,6218,407551.0,9025813.0,21.9,22.55,21.9,22.2,0.55,234.0
2021-12-30,6218,127354.0,2824554.0,22.2,22.4,22.05,22.1,-0.1,94.0
2022-01-03,6218,89886.0,1978030.0,22.1,22.35,21.85,21.95,-0.15,77.0
2022-01-04,6218,102481.0,2245239.0,21.95,22.1,21.75,21.8,-0.15,73.0
2022-01-05,6218,110965.0,2407061.0,21.65,22.0,21.65,21.7,-0.1,80.0
2022-01-06,6218,119200.0,2572430.0,21.7,21.8,21.5,21.5,-0.2,69.0
2022-01-07,6218,209997.0,4447031.0,21.55,21.55,21.0,21.05,-0.45,135.0
2022-01-10,6218,59551.0,1258760.0,21.1,21.25,21.05,21.15,0.1,44.0
2022-01-11,6218,2117258.0,48368548.0,22.5,23.25,22.1,22.65,1.5,1003.0
2022-01-12,6218,829291.0,18768949.0,23.0,23.7,21.85,21.9,-0.75,490.0
2022-01-13,6218,185197.0,4098537.0,22.25,22.45,21.85,21.85,-0.05,137.0
2022-01-14,6218,274135.0,5948464.0,22.0,22.2,21.4,21.85,0.0,153.0
2022-01-17,6218,344456.0,7786439.0,22.35,23.0,22.0,22.9,1.05,227.0
2022-01-18,6218,397388.0,9069084.0,23.3,23.3,22.35,22.8,-0.1,229.0
2022-01-19,6218,174160.0,3935841.0,22.55,22.8,22.4,22.7,-0.1,85.0
2022-01-20,6218,133113.0,3017906.0,22.95,22.95,22.5,22.6,-0.1,67.0
2022-01-21,6218,146265.0,3258904.0,22.5,22.5,22.05,22.25,-0.35,71.0
2022-01-24,6218,134420.0,2913326.0,21.9,21.95,21.5,21.95,-0.3,92.0
2022-01-25,6218,166156.0,3632622.0,21.95,21.95,21.65,21.95,0.0,73.0
2022-01-26,6218,191668.0,4268094.0,22.1,22.6,21.95,22.15,0.2,97.0
2022-02-07,6218,260160.0,5895019.0,22.2,23.0,22.2,22.65,0.5,151.0
2022-02-08,6218,352299.0,8079589.0,22.7,23.15,22.4,23.15,0.5,159.0
2022-02-09,6218,373313.0,8517329.0,23.1,23.2,22.55,22.55,-0.6,182.0
2022-02-10,6218,147403.0,3364765.0,22.75,23.0,22.6,23.0,0.45,101.0
2022-02-11,6218,636500.0,14747049.0,23.75,23.75,22.6,22.9,-0.1,283.0
2022-02-14,6218,147689.0,3319718.0,22.65,22.75,22.3,22.35,-0.55,104.0
2022-02-15,6218,149051.0,3334053.0,22.55,22.6,22.25,22.4,0.05,73.0
2022-02-16,6218,295677.0,6758234.0,22.8,23.05,22.65,22.9,0.5,161.0
2022-02-17,6218,219106.0,5010738.0,23.15,23.2,22.5,22.8,-0.1,116.0
2022-02-18,6218,1505789.0,35751251.0,22.8,24.3,22.8,23.9,1.1,776.0
2022-02-21,6218,750403.0,17970658.0,24.15,24.55,23.5,23.75,-0.15,452.0
2022-02-22,6218,350239.0,8149644.0,23.75,23.95,22.85,23.5,-0.25,211.0
2022-02-23,6218,614256.0,14838399.0,23.85,24.6,23.7,23.9,0.4,362.0
2022-02-24,6218,674201.0,15446638.0,23.3,24.15,22.0,22.25,-1.65,425.0
2022-02-25,6218,337000.0,7580700.0,22.3,22.9,22.05,22.85,0.6,178.0
2022-03-01,6218,104084.0,2398933.0,23.35,23.35,22.9,23.0,0.15,76.0
2022-03-02,6218,125090.0,2847663.0,23.25,23.25,22.5,22.65,-0.35,78.0
2022-03-03,6218,133000.0,3027450.0,22.7,22.9,22.6,22.65,0.0,83.0
2022-03-04,6218,134000.0,3025500.0,22.9,22.9,22.4,22.5,-0.15,76.0
2022-03-07,6218,208490.0,4577797.0,22.5,22.5,21.75,21.8,-0.7,147.0
2022-03-08,6218,173411.0,3735286.0,21.5,21.9,21.2,21.3,-0.5,122.0
2022-03-09,6218,81210.0,1744430.0,21.6,21.75,21.2,21.5,0.2,59.0
2022-03-10,6218,185502.0,4021119.0,21.7,22.05,21.5,21.6,0.1,99.0
2022-03-11,6218,59000.0,1270050.0,21.65,21.65,21.4,21.55,-0.05,42.0
2022-03-14,6218,69569.0,1486263.0,21.55,21.6,21.25,21.25,-0.3,65.0
2022-03-15,6218,177582.0,3737281.0,21.2,21.2,21.0,21.0,-0.25,106.0
2022-03-16,6218,95628.0,1992742.0,21.05,21.05,20.7,20.85,-0.15,81.0
2022-03-17,6218,47002.0,998094.0,21.1,21.45,21.05,21.45,0.6,34.0
2022-03-18,6218,81230.0,1719749.0,21.5,21.5,21.0,21.15,-0.3,58.0
2022-03-21,6218,18401.0,392251.0,21.45,21.45,21.25,21.3,0.15,21.0
2022-03-22,6218,44720.0,948886.0,21.5,21.5,21.1,21.25,-0.05,36.0
2022-03-23,6218,34095.0,727573.0,21.35,21.45,21.3,21.35,0.1,34.0
2022-03-24,6218,17000.0,362550.0,21.35,21.35,21.3,21.35,0.0,13.0
2022-03-25,6218,46000.0,984650.0,21.3,21.5,21.25,21.4,0.05,34.0
2022-03-28,6218,105053.0,2219834.0,21.4,21.4,21.0,21.4,0.0,61.0
2022-03-29,6218,125750.0,2707558.0,21.4,21.75,21.25,21.65,0.25,78.0
2022-03-30,6218,104476.0,2286018.0,21.75,22.0,21.7,21.9,0.25,58.0
2022-03-31,6218,69550.0,1531644.0,21.9,22.1,21.9,22.1,0.2,54.0
2022-04-01,6218,31001.0,678822.0,22.0,22.0,21.8,21.95,-0.15,25.0
2022-04-06,6218,62583.0,1368190.0,22.1,22.1,21.7,21.85,-0.1,42.0
2022-04-07,6218,60190.0,1292750.0,21.85,22.1,21.05,21.2,-0.65,57.0
2022-04-08,6218,18003.0,383413.0,21.4,21.4,21.25,21.3,0.1,21.0
2022-04-11,6218,88275.0,1854846.0,21.3,21.35,20.7,20.9,-0.4,80.0
2022-04-12,6218,73010.0,1513957.0,20.9,20.9,20.55,20.65,-0.25,49.0
2022-04-13,6218,107580.0,2230655.0,21.2,21.2,20.65,20.9,0.25,54.0
2022-04-14,6218,67015.0,1397962.0,21.45,21.45,20.7,20.8,-0.1,54.0
2022-04-15,6218,148431.0,3043050.0,20.9,20.9,20.3,20.35,-0.45,107.0
2022-04-18,6218,62050.0,1260727.0,20.1,20.6,20.0,20.55,0.2,33.0
2022-04-19,6218,13442.0,278066.0,20.75,20.75,20.55,20.65,0.1,15.0
2022-04-20,6218,30030.0,624668.0,20.8,20.95,20.7,20.85,0.2,24.0
2022-04-21,6218,36180.0,750549.0,20.75,20.85,20.7,20.75,-0.1,35.0
2022-04-22,6218,28007.0,580397.0,20.75,20.8,20.65,20.65,-0.1,28.0
2022-04-25,6218,118000.0,2386050.0,20.65,20.65,20.1,20.3,-0.35,74.0
2022-04-26,6218,127000.0,2560400.0,20.25,20.35,20.1,20.1,-0.2,54.0
2022-04-27,6218,132400.0,2609365.0,20.0,20.0,19.6,19.7,-0.4,108.0
2022-04-28,6218,91151.0,1840191.0,19.95,20.4,19.9,20.35,0.65,54.0
2022-04-29,6218,12007.0,244894.0,20.7,20.7,20.3,20.35,0.0,12.0
2022-05-03,6218,22722.0,459721.0,20.1,20.55,20.05,20.55,0.2,21.0
2022-05-04,6218,18045.0,370022.0,20.55,20.55,20.4,20.5,-0.05,11.0
2022-05-05,6218,32243.0,662789.0,20.9,21.0,20.3,20.45,-0.05,34.0
2022-05-06,6218,49065.0,1004278.0,20.45,20.6,20.4,20.5,0.05,28.0
2022-05-09,6218,71230.0,1429511.0,20.5,20.5,19.9,19.9,-0.6,58.0
2022-05-10,6218,55343.0,1095142.0,19.6,19.95,19.6,19.7,-0.2,44.0
2022-05-11,6218,35035.0,706755.0,20.25,20.25,19.9,20.2,0.5,30.0
2022-05-12,6218,33000.0,653450.0,19.85,19.9,19.75,19.8,-0.4,24.0
2022-05-13,6218,32059.0,634267.0,19.95,19.95,19.7,19.85,0.05,28.0
2022-05-16,6218,16000.0,317350.0,20.15,20.15,19.75,19.85,0.0,14.0
2022-05-17,6218,28025.0,557550.0,19.95,19.95,19.85,19.9,0.05,24.0
2022-05-18,6218,19180.0,384782.0,20.1,20.3,19.9,20.3,0.4,21.0
2022-05-19,6218,70045.0,1386203.0,20.0,20.1,19.6,20.1,-0.2,53.0
2022-05-20,6218,17252.0,344245.0,20.0,20.0,19.9,19.95,-0.15,17.0
2022-05-23,6218,26000.0,518800.0,19.95,20.15,19.9,19.95,0.0,23.0
2022-05-24,6218,42001.0,845470.0,20.3,20.3,19.9,19.95,0.0,26.0
2022-05-25,6218,9000.0,180400.0,20.3,20.3,19.95,20.05,0.1,8.0
2022-05-26,6218,16000.0,320550.0,20.05,20.25,19.95,20.05,0.0,12.0
2022-05-27,6218,20112.0,404036.0,20.2,20.2,20.0,20.0,-0.05,23.0
2022-05-30,6218,32264.0,649041.0,20.0,20.55,20.0,20.15,0.15,29.0
2022-05-31,6218,23308.0,470655.0,20.2,20.5,20.1,20.2,0.05,21.0
2022-06-01,6218,38106.0,766782.0,20.05,20.2,20.05,20.2,0.0,30.0
2022-06-02,6218,32000.0,644850.0,20.2,20.25,20.1,20.15,-0.05,20.0
2022-06-06,6218,51130.0,1027576.0,20.15,20.4,20.0,20.05,-0.1,30.0
2022-06-07,6218,30142.0,606663.0,20.2,20.2,20.05,20.1,0.05,25.0
2022-06-08,6218,50079.0,1004941.0,20.2,20.2,20.0,20.1,0.0,45.0
2022-06-09,6218,18567.0,373848.0,20.1,20.25,20.05,20.05,-0.05,37.0
2022-06-10,6218,103223.0,2057710.0,20.0,20.1,19.85,19.9,-0.15,56.0
2022-06-13,6218,29177.0,577421.0,19.9,19.9,19.7,19.8,-0.1,31.0
2022-06-14,6218,38350.0,759935.0,19.8,19.95,19.75,19.85,0.05,27.0
2022-06-15,6218,27700.0,552340.0,19.8,20.3,19.8,19.85,0.0,23.0
2022-06-16,6218,33861.0,670476.0,20.1,20.1,19.7,19.7,-0.15,36.0
2022-06-17,6218,37098.0,726380.0,19.5,19.65,19.45,19.6,-0.1,29.0
2022-06-20,6218,55667.0,1080399.0,19.6,19.9,19.3,19.3,-0.3,55.0
2022-06-21,6218,60072.0,1162446.0,19.3,19.55,19.25,19.5,0.2,45.0
2022-06-22,6218,13472.0,260052.0,19.3,19.35,19.25,19.3,-0.2,24.0
2022-06-23,6218,53854.0,1034262.0,19.3,19.3,19.1,19.2,-0.1,72.0
2022-06-24,6218,198022.0,3772347.0,19.2,19.5,18.8,19.25,0.05,126.0
2022-06-27,6218,41280.0,794270.0,19.45,19.45,19.15,19.2,-0.05,39.0
2022-06-28,6218,6055.0,116211.0,19.25,19.25,19.1,19.2,0.0,7.0
2022-06-29,6218,9237.0,176138.0,19.2,19.2,19.05,19.05,-0.15,12.0
2022-06-30,6218,46792.0,888504.0,19.15,19.15,18.9,18.9,-0.15,83.0
2022-07-01,6218,46010.0,866239.0,18.9,18.95,18.75,18.75,-0.15,39.0
2022-07-04,6218,20463.0,384907.0,18.95,18.95,18.75,18.85,0.1,23.0
2022-07-05,6218,12588.0,238584.0,18.9,19.15,18.85,18.95,0.1,16.0
2022-07-06,6218,26005.0,492096.0,19.0,19.0,18.85,18.95,0.0,14.0
2022-07-07,6218,24000.0,459150.0,18.9,19.35,18.9,19.25,0.3,17.0
2022-07-08,6218,23100.0,448815.0,19.4,19.7,19.25,19.25,0.0,20.0
2022-07-11,6218,16325.0,312290.0,19.35,19.35,19.0,19.2,-0.05,16.0
2022-07-12,6218,65019.0,1235911.0,19.2,19.2,18.8,18.8,-0.4,38.0
2022-07-13,6218,36030.0,690874.0,19.05,19.3,19.0,19.2,0.4,20.0
2022-07-14,6218,10976.0,209577.0,19.0,19.2,19.0,19.15,-0.05,23.0
2022-07-15,6218,44100.0,844550.0,19.15,19.2,19.05,19.05,-0.1,17.0
2022-07-18,6218,1124.0,21563.0,19.15,19.15,19.15,19.15,0.1,3.0
2022-07-19,6218,3233.0,62172.0,19.25,19.25,19.2,19.25,0.1,7.0
2022-07-20,6218,18120.0,349746.0,19.35,19.35,19.25,19.25,0.0,10.0
2022-07-21,6218,14010.0,269701.0,19.2,19.3,19.2,19.3,0.05,9.0
2022-07-22,6218,3000.0,57600.0,19.2,19.2,19.2,19.2,-0.1,3.0
2022-07-25,6218,17115.0,329524.0,19.1,19.45,19.0,19.3,0.1,19.0
2022-07-26,6218,23223.0,443191.0,19.2,19.2,19.05,19.1,-0.2,21.0
2022-07-27,6218,16010.0,307194.0,19.1,19.35,19.1,19.35,0.25,13.0
2022-07-28,6218,4491.0,86379.0,19.3,19.3,19.2,19.2,-0.15,14.0
2022-07-29,6218,41155.0,795458.0,19.4,19.4,19.2,19.4,0.2,29.0
2022-08-01,6218,271610.0,5354833.0,19.5,20.05,19.4,20.05,0.65,82.0
2022-08-02,6218,702384.0,14208999.0,20.6,20.6,19.65,20.0,-0.05,430.0
2022-08-03,6218,362726.0,7461327.0,19.85,21.0,19.7,20.75,0.75,228.0
2022-08-04,6218,1275621.0,27396342.0,21.0,22.05,20.75,21.35,0.6,852.0
2022-08-05,6218,402947.0,8638463.0,21.5,22.0,21.0,21.4,0.05,309.0
2022-08-08,6218,346966.0,7055550.0,20.8,20.8,20.0,20.4,-1.0,250.0
2022-08-09,6218,280319.0,5769884.0,20.55,21.3,20.05,20.15,-0.25,234.0
2022-08-10,6218,127316.0,2557369.0,20.3,20.3,19.8,19.95,-0.2,99.0
2022-08-11,6218,138304.0,2758869.0,20.1,20.1,19.8,20.0,0.05,84.0
2022-08-12,6218,61426.0,1228688.0,20.0,20.15,19.9,19.95,-0.05,46.0
2022-08-15,6218,76062.0,1521940.0,20.0,20.2,19.9,20.0,0.05,63.0
2022-08-16,6218,73383.0,1475092.0,20.15,20.3,20.0,20.05,0.05,58.0
2022-08-17,6218,61846.0,1241932.0,20.1,20.2,20.05,20.05,0.0,52.0
2022-08-18,6218,153308.0,3079656.0,20.25,20.3,19.95,20.0,-0.05,87.0
2022-08-19,6218,126010.0,2526550.0,20.0,20.2,19.95,20.0,0.0,65.0
2022-08-22,6218,116727.0,2359017.0,20.15,20.3,20.1,20.3,0.3,82.0
2022-08-23,6218,49394.0,993160.0,20.15,20.25,20.05,20.15,-0.15,43.0
2022-08-24,6218,85384.0,1711050.0,20.1,20.3,20.0,20.0,-0.15,56.0
2022-08-25,6218,90244.0,1812437.0,20.0,20.15,20.0,20.05,0.05,56.0
2022-08-26,6218,77371.0,1554672.0,20.25,20.3,20.05,20.05,0.0,48.0
2022-08-29,6218,63264.0,1258770.0,19.9,19.95,19.85,19.85,-0.2,46.0
2022-08-30,6218,38001.0,757421.0,19.75,20.1,19.75,20.0,0.15,21.0
2022-08-31,6218,85220.0,1704640.0,19.9,20.15,19.9,20.1,0.1,56.0
2022-09-01,6218,86410.0,1718323.0,20.15,20.15,19.85,19.85,-0.25,71.0
2022-09-02,6218,84349.0,1677360.0,19.8,20.05,19.8,19.85,0.0,50.0
2022-09-05,6218,126000.0,2517100.0,20.35,20.35,19.9,19.9,0.05,56.0
2022-09-06,6218,123200.0,2443680.0,20.0,20.0,19.7,19.7,-0.2,63.0
2022-09-07,6218,102457.0,1992852.0,19.7,19.7,19.3,19.45,-0.25,78.0
2022-09-08,6218,30201.0,589323.0,19.4,19.55,19.4,19.55,0.1,25.0
2022-09-12,6218,47260.0,931282.0,19.7,19.8,19.6,19.7,0.15,33.0
2022-09-13,6218,43000.0,848950.0,19.75,19.75,19.7,19.75,0.05,23.0
2022-09-14,6218,52539.0,1037953.0,19.7,19.9,19.6,19.85,0.1,29.0
2022-09-15,6218,51476.0,1024847.0,19.85,20.0,19.85,19.9,0.05,33.0
2022-09-16,6218,33760.0,669670.0,19.85,19.9,19.8,19.85,-0.05,37.0
2022-09-19,6218,90772.0,1792915.0,19.8,19.8,19.7,19.75,-0.1,73.0
2022-09-20,6218,105323.0,1988842.0,19.0,19.0,18.75,18.9,0.0,68.0
2022-09-21,6218,45161.0,849698.0,18.8,18.85,18.8,18.8,-0.1,77.0
2022-09-22,6218,63589.0,1181379.0,18.8,18.85,18.4,18.75,-0.05,73.0
2022-09-23,6218,20212.0,378785.0,18.8,18.8,18.7,18.75,0.0,20.0
2022-09-26,6218,62702.0,1158120.0,18.5,18.6,18.35,18.55,-0.2,81.0
2022-09-27,6218,28030.0,518508.0,18.55,18.6,18.4,18.6,0.05,20.0
2022-09-28,6218,82238.0,1494893.0,18.85,18.85,18.0,18.3,-0.3,75.0
2022-09-29,6218,32874.0,599596.0,18.3,18.6,18.1,18.35,0.05,44.0
2022-09-30,6218,16619.0,302185.0,18.35,18.35,17.8,18.2,-0.15,27.0
2022-10-03,6218,24288.0,440612.0,18.2,18.3,18.1,18.1,-0.1,21.0
2022-10-04,6218,25397.0,462375.0,18.2,18.25,18.15,18.25,0.15,28.0
2022-10-05,6218,48005.0,874591.0,18.3,18.55,18.05,18.05,-0.2,33.0
2022-10-06,6218,39017.0,704761.0,18.1,18.1,18.05,18.05,0.0,25.0
2022-10-07,6218,21130.0,381770.0,18.1,18.2,18.05,18.1,0.05,19.0
2022-10-11,6218,38014.0,682142.0,18.0,18.25,17.85,17.9,-0.2,60.0
2022-10-12,6218,26114.0,475330.0,17.95,18.55,17.95,18.2,0.3,21.0
2022-10-13,6218,93115.0,1667614.0,18.1,18.15,17.8,17.8,-0.4,47.0
2022-10-14,6218,57080.0,1040830.0,18.85,18.85,17.95,18.05,0.25,27.0
2022-10-17,6218,77199.0,1373391.0,18.05,18.05,17.6,17.8,-0.25,44.0
2022-10-18,6218,26140.0,468239.0,17.8,18.0,17.8,17.9,0.1,20.0
2022-10-19,6218,39768.0,715790.0,18.0,18.3,17.8,17.8,-0.1,40.0
2022-10-20,6218,30359.0,544118.0,17.8,18.15,17.7,18.0,0.2,22.0
2022-10-21,6218,18460.0,329407.0,18.05,18.05,17.7,17.75,-0.25,28.0
2022-10-24,6218,31110.0,553048.0,17.8,18.15,17.65,17.95,0.2,27.0
2022-10-25,6218,18081.0,321124.0,17.85,17.85,17.7,17.85,-0.1,13.0
2022-10-26,6218,16020.0,286108.0,18.15,18.15,17.7,17.85,0.0,15.0
2022-10-27,6218,49000.0,870100.0,17.75,18.0,17.7,17.8,-0.05,24.0
2022-10-28,6218,10869.0,192604.0,17.7,17.8,17.65,17.7,-0.1,18.0
2022-10-31,6218,21143.0,375844.0,17.9,17.9,17.7,17.8,0.1,23.0
2022-11-01,6218,31792.0,561342.0,17.6,17.75,17.5,17.7,-0.1,38.0
2022-11-02,6218,30002.0,528388.0,17.7,17.8,17.5,17.7,0.0,25.0
2022-11-03,6218,30190.0,534487.0,17.6,17.8,17.6,17.7,0.0,30.0
2022-11-04,6218,10007.0,176925.0,17.65,17.75,17.6,17.7,0.0,10.0
2022-11-07,6218,33100.0,589250.0,17.65,17.9,17.65,17.8,0.1,27.0
2022-11-08,6218,43030.0,765685.0,17.8,18.0,17.7,17.75,-0.05,28.0
2022-11-09,6218,32185.0,572180.0,17.75,17.85,17.7,17.85,0.1,26.0
2022-11-10,6218,39157.0,692322.0,17.75,17.9,17.6,17.7,-0.15,39.0
2022-11-11,6218,27596.0,488019.0,17.75,17.9,17.6,17.65,-0.05,43.0
2022-11-14,6218,28135.0,505681.0,18.25,18.25,17.65,17.95,0.3,22.0
2022-11-15,6218,42101.0,751178.0,18.0,18.0,17.75,17.75,-0.2,33.0
2022-11-16,6218,28000.0,495250.0,17.75,17.75,17.65,17.7,-0.05,23.0
2022-11-17,6218,39888.0,707969.0,17.7,17.8,17.65,17.8,0.1,43.0
2022-11-18,6218,21552.0,384185.0,17.8,17.9,17.75,17.9,0.1,23.0
2022-11-21,6218,36597.0,654695.0,17.9,17.95,17.85,17.9,0.0,26.0
2022-11-22,6218,38048.0,675756.0,17.85,17.85,17.7,17.8,-0.1,43.0
2022-11-23,6218,48479.0,873368.0,18.2,18.6,17.75,17.95,0.15,50.0
2022-11-24,6218,99921.0,1767441.0,17.85,17.9,17.6,17.7,-0.25,92.0
2022-11-25,6218,56080.0,995328.0,17.7,17.9,17.7,17.75,0.05,42.0
2022-11-28,6218,11249.0,198714.0,17.8,17.8,17.65,17.65,-0.1,17.0
2022-11-29,6218,27000.0,480050.0,17.75,17.9,17.7,17.8,0.15,22.0
2022-11-30,6218,22500.0,402142.0,17.8,17.95,17.8,17.95,0.15,22.0
2022-12-01,6218,117302.0,2124503.0,18.1,18.2,18.0,18.2,0.25,59.0
2022-12-02,6218,26568.0,483395.0,18.2,18.25,18.05,18.25,0.05,36.0
2022-12-05,6218,61470.0,1120107.0,18.45,18.45,18.15,18.3,0.05,38.0
2022-12-06,6218,35427.0,648549.0,18.3,18.4,18.2,18.3,0.0,27.0
2022-12-07,6218,26198.0,479351.0,18.3,18.4,18.2,18.25,-0.05,26.0
2022-12-08,6218,28286.0,515609.0,18.2,18.35,18.15,18.35,0.1,29.0
2022-12-09,6218,55313.0,1006176.0,18.35,18.4,18.0,18.2,-0.15,67.0
2022-12-12,6218,7000.0,127100.0,18.2,18.2,18.15,18.15,-0.05,6.0
2022-12-13,6218,33328.0,604091.0,18.2,18.25,18.0,18.25,0.1,32.0
2022-12-14,6218,36541.0,666510.0,18.25,18.35,18.1,18.25,0.0,37.0
2022-12-15,6218,16213.0,295023.0,18.15,18.3,18.15,18.3,0.05,20.0
2022-12-16,6218,6176.0,112373.0,18.2,18.2,18.15,18.2,-0.1,13.0
2022-12-19,6218,46353.0,846976.0,18.2,18.3,18.15,18.3,0.1,31.0
2022-12-20,6218,80083.0,1450264.0,18.3,18.3,18.0,18.05,-0.25,41.0
2022-12-21,6218,12439.0,224580.0,18.05,18.05,18.0,18.0,-0.05,20.0
2022-12-22,6218,20188.0,364555.0,18.1,18.1,18.0,18.1,0.1,20.0
2022-12-23,6218,8607.0,155669.0,18.1,18.1,18.0,18.05,-0.05,14.0
2022-12-26,6218,27000.0,490150.0,18.15,18.2,18.1,18.2,0.15,14.0
2022-12-27,6218,15748.0,286249.0,18.25,18.25,18.15,18.15,-0.05,26.0
2022-12-28,6218,24190.0,436409.0,18.15,18.15,18.0,18.1,-0.05,35.0
2022-12-29,6218,18021.0,326029.0,17.95,18.2,17.95,18.1,0.0,19.0
2022-12-30,6218,24073.0,434696.0,18.1,18.2,18.0,18.1,0.0,22.0
2023-01-03,6218,28407.0,513102.0,18.0,18.2,18.0,18.1,0.0,31.0
2023-01-04,6218,29002.0,523300.0,18.0,18.2,18.0,18.1,0.0,26.0
2023-01-05,6218,45412.0,819025.0,18.15,18.15,18.0,18.05,-0.05,35.0
2023-01-06,6218,45375.0,816529.0,18.05,18.05,17.95,18.05,0.0,24.0
2023-01-09,6218,29430.0,532929.0,18.1,18.2,18.05,18.2,0.15,28.0
2023-01-10,6218,190213.0,3398554.0,18.15,18.15,17.75,17.95,-0.25,365.0
2023-01-11,6218,36035.0,651530.0,18.2,18.2,18.0,18.05,0.1,167.0
2023-01-12,6218,23507.0,423622.0,18.05,18.05,17.9,18.0,-0.05,76.0
2023-01-13,6218,44287.0,795486.0,18.05,18.1,17.85,17.9,-0.1,109.0
2023-01-16,6218,31206.0,557252.0,17.9,17.95,17.75,17.95,0.05,56.0
2023-01-17,6218,20335.0,363102.0,17.85,17.95,17.8,17.95,0.0,55.0
2023-01-30,6218,38099.0,683725.0,17.95,18.0,17.85,17.9,-0.05,62.0
2023-01-31,6218,50938.0,911118.0,17.9,17.9,17.8,17.9,0.0,122.0
2023-02-01,6218,21622.0,389079.0,17.95,18.05,17.9,18.05,0.15,45.0
2023-02-02,6218,94428.0,1695384.0,17.95,18.1,17.85,18.05,0.0,117.0
2023-02-03,6218,22801.0,412626.0,18.2,18.2,18.05,18.15,0.1,46.0
2023-02-06,6218,157045.0,2943487.0,18.15,19.2,18.15,18.55,0.4,146.0
2023-02-07,6218,54358.0,1003033.0,18.5,18.55,18.35,18.35,-0.2,131.0
2023-02-08,6218,44140.0,811201.0,18.4,18.6,18.35,18.4,0.05,28.0
2023-02-09,6218,186360.0,3424692.0,18.25,18.7,17.8,18.6,0.2,491.0
2023-02-10,6218,166454.0,3106167.0,18.8,18.8,18.5,18.7,0.1,556.0
2023-02-13,6218,60398.0,1126545.0,18.7,18.7,18.5,18.65,-0.05,118.0
2023-02-14,6218,28535.0,534009.0,18.85,18.85,18.65,18.7,0.05,48.0
2023-02-15,6218,96278.0,1804376.0,18.6,18.9,18.6,18.7,0.0,207.0
2023-02-16,6218,43211.0,808141.0,18.7,18.75,18.65,18.65,-0.05,89.0
2023-02-17,6218,61076.0,1148650.0,18.7,18.9,18.7,18.75,0.1,62.0
2023-02-20,6218,146874.0,2738586.0,18.65,18.85,18.4,18.85,0.1,277.0
2023-02-21,6218,102256.0,1922281.0,18.9,18.9,18.55,18.9,0.05,216.0
2023-02-22,6218,31180.0,584873.0,18.9,18.9,18.7,18.9,0.0,125.0
2023-02-23,6218,89412.0,1692171.0,18.7,19.0,18.7,18.9,0.0,101.0
2023-02-24,6218,42233.0,792493.0,19.0,19.0,18.6,18.85,-0.05,136.0
2023-03-01,6218,19729.0,371147.0,18.95,18.95,18.7,18.8,-0.05,54.0
2023-03-02,6218,51722.0,964593.0,18.65,18.8,18.55,18.65,-0.15,87.0
2023-03-03,6218,55736.0,1039194.0,18.6,18.75,18.6,18.65,0.0,117.0
2023-03-06,6218,120918.0,2251515.0,18.6,18.7,18.55,18.6,-0.05,172.0
2023-03-07,6218,81325.0,1514919.0,18.6,18.75,18.55,18.75,0.15,114.0
2023-03-08,6218,43822.0,825194.0,18.9,18.9,18.75,18.8,0.05,67.0
2023-03-09,6218,145668.0,2754354.0,18.8,19.0,18.8,18.85,0.05,119.0
2023-03-10,6218,55652.0,1045157.0,18.95,18.95,18.65,18.65,-0.2,109.0
2023-03-13,6218,47204.0,872397.0,18.65,18.75,18.3,18.55,-0.1,103.0
2023-03-14,6218,48300.0,881957.0,18.1,18.3,18.1,18.25,-0.3,157.0
2023-03-15,6218,30248.0,554036.0,18.3,18.3,18.25,18.3,0.05,69.0
2023-03-16,6218,32921.0,600902.0,18.2,18.3,18.2,18.25,-0.05,80.0
2023-03-17,6218,26746.0,491198.0,18.45,18.5,18.3,18.35,0.1,97.0
2023-03-20,6218,20701.0,380333.0,18.3,18.4,18.3,18.35,0.0,42.0
2023-03-21,6218,138314.0,2597214.0,18.5,19.1,18.45,18.65,0.3,123.0
2023-03-22,6218,87499.0,1649489.0,19.0,19.0,18.65,18.7,0.05,80.0
2023-03-23,6218,18869.0,354161.0,18.55,18.95,18.55,18.8,0.1,33.0
2023-03-24,6218,24031.0,452065.0,18.95,18.95,18.75,18.8,0.0,40.0
2023-03-27,6218,25833.0,486789.0,18.8,18.85,18.75,18.85,0.05,96.0
2023-03-28,6218,20520.0,384261.0,18.85,18.85,18.6,18.8,-0.05,75.0
2023-03-29,6218,142879.0,2638305.0,18.45,18.75,18.25,18.55,-0.25,613.0
2023-03-30,6218,19640.0,366498.0,18.55,18.75,18.55,18.65,0.1,68.0
2023-03-31,6218,58706.0,1085535.0,18.5,18.65,18.4,18.55,-0.1,224.0
2023-04-06,6218,52203.0,963545.0,18.35,18.6,18.25,18.5,-0.05,140.0
2023-04-07,6218,60901.0,1126127.0,18.6,18.65,18.4,18.5,0.0,109.0
2023-04-10,6218,36131.0,670352.0,18.65,18.65,18.4,18.6,0.1,63.0
2023-04-11,6218,43168.0,801561.0,18.6,18.6,18.5,18.6,0.0,208.0
2023-04-12,6218,852688.0,16855561.0,20.2,20.3,19.4,19.6,1.0,569.0
2023-04-13,6218,596330.0,11869546.0,19.95,20.2,19.5,19.7,0.1,421.0
2023-04-14,6218,255115.0,5035088.0,19.9,20.1,19.6,19.8,0.1,172.0
2023-04-17,6218,1537529.0,32029426.0,19.8,21.7,19.8,21.45,1.65,744.0
2023-04-18,6218,3330085.0,74264435.0,21.95,23.3,21.3,22.05,0.6,1817.0
2023-04-19,6218,1225274.0,26784078.0,22.05,22.45,21.35,22.0,-0.05,651.0
2023-04-20,6218,10243853.0,244195601.0,23.1,24.2,22.7,24.2,2.2,4194.0
2023-04-21,6218,11354824.0,289359475.0,25.3,26.25,24.65,25.45,1.25,5803.0
2023-04-24,6218,3335662.0,83055486.0,25.2,25.8,24.05,24.7,-0.75,1982.0
2023-04-25,6218,9074207.0,238087563.0,26.8,27.15,25.2,25.5,0.8,4225.0
2023-04-26,6218,2466131.0,61776293.0,24.5,25.75,24.5,25.0,-0.5,1471.0
2023-04-27,6218,3227548.0,83004743.0,25.5,26.7,24.8,24.8,-0.2,1960.0
2023-04-28,6218,1828264.0,44862717.0,25.2,25.3,24.1,24.2,-0.6,1179.0
2023-05-02,6218,2324761.0,58476916.0,24.6,25.8,24.5,25.0,0.8,1323.0
2023-05-03,6218,880566.0,21946270.0,24.8,25.4,24.6,24.75,-0.25,623.0
2023-05-04,6218,5896770.0,157816473.0,25.5,27.2,25.4,27.2,2.45,2598.0
2023-05-05,6218,11049718.0,303208788.0,27.75,28.8,26.5,27.0,-0.2,6398.0
2023-05-08,6218,2529646.0,67764022.0,27.5,27.7,26.25,26.35,-0.65,1660.0
2023-05-09,6218,3922167.0,95769612.0,25.6,25.95,23.75,23.9,-2.45,2451.0
2023-05-10,6218,3061964.0,79253583.0,25.9,26.25,25.15,26.25,2.35,1584.0
2023-05-11,6218,10357572.0,274505839.0,26.8,27.25,25.3,26.65,0.4,5386.0
2023-05-12,6218,11550083.0,320882179.0,25.8,28.95,25.8,27.8,1.15,6787.0
2023-05-15,6218,12041426.0,347312413.0,27.4,30.3,27.3,28.15,0.35,7430.0
2023-05-16,6218,6656258.0,182895865.0,27.85,28.9,26.0,26.65,-1.5,4037.0
2023-05-17,6218,4240294.0,114347615.0,26.6,27.5,26.5,27.15,0.5,2615.0
2023-05-18,6218,10674398.0,303910459.0,27.45,29.3,27.25,28.15,1.0,6821.0
2023-05-19,6218,5640923.0,157126501.0,28.4,29.0,26.65,27.4,-0.75,3437.0
2023-05-22,6218,1864816.0,50863592.0,27.65,27.65,27.0,27.2,-0.2,1129.0
2023-05-23,6218,3323345.0,92044569.0,27.5,28.4,27.2,27.35,0.15,2151.0
2023-05-24,6218,1725565.0,46533607.0,27.35,27.45,26.75,26.95,-0.4,1080.0
2023-05-25,6218,1478162.0,39882314.0,27.4,27.7,26.65,26.7,-0.25,915.0
2023-05-26,6218,1906793.0,51788102.0,27.2,27.85,26.8,26.95,0.25,1148.0
2023-05-29,6218,5940994.0,168256258.0,27.4,29.35,26.85,29.0,2.05,3571.0
2023-05-30,6218,7814828.0,226854856.0,29.2,29.9,28.1,28.1,-0.9,4958.0
2023-05-31,6218,2043358.0,56909317.0,27.8,28.4,27.6,27.85,-0.25,1342.0
2023-06-01,6218,1574712.0,43852769.0,27.75,28.25,27.35,27.9,0.05,1037.0
2023-06-02,6218,4410273.0,127331448.0,28.2,29.45,28.2,28.3,0.4,2813.0
2023-06-05,6218,8685204.0,258831310.0,28.9,31.0,28.6,29.65,1.35,4777.0
2023-06-06,6218,5875110.0,176739291.0,29.5,30.8,29.1,30.5,0.85,3570.0
2023-06-07,6218,12143848.0,382178621.0,31.0,33.5,30.25,30.5,0.0,7018.0
2023-06-08,6218,4442771.0,130353699.0,30.5,30.5,28.6,28.7,-1.8,2619.0
2023-06-09,6218,2784948.0,78441975.0,28.05,28.5,28.0,28.1,-0.6,1646.0
2023-06-12,6218,2688220.0,73214667.0,28.2,28.2,26.8,26.8,-1.3,1623.0
2023-06-13,6218,6366853.0,181446239.0,27.05,29.05,27.05,28.35,1.55,3499.0
2023-06-14,6218,1752975.0,49659068.0,28.45,28.7,27.95,28.45,0.1,1296.0
2023-06-15,6218,2583438.0,74963515.0,28.65,29.55,28.45,28.8,0.35,1736.0
2023-06-16,6218,1177928.0,33682517.0,29.0,29.25,28.2,28.2,-0.6,838.0
2023-06-19,6218,590506.0,16705580.0,28.6,28.6,28.1,28.3,0.1,461.0
2023-06-20,6218,2037161.0,58419522.0,28.8,29.3,28.05,28.2,-0.1,1497.0
2023-06-21,6218,1811422.0,52252776.0,28.5,29.15,28.3,28.65,0.45,1098.0
2023-06-26,6218,1409345.0,39720617.0,28.8,29.0,27.7,27.7,-0.95,925.0
2023-06-27,6218,1594077.0,42903213.0,27.55,27.9,26.4,26.7,-1.0,1054.0
2023-06-28,6218,649086.0,17560587.0,27.0,27.5,26.7,26.75,0.05,454.0
2023-06-29,6218,503901.0,13568006.0,27.05,27.2,26.6,26.85,0.1,303.0
2023-06-30,6218,546315.0,14655348.0,26.9,27.1,26.5,26.9,0.05,383.0
2023-07-03,6218,989510.0,27123618.0,27.6,27.7,26.9,27.7,0.8,593.0
2023-07-04,6218,951661.0,25960737.0,27.8,27.9,26.85,27.25,-0.45,476.0
2023-07-05,6218,472643.0,12915080.0,27.1,27.55,27.1,27.15,-0.1,278.0
2023-07-06,6218,651616.0,17673871.0,27.5,27.5,26.75,26.9,-0.25,483.0
2023-07-07,6218,656578.0,17730311.0,27.0,27.5,26.4,26.9,0.0,452.0
2023-07-10,6218,1053830.0,27577539.0,26.9,27.2,25.6,25.6,-1.3,664.0
2023-07-11,6218,1405605.0,39503568.0,27.9,28.15,27.8,28.15,2.55,522.0
2023-07-12,6218,11387620.0,335236029.0,29.25,30.2,28.6,29.05,0.9,6645.0
2023-07-13,6218,4053922.0,116877545.0,28.8,29.45,28.2,29.4,0.35,2313.0
2023-07-14,6218,3295181.0,97325252.0,29.1,29.9,29.05,29.75,0.35,1983.0
2023-07-17,6218,7126705.0,217092741.0,30.2,31.5,29.8,30.3,0.55,4451.0
2023-07-18,6218,16830213.0,535581155.0,30.05,33.0,30.0,33.0,2.7,8096.0
2023-07-19,6218,11161728.0,353266856.0,34.0,34.8,29.8,29.85,-3.15,6726.0
2023-07-20,6218,3005929.0,88059013.0,29.2,30.1,28.6,29.75,-0.1,1782.0
2023-07-21,6218,1655127.0,48660511.0,29.15,29.85,28.9,29.7,-0.05,1036.0
2023-07-24,6218,4384277.0,136264172.0,30.0,32.2,29.1,31.95,2.25,2753.0
2023-07-25,6218,5776357.0,186282382.0,32.2,32.95,31.5,32.45,0.5,3410.0
2023-07-26,6218,2756804.0,87383351.0,32.9,32.9,30.75,30.75,-1.7,1694.0
2023-07-27,6218,2370265.0,74766867.0,31.25,32.15,30.5,31.35,0.6,1605.0
2023-07-28,6218,10875461.0,361706728.0,31.4,34.45,30.55,34.45,3.1,5510.0
2023-07-31,6218,4979123.0,187201246.0,37.6,37.85,36.6,37.85,3.4,2153.0
2023-08-01,6218,18872796.0,689145945.0,38.8,39.9,34.1,34.1,-3.75,10198.0
2023-08-02,6218,7989819.0,254886973.0,34.1,34.1,30.7,30.7,-3.4,4499.0
2023-08-04,6218,3122350.0,95078983.0,30.05,31.7,29.7,31.25,0.55,1888.0
2023-08-07,6218,2039535.0,62990776.0,31.3,31.35,30.0,31.15,-0.1,1361.0
2023-08-08,6218,2155180.0,66502247.0,31.3,31.7,30.3,30.3,-0.85,1228.0
2023-08-09,6218,3318330.0,94432609.0,28.0,29.1,28.0,28.2,-2.1,1928.0
2023-08-10,6218,1849817.0,51385561.0,28.2,28.65,27.15,27.25,-0.95,1148.0
2023-08-11,6218,978183.0,26476616.0,28.0,28.0,26.7,26.75,-0.5,653.0
2023-08-14,6218,1000044.0,26499761.0,26.75,27.1,26.05,26.1,-0.65,683.0
2023-08-15,6218,911958.0,24581254.0,27.0,27.35,26.55,26.7,0.6,526.0
2023-08-16,6218,753982.0,19949335.0,26.7,26.95,25.8,26.6,-0.1,508.0
2023-08-17,6218,864558.0,23429878.0,26.9,27.6,26.1,27.4,0.8,594.0
2023-08-18,6218,876003.0,23738182.0,27.35,27.9,26.6,26.65,-0.75,580.0
2023-08-21,6218,670366.0,18065508.0,27.0,27.35,26.7,27.1,0.45,330.0
2023-08-22,6218,489207.0,13117076.0,27.0,27.4,26.5,26.7,-0.4,350.0
2023-08-23,6218,2865441.0,80864196.0,26.7,28.7,26.65,28.2,1.5,1664.0
2023-08-24,6218,1229600.0,34272776.0,28.25,28.5,27.35,27.6,-0.6,774.0
2023-08-25,6218,596930.0,16491183.0,27.0,28.0,27.0,27.7,0.1,397.0
2023-08-28,6218,750381.0,20418393.0,28.0,28.1,26.7,26.75,-0.95,472.0
2023-08-29,6218,410259.0,11081380.0,26.75,27.45,26.75,27.0,0.25,264.0
2023-08-30,6218,396446.0,10765554.0,27.0,27.45,26.8,27.35,0.35,287.0
2023-08-31,6218,327556.0,8910393.0,27.15,27.45,27.05,27.2,-0.15,229.0
2023-09-01,6218,266063.0,7273087.0,27.1,27.5,27.1,27.3,0.1,210.0
2023-09-04,6218,454693.0,12558896.0,27.3,27.85,27.2,27.75,0.45,356.0
2023-09-05,6218,527392.0,14846453.0,27.9,28.3,27.9,28.2,0.45,379.0
2023-09-06,6218,487248.0,13513657.0,28.2,28.2,27.55,27.55,-0.65,470.0
2023-09-07,6218,261701.0,7237017.0,27.55,27.8,27.5,27.75,0.2,181.0
2023-09-08,6218,348966.0,9608460.0,27.75,27.95,27.2,27.25,-0.5,267.0
2023-09-11,6218,1021473.0,28770748.0,28.3,28.75,27.8,28.2,0.95,709.0
2023-09-12,6218,559800.0,15555248.0,27.95,28.0,27.65,27.7,-0.5,390.0
2023-09-13,6218,375524.0,10460525.0,27.6,28.1,27.55,27.95,0.25,244.0
2023-09-14,6218,2208642.0,64489242.0,28.05,29.8,27.95,29.8,1.85,1398.0
2023-09-15,6218,1388953.0,40442892.0,29.8,29.85,28.7,28.75,-1.05,994.0
2023-09-18,6218,414581.0,11914360.0,28.8,29.15,28.3,28.6,-0.15,337.0
2023-09-19,6218,553747.0,15722265.0,28.65,28.95,27.85,28.5,-0.1,409.0
2023-09-20,6218,342549.0,9766250.0,28.6,29.0,28.1,28.15,-0.35,220.0
2023-09-21,6218,601751.0,16640060.0,28.2,28.2,27.3,27.5,-0.65,370.0
2023-09-22,6218,385183.0,10780985.0,27.5,28.45,27.4,28.25,0.75,258.0
2023-09-25,6218,231552.0,6552270.0,28.6,28.6,28.1,28.3,0.05,139.0
2023-09-26,6218,184001.0,5130773.0,28.3,28.45,27.7,27.7,-0.6,230.0
2023-09-27,6218,287174.0,7893209.0,27.75,27.75,27.3,27.5,-0.2,165.0
2023-09-28,6218,325047.0,9117597.0,27.5,28.35,27.5,28.15,0.65,248.0
2023-10-02,6218,449476.0,12818140.0,28.3,28.75,28.2,28.5,0.35,321.0
2023-10-03,6218,205511.0,5810206.0,28.5,28.65,28.05,28.1,-0.4,181.0
2023-10-04,6218,408203.0,11214218.0,28.1,28.1,27.0,27.5,-0.6,299.0
2023-10-05,6218,280359.0,7798318.0,27.55,28.1,27.55,27.8,0.3,192.0
2023-10-06,6218,262090.0,7374830.0,27.9,28.3,27.9,28.1,0.3,187.0
2023-10-11,6218,1232305.0,31488166.0,26.5,26.85,25.3,25.3,-2.8,846.0
2023-10-12,6218,731713.0,17971454.0,25.0,25.1,24.2,24.75,-0.55,460.0
2023-10-13,6218,447770.0,10902304.0,24.9,24.9,24.25,24.25,-0.5,360.0
2023-10-16,6218,220886.0,5329475.0,24.15,24.45,24.0,24.0,-0.25,177.0
2023-10-17,6218,269202.0,6472009.0,24.05,24.45,23.8,23.8,-0.2,193.0
2023-10-18,6218,542423.0,12502464.0,24.0,24.0,22.8,23.0,-0.8,390.0
2023-10-19,6218,240039.0,5569322.0,22.9,23.45,22.9,23.3,0.3,180.0
2023-10-20,6218,231819.0,5296846.0,23.4,23.4,22.6,22.75,-0.55,189.0
2023-10-23,6218,152602.0,3546924.0,22.75,23.8,22.75,22.95,0.2,154.0
2023-10-24,6218,129887.0,3022767.0,23.15,23.5,22.95,23.4,0.45,126.0
2023-10-25,6218,161896.0,3804253.0,23.65,23.8,23.3,23.35,-0.05,141.0
2023-10-26,6218,150076.0,3454803.0,23.3,23.3,22.85,22.85,-0.5,155.0
2023-10-27,6218,148808.0,3427474.0,23.05,23.3,22.85,23.05,0.2,126.0
2023-10-30,6218,63636.0,1469144.0,23.1,23.25,23.0,23.15,0.1,73.0
2023-10-31,6218,320047.0,7231367.0,23.25,23.35,22.2,22.35,-0.8,235.0
2023-11-01,6218,138086.0,3108071.0,22.35,22.8,22.3,22.6,0.25,104.0
2023-11-02,6218,105980.0,2434966.0,22.65,23.15,22.65,22.85,0.25,97.0
2023-11-03,6218,171505.0,4019281.0,23.1,23.85,23.1,23.35,0.5,148.0
2023-11-06,6218,289367.0,6909999.0,23.45,24.3,23.45,24.0,0.65,205.0
2023-11-07,6218,103106.0,2471140.0,24.2,24.2,23.8,23.8,-0.2,102.0
2023-11-08,6218,156567.0,3719936.0,23.9,24.1,23.5,23.85,0.05,138.0
2023-11-09,6218,204175.0,4743874.0,23.8,23.8,22.85,22.85,-1.0,200.0
2023-11-10,6218,176954.0,3998319.0,22.8,22.95,22.4,22.5,-0.35,163.0
2023-11-13,6218,99406.0,2264498.0,22.75,23.0,22.65,22.8,0.3,79.0
2023-11-14,6218,87808.0,2018543.0,22.9,23.15,22.85,23.1,0.3,94.0
2023-11-15,6218,228860.0,5296515.0,23.3,23.4,22.95,23.05,-0.05,183.0
2023-11-16,6218,115935.0,2682832.0,23.35,23.45,22.95,23.0,-0.05,160.0
2023-11-17,6218,221524.0,5205229.0,23.0,23.75,23.0,23.7,0.7,194.0
2023-11-20,6218,181936.0,4300527.0,23.8,23.9,23.5,23.55,-0.15,146.0
2023-11-21,6218,197458.0,4690709.0,23.85,23.9,23.6,23.65,0.1,141.0
2023-11-22,6218,292272.0,7048729.0,23.7,24.55,23.7,24.05,0.4,203.0
2023-11-23,6218,219103.0,5269250.0,24.3,24.5,23.7,23.75,-0.3,198.0
2023-11-24,6218,64674.0,1532038.0,23.75,23.9,23.6,23.6,-0.15,64.0
2023-11-27,6218,208042.0,4826720.0,23.6,23.65,22.95,23.0,-0.6,163.0
2023-11-28,6218,145300.0,3422708.0,23.0,23.9,23.0,23.75,0.75,127.0
2023-11-29,6218,166135.0,3975936.0,23.85,24.25,23.7,23.75,0.0,139.0
2023-11-30,6218,119763.0,2835045.0,23.85,23.9,23.3,23.7,-0.05,119.0
2023-12-01,6218,180538.0,4334113.0,23.95,24.15,23.7,24.0,0.3,147.0
2023-12-04,6218,102884.0,2474516.0,24.1,24.3,23.95,23.95,-0.05,132.0
2023-12-05,6218,137746.0,3260668.0,23.95,23.95,23.55,23.65,-0.3,119.0
2023-12-06,6218,256780.0,6175795.0,23.75,24.2,23.75,24.0,0.35,183.0
2023-12-07,6218,203691.0,4901130.0,24.2,24.3,23.85,24.0,0.0,148.0
2023-12-08,6218,223725.0,5351677.0,23.85,24.2,23.85,23.9,-0.1,144.0
2023-12-11,6218,132457.0,3145549.0,23.9,23.9,23.65,23.65,-0.25,111.0
2023-12-12,6218,160357.0,3780114.0,23.7,23.75,23.4,23.5,-0.15,128.0
2023-12-13,6218,86640.0,2044963.0,23.65,23.75,23.5,23.65,0.15,82.0
2023-12-14,6218,203063.0,4793153.0,23.7,23.85,23.4,23.65,0.0,138.0
2023-12-15,6218,95588.0,2254068.0,23.85,23.85,23.45,23.55,-0.1,89.0
2023-12-18,6218,104448.0,2466004.0,23.5,23.7,23.5,23.6,0.05,85.0
2023-12-19,6218,105818.0,2468378.0,23.6,23.65,23.05,23.25,-0.35,115.0
2023-12-20,6218,107898.0,2515527.0,23.3,23.45,23.2,23.35,0.1,89.0
2023-12-21,6218,54824.0,1273654.0,23.25,23.3,23.1,23.3,-0.05,88.0
2023-12-22,6218,66366.0,1538381.0,23.3,23.35,23.1,23.1,-0.2,55.0
2023-12-25,6218,93438.0,2149479.0,23.15,23.15,22.85,22.9,-0.2,94.0
2023-12-26,6218,134541.0,3091468.0,22.9,23.35,22.75,23.0,0.1,118.0
2023-12-27,6218,92191.0,2111997.0,23.0,23.0,22.8,22.85,-0.15,106.0
2023-12-28,6218,81671.0,1892164.0,23.35,23.35,23.0,23.0,0.15,84.0
2023-12-29,6218,63920.0,1474556.0,23.0,23.2,23.0,23.1,0.1,71.0
2024-01-02,6218,89203.0,2074822.0,23.15,23.45,23.1,23.3,0.2,77.0
2024-01-03,6218,127732.0,2999972.0,23.75,23.75,23.35,23.55,0.25,90.0
2024-01-04,6218,87046.0,2037674.0,23.55,23.55,23.3,23.35,-0.2,83.0
2024-01-05,6218,71971.0,1687797.0,23.2,23.7,23.2,23.4,0.05,69.0
2024-01-08,6218,76925.0,1816622.0,23.5,23.8,23.5,23.55,0.15,80.0
2024-01-09,6218,365003.0,8296287.0,23.3,23.3,22.35,22.4,-1.15,300.0
2024-01-10,6218,132803.0,2944714.0,22.75,22.75,21.85,21.95,-0.45,171.0
2024-01-11,6218,155125.0,3388791.0,21.95,22.05,21.7,21.85,-0.1,142.0
2024-01-12,6218,335066.0,7210751.0,21.8,21.8,21.1,21.3,-0.55,435.0
2024-01-15,6218,654650.0,15149962.0,21.4,23.4,21.4,23.4,2.1,445.0
2024-01-16,6218,1048202.0,24442605.0,24.0,24.1,22.5,22.5,-0.9,808.0
2024-01-17,6218,204928.0,4694910.0,22.65,23.2,22.55,22.9,0.4,182.0
2024-01-18,6218,108195.0,2437507.0,22.9,23.0,22.4,22.4,-0.5,128.0
2024-01-19,6218,2702539.0,65835757.0,22.6,24.6,22.6,24.6,2.2,1321.0
2024-01-22,6218,3678236.0,99195763.0,26.9,27.05,26.2,27.05,2.45,1583.0
2024-01-23,6218,3383781.0,87519519.0,26.35,26.85,25.15,25.6,-1.45,2175.0
2024-01-24,6218,1852585.0,48026895.0,25.3,26.6,25.3,25.35,-0.25,1103.0
2024-01-25,6218,1728352.0,44680378.0,25.8,26.55,25.35,25.4,0.05,1111.0
2024-01-26,6218,920876.0,22887833.0,25.8,25.8,24.2,24.4,-1.0,704.0
2024-01-29,6218,1305825.0,33291945.0,24.6,26.3,24.6,25.4,1.0,876.0
2024-01-30,6218,503447.0,12692995.0,25.5,25.8,24.95,25.25,-0.15,347.0
2024-01-31,6218,2060888.0,52620851.0,25.25,25.9,25.0,25.05,-0.2,1092.0
2024-02-01,6218,304741.0,7595187.0,25.1,25.2,24.8,24.8,-0.25,256.0
2024-02-02,6218,312224.0,7684968.0,24.95,25.1,24.3,24.4,-0.4,240.0
2024-02-05,6218,329916.0,7862423.0,24.2,24.35,23.5,23.6,-0.8,295.0
2024-02-15,6218,1111819.0,28449148.0,25.3,25.95,24.3,25.95,2.35,665.0
2024-02-16,6218,3076574.0,83405550.0,27.6,28.4,26.35,27.0,1.05,1773.0
2024-02-19,6218,811880.0,21742206.0,27.05,27.3,26.55,26.55,-0.45,641.0
2024-02-20,6218,703859.0,18813204.0,26.85,27.2,26.4,26.45,-0.1,548.0
2024-02-21,6218,887914.0,24051132.0,26.6,27.65,26.45,27.2,0.75,651.0
2024-02-22,6218,690148.0,18516734.0,27.35,27.6,26.4,26.5,-0.7,544.0
2024-02-23,6218,5914208.0,168646434.0,26.8,29.15,26.65,29.15,2.65,2717.0
2024-02-26,6218,6065408.0,174893811.0,29.45,29.5,28.0,29.05,-0.1,3415.0
2024-02-27,6218,12233459.0,371872593.0,28.95,31.45,28.65,30.0,0.95,6493.0
2024-02-29,6218,2398580.0,71216619.0,30.0,30.4,29.25,29.6,-0.4,1598.0
2024-03-01,6218,1919791.0,55126231.0,29.5,29.85,28.2,28.2,-1.4,1276.0
2024-03-04,6218,6546926.0,200022094.0,28.85,31.0,28.4,30.85,2.65,3957.0
2024-03-05,6218,2307645.0,68981594.0,30.5,30.5,29.6,29.65,-1.2,1602.0
2024-03-06,6218,1400842.0,41874455.0,29.65,30.6,29.1,29.7,0.05,988.0
2024-03-07,6218,1447721.0,41763901.0,29.85,30.0,28.1,28.55,-1.15,1064.0
2024-03-08,6218,2289532.0,67112823.0,29.8,30.35,28.25,28.25,-0.3,1577.0
2024-03-11,6218,428564.0,12134379.0,27.8,28.7,27.8,28.2,-0.05,448.0
2024-03-12,6218,503815.0,14521066.0,28.4,29.15,28.25,28.75,0.55,454.0
2024-03-13,6218,732341.0,20655786.0,29.4,29.4,27.6,27.7,-1.05,616.0
2024-03-14,6218,580002.0,15713707.0,27.7,27.75,26.8,26.85,-0.85,619.0
2024-03-15,6218,597134.0,15851445.0,26.8,27.3,26.1,26.25,-0.6,440.0
2024-03-18,6218,281702.0,7537661.0,26.8,27.4,26.4,26.95,0.7,214.0
2024-03-19,6218,217570.0,5903545.0,27.1,27.3,26.95,27.15,0.2,177.0
2024-03-20,6218,307707.0,8234244.0,27.4,27.4,26.45,26.45,-0.7,286.0
2024-03-21,6218,250705.0,6718497.0,26.5,26.95,26.5,26.95,0.5,179.0
2024-03-22,6218,285002.0,7708830.0,26.95,27.35,26.75,27.35,0.4,204.0
2024-03-25,6218,241269.0,6614351.0,27.6,27.7,27.1,27.35,0.0,221.0
2024-03-26,6218,424052.0,11363896.0,27.6,27.7,26.45,26.5,-0.85,338.0
2024-03-27,6218,160765.0,4312266.0,26.6,27.0,26.55,26.9,0.4,128.0
2024-03-28,6218,106352.0,2866985.0,27.0,27.15,26.75,26.9,0.0,88.0
2024-03-29,6218,166932.0,4454476.0,26.95,27.0,26.55,26.65,-0.25,150.0
2024-04-01,6218,85281.0,2296129.0,26.8,27.05,26.75,26.9,0.25,76.0
2024-04-02,6218,136490.0,3661982.0,26.95,27.0,26.75,26.9,0.0,113.0
2024-04-03,6218,182260.0,4829255.0,26.75,26.75,26.35,26.4,-0.5,159.0
2024-04-08,6218,121021.0,3255277.0,26.7,27.05,26.6,27.05,0.65,107.0
2024-04-09,6218,282285.0,7596265.0,26.5,27.2,26.5,27.2,0.15,254.0
2024-04-10,6218,1145840.0,31742393.0,28.25,29.2,26.35,26.35,-0.85,637.0
2024-04-11,6218,527417.0,14054546.0,26.6,26.95,26.4,26.45,0.1,346.0
2024-04-12,6218,514258.0,14023011.0,26.9,27.75,26.7,27.5,1.05,350.0
2024-04-15,6218,256093.0,6969376.0,27.55,27.6,26.9,27.4,-0.1,263.0
2024-04-16,6218,348176.0,9217376.0,27.45,27.45,26.1,26.1,-1.3,374.0
2024-04-17,6218,145398.0,3823471.0,26.25,26.5,26.1,26.1,0.0,143.0
2024-04-18,6218,261084.0,6754403.0,26.1,26.15,25.65,25.85,-0.25,213.0
2024-04-19,6218,372759.0,9369994.0,25.75,25.75,24.35,24.75,-1.1,315.0
2024-04-22,6218,132322.0,3278616.0,25.1,25.2,24.45,24.45,-0.3,146.0
2024-04-23,6218,71096.0,1754710.0,24.75,24.95,24.45,24.95,0.5,73.0
2024-04-24,6218,92299.0,2325104.0,25.0,25.3,25.0,25.15,0.2,82.0
2024-04-25,6218,66557.0,1665855.0,25.15,25.25,24.9,24.9,-0.25,114.0
2024-04-26,6218,138778.0,3526678.0,25.1,25.6,25.1,25.35,0.45,92.0
2024-04-29,6218,173512.0,4505477.0,25.5,26.4,25.5,26.15,0.8,129.0
2024-04-30,6218,78005.0,2014033.0,25.9,26.0,25.7,25.85,-0.3,93.0
2024-05-02,6218,101670.0,2629278.0,25.85,26.05,25.5,26.0,0.15,79.0
2024-05-03,6218,172351.0,4489321.0,26.15,26.3,25.95,26.1,0.1,93.0
2024-05-06,6218,139380.0,3675190.0,26.15,26.5,26.1,26.35,0.25,124.0
2024-05-07,6218,129863.0,3436317.0,26.5,26.75,26.25,26.5,0.15,133.0
2024-05-08,6218,541919.0,13904020.0,26.65,26.7,24.6,24.85,-1.65,480.0
2024-05-09,6218,244415.0,6014136.0,24.55,25.0,24.45,24.45,-0.4,226.0
2024-05-10,6218,112522.0,2752817.0,24.5,24.75,24.35,24.55,0.1,100.0
2024-05-13,6218,57323.0,1408442.0,24.85,24.85,24.45,24.55,0.0,54.0
2024-05-14,6218,52226.0,1293150.0,24.6,24.9,24.6,24.7,0.15,47.0
2024-05-15,6218,80657.0,2001106.0,25.0,25.0,24.7,24.7,0.0,91.0
2024-05-16,6218,119636.0,2952600.0,25.0,25.0,24.45,24.55,-0.15,98.0
2024-05-17,6218,176530.0,4384070.0,24.55,25.3,24.5,24.75,0.2,116.0
2024-05-20,6218,53291.0,1315212.0,25.1,25.1,24.5,24.7,-0.05,80.0
2024-05-21,6218,133987.0,3354523.0,24.95,25.25,24.8,25.0,0.3,107.0
2024-05-22,6218,146545.0,3671921.0,24.95,25.25,24.8,25.0,0.0,132.0
2024-05-23,6218,115001.0,2863680.0,25.1,25.1,24.8,24.8,-0.2,114.0
2024-05-24,6218,85414.0,2129755.0,24.5,25.2,24.5,24.85,0.05,82.0
2024-05-27,6218,127025.0,3163057.0,24.85,25.15,24.75,24.8,-0.05,131.0
2024-05-28,6218,197735.0,4997527.0,24.85,25.55,24.85,25.3,0.5,162.0
2024-05-29,6218,231424.0,5943249.0,25.4,25.9,25.25,25.55,0.25,210.0
2024-05-30,6218,117164.0,2970893.0,25.5,25.9,25.0,25.0,-0.55,142.0
2024-05-31,6218,102306.0,2567210.0,25.35,25.35,25.0,25.05,0.05,101.0
2024-06-03,6218,156221.0,3890944.0,25.15,25.15,24.7,24.8,-0.25,146.0
2024-06-04,6218,106093.0,2622171.0,24.8,25.0,24.6,24.75,-0.05,116.0
2024-06-05,6218,100988.0,2484551.0,24.75,24.95,24.45,24.55,-0.2,133.0
2024-06-06,6218,148003.0,3625903.0,25.2,25.2,24.25,24.25,-0.3,146.0
2024-06-07,6218,133315.0,3247574.0,24.65,24.65,24.2,24.3,0.05,107.0
2024-06-11,6218,155563.0,3906975.0,25.5,25.6,24.65,24.75,0.45,133.0
2024-06-12,6218,34180.0,842939.0,25.05,25.05,24.55,24.8,0.05,59.0
2024-06-13,6218,71543.0,1770966.0,25.0,25.0,24.5,24.6,-0.2,86.0
2024-06-14,6218,74305.0,1833775.0,24.8,24.85,24.55,24.8,0.2,121.0
2024-06-17,6218,64422.0,1598186.0,24.6,24.95,24.55,24.9,0.1,85.0
2024-06-18,6218,154520.0,3866403.0,24.9,25.15,24.9,24.9,0.0,101.0
2024-06-19,6218,1163687.0,30548856.0,25.2,26.95,25.2,25.9,1.0,801.0
2024-06-20,6218,286945.0,7534309.0,26.1,26.7,26.0,26.05,0.15,272.0
2024-06-21,6218,217002.0,5648359.0,26.05,26.3,25.85,25.85,-0.2,170.0
2024-06-24,6218,84968.0,2193757.0,26.3,26.3,25.65,25.65,-0.2,150.0
2024-06-25,6218,92400.0,2338915.0,25.55,25.65,25.1,25.2,-0.45,115.0
2024-06-26,6218,170000.0,4285527.0,25.3,25.35,25.05,25.15,-0.05,122.0
2024-06-27,6218,101555.0,2587638.0,25.95,26.0,25.25,25.35,0.2,85.0
2024-06-28,6218,72335.0,1848332.0,25.25,25.8,25.25,25.4,0.05,69.0
2024-07-01,6218,126134.0,3179909.0,25.4,25.45,25.0,25.25,-0.15,124.0
2024-07-02,6218,82436.0,2085201.0,25.3,25.45,25.2,25.25,0.0,77.0
2024-07-03,6218,121278.0,3071062.0,25.3,25.5,25.2,25.3,0.05,110.0
2024-07-04,6218,2373161.0,64866465.0,25.55,27.8,25.3,27.8,2.5,1096.0
2024-07-05,6218,3536218.0,107852175.0,30.4,30.55,30.05,30.55,2.75,1360.0
2024-07-08,6218,2322724.0,78043502.0,33.6,33.6,33.6,33.6,3.05,773.0
2024-07-09,6218,20358996.0,691290812.0,34.8,36.95,31.1,36.95,3.35,10488.0
2024-07-10,6218,18568627.0,698105052.0,38.1,40.0,35.15,37.4,0.45,12156.0
2024-07-11,6218,7636903.0,289902887.0,37.8,39.45,36.85,36.85,-0.55,4772.0
2024-07-12,6218,1782289.0,60558731.0,33.2,36.0,33.2,34.15,-2.7,1299.0
2024-07-15,6218,1216316.0,40122311.0,33.75,33.75,32.3,32.8,-1.35,1047.0
2024-07-16,6218,703869.0,23414852.0,32.9,34.0,32.8,33.0,0.2,627.0
2024-07-17,6218,495138.0,16466909.0,33.0,33.6,33.0,33.25,0.25,371.0
2024-07-18,6218,673241.0,22448713.0,32.9,34.0,32.9,33.6,0.0,537.0
2024-07-19,6218,534531.0,17214470.0,33.25,33.3,31.45,31.5,-2.1,477.0
2024-07-22,6218,626806.0,18819242.0,31.95,31.95,29.5,29.5,-2.0,560.0
2024-07-23,6218,482161.0,14821466.0,29.5,31.45,29.5,30.85,1.35,452.0
2024-07-26,6218,309163.0,9116860.0,29.2,30.1,29.15,29.35,-1.5,337.0
2024-07-29,6218,838072.0,23229590.0,29.4,29.55,26.6,27.0,-2.35,671.0
2024-07-30,6218,4247478.0,121246609.0,26.65,29.7,26.65,27.45,0.45,2192.0
2024-07-31,6218,2153937.0,60176588.0,27.75,28.6,27.5,27.8,0.35,1324.0
2024-08-01,6218,1474159.0,41999442.0,28.4,29.25,27.95,28.25,0.45,1048.0
2024-08-02,6218,1117768.0,30255330.0,27.9,27.9,26.3,26.35,-1.9,892.0
2024-08-05,6218,793052.0,18975991.0,25.05,25.1,23.75,23.75,-2.6,731.0
2024-08-06,6218,1558352.0,34140848.0,23.7,23.7,21.4,21.7,-2.05,1181.0
2024-08-07,6218,853245.0,20103451.0,22.0,23.85,22.0,23.8,2.1,603.0
2024-08-08,6218,460618.0,10633954.0,23.05,23.5,22.7,23.15,-0.65,516.0
2024-08-09,6218,720363.0,17002305.0,23.8,24.2,23.15,23.3,0.15,508.0
2024-08-12,6218,430752.0,10178294.0,23.5,24.0,23.45,23.55,0.25,295.0
2024-08-13,6218,414211.0,9616792.0,23.7,23.75,22.45,23.6,0.05,292.0
2024-08-14,6218,405610.0,9595902.0,24.0,24.2,23.4,23.7,0.1,313.0
2024-08-15,6218,313535.0,7470798.0,24.0,24.05,23.35,23.8,0.1,267.0
2024-08-16,6218,952495.0,24474286.0,24.4,26.15,24.1,26.15,2.35,559.0
2024-08-19,6218,2238519.0,63106255.0,27.85,28.75,27.2,28.75,2.6,1301.0
2024-08-20,6218,6801500.0,202394777.0,29.1,31.4,28.65,29.1,0.35,4225.0
2024-08-21,6218,1379986.0,39893462.0,29.1,29.75,28.25,28.85,-0.25,1076.0
2024-08-22,6218,3974584.0,125874865.0,31.6,31.7,30.8,31.7,2.85,1583.0
2024-08-23,6218,4128577.0,125371432.0,31.5,31.5,29.25,29.9,-1.8,2611.0
2024-08-26,6218,1910790.0,57166306.0,30.5,31.25,28.8,29.0,-0.9,1505.0
2024-08-27,6218,3696730.0,112462349.0,29.0,31.5,28.35,30.65,1.65,2451.0
2024-08-28,6218,1361189.0,41018813.0,30.9,30.95,29.65,30.25,-0.4,1158.0
2024-08-29,6218,5414986.0,174444845.0,29.6,33.25,29.6,33.25,3.0,3073.0
2024-08-30,6218,4904611.0,157890333.0,34.0,34.1,30.7,31.0,-2.25,3292.0
2024-09-02,6218,1473731.0,45408502.0,31.1,31.8,29.85,30.6,-0.4,1055.0
2024-09-03,6218,802945.0,24367381.0,30.8,31.0,29.85,29.85,-0.75,620.0
2024-09-04,6218,808028.0,23093442.0,28.45,29.15,27.6,28.25,-1.6,670.0
2024-09-05,6218,2070942.0,60761378.0,29.05,30.4,28.1,28.65,0.4,1321.0
2024-09-06,6218,1398939.0,41033458.0,29.1,30.65,28.4,28.4,-0.25,1013.0
2024-09-09,6218,2390961.0,71210123.0,27.1,31.1,27.1,30.0,1.6,1806.0
2024-09-10,6218,2991419.0,89932089.0,30.1,31.4,28.75,28.75,-1.25,1979.0
2024-09-11,6218,863988.0,25130700.0,28.9,29.75,28.65,28.7,-0.05,618.0
2024-09-12,6218,1808819.0,54380112.0,28.9,30.8,28.9,29.65,0.95,1384.0
2024-09-13,6218,2320639.0,71496269.0,30.4,31.6,29.65,30.65,1.0,1821.0
2024-09-16,6218,4170330.0,134285953.0,30.85,32.9,30.25,32.6,1.95,2450.0
2024-09-18,6218,2179205.0,69894864.0,32.65,32.75,31.35,32.1,-0.5,1646.0
2024-09-19,6218,1543114.0,49972608.0,32.1,32.9,31.7,32.25,0.15,1228.0
2024-09-20,6218,1242352.0,39626058.0,32.7,32.95,31.1,31.15,-1.1,1088.0
2024-09-23,6218,2970519.0,96979720.0,31.3,33.9,31.2,32.2,1.05,2132.0
2024-09-24,6218,1682631.0,54515075.0,32.45,33.5,31.7,32.1,-0.1,1288.0
2024-09-25,6218,1178706.0,37859369.0,32.2,32.9,31.25,31.85,-0.25,954.0
2024-09-26,6218,686282.0,21427021.0,32.0,32.05,30.8,30.8,-1.05,805.0
2024-09-27,6218,617505.0,18940109.0,31.0,31.5,30.15,30.2,-0.6,535.0
2024-09-30,6218,555365.0,16780041.0,29.95,30.95,29.65,30.05,-0.15,405.0
2024-10-01,6218,1451361.0,45934214.0,30.2,32.55,30.0,32.3,2.25,1060.0
2024-10-04,6218,6806290.0,233750120.0,32.5,35.5,31.2,34.8,2.5,4286.0
2024-10-07,6218,16917316.0,609069748.0,35.2,38.0,33.8,33.95,-0.85,10842.0
2024-10-08,6218,7285871.0,254925457.0,33.75,36.8,33.0,34.65,0.7,5367.0
2024-10-09,6218,4123900.0,141363510.0,34.0,35.35,33.2,33.8,-0.85,3074.0
2024-10-11,6218,2798185.0,89527482.0,33.7,34.2,30.8,30.85,-2.95,2208.0
2024-10-14,6218,1022676.0,31695408.0,31.0,31.7,30.3,31.6,0.75,797.0
2024-10-15,6218,765227.0,24404188.0,31.8,32.5,31.2,31.65,0.05,586.0
2024-10-16,6218,779726.0,24752429.0,31.4,32.2,31.15,32.2,0.55,617.0
2024-10-17,6218,622078.0,19944263.0,32.1,32.65,31.75,32.25,0.05,493.0
2024-10-18,6218,5004943.0,169332343.0,32.8,35.0,32.4,32.8,0.55,3513.0
2024-10-21,6218,2268684.0,77243075.0,32.95,34.8,32.65,34.4,1.6,1847.0
2024-10-22,6218,2341983.0,80986940.0,34.6,35.6,33.7,34.65,0.25,1975.0
2024-10-23,6218,9821457.0,357206852.0,34.5,37.5,34.35,36.0,1.35,6239.0
2024-10-24,6218,4349367.0,156055150.0,36.15,37.0,34.7,37.0,1.0,3407.0
2024-10-25,6218,4751008.0,167913409.0,37.35,37.4,33.9,34.2,-2.8,3634.0
2024-10-28,6218,1342884.0,44838036.0,34.3,34.3,33.05,33.15,-1.05,1003.0
2024-10-29,6218,1160747.0,38846343.0,33.45,34.5,32.85,32.85,-0.3,1098.0
2024-10-30,6218,883335.0,28596969.0,33.05,33.4,31.8,32.0,-0.85,781.0
2024-11-01,6218,577182.0,18667169.0,32.15,33.0,31.5,32.15,0.15,589.0
2024-11-04,6218,1269338.0,41271179.0,32.2,33.3,31.3,32.4,0.25,1136.0
2024-11-05,6218,720900.0,23338511.0,32.6,33.1,31.8,31.8,-0.6,603.0
2024-11-06,6218,894318.0,28466002.0,32.5,32.75,31.3,31.55,-0.25,687.0
2024-11-07,6218,290278.0,9272666.0,31.6,32.2,31.6,31.8,0.25,266.0
2024-11-08,6218,1104089.0,36005227.0,32.4,33.25,32.1,32.1,0.3,947.0
2024-11-11,6218,328911.0,10466250.0,32.25,32.4,31.6,31.65,-0.45,357.0
2024-11-12,6218,942687.0,29342457.0,31.8,32.2,30.4,30.4,-1.25,739.0
2024-11-13,6218,538654.0,16305071.0,30.0,30.8,30.0,30.15,-0.25,449.0
2024-11-14,6218,679385.0,20100928.0,30.25,30.5,29.0,29.3,-0.85,544.0
2024-11-15,6218,506114.0,14734144.0,29.5,29.85,28.7,28.8,-0.5,465.0
2024-11-18,6218,460703.0,13000906.0,28.8,28.8,27.9,28.05,-0.75,328.0
2024-11-19,6218,372764.0,10616821.0,28.15,28.95,28.15,28.4,0.35,273.0
2024-11-20,6218,353302.0,9866658.0,28.8,28.8,27.55,27.6,-0.8,368.0
2024-11-21,6218,249840.0,6944330.0,27.6,28.25,27.55,27.8,0.2,240.0
2024-11-22,6218,166959.0,4710390.0,27.9,28.45,27.9,28.3,0.5,142.0
2024-11-25,6218,270950.0,7822296.0,28.5,29.25,28.45,28.7,0.4,204.0
2024-11-26,6218,134896.0,3887332.0,28.7,29.1,28.6,28.7,0.0,131.0
2024-11-27,6218,294301.0,8283953.0,28.8,29.0,27.8,27.8,-0.9,298.0
2024-11-28,6218,202049.0,5594691.0,28.2,28.2,27.35,27.7,-0.1,182.0
2024-11-29,6218,138302.0,3812742.0,27.3,27.8,27.25,27.55,-0.15,197.0
2024-12-02,6218,224122.0,6139521.0,27.75,27.9,27.1,27.1,-0.45,230.0
2024-12-03,6218,197533.0,5489531.0,27.1,28.2,27.1,28.0,0.9,197.0
2024-12-04,6218,151860.0,4287622.0,28.3,28.5,28.1,28.35,0.35,177.0
2024-12-05,6218,1126978.0,33619694.0,28.7,30.6,28.1,29.6,1.25,934.0
2024-12-06,6218,987233.0,29302488.0,29.5,30.3,29.0,29.1,-0.5,846.0
2024-12-09,6218,246618.0,7070778.0,29.15,29.45,28.2,28.3,-0.8,261.0
2024-12-10,6218,935963.0,27529267.0,29.3,30.3,28.7,28.7,0.4,669.0
2024-12-11,6218,866454.0,25843378.0,29.0,30.5,29.0,29.6,0.9,687.0
2024-12-12,6218,370816.0,10907272.0,30.2,30.2,28.85,29.1,-0.5,323.0
2024-12-13,6218,208996.0,5916970.0,28.8,28.8,28.05,28.3,-0.8,243.0
2024-12-16,6218,242946.0,6752106.0,28.4,28.65,27.3,27.3,-1.0,238.0
2024-12-17,6218,94382.0,2614097.0,27.5,27.9,27.5,27.55,0.25,102.0
2024-12-18,6218,133839.0,3670029.0,27.55,27.85,27.3,27.35,-0.2,161.0
2024-12-19,6218,144543.0,3909508.0,27.3,27.3,26.95,26.95,-0.4,192.0
2024-12-20,6218,215911.0,5947760.0,26.65,28.1,26.65,27.7,0.75,197.0
2024-12-23,6218,115769.0,3257717.0,27.8,28.55,27.8,28.25,0.55,150.0
2024-12-24,6218,125081.0,3539183.0,28.3,28.95,27.75,27.8,-0.45,147.0
2024-12-25,6218,194739.0,5583375.0,28.3,28.9,28.3,28.9,1.1,177.0
2024-12-26,6218,148799.0,4290182.0,29.0,29.15,28.6,28.6,-0.3,125.0
2024-12-27,6218,97064.0,2746196.0,28.75,28.75,27.85,28.0,-0.6,91.0
2024-12-30,6218,79353.0,2201391.0,27.6,28.2,27.5,27.6,-0.4,108.0
2024-12-31,6218,93457.0,2592666.0,28.0,28.25,27.25,27.85,0.25,95.0
2025-01-02,6218,62771.0,1736544.0,27.85,27.95,27.5,27.5,-0.35,72.0
2025-01-03,6218,369460.0,10421595.0,27.95,29.2,27.35,27.35,-0.15,282.0
2025-01-06,6218,170971.0,4764697.0,27.45,28.15,27.45,27.9,0.55,147.0
2025-01-07,6218,167530.0,4609128.0,27.9,27.9,27.25,27.25,-0.65,237.0
2025-01-08,6218,75843.0,2052447.0,27.5,27.5,26.85,27.0,-0.25,65.0
2025-01-09,6218,373727.0,9758367.0,27.4,27.4,25.6,25.8,-1.2,300.0
2025-01-10,6218,455277.0,12312791.0,26.6,28.0,26.5,26.9,1.1,355.0
2025-01-13,6218,258219.0,6657687.0,27.2,27.2,25.15,25.7,-1.2,266.0
2025-01-14,6218,180944.0,4752950.0,26.05,26.5,25.8,26.4,0.7,131.0
2025-01-15,6218,135529.0,3539983.0,26.45,26.45,25.85,26.05,-0.35,89.0
2025-01-16,6218,132959.0,3500426.0,26.85,26.85,26.0,26.0,-0.05,130.0
2025-01-17,6218,154251.0,3966676.0,26.05,26.05,25.5,25.5,-0.5,189.0
2025-01-20,6218,59728.0,1536587.0,26.1,26.1,25.5,25.95,0.45,56.0
2025-01-21,6218,36141.0,935475.0,25.85,26.0,25.75,25.75,-0.2,48.0
2025-01-22,6218,252335.0,6427946.0,25.75,25.75,25.35,25.55,-0.2,145.0
2025-02-03,6218,166959.0,4166077.0,25.5,25.55,24.55,24.95,-0.6,173.0
2025-02-04,6218,213501.0,5513488.0,24.85,26.25,24.85,25.85,0.9,176.0
2025-02-05,6218,346071.0,9298738.0,26.0,27.4,26.0,26.85,1.0,314.0
2025-02-06,6218,106092.0,2865275.0,27.3,27.6,26.8,26.95,0.1,114.0
2025-02-07,6218,1160290.0,33222420.0,27.05,29.45,26.95,29.1,2.15,901.0
2025-02-10,6218,488274.0,13715977.0,29.1,29.1,27.6,27.75,-1.35,535.0
2025-02-11,6218,190783.0,5300041.0,28.1,28.1,27.5,27.95,0.2,166.0
2025-02-12,6218,329457.0,9094243.0,27.9,28.25,27.05,27.05,-0.9,221.0
2025-02-13,6218,313779.0,8681334.0,27.2,28.15,27.2,27.2,0.15,199.0
2025-02-14,6218,122113.0,3348836.0,27.5,27.85,27.15,27.4,0.2,114.0
2025-02-17,6218,62843.0,1731326.0,27.45,27.85,27.3,27.6,0.2,123.0
2025-02-18,6218,124843.0,3423065.0,27.6,27.8,27.0,27.35,-0.25,130.0
2025-02-19,6218,240930.0,6721068.0,27.2,28.25,27.2,27.9,0.55,179.0
2025-02-20,6218,87632.0,2444797.0,28.2,28.2,27.65,27.8,-0.1,99.0
2025-02-21,6218,177826.0,4990952.0,28.15,28.55,27.9,28.0,0.2,159.0
2025-02-24,6218,90773.0,2511232.0,27.9,28.0,27.4,27.6,-0.4,83.0
2025-02-25,6218,66878.0,1829917.0,27.7,27.7,27.25,27.4,-0.2,75.0
2025-02-26,6218,99913.0,2729053.0,27.4,27.45,27.25,27.25,-0.15,75.0
2025-02-27,6218,221477.0,5976705.0,27.4,27.9,26.45,26.55,-0.7,196.0
2025-03-03,6218,131456.0,3428589.0,26.15,26.35,25.9,26.0,-0.55,138.0
2025-03-04,6218,105236.0,2713931.0,25.95,26.15,25.1,26.1,0.1,93.0
2025-03-05,6218,83633.0,2185123.0,26.45,26.45,25.8,26.2,0.1,95.0
2025-03-06,6218,97128.0,2580102.0,26.6,26.9,26.3,26.3,0.1,103.0
2025-03-07,6218,61056.0,1605217.0,26.3,26.8,26.1,26.1,-0.2,81.0
2025-03-10,6218,195829.0,4998439.0,26.1,26.1,25.2,25.35,-0.75,182.0
2025-03-11,6218,202523.0,4988922.0,24.95,25.15,24.2,25.15,-0.2,152.0
2025-03-12,6218,104718.0,2643115.0,25.55,25.55,25.1,25.1,-0.05,99.0
2025-03-13,6218,192855.0,4787906.0,25.1,25.55,24.35,24.45,-0.65,209.0
2025-03-14,6218,208281.0,5024681.0,24.45,24.45,23.9,24.35,-0.1,168.0
2025-03-17,6218,106283.0,2587028.0,24.3,25.0,24.2,24.4,0.05,86.0
2025-03-18,6218,58088.0,1425547.0,24.8,24.8,24.35,24.5,0.1,61.0
2025-03-19,6218,97970.0,2356983.0,24.35,24.35,23.9,23.9,-0.6,111.0
2025-03-20,6218,328759.0,8104039.0,24.2,25.45,23.85,24.6,0.7,176.0
2025-03-21,6218,52116.0,1267447.0,24.6,24.6,24.15,24.2,-0.4,572.0
2025-03-24,6218,156888.0,3773381.0,24.95,24.95,23.85,23.9,-0.3,418.0
2025-03-25,6218,123305.0,2935156.0,23.95,24.0,23.5,23.6,-0.3,297.0
2025-03-26,6218,58585.0,1399638.0,23.8,24.1,23.7,23.85,0.25,149.0
2025-03-27,6218,205187.0,4726275.0,23.85,23.85,22.7,22.75,-1.1,300.0
2025-03-28,6218,361902.0,8033872.0,22.85,22.9,21.75,22.2,-0.55,237.0
2025-03-31,6218,320043.0,6693990.0,21.1,21.7,20.3,20.95,-1.25,469.0
2025-04-01,6218,164473.0,3535872.0,21.05,21.95,20.95,21.45,0.5,147.0
2025-04-02,6218,86547.0,1864297.0,21.4,21.85,21.15,21.7,0.25,110.0
2025-04-07,6218,54460.0,1065244.0,19.55,19.55,19.55,19.55,-2.15,460.0
2025-04-08,6218,291412.0,5133978.0,17.6,17.6,17.6,17.6,-1.95,891.0
2025-04-09,6218,373901.0,5947588.0,16.0,16.3,15.85,15.85,-1.75,762.0
2025-04-10,6218,654046.0,11238669.0,16.85,17.4,16.6,17.35,1.5,750.0
2025-04-11,6218,336268.0,5600425.0,16.7,18.2,15.95,17.15,-0.2,523.0
2025-04-14,6218,322585.0,5626478.0,17.55,18.05,16.95,17.15,0.0,1313.0
2025-04-15,6218,311077.0,5672642.0,17.4,18.8,17.4,18.8,1.65,1044.0
2025-04-16,6218,207357.0,3844235.0,18.85,19.05,18.05,18.25,-0.55,531.0
2025-04-17,6218,71775.0,1304162.0,17.95,18.55,17.75,18.55,0.3,222.0
2025-04-18,6218,71534.0,1310461.0,18.5,18.5,18.0,18.2,-0.35,378.0
2025-04-21,6218,116559.0,2054303.0,18.15,18.15,17.15,17.15,-1.05,401.0
2025-04-22,6218,85934.0,1466276.0,17.0,17.35,16.85,17.05,-0.1,309.0
2025-04-23,6218,245791.0,4421317.0,17.3,18.5,17.3,17.6,0.55,299.0
2025-04-24,6218,243695.0,4617034.0,17.7,19.35,17.7,19.35,1.75,202.0
2025-04-25,6218,896905.0,18917022.0,21.0,21.25,20.55,21.25,1.9,417.0
2025-04-28,6218,2403796.0,52022167.0,21.8,23.2,20.35,21.45,0.2,1838.0
2025-04-29,6218,634973.0,13644117.0,21.3,21.95,21.15,21.4,-0.05,522.0
2025-04-30,6218,409289.0,8635029.0,21.45,21.7,20.8,20.85,-0.55,299.0
2025-05-02,6218,249270.0,5289738.0,20.95,21.5,20.95,21.2,0.35,206.0
2025-05-05,6218,312512.0,6365388.0,21.25,21.25,19.55,20.45,-0.75,305.0
2025-05-06,6218,129756.0,2657292.0,20.15,20.75,20.15,20.6,0.15,111.0
2025-05-07,6218,72528.0,1488063.0,21.0,21.0,20.35,20.35,-0.25,110.0
2025-05-08,6218,62639.0,1294696.0,21.05,21.05,20.5,20.6,0.25,72.0
2025-05-09,6218,144068.0,2889787.0,20.4,20.4,19.85,20.05,-0.55,174.0
2025-05-12,6218,147431.0,3005190.0,20.1,20.65,20.1,20.55,0.5,136.0
2025-05-13,6218,271507.0,5714146.0,20.85,21.3,20.85,21.0,0.45,235.0
2025-05-14,6218,113434.0,2398398.0,21.15,21.4,20.9,21.15,0.15,109.0
2025-05-15,6218,202054.0,4287738.0,20.9,21.4,20.8,21.15,0.0,208.0
2025-05-16,6218,152124.0,3256754.0,21.15,21.55,21.15,21.15,0.0,169.0
2025-05-19,6218,78972.0,1628227.0,21.0,21.0,20.45,20.45,-0.7,207.0
2025-05-20,6218,81102.0,1672237.0,20.5,20.95,20.4,20.45,0.0,106.0
2025-05-21,6218,25310.0,521146.0,20.65,20.8,20.45,20.5,0.05,54.0
2025-05-22,6218,66146.0,1327860.0,20.1,20.3,19.95,20.05,-0.45,95.0
2025-05-23,6218,50761.0,1020898.0,20.15,20.2,20.05,20.1,0.05,82.0
2025-05-26,6218,53631.0,1074000.0,20.1,20.1,19.9,19.95,-0.15,127.0
2025-05-27,6218,68436.0,1354851.0,20.05,20.05,19.6,19.6,-0.35,146.0
2025-05-28,6218,71357.0,1402492.0,20.0,20.0,19.5,19.5,-0.1,111.0
2025-05-29,6218,36119.0,702703.0,19.55,19.75,19.25,19.45,-0.05,95.0
2025-06-02,6218,224399.0,4190128.0,19.45,19.45,18.5,18.7,-0.75,429.0
2025-06-03,6218,92732.0,1735321.0,18.7,19.05,18.55,18.55,-0.15,309.0
2025-06-04,6218,55834.0,1047466.0,18.65,18.9,18.65,18.65,0.1,274.0
2025-06-05,6218,141700.0,2630250.0,18.75,18.9,18.3,18.3,-0.35,293.0
2025-06-06,6218,94305.0,1725705.0,18.3,18.5,18.15,18.15,-0.15,347.0
2025-06-09,6218,133829.0,2406104.0,18.35,18.4,17.75,17.95,-0.2,366.0
2025-06-10,6218,188134.0,3677382.0,18.3,19.7,18.3,19.7,1.75,145.0
2025-06-11,6218,427134.0,8530912.0,20.1,20.5,19.7,19.8,0.1,331.0
2025-06-12,6218,144790.0,2910953.0,19.95,20.6,19.7,20.15,0.35,173.0
2025-06-13,6218,327868.0,6674898.0,20.45,21.1,19.25,19.25,-0.9,373.0
2025-06-16,6218,689175.0,14362581.0,20.85,21.15,19.8,21.15,1.9,511.0
2025-06-17,6218,1886885.0,41070804.0,20.8,22.75,20.3,21.1,-0.05,1427.0
2025-06-18,6218,479392.0,10070351.0,21.1,21.5,20.7,21.2,0.1,416.0
2025-06-19,6218,302670.0,6237775.0,20.85,21.0,20.15,20.9,-0.3,261.0
2025-06-20,6218,244947.0,5067882.0,20.7,21.25,20.3,21.0,0.1,199.0
2025-06-23,6218,83182.0,1697322.0,20.5,20.6,20.25,20.35,-0.65,140.0
2025-06-24,6218,218032.0,4563186.0,20.45,21.5,20.45,20.7,0.35,151.0
2025-06-25,6218,91906.0,1895968.0,20.7,20.85,20.5,20.65,-0.05,105.0
2025-06-26,6218,106363.0,2233791.0,20.65,21.45,20.65,20.95,0.3,80.0
2025-06-27,6218,136296.0,2834674.0,21.25,21.25,20.6,20.6,-0.35,201.0
2025-06-30,6218,59267.0,1212025.0,20.7,20.8,20.25,20.3,-0.3,98.0
2025-07-01,6218,34824.0,714056.0,20.6,20.7,20.35,20.35,0.05,72.0
2025-07-02,6218,54032.0,1101368.0,20.5,20.5,20.2,20.45,0.1,70.0
2025-07-03,6218,82871.0,1687615.0,20.6,20.6,20.25,20.25,-0.2,115.0
2025-07-04,6218,74212.0,1493752.0,20.4,20.55,20.0,20.0,-0.25,101.0
2025-07-07,6218,58982.0,1187533.0,20.2,20.35,19.95,19.95,-0.05,92.0
2025-07-08,6218,220244.0,4563990.0,20.05,21.4,20.05,20.2,0.25,227.0
2025-07-09,6218,479278.0,10613064.0,21.9,22.2,21.8,22.2,2.0,285.0
2025-07-10,6218,1354802.0,29541039.0,22.5,23.2,21.05,21.1,-1.1,1041.0
2025-07-11,6218,269598.0,5737833.0,21.5,21.6,21.1,21.15,0.05,225.0
2025-07-14,6218,86131.0,1807949.0,21.15,21.15,20.85,21.1,-0.05,135.0
2025-07-15,6218,168589.0,3617924.0,21.1,21.9,21.05,21.45,0.35,147.0
2025-07-16,6218,181809.0,3924959.0,21.6,22.0,21.2,21.2,-0.25,142.0
2025-07-17,6218,89446.0,1907364.0,21.5,21.5,21.15,21.35,0.15,97.0
2025-07-18,6218,88589.0,1881481.0,21.4,21.45,21.15,21.2,-0.15,94.0
2025-07-21,6218,93204.0,1989214.0,21.25,21.5,21.1,21.3,0.1,83.0
2025-07-22,6218,202087.0,4166427.0,21.35,21.35,20.2,20.3,-1.0,281.0
2025-07-23,6218,88327.0,1817055.0,20.5,20.8,20.45,20.55,0.25,106.0
2025-07-24,6218,92971.0,1910212.0,20.6,20.75,20.4,20.6,0.05,163.0
2025-07-25,6218,73703.0,1522608.0,20.6,20.95,20.55,20.55,-0.05,72.0
2025-07-28,6218,54391.0,1115421.0,20.6,20.6,20.3,20.5,-0.05,57.0
2025-07-29,6218,56977.0,1156420.0,20.45,20.45,20.2,20.25,-0.25,80.0
2025-07-30,6218,88284.0,1778805.0,20.5,20.5,20.05,20.2,-0.05,91.0
2025-07-31,6218,222372.0,4441587.0,20.15,20.3,19.8,19.8,-0.4,193.0
2025-08-01,6218,405192.0,7982998.0,19.65,20.1,19.6,19.6,-0.2,313.0
2025-08-04,6218,160077.0,3211959.0,19.75,20.55,19.6,20.15,0.55,172.0
2025-08-05,6218,146923.0,3019893.0,20.9,20.9,20.3,20.3,0.15,156.0
2025-08-06,6218,341402.0,7192048.0,20.4,21.8,20.4,20.65,0.35,293.0
2025-08-07,6218,99293.0,2073550.0,20.85,21.45,20.65,20.7,0.05,165.0
2025-08-08,6218,163459.0,3358183.0,20.65,20.8,20.3,20.35,-0.35,219.0
2025-08-11,6218,49666.0,1014753.0,20.35,20.65,20.3,20.4,0.05,118.0
2025-08-12,6218,91752.0,1893261.0,20.4,21.05,20.4,20.45,0.05,112.0
2025-08-13,6218,98182.0,2010930.0,21.0,21.0,20.3,20.65,0.2,114.0
2025-08-14,6218,95173.0,1955818.0,20.55,20.8,20.4,20.4,-0.25,148.0
2025-08-15,6218,86092.0,1767352.0,20.65,20.65,20.4,20.65,0.25,113.0
2025-08-18,6218,316100.0,6676752.0,20.75,21.75,20.65,21.05,0.4,229.0
2025-08-19,6218,154317.0,3271587.0,21.55,21.55,20.95,21.05,0.0,171.0
2025-08-20,6218,191794.0,3965051.0,21.1,21.55,20.2,20.2,-0.85,246.0
2025-08-21,6218,157555.0,3199006.0,20.25,20.65,20.0,20.25,0.05,165.0
2025-08-22,6218,99532.0,2024522.0,20.25,20.5,20.2,20.2,-0.05,90.0
2025-08-25,6218,118297.0,2419334.0,20.55,20.6,20.3,20.35,0.15,80.0
2025-08-26,6218,122898.0,2521573.0,20.55,20.65,20.35,20.45,0.1,102.0
2025-08-27,6218,126524.0,2627860.0,20.6,21.0,20.5,20.8,0.35,162.0
2025-08-28,6218,75918.0,1574865.0,21.1,21.1,20.6,20.7,-0.1,155.0
2025-08-29,6218,161806.0,3354050.0,20.8,21.0,20.45,20.5,-0.2,176.0
2025-09-01,6218,70798.0,1460451.0,20.3,20.95,20.3,20.35,-0.15,95.0
2025-09-02,6218,86673.0,1752283.0,20.85,20.85,20.05,20.1,-0.25,125.0
2025-09-03,6218,24957.0,504624.0,20.15,20.4,20.1,20.25,0.15,50.0
2025-09-04,6218,54577.0,1108412.0,20.55,20.55,20.2,20.3,0.05,72.0
2025-09-05,6218,182768.0,3798051.0,20.55,21.2,20.45,20.75,0.45,181.0
2025-09-08,6218,204794.0,4296576.0,21.0,21.25,20.75,20.8,0.05,275.0
2025-09-09,6218,199064.0,4076131.0,21.1,21.1,20.15,20.45,-0.35,256.0
2025-09-10,6218,81206.0,1644048.0,20.4,20.4,20.15,20.2,-0.25,123.0
2025-09-11,6218,109767.0,2201332.0,20.35,20.4,19.9,19.9,-0.3,139.0
2025-09-12,6218,122252.0,2423116.0,20.2,20.2,19.7,19.8,-0.1,141.0
2025-09-15,6218,99233.0,1946400.0,19.9,19.9,19.45,19.5,-0.3,162.0
2025-09-16,6218,73672.0,1442909.0,19.8,19.8,19.5,19.6,0.1,84.0
2025-09-17,6218,41729.0,819988.0,19.55,19.85,19.5,19.75,0.15,95.0
2025-09-18,6218,129931.0,2617328.0,19.85,20.5,19.85,20.0,0.25,160.0
2025-09-19,6218,92517.0,1852365.0,20.15,20.2,19.95,19.95,-0.05,89.0
2025-09-22,6218,142870.0,2838169.0,19.95,20.15,19.6,19.85,-0.1,157.0
2025-09-23,6218,202496.0,4047656.0,20.05,20.15,19.75,19.85,0.0,161.0
2025-09-24,6218,97473.0,1930448.0,19.85,19.95,19.65,19.75,-0.1,115.0
2025-09-25,6218,48923.0,972321.0,19.85,20.05,19.75,19.75,0.0,63.0
2025-09-26,6218,107888.0,2111692.0,19.85,19.85,19.3,19.4,-0.35,175.0
2025-09-30,6218,29070.0,568933.0,19.45,19.7,19.45,19.7,0.3,55.0
2025-10-01,6218,49709.0,985895.0,19.7,19.95,19.65,19.95,0.25,56.0
2025-10-02,6218,124481.0,2491830.0,20.15,20.3,19.8,20.0,0.05,110.0
2025-10-03,6218,125655.0,2510049.0,20.05,20.1,19.8,19.95,-0.05,81.0
2025-10-07,6218,60111.0,1208284.0,20.1,20.3,19.95,20.0,0.05,83.0
2025-10-08,6218,53353.0,1069145.0,20.3,20.3,19.9,19.95,-0.05,63.0
2025-10-09,6218,94342.0,1895833.0,20.0,20.25,19.95,20.05,0.1,111.0
2025-10-13,6218,125648.0,2472566.0,19.9,19.9,19.45,19.65,-0.4,175.0
2025-10-14,6218,78096.0,1536947.0,19.75,19.95,19.45,19.45,-0.2,155.0
2025-10-15,6218,44867.0,877262.0,19.5,19.65,19.5,19.6,0.15,98.0
2025-10-16,6218,71032.0,1398387.0,19.85,19.9,19.6,19.6,0.0,65.0
2025-10-17,6218,73424.0,1423491.0,19.5,19.6,19.05,19.45,-0.15,100.0
2025-10-20,6218,91220.0,1780472.0,19.55,19.6,19.45,19.45,0.0,92.0
2025-10-21,6218,97424.0,1905360.0,19.5,19.75,19.45,19.5,0.05,110.0
2025-10-22,6218,16165.0,316047.0,19.5,19.6,19.5,19.55,0.05,46.0
2025-10-23,6218,44342.0,870883.0,19.7,19.75,19.55,19.6,0.05,79.0
2025-10-27,6218,44746.0,872193.0,19.6,19.6,19.4,19.5,-0.1,110.0
2025-10-28,6218,61189.0,1186596.0,19.55,19.55,19.35,19.35,-0.15,93.0
2025-10-29,6218,83283.0,1604551.0,19.3,19.4,19.2,19.2,-0.15,166.0
2025-10-30,6218,59752.0,1149030.0,19.2,19.25,19.2,19.25,0.05,141.0
2025-10-31,6218,67034.0,1292001.0,19.3,19.45,19.2,19.2,-0.05,112.0
2025-11-03,6218,33220.0,640002.0,19.35,19.35,19.2,19.25,0.05,53.0
2025-11-04,6218,186129.0,3483981.0,19.3,19.3,18.05,18.6,-0.65,507.0
2025-11-05,6218,43812.0,811023.0,18.5,18.7,18.4,18.7,0.1,130.0
2025-11-06,6218,52532.0,998103.0,18.85,19.2,18.85,18.95,0.25,141.0
2025-11-07,6218,84676.0,1627565.0,19.3,19.4,19.05,19.05,0.1,116.0
2025-11-10,6218,177824.0,3356790.0,18.9,19.05,18.5,18.85,-0.2,785.0
2025-11-11,6218,86264.0,1616176.0,18.75,18.9,18.6,18.7,-0.15,486.0
2025-11-12,6218,56994.0,1072065.0,18.9,19.0,18.7,18.75,0.05,310.0
2025-11-13,6218,113889.0,2121689.0,18.8,18.85,18.45,18.5,-0.25,522.0
2025-11-14,6218,53673.0,995521.0,18.5,18.6,18.45,18.55,0.05,217.0
2025-11-17,6218,127811.0,2347733.0,18.55,18.55,18.15,18.2,-0.35,426.0
2025-11-18,6218,159457.0,2880438.0,18.5,18.5,17.9,18.15,-0.05,800.0
2025-11-19,6218,99300.0,1783825.0,18.15,18.2,17.7,18.15,0.0,250.0
2025-11-20,6218,53115.0,971053.0,18.4,18.4,18.15,18.2,0.05,103.0
2025-11-21,6218,56594.0,1015249.0,18.05,18.1,17.75,17.85,-0.35,186.0
2025-11-24,6218,25420.0,455863.0,18.0,18.0,17.85,17.95,0.1,89.0
2025-11-25,6218,52106.0,938107.0,18.05,18.15,17.85,18.0,0.05,123.0
2025-11-26,6218,70230.0,1267033.0,18.4,18.4,17.95,18.05,0.05,96.0
2025-11-27,6218,54114.0,975138.0,18.25,18.25,17.9,18.0,-0.05,117.0
2025-11-28,6218,64113.0,1158155.0,18.0,18.15,18.0,18.05,0.05,87.0
2025-12-01,6218,28338.0,511708.0,18.2,18.2,18.0,18.05,0.0,130.0
2025-12-02,6218,27187.0,491492.0,18.15,18.15,18.0,18.1,0.05,94.0
2025-12-03,6218,34165.0,621122.0,18.2,18.35,18.1,18.1,0.0,89.0
2025-12-04,6218,65500.0,1188136.0,18.1,18.25,18.1,18.15,0.05,110.0
2025-12-05,6218,39164.0,713724.0,18.15,18.3,18.15,18.25,0.1,105.0
2025-12-08,6218,61364.0,1124225.0,18.25,18.55,18.15,18.35,0.1,111.0
2025-12-09,6218,505657.0,10159961.0,19.4,20.15,19.4,20.15,1.8,305.0
2025-12-10,6218,1095055.0,22222725.0,20.2,20.85,19.7,20.1,-0.05,793.0
2025-12-11,6218,164030.0,3281902.0,20.15,20.6,19.85,19.85,-0.25,204.0
2025-12-12,6218,118254.0,2385704.0,20.3,20.3,20.05,20.1,0.25,105.0
2025-12-15,6218,199679.0,4024293.0,20.0,20.85,19.35,20.35,0.25,203.0
2025-12-16,6218,489259.0,10254484.0,20.8,21.5,20.5,20.95,0.6,400.0
2025-12-17,6218,150429.0,3131748.0,20.95,20.95,20.65,20.75,-0.2,165.0
2025-12-18,6218,281893.0,5936182.0,20.75,21.8,20.65,21.05,0.3,239.0
2025-12-19,6218,554992.0,12158618.0,21.95,22.55,21.4,21.75,0.7,431.0
2025-12-22,6218,2582846.0,61017039.0,22.45,23.9,22.2,23.9,2.15,2013.0
2025-12-23,6218,4463146.0,114910595.0,24.05,26.25,24.05,26.25,2.35,4711.0
2025-12-24,6218,2067248.0,53471434.0,26.1,26.8,25.2,25.65,-0.6,1378.0
2025-12-26,6218,2137514.0,58954668.0,25.9,28.2,25.9,27.1,1.45,2460.0
2025-12-29,6218,1408543.0,37918299.0,26.9,28.15,26.05,26.9,-0.2,975.0
2025-12-30,6218,849492.0,22686280.0,26.5,27.75,26.1,27.75,0.85,752.0
2025-12-31,6218,1005032.0,27464855.0,27.75,27.8,26.5,27.45,-0.3,822.0
2026-01-02,6218,715990.0,19772246.0,27.3,28.0,26.95,27.65,0.2,511.0
2026-01-05,6218,581171.0,15504072.0,28.0,28.0,26.0,26.0,-1.65,1092.0
2026-01-06,6218,285110.0,7593302.0,26.05,27.05,26.05,26.45,0.45,398.0
2026-01-07,6218,255229.0,6763891.0,26.95,27.15,26.0,26.4,-0.05,225.0
2026-01-08,6218,255049.0,6603800.0,26.4,26.6,25.5,25.5,-0.9,346.0
2026-01-09,6218,381303.0,9511203.0,25.45,25.45,24.5,24.7,-0.8,294.0
2026-01-12,6218,484991.0,12017160.0,24.75,25.8,24.15,25.15,0.45,374.0
2026-01-13,6218,306461.0,7576024.0,25.25,25.7,24.3,24.45,-0.7,311.0
2026-01-14,6218,386007.0,9817241.0,24.6,26.2,24.6,25.5,1.05,293.0
2026-01-15,6218,238031.0,5959771.0,25.75,25.75,24.7,25.05,-0.45,275.0
2026-01-16,6218,211478.0,5231119.0,25.3,25.3,24.6,24.6,-0.45,282.0
2026-01-19,6218,493349.0,12735789.0,24.9,26.5,24.7,25.65,1.05,700.0
2026-01-20,6218,144339.0,3664762.0,25.65,25.75,25.2,25.4,-0.25,205.0
2026-01-21,6218,282140.0,6955080.0,25.1,25.2,24.3,24.5,-0.9,451.0
2026-01-22,6218,185445.0,4506136.0,24.6,24.7,24.1,24.2,-0.3,269.0
2026-01-23,6218,109683.0,2675249.0,24.8,24.8,24.25,24.3,0.1,182.0
2026-01-26,6218,128005.0,3123499.0,24.35,24.9,24.0,24.5,0.2,242.0
2026-01-27,6218,114260.0,2761715.0,24.8,24.8,23.95,24.2,-0.3,270.0
2026-01-28,6218,250152.0,6150995.0,24.2,25.15,24.05,24.35,0.15,177.0
2026-01-29,6218,170100.0,4057614.0,24.4,24.55,23.55,23.95,-0.4,275.0
2026-01-30,6218,193606.0,4458545.0,23.95,23.95,22.8,22.8,-1.15,262.0
2026-02-02,6218,136384.0,3002281.0,22.2,22.4,21.85,21.9,-0.9,262.0
2026-02-03,6218,94696.0,2088043.0,21.9,22.35,21.9,22.05,0.15,111.0
2026-02-04,6218,80704.0,1839076.0,23.75,23.75,22.3,22.4,0.35,165.0
2026-02-05,6218,62947.0,1405038.0,22.4,22.55,22.0,22.05,-0.35,138.0
2026-02-06,6218,84229.0,1813593.0,22.4,22.4,21.1,21.55,-0.5,172.0
2026-02-09,6218,530911.0,12296403.0,22.1,23.7,21.55,23.7,2.15,496.0
2026-02-10,6218,1765294.0,44426383.0,26.05,26.05,24.05,24.2,0.5,1628.0
2026-02-11,6218,340753.0,8051779.0,24.15,24.25,23.2,23.5,-0.7,434.0
2026-02-23,6218,304902.0,7460947.0,23.75,25.5,23.75,25.0,1.5,429.0
2026-02-24,6218,265889.0,6621300.0,25.0,25.3,24.6,24.7,-0.3,484.0
2026-02-25,6218,152654.0,3751644.0,25.0,25.0,24.35,24.5,-0.2,315.0
2026-02-26,6218,290764.0,7257023.0,24.75,25.3,24.5,25.1,0.6,456.0
2026-03-02,6218,124966.0,3073565.0,24.35,24.9,24.35,24.4,-0.7,708.0
2026-03-03,6218,137487.0,3312915.0,24.45,24.65,23.6,23.6,-0.8,469.0
2026-03-04,6218,136424.0,3148129.0,23.1,23.55,22.65,22.8,-0.8,324.0
2026-03-05,6218,616574.0,15141048.0,22.9,25.05,22.9,24.8,2.0,1061.0
2026-03-06,6218,257189.0,6216594.0,24.5,24.5,23.9,23.95,-0.85,399.0
2026-03-09,6218,146107.0,3311919.0,23.0,23.5,22.3,23.5,-0.45,409.0
2026-03-10,6218,144090.0,3367037.0,24.0,24.35,22.8,22.95,-0.55,300.0
2026-03-11,6218,111453.0,2592645.0,22.7,23.5,22.7,23.3,0.35,243.0
2026-03-12,6218,103708.0,2420708.0,23.3,23.6,23.05,23.15,-0.15,259.0
2026-03-13,6218,132591.0,3107571.0,23.4,23.8,23.05,23.1,-0.05,320.0
2026-03-16,6218,109793.0,2516161.0,22.8,23.3,22.7,23.1,0.0,402.0
2026-03-17,6218,398530.0,9484525.0,23.15,24.5,23.05,23.7,0.6,462.0
2026-03-18,6218,195783.0,4660413.0,24.0,24.3,23.65,23.9,0.2,298.0
2026-03-19,6218,1873680.0,48415973.0,23.8,26.25,23.8,24.65,0.75,1443.0
2026-03-20,6218,749217.0,18800909.0,24.9,25.8,24.5,24.55,-0.1,658.0
2026-03-23,6218,230413.0,5484716.0,23.5,24.25,23.45,23.65,-0.9,402.0
2026-03-24,6218,1855948.0,47445581.0,23.9,26.0,22.75,25.35,1.7,1315.0
2026-03-25,6218,2707087.0,71907167.0,26.0,27.5,25.0,26.7,1.35,2033.0
2026-03-26,6218,798302.0,21008363.0,27.0,27.4,25.7,25.8,-0.9,1243.0
2026-03-27,6218,377356.0,9676216.0,25.4,26.5,25.05,26.1,0.3,729.0
2026-03-30,6218,307465.0,7913568.0,25.5,26.35,25.2,25.55,-0.55,719.0
2026-03-31,6218,314611.0,7815691.0,25.7,25.85,24.0,24.35,-1.2,637.0
2026-04-01,6218,129372.0,3220822.0,24.9,25.15,24.8,24.8,0.45,485.0
2026-04-02,6218,1070797.0,28273898.0,25.0,27.1,24.6,26.75,1.95,1232.0
2026-04-07,6218,2470183.0,69204652.0,28.0,28.95,26.5,28.6,1.85,2200.0
2026-04-08,6218,3951243.0,120814398.0,29.5,31.45,28.5,31.45,2.85,2487.0
2026-04-09,6218,6906925.0,236122738.0,32.9,34.55,32.65,34.55,3.1,10479.0
2026-04-10,6218,7481509.0,273047746.0,36.95,37.7,34.8,35.5,0.95,5700.0
2026-04-13,6218,8904594.0,337972997.0,35.75,39.0,35.55,38.4,2.9,6842.0
2026-04-14,6218,2072472.0,76317943.0,38.0,38.0,35.9,36.8,-1.6,1647.0
2026-04-15,6218,1659061.0,59081644.0,36.75,36.75,34.6,34.8,-2.0,1331.0
2026-04-16,6218,1457190.0,53654009.0,35.5,38.2,35.4,38.2,3.4,1382.0
2026-04-17,6218,1042929.0,38967629.0,38.0,38.0,36.8,37.6,-0.6,976.0
2026-04-20,6218,1846278.0,66667038.0,38.0,38.15,35.4,35.45,-2.15,1422.0
2026-04-21,6218,813651.0,28646451.0,35.45,36.0,34.6,35.4,-0.05,723.0
2026-04-22,6218,770002.0,26786282.0,35.4,35.4,34.45,34.5,-0.9,696.0
2026-04-23,6218,714736.0,23851812.0,35.3,35.8,32.3,32.95,-1.55,647.0
2026-04-24,6218,597095.0,19767503.0,33.85,34.5,31.95,33.15,0.2,510.0
2026-04-27,6218,744362.0,24669941.0,33.3,34.1,32.5,32.5,-0.65,597.0
2026-04-28,6218,3141335.0,103662897.0,31.0,35.75,30.25,35.75,3.25,2460.0
2026-04-29,6218,7971195.0,307993144.0,37.85,39.3,37.5,39.3,3.55,5741.0
2026-04-30,6218,16846611.0,688971797.0,39.3,42.8,38.3,41.15,1.85,15341.0
2026-05-04,6218,5821463.0,239185580.0,40.55,42.65,39.55,40.3,-0.85,11030.0
2026-05-05,6218,3505777.0,136967734.0,40.4,41.2,38.4,38.45,-1.85,4311.0
2026-05-06,6218,2577497.0,98279702.0,39.15,39.3,37.0,38.25,-0.2,3012.0
2026-05-07,6218,2011292.0,75778756.0,38.3,38.65,37.05,37.1,-1.15,2661.0
2026-05-08,6218,5224786.0,198719105.0,36.75,39.6,34.6,39.0,1.9,5555.0
2026-05-11,6218,2140248.0,80420280.0,39.05,39.2,37.0,37.3,-1.7,3350.0
2026-05-12,6218,4178085.0,170355984.0,37.95,41.0,37.65,41.0,3.7,2576.0
2026-05-13,6218,4151654.0,185685685.0,44.0,45.1,43.95,45.1,4.1,4124.0
2026-05-14,6218,13621421.0,599115937.0,45.0,46.6,41.45,41.55,-3.55,13980.0
2026-05-15,6218,3440158.0,141992446.0,41.5,43.25,40.25,40.8,-0.75,5320.0
2026-05-18,6218,1951918.0,78714981.0,41.0,41.15,39.3,40.9,0.1,2026.0
2026-05-19,6218,1872669.0,73678949.0,40.95,40.95,38.25,39.35,-1.55,3522.0
2026-05-20,6218,985282.0,38667953.0,39.6,40.1,38.5,38.55,-0.8,1251.0
2026-05-21,6218,1240885.0,49142432.0,38.1,40.5,38.1,39.55,1.0,1298.0
2026-05-22,6218,1316646.0,53214970.0,39.55,41.1,39.55,40.0,0.45,1409.0
2026-05-25,6218,1779375.0,72127801.0,40.5,42.0,39.9,40.3,0.3,2470.0
2026-05-26,6218,963416.0,38096156.0,40.65,40.7,39.0,39.3,-1.0,2052.0
2026-05-27,6218,4906736.0,204387449.0,39.6,43.2,38.3,43.2,3.9,6085.0
2026-05-28,6218,7148002.0,296784264.0,42.5,43.9,39.5,39.5,-3.7,6320.0
2026-05-29,6218,1678908.0,65843256.0,39.8,40.0,38.8,39.0,-0.5,2682.0
2026-06-01,6218,1344135.0,51988977.0,39.05,39.5,38.3,38.35,-0.65,2875.0
2026-06-02,6218,921650.0,34904447.0,38.4,38.85,37.2,37.7,-0.65,1871.0
2026-06-03,6218,919784.0,35013292.0,38.1,38.7,37.25,38.2,0.5,1255.0
2026-06-04,6218,586275.0,21914014.0,38.4,38.5,36.85,36.9,-1.3,1689.0
2026-06-05,6218,471024.0,17237565.0,37.15,37.25,36.0,36.8,-0.1,1177.0
2026-06-08,6218,1039402.0,34592749.0,33.15,34.05,33.15,33.4,-3.4,1602.0
2026-06-09,6218,804762.0,26865203.0,33.8,34.05,33.0,33.05,-0.35,1448.0
2026-06-10,6218,888054.0,29913758.0,33.05,35.4,32.3,32.75,-0.3,1893.0
2026-06-11,6218,612782.0,19401914.0,32.5,32.9,30.75,31.6,-1.15,854.0
2026-06-12,6218,376002.0,12062192.0,32.75,32.75,31.65,31.8,0.2,377.0
2026-06-15,6218,686805.0,23454172.0,32.3,34.95,32.2,34.95,3.15,720.0
2026-06-16,6218,1740292.0,63093842.0,37.0,37.0,35.05,35.3,0.35,1928.0
2026-06-17,6218,760622.0,26827767.0,35.3,36.2,34.45,34.7,-0.6,1098.0
2026-06-18,6218,654764.0,23159775.0,35.3,36.25,34.7,35.15,0.45,847.0
2026-06-22,6218,2256267.0,83511895.0,35.85,38.1,35.15,37.1,1.95,2101.0
2026-06-23,6218,5136358.0,202934609.0,36.6,40.7,35.85,40.1,3.0,5415.0
2026-06-24,6218,2860739.0,114743004.0,39.45,40.95,38.35,40.0,-0.1,5512.0
2026-06-25,6218,1645939.0,65414092.0,40.05,40.9,38.6,40.15,0.15,1477.0
2026-06-26,6218,3638130.0,144913592.0,40.35,41.75,37.25,37.6,-2.55,4415.0
2026-06-29,6218,698222.0,25934820.0,37.7,38.1,36.5,37.0,-0.6,1304.0
2026-06-30,6218,439480.0,16409040.0,37.05,38.0,36.6,36.8,-0.2,520.0
2026-07-01,6218,488837.0,17928385.0,37.6,37.75,36.0,36.0,-0.8,1459.0
2026-07-02,6218,412145.0,15043831.0,36.0,37.3,35.45,36.35,0.35,504.0
2026-07-03,6218,285905.0,10374292.0,36.05,36.9,35.75,36.2,-0.15,438.0
2026-07-06,6218,489584.0,18016483.0,36.3,37.65,36.2,36.55,0.35,467.0
2026-07-07,6218,433527.0,15411711.0,36.55,36.9,34.45,34.45,-2.1,738.0
2026-07-08,6218,266875.0,9115332.0,34.5,34.9,33.8,34.25,-0.2,542.0
2026-07-09,6218,969132.0,36076845.0,36.05,37.65,35.8,37.65,3.4,617.0
2026-07-13,6218,2884280.0,109486760.0,38.2,39.7,36.2,36.6,-1.05,2529.0
2026-07-14,6218,575046.0,20110713.0,36.15,36.45,33.9,35.35,-1.25,1085.0
2026-07-15,6218,1473296.0,54636505.0,35.35,37.9,35.35,36.45,1.1,1564.0
2026-07-16,6218,923566.0,34074198.0,35.9,37.9,35.25,37.25,0.8,816.0
2026-07-17,6218,1225766.0,45234545.0,36.75,38.15,36.0,36.0,-1.25,1115.0
2026-07-20,6218,541471.0,19121195.0,36.7,36.7,33.8,34.85,-1.15,618.0
2026-07-21,6218,390744.0,13768151.0,35.2,36.3,34.0,34.85,0.0,572.0
2026-07-22,6218,470179.0,16391507.0,35.7,35.95,34.0,34.35,-0.5,691.0
2026-07-23,6218,372200.0,12600400.0,34.75,34.9,33.1,33.1,-1.25,530.0
2026-07-24,6218,455540.0,15582633.0,33.65,34.85,33.1,34.5,1.4,463.0
2026-07-27,6218,326858.0,10936578.0,34.3,34.75,32.5,33.8,-0.7,481.0
2026-07-28,6218,354801.0,11459226.0,32.05,33.8,31.0,31.6,-2.2,537.0
2026-07-29,6218,720689.0,21475014.0,31.8,31.9,28.5,30.2,-1.4,1068.0
2026-07-30,6218,363297.0,10836623.0,29.35,30.9,29.15,29.15,-1.05,299.0
2026-07-31,6218,280544.0,8724629.0,30.9,31.95,30.3,31.25,2.1,217.0
2026-08-03,6218,236838.0,7587412.0,31.3,32.75,31.1,31.65,0.4,352.0
2026-08-04,6218,230823.0,7619877.0,32.45,33.7,32.0,33.05,1.4,396.0
2026-08-05,6218,343147.0,11681589.0,33.5,34.9,33.5,33.8,0.75,271.0
2026-08-06,6218,247742.0,8503416.0,34.0,34.75,33.75,34.5,0.7,184.0
2026-08-07,6218,249695.0,8622608.0,34.0,34.95,34.0,34.3,-0.2,250.0
2026-08-10,6218,376597.0,13382525.0,34.35,36.1,34.35,36.1,1.8,328.0
2026-08-11,6218,480292.0,17506602.0,36.1,37.2,35.6,35.75,-0.35,758.0
2026-08-12,6218,1107663.0,40510797.0,36.4,37.8,35.45,36.15,0.4,1900.0
2026-08-13,6218,499954.0,18082739.0,36.25,36.9,35.65,35.7,-0.45,632.0
2026-08-14,6218,386195.0,13812385.0,35.75,36.15,35.4,35.6,-0.1,309.0
2026-08-17,6218,2199558.0,82757007.0,36.2,38.5,35.55,37.95,2.35,2071.0
2026-08-18,6218,1068817.0,40257685.0,38.15,38.25,36.9,37.75,-0.2,910.0
2026-08-19,6218,1447088.0,56089873.0,37.1,39.5,37.1,38.55,0.8,1255.0
2026-08-20,6218,558039.0,21259745.0,39.3,39.3,37.4,38.0,-0.55,1242.0
2026-08-21,6218,553700.0,21219366.0,38.0,39.0,37.55,37.85,-0.15,579.0
2026-08-24,6218,1499637.0,58256909.0,38.4,39.65,37.85,38.6,0.75,1562.0
2026-08-25,6218,1841148.0,72785425.0,38.7,40.95,38.0,40.5,1.9,1489.0
2026-08-26,6218,2473648.0,99908504.0,40.25,41.4,39.6,39.6,-0.9,3101.0
2026-08-27,6218,1222251.0,49120769.0,39.8,40.9,39.25,39.95,0.35,1274.0
2026-08-28,6218,2430758.0,102063610.0,41.0,43.5,40.5,40.7,0.75,3072.0
2026-08-31,6218,1417347.0,58217212.0,41.1,42.8,39.85,40.5,-0.2,3452.0
2026-09-01,6218,1336887.0,55142666.0,40.6,41.95,40.35,41.6,1.1,1121.0
2026-09-02,6218,4254677.0,187207688.0,41.95,45.35,41.95,43.55,1.95,4419.0
2026-09-03,6218,1773638.0,76294219.0,43.75,44.7,41.75,42.6,-0.95,2874.0
2026-09-04,6218,1306768.0,55271853.0,43.25,43.75,41.5,42.25,-0.35,2100.0
2026-09-07,6218,2980649.0,132283289.0,43.2,45.5,42.7,44.55,2.3,3714.0
