date,stock_id,Trading_Volume,Trading_money,open,max,min,close,spread,Trading_turnover
2016-12-27,6612,135100.0,6772455.0,0.0,56.75,47.0,50.5,0.0,70.0
2016-12-28,6612,22500.0,1092250.0,50.13,50.5,48.0,48.0,-1.59,17.0
2016-12-29,6612,7300.0,357640.0,48.54,50.5,48.5,50.5,0.45,4.0
2016-12-30,6612,23840.0,1174940.0,48.99,50.5,48.5,49.0,0.29,20.0
2017-01-03,6612,4000.0,196000.0,49.28,49.5,48.5,49.5,-0.28,4.0
2017-01-04,6612,6000.0,286200.0,49.0,48.2,46.9,46.9,-1.3,4.0
2017-01-05,6612,1000.0,47700.0,47.7,47.7,47.7,47.7,0.0,1.0
2017-01-06,6612,300.0,14364.0,47.7,47.88,47.88,47.88,0.18,1.0
2017-01-09,6612,0.0,0.0,47.88,0.0,0.0,0.0,0.0,0.0
2017-01-10,6612,0.0,0.0,47.88,0.0,0.0,0.0,0.0,0.0
2017-01-11,6612,8300.0,378767.0,47.88,45.9,45.48,45.9,-2.25,6.0
2017-01-12,6612,10000.0,462000.0,45.63,46.7,46.0,46.7,0.57,7.0
2017-01-13,6612,5000.0,234640.0,46.2,47.0,46.82,47.0,0.73,2.0
2017-01-16,6612,1000.0,48500.0,46.93,48.5,48.5,48.5,1.57,1.0
2017-01-17,6612,0.0,0.0,48.5,0.0,0.0,0.0,0.0,0.0
2017-01-18,6612,34300.0,1606227.0,48.5,47.0,46.55,47.0,-1.67,16.0
2017-01-19,6612,14000.0,654800.0,46.83,47.0,46.5,47.0,-0.06,6.0
2017-01-20,6612,7000.0,324300.0,46.77,46.5,46.3,46.5,-0.44,4.0
2017-01-23,6612,2000.0,90300.0,46.33,45.3,45.0,45.3,-1.18,2.0
2017-01-24,6612,8000.0,366800.0,45.15,46.0,45.5,46.0,0.7,4.0
2017-02-02,6612,11000.0,505080.0,45.85,46.48,45.6,46.0,0.07,5.0
2017-02-03,6612,9000.0,406900.0,45.92,45.8,45.0,45.8,-0.71,6.0
2017-02-06,6612,6000.0,267900.0,45.21,44.8,44.5,44.8,-0.56,3.0
2017-02-07,6612,14000.0,611620.0,44.65,43.98,43.45,43.8,-0.96,7.0
2017-02-08,6612,6000.0,264000.0,43.69,44.2,43.8,43.8,0.31,2.0
2017-02-09,6612,0.0,0.0,44.0,0.0,0.0,0.0,0.0,0.0
2017-02-10,6612,0.0,0.0,44.0,0.0,0.0,0.0,0.0,0.0
2017-02-13,6612,16000.0,682500.0,44.0,43.5,42.0,42.5,-1.34,7.0
2017-02-14,6612,8000.0,337200.0,42.66,42.3,42.0,42.3,-0.51,4.0
2017-02-15,6612,4000.0,168800.0,42.15,42.4,42.0,42.4,0.05,3.0
2017-02-16,6612,7000.0,299150.0,42.2,42.8,42.5,42.8,0.54,3.0
2017-02-17,6612,2000.0,85500.0,42.74,43.0,42.5,43.0,0.01,2.0
2017-02-18,6612,10000.0,428150.0,42.75,43.2,42.5,43.0,0.07,6.0
2017-02-20,6612,0.0,0.0,42.82,0.0,0.0,0.0,0.0,0.0
2017-02-21,6612,3001.0,129012.0,42.82,42.99,42.99,42.99,0.17,4.0
2017-02-22,6612,1000.0,44500.0,42.99,44.5,44.5,44.5,1.51,1.0
2017-02-23,6612,4000.0,179500.0,44.5,46.0,44.5,46.0,0.38,2.0
2017-02-24,6612,30200.0,1469121.0,44.88,50.58,46.3,50.58,3.77,50.0
2017-03-01,6612,45000.0,2323060.0,48.65,53.0,50.0,51.99,2.97,61.0
2017-03-02,6612,23100.0,1152900.0,51.62,52.6,47.46,47.46,-1.71,13.0
2017-03-03,6612,0.0,0.0,49.91,0.0,0.0,0.0,0.0,0.0
2017-03-06,6612,17100.0,771958.0,49.91,46.55,43.99,45.0,-4.77,9.0
2017-03-07,6612,0.0,0.0,45.14,0.0,0.0,0.0,0.0,0.0
2017-03-08,6612,8000.0,350400.0,45.14,44.0,43.7,43.9,-1.34,6.0
2017-03-09,6612,0.0,0.0,43.8,0.0,0.0,0.0,0.0,0.0
2017-03-10,6612,10000.0,445500.0,43.8,45.5,43.8,45.5,0.75,6.0
2017-03-13,6612,0.0,0.0,44.55,0.0,0.0,0.0,0.0,0.0
2017-03-14,6612,0.0,0.0,44.55,0.0,0.0,0.0,0.0,0.0
2017-03-15,6612,1000.0,45000.0,44.55,45.0,45.0,45.0,0.45,1.0
2017-03-16,6612,46000.0,1923440.0,45.0,44.18,38.95,43.14,-3.19,21.0
2017-03-17,6612,1000.0,44000.0,41.81,44.0,44.0,44.0,2.19,1.0
2017-03-20,6612,25100.0,1134330.0,44.0,47.5,42.6,47.5,1.19,12.0
2017-03-21,6612,8000.0,378600.0,45.19,47.8,46.6,47.0,2.14,5.0
2017-03-22,6612,0.0,0.0,47.33,0.0,0.0,0.0,0.0,0.0
2017-03-23,6612,1000.0,47990.0,47.33,47.99,47.99,47.99,0.66,1.0
2017-03-24,6612,4000.0,192000.0,47.99,48.0,48.0,48.0,0.01,3.0
2017-03-27,6612,4000.0,189800.0,48.0,48.0,47.0,47.0,-0.55,3.0
2017-03-28,6612,13000.0,596250.0,47.45,46.7,45.4,45.99,-1.58,6.0
2017-03-29,6612,0.0,0.0,45.87,0.0,0.0,0.0,0.0,0.0
2017-03-30,6612,1000.0,45990.0,45.87,45.99,45.99,45.99,0.12,1.0
2017-03-31,6612,1000.0,46000.0,45.99,46.0,46.0,46.0,0.01,1.0
2017-04-05,6612,0.0,0.0,46.0,0.0,0.0,0.0,0.0,0.0
2017-04-06,6612,0.0,0.0,46.0,0.0,0.0,0.0,0.0,0.0
2017-04-07,6612,0.0,0.0,46.0,0.0,0.0,0.0,0.0,0.0
2017-04-10,6612,0.0,0.0,46.0,0.0,0.0,0.0,0.0,0.0
2017-04-11,6612,0.0,0.0,46.0,0.0,0.0,0.0,0.0,0.0
2017-04-12,6612,12500.0,547100.0,46.0,43.95,43.7,43.9,-2.23,7.0
2017-04-13,6612,27500.0,1175600.0,43.77,44.2,41.8,43.8,-1.02,13.0
2017-04-14,6612,5000.0,217750.0,42.75,44.2,42.75,43.8,0.8,4.0
2017-04-17,6612,0.0,0.0,43.55,0.0,0.0,0.0,0.0,0.0
2017-04-18,6612,7000.0,297950.0,43.55,44.0,42.05,44.0,-0.99,3.0
2017-04-19,6612,0.0,0.0,42.56,0.0,0.0,0.0,0.0,0.0
2017-04-20,6612,0.0,0.0,42.56,0.0,0.0,0.0,0.0,0.0
2017-04-21,6612,9500.0,402260.0,42.56,43.9,42.01,43.9,-0.22,8.0
2017-04-24,6612,0.0,0.0,42.34,0.0,0.0,0.0,0.0,0.0
2017-04-25,6612,0.0,0.0,42.34,0.0,0.0,0.0,0.0,0.0
2017-04-26,6612,0.0,0.0,42.34,0.0,0.0,0.0,0.0,0.0
2017-04-27,6612,1000.0,43800.0,42.34,43.8,43.8,43.8,1.46,1.0
2017-04-28,6612,0.0,0.0,43.8,0.0,0.0,0.0,0.0,0.0
2017-05-02,6612,0.0,0.0,43.8,0.0,0.0,0.0,0.0,0.0
2017-05-03,6612,0.0,0.0,43.8,0.0,0.0,0.0,0.0,0.0
2017-05-04,6612,15500.0,644850.0,43.8,42.4,41.0,42.4,-2.2,7.0
2017-05-05,6612,0.0,0.0,41.6,0.0,0.0,0.0,0.0,0.0
2017-05-08,6612,0.0,0.0,41.6,0.0,0.0,0.0,0.0,0.0
2017-05-09,6612,0.0,0.0,41.6,0.0,0.0,0.0,0.0,0.0
2017-05-10,6612,0.0,0.0,41.6,0.0,0.0,0.0,0.0,0.0
2017-05-11,6612,0.0,0.0,41.6,0.0,0.0,0.0,0.0,0.0
2017-05-12,6612,0.0,0.0,41.6,0.0,0.0,0.0,0.0,0.0
2017-05-15,6612,0.0,0.0,41.6,0.0,0.0,0.0,0.0,0.0
2017-05-16,6612,0.0,0.0,41.6,0.0,0.0,0.0,0.0,0.0
2017-05-17,6612,0.0,0.0,41.6,0.0,0.0,0.0,0.0,0.0
2017-05-18,6612,0.0,0.0,41.6,0.0,0.0,0.0,0.0,0.0
2017-05-19,6612,0.0,0.0,41.6,0.0,0.0,0.0,0.0,0.0
2017-05-22,6612,0.0,0.0,41.6,0.0,0.0,0.0,0.0,0.0
2017-05-23,6612,6000.0,256500.0,41.6,43.0,42.5,43.0,1.15,2.0
2017-05-24,6612,3000.0,132630.0,42.75,44.21,44.21,44.21,1.46,1.0
2017-05-25,6612,5000.0,222600.0,44.21,45.0,43.8,45.0,0.31,2.0
2017-05-26,6612,0.0,0.0,44.52,0.0,0.0,0.0,0.0,0.0
2017-05-31,6612,0.0,0.0,44.52,0.0,0.0,0.0,0.0,0.0
2017-06-01,6612,0.0,0.0,44.52,0.0,0.0,0.0,0.0,0.0
2017-06-02,6612,6000.0,263400.0,44.52,44.0,43.8,44.0,-0.62,2.0
2017-06-03,6612,0.0,0.0,43.9,0.0,0.0,0.0,0.0,0.0
2017-06-05,6612,0.0,0.0,43.9,0.0,0.0,0.0,0.0,0.0
2017-06-06,6612,4003.0,181181.0,43.9,47.0,45.26,47.0,1.36,4.0
2017-06-07,6612,0.0,0.0,45.26,0.0,0.0,0.0,0.0,0.0
2017-06-08,6612,0.0,0.0,45.26,0.0,0.0,0.0,0.0,0.0
2017-06-09,6612,0.0,0.0,45.26,0.0,0.0,0.0,0.0,0.0
2017-06-12,6612,1000.0,44900.0,45.26,44.9,44.9,44.9,-0.36,1.0
2017-06-13,6612,0.0,0.0,44.9,0.0,0.0,0.0,0.0,0.0
2017-06-14,6612,0.0,0.0,44.9,0.0,0.0,0.0,0.0,0.0
2017-06-15,6612,0.0,0.0,44.9,0.0,0.0,0.0,0.0,0.0
2017-06-16,6612,4100.0,187500.0,44.9,46.0,45.0,46.0,0.83,3.0
2017-06-19,6612,10.0,471.0,45.73,47.15,47.15,47.15,1.42,1.0
2017-06-20,6612,0.0,0.0,47.15,0.0,0.0,0.0,0.0,0.0
2017-06-21,6612,0.0,0.0,47.15,0.0,0.0,0.0,0.0,0.0
2017-06-22,6612,0.0,0.0,47.15,0.0,0.0,0.0,0.0,0.0
2017-06-23,6612,1500.0,67610.0,47.15,45.5,44.86,45.5,-2.08,2.0
2017-06-26,6612,17000.0,775050.0,45.07,47.0,44.86,47.0,0.52,14.0
2017-06-27,6612,7000.0,325000.0,45.59,47.0,46.0,46.5,0.84,4.0
2017-06-28,6612,4000.0,183020.0,46.43,46.0,45.51,46.0,-0.67,2.0
2017-06-29,6612,0.0,0.0,45.76,0.0,0.0,0.0,0.0,0.0
2017-06-30,6612,11000.0,520700.0,45.76,50.0,45.51,50.0,1.58,6.0
2017-07-03,6612,0.0,0.0,47.34,0.0,0.0,0.0,0.0,0.0
2017-07-04,6612,0.0,0.0,47.34,0.0,0.0,0.0,0.0,0.0
2017-07-05,6612,2000.0,93200.0,47.34,47.0,46.2,47.0,-0.74,2.0
2017-07-06,6612,0.0,0.0,46.6,0.0,0.0,0.0,0.0,0.0
2017-07-07,6612,0.0,0.0,46.6,0.0,0.0,0.0,0.0,0.0
2017-07-10,6612,0.0,0.0,46.6,0.0,0.0,0.0,0.0,0.0
2017-07-11,6612,5000.0,238690.0,46.6,47.99,47.0,47.99,1.14,3.0
2017-07-12,6612,1000.0,46500.0,47.74,46.5,46.5,46.5,-1.24,1.0
2017-07-13,6612,5000.0,240600.0,46.5,48.2,48.0,48.0,1.62,3.0
2017-07-14,6612,6000.0,289830.0,48.12,48.49,48.12,48.12,0.19,2.0
2017-07-17,6612,1000.0,48490.0,48.31,48.49,48.49,48.49,0.18,1.0
2017-07-18,6612,12000.0,586770.0,48.49,50.1,48.49,48.5,0.41,4.0
2017-07-19,6612,16000.0,802380.0,48.9,50.5,49.0,50.0,1.25,7.0
2017-07-20,6612,7000.0,340150.0,50.15,49.12,48.5,48.5,-1.56,3.0
2017-07-21,6612,0.0,0.0,48.59,0.0,0.0,0.0,0.0,0.0
2017-07-24,6612,1000.0,49490.0,48.59,49.49,49.49,49.49,0.9,1.0
2017-07-25,6612,0.0,0.0,49.49,0.0,0.0,0.0,0.0,0.0
2017-07-26,6612,6000.0,296370.0,49.49,49.49,49.3,49.3,-0.09,3.0
2017-07-27,6612,0.0,0.0,49.4,0.0,0.0,0.0,0.0,0.0
2017-07-28,6612,8000.0,395370.0,49.4,49.49,49.3,49.3,0.02,4.0
2017-07-31,6612,12000.0,600840.0,49.42,52.0,49.3,52.0,0.65,6.0
2017-08-01,6612,1000.0,51000.0,50.07,51.0,51.0,51.0,0.93,1.0
2017-08-02,6612,8000.0,402400.0,51.0,50.5,50.0,50.5,-0.7,5.0
2017-08-03,6612,0.0,0.0,50.3,0.0,0.0,0.0,0.0,0.0
2017-08-04,6612,3000.0,149500.0,50.3,50.0,49.5,50.0,-0.47,2.0
2017-08-07,6612,7000.0,353300.0,49.83,51.0,50.0,50.1,0.64,4.0
2017-08-08,6612,5000.0,254980.0,50.47,51.58,50.4,51.58,0.53,3.0
2017-08-09,6612,0.0,0.0,51.0,0.0,0.0,0.0,0.0,0.0
2017-08-10,6612,1010.0,51515.0,51.0,51.5,51.0,51.0,0.0,2.0
2017-08-11,6612,0.0,0.0,51.0,0.0,0.0,0.0,0.0,0.0
2017-08-14,6612,1000.0,51500.0,51.0,51.5,51.5,51.5,0.5,1.0
2017-08-15,6612,6000.0,306600.0,51.5,51.5,50.7,50.7,-0.4,3.0
2017-08-16,6612,3000.0,151100.0,51.1,51.1,50.0,50.0,-0.73,2.0
2017-08-17,6612,2000.0,100470.0,50.37,50.37,50.1,50.1,-0.13,2.0
2017-08-18,6612,0.0,0.0,50.24,0.0,0.0,0.0,0.0,0.0
2017-08-21,6612,0.0,0.0,50.24,0.0,0.0,0.0,0.0,0.0
2017-08-22,6612,2000.0,99010.0,50.24,50.0,49.01,50.0,-0.73,2.0
2017-08-23,6612,0.0,0.0,49.51,0.0,0.0,0.0,0.0,0.0
2017-08-24,6612,3000.0,151800.0,49.51,51.0,49.8,51.0,1.09,3.0
2017-08-25,6612,1000.0,51000.0,50.6,51.0,51.0,51.0,0.4,1.0
2017-08-28,6612,3200.0,162200.0,51.0,51.0,50.5,51.0,-0.31,4.0
2017-08-29,6612,200.0,10020.0,50.69,51.2,49.0,51.2,-0.59,2.0
2017-08-30,6612,0.0,0.0,50.1,0.0,0.0,0.0,0.0,0.0
2017-08-31,6612,8200.0,414840.0,50.1,52.42,50.0,52.42,0.49,7.0
2017-09-01,6612,2000.0,102900.0,50.59,52.4,50.5,50.5,0.86,2.0
2017-09-04,6612,0.0,0.0,51.45,0.0,0.0,0.0,0.0,0.0
2017-09-05,6612,0.0,0.0,51.45,0.0,0.0,0.0,0.0,0.0
2017-09-06,6612,0.0,0.0,51.45,0.0,0.0,0.0,0.0,0.0
2017-09-07,6612,0.0,0.0,51.45,0.0,0.0,0.0,0.0,0.0
2017-09-08,6612,0.0,0.0,51.45,0.0,0.0,0.0,0.0,0.0
2017-09-11,6612,0.0,0.0,51.45,0.0,0.0,0.0,0.0,0.0
2017-09-12,6612,4000.0,206870.0,51.45,51.79,51.5,51.5,0.27,2.0
2017-09-13,6612,3003.0,154655.0,51.72,51.79,51.5,51.79,-0.22,2.0
2017-09-14,6612,0.0,0.0,51.5,0.0,0.0,0.0,0.0,0.0
2017-09-15,6612,0.0,0.0,51.5,0.0,0.0,0.0,0.0,0.0
2017-09-18,6612,0.0,0.0,51.5,0.0,0.0,0.0,0.0,0.0
2017-09-19,6612,0.0,0.0,51.5,0.0,0.0,0.0,0.0,0.0
2017-09-20,6612,0.0,0.0,51.5,0.0,0.0,0.0,0.0,0.0
2017-09-21,6612,9000.0,456810.0,51.5,51.6,50.0,51.6,-0.74,6.0
2017-09-22,6612,0.0,0.0,50.76,0.0,0.0,0.0,0.0,0.0
2017-09-25,6612,6000.0,306300.0,50.76,51.6,50.5,50.5,0.29,3.0
2017-09-26,6612,0.0,0.0,51.05,0.0,0.0,0.0,0.0,0.0
2017-09-27,6612,0.0,0.0,51.05,0.0,0.0,0.0,0.0,0.0
2017-09-28,6612,0.0,0.0,51.05,0.0,0.0,0.0,0.0,0.0
2017-09-29,6612,9000.0,443430.0,51.05,49.5,49.11,49.5,-1.78,5.0
2017-09-30,6612,0.0,0.0,49.27,0.0,0.0,0.0,0.0,0.0
2017-10-02,6612,0.0,0.0,49.27,0.0,0.0,0.0,0.0,0.0
2017-10-03,6612,1000.0,50200.0,49.27,50.2,50.2,50.2,0.93,1.0
2017-10-05,6612,0.0,0.0,50.2,0.0,0.0,0.0,0.0,0.0
2017-10-06,6612,1500.0,75300.0,50.2,50.2,50.2,50.2,0.0,3.0
2017-10-11,6612,0.0,0.0,50.2,0.0,0.0,0.0,0.0,0.0
2017-10-12,6612,0.0,0.0,50.2,0.0,0.0,0.0,0.0,0.0
2017-10-13,6612,0.0,0.0,50.2,0.0,0.0,0.0,0.0,0.0
2017-10-16,6612,8000.0,401500.0,50.2,50.3,50.0,50.3,-0.01,3.0
2017-10-17,6612,17000.0,863850.0,50.19,51.0,50.5,50.51,0.62,9.0
2017-10-18,6612,9000.0,453030.0,50.81,50.51,50.0,50.0,-0.47,3.0
2017-10-19,6612,0.0,0.0,50.34,0.0,0.0,0.0,0.0,0.0
2017-10-20,6612,11000.0,550270.0,50.34,50.39,49.7,50.0,-0.32,4.0
2017-10-23,6612,500.0,25175.0,50.02,50.35,50.35,50.35,0.33,1.0
2017-10-24,6612,0.0,0.0,50.35,0.0,0.0,0.0,0.0,0.0
2017-10-25,6612,28500.0,1428595.0,50.35,50.35,50.0,50.2,-0.22,9.0
2017-10-26,6612,3500.0,175160.0,50.13,50.2,50.02,50.2,-0.08,2.0
2017-10-27,6612,0.0,0.0,50.05,0.0,0.0,0.0,0.0,0.0
2017-10-30,6612,0.0,0.0,50.05,0.0,0.0,0.0,0.0,0.0
2017-10-31,6612,3000.0,157200.0,50.05,52.4,52.4,52.4,2.35,1.0
2017-11-01,6612,0.0,0.0,52.4,0.0,0.0,0.0,0.0,0.0
2017-11-02,6612,1000.0,49900.0,52.4,49.9,49.9,49.9,-2.5,1.0
2017-11-03,6612,0.0,0.0,49.9,0.0,0.0,0.0,0.0,0.0
2017-11-06,6612,9500.0,466000.0,49.9,50.0,48.5,49.0,-0.85,4.0
2017-11-07,6612,0.0,0.0,49.05,0.0,0.0,0.0,0.0,0.0
2017-11-08,6612,50000.0,2454000.0,49.05,49.16,49.0,49.0,0.03,2.0
2017-11-09,6612,100.0,5049.0,49.08,50.49,50.49,50.49,1.41,1.0
2017-11-10,6612,100.0,5049.0,50.49,50.49,50.49,50.49,0.0,1.0
2017-11-13,6612,19000.0,953970.0,50.49,50.5,49.5,49.5,-0.28,9.0
2017-11-14,6612,28000.0,1385920.0,50.21,49.75,49.0,49.0,-0.71,10.0
2017-11-15,6612,4400.0,219500.0,49.5,50.0,49.5,50.0,0.39,5.0
2017-11-16,6612,0.0,0.0,49.89,0.0,0.0,0.0,0.0,0.0
2017-11-17,6612,1000.0,49600.0,49.89,49.6,49.6,49.6,-0.29,1.0
2017-11-20,6612,42020.0,2132044.0,49.6,51.2,50.32,50.5,1.14,27.0
2017-11-21,6612,15000.0,753700.0,50.74,51.0,49.8,50.0,-0.49,8.0
2017-11-22,6612,1.0,50.0,50.25,50.49,50.49,50.49,0.24,1.0
2017-11-23,6612,3999.0,201919.0,50.49,50.5,50.49,50.5,0.0,4.0
2017-11-24,6612,3000.0,150000.0,50.49,50.0,50.0,50.0,-0.49,1.0
2017-11-27,6612,2000.0,99810.0,50.0,50.0,49.81,50.0,-0.09,2.0
2017-11-28,6612,0.0,0.0,49.91,0.0,0.0,0.0,0.0,0.0
2017-11-29,6612,7000.0,354670.0,49.91,50.7,50.5,50.5,0.76,3.0
2017-11-30,6612,0.0,0.0,50.67,0.0,0.0,0.0,0.0,0.0
2017-12-01,6612,3000.0,150000.0,50.67,50.0,50.0,50.0,-0.67,1.0
2017-12-04,6612,0.0,0.0,50.0,0.0,0.0,0.0,0.0,0.0
2017-12-05,6612,0.0,0.0,50.0,0.0,0.0,0.0,0.0,0.0
2017-12-06,6612,7000.0,353600.0,50.0,50.7,50.0,50.0,0.51,3.0
2017-12-07,6612,0.0,0.0,50.51,0.0,0.0,0.0,0.0,0.0
2017-12-08,6612,6000.0,301600.0,50.51,50.5,50.0,50.0,-0.24,6.0
2017-12-11,6612,9000.0,449400.0,50.27,50.0,49.8,50.0,-0.34,4.0
2017-12-12,6612,0.0,0.0,49.93,0.0,0.0,0.0,0.0,0.0
2017-12-13,6612,5500.0,277450.0,49.93,50.5,50.4,50.5,0.52,6.0
2017-12-14,6612,9000.0,455670.0,50.45,50.7,50.5,50.7,0.18,4.0
2017-12-15,6612,11000.0,553360.0,50.63,50.63,50.0,50.5,-0.32,5.0
2017-12-18,6612,500.0,25250.0,50.31,50.5,50.5,50.5,0.19,1.0
2017-12-19,6612,0.0,0.0,50.5,0.0,0.0,0.0,0.0,0.0
2017-12-20,6612,0.0,0.0,50.5,0.0,0.0,0.0,0.0,0.0
2017-12-21,6612,6000.0,302100.0,50.5,50.5,50.2,50.2,-0.15,3.0
2017-12-22,6612,8000.0,406470.0,50.35,51.0,50.49,51.0,0.46,7.0
2017-12-25,6612,1000.0,51000.0,50.81,51.0,51.0,51.0,0.19,1.0
2017-12-26,6612,10000.0,510770.0,51.0,51.3,50.0,51.3,0.08,8.0
2017-12-27,6612,40020.0,2127810.0,51.08,55.5,51.5,53.8,2.09,22.0
2017-12-28,6612,41600.0,2270360.0,53.17,56.0,52.5,52.5,1.41,24.0
2017-12-29,6612,12000.0,633500.0,54.58,54.5,52.0,52.5,-1.79,8.0
2018-01-02,6612,2000.0,104500.0,52.79,52.5,52.0,52.5,-0.54,2.0
2018-01-03,6612,8000.0,414100.0,52.25,52.0,51.5,51.8,-0.49,4.0
2018-01-04,6612,0.0,0.0,51.76,0.0,0.0,0.0,0.0,0.0
2018-01-05,6612,0.0,0.0,51.76,0.0,0.0,0.0,0.0,0.0
2018-01-08,6612,0.0,0.0,51.76,0.0,0.0,0.0,0.0,0.0
2018-01-09,6612,4000.0,206900.0,51.76,51.8,51.5,51.8,-0.03,2.0
2018-01-10,6612,7000.0,361400.0,51.73,51.8,51.5,51.8,-0.1,3.0
2018-01-11,6612,5500.0,284000.0,51.63,51.8,51.5,51.8,0.01,3.0
2018-01-12,6612,3000.0,153000.0,51.64,51.0,51.0,51.0,-0.64,1.0
2018-01-15,6612,6000.0,304500.0,51.0,51.0,50.5,51.0,-0.25,2.0
2018-01-16,6612,4000.0,205200.0,50.75,51.5,51.0,51.2,0.55,3.0
2018-01-17,6612,14000.0,710500.0,51.3,51.0,50.5,50.5,-0.55,10.0
2018-01-18,6612,8600.0,433330.0,50.75,51.0,50.2,50.5,-0.36,6.0
2018-01-19,6612,2000.0,100500.0,50.39,50.5,50.0,50.0,-0.14,2.0
2018-01-22,6612,3030.0,151000.0,50.25,50.0,49.5,50.0,-0.42,3.0
2018-01-23,6612,2000.0,99300.0,49.83,49.8,49.5,49.8,-0.18,2.0
2018-01-24,6612,6000.0,295900.0,49.65,49.5,49.0,49.5,-0.33,3.0
2018-01-25,6612,4000.0,197500.0,49.32,50.0,49.0,49.0,0.06,4.0
2018-01-26,6612,7.0,350.0,49.38,50.0,50.0,50.0,0.62,2.0
2018-01-29,6612,0.0,0.0,50.0,0.0,0.0,0.0,0.0,0.0
2018-01-30,6612,2000.0,100380.0,50.0,50.19,50.19,50.19,0.19,2.0
2018-01-31,6612,6020.0,301807.0,50.19,50.5,50.0,50.2,-0.06,7.0
2018-02-01,6612,2020.0,99980.0,50.13,49.5,49.01,49.01,-0.63,2.0
2018-02-02,6612,1000.0,49000.0,49.5,49.0,49.0,49.0,-0.5,1.0
2018-02-05,6612,0.0,0.0,49.0,0.0,0.0,0.0,0.0,0.0
2018-02-06,6612,9200.0,449000.0,49.0,50.0,48.5,50.0,-0.2,7.0
2018-02-07,6612,1000.0,48500.0,48.8,48.5,48.5,48.5,-0.3,1.0
2018-02-08,6612,9000.0,446480.0,48.5,49.99,49.5,49.5,1.11,6.0
2018-02-09,6612,18000.0,865680.0,49.61,48.5,46.08,48.4,-1.52,11.0
2018-02-12,6612,3000.0,147000.0,48.09,49.0,49.0,49.0,0.91,1.0
2018-02-21,6612,3000.0,145500.0,49.0,49.0,48.0,49.0,-0.5,3.0
2018-02-22,6612,0.0,0.0,48.5,0.0,0.0,0.0,0.0,0.0
2018-02-23,6612,2000.0,96500.0,48.5,48.5,48.0,48.5,-0.25,2.0
2018-02-26,6612,0.0,0.0,48.25,0.0,0.0,0.0,0.0,0.0
2018-02-27,6612,0.0,0.0,48.25,0.0,0.0,0.0,0.0,0.0
2018-03-01,6612,1000.0,49000.0,48.25,49.0,49.0,49.0,0.75,1.0
2018-03-02,6612,5000.0,245000.0,49.0,49.0,49.0,49.0,0.0,3.0
2018-03-05,6612,0.0,0.0,49.0,0.0,0.0,0.0,0.0,0.0
2018-03-06,6612,0.0,0.0,49.0,0.0,0.0,0.0,0.0,0.0
2018-03-07,6612,2000.0,100000.0,49.0,50.0,50.0,50.0,1.0,1.0
2018-03-08,6612,0.0,0.0,50.0,0.0,0.0,0.0,0.0,0.0
2018-03-09,6612,0.0,0.0,50.0,0.0,0.0,0.0,0.0,0.0
2018-03-12,6612,0.0,0.0,50.0,0.0,0.0,0.0,0.0,0.0
2018-03-13,6612,8000.0,389100.0,50.0,49.0,48.5,48.5,-1.36,5.0
2018-03-14,6612,17000.0,842200.0,48.64,50.0,49.0,50.0,0.9,9.0
2018-03-15,6612,41500.0,2102620.0,49.54,51.3,50.0,51.0,1.13,23.0
2018-03-16,6612,52000.0,2674440.0,50.67,51.99,51.02,51.5,0.76,27.0
2018-03-19,6612,34000.0,1757430.0,51.43,52.0,51.21,51.8,0.26,20.0
2018-03-20,6612,23100.0,1206900.0,51.69,52.6,51.5,52.0,0.56,11.0
2018-03-21,6612,0.0,0.0,52.25,0.0,0.0,0.0,0.0,0.0
2018-03-22,6612,0.0,0.0,52.25,0.0,0.0,0.0,0.0,0.0
2018-03-23,6612,22000.0,1097610.0,52.25,50.5,49.59,50.5,-2.36,12.0
2018-03-26,6612,11000.0,562060.0,49.89,51.39,50.5,51.39,1.21,9.0
2018-03-27,6612,13400.0,686066.0,51.1,51.5,51.0,51.38,0.1,10.0
2018-03-28,6612,14000.0,704750.0,51.2,51.0,50.0,50.0,-0.86,8.0
2018-03-29,6612,5300.0,271450.0,50.34,52.0,50.5,52.0,0.88,7.0
2018-03-30,6612,3000.0,153240.0,51.22,51.22,50.8,51.22,-0.14,3.0
2018-03-31,6612,18500.0,965510.0,51.08,52.5,51.7,52.0,1.11,10.0
2018-04-02,6612,3000.0,155500.0,52.19,52.0,51.5,52.0,-0.36,2.0
2018-04-03,6612,28700.0,1508150.0,51.83,53.3,51.5,52.5,0.72,14.0
2018-04-09,6612,163952.0,9876022.0,52.55,65.0,53.5,62.4,7.69,89.0
2018-04-10,6612,51900.0,3005710.0,60.24,62.4,56.05,56.5,-2.33,35.0
2018-04-11,6612,59500.0,3513720.0,57.91,60.0,58.0,59.5,1.14,36.0
2018-04-12,6612,21399.0,1192615.0,59.05,59.0,53.5,54.1,-3.32,16.0
2018-04-13,6612,31800.0,1717172.0,55.73,57.3,52.06,57.3,-1.73,29.0
2018-04-16,6612,1000.0,54060.0,54.0,54.06,54.06,54.06,0.06,1.0
2018-04-17,6612,16800.0,901920.0,54.06,54.2,53.1,53.1,-0.37,15.0
2018-04-18,6612,2000.0,109000.0,53.69,54.8,54.2,54.2,0.81,2.0
2018-04-19,6612,13400.0,729844.0,54.5,55.2,54.01,54.01,-0.03,9.0
2018-04-20,6612,20000.0,1096400.0,54.47,55.2,54.2,54.7,0.35,14.0
2018-04-23,6612,8800.0,481851.0,54.82,55.0,54.11,54.52,-0.06,10.0
2018-04-24,6612,19500.0,1056200.0,54.76,54.5,53.79,53.79,-0.6,10.0
2018-04-25,6612,27000.0,1434800.0,54.16,53.3,53.0,53.0,-1.02,12.0
2018-04-26,6612,16400.0,854664.0,53.14,53.49,51.6,52.01,-1.03,14.0
2018-04-27,6612,27300.0,1406787.0,52.11,52.29,51.0,51.2,-0.58,14.0
2018-04-30,6612,6000.0,318400.0,51.53,53.3,52.5,53.3,1.54,6.0
2018-05-02,6612,9500.0,501770.0,53.07,53.5,51.31,53.2,-0.25,8.0
2018-05-03,6612,32500.0,1763440.0,52.82,55.0,53.5,53.8,1.44,23.0
2018-05-04,6612,22500.0,1188700.0,54.26,54.2,52.0,53.0,-1.43,16.0
2018-05-07,6612,17000.0,891600.0,52.83,53.0,52.0,52.5,-0.38,13.0
2018-05-08,6612,20950.0,1102278.0,52.45,53.5,52.0,52.45,0.16,13.0
2018-05-09,6612,1000.0,53000.0,52.61,53.0,53.0,53.0,0.39,1.0
2018-05-10,6612,18000.0,945800.0,53.0,53.0,51.7,52.5,-0.46,10.0
2018-05-11,6612,10050.0,533500.0,52.54,53.5,52.0,53.0,0.54,8.0
2018-05-14,6612,24750.0,1371345.0,53.08,57.0,54.0,55.1,2.33,17.0
2018-05-15,6612,6050.0,336140.0,55.41,56.3,54.71,55.5,0.15,7.0
2018-05-16,6612,22500.0,1241920.0,55.56,55.89,54.61,54.61,-0.36,10.0
2018-05-17,6612,11000.0,606470.0,55.2,55.49,55.0,55.0,-0.07,9.0
2018-05-18,6612,46214.0,2610807.0,55.13,57.5,55.3,56.8,1.36,27.0
2018-05-21,6612,22500.0,1263440.0,56.49,56.5,55.6,56.0,-0.34,21.0
2018-05-22,6612,14820.0,821814.0,56.15,55.8,55.0,55.2,-0.7,11.0
2018-05-23,6612,11390.0,627806.0,55.45,55.7,55.0,55.0,-0.33,12.0
2018-05-24,6612,18090.0,998571.0,55.12,55.7,54.71,55.5,0.08,11.0
2018-05-25,6612,8040.0,444592.0,55.2,55.5,54.8,55.2,0.1,7.0
2018-05-28,6612,10550.0,578125.0,55.3,55.8,54.5,55.8,-0.5,8.0
2018-05-29,6612,4000.0,219300.0,54.8,55.2,54.5,54.8,0.03,4.0
2018-05-30,6612,2000.0,108410.0,54.83,54.4,54.01,54.4,-0.62,2.0
2018-05-31,6612,22050.0,1216205.0,54.21,55.5,54.01,55.2,0.95,17.0
2018-06-01,6612,39100.0,2187450.0,55.16,56.5,55.2,56.2,0.79,24.0
2018-06-04,6612,95150.0,5410400.0,55.95,57.8,56.0,56.5,0.91,50.0
2018-06-05,6612,10100.0,576988.0,56.86,57.48,56.2,57.0,0.27,7.0
2018-06-06,6612,63130.0,3603494.0,57.13,57.7,56.3,56.6,-0.05,36.0
2018-06-07,6612,12000.0,686780.0,57.08,57.5,57.0,57.2,0.15,7.0
2018-06-08,6612,43500.0,2524370.0,57.23,58.5,57.47,58.3,0.8,30.0
2018-06-11,6612,56570.0,3318241.0,58.03,59.3,58.01,59.3,0.63,32.0
2018-06-12,6612,236400.0,14856568.0,58.66,65.25,59.49,63.8,4.19,150.0
2018-06-13,6612,285850.0,19439725.0,62.85,69.5,64.0,68.3,5.16,169.0
2018-06-14,6612,244500.0,15907150.0,68.01,69.23,62.7,69.23,-2.95,128.0
2018-06-15,6612,121460.0,8043641.0,65.06,68.0,62.51,65.0,1.16,78.0
2018-06-19,6612,98700.0,6349490.0,66.22,65.5,63.7,64.79,-1.89,64.0
2018-06-20,6612,59000.0,3762470.0,64.33,64.79,62.7,63.99,-0.56,37.0
2018-06-21,6612,91000.0,5834075.0,63.77,65.0,62.7,63.25,0.34,49.0
2018-06-22,6612,32700.0,2056500.0,64.11,63.2,62.45,62.99,-1.22,22.0
2018-06-25,6612,39505.0,2444774.0,62.89,62.5,61.01,61.99,-1.0,28.0
2018-06-26,6612,197510.0,11413380.0,61.89,61.5,56.1,59.2,-4.1,102.0
2018-06-27,6612,86350.0,5124859.0,57.79,59.99,58.01,59.99,1.56,40.0
2018-06-28,6612,262040.0,16588852.0,59.35,64.79,60.0,63.0,3.96,174.0
2018-06-29,6612,196420.0,12552895.0,63.31,64.5,63.01,63.8,0.6,118.0
2018-07-02,6612,160023.0,10435104.0,63.91,66.39,64.0,65.8,1.3,111.0
2018-07-03,6612,125600.0,8277335.0,65.21,66.5,65.0,65.5,0.69,78.0
2018-07-04,6612,59050.0,3821940.0,65.9,65.49,64.01,64.5,-1.18,42.0
2018-07-05,6612,61063.0,3897525.0,64.72,64.99,62.7,62.7,-0.89,42.0
2018-07-06,6612,86530.0,5329500.0,63.83,63.83,60.01,61.5,-2.24,50.0
2018-07-09,6612,93100.0,5793419.0,61.59,62.9,61.73,62.5,0.64,52.0
2018-07-10,6612,134250.0,8710667.0,62.23,65.99,63.0,65.28,2.65,91.0
2018-07-11,6612,138620.0,9237126.0,64.88,68.0,65.2,67.0,1.76,97.0
2018-07-12,6612,780300.0,55132456.0,66.64,73.99,66.6,73.99,4.02,419.0
2018-07-13,6612,235356.0,16835209.0,70.66,74.0,70.0,71.18,0.87,160.0
2018-07-16,6612,171103.0,11973143.0,71.53,71.18,68.0,70.0,-1.55,108.0
2018-07-17,6612,130430.0,9110785.0,69.98,70.44,69.0,69.0,-0.13,92.0
2018-07-18,6612,3174410.0,248270443.0,69.5,88.0,68.9,85.0,38.55,1969.0
2018-07-19,6612,1883146.0,158983718.0,85.0,88.9,80.5,83.3,-1.7,1332.0
2018-07-20,6612,2171350.0,190585675.0,82.1,90.5,82.0,88.1,4.8,1510.0
2018-07-23,6612,1275165.0,108635807.0,86.9,88.0,83.2,84.5,-3.6,912.0
2018-07-24,6612,1063302.0,90866752.0,84.0,88.8,82.4,86.6,2.1,773.0
2018-07-25,6612,969370.0,81052376.0,84.8,86.3,82.1,83.0,-3.6,759.0
2018-07-26,6612,1266051.0,109274882.0,83.5,89.4,83.0,88.0,5.0,966.0
2018-07-27,6612,771100.0,66600600.0,87.0,88.8,85.3,86.6,-1.4,661.0
2018-07-30,6612,1192544.0,96089132.0,85.3,85.3,78.0,78.0,-8.6,936.0
2018-07-31,6612,387155.0,30046635.0,77.0,79.5,76.2,78.2,0.2,324.0
2018-08-01,6612,511058.0,41747238.0,79.9,84.0,79.2,81.6,3.4,448.0
2018-08-02,6612,336020.0,26622488.0,80.8,81.0,78.0,78.8,-2.8,289.0
2018-08-03,6612,397300.0,31059900.0,79.5,80.4,76.8,77.0,-1.8,342.0
2018-08-06,6612,790500.0,62432899.0,76.1,83.0,73.2,83.0,6.0,602.0
2018-08-07,6612,762716.0,63702306.0,81.0,85.5,80.9,81.3,-1.7,668.0
2018-08-08,6612,605850.0,47244029.0,78.0,79.0,77.0,77.6,-3.7,467.0
2018-08-09,6612,299007.0,22535443.0,77.5,77.5,74.5,75.0,-2.6,241.0
2018-08-10,6612,314650.0,24056408.0,75.7,77.6,75.0,75.1,0.1,259.0
2018-08-13,6612,291300.0,21121579.0,75.0,75.0,70.0,71.6,-3.5,258.0
2018-08-14,6612,165000.0,12021600.0,72.3,73.5,71.9,72.8,1.2,148.0
2018-08-15,6612,275500.0,19263800.0,72.2,72.2,68.2,69.1,-3.7,240.0
2018-08-16,6612,195200.0,13528700.0,69.1,70.8,68.0,69.4,0.3,165.0
2018-08-17,6612,175000.0,12132500.0,69.6,70.8,68.3,68.3,-1.1,147.0
2018-08-20,6612,187000.0,12529200.0,68.3,68.4,66.0,66.0,-2.3,149.0
2018-08-21,6612,349000.0,22799900.0,66.5,68.0,64.3,65.1,-0.9,244.0
2018-08-22,6612,238000.0,15406500.0,65.2,66.5,63.5,63.6,-1.5,196.0
2018-08-23,6612,163085.0,10317240.0,63.0,64.4,62.6,62.9,-0.7,103.0
2018-08-24,6612,223000.0,13781600.0,62.8,63.0,60.5,62.8,-0.1,178.0
2018-08-27,6612,89000.0,5616500.0,62.8,63.6,62.6,63.1,0.3,73.0
2018-08-28,6612,165000.0,10472700.0,63.6,64.6,62.9,63.0,-0.1,100.0
2018-08-29,6612,69000.0,4311100.0,63.0,63.0,62.1,62.2,-0.8,63.0
2018-08-30,6612,84000.0,5275000.0,62.3,63.6,62.2,62.4,0.2,73.0
2018-08-31,6612,331000.0,21538000.0,63.0,66.9,62.6,66.0,3.6,276.0
2018-09-03,6612,227000.0,14527600.0,65.3,65.6,62.8,62.9,-3.1,191.0
2018-09-04,6612,42000.0,2650500.0,62.6,63.6,62.6,62.9,0.0,39.0
2018-09-05,6612,154500.0,9475550.0,62.8,62.8,60.8,61.0,-1.9,133.0
2018-09-06,6612,158550.0,9508205.0,60.1,60.9,59.0,59.2,-1.8,130.0
2018-09-07,6612,160550.0,9156874.0,58.5,59.0,55.9,56.5,-2.7,140.0
2018-09-10,6612,132050.0,7261800.0,56.5,56.8,53.7,53.8,-2.7,113.0
2018-09-11,6612,141000.0,7424800.0,54.0,54.0,52.0,52.7,-1.1,121.0
2018-09-12,6612,91000.0,4783800.0,53.1,53.8,52.0,53.2,0.5,67.0
2018-09-13,6612,369000.0,21303900.0,53.9,58.5,53.4,58.5,5.3,299.0
2018-09-14,6612,282200.0,16098220.0,57.0,58.1,56.1,56.9,-1.6,245.0
2018-09-17,6612,139500.0,7655950.0,57.1,57.1,54.1,54.7,-2.2,113.0
2018-09-18,6612,78100.0,4306380.0,54.7,56.1,54.2,54.7,0.0,72.0
2018-09-19,6612,46300.0,2534150.0,54.8,55.0,54.5,55.0,0.3,44.0
2018-09-20,6612,227400.0,13193900.0,55.9,59.8,55.6,57.6,2.6,209.0
2018-09-21,6612,118000.0,6681000.0,56.5,57.7,56.1,57.7,0.1,102.0
2018-09-25,6612,473035.0,29412477.0,58.2,63.3,58.2,62.2,4.5,379.0
2018-09-26,6612,199000.0,12105500.0,61.8,61.8,60.1,61.7,-0.5,177.0
2018-09-27,6612,110000.0,6795100.0,60.9,62.5,60.9,62.0,0.3,101.0
2018-09-28,6612,80000.0,4887500.0,61.5,62.0,60.7,60.7,-1.3,70.0
2018-10-01,6612,76001.0,4672061.0,61.9,62.4,60.5,61.3,0.6,72.0
2018-10-02,6612,110169.0,6725478.0,61.4,61.5,60.3,60.3,-1.0,74.0
2018-10-03,6612,216270.0,13586975.0,62.4,64.8,61.6,62.5,2.2,198.0
2018-10-04,6612,79000.0,4879500.0,62.5,62.5,61.2,61.5,-1.0,66.0
2018-10-05,6612,177000.0,10502500.0,60.9,61.0,58.1,59.0,-2.5,146.0
2018-10-08,6612,94095.0,5580905.0,59.4,59.8,59.0,59.0,0.0,85.0
2018-10-09,6612,98250.0,5671725.0,59.1,59.1,56.8,57.5,-1.5,86.0
2018-10-11,6612,224050.0,11719950.0,55.8,55.8,51.8,52.2,-5.3,159.0
2018-10-12,6612,82000.0,4343500.0,52.0,54.6,51.9,54.2,2.0,60.0
2018-10-15,6612,418000.0,24703300.0,57.9,59.6,57.5,59.6,5.4,321.0
2018-10-16,6612,921553.0,58376534.0,59.7,65.5,59.7,65.5,5.9,680.0
2018-10-17,6612,1190724.0,82243939.0,66.6,72.0,66.1,69.9,4.4,958.0
2018-10-18,6612,511595.0,35025011.0,69.9,71.1,66.5,69.1,-0.8,454.0
2018-10-19,6612,907275.0,65097443.0,66.8,75.0,66.8,74.0,4.9,747.0
2018-10-22,6612,527288.0,38183742.0,73.0,73.6,71.0,73.0,-1.0,446.0
2018-10-23,6612,580397.0,40780893.0,72.0,74.0,68.1,68.8,-4.2,490.0
2018-10-24,6612,483000.0,32807000.0,69.0,71.0,65.0,70.0,1.2,404.0
2018-10-25,6612,323200.0,21745540.0,66.3,69.2,66.1,66.5,-3.5,295.0
2018-10-26,6612,278336.0,18296970.0,67.2,68.7,63.4,64.2,-2.3,250.0
2018-10-29,6612,187000.0,12060900.0,64.2,66.1,63.6,64.0,-0.2,164.0
2018-10-30,6612,256000.0,16629200.0,67.8,67.8,62.1,65.1,1.1,224.0
2018-10-31,6612,205000.0,13386300.0,65.0,65.8,64.7,65.4,0.3,175.0
2018-11-01,6612,243000.0,15885700.0,64.8,65.9,64.8,65.0,-0.4,183.0
2018-11-02,6612,555086.0,37958449.0,65.7,71.5,64.5,71.5,6.5,483.0
2018-11-05,6612,916001.0,68827178.0,73.2,77.9,72.5,75.5,4.0,712.0
2018-11-06,6612,475034.0,34605182.0,74.2,74.8,70.9,71.0,-4.5,404.0
2018-11-07,6612,326002.0,23690554.0,71.1,74.0,71.0,73.5,2.5,274.0
2018-11-08,6612,260007.0,18779199.0,74.4,74.5,71.0,71.3,-2.2,224.0
2018-11-09,6612,223115.0,15612846.0,71.1,71.1,69.1,69.8,-1.5,187.0
2018-11-12,6612,364438.0,24508069.0,69.1,69.1,66.5,66.6,-3.2,315.0
2018-11-13,6612,244055.0,16674095.0,64.5,69.7,64.5,68.0,1.4,234.0
2018-11-14,6612,180000.0,12141500.0,68.3,68.6,66.8,67.3,-0.7,163.0
2018-11-15,6612,122045.0,8246682.0,67.9,68.0,67.0,67.6,0.3,106.0
2018-11-16,6612,105000.0,7117800.0,68.2,68.3,67.1,67.5,-0.1,84.0
2018-11-19,6612,112000.0,7603300.0,67.6,68.1,67.5,67.9,0.4,92.0
2018-11-20,6612,138000.0,9470500.0,67.5,69.9,67.5,68.5,0.6,123.0
2018-11-21,6612,148045.0,10039842.0,67.6,68.1,67.1,68.0,-0.5,114.0
2018-11-22,6612,142000.0,9650100.0,68.7,68.8,67.2,67.6,-0.4,124.0
2018-11-23,6612,347066.0,24264793.0,68.8,72.0,68.5,68.9,1.3,299.0
2018-11-26,6612,193200.0,13143600.0,68.3,68.6,67.5,68.0,-0.9,159.0
2018-11-27,6612,76000.0,5195800.0,68.1,68.8,67.7,68.8,0.8,69.0
2018-11-28,6612,153000.0,10554800.0,68.9,69.7,68.6,68.7,-0.1,139.0
2018-11-29,6612,145000.0,9963600.0,68.7,69.6,68.2,68.7,0.0,128.0
2018-11-30,6612,127500.0,8793200.0,68.8,69.5,68.4,68.4,-0.3,112.0
2018-12-03,6612,213351.0,14776110.0,69.2,70.1,68.6,70.1,1.7,185.0
2018-12-04,6612,118100.0,8159010.0,70.0,70.0,68.5,68.5,-1.6,104.0
2018-12-05,6612,133000.0,8888600.0,66.8,67.5,66.5,66.7,-1.8,120.0
2018-12-06,6612,219000.0,14015600.0,66.4,66.5,62.5,63.0,-3.7,194.0
2018-12-07,6612,88000.0,5716300.0,65.4,66.0,64.1,65.3,2.3,84.0
2018-12-10,6612,65000.0,4193900.0,64.2,65.6,64.2,64.2,-1.1,60.0
2018-12-11,6612,40000.0,2599000.0,64.5,65.4,64.5,65.3,1.1,36.0
2018-12-12,6612,107000.0,7090500.0,65.7,66.6,65.7,66.2,0.9,94.0
2018-12-13,6612,94000.0,6253700.0,66.5,67.0,66.2,66.5,0.3,80.0
2018-12-14,6612,66000.0,4306300.0,66.5,66.5,64.8,64.8,-1.7,64.0
2018-12-17,6612,70010.0,4492249.0,63.0,65.0,63.0,63.8,-1.0,61.0
2018-12-18,6612,65100.0,4100539.0,63.7,64.0,62.6,63.1,-0.7,54.0
2018-12-19,6612,49000.0,3083500.0,63.5,63.7,62.6,62.7,-0.4,44.0
2018-12-20,6612,110000.0,6762400.0,62.5,62.7,60.6,61.1,-1.6,95.0
2018-12-21,6612,41000.0,2508900.0,61.9,61.9,60.6,61.7,0.6,33.0
2018-12-22,6612,40000.0,2424600.0,61.1,61.1,60.2,60.7,-1.0,37.0
2018-12-24,6612,39000.0,2386300.0,60.2,61.9,60.2,61.4,0.7,36.0
2018-12-25,6612,38000.0,2288100.0,60.6,60.7,60.0,60.3,-1.1,38.0
2018-12-26,6612,52100.0,3153149.0,61.0,61.2,60.0,60.0,-0.3,49.0
2018-12-27,6612,31000.0,1882900.0,60.5,61.5,60.5,60.6,0.6,29.0
2018-12-28,6612,38000.0,2305700.0,60.7,61.7,60.2,60.7,0.1,34.0
2019-01-02,6612,58000.0,3585100.0,61.0,63.0,61.0,62.0,1.3,56.0
2019-01-03,6612,61000.0,3777400.0,62.0,62.5,60.8,61.6,-0.4,57.0
2019-01-04,6612,62000.0,3784400.0,61.1,61.8,60.4,61.6,0.0,57.0
2019-01-07,6612,107100.0,6743280.0,62.8,64.2,62.0,63.8,2.2,98.0
2019-01-08,6612,201000.0,13131200.0,64.2,66.8,62.9,66.0,2.2,168.0
2019-01-09,6612,110050.0,7224475.0,65.7,66.2,65.1,65.9,-0.1,90.0
2019-01-10,6612,131001.0,8381067.0,64.3,64.7,63.6,63.6,-2.3,119.0
2019-01-11,6612,57300.0,3607550.0,63.1,63.7,62.5,62.5,-1.1,52.0
2019-01-14,6612,92005.0,5651322.0,62.5,62.5,61.2,61.2,-1.3,85.0
2019-01-15,6612,38010.0,2337025.0,61.1,61.8,61.1,61.5,0.3,36.0
2019-01-16,6612,22047.0,1353142.0,61.4,62.1,61.0,62.1,0.6,22.0
2019-01-17,6612,30066.0,1858065.0,62.0,62.0,61.5,61.7,-0.4,27.0
2019-01-18,6612,27000.0,1672100.0,62.0,62.4,61.5,61.9,0.2,27.0
2019-01-21,6612,21100.0,1300810.0,62.3,62.3,61.5,61.7,-0.2,17.0
2019-01-22,6612,40000.0,2471800.0,61.5,62.1,61.4,62.1,0.4,36.0
2019-01-23,6612,594201.0,38920766.0,63.1,66.6,63.1,66.0,3.9,532.0
2019-01-24,6612,1084210.0,74442763.0,66.0,69.7,66.0,68.5,2.5,869.0
2019-01-25,6612,380225.0,25839900.0,68.7,68.7,67.1,67.5,-1.0,312.0
2019-01-28,6612,167030.0,11146295.0,67.5,67.5,66.4,66.5,-1.0,142.0
2019-01-29,6612,115106.0,7579017.0,66.1,66.2,65.5,65.8,-0.7,93.0
2019-01-30,6612,350000.0,23464300.0,66.0,68.2,66.0,67.0,1.2,245.0
2019-02-11,6612,212000.0,14344800.0,67.0,68.4,66.2,68.2,1.2,168.0
2019-02-12,6612,319000.0,21875200.0,68.5,69.8,67.8,68.1,-0.1,256.0
2019-02-13,6612,913100.0,66000310.0,70.0,74.4,70.0,71.6,3.5,639.0
2019-02-14,6612,396497.0,28128187.0,71.8,72.0,70.2,70.9,-0.7,325.0
2019-02-15,6612,325100.0,22992740.0,71.4,72.9,69.8,69.8,-1.1,285.0
2019-02-18,6612,183042.0,12882677.0,70.6,70.8,70.0,70.4,0.6,146.0
2019-02-19,6612,244050.0,17148824.0,71.5,71.8,69.0,69.8,-0.6,204.0
2019-02-20,6612,138000.0,9614700.0,69.8,70.2,69.4,69.9,0.1,111.0
2019-02-21,6612,158000.0,11041400.0,70.1,70.9,69.1,69.2,-0.7,135.0
2019-02-22,6612,190000.0,13001700.0,69.3,69.4,68.0,68.1,-1.1,157.0
2019-02-25,6612,134000.0,9097800.0,68.1,68.3,67.6,67.7,-0.4,109.0
2019-02-26,6612,129100.0,8670730.0,67.6,67.7,67.0,67.0,-0.7,107.0
2019-02-27,6612,91000.0,6113300.0,67.0,67.5,66.4,67.5,0.5,70.0
2019-03-04,6612,177001.0,12156768.0,68.0,69.6,67.9,68.8,1.3,147.0
2019-03-05,6612,95000.0,6481800.0,68.7,68.7,67.7,68.0,-0.8,77.0
2019-03-06,6612,105000.0,7151000.0,68.0,68.4,67.7,68.0,0.0,75.0
2019-03-07,6612,160000.0,10947900.0,68.0,69.2,67.9,67.9,-0.1,121.0
2019-03-08,6612,105016.0,7069173.0,67.8,68.0,66.7,67.1,-0.8,81.0
2019-03-11,6612,260000.0,17002500.0,66.8,66.8,64.8,65.0,-2.1,216.0
2019-03-12,6612,114000.0,7428000.0,65.1,65.5,64.9,65.0,0.0,90.0
2019-03-13,6612,117200.0,7631060.0,65.8,65.8,64.7,64.7,-0.3,100.0
2019-03-14,6612,159000.0,10188300.0,64.2,65.0,63.7,63.8,-0.9,132.0
2019-03-15,6612,128002.0,8273330.0,63.5,65.5,63.5,64.5,0.7,117.0
2019-03-18,6612,121000.0,7744300.0,64.5,64.5,63.8,64.1,-0.4,83.0
2019-03-19,6612,45001.0,2884064.0,64.5,64.5,63.9,63.9,-0.2,35.0
2019-03-20,6612,61000.0,3916300.0,64.0,64.5,64.0,64.1,0.2,49.0
2019-03-21,6612,73000.0,4687700.0,64.1,64.6,64.0,64.1,0.0,51.0
2019-03-22,6612,76000.0,4884700.0,64.2,65.0,63.8,64.2,0.1,60.0
2019-03-25,6612,87000.0,5530000.0,63.8,63.8,63.3,63.4,-0.8,48.0
2019-03-26,6612,95000.0,6022400.0,63.3,64.2,63.0,63.0,-0.4,70.0
2019-03-27,6612,64000.0,4041800.0,63.8,63.8,63.0,63.0,0.0,54.0
2019-03-28,6612,38150.0,2398350.0,63.0,63.2,62.5,63.0,0.0,36.0
2019-03-29,6612,97030.0,6043989.0,62.9,63.2,62.0,62.1,-0.9,85.0
2019-04-01,6612,74000.0,4601300.0,62.9,62.9,61.9,62.1,0.0,59.0
2019-04-02,6612,47000.0,2921200.0,62.5,62.5,61.9,62.5,0.4,41.0
2019-04-03,6612,107000.0,6801500.0,62.6,64.3,62.6,63.7,1.2,95.0
2019-04-08,6612,59000.0,3765700.0,63.9,64.3,63.4,64.0,0.3,50.0
2019-04-09,6612,41000.0,2625500.0,64.2,64.3,63.8,64.0,0.0,36.0
2019-04-10,6612,34377.0,2190814.0,64.0,64.0,63.4,63.7,-0.3,33.0
2019-04-11,6612,96001.0,6021062.0,63.7,63.7,62.1,62.1,-1.6,72.0
2019-04-12,6612,86120.0,5355880.0,62.1,63.7,61.9,61.9,-0.2,69.0
2019-04-15,6612,114100.0,7006509.0,62.0,62.0,60.6,61.0,-0.9,84.0
2019-04-16,6612,50070.0,3039770.0,61.2,61.3,60.5,61.0,0.0,44.0
2019-04-17,6612,30000.0,1848500.0,61.5,61.8,61.3,61.3,0.3,26.0
2019-04-18,6612,121000.0,7301300.0,61.5,61.5,60.0,60.0,-1.3,93.0
2019-04-19,6612,35000.0,2108100.0,60.0,60.8,60.0,60.7,0.7,22.0
2019-04-22,6612,38000.0,2339200.0,61.0,62.0,61.0,61.5,0.8,35.0
2019-04-23,6612,24000.0,1481800.0,61.7,61.9,61.5,61.5,0.0,23.0
2019-04-24,6612,19090.0,1183599.0,62.5,62.5,61.6,61.6,0.1,16.0
2019-04-25,6612,24090.0,1472890.0,61.6,61.6,61.0,61.0,-0.6,22.0
2019-04-26,6612,23000.0,1412700.0,61.5,61.7,61.1,61.3,0.3,21.0
2019-04-29,6612,39071.0,2368152.0,61.1,61.1,60.0,60.5,-0.8,30.0
2019-04-30,6612,36000.0,2171700.0,60.3,60.6,60.0,60.5,0.0,30.0
2019-05-02,6612,27100.0,1637950.0,60.6,60.8,60.2,60.5,0.0,21.0
2019-05-03,6612,65000.0,3911900.0,60.0,60.5,60.0,60.2,-0.3,50.0
2019-05-06,6612,76000.0,4566400.0,60.0,60.3,60.0,60.2,0.0,41.0
2019-05-07,6612,36000.0,2164600.0,60.2,60.8,60.0,60.0,-0.2,31.0
2019-05-08,6612,54000.0,3255000.0,60.0,60.6,60.0,60.6,0.6,44.0
2019-05-09,6612,109100.0,6643420.0,61.5,61.6,60.0,60.2,-0.4,92.0
2019-05-10,6612,41000.0,2485800.0,60.3,61.0,60.3,60.4,0.2,36.0
2019-05-13,6612,156045.0,9106987.0,60.4,60.8,57.3,57.3,-3.1,114.0
2019-05-14,6612,53000.0,3018200.0,56.0,58.7,56.0,57.5,0.2,41.0
2019-05-15,6612,19021.0,1103428.0,57.6,58.1,57.6,58.0,0.5,19.0
2019-05-16,6612,26000.0,1520800.0,58.0,59.0,58.0,58.9,0.9,26.0
2019-05-17,6612,63000.0,3677700.0,58.9,59.0,57.8,57.8,-1.1,61.0
2019-05-20,6612,14000.0,808100.0,58.0,58.0,56.9,57.8,0.0,11.0
2019-05-21,6612,17151.0,986158.0,57.5,58.0,57.0,57.3,-0.5,18.0
2019-05-22,6612,48000.0,2745500.0,57.3,57.6,56.8,57.3,0.0,35.0
2019-05-23,6612,80045.0,4450535.0,56.3,56.3,54.6,56.3,-1.0,68.0
2019-05-24,6612,22045.0,1237647.0,56.1,56.8,55.8,55.8,-0.5,21.0
2019-05-27,6612,27000.0,1540100.0,57.0,57.6,56.5,56.9,1.1,22.0
2019-05-28,6612,16000.0,918500.0,57.1,57.9,57.1,57.4,0.5,16.0
2019-05-29,6612,8000.0,454500.0,57.0,57.0,56.7,56.8,-0.6,7.0
2019-05-30,6612,4000.0,228100.0,56.7,57.4,56.6,57.4,0.6,4.0
2019-05-31,6612,44000.0,2530900.0,57.1,58.0,57.0,57.8,0.4,31.0
2019-06-03,6612,25000.0,1437900.0,56.8,58.0,56.8,58.0,0.2,21.0
2019-06-04,6612,21000.0,1224700.0,58.0,58.5,58.0,58.3,0.3,19.0
2019-06-05,6612,23000.0,1338000.0,58.3,58.5,58.0,58.2,-0.1,17.0
2019-06-06,6612,15000.0,867800.0,58.2,58.2,57.5,57.6,-0.6,13.0
2019-06-10,6612,88000.0,5236800.0,59.8,59.8,59.1,59.5,1.9,68.0
2019-06-11,6612,11000.0,649000.0,59.0,59.0,59.0,59.0,-0.5,8.0
2019-06-12,6612,54000.0,3150100.0,59.2,59.2,57.7,58.5,-0.5,43.0
2019-06-13,6612,15000.0,869500.0,58.5,58.5,57.5,58.1,-0.4,12.0
2019-06-14,6612,327000.0,20735300.0,60.3,63.9,60.2,63.9,5.8,217.0
2019-06-17,6612,938040.0,61895772.0,64.7,67.3,64.7,65.8,1.9,739.0
2019-06-18,6612,247040.0,15872751.0,65.1,65.4,63.4,63.6,-2.2,198.0
2019-06-19,6612,139005.0,8918537.0,64.2,64.9,63.5,64.0,0.4,103.0
2019-06-20,6612,88005.0,5600642.0,64.0,64.0,63.2,63.7,-0.3,80.0
2019-06-21,6612,73000.0,4672400.0,63.7,64.6,63.5,63.5,-0.2,63.0
2019-06-24,6612,955559.0,66470217.0,69.0,69.8,68.1,69.8,6.3,587.0
2019-06-25,6612,937390.0,65021951.0,69.5,70.8,67.1,68.6,-1.2,750.0
2019-06-26,6612,300192.0,20151372.0,68.5,68.5,66.5,66.5,-2.1,256.0
2019-06-27,6612,166295.0,11093647.0,66.6,67.3,66.3,66.6,0.1,135.0
2019-06-28,6612,184570.0,12471822.0,66.6,68.3,66.6,67.0,0.4,173.0
2019-07-01,6612,160000.0,10622300.0,67.3,67.4,66.0,66.3,-0.7,133.0
2019-07-02,6612,279203.0,18950660.0,66.1,68.6,66.1,67.7,1.4,240.0
2019-07-03,6612,172299.0,11611532.0,68.1,68.3,66.9,67.0,-0.7,131.0
2019-07-04,6612,177080.0,12005216.0,67.5,68.5,67.1,67.8,0.8,152.0
2019-07-05,6612,950102.0,67315916.0,69.8,72.5,69.1,69.3,1.5,782.0
2019-07-08,6612,241704.0,16570252.0,69.1,69.3,67.6,68.5,-0.8,196.0
2019-07-09,6612,992552.0,70971833.0,70.5,72.6,70.1,70.9,2.4,785.0
2019-07-10,6612,249068.0,17688048.0,71.1,71.6,70.4,71.1,0.2,181.0
2019-07-11,6612,279050.0,19739825.0,71.2,71.5,69.4,70.5,-0.6,192.0
2019-07-12,6612,176000.0,12488800.0,71.0,71.4,70.5,70.9,0.4,129.0
2019-07-15,6612,201050.0,14282810.0,71.4,71.8,70.5,70.5,-0.4,153.0
2019-07-16,6612,237060.0,16919596.0,70.7,71.9,70.7,71.6,1.1,197.0
2019-07-17,6612,279050.0,19856825.0,71.1,71.8,70.7,70.7,0.0,204.0
2019-07-18,6612,458268.0,31880377.0,70.7,71.5,68.5,68.6,-2.1,322.0
2019-07-19,6612,179012.0,12334728.0,68.7,69.5,68.1,69.0,0.4,154.0
2019-07-22,6612,265222.0,18044473.0,69.0,69.0,67.7,67.9,-1.1,194.0
2019-07-23,6612,116000.0,7859700.0,68.1,68.5,67.1,67.7,-0.2,96.0
2019-07-24,6612,85553.0,5837993.0,68.0,68.8,67.9,68.0,0.3,75.0
2019-07-25,6612,187000.0,12873800.0,68.3,69.6,68.2,69.3,1.3,128.0
2019-07-26,6612,167116.0,11673020.0,69.0,70.3,69.0,70.1,0.8,138.0
2019-07-29,6612,92000.0,6454600.0,70.8,70.9,69.7,69.9,-0.2,73.0
2019-07-30,6612,173000.0,11841000.0,69.6,69.6,68.0,68.1,-1.8,128.0
2019-07-31,6612,55000.0,3765300.0,67.5,68.8,67.2,68.8,0.7,43.0
2019-08-01,6612,91000.0,6198800.0,67.6,68.8,67.6,68.2,-0.6,56.0
2019-08-02,6612,79000.0,5344900.0,68.4,68.4,67.2,67.9,-0.3,63.0
2019-08-05,6612,59000.0,4040400.0,67.6,68.8,67.6,68.6,0.7,45.0
2019-08-06,6612,165060.0,11396964.0,67.5,69.7,67.5,69.5,0.9,120.0
2019-08-07,6612,135162.0,9465140.0,69.9,70.4,69.7,70.0,0.5,103.0
2019-08-08,6612,136000.0,9489900.0,69.9,70.8,69.2,69.2,-0.8,108.0
2019-08-12,6612,156100.0,10548760.0,68.7,68.8,67.0,67.6,-1.6,100.0
2019-08-13,6612,89000.0,5930500.0,66.6,67.4,65.6,66.9,-0.7,79.0
2019-08-14,6612,51000.0,3422200.0,66.9,67.7,66.7,67.5,0.6,46.0
2019-08-15,6612,126000.0,8355100.0,67.1,67.1,65.8,66.0,-1.5,77.0
2019-08-16,6612,103100.0,6721320.0,66.8,66.8,64.8,65.5,-0.5,82.0
2019-08-19,6612,101005.0,6632928.0,65.5,66.3,65.2,66.2,0.7,86.0
2019-08-20,6612,64000.0,4217900.0,66.2,66.3,65.3,66.0,-0.2,51.0
2019-08-21,6612,43003.0,2821598.0,66.4,66.4,65.3,66.0,0.0,34.0
2019-08-22,6612,25000.0,1649700.0,66.1,66.3,65.6,66.1,0.1,24.0
2019-08-23,6612,30000.0,1972700.0,66.8,66.8,65.2,65.8,-0.3,30.0
2019-08-26,6612,75050.0,4831555.0,65.0,65.8,64.0,65.8,0.0,56.0
2019-08-27,6612,35000.0,2295500.0,65.5,65.7,65.2,65.3,-0.5,32.0
2019-08-28,6612,31100.0,2028429.0,65.4,65.4,64.7,65.2,-0.1,27.0
2019-08-29,6612,73000.0,4839700.0,65.7,66.7,65.7,66.0,0.8,62.0
2019-08-30,6612,42000.0,2765200.0,66.0,66.4,65.5,66.0,0.0,37.0
2019-09-02,6612,73485.0,4860407.0,66.0,66.4,66.0,66.2,0.2,60.0
2019-09-03,6612,55000.0,3641300.0,66.8,66.8,66.0,66.1,-0.1,45.0
2019-09-04,6612,50000.0,3306100.0,66.6,66.6,65.9,65.9,-0.2,42.0
2019-09-05,6612,41100.0,2711590.0,66.6,66.6,65.7,65.7,-0.2,39.0
2019-09-06,6612,35000.0,2289500.0,65.6,65.6,65.2,65.5,-0.2,30.0
2019-09-09,6612,60000.0,3896900.0,65.3,65.5,64.5,64.7,-0.8,50.0
2019-09-10,6612,125100.0,8023929.0,65.3,65.3,63.5,63.6,-1.1,72.0
2019-09-11,6612,39000.0,2487000.0,63.6,64.0,63.6,63.8,0.2,23.0
2019-09-12,6612,41000.0,2627700.0,63.9,64.5,63.6,63.7,-0.1,27.0
2019-09-16,6612,27100.0,1719889.0,63.6,63.7,63.2,63.4,-0.3,24.0
2019-09-17,6612,11000.0,700500.0,63.9,63.9,63.2,63.2,-0.2,11.0
2019-09-18,6612,33100.0,2096220.0,63.2,63.9,63.2,63.9,0.7,22.0
2019-09-19,6612,28000.0,1775100.0,63.5,63.9,63.1,63.9,0.0,27.0
2019-09-20,6612,18000.0,1149600.0,64.0,64.0,63.7,63.8,-0.1,15.0
2019-09-23,6612,86000.0,5570800.0,64.1,65.8,64.1,64.6,0.8,57.0
2019-09-24,6612,15000.0,967500.0,64.4,64.8,64.4,64.6,0.0,15.0
2019-09-25,6612,543559.0,36717501.0,66.0,69.2,66.0,68.6,4.0,457.0
2019-09-26,6612,228060.0,15585480.0,68.8,69.2,67.6,67.8,-0.8,195.0
2019-09-27,6612,130000.0,8819200.0,68.2,68.4,67.0,68.0,0.2,100.0
2019-10-01,6612,86050.0,5861060.0,68.7,68.7,67.5,68.0,0.0,76.0
2019-10-02,6612,62000.0,4194900.0,68.0,68.0,67.3,67.5,-0.5,52.0
2019-10-03,6612,60000.0,4044800.0,66.7,68.1,66.6,67.5,0.0,55.0
2019-10-04,6612,101040.0,6864712.0,67.5,68.4,67.5,67.6,0.1,73.0
2019-10-07,6612,86000.0,5767700.0,68.0,68.4,66.8,66.8,-0.8,70.0
2019-10-08,6612,38150.0,2535820.0,66.8,66.9,66.0,66.2,-0.6,39.0
2019-10-09,6612,25000.0,1661400.0,66.3,67.0,66.3,66.4,0.2,22.0
2019-10-14,6612,125000.0,8451900.0,67.8,68.2,66.8,67.4,1.0,96.0
2019-10-15,6612,51010.0,3406868.0,67.4,67.4,66.5,66.6,-0.8,41.0
2019-10-16,6612,67000.0,4406500.0,66.6,66.6,65.2,65.2,-1.4,61.0
2019-10-17,6612,35000.0,2311200.0,65.8,66.2,65.5,66.2,1.0,26.0
2019-10-18,6612,78300.0,5225500.0,65.5,67.5,65.5,67.3,1.1,73.0
2019-10-21,6612,100000.0,6730300.0,67.3,67.7,66.9,67.0,-0.3,84.0
2019-10-22,6612,43040.0,2871900.0,66.6,67.0,66.5,66.7,-0.3,38.0
2019-10-23,6612,88000.0,5839700.0,67.0,67.5,65.7,66.4,-0.3,60.0
2019-10-24,6612,111000.0,7325500.0,66.5,67.0,65.4,65.8,-0.6,83.0
2019-10-25,6612,101000.0,6592300.0,65.8,65.8,65.0,65.0,-0.8,85.0
2019-10-28,6612,120100.0,7761200.0,65.1,65.4,64.0,64.1,-0.9,99.0
2019-10-29,6612,62100.0,4052250.0,64.6,66.0,64.5,65.5,1.4,57.0
2019-10-30,6612,109176.0,7226656.0,65.5,66.5,65.4,66.2,0.7,88.0
2019-10-31,6612,230105.0,15527045.0,66.5,68.4,66.5,68.2,2.0,203.0
2019-11-01,6612,680126.0,47770830.0,68.2,72.0,68.2,69.3,1.1,549.0
2019-11-04,6612,236050.0,16210525.0,69.4,69.8,68.0,68.5,-0.8,176.0
2019-11-05,6612,261000.0,18188600.0,68.3,70.5,68.3,69.4,0.9,215.0
2019-11-06,6612,141000.0,9711000.0,69.4,69.8,68.3,69.0,-0.4,114.0
2019-11-07,6612,45000.0,3071500.0,68.4,68.9,67.8,68.5,-0.5,41.0
2019-11-08,6612,588060.0,41590048.0,70.0,71.5,69.4,70.3,1.8,448.0
2019-11-11,6612,177411.0,12439482.0,70.8,71.1,69.0,69.3,-1.0,136.0
2019-11-12,6612,87000.0,6035100.0,69.3,69.9,68.8,69.8,0.5,70.0
2019-11-13,6612,160000.0,11020500.0,68.9,69.6,68.4,69.0,-0.8,111.0
2019-11-14,6612,145100.0,9859550.0,69.0,69.0,67.6,67.9,-1.1,114.0
2019-11-15,6612,85000.0,5796300.0,67.7,68.6,67.7,68.1,0.2,67.0
2019-11-18,6612,187002.0,13003643.0,68.2,70.3,68.2,69.7,1.6,136.0
2019-11-19,6612,2349207.0,175331267.0,70.3,76.6,70.0,72.8,3.1,1719.0
2019-11-20,6612,833108.0,61912848.0,73.6,75.5,73.2,73.6,0.8,694.0
2019-11-21,6612,3010818.0,239605272.0,74.0,80.9,74.0,80.9,7.3,1898.0
2019-11-22,6612,5249829.0,455498030.0,82.5,88.9,82.5,87.7,6.8,3827.0
2019-11-25,6612,2362565.0,207539702.0,86.4,89.8,85.6,87.8,0.1,1911.0
2019-11-26,6612,2845754.0,255295416.0,88.7,92.3,86.9,86.9,-0.9,2308.0
2019-11-27,6612,4784003.0,442745785.0,88.0,95.0,87.7,94.5,7.6,3922.0
2019-11-28,6612,5149410.0,493494560.0,95.8,99.6,92.2,94.1,-0.4,4257.0
2019-11-29,6612,1620032.0,149362610.0,94.5,95.6,90.5,91.3,-2.8,1352.0
2019-12-02,6612,2426272.0,218355732.0,91.5,92.2,86.5,92.2,0.9,1842.0
2019-12-03,6612,4575168.0,426309624.0,93.9,96.5,89.3,89.3,-2.9,3561.0
2019-12-04,6612,1092120.0,98202883.0,90.0,91.7,88.7,88.7,-0.6,920.0
2019-12-05,6612,671100.0,59894590.0,91.0,91.0,87.9,88.4,-0.3,536.0
2019-12-06,6612,1135100.0,99073000.0,89.0,89.0,85.5,88.6,0.2,929.0
2019-12-09,6612,540265.0,47153990.0,88.8,89.6,86.1,86.4,-2.2,448.0
2019-12-10,6612,547200.0,47703020.0,86.0,88.4,86.0,86.7,0.3,480.0
2019-12-11,6612,367200.0,31967500.0,87.0,87.8,86.1,86.8,0.1,323.0
2019-12-12,6612,955194.0,80656260.0,85.4,87.4,82.5,82.9,-3.9,761.0
2019-12-13,6612,697258.0,57212569.0,83.5,83.9,80.2,80.2,-2.7,554.0
2019-12-16,6612,465710.0,38132704.0,80.8,82.8,80.8,82.1,1.9,389.0
2019-12-17,6612,321508.0,26680611.0,82.6,83.6,82.4,82.7,0.6,295.0
2019-12-18,6612,251000.0,20450700.0,82.7,82.7,80.7,81.5,-1.2,220.0
2019-12-19,6612,364000.0,30134000.0,81.5,83.8,81.1,82.4,0.9,317.0
2019-12-20,6612,538000.0,44995400.0,83.4,85.2,82.2,82.2,-0.2,461.0
2019-12-23,6612,235294.0,19206161.0,82.8,82.8,81.0,81.4,-0.8,180.0
2019-12-24,6612,237000.0,19211200.0,81.4,82.1,80.6,80.7,-0.7,179.0
2019-12-25,6612,199000.0,16195200.0,81.4,82.5,80.9,80.9,0.2,182.0
2019-12-26,6612,270066.0,21698471.0,81.8,81.8,79.7,79.7,-1.2,226.0
2019-12-27,6612,126128.0,10111100.0,80.0,80.8,79.7,79.8,0.1,120.0
2019-12-30,6612,160080.0,12713468.0,80.5,80.5,79.0,79.0,-0.8,142.0
2019-12-31,6612,1517634.0,127797693.0,80.3,86.9,80.2,86.9,7.9,1255.0
2020-01-02,6612,2133351.0,190379925.0,89.0,91.1,87.1,87.1,0.2,1780.0
2020-01-03,6612,862500.0,73234200.0,87.1,87.9,83.4,83.9,-3.2,721.0
2020-01-06,6612,317002.0,26133680.0,84.0,84.0,81.7,81.7,-2.2,279.0
2020-01-07,6612,339000.0,28018000.0,82.7,83.9,81.2,83.2,1.5,317.0
2020-01-08,6612,145110.0,11931252.0,83.0,83.0,81.8,81.8,-1.4,133.0
2020-01-09,6612,287001.0,23456082.0,81.0,82.9,81.0,81.5,-0.3,212.0
2020-01-10,6612,206000.0,16786800.0,81.2,82.3,81.0,81.5,0.0,172.0
2020-01-13,6612,205000.0,16951900.0,82.5,84.1,82.0,82.0,0.5,190.0
2020-01-14,6612,185131.0,15111045.0,82.8,82.8,81.2,81.3,-0.7,144.0
2020-01-15,6612,1402010.0,119833446.0,81.9,87.0,81.9,83.8,2.5,1213.0
2020-01-16,6612,1604263.0,139351214.0,84.3,88.3,84.2,86.5,2.7,1334.0
2020-01-17,6612,809165.0,68799889.0,85.1,86.7,84.0,84.6,-1.9,718.0
2020-01-20,6612,346503.0,28907698.0,85.0,85.3,82.5,83.1,-1.5,289.0
2020-01-30,6612,601250.0,47527200.0,82.0,82.0,75.0,76.1,-7.0,461.0
2020-01-31,6612,480003.0,37251651.0,74.8,79.4,74.8,78.2,2.1,410.0
2020-02-03,6612,241003.0,18322858.0,76.5,77.0,75.2,76.0,-2.2,212.0
2020-02-04,6612,171000.0,13119900.0,76.3,78.4,76.2,76.8,0.8,153.0
2020-02-05,6612,284000.0,22188900.0,77.1,80.0,76.5,78.2,1.4,248.0
2020-02-06,6612,153000.0,11944300.0,78.4,78.7,77.7,77.9,-0.3,134.0
2020-02-07,6612,184200.0,14221700.0,78.0,78.8,76.1,76.1,-1.8,156.0
2020-02-10,6612,208130.0,15892880.0,77.0,77.0,75.3,76.0,-0.1,151.0
2020-02-11,6612,91000.0,7004600.0,76.5,77.4,76.5,77.2,1.2,81.0
2020-02-12,6612,307000.0,24248200.0,77.4,79.7,77.4,79.0,1.8,255.0
2020-02-13,6612,201000.0,15705700.0,79.2,79.2,77.4,77.4,-1.6,169.0
2020-02-14,6612,83000.0,6445100.0,78.0,78.0,77.3,77.5,0.1,71.0
2020-02-17,6612,91000.0,7103100.0,79.4,79.4,77.4,77.5,0.0,79.0
2020-02-18,6612,88000.0,6778900.0,77.5,77.7,76.6,76.7,-0.8,76.0
2020-02-19,6612,309000.0,24230000.0,76.9,79.0,76.9,78.0,1.3,261.0
2020-02-20,6612,87000.0,6784900.0,78.8,78.8,77.7,77.7,-0.3,84.0
2020-02-21,6612,102100.0,7928410.0,77.4,78.2,77.0,77.6,-0.1,88.0
2020-02-24,6612,121000.0,9321000.0,78.3,78.3,76.7,77.2,-0.4,98.0
2020-02-25,6612,104050.0,7975850.0,76.5,77.2,76.2,76.8,-0.4,87.0
2020-02-26,6612,80029.0,6119835.0,76.5,77.1,76.2,77.1,0.3,79.0
2020-02-27,6612,164000.0,12497300.0,77.1,77.4,75.0,75.8,-1.3,127.0
2020-03-02,6612,219002.0,16321666.0,74.8,75.5,73.4,75.3,-0.5,175.0
2020-03-03,6612,107000.0,8107500.0,75.8,76.5,75.0,75.7,0.4,93.0
2020-03-04,6612,143082.0,10665909.0,75.7,75.8,73.6,74.2,-1.5,126.0
2020-03-05,6612,140000.0,10580500.0,75.5,76.3,74.8,75.9,1.7,121.0
2020-03-06,6612,138000.0,10363000.0,75.6,75.8,74.5,75.2,-0.7,116.0
2020-03-09,6612,178000.0,13400600.0,74.1,76.3,74.1,75.2,0.0,155.0
2020-03-10,6612,261000.0,19082900.0,72.2,74.6,72.2,74.2,-1.0,195.0
2020-03-11,6612,897661.0,70271600.0,76.5,80.5,76.5,76.7,2.5,789.0
2020-03-12,6612,507000.0,37566500.0,77.8,77.8,71.1,72.4,-4.3,431.0
2020-03-13,6612,581000.0,38012900.0,65.2,66.5,65.2,66.3,-6.1,415.0
2020-03-16,6612,238272.0,15509588.0,65.6,66.5,63.1,63.1,-3.2,207.0
2020-03-17,6612,389100.0,22816680.0,57.1,61.4,57.1,57.2,-5.9,255.0
2020-03-18,6612,200250.0,11181400.0,57.7,58.2,53.4,53.8,-3.4,161.0
2020-03-19,6612,312000.0,15266050.0,52.9,52.9,48.45,48.45,-5.35,232.0
2020-03-20,6612,269000.0,13744700.0,49.0,52.4,49.0,51.1,2.65,214.0
2020-03-23,6612,121000.0,5903350.0,48.7,51.5,47.0,49.3,-1.8,110.0
2020-03-24,6612,113000.0,5821100.0,50.7,52.1,50.6,51.3,2.0,97.0
2020-03-25,6612,244061.0,13109740.0,53.0,54.9,52.9,53.6,2.3,199.0
2020-03-26,6612,123000.0,6503600.0,54.4,54.4,51.9,53.5,-0.1,112.0
2020-03-27,6612,300000.0,16207900.0,54.4,54.9,53.3,53.4,-0.1,186.0
2020-03-30,6612,107000.0,5726000.0,52.4,55.2,51.1,54.2,0.8,102.0
2020-03-31,6612,205224.0,11286399.0,55.5,55.8,54.2,55.8,1.6,137.0
2020-04-01,6612,111220.0,6208104.0,56.0,56.2,55.3,56.2,0.4,94.0
2020-04-06,6612,112000.0,6272500.0,56.2,56.6,55.3,56.6,0.4,90.0
2020-04-07,6612,146000.0,8412900.0,57.9,58.3,57.0,57.2,0.6,130.0
2020-04-08,6612,173000.0,9925800.0,56.8,58.8,56.3,58.6,1.4,146.0
2020-04-09,6612,810579.0,51072119.0,58.6,64.4,58.6,63.0,4.4,576.0
2020-04-10,6612,295000.0,18321700.0,63.0,63.6,61.0,62.8,-0.2,253.0
2020-04-13,6612,152050.0,9466370.0,62.8,63.9,61.4,61.4,-1.4,130.0
2020-04-14,6612,169000.0,10606300.0,61.8,63.7,61.8,62.8,1.4,140.0
2020-04-15,6612,166365.0,10425031.0,63.0,63.2,62.3,63.1,0.3,128.0
2020-04-16,6612,78050.0,4921075.0,62.9,63.6,62.1,63.5,0.4,75.0
2020-04-17,6612,157085.0,10053380.0,64.3,65.6,63.0,63.3,-0.2,126.0
2020-04-20,6612,104062.0,6564849.0,63.3,63.9,62.3,63.5,0.2,73.0
2020-04-21,6612,107000.0,6630400.0,63.5,63.5,61.0,61.0,-2.5,92.0
2020-04-22,6612,89000.0,5404800.0,61.0,62.0,59.8,61.2,0.2,81.0
2020-04-23,6612,49000.0,3053900.0,61.4,63.2,61.4,62.1,0.9,46.0
2020-04-24,6612,82000.0,5166300.0,62.4,64.3,62.4,62.7,0.6,68.0
2020-04-27,6612,326062.0,21402092.0,63.9,68.0,63.1,66.0,3.3,253.0
2020-04-28,6612,103050.0,6769805.0,66.9,66.9,65.0,65.9,-0.1,95.0
2020-04-29,6612,104240.0,6897780.0,66.5,66.7,65.9,66.6,0.7,84.0
2020-04-30,6612,126000.0,8408600.0,66.6,67.5,66.4,67.3,0.7,100.0
2020-05-04,6612,263177.0,17993083.0,65.8,71.0,65.8,69.4,2.1,202.0
2020-05-05,6612,227000.0,16014400.0,71.9,71.9,69.5,69.5,0.1,166.0
2020-05-06,6612,321090.0,23009980.0,69.5,74.0,69.5,71.3,1.8,236.0
2020-05-07,6612,219005.0,15961668.0,71.3,74.1,70.3,73.3,2.0,192.0
2020-05-08,6612,296050.0,21351175.0,73.0,74.0,70.7,70.7,-2.6,250.0
2020-05-11,6612,130000.0,9231100.0,71.7,72.3,70.0,70.6,-0.1,114.0
2020-05-12,6612,78280.0,5501088.0,70.6,71.2,69.7,70.1,-0.5,72.0
2020-05-13,6612,137150.0,9646200.0,70.0,71.4,70.0,70.1,0.0,103.0
2020-05-14,6612,79100.0,5565370.0,70.1,71.1,69.2,70.5,0.4,73.0
2020-05-15,6612,134010.0,9575731.0,70.5,73.0,69.9,72.9,2.4,122.0
2020-05-18,6612,887150.0,70485515.0,74.0,80.1,74.0,80.1,7.2,587.0
2020-05-19,6612,1443712.0,120731225.0,83.0,88.0,79.2,82.0,1.9,1212.0
2020-05-20,6612,298160.0,23935880.0,82.0,82.0,79.0,80.5,-1.5,256.0
2020-05-21,6612,157500.0,12682250.0,81.5,82.0,79.6,80.0,-0.5,140.0
2020-05-22,6612,150131.0,12027927.0,80.8,80.9,79.5,79.7,-0.3,138.0
2020-05-25,6612,158060.0,12529634.0,80.6,80.6,78.2,78.7,-1.0,127.0
2020-05-26,6612,264139.0,20603897.0,78.8,79.3,77.2,78.4,-0.3,226.0
2020-05-27,6612,128010.0,9908778.0,79.1,79.1,76.4,77.3,-1.1,114.0
2020-05-28,6612,81020.0,6261350.0,77.3,78.2,76.3,76.8,-0.5,75.0
2020-05-29,6612,520101.0,38247804.0,74.8,75.3,72.0,73.0,-3.8,370.0
2020-06-01,6612,86100.0,6290800.0,74.2,74.2,72.5,72.5,-0.5,81.0
2020-06-02,6612,141050.0,10167950.0,72.7,73.3,71.5,72.5,0.0,110.0
2020-06-03,6612,80000.0,5785000.0,72.2,72.8,72.1,72.3,-0.2,75.0
2020-06-04,6612,149000.0,10945900.0,73.9,74.5,72.5,73.0,0.7,131.0
2020-06-05,6612,180000.0,13394000.0,73.9,76.0,72.8,74.8,1.8,159.0
2020-06-08,6612,753100.0,59073400.0,75.2,80.8,75.2,77.3,2.5,631.0
2020-06-09,6612,271100.0,20353420.0,77.3,77.3,74.1,74.8,-2.5,238.0
2020-06-10,6612,202000.0,14948900.0,75.1,75.3,72.7,74.0,-0.8,147.0
2020-06-11,6612,204055.0,14805387.0,74.1,74.3,71.4,71.9,-2.1,155.0
2020-06-12,6612,137000.0,9678800.0,70.5,72.6,69.1,72.6,0.7,118.0
2020-06-15,6612,332151.0,24878223.0,76.0,77.0,72.6,73.0,0.4,263.0
2020-06-16,6612,115349.0,8505621.0,74.4,74.4,73.1,73.7,0.7,105.0
2020-06-17,6612,282000.0,21331700.0,73.9,77.1,73.9,75.8,2.1,250.0
2020-06-18,6612,188000.0,14201500.0,76.6,76.7,75.0,75.3,-0.5,159.0
2020-06-19,6612,133080.0,9846096.0,74.9,75.1,73.2,73.6,0.0,124.0
2020-06-22,6612,778020.0,59727712.0,74.8,79.7,74.0,75.4,1.8,647.0
2020-06-23,6612,107100.0,8020530.0,76.1,76.1,74.3,75.1,-0.3,107.0
2020-06-24,6612,72100.0,5406560.0,76.0,76.0,74.5,74.6,-0.5,72.0
2020-06-29,6612,82000.0,6093800.0,73.4,75.3,73.4,74.0,-0.6,66.0
2020-06-30,6612,63000.0,4672500.0,75.0,75.0,73.5,74.1,0.1,56.0
2020-07-01,6612,97000.0,7223300.0,74.1,75.2,74.0,74.5,0.4,93.0
2020-07-02,6612,245250.0,18626850.0,74.7,76.7,74.7,75.5,1.0,182.0
2020-07-03,6612,137050.0,10298460.0,76.4,76.4,74.6,75.0,-0.5,108.0
2020-07-06,6612,237251.0,18092127.0,75.5,77.5,75.1,77.0,2.0,213.0
2020-07-07,6612,215000.0,16293800.0,77.1,77.4,74.9,75.9,-1.1,155.0
2020-07-08,6612,1540412.0,125447105.0,75.7,83.4,75.7,82.3,6.4,1156.0
2020-07-09,6612,552210.0,44277300.0,81.4,81.8,79.0,80.0,-2.3,450.0
2020-07-10,6612,422037.0,33137571.0,79.9,80.6,75.6,79.9,-0.1,315.0
2020-07-13,6612,123000.0,9697000.0,79.9,81.0,78.1,78.3,-1.6,95.0
2020-07-14,6612,328010.0,24803059.0,77.6,77.6,74.6,74.8,-3.5,239.0
2020-07-15,6612,98500.0,7323249.0,76.0,76.0,73.7,73.8,-1.0,85.0
2020-07-16,6612,106030.0,7884644.0,76.0,76.0,73.7,74.2,0.4,92.0
2020-07-17,6612,337071.0,24019076.0,74.9,74.9,69.4,70.7,-3.5,245.0
2020-07-20,6612,79000.0,5613300.0,70.7,72.9,70.3,71.5,0.8,64.0
2020-07-21,6612,58000.0,4160800.0,71.7,72.2,71.3,71.5,0.0,54.0
2020-07-22,6612,86000.0,6186700.0,71.6,72.4,71.5,71.6,0.1,74.0
2020-07-23,6612,72000.0,5117100.0,71.8,71.8,70.8,70.8,-0.8,50.0
2020-07-24,6612,62005.0,4362152.0,70.5,71.3,69.7,69.8,-1.0,54.0
2020-07-27,6612,77000.0,5282800.0,69.5,69.5,68.0,68.0,-1.8,67.0
2020-07-28,6612,83000.0,5619200.0,68.0,68.7,67.2,67.9,-0.1,63.0
2020-07-29,6612,34000.0,2342100.0,68.0,69.7,68.0,69.1,1.2,31.0
2020-07-30,6612,28000.0,1955900.0,69.3,70.2,69.3,70.0,0.9,26.0
2020-07-31,6612,17000.0,1191600.0,70.0,70.3,70.0,70.1,0.1,14.0
2020-08-03,6612,38000.0,2652200.0,70.0,70.3,68.6,70.0,-0.1,29.0
2020-08-04,6612,30000.0,2109800.0,71.5,71.5,70.0,70.0,0.0,24.0
2020-08-05,6612,31500.0,2200048.0,69.8,70.2,69.7,70.2,0.2,38.0
2020-08-06,6612,33202.0,2329061.0,70.1,70.5,69.5,70.3,0.1,30.0
2020-08-07,6612,40000.0,2787900.0,69.1,70.2,69.1,69.6,-0.7,30.0
2020-08-10,6612,26000.0,1807800.0,68.9,69.8,68.9,69.8,0.2,22.0
2020-08-11,6612,57050.0,3906480.0,69.2,69.2,67.7,69.0,-0.8,47.0
2020-08-12,6612,35020.0,2365768.0,69.6,69.6,67.0,67.8,-1.2,33.0
2020-08-13,6612,36421.0,2465228.0,67.9,68.0,67.4,67.4,-0.4,35.0
2020-08-14,6612,40000.0,2694700.0,67.4,67.8,66.7,67.8,0.4,32.0
2020-08-17,6612,33020.0,2244583.0,67.8,69.2,67.5,69.2,1.4,31.0
2020-08-18,6612,28000.0,1926500.0,70.7,70.7,68.5,68.6,-0.6,26.0
2020-08-19,6612,145080.0,9734368.0,68.6,68.6,66.2,66.5,-2.1,123.0
2020-08-20,6612,129428.0,8323820.0,66.2,66.2,63.5,63.8,-2.7,96.0
2020-08-21,6612,40000.0,2631000.0,64.1,66.8,64.1,66.1,2.3,36.0
2020-08-24,6612,43000.0,2889300.0,67.3,67.5,67.0,67.1,1.0,40.0
2020-08-25,6612,40000.0,2727300.0,68.4,69.0,67.2,68.1,1.0,37.0
2020-08-26,6612,21000.0,1430900.0,68.0,68.8,67.7,68.5,0.4,13.0
2020-08-27,6612,27000.0,1833300.0,68.8,68.8,67.2,68.5,0.0,24.0
2020-08-28,6612,31000.0,2089800.0,68.3,68.3,67.2,67.3,-1.2,28.0
2020-08-31,6612,48000.0,3199400.0,67.5,67.5,66.3,66.5,-0.8,34.0
2020-09-01,6612,31000.0,2054000.0,66.5,66.6,66.0,66.2,-0.3,22.0
2020-09-02,6612,26000.0,1725000.0,66.3,66.9,66.1,66.1,-0.1,23.0
2020-09-03,6612,24000.0,1584200.0,66.1,66.1,65.9,65.9,-0.2,19.0
2020-09-04,6612,26000.0,1687000.0,63.8,65.5,63.8,65.1,-0.8,23.0
2020-09-07,6612,44000.0,2864800.0,65.1,65.5,64.6,65.1,0.0,36.0
2020-09-08,6612,91400.0,5932140.0,64.6,66.6,64.5,66.6,1.5,57.0
2020-09-09,6612,40000.0,2593700.0,64.5,65.1,64.5,64.8,-1.8,32.0
2020-09-10,6612,58000.0,3732500.0,65.0,65.0,63.8,63.8,-1.0,45.0
2020-09-11,6612,83000.0,5167400.0,63.5,63.5,61.8,62.0,-1.8,64.0
2020-09-14,6612,41000.0,2524100.0,62.0,62.0,61.1,61.9,-0.1,39.0
2020-09-15,6612,43000.0,2637900.0,61.9,62.5,61.0,62.5,0.6,36.0
2020-09-16,6612,41200.0,2554140.0,62.5,62.5,61.5,61.9,-0.6,36.0
2020-09-17,6612,12000.0,740400.0,61.8,61.8,61.6,61.7,-0.2,11.0
2020-09-18,6612,40000.0,2530300.0,61.6,64.0,61.6,63.9,2.2,39.0
2020-09-21,6612,21050.0,1328500.0,63.9,63.9,62.9,63.0,-0.9,20.0
2020-09-22,6612,277670.0,19040431.0,64.0,69.3,64.0,69.3,6.3,210.0
2020-09-23,6612,802401.0,56738787.0,72.0,73.5,66.0,66.0,-3.3,708.0
2020-09-24,6612,120000.0,7804100.0,65.7,66.0,64.0,64.6,-1.4,105.0
2020-09-25,6612,90000.0,5667100.0,65.1,65.1,62.2,62.2,-2.4,84.0
2020-09-28,6612,30000.0,1875300.0,62.4,63.0,62.1,62.2,0.0,30.0
2020-09-29,6612,75000.0,4624900.0,62.2,63.0,60.5,63.0,0.8,61.0
2020-09-30,6612,35000.0,2157300.0,62.2,62.2,61.0,62.2,-0.8,30.0
2020-10-05,6612,13000.0,814500.0,61.6,62.9,61.6,62.8,0.6,13.0
2020-10-06,6612,19000.0,1193400.0,63.0,63.0,62.4,62.4,-0.4,19.0
2020-10-07,6612,25000.0,1572600.0,62.5,63.7,62.5,62.8,0.4,25.0
2020-10-08,6612,24000.0,1490100.0,62.3,62.5,61.9,62.2,-0.6,24.0
2020-10-12,6612,31200.0,1925300.0,62.1,62.1,61.2,62.1,-0.1,33.0
2020-10-13,6612,8080.0,499280.0,61.4,62.1,61.4,61.8,-0.3,9.0
2020-10-14,6612,83000.0,5082700.0,61.4,62.5,61.0,61.4,-0.4,69.0
2020-10-15,6612,29000.0,1772900.0,61.4,61.5,60.9,61.0,-0.4,27.0
2020-10-16,6612,22149.0,1352687.0,61.0,61.5,60.4,61.5,0.5,21.0
2020-10-19,6612,22000.0,1331500.0,61.1,61.4,60.0,60.5,-1.0,19.0
2020-10-20,6612,21000.0,1269700.0,60.6,60.6,60.3,60.5,0.0,20.0
2020-10-21,6612,28000.0,1702500.0,60.5,61.3,60.2,60.7,0.2,24.0
2020-10-22,6612,14000.0,846900.0,60.8,60.8,60.3,60.3,-0.4,13.0
2020-10-23,6612,22000.0,1324900.0,60.3,60.5,60.0,60.0,-0.3,22.0
2020-10-26,6612,40000.0,2381700.0,60.0,60.0,59.1,59.4,-0.6,40.0
2020-10-27,6612,40000.0,2388000.0,58.9,60.4,58.9,60.2,0.8,32.0
2020-10-28,6612,15000.0,903200.0,60.3,60.5,59.9,60.0,-0.2,14.0
2020-10-29,6612,12000.0,719100.0,59.8,60.1,59.8,60.1,0.1,12.0
2020-10-30,6612,38102.0,2248720.0,60.1,60.1,58.6,58.6,-1.5,36.0
2020-11-02,6612,13000.0,758800.0,58.5,59.0,58.3,59.0,0.4,12.0
2020-11-03,6612,22310.0,1310900.0,59.0,59.1,58.3,59.1,0.1,23.0
2020-11-04,6612,12000.0,704800.0,58.8,59.1,58.5,58.7,-0.4,10.0
2020-11-05,6612,15039.0,894740.0,58.4,60.2,58.4,60.2,1.5,15.0
2020-11-06,6612,33000.0,1959800.0,59.2,60.1,59.0,60.1,-0.1,30.0
2020-11-09,6612,39000.0,2335800.0,60.1,60.2,59.5,59.5,-0.6,36.0
2020-11-10,6612,48000.0,2937000.0,59.5,62.5,59.5,60.5,1.0,46.0
2020-11-11,6612,24000.0,1444300.0,60.5,60.5,59.8,59.8,-0.7,24.0
2020-11-12,6612,23000.0,1387600.0,59.8,60.9,59.7,60.9,1.1,23.0
2020-11-13,6612,15000.0,905700.0,60.5,60.8,60.3,60.7,-0.2,14.0
2020-11-16,6612,7000.0,423300.0,60.4,60.8,60.3,60.8,0.1,7.0
2020-11-17,6612,33000.0,2014600.0,60.8,61.5,60.8,61.5,0.7,31.0
2020-11-18,6612,26003.0,1601485.0,61.5,61.8,61.5,61.8,0.3,22.0
2020-11-19,6612,83181.0,5287222.0,62.3,64.7,62.3,63.9,2.1,81.0
2020-11-20,6612,15335.0,969252.0,63.5,63.9,62.8,63.1,-0.8,18.0
2020-11-23,6612,35000.0,2198500.0,62.6,63.5,62.5,62.8,-0.3,32.0
2020-11-24,6612,44100.0,2743180.0,63.0,63.1,61.5,61.8,-1.0,35.0
2020-11-25,6612,46000.0,2835400.0,61.6,62.9,61.1,62.9,1.1,38.0
2020-11-26,6612,15510.0,964281.0,62.5,62.7,61.9,62.7,-0.2,17.0
2020-11-27,6612,12100.0,751950.0,61.6,62.6,61.6,62.6,-0.1,12.0
2020-11-30,6612,38000.0,2357200.0,62.1,62.5,61.8,62.5,-0.1,35.0
2020-12-01,6612,36000.0,2215700.0,61.9,62.4,60.8,62.4,-0.1,30.0
2020-12-02,6612,18000.0,1112500.0,61.8,62.3,61.4,62.3,-0.1,15.0
2020-12-03,6612,31061.0,1944688.0,62.3,62.9,62.3,62.6,0.3,32.0
2020-12-04,6612,34031.0,2109225.0,62.0,62.4,61.8,62.4,-0.2,31.0
2020-12-07,6612,24019.0,1472030.0,61.3,61.6,61.1,61.3,-1.1,23.0
2020-12-08,6612,25069.0,1525418.0,61.3,61.5,60.4,61.1,-0.2,25.0
2020-12-09,6612,19066.0,1160126.0,61.0,61.6,60.6,61.6,0.5,20.0
2020-12-10,6612,25051.0,1526960.0,60.6,61.7,60.6,60.6,-1.0,24.0
2020-12-11,6612,26050.0,1578855.0,60.6,61.0,60.1,60.7,0.1,22.0
2020-12-14,6612,15000.0,908900.0,60.1,61.0,60.1,60.8,0.1,15.0
2020-12-15,6612,10036.0,605988.0,60.5,60.5,60.2,60.2,-0.6,10.0
2020-12-16,6612,16000.0,968200.0,60.4,60.6,60.4,60.6,0.4,11.0
2020-12-17,6612,7002.0,425523.0,60.6,61.2,60.6,61.2,0.6,8.0
2020-12-18,6612,28030.0,1728636.0,60.9,62.4,60.9,62.4,1.2,29.0
2020-12-21,6612,31000.0,1933800.0,62.9,62.9,62.0,62.0,-0.4,28.0
2020-12-22,6612,23160.0,1416520.0,62.0,62.0,60.6,60.8,-1.2,22.0
2020-12-23,6612,18000.0,1094800.0,60.9,61.4,60.4,61.4,0.6,16.0
2020-12-24,6612,20000.0,1220600.0,61.2,61.5,60.6,61.5,0.1,20.0
2020-12-25,6612,11020.0,672946.0,61.0,61.7,60.7,61.7,0.2,12.0
2020-12-28,6612,23200.0,1410660.0,61.0,61.0,60.6,60.7,-1.0,24.0
2020-12-29,6612,26000.0,1587100.0,60.7,61.3,60.7,61.0,0.3,19.0
2020-12-30,6612,30000.0,1853300.0,61.0,62.0,61.0,61.5,0.5,26.0
2020-12-31,6612,37068.0,2308650.0,62.5,62.5,61.9,62.3,0.8,33.0
2021-01-04,6612,25000.0,1554700.0,62.3,62.4,62.0,62.0,-0.3,20.0
2021-01-05,6612,26000.0,1608300.0,62.0,62.0,61.7,61.7,-0.3,20.0
2021-01-06,6612,37020.0,2267932.0,62.9,62.9,60.4,61.3,-0.4,34.0
2021-01-07,6612,12400.0,759620.0,61.7,61.7,60.8,61.6,0.3,14.0
2021-01-08,6612,35000.0,2128400.0,61.6,61.6,60.5,60.9,-0.7,31.0
2021-01-11,6612,42450.0,2567480.0,60.9,61.1,59.0,61.0,0.1,42.0
2021-01-12,6612,55200.0,3303600.0,60.0,60.6,59.2,59.2,-1.8,49.0
2021-01-13,6612,40999.0,2477439.0,59.8,62.0,59.5,62.0,2.8,36.0
2021-01-14,6612,29064.0,1764763.0,62.0,62.0,60.4,60.7,-1.3,29.0
2021-01-15,6612,298200.0,18985720.0,63.0,66.6,61.5,63.3,2.6,241.0
2021-01-18,6612,92013.0,5752427.0,63.3,63.7,61.0,61.4,-1.9,69.0
2021-01-19,6612,65000.0,3979900.0,62.0,62.0,60.7,61.7,0.3,52.0
2021-01-20,6612,32000.0,1946800.0,61.9,61.9,60.0,60.3,-1.4,31.0
2021-01-21,6612,23000.0,1391800.0,60.4,61.1,60.2,60.4,0.1,22.0
2021-01-22,6612,10000.0,607000.0,60.7,61.0,60.3,60.9,0.5,10.0
2021-01-25,6612,12105.0,742661.0,60.9,61.9,60.9,61.8,0.9,13.0
2021-01-26,6612,82100.0,4929300.0,61.1,61.1,59.5,60.7,-1.1,61.0
2021-01-27,6612,7001.0,421361.0,60.1,60.3,60.1,60.2,-0.5,7.0
2021-01-28,6612,12217.0,734127.0,60.4,60.5,59.8,60.5,0.3,15.0
2021-01-29,6612,25515.0,1539078.0,60.1,60.5,60.0,60.5,0.0,26.0
2021-02-01,6612,24015.0,1453030.0,60.5,60.8,60.2,60.6,0.1,21.0
2021-02-02,6612,24000.0,1453100.0,60.3,60.8,60.3,60.6,0.0,18.0
2021-02-03,6612,30485.0,1847727.0,60.8,60.8,60.5,60.6,0.0,25.0
2021-02-04,6612,51000.0,3113100.0,61.2,61.7,60.6,60.6,0.0,29.0
2021-02-05,6612,24210.0,1466801.0,60.5,61.6,60.3,60.4,-0.2,27.0
2021-02-17,6612,26020.0,1564412.0,60.8,60.8,59.6,60.5,0.1,20.0
2021-02-18,6612,31000.0,1869800.0,60.5,61.6,60.0,61.6,1.1,24.0
2021-02-19,6612,19150.0,1169374.0,61.2,61.2,60.6,61.1,-0.5,21.0
2021-02-22,6612,55015.0,3378337.0,61.4,62.2,60.8,62.2,1.1,49.0
2021-02-23,6612,49015.0,3081452.0,62.5,63.4,62.5,62.8,0.6,45.0
2021-02-24,6612,30100.0,1877200.0,62.9,62.9,61.8,62.3,-0.5,29.0
2021-02-25,6612,30050.0,1872174.0,62.6,62.7,61.7,62.3,0.0,30.0
2021-02-26,6612,13000.0,807200.0,62.3,62.5,61.7,61.7,-0.6,12.0
2021-03-02,6612,25000.0,1539700.0,62.2,62.2,61.3,61.4,-0.3,23.0
2021-03-03,6612,29000.0,1782300.0,61.5,62.8,60.8,62.8,1.4,24.0
2021-03-04,6612,13300.0,821339.0,61.5,62.0,61.4,61.8,-1.0,15.0
2021-03-05,6612,54000.0,3343700.0,61.3,62.0,61.2,61.9,0.1,31.0
2021-03-08,6612,71000.0,4483300.0,62.1,64.8,62.0,63.1,1.2,61.0
2021-03-09,6612,21000.0,1316900.0,64.1,64.1,62.3,62.9,-0.2,17.0
2021-03-10,6612,11000.0,690700.0,62.7,63.1,62.4,63.0,0.1,10.0
2021-03-11,6612,43000.0,2707300.0,62.8,63.2,62.5,63.0,0.0,31.0
2021-03-12,6612,20000.0,1256900.0,63.0,63.0,62.6,62.8,-0.2,18.0
2021-03-15,6612,50000.0,3125000.0,62.3,62.8,62.1,62.8,0.0,45.0
2021-03-16,6612,82000.0,5129100.0,63.0,63.0,62.2,62.6,-0.2,46.0
2021-03-17,6612,68020.0,4206446.0,62.6,62.6,61.4,61.6,-1.0,51.0
2021-03-18,6612,18000.0,1111100.0,61.6,62.0,61.6,61.7,0.1,15.0
2021-03-19,6612,28000.0,1744800.0,63.1,63.1,61.8,62.0,0.3,26.0
2021-03-22,6612,32039.0,2006272.0,61.8,63.0,61.8,62.7,0.7,28.0
2021-03-23,6612,29056.0,1813926.0,62.1,62.8,62.1,62.2,-0.5,24.0
2021-03-24,6612,25000.0,1550700.0,62.3,62.5,61.5,62.5,0.3,23.0
2021-03-25,6612,101710.0,6523429.0,63.0,65.5,62.9,63.8,1.3,91.0
2021-03-26,6612,54520.0,3497841.0,63.8,65.0,63.4,65.0,1.2,50.0
2021-03-29,6612,837556.0,58047414.0,66.0,71.5,64.0,69.1,4.1,578.0
2021-03-30,6612,271202.0,18310431.0,67.0,68.9,66.8,67.0,-2.1,206.0
2021-03-31,6612,110024.0,7392408.0,66.7,68.4,66.5,68.4,1.4,93.0
2021-04-01,6612,384217.0,27294758.0,69.9,72.7,69.0,72.7,4.3,279.0
2021-04-06,6612,274183.0,19454861.0,72.7,72.9,69.3,72.9,0.2,226.0
2021-04-07,6612,263018.0,18674922.0,72.5,73.2,69.8,70.1,-2.8,240.0
2021-04-08,6612,57003.0,3960707.0,70.0,70.0,69.0,69.2,-0.9,50.0
2021-04-09,6612,113152.0,7746336.0,69.2,69.3,68.0,68.0,-1.2,84.0
2021-04-12,6612,146016.0,10217847.0,68.0,71.7,67.6,71.6,3.6,135.0
2021-04-13,6612,220320.0,15857475.0,72.2,72.9,70.4,72.5,0.9,195.0
2021-04-14,6612,212320.0,15353327.0,73.0,74.0,70.1,74.0,1.5,197.0
2021-04-15,6612,287547.0,21411158.0,74.0,75.5,72.9,75.5,1.5,256.0
2021-04-16,6612,208553.0,15770264.0,75.8,76.5,73.8,76.0,0.5,180.0
2021-04-19,6612,160140.0,11890987.0,77.0,77.0,73.2,73.5,-2.5,152.0
2021-04-20,6612,54211.0,3978261.0,73.1,74.0,72.6,73.1,-0.4,53.0
2021-04-21,6612,88029.0,6384129.0,72.6,72.8,72.3,72.4,-0.7,71.0
2021-04-22,6612,172528.0,12297539.0,72.5,73.9,70.0,70.2,-2.2,149.0
2021-04-23,6612,91100.0,6378320.0,70.0,71.0,69.1,70.8,0.6,77.0
2021-04-26,6612,169100.0,12011420.0,70.8,72.2,70.3,71.5,0.7,142.0
2021-04-27,6612,217304.0,15139812.0,71.0,71.9,68.4,68.9,-2.6,195.0
2021-04-28,6612,82216.0,5632597.0,68.6,69.6,68.2,68.3,-0.6,78.0
2021-04-29,6612,66071.0,4492682.0,69.0,69.5,67.2,67.2,-1.1,59.0
2021-05-03,6612,71000.0,4702500.0,67.0,67.0,65.9,65.9,-1.3,62.0
2021-05-04,6612,94001.0,6117568.0,65.9,68.3,63.1,68.3,2.4,74.0
2021-05-05,6612,22000.0,1479300.0,67.6,67.8,66.4,67.8,-0.5,21.0
2021-05-06,6612,25000.0,1681900.0,67.3,68.0,66.8,68.0,0.2,18.0
2021-05-07,6612,66100.0,4591007.0,69.2,70.5,69.0,69.1,1.1,70.0
2021-05-10,6612,23206.0,1604014.0,69.1,69.5,68.8,69.5,0.4,22.0
2021-05-11,6612,83000.0,5675900.0,68.8,69.1,67.3,69.1,-0.4,60.0
2021-05-12,6612,130065.0,8684550.0,69.2,70.2,63.6,66.5,-2.6,89.0
2021-05-13,6612,42000.0,2762900.0,66.0,66.9,64.5,66.9,0.4,36.0
2021-05-14,6612,29051.0,1922917.0,67.9,68.0,65.6,66.6,-0.3,30.0
2021-05-17,6612,188000.0,11548300.0,63.8,65.0,60.0,60.2,-6.4,104.0
2021-05-18,6612,41000.0,2561700.0,60.5,64.9,60.4,62.6,2.4,33.0
2021-05-19,6612,21026.0,1331632.0,63.5,63.7,62.7,62.7,0.1,22.0
2021-05-20,6612,17000.0,1074900.0,62.5,63.8,62.5,63.8,1.1,17.0
2021-05-21,6612,38408.0,2445725.0,63.8,65.5,62.5,64.2,0.4,42.0
2021-05-24,6612,17010.0,1071630.0,63.0,63.2,62.9,63.1,-1.1,13.0
2021-05-25,6612,31001.0,1960964.0,63.0,64.0,62.3,64.0,0.9,30.0
2021-05-26,6612,7213.0,464637.0,63.9,64.8,63.7,64.8,0.8,11.0
2021-05-27,6612,9000.0,575500.0,63.2,64.7,63.1,63.8,-1.0,9.0
2021-05-28,6612,41010.0,2629034.0,64.8,64.8,63.2,64.5,0.7,38.0
2021-05-31,6612,15000.0,965900.0,65.0,65.3,63.3,63.3,-1.2,15.0
2021-06-01,6612,32070.0,2018115.0,63.3,63.6,61.4,63.6,0.3,29.0
2021-06-02,6612,24000.0,1517700.0,63.6,63.7,62.8,63.4,-0.2,22.0
2021-06-03,6612,134020.0,8809084.0,63.4,66.7,63.4,64.0,0.6,116.0
2021-06-04,6612,24994.0,1604711.0,63.3,65.4,63.3,65.4,1.4,26.0
2021-06-07,6612,10000.0,644100.0,64.2,65.2,64.2,64.2,-1.2,10.0
2021-06-08,6612,32000.0,2097200.0,64.3,66.0,64.3,65.9,1.7,32.0
2021-06-09,6612,31000.0,2031600.0,66.0,66.6,64.8,66.0,0.1,30.0
2021-06-10,6612,36080.0,2333088.0,64.5,65.5,64.1,65.5,-0.5,37.0
2021-06-11,6612,41044.0,2648155.0,64.7,66.5,64.0,64.3,-1.2,40.0
2021-06-15,6612,24000.0,1521800.0,64.3,64.3,63.0,64.1,-0.2,21.0
2021-06-16,6612,37080.0,2340328.0,63.5,63.6,62.8,63.5,-0.6,33.0
2021-06-17,6612,46001.0,2890362.0,63.3,63.3,62.5,63.0,-0.5,39.0
2021-06-18,6612,22108.0,1386404.0,63.2,63.5,62.4,62.4,-0.6,23.0
2021-06-21,6612,30030.0,1856420.0,62.2,62.7,61.3,62.7,0.3,31.0
2021-06-22,6612,34005.0,2149905.0,61.7,64.4,61.7,64.0,1.3,29.0
2021-06-23,6612,95030.0,6165548.0,64.6,65.7,64.3,65.0,1.0,80.0
2021-06-24,6612,25000.0,1627400.0,66.0,66.0,64.2,64.5,-0.5,21.0
2021-06-25,6612,30425.0,1952900.0,65.0,65.0,63.5,64.5,0.0,26.0
2021-06-28,6612,7454.0,481910.0,64.5,65.0,64.0,64.9,0.4,11.0
2021-06-29,6612,11146.0,714536.0,64.0,64.7,63.8,64.7,-0.2,12.0
2021-06-30,6612,27085.0,1745974.0,64.0,65.0,63.6,65.0,0.3,26.0
2021-07-01,6612,17058.0,1090359.0,64.1,64.3,63.7,63.7,-1.3,16.0
2021-07-02,6612,11041.0,696683.0,63.1,63.2,63.0,63.1,-0.6,12.0
2021-07-05,6612,23050.0,1469390.0,64.8,64.8,63.2,63.2,0.1,24.0
2021-07-06,6612,17000.0,1070600.0,63.0,63.3,62.6,63.3,0.1,16.0
2021-07-07,6612,25000.0,1571500.0,63.3,63.3,62.3,63.3,0.0,21.0
2021-07-08,6612,39000.0,2499700.0,63.7,64.6,63.6,64.2,0.9,36.0
2021-07-09,6612,16000.0,1019700.0,64.7,64.7,63.0,63.0,-1.2,14.0
2021-07-12,6612,38000.0,2383300.0,62.5,63.6,62.2,63.6,0.6,23.0
2021-07-13,6612,30000.0,1883500.0,63.2,63.9,62.3,63.9,0.3,30.0
2021-07-14,6612,15000.0,948400.0,63.9,63.9,62.9,63.0,-0.9,14.0
2021-07-15,6612,73001.0,4550962.0,62.3,63.0,62.0,62.2,-0.8,53.0
2021-07-16,6612,30000.0,1867700.0,62.2,62.8,62.0,62.8,0.0,23.0
2021-07-19,6612,28000.0,1765800.0,62.4,63.5,62.4,62.9,0.1,25.0
2021-07-20,6612,14000.0,880300.0,62.5,63.5,62.2,63.1,0.2,14.0
2021-07-21,6612,71050.0,4386509.0,62.5,62.5,61.1,62.0,-1.1,57.0
2021-07-22,6612,45006.0,2815779.0,61.9,64.5,61.8,62.7,0.7,43.0
2021-07-23,6612,16000.0,991300.0,62.0,62.8,61.6,62.8,0.1,16.0
2021-07-26,6612,17037.0,1073701.0,64.6,64.6,62.3,63.3,0.5,14.0
2021-07-27,6612,27110.0,1697497.0,63.0,63.3,62.0,62.1,-1.2,25.0
2021-07-28,6612,22000.0,1358300.0,61.1,62.5,61.1,62.3,0.2,21.0
2021-07-29,6612,24000.0,1497400.0,62.7,63.0,61.8,62.5,0.2,18.0
2021-07-30,6612,17000.0,1065500.0,62.5,63.1,61.9,63.0,0.5,16.0
2021-08-02,6612,58000.0,3587600.0,62.6,64.3,61.0,61.7,-1.3,48.0
2021-08-03,6612,22000.0,1352000.0,61.7,62.4,61.1,61.8,0.1,21.0
2021-08-04,6612,21040.0,1300672.0,62.2,62.4,61.2,61.8,0.0,21.0
2021-08-05,6612,13000.0,799600.0,61.8,62.1,61.3,62.1,0.3,7.0
2021-08-06,6612,17000.0,1051700.0,61.5,62.4,61.5,62.4,0.3,10.0
2021-08-09,6612,40000.0,2484600.0,62.5,63.0,61.2,62.4,0.0,28.0
2021-08-10,6612,18000.0,1122800.0,62.1,63.3,61.8,61.8,-0.6,18.0
2021-08-11,6612,25100.0,1543720.0,61.3,62.0,61.2,61.5,-0.3,22.0
2021-08-12,6612,17080.0,1053813.0,62.0,62.0,61.4,61.5,0.0,20.0
2021-08-13,6612,40220.0,2468308.0,61.8,62.2,60.4,62.0,0.5,29.0
2021-08-16,6612,22000.0,1339500.0,62.0,62.0,60.2,61.8,-0.2,19.0
2021-08-17,6612,11000.0,672400.0,61.5,61.8,61.0,61.8,0.0,9.0
2021-08-18,6612,9000.0,551900.0,61.0,61.6,61.0,61.6,-0.2,8.0
2021-08-19,6612,29000.0,1794600.0,61.5,62.8,61.5,62.8,1.2,28.0
2021-08-20,6612,18004.0,1116976.0,62.0,62.4,61.9,62.4,-0.4,18.0
2021-08-23,6612,22015.0,1390475.0,64.1,64.1,62.7,63.5,1.1,23.0
2021-08-24,6612,33000.0,2059600.0,62.5,63.4,62.0,63.3,-0.2,31.0
2021-08-25,6612,14000.0,882700.0,62.9,63.4,62.7,63.4,0.1,12.0
2021-08-26,6612,19000.0,1202100.0,63.0,63.6,63.0,63.6,0.2,19.0
2021-08-27,6612,5050.0,318445.0,63.1,63.1,63.0,63.0,-0.6,6.0
2021-08-30,6612,28000.0,1774400.0,63.6,64.0,62.9,63.2,0.2,27.0
2021-08-31,6612,34000.0,2163500.0,64.0,64.1,63.0,63.9,0.7,30.0
2021-09-01,6612,48000.0,3113300.0,65.8,65.8,64.5,64.5,0.6,43.0
2021-09-02,6612,49120.0,3195600.0,65.1,65.4,64.7,65.4,0.9,42.0
2021-09-03,6612,50629.0,3320075.0,65.4,66.2,65.1,65.7,0.3,49.0
2021-09-06,6612,32000.0,2085100.0,65.7,65.7,64.3,64.3,-1.4,28.0
2021-09-07,6612,50195.0,3207858.0,64.1,65.0,63.5,65.0,0.7,45.0
2021-09-08,6612,40276.0,2553753.0,64.0,64.0,63.0,63.5,-1.5,34.0
2021-09-09,6612,24004.0,1511456.0,63.1,63.4,62.8,63.4,-0.1,25.0
2021-09-10,6612,21100.0,1332350.0,63.4,63.8,62.9,62.9,-0.5,21.0
2021-09-13,6612,16000.0,1008300.0,63.1,63.2,62.9,62.9,0.0,15.0
2021-09-14,6612,27000.0,1704600.0,62.9,63.5,62.9,62.9,0.0,23.0
2021-09-15,6612,23000.0,1451500.0,63.2,63.5,62.8,63.5,0.6,20.0
2021-09-16,6612,25000.0,1578100.0,63.5,64.0,62.8,63.5,0.0,25.0
2021-09-17,6612,15000.0,947500.0,63.0,63.5,63.0,63.5,0.0,13.0
2021-09-22,6612,20000.0,1261000.0,63.3,63.5,62.8,63.5,0.0,18.0
2021-09-23,6612,10000.0,637900.0,63.2,64.0,63.2,64.0,0.5,10.0
2021-09-24,6612,19001.0,1217670.0,64.5,64.5,63.6,64.0,0.0,19.0
2021-09-27,6612,26000.0,1664900.0,64.0,64.4,63.8,63.8,-0.2,21.0
2021-09-28,6612,20000.0,1263000.0,63.2,63.9,62.9,63.9,0.1,20.0
2021-09-29,6612,15000.0,947600.0,62.9,63.7,62.8,63.0,-0.9,12.0
2021-09-30,6612,8000.0,503100.0,62.5,63.5,62.5,63.5,0.5,8.0
2021-10-01,6612,23000.0,1451500.0,62.7,63.8,62.5,63.5,0.0,23.0
2021-10-04,6612,26000.0,1629800.0,63.5,63.5,62.1,62.1,-1.4,25.0
2021-10-05,6612,38000.0,2389400.0,61.3,63.8,61.0,63.5,1.4,26.0
2021-10-06,6612,9005.0,567517.0,62.8,64.0,62.7,62.8,-0.7,10.0
2021-10-07,6612,3000.0,189500.0,62.9,63.6,62.9,63.6,0.8,3.0
2021-10-08,6612,21000.0,1325800.0,63.6,63.6,62.8,63.3,-0.3,13.0
2021-10-12,6612,11000.0,688300.0,62.9,63.0,62.0,63.0,-0.3,10.0
2021-10-13,6612,36000.0,2213700.0,62.3,62.3,60.8,61.2,-1.8,31.0
2021-10-14,6612,10000.0,610200.0,61.0,61.8,60.5,61.5,0.3,10.0
2021-10-15,6612,11015.0,685134.0,62.0,62.5,62.0,62.3,0.8,11.0
2021-10-18,6612,6000.0,372800.0,62.2,62.7,61.8,61.8,-0.5,6.0
2021-10-19,6612,13000.0,802600.0,61.2,62.5,61.2,62.5,0.7,11.0
2021-10-20,6612,10000.0,620200.0,61.9,62.5,61.8,61.8,-0.7,9.0
2021-10-21,6612,25001.0,1544461.0,61.5,62.0,61.5,61.5,-0.3,25.0
2021-10-22,6612,9000.0,550200.0,61.5,61.6,61.0,61.0,-0.5,9.0
2021-10-25,6612,27100.0,1643790.0,61.0,61.4,60.2,61.3,0.3,23.0
2021-10-26,6612,17010.0,1044113.0,61.3,61.5,61.2,61.2,-0.1,13.0
2021-10-27,6612,18000.0,1091700.0,60.7,60.8,60.6,60.8,-0.4,17.0
2021-10-28,6612,10000.0,606300.0,60.7,60.8,60.5,60.7,-0.1,9.0
2021-10-29,6612,16000.0,968300.0,60.7,60.7,60.3,60.4,-0.3,16.0
2021-11-01,6612,9001.0,545460.0,60.4,60.9,60.4,60.8,0.4,10.0
2021-11-02,6612,26000.0,1563200.0,60.5,60.5,59.6,60.5,-0.3,25.0
2021-11-03,6612,19000.0,1143100.0,60.5,60.5,60.0,60.3,-0.2,16.0
2021-11-04,6612,13029.0,795383.0,60.8,61.5,60.5,60.5,0.2,12.0
2021-11-05,6612,20000.0,1203600.0,60.3,60.5,60.0,60.2,-0.3,19.0
2021-11-08,6612,13051.0,784669.0,60.1,60.3,59.9,60.3,0.1,16.0
2021-11-09,6612,13004.0,786840.0,60.5,61.4,60.2,60.4,0.1,14.0
2021-11-10,6612,28030.0,1718136.0,62.0,62.0,60.5,60.6,0.2,22.0
2021-11-11,6612,14000.0,848600.0,60.9,61.0,60.4,60.4,-0.2,14.0
2021-11-12,6612,11100.0,673050.0,60.9,60.9,60.4,60.5,0.1,10.0
2021-11-15,6612,14000.0,851800.0,60.5,61.0,60.5,61.0,0.5,13.0
2021-11-16,6612,30000.0,1838500.0,61.5,61.9,61.0,61.0,0.0,26.0
2021-11-17,6612,22000.0,1344600.0,61.0,61.9,61.0,61.1,0.1,20.0
2021-11-18,6612,23645.0,1455808.0,61.1,61.8,61.1,61.5,0.4,21.0
2021-11-19,6612,33038.0,2038056.0,61.9,62.0,61.2,61.5,0.0,34.0
2021-11-22,6612,15001.0,921461.0,61.6,61.7,61.0,61.0,-0.5,15.0
2021-11-23,6612,28000.0,1705200.0,61.9,61.9,60.3,60.6,-0.4,23.0
2021-11-24,6612,11000.0,664600.0,60.3,60.9,60.2,60.2,-0.4,9.0
2021-11-25,6612,9000.0,542800.0,60.3,60.7,60.2,60.3,0.1,9.0
2021-11-26,6612,14000.0,841900.0,60.1,60.3,60.0,60.0,-0.3,10.0
2021-11-29,6612,14000.0,839300.0,60.0,60.1,59.9,59.9,-0.1,13.0
2021-11-30,6612,11000.0,659400.0,59.8,60.9,59.7,59.8,-0.1,11.0
2021-12-01,6612,31034.0,1883144.0,59.8,62.5,59.0,62.5,2.7,28.0
2021-12-02,6612,23000.0,1396500.0,61.5,61.5,60.3,60.4,-2.1,22.0
2021-12-03,6612,29000.0,1738500.0,60.3,60.8,59.5,60.8,0.4,25.0
2021-12-06,6612,4000.0,243600.0,60.2,61.2,60.2,61.1,0.3,4.0
2021-12-07,6612,5000.0,304400.0,60.6,61.2,60.5,61.1,0.0,5.0
2021-12-08,6612,11501.0,707010.0,61.9,61.9,61.5,61.5,0.4,15.0
2021-12-09,6612,11000.0,671600.0,61.5,61.8,60.4,60.8,-0.7,10.0
2021-12-10,6612,21000.0,1279000.0,60.4,61.6,60.4,61.0,0.2,20.0
2021-12-13,6612,19300.0,1178379.0,61.1,61.4,60.8,61.2,0.2,27.0
2021-12-14,6612,22198.0,1350417.0,60.7,61.0,60.5,60.8,-0.4,22.0
2021-12-15,6612,12000.0,735900.0,60.8,61.7,60.8,61.3,0.5,11.0
2021-12-16,6612,343284.0,22908740.0,61.5,67.4,61.5,67.4,6.1,258.0
2021-12-17,6612,1707177.0,125379978.0,69.8,74.1,69.7,74.1,6.7,1137.0
2021-12-20,6612,1576631.0,120644614.0,75.1,80.3,72.5,72.7,-1.4,1291.0
2021-12-21,6612,516546.0,36479195.0,74.4,74.4,69.0,70.2,-2.5,480.0
2021-12-22,6612,197383.0,13536898.0,70.2,70.4,66.8,67.1,-3.1,245.0
2021-12-23,6612,709100.0,50241460.0,68.1,73.8,67.2,73.8,6.7,485.0
2021-12-24,6612,469434.0,34330754.0,73.8,75.9,70.6,71.1,-2.7,385.0
2021-12-27,6612,212296.0,14731148.0,71.0,72.0,68.7,69.0,-2.1,221.0
2021-12-28,6612,112309.0,7754401.0,70.0,70.0,68.1,68.9,-0.1,106.0
2021-12-29,6612,78110.0,5366492.0,68.9,69.6,68.2,68.8,-0.1,77.0
2021-12-30,6612,47327.0,3265920.0,69.5,69.7,68.6,68.8,0.0,83.0
2022-01-03,6612,61125.0,4158798.0,69.1,69.1,67.6,67.9,-0.9,68.0
2022-01-04,6612,61044.0,4139410.0,68.0,68.3,67.5,68.3,0.4,66.0
2022-01-05,6612,58067.0,3935643.0,68.3,69.7,66.7,67.5,-0.8,70.0
2022-01-06,6612,48782.0,3255911.0,67.5,67.5,66.0,67.1,-0.4,53.0
2022-01-07,6612,91525.0,6095377.0,67.1,68.4,65.3,67.7,0.6,92.0
2022-01-10,6612,1262191.0,92469046.0,67.2,74.4,67.2,73.2,5.5,587.0
2022-01-11,6612,230150.0,16217050.0,72.9,72.9,69.1,70.8,-2.4,199.0
2022-01-12,6612,43088.0,3040630.0,69.8,71.1,69.8,70.6,-0.2,51.0
2022-01-13,6612,716799.0,54302494.0,71.0,77.3,71.0,76.5,5.9,616.0
2022-01-14,6612,1763357.0,132141004.0,76.5,81.5,68.9,79.7,3.2,1453.0
2022-01-17,6612,2010138.0,160674955.0,82.0,86.7,73.6,74.0,-5.7,1748.0
2022-01-18,6612,508906.0,38076281.0,73.0,76.4,73.0,75.0,1.0,440.0
2022-01-19,6612,86739.0,6408761.0,74.5,74.5,73.3,73.6,-1.4,115.0
2022-01-20,6612,156762.0,11392182.0,73.6,74.0,71.2,72.2,-1.4,133.0
2022-01-21,6612,164930.0,11594377.0,70.8,71.9,69.1,69.6,-2.6,206.0
2022-01-24,6612,113248.0,7692889.0,69.0,69.0,67.4,68.2,-1.4,121.0
2022-01-25,6612,82419.0,5631165.0,68.0,69.8,67.6,69.8,1.6,95.0
2022-01-26,6612,111385.0,7612221.0,67.6,69.2,67.6,69.2,-0.6,115.0
2022-02-07,6612,43182.0,3040264.0,69.3,71.2,69.3,70.1,0.9,43.0
2022-02-08,6612,64540.0,4545403.0,70.0,71.5,69.5,70.0,-0.1,107.0
2022-02-09,6612,54070.0,3806530.0,70.0,71.1,69.3,70.8,0.8,56.0
2022-02-10,6612,483536.0,36382496.0,71.0,77.7,71.0,74.4,3.6,496.0
2022-02-11,6612,241729.0,17761619.0,73.9,75.0,72.7,74.5,0.1,263.0
2022-02-14,6612,110302.0,7926843.0,72.6,72.6,70.1,71.7,-2.8,107.0
2022-02-15,6612,127987.0,9367197.0,71.6,74.8,71.6,74.2,2.5,111.0
2022-02-16,6612,159441.0,11536722.0,73.5,74.8,71.8,71.8,-2.4,183.0
2022-02-17,6612,77182.0,5455667.0,71.8,71.8,70.2,70.7,-1.1,72.0
2022-02-18,6612,93342.0,6544579.0,70.6,70.6,69.6,70.2,-0.5,90.0
2022-02-21,6612,32110.0,2290562.0,70.5,71.8,70.5,71.3,1.1,32.0
2022-02-22,6612,74300.0,5290714.0,71.5,71.8,70.5,71.7,0.4,77.0
2022-02-23,6612,21052.0,1498557.0,71.3,71.6,70.4,71.6,-0.1,29.0
2022-02-24,6612,55434.0,3902604.0,70.6,71.5,69.6,71.3,-0.3,76.0
2022-02-25,6612,115140.0,8138995.0,70.6,72.6,69.4,72.5,1.2,121.0
2022-03-01,6612,42005.0,3081264.0,72.5,74.4,72.5,73.0,0.5,43.0
2022-03-02,6612,689585.0,51285711.0,74.2,76.2,72.7,75.5,2.5,465.0
2022-03-03,6612,166248.0,12354730.0,75.5,75.7,73.3,73.5,-2.0,149.0
2022-03-04,6612,383397.0,29135418.0,73.9,77.0,73.5,76.4,2.9,344.0
2022-03-07,6612,854701.0,65386246.0,77.0,79.4,72.0,72.0,-4.4,677.0
2022-03-08,6612,183323.0,13047049.0,72.0,72.3,70.0,71.1,-0.9,169.0
2022-03-09,6612,375213.0,29100254.0,74.5,78.2,74.5,78.2,7.1,252.0
2022-03-10,6612,931327.0,74701128.0,78.2,84.6,76.0,79.7,1.5,779.0
2022-03-11,6612,809596.0,65952735.0,80.5,84.0,79.5,81.0,1.3,661.0
2022-03-14,6612,429363.0,35277576.0,81.8,84.5,80.3,84.2,3.2,392.0
2022-03-15,6612,402131.0,32909909.0,84.1,84.8,79.3,79.3,-4.9,380.0
2022-03-16,6612,275563.0,21565916.0,81.0,81.6,76.0,77.9,-1.4,256.0
2022-03-17,6612,172553.0,13638760.0,79.5,80.1,78.4,78.8,0.9,160.0
2022-03-18,6612,542599.0,44622887.0,78.6,84.8,78.2,82.5,3.7,451.0
2022-03-21,6612,407859.0,34544643.0,83.1,86.7,82.4,83.8,1.3,425.0
2022-03-22,6612,1089123.0,97179843.0,84.5,92.1,84.5,92.1,8.3,891.0
2022-03-23,6612,1138508.0,103612772.0,93.5,95.2,87.8,89.1,-3.0,1002.0
2022-03-24,6612,2119936.0,204080662.0,88.5,98.0,87.7,98.0,8.9,1217.0
2022-03-25,6612,1869052.0,182189107.0,99.5,101.5,94.6,94.7,-3.3,1614.0
2022-03-28,6612,1995692.0,196598149.0,94.5,103.0,94.1,94.1,-0.6,1713.0
2022-03-29,6612,906542.0,87348531.0,96.0,98.6,93.4,94.9,0.8,748.0
2022-03-30,6612,846747.0,77688676.0,94.9,95.9,89.5,90.3,-4.6,747.0
2022-03-31,6612,293046.0,26046261.0,89.3,91.0,87.2,87.8,-2.5,267.0
2022-04-01,6612,373840.0,33556147.0,88.5,91.0,88.2,89.8,2.0,317.0
2022-04-06,6612,203225.0,18406241.0,86.5,92.0,86.5,91.0,1.2,204.0
2022-04-07,6612,470663.0,40779172.0,91.1,91.1,84.2,84.6,0.0,456.0
2022-04-08,6612,121900.0,10481520.0,84.0,87.6,84.0,87.5,2.9,143.0
2022-04-11,6612,527391.0,47842405.0,89.0,92.8,88.2,88.4,0.9,462.0
2022-04-12,6612,391132.0,34613128.0,88.3,91.3,86.0,87.0,-1.4,406.0
2022-04-13,6612,304876.0,26424074.0,88.4,89.5,85.2,86.8,-0.2,275.0
2022-04-14,6612,730846.0,67094565.0,86.8,94.8,85.8,92.4,5.6,677.0
2022-04-15,6612,628145.0,58687130.0,94.5,95.5,90.8,92.8,0.4,505.0
2022-04-18,6612,163300.0,14981178.0,92.8,95.0,90.8,90.8,-2.0,170.0
2022-04-19,6612,219055.0,19525048.0,92.7,92.7,87.6,88.9,-1.9,232.0
2022-04-20,6612,498114.0,46159160.0,88.7,95.4,88.7,90.0,1.1,379.0
2022-04-21,6612,114241.0,10434826.0,91.9,92.5,90.7,90.8,0.8,110.0
2022-04-22,6612,200227.0,17910267.0,89.6,93.0,88.0,88.2,-2.6,180.0
2022-04-25,6612,284047.0,23858966.0,84.5,86.5,82.6,83.3,-4.9,269.0
2022-04-26,6612,166580.0,13720125.0,83.4,84.9,81.0,81.6,-1.7,171.0
2022-04-27,6612,134696.0,10930004.0,79.0,83.5,79.0,83.0,1.4,152.0
2022-04-28,6612,67360.0,5567159.0,83.9,84.0,81.9,82.5,-0.5,133.0
2022-04-29,6612,57090.0,4739266.0,83.1,83.3,82.5,83.3,0.8,52.0
2022-05-03,6612,33073.0,2756191.0,85.8,85.8,82.5,82.8,-0.5,31.0
2022-05-04,6612,48759.0,3973562.0,83.8,83.8,80.5,81.7,-1.1,57.0
2022-05-05,6612,64777.0,5313465.0,81.5,83.3,81.1,82.1,0.4,65.0
2022-05-06,6612,86598.0,6924146.0,80.1,82.1,79.5,79.6,-2.5,94.0
2022-05-09,6612,128090.0,9903792.0,79.9,79.9,76.2,76.9,-2.7,132.0
2022-05-10,6612,115467.0,8589093.0,75.9,76.0,73.0,75.3,-1.6,123.0
2022-05-11,6612,24826.0,1871000.0,75.3,76.1,74.1,75.6,0.3,55.0
2022-05-12,6612,168907.0,13059630.0,76.1,79.5,76.1,76.9,1.3,100.0
2022-05-13,6612,46070.0,3565359.0,78.8,78.8,76.7,77.1,0.2,42.0
2022-05-16,6612,50000.0,3870800.0,77.2,78.5,76.4,77.4,0.3,50.0
2022-05-17,6612,34230.0,2634593.0,77.5,77.8,76.4,77.2,-0.2,40.0
2022-05-18,6612,46048.0,3594637.0,77.2,78.8,77.2,77.9,0.7,47.0
2022-05-19,6612,25236.0,1955273.0,75.4,78.4,75.4,78.2,0.3,31.0
2022-05-20,6612,28085.0,2194778.0,78.1,78.8,77.7,78.0,-0.2,31.0
2022-05-23,6612,31187.0,2443019.0,78.9,79.3,77.7,78.0,0.0,32.0
2022-05-24,6612,48091.0,3693816.0,78.0,78.5,76.0,76.2,-1.8,46.0
2022-05-25,6612,115504.0,8588637.0,75.9,75.9,73.2,74.1,-2.1,141.0
2022-05-26,6612,44010.0,3263940.0,74.1,75.5,73.5,73.5,-0.6,39.0
2022-05-27,6612,33120.0,2460315.0,74.9,74.9,73.7,74.3,0.8,34.0
2022-05-30,6612,38044.0,2847400.0,74.4,75.6,74.4,75.2,0.9,39.0
2022-05-31,6612,22000.0,1650800.0,74.5,75.3,74.5,75.1,-0.1,21.0
2022-06-01,6612,24000.0,1809100.0,75.0,76.0,75.0,75.8,0.7,18.0
2022-06-02,6612,53220.0,3979000.0,75.8,76.0,73.0,76.0,0.2,56.0
2022-06-06,6612,32019.0,2405635.0,75.2,76.0,74.9,74.9,-1.1,34.0
2022-06-07,6612,20169.0,1503901.0,74.1,74.8,74.1,74.6,-0.3,25.0
2022-06-08,6612,131617.0,10783194.0,81.8,82.0,80.0,82.0,7.4,104.0
2022-06-09,6612,682264.0,56988329.0,85.0,86.7,80.1,80.6,-1.4,640.0
2022-06-10,6612,1502541.0,131356209.0,81.0,88.6,80.0,86.1,5.5,1090.0
2022-06-13,6612,909490.0,78575694.0,86.1,89.4,82.3,82.9,-3.2,885.0
2022-06-14,6612,234954.0,19277584.0,83.2,83.9,80.3,81.3,-1.6,265.0
2022-06-15,6612,102147.0,8321746.0,82.8,82.8,80.5,81.1,-0.2,130.0
2022-06-16,6612,251209.0,20724519.0,82.5,84.9,80.3,80.3,-0.8,254.0
2022-06-17,6612,276289.0,21287360.0,78.2,79.9,74.6,77.0,-3.3,259.0
2022-06-20,6612,213165.0,16291667.0,76.2,79.5,74.2,74.2,-2.8,203.0
2022-06-21,6612,108031.0,8184749.0,75.6,77.0,74.5,75.2,1.0,98.0
2022-06-22,6612,160085.0,11940975.0,74.7,77.0,73.8,74.0,-1.2,152.0
2022-06-23,6612,68015.0,5106828.0,74.0,76.9,74.0,74.6,0.6,65.0
2022-06-24,6612,146038.0,11263502.0,76.3,78.8,75.9,77.9,3.3,126.0
2022-06-27,6612,63787.0,4991373.0,79.5,79.5,77.5,78.7,0.8,73.0
2022-06-28,6612,38100.0,2982779.0,78.0,79.7,77.5,78.4,-0.3,36.0
2022-06-29,6612,101019.0,8039310.0,78.4,81.0,77.7,80.0,1.6,96.0
2022-06-30,6612,117097.0,9175372.0,80.5,80.5,77.3,77.9,-2.1,110.0
2022-07-01,6612,117808.0,8796750.0,77.9,78.0,72.9,73.3,-4.6,124.0
2022-07-04,6612,38040.0,2833261.0,74.8,75.2,73.6,74.8,1.5,41.0
2022-07-05,6612,39050.0,2920519.0,76.2,76.2,74.0,74.8,0.0,40.0
2022-07-06,6612,36062.0,2698243.0,76.4,76.4,74.5,74.7,-0.1,36.0
2022-07-07,6612,73260.0,5671098.0,75.5,79.0,75.3,78.3,3.6,69.0
2022-07-08,6612,54153.0,4167359.0,78.0,78.3,76.1,76.9,-1.4,58.0
2022-07-11,6612,82353.0,6142338.0,74.5,76.0,74.0,74.4,-2.5,91.0
2022-07-12,6612,136465.0,9829838.0,73.6,74.0,70.0,71.7,-2.7,132.0
2022-07-13,6612,38093.0,2778388.0,74.6,74.6,71.7,71.8,0.1,35.0
2022-07-14,6612,36219.0,2613411.0,71.8,73.0,71.0,73.0,1.2,32.0
2022-07-15,6612,42036.0,3041415.0,73.8,73.8,71.8,72.4,-0.6,43.0
2022-07-18,6612,26052.0,1891269.0,73.4,73.5,72.3,72.9,0.5,24.0
2022-07-19,6612,14049.0,1018967.0,71.9,72.9,71.9,72.7,-0.2,14.0
2022-07-20,6612,74002.0,5492248.0,73.1,75.1,73.1,73.7,1.0,62.0
2022-07-21,6612,38191.0,2804549.0,73.7,73.9,73.0,73.4,-0.3,44.0
2022-07-22,6612,66191.0,4944138.0,75.0,75.6,73.9,74.6,1.2,85.0
2022-07-25,6612,83009.0,6304692.0,74.3,77.0,74.3,75.7,1.1,81.0
2022-07-26,6612,56100.0,4221049.0,76.1,76.1,74.7,75.9,0.2,52.0
2022-07-27,6612,19000.0,1429900.0,76.8,76.8,74.9,75.4,-0.5,19.0
2022-07-28,6612,51144.0,3830786.0,75.4,76.0,74.4,75.5,0.1,66.0
2022-07-29,6612,60119.0,4515689.0,75.2,76.4,74.3,75.0,-0.5,51.0
2022-08-01,6612,34020.0,2568720.0,75.3,75.9,74.8,75.9,0.9,33.0
2022-08-02,6612,61053.0,4563728.0,76.5,76.5,74.0,74.1,-1.8,54.0
2022-08-03,6612,86025.0,6288645.0,74.1,74.9,72.6,73.0,-1.1,75.0
2022-08-04,6612,37179.0,2683172.0,73.5,73.5,71.5,73.0,0.0,37.0
2022-08-05,6612,36278.0,2662002.0,73.5,74.0,73.1,73.4,0.4,32.0
2022-08-08,6612,19170.0,1416000.0,73.9,74.0,73.4,74.0,0.6,20.0
2022-08-09,6612,202541.0,15926050.0,75.5,80.7,75.5,79.1,5.1,212.0
2022-08-10,6612,142090.0,11198186.0,78.6,80.4,77.1,77.7,-1.4,128.0
2022-08-11,6612,53175.0,4133102.0,78.5,78.6,77.0,77.6,-0.1,60.0
2022-08-12,6612,80123.0,6334537.0,77.5,80.0,77.5,80.0,2.4,79.0
2022-08-15,6612,174298.0,13647829.0,80.0,80.0,77.0,77.6,-2.4,200.0
2022-08-16,6612,55010.0,4299579.0,77.5,78.9,77.5,78.4,0.8,50.0
2022-08-17,6612,126156.0,10016053.0,78.5,80.9,78.0,80.0,1.6,116.0
2022-08-18,6612,169648.0,14001542.0,79.4,85.0,79.4,82.1,2.1,168.0
2022-08-19,6612,394225.0,32427412.0,82.1,84.5,81.3,82.2,0.1,97.0
2022-08-22,6612,153341.0,13010243.0,83.0,87.3,83.0,84.0,1.8,152.0
2022-08-23,6612,68103.0,5581860.0,84.0,84.0,81.4,81.5,-2.5,80.0
2022-08-24,6612,85839.0,7147764.0,82.0,85.0,81.5,82.6,1.1,85.0
2022-08-25,6612,57150.0,4789759.0,83.0,85.0,82.3,84.0,1.4,57.0
2022-08-26,6612,87320.0,7303034.0,84.5,85.6,82.1,82.3,-1.7,123.0
2022-08-29,6612,59018.0,4794268.0,81.5,81.6,80.3,81.4,-0.9,52.0
2022-08-30,6612,56000.0,4595500.0,82.0,82.8,81.0,81.8,0.4,52.0
2022-08-31,6612,74095.0,6135460.0,82.4,85.0,81.9,82.0,0.2,100.0
2022-09-01,6612,56119.0,4598061.0,82.0,83.1,81.5,81.7,-0.3,53.0
2022-09-02,6612,45059.0,3691043.0,81.9,82.7,81.6,81.6,-0.1,40.0
2022-09-05,6612,52195.0,4258267.0,81.9,82.2,81.0,81.7,0.1,47.0
2022-09-06,6612,81105.0,6462925.0,81.9,81.9,79.0,79.0,-2.7,69.0
2022-09-07,6612,31165.0,2467607.0,80.8,80.8,78.0,79.7,0.7,35.0
2022-09-08,6612,1073164.0,93291736.0,86.8,87.6,84.0,85.0,5.3,694.0
2022-09-12,6612,426900.0,37043496.0,86.2,89.0,83.1,88.9,3.9,348.0
2022-09-13,6612,345118.0,31242764.0,90.2,92.4,89.1,90.8,1.9,307.0
2022-09-14,6612,234617.0,21342789.0,90.5,92.3,88.6,92.0,1.2,218.0
2022-09-15,6612,130785.0,11914292.0,93.4,93.4,90.0,90.0,-2.0,260.0
2022-09-16,6612,83177.0,7442927.0,89.6,90.6,88.4,88.4,-1.6,97.0
2022-09-19,6612,63179.0,5489655.0,88.7,88.7,86.0,86.2,-2.2,77.0
2022-09-20,6612,27584.0,2405417.0,86.6,87.9,86.4,87.4,1.2,32.0
2022-09-21,6612,38152.0,3325926.0,87.6,87.6,86.5,87.6,0.2,55.0
2022-09-22,6612,62183.0,5545519.0,86.6,90.5,86.2,90.3,2.7,67.0
2022-09-23,6612,49165.0,4340079.0,90.3,90.3,86.7,88.3,-2.0,65.0
2022-09-26,6612,84479.0,7223479.0,90.1,90.1,84.2,84.8,-3.5,125.0
2022-09-27,6612,60093.0,5047179.0,85.0,85.0,83.1,84.4,-0.4,62.0
2022-09-28,6612,94192.0,7699794.0,84.7,84.8,80.0,80.0,-4.4,126.0
2022-09-29,6612,43058.0,3538401.0,82.5,84.4,81.0,81.7,1.7,68.0
2022-09-30,6612,28000.0,2277200.0,81.0,82.6,79.2,82.6,0.9,26.0
2022-10-03,6612,69074.0,5858919.0,82.6,87.4,82.6,84.0,1.4,97.0
2022-10-04,6612,24027.0,2053811.0,85.5,86.0,85.0,86.0,2.0,24.0
2022-10-05,6612,37194.0,3176945.0,86.5,86.7,84.3,84.8,-1.2,45.0
2022-10-06,6612,13215.0,1108386.0,84.8,84.8,83.5,83.7,-1.1,90.0
2022-10-07,6612,24060.0,2029796.0,83.7,85.0,83.7,85.0,1.3,28.0
2022-10-11,6612,346677.0,26734028.0,79.5,80.0,76.5,76.7,-8.3,374.0
2022-10-12,6612,40275.0,3053051.0,75.5,77.0,75.0,75.8,-0.9,41.0
2022-10-13,6612,98126.0,7116097.0,75.8,75.8,71.0,71.8,-4.0,85.0
2022-10-14,6612,47050.0,3528774.0,73.0,76.0,73.0,75.0,3.2,45.0
2022-10-17,6612,35000.0,2605200.0,76.0,76.0,71.7,75.5,0.5,34.0
2022-10-18,6612,13000.0,988300.0,76.9,76.9,75.7,75.7,0.2,11.0
2022-10-19,6612,25017.0,1878475.0,74.5,76.9,74.5,75.0,-0.7,23.0
2022-10-20,6612,41013.0,3021637.0,74.5,74.5,73.0,73.9,-1.1,33.0
2022-10-21,6612,22000.0,1613000.0,73.0,74.0,72.6,72.6,-1.3,20.0
2022-10-24,6612,21001.0,1534472.0,73.6,73.7,72.4,73.1,0.5,20.0
2022-10-25,6612,28000.0,2018300.0,72.2,72.6,71.5,72.6,-0.5,20.0
2022-10-26,6612,21158.0,1527850.0,73.1,73.1,72.0,72.0,-0.6,24.0
2022-10-27,6612,28000.0,2036000.0,72.6,73.5,72.2,73.3,1.3,21.0
2022-10-28,6612,30000.0,2190400.0,72.7,73.8,72.2,73.4,0.1,25.0
2022-10-31,6612,13000.0,953000.0,75.2,75.2,72.6,73.7,0.3,13.0
2022-11-01,6612,19000.0,1414200.0,73.7,75.0,73.7,75.0,1.3,15.0
2022-11-02,6612,18149.0,1379481.0,75.0,77.0,75.0,76.1,1.1,20.0
2022-11-03,6612,13050.0,989700.0,75.0,76.7,75.0,76.7,0.6,24.0
2022-11-04,6612,20042.0,1539567.0,76.2,78.0,75.9,78.0,1.3,21.0
2022-11-07,6612,27000.0,2091900.0,78.0,78.0,76.8,77.5,-0.5,17.0
2022-11-08,6612,17026.0,1314714.0,77.3,78.3,76.1,76.6,-0.9,25.0
2022-11-09,6612,92108.0,7352936.0,80.2,80.6,79.0,79.4,2.8,78.0
2022-11-10,6612,19000.0,1497900.0,79.0,79.9,77.7,79.9,0.5,19.0
2022-11-11,6612,76292.0,6321808.0,86.0,86.0,81.0,81.8,1.9,74.0
2022-11-14,6612,35062.0,2867608.0,82.1,83.3,80.7,81.8,0.0,39.0
2022-11-15,6612,33011.0,2685187.0,83.1,83.1,80.4,80.7,-1.1,32.0
2022-11-16,6612,18087.0,1451305.0,81.7,81.7,79.7,80.5,-0.2,39.0
2022-11-17,6612,20050.0,1625344.0,81.0,81.5,80.5,81.4,0.9,17.0
2022-11-18,6612,21232.0,1730726.0,81.4,82.2,81.0,81.2,-0.2,23.0
2022-11-21,6612,29142.0,2392814.0,81.4,83.0,81.2,82.3,1.1,32.0
2022-11-22,6612,21000.0,1712600.0,81.8,81.8,81.4,81.5,-0.8,20.0
2022-11-23,6612,46111.0,3843874.0,82.5,84.5,81.6,83.6,2.1,47.0
2022-11-24,6612,60150.0,5031698.0,85.2,85.2,82.2,84.0,0.4,62.0
2022-11-25,6612,20159.0,1661645.0,83.0,83.3,81.6,83.3,-0.7,23.0
2022-11-28,6612,18000.0,1485700.0,82.1,83.0,82.1,82.9,-0.4,17.0
2022-11-29,6612,13004.0,1073931.0,82.9,83.2,82.0,82.7,-0.2,14.0
2022-11-30,6612,15432.0,1281234.0,83.8,83.8,82.4,83.3,0.6,22.0
2022-12-01,6612,25000.0,2074400.0,83.3,83.6,82.5,83.0,-0.3,24.0
2022-12-02,6612,70000.0,5809200.0,83.3,83.8,82.0,83.0,0.0,24.0
2022-12-05,6612,63009.0,5246465.0,83.0,84.1,82.8,83.1,0.1,52.0
2022-12-06,6612,140404.0,12053140.0,83.1,87.8,82.8,85.5,2.4,128.0
2022-12-07,6612,187106.0,16361192.0,87.7,89.0,86.0,86.6,1.1,178.0
2022-12-08,6612,43700.0,3783277.0,86.4,87.2,86.0,86.8,0.2,166.0
2022-12-09,6612,116013.0,9929833.0,87.0,88.6,83.1,83.8,-3.0,184.0
2022-12-12,6612,141771.0,11424956.0,80.3,81.5,80.0,81.4,-2.4,138.0
2022-12-13,6612,60214.0,4923448.0,82.0,82.3,81.1,82.1,0.7,53.0
2022-12-14,6612,40099.0,3282076.0,82.1,82.6,80.8,82.6,0.5,39.0
2022-12-15,6612,47000.0,3847000.0,82.6,83.6,81.2,83.6,1.0,29.0
2022-12-16,6612,36010.0,2955838.0,82.8,82.8,81.7,81.7,-1.9,27.0
2022-12-19,6612,25000.0,2056000.0,81.1,82.9,81.0,82.9,1.2,24.0
2022-12-20,6612,38000.0,3086200.0,82.9,82.9,80.5,80.9,-2.0,33.0
2022-12-21,6612,8000.0,652700.0,81.5,81.9,81.0,81.9,1.0,8.0
2022-12-22,6612,14000.0,1140800.0,81.9,81.9,81.2,81.7,-0.2,13.0
2022-12-23,6612,63000.0,5094000.0,80.8,81.7,80.4,80.5,-1.2,47.0
2022-12-26,6612,25000.0,2038300.0,81.3,82.4,80.7,82.4,1.9,23.0
2022-12-27,6612,9230.0,750062.0,82.0,82.0,80.9,81.2,-1.2,15.0
2022-12-28,6612,11013.0,890754.0,80.9,81.2,80.8,80.8,-0.4,12.0
2022-12-29,6612,25000.0,2012900.0,80.8,81.5,79.0,81.5,0.7,21.0
2022-12-30,6612,26000.0,2130000.0,82.0,82.5,81.2,81.2,-0.3,24.0
2023-01-03,6612,14305.0,1171149.0,82.0,82.4,81.3,82.4,1.2,19.0
2023-01-04,6612,29000.0,2363300.0,82.5,82.5,81.0,81.9,-0.5,24.0
2023-01-05,6612,17020.0,1378736.0,81.1,81.4,80.5,81.3,-0.6,17.0
2023-01-06,6612,18087.0,1484519.0,81.7,82.3,81.7,82.0,0.7,18.0
2023-01-09,6612,98227.0,8341677.0,83.0,86.8,82.9,83.6,1.6,96.0
2023-01-10,6612,536633.0,47678274.0,87.1,90.9,86.9,88.8,5.2,463.0
2023-01-11,6612,537737.0,49017769.0,90.2,93.0,89.0,89.8,1.0,484.0
2023-01-12,6612,146217.0,12891604.0,89.1,89.1,87.1,88.3,-1.5,191.0
2023-01-13,6612,235146.0,21272427.0,88.8,92.0,88.1,90.3,2.0,240.0
2023-01-16,6612,1026206.0,99564050.0,91.0,99.3,91.0,99.3,9.0,876.0
2023-01-17,6612,1349980.0,144421320.0,102.0,109.0,102.0,109.0,9.7,945.0
2023-01-30,6612,2860395.0,333721206.0,114.0,119.5,111.5,117.0,8.0,1986.0
2023-01-31,6612,2394260.0,282052212.0,116.5,124.0,111.5,120.0,3.0,2092.0
2023-02-01,6612,1734647.0,208318695.0,116.0,128.5,113.5,128.5,8.5,1482.0
2023-02-02,6612,1468459.0,187098557.0,126.5,133.0,124.0,124.0,-4.5,1322.0
2023-02-03,6612,406404.0,51495648.0,124.0,130.0,122.0,126.0,2.0,416.0
2023-02-06,6612,312376.0,39766714.0,126.0,129.0,125.0,128.0,2.0,327.0
2023-02-07,6612,208768.0,26814045.0,130.0,130.0,126.5,129.5,1.5,217.0
2023-02-08,6612,246751.0,32017354.0,131.0,131.0,128.5,129.5,0.0,225.0
2023-02-09,6612,581564.0,79771517.0,129.0,141.5,129.0,141.5,12.0,578.0
2023-02-10,6612,574419.0,76685098.0,138.0,138.0,130.0,131.0,-10.5,586.0
2023-02-13,6612,308429.0,39998817.0,132.5,133.0,127.0,127.5,-3.5,299.0
2023-02-14,6612,160711.0,20441112.0,127.0,128.0,126.0,127.5,0.0,185.0
2023-02-15,6612,237686.0,31012412.0,128.5,132.0,128.5,130.5,3.0,255.0
2023-02-16,6612,386327.0,52109644.0,130.5,137.5,129.5,137.0,6.5,407.0
2023-02-17,6612,847250.0,113647694.0,136.0,138.0,130.0,132.0,-5.0,840.0
2023-02-20,6612,658233.0,85203674.0,132.5,135.5,124.5,126.5,-5.5,754.0
2023-02-21,6612,276516.0,34886810.0,126.0,128.0,124.5,126.0,-0.5,328.0
2023-02-22,6612,990767.0,134024622.0,127.0,138.5,127.0,138.5,12.5,821.0
2023-02-23,6612,1875550.0,276863871.0,144.0,152.0,142.5,152.0,13.5,1465.0
2023-02-24,6612,3413002.0,518279170.0,155.5,160.0,141.5,142.5,-9.5,3062.0
2023-03-01,6612,655890.0,91485943.0,142.5,145.0,136.5,137.5,-5.0,710.0
2023-03-02,6612,755029.0,106763347.0,138.0,144.5,138.0,141.5,4.0,834.0
2023-03-03,6612,572042.0,81670615.0,143.5,145.5,140.0,142.0,0.5,579.0
2023-03-06,6612,353377.0,50159423.0,143.5,145.0,138.5,142.0,0.0,385.0
2023-03-07,6612,286693.0,40841936.0,142.5,145.0,140.5,140.5,-1.5,303.0
2023-03-08,6612,404509.0,57467200.0,140.5,145.0,139.5,139.5,-1.0,374.0
2023-03-09,6612,680975.0,92548569.0,142.5,142.5,132.0,137.0,-2.5,671.0
2023-03-10,6612,2166917.0,312705379.0,139.0,150.5,137.0,137.5,0.5,1706.0
2023-03-13,6612,691808.0,89841120.0,137.5,138.0,126.0,127.0,-10.5,735.0
2023-03-14,6612,424055.0,54775130.0,125.5,132.5,125.5,126.5,-0.5,420.0
2023-03-15,6612,323991.0,41512203.0,127.5,132.0,126.5,127.0,0.5,346.0
2023-03-16,6612,194176.0,24759751.0,127.5,130.0,125.0,127.0,0.0,219.0
2023-03-17,6612,408517.0,53644029.0,129.5,136.0,127.0,132.0,5.0,402.0
2023-03-20,6612,166342.0,21685803.0,133.0,134.5,129.0,130.0,-2.0,192.0
2023-03-21,6612,139278.0,18257585.0,131.5,133.0,129.5,130.5,0.5,143.0
2023-03-22,6612,243070.0,32457598.0,132.5,135.5,131.0,133.5,3.0,237.0
2023-03-23,6612,152962.0,20395671.0,133.5,135.5,131.5,131.5,-2.0,182.0
2023-03-24,6612,283207.0,36439423.0,132.0,132.0,127.0,128.0,-3.5,326.0
2023-03-27,6612,182165.0,23759649.0,128.5,133.0,128.0,129.5,1.5,181.0
2023-03-28,6612,237113.0,30452502.0,129.5,132.5,126.5,126.5,-3.0,257.0
2023-03-29,6612,170673.0,21609736.0,127.0,128.5,125.0,126.0,-0.5,172.0
2023-03-30,6612,248874.0,32279224.0,126.5,131.5,126.5,130.0,0.0,247.0
2023-03-31,6612,158162.0,20631076.0,128.5,133.0,128.5,129.5,-0.5,181.0
2023-04-06,6612,100605.0,13042864.0,129.5,131.5,127.5,131.5,2.0,113.0
2023-04-07,6612,121703.0,15967628.0,132.0,133.0,130.0,131.5,0.0,125.0
2023-04-10,6612,651021.0,89271879.0,132.5,143.0,129.5,139.5,8.0,610.0
2023-04-11,6612,521276.0,72232236.0,142.0,142.0,136.5,137.5,-2.0,498.0
2023-04-12,6612,215670.0,29437152.0,137.5,138.5,135.5,136.5,-1.0,284.0
2023-04-13,6612,1225942.0,180040827.0,138.0,150.0,138.0,150.0,13.5,1034.0
2023-04-14,6612,2326489.0,354478673.0,152.5,159.5,145.0,145.0,-5.0,1985.0
2023-04-17,6612,634164.0,94971589.0,146.0,154.0,146.0,148.0,3.0,605.0
2023-04-18,6612,1174507.0,185658039.0,149.0,162.5,149.0,162.5,14.5,951.0
2023-04-19,6612,3300803.0,562195197.0,167.5,178.5,164.5,178.5,16.0,2732.0
2023-04-20,6612,6116601.0,1093875945.0,183.0,194.0,163.5,169.0,-9.5,5250.0
2023-04-21,6612,1978369.0,322962689.0,172.0,173.0,157.5,158.5,-10.5,1902.0
2023-04-24,6612,904946.0,144707777.0,159.5,164.0,155.5,158.5,0.0,847.0
2023-04-25,6612,830296.0,130785429.0,159.5,163.0,153.0,155.5,-3.0,963.0
2023-04-26,6612,515118.0,80554657.0,155.5,160.0,154.0,155.0,-0.5,483.0
2023-04-27,6612,501737.0,77091222.0,156.0,157.0,148.5,154.0,-1.0,493.0
2023-04-28,6612,926019.0,149311576.0,158.0,167.0,155.5,160.5,6.5,864.0
2023-05-02,6612,1656769.0,279203521.0,160.5,176.0,158.0,169.5,9.0,1520.0
2023-05-03,6612,1244559.0,211246763.0,174.5,175.0,165.5,168.0,-1.5,1189.0
2023-05-04,6612,1726021.0,310567964.0,167.0,184.5,167.0,184.5,16.5,1453.0
2023-05-05,6612,4844410.0,920606973.0,196.0,198.5,182.0,185.0,0.5,3591.0
2023-05-08,6612,1124445.0,209638554.0,185.5,191.5,181.0,181.5,-3.5,1142.0
2023-05-09,6612,2715696.0,511862447.0,182.5,195.0,182.0,182.0,0.5,2508.0
2023-05-10,6612,962009.0,174670363.0,180.0,186.0,177.5,179.5,-2.5,1055.0
2023-05-11,6612,892819.0,155644414.0,179.0,180.0,170.5,172.0,-7.5,916.0
2023-05-12,6612,963455.0,163744178.0,166.5,174.0,165.5,169.5,-2.5,921.0
2023-05-15,6612,1232004.0,198376844.0,170.0,170.5,156.5,159.0,-10.5,1366.0
2023-05-16,6612,563665.0,92069592.0,162.0,166.0,160.5,160.5,1.5,579.0
2023-05-17,6612,554974.0,90908633.0,160.5,167.0,159.5,163.5,3.0,597.0
2023-05-18,6612,484372.0,79232176.0,167.0,167.5,161.0,161.5,-2.0,523.0
2023-05-19,6612,488135.0,79302130.0,162.0,165.5,158.5,162.0,0.5,496.0
2023-05-22,6612,1390563.0,239790004.0,163.0,178.0,163.0,178.0,16.0,1218.0
2023-05-23,6612,1413716.0,249454900.0,179.0,181.5,171.5,175.0,-3.0,1364.0
2023-05-24,6612,457515.0,79755271.0,176.5,177.0,171.0,175.0,0.0,784.0
2023-05-25,6612,848770.0,148374943.0,177.0,179.5,171.0,171.0,-4.0,1226.0
2023-05-26,6612,781903.0,129294136.0,171.5,172.0,161.5,161.5,-9.5,1180.0
2023-05-29,6612,439724.0,72434486.0,163.0,167.5,162.0,167.0,5.5,485.0
2023-05-30,6612,429113.0,69982278.0,167.5,168.0,160.5,161.0,-6.0,499.0
2023-05-31,6612,433796.0,71807618.0,161.5,169.0,161.5,164.5,3.5,452.0
2023-06-01,6612,324788.0,54186121.0,167.5,169.5,164.5,167.0,2.5,328.0
2023-06-02,6612,403372.0,67163829.0,167.5,169.5,164.0,164.0,-3.0,421.0
2023-06-05,6612,579788.0,98981744.0,168.0,176.5,166.5,168.0,4.0,598.0
2023-06-06,6612,243924.0,41007416.0,168.5,172.5,165.5,166.0,-2.0,270.0
2023-06-07,6612,348674.0,59075567.0,165.0,173.5,165.0,169.5,3.5,341.0
2023-06-08,6612,665758.0,114386963.0,171.0,174.5,169.0,171.0,1.5,641.0
2023-06-09,6612,591148.0,99725089.0,172.5,174.0,165.0,167.0,-4.0,934.0
2023-06-12,6612,293607.0,48195290.0,169.0,169.0,162.5,163.5,-3.5,310.0
2023-06-13,6612,185831.0,30323921.0,164.0,164.5,162.0,163.5,0.0,222.0
2023-06-14,6612,127687.0,20837559.0,164.5,164.5,162.0,162.5,-1.0,139.0
2023-06-15,6612,137534.0,22251795.0,164.5,164.5,161.0,161.0,-1.5,163.0
2023-06-16,6612,332586.0,54700179.0,162.5,166.5,161.0,164.0,3.0,322.0
2023-06-19,6612,94810.0,15442677.0,163.5,165.0,162.0,162.0,-2.0,117.0
2023-06-20,6612,85405.0,13805670.0,163.0,163.0,161.0,161.0,-1.0,96.0
2023-06-21,6612,157562.0,25323046.0,161.0,162.0,159.0,161.0,0.0,180.0
2023-06-26,6612,161397.0,25269595.0,161.0,161.0,153.5,157.0,-4.0,196.0
2023-06-27,6612,287751.0,45954005.0,155.0,163.5,154.0,157.0,0.0,299.0
2023-06-28,6612,102477.0,16373154.0,160.5,161.5,158.0,160.0,3.0,115.0
2023-06-29,6612,102707.0,16560559.0,160.5,163.5,159.5,159.5,-0.5,125.0
2023-06-30,6612,501667.0,82685809.0,161.5,167.0,161.5,164.0,4.5,489.0
2023-07-03,6612,156113.0,25470203.0,166.5,166.5,162.0,162.0,-2.0,208.0
2023-07-04,6612,124886.0,20265033.0,164.5,164.5,161.5,161.5,-0.5,127.0
2023-07-05,6612,143935.0,23540303.0,161.5,164.5,161.5,164.0,2.5,141.0
2023-07-06,6612,255080.0,41884481.0,164.5,168.0,161.5,161.5,-2.5,280.0
2023-07-07,6612,229745.0,36794031.0,161.5,162.0,158.5,160.5,-1.0,220.0
2023-07-10,6612,773423.0,113710008.0,155.0,156.0,144.5,145.0,-15.5,900.0
2023-07-11,6612,345132.0,48696069.0,143.5,145.0,138.5,142.0,-3.0,477.0
2023-07-12,6612,238190.0,33325251.0,142.0,144.5,138.0,138.0,-4.0,271.0
2023-07-13,6612,147163.0,20500607.0,140.0,141.0,137.5,138.0,0.0,177.0
2023-07-14,6612,134998.0,19232729.0,138.0,144.0,138.0,142.5,4.5,147.0
2023-07-17,6612,165424.0,24067012.0,145.0,147.5,144.0,145.0,2.5,178.0
2023-07-18,6612,200150.0,28132054.0,145.0,145.0,138.0,138.5,-6.5,267.0
2023-07-19,6612,733424.0,109591064.0,140.5,152.0,140.0,152.0,13.5,678.0
2023-07-20,6612,953888.0,147147499.0,158.0,160.5,147.5,148.5,-3.5,930.0
2023-07-21,6612,669449.0,102071112.0,148.5,157.5,147.5,149.5,1.0,597.0
2023-07-24,6612,280690.0,41378664.0,148.5,151.0,144.0,145.5,-4.0,317.0
2023-07-25,6612,246500.0,36539532.0,149.0,150.0,146.5,146.5,1.0,215.0
2023-07-26,6612,227324.0,32299216.0,145.5,145.5,140.0,142.0,-4.5,281.0
2023-07-27,6612,85283.0,12100336.0,143.0,143.5,141.0,141.5,-0.5,140.0
2023-07-28,6612,121761.0,17124954.0,141.5,142.5,139.0,140.5,-1.0,145.0
2023-07-31,6612,111484.0,15589796.0,140.0,143.0,138.5,138.5,-2.0,143.0
2023-08-01,6612,103569.0,14326430.0,140.5,140.5,137.5,137.5,-1.0,127.0
2023-08-02,6612,324381.0,42787416.0,137.5,137.5,129.5,130.0,-7.5,433.0
2023-08-04,6612,116973.0,15392362.0,130.0,134.5,128.0,133.5,3.5,144.0
2023-08-07,6612,64127.0,8546554.0,133.5,134.5,131.5,134.0,0.5,76.0
2023-08-08,6612,151618.0,19838648.0,134.5,134.5,129.5,130.0,-4.0,178.0
2023-08-09,6612,102842.0,13420544.0,131.0,132.5,129.5,130.5,0.5,121.0
2023-08-10,6612,543802.0,74105858.0,131.5,142.0,131.5,132.5,2.0,549.0
2023-08-11,6612,104031.0,13651479.0,132.5,133.5,129.5,131.0,-1.5,128.0
2023-08-14,6612,128166.0,16216599.0,132.0,132.0,124.5,126.5,-4.5,202.0
2023-08-15,6612,85887.0,11066880.0,127.5,130.0,126.5,129.5,3.0,80.0
2023-08-16,6612,220342.0,29473276.0,129.0,136.0,128.5,135.5,6.0,227.0
2023-08-17,6612,79684.0,10834526.0,135.0,137.5,133.0,137.0,1.5,107.0
2023-08-18,6612,83488.0,11090337.0,137.0,137.0,131.0,131.0,-6.0,147.0
2023-08-21,6612,85088.0,11130028.0,132.0,133.5,129.0,129.5,-1.5,81.0
2023-08-22,6612,111990.0,14382449.0,128.0,131.0,126.5,130.5,1.0,120.0
2023-08-23,6612,43323.0,5647835.0,131.0,131.0,129.0,130.0,-0.5,50.0
2023-08-24,6612,61819.0,8121478.0,132.0,133.0,129.5,130.5,0.5,84.0
2023-08-25,6612,42931.0,5600999.0,132.0,132.0,129.5,130.0,-0.5,52.0
2023-08-28,6612,84437.0,10780444.0,130.5,130.5,126.0,127.0,-3.0,139.0
2023-08-29,6612,43525.0,5543315.0,128.0,128.5,126.5,128.0,1.0,58.0
2023-08-30,6612,121425.0,15959839.0,130.5,133.0,130.0,131.5,3.5,116.0
2023-08-31,6612,32260.0,4276534.0,133.5,134.0,131.5,132.5,1.0,55.0
2023-09-01,6612,55577.0,7395244.0,132.5,134.0,131.5,131.5,-1.0,72.0
2023-09-04,6612,19241.0,2562944.0,133.5,133.5,132.5,133.5,2.0,35.0
2023-09-05,6612,29440.0,3942940.0,134.0,135.0,133.5,133.5,0.0,38.0
2023-09-06,6612,38909.0,5145413.0,133.5,134.0,131.0,132.5,-1.0,182.0
2023-09-07,6612,21207.0,2777754.0,131.5,132.0,130.5,130.5,-2.0,30.0
2023-09-08,6612,24138.0,3162132.0,130.5,132.0,130.0,131.0,0.5,33.0
2023-09-11,6612,72142.0,9249705.0,130.5,130.5,126.5,126.5,-4.5,131.0
2023-09-12,6612,33308.0,4252183.0,127.0,129.0,126.5,128.5,2.0,44.0
2023-09-13,6612,25426.0,3292240.0,127.5,130.0,127.0,129.5,1.0,45.0
2023-09-14,6612,20402.0,2650986.0,129.5,131.0,129.0,130.5,1.0,38.0
2023-09-15,6612,354098.0,47954981.0,131.0,138.5,131.0,136.0,5.5,300.0
2023-09-18,6612,63336.0,8525293.0,136.5,136.5,133.5,134.5,-1.5,95.0
2023-09-19,6612,67312.0,8898697.0,134.5,134.5,131.5,131.5,-3.0,80.0
2023-09-20,6612,38071.0,4967353.0,131.0,131.5,130.0,130.0,-1.5,44.0
2023-09-21,6612,32070.0,4129660.0,129.5,129.5,128.0,129.0,-1.0,32.0
2023-09-22,6612,36092.0,4668223.0,129.0,130.0,128.5,130.0,1.0,44.0
2023-09-25,6612,69551.0,9290160.0,131.0,135.0,131.0,132.5,2.5,69.0
2023-09-26,6612,267450.0,36535806.0,132.5,139.0,132.5,136.0,3.5,224.0
2023-09-27,6612,539320.0,76898757.0,136.0,147.5,136.0,140.5,4.5,718.0
2023-09-28,6612,159160.0,22519094.0,142.0,143.5,140.0,143.0,2.5,230.0
2023-10-02,6612,138321.0,19793972.0,145.0,145.5,140.0,144.0,1.0,153.0
2023-10-03,6612,74273.0,10704818.0,144.0,146.0,141.5,145.0,1.0,87.0
2023-10-04,6612,66788.0,9548891.0,145.0,145.0,142.0,142.5,-2.5,141.0
2023-10-05,6612,67322.0,9587282.0,142.5,144.0,141.5,141.5,-1.0,152.0
2023-10-06,6612,61365.0,8734636.0,142.0,143.5,141.5,142.0,0.5,78.0
2023-10-11,6612,76347.0,10795688.0,137.5,143.0,137.5,140.0,-2.0,76.0
2023-10-12,6612,256805.0,36712810.0,143.0,147.5,138.0,143.0,3.0,208.0
2023-10-13,6612,178830.0,25035387.0,141.0,142.0,138.5,139.5,-3.5,159.0
2023-10-16,6612,55170.0,7609382.0,140.0,140.0,136.5,136.5,-3.0,87.0
2023-10-17,6612,89245.0,12147431.0,138.0,138.0,135.0,137.0,0.5,108.0
2023-10-18,6612,86572.0,11715671.0,135.0,137.0,134.0,136.5,-0.5,89.0
2023-10-19,6612,86090.0,11649156.0,134.0,137.5,132.5,136.5,0.0,83.0
2023-10-20,6612,40837.0,5422642.0,133.0,134.5,132.0,133.0,-3.5,59.0
2023-10-23,6612,45259.0,6009549.0,130.0,136.0,130.0,131.0,-2.0,48.0
2023-10-24,6612,51416.0,6762952.0,130.5,133.0,130.5,131.5,0.5,102.0
2023-10-25,6612,28918.0,3832737.0,132.0,134.0,132.0,132.0,0.5,42.0
2023-10-26,6612,70801.0,9264083.0,134.0,134.0,129.0,129.0,-3.0,90.0
2023-10-27,6612,104044.0,13385834.0,127.5,130.5,126.0,129.0,0.0,200.0
2023-10-30,6612,60403.0,7816984.0,129.0,131.5,128.0,129.0,0.0,72.0
2023-10-31,6612,79060.0,10102036.0,129.0,129.0,127.0,127.0,-2.0,132.0
2023-11-01,6612,42327.0,5401090.0,126.5,129.0,126.5,127.5,0.5,59.0
2023-11-02,6612,43869.0,5618764.0,127.5,129.5,127.5,128.0,0.5,68.0
2023-11-03,6612,104691.0,13679644.0,130.5,133.0,129.0,129.5,1.5,100.0
2023-11-06,6612,43231.0,5667271.0,132.0,132.0,130.0,130.0,0.5,51.0
2023-11-07,6612,64466.0,8509481.0,131.5,132.5,131.0,132.5,2.5,78.0
2023-11-08,6612,15976.0,2104260.0,132.0,132.0,131.0,131.5,-1.0,35.0
2023-11-09,6612,42270.0,5545701.0,132.5,133.0,130.0,130.0,-1.5,52.0
2023-11-10,6612,61333.0,7995087.0,130.0,131.5,129.5,129.5,-0.5,72.0
2023-11-13,6612,76775.0,9966111.0,130.5,130.5,129.0,129.0,-0.5,67.0
2023-11-14,6612,99349.0,12742879.0,129.0,129.5,127.0,127.0,-2.0,106.0
2023-11-15,6612,223030.0,28447848.0,125.0,129.5,125.0,127.5,0.5,295.0
2023-11-16,6612,70974.0,9125955.0,128.0,130.0,128.0,128.5,1.0,99.0
2023-11-17,6612,52276.0,6731237.0,128.5,129.0,128.5,129.0,0.5,89.0
2023-11-20,6612,165360.0,21699449.0,129.0,133.5,129.0,132.5,3.5,190.0
2023-11-21,6612,52314.0,6918220.0,132.5,133.0,131.0,131.0,-1.5,107.0
2023-11-22,6612,59112.0,7722150.0,131.0,132.0,130.0,130.0,-1.0,73.0
2023-11-23,6612,42951.0,5574717.0,129.0,130.5,128.5,129.5,-0.5,65.0
2023-11-24,6612,59938.0,7714428.0,130.0,130.0,128.0,128.0,-1.5,96.0
2023-11-27,6612,412364.0,55903555.0,129.0,139.0,129.0,132.5,4.5,436.0
2023-11-28,6612,107287.0,14086612.0,132.5,133.0,130.0,132.0,-0.5,177.0
2023-11-29,6612,92775.0,12416226.0,131.0,135.0,131.0,134.5,2.5,145.0
2023-11-30,6612,73211.0,9864528.0,135.0,135.5,134.0,134.5,0.0,108.0
2023-12-01,6612,71953.0,9761920.0,135.5,137.5,133.0,134.5,0.0,98.0
2023-12-04,6612,61002.0,8136297.0,135.5,135.5,132.0,133.0,-1.5,80.0
2023-12-05,6612,52283.0,6871201.0,133.5,133.5,130.0,131.0,-2.0,82.0
2023-12-06,6612,29472.0,3855735.0,132.5,132.5,130.0,131.0,0.0,60.0
2023-12-07,6612,62624.0,8126901.0,130.5,130.5,129.0,129.0,-2.0,111.0
2023-12-08,6612,24520.0,3181418.0,130.0,130.5,129.0,130.5,1.5,46.0
2023-12-11,6612,42278.0,5515995.0,130.5,131.5,129.0,130.5,0.0,76.0
2023-12-12,6612,83090.0,10706345.0,131.5,131.5,128.0,128.0,-2.5,136.0
2023-12-13,6612,103871.0,13241189.0,128.5,128.5,126.5,127.5,-0.5,127.0
2023-12-14,6612,69895.0,8899036.0,127.5,128.5,127.0,127.0,-0.5,105.0
2023-12-15,6612,50450.0,6412002.0,127.5,128.0,126.5,126.5,-0.5,105.0
2023-12-18,6612,39791.0,5045530.0,127.5,128.0,126.0,126.0,-0.5,75.0
2023-12-19,6612,41415.0,5222266.0,126.5,126.5,125.5,126.5,0.5,85.0
2023-12-20,6612,28931.0,3664480.0,126.5,127.0,126.5,126.5,0.0,53.0
2023-12-21,6612,50139.0,6318784.0,126.0,126.5,125.5,126.0,-0.5,69.0
2023-12-22,6612,42803.0,5409422.0,126.5,127.5,126.0,126.0,0.0,51.0
2023-12-25,6612,40854.0,5137090.0,126.0,127.0,125.0,125.0,-1.0,76.0
2023-12-26,6612,38081.0,4766640.0,125.0,126.0,125.0,125.5,0.5,59.0
2023-12-27,6612,51646.0,6515758.0,126.5,127.0,125.5,126.0,0.5,80.0
2023-12-28,6612,50248.0,6305301.0,126.0,126.5,125.0,126.5,0.5,75.0
2023-12-29,6612,81725.0,10435879.0,125.5,129.5,125.5,126.0,-0.5,87.0
2024-01-02,6612,32731.0,4103959.0,125.5,126.0,125.0,125.0,-1.0,59.0
2024-01-03,6612,327865.0,39641801.0,126.0,126.0,119.0,120.0,-5.0,429.0
2024-01-04,6612,55387.0,6616393.0,120.0,120.5,118.5,119.0,-1.0,93.0
2024-01-05,6612,37346.0,4491500.0,119.0,122.0,118.5,120.0,1.0,58.0
2024-01-08,6612,67179.0,7962456.0,120.0,120.0,116.5,116.5,-3.5,133.0
2024-01-09,6612,161832.0,18620505.0,117.0,117.0,113.0,114.5,-2.0,242.0
2024-01-10,6612,52631.0,6010025.0,114.5,115.0,113.0,115.0,0.5,160.0
2024-01-11,6612,125783.0,13974717.0,114.5,114.5,108.5,112.5,-2.5,200.0
2024-01-12,6612,47143.0,5418433.0,113.5,116.0,113.0,115.0,2.5,77.0
2024-01-15,6612,22557.0,2606822.0,116.5,116.5,115.0,115.0,0.0,42.0
2024-01-16,6612,49539.0,5584137.0,115.0,115.0,111.5,114.0,-1.0,123.0
2024-01-17,6612,27667.0,3094649.0,112.5,114.0,110.5,110.5,-3.5,69.0
2024-01-18,6612,51774.0,5685810.0,110.0,111.0,109.0,110.0,-0.5,105.0
2024-01-19,6612,28675.0,3186399.0,111.5,112.0,110.0,112.0,2.0,48.0
2024-01-22,6612,29502.0,3318162.0,112.0,113.5,112.0,113.5,1.5,40.0
2024-01-23,6612,30722.0,3474556.0,113.5,114.0,112.5,113.0,-0.5,51.0
2024-01-24,6612,54041.0,6250909.0,113.0,118.0,112.5,116.0,3.0,251.0
2024-01-25,6612,66661.0,7846961.0,117.5,119.0,116.5,118.5,2.5,76.0
2024-01-26,6612,65819.0,7794430.0,119.5,119.5,116.0,119.0,0.5,92.0
2024-01-29,6612,48297.0,5755903.0,118.0,120.0,117.0,120.0,1.0,85.0
2024-01-30,6612,54371.0,6486274.0,120.0,120.5,117.5,120.0,0.0,220.0
2024-01-31,6612,68321.0,8090615.0,120.0,120.0,117.0,119.0,-1.0,342.0
2024-02-01,6612,29141.0,3430375.0,118.5,118.5,117.5,117.5,-1.5,31.0
2024-02-02,6612,20070.0,2344854.0,117.0,117.5,116.5,116.5,-1.0,35.0
2024-02-05,6612,54901.0,6467541.0,116.5,120.0,115.0,120.0,3.5,82.0
2024-02-15,6612,52424.0,6301667.0,120.0,121.5,118.5,119.5,-0.5,81.0
2024-02-16,6612,92360.0,11301166.0,120.5,124.5,119.5,121.0,1.5,289.0
2024-02-19,6612,57863.0,7038030.0,121.0,123.0,120.0,120.0,-1.0,82.0
2024-02-20,6612,45462.0,5490090.0,120.5,122.5,119.5,122.5,2.5,166.0
2024-02-21,6612,24156.0,2947841.0,122.0,122.5,121.5,122.0,-0.5,173.0
2024-02-22,6612,21513.0,2588225.0,122.0,122.0,119.5,119.5,-2.5,147.0
2024-02-23,6612,53323.0,6363350.0,121.5,122.0,117.5,117.5,-2.0,100.0
2024-02-26,6612,68176.0,8312335.0,118.0,123.5,118.0,122.0,4.5,92.0
2024-02-27,6612,20623.0,2489628.0,121.0,122.0,120.0,120.5,-1.5,229.0
2024-02-29,6612,37345.0,4459846.0,120.5,120.5,118.0,120.0,-0.5,311.0
2024-03-01,6612,25387.0,3065509.0,120.5,121.5,120.0,120.0,0.0,101.0
2024-03-04,6612,23127.0,2753418.0,121.5,121.5,118.5,118.5,-1.5,367.0
2024-03-05,6612,44285.0,5202686.0,119.5,119.5,117.0,117.0,-1.5,74.0
2024-03-06,6612,20241.0,2383607.0,118.0,118.5,117.0,117.0,0.0,24.0
2024-03-07,6612,48484.0,5662333.0,118.0,118.0,116.0,116.5,-0.5,79.0
2024-03-08,6612,159507.0,17793430.0,116.0,116.0,109.5,111.0,-5.5,215.0
2024-03-11,6612,35903.0,4108715.0,112.5,115.0,112.5,114.5,3.5,44.0
2024-03-12,6612,29406.0,3348960.0,114.0,115.0,113.0,115.0,0.5,59.0
2024-03-13,6612,53832.0,6071587.0,113.5,114.5,112.0,112.0,-3.0,109.0
2024-03-14,6612,53321.0,5977891.0,112.5,114.0,110.0,113.0,1.0,91.0
2024-03-15,6612,51265.0,5751839.0,115.5,115.5,110.5,112.0,-1.0,597.0
2024-03-18,6612,36364.0,4090586.0,112.0,114.5,111.5,112.0,0.0,49.0
2024-03-19,6612,37995.0,4248943.0,111.5,113.0,111.5,111.5,-0.5,51.0
2024-03-20,6612,41469.0,4639258.0,111.5,113.0,111.0,111.5,0.0,47.0
2024-03-21,6612,59558.0,6606782.0,111.5,111.5,110.0,111.0,-0.5,109.0
2024-03-22,6612,27055.0,3013327.0,110.5,112.0,110.0,111.0,0.0,51.0
2024-03-25,6612,52098.0,5831032.0,111.0,113.0,111.0,111.0,0.0,223.0
2024-03-26,6612,115006.0,12455181.0,111.0,111.5,106.0,106.0,-5.0,198.0
2024-03-27,6612,64945.0,7006886.0,106.0,109.0,106.0,109.0,3.0,90.0
2024-03-28,6612,41331.0,4550420.0,111.0,111.5,109.0,110.5,1.5,60.0
2024-03-29,6612,22239.0,2467437.0,110.5,111.5,110.5,111.0,0.5,32.0
2024-04-01,6612,46671.0,5246749.0,111.0,113.5,111.0,112.5,1.5,51.0
2024-04-02,6612,76717.0,8835706.0,112.5,116.5,112.5,116.5,4.0,108.0
2024-04-03,6612,51095.0,5911002.0,115.0,116.5,114.5,115.0,-1.5,209.0
2024-04-08,6612,33650.0,3905595.0,116.0,117.0,115.0,115.0,0.0,216.0
2024-04-09,6612,64076.0,7470731.0,115.0,117.5,115.0,117.5,2.5,69.0
2024-04-10,6612,471641.0,60669578.0,127.5,129.0,125.0,129.0,11.5,399.0
2024-04-11,6612,733283.0,98666034.0,129.5,139.0,129.5,136.5,7.5,771.0
2024-04-12,6612,189827.0,25624306.0,135.0,137.5,133.0,133.0,-3.5,461.0
2024-04-15,6612,76131.0,9921820.0,131.0,132.0,129.0,129.5,-3.5,270.0
2024-04-16,6612,113484.0,14506003.0,128.0,132.0,126.0,127.0,-2.5,360.0
2024-04-17,6612,0.0,0.0,0.0,0.0,0.0,0.0,0.0,0.0
2024-04-18,6612,217028.0,30256470.0,139.5,139.5,135.0,139.5,12.5,259.0
2024-04-19,6612,1378507.0,199670117.0,144.0,152.5,133.5,137.5,-2.0,1822.0
2024-04-22,6612,1262513.0,188210278.0,138.0,151.0,138.0,150.0,12.5,1142.0
2024-04-23,6612,788589.0,115937745.0,149.0,154.0,142.0,144.0,-6.0,1296.0
2024-04-24,6612,306342.0,43721275.0,144.0,146.5,140.0,140.5,-3.5,679.0
2024-04-25,6612,274206.0,38128061.0,140.0,143.0,136.0,137.0,-3.5,371.0
2024-04-26,6612,220511.0,29793574.0,138.5,138.5,133.0,133.0,-4.0,301.0
2024-04-29,6612,77184.0,10318673.0,132.0,135.5,132.0,135.5,2.5,121.0
2024-04-30,6612,53197.0,7146203.0,136.5,136.5,133.5,133.5,-2.0,93.0
2024-05-02,6612,51243.0,6854131.0,134.5,134.5,132.5,134.0,0.5,67.0
2024-05-03,6612,169845.0,22138093.0,129.0,132.0,129.0,131.0,-3.0,224.0
2024-05-06,6612,85364.0,11100254.0,133.0,133.0,129.0,129.0,-2.0,338.0
2024-05-07,6612,63580.0,8206635.0,129.5,130.0,128.0,130.0,1.0,322.0
2024-05-08,6612,64151.0,8441137.0,131.0,133.0,130.5,132.5,2.5,97.0
2024-05-09,6612,281879.0,35379304.0,130.0,130.0,123.0,123.5,-9.0,432.0
2024-05-10,6612,96837.0,12039416.0,123.5,126.5,122.0,126.0,2.5,132.0
2024-05-13,6612,47499.0,5925313.0,126.0,126.5,123.5,124.0,-2.0,160.0
2024-05-14,6612,37471.0,4667803.0,124.0,125.5,123.5,124.5,0.5,52.0
2024-05-15,6612,35469.0,4403897.0,126.0,126.0,123.0,123.0,-1.5,62.0
2024-05-16,6612,73492.0,9090373.0,124.5,126.0,122.5,122.5,-0.5,101.0
2024-05-17,6612,61670.0,7694643.0,124.0,126.0,123.0,124.0,1.5,75.0
2024-05-20,6612,91379.0,11628248.0,126.0,129.0,125.0,126.5,2.5,108.0
2024-05-21,6612,17473.0,2199707.0,126.5,127.0,125.5,125.5,-1.0,41.0
2024-05-22,6612,52670.0,6703711.0,128.0,128.0,125.5,128.0,2.5,67.0
2024-05-23,6612,157832.0,20658820.0,129.0,133.0,128.5,132.0,4.0,430.0
2024-05-24,6612,85487.0,11031672.0,131.0,131.0,127.5,129.5,-2.5,215.0
2024-05-27,6612,62226.0,8172421.0,130.5,133.0,130.5,131.0,1.5,173.0
2024-05-28,6612,75237.0,9766480.0,130.0,132.0,128.0,128.0,-3.0,130.0
2024-05-29,6612,51645.0,6564639.0,128.5,129.0,126.5,127.0,-1.0,119.0
2024-05-30,6612,29020.0,3698050.0,128.0,128.5,126.5,126.5,-0.5,28.0
2024-05-31,6612,124088.0,16235769.0,127.0,133.0,127.0,129.5,3.0,159.0
2024-06-03,6612,317953.0,43167462.0,130.0,139.0,130.0,136.0,6.5,382.0
2024-06-04,6612,232422.0,32147579.0,136.0,140.5,135.0,138.0,2.0,764.0
2024-06-05,6612,130327.0,17898173.0,140.0,140.0,135.5,138.5,0.5,318.0
2024-06-06,6612,108905.0,15063410.0,138.5,140.0,136.0,138.5,0.0,211.0
2024-06-07,6612,125163.0,17451424.0,139.5,141.5,138.0,140.0,1.5,343.0
2024-06-11,6612,199378.0,28337277.0,138.5,144.0,138.0,143.0,3.0,443.0
2024-06-12,6612,159114.0,22411206.0,143.0,143.5,138.5,143.5,0.5,335.0
2024-06-13,6612,116197.0,16234047.0,143.0,143.0,138.0,138.5,-5.0,181.0
2024-06-14,6612,105954.0,14585401.0,138.5,140.0,136.0,136.0,-2.5,140.0
2024-06-17,6612,122233.0,17023415.0,134.5,141.5,134.5,139.5,3.5,136.0
2024-06-18,6612,286683.0,41572584.0,141.0,148.5,140.0,144.5,5.0,371.0
2024-06-19,6612,524888.0,78778197.0,147.5,155.5,145.0,148.5,4.0,636.0
2024-06-20,6612,169586.0,24878520.0,150.0,150.5,143.0,145.5,-3.0,213.0
2024-06-21,6612,346167.0,52688416.0,146.5,155.0,146.5,151.0,5.5,393.0
2024-06-24,6612,141367.0,21474539.0,151.0,154.0,148.0,152.5,1.5,189.0
2024-06-25,6612,164699.0,25270993.0,152.5,156.0,151.5,154.0,1.5,202.0
2024-06-26,6612,432500.0,69399660.0,154.5,164.0,154.5,162.0,8.0,585.0
2024-06-27,6612,703349.0,119244514.0,161.5,177.0,159.5,172.0,10.0,791.0
2024-06-28,6612,713456.0,125797524.0,171.5,181.5,170.5,175.0,3.0,2847.0
2024-07-01,6612,283293.0,49930876.0,178.5,179.5,172.5,176.5,1.5,876.0
2024-07-02,6612,518892.0,88283649.0,176.5,176.5,165.0,171.0,-5.5,3252.0
2024-07-03,6612,205882.0,35095831.0,171.0,174.0,167.0,168.0,-3.0,993.0
2024-07-04,6612,199794.0,34232524.0,169.5,173.5,168.5,172.5,4.5,204.0
2024-07-05,6612,422916.0,73990341.0,176.0,178.5,170.0,172.0,-0.5,478.0
2024-07-08,6612,368390.0,56001753.0,156.0,156.0,148.5,154.5,0.0,481.0
2024-07-09,6612,233636.0,35256367.0,157.0,157.5,148.0,149.0,-5.5,303.0
2024-07-10,6612,104592.0,15783236.0,150.5,155.0,148.5,148.5,-0.5,176.0
2024-07-11,6612,474959.0,75091067.0,153.0,163.0,152.5,163.0,14.5,505.0
2024-07-12,6612,499513.0,81736053.0,161.5,169.0,158.0,163.5,0.5,526.0
2024-07-15,6612,364134.0,61250824.0,163.5,172.0,163.0,171.0,7.5,388.0
2024-07-16,6612,279322.0,47209771.0,171.5,174.5,164.0,165.0,-6.0,728.0
2024-07-17,6612,247391.0,40140358.0,165.0,166.0,159.0,160.0,-5.0,286.0
2024-07-18,6612,381012.0,63358924.0,162.5,171.0,160.0,163.5,3.5,402.0
2024-07-19,6612,191348.0,30899612.0,166.0,167.0,158.5,159.0,-4.5,274.0
2024-07-22,6612,134600.0,21022985.0,159.5,160.0,154.0,154.0,-5.0,173.0
2024-07-23,6612,53017.0,8298870.0,155.0,158.5,155.0,155.5,1.5,85.0
2024-07-26,6612,131268.0,19826886.0,153.0,153.0,150.0,153.0,-2.5,165.0
2024-07-29,6612,169262.0,24834464.0,155.5,155.5,143.0,143.0,-10.0,254.0
2024-07-30,6612,66649.0,9733581.0,143.0,148.5,143.0,148.5,5.5,76.0
2024-07-31,6612,39326.0,5857839.0,148.0,150.0,147.5,150.0,1.5,49.0
2024-08-01,6612,183428.0,28936893.0,151.5,160.0,151.5,159.0,9.0,169.0
2024-08-02,6612,102102.0,15743782.0,155.0,158.5,151.0,152.5,-6.5,338.0
2024-08-05,6612,249180.0,34981380.0,153.5,153.5,137.5,139.5,-13.0,348.0
2024-08-06,6612,129615.0,17995539.0,144.5,144.5,131.0,143.5,4.0,332.0
2024-08-07,6612,181644.0,27075580.0,144.0,152.5,142.0,150.0,6.5,168.0
2024-08-08,6612,101224.0,15417782.0,149.0,154.5,149.0,154.0,4.0,312.0
2024-08-09,6612,156375.0,24194278.0,155.0,158.0,153.0,153.5,-0.5,582.0
2024-08-12,6612,457836.0,68058983.0,154.5,157.5,140.0,140.0,-13.5,2171.0
2024-08-13,6612,173588.0,24610869.0,142.0,145.5,139.0,139.0,-1.0,583.0
2024-08-14,6612,122354.0,17158234.0,140.0,143.5,138.0,138.0,-1.0,253.0
2024-08-15,6612,112463.0,15518460.0,140.0,140.0,135.5,138.5,0.5,315.0
2024-08-16,6612,66780.0,9419372.0,138.5,142.5,138.5,142.5,4.0,88.0
2024-08-19,6612,85890.0,11953868.0,141.0,142.5,136.5,138.5,-4.0,859.0
2024-08-20,6612,110676.0,15792139.0,139.0,146.0,139.0,140.5,2.0,209.0
2024-08-21,6612,42647.0,5945472.0,140.0,141.0,138.5,139.5,-1.0,147.0
2024-08-22,6612,47751.0,6721618.0,139.0,143.5,138.5,139.5,0.0,225.0
2024-08-23,6612,89136.0,12251365.0,138.5,139.0,136.0,137.5,-2.0,176.0
2024-08-26,6612,112274.0,15150084.0,138.0,138.0,133.0,133.0,-4.5,213.0
2024-08-27,6612,43231.0,5833322.0,133.0,136.0,133.0,136.0,3.0,81.0
2024-08-28,6612,46069.0,6212359.0,135.0,136.5,134.0,134.5,-1.5,70.0
2024-08-29,6612,267790.0,37649055.0,139.0,144.5,136.0,139.5,5.0,324.0
2024-08-30,6612,376005.0,55154468.0,140.5,151.0,140.5,145.5,6.0,513.0
2024-09-02,6612,144003.0,20898508.0,145.5,150.0,142.5,145.0,-0.5,241.0
2024-09-03,6612,126954.0,18724318.0,147.5,150.0,145.5,146.0,1.0,177.0
2024-09-04,6612,104902.0,14778469.0,143.0,143.0,139.5,140.0,-6.0,401.0
2024-09-05,6612,69175.0,9780517.0,141.5,144.0,140.0,140.5,0.5,216.0
2024-09-06,6612,29821.0,4203505.0,141.0,142.5,140.0,140.5,0.0,122.0
2024-09-09,6612,74219.0,10597047.0,139.5,145.0,139.5,145.0,4.5,105.0
2024-09-10,6612,889385.0,139434149.0,152.5,159.5,151.5,151.5,6.5,1219.0
2024-09-11,6612,650433.0,101292457.0,153.0,161.5,152.0,156.5,5.0,935.0
2024-09-12,6612,199223.0,30767873.0,155.5,155.5,153.0,155.5,-1.0,317.0
2024-09-13,6612,990943.0,165766179.0,156.0,171.0,156.0,169.5,14.0,1122.0
2024-09-16,6612,697824.0,117855950.0,177.0,177.0,162.5,164.5,-5.0,3541.0
2024-09-18,6612,322298.0,51976363.0,164.5,165.0,158.5,159.5,-5.0,941.0
2024-09-19,6612,157159.0,25290441.0,160.5,163.0,158.5,160.0,0.5,367.0
2024-09-20,6612,135986.0,21975164.0,161.5,163.5,159.0,161.5,1.5,284.0
2024-09-23,6612,174378.0,28078299.0,161.5,163.5,159.0,160.0,-1.5,416.0
2024-09-24,6612,177262.0,27748835.0,159.0,160.0,153.5,156.0,-4.0,669.0
2024-09-25,6612,139989.0,22268708.0,156.0,162.0,156.0,156.0,0.0,187.0
2024-09-26,6612,101800.0,15865613.0,156.5,157.5,154.0,154.5,-1.5,145.0
2024-09-27,6612,95337.0,14901446.0,154.5,158.0,154.5,155.5,1.0,134.0
2024-09-30,6612,91555.0,14202457.0,155.5,158.5,152.0,153.5,-2.0,168.0
2024-10-01,6612,112362.0,17022554.0,153.5,153.5,150.5,151.0,-2.5,357.0
2024-10-04,6612,147898.0,21952739.0,151.0,151.0,147.0,149.0,-2.0,251.0
2024-10-07,6612,56747.0,8523056.0,149.5,151.0,149.5,151.0,2.0,158.0
2024-10-08,6612,54060.0,8198100.0,149.0,153.5,149.0,150.0,-1.0,118.0
2024-10-09,6612,163267.0,24114006.0,152.5,154.5,145.0,146.0,-4.0,340.0
2024-10-11,6612,182140.0,25802714.0,143.0,145.0,140.0,141.0,-5.0,279.0
2024-10-14,6612,60407.0,8509808.0,140.0,142.5,139.0,141.5,0.5,211.0
2024-10-15,6612,59687.0,8441792.0,141.5,143.0,140.5,140.5,-1.0,273.0
2024-10-16,6612,48158.0,6769712.0,140.0,141.5,139.0,141.5,1.0,74.0
2024-10-17,6612,85550.0,12031137.0,141.5,142.5,139.5,139.5,-2.0,109.0
2024-10-18,6612,206043.0,28733498.0,140.0,145.0,137.5,140.5,1.0,348.0
2024-10-21,6612,61499.0,8783351.0,142.0,145.0,141.5,145.0,4.5,105.0
2024-10-22,6612,46265.0,6593537.0,145.0,145.0,141.0,141.5,-3.5,307.0
2024-10-23,6612,67783.0,9616510.0,141.5,144.0,140.5,144.0,2.5,80.0
2024-10-24,6612,56055.0,7946280.0,143.0,143.5,140.5,140.5,-3.5,100.0
2024-10-25,6612,59925.0,8408201.0,141.5,141.5,139.5,140.0,-0.5,81.0
2024-10-28,6612,59829.0,8298735.0,140.0,141.5,137.5,140.0,0.0,82.0
2024-10-29,6612,24537.0,3422103.0,140.0,140.0,139.0,139.5,-0.5,49.0
2024-10-30,6612,18672.0,2591734.0,140.0,140.0,138.0,138.0,-1.5,29.0
2024-11-01,6612,33426.0,4620913.0,136.5,139.5,136.5,138.5,0.5,139.0
2024-11-04,6612,18198.0,2531456.0,139.0,140.0,138.5,139.5,1.0,45.0
2024-11-05,6612,27543.0,3902598.0,140.0,143.0,140.0,141.5,2.0,45.0
2024-11-06,6612,17024.0,2416408.0,142.0,142.5,142.0,142.0,0.5,41.0
2024-11-07,6612,29876.0,4209590.0,143.0,143.0,140.0,142.0,0.0,45.0
2024-11-08,6612,71469.0,10126833.0,142.5,144.5,139.5,139.5,-2.5,85.0
2024-11-11,6612,46715.0,6655351.0,141.0,143.5,141.0,143.5,4.0,70.0
2024-11-12,6612,81901.0,11513663.0,143.5,143.5,139.0,139.0,-4.5,511.0
2024-11-13,6612,300743.0,39524224.0,137.5,137.5,128.0,132.0,-7.0,412.0
2024-11-14,6612,182282.0,23344902.0,132.0,132.0,126.5,127.0,-5.0,312.0
2024-11-15,6612,24284.0,3116719.0,127.0,130.0,127.0,130.0,3.0,63.0
2024-11-18,6612,64756.0,8177495.0,128.0,129.5,124.0,125.0,-5.0,260.0
2024-11-19,6612,59584.0,7438036.0,125.0,126.5,123.5,126.5,1.5,63.0
2024-11-20,6612,38135.0,4777112.0,125.5,126.5,124.5,124.5,-2.0,69.0
2024-11-21,6612,60332.0,7542790.0,125.0,127.0,124.0,125.5,1.0,58.0
2024-11-22,6612,60517.0,7558619.0,126.5,126.5,124.0,125.5,0.0,84.0
2024-11-25,6612,24552.0,3083549.0,126.0,127.0,125.0,125.0,-0.5,43.0
2024-11-26,6612,30007.0,3762884.0,126.0,127.0,124.0,127.0,2.0,62.0
2024-11-27,6612,134253.0,16339875.0,127.0,127.0,120.0,120.0,-7.0,411.0
2024-11-28,6612,106488.0,12569836.0,119.5,119.5,117.0,118.0,-2.0,140.0
2024-11-29,6612,44412.0,5400220.0,117.5,123.5,117.5,122.5,4.5,98.0
2024-12-02,6612,31635.0,3869194.0,122.5,123.0,122.0,122.0,-0.5,72.0
2024-12-03,6612,26832.0,3284133.0,122.0,123.0,122.0,122.0,0.0,32.0
2024-12-04,6612,47088.0,5819350.0,123.0,124.5,122.5,124.0,2.0,67.0
2024-12-05,6612,39475.0,4876500.0,124.0,124.0,123.0,123.5,-0.5,76.0
2024-12-06,6612,78752.0,9514928.0,123.0,123.0,119.5,121.0,-2.5,106.0
2024-12-09,6612,18269.0,2185699.0,119.5,122.0,118.0,120.5,-0.5,24.0
2024-12-10,6612,114087.0,14070021.0,123.5,125.5,120.5,121.5,1.0,133.0
2024-12-11,6612,53654.0,6476186.0,121.5,123.5,119.5,120.0,-1.5,64.0
2024-12-12,6612,18255.0,2228281.0,122.0,123.0,121.5,121.5,1.5,28.0
2024-12-13,6612,41156.0,4885545.0,120.5,120.5,117.0,118.5,-3.0,227.0
2024-12-16,6612,51287.0,6004530.0,118.5,119.0,116.0,116.0,-2.5,82.0
2024-12-17,6612,10476.0,1229409.0,119.0,119.0,117.0,117.0,1.0,44.0
2024-12-18,6612,27055.0,3177974.0,116.0,118.5,116.0,118.0,1.0,57.0
2024-12-19,6612,18055.0,2102266.0,115.5,118.0,115.5,118.0,0.0,43.0
2024-12-20,6612,18508.0,2155691.0,116.5,116.5,116.5,116.5,-1.5,26.0
2024-12-23,6612,56336.0,6687701.0,118.0,121.5,116.5,121.0,4.5,66.0
2024-12-24,6612,38775.0,4725518.0,120.5,124.0,120.0,123.5,2.5,59.0
2024-12-25,6612,49564.0,6040403.0,123.0,123.5,120.5,122.5,-1.0,66.0
2024-12-26,6612,71192.0,8901326.0,122.5,126.5,122.5,125.5,3.0,93.0
2024-12-27,6612,24129.0,3019458.0,126.0,126.0,123.5,126.0,0.5,53.0
2024-12-30,6612,19757.0,2439614.0,124.5,124.5,122.5,123.5,-2.5,36.0
2024-12-31,6612,15444.0,1901947.0,123.5,124.0,122.5,124.0,0.5,27.0
2025-01-02,6612,8560.0,1052825.0,123.0,123.5,122.5,123.5,-0.5,30.0
2025-01-03,6612,11658.0,1425240.0,123.5,123.5,121.5,121.5,-2.0,36.0
2025-01-06,6612,20734.0,2509183.0,122.0,122.0,120.5,121.0,-0.5,154.0
2025-01-07,6612,74593.0,8893149.0,120.5,121.0,118.0,119.0,-2.0,90.0
2025-01-08,6612,8822.0,1053048.0,118.5,120.5,118.5,119.0,0.0,20.0
2025-01-09,6612,31784.0,3769559.0,119.5,120.0,117.0,119.0,0.0,59.0
2025-01-10,6612,14676.0,1723255.0,119.0,120.0,116.0,116.0,-3.0,46.0
2025-01-13,6612,35974.0,4247411.0,118.0,119.5,114.5,119.5,3.5,68.0
2025-01-14,6612,7604.0,912739.0,120.0,120.0,120.0,120.0,0.5,11.0
2025-01-15,6612,3250.0,384635.0,117.5,120.0,117.5,117.5,-2.5,11.0
2025-01-16,6612,20405.0,2428225.0,118.5,120.0,118.0,118.5,1.0,30.0
2025-01-17,6612,16050.0,1911695.0,121.5,121.5,118.0,118.0,-0.5,40.0
2025-01-20,6612,11973.0,1425639.0,118.0,121.5,117.0,117.5,-0.5,29.0
2025-01-21,6612,6117.0,718841.0,117.5,118.0,117.0,117.0,-0.5,27.0
2025-01-22,6612,138949.0,17188320.0,121.0,126.0,119.5,125.5,8.5,167.0
2025-02-03,6612,27985.0,3481484.0,125.5,126.0,122.5,125.0,-0.5,204.0
2025-02-04,6612,14598.0,1818401.0,125.0,125.0,123.5,123.5,-1.5,103.0
2025-02-05,6612,40570.0,5143378.0,126.5,127.5,125.5,126.5,3.0,62.0
2025-02-06,6612,82518.0,10723842.0,127.5,131.5,127.5,131.0,4.5,168.0
2025-02-07,6612,29717.0,3880180.0,131.0,132.0,129.5,132.0,1.0,56.0
2025-02-10,6612,17351.0,2253775.0,130.0,132.0,129.0,129.0,-3.0,203.0
2025-02-11,6612,27484.0,3585530.0,133.0,133.0,129.0,130.0,1.0,55.0
2025-02-12,6612,27736.0,3622918.0,130.0,132.0,129.0,131.0,1.0,112.0
2025-02-13,6612,35537.0,4594607.0,131.0,131.5,128.0,128.0,-3.0,63.0
2025-02-14,6612,24499.0,3147621.0,131.0,131.0,127.0,129.5,1.5,39.0
2025-02-17,6612,14546.0,1864969.0,129.5,129.5,127.0,129.0,-0.5,29.0
2025-02-18,6612,26976.0,3416321.0,128.0,129.0,125.0,125.0,-4.0,48.0
2025-02-19,6612,9282.0,1174024.0,125.0,128.0,125.0,126.0,1.0,39.0
2025-02-20,6612,4927.0,624763.0,127.5,127.5,126.5,126.5,0.5,19.0
2025-02-21,6612,25532.0,3263762.0,127.5,128.5,127.0,127.5,1.0,37.0
2025-02-24,6612,14486.0,1833652.0,128.0,128.0,126.0,126.0,-1.5,28.0
2025-02-25,6612,22187.0,2766140.0,125.0,125.5,124.0,124.0,-2.0,54.0
2025-02-26,6612,10660.0,1324030.0,124.0,125.0,123.5,124.5,0.5,20.0
2025-02-27,6612,16229.0,2000269.0,124.0,125.0,122.0,122.0,-2.5,40.0
2025-03-03,6612,50950.0,6113674.0,120.5,122.0,119.0,121.0,-1.0,61.0
2025-03-04,6612,13803.0,1685780.0,120.5,123.0,120.0,122.0,1.0,28.0
2025-03-05,6612,20433.0,2530554.0,123.0,125.0,123.0,124.0,2.0,41.0
2025-03-06,6612,32020.0,3903497.0,124.5,124.5,120.0,121.0,-3.0,137.0
2025-03-07,6612,7398.0,892496.0,119.0,122.0,119.0,122.0,1.0,21.0
2025-03-10,6612,19654.0,2376493.0,120.0,122.5,119.5,120.5,-1.5,49.0
2025-03-11,6612,402325.0,52119670.0,124.0,132.0,124.0,127.0,6.5,745.0
2025-03-12,6612,324866.0,43081015.0,127.0,136.0,127.0,132.5,5.5,472.0
2025-03-13,6612,118422.0,15572340.0,131.0,135.0,129.0,129.0,-3.5,256.0
2025-03-14,6612,68546.0,9008880.0,129.5,132.0,129.5,131.5,2.5,124.0
2025-03-17,6612,65365.0,8482397.0,132.5,132.5,127.5,127.5,-4.0,131.0
2025-03-18,6612,18948.0,2432432.0,126.5,129.5,126.5,129.5,2.0,37.0
2025-03-19,6612,11500.0,1490152.0,130.5,130.5,128.5,128.5,-1.0,27.0
2025-03-20,6612,18469.0,2388627.0,131.0,131.0,128.5,129.5,1.0,55.0
2025-03-21,6612,19784.0,2529142.0,129.0,129.0,127.0,127.5,-2.0,56.0
2025-03-24,6612,23410.0,2981732.0,127.5,128.0,127.0,127.0,-0.5,36.0
2025-03-25,6612,22210.0,2839862.0,128.0,128.5,127.5,128.0,1.0,32.0
2025-03-26,6612,40020.0,5149309.0,126.5,129.5,126.5,129.5,1.5,62.0
2025-03-27,6612,32753.0,4231185.0,129.5,130.5,127.5,129.0,-0.5,40.0
2025-03-28,6612,38255.0,4863660.0,128.5,128.5,126.0,126.0,-3.0,55.0
2025-03-31,6612,58748.0,7133851.0,122.5,126.0,115.5,120.0,-6.0,81.0
2025-04-01,6612,41000.0,4964000.0,121.0,122.5,120.5,121.5,1.5,26.0
2025-04-02,6612,9343.0,1132563.0,121.0,122.0,121.0,121.0,-0.5,14.0
2025-04-07,6612,22436.0,2445524.0,109.0,109.0,109.0,109.0,-12.0,56.0
2025-04-08,6612,258532.0,26234636.0,106.0,109.0,98.1,98.1,-10.9,285.0
2025-04-09,6612,154128.0,14473244.0,98.1,101.5,88.5,91.1,-7.0,222.0
2025-04-10,6612,32205.0,3220499.0,100.0,100.0,100.0,100.0,8.9,39.0
2025-04-11,6612,125133.0,13189266.0,100.0,108.0,98.5,108.0,8.0,140.0
2025-04-14,6612,53220.0,5732990.0,108.0,109.0,106.0,107.5,-0.5,82.0
2025-04-15,6612,57099.0,6193008.0,107.5,110.0,107.5,107.5,0.0,153.0
2025-04-16,6612,14987.0,1610215.0,107.5,108.0,106.5,108.0,0.5,27.0
2025-04-17,6612,14546.0,1563068.0,107.0,108.0,107.0,108.0,0.0,26.0
2025-04-18,6612,19198.0,2073470.0,106.0,109.0,106.0,109.0,1.0,68.0
2025-04-21,6612,23504.0,2489537.0,107.0,107.0,105.0,106.5,-2.5,41.0
2025-04-22,6612,25253.0,2649730.0,106.5,106.5,104.0,105.5,-1.0,22.0
2025-04-23,6612,8225.0,897083.0,108.0,109.5,108.0,109.5,4.0,16.0
2025-04-24,6612,3138.0,342652.0,110.0,110.0,108.5,109.0,-0.5,11.0
2025-04-25,6612,11119.0,1223839.0,110.5,110.5,109.5,109.5,0.5,13.0
2025-04-28,6612,32366.0,3547206.0,108.5,110.5,108.0,110.0,0.5,41.0
2025-04-29,6612,33111.0,3695376.0,110.0,113.0,110.0,112.0,2.0,35.0
2025-04-30,6612,11235.0,1255402.0,112.0,113.0,111.0,111.0,-1.0,26.0
2025-05-02,6612,20883.0,2338969.0,112.0,113.0,111.0,113.0,2.0,38.0
2025-05-05,6612,15268.0,1726975.0,115.0,115.0,111.5,112.0,-1.0,23.0
2025-05-06,6612,17614.0,2045828.0,115.0,117.0,115.0,115.0,3.0,39.0
2025-05-07,6612,36094.0,4010112.0,113.0,113.0,110.0,110.5,-4.5,80.0
2025-05-08,6612,23278.0,2618927.0,113.5,114.0,111.5,112.5,2.0,42.0
2025-05-09,6612,19014.0,2159587.0,113.5,114.0,113.0,114.0,1.5,24.0
2025-05-12,6612,21755.0,2450151.0,111.0,115.0,110.5,113.0,-1.0,52.0
2025-05-13,6612,66399.0,7728597.0,115.5,118.0,113.0,115.0,2.0,88.0
2025-05-14,6612,25310.0,2974708.0,116.0,119.0,116.0,119.0,4.0,36.0
2025-05-15,6612,48715.0,5965208.0,122.0,124.5,120.5,120.5,1.5,74.0
2025-05-16,6612,21568.0,2603804.0,120.5,123.0,119.0,121.5,1.0,39.0
2025-05-19,6612,25422.0,3016961.0,121.0,121.0,117.0,117.5,-4.0,33.0
2025-05-20,6612,15170.0,1781240.0,119.0,119.0,116.5,116.5,-1.0,29.0
2025-05-21,6612,11253.0,1314354.0,116.0,117.5,115.5,117.0,0.5,15.0
2025-05-22,6612,12102.0,1435433.0,116.0,119.0,116.0,118.5,1.5,18.0
2025-05-23,6612,45841.0,5632556.0,118.5,124.5,118.5,122.0,3.5,68.0
2025-05-26,6612,40964.0,5092305.0,124.5,126.0,122.5,122.5,0.5,103.0
2025-05-27,6612,13383.0,1636520.0,121.5,123.0,121.5,122.5,0.0,25.0
2025-05-28,6612,5163.0,633375.0,123.0,123.0,122.5,122.5,0.0,8.0
2025-05-29,6612,6072.0,745892.0,122.5,123.0,122.5,123.0,0.5,7.0
2025-06-02,6612,8375.0,1024019.0,123.0,123.0,122.0,122.0,-1.0,20.0
2025-06-03,6612,5325.0,648676.0,122.0,122.0,121.0,122.0,0.0,12.0
2025-06-04,6612,15721.0,1906666.0,122.0,122.0,120.0,122.0,0.0,19.0
2025-06-05,6612,22941.0,2817736.0,122.0,124.0,121.0,123.0,1.0,44.0
2025-06-06,6612,37137.0,4647066.0,124.0,126.0,123.5,126.0,3.0,79.0
2025-06-09,6612,104363.0,13506036.0,127.0,130.5,127.0,130.0,4.0,142.0
2025-06-10,6612,117083.0,14583850.0,124.5,127.0,122.5,125.0,-5.0,115.0
2025-06-11,6612,32613.0,4034756.0,125.0,125.0,122.5,123.0,-2.0,74.0
2025-06-12,6612,20626.0,2546389.0,123.0,124.0,122.0,123.5,0.5,64.0
2025-06-13,6612,18138.0,2237082.0,123.5,124.0,123.0,123.0,-0.5,29.0
2025-06-16,6612,9721.0,1198272.0,123.5,124.0,122.5,124.0,1.0,30.0
2025-06-17,6612,13088.0,1611355.0,123.0,124.0,123.0,123.0,-1.0,17.0
2025-06-18,6612,17173.0,2110788.0,124.5,124.5,122.5,122.5,-0.5,25.0
2025-06-19,6612,21156.0,2556951.0,121.5,122.0,120.0,121.0,-1.5,54.0
2025-06-20,6612,33446.0,3991086.0,121.0,121.0,119.0,119.0,-2.0,54.0
2025-06-23,6612,18053.0,2143379.0,117.0,121.0,117.0,121.0,2.0,22.0
2025-06-24,6612,24062.0,2906772.0,122.0,122.0,120.0,122.0,1.0,31.0
2025-06-25,6612,12215.0,1488048.0,122.0,122.0,121.5,121.5,-0.5,16.0
2025-06-26,6612,21590.0,2618584.0,123.0,123.5,120.5,121.0,-0.5,24.0
2025-06-27,6612,10431.0,1253701.0,121.0,121.0,119.0,120.0,-1.0,18.0
2025-06-30,6612,6426.0,767056.0,121.5,121.5,118.5,118.5,-1.5,17.0
2025-07-01,6612,9732.0,1168335.0,119.5,120.5,119.5,120.0,1.5,16.0
2025-07-02,6612,11562.0,1385000.0,122.5,122.5,118.5,119.5,-0.5,37.0
2025-07-03,6612,8727.0,1049714.0,121.0,121.0,120.0,120.0,0.5,21.0
2025-07-04,6612,9459.0,1125128.0,119.5,119.5,118.0,118.0,-2.0,22.0
2025-07-07,6612,11400.0,1351898.0,120.0,120.0,118.0,118.5,0.5,115.0
2025-07-08,6612,6326.0,745588.0,118.0,118.5,117.5,118.0,-0.5,17.0
2025-07-09,6612,11114.0,1319059.0,118.5,120.0,118.0,119.0,1.0,19.0
2025-07-10,6612,8643.0,1037133.0,119.0,121.0,119.0,120.0,1.0,54.0
2025-07-11,6612,13562.0,1609243.0,118.5,119.5,118.5,118.5,-1.5,42.0
2025-07-14,6612,27054.0,3180397.0,118.5,119.0,116.0,117.0,-1.5,49.0
2025-07-15,6612,26962.0,3149575.0,117.0,118.0,115.5,115.5,-1.5,49.0
2025-07-16,6612,29176.0,3371957.0,115.5,117.0,115.0,116.0,0.5,68.0
2025-07-17,6612,22388.0,2594263.0,116.5,116.5,115.5,115.5,-0.5,25.0
2025-07-18,6612,26416.0,3036294.0,115.5,115.5,114.0,114.5,-1.0,54.0
2025-07-21,6612,22583.0,2644527.0,115.5,119.0,115.5,116.5,2.0,40.0
2025-07-22,6612,10384.0,1196235.0,115.5,115.5,114.5,115.0,-1.5,13.0
2025-07-23,6612,10055.0,1165643.0,115.5,116.0,115.5,115.5,0.5,22.0
2025-07-24,6612,19365.0,2242148.0,115.5,116.5,115.0,116.0,0.5,34.0
2025-07-25,6612,8318.0,967046.0,115.0,118.0,115.0,118.0,2.0,14.0
2025-07-28,6612,22565.0,2624747.0,118.0,118.0,115.5,115.5,-2.5,26.0
2025-07-29,6612,12370.0,1428956.0,116.0,116.0,115.0,115.5,0.0,38.0
2025-07-30,6612,20899.0,2407550.0,115.0,116.0,115.0,115.0,-0.5,50.0
2025-07-31,6612,27078.0,3113449.0,115.0,116.0,114.0,114.0,-1.0,39.0
2025-08-01,6612,10546.0,1202259.0,114.0,114.0,114.0,114.0,0.0,29.0
2025-08-04,6612,11337.0,1296357.0,114.5,114.5,114.0,114.0,0.0,27.0
2025-08-05,6612,11207.0,1284926.0,114.0,115.0,114.0,115.0,1.0,29.0
2025-08-06,6612,9826.0,1137810.0,116.0,116.5,115.5,115.5,0.5,24.0
2025-08-07,6612,10765.0,1246431.0,115.5,117.0,115.5,115.5,0.0,23.0
2025-08-08,6612,285760.0,30481465.0,111.5,111.5,104.0,109.0,-6.5,327.0
2025-08-11,6612,24205.0,2612739.0,109.5,109.5,107.5,108.0,-1.0,58.0
2025-08-12,6612,25111.0,2684014.0,107.0,107.0,106.0,107.0,-1.0,44.0
2025-08-13,6612,57970.0,6121260.0,108.0,108.0,104.5,105.0,-2.0,107.0
2025-08-14,6612,53484.0,5658833.0,105.0,107.0,105.0,106.5,1.5,63.0
2025-08-15,6612,19642.0,2081196.0,106.5,106.5,105.5,106.0,-0.5,53.0
2025-08-18,6612,27505.0,2895660.0,106.0,106.0,104.5,105.0,-1.0,59.0
2025-08-19,6612,30384.0,3181109.0,104.5,106.0,103.5,105.0,0.0,111.0
2025-08-20,6612,15928.0,1667123.0,105.0,105.5,104.0,105.5,0.5,145.0
2025-08-21,6612,54055.0,5857074.0,106.0,110.0,106.0,108.0,2.5,98.0
2025-08-22,6612,60806.0,6034483.0,98.5,99.9,98.5,99.4,0.0,179.0
2025-08-25,6612,24088.0,2433454.0,100.5,102.0,99.6,101.5,2.1,49.0
2025-08-26,6612,19871.0,2033631.0,101.5,103.0,101.5,102.0,0.5,56.0
2025-08-27,6612,20843.0,2159035.0,103.0,104.0,102.5,103.0,1.0,104.0
2025-08-28,6612,37459.0,3961542.0,105.0,107.5,105.0,105.5,2.5,68.0
2025-08-29,6612,39168.0,4234344.0,106.5,110.0,106.5,109.5,4.0,94.0
2025-09-01,6612,26584.0,2893410.0,110.5,110.5,107.5,107.5,-2.0,55.0
2025-09-02,6612,24670.0,2623743.0,107.5,107.5,105.5,106.0,-1.5,99.0
2025-09-03,6612,20912.0,2198806.0,105.5,106.0,104.5,105.0,-1.0,60.0
2025-09-04,6612,10170.0,1067320.0,105.5,105.5,104.5,104.5,-0.5,30.0
2025-09-05,6612,42738.0,4531606.0,105.0,108.0,104.5,106.5,2.0,40.0
2025-09-08,6612,83803.0,9042214.0,106.5,110.5,106.0,107.5,1.0,113.0
2025-09-09,6612,278050.0,27604959.0,101.5,101.5,98.0,98.6,-8.9,356.0
2025-09-10,6612,155477.0,15182642.0,97.8,99.0,95.7,98.9,0.3,198.0
2025-09-11,6612,94657.0,9197852.0,98.2,98.2,96.5,96.5,-2.4,160.0
2025-09-12,6612,71504.0,6956996.0,96.5,98.9,96.1,97.7,1.2,65.0
2025-09-15,6612,39716.0,3914165.0,99.5,99.5,98.0,99.0,1.3,78.0
2025-09-16,6612,16295.0,1603218.0,99.0,99.2,97.5,97.5,-1.5,206.0
2025-09-17,6612,95862.0,9158710.0,97.0,97.0,94.5,95.0,-2.5,162.0
2025-09-18,6612,31722.0,3002865.0,95.5,95.5,94.3,94.5,-0.5,59.0
2025-09-19,6612,34510.0,3248478.0,94.5,94.7,93.9,94.7,0.2,65.0
2025-09-22,6612,32802.0,3063509.0,94.5,94.5,92.3,94.2,-0.5,89.0
2025-09-23,6612,36961.0,3449888.0,94.2,94.2,93.0,93.0,-1.2,59.0
2025-09-24,6612,38474.0,3577088.0,93.0,93.5,92.3,93.2,0.2,57.0
2025-09-25,6612,8015.0,746641.0,92.5,93.5,92.5,93.0,-0.2,25.0
2025-09-26,6612,37543.0,3448428.0,92.4,92.4,91.5,91.6,-1.4,169.0
2025-09-30,6612,17415.0,1601557.0,92.3,92.3,91.1,91.7,0.1,111.0
2025-10-01,6612,55633.0,5181744.0,94.1,94.4,91.5,93.9,2.2,93.0
2025-10-02,6612,15164.0,1413989.0,93.6,94.0,92.8,93.0,-0.9,302.0
2025-10-03,6612,38846.0,3688696.0,93.5,96.1,93.5,95.5,2.5,148.0
2025-10-07,6612,22458.0,2130784.0,96.0,96.2,93.0,95.5,0.0,47.0
2025-10-08,6612,4367.0,414696.0,95.6,95.6,94.6,94.6,-0.9,41.0
2025-10-09,6612,42352.0,3935752.0,94.6,94.6,92.0,92.0,-2.6,527.0
2025-10-13,6612,29069.0,2601117.0,90.8,90.8,88.9,90.3,-1.7,111.0
2025-10-14,6612,80610.0,7168454.0,90.6,90.6,88.1,88.5,-1.8,161.0
2025-10-15,6612,30313.0,2680626.0,89.5,89.5,88.0,88.2,-0.3,109.0
2025-10-16,6612,33530.0,2939616.0,88.0,88.5,85.7,88.0,-0.2,74.0
2025-10-17,6612,41186.0,3653211.0,87.9,90.6,87.8,89.4,1.4,67.0
2025-10-20,6612,80971.0,7164199.0,88.8,89.4,88.0,88.2,-1.2,181.0
2025-10-21,6612,39870.0,3556926.0,88.2,91.7,88.2,91.4,3.2,46.0
2025-10-22,6612,33685.0,3063015.0,91.4,91.6,89.3,90.1,-1.3,40.0
2025-10-23,6612,28458.0,2582612.0,91.0,91.2,88.6,88.6,-1.5,42.0
2025-10-27,6612,21135.0,1873653.0,89.5,89.6,88.0,88.7,0.1,155.0
2025-10-28,6612,4240.0,376027.0,88.4,88.8,88.4,88.8,0.1,23.0
2025-10-29,6612,9795.0,871160.0,88.5,91.4,88.5,91.4,2.6,29.0
2025-10-30,6612,12656.0,1136352.0,88.6,91.0,88.6,91.0,-0.4,24.0
2025-10-31,6612,35657.0,3165388.0,89.4,89.9,88.2,88.6,-2.4,66.0
2025-11-03,6612,20623.0,1824791.0,88.6,88.8,88.3,88.8,0.2,104.0
2025-11-04,6612,31814.0,2871266.0,89.8,91.4,89.7,90.3,1.5,147.0
2025-11-05,6612,13864.0,1242912.0,90.7,90.7,88.8,88.9,-1.4,34.0
2025-11-06,6612,11043.0,983903.0,88.8,90.0,88.7,90.0,1.1,106.0
2025-11-07,6612,5449.0,481041.0,88.6,88.9,88.5,88.9,-1.1,239.0
2025-11-10,6612,15121.0,1328390.0,87.2,88.0,87.2,88.0,-0.9,44.0
2025-11-11,6612,11200.0,983159.0,88.0,88.0,87.4,87.4,-0.6,30.0
2025-11-12,6612,22345.0,1959726.0,86.5,89.9,86.5,88.1,0.7,73.0
2025-11-13,6612,6777.0,596670.0,88.1,88.1,88.0,88.1,0.0,23.0
2025-11-14,6612,22182.0,1923183.0,87.0,87.0,86.5,86.5,-1.6,72.0
2025-11-17,6612,37676.0,3198026.0,86.3,86.4,83.5,83.5,-3.0,89.0
2025-11-18,6612,24636.0,2077557.0,87.9,87.9,83.0,83.1,-0.4,44.0
2025-11-19,6612,45106.0,3741844.0,85.9,85.9,81.9,82.0,-1.1,61.0
2025-11-20,6612,5386.0,450639.0,84.7,84.7,82.9,82.9,0.9,18.0
2025-11-21,6612,19346.0,1624952.0,84.3,84.4,83.3,83.5,0.6,61.0
2025-11-24,6612,13561.0,1136769.0,84.4,84.4,83.3,84.0,0.5,28.0
2025-11-25,6612,14099.0,1189293.0,84.0,85.0,84.0,84.1,0.1,38.0
2025-11-26,6612,10343.0,881429.0,86.7,86.7,85.0,85.3,1.2,19.0
2025-11-27,6612,3487.0,297059.0,86.2,86.2,85.0,85.0,-0.3,75.0
2025-11-28,6612,14335.0,1211838.0,85.8,85.8,83.9,84.5,-0.5,99.0
2025-12-01,6612,16295.0,1374849.0,85.3,85.3,83.8,84.6,0.1,66.0
2025-12-02,6612,10947.0,920430.0,84.2,84.2,83.7,84.1,-0.5,50.0
2025-12-03,6612,9192.0,770945.0,84.0,84.4,83.1,84.1,0.0,20.0
2025-12-04,6612,23765.0,1974543.0,84.1,84.1,82.1,83.9,-0.2,44.0
2025-12-05,6612,3683.0,310177.0,84.7,84.7,83.9,84.0,0.1,25.0
2025-12-08,6612,10797.0,899559.0,84.9,84.9,83.0,83.0,-1.0,56.0
2025-12-09,6612,18275.0,1515035.0,83.5,83.5,82.0,82.5,-0.5,33.0
2025-12-10,6612,11793.0,973059.0,82.5,82.9,81.8,82.3,-0.2,45.0
2025-12-11,6612,20911.0,1748333.0,84.0,85.0,82.3,82.3,0.0,107.0
2025-12-12,6612,45096.0,3675589.0,83.0,83.0,80.4,80.4,-1.9,142.0
2025-12-15,6612,20711.0,1663973.0,80.5,80.9,80.0,80.5,0.1,74.0
2025-12-16,6612,36282.0,2889600.0,80.5,80.5,78.9,79.0,-1.5,80.0
2025-12-17,6612,22890.0,1804590.0,79.0,79.1,78.5,79.1,0.1,53.0
2025-12-18,6612,26528.0,2076197.0,79.0,79.0,77.1,77.4,-1.7,58.0
2025-12-19,6612,34842.0,2682278.0,77.5,78.0,76.6,76.9,-0.5,110.0
2025-12-22,6612,54186.0,4100990.0,76.7,77.0,74.5,74.6,-2.3,298.0
2025-12-23,6612,84770.0,6273699.0,73.0,75.7,72.8,74.3,-0.3,127.0
2025-12-24,6612,30501.0,2267459.0,74.3,75.0,74.0,75.0,0.7,93.0
2025-12-26,6612,7166.0,539645.0,75.2,75.4,75.1,75.3,0.3,20.0
2025-12-29,6612,7521.0,560305.0,74.2,75.3,73.8,75.3,0.0,35.0
2025-12-30,6612,8314.0,615402.0,74.0,74.9,73.6,74.9,-0.4,20.0
2025-12-31,6612,13193.0,972462.0,73.9,73.9,73.6,73.9,-1.0,25.0
2026-01-02,6612,8051.0,594229.0,73.9,73.9,73.9,73.9,0.0,125.0
2026-01-05,6612,28124.0,2045076.0,73.2,73.4,72.2,72.2,-1.7,135.0
2026-01-06,6612,45050.0,3198084.0,71.0,71.8,70.5,71.8,-0.4,96.0
2026-01-07,6612,35841.0,2568818.0,72.4,72.4,71.1,72.0,0.2,78.0
2026-01-08,6612,46312.0,3299646.0,72.0,72.0,70.4,71.4,-0.6,178.0
2026-01-09,6612,22141.0,1569162.0,71.0,71.5,70.6,70.8,-0.6,62.0
2026-01-12,6612,52256.0,3882908.0,73.3,75.2,72.8,75.0,4.2,274.0
2026-01-13,6612,28644.0,2128662.0,75.4,75.4,73.0,73.0,-2.0,483.0
2026-01-14,6612,73667.0,5783959.0,73.8,80.3,73.8,80.3,7.3,147.0
2026-01-15,6612,285902.0,24605294.0,83.5,88.3,83.5,85.2,4.9,934.0
2026-01-16,6612,77634.0,6525136.0,84.2,84.8,83.2,84.8,-0.4,223.0
2026-01-19,6612,59063.0,4976567.0,86.5,86.5,83.5,84.3,-0.5,146.0
2026-01-20,6612,22298.0,1872798.0,84.2,84.3,83.7,83.9,-0.4,74.0
2026-01-21,6612,41276.0,3462377.0,84.0,84.5,83.1,83.8,-0.1,88.0
2026-01-22,6612,39438.0,3321308.0,85.5,85.5,83.5,84.3,0.5,276.0
2026-01-23,6612,56393.0,4675271.0,84.3,84.5,81.0,81.0,-3.3,108.0
2026-01-26,6612,65434.0,5398347.0,81.3,84.2,81.0,84.0,3.0,98.0
2026-01-27,6612,37869.0,3144110.0,84.0,84.2,82.0,82.9,-1.1,133.0
2026-01-28,6612,15756.0,1306445.0,82.9,83.3,82.7,83.3,0.4,40.0
2026-01-29,6612,18379.0,1510260.0,82.0,82.6,82.0,82.6,-0.7,84.0
2026-01-30,6612,30446.0,2490160.0,82.2,82.2,81.4,81.8,-0.8,50.0
2026-02-02,6612,34603.0,2759045.0,81.0,81.0,76.8,78.3,-3.5,388.0
2026-02-03,6612,30673.0,2407996.0,79.0,79.0,78.0,78.1,-0.2,42.0
2026-02-04,6612,18722.0,1465970.0,79.0,79.0,78.0,78.0,-0.1,34.0
2026-02-05,6612,16804.0,1298964.0,78.0,78.0,75.8,77.0,-1.0,35.0
2026-02-06,6612,32092.0,2414151.0,76.0,76.0,73.2,75.0,-2.0,46.0
2026-02-09,6612,40776.0,3010200.0,75.0,75.0,73.0,74.8,-0.2,56.0
2026-02-10,6612,58805.0,4296031.0,74.3,74.3,71.9,73.1,-1.7,97.0
2026-02-11,6612,494218.0,33615259.0,70.0,70.4,66.7,67.2,-5.9,488.0
2026-02-23,6612,50122.0,3424110.0,68.1,68.9,67.6,68.4,1.2,76.0
2026-02-24,6612,55134.0,3731973.0,68.4,68.4,67.1,67.9,-0.5,129.0
2026-02-25,6612,76665.0,5122469.0,67.7,67.9,66.3,66.5,-1.4,98.0
2026-02-26,6612,31307.0,2100645.0,66.5,67.9,66.5,67.3,0.8,62.0
2026-03-02,6612,54801.0,3740524.0,67.3,69.1,67.0,69.1,1.8,72.0
2026-03-03,6612,42685.0,2980895.0,71.1,71.1,69.0,70.2,1.1,105.0
2026-03-04,6612,69503.0,4742329.0,68.8,68.8,67.8,68.0,-2.2,99.0
2026-03-05,6612,21119.0,1462171.0,69.0,69.8,68.8,69.3,1.3,28.0
2026-03-06,6612,24452.0,1689755.0,69.3,69.5,68.6,68.6,-0.7,24.0
2026-03-09,6612,50600.0,3379188.0,67.0,67.1,66.0,67.1,-1.5,62.0
2026-03-10,6612,28915.0,1963547.0,69.8,69.8,67.2,68.0,0.9,44.0
2026-03-11,6612,72011.0,5004136.0,70.0,70.4,68.1,69.8,1.8,92.0
2026-03-12,6612,22193.0,1562509.0,69.6,71.1,69.0,70.9,1.1,44.0
2026-03-13,6612,34673.0,2479234.0,71.4,72.7,70.5,72.2,1.3,70.0
2026-03-16,6612,22666.0,1593424.0,70.6,70.7,70.0,70.1,-2.1,37.0
2026-03-17,6612,25110.0,1769957.0,70.3,71.0,70.1,70.8,0.7,48.0
2026-03-18,6612,16859.0,1195618.0,70.9,71.0,70.0,70.8,0.0,63.0
2026-03-19,6612,18236.0,1284129.0,70.8,71.4,69.6,70.0,-0.8,37.0
2026-03-20,6612,18060.0,1264821.0,70.0,70.2,69.9,70.1,0.1,17.0
2026-03-23,6612,31973.0,2185076.0,67.5,69.0,67.1,68.6,-1.5,49.0
2026-03-24,6612,14034.0,971986.0,69.0,70.0,68.8,70.0,1.4,34.0
2026-03-25,6612,5722.0,400803.0,70.0,70.3,70.0,70.3,0.3,27.0
2026-03-26,6612,5630.0,391304.0,70.1,70.1,69.1,69.1,-1.2,22.0
2026-03-27,6612,10191.0,708714.0,69.1,71.1,69.0,70.2,1.1,22.0
2026-03-30,6612,4147.0,289288.0,70.8,70.8,69.2,69.2,-1.0,14.0
2026-03-31,6612,9650.0,668837.0,70.0,70.0,69.0,69.0,-0.2,15.0
2026-04-01,6612,10686.0,750007.0,70.0,71.5,70.0,70.3,1.3,16.0
2026-04-02,6612,4611.0,323947.0,70.5,70.5,70.0,70.0,-0.3,13.0
2026-04-07,6612,17567.0,1230015.0,70.5,70.5,69.0,69.0,-1.0,19.0
2026-04-08,6612,33451.0,2308028.0,70.0,70.5,67.8,69.0,0.0,59.0
2026-04-09,6612,17832.0,1233604.0,69.5,69.5,69.0,69.0,0.0,25.0
2026-04-10,6612,30152.0,2069101.0,69.5,69.5,68.0,68.4,-0.6,76.0
2026-04-13,6612,34695.0,2375867.0,68.4,69.0,68.3,69.0,0.6,32.0
2026-04-14,6612,13674.0,943573.0,69.5,69.5,68.8,68.9,-0.1,54.0
2026-04-15,6612,14047.0,971248.0,69.0,69.5,68.8,69.0,0.1,32.0
2026-04-16,6612,28467.0,1982301.0,69.0,70.0,69.0,70.0,1.0,61.0
2026-04-17,6612,23249.0,1645120.0,70.0,71.4,70.0,71.0,1.0,55.0
2026-04-20,6612,20726.0,1455525.0,71.0,71.0,69.6,69.8,-1.2,87.0
2026-04-21,6612,9968.0,693103.0,69.8,69.8,69.4,69.8,0.0,26.0
2026-04-22,6612,38925.0,2718368.0,70.0,70.2,69.3,69.6,-0.2,115.0
2026-04-23,6612,73472.0,5076066.0,70.1,70.1,68.0,68.5,-1.1,145.0
2026-04-24,6612,17269.0,1179188.0,68.5,68.6,68.1,68.1,-0.4,34.0
2026-04-27,6612,13977.0,947965.0,68.0,68.0,67.6,68.0,-0.1,51.0
2026-04-28,6612,8806.0,599297.0,68.0,68.2,68.0,68.1,0.1,12.0
2026-04-29,6612,8420.0,573348.0,68.1,68.3,68.0,68.3,0.2,48.0
2026-04-30,6612,7371.0,502044.0,68.2,68.2,68.0,68.0,-0.3,21.0
2026-05-04,6612,30067.0,2047944.0,68.1,68.4,68.0,68.2,0.2,45.0
2026-05-05,6612,19618.0,1337404.0,68.0,68.4,68.0,68.2,0.0,57.0
2026-05-06,6612,31563.0,2148059.0,68.3,68.3,67.6,67.6,-0.6,74.0
2026-05-07,6612,20661.0,1402053.0,67.6,68.2,67.6,68.1,0.5,37.0
2026-05-08,6612,64494.0,4345618.0,68.1,69.0,66.5,68.3,0.2,117.0
2026-05-11,6612,73100.0,4930630.0,68.3,68.3,66.9,67.8,-0.5,115.0
2026-05-12,6612,81863.0,5472373.0,67.7,67.7,66.5,66.6,-1.2,135.0
2026-05-13,6612,62971.0,4236643.0,67.7,68.6,66.5,67.8,1.2,88.0
2026-05-14,6612,47059.0,3155854.0,67.8,67.8,66.6,67.0,-0.8,57.0
2026-05-15,6612,35189.0,2358924.0,67.0,67.2,66.9,66.9,-0.1,52.0
2026-05-18,6612,38530.0,2564299.0,66.6,67.1,66.1,66.7,-0.2,43.0
2026-05-19,6612,28697.0,1932178.0,67.0,68.1,67.0,67.4,0.7,41.0
2026-05-20,6612,138394.0,10021868.0,67.2,74.1,67.2,74.1,6.7,168.0
2026-05-21,6612,184201.0,13525132.0,70.8,77.8,70.7,77.0,2.9,424.0
2026-05-22,6612,87839.0,6601827.0,77.0,77.0,74.0,74.0,-3.0,110.0
2026-05-25,6612,60836.0,4395536.0,73.3,73.3,71.4,71.4,-2.6,92.0
2026-05-26,6612,87111.0,6332667.0,71.5,75.0,70.2,73.9,2.5,103.0
2026-05-27,6612,63612.0,4644386.0,74.8,74.8,71.8,72.5,-1.4,86.0
2026-05-28,6612,38545.0,2801161.0,76.6,76.6,72.0,72.4,-0.1,60.0
2026-05-29,6612,26305.0,1903223.0,72.4,72.5,72.2,72.4,0.0,53.0
2026-06-01,6612,62456.0,4494932.0,71.9,72.5,70.7,72.5,0.1,55.0
2026-06-02,6612,19347.0,1403376.0,73.0,73.0,72.3,72.3,-0.2,63.0
2026-06-03,6612,46524.0,3331505.0,72.1,72.4,71.2,71.7,-0.6,73.0
2026-06-04,6612,39082.0,2816230.0,71.8,72.4,71.7,72.4,0.7,42.0
2026-06-05,6612,30543.0,2233777.0,72.0,75.0,72.0,72.5,0.1,87.0
2026-06-08,6612,28259.0,1994315.0,72.0,72.0,69.5,70.8,-1.7,48.0
2026-06-09,6612,66059.0,4880072.0,72.9,74.9,72.9,74.0,3.2,103.0
2026-06-10,6612,49844.0,3641572.0,73.0,73.8,72.5,73.0,-1.0,100.0
2026-06-11,6612,42411.0,3065216.0,73.0,73.0,71.7,71.8,-1.2,41.0
2026-06-12,6612,22025.0,1604250.0,72.0,73.3,72.0,73.3,1.5,32.0
2026-06-15,6612,26713.0,1961742.0,73.4,73.8,73.3,73.5,0.2,44.0
2026-06-16,6612,65526.0,4812244.0,73.7,74.0,72.8,73.1,-0.4,49.0
2026-06-17,6612,22389.0,1633468.0,73.1,73.1,72.5,72.7,-0.4,23.0
2026-06-18,6612,23565.0,1717848.0,72.5,73.8,72.5,73.3,0.6,35.0
2026-06-22,6612,38602.0,2819545.0,73.4,73.4,72.9,72.9,-0.4,52.0
2026-06-23,6612,502169.0,36108322.0,72.9,73.0,70.5,71.8,-1.1,115.0
2026-06-24,6612,16583.0,1191758.0,71.5,72.3,71.4,72.3,0.5,24.0
2026-06-25,6612,45728.0,3319286.0,72.3,73.5,71.8,72.2,-0.1,52.0
2026-06-26,6612,45983.0,3280715.0,72.0,72.0,70.7,70.8,-1.4,48.0
2026-06-29,6612,39349.0,2801934.0,71.1,71.9,71.0,71.6,0.8,34.0
2026-06-30,6612,15142.0,1087757.0,71.2,72.7,71.2,72.4,0.8,32.0
2026-07-01,6612,323516.0,23066840.0,71.4,71.5,71.2,71.3,-1.1,28.0
2026-07-02,6612,11338.0,809081.0,71.4,71.6,71.2,71.6,0.3,16.0
2026-07-03,6612,56375.0,4170899.0,71.5,76.0,71.5,74.2,2.6,90.0
2026-07-06,6612,21918.0,1625667.0,74.2,74.4,73.7,74.0,-0.2,40.0
2026-07-07,6612,85410.0,6481460.0,74.8,79.4,74.2,79.0,5.0,138.0
2026-07-08,6612,72460.0,5598811.0,79.0,79.0,76.0,76.1,-2.9,105.0
2026-07-09,6612,45158.0,3386600.0,75.8,76.0,74.3,74.3,-1.8,61.0
2026-07-13,6612,20427.0,1504098.0,73.8,74.0,73.5,73.5,-0.8,37.0
2026-07-14,6612,32097.0,2310977.0,73.0,73.8,70.7,72.3,-1.2,53.0
2026-07-15,6612,20406.0,1480283.0,72.3,73.3,72.2,72.8,0.5,29.0
2026-07-16,6612,6189.0,446202.0,72.5,72.5,71.9,72.0,-0.8,9.0
2026-07-17,6612,47170.0,3323608.0,70.4,71.0,70.2,70.2,-1.8,70.0
2026-07-20,6612,19036.0,1333683.0,70.1,70.9,68.7,70.1,-0.1,34.0
2026-07-21,6612,408298.0,28784678.0,70.1,70.8,70.1,70.5,0.4,15.0
2026-07-22,6612,13054.0,925708.0,70.7,71.0,70.7,70.9,0.4,14.0
2026-07-23,6612,13209.0,933833.0,70.3,71.4,70.2,70.9,0.0,16.0
2026-07-24,6612,21958.0,1552052.0,70.0,72.0,70.0,71.0,0.1,27.0
2026-07-27,6612,47475.0,3317170.0,70.7,72.1,69.4,69.6,-1.4,56.0
2026-07-28,6612,36858.0,2548696.0,68.8,70.0,68.4,69.5,-0.1,48.0
2026-07-29,6612,20945.0,1435000.0,68.7,69.0,68.0,68.3,-1.2,38.0
2026-07-30,6612,4438.0,309151.0,69.8,69.8,69.8,69.8,1.5,13.0
2026-07-31,6612,24378.0,1716962.0,69.9,71.0,69.9,70.1,0.3,25.0
2026-08-03,6612,320.0,22889.0,0.0,0.0,0.0,0.0,0.0,7.0
2026-08-04,6612,10851.0,771438.0,71.5,71.5,70.8,71.1,-0.4,20.0
2026-08-05,6612,15340.0,1097912.0,70.5,72.9,70.5,71.4,0.3,21.0
2026-08-06,6612,32689.0,2339960.0,70.8,72.5,70.8,71.6,0.2,37.0
2026-08-07,6612,25137.0,1856847.0,72.8,74.8,72.6,73.8,2.2,60.0
2026-08-10,6612,11100.0,819892.0,73.9,74.8,73.4,74.8,1.0,24.0
2026-08-11,6612,22120.0,1625388.0,73.5,74.3,72.6,74.1,-0.7,42.0
2026-08-12,6612,25797.0,1909146.0,74.5,74.9,73.3,73.9,-0.2,45.0
2026-08-13,6612,28231.0,2062549.0,74.0,74.0,72.3,73.0,-0.9,55.0
2026-08-14,6612,10822.0,786876.0,73.0,73.0,72.5,72.9,-0.1,29.0
2026-08-17,6612,32535.0,2388542.0,72.9,74.4,72.9,73.0,0.1,66.0
2026-08-18,6612,20547.0,1497797.0,72.8,73.4,72.3,73.4,0.4,34.0
2026-08-19,6612,34512.0,2506332.0,72.4,73.3,72.0,73.3,-0.1,82.0
2026-08-20,6612,43193.0,3189455.0,73.7,74.7,72.5,74.7,1.4,86.0
2026-08-21,6612,42602.0,3160230.0,74.7,76.0,73.0,73.2,-1.5,104.0
2026-08-24,6612,32541.0,2372772.0,73.0,73.8,72.4,73.1,-0.1,35.0
2026-08-25,6612,56551.0,4122662.0,72.2,73.7,72.0,73.5,0.4,227.0
2026-08-26,6612,50600.0,3513122.0,66.5,72.0,66.5,70.6,0.0,160.0
2026-08-27,6612,22544.0,1602920.0,71.8,71.8,71.0,71.0,0.4,43.0
2026-08-28,6612,55975.0,3915585.0,70.0,70.8,69.6,70.8,-0.2,52.0
2026-08-31,6612,30852.0,2214674.0,72.8,72.8,71.2,71.5,0.7,44.0
2026-09-01,6612,14586.0,1043624.0,71.6,71.6,71.5,71.5,0.0,35.0
2026-09-02,6612,43570.0,3099183.0,71.5,71.5,70.3,70.8,-0.7,47.0
2026-09-03,6612,29220.0,2069703.0,70.9,71.6,70.5,70.9,0.1,37.0
2026-09-04,6612,22426.0,1589121.0,71.0,71.0,70.5,70.6,-0.3,42.0
2026-09-07,6612,20145.0,1415262.0,69.5,70.9,69.5,70.0,-0.6,29.0
2026-09-08,6612,27431.0,1918248.0,70.3,70.5,69.0,70.1,0.1,27.0
