date,stock_id,Trading_Volume,Trading_money,open,max,min,close,spread,Trading_turnover
2016-01-04,8087,4.0,28.0,0.0,0.0,0.0,0.0,0.0,4.0
2016-01-05,8087,1002.0,7374.0,7.36,7.36,7.36,7.36,-0.51,3.0
2016-01-06,8087,0.0,0.0,0.0,0.0,0.0,0.0,0.0,0.0
2016-01-07,8087,18004.0,127228.0,7.15,7.6,7.0,7.6,-0.03,14.0
2016-01-08,8087,3002.0,22454.0,7.48,7.48,7.48,7.48,-0.12,4.0
2016-01-11,8087,2002.0,14974.0,7.48,7.48,7.48,7.48,0.0,3.0
2016-01-12,8087,1.0,7.0,0.0,0.0,0.0,0.0,0.0,1.0
2016-01-13,8087,86014.0,641502.0,7.49,7.69,7.35,7.45,-0.02,17.0
2016-01-14,8087,7000.0,51450.0,7.35,7.35,7.35,7.35,-0.1,2.0
2016-01-15,8087,0.0,0.0,0.0,0.0,0.0,0.0,0.0,0.0
2016-01-18,8087,11004.0,84480.0,7.67,7.68,7.67,7.68,0.11,6.0
2016-01-19,8087,1780.0,13886.0,7.88,7.88,7.88,7.88,0.2,2.0
2016-01-20,8087,0.0,0.0,0.0,0.0,0.0,0.0,0.0,0.0
2016-01-21,8087,0.0,0.0,0.0,0.0,0.0,0.0,0.0,0.0
2016-01-22,8087,44000.0,336860.0,7.7,7.85,7.61,7.85,-0.03,5.0
2016-01-25,8087,0.0,0.0,0.0,0.0,0.0,0.0,0.0,0.0
2016-01-26,8087,0.0,0.0,0.0,0.0,0.0,0.0,0.0,0.0
2016-01-27,8087,1001.0,8188.0,8.18,8.18,8.18,8.18,0.22,2.0
2016-01-28,8087,0.0,0.0,0.0,0.0,0.0,0.0,0.0,0.0
2016-01-29,8087,3001.0,22837.0,7.61,7.61,7.61,7.61,-0.54,3.0
2016-01-30,8087,48215.0,359651.0,7.26,7.61,7.25,7.5,-0.11,13.0
2016-02-01,8087,1.0,7.0,0.0,0.0,0.0,0.0,0.0,1.0
2016-02-02,8087,42002.0,332996.0,7.75,7.95,7.75,7.95,0.45,9.0
2016-02-03,8087,0.0,0.0,0.0,0.0,0.0,0.0,0.0,0.0
2016-02-15,8087,1005.0,7715.0,7.68,7.68,7.68,7.68,-0.27,6.0
2016-02-16,8087,1012.0,8055.0,7.96,7.96,7.96,7.96,0.28,2.0
2016-02-17,8087,5001.0,39137.0,7.85,7.85,7.79,7.79,-0.17,5.0
2016-02-18,8087,6006.0,47152.0,8.1,8.1,7.8,7.8,0.01,9.0
2016-02-19,8087,1.0,7.0,0.0,0.0,0.0,0.0,0.0,1.0
2016-02-22,8087,7.0,49.0,0.0,0.0,0.0,0.0,0.0,7.0
2016-02-23,8087,5010.0,38255.0,7.57,7.9,7.57,7.9,0.1,7.0
2016-02-24,8087,3.0,21.0,0.0,0.0,0.0,0.0,0.0,3.0
2016-02-25,8087,477.0,3389.0,0.0,0.0,0.0,0.0,0.0,16.0
2016-02-26,8087,13012.0,98584.0,7.56,7.7,7.56,7.6,-0.21,19.0
2016-03-01,8087,2014.0,15518.0,7.86,7.86,7.56,7.56,-0.04,16.0
2016-03-02,8087,5014.0,37898.0,7.56,7.56,7.56,7.56,0.0,16.0
2016-03-03,8087,1.0,7.0,0.0,0.0,0.0,0.0,0.0,1.0
2016-03-04,8087,6004.0,45338.0,7.51,7.76,7.51,7.76,-0.03,6.0
2016-03-07,8087,5004.0,39882.0,7.97,7.97,7.97,7.97,0.21,6.0
2016-03-08,8087,6006.0,46673.0,7.77,7.9,7.71,7.9,-0.07,9.0
2016-03-09,8087,1999.0,14801.0,7.7,7.7,7.7,7.7,-0.2,3.0
2016-03-10,8087,13581.0,110491.0,8.18,8.18,7.99,7.99,0.29,10.0
2016-03-11,8087,12001.0,91577.0,7.82,7.9,7.55,7.9,-0.09,7.0
2016-03-14,8087,4002.0,30684.0,7.61,7.84,7.61,7.84,-0.06,4.0
2016-03-15,8087,2.0,14.0,0.0,0.0,0.0,0.0,0.0,2.0
2016-03-16,8087,13001.0,96188.0,7.05,8.0,7.05,8.0,0.21,11.0
2016-03-17,8087,4001.0,31558.0,7.97,8.09,7.62,8.09,0.09,5.0
2016-03-18,8087,1.0,8.0,0.0,0.0,0.0,0.0,0.0,1.0
2016-03-21,8087,7.0,49.0,0.0,0.0,0.0,0.0,0.0,7.0
2016-03-22,8087,54786.0,449920.0,8.01,8.36,7.96,8.36,0.76,36.0
2016-03-23,8087,71029.0,614142.0,8.3,8.8,8.3,8.78,0.42,46.0
2016-03-24,8087,46000.0,399140.0,8.75,8.95,8.54,8.85,0.07,22.0
2016-03-25,8087,43670.0,391263.0,8.9,9.1,8.8,9.02,0.17,30.0
2016-03-28,8087,15006.0,131668.0,8.81,8.99,8.44,8.89,-0.13,14.0
2016-03-29,8087,37006.0,308261.0,8.51,8.8,8.07,8.8,-0.09,27.0
2016-03-30,8087,33004.0,270602.0,8.68,8.68,8.06,8.26,-0.54,24.0
2016-03-31,8087,71000.0,552840.0,8.1,8.1,7.66,7.71,-0.55,33.0
2016-04-01,8087,13004.0,96778.0,7.41,7.69,7.4,7.69,-0.02,10.0
2016-04-06,8087,71006.0,580389.0,7.65,8.44,7.65,8.44,0.75,38.0
2016-04-07,8087,79196.0,678195.0,8.29,8.79,8.29,8.79,0.35,49.0
2016-04-08,8087,60900.0,538940.0,8.58,9.08,8.58,8.99,0.2,38.0
2016-04-11,8087,99004.0,883236.0,8.99,9.1,8.51,9.08,0.09,61.0
2016-04-12,8087,47001.0,427059.0,9.07,9.24,8.74,9.16,0.08,29.0
2016-04-13,8087,84001.0,725278.0,8.88,9.15,8.25,8.25,-0.91,42.0
2016-04-14,8087,36002.0,296176.0,8.25,8.85,7.9,8.7,0.45,23.0
2016-04-15,8087,22000.0,180110.0,8.83,8.83,7.97,8.18,-0.52,19.0
2016-04-18,8087,92003.0,707291.0,7.66,8.09,7.6,7.61,-0.57,50.0
2016-04-19,8087,45000.0,337460.0,7.69,7.86,7.4,7.6,-0.01,25.0
2016-04-20,8087,0.0,0.0,0.0,0.0,0.0,0.0,0.0,0.0
2016-04-21,8087,0.0,0.0,0.0,0.0,0.0,0.0,0.0,0.0
2016-04-22,8087,2000.0,15020.0,7.42,7.6,7.42,7.6,0.01,2.0
2016-04-25,8087,1001.0,7447.0,7.44,7.44,7.44,7.44,-0.16,2.0
2016-04-26,8087,42003.0,315391.0,7.71,7.71,7.5,7.66,0.22,6.0
2016-04-27,8087,3002.0,22414.0,7.36,7.64,7.36,7.64,-0.02,5.0
2016-04-28,8087,16000.0,121720.0,7.74,7.74,7.48,7.7,0.06,4.0
2016-04-29,8087,729.0,5613.0,0.0,0.0,0.0,0.0,0.0,1.0
2016-05-03,8087,9002.0,67804.0,7.85,7.85,7.45,7.74,0.05,9.0
2016-05-04,8087,0.0,0.0,0.0,0.0,0.0,0.0,0.0,0.0
2016-05-05,8087,1000.0,8010.0,8.01,8.01,8.01,8.01,0.3,1.0
2016-05-06,8087,0.0,0.0,0.0,0.0,0.0,0.0,0.0,0.0
2016-05-09,8087,0.0,0.0,0.0,0.0,0.0,0.0,0.0,0.0
2016-05-10,8087,2000.0,15070.0,7.35,7.72,7.35,7.72,-0.15,2.0
2016-05-11,8087,4000.0,30500.0,7.99,7.99,7.33,7.85,0.13,4.0
2016-05-12,8087,2000.0,15700.0,7.85,7.85,7.85,7.85,0.0,2.0
2016-05-13,8087,0.0,0.0,0.0,0.0,0.0,0.0,0.0,0.0
2016-05-16,8087,0.0,0.0,0.0,0.0,0.0,0.0,0.0,0.0
2016-05-17,8087,1001.0,7987.0,7.98,7.98,7.98,7.98,0.19,2.0
2016-05-18,8087,6000.0,43990.0,7.25,7.74,7.25,7.74,-0.24,5.0
2016-05-19,8087,12000.0,89110.0,7.49,7.67,7.3,7.67,-0.07,7.0
2016-05-20,8087,12000.0,93140.0,7.65,7.99,7.64,7.99,0.32,10.0
2016-05-23,8087,41001.0,335448.0,7.98,8.37,7.98,8.3,0.31,28.0
2016-05-24,8087,66000.0,514190.0,8.3,8.4,7.6,7.6,-0.7,43.0
2016-05-25,8087,7008.0,53960.0,7.8,7.8,7.6,7.7,0.1,9.0
2016-05-26,8087,0.0,0.0,0.0,0.0,0.0,0.0,0.0,0.0
2016-05-27,8087,0.0,0.0,0.0,0.0,0.0,0.0,0.0,0.0
2016-05-30,8087,0.0,0.0,0.0,0.0,0.0,0.0,0.0,0.0
2016-05-31,8087,11000.0,82570.0,7.4,7.77,7.4,7.77,0.05,4.0
2016-06-01,8087,1000.0,7790.0,7.79,7.79,7.79,7.79,0.02,1.0
2016-06-02,8087,0.0,0.0,0.0,0.0,0.0,0.0,0.0,0.0
2016-06-03,8087,1900.0,15160.0,8.05,8.05,8.05,8.05,0.26,2.0
2016-06-04,8087,0.0,0.0,0.0,0.0,0.0,0.0,0.0,0.0
2016-06-06,8087,1000.0,8110.0,8.11,8.11,8.11,8.11,0.15,1.0
2016-06-07,8087,0.0,0.0,0.0,0.0,0.0,0.0,0.0,0.0
2016-06-08,8087,2000.0,16010.0,8.05,8.05,7.96,7.96,0.28,2.0
2016-06-13,8087,0.0,0.0,0.0,0.0,0.0,0.0,0.0,0.0
2016-06-14,8087,1000.0,7700.0,7.7,7.7,7.7,7.7,-0.2,1.0
2016-06-15,8087,1026.0,8152.0,7.95,7.95,7.95,7.95,0.25,3.0
2016-06-16,8087,6000.0,45080.0,7.36,7.86,7.3,7.85,-0.1,6.0
2016-06-17,8087,1000.0,7960.0,7.96,7.96,7.96,7.96,0.11,1.0
2016-06-20,8087,7000.0,54470.0,8.17,8.17,7.59,7.59,-0.37,7.0
2016-06-21,8087,21000.0,158260.0,7.87,7.87,7.5,7.59,0.0,19.0
2016-06-22,8087,8002.0,60605.0,7.81,7.81,7.49,7.59,0.0,9.0
2016-06-23,8087,8000.0,60290.0,7.74,7.74,7.5,7.5,-0.09,8.0
2016-06-24,8087,48000.0,372930.0,7.66,8.18,7.48,7.57,0.07,30.0
2016-06-27,8087,47003.0,363121.0,7.57,8.0,7.57,7.85,0.28,29.0
2016-06-28,8087,6000.0,46920.0,7.98,7.98,7.71,7.83,-0.02,5.0
2016-06-29,8087,45000.0,347150.0,7.72,7.75,7.7,7.71,-0.12,23.0
2016-06-30,8087,4002.0,31054.0,7.72,7.8,7.72,7.8,0.09,5.0
2016-07-01,8087,22000.0,170670.0,7.79,7.8,7.7,7.8,0.0,17.0
2016-07-04,8087,7000.0,54730.0,7.81,7.82,7.81,7.82,0.02,3.0
2016-07-05,8087,13000.0,98460.0,7.56,7.73,7.55,7.73,-0.09,5.0
2016-07-06,8087,23000.0,177070.0,7.69,7.71,7.69,7.69,-0.04,9.0
2016-07-07,8087,68.0,471.0,0.0,0.0,0.0,0.0,0.0,1.0
2016-07-11,8087,10226.0,77885.0,7.65,7.65,7.64,7.64,-0.26,11.0
2016-07-12,8087,40000.0,316780.0,7.89,7.99,7.8,7.81,0.17,11.0
2016-07-13,8087,1000.0,7700.0,7.7,7.7,7.7,7.7,-0.11,1.0
2016-07-14,8087,90200.0,732348.0,7.83,8.47,7.83,8.06,0.36,32.0
2016-07-15,8087,6000.0,48690.0,7.99,8.14,7.99,8.14,0.08,3.0
2016-07-18,8087,8000.0,64550.0,7.88,8.14,7.88,8.14,0.0,8.0
2016-07-19,8087,0.0,0.0,0.0,0.0,0.0,0.0,0.0,0.0
2016-07-20,8087,3000.0,23770.0,7.9,7.94,7.9,7.93,-0.25,3.0
2016-07-21,8087,1000.0,7930.0,7.93,7.93,7.93,7.93,0.0,1.0
2016-07-22,8087,1.0,8.0,0.0,0.0,0.0,0.0,0.0,1.0
2016-07-25,8087,12003.0,96524.0,8.18,8.18,7.99,7.99,0.06,11.0
2016-07-26,8087,0.0,0.0,0.0,0.0,0.0,0.0,0.0,0.0
2016-07-27,8087,0.0,0.0,0.0,0.0,0.0,0.0,0.0,0.0
2016-07-28,8087,8001.0,63257.0,7.89,8.0,7.88,7.9,-0.24,6.0
2016-07-29,8087,2001.0,15767.0,7.88,7.88,7.88,7.88,-0.02,2.0
2016-08-01,8087,5.0,40.0,0.0,0.0,0.0,0.0,0.0,5.0
2016-08-02,8087,3004.0,23940.0,7.97,7.97,7.97,7.97,0.03,4.0
2016-08-03,8087,4002.0,31864.0,7.96,7.97,7.96,7.96,-0.01,5.0
2016-08-04,8087,15003.0,119412.0,7.95,7.96,7.95,7.96,0.0,6.0
2016-08-05,8087,1.0,8.0,0.0,0.0,0.0,0.0,0.0,1.0
2016-08-08,8087,0.0,0.0,0.0,0.0,0.0,0.0,0.0,0.0
2016-08-09,8087,0.0,0.0,0.0,0.0,0.0,0.0,0.0,0.0
2016-08-10,8087,0.0,0.0,0.0,0.0,0.0,0.0,0.0,0.0
2016-08-11,8087,2.0,16.0,0.0,0.0,0.0,0.0,0.0,2.0
2016-08-12,8087,4.0,36.0,0.0,0.0,0.0,0.0,0.0,4.0
2016-08-15,8087,6.0,42.0,0.0,0.0,0.0,0.0,0.0,6.0
2016-08-16,8087,2005.0,16050.0,7.91,8.1,7.91,8.1,-0.1,7.0
2016-08-17,8087,0.0,0.0,0.0,0.0,0.0,0.0,0.0,0.0
2016-08-18,8087,0.0,0.0,0.0,0.0,0.0,0.0,0.0,0.0
2016-08-19,8087,4.0,36.0,0.0,0.0,0.0,0.0,0.0,4.0
2016-08-22,8087,6.0,48.0,0.0,0.0,0.0,0.0,0.0,6.0
2016-08-23,8087,7003.0,58304.0,8.52,8.52,8.12,8.12,-0.22,10.0
2016-08-24,8087,3002.0,25336.0,8.44,8.44,8.44,8.44,0.32,4.0
2016-08-25,8087,3004.0,24632.0,8.2,8.2,8.2,8.2,-0.24,6.0
2016-08-26,8087,10003.0,81824.0,8.25,8.25,8.13,8.2,0.0,8.0
2016-08-29,8087,10020.0,80280.0,8.01,8.02,8.0,8.02,-0.18,25.0
2016-08-30,8087,12.0,96.0,0.0,0.0,0.0,0.0,0.0,12.0
2016-08-31,8087,0.0,0.0,0.0,0.0,0.0,0.0,0.0,0.0
2016-09-01,8087,0.0,0.0,0.0,0.0,0.0,0.0,0.0,0.0
2016-09-02,8087,4000.0,31650.0,7.92,7.92,7.91,7.91,-0.2,2.0
2016-09-05,8087,1000.0,8080.0,8.08,8.08,8.08,8.08,0.17,1.0
2016-09-06,8087,3282.0,25243.0,7.93,7.93,7.93,7.93,-0.15,4.0
2016-09-07,8087,12953.0,101992.0,8.07,8.08,7.8,7.8,-0.13,10.0
2016-09-08,8087,5890.0,45784.0,7.81,7.81,7.8,7.8,0.0,5.0
2016-09-09,8087,0.0,0.0,0.0,0.0,0.0,0.0,0.0,0.0
2016-09-10,8087,0.0,0.0,0.0,0.0,0.0,0.0,0.0,0.0
2016-09-12,8087,2001.0,15547.0,7.77,7.77,7.77,7.77,-0.05,3.0
2016-09-13,8087,0.0,0.0,0.0,0.0,0.0,0.0,0.0,0.0
2016-09-14,8087,0.0,0.0,0.0,0.0,0.0,0.0,0.0,0.0
2016-09-19,8087,7001.0,54487.0,7.8,7.8,7.77,7.77,-0.13,5.0
2016-09-20,8087,5840.0,44668.0,7.53,7.87,7.53,7.87,0.1,4.0
2016-09-21,8087,21000.0,159660.0,7.6,7.66,7.6,7.66,-0.21,4.0
2016-09-22,8087,5780.0,44978.0,7.8,8.0,7.72,7.72,0.06,6.0
2016-09-23,8087,0.0,0.0,0.0,0.0,0.0,0.0,0.0,0.0
2016-09-26,8087,0.0,0.0,0.0,0.0,0.0,0.0,0.0,0.0
2016-09-29,8087,27000.0,205640.0,7.6,7.79,7.6,7.79,-0.09,5.0
2016-09-30,8087,21000.0,159860.0,7.61,7.84,7.6,7.84,0.05,7.0
2016-10-03,8087,12000.0,92400.0,7.7,7.7,7.7,7.7,-0.14,5.0
2016-10-04,8087,11000.0,84040.0,7.6,8.04,7.6,8.04,0.34,4.0
2016-10-05,8087,11000.0,85820.0,7.96,7.96,7.71,7.71,-0.33,7.0
2016-10-06,8087,0.0,0.0,0.0,0.0,0.0,0.0,0.0,0.0
2016-10-07,8087,11000.0,84060.0,7.65,7.74,7.61,7.74,-0.01,4.0
2016-10-11,8087,7000.0,53000.0,7.6,7.8,7.5,7.8,0.06,3.0
2016-10-12,8087,13018.0,100779.0,7.75,7.9,7.65,7.9,0.1,11.0
2016-10-13,8087,13001.0,99687.0,7.78,7.95,7.6,7.95,0.05,10.0
2016-10-14,8087,0.0,0.0,0.0,0.0,0.0,0.0,0.0,0.0
2016-10-17,8087,0.0,0.0,0.0,0.0,0.0,0.0,0.0,0.0
2016-10-18,8087,2007.0,15249.0,7.6,7.6,7.6,7.6,-0.25,9.0
2016-10-19,8087,1001.0,7797.0,7.79,7.79,7.79,7.79,0.19,2.0
2016-10-20,8087,1000.0,7950.0,7.95,7.95,7.95,7.95,0.16,1.0
2016-10-21,8087,0.0,0.0,0.0,0.0,0.0,0.0,0.0,0.0
2016-10-24,8087,0.0,0.0,0.0,0.0,0.0,0.0,0.0,0.0
2016-10-25,8087,0.0,0.0,0.0,0.0,0.0,0.0,0.0,0.0
2016-10-26,8087,0.0,0.0,0.0,0.0,0.0,0.0,0.0,0.0
2016-10-27,8087,1000.0,8140.0,8.14,8.14,8.14,8.14,0.25,1.0
2016-10-28,8087,4001.0,30857.0,7.72,7.72,7.71,7.71,-0.43,3.0
2016-10-31,8087,5000.0,38000.0,7.6,7.6,7.6,7.6,-0.11,4.0
2016-11-01,8087,9000.0,68180.0,7.5,7.78,7.5,7.78,0.18,5.0
2016-11-02,8087,1001.0,7607.0,7.6,7.6,7.6,7.6,-0.18,2.0
2016-11-03,8087,0.0,0.0,0.0,0.0,0.0,0.0,0.0,0.0
2016-11-04,8087,1001.0,7607.0,7.6,7.6,7.6,7.6,0.0,2.0
2016-11-07,8087,1001.0,7897.0,7.89,7.89,7.89,7.89,0.29,2.0
2016-11-08,8087,1.0,7.0,0.0,0.0,0.0,0.0,0.0,1.0
2016-11-09,8087,0.0,0.0,0.0,0.0,0.0,0.0,0.0,0.0
2016-11-10,8087,1.0,7.0,0.0,0.0,0.0,0.0,0.0,1.0
2016-11-11,8087,0.0,0.0,0.0,0.0,0.0,0.0,0.0,0.0
2016-11-14,8087,1.0,7.0,0.0,0.0,0.0,0.0,0.0,1.0
2016-11-15,8087,0.0,0.0,0.0,0.0,0.0,0.0,0.0,0.0
2016-11-16,8087,2.0,15.0,0.0,0.0,0.0,0.0,0.0,1.0
2016-11-17,8087,6002.0,45044.0,7.51,7.51,7.5,7.5,-0.34,6.0
2016-11-18,8087,2000.0,15090.0,7.54,7.55,7.54,7.55,0.05,2.0
2016-11-21,8087,0.0,0.0,0.0,0.0,0.0,0.0,0.0,0.0
2016-11-22,8087,4000.0,29779.0,7.47,7.56,7.45,7.56,0.01,6.0
2016-11-23,8087,2.0,14.0,0.0,0.0,0.0,0.0,0.0,2.0
2016-11-24,8087,4001.0,30127.0,7.45,7.77,7.45,7.77,0.21,4.0
2016-11-25,8087,0.0,0.0,0.0,0.0,0.0,0.0,0.0,0.0
2016-11-28,8087,0.0,0.0,0.0,0.0,0.0,0.0,0.0,0.0
2016-11-29,8087,0.0,0.0,0.0,0.0,0.0,0.0,0.0,0.0
2016-11-30,8087,0.0,0.0,0.0,0.0,0.0,0.0,0.0,0.0
2016-12-01,8087,0.0,0.0,0.0,0.0,0.0,0.0,0.0,0.0
2016-12-02,8087,0.0,0.0,0.0,0.0,0.0,0.0,0.0,0.0
2016-12-05,8087,0.0,0.0,0.0,0.0,0.0,0.0,0.0,0.0
2016-12-06,8087,0.0,0.0,0.0,0.0,0.0,0.0,0.0,0.0
2016-12-07,8087,2000.0,14940.0,7.47,7.47,7.47,7.47,-0.29,1.0
2016-12-08,8087,1000.0,7910.0,7.91,7.91,7.91,7.91,0.44,1.0
2016-12-09,8087,1.0,7.0,0.0,0.0,0.0,0.0,0.0,1.0
2016-12-12,8087,1.0,8.0,0.0,0.0,0.0,0.0,0.0,1.0
2016-12-13,8087,1001.0,7887.0,7.88,7.88,7.88,7.88,0.02,2.0
2016-12-14,8087,5006.0,38045.0,7.6,7.6,7.6,7.6,-0.28,6.0
2016-12-15,8087,1000.0,7870.0,7.87,7.87,7.87,7.87,0.27,1.0
2016-12-16,8087,1000.0,8000.0,8.0,8.0,8.0,8.0,0.13,1.0
2016-12-19,8087,1551.0,12135.0,7.8,7.8,7.8,7.8,-0.2,3.0
2016-12-20,8087,0.0,0.0,0.0,0.0,0.0,0.0,0.0,0.0
2016-12-21,8087,0.0,0.0,0.0,0.0,0.0,0.0,0.0,0.0
2016-12-22,8087,3670.0,28820.0,7.65,8.16,7.65,8.16,0.21,5.0
2016-12-23,8087,10000.0,76350.0,7.85,7.85,7.44,7.8,-0.36,7.0
2016-12-26,8087,5000.0,37930.0,7.6,7.77,7.52,7.52,-0.28,4.0
2016-12-27,8087,2000.0,15040.0,7.52,7.52,7.52,7.52,0.0,1.0
2016-12-28,8087,2000.0,15480.0,7.78,7.78,7.7,7.7,0.18,2.0
2016-12-29,8087,2000.0,15220.0,7.61,7.61,7.61,7.61,-0.09,2.0
2016-12-30,8087,0.0,0.0,0.0,0.0,0.0,0.0,0.0,0.0
2017-01-03,8087,0.0,0.0,0.0,0.0,0.0,0.0,0.0,0.0
2017-01-04,8087,18611.0,139363.0,7.47,7.61,7.45,7.61,-0.21,13.0
2017-01-05,8087,14000.0,106260.0,7.58,7.61,7.58,7.58,-0.03,10.0
2017-01-06,8087,11000.0,82280.0,7.49,7.49,7.47,7.48,-0.1,6.0
2017-01-09,8087,0.0,0.0,0.0,0.0,0.0,0.0,0.0,0.0
2017-01-10,8087,1220.0,9470.0,7.75,7.75,7.75,7.75,0.02,2.0
2017-01-11,8087,0.0,0.0,0.0,0.0,0.0,0.0,0.0,0.0
2017-01-12,8087,2003.0,14962.0,7.47,7.47,7.47,7.47,-0.28,2.0
2017-01-13,8087,0.0,0.0,0.0,0.0,0.0,0.0,0.0,0.0
2017-01-16,8087,0.0,0.0,0.0,0.0,0.0,0.0,0.0,0.0
2017-01-17,8087,26596.0,197599.0,7.46,7.5,7.33,7.5,0.03,12.0
2017-01-18,8087,22411.0,166478.0,7.46,7.46,7.4,7.42,-0.08,11.0
2017-01-19,8087,18000.0,133480.0,7.42,7.62,7.4,7.62,0.2,5.0
2017-01-20,8087,34000.0,253700.0,7.51,7.56,7.41,7.56,-0.06,11.0
2017-01-23,8087,18002.0,133964.0,7.46,7.59,7.4,7.59,0.03,8.0
2017-01-24,8087,22000.0,163560.0,7.45,7.48,7.4,7.48,-0.11,7.0
2017-02-02,8087,92000.0,681640.0,7.45,7.45,7.4,7.4,-0.08,15.0
2017-02-03,8087,20000.0,149030.0,7.4,7.61,7.4,7.61,0.21,9.0
2017-02-06,8087,53000.0,399660.0,7.56,7.72,7.51,7.53,-0.08,17.0
2017-02-07,8087,83000.0,645130.0,7.73,7.9,7.6,7.82,0.29,31.0
2017-02-08,8087,88000.0,674500.0,7.77,7.77,7.61,7.67,-0.15,27.0
2017-02-09,8087,410913.0,3463996.0,8.43,8.43,8.43,8.43,0.76,116.0
2017-02-10,8087,542394.0,4610554.0,8.43,8.85,8.23,8.43,0.0,200.0
2017-02-13,8087,190005.0,1594211.0,8.44,8.47,8.32,8.39,-0.04,43.0
2017-02-14,8087,317161.0,2841717.0,8.41,9.22,8.41,8.63,0.24,117.0
2017-02-15,8087,210333.0,1839093.0,8.44,9.05,8.44,8.61,-0.02,75.0
2017-02-16,8087,99780.0,873629.0,8.42,9.15,8.42,8.66,0.05,50.0
2017-02-17,8087,43001.0,372328.0,8.61,8.82,8.61,8.61,-0.05,22.0
2017-02-18,8087,17780.0,153141.0,8.61,8.73,8.56,8.56,-0.05,17.0
2017-02-20,8087,8005.0,68500.0,8.58,8.65,8.39,8.56,0.0,13.0
2017-02-21,8087,17002.0,142586.0,8.5,8.5,8.33,8.49,-0.07,15.0
2017-02-22,8087,8025.0,67270.0,8.4,8.47,8.32,8.47,-0.02,20.0
2017-02-23,8087,24126.0,205009.0,8.25,8.64,8.25,8.64,0.17,20.0
2017-02-24,8087,13013.0,109714.0,8.56,8.56,8.4,8.4,-0.24,21.0
2017-03-01,8087,0.0,0.0,0.0,0.0,0.0,0.0,0.0,0.0
2017-03-02,8087,51890.0,431889.0,8.14,8.64,8.14,8.53,-0.02,46.0
2017-03-03,8087,46005.0,381811.0,8.36,8.49,8.24,8.49,-0.04,17.0
2017-03-06,8087,2006.0,16898.0,8.44,8.44,8.41,8.41,-0.08,8.0
2017-03-07,8087,3006.0,25259.0,8.4,8.41,8.4,8.41,0.0,7.0
2017-03-08,8087,23007.0,195279.0,8.31,8.86,8.31,8.86,0.45,23.0
2017-03-09,8087,48006.0,410460.0,8.89,8.89,8.41,8.74,-0.12,26.0
2017-03-10,8087,19444.0,169447.0,8.41,9.0,8.41,8.8,0.06,20.0
2017-03-13,8087,18002.0,155256.0,8.72,8.72,8.51,8.51,-0.29,17.0
2017-03-14,8087,27079.0,231821.0,8.67,8.79,8.51,8.51,0.0,13.0
2017-03-15,8087,32000.0,276140.0,8.68,8.79,8.52,8.62,0.11,13.0
2017-03-16,8087,15000.0,129130.0,8.62,8.62,8.6,8.6,-0.02,5.0
2017-03-17,8087,2007.0,17630.0,8.87,8.87,8.7,8.7,0.1,3.0
2017-03-20,8087,18001.0,159699.0,8.9,9.0,8.7,8.7,0.0,12.0
2017-03-21,8087,4780.0,41908.0,8.71,8.89,8.71,8.8,0.1,5.0
2017-03-22,8087,0.0,0.0,0.0,0.0,0.0,0.0,0.0,0.0
2017-03-23,8087,7006.0,62789.0,8.9,9.2,8.88,8.9,0.02,12.0
2017-03-24,8087,4001.0,35349.0,8.8,8.94,8.8,8.94,0.04,3.0
2017-03-27,8087,15020.0,134150.0,8.9,9.05,8.85,9.05,0.11,31.0
2017-03-28,8087,13016.0,116884.0,8.95,9.0,8.85,9.0,-0.05,13.0
2017-03-29,8087,39451.0,351873.0,8.91,9.17,8.9,8.9,-0.1,12.0
2017-03-30,8087,69683.0,619723.0,8.95,8.95,8.8,8.8,-0.1,15.0
2017-03-31,8087,46780.0,421670.0,9.19,9.29,8.91,9.15,0.35,22.0
2017-04-05,8087,55012.0,495298.0,9.15,9.15,9.0,9.0,-0.15,25.0
2017-04-06,8087,60004.0,540036.0,9.0,9.0,9.0,9.0,0.0,15.0
2017-04-07,8087,39336.0,353399.0,9.0,9.1,8.71,9.1,0.1,14.0
2017-04-10,8087,7006.0,62904.0,9.0,9.0,8.95,8.95,-0.15,9.0
2017-04-11,8087,0.0,0.0,0.0,0.0,0.0,0.0,0.0,0.0
2017-04-12,8087,0.0,0.0,0.0,0.0,0.0,0.0,0.0,0.0
2017-04-13,8087,340.0,2787.0,0.0,0.0,0.0,0.0,0.0,3.0
2017-04-14,8087,1.0,9.0,0.0,0.0,0.0,0.0,0.0,1.0
2017-04-17,8087,0.0,0.0,0.0,0.0,0.0,0.0,0.0,0.0
2017-04-18,8087,0.0,0.0,0.0,0.0,0.0,0.0,0.0,0.0
2017-04-19,8087,2008.0,18160.0,9.09,9.09,9.0,9.0,-0.06,3.0
2017-04-20,8087,3.0,24.0,0.0,0.0,0.0,0.0,0.0,3.0
2017-04-21,8087,2220.0,19990.0,9.01,9.01,9.0,9.0,0.0,6.0
2017-04-24,8087,1000.0,8990.0,8.99,8.99,8.99,8.99,-0.01,1.0
2017-04-25,8087,140.0,1135.0,0.0,0.0,0.0,0.0,0.0,1.0
2017-04-26,8087,2000.0,17800.0,8.9,8.9,8.9,8.9,-0.09,1.0
2017-04-27,8087,6679.0,57975.0,8.66,8.94,8.45,8.94,0.04,6.0
2017-04-28,8087,24000.0,204500.0,8.5,8.95,8.5,8.95,0.01,16.0
2017-05-02,8087,45001.0,384038.0,8.5,8.85,8.35,8.85,-0.1,27.0
2017-05-03,8087,23780.0,200590.0,8.41,8.68,8.4,8.65,-0.2,11.0
2017-05-04,8087,13445.0,113128.0,8.41,8.58,8.4,8.58,-0.07,5.0
2017-05-05,8087,15084.0,131461.0,8.54,8.8,8.54,8.76,0.18,9.0
2017-05-08,8087,18139.0,152841.0,8.53,8.71,8.35,8.71,-0.05,10.0
2017-05-09,8087,33000.0,276460.0,8.36,8.64,8.36,8.55,-0.16,10.0
2017-05-10,8087,13000.0,110160.0,8.4,8.53,8.36,8.53,-0.02,8.0
2017-05-11,8087,11000.0,93520.0,8.44,8.68,8.44,8.68,0.15,7.0
2017-05-12,8087,3027.0,26099.0,8.68,8.68,8.52,8.67,-0.01,4.0
2017-05-15,8087,4001.0,34288.0,8.67,8.67,8.46,8.65,-0.02,5.0
2017-05-16,8087,2000.0,17140.0,8.5,8.64,8.5,8.64,-0.01,2.0
2017-05-17,8087,11000.0,92890.0,8.41,8.64,8.4,8.64,0.0,6.0
2017-05-18,8087,11000.0,91590.0,8.3,8.59,8.3,8.59,-0.05,2.0
2017-05-19,8087,0.0,0.0,0.0,0.0,0.0,0.0,0.0,0.0
2017-05-22,8087,6000.0,51350.0,8.59,8.59,8.4,8.59,0.0,4.0
2017-05-23,8087,30000.0,253390.0,8.36,8.56,8.35,8.56,-0.03,7.0
2017-05-24,8087,24000.0,205370.0,8.54,8.6,8.5,8.6,0.04,11.0
2017-05-25,8087,0.0,0.0,0.0,0.0,0.0,0.0,0.0,0.0
2017-05-26,8087,10000.0,87770.0,8.65,8.8,8.65,8.78,0.18,5.0
2017-05-31,8087,23000.0,201980.0,8.75,8.8,8.75,8.79,0.01,8.0
2017-06-01,8087,5000.0,43940.0,8.78,8.79,8.78,8.79,0.0,3.0
2017-06-02,8087,0.0,0.0,0.0,0.0,0.0,0.0,0.0,0.0
2017-06-03,8087,1000.0,8700.0,8.7,8.7,8.7,8.7,-0.09,1.0
2017-06-05,8087,0.0,0.0,0.0,0.0,0.0,0.0,0.0,0.0
2017-06-06,8087,10000.0,86990.0,8.7,8.85,8.66,8.85,0.15,5.0
2017-06-07,8087,3000.0,26400.0,8.8,8.8,8.8,8.8,-0.05,2.0
2017-06-08,8087,7671.0,65520.0,8.49,8.77,8.49,8.77,-0.03,8.0
2017-06-09,8087,0.0,0.0,0.0,0.0,0.0,0.0,0.0,0.0
2017-06-12,8087,11000.0,94280.0,8.6,8.68,8.5,8.68,-0.07,4.0
2017-06-13,8087,5000.0,43500.0,8.7,8.7,8.7,8.7,0.02,3.0
2017-06-14,8087,2000.0,17200.0,8.52,8.68,8.52,8.68,-0.02,2.0
2017-06-15,8087,0.0,0.0,0.0,0.0,0.0,0.0,0.0,0.0
2017-06-16,8087,9000.0,76860.0,8.52,8.76,8.5,8.76,0.08,7.0
2017-06-19,8087,13.0,102.0,0.0,0.0,0.0,0.0,0.0,1.0
2017-06-20,8087,3000.0,26440.0,8.84,8.84,8.8,8.8,0.07,2.0
2017-06-21,8087,0.0,0.0,0.0,0.0,0.0,0.0,0.0,0.0
2017-06-22,8087,2286.0,19867.0,8.6,8.78,8.6,8.78,-0.02,5.0
2017-06-23,8087,3000.0,26030.0,8.75,8.75,8.53,8.75,-0.03,3.0
2017-06-26,8087,0.0,0.0,0.0,0.0,0.0,0.0,0.0,0.0
2017-06-27,8087,5000.0,42550.0,8.51,8.51,8.51,8.51,-0.21,3.0
2017-06-28,8087,5000.0,42500.0,8.5,8.5,8.5,8.5,-0.01,2.0
2017-06-29,8087,2000.0,17240.0,8.62,8.62,8.62,8.62,0.12,2.0
2017-06-30,8087,1.0,8.0,0.0,0.0,0.0,0.0,0.0,1.0
2017-07-03,8087,0.0,0.0,0.0,0.0,0.0,0.0,0.0,0.0
2017-07-04,8087,0.0,0.0,0.0,0.0,0.0,0.0,0.0,0.0
2017-07-05,8087,37000.0,325270.0,8.65,8.88,8.65,8.88,0.28,17.0
2017-07-06,8087,8000.0,69810.0,8.87,8.87,8.4,8.8,-0.08,7.0
2017-07-07,8087,33000.0,279080.0,8.75,8.75,8.26,8.4,-0.4,14.0
2017-07-10,8087,25001.0,208818.0,8.39,8.5,8.16,8.4,0.0,18.0
2017-07-11,8087,9999.0,84221.0,8.39,8.66,8.39,8.66,0.26,10.0
2017-07-12,8087,49000.0,420960.0,8.65,8.85,8.45,8.66,0.0,19.0
2017-07-13,8087,0.0,0.0,0.0,0.0,0.0,0.0,0.0,0.0
2017-07-14,8087,21231.0,186339.0,8.62,8.83,8.62,8.83,0.17,9.0
2017-07-17,8087,9000.0,80310.0,8.83,8.98,8.83,8.97,0.14,5.0
2017-07-18,8087,2000.0,17800.0,8.9,8.9,8.9,8.9,-0.07,1.0
2017-07-19,8087,5000.0,44500.0,8.9,8.9,8.9,8.9,0.0,3.0
2017-07-20,8087,15340.0,134111.0,8.8,8.86,8.7,8.86,-0.04,10.0
2017-07-21,8087,122.0,1055.0,0.0,0.0,0.0,0.0,0.0,1.0
2017-07-24,8087,0.0,0.0,0.0,0.0,0.0,0.0,0.0,0.0
2017-07-25,8087,3000.0,26000.0,8.6,8.8,8.6,8.8,0.03,3.0
2017-07-26,8087,26000.0,233050.0,8.89,9.2,8.6,8.6,-0.2,4.0
2017-07-27,8087,83000.0,751180.0,8.8,9.2,8.8,9.0,0.4,45.0
2017-07-28,8087,17000.0,152830.0,9.0,9.0,8.97,8.97,-0.03,10.0
2017-07-31,8087,19462.0,176398.0,8.96,9.19,8.9,9.14,0.17,16.0
2017-08-01,8087,44110.0,396410.0,8.91,9.0,8.9,9.0,-0.14,16.0
2017-08-02,8087,15000.0,134730.0,9.14,9.14,8.9,9.0,0.0,10.0
2017-08-03,8087,16000.0,144000.0,9.0,9.01,8.97,8.98,-0.02,7.0
2017-08-04,8087,3001.0,26908.0,8.98,8.99,8.93,8.93,-0.05,4.0
2017-08-07,8087,61000.0,549140.0,9.0,9.09,8.91,9.09,0.16,19.0
2017-08-08,8087,248035.0,2379612.0,9.01,9.98,9.01,9.58,0.49,106.0
2017-08-09,8087,374005.0,3707380.0,9.5,10.35,9.5,10.0,0.42,127.0
2017-08-10,8087,150325.0,1514804.0,10.2,10.4,9.9,10.0,0.0,75.0
2017-08-11,8087,91001.0,904959.0,10.0,10.1,9.68,9.8,-0.2,42.0
2017-08-14,8087,147000.0,1453350.0,10.1,10.1,9.7,9.71,-0.09,63.0
2017-08-15,8087,16000.0,156710.0,9.54,9.97,9.54,9.73,0.02,11.0
2017-08-16,8087,60000.0,586520.0,9.75,9.97,9.75,9.75,0.02,29.0
2017-08-17,8087,33000.0,321170.0,9.73,9.93,9.64,9.91,0.16,17.0
2017-08-18,8087,44000.0,429820.0,9.79,9.96,9.71,9.9,-0.01,20.0
2017-08-21,8087,66001.0,652419.0,9.9,10.0,9.82,9.82,-0.08,27.0
2017-08-22,8087,26000.0,252360.0,9.8,9.89,9.6,9.76,-0.06,21.0
2017-08-23,8087,28000.0,273070.0,9.74,9.99,9.71,9.99,0.23,21.0
2017-08-24,8087,36001.0,356639.0,9.91,10.15,9.85,9.91,-0.08,22.0
2017-08-25,8087,27000.0,264150.0,9.8,9.89,9.76,9.89,-0.02,19.0
2017-08-28,8087,16000.0,157230.0,9.8,9.9,9.8,9.89,0.0,12.0
2017-08-29,8087,158001.0,1478700.0,9.79,10.25,9.63,10.25,0.36,50.0
2017-08-30,8087,50000.0,494320.0,10.2,10.2,9.8,9.84,-0.41,26.0
2017-08-31,8087,23110.0,226152.0,9.8,9.8,9.76,9.77,-0.07,16.0
2017-09-01,8087,55000.0,538760.0,9.8,9.81,9.78,9.81,0.04,23.0
2017-09-04,8087,41000.0,398510.0,9.75,9.81,9.66,9.74,-0.07,20.0
2017-09-05,8087,13000.0,127680.0,9.95,9.95,9.7,9.88,0.14,10.0
2017-09-06,8087,1000.0,9870.0,9.87,9.87,9.87,9.87,-0.01,1.0
2017-09-07,8087,28001.0,274209.0,9.72,9.9,9.7,9.85,-0.02,16.0
2017-09-08,8087,25000.0,243020.0,9.85,9.85,9.7,9.8,-0.05,13.0
2017-09-11,8087,16000.0,154610.0,9.65,9.8,9.6,9.8,0.0,11.0
2017-09-12,8087,7000.0,67580.0,9.64,9.8,9.61,9.8,0.0,7.0
2017-09-13,8087,12002.0,116319.0,9.7,9.7,9.68,9.7,-0.1,8.0
2017-09-14,8087,9900.0,95886.0,9.67,9.79,9.67,9.7,0.0,6.0
2017-09-15,8087,20295.0,196832.0,9.7,9.7,9.7,9.7,0.0,10.0
2017-09-18,8087,22001.0,213419.0,9.7,9.79,9.66,9.7,0.0,12.0
2017-09-19,8087,10025.0,97759.0,9.79,9.8,9.67,9.8,0.1,12.0
2017-09-20,8087,32000.0,311060.0,9.79,9.79,9.65,9.7,-0.1,18.0
2017-09-21,8087,22000.0,213230.0,9.7,9.7,9.68,9.69,-0.01,11.0
2017-09-22,8087,10780.0,104029.0,9.66,9.69,9.65,9.69,0.0,11.0
2017-09-25,8087,29001.0,274059.0,9.69,9.75,9.2,9.75,0.06,20.0
2017-09-26,8087,8671.0,83257.0,9.7,9.7,9.46,9.6,-0.15,7.0
2017-09-27,8087,117000.0,1123220.0,9.6,9.61,9.6,9.6,0.0,11.0
2017-09-28,8087,214513.0,2123182.0,9.7,10.05,9.7,10.0,0.4,62.0
2017-09-29,8087,507505.0,5340635.0,10.0,11.0,9.98,11.0,1.0,163.0
2017-09-30,8087,629023.0,7429668.0,11.5,12.1,11.5,12.0,1.0,299.0
2017-10-02,8087,308226.0,3698456.0,12.2,12.3,11.65,12.3,0.3,133.0
2017-10-03,8087,842540.0,11077287.0,12.3,13.5,12.3,13.5,1.2,338.0
2017-10-05,8087,416394.0,5573360.0,13.8,13.8,13.0,13.3,-0.2,240.0
2017-10-06,8087,275728.0,3726695.0,13.7,13.8,13.25,13.5,0.2,156.0
2017-10-11,8087,1397977.0,20579404.0,13.5,14.85,13.5,14.85,1.35,846.0
2017-10-12,8087,1838333.0,28535656.0,16.3,16.3,14.85,15.1,0.25,1226.0
2017-10-13,8087,718136.0,10424133.0,15.1,15.1,14.05,14.75,-0.35,434.0
2017-10-16,8087,615909.0,8779259.0,14.7,14.7,14.0,14.3,-0.45,379.0
2017-10-17,8087,391000.0,5269498.0,14.3,14.3,13.1,13.4,-0.9,269.0
2017-10-18,8087,519784.0,6612988.0,13.4,13.4,12.45,12.7,-0.7,345.0
2017-10-19,8087,293174.0,3777929.0,12.7,13.5,12.3,13.2,0.5,206.0
2017-10-20,8087,191442.0,2453541.0,13.15,13.15,12.7,12.9,-0.3,122.0
2017-10-23,8087,276562.0,3410055.0,12.6,12.75,12.15,12.2,-0.7,145.0
2017-10-24,8087,520450.0,5937000.0,11.7,12.2,11.0,12.2,0.0,305.0
2017-10-25,8087,245700.0,2856514.0,11.45,11.9,11.4,11.45,-0.75,118.0
2017-10-26,8087,141000.0,1649650.0,11.45,12.15,11.35,11.9,0.45,89.0
2017-10-27,8087,154760.0,1820425.0,11.55,12.1,11.55,11.9,0.0,94.0
2017-10-30,8087,97000.0,1109700.0,11.85,11.85,11.15,11.4,-0.5,52.0
2017-10-31,8087,319030.0,3429018.0,11.4,11.4,10.4,10.6,-0.8,168.0
2017-11-01,8087,121310.0,1268526.0,10.7,10.75,10.25,10.25,-0.35,84.0
2017-11-02,8087,125000.0,1284050.0,10.5,10.5,10.2,10.25,0.0,71.0
2017-11-03,8087,32000.0,327750.0,10.2,10.3,10.2,10.3,0.05,27.0
2017-11-06,8087,50890.0,516583.0,10.3,10.3,10.05,10.15,-0.15,26.0
2017-11-07,8087,60240.0,609136.0,10.1,10.35,10.05,10.15,0.0,44.0
2017-11-08,8087,96847.0,992901.0,10.2,10.8,10.05,10.6,0.45,55.0
2017-11-09,8087,87650.0,911530.0,10.45,10.65,10.15,10.3,-0.3,55.0
2017-11-10,8087,506160.0,5651108.0,10.4,11.3,10.3,11.3,1.0,225.0
2017-11-13,8087,285200.0,3051650.0,11.0,11.0,10.25,10.35,-0.95,166.0
2017-11-14,8087,136008.0,1402880.0,10.45,10.65,10.1,10.2,-0.15,83.0
2017-11-15,8087,184350.0,1834445.0,10.1,10.1,9.7,10.1,-0.1,81.0
2017-11-16,8087,49010.0,489608.0,10.0,10.2,9.87,10.05,-0.05,34.0
2017-11-17,8087,82000.0,811840.0,10.0,10.15,9.8,10.0,-0.05,41.0
2017-11-20,8087,54000.0,538290.0,10.15,10.15,9.83,9.94,-0.06,29.0
2017-11-21,8087,43000.0,426860.0,9.85,10.0,9.85,9.99,0.05,29.0
2017-11-22,8087,95665.0,946942.0,9.87,10.0,9.81,9.95,-0.04,52.0
2017-11-23,8087,58780.0,596729.0,9.97,10.3,9.97,10.2,0.25,36.0
2017-11-24,8087,71000.0,724450.0,10.15,10.4,10.1,10.3,0.1,46.0
2017-11-27,8087,81000.0,834600.0,10.4,10.55,10.25,10.5,0.2,40.0
2017-11-28,8087,41078.0,421503.0,10.3,10.4,10.15,10.4,-0.1,30.0
2017-11-29,8087,80401.0,834270.0,10.5,10.5,10.25,10.25,-0.15,34.0
2017-11-30,8087,46002.0,468670.0,10.4,10.4,10.1,10.25,0.0,31.0
2017-12-01,8087,98000.0,989400.0,10.2,10.3,10.0,10.2,-0.05,59.0
2017-12-04,8087,16000.0,161750.0,10.1,10.2,10.05,10.2,0.0,10.0
2017-12-05,8087,42100.0,420820.0,10.0,10.2,9.9,10.0,-0.2,28.0
2017-12-06,8087,37000.0,367170.0,10.1,10.25,9.82,9.85,-0.15,24.0
2017-12-07,8087,53000.0,519710.0,9.98,9.98,9.74,9.81,-0.04,39.0
2017-12-08,8087,20220.0,197994.0,9.81,9.94,9.7,9.86,0.05,20.0
2017-12-11,8087,55000.0,546660.0,9.86,10.05,9.86,9.98,0.12,40.0
2017-12-12,8087,28000.0,276520.0,9.89,10.0,9.8,9.94,-0.04,24.0
2017-12-13,8087,8000.0,78810.0,9.81,9.93,9.81,9.88,-0.06,6.0
2017-12-14,8087,37001.0,363709.0,9.89,9.95,9.8,9.8,-0.08,25.0
2017-12-15,8087,25000.0,244910.0,9.84,9.84,9.75,9.75,-0.05,21.0
2017-12-18,8087,70000.0,677200.0,9.7,9.75,9.64,9.64,-0.11,38.0
2017-12-19,8087,7000.0,67800.0,9.79,9.79,9.61,9.69,0.05,6.0
2017-12-20,8087,38000.0,371990.0,9.69,9.89,9.63,9.75,0.06,27.0
2017-12-21,8087,70000.0,687940.0,9.91,9.91,9.7,9.89,0.14,41.0
2017-12-22,8087,34000.0,333300.0,9.94,9.94,9.73,9.86,-0.03,21.0
2017-12-25,8087,76001.0,735359.0,9.94,9.94,9.61,9.66,-0.2,42.0
2017-12-26,8087,18000.0,173510.0,9.66,9.82,9.6,9.66,0.0,11.0
2017-12-27,8087,9000.0,86450.0,9.5,9.81,9.5,9.69,0.03,7.0
2017-12-28,8087,49000.0,467900.0,9.55,9.68,9.52,9.63,-0.06,29.0
2017-12-29,8087,65002.0,627818.0,9.6,9.99,9.51,9.76,0.13,40.0
2018-01-02,8087,6013.0,59084.0,9.88,9.88,9.56,9.56,-0.2,5.0
2018-01-03,8087,36000.0,348950.0,9.56,9.77,9.55,9.76,0.2,23.0
2018-01-04,8087,52000.0,498830.0,9.57,9.72,9.57,9.71,-0.05,17.0
2018-01-05,8087,89000.0,848960.0,9.77,9.77,9.51,9.51,-0.2,26.0
2018-01-08,8087,15000.0,143480.0,9.55,9.6,9.55,9.6,0.09,7.0
2018-01-09,8087,6004.0,57037.0,9.5,9.5,9.5,9.5,-0.1,6.0
2018-01-10,8087,29372.0,278973.0,9.5,9.51,9.5,9.5,0.0,13.0
2018-01-11,8087,2000.0,18980.0,9.38,9.6,9.38,9.6,0.1,2.0
2018-01-12,8087,28000.0,267720.0,9.55,9.7,9.49,9.6,0.0,12.0
2018-01-15,8087,42002.0,402598.0,9.56,9.7,9.55,9.67,0.07,14.0
2018-01-16,8087,27226.0,263219.0,9.6,9.69,9.6,9.69,0.02,12.0
2018-01-17,8087,35000.0,338560.0,9.69,9.77,9.65,9.7,0.01,15.0
2018-01-18,8087,31891.0,310202.0,9.77,9.77,9.72,9.72,0.02,16.0
2018-01-19,8087,46000.0,443380.0,9.7,9.72,9.6,9.63,-0.09,19.0
2018-01-22,8087,35890.0,347153.0,9.7,9.7,9.65,9.65,0.02,17.0
2018-01-23,8087,18000.0,172350.0,9.59,9.69,9.54,9.57,-0.08,13.0
2018-01-24,8087,330956.0,3381768.0,9.7,10.5,9.7,10.5,0.93,147.0
2018-01-25,8087,1151459.0,13225008.0,11.45,11.55,11.05,11.55,1.05,432.0
2018-01-26,8087,626724.0,6895209.0,11.55,11.55,10.75,10.75,-0.8,336.0
2018-01-29,8087,204000.0,2168800.0,10.75,10.75,10.5,10.5,-0.25,99.0
2018-01-30,8087,118000.0,1259550.0,10.85,10.85,10.5,10.5,0.0,53.0
2018-01-31,8087,131010.0,1357353.0,10.8,10.8,10.15,10.35,-0.15,58.0
2018-02-01,8087,71001.0,740510.0,10.4,10.6,10.35,10.4,0.05,38.0
2018-02-02,8087,18200.0,189260.0,10.65,10.65,10.35,10.4,0.0,15.0
2018-02-05,8087,109002.0,1105120.0,10.3,10.3,10.0,10.0,-0.4,45.0
2018-02-06,8087,151011.0,1445086.0,9.95,9.95,9.12,9.7,-0.3,65.0
2018-02-07,8087,26000.0,246860.0,9.4,9.69,9.4,9.49,-0.21,17.0
2018-02-08,8087,49900.0,472799.0,9.45,9.81,9.36,9.58,0.09,29.0
2018-02-09,8087,31252.0,290120.0,9.02,9.91,9.02,9.35,-0.23,29.0
2018-02-12,8087,72002.0,673668.0,9.29,9.7,9.29,9.44,0.09,37.0
2018-02-21,8087,55000.0,519830.0,9.45,9.63,9.39,9.5,0.06,27.0
2018-02-22,8087,28220.0,266531.0,9.41,9.69,9.35,9.69,0.19,21.0
2018-02-23,8087,74001.0,707179.0,9.67,9.67,9.42,9.5,-0.19,40.0
2018-02-26,8087,60100.0,570462.0,9.5,9.59,9.46,9.5,0.0,38.0
2018-02-27,8087,30004.0,285276.0,9.5,9.6,9.48,9.58,0.08,17.0
2018-03-01,8087,20000.0,189990.0,9.5,9.53,9.46,9.5,-0.08,11.0
2018-03-02,8087,23641.0,224589.0,9.5,9.5,9.5,9.5,0.0,7.0
2018-03-05,8087,21000.0,201460.0,9.59,9.67,9.55,9.55,0.05,7.0
2018-03-06,8087,36004.0,345676.0,9.6,9.64,9.58,9.58,0.03,25.0
2018-03-07,8087,80250.0,779542.0,9.8,9.9,9.62,9.63,0.05,31.0
2018-03-08,8087,56001.0,549649.0,9.64,9.9,9.64,9.78,0.15,29.0
2018-03-09,8087,56000.0,539960.0,9.7,9.75,9.58,9.65,-0.13,20.0
2018-03-12,8087,23001.0,221279.0,9.69,9.7,9.57,9.57,-0.08,17.0
2018-03-13,8087,22450.0,217999.0,9.57,9.75,9.57,9.67,0.1,14.0
2018-03-14,8087,85000.0,848330.0,9.7,10.2,9.68,9.85,0.18,43.0
2018-03-15,8087,53001.0,526549.0,9.9,10.05,9.88,9.9,0.05,24.0
2018-03-16,8087,39000.0,387500.0,9.91,10.0,9.91,9.93,0.03,13.0
2018-03-19,8087,36001.0,357399.0,9.93,9.96,9.92,9.92,-0.01,24.0
2018-03-20,8087,211397.0,2124209.0,9.9,10.3,9.7,10.2,0.28,91.0
2018-03-21,8087,494805.0,5399165.0,10.25,11.2,10.2,11.2,1.0,232.0
2018-03-22,8087,363426.0,3954379.0,11.1,11.1,10.5,10.5,-0.7,214.0
2018-03-23,8087,105001.0,1071710.0,10.1,10.45,10.1,10.2,-0.3,59.0
2018-03-26,8087,67001.0,701260.0,10.25,10.6,10.25,10.6,0.4,44.0
2018-03-27,8087,91001.0,969210.0,10.8,10.8,10.45,10.65,0.05,47.0
2018-03-28,8087,52000.0,550400.0,10.6,10.9,10.45,10.6,-0.05,38.0
2018-03-29,8087,26000.0,271750.0,10.4,10.7,10.35,10.45,-0.15,20.0
2018-03-30,8087,41000.0,438050.0,10.4,10.85,10.4,10.85,0.4,29.0
2018-03-31,8087,24000.0,255000.0,10.85,10.85,10.5,10.5,-0.35,17.0
2018-04-02,8087,28001.0,291260.0,10.65,10.65,10.25,10.25,-0.25,19.0
2018-04-03,8087,89000.0,945800.0,10.3,10.8,10.3,10.5,0.25,49.0
2018-04-09,8087,52000.0,536750.0,10.35,10.6,10.15,10.2,-0.3,25.0
2018-04-10,8087,35001.0,355259.0,10.25,10.25,10.05,10.05,-0.15,19.0
2018-04-11,8087,60000.0,594610.0,10.05,10.05,9.8,9.85,-0.2,34.0
2018-04-12,8087,17000.0,167380.0,9.86,9.86,9.84,9.84,-0.01,11.0
2018-04-13,8087,17900.0,176600.0,9.94,10.0,9.8,9.98,0.14,16.0
2018-04-16,8087,25004.0,248000.0,10.0,10.0,9.85,10.0,0.02,19.0
2018-04-17,8087,54176.0,532429.0,10.3,10.3,9.64,9.66,-0.34,39.0
2018-04-18,8087,24000.0,236030.0,9.92,9.95,9.75,9.92,0.26,18.0
2018-04-19,8087,0.0,0.0,0.0,0.0,0.0,0.0,0.0,0.0
2018-04-20,8087,38002.0,371519.0,9.5,10.05,9.5,9.83,-0.04,22.0
2018-04-23,8087,16780.0,164417.0,9.67,9.83,9.67,9.73,-0.1,10.0
2018-04-24,8087,16000.0,155840.0,9.75,9.8,9.69,9.69,-0.04,7.0
2018-04-25,8087,7001.0,67659.0,9.62,9.7,9.62,9.7,0.01,6.0
2018-04-26,8087,23000.0,226850.0,9.71,9.98,9.62,9.74,0.04,16.0
2018-04-27,8087,19000.0,186010.0,9.79,10.15,9.71,9.71,-0.03,13.0
2018-04-30,8087,12000.0,115270.0,9.6,9.62,9.6,9.61,-0.1,7.0
2018-05-02,8087,5000.0,48040.0,9.57,9.62,9.57,9.62,0.01,4.0
2018-05-03,8087,12000.0,115600.0,9.62,9.75,9.62,9.62,0.0,6.0
2018-05-04,8087,17000.0,163970.0,9.62,9.78,9.62,9.78,0.16,10.0
2018-05-07,8087,4000.0,38730.0,9.63,9.8,9.63,9.8,0.02,4.0
2018-05-08,8087,36002.0,346938.0,9.75,9.75,9.61,9.74,-0.06,21.0
2018-05-09,8087,16000.0,155540.0,9.73,9.73,9.69,9.69,-0.05,8.0
2018-05-10,8087,41000.0,396970.0,9.69,9.69,9.63,9.63,-0.06,11.0
2018-05-11,8087,13430.0,129196.0,9.59,9.79,9.59,9.61,-0.02,11.0
2018-05-14,8087,76003.0,760639.0,9.8,10.25,9.8,10.0,0.39,52.0
2018-05-15,8087,34000.0,335270.0,9.89,9.9,9.83,9.84,-0.16,18.0
2018-05-16,8087,24000.0,235310.0,9.84,9.9,9.76,9.76,-0.08,13.0
2018-05-17,8087,21000.0,205070.0,9.84,9.85,9.73,9.73,-0.03,13.0
2018-05-18,8087,44220.0,430346.0,9.73,9.78,9.73,9.73,0.0,18.0
2018-05-21,8087,6000.0,59030.0,9.85,9.9,9.73,9.73,0.0,4.0
2018-05-22,8087,1890.0,18482.0,9.85,9.85,9.85,9.85,0.12,3.0
2018-05-23,8087,10000.0,97550.0,9.7,9.89,9.61,9.85,0.0,5.0
2018-05-24,8087,4000.0,38750.0,9.63,9.84,9.63,9.84,-0.01,4.0
2018-05-25,8087,18000.0,172210.0,9.65,9.81,9.51,9.81,-0.03,8.0
2018-05-28,8087,65000.0,612760.0,9.77,9.77,9.17,9.62,-0.19,39.0
2018-05-29,8087,19000.0,177990.0,9.54,9.55,9.31,9.31,-0.31,15.0
2018-05-30,8087,33500.0,306660.0,9.02,9.48,9.02,9.47,0.16,27.0
2018-05-31,8087,60000.0,582430.0,9.28,9.9,9.27,9.85,0.38,37.0
2018-06-01,8087,19200.0,186498.0,9.83,9.88,9.61,9.61,-0.24,18.0
2018-06-04,8087,11000.0,107160.0,9.81,9.81,9.66,9.78,0.17,10.0
2018-06-05,8087,85001.0,853939.0,9.64,10.2,9.64,10.0,0.22,53.0
2018-06-06,8087,344006.0,3693360.0,10.2,11.0,10.1,10.8,0.8,173.0
2018-06-07,8087,182111.0,1908737.0,10.5,10.8,10.25,10.35,-0.45,101.0
2018-06-08,8087,97150.0,1005960.0,10.5,10.6,10.1,10.6,0.25,62.0
2018-06-11,8087,54200.0,562549.0,10.8,10.8,10.25,10.45,-0.15,37.0
2018-06-12,8087,100780.0,1053250.0,10.55,10.6,10.25,10.25,-0.2,49.0
2018-06-13,8087,49032.0,496971.0,10.3,10.45,10.05,10.2,-0.05,28.0
2018-06-14,8087,12670.0,128739.0,10.15,10.35,10.1,10.1,-0.1,11.0
2018-06-15,8087,41670.0,418272.0,10.0,10.2,10.0,10.0,-0.1,30.0
2018-06-19,8087,6000.0,60500.0,10.15,10.15,9.95,9.95,-0.05,5.0
2018-06-20,8087,24000.0,236020.0,9.95,9.95,9.81,9.83,-0.12,16.0
2018-06-21,8087,17000.0,167190.0,9.83,9.84,9.83,9.83,0.0,11.0
2018-06-22,8087,15000.0,147260.0,9.82,9.82,9.81,9.81,-0.02,6.0
2018-06-25,8087,42000.0,413110.0,9.87,9.87,9.81,9.81,0.0,14.0
2018-06-26,8087,58000.0,580570.0,9.83,10.2,9.83,9.92,0.11,25.0
2018-06-27,8087,57033.0,580804.0,10.1,10.35,9.99,10.3,0.38,35.0
2018-06-28,8087,70000.0,725900.0,10.1,10.45,10.1,10.3,0.0,46.0
2018-06-29,8087,48033.0,490036.0,10.45,10.45,10.05,10.4,0.1,27.0
2018-07-02,8087,37333.0,381129.0,10.4,10.4,10.0,10.25,-0.15,27.0
2018-07-03,8087,27033.0,268168.0,10.0,10.0,9.86,9.86,-0.39,16.0
2018-07-04,8087,5000.0,49180.0,9.84,9.84,9.83,9.83,-0.03,4.0
2018-07-05,8087,24001.0,234259.0,9.78,9.82,9.74,9.75,-0.08,17.0
2018-07-06,8087,5000.0,48600.0,9.72,9.72,9.72,9.72,-0.03,4.0
2018-07-09,8087,13010.0,129147.0,9.68,10.2,9.68,9.76,0.04,9.0
2018-07-10,8087,9002.0,88738.0,9.99,10.0,9.8,9.9,0.14,9.0
2018-07-11,8087,19000.0,189140.0,9.75,10.1,9.75,10.0,0.1,11.0
2018-07-12,8087,1000.0,10050.0,10.05,10.05,10.05,10.05,0.05,1.0
2018-07-13,8087,5000.0,50750.0,10.3,10.3,10.05,10.05,0.0,4.0
2018-07-16,8087,5000.0,49390.0,9.89,10.05,9.81,10.05,0.0,4.0
2018-07-17,8087,11011.0,109288.0,10.05,10.05,9.9,9.9,-0.15,9.0
2018-07-18,8087,4001.0,39809.0,9.9,10.1,9.9,10.1,0.2,5.0
2018-07-19,8087,5010.0,49708.0,10.0,10.0,9.9,9.9,-0.2,5.0
2018-07-20,8087,11020.0,109166.0,9.9,9.91,9.9,9.9,0.0,12.0
2018-07-23,8087,7001.0,69459.0,9.9,10.05,9.9,10.05,0.15,6.0
2018-07-24,8087,0.0,0.0,0.0,0.0,0.0,0.0,0.0,0.0
2018-07-25,8087,7000.0,68930.0,9.9,9.9,9.81,9.85,-0.15,5.0
2018-07-26,8087,6000.0,59130.0,9.85,9.88,9.85,9.85,0.0,5.0
2018-07-27,8087,11000.0,108250.0,9.85,9.85,9.83,9.83,-0.02,10.0
2018-07-30,8087,21000.0,205980.0,9.83,9.97,9.76,9.94,0.11,15.0
2018-07-31,8087,63674.0,616348.0,9.85,9.9,9.66,9.67,-0.27,28.0
2018-08-01,8087,4000.0,38710.0,9.68,9.68,9.67,9.67,0.0,4.0
2018-08-02,8087,14000.0,138880.0,9.98,9.98,9.7,9.88,0.21,8.0
2018-08-03,8087,7000.0,68870.0,9.81,9.85,9.81,9.85,-0.03,3.0
2018-08-06,8087,0.0,0.0,0.0,0.0,0.0,0.0,0.0,0.0
2018-08-07,8087,3000.0,29210.0,9.68,9.84,9.68,9.69,-0.16,3.0
2018-08-08,8087,12000.0,116210.0,9.76,9.76,9.66,9.66,-0.03,4.0
2018-08-09,8087,3099.0,29927.0,9.65,9.66,9.65,9.66,0.0,4.0
2018-08-10,8087,14000.0,134740.0,9.62,9.63,9.62,9.62,-0.04,11.0
2018-08-13,8087,15000.0,141750.0,9.59,9.59,9.35,9.57,-0.05,10.0
2018-08-14,8087,8000.0,74350.0,9.38,9.38,9.21,9.27,-0.3,6.0
2018-08-15,8087,10001.0,92359.0,9.25,9.44,9.2,9.44,0.17,7.0
2018-08-16,8087,0.0,0.0,0.0,0.0,0.0,0.0,0.0,0.0
2018-08-17,8087,26000.0,240080.0,9.43,9.44,9.18,9.42,-0.02,14.0
2018-08-20,8087,52000.0,472760.0,9.21,9.21,9.0,9.05,-0.37,29.0
2018-08-21,8087,6000.0,53710.0,8.91,9.16,8.91,8.91,-0.14,5.0
2018-08-22,8087,11002.0,98856.0,9.17,9.17,8.85,8.85,-0.06,10.0
2018-08-23,8087,100.0,788.0,0.0,0.0,0.0,0.0,0.0,1.0
2018-08-24,8087,0.0,0.0,0.0,0.0,0.0,0.0,0.0,0.0
2018-08-27,8087,2334.0,21186.0,9.0,9.18,9.0,9.18,0.17,4.0
2018-08-28,8087,4050.0,37255.0,9.38,9.38,9.05,9.31,0.13,5.0
2018-08-29,8087,0.0,0.0,0.0,0.0,0.0,0.0,0.0,0.0
2018-08-30,8087,0.0,0.0,0.0,0.0,0.0,0.0,0.0,0.0
2018-08-31,8087,0.0,0.0,0.0,0.0,0.0,0.0,0.0,0.0
2018-09-03,8087,0.0,0.0,0.0,0.0,0.0,0.0,0.0,0.0
2018-09-04,8087,3001.0,27489.0,9.03,9.24,9.03,9.21,0.21,4.0
2018-09-05,8087,4000.0,36000.0,9.0,9.0,9.0,9.0,-0.21,4.0
2018-09-06,8087,11002.0,97826.0,8.9,8.9,8.86,8.9,-0.1,7.0
2018-09-07,8087,6004.0,54596.0,9.01,9.27,9.0,9.0,0.1,10.0
2018-09-10,8087,0.0,0.0,0.0,0.0,0.0,0.0,0.0,0.0
2018-09-11,8087,3000.0,26300.0,8.8,8.8,8.7,8.7,-0.07,3.0
2018-09-12,8087,2000.0,17580.0,8.79,8.79,8.79,8.79,0.09,2.0
2018-09-13,8087,14000.0,126090.0,8.67,9.48,8.67,9.31,0.52,8.0
2018-09-14,8087,3000.0,27610.0,9.3,9.3,9.01,9.01,-0.3,3.0
2018-09-17,8087,41.0,332.0,0.0,0.0,0.0,0.0,0.0,1.0
2018-09-18,8087,5000.0,44180.0,8.83,9.05,8.75,9.05,-0.12,5.0
2018-09-19,8087,1000.0,9050.0,9.05,9.05,9.05,9.05,0.0,1.0
2018-09-20,8087,8121.0,71640.0,8.81,8.85,8.81,8.81,-0.24,9.0
2018-09-21,8087,12000.0,104370.0,8.76,8.76,8.61,8.61,-0.2,8.0
2018-09-25,8087,7000.0,60220.0,8.61,8.61,8.6,8.6,-0.01,5.0
2018-09-26,8087,26000.0,224250.0,8.84,8.84,8.6,8.62,0.02,8.0
2018-09-27,8087,11000.0,94990.0,8.62,8.79,8.62,8.79,0.17,3.0
2018-09-28,8087,9000.0,78230.0,8.88,8.88,8.55,8.84,0.05,7.0
2018-10-01,8087,3670.0,31742.0,8.6,8.78,8.6,8.78,-0.06,3.0
2018-10-02,8087,0.0,0.0,0.0,0.0,0.0,0.0,0.0,0.0
2018-10-03,8087,6018.0,51800.0,8.61,8.61,8.6,8.6,-0.15,7.0
2018-10-04,8087,2000.0,17140.0,8.59,8.59,8.55,8.55,-0.05,2.0
2018-10-05,8087,43000.0,360230.0,8.41,8.43,8.2,8.43,-0.12,21.0
2018-10-08,8087,3000.0,25260.0,8.42,8.42,8.42,8.42,-0.01,2.0
2018-10-09,8087,114000.0,964710.0,8.42,8.71,8.4,8.41,-0.01,27.0
2018-10-11,8087,255040.0,1934535.0,7.66,7.92,7.57,7.57,-0.84,37.0
2018-10-12,8087,20012.0,148272.0,7.21,7.7,7.21,7.7,0.13,8.0
2018-10-15,8087,26005.0,198318.0,7.69,7.7,7.48,7.69,-0.01,9.0
2018-10-16,8087,21000.0,161550.0,7.69,7.85,7.56,7.85,0.16,8.0
2018-10-17,8087,17000.0,134320.0,7.99,7.99,7.85,7.85,0.0,12.0
2018-10-18,8087,4000.0,31380.0,7.83,7.85,7.83,7.85,0.0,3.0
2018-10-19,8087,4000.0,31290.0,7.86,7.86,7.81,7.81,-0.04,3.0
2018-10-22,8087,2000.0,15480.0,7.74,7.74,7.74,7.74,-0.07,1.0
2018-10-23,8087,5900.0,46340.0,7.53,8.0,7.53,8.0,0.26,6.0
2018-10-24,8087,9000.0,71040.0,8.0,8.0,7.81,7.81,-0.19,5.0
2018-10-25,8087,4000.0,30280.0,7.5,7.75,7.5,7.53,-0.28,4.0
2018-10-26,8087,3000.0,22450.0,7.5,7.5,7.45,7.45,-0.08,2.0
2018-10-29,8087,3000.0,21780.0,7.26,7.26,7.26,7.26,-0.19,2.0
2018-10-30,8087,2000.0,14100.0,7.05,7.05,7.05,7.05,-0.21,1.0
2018-10-31,8087,6150.0,43995.0,7.06,7.3,7.06,7.27,0.22,5.0
2018-11-01,8087,11456.0,81633.0,7.1,7.35,7.1,7.35,0.08,9.0
2018-11-02,8087,7000.0,51440.0,7.32,7.49,7.29,7.49,0.14,5.0
2018-11-05,8087,0.0,0.0,0.0,0.0,0.0,0.0,0.0,0.0
2018-11-06,8087,1000.0,7460.0,7.46,7.46,7.46,7.46,0.0,1.0
2018-11-07,8087,0.0,0.0,0.0,0.0,0.0,0.0,0.0,0.0
2018-11-08,8087,5201.0,38193.0,7.31,7.48,7.3,7.31,-0.15,6.0
2018-11-09,8087,0.0,0.0,0.0,0.0,0.0,0.0,0.0,0.0
2018-11-12,8087,1355.0,9855.0,7.25,7.25,7.25,7.25,-0.28,2.0
2018-11-13,8087,0.0,0.0,0.0,0.0,0.0,0.0,0.0,0.0
2018-11-14,8087,6000.0,43440.0,7.24,7.24,7.24,7.24,-0.01,3.0
2018-11-15,8087,2000.0,14550.0,7.15,7.4,7.15,7.4,0.16,2.0
2018-11-16,8087,1.0,7.0,0.0,0.0,0.0,0.0,0.0,1.0
2018-11-19,8087,0.0,0.0,0.0,0.0,0.0,0.0,0.0,0.0
2018-11-20,8087,0.0,0.0,0.0,0.0,0.0,0.0,0.0,0.0
2018-11-21,8087,0.0,0.0,0.0,0.0,0.0,0.0,0.0,0.0
2018-11-22,8087,2000.0,15160.0,7.58,7.58,7.58,7.58,0.18,2.0
2018-11-23,8087,0.0,0.0,0.0,0.0,0.0,0.0,0.0,0.0
2018-11-26,8087,1000.0,7810.0,7.81,7.81,7.81,7.81,0.26,1.0
2018-11-27,8087,10000.0,75840.0,7.62,7.62,7.51,7.51,-0.3,6.0
2018-11-28,8087,3000.0,22640.0,7.77,7.77,7.38,7.49,-0.02,3.0
2018-11-29,8087,0.0,0.0,0.0,0.0,0.0,0.0,0.0,0.0
2018-11-30,8087,4000.0,29960.0,7.49,7.49,7.49,7.49,0.0,4.0
2018-12-03,8087,6025.0,45595.0,7.64,7.64,7.51,7.51,0.02,7.0
2018-12-04,8087,0.0,0.0,0.0,0.0,0.0,0.0,0.0,0.0
2018-12-05,8087,1000.0,7600.0,7.6,7.6,7.6,7.6,0.09,1.0
2018-12-06,8087,25.0,209.0,0.0,0.0,0.0,0.0,0.0,1.0
2018-12-07,8087,6000.0,44450.0,7.42,7.42,7.4,7.41,-0.18,5.0
2018-12-10,8087,2000.0,15000.0,7.5,7.5,7.5,7.5,0.09,2.0
2018-12-11,8087,0.0,0.0,0.0,0.0,0.0,0.0,0.0,0.0
2018-12-12,8087,5000.0,38080.0,7.64,7.64,7.6,7.61,0.11,4.0
2018-12-13,8087,7000.0,53200.0,7.61,7.61,7.59,7.6,-0.01,4.0
2018-12-14,8087,2000.0,15260.0,7.56,7.7,7.56,7.7,0.1,2.0
2018-12-17,8087,2001.0,15407.0,7.7,7.7,7.7,7.7,0.0,3.0
2018-12-18,8087,0.0,0.0,0.0,0.0,0.0,0.0,0.0,0.0
2018-12-19,8087,0.0,0.0,0.0,0.0,0.0,0.0,0.0,0.0
2018-12-20,8087,0.0,0.0,0.0,0.0,0.0,0.0,0.0,0.0
2018-12-21,8087,2000.0,15160.0,7.46,7.7,7.46,7.7,-0.03,2.0
2018-12-22,8087,5001.0,37837.0,7.52,7.75,7.52,7.75,0.05,4.0
2018-12-24,8087,2000.0,15240.0,7.52,7.72,7.52,7.72,-0.03,2.0
2018-12-25,8087,3890.0,29506.0,7.7,7.71,7.51,7.51,-0.21,4.0
2018-12-26,8087,4000.0,30180.0,7.62,7.62,7.52,7.52,0.01,2.0
2018-12-27,8087,1000.0,7560.0,7.56,7.56,7.56,7.56,0.04,1.0
2018-12-28,8087,5000.0,38690.0,7.65,7.82,7.65,7.74,0.18,3.0
2019-01-02,8087,0.0,0.0,0.0,0.0,0.0,0.0,0.0,0.0
2019-01-03,8087,0.0,0.0,0.0,0.0,0.0,0.0,0.0,0.0
2019-01-04,8087,0.0,0.0,0.0,0.0,0.0,0.0,0.0,0.0
2019-01-07,8087,13000.0,98370.0,7.56,7.81,7.53,7.81,-0.04,7.0
2019-01-08,8087,0.0,0.0,0.0,0.0,0.0,0.0,0.0,0.0
2019-01-09,8087,9000.0,68850.0,7.65,7.65,7.65,7.65,-0.2,5.0
2019-01-10,8087,8000.0,61280.0,7.66,7.66,7.66,7.66,0.01,4.0
2019-01-11,8087,0.0,0.0,0.0,0.0,0.0,0.0,0.0,0.0
2019-01-14,8087,0.0,0.0,0.0,0.0,0.0,0.0,0.0,0.0
2019-01-15,8087,3000.0,22970.0,7.56,7.85,7.56,7.85,0.01,2.0
2019-01-16,8087,2001.0,15477.0,7.61,7.86,7.61,7.86,0.01,3.0
2019-01-17,8087,0.0,0.0,0.0,0.0,0.0,0.0,0.0,0.0
2019-01-18,8087,0.0,0.0,0.0,0.0,0.0,0.0,0.0,0.0
2019-01-21,8087,4670.0,36699.0,8.6,8.6,7.56,7.82,-0.11,4.0
2019-01-22,8087,560.0,3976.0,0.0,0.0,0.0,0.0,0.0,1.0
2019-01-23,8087,0.0,0.0,0.0,0.0,0.0,0.0,0.0,0.0
2019-01-24,8087,0.0,0.0,0.0,0.0,0.0,0.0,0.0,0.0
2019-01-25,8087,19010.0,140516.0,7.3,7.78,7.28,7.68,-0.23,14.0
2019-01-28,8087,5000.0,37910.0,7.45,7.67,7.45,7.67,-0.01,3.0
2019-01-29,8087,6000.0,45970.0,7.67,7.67,7.66,7.66,-0.01,3.0
2019-01-30,8087,1000.0,7510.0,7.51,7.51,7.51,7.51,-0.15,1.0
2019-02-11,8087,3005.0,23059.0,7.76,7.76,7.51,7.75,0.24,4.0
2019-02-12,8087,0.0,0.0,0.0,0.0,0.0,0.0,0.0,0.0
2019-02-13,8087,2000.0,15490.0,7.74,7.75,7.74,7.75,-0.07,2.0
2019-02-14,8087,0.0,0.0,0.0,0.0,0.0,0.0,0.0,0.0
2019-02-15,8087,0.0,0.0,0.0,0.0,0.0,0.0,0.0,0.0
2019-02-18,8087,0.0,0.0,0.0,0.0,0.0,0.0,0.0,0.0
2019-02-19,8087,1.0,7.0,0.0,0.0,0.0,0.0,0.0,1.0
2019-02-20,8087,9000.0,71980.0,8.0,8.0,7.99,8.0,0.05,4.0
2019-02-21,8087,3001.0,23978.0,7.81,8.08,7.81,8.08,0.08,4.0
2019-02-22,8087,6001.0,47578.0,7.91,8.02,7.91,8.02,-0.06,3.0
2019-02-25,8087,3001.0,24278.0,8.0,8.27,8.0,8.27,0.25,3.0
2019-02-26,8087,6.0,48.0,0.0,0.0,0.0,0.0,0.0,2.0
2019-02-27,8087,3554.0,29217.0,8.45,8.45,8.0,8.28,0.02,7.0
2019-03-04,8087,0.0,0.0,0.0,0.0,0.0,0.0,0.0,0.0
2019-03-05,8087,0.0,0.0,0.0,0.0,0.0,0.0,0.0,0.0
2019-03-06,8087,2012.0,16518.0,8.24,8.24,8.18,8.18,0.21,5.0
2019-03-07,8087,0.0,0.0,0.0,0.0,0.0,0.0,0.0,0.0
2019-03-08,8087,0.0,0.0,0.0,0.0,0.0,0.0,0.0,0.0
2019-03-11,8087,0.0,0.0,0.0,0.0,0.0,0.0,0.0,0.0
2019-03-12,8087,0.0,0.0,0.0,0.0,0.0,0.0,0.0,0.0
2019-03-13,8087,3003.0,24034.0,7.73,8.28,7.73,8.28,0.0,6.0
2019-03-14,8087,0.0,0.0,0.0,0.0,0.0,0.0,0.0,0.0
2019-03-15,8087,5000.0,41440.0,8.23,8.48,8.23,8.48,0.23,3.0
2019-03-18,8087,0.0,0.0,0.0,0.0,0.0,0.0,0.0,0.0
2019-03-19,8087,0.0,0.0,0.0,0.0,0.0,0.0,0.0,0.0
2019-03-20,8087,0.0,0.0,0.0,0.0,0.0,0.0,0.0,0.0
2019-03-21,8087,29560.0,235531.0,7.77,8.36,7.76,8.36,0.18,18.0
2019-03-22,8087,10000.0,83930.0,8.29,8.59,8.29,8.5,0.14,6.0
2019-03-25,8087,0.0,0.0,0.0,0.0,0.0,0.0,0.0,0.0
2019-03-26,8087,12001.0,95748.0,7.91,8.46,7.91,8.46,0.07,5.0
2019-03-27,8087,0.0,0.0,0.0,0.0,0.0,0.0,0.0,0.0
2019-03-28,8087,0.0,0.0,0.0,0.0,0.0,0.0,0.0,0.0
2019-03-29,8087,0.0,0.0,0.0,0.0,0.0,0.0,0.0,0.0
2019-04-01,8087,26.0,239.0,0.0,0.0,0.0,0.0,0.0,2.0
2019-04-02,8087,0.0,0.0,0.0,0.0,0.0,0.0,0.0,0.0
2019-04-03,8087,7103.0,57072.0,8.02,8.2,8.0,8.0,-0.29,8.0
2019-04-08,8087,3119.0,25535.0,8.09,8.37,8.09,8.37,0.37,9.0
2019-04-09,8087,0.0,0.0,0.0,0.0,0.0,0.0,0.0,0.0
2019-04-10,8087,5001.0,39098.0,7.53,8.18,7.53,8.18,-0.18,6.0
2019-04-11,8087,3085.0,25210.0,8.46,8.46,7.9,8.17,-0.01,4.0
2019-04-12,8087,994.0,8051.0,0.0,0.0,0.0,0.0,0.0,1.0
2019-04-15,8087,3000.0,24140.0,8.11,8.11,7.94,8.09,-0.03,3.0
2019-04-16,8087,0.0,0.0,0.0,0.0,0.0,0.0,0.0,0.0
2019-04-17,8087,1000.0,8340.0,8.34,8.34,8.34,8.34,0.28,1.0
2019-04-18,8087,5001.0,39958.0,8.0,8.19,7.92,8.19,-0.15,4.0
2019-04-19,8087,5002.0,40846.0,8.47,8.47,8.02,8.3,0.11,7.0
2019-04-22,8087,3450.0,27738.0,7.94,8.2,7.94,8.2,-0.1,4.0
2019-04-23,8087,2001.0,16027.0,8.01,8.01,8.01,8.01,-0.19,3.0
2019-04-24,8087,13890.0,111624.0,8.0,8.29,8.0,8.29,0.28,6.0
2019-04-25,8087,6000.0,48300.0,7.92,8.19,7.92,8.19,-0.1,5.0
2019-04-26,8087,0.0,0.0,0.0,0.0,0.0,0.0,0.0,0.0
2019-04-29,8087,1000.0,7890.0,7.89,7.89,7.89,7.89,-0.25,1.0
2019-04-30,8087,7001.0,55787.0,7.88,8.16,7.88,7.99,0.1,6.0
2019-05-02,8087,0.0,0.0,0.0,0.0,0.0,0.0,0.0,0.0
2019-05-03,8087,2000.0,16020.0,7.89,8.13,7.89,8.13,-0.01,2.0
2019-05-06,8087,2000.0,15730.0,7.73,8.0,7.73,8.0,-0.13,2.0
2019-05-07,8087,10000.0,79690.0,7.73,8.0,7.73,8.0,0.0,7.0
2019-05-08,8087,2000.0,15610.0,7.71,7.9,7.71,7.9,-0.1,2.0
2019-05-09,8087,4000.0,31770.0,7.75,8.02,7.75,8.0,0.1,3.0
2019-05-10,8087,3000.0,23790.0,7.81,8.08,7.81,8.08,0.08,3.0
2019-05-13,8087,3000.0,22990.0,7.43,7.81,7.43,7.81,-0.27,3.0
2019-05-14,8087,19000.0,137520.0,7.29,7.49,7.1,7.36,-0.45,11.0
2019-05-15,8087,6633.0,50777.0,7.61,7.72,7.57,7.57,0.21,7.0
2019-05-16,8087,2780.0,20885.0,7.37,7.62,7.37,7.62,0.05,4.0
2019-05-17,8087,1027.0,7608.0,7.41,7.41,7.41,7.41,-0.21,2.0
2019-05-20,8087,2001.0,14627.0,7.31,7.31,7.31,7.31,-0.1,3.0
2019-05-21,8087,6000.0,44400.0,7.19,7.6,7.19,7.34,0.03,6.0
2019-05-22,8087,2000.0,14750.0,7.25,7.5,7.25,7.5,0.16,2.0
2019-05-23,8087,0.0,0.0,0.0,0.0,0.0,0.0,0.0,0.0
2019-05-24,8087,2001.0,14997.0,7.37,7.62,7.37,7.62,-0.1,3.0
2019-05-27,8087,1001.0,7507.0,7.5,7.5,7.5,7.5,-0.12,2.0
2019-05-28,8087,0.0,0.0,0.0,0.0,0.0,0.0,0.0,0.0
2019-05-29,8087,3000.0,22570.0,7.45,7.71,7.41,7.41,-0.09,3.0
2019-05-30,8087,3056.0,23570.0,7.79,7.79,7.68,7.68,0.27,4.0
2019-05-31,8087,0.0,0.0,0.0,0.0,0.0,0.0,0.0,0.0
2019-06-03,8087,0.0,0.0,0.0,0.0,0.0,0.0,0.0,0.0
2019-06-04,8087,0.0,0.0,0.0,0.0,0.0,0.0,0.0,0.0
2019-06-05,8087,4000.0,31090.0,7.75,7.78,7.75,7.78,0.01,4.0
2019-06-06,8087,1000.0,7570.0,7.57,7.57,7.57,7.57,-0.21,1.0
2019-06-10,8087,2000.0,15150.0,7.57,7.58,7.57,7.58,0.01,2.0
2019-06-11,8087,7020.0,53704.0,7.58,7.83,7.58,7.82,0.24,4.0
2019-06-12,8087,1001.0,7627.0,7.62,7.62,7.62,7.62,-0.2,2.0
2019-06-13,8087,6000.0,46640.0,7.53,7.85,7.53,7.85,0.23,6.0
2019-06-14,8087,11000.0,85710.0,7.66,7.99,7.66,7.73,-0.12,8.0
2019-06-17,8087,1000.0,7530.0,7.53,7.53,7.53,7.53,-0.2,1.0
2019-06-18,8087,8001.0,60837.0,7.54,7.8,7.54,7.79,0.26,6.0
2019-06-19,8087,17780.0,138338.0,7.8,7.8,7.66,7.79,0.0,6.0
2019-06-20,8087,5000.0,38950.0,7.79,7.79,7.79,7.79,0.0,1.0
2019-06-21,8087,5003.0,39443.0,7.78,7.96,7.78,7.96,0.17,6.0
2019-06-24,8087,1000.0,7870.0,7.87,7.87,7.87,7.87,-0.09,1.0
2019-06-25,8087,5329.0,41335.0,7.71,7.93,7.71,7.93,0.06,6.0
2019-06-26,8087,0.0,0.0,0.0,0.0,0.0,0.0,0.0,0.0
2019-06-27,8087,1000.0,8130.0,8.13,8.13,8.13,8.13,0.26,1.0
2019-06-28,8087,0.0,0.0,0.0,0.0,0.0,0.0,0.0,0.0
2019-07-01,8087,9901.0,77587.0,7.8,8.07,7.8,8.07,-0.05,5.0
2019-07-02,8087,0.0,0.0,0.0,0.0,0.0,0.0,0.0,0.0
2019-07-03,8087,1000.0,8150.0,8.15,8.15,8.15,8.15,0.08,1.0
2019-07-04,8087,7000.0,56160.0,8.1,8.17,7.96,7.96,-0.19,5.0
2019-07-05,8087,0.0,0.0,0.0,0.0,0.0,0.0,0.0,0.0
2019-07-08,8087,0.0,0.0,0.0,0.0,0.0,0.0,0.0,0.0
2019-07-09,8087,0.0,0.0,0.0,0.0,0.0,0.0,0.0,0.0
2019-07-10,8087,20000.0,152440.0,7.28,8.06,7.28,8.06,-0.02,14.0
2019-07-11,8087,9200.0,72360.0,7.81,7.9,7.81,7.9,-0.16,8.0
2019-07-12,8087,1000.0,7950.0,7.95,7.95,7.95,7.95,0.05,1.0
2019-07-15,8087,1000.0,7810.0,7.81,7.81,7.81,7.81,-0.14,1.0
2019-07-16,8087,6000.0,46570.0,7.75,7.92,7.7,7.7,-0.11,3.0
2019-07-17,8087,0.0,0.0,0.0,0.0,0.0,0.0,0.0,0.0
2019-07-18,8087,0.0,0.0,0.0,0.0,0.0,0.0,0.0,0.0
2019-07-19,8087,3000.0,23310.0,7.71,7.85,7.71,7.75,-0.11,3.0
2019-07-22,8087,12000.0,92940.0,7.75,7.75,7.74,7.74,-0.01,5.0
2019-07-23,8087,7000.0,54380.0,7.71,7.97,7.71,7.97,0.23,5.0
2019-07-24,8087,0.0,0.0,0.0,0.0,0.0,0.0,0.0,0.0
2019-07-25,8087,7780.0,58948.0,7.52,7.8,7.52,7.8,-0.15,5.0
2019-07-26,8087,7000.0,53220.0,7.54,7.63,7.54,7.63,-0.17,5.0
2019-07-29,8087,5000.0,38320.0,7.63,7.84,7.61,7.84,0.21,3.0
2019-07-30,8087,5000.0,38360.0,7.55,7.86,7.55,7.85,0.01,4.0
2019-07-31,8087,3000.0,22960.0,7.56,7.83,7.56,7.57,-0.28,3.0
2019-08-01,8087,4003.0,31523.0,7.86,7.88,7.86,7.88,0.31,3.0
2019-08-02,8087,2000.0,15390.0,7.51,7.88,7.51,7.88,0.0,2.0
2019-08-05,8087,2000.0,15780.0,7.98,7.98,7.8,7.8,-0.08,2.0
2019-08-06,8087,5002.0,38614.0,7.94,7.94,7.41,7.8,0.0,7.0
2019-08-07,8087,5000.0,38090.0,7.52,7.76,7.52,7.76,-0.04,4.0
2019-08-08,8087,7000.0,53830.0,7.87,7.87,7.56,7.85,0.09,5.0
2019-08-12,8087,6090.0,46604.0,7.52,7.74,7.52,7.73,-0.12,6.0
2019-08-13,8087,0.0,0.0,0.0,0.0,0.0,0.0,0.0,0.0
2019-08-14,8087,9000.0,69600.0,7.8,7.8,7.6,7.6,-0.22,3.0
2019-08-15,8087,0.0,0.0,0.0,0.0,0.0,0.0,0.0,0.0
2019-08-16,8087,11489.0,86802.0,7.56,7.74,7.51,7.53,-0.32,8.0
2019-08-19,8087,10004.0,76390.0,7.49,7.79,7.49,7.59,0.06,6.0
2019-08-20,8087,1080.0,8186.0,7.58,7.58,7.58,7.58,-0.01,2.0
2019-08-21,8087,14101.0,107729.0,7.7,7.88,7.59,7.61,0.03,11.0
2019-08-22,8087,10300.0,79153.0,7.61,7.87,7.61,7.84,0.23,8.0
2019-08-23,8087,6119.0,47965.0,7.85,7.85,7.8,7.8,-0.04,8.0
2019-08-26,8087,0.0,0.0,0.0,0.0,0.0,0.0,0.0,0.0
2019-08-27,8087,1000.0,7800.0,7.8,7.8,7.8,7.8,0.0,1.0
2019-08-28,8087,0.0,0.0,0.0,0.0,0.0,0.0,0.0,0.0
2019-08-29,8087,14000.0,107530.0,7.6,7.87,7.6,7.7,-0.05,8.0
2019-08-30,8087,3000.0,22800.0,7.6,7.6,7.6,7.6,-0.1,1.0
2019-09-02,8087,0.0,0.0,0.0,0.0,0.0,0.0,0.0,0.0
2019-09-03,8087,15002.0,114784.0,7.86,7.86,7.6,7.85,0.25,10.0
2019-09-04,8087,4001.0,31137.0,7.79,7.79,7.78,7.78,-0.07,4.0
2019-09-05,8087,4000.0,31160.0,7.79,7.79,7.79,7.79,0.01,2.0
2019-09-06,8087,0.0,0.0,0.0,0.0,0.0,0.0,0.0,0.0
2019-09-09,8087,3002.0,23084.0,7.61,7.85,7.61,7.85,0.06,4.0
2019-09-10,8087,1.0,7.0,0.0,0.0,0.0,0.0,0.0,1.0
2019-09-11,8087,4488.0,34153.0,7.61,7.61,7.61,7.61,-0.24,3.0
2019-09-12,8087,6336.0,49425.0,7.7,8.1,7.7,7.96,0.35,7.0
2019-09-16,8087,13100.0,103709.0,7.9,7.98,7.9,7.9,-0.06,7.0
2019-09-17,8087,7225.0,58225.0,7.99,8.26,7.91,7.91,0.01,8.0
2019-09-18,8087,4029.0,33984.0,8.58,8.59,8.29,8.29,0.38,4.0
2019-09-19,8087,0.0,0.0,0.0,0.0,0.0,0.0,0.0,0.0
2019-09-20,8087,12403.0,96948.0,7.78,8.05,7.77,7.84,-0.28,11.0
2019-09-23,8087,6340.0,48768.0,7.61,7.87,7.61,7.84,0.0,5.0
2019-09-24,8087,0.0,0.0,0.0,0.0,0.0,0.0,0.0,0.0
2019-09-25,8087,14000.0,112500.0,7.9,8.41,7.9,8.41,0.57,10.0
2019-09-26,8087,0.0,0.0,0.0,0.0,0.0,0.0,0.0,0.0
2019-09-27,8087,34000.0,270290.0,7.95,7.95,7.94,7.94,-0.21,2.0
2019-10-01,8087,0.0,0.0,0.0,0.0,0.0,0.0,0.0,0.0
2019-10-02,8087,10900.0,83200.0,7.61,7.86,7.6,7.86,-0.08,7.0
2019-10-03,8087,16000.0,122170.0,7.66,7.78,7.6,7.61,-0.25,11.0
2019-10-04,8087,2000.0,15200.0,7.6,7.6,7.6,7.6,-0.01,1.0
2019-10-07,8087,0.0,0.0,0.0,0.0,0.0,0.0,0.0,0.0
2019-10-08,8087,3000.0,22930.0,7.6,7.7,7.6,7.7,0.04,3.0
2019-10-09,8087,0.0,0.0,0.0,0.0,0.0,0.0,0.0,0.0
2019-10-14,8087,6000.0,45150.0,7.56,7.65,7.41,7.65,-0.04,5.0
2019-10-15,8087,5000.0,37620.0,7.51,7.61,7.5,7.61,-0.04,3.0
2019-10-16,8087,2200.0,16513.0,7.5,7.5,7.5,7.5,-0.11,4.0
2019-10-17,8087,5000.0,38070.0,7.67,7.7,7.51,7.7,0.2,5.0
2019-10-18,8087,0.0,0.0,0.0,0.0,0.0,0.0,0.0,0.0
2019-10-21,8087,1000.0,7650.0,7.65,7.65,7.65,7.65,0.03,1.0
2019-10-22,8087,0.0,0.0,0.0,0.0,0.0,0.0,0.0,0.0
2019-10-23,8087,8000.0,58940.0,7.5,7.52,7.28,7.52,-0.12,7.0
2019-10-24,8087,5000.0,37370.0,7.4,7.52,7.4,7.52,0.0,4.0
2019-10-25,8087,0.0,0.0,0.0,0.0,0.0,0.0,0.0,0.0
2019-10-28,8087,4933.0,36450.0,7.41,7.41,7.41,7.41,-0.11,4.0
2019-10-29,8087,3001.0,22737.0,7.63,7.63,7.55,7.55,0.14,4.0
2019-10-30,8087,0.0,0.0,0.0,0.0,0.0,0.0,0.0,0.0
2019-10-31,8087,6000.0,44340.0,7.39,7.39,7.39,7.39,-0.11,4.0
2019-11-01,8087,4000.0,29420.0,7.36,7.36,7.35,7.35,-0.04,3.0
2019-11-04,8087,9000.0,66320.0,7.59,7.59,7.29,7.33,-0.02,7.0
2019-11-05,8087,14403.0,104721.0,7.33,7.33,7.21,7.23,-0.1,9.0
2019-11-06,8087,9000.0,64750.0,7.23,7.29,7.15,7.29,0.06,7.0
2019-11-07,8087,5000.0,35760.0,7.18,7.18,7.11,7.11,-0.18,4.0
2019-11-08,8087,8676.0,61243.0,7.07,7.11,7.07,7.08,-0.03,10.0
2019-11-11,8087,3000.0,21470.0,7.07,7.32,7.07,7.32,0.24,3.0
2019-11-12,8087,111000.0,792700.0,7.11,7.37,7.11,7.14,-0.18,13.0
2019-11-13,8087,5000.0,36770.0,7.34,7.37,7.34,7.37,0.23,5.0
2019-11-14,8087,1000.0,7370.0,7.37,7.37,7.37,7.37,0.0,1.0
2019-11-15,8087,3000.0,22350.0,7.45,7.45,7.45,7.45,0.08,3.0
2019-11-18,8087,0.0,0.0,0.0,0.0,0.0,0.0,0.0,0.0
2019-11-19,8087,69000.0,499810.0,7.24,7.49,7.24,7.49,0.04,5.0
2019-11-20,8087,102000.0,739750.0,7.25,7.38,7.25,7.38,-0.11,8.0
2019-11-21,8087,57000.0,415930.0,7.29,7.49,7.29,7.49,0.11,4.0
2019-11-22,8087,4039.0,29302.0,7.37,7.55,7.37,7.55,0.06,5.0
2019-11-25,8087,3047.0,22996.0,7.55,7.55,7.55,7.55,0.0,5.0
2019-11-26,8087,16405.0,122015.0,7.55,7.55,7.3,7.53,-0.02,13.0
2019-11-27,8087,2085.0,15184.0,7.28,7.28,7.28,7.28,-0.25,4.0
2019-11-28,8087,2000.0,14590.0,7.17,7.42,7.17,7.42,0.14,2.0
2019-11-29,8087,3000.0,21980.0,7.26,7.36,7.26,7.36,-0.06,3.0
2019-12-02,8087,6001.0,43547.0,7.29,7.29,7.22,7.22,-0.14,6.0
2019-12-03,8087,7351.0,52617.0,7.14,7.31,7.12,7.31,0.09,6.0
2019-12-04,8087,8001.0,57217.0,7.16,7.16,7.15,7.15,-0.16,4.0
2019-12-05,8087,7001.0,50557.0,7.2,7.32,7.2,7.32,0.17,5.0
2019-12-06,8087,0.0,0.0,0.0,0.0,0.0,0.0,0.0,0.0
2019-12-09,8087,4002.0,29384.0,7.45,7.45,7.25,7.25,-0.05,5.0
2019-12-10,8087,2001.0,14877.0,7.45,7.45,7.42,7.42,0.17,3.0
2019-12-11,8087,1.0,6.0,0.0,0.0,0.0,0.0,0.0,1.0
2019-12-12,8087,11001.0,79817.0,7.21,7.39,7.13,7.36,-0.06,10.0
2019-12-13,8087,17001.0,122707.0,7.2,7.35,7.15,7.33,-0.03,9.0
2019-12-16,8087,0.0,0.0,0.0,0.0,0.0,0.0,0.0,0.0
2019-12-17,8087,14003.0,103091.0,7.26,7.42,7.26,7.42,0.09,13.0
2019-12-18,8087,1107.0,8292.0,7.42,7.42,7.42,7.42,0.0,4.0
2019-12-19,8087,12001.0,87908.0,7.33,7.37,7.3,7.37,-0.05,6.0
2019-12-20,8087,1000.0,7260.0,7.26,7.26,7.26,7.26,-0.11,1.0
2019-12-23,8087,0.0,0.0,0.0,0.0,0.0,0.0,0.0,0.0
2019-12-24,8087,15000.0,107420.0,7.14,7.4,7.14,7.4,0.15,7.0
2019-12-25,8087,5000.0,36690.0,7.26,7.4,7.26,7.38,-0.02,4.0
2019-12-26,8087,6000.0,43620.0,7.38,7.38,7.22,7.22,-0.16,4.0
2019-12-27,8087,10000.0,72000.0,7.2,7.2,7.2,7.2,-0.02,2.0
2019-12-30,8087,1001.0,7467.0,7.46,7.46,7.46,7.46,0.26,2.0
2019-12-31,8087,0.0,0.0,0.0,0.0,0.0,0.0,0.0,0.0
2020-01-02,8087,0.0,0.0,0.0,0.0,0.0,0.0,0.0,0.0
2020-01-03,8087,8000.0,58740.0,7.36,7.39,7.27,7.36,0.0,7.0
2020-01-06,8087,0.0,0.0,0.0,0.0,0.0,0.0,0.0,0.0
2020-01-07,8087,16000.0,117300.0,7.35,7.35,7.32,7.32,-0.03,4.0
2020-01-08,8087,7001.0,51017.0,7.27,7.43,7.25,7.43,0.11,6.0
2020-01-09,8087,0.0,0.0,0.0,0.0,0.0,0.0,0.0,0.0
2020-01-10,8087,0.0,0.0,0.0,0.0,0.0,0.0,0.0,0.0
2020-01-13,8087,0.0,0.0,0.0,0.0,0.0,0.0,0.0,0.0
2020-01-14,8087,0.0,0.0,0.0,0.0,0.0,0.0,0.0,0.0
2020-01-15,8087,10001.0,73177.0,7.32,7.32,7.31,7.32,0.0,7.0
2020-01-16,8087,0.0,0.0,0.0,0.0,0.0,0.0,0.0,0.0
2020-01-17,8087,6000.0,44180.0,7.57,7.57,7.32,7.32,0.0,3.0
2020-01-20,8087,6000.0,44070.0,7.31,7.47,7.31,7.47,0.15,6.0
2020-01-30,8087,1000.0,7350.0,7.35,7.35,7.35,7.35,-0.12,1.0
2020-01-31,8087,0.0,0.0,0.0,0.0,0.0,0.0,0.0,0.0
2020-02-03,8087,18020.0,127706.0,7.25,7.28,6.81,7.28,-0.01,15.0
2020-02-04,8087,7093.0,51637.0,7.28,7.28,7.28,7.28,0.0,7.0
2020-02-05,8087,2001.0,14577.0,7.16,7.41,7.16,7.41,0.13,3.0
2020-02-06,8087,1.0,7.0,0.0,0.0,0.0,0.0,0.0,1.0
2020-02-07,8087,0.0,0.0,0.0,0.0,0.0,0.0,0.0,0.0
2020-02-10,8087,1.0,7.0,0.0,0.0,0.0,0.0,0.0,1.0
2020-02-11,8087,21100.0,153685.0,7.2,7.43,7.2,7.43,-0.02,12.0
2020-02-12,8087,2000.0,14550.0,7.25,7.3,7.25,7.3,-0.13,2.0
2020-02-13,8087,5001.0,36407.0,7.28,7.28,7.28,7.28,-0.02,2.0
2020-02-14,8087,3000.0,21600.0,7.2,7.2,7.2,7.2,-0.08,3.0
2020-02-17,8087,1.0,7.0,0.0,0.0,0.0,0.0,0.0,1.0
2020-02-18,8087,123.0,885.0,0.0,0.0,0.0,0.0,0.0,1.0
2020-02-19,8087,2000.0,14480.0,7.24,7.24,7.24,7.24,0.0,2.0
2020-02-20,8087,15004.0,106213.0,7.0,7.28,7.0,7.28,0.04,16.0
2020-02-21,8087,1232.0,8917.0,7.27,7.27,7.27,7.27,-0.01,2.0
2020-02-24,8087,2066.0,14729.0,7.15,7.15,7.11,7.11,-0.16,3.0
2020-02-25,8087,1000.0,7240.0,7.24,7.24,7.24,7.24,0.13,1.0
2020-02-26,8087,27667.0,193309.0,7.01,7.14,6.91,7.14,-0.1,16.0
2020-02-27,8087,6050.0,42957.0,7.15,7.15,7.01,7.14,0.0,6.0
2020-03-02,8087,0.0,0.0,0.0,0.0,0.0,0.0,0.0,0.0
2020-03-03,8087,11000.0,78540.0,7.12,7.15,7.1,7.1,-0.02,5.0
2020-03-04,8087,8000.0,56320.0,7.05,7.09,7.01,7.09,-0.01,4.0
2020-03-05,8087,0.0,0.0,0.0,0.0,0.0,0.0,0.0,0.0
2020-03-06,8087,1000.0,7050.0,7.05,7.05,7.05,7.05,-0.12,1.0
2020-03-09,8087,5000.0,35140.0,7.03,7.14,6.95,7.14,0.09,4.0
2020-03-11,8087,8351.0,59087.0,7.03,7.12,7.0,7.12,0.05,6.0
2020-03-12,8087,14005.0,93420.0,6.93,6.93,6.57,6.9,-0.22,12.0
2020-03-13,8087,5999.0,39373.0,6.55,6.83,6.45,6.83,-0.07,7.0
2020-03-16,8087,6001.0,39396.0,6.65,6.66,6.4,6.6,-0.23,7.0
2020-03-17,8087,40101.0,238479.0,6.0,6.0,5.94,5.94,-0.66,16.0
2020-03-18,8087,10780.0,62210.0,5.94,5.94,5.6,5.6,-0.34,9.0
2020-03-19,8087,33000.0,169220.0,5.04,5.54,5.04,5.07,-0.53,27.0
2020-03-20,8087,10001.0,51045.0,5.1,5.25,5.08,5.09,0.02,7.0
2020-03-23,8087,0.0,0.0,0.0,0.0,0.0,0.0,0.0,0.0
2020-03-24,8087,24002.0,121630.0,5.08,5.1,5.05,5.07,-0.22,14.0
2020-03-25,8087,17000.0,92220.0,5.41,5.55,5.41,5.5,0.43,8.0
2020-03-26,8087,0.0,0.0,0.0,0.0,0.0,0.0,0.0,0.0
2020-03-27,8087,9000.0,49560.0,5.51,5.69,5.45,5.45,0.02,7.0
2020-03-30,8087,1002.0,5290.0,5.28,5.28,5.28,5.28,-0.17,3.0
2020-03-31,8087,0.0,0.0,0.0,0.0,0.0,0.0,0.0,0.0
2020-04-01,8087,6001.0,31685.0,5.28,5.28,5.28,5.28,-0.33,5.0
2020-04-06,8087,1092.0,5770.0,5.28,5.28,5.28,5.28,0.0,2.0
2020-04-07,8087,8000.0,42260.0,5.3,5.3,5.28,5.28,0.0,4.0
2020-04-08,8087,29000.0,154510.0,5.28,5.55,5.25,5.45,0.17,15.0
2020-04-09,8087,53386.0,285049.0,5.44,5.46,5.3,5.3,-0.15,16.0
2020-04-10,8087,6000.0,31800.0,5.3,5.3,5.3,5.3,0.0,6.0
2020-04-13,8087,7000.0,37240.0,5.3,5.39,5.3,5.39,0.09,7.0
2020-04-14,8087,1.0,5.0,0.0,0.0,0.0,0.0,0.0,1.0
2020-04-15,8087,16000.0,86450.0,5.43,5.48,5.39,5.39,0.0,13.0
2020-04-16,8087,24000.0,138240.0,5.46,5.92,5.46,5.92,0.53,19.0
2020-04-17,8087,22000.0,129770.0,5.9,6.42,5.81,6.07,0.15,15.0
2020-04-20,8087,3000.0,18550.0,6.35,6.35,6.1,6.1,0.03,2.0
2020-04-21,8087,0.0,0.0,0.0,0.0,0.0,0.0,0.0,0.0
2020-04-22,8087,3000.0,17700.0,5.9,5.9,5.9,5.9,0.0,2.0
2020-04-23,8087,14051.0,79707.0,5.64,5.9,5.59,5.71,-0.19,15.0
2020-04-24,8087,10000.0,57480.0,5.73,5.79,5.73,5.75,0.04,5.0
2020-04-27,8087,7000.0,41410.0,5.87,5.95,5.84,5.84,0.09,5.0
2020-04-28,8087,22001.0,132815.0,6.0,6.16,6.0,6.05,0.21,13.0
2020-04-29,8087,1001.0,6156.0,6.15,6.15,6.15,6.15,0.1,2.0
2020-04-30,8087,0.0,0.0,0.0,0.0,0.0,0.0,0.0,0.0
2020-05-04,8087,4000.0,24110.0,6.03,6.03,6.02,6.02,-0.13,3.0
2020-05-05,8087,7000.0,42190.0,5.99,6.1,5.99,6.1,0.08,5.0
2020-05-06,8087,18096.0,111524.0,6.11,6.3,6.11,6.3,0.2,9.0
2020-05-07,8087,20200.0,130640.0,6.46,6.49,6.4,6.49,0.19,12.0
2020-05-08,8087,1000.0,6520.0,6.52,6.52,6.52,6.52,0.03,1.0
2020-05-11,8087,1000.0,6690.0,6.69,6.69,6.69,6.69,0.17,1.0
2020-05-12,8087,20000.0,123950.0,6.15,6.39,6.15,6.39,-0.3,11.0
2020-05-13,8087,3000.0,18400.0,6.09,6.22,6.09,6.22,-0.17,2.0
2020-05-14,8087,11000.0,67350.0,6.2,6.31,6.08,6.31,0.09,8.0
2020-05-15,8087,1012.0,5748.0,0.0,0.0,0.0,0.0,-6.31,3.0
2020-05-18,8087,1188.0,7258.0,6.13,6.13,6.13,6.13,-0.16,3.0
2020-05-19,8087,3000.0,18550.0,6.13,6.29,6.13,6.29,0.16,3.0
2020-05-20,8087,0.0,0.0,0.0,0.0,0.0,0.0,0.0,0.0
2020-05-21,8087,7000.0,42900.0,6.09,6.29,6.09,6.29,0.03,6.0
2020-05-22,8087,6027.0,36742.0,6.11,6.11,6.09,6.09,-0.2,5.0
2020-05-25,8087,1780.0,10652.0,6.05,6.05,6.05,6.05,-0.04,2.0
2020-05-26,8087,4000.0,24400.0,6.05,6.15,6.05,6.15,0.1,4.0
2020-05-27,8087,8670.0,53014.0,6.09,6.28,6.08,6.28,0.13,7.0
2020-05-28,8087,13449.0,81779.0,6.13,6.13,6.05,6.05,-0.23,9.0
2020-05-29,8087,3000.0,18110.0,6.04,6.04,6.03,6.03,-0.02,2.0
2020-06-01,8087,5623.0,34080.0,6.03,6.18,6.02,6.18,0.15,4.0
2020-06-02,8087,2000.0,12060.0,6.03,6.03,6.03,6.03,-0.15,2.0
2020-06-03,8087,9003.0,54258.0,6.05,6.14,5.99,6.14,0.11,8.0
2020-06-04,8087,1004.0,6023.0,6.0,6.0,6.0,6.0,-0.14,2.0
2020-06-05,8087,1000.0,6200.0,6.2,6.2,6.2,6.2,0.2,1.0
2020-06-08,8087,6000.0,36460.0,6.03,6.1,6.03,6.1,-0.1,5.0
2020-06-09,8087,7000.0,42720.0,6.19,6.22,6.03,6.22,0.12,6.0
2020-06-10,8087,0.0,0.0,0.0,0.0,0.0,0.0,0.0,0.0
2020-06-11,8087,0.0,0.0,0.0,0.0,0.0,0.0,0.0,0.0
2020-06-12,8087,2001.0,12216.0,6.0,6.21,6.0,6.21,0.01,3.0
2020-06-15,8087,0.0,0.0,0.0,0.0,0.0,0.0,0.0,0.0
2020-06-16,8087,0.0,0.0,0.0,0.0,0.0,0.0,0.0,0.0
2020-06-17,8087,78110.0,482641.0,6.08,6.25,6.08,6.25,0.08,14.0
2020-06-18,8087,4500.0,27570.0,6.15,6.19,6.09,6.19,-0.06,6.0
2020-06-19,8087,2000.0,12300.0,6.09,6.21,6.09,6.21,0.02,2.0
2020-06-22,8087,1062.0,6471.0,6.09,6.09,6.09,6.09,-0.12,2.0
2020-06-23,8087,2000.0,12380.0,6.21,6.21,6.17,6.17,0.08,2.0
2020-06-24,8087,3000.0,18380.0,6.1,6.17,6.1,6.11,-0.06,3.0
2020-06-29,8087,18093.0,110337.0,6.09,6.18,6.08,6.18,0.07,18.0
2020-06-30,8087,18000.0,111240.0,6.18,6.18,6.18,6.18,0.0,1.0
2020-07-01,8087,19000.0,117630.0,6.18,6.35,6.18,6.35,0.17,7.0
2020-07-02,8087,0.0,0.0,0.0,0.0,0.0,0.0,0.0,0.0
2020-07-03,8087,10670.0,64877.0,6.05,6.24,6.05,6.24,-0.04,7.0
2020-07-06,8087,4260.0,26682.0,6.24,6.36,6.21,6.36,0.12,5.0
2020-07-07,8087,5000.0,31190.0,6.21,6.28,6.21,6.28,-0.08,2.0
2020-07-08,8087,25200.0,162822.0,6.28,6.69,6.28,6.5,0.22,17.0
2020-07-09,8087,58320.0,405817.0,6.55,7.15,6.5,7.15,0.65,33.0
2020-07-10,8087,121409.0,844430.0,7.14,7.38,6.75,7.0,-0.15,46.0
2020-07-13,8087,28045.0,190982.0,6.81,6.97,6.74,6.97,-0.03,16.0
2020-07-14,8087,8000.0,54450.0,6.77,7.06,6.77,7.06,0.09,5.0
2020-07-15,8087,36001.0,253896.0,7.06,7.17,6.81,7.05,-0.01,14.0
2020-07-16,8087,7000.0,48340.0,6.86,7.02,6.86,7.02,-0.03,4.0
2020-07-17,8087,22020.0,151106.0,6.9,6.93,6.7,6.93,-0.09,12.0
2020-07-20,8087,8000.0,55550.0,6.92,7.06,6.92,7.06,0.13,4.0
2020-07-21,8087,6000.0,42160.0,7.06,7.06,6.88,7.04,-0.02,4.0
2020-07-22,8087,11000.0,77290.0,7.04,7.04,6.92,7.01,-0.03,4.0
2020-07-23,8087,15000.0,105790.0,7.0,7.19,7.0,7.15,0.14,5.0
2020-07-24,8087,16001.0,112606.0,7.0,7.15,7.0,7.0,-0.15,6.0
2020-07-27,8087,7000.0,49170.0,7.0,7.17,7.0,7.0,0.0,4.0
2020-07-28,8087,11000.0,76050.0,7.0,7.0,6.8,6.8,-0.2,4.0
2020-07-29,8087,9890.0,68300.0,6.8,7.0,6.8,7.0,0.2,6.0
2020-07-30,8087,2000.0,14000.0,7.0,7.0,7.0,7.0,0.0,2.0
2020-07-31,8087,0.0,0.0,0.0,0.0,0.0,0.0,0.0,0.0
2020-08-03,8087,72.0,452.0,0.0,0.0,0.0,0.0,0.0,1.0
2020-08-04,8087,3109.0,21431.0,6.86,6.97,6.86,6.97,0.0,3.0
2020-08-05,8087,4000.0,27720.0,6.93,6.93,6.93,6.93,-0.04,2.0
2020-08-06,8087,25818.0,175522.0,6.85,6.95,6.76,6.95,0.02,9.0
2020-08-07,8087,5000.0,34240.0,6.77,7.04,6.77,7.04,0.09,4.0
2020-08-10,8087,1000.0,6930.0,6.93,6.93,6.93,6.93,-0.11,1.0
2020-08-11,8087,0.0,0.0,0.0,0.0,0.0,0.0,0.0,0.0
2020-08-12,8087,0.0,0.0,0.0,0.0,0.0,0.0,0.0,0.0
2020-08-13,8087,0.0,0.0,0.0,0.0,0.0,0.0,0.0,0.0
2020-08-14,8087,0.0,0.0,0.0,0.0,0.0,0.0,0.0,0.0
2020-08-17,8087,13000.0,92100.0,7.0,7.15,7.0,7.15,0.03,8.0
2020-08-18,8087,4780.0,34118.0,7.1,7.28,7.1,7.28,0.13,5.0
2020-08-19,8087,3000.0,21820.0,7.28,7.28,7.26,7.26,-0.02,3.0
2020-08-20,8087,10000.0,68200.0,6.76,7.21,6.75,7.21,-0.05,6.0
2020-08-21,8087,7000.0,51310.0,7.34,7.34,7.32,7.33,0.12,3.0
2020-08-24,8087,2072.0,15186.0,7.33,7.33,7.33,7.33,0.0,6.0
2020-08-25,8087,1000.0,7440.0,7.44,7.44,7.44,7.44,0.11,1.0
2020-08-26,8087,21000.0,146160.0,6.81,7.27,6.81,7.17,-0.27,11.0
2020-08-27,8087,3073.0,21855.0,7.1,7.13,7.1,7.13,-0.04,4.0
2020-08-28,8087,14000.0,100120.0,6.91,7.36,6.91,7.3,0.17,6.0
2020-08-31,8087,19000.0,138610.0,7.29,7.3,7.29,7.3,0.0,9.0
2020-09-01,8087,2500.0,18560.0,7.46,7.46,7.45,7.45,0.15,3.0
2020-09-02,8087,0.0,0.0,0.0,0.0,0.0,0.0,0.0,0.0
2020-09-03,8087,0.0,0.0,0.0,0.0,0.0,0.0,0.0,0.0
2020-09-04,8087,2500.0,18550.0,7.45,7.45,7.45,7.45,0.14,3.0
2020-09-07,8087,0.0,0.0,0.0,0.0,0.0,0.0,0.0,0.0
2020-09-08,8087,19000.0,139950.0,7.15,7.46,7.15,7.45,0.01,12.0
2020-09-09,8087,0.0,0.0,0.0,0.0,0.0,0.0,0.0,0.0
2020-09-10,8087,4000.0,30080.0,7.48,7.57,7.48,7.55,0.12,3.0
2020-09-11,8087,1881.0,14247.0,7.64,7.64,7.64,7.64,0.09,2.0
2020-09-14,8087,25000.0,193200.0,7.77,7.79,7.65,7.78,0.14,11.0
2020-09-15,8087,11888.0,93605.0,7.88,7.91,7.78,7.91,0.13,8.0
2020-09-16,8087,207949.0,1710705.0,7.98,8.43,7.91,8.42,0.51,74.0
2020-09-17,8087,179031.0,1580568.0,8.55,9.2,8.55,8.8,0.38,71.0
2020-09-18,8087,105276.0,911980.0,8.6,8.94,8.35,8.79,-0.01,35.0
2020-09-21,8087,40275.0,367210.0,8.89,9.18,8.89,8.93,0.14,14.0
2020-09-22,8087,125000.0,1115910.0,8.93,9.12,8.15,8.15,-0.78,29.0
2020-09-23,8087,38202.0,316846.0,8.25,8.82,8.2,8.44,0.29,10.0
2020-09-24,8087,50000.0,388770.0,8.43,8.43,7.6,8.13,-0.31,19.0
2020-09-25,8087,23000.0,176670.0,7.61,8.06,7.61,8.06,-0.07,14.0
2020-09-28,8087,90220.0,683172.0,7.9,7.99,7.4,7.97,-0.09,41.0
2020-09-29,8087,13881.0,107583.0,7.72,7.89,7.71,7.88,-0.09,11.0
2020-09-30,8087,1000.0,7830.0,7.83,7.83,7.83,7.83,-0.05,1.0
2020-10-05,8087,9000.0,71370.0,7.9,8.17,7.9,7.9,0.07,4.0
2020-10-06,8087,2000.0,15260.0,7.5,7.76,7.5,7.76,-0.14,2.0
2020-10-07,8087,14000.0,111230.0,7.74,8.17,7.64,7.9,0.14,10.0
2020-10-08,8087,3000.0,24210.0,8.11,8.11,8.0,8.0,0.1,3.0
2020-10-12,8087,10000.0,79050.0,7.32,8.15,7.32,8.07,0.07,8.0
2020-10-13,8087,2000.0,15520.0,7.54,7.98,7.54,7.98,-0.09,2.0
2020-10-14,8087,16002.0,118786.0,7.34,7.97,7.34,7.97,-0.01,11.0
2020-10-15,8087,4000.0,30920.0,7.96,7.96,7.49,7.76,-0.21,4.0
2020-10-16,8087,9000.0,70240.0,8.43,8.43,7.59,7.8,0.04,7.0
2020-10-19,8087,34021.0,260669.0,7.78,7.78,7.6,7.6,-0.2,12.0
2020-10-20,8087,25908.0,196910.0,7.6,7.7,7.55,7.7,0.1,6.0
2020-10-21,8087,4670.0,35385.0,7.56,7.66,7.56,7.66,-0.04,5.0
2020-10-22,8087,14000.0,106130.0,7.6,7.6,7.56,7.58,-0.08,8.0
2020-10-23,8087,19100.0,155124.0,8.3,8.3,8.08,8.15,0.57,13.0
2020-10-26,8087,12000.0,95370.0,8.05,8.05,7.9,7.9,-0.25,7.0
2020-10-27,8087,8000.0,63280.0,7.9,8.0,7.88,7.88,-0.02,6.0
2020-10-28,8087,4004.0,31988.0,8.11,8.11,7.87,7.87,-0.01,8.0
2020-10-29,8087,5000.0,40180.0,8.09,8.09,8.0,8.0,0.13,4.0
2020-10-30,8087,12459.0,96484.0,8.28,8.28,7.6,7.68,-0.32,12.0
2020-11-02,8087,1000.0,7940.0,7.94,7.94,7.94,7.94,0.26,1.0
2020-11-03,8087,0.0,0.0,0.0,0.0,0.0,0.0,0.0,0.0
2020-11-04,8087,3000.0,23390.0,7.71,7.97,7.71,7.97,0.04,3.0
2020-11-05,8087,0.0,0.0,0.0,0.0,0.0,0.0,0.0,0.0
2020-11-06,8087,4001.0,30547.0,7.61,7.66,7.61,7.66,-0.31,5.0
2020-11-09,8087,1001.0,7787.0,7.78,7.78,7.78,7.78,0.12,2.0
2020-11-10,8087,9000.0,68670.0,7.61,7.83,7.6,7.83,0.05,6.0
2020-11-11,8087,4.0,28.0,0.0,0.0,0.0,0.0,0.0,1.0
2020-11-12,8087,1.0,7.0,0.0,0.0,0.0,0.0,0.0,1.0
2020-11-13,8087,6000.0,46070.0,8.03,8.03,7.5,7.74,-0.06,5.0
2020-11-16,8087,4000.0,31040.0,7.82,7.82,7.61,7.81,0.07,4.0
2020-11-17,8087,0.0,0.0,0.0,0.0,0.0,0.0,0.0,0.0
2020-11-18,8087,0.0,0.0,0.0,0.0,0.0,0.0,0.0,0.0
2020-11-19,8087,63000.0,466800.0,7.4,7.75,7.4,7.75,-0.04,17.0
2020-11-20,8087,8461.0,65829.0,7.98,7.98,7.7,7.86,0.11,10.0
2020-11-23,8087,8000.0,61450.0,7.7,7.75,7.59,7.75,-0.11,4.0
2020-11-24,8087,8001.0,60537.0,7.58,7.63,7.51,7.63,-0.12,5.0
2020-11-25,8087,6000.0,45680.0,7.59,7.66,7.59,7.66,0.03,4.0
2020-11-26,8087,4000.0,30310.0,7.6,7.69,7.51,7.69,0.03,3.0
2020-11-27,8087,10005.0,77085.0,7.69,7.86,7.6,7.76,0.07,13.0
2020-11-30,8087,4002.0,31024.0,7.71,7.87,7.7,7.87,0.11,6.0
2020-12-01,8087,0.0,0.0,0.0,0.0,0.0,0.0,0.0,0.0
2020-12-02,8087,14671.0,114559.0,7.95,7.95,7.75,7.75,-0.12,10.0
2020-12-03,8087,17003.0,132941.0,7.74,7.92,7.73,7.9,0.15,13.0
2020-12-04,8087,60000.0,476430.0,8.02,8.02,7.74,7.91,0.01,23.0
2020-12-07,8087,57000.0,454120.0,7.82,8.05,7.81,7.99,0.08,17.0
2020-12-08,8087,14000.0,111960.0,7.99,8.04,7.99,8.04,0.05,6.0
2020-12-09,8087,21001.0,166277.0,8.0,8.0,7.9,7.98,-0.06,11.0
2020-12-10,8087,12000.0,94180.0,7.74,7.9,7.74,7.88,-0.1,5.0
2020-12-11,8087,5001.0,38967.0,7.73,7.96,7.73,7.77,-0.11,4.0
2020-12-14,8087,24002.0,188394.0,7.75,7.95,7.75,7.94,0.17,16.0
2020-12-15,8087,0.0,0.0,0.0,0.0,0.0,0.0,0.0,0.0
2020-12-16,8087,9000.0,71730.0,7.99,7.99,7.96,7.96,0.02,3.0
2020-12-17,8087,15340.0,121846.0,7.72,7.97,7.72,7.96,0.0,9.0
2020-12-18,8087,16000.0,127710.0,7.95,8.06,7.95,8.06,0.1,10.0
2020-12-21,8087,93002.0,744454.0,8.03,8.04,7.97,8.0,-0.06,29.0
2020-12-22,8087,28780.0,231214.0,8.09,8.09,7.98,8.0,0.0,14.0
2020-12-23,8087,31000.0,248430.0,8.0,8.1,8.0,8.06,0.06,14.0
2020-12-24,8087,108651.0,902743.0,8.79,8.79,8.1,8.4,0.34,58.0
2020-12-25,8087,710799.0,6444322.0,8.1,9.24,8.1,9.24,0.84,192.0
2020-12-28,8087,1874337.0,19017996.0,10.15,10.15,9.98,10.15,0.91,356.0
2020-12-29,8087,544187.0,5902983.0,10.7,11.15,10.5,11.15,1.0,121.0
2020-12-30,8087,370555.0,4539297.0,12.25,12.25,12.25,12.25,1.1,83.0
2020-12-31,8087,572552.0,7700822.0,13.45,13.45,13.45,13.45,1.2,115.0
2021-01-04,8087,244551.0,3607126.0,14.75,14.75,14.75,14.75,1.3,84.0
2021-01-05,8087,319526.0,5176318.0,16.2,16.2,16.2,16.2,1.45,119.0
2021-01-06,8087,238036.0,4237037.0,17.8,17.8,17.8,17.8,1.6,110.0
2021-01-07,8087,2051823.0,37279095.0,19.55,19.55,16.05,19.55,1.75,482.0
2021-01-08,8087,575066.0,11831299.0,21.5,21.5,18.0,19.55,0.0,216.0
2021-01-11,8087,619241.0,13041297.0,20.95,21.5,20.05,21.45,1.9,167.0
2021-01-12,8087,384546.0,8354666.0,22.55,22.55,21.25,21.45,0.0,123.0
2021-01-13,8087,242604.0,5283499.0,22.5,22.5,20.4,20.5,-0.95,78.0
2021-01-14,8087,132691.0,2760800.0,20.5,21.0,20.5,20.8,0.3,71.0
2021-01-15,8087,177250.0,3664537.0,18.75,20.8,18.75,20.8,0.0,66.0
2021-01-18,8087,54620.0,1090322.0,19.4,20.5,19.4,20.5,-0.3,27.0
2021-01-19,8087,83889.0,1785325.0,19.95,21.7,19.85,21.0,0.5,56.0
2021-01-20,8087,113835.0,2453373.0,21.5,21.9,21.0,21.35,0.35,41.0
2021-01-21,8087,65900.0,1317414.0,21.5,21.5,19.55,21.5,0.15,35.0
2021-01-22,8087,226219.0,4722058.0,19.35,21.5,19.35,21.0,-0.5,73.0
2021-01-25,8087,295000.0,5629800.0,19.15,20.6,18.9,19.05,-1.95,89.0
2021-01-26,8087,317202.0,5495790.0,17.15,18.25,17.15,17.15,-1.9,138.0
2021-01-27,8087,310856.0,4844957.0,15.7,16.35,15.45,15.8,-1.35,132.0
2021-01-28,8087,134910.0,2120534.0,16.0,16.05,15.15,15.85,0.05,68.0
2021-01-29,8087,155461.0,2305192.0,15.85,15.95,14.3,14.95,-0.9,94.0
2021-02-01,8087,6800.0,97700.0,14.75,14.75,14.1,14.5,-0.45,9.0
2021-02-02,8087,207277.0,3208610.0,14.65,15.95,14.65,15.95,1.45,115.0
2021-02-03,8087,329395.0,5735758.0,16.55,17.5,16.55,17.5,1.55,182.0
2021-02-04,8087,452161.0,8630654.0,18.9,19.25,18.45,19.25,1.75,170.0
2021-02-05,8087,1016697.0,21260406.0,21.1,21.15,19.7,21.15,1.9,480.0
2021-02-17,8087,732524.0,16990359.0,23.25,23.25,22.2,23.25,2.1,338.0
2021-02-18,8087,884223.0,20366809.0,23.9,24.8,21.1,21.45,-1.8,501.0
2021-02-19,8087,213551.0,4198110.0,20.05,20.2,19.35,19.4,-2.05,121.0
2021-02-22,8087,87758.0,1816234.0,19.65,21.3,19.65,21.3,1.9,59.0
2021-02-23,8087,141694.0,3234805.0,23.35,23.35,21.5,22.25,0.95,90.0
2021-02-24,8087,94831.0,2055783.0,23.0,23.0,20.5,20.6,-1.65,54.0
2021-02-25,8087,70000.0,1467700.0,21.0,21.2,20.8,21.2,0.6,36.0
2021-02-26,8087,50000.0,1012950.0,19.55,20.8,19.55,20.2,-1.0,28.0
2021-03-02,8087,101060.0,2128177.0,20.2,21.85,20.2,21.85,1.65,56.0
2021-03-03,8087,55230.0,1198666.0,21.1,21.85,21.1,21.85,0.0,38.0
2021-03-04,8087,56561.0,1200078.0,22.0,22.0,21.0,21.0,-0.85,37.0
2021-03-05,8087,123010.0,2453356.0,18.9,20.75,18.9,20.75,-0.25,67.0
2021-03-08,8087,180014.0,3752277.0,20.65,21.55,20.45,20.5,-0.25,117.0
2021-03-09,8087,72000.0,1461000.0,20.0,20.9,20.0,20.5,0.0,48.0
2021-03-10,8087,508948.0,11417646.0,21.0,22.55,21.0,22.55,2.05,261.0
2021-03-11,8087,353998.0,7578414.0,22.0,22.3,20.5,21.25,-1.3,218.0
2021-03-12,8087,187913.0,4109989.0,21.2,22.2,21.2,22.0,0.75,124.0
2021-03-15,8087,732233.0,17614959.0,23.5,24.2,23.5,24.2,2.2,276.0
2021-03-16,8087,303816.0,8076401.0,26.6,26.6,26.0,26.6,2.4,151.0
2021-03-17,8087,3538949.0,94331717.0,28.5,29.25,27.1,29.25,2.65,619.0
2021-03-18,8087,629779.0,17535078.0,28.0,29.0,27.0,27.4,-1.85,402.0
2021-03-19,8087,345496.0,9658130.0,26.9,28.6,26.75,28.4,1.0,206.0
2021-03-22,8087,218397.0,6231224.0,28.95,28.95,28.1,28.15,-0.25,186.0
2021-03-23,8087,229096.0,6266609.0,28.15,28.65,26.85,27.0,-1.15,144.0
2021-03-24,8087,112102.0,3108992.0,28.0,28.2,27.0,27.0,0.0,88.0
2021-03-25,8087,96160.0,2577724.0,27.5,27.5,26.5,27.4,0.4,68.0
2021-03-26,8087,239400.0,6271752.0,27.4,27.4,26.0,26.05,-1.35,171.0
2021-03-29,8087,86449.0,2265569.0,26.2,26.65,25.5,26.6,0.55,76.0
2021-03-30,8087,284404.0,8022178.0,27.0,29.0,27.0,28.65,2.05,185.0
2021-03-31,8087,2762491.0,73959745.0,28.9,28.9,27.5,27.95,-0.7,115.0
2021-04-01,8087,152021.0,4247482.0,27.95,28.6,27.6,27.85,-0.1,96.0
2021-04-06,8087,172027.0,4830915.0,27.05,28.5,27.05,28.5,0.65,109.0
2021-04-07,8087,401460.0,11435918.0,28.6,29.15,28.0,28.45,-0.05,171.0
2021-04-08,8087,252792.0,7188377.0,28.45,28.7,28.3,28.5,0.05,140.0
2021-04-09,8087,268120.0,7580207.0,28.9,29.0,27.8,28.0,-0.5,164.0
2021-04-12,8087,239002.0,6700511.0,28.3,28.4,27.6,28.3,0.3,125.0
2021-04-13,8087,250685.0,7128131.0,28.3,28.85,27.5,28.85,0.55,159.0
2021-04-14,8087,381761.0,10668477.0,28.9,29.5,26.05,27.8,-1.05,254.0
2021-04-15,8087,110045.0,3096966.0,27.8,28.5,27.8,28.3,0.5,82.0
2021-04-16,8087,71755.0,2010086.0,29.0,29.0,27.65,27.7,-0.6,53.0
2021-04-19,8087,340407.0,9670443.0,27.7,29.4,26.5,29.4,1.7,231.0
2021-04-20,8087,763759.0,23738679.0,29.8,32.3,28.8,32.3,2.9,448.0
2021-04-21,8087,823858.0,24607083.0,32.2,32.2,29.1,30.3,-2.0,553.0
2021-04-22,8087,542782.0,15015768.0,27.5,28.5,27.3,27.3,-3.0,339.0
2021-04-23,8087,85874.0,2275826.0,24.9,27.5,24.9,27.15,-0.15,72.0
2021-04-26,8087,93002.0,2473354.0,26.0,27.3,26.0,26.5,-0.65,54.0
2021-04-27,8087,35244.0,941679.0,26.5,26.85,26.5,26.8,0.3,36.0
2021-04-28,8087,44210.0,1187054.0,27.7,27.7,26.7,26.8,0.0,44.0
2021-04-29,8087,69169.0,1830375.0,26.3,26.9,26.3,26.7,-0.1,45.0
2021-05-03,8087,101511.0,2655074.0,26.3,26.45,26.0,26.1,-0.6,61.0
2021-05-04,8087,94011.0,2342367.0,26.1,26.1,24.5,24.8,-1.3,70.0
2021-05-05,8087,51100.0,1233204.0,23.1,25.2,23.1,25.15,0.35,32.0
2021-05-06,8087,76051.0,1915229.0,25.15,25.4,24.95,25.2,0.05,52.0
2021-05-07,8087,580002.0,15807599.0,24.1,25.6,24.1,25.6,0.4,63.0
2021-05-10,8087,147193.0,4065932.0,25.6,28.0,25.6,27.9,2.3,102.0
2021-05-11,8087,140303.0,3806543.0,28.3,28.3,26.3,26.35,-1.55,83.0
2021-05-12,8087,79000.0,1947700.0,26.2,26.2,23.8,23.8,-2.55,57.0
2021-05-13,8087,70051.0,1691012.0,23.8,24.9,23.7,24.5,0.7,46.0
2021-05-14,8087,63000.0,1531050.0,23.5,24.6,23.5,24.2,-0.3,29.0
2021-05-17,8087,74003.0,1683316.0,21.85,24.6,21.8,23.1,-1.1,47.0
2021-05-18,8087,55000.0,1369150.0,25.0,25.05,24.0,24.6,1.5,33.0
2021-05-19,8087,22139.0,559883.0,25.4,25.4,24.75,25.2,0.6,18.0
2021-05-20,8087,35002.0,927299.0,26.05,26.8,25.4,25.8,0.6,25.0
2021-05-21,8087,30002.0,785348.0,26.7,26.75,25.6,26.0,0.2,23.0
2021-05-24,8087,9093.0,231406.0,25.5,26.9,24.85,26.5,0.5,11.0
2021-05-25,8087,15001.0,385625.0,25.5,26.5,25.5,25.95,-0.55,14.0
2021-05-26,8087,10000.0,252100.0,25.0,26.0,24.3,25.9,-0.05,9.0
2021-05-27,8087,88000.0,2120350.0,24.0,25.8,23.35,25.5,-0.4,60.0
2021-05-28,8087,17003.0,423322.0,25.25,25.3,24.2,24.9,-0.6,16.0
2021-05-31,8087,9000.0,219150.0,24.8,24.8,24.2,24.3,-0.6,9.0
2021-06-01,8087,30000.0,705200.0,22.5,24.0,22.5,24.0,-0.3,17.0
2021-06-02,8087,24003.0,580320.0,24.0,24.9,23.85,24.9,0.9,16.0
2021-06-03,8087,41000.0,987050.0,23.8,24.55,23.8,24.5,-0.4,25.0
2021-06-04,8087,9000.0,217050.0,23.5,24.3,23.5,24.3,-0.2,5.0
2021-06-07,8087,12010.0,286091.0,23.6,24.1,23.6,24.1,-0.2,10.0
2021-06-08,8087,18000.0,429800.0,23.85,24.0,23.6,24.0,-0.1,11.0
2021-06-09,8087,11044.0,268228.0,24.0,24.65,24.0,24.5,0.5,7.0
2021-06-10,8087,2002.0,49048.0,24.5,24.5,24.5,24.5,0.0,3.0
2021-06-11,8087,44000.0,1033550.0,22.8,24.0,22.8,23.9,-0.6,24.0
2021-06-15,8087,54001.0,1271972.0,23.35,23.95,23.3,23.7,-0.2,37.0
2021-06-16,8087,19000.0,450600.0,23.65,24.0,23.6,24.0,0.3,18.0
2021-06-17,8087,5145.0,123669.0,24.0,24.2,24.0,24.2,0.2,12.0
2021-06-18,8087,13004.0,320793.0,24.8,25.5,23.95,24.4,0.2,16.0
2021-06-21,8087,86481.0,2157703.0,24.4,25.5,24.4,25.5,1.1,46.0
2021-06-22,8087,164484.0,4376403.0,25.05,27.45,24.7,26.8,1.3,109.0
2021-06-23,8087,39004.0,1034749.0,26.7,26.9,25.55,26.85,0.05,35.0
2021-06-24,8087,137934.0,3784607.0,27.2,27.75,26.85,27.65,0.8,77.0
2021-06-25,8087,72028.0,1999517.0,28.0,28.0,27.05,27.8,0.15,43.0
2021-06-28,8087,48004.0,1314954.0,27.9,27.9,27.0,27.15,-0.65,32.0
2021-06-29,8087,59422.0,1599052.0,27.15,27.15,26.55,27.1,-0.05,41.0
2021-06-30,8087,29119.0,781770.0,27.0,27.0,26.5,26.95,-0.15,21.0
2021-07-01,8087,37000.0,985300.0,26.5,26.9,26.0,26.9,-0.05,25.0
2021-07-02,8087,64000.0,1658300.0,25.6,27.0,24.9,26.9,0.0,43.0
2021-07-05,8087,74167.0,1959608.0,26.9,26.9,25.9,26.7,-0.2,35.0
2021-07-06,8087,20890.0,554511.0,25.95,26.85,25.95,26.7,0.0,14.0
2021-07-07,8087,36000.0,965400.0,26.5,27.0,26.5,27.0,0.3,16.0
2021-07-08,8087,100047.0,2708864.0,27.0,27.45,26.9,27.45,0.45,46.0
2021-07-09,8087,24001.0,656176.0,26.8,27.5,26.8,27.45,0.0,16.0
2021-07-12,8087,125953.0,3514806.0,27.6,28.2,27.5,28.0,0.55,68.0
2021-07-13,8087,79213.0,2215035.0,28.0,28.1,27.7,28.1,0.1,42.0
2021-07-14,8087,26000.0,727050.0,27.75,28.1,27.7,28.1,0.0,19.0
2021-07-15,8087,32120.0,900136.0,27.8,28.15,27.7,28.1,0.0,24.0
2021-07-16,8087,59328.0,1665394.0,28.1,28.2,28.0,28.1,0.0,38.0
2021-07-19,8087,31564.0,887748.0,28.1,28.3,28.0,28.3,0.2,23.0
2021-07-20,8087,121082.0,3365190.0,28.3,28.35,26.7,28.35,0.05,49.0
2021-07-21,8087,122992.0,3439776.0,28.35,28.35,27.7,28.3,-0.05,49.0
2021-07-22,8087,58009.0,1619399.0,27.95,28.1,27.8,27.85,-0.45,32.0
2021-07-23,8087,2009069.0,60695869.0,27.9,28.2,27.3,27.95,0.1,44.0
2021-07-26,8087,49119.0,1377327.0,28.1,28.3,27.95,27.95,0.0,41.0
2021-07-27,8087,23000.0,641550.0,27.95,28.0,27.85,27.9,-0.05,21.0
2021-07-28,8087,33158.0,924218.0,28.3,28.3,27.6,27.9,0.0,18.0
2021-07-29,8087,32100.0,891469.0,27.55,28.05,27.5,27.8,-0.1,20.0
2021-07-30,8087,34945.0,971741.0,27.85,27.9,27.7,27.7,-0.1,28.0
2021-08-02,8087,21000.0,581700.0,27.7,27.7,27.7,27.7,0.0,14.0
2021-08-03,8087,32002.0,889804.0,27.7,27.9,27.7,27.8,0.1,21.0
2021-08-04,8087,31425.0,874502.0,27.85,27.9,27.8,27.9,0.1,19.0
2021-08-05,8087,5501.0,152126.0,27.0,27.9,27.0,27.9,0.0,7.0
2021-08-06,8087,41000.0,1149050.0,27.9,28.2,27.9,27.9,0.0,21.0
2021-08-09,8087,19000.0,530350.0,27.9,27.95,27.8,27.9,0.0,12.0
2021-08-10,8087,45000.0,1255900.0,27.9,28.0,27.7,27.95,0.05,25.0
2021-08-11,8087,9100.0,252300.0,27.7,27.9,27.6,27.8,-0.15,9.0
2021-08-12,8087,10010.0,274223.0,27.4,27.8,27.1,27.8,0.0,13.0
2021-08-13,8087,12365.0,340291.0,27.55,27.65,27.5,27.65,-0.15,9.0
2021-08-16,8087,17110.0,467236.0,28.4,28.4,27.0,27.65,0.0,18.0
2021-08-17,8087,4008.0,110117.0,27.35,27.75,27.35,27.75,0.1,5.0
2021-08-18,8087,33900.0,915910.0,26.5,27.45,26.5,27.45,-0.3,17.0
2021-08-19,8087,18470.0,497872.0,27.85,27.85,26.65,27.25,-0.2,16.0
2021-08-20,8087,515004.0,13905007.0,27.75,27.75,26.9,27.0,-0.25,8.0
2021-08-23,8087,5063.0,136641.0,26.95,27.0,26.95,27.0,0.0,6.0
2021-08-24,8087,16616.0,447477.0,26.5,27.35,26.5,27.2,0.2,19.0
2021-08-25,8087,25000.0,674700.0,27.0,27.2,26.8,27.2,0.0,15.0
2021-08-26,8087,5000.0,135000.0,27.1,27.1,26.9,27.0,-0.2,5.0
2021-08-27,8087,2208.0,59924.0,27.3,27.3,27.0,27.0,0.0,5.0
2021-08-30,8087,7000.0,187650.0,26.55,27.25,26.5,27.0,0.0,6.0
2021-08-31,8087,26000.0,694750.0,26.9,26.9,26.6,26.85,-0.15,10.0
2021-09-01,8087,4000.0,108400.0,27.75,27.75,26.85,26.85,0.0,4.0
2021-09-02,8087,3377.0,89751.0,26.55,26.9,26.5,26.5,-0.35,7.0
2021-09-03,8087,41000.0,1052900.0,26.5,26.95,25.0,26.6,0.1,24.0
2021-09-06,8087,1000.0,26500.0,26.5,26.5,26.5,26.5,-0.1,1.0
2021-09-07,8087,41002.0,1099452.0,26.9,26.9,26.4,26.85,0.35,13.0
2021-09-08,8087,1000.0,27150.0,27.15,27.15,27.15,27.15,0.3,1.0
2021-09-09,8087,3000.0,79100.0,26.1,26.9,26.1,26.9,-0.25,3.0
2021-09-10,8087,3000.0,80200.0,26.45,26.9,26.45,26.9,0.0,3.0
2021-09-13,8087,3883.0,102013.0,26.3,26.8,26.3,26.8,-0.1,4.0
2021-09-14,8087,11002.0,289251.0,26.1,26.8,26.0,26.7,-0.1,7.0
2021-09-15,8087,27069.0,694859.0,25.5,26.45,25.3,26.45,-0.25,16.0
2021-09-16,8087,3003.0,79323.0,26.3,26.65,26.3,26.65,0.2,5.0
2021-09-17,8087,21001.0,539626.0,26.9,26.9,25.3,26.55,-0.1,18.0
2021-09-22,8087,0.0,0.0,0.0,0.0,0.0,0.0,0.0,0.0
2021-09-23,8087,1.0,24.0,0.0,0.0,0.0,0.0,0.0,1.0
2021-09-24,8087,4000.0,101750.0,24.8,25.65,24.8,25.65,-0.35,4.0
2021-09-27,8087,46001.0,1195175.0,25.9,26.0,25.9,26.0,0.35,22.0
2021-09-28,8087,6000.0,153800.0,26.0,26.0,25.0,25.95,-0.05,5.0
2021-09-29,8087,1561.0,39992.0,25.8,25.8,25.8,25.8,-0.15,4.0
2021-09-30,8087,17000.0,413400.0,25.3,25.3,24.0,24.8,-1.0,14.0
2021-10-01,8087,13000.0,318900.0,24.75,24.8,24.0,24.4,-0.4,13.0
2021-10-04,8087,1000.0,24400.0,24.4,24.4,24.4,24.4,0.0,1.0
2021-10-05,8087,0.0,0.0,0.0,0.0,0.0,0.0,0.0,0.0
2021-10-06,8087,3.0,66.0,0.0,0.0,0.0,0.0,0.0,2.0
2021-10-07,8087,2000.0,48700.0,24.35,24.35,24.35,24.35,0.35,2.0
2021-10-08,8087,4019.0,94012.0,23.15,24.1,23.0,24.1,-0.25,5.0
2021-10-12,8087,1002.0,24248.0,24.2,24.2,24.2,24.2,0.1,3.0
2021-10-13,8087,2000.0,48100.0,24.0,24.1,24.0,24.1,-0.1,2.0
2021-10-14,8087,0.0,0.0,0.0,0.0,0.0,0.0,0.0,0.0
2021-10-15,8087,17000.0,410450.0,24.1,24.2,24.1,24.2,0.1,12.0
2021-10-18,8087,32000.0,794650.0,24.25,25.0,24.25,25.0,0.8,22.0
2021-10-19,8087,14032.0,364028.0,25.85,26.0,25.8,26.0,1.0,14.0
2021-10-20,8087,20000.0,523150.0,26.0,26.65,26.0,26.0,0.0,20.0
2021-10-21,8087,14000.0,368600.0,26.4,26.4,26.2,26.35,0.35,11.0
2021-10-22,8087,16022.0,427325.0,27.25,27.25,26.35,27.0,0.65,15.0
2021-10-25,8087,11000.0,292950.0,26.5,26.85,26.0,26.75,-0.25,10.0
2021-10-26,8087,22793.0,611105.0,26.8,26.95,26.6,26.85,0.1,20.0
2021-10-27,8087,13000.0,348900.0,26.9,27.35,26.7,26.85,0.0,10.0
2021-10-28,8087,8000.0,214450.0,26.85,26.95,26.6,26.95,0.1,8.0
2021-10-29,8087,35329.0,930417.0,26.7,26.85,26.0,26.85,-0.1,20.0
2021-11-01,8087,5000.0,133650.0,26.85,26.9,26.5,26.9,0.05,4.0
2021-11-02,8087,4000.0,106100.0,26.4,26.8,26.2,26.7,-0.2,4.0
2021-11-03,8087,21171.0,556897.0,26.85,26.85,25.9,26.5,-0.2,19.0
2021-11-04,8087,36361.0,947215.0,26.5,26.75,25.4,26.0,-0.5,26.0
2021-11-05,8087,40815.0,1068318.0,26.4,26.5,25.7,26.5,0.5,25.0
2021-11-08,8087,31015.0,796124.0,25.8,26.0,25.25,25.95,-0.55,24.0
2021-11-09,8087,13003.0,327973.0,25.2,25.6,25.0,25.5,-0.45,10.0
2021-11-10,8087,33343.0,845169.0,25.0,25.9,25.0,25.5,0.0,23.0
2021-11-11,8087,461434.0,12130550.0,25.55,26.8,25.55,26.3,0.8,19.0
2021-11-12,8087,56300.0,1501570.0,26.2,27.0,26.0,26.85,0.55,38.0
2021-11-15,8087,62010.0,1640912.0,26.5,26.8,26.2,26.5,-0.35,40.0
2021-11-16,8087,38125.0,980110.0,26.6,26.6,25.45,26.45,-0.05,23.0
2021-11-17,8087,19100.0,489800.0,25.4,26.4,25.4,26.35,-0.1,14.0
2021-11-18,8087,44323.0,1174932.0,26.35,26.95,25.8,26.7,0.35,35.0
2021-11-19,8087,16800.0,442700.0,26.25,26.6,26.2,26.6,-0.1,16.0
2021-11-22,8087,43615.0,1138421.0,26.2,26.6,25.55,25.55,-1.05,30.0
2021-11-23,8087,6000.0,157650.0,26.4,26.4,26.25,26.25,0.7,5.0
2021-11-24,8087,22000.0,589750.0,26.75,26.85,26.75,26.75,0.5,14.0
2021-11-25,8087,35102.0,940102.0,27.0,27.0,26.5,26.9,0.15,26.0
2021-11-26,8087,9000.0,236250.0,26.0,26.7,26.0,26.55,-0.35,4.0
2021-11-29,8087,2000.0,53600.0,26.85,26.85,26.75,26.75,0.2,2.0
2021-11-30,8087,16013.0,420488.0,27.05,27.05,26.1,26.55,-0.2,16.0
2021-12-01,8087,20001.0,521226.0,26.5,26.5,26.0,26.35,-0.2,15.0
2021-12-02,8087,14303.0,372368.0,26.0,26.2,26.0,26.0,-0.35,6.0
2021-12-03,8087,33000.0,849900.0,26.0,26.0,25.5,25.5,-0.5,12.0
2021-12-06,8087,25000.0,639000.0,26.35,26.35,25.5,25.55,0.05,15.0
2021-12-07,8087,47000.0,1178200.0,25.85,25.85,25.0,25.2,-0.35,20.0
2021-12-08,8087,26000.0,657000.0,26.05,26.05,25.2,25.4,0.2,10.0
2021-12-09,8087,9781.0,248507.0,25.4,25.6,25.4,25.6,0.2,8.0
2021-12-10,8087,28520.0,725130.0,26.45,26.45,25.3,25.7,0.1,17.0
2021-12-13,8087,35001.0,895525.0,25.55,25.95,25.5,25.5,-0.2,13.0
2021-12-14,8087,16006.0,398747.0,24.65,25.45,24.6,25.45,-0.05,10.0
2021-12-15,8087,76000.0,1934550.0,25.45,25.5,25.3,25.5,0.05,21.0
2021-12-16,8087,48566.0,1230801.0,25.2,25.6,25.2,25.55,0.05,23.0
2021-12-17,8087,12450.0,311587.0,25.1,25.75,24.9,25.75,0.2,9.0
2021-12-20,8087,13256.0,335299.0,25.2,25.8,25.2,25.8,0.05,15.0
2021-12-21,8087,21000.0,529400.0,25.2,25.4,25.2,25.4,-0.4,12.0
2021-12-22,8087,49865.0,1256592.0,25.35,25.35,25.0,25.0,-0.4,20.0
2021-12-23,8087,49002.0,1226649.0,25.3,25.3,24.9,24.95,-0.05,17.0
2021-12-24,8087,24002.0,599047.0,24.9,25.8,24.8,25.15,0.2,14.0
2021-12-27,8087,28000.0,696400.0,25.0,25.05,24.3,25.0,-0.15,13.0
2021-12-28,8087,45000.0,1114950.0,24.95,25.1,24.5,25.1,0.1,22.0
2021-12-29,8087,21000.0,517200.0,24.8,24.95,24.5,24.95,-0.15,13.0
2021-12-30,8087,311800.0,8282759.0,25.8,27.4,24.0,26.4,1.45,153.0
2022-01-03,8087,570156.0,14679459.0,26.0,26.55,25.7,25.7,-0.7,37.0
2022-01-04,8087,1121754.0,30467779.0,26.55,28.25,26.55,27.5,1.8,70.0
2022-01-05,8087,753358.0,22651455.0,28.3,30.25,28.0,30.25,2.75,362.0
2022-01-06,8087,534683.0,15549072.0,27.3,30.45,27.25,29.9,-0.35,250.0
2022-01-07,8087,210041.0,6203581.0,28.25,30.45,28.25,29.9,0.0,120.0
2022-01-10,8087,159120.0,4693458.0,29.0,29.9,28.7,28.7,-1.2,91.0
2022-01-11,8087,860801.0,27046978.0,30.0,31.55,30.0,31.55,2.85,397.0
2022-01-12,8087,552624.0,17470009.0,33.4,33.4,29.05,31.5,-0.05,338.0
2022-01-13,8087,187325.0,5498849.0,30.0,30.25,28.9,28.9,-2.6,125.0
2022-01-14,8087,157116.0,4220436.0,28.2,28.2,26.05,27.85,-1.05,107.0
2022-01-17,8087,62401.0,1702536.0,27.0,27.5,27.0,27.15,-0.7,45.0
2022-01-18,8087,47005.0,1279288.0,27.15,27.95,27.15,27.5,0.35,25.0
2022-01-19,8087,31200.0,862790.0,27.5,28.0,27.4,28.0,0.5,22.0
2022-01-20,8087,77000.0,2186100.0,28.85,29.0,27.7,29.0,1.0,44.0
2022-01-21,8087,211918.0,6464015.0,29.0,31.65,28.15,31.5,2.5,124.0
2022-01-24,8087,337560.0,10946123.0,33.0,33.5,31.45,32.95,1.45,219.0
2022-01-25,8087,172043.0,5537646.0,33.35,33.35,31.6,31.6,-1.35,99.0
2022-01-26,8087,102912.0,3113637.0,29.1,31.25,29.1,30.85,-0.75,75.0
2022-02-07,8087,86000.0,2695650.0,30.9,31.95,30.5,31.6,0.75,46.0
2022-02-08,8087,96635.0,3084431.0,32.7,32.7,31.6,31.7,0.1,71.0
2022-02-09,8087,44859.0,1418509.0,32.0,32.0,31.55,31.6,-0.1,37.0
2022-02-10,8087,37005.0,1175510.0,32.05,32.05,31.3,31.8,0.2,31.0
2022-02-11,8087,326366.0,10844273.0,32.05,34.95,31.05,34.95,3.15,206.0
2022-02-14,8087,522917.0,18501369.0,35.0,37.0,34.0,34.4,-0.55,343.0
2022-02-15,8087,256678.0,9702426.0,37.8,37.8,37.8,37.8,3.4,127.0
2022-02-16,8087,709472.0,27020450.0,37.5,39.65,36.85,37.2,-0.6,468.0
2022-02-17,8087,296332.0,10563598.0,36.8,37.2,34.6,34.7,-2.5,220.0
2022-02-18,8087,166265.0,5723595.0,34.2,35.95,33.0,34.9,0.2,140.0
2022-02-21,8087,85266.0,2927412.0,33.65,35.1,33.65,34.8,-0.1,68.0
2022-02-22,8087,92002.0,3166069.0,34.95,34.95,33.75,33.8,-1.0,64.0
2022-02-23,8087,133039.0,4530483.0,33.8,34.9,33.55,33.55,-0.25,87.0
2022-02-24,8087,55014.0,1825559.0,34.05,34.05,32.65,32.65,-0.9,44.0
2022-02-25,8087,33046.0,1076760.0,32.7,33.15,32.0,32.05,-0.6,26.0
2022-03-01,8087,43141.0,1397006.0,32.5,32.7,32.2,32.35,0.3,46.0
2022-03-02,8087,63421.0,2003836.0,32.05,32.3,31.0,31.1,-1.25,59.0
2022-03-03,8087,46199.0,1483312.0,31.25,32.9,31.25,32.3,1.2,41.0
2022-03-04,8087,32011.0,1040401.0,32.0,32.9,32.0,32.7,0.4,30.0
2022-03-07,8087,70038.0,2188854.0,32.5,32.5,30.7,31.6,-1.1,50.0
2022-03-08,8087,54169.0,1694672.0,30.8,31.7,30.8,31.7,0.1,46.0
2022-03-09,8087,15000.0,488500.0,33.5,33.5,31.7,31.7,0.0,13.0
2022-03-10,8087,113422.0,3721061.0,31.7,33.35,31.7,32.8,1.1,82.0
2022-03-11,8087,221384.0,7548326.0,33.2,35.4,33.0,33.8,1.0,166.0
2022-03-14,8087,118317.0,3950164.0,33.9,34.25,32.6,32.6,-1.2,90.0
2022-03-15,8087,64146.0,2021462.0,32.4,32.4,31.2,31.35,-1.25,56.0
2022-03-16,8087,63002.0,1972914.0,31.35,31.75,31.1,31.75,0.4,40.0
2022-03-17,8087,73344.0,2366803.0,32.55,32.65,31.65,31.85,0.1,47.0
2022-03-18,8087,22848.0,723315.0,31.1,32.2,31.1,31.35,-0.5,19.0
2022-03-21,8087,23000.0,728700.0,31.2,32.15,31.2,31.6,0.25,22.0
2022-03-22,8087,85252.0,2637702.0,31.35,31.95,30.7,30.7,-0.9,78.0
2022-03-23,8087,80617.0,2521612.0,31.8,31.8,31.0,31.45,0.75,56.0
2022-03-24,8087,63017.0,1935982.0,31.95,31.95,30.4,31.4,-0.05,49.0
2022-03-25,8087,116335.0,3573899.0,30.75,31.7,30.2,30.8,-0.6,77.0
2022-03-28,8087,65059.0,1961272.0,30.8,30.8,29.9,29.95,-0.85,57.0
2022-03-29,8087,35692.0,1070960.0,30.9,30.9,29.9,30.3,0.35,30.0
2022-03-30,8087,121248.0,3553481.0,28.9,30.4,28.9,29.95,-0.35,60.0
2022-03-31,8087,115158.0,3335538.0,29.9,29.9,28.6,29.4,-0.55,67.0
2022-04-01,8087,94230.0,2720750.0,28.5,30.25,28.25,30.15,0.75,55.0
2022-04-06,8087,31075.0,929494.0,30.2,30.2,29.5,30.05,-0.1,30.0
2022-04-07,8087,59248.0,1740960.0,29.9,29.9,29.0,29.45,-0.6,52.0
2022-04-08,8087,39047.0,1147084.0,29.0,29.6,29.0,29.5,0.05,24.0
2022-04-11,8087,37365.0,1106345.0,28.7,30.3,28.7,29.0,-0.5,30.0
2022-04-12,8087,54102.0,1559908.0,28.6,29.45,28.0,29.45,0.45,39.0
2022-04-13,8087,23017.0,667998.0,27.7,29.65,27.7,29.1,-0.35,20.0
2022-04-14,8087,42003.0,1241187.0,28.75,30.4,28.75,30.0,0.9,33.0
2022-04-15,8087,20001.0,593880.0,30.1,30.1,29.1,30.1,0.1,19.0
2022-04-18,8087,29003.0,844183.0,29.1,29.85,28.85,29.85,-0.25,23.0
2022-04-19,8087,194647.0,5969564.0,29.95,31.6,28.95,31.6,1.75,94.0
2022-04-20,8087,444901.0,15024789.0,31.8,34.75,30.55,34.35,2.75,222.0
2022-04-21,8087,1343737.0,49691285.0,33.1,37.75,33.1,37.4,3.05,615.0
2022-04-22,8087,2543115.0,102438640.0,37.55,41.05,36.5,40.95,3.55,1306.0
2022-04-25,8087,3738992.0,164775849.0,41.5,45.0,41.45,45.0,4.05,1774.0
2022-04-26,8087,1939527.0,87216237.0,45.0,46.0,43.5,44.9,-0.1,1313.0
2022-04-27,8087,920783.0,40371634.0,41.6,45.0,41.6,44.9,0.0,540.0
2022-04-28,8087,1527829.0,71580732.0,44.8,48.8,44.8,47.1,2.2,906.0
2022-04-29,8087,1499270.0,68690273.0,47.4,47.5,43.2,47.35,0.25,1056.0
2022-05-03,8087,756412.0,35292905.0,47.35,47.5,45.45,46.8,-0.55,584.0
2022-05-04,8087,648756.0,30713185.0,47.8,48.0,46.5,47.1,0.3,439.0
2022-05-05,8087,966325.0,46203205.0,48.8,48.8,47.3,48.0,0.9,595.0
2022-05-06,8087,1106183.0,55237877.0,47.0,52.5,47.0,51.3,3.3,762.0
2022-05-09,8087,1312764.0,70764448.0,51.3,55.8,51.3,54.4,3.1,940.0
2022-05-10,8087,1511053.0,82693912.0,53.0,57.0,53.0,53.1,-1.3,1058.0
2022-05-11,8087,839933.0,44192387.0,53.7,53.9,51.0,51.9,-1.2,633.0
2022-05-12,8087,1840918.0,91072191.0,53.9,53.9,46.8,47.6,-4.3,1336.0
2022-05-13,8087,1430503.0,62458463.0,46.0,47.6,42.85,42.85,-4.75,1009.0
2022-05-16,8087,963459.0,37531963.0,39.35,40.5,38.6,38.6,-4.25,705.0
2022-05-17,8087,1240777.0,50775280.0,38.1,42.45,37.55,42.45,3.85,706.0
2022-05-18,8087,1290237.0,57487558.0,43.6,46.5,42.55,43.4,0.95,940.0
2022-05-19,8087,894388.0,38862695.0,40.65,45.7,39.4,45.4,2.0,678.0
2022-05-20,8087,1152021.0,53633019.0,45.1,47.7,45.1,45.55,0.15,827.0
2022-05-23,8087,599222.0,27290913.0,46.05,46.5,45.05,45.05,-0.5,457.0
2022-05-24,8087,593518.0,26101411.0,45.6,45.65,42.6,42.6,-2.45,490.0
2022-05-25,8087,563158.0,24810398.0,43.75,45.35,41.25,44.3,1.7,415.0
2022-05-26,8087,662916.0,30342285.0,45.3,46.95,44.6,44.75,0.45,490.0
2022-05-27,8087,562820.0,25328973.0,45.4,46.45,43.65,44.45,-0.3,446.0
2022-05-30,8087,428349.0,19067457.0,45.0,45.4,44.0,44.1,-0.35,425.0
2022-05-31,8087,579602.0,25456434.0,44.2,45.5,42.45,42.65,-1.45,419.0
2022-06-01,8087,922013.0,38539188.0,42.15,43.35,40.9,43.3,0.65,649.0
2022-06-02,8087,2049311.0,91021633.0,43.7,47.6,40.5,47.6,4.3,1072.0
2022-06-06,8087,3682566.0,191952312.0,52.3,52.3,51.0,52.2,4.6,2217.0
2022-06-07,8087,2234265.0,108331602.0,48.6,51.5,47.05,47.5,-4.7,1780.0
2022-06-08,8087,1590235.0,78642417.0,46.5,51.5,45.85,49.5,2.0,1301.0
2022-06-09,8087,576766.0,28294749.0,49.6,50.3,48.0,48.75,-0.75,495.0
2022-06-10,8087,549805.0,26183980.0,48.3,48.95,47.1,47.35,-1.4,472.0
2022-06-13,8087,1007889.0,49436128.0,49.0,50.0,48.25,48.8,1.45,935.0
2022-06-14,8087,1730560.0,77660663.0,49.0,49.0,43.95,44.25,-4.55,1398.0
2022-06-15,8087,728153.0,31696376.0,44.65,44.65,42.6,42.6,-1.65,757.0
2022-06-16,8087,651244.0,27251416.0,42.7,43.6,40.2,40.2,-2.4,585.0
2022-06-17,8087,723860.0,28432202.0,40.3,40.3,38.0,40.0,-0.2,483.0
2022-06-20,8087,526258.0,20329857.0,40.8,40.8,37.2,37.2,-2.8,492.0
2022-06-21,8087,237756.0,8964385.0,37.8,38.2,37.2,37.85,0.65,212.0
2022-06-22,8087,318551.0,11653898.0,37.6,38.05,35.5,35.5,-2.35,366.0
2022-06-23,8087,378313.0,13636441.0,35.7,37.0,35.6,36.55,1.05,261.0
2022-06-24,8087,307624.0,11439470.0,36.15,38.0,36.15,37.0,0.45,238.0
2022-06-27,8087,225458.0,8646643.0,37.65,38.8,37.65,38.5,1.5,275.0
2022-06-28,8087,233163.0,8653525.0,38.4,38.4,36.75,36.9,-1.6,220.0
2022-06-29,8087,249416.0,8960197.0,36.0,36.35,35.4,36.0,-0.9,196.0
2022-06-30,8087,286368.0,9906675.0,35.5,35.5,33.85,34.1,-1.9,206.0
2022-07-01,8087,267929.0,9261868.0,34.2,36.35,33.55,33.65,-0.45,215.0
2022-07-04,8087,182817.0,6092253.0,33.65,33.9,32.3,33.1,-0.55,149.0
2022-07-05,8087,130766.0,4410067.0,33.9,34.5,33.1,33.85,0.75,111.0
2022-07-06,8087,146250.0,4824038.0,33.8,33.8,32.65,32.7,-1.15,119.0
2022-07-07,8087,176539.0,5990145.0,32.5,34.6,32.4,34.0,1.3,133.0
2022-07-08,8087,165693.0,5743850.0,35.95,35.95,34.15,34.45,0.45,139.0
2022-07-11,8087,227260.0,8003376.0,34.45,35.95,34.25,35.95,1.5,186.0
2022-07-12,8087,370340.0,12228738.0,33.5,34.0,32.4,33.4,-2.55,287.0
2022-07-13,8087,122471.0,4159723.0,33.5,35.15,33.2,33.7,0.3,112.0
2022-07-14,8087,133216.0,4421901.0,33.6,34.0,32.5,33.0,-0.7,128.0
2022-07-15,8087,113054.0,3722529.0,33.4,33.9,32.5,32.6,-0.4,94.0
2022-07-18,8087,166162.0,5384624.0,32.65,33.0,32.15,32.6,0.0,158.0
2022-07-19,8087,91000.0,2972300.0,32.4,33.0,32.4,32.75,0.15,73.0
2022-07-20,8087,180140.0,5842436.0,33.3,33.3,32.2,32.3,-0.45,125.0
2022-07-21,8087,78620.0,2537331.0,32.35,32.5,32.1,32.3,0.0,72.0
2022-07-22,8087,152599.0,4911629.0,32.2,32.8,31.85,32.1,-0.2,122.0
2022-07-25,8087,109541.0,3482096.0,31.8,31.95,31.7,31.9,-0.2,105.0
2022-07-26,8087,165273.0,5135032.0,32.7,32.7,30.7,31.0,-0.9,138.0
2022-07-27,8087,196983.0,5946358.0,30.8,30.9,29.95,30.4,-0.6,190.0
2022-07-28,8087,375063.0,12317670.0,30.65,33.4,30.65,33.4,3.0,256.0
2022-07-29,8087,626333.0,22710949.0,34.9,36.7,34.3,36.7,3.3,418.0
2022-08-01,8087,721689.0,26677421.0,37.95,38.45,35.8,36.15,-0.55,558.0
2022-08-02,8087,339494.0,11562107.0,35.7,35.7,33.45,33.5,-2.65,305.0
2022-08-03,8087,168540.0,5667356.0,33.5,34.9,32.8,33.85,0.35,180.0
2022-08-04,8087,154223.0,5077820.0,34.35,34.35,32.45,32.6,-1.25,129.0
2022-08-05,8087,116399.0,3892726.0,32.5,34.15,32.5,33.65,1.05,99.0
2022-08-08,8087,65798.0,2228074.0,33.65,34.5,33.65,33.7,0.05,67.0
2022-08-09,8087,102437.0,3428469.0,32.9,33.9,32.9,33.7,0.0,70.0
2022-08-10,8087,134150.0,4535504.0,33.5,34.2,33.45,33.75,0.05,103.0
2022-08-11,8087,200304.0,6693909.0,33.55,34.15,32.6,33.15,-0.6,162.0
2022-08-12,8087,164500.0,5427841.0,33.1,33.6,32.75,33.0,-0.15,109.0
2022-08-15,8087,245050.0,7872296.0,31.9,33.15,31.5,32.45,-0.55,189.0
2022-08-16,8087,219225.0,6957421.0,32.4,32.4,31.55,31.6,-0.85,166.0
2022-08-17,8087,147079.0,4684658.0,31.65,32.35,31.0,32.0,0.4,111.0
2022-08-18,8087,199441.0,6330586.0,32.0,32.35,31.5,31.5,-0.5,158.0
2022-08-19,8087,165489.0,5226253.0,31.95,32.0,31.45,31.55,0.05,96.0
2022-08-22,8087,154459.0,4816713.0,31.55,31.55,31.0,31.0,-0.55,131.0
2022-08-23,8087,74377.0,2331220.0,31.0,31.7,30.95,31.35,0.35,72.0
2022-08-24,8087,100003.0,3133343.0,31.45,31.5,31.1,31.1,-0.25,65.0
2022-08-25,8087,162541.0,5244048.0,31.05,32.7,31.05,32.55,1.45,142.0
2022-08-26,8087,217532.0,7198959.0,33.5,33.5,32.55,32.55,0.0,163.0
2022-08-29,8087,83133.0,2584868.0,31.25,31.95,30.3,31.6,-0.95,67.0
2022-08-30,8087,38763.0,1238898.0,32.0,32.5,31.5,31.75,0.15,56.0
2022-08-31,8087,90148.0,2821195.0,32.0,32.0,31.0,31.4,-0.35,73.0
2022-09-01,8087,109046.0,3400126.0,31.4,31.5,31.05,31.1,-0.3,66.0
2022-09-02,8087,59000.0,1838700.0,31.15,31.2,31.1,31.2,0.1,34.0
2022-09-05,8087,282603.0,9205862.0,31.4,33.4,31.4,32.6,1.4,207.0
2022-09-06,8087,154457.0,4893995.0,32.1,32.5,31.4,31.4,-1.2,109.0
2022-09-07,8087,148332.0,4594566.0,31.2,31.4,30.6,31.4,0.0,89.0
2022-09-08,8087,108222.0,3333084.0,31.5,31.5,30.6,30.75,-0.65,81.0
2022-09-12,8087,60020.0,1845420.0,30.8,30.9,30.55,30.55,-0.2,46.0
2022-09-13,8087,80201.0,2444888.0,30.4,30.6,30.4,30.4,-0.15,60.0
2022-09-14,8087,96385.0,2926181.0,30.4,30.55,30.0,30.5,0.1,65.0
2022-09-15,8087,150003.0,4640693.0,30.5,31.5,30.4,30.4,-0.1,104.0
2022-09-16,8087,49449.0,1508143.0,30.4,31.0,30.3,30.55,0.15,72.0
2022-09-19,8087,152373.0,4529008.0,30.3,30.3,29.4,29.45,-1.1,119.0
2022-09-20,8087,51000.0,1507100.0,29.7,29.75,29.45,29.45,0.0,41.0
2022-09-21,8087,67100.0,1948949.0,29.05,29.2,28.95,28.95,-0.5,53.0
2022-09-22,8087,72000.0,2081400.0,29.0,29.15,28.75,29.0,0.05,46.0
2022-09-23,8087,72241.0,2074649.0,29.0,29.55,28.3,28.55,-0.45,53.0
2022-09-26,8087,133040.0,3654562.0,28.05,28.1,27.0,27.3,-1.25,85.0
2022-09-27,8087,144634.0,3861626.0,27.85,27.85,26.2,26.95,-0.35,81.0
2022-09-28,8087,97786.0,2513185.0,26.55,26.55,25.0,25.0,-1.95,70.0
2022-09-29,8087,31183.0,781460.0,25.3,25.3,24.55,24.55,-0.45,36.0
2022-09-30,8087,63458.0,1524108.0,23.8,24.35,23.6,24.3,-0.25,48.0
2022-10-03,8087,70199.0,1703724.0,24.0,24.5,24.0,24.2,-0.1,39.0
2022-10-04,8087,89794.0,2271743.0,24.5,26.1,24.5,25.5,1.3,66.0
2022-10-05,8087,82400.0,2065512.0,25.4,25.6,24.85,25.25,-0.25,57.0
2022-10-06,8087,40000.0,1009450.0,25.25,25.4,25.1,25.15,-0.1,31.0
2022-10-07,8087,42044.0,1051300.0,25.2,25.2,24.8,24.8,-0.35,30.0
2022-10-11,8087,32000.0,773000.0,23.6,24.75,23.6,24.35,-0.45,26.0
2022-10-12,8087,204325.0,5324359.0,25.0,26.75,24.4,26.75,2.4,122.0
2022-10-13,8087,580443.0,16792933.0,26.0,29.4,25.75,29.4,2.65,450.0
2022-10-14,8087,307688.0,8961982.0,29.5,30.0,28.5,28.8,-0.6,228.0
2022-10-17,8087,188740.0,5000953.0,27.75,27.75,26.0,26.75,-2.05,139.0
2022-10-18,8087,67825.0,1789693.0,26.75,26.75,26.25,26.6,-0.15,61.0
2022-10-19,8087,58001.0,1566927.0,27.1,27.25,26.6,27.05,0.45,51.0
2022-10-20,8087,38002.0,1021403.0,27.0,27.0,26.55,26.65,-0.4,36.0
2022-10-21,8087,59000.0,1557350.0,26.6,26.85,26.0,26.15,-0.5,45.0
2022-10-24,8087,28001.0,738426.0,26.4,27.0,26.15,26.15,0.0,19.0
2022-10-25,8087,48027.0,1224103.0,25.85,26.0,25.2,25.2,-0.95,38.0
2022-10-26,8087,30189.0,780888.0,25.7,26.65,25.65,25.7,0.5,26.0
2022-10-27,8087,37000.0,967200.0,25.9,26.4,25.85,26.4,0.7,30.0
2022-10-28,8087,19080.0,504404.0,26.8,26.8,26.3,26.4,0.0,19.0
2022-10-31,8087,28000.0,746000.0,26.65,26.7,26.4,26.7,0.3,22.0
2022-11-01,8087,16001.0,430876.0,26.7,27.05,26.7,27.0,0.3,16.0
2022-11-02,8087,67001.0,1840727.0,27.0,27.7,27.0,27.15,0.15,48.0
2022-11-03,8087,30001.0,822927.0,27.6,27.65,27.2,27.25,0.1,26.0
2022-11-04,8087,26018.0,714598.0,27.85,27.85,27.25,27.55,0.3,21.0
2022-11-07,8087,17950.0,497175.0,28.6,28.65,27.5,27.55,0.0,20.0
2022-11-08,8087,91169.0,2440576.0,27.25,27.35,26.5,26.5,-1.05,69.0
2022-11-09,8087,43000.0,1136450.0,26.5,26.5,26.05,26.3,-0.2,25.0
2022-11-10,8087,23001.0,612773.0,26.8,26.9,26.2,26.8,0.5,21.0
2022-11-11,8087,41011.0,1093492.0,26.95,27.0,26.35,26.65,-0.15,40.0
2022-11-14,8087,35000.0,925350.0,26.8,26.8,26.0,26.0,-0.65,24.0
2022-11-15,8087,43020.0,1119310.0,26.05,26.55,25.85,26.0,0.0,38.0
2022-11-16,8087,55025.0,1424551.0,26.7,26.7,25.75,26.0,0.0,45.0
2022-11-17,8087,18239.0,475657.0,25.9,26.35,25.9,25.95,-0.05,29.0
2022-11-18,8087,88210.0,2253359.0,25.95,25.95,25.3,25.9,-0.05,67.0
2022-11-21,8087,40015.0,1005584.0,24.9,25.95,24.9,25.15,-0.75,36.0
2022-11-22,8087,26000.0,658100.0,25.2,25.6,25.2,25.2,0.05,21.0
2022-11-23,8087,49001.0,1231125.0,24.4,25.3,24.4,25.3,0.1,40.0
2022-11-24,8087,23041.0,584644.0,25.8,25.8,25.25,25.25,-0.05,24.0
2022-11-25,8087,44002.0,1111799.0,25.25,25.6,25.0,25.0,-0.25,27.0
2022-11-28,8087,169580.0,4582129.0,25.65,27.5,25.6,27.5,2.5,122.0
2022-11-29,8087,128281.0,3468745.0,27.5,27.5,26.6,26.85,-0.65,106.0
2022-11-30,8087,40355.0,1104320.0,27.45,27.65,27.15,27.15,0.3,37.0
2022-12-01,8087,69046.0,1867277.0,27.6,27.6,26.55,26.75,-0.4,60.0
2022-12-02,8087,30200.0,812600.0,26.7,27.05,26.7,26.9,0.15,24.0
2022-12-05,8087,33818.0,898847.0,26.95,26.95,26.4,26.95,0.05,29.0
2022-12-06,8087,52002.0,1401407.0,27.45,27.45,26.35,26.95,0.0,36.0
2022-12-07,8087,43001.0,1136376.0,26.5,27.2,26.0,26.8,-0.15,32.0
2022-12-08,8087,23030.0,606294.0,27.05,27.05,26.1,26.5,-0.3,25.0
2022-12-09,8087,39250.0,1047625.0,26.5,26.9,26.5,26.75,0.25,25.0
2022-12-12,8087,29040.0,775182.0,26.8,26.85,26.4,26.7,-0.05,30.0
2022-12-13,8087,179264.0,4511572.0,25.55,26.3,24.5,25.0,-1.7,137.0
2022-12-14,8087,42010.0,1063900.0,25.45,25.5,24.9,25.45,0.45,32.0
2022-12-15,8087,36235.0,918086.0,25.15,25.75,25.0,25.75,0.3,37.0
2022-12-16,8087,50000.0,1263850.0,25.65,25.7,25.0,25.5,-0.25,32.0
2022-12-19,8087,17000.0,429050.0,25.1,25.5,25.0,25.0,-0.5,16.0
2022-12-20,8087,45569.0,1148358.0,25.0,25.75,25.0,25.0,0.0,37.0
2022-12-21,8087,29238.0,737769.0,25.05,25.55,25.0,25.0,0.0,31.0
2022-12-22,8087,25010.0,628500.0,25.05,25.45,25.0,25.2,0.2,23.0
2022-12-23,8087,34000.0,857350.0,25.25,25.3,25.0,25.25,0.05,21.0
2022-12-26,8087,41000.0,1038600.0,25.25,25.6,25.0,25.4,0.15,33.0
2022-12-27,8087,24015.0,604025.0,25.15,25.35,25.1,25.1,-0.3,18.0
2022-12-28,8087,74000.0,1858900.0,25.2,25.25,25.1,25.1,0.0,35.0
2022-12-29,8087,261237.0,6558191.0,25.2,25.35,25.1,25.15,0.05,15.0
2022-12-30,8087,300111.0,7552605.0,25.2,25.4,25.1,25.4,0.25,55.0
2023-01-03,8087,12780.0,322393.0,25.4,25.4,25.15,25.3,-0.1,12.0
2023-01-04,8087,13003.0,330725.0,25.6,25.6,25.25,25.25,-0.05,11.0
2023-01-05,8087,32000.0,806100.0,25.25,25.5,24.95,25.5,0.25,26.0
2023-01-06,8087,20000.0,510150.0,25.5,25.7,25.35,25.35,-0.15,20.0
2023-01-09,8087,50075.0,1249867.0,24.95,25.2,24.9,24.95,-0.4,38.0
2023-01-10,8087,45549.0,1139310.0,25.1,25.25,24.8,24.8,-0.15,47.0
2023-01-11,8087,132915.0,3621933.0,27.25,27.25,27.25,27.25,2.45,75.0
2023-01-12,8087,193748.0,5802750.0,29.95,29.95,29.95,29.95,2.7,111.0
2023-01-13,8087,608555.0,18805327.0,32.5,32.5,29.7,30.15,0.2,535.0
2023-01-16,8087,237345.0,6928979.0,28.8,30.15,28.5,29.7,-0.45,192.0
2023-01-17,8087,166059.0,4904150.0,29.7,30.15,29.0,29.8,0.1,107.0
2023-01-30,8087,89220.0,2619216.0,29.75,29.75,28.7,29.7,-0.1,82.0
2023-01-31,8087,43010.0,1262296.0,29.5,29.7,29.1,29.45,-0.25,37.0
2023-02-01,8087,51020.0,1504800.0,29.15,29.95,29.15,29.2,-0.25,40.0
2023-02-02,8087,79103.0,2341927.0,29.6,29.8,29.3,29.35,0.15,87.0
2023-02-03,8087,44000.0,1290550.0,29.2,29.6,29.0,29.6,0.25,42.0
2023-02-06,8087,25299.0,742008.0,29.15,29.45,29.1,29.3,-0.3,26.0
2023-02-07,8087,55175.0,1644762.0,29.65,30.1,29.35,30.1,0.8,56.0
2023-02-08,8087,98047.0,2938110.0,30.1,30.2,29.75,29.8,-0.3,52.0
2023-02-09,8087,13274.0,395873.0,29.75,29.95,29.65,29.95,0.15,36.0
2023-02-10,8087,54020.0,1617648.0,30.1,30.15,29.8,29.8,-0.15,33.0
2023-02-13,8087,147794.0,4060980.0,26.85,28.4,26.85,28.35,-1.45,145.0
2023-02-14,8087,42212.0,1179694.0,28.55,28.55,27.7,27.9,-0.45,49.0
2023-02-15,8087,49071.0,1390088.0,28.15,28.8,28.0,28.2,0.3,33.0
2023-02-16,8087,33019.0,922291.0,28.3,28.3,27.7,28.15,-0.05,29.0
2023-02-17,8087,32003.0,900887.0,28.15,28.25,27.8,28.2,0.05,21.0
2023-02-20,8087,37041.0,1036348.0,28.3,28.3,27.8,28.15,-0.05,41.0
2023-02-21,8087,21024.0,586419.0,28.1,28.1,27.75,27.8,-0.35,27.0
2023-02-22,8087,35201.0,985561.0,27.8,28.2,27.7,28.2,0.4,28.0
2023-02-23,8087,16002.0,448106.0,28.3,28.3,27.95,28.0,-0.2,16.0
2023-02-24,8087,44211.0,1243500.0,28.0,28.35,28.0,28.2,0.2,38.0
2023-03-01,8087,14043.0,395849.0,28.15,28.25,28.1,28.2,0.0,16.0
2023-03-02,8087,21002.0,594357.0,28.2,28.55,28.2,28.45,0.25,17.0
2023-03-03,8087,29003.0,829384.0,28.55,28.8,28.45,28.8,0.35,28.0
2023-03-06,8087,65349.0,1906847.0,29.3,29.4,28.85,29.2,0.4,61.0
2023-03-07,8087,229507.0,7172338.0,29.2,32.1,29.2,32.1,2.9,208.0
2023-03-08,8087,194580.0,6076963.0,30.95,32.05,30.4,31.8,-0.3,161.0
2023-03-09,8087,185478.0,6012678.0,32.75,33.0,31.8,31.85,0.05,158.0
2023-03-10,8087,154629.0,4932247.0,32.3,32.4,30.65,32.1,0.25,117.0
2023-03-13,8087,107002.0,3373162.0,32.0,32.05,31.1,31.75,-0.35,58.0
2023-03-14,8087,85351.0,2724063.0,31.75,32.35,31.2,31.95,0.2,67.0
2023-03-15,8087,168204.0,5475764.0,32.0,33.0,31.95,32.85,0.9,114.0
2023-03-16,8087,178091.0,5678393.0,33.0,33.0,31.5,32.0,-0.85,112.0
2023-03-17,8087,62005.0,1965456.0,32.0,32.0,31.35,31.5,-0.5,54.0
2023-03-20,8087,155004.0,4765272.0,30.7,31.2,30.45,30.85,-0.65,120.0
2023-03-21,8087,74002.0,2335013.0,31.0,32.25,30.8,32.1,1.25,48.0
2023-03-22,8087,63125.0,2030199.0,32.1,32.45,31.6,32.3,0.2,56.0
2023-03-23,8087,24704.0,780290.0,30.7,32.3,30.7,31.5,-0.8,68.0
2023-03-24,8087,45633.0,1457498.0,31.5,32.65,31.4,31.85,0.35,103.0
2023-03-27,8087,57156.0,1807744.0,31.5,32.1,30.6,31.8,-0.05,52.0
2023-03-28,8087,35001.0,1116031.0,31.65,32.0,31.65,31.9,0.1,27.0
2023-03-29,8087,49000.0,1568000.0,31.85,32.4,31.4,32.2,0.3,38.0
2023-03-30,8087,44035.0,1410823.0,32.55,32.55,31.85,31.9,-0.3,47.0
2023-03-31,8087,295882.0,9997242.0,31.85,34.9,31.8,34.25,2.35,228.0
2023-04-06,8087,300180.0,10721294.0,34.25,36.6,34.25,36.5,2.25,265.0
2023-04-07,8087,302605.0,11438762.0,36.8,38.5,36.8,37.75,1.25,275.0
2023-04-10,8087,204913.0,7839078.0,38.35,38.6,37.75,38.5,0.75,196.0
2023-04-11,8087,445018.0,16441905.0,37.7,38.5,34.75,36.8,-1.7,323.0
2023-04-12,8087,197039.0,7117604.0,36.75,37.0,35.0,37.0,0.2,144.0
2023-04-13,8087,182061.0,6811305.0,36.45,38.5,36.3,37.4,0.4,146.0
2023-04-14,8087,64703.0,2437321.0,37.9,38.0,37.15,37.65,0.25,62.0
2023-04-17,8087,68300.0,2547395.0,37.65,37.65,37.05,37.15,-0.5,56.0
2023-04-18,8087,120129.0,4474381.0,37.1,37.8,36.85,37.45,0.3,96.0
2023-04-19,8087,106648.0,3997261.0,37.4,37.7,37.3,37.5,0.05,97.0
2023-04-20,8087,99207.0,3712117.0,37.65,37.9,37.15,37.25,-0.25,92.0
2023-04-21,8087,93504.0,3443659.0,37.9,38.0,36.5,37.1,-0.15,72.0
2023-04-24,8087,75614.0,2766113.0,37.05,37.05,36.3,36.5,-0.6,72.0
2023-04-25,8087,178649.0,6213268.0,36.15,36.15,33.2,34.6,-1.9,150.0
2023-04-26,8087,55001.0,1901934.0,34.6,34.8,34.2,34.55,-0.05,35.0
2023-04-27,8087,71001.0,2434884.0,34.5,35.0,34.0,34.8,0.25,52.0
2023-04-28,8087,18192.0,629903.0,34.8,34.85,34.45,34.45,-0.35,23.0
2023-05-02,8087,31530.0,1073878.0,33.5,34.35,33.5,34.35,-0.1,98.0
2023-05-03,8087,71132.0,2393365.0,33.7,34.3,33.3,33.4,-0.95,79.0
2023-05-04,8087,54101.0,1805639.0,33.4,33.75,32.5,33.75,0.35,50.0
2023-05-05,8087,51361.0,1731924.0,32.8,33.95,32.8,33.85,0.1,57.0
2023-05-08,8087,82330.0,2795047.0,33.3,34.1,33.3,34.0,0.15,74.0
2023-05-09,8087,100352.0,3550666.0,34.5,36.2,34.05,35.5,1.5,121.0
2023-05-10,8087,34010.0,1200550.0,35.4,35.9,35.0,35.75,0.25,30.0
2023-05-11,8087,156365.0,5722323.0,36.0,37.0,35.8,35.8,0.05,111.0
2023-05-12,8087,47001.0,1671385.0,36.2,36.2,35.3,35.95,0.15,43.0
2023-05-15,8087,18001.0,640535.0,35.75,35.85,35.45,35.6,-0.35,18.0
2023-05-16,8087,29003.0,1023004.0,35.8,35.8,35.1,35.4,-0.2,28.0
2023-05-17,8087,25483.0,892673.0,35.25,35.5,34.8,35.0,-0.4,24.0
2023-05-18,8087,28800.0,998615.0,35.0,35.0,34.45,34.95,-0.05,20.0
2023-05-19,8087,49000.0,1683750.0,34.0,34.95,34.0,34.9,-0.05,40.0
2023-05-22,8087,46720.0,1627722.0,34.5,35.0,34.4,34.95,0.05,46.0
2023-05-23,8087,45244.0,1591837.0,35.9,35.9,34.95,35.2,0.25,42.0
2023-05-24,8087,77320.0,2688145.0,34.6,35.2,34.35,35.15,-0.05,65.0
2023-05-25,8087,59035.0,2062877.0,34.65,35.5,34.6,34.95,-0.2,55.0
2023-05-26,8087,25052.0,874361.0,34.95,35.0,34.75,35.0,0.05,33.0
2023-05-29,8087,252024.0,9181302.0,35.1,37.8,34.9,36.8,1.8,217.0
2023-05-30,8087,91966.0,3386563.0,36.7,37.5,36.55,36.85,0.05,129.0
2023-05-31,8087,119028.0,4407536.0,37.1,37.15,36.85,37.0,0.15,90.0
2023-06-01,8087,134397.0,4873269.0,37.0,37.2,35.9,36.2,-0.8,128.0
2023-06-02,8087,169501.0,5965248.0,36.2,36.2,34.2,35.75,-0.45,175.0
2023-06-05,8087,148201.0,5413936.0,35.2,36.95,35.2,36.5,0.75,97.0
2023-06-06,8087,43929.0,1583730.0,36.4,36.4,35.9,36.15,-0.35,37.0
2023-06-07,8087,76000.0,2721050.0,36.55,36.55,35.5,36.4,0.25,38.0
2023-06-08,8087,30183.0,1084496.0,36.4,36.4,35.75,36.0,-0.4,48.0
2023-06-09,8087,1327960.0,52235633.0,36.5,39.6,36.5,39.6,3.6,597.0
2023-06-12,8087,1045690.0,45539789.0,43.55,43.55,43.55,43.55,3.95,266.0
2023-06-13,8087,1554474.0,67771395.0,41.85,47.8,40.5,44.0,0.45,926.0
2023-06-14,8087,464570.0,20080642.0,42.0,44.2,42.0,43.7,-0.3,401.0
2023-06-15,8087,667824.0,30338072.0,43.95,47.3,42.2,46.0,2.3,538.0
2023-06-16,8087,576931.0,27499737.0,46.95,48.95,45.6,48.0,2.0,441.0
2023-06-19,8087,709406.0,34058093.0,48.0,50.0,46.0,48.9,0.9,484.0
2023-06-20,8087,1231216.0,62729046.0,48.9,53.7,48.0,52.1,3.2,706.0
2023-06-21,8087,1058640.0,55018383.0,51.6,55.0,50.2,52.6,0.5,690.0
2023-06-26,8087,497008.0,26012152.0,52.6,53.5,51.6,51.7,-0.9,495.0
2023-06-27,8087,524632.0,26146002.0,52.0,52.0,48.35,49.6,-2.1,399.0
2023-06-28,8087,248034.0,12261453.0,49.65,51.0,48.85,49.25,-0.35,190.0
2023-06-29,8087,142707.0,7126664.0,49.35,50.5,49.35,49.9,0.65,121.0
2023-06-30,8087,166981.0,8371403.0,49.9,51.0,49.9,49.95,0.05,125.0
2023-07-03,8087,274872.0,13627025.0,49.95,50.5,48.1,50.0,0.05,235.0
2023-07-04,8087,122809.0,6141660.0,50.3,50.5,49.6,50.0,0.0,81.0
2023-07-05,8087,233242.0,11564605.0,50.0,50.4,48.85,50.0,0.0,155.0
2023-07-06,8087,107080.0,5347284.0,49.15,50.3,49.15,49.8,-0.2,77.0
2023-07-07,8087,1002327.0,53153822.0,49.8,54.7,49.2,54.7,4.9,550.0
2023-07-10,8087,784416.0,45332644.0,55.1,59.9,54.5,59.9,5.2,759.0
2023-07-11,8087,880519.0,51687795.0,59.8,62.6,54.7,60.6,0.7,842.0
2023-07-12,8087,484599.0,28249111.0,59.9,60.0,56.2,58.7,-1.9,373.0
2023-07-13,8087,1343410.0,84056611.0,59.1,64.5,58.9,63.0,4.3,792.0
2023-07-14,8087,2378575.0,162063978.0,63.1,69.3,63.1,69.3,6.3,1117.0
2023-07-17,8087,3566710.0,267750228.0,75.6,76.2,72.0,76.2,6.9,2003.0
2023-07-18,8087,1868170.0,138640085.0,76.1,76.6,70.1,71.5,-4.7,1542.0
2023-07-19,8087,591395.0,42287466.0,71.8,73.0,70.4,71.0,-0.5,660.0
2023-07-20,8087,792560.0,55368417.0,69.0,74.0,68.2,73.0,2.0,708.0
2023-07-21,8087,455690.0,32494232.0,72.5,72.5,70.1,70.5,-2.5,984.0
2023-07-24,8087,713613.0,48213693.0,70.1,70.2,66.1,67.6,-2.9,655.0
2023-07-25,8087,892985.0,61462746.0,68.0,72.8,66.9,67.1,-0.5,857.0
2023-07-26,8087,606121.0,39456861.0,67.5,68.2,62.5,64.0,-3.1,572.0
2023-07-27,8087,651654.0,41651183.0,64.0,66.8,62.1,64.0,0.0,483.0
2023-07-28,8087,248049.0,16010947.0,64.0,66.2,63.6,64.9,0.9,240.0
2023-07-31,8087,423688.0,27099864.0,64.9,64.9,63.0,64.4,-0.5,550.0
2023-08-01,8087,821631.0,49569916.0,63.7,64.0,58.0,58.1,-6.3,918.0
2023-08-02,8087,466076.0,26014857.0,57.0,58.0,54.9,55.0,-3.1,386.0
2023-08-04,8087,361100.0,20270057.0,55.0,58.0,53.1,56.5,1.5,249.0
2023-08-07,8087,106979.0,5975106.0,56.5,56.8,55.0,56.6,0.1,112.0
2023-08-08,8087,277939.0,15563339.0,56.7,57.5,55.0,55.0,-1.6,232.0
2023-08-09,8087,294244.0,15659173.0,54.2,54.2,52.0,52.8,-2.2,244.0
2023-08-10,8087,364436.0,18409007.0,52.1,52.8,49.05,49.05,-3.75,315.0
2023-08-11,8087,170746.0,8385696.0,48.6,51.0,48.1,48.4,-0.65,174.0
2023-08-14,8087,309868.0,14313520.0,48.4,48.4,45.1,45.1,-3.3,224.0
2023-08-15,8087,178599.0,8593932.0,47.9,49.6,46.7,49.6,4.5,139.0
2023-08-16,8087,458780.0,24408719.0,52.2,54.5,51.2,54.5,4.9,612.0
2023-08-17,8087,612162.0,34093399.0,54.5,57.1,54.5,54.7,0.2,957.0
2023-08-18,8087,409345.0,21204075.0,54.2,54.2,50.0,50.1,-4.6,409.0
2023-08-21,8087,116311.0,5975835.0,50.1,52.4,50.1,51.2,1.1,111.0
2023-08-22,8087,78410.0,3986298.0,52.4,52.4,50.4,50.6,-0.6,97.0
2023-08-23,8087,59241.0,3039533.0,50.5,51.9,50.5,51.6,1.0,57.0
2023-08-24,8087,71530.0,3665254.0,51.6,51.7,50.9,51.1,-0.5,150.0
2023-08-25,8087,43520.0,2216517.0,51.4,51.4,50.5,50.5,-0.6,48.0
2023-08-28,8087,79151.0,3968952.0,50.6,50.6,49.6,50.5,0.0,94.0
2023-08-29,8087,22305.0,1123273.0,50.2,51.0,50.0,50.4,-0.1,32.0
2023-08-30,8087,115350.0,5821406.0,50.2,51.6,49.6,51.0,0.6,133.0
2023-08-31,8087,288596.0,15919266.0,53.7,56.1,53.0,56.1,5.1,228.0
2023-09-01,8087,489798.0,27866365.0,60.8,60.8,54.0,55.4,-0.7,564.0
2023-09-04,8087,98802.0,5427301.0,56.4,56.4,54.1,55.3,-0.1,140.0
2023-09-05,8087,65415.0,3601880.0,55.0,55.5,54.5,55.2,-0.1,68.0
2023-09-06,8087,58161.0,3219443.0,55.3,56.2,54.7,55.3,0.1,75.0
2023-09-07,8087,84109.0,4628073.0,54.6,56.0,54.4,56.0,0.7,82.0
2023-09-08,8087,700540.0,42163063.0,55.4,61.6,54.9,61.6,5.6,535.0
2023-09-11,8087,382158.0,22572827.0,60.6,60.6,57.0,57.0,-4.6,425.0
2023-09-12,8087,86322.0,4891535.0,57.2,57.6,55.5,56.5,-0.5,101.0
2023-09-13,8087,92174.0,5201662.0,55.5,57.9,55.5,56.1,-0.4,96.0
2023-09-14,8087,126874.0,7114977.0,56.8,56.9,55.5,55.9,-0.2,125.0
2023-09-15,8087,126506.0,6986687.0,55.9,56.6,54.8,54.8,-1.1,109.0
2023-09-18,8087,121060.0,6556588.0,54.5,55.0,53.2,54.3,-0.5,93.0
2023-09-19,8087,65316.0,3511656.0,55.9,55.9,53.2,53.4,-0.9,63.0
2023-09-20,8087,55019.0,2914602.0,54.7,54.7,52.7,53.3,-0.1,55.0
2023-09-21,8087,39266.0,2065271.0,54.0,54.0,52.0,52.4,-0.9,42.0
2023-09-22,8087,92154.0,4944241.0,52.1,54.9,52.0,54.5,2.1,82.0
2023-09-25,8087,42404.0,2325820.0,54.5,55.6,54.0,54.5,0.0,46.0
2023-09-26,8087,14049.0,762968.0,55.0,55.4,53.8,53.9,-0.6,14.0
2023-09-27,8087,14350.0,778640.0,54.0,54.4,54.0,54.4,0.5,14.0
2023-09-28,8087,39071.0,2108690.0,54.4,54.4,53.5,53.9,-0.5,39.0
2023-10-02,8087,96177.0,5148154.0,54.9,55.6,52.3,52.8,-1.1,90.0
2023-10-03,8087,66191.0,3446632.0,52.8,52.8,51.8,52.0,-0.8,68.0
2023-10-04,8087,165235.0,8429131.0,52.0,52.0,50.7,51.0,-1.0,120.0
2023-10-05,8087,85020.0,4319618.0,51.0,51.5,50.5,50.9,-0.1,73.0
2023-10-06,8087,78323.0,4081036.0,54.4,54.4,51.3,51.9,1.0,59.0
2023-10-11,8087,73092.0,3760364.0,51.9,51.9,51.3,51.3,-0.6,47.0
2023-10-12,8087,32295.0,1674071.0,52.0,52.0,51.8,51.8,0.5,29.0
2023-10-13,8087,29102.0,1501981.0,51.8,51.8,50.5,51.5,-0.3,43.0
2023-10-16,8087,48017.0,2446858.0,51.5,51.5,50.8,50.9,-0.6,19.0
2023-10-17,8087,33207.0,1674860.0,51.0,51.0,50.1,50.2,-0.7,36.0
2023-10-18,8087,40024.0,2018702.0,50.3,51.4,50.2,50.2,0.0,31.0
2023-10-19,8087,14884.0,748211.0,50.5,50.9,50.2,50.2,0.0,16.0
2023-10-20,8087,96848.0,4758638.0,50.2,50.5,48.2,50.4,0.2,180.0
2023-10-23,8087,7719.0,383012.0,48.65,51.8,48.65,51.1,0.7,9.0
2023-10-24,8087,24304.0,1210966.0,50.0,50.5,49.55,50.5,-0.6,30.0
2023-10-25,8087,23510.0,1188953.0,49.9,51.0,49.9,50.0,-0.5,15.0
2023-10-26,8087,31007.0,1540395.0,49.0,50.9,49.0,49.75,-0.25,29.0
2023-10-27,8087,38200.0,1884350.0,49.75,49.75,48.8,49.25,-0.5,35.0
2023-10-30,8087,33101.0,1630928.0,49.85,50.0,48.45,49.55,0.3,43.0
2023-10-31,8087,79015.0,3869880.0,49.0,49.3,48.55,48.55,-1.0,46.0
2023-11-01,8087,47679.0,2320654.0,48.55,49.0,48.4,48.95,0.4,39.0
2023-11-02,8087,22058.0,1116963.0,49.5,52.2,49.5,49.95,1.0,35.0
2023-11-03,8087,17471.0,868453.0,49.95,50.0,49.4,50.0,0.05,24.0
2023-11-06,8087,10213.0,511255.0,50.0,50.7,50.0,50.0,0.0,31.0
2023-11-07,8087,9.0,450.0,0.0,0.0,0.0,0.0,0.0,1.0
2023-11-08,8087,26615.0,1331242.0,51.0,51.0,49.5,50.1,0.2,147.0
2023-11-09,8087,219152.0,11364869.0,54.4,54.4,50.0,51.0,0.9,173.0
2023-11-10,8087,46080.0,2282544.0,50.5,50.5,48.8,49.8,-1.2,42.0
2023-11-13,8087,46006.0,2270292.0,50.5,50.5,48.8,48.8,-1.0,38.0
2023-11-14,8087,47360.0,2295838.0,48.2,49.05,48.2,48.55,-0.25,46.0
2023-11-15,8087,34137.0,1685915.0,50.6,50.6,48.8,49.05,0.5,37.0
2023-11-16,8087,27125.0,1328310.0,49.0,49.6,48.6,48.9,-0.15,30.0
2023-11-17,8087,32100.0,1574520.0,48.5,49.8,48.5,49.8,0.9,25.0
2023-11-20,8087,27078.0,1330883.0,48.9,50.2,48.8,49.75,-0.05,27.0
2023-11-21,8087,29061.0,1421518.0,49.3,49.3,48.7,48.9,-0.85,28.0
2023-11-22,8087,58245.0,2849152.0,48.8,49.2,48.8,48.8,-0.1,47.0
2023-11-23,8087,32002.0,1555046.0,48.8,48.95,48.35,48.8,0.0,31.0
2023-11-24,8087,46385.0,2253458.0,48.65,48.95,48.25,48.5,-0.3,38.0
2023-11-27,8087,32318.0,1560610.0,48.0,49.2,47.9,48.35,-0.15,60.0
2023-11-28,8087,73512.0,3531726.0,48.35,48.35,47.9,48.25,-0.1,79.0
2023-11-29,8087,83592.0,4001057.0,47.8,48.2,47.6,47.9,-0.35,63.0
2023-11-30,8087,64102.0,3053695.0,47.5,47.9,47.5,47.6,-0.3,51.0
2023-12-01,8087,57001.0,2745097.0,48.0,48.3,48.0,48.25,0.65,46.0
2023-12-04,8087,97280.0,4750452.0,48.3,49.5,48.3,48.45,0.2,77.0
2023-12-05,8087,93001.0,4493198.0,48.45,48.7,48.15,48.15,-0.3,55.0
2023-12-06,8087,42101.0,2036953.0,48.15,48.9,48.15,48.3,0.15,25.0
2023-12-07,8087,71300.0,3467145.0,48.3,49.0,48.3,48.55,0.25,48.0
2023-12-08,8087,409498.0,20953472.0,53.0,53.0,49.85,50.4,1.85,308.0
2023-12-11,8087,102487.0,5138213.0,50.5,50.6,49.85,50.2,-0.2,94.0
2023-12-12,8087,44200.0,2230150.0,51.0,51.0,49.65,49.8,-0.4,44.0
2023-12-13,8087,79105.0,3977649.0,50.9,50.9,50.0,50.1,0.3,71.0
2023-12-14,8087,116545.0,5785402.0,50.1,50.1,49.5,49.6,-0.5,96.0
2023-12-15,8087,44010.0,2182694.0,49.65,50.0,49.3,49.75,0.15,33.0
2023-12-18,8087,44000.0,2172150.0,50.0,50.0,49.1,49.4,-0.35,37.0
2023-12-19,8087,75203.0,3675173.0,49.4,49.4,48.6,48.7,-0.7,42.0
2023-12-20,8087,54167.0,2637274.0,48.75,50.0,48.45,48.6,-0.1,67.0
2023-12-21,8087,15109.0,731244.0,48.6,48.7,48.1,48.7,0.1,23.0
2023-12-22,8087,82015.0,3995933.0,50.6,50.6,48.45,49.25,0.55,38.0
2023-12-25,8087,29013.0,1412888.0,49.25,49.25,48.5,48.5,-0.75,25.0
2023-12-26,8087,36100.0,1746479.0,48.5,48.55,48.25,48.25,-0.25,31.0
2023-12-27,8087,29673.0,1435155.0,48.95,48.95,48.2,48.2,-0.05,28.0
2023-12-28,8087,86002.0,4140246.0,48.25,48.3,47.9,47.9,-0.3,56.0
2023-12-29,8087,17238.0,828712.0,48.0,48.45,47.95,48.45,0.55,20.0
2024-01-02,8087,47402.0,2303565.0,48.8,48.85,48.35,48.5,0.05,41.0
2024-01-03,8087,52300.0,2564800.0,48.45,49.4,48.45,49.15,0.65,32.0
2024-01-04,8087,44078.0,2169379.0,49.15,49.4,49.15,49.4,0.25,36.0
2024-01-05,8087,192109.0,9808175.0,49.4,52.7,49.4,50.8,1.4,142.0
2024-01-08,8087,215105.0,11147452.0,51.0,52.7,51.0,51.2,0.4,172.0
2024-01-09,8087,167333.0,8477699.0,52.0,52.3,50.3,50.3,-0.9,116.0
2024-01-10,8087,67205.0,3340658.0,50.3,50.3,49.3,49.75,-0.55,79.0
2024-01-11,8087,74197.0,3739615.0,49.85,50.8,49.65,50.1,0.35,51.0
2024-01-12,8087,40121.0,1995196.0,49.7,49.9,49.65,49.65,-0.45,36.0
2024-01-15,8087,166333.0,8536416.0,49.65,52.2,49.0,52.0,2.35,229.0
2024-01-16,8087,81511.0,4141940.0,51.0,51.5,50.0,50.6,0.0,59.0
2024-01-17,8087,78088.0,3974585.0,51.5,51.5,50.6,50.6,0.0,68.0
2024-01-18,8087,78200.0,3921784.0,50.7,51.5,49.75,49.95,-0.65,72.0
2024-01-19,8087,82000.0,4108650.0,50.2,50.2,49.9,49.9,-0.05,36.0
2024-01-22,8087,37032.0,1852693.0,50.0,50.5,49.8,50.0,0.1,33.0
2024-01-23,8087,37032.0,1846414.0,50.1,50.1,49.7,49.7,-0.3,26.0
2024-01-24,8087,29011.0,1442494.0,49.8,49.9,49.65,49.7,0.0,21.0
2024-01-25,8087,40054.0,1989048.0,50.9,50.9,49.4,49.5,-0.2,27.0
2024-01-26,8087,94706.0,4592556.0,49.5,49.5,48.0,48.15,-1.35,112.0
2024-01-29,8087,55506.0,2679742.0,48.1,48.9,48.0,48.2,0.05,45.0
2024-01-30,8087,45862.0,2201897.0,49.1,49.1,47.7,47.8,-0.4,89.0
2024-01-31,8087,34328.0,1635894.0,48.0,48.0,47.55,48.0,0.2,24.0
2024-02-01,8087,36280.0,1730340.0,47.95,47.95,47.5,47.5,-0.5,81.0
2024-02-02,8087,81265.0,3859631.0,47.55,48.0,47.25,47.9,0.4,71.0
2024-02-05,8087,83049.0,3884183.0,47.6,47.6,46.05,46.45,-1.45,77.0
2024-02-15,8087,89564.0,4263708.0,49.4,49.4,47.0,47.8,1.35,78.0
2024-02-16,8087,337241.0,17189248.0,52.0,52.0,50.2,51.4,3.6,315.0
2024-02-19,8087,289157.0,15164218.0,52.4,53.0,52.1,52.4,1.0,229.0
2024-02-20,8087,1201966.0,67191552.0,52.6,57.6,52.6,57.6,5.2,1205.0
2024-02-21,8087,1113357.0,64972352.0,61.3,61.3,55.4,57.7,0.1,1252.0
2024-02-22,8087,411474.0,23579196.0,58.0,58.8,56.2,56.8,-0.9,607.0
2024-02-23,8087,340944.0,18841064.0,56.5,56.5,53.8,55.0,-1.8,460.0
2024-02-26,8087,221472.0,12216420.0,57.0,57.0,54.6,54.6,-0.4,274.0
2024-02-27,8087,181174.0,9814505.0,55.3,55.8,53.0,54.0,-0.6,231.0
2024-02-29,8087,255813.0,14123911.0,54.2,56.5,54.0,56.1,2.1,205.0
2024-03-01,8087,161042.0,9035196.0,56.8,57.5,54.9,55.9,-0.2,145.0
2024-03-04,8087,144284.0,8043487.0,55.9,56.4,55.2,55.2,-0.7,156.0
2024-03-05,8087,360931.0,20273179.0,55.1,57.7,54.5,57.6,2.4,310.0
2024-03-06,8087,1438458.0,84549607.0,55.9,63.2,55.0,59.0,1.4,1366.0
2024-03-07,8087,638198.0,37056891.0,58.1,59.5,57.0,57.0,-2.0,949.0
2024-03-08,8087,416549.0,23498180.0,57.0,58.3,55.0,56.3,-0.7,500.0
2024-03-11,8087,906055.0,53799176.0,56.7,61.0,56.7,60.0,3.7,739.0
2024-03-12,8087,1019243.0,63982430.0,64.0,64.0,61.1,62.8,2.8,1216.0
2024-03-13,8087,463930.0,28108992.0,63.0,63.0,59.5,60.0,-2.8,403.0
2024-03-14,8087,301078.0,17721697.0,60.1,60.8,57.9,58.6,-1.4,668.0
2024-03-15,8087,128556.0,7527312.0,59.0,59.0,58.0,58.8,0.2,146.0
2024-03-18,8087,183687.0,10917858.0,59.0,60.3,58.1,59.9,1.1,199.0
2024-03-19,8087,147449.0,8779412.0,59.5,60.0,59.1,59.1,-0.8,129.0
2024-03-20,8087,221736.0,12853356.0,59.1,59.1,57.5,57.5,-1.6,311.0
2024-03-21,8087,178008.0,10205328.0,57.5,58.1,56.8,57.3,-0.2,221.0
2024-03-22,8087,191505.0,11119788.0,57.3,59.5,57.2,59.5,2.2,159.0
2024-03-25,8087,849760.0,53091349.0,59.5,64.3,59.5,63.6,4.1,761.0
2024-03-26,8087,469624.0,29178458.0,64.0,65.0,59.8,63.7,0.1,635.0
2024-03-27,8087,163749.0,10287378.0,63.6,64.0,62.0,62.2,-1.5,299.0
2024-03-28,8087,167752.0,10218044.0,63.0,63.0,60.5,60.8,-1.4,197.0
2024-03-29,8087,123947.0,7455195.0,59.6,61.5,59.6,60.4,-0.4,235.0
2024-04-01,8087,91683.0,5589593.0,61.0,62.0,60.5,61.0,0.6,118.0
2024-04-02,8087,86146.0,5243519.0,61.8,61.8,60.2,61.6,0.6,131.0
2024-04-03,8087,132750.0,8183960.0,60.5,62.3,60.5,61.7,0.1,239.0
2024-04-08,8087,209150.0,13065915.0,61.7,63.3,61.7,62.4,0.7,302.0
2024-04-09,8087,174109.0,10832781.0,62.5,62.8,61.5,61.7,-0.7,258.0
2024-04-10,8087,293755.0,18461364.0,62.4,64.1,61.6,61.6,-0.1,389.0
2024-04-11,8087,662804.0,42372288.0,64.2,66.5,62.8,62.8,1.2,822.0
2024-04-12,8087,331212.0,20851845.0,61.9,64.3,61.2,64.1,1.3,457.0
2024-04-15,8087,599161.0,39325222.0,64.0,66.8,63.1,66.3,2.2,619.0
2024-04-16,8087,417312.0,27026755.0,67.8,67.8,63.4,65.0,-1.3,1080.0
2024-04-17,8087,643230.0,43237866.0,65.0,68.5,65.0,67.8,2.8,499.0
2024-04-18,8087,461191.0,30710820.0,68.0,68.0,65.0,66.2,-1.6,1253.0
2024-04-19,8087,582514.0,37810245.0,65.7,66.9,62.7,65.6,-0.6,749.0
2024-04-22,8087,381984.0,24376593.0,66.0,66.0,62.9,62.9,-2.7,1068.0
2024-04-23,8087,232149.0,14663385.0,62.9,64.0,61.9,63.2,0.3,268.0
2024-04-24,8087,301481.0,18822044.0,63.5,64.5,62.0,62.0,-1.2,377.0
2024-04-25,8087,192502.0,11848762.0,63.0,63.0,61.0,61.0,-1.0,206.0
2024-04-26,8087,177525.0,10861293.0,61.0,61.9,60.5,61.9,0.9,144.0
2024-04-29,8087,205288.0,13057857.0,62.3,64.3,61.9,62.8,0.9,178.0
2024-04-30,8087,355741.0,22911662.0,62.8,65.8,62.5,64.9,2.1,271.0
2024-05-02,8087,162877.0,10526990.0,64.9,66.0,63.7,64.1,-0.8,220.0
2024-05-03,8087,112928.0,7167626.0,65.1,65.1,63.0,63.4,-0.7,91.0
2024-05-06,8087,146158.0,9333782.0,65.0,65.0,63.4,63.9,0.5,139.0
2024-05-07,8087,362433.0,23697451.0,63.6,66.2,63.6,65.9,2.0,283.0
2024-05-08,8087,1493659.0,89978399.0,62.2,63.1,59.4,60.3,-5.6,1316.0
2024-05-09,8087,567778.0,32169437.0,59.8,59.8,55.0,56.2,-4.1,480.0
2024-05-10,8087,202582.0,11474913.0,56.2,57.9,55.5,57.0,0.8,173.0
2024-05-13,8087,140163.0,8070293.0,58.3,58.5,57.1,57.5,0.5,126.0
2024-05-14,8087,97820.0,5583616.0,57.5,57.5,56.6,57.5,0.0,88.0
2024-05-15,8087,93301.0,5335977.0,57.3,57.5,57.0,57.4,-0.1,65.0
2024-05-16,8087,145772.0,8316377.0,57.4,57.7,56.0,57.0,-0.4,101.0
2024-05-17,8087,126453.0,7198501.0,56.7,57.2,56.7,56.7,-0.3,77.0
2024-05-20,8087,105329.0,5927114.0,56.7,56.7,56.0,56.0,-0.7,88.0
2024-05-21,8087,334779.0,18128003.0,56.0,56.0,52.0,53.0,-3.0,276.0
2024-05-22,8087,177607.0,9453930.0,52.5,53.9,52.2,53.0,0.0,155.0
2024-05-23,8087,141285.0,7460207.0,53.0,54.2,52.2,52.5,-0.5,170.0
2024-05-24,8087,123525.0,6418526.0,52.0,53.0,51.3,52.0,-0.5,114.0
2024-05-27,8087,159606.0,8375510.0,53.9,53.9,51.8,51.8,-0.2,147.0
2024-05-28,8087,174489.0,9405220.0,51.8,55.1,51.8,55.1,3.3,146.0
2024-05-29,8087,204646.0,11106479.0,54.6,56.2,53.4,53.7,-1.4,156.0
2024-05-30,8087,108574.0,5744119.0,52.8,53.6,52.5,52.9,-0.8,82.0
2024-05-31,8087,64789.0,3429517.0,52.9,54.0,52.6,52.6,-0.3,63.0
2024-06-03,8087,60005.0,3142877.0,52.4,53.0,52.3,52.5,-0.1,39.0
2024-06-04,8087,89649.0,4715120.0,53.5,53.5,52.2,52.3,-0.2,49.0
2024-06-05,8087,69508.0,3691377.0,53.2,53.9,52.3,52.3,0.0,62.0
2024-06-06,8087,106286.0,5609677.0,52.3,53.4,52.2,52.2,-0.1,74.0
2024-06-07,8087,124986.0,6717092.0,52.4,54.5,52.4,53.9,1.7,162.0
2024-06-11,8087,143269.0,7642026.0,55.5,55.6,52.6,52.8,-1.1,139.0
2024-06-12,8087,63229.0,3336289.0,52.8,53.0,52.4,52.8,0.0,53.0
2024-06-13,8087,86409.0,4574823.0,54.2,54.2,52.5,53.2,0.4,70.0
2024-06-14,8087,82344.0,4404648.0,53.2,54.1,53.0,53.4,0.2,69.0
2024-06-17,8087,72779.0,3884553.0,54.2,54.5,52.9,53.3,-0.1,78.0
2024-06-18,8087,122159.0,6535210.0,53.3,54.0,52.8,53.8,0.5,97.0
2024-06-19,8087,95872.0,5078660.0,53.5,53.7,52.6,52.8,-1.0,81.0
2024-06-20,8087,138830.0,7323356.0,52.8,53.0,52.2,53.0,0.2,96.0
2024-06-21,8087,114335.0,6110186.0,53.0,54.3,52.7,53.5,0.5,83.0
2024-06-24,8087,1070037.0,56664911.0,53.5,53.5,52.7,52.8,-0.7,97.0
2024-06-25,8087,194411.0,10579940.0,52.5,56.0,52.5,54.8,0.0,151.0
2024-06-26,8087,116547.0,6351602.0,55.8,55.8,54.0,55.0,0.2,106.0
2024-06-27,8087,818203.0,48790053.0,55.5,60.5,55.5,60.5,5.5,498.0
2024-06-28,8087,819236.0,48835090.0,58.2,62.5,58.0,58.3,-2.2,643.0
2024-07-01,8087,234812.0,13406564.0,58.0,58.2,56.3,56.6,-1.7,338.0
2024-07-02,8087,183551.0,10600582.0,57.6,59.5,55.7,58.1,1.5,169.0
2024-07-03,8087,176397.0,10240704.0,58.5,59.8,57.0,57.1,-1.0,159.0
2024-07-04,8087,124133.0,7006467.0,56.0,57.2,55.8,56.6,-0.5,102.0
2024-07-05,8087,170678.0,9702641.0,56.5,57.3,56.3,56.6,0.0,122.0
2024-07-08,8087,149679.0,8478356.0,58.1,58.1,55.8,55.8,-0.8,238.0
2024-07-09,8087,131682.0,7220426.0,56.0,56.0,54.2,54.5,-1.3,116.0
2024-07-10,8087,211642.0,11862995.0,55.8,57.4,54.5,55.4,0.9,172.0
2024-07-11,8087,121159.0,6719311.0,55.0,56.2,55.0,55.3,-0.1,146.0
2024-07-12,8087,75520.0,4167986.0,55.3,55.9,55.0,55.2,-0.1,94.0
2024-07-15,8087,211593.0,11627610.0,55.5,55.6,54.6,54.6,-0.6,149.0
2024-07-16,8087,131192.0,7226034.0,57.0,57.0,54.5,54.6,0.0,106.0
2024-07-17,8087,183760.0,10136343.0,54.5,56.2,53.9,55.3,0.7,114.0
2024-07-18,8087,60672.0,3324634.0,54.6,55.5,54.6,55.5,0.2,73.0
2024-07-19,8087,141792.0,7976238.0,56.6,57.7,55.5,55.5,0.0,146.0
2024-07-22,8087,148611.0,8176679.0,56.3,56.3,54.3,54.4,-1.1,206.0
2024-07-23,8087,39668.0,2172241.0,54.9,55.1,54.4,54.6,0.2,49.0
2024-07-26,8087,128230.0,6844754.0,55.8,55.8,53.0,53.0,-1.6,93.0
2024-07-29,8087,133940.0,7018505.0,53.0,53.2,51.3,51.3,-1.7,202.0
2024-07-30,8087,96544.0,4989157.0,50.0,52.5,50.0,52.3,1.0,57.0
2024-07-31,8087,44572.0,2365051.0,52.7,53.5,52.6,52.7,0.4,56.0
2024-08-01,8087,31367.0,1656607.0,52.7,53.0,52.7,52.8,0.1,39.0
2024-08-02,8087,78602.0,4070313.0,52.1,52.7,51.0,51.2,-1.6,123.0
2024-08-05,8087,244151.0,11384627.0,51.0,51.0,46.1,46.2,-5.0,369.0
2024-08-06,8087,349555.0,15062409.0,45.0,48.2,41.6,42.4,-3.8,238.0
2024-08-07,8087,127815.0,5750147.0,42.4,46.6,42.4,45.45,3.05,96.0
2024-08-08,8087,103573.0,4482782.0,44.0,44.0,42.55,43.7,-1.75,132.0
2024-08-09,8087,89494.0,3912347.0,45.0,45.0,43.45,43.5,-0.2,59.0
2024-08-12,8087,89539.0,3986558.0,44.4,45.5,43.55,45.5,2.0,68.0
2024-08-13,8087,96074.0,4375486.0,45.0,46.4,45.0,45.5,0.0,61.0
2024-08-14,8087,108415.0,4905792.0,44.7,45.8,44.7,45.8,0.3,96.0
2024-08-15,8087,39030.0,1781174.0,45.55,45.85,45.5,45.8,0.0,26.0
2024-08-16,8087,125284.0,6111394.0,50.3,50.3,46.55,49.3,3.5,132.0
2024-08-19,8087,184716.0,9319633.0,49.0,51.5,48.7,51.5,2.2,167.0
2024-08-20,8087,179230.0,9586993.0,50.8,55.2,50.8,53.0,1.5,133.0
2024-08-21,8087,275328.0,14640638.0,54.0,54.0,52.8,53.2,0.2,50.0
2024-08-22,8087,255387.0,14083796.0,54.2,56.1,54.0,54.8,1.6,212.0
2024-08-23,8087,76390.0,4118032.0,54.9,54.9,53.2,54.0,-0.8,75.0
2024-08-26,8087,74852.0,3974733.0,54.0,54.0,52.4,52.6,-1.4,189.0
2024-08-27,8087,90265.0,4675484.0,52.0,52.0,51.7,51.7,-0.9,56.0
2024-08-28,8087,48684.0,2541669.0,51.5,52.7,51.5,52.6,0.9,44.0
2024-08-29,8087,52305.0,2731626.0,52.1,53.0,51.8,52.5,-0.1,81.0
2024-08-30,8087,62005.0,3237961.0,52.0,53.0,51.9,52.9,0.4,35.0
2024-09-02,8087,63028.0,3282354.0,52.9,53.5,51.3,51.8,-1.1,56.0
2024-09-03,8087,51053.0,2652242.0,51.8,52.8,51.7,51.8,0.0,37.0
2024-09-04,8087,39744.0,2043381.0,48.5,52.0,48.5,51.2,-0.6,175.0
2024-09-05,8087,28412.0,1468176.0,51.2,52.3,51.2,51.6,0.4,24.0
2024-09-06,8087,9002.0,463402.0,51.5,51.6,51.3,51.3,-0.3,9.0
2024-09-09,8087,62256.0,3173304.0,51.3,51.3,50.4,51.3,0.0,35.0
2024-09-10,8087,56359.0,2839304.0,51.0,51.0,49.2,49.2,-2.1,92.0
2024-09-11,8087,22066.0,1109247.0,49.2,50.8,49.2,50.6,1.4,20.0
2024-09-12,8087,14524.0,738954.0,50.7,51.6,50.1,51.0,0.4,21.0
2024-09-13,8087,28228.0,1441499.0,51.0,51.6,50.5,50.7,-0.3,24.0
2024-09-16,8087,137417.0,7197401.0,51.1,53.4,51.1,52.8,2.1,100.0
2024-09-18,8087,89542.0,4771650.0,53.3,54.7,52.1,53.2,0.4,58.0
2024-09-19,8087,73860.0,3919027.0,53.2,53.3,52.8,53.1,-0.1,39.0
2024-09-20,8087,71101.0,3779912.0,53.6,53.6,53.0,53.1,0.0,46.0
2024-09-23,8087,114323.0,6121405.0,53.1,54.2,53.1,53.5,0.4,67.0
2024-09-24,8087,45101.0,2413716.0,53.5,53.9,53.3,53.3,-0.2,47.0
2024-09-25,8087,32013.0,1698892.0,52.8,53.4,52.8,53.3,0.0,21.0
2024-09-26,8087,323100.0,17254350.0,53.5,53.7,53.3,53.4,0.1,22.0
2024-09-27,8087,49039.0,2624525.0,53.4,54.0,53.3,53.6,0.2,43.0
2024-09-30,8087,28101.0,1502193.0,53.5,53.5,53.3,53.5,-0.1,38.0
2024-10-01,8087,19000.0,1006000.0,53.0,53.4,52.9,53.4,-0.1,12.0
2024-10-04,8087,37007.0,1920406.0,52.8,52.8,51.1,51.5,-1.9,38.0
2024-10-07,8087,40003.0,2076555.0,52.0,52.0,51.6,51.8,0.3,19.0
2024-10-08,8087,45202.0,2365209.0,54.8,54.8,51.9,52.6,0.8,34.0
2024-10-09,8087,37242.0,1948201.0,52.8,53.4,52.0,52.0,-0.6,33.0
2024-10-11,8087,22500.0,1168474.0,52.1,52.1,51.8,51.9,-0.1,23.0
2024-10-14,8087,26093.0,1350580.0,52.0,52.0,51.4,51.4,-0.5,24.0
2024-10-15,8087,45186.0,2328968.0,51.6,52.0,51.4,51.4,0.0,32.0
2024-10-16,8087,32131.0,1644912.0,51.5,51.5,51.1,51.1,-0.3,26.0
2024-10-17,8087,27157.0,1388022.0,51.1,51.5,50.6,50.7,-0.4,25.0
2024-10-18,8087,26736.0,1358191.0,50.9,51.0,50.6,50.6,-0.1,94.0
2024-10-21,8087,31666.0,1598736.0,50.8,50.9,50.3,50.3,-0.3,73.0
2024-10-22,8087,43113.0,2156362.0,50.3,50.5,49.8,50.0,-0.3,79.0
2024-10-23,8087,46021.0,2294401.0,47.4,51.2,47.4,51.2,1.2,39.0
2024-10-24,8087,48714.0,2411175.0,50.0,50.5,48.9,49.0,-2.2,128.0
2024-10-25,8087,48229.0,2362202.0,49.15,49.8,48.85,49.5,0.5,21.0
2024-10-28,8087,67546.0,3278903.0,49.05,49.5,48.1,48.3,-1.2,49.0
2024-10-29,8087,41300.0,1989399.0,48.3,48.3,47.9,48.05,-0.25,69.0
2024-10-30,8087,19060.0,932930.0,48.1,49.4,48.1,48.35,0.3,19.0
2024-11-01,8087,31300.0,1511274.0,48.35,48.8,48.25,48.8,0.45,27.0
2024-11-04,8087,38353.0,1829353.0,48.1,48.1,47.5,47.6,-1.2,50.0
2024-11-05,8087,13182.0,628761.0,47.6,48.5,47.1,47.25,-0.35,15.0
2024-11-06,8087,42302.0,1983515.0,47.25,47.25,46.5,46.6,-0.65,114.0
2024-11-07,8087,33598.0,1575306.0,47.8,47.8,46.5,46.7,0.1,22.0
2024-11-08,8087,57342.0,2647959.0,46.8,46.8,45.8,45.8,-0.9,227.0
2024-11-11,8087,36227.0,1642398.0,45.8,45.8,45.05,45.05,-0.75,205.0
2024-11-12,8087,54117.0,2438215.0,45.05,45.4,44.9,45.05,0.0,213.0
2024-11-13,8087,24375.0,1083448.0,44.5,44.95,43.7,44.5,-0.55,34.0
2024-11-14,8087,22032.0,982882.0,45.8,45.8,44.2,44.2,-0.3,20.0
2024-11-15,8087,9040.0,406940.0,45.7,45.75,44.6,44.6,0.4,7.0
2024-11-18,8087,23078.0,1031031.0,44.6,44.8,44.5,44.65,0.05,22.0
2024-11-19,8087,17000.0,765000.0,44.8,45.2,44.7,45.2,0.55,8.0
2024-11-20,8087,2220.0,100316.0,45.05,45.3,45.05,45.3,0.1,3.0
2024-11-21,8087,17020.0,767060.0,45.0,45.5,44.55,45.5,0.2,14.0
2024-11-22,8087,24050.0,1097048.0,45.5,45.8,45.5,45.8,0.3,16.0
2024-11-25,8087,17228.0,797430.0,45.8,47.0,45.8,46.15,0.35,20.0
2024-11-26,8087,23291.0,1075674.0,46.15,46.3,46.15,46.15,0.0,24.0
2024-11-27,8087,33137.0,1555221.0,47.35,47.35,46.2,46.8,0.65,25.0
2024-11-28,8087,34634.0,1623123.0,47.0,47.7,46.8,47.2,0.4,43.0
2024-11-29,8087,3287.0,154691.0,47.2,47.2,47.0,47.0,-0.2,17.0
2024-12-02,8087,27105.0,1282025.0,47.8,47.9,47.0,47.0,0.0,24.0
2024-12-03,8087,16073.0,763504.0,48.5,48.5,47.1,47.9,0.9,67.0
2024-12-04,8087,13117.0,614764.0,46.8,47.6,46.8,47.6,-0.3,9.0
2024-12-05,8087,15979.0,750547.0,47.6,47.6,46.8,47.35,-0.25,24.0
2024-12-06,8087,21029.0,986355.0,47.2,47.2,46.8,46.85,-0.5,14.0
2024-12-09,8087,33476.0,1568647.0,46.8,47.05,46.8,46.9,0.05,27.0
2024-12-10,8087,19001.0,892345.0,46.9,47.5,46.85,47.5,0.6,16.0
2024-12-11,8087,20000.0,941900.0,47.0,47.15,47.0,47.15,-0.35,17.0
2024-12-12,8087,13299.0,624647.0,47.0,47.5,46.9,46.9,-0.25,14.0
2024-12-13,8087,9135.0,429387.0,47.1,47.1,46.95,47.0,0.1,11.0
2024-12-16,8087,43000.0,2020950.0,47.05,47.3,46.85,47.3,0.3,23.0
2024-12-17,8087,47168.0,2217507.0,47.1,47.1,47.0,47.05,-0.25,17.0
2024-12-18,8087,11043.0,520273.0,47.1,47.3,47.05,47.3,0.25,11.0
2024-12-19,8087,4096.0,192720.0,47.05,47.1,47.05,47.1,-0.2,6.0
2024-12-20,8087,12000.0,565300.0,47.1,47.4,47.0,47.4,0.3,11.0
2024-12-23,8087,43200.0,2033376.0,47.05,47.45,46.9,46.95,-0.45,18.0
2024-12-24,8087,29023.0,1360910.0,46.95,46.95,46.85,46.85,-0.1,15.0
2024-12-25,8087,9559.0,442819.0,46.3,46.85,46.15,46.85,0.0,22.0
2024-12-26,8087,33039.0,1530973.0,46.6,46.85,45.7,46.85,0.0,29.0
2024-12-27,8087,23139.0,1072297.0,46.05,47.75,46.05,46.2,-0.65,19.0
2024-12-30,8087,55050.0,2535453.0,46.05,46.25,45.9,46.0,-0.2,27.0
2024-12-31,8087,20080.0,923472.0,46.0,47.45,45.8,47.45,1.45,16.0
2025-01-02,8087,12000.0,562250.0,46.85,46.9,46.8,46.8,-0.65,8.0
2025-01-03,8087,33188.0,1529639.0,46.1,46.5,45.6,45.6,-1.2,31.0
2025-01-06,8087,33000.0,1517950.0,45.8,46.8,45.6,46.5,0.9,27.0
2025-01-07,8087,18319.0,838762.0,46.5,46.5,45.2,45.2,-1.3,20.0
2025-01-08,8087,14001.0,634845.0,45.2,45.65,45.2,45.6,0.4,13.0
2025-01-09,8087,36425.0,1644221.0,45.2,45.8,45.0,45.8,0.2,38.0
2025-01-10,8087,8010.0,370513.0,47.0,47.0,45.1,45.1,-0.7,9.0
2025-01-13,8087,34349.0,1516971.0,45.0,45.0,43.5,43.5,-1.6,58.0
2025-01-14,8087,3100.0,135700.0,43.2,44.95,43.2,44.95,1.45,4.0
2025-01-15,8087,12037.0,537644.0,45.1,45.1,44.2,44.5,-0.45,18.0
2025-01-16,8087,18955.0,817316.0,42.25,44.8,42.25,44.8,0.3,19.0
2025-01-17,8087,27299.0,1201116.0,44.0,44.5,43.2,44.5,-0.3,24.0
2025-01-20,8087,12101.0,527423.0,44.1,44.1,43.3,43.3,-1.2,13.0
2025-01-21,8087,11314.0,493440.0,43.3,44.0,43.3,44.0,0.7,34.0
2025-01-22,8087,25213.0,1110618.0,44.0,44.15,44.0,44.0,0.0,19.0
2025-02-03,8087,1281.0,57236.0,45.0,45.0,45.0,45.0,1.0,8.0
2025-02-04,8087,0.0,0.0,0.0,0.0,0.0,0.0,0.0,0.0
2025-02-05,8087,14290.0,682186.0,48.95,48.95,44.2,46.2,1.35,26.0
2025-02-06,8087,10674.0,491577.0,46.2,46.2,46.0,46.1,-0.1,22.0
2025-02-07,8087,14541.0,681803.0,47.5,47.5,46.4,46.95,0.85,19.0
2025-02-10,8087,22705.0,1070241.0,47.0,47.45,46.95,46.95,0.0,27.0
2025-02-11,8087,62500.0,2946105.0,46.85,47.6,46.8,47.5,0.55,43.0
2025-02-12,8087,21003.0,995393.0,47.4,47.5,47.1,47.15,-0.35,14.0
2025-02-13,8087,9229.0,434757.0,47.0,47.2,47.0,47.2,0.05,10.0
2025-02-14,8087,16000.0,743850.0,47.0,47.25,46.1,47.25,0.05,15.0
2025-02-17,8087,20011.0,943217.0,47.5,47.6,47.0,47.0,-0.25,13.0
2025-02-18,8087,9131.0,430657.0,47.5,47.5,46.5,47.0,0.0,17.0
2025-02-19,8087,9201.0,428246.0,46.55,46.55,46.5,46.5,-0.5,16.0
2025-02-20,8087,5001.0,230547.0,46.7,46.7,45.7,46.0,-0.5,6.0
2025-02-21,8087,3570.0,165720.0,46.1,47.2,46.1,47.2,1.2,11.0
2025-02-24,8087,16125.0,742080.0,46.5,46.5,45.8,45.8,-1.4,43.0
2025-02-25,8087,17098.0,760313.0,45.0,45.0,44.0,44.8,-1.0,19.0
2025-02-26,8087,25.0,1111.0,0.0,0.0,0.0,0.0,0.0,7.0
2025-02-27,8087,7001.0,313047.0,44.8,44.8,44.7,44.7,-0.1,6.0
2025-03-03,8087,1009.0,44952.0,44.55,44.55,44.55,44.55,-0.15,10.0
2025-03-04,8087,9103.0,405025.0,44.5,44.55,44.3,44.3,-0.25,28.0
2025-03-05,8087,5653.0,249175.0,44.25,44.25,44.2,44.2,-0.1,10.0
2025-03-06,8087,37170.0,1596159.0,44.1,44.1,41.5,41.5,-2.7,36.0
2025-03-07,8087,36404.0,1521114.0,41.5,42.95,41.5,41.65,0.15,72.0
2025-03-10,8087,24702.0,1024546.0,42.5,42.5,41.0,41.5,-0.15,45.0
2025-03-11,8087,41014.0,1722984.0,41.6,42.9,41.5,41.5,0.0,33.0
2025-03-12,8087,32004.0,1333823.0,41.8,42.2,41.5,41.5,0.0,25.0
2025-03-13,8087,12504.0,525039.0,41.5,42.5,41.5,41.7,0.2,15.0
2025-03-14,8087,14858.0,624882.0,41.7,42.0,41.7,42.0,0.3,438.0
2025-03-17,8087,33968.0,1481514.0,42.0,44.75,42.0,44.5,2.5,435.0
2025-03-18,8087,66210.0,2986584.0,45.0,45.4,44.7,45.15,0.65,172.0
2025-03-19,8087,54242.0,2443870.0,44.9,45.25,44.8,44.8,-0.35,280.0
2025-03-20,8087,18244.0,825221.0,44.8,45.55,44.8,45.55,0.75,227.0
2025-03-21,8087,18205.0,831856.0,45.0,46.8,45.0,45.7,0.15,156.0
2025-03-24,8087,72756.0,3394884.0,46.35,47.2,46.1,46.3,0.6,613.0
2025-03-25,8087,41808.0,1941115.0,46.5,46.5,46.35,46.35,0.05,337.0
2025-03-26,8087,23827.0,1112478.0,46.5,47.0,46.5,46.5,0.15,774.0
2025-03-27,8087,36386.0,1673413.0,46.85,46.85,45.0,45.15,-1.35,411.0
2025-03-28,8087,47136.0,2119870.0,45.2,45.2,43.9,45.0,-0.15,158.0
2025-03-31,8087,28220.0,1249923.0,44.65,44.65,44.0,44.25,-0.75,183.0
2025-04-01,8087,11437.0,507211.0,44.3,44.3,44.25,44.3,0.05,52.0
2025-04-02,8087,11009.0,497152.0,44.5,45.65,44.5,45.0,0.7,19.0
2025-04-07,8087,62179.0,2518230.0,40.5,40.5,40.5,40.5,-4.5,84.0
2025-04-08,8087,48408.0,1917505.0,40.0,40.4,39.0,40.4,-0.1,150.0
2025-04-09,8087,97883.0,3689491.0,40.0,40.0,36.4,36.5,-3.9,243.0
2025-04-10,8087,25094.0,1006709.0,40.15,40.15,40.1,40.15,3.65,25.0
2025-04-11,8087,4353.0,174897.0,39.5,40.9,39.5,40.9,0.75,49.0
2025-04-14,8087,11029.0,451223.0,40.9,40.95,40.9,40.95,0.05,38.0
2025-04-15,8087,52700.0,2115371.0,40.0,40.85,40.0,40.85,-0.1,101.0
2025-04-16,8087,35362.0,1421999.0,40.85,40.85,40.0,40.0,-0.85,45.0
2025-04-17,8087,50186.0,2011925.0,40.0,41.0,39.9,41.0,1.0,71.0
2025-04-18,8087,17964.0,728951.0,42.0,42.0,40.1,40.9,-0.1,30.0
2025-04-21,8087,51022.0,2033081.0,40.3,40.3,38.1,38.1,-2.8,34.0
2025-04-22,8087,19284.0,736591.0,38.1,38.25,38.1,38.25,0.15,29.0
2025-04-23,8087,40994.0,1666986.0,38.9,41.5,38.9,41.0,2.75,55.0
2025-04-24,8087,16011.0,645432.0,41.0,41.0,40.1,40.7,-0.3,22.0
2025-04-25,8087,28164.0,1146380.0,40.1,41.0,40.0,40.7,0.0,44.0
2025-04-28,8087,19174.0,782401.0,40.7,41.0,40.4,40.5,-0.2,85.0
2025-04-29,8087,31020.0,1263397.0,41.7,41.7,40.5,41.0,0.5,42.0
2025-04-30,8087,31011.0,1285307.0,41.0,41.8,40.8,41.7,0.7,30.0
2025-05-02,8087,32082.0,1361928.0,41.8,43.25,41.8,43.25,1.55,45.0
2025-05-05,8087,110089.0,4880836.0,43.25,45.65,43.0,44.9,1.65,180.0
2025-05-06,8087,13073.0,580268.0,45.3,45.3,43.65,43.75,-1.15,27.0
2025-05-07,8087,26027.0,1135985.0,43.75,43.9,43.3,43.75,0.0,50.0
2025-05-08,8087,11245.0,492329.0,43.0,44.3,43.0,43.75,0.0,26.0
2025-05-09,8087,22005.0,942067.0,42.95,43.0,42.45,42.45,-1.3,20.0
2025-05-12,8087,25012.0,1053303.0,42.2,42.45,41.3,41.7,-0.75,34.0
2025-05-13,8087,9864.0,416279.0,42.8,42.8,41.85,41.85,0.15,31.0
2025-05-14,8087,11240.0,474322.0,42.5,42.5,41.9,42.1,0.25,20.0
2025-05-15,8087,3010.0,127179.0,42.25,42.25,42.25,42.25,0.15,13.0
2025-05-16,8087,14019.0,589666.0,42.05,42.15,42.0,42.15,-0.1,20.0
2025-05-19,8087,16518.0,699393.0,42.3,42.65,42.2,42.2,0.05,21.0
2025-05-20,8087,12107.0,512712.0,42.8,42.8,42.15,42.15,-0.05,29.0
2025-05-21,8087,20253.0,845325.0,41.0,42.0,41.0,41.9,-0.25,17.0
2025-05-22,8087,19151.0,795855.0,41.9,41.9,41.0,41.5,-0.4,26.0
2025-05-23,8087,7219.0,300666.0,41.5,42.0,41.5,41.7,0.2,29.0
2025-05-26,8087,18781.0,771016.0,41.0,41.1,41.0,41.1,-0.6,35.0
2025-05-27,8087,29059.0,1190711.0,41.0,41.1,40.55,40.55,-0.55,22.0
2025-05-28,8087,19005.0,766302.0,40.7,40.7,40.1,40.1,-0.45,20.0
2025-05-29,8087,5002.0,200730.0,40.2,40.35,39.9,40.35,0.25,7.0
2025-06-02,8087,222.0,8923.0,0.0,0.0,0.0,0.0,0.0,24.0
2025-06-03,8087,41214.0,1574480.0,38.3,38.6,36.8,38.6,-0.65,47.0
2025-06-04,8087,149509.0,6332986.0,42.45,42.45,40.6,42.45,3.85,168.0
2025-06-05,8087,256925.0,11774367.0,43.0,46.65,43.0,46.65,4.2,404.0
2025-06-06,8087,802689.0,38105317.0,48.4,50.5,43.1,43.1,-3.55,750.0
2025-06-09,8087,100656.0,4343850.0,43.1,44.15,41.6,43.15,0.05,132.0
2025-06-10,8087,53153.0,2294469.0,43.35,43.75,42.6,43.0,-0.15,50.0
2025-06-11,8087,67232.0,2838669.0,43.1,43.1,41.5,42.5,-0.5,73.0
2025-06-12,8087,17439.0,737693.0,42.5,42.5,42.0,42.0,-0.5,27.0
2025-06-13,8087,19539.0,815094.0,41.35,42.0,41.3,41.6,-0.4,31.0
2025-06-16,8087,27941.0,1150704.0,41.6,41.95,40.55,40.6,-1.0,35.0
2025-06-17,8087,195157.0,8667816.0,41.0,44.65,41.0,44.65,4.05,178.0
2025-06-18,8087,143883.0,6280261.0,45.6,45.6,42.25,42.3,-2.35,223.0
2025-06-19,8087,91277.0,3923504.0,42.35,44.85,42.1,42.5,0.2,92.0
2025-06-20,8087,56901.0,2445031.0,42.5,43.5,42.5,42.85,0.35,55.0
2025-06-23,8087,32147.0,1353989.0,42.5,43.45,41.4,41.75,-1.1,66.0
2025-06-24,8087,40383.0,1680984.0,41.75,41.8,41.4,41.75,0.0,59.0
2025-06-25,8087,26035.0,1089411.0,41.9,42.15,41.7,41.8,0.05,25.0
2025-06-26,8087,51184.0,2127135.0,41.8,41.8,41.4,41.6,-0.2,36.0
2025-06-27,8087,37028.0,1547612.0,41.6,42.35,41.45,41.5,-0.1,28.0
2025-06-30,8087,13039.0,542522.0,41.5,41.9,41.4,41.9,0.4,24.0
2025-07-01,8087,9063.0,376633.0,41.85,41.9,41.15,41.9,0.0,14.0
2025-07-02,8087,18186.0,750468.0,40.15,41.9,40.15,41.9,0.0,49.0
2025-07-03,8087,13130.0,543190.0,41.35,41.7,41.1,41.65,-0.25,23.0
2025-07-04,8087,21030.0,861079.0,41.1,41.95,40.2,40.45,-1.2,28.0
2025-07-07,8087,12024.0,485415.0,40.45,40.6,40.0,40.5,0.05,34.0
2025-07-08,8087,8029.0,323326.0,40.5,40.5,40.0,40.45,-0.05,11.0
2025-07-09,8087,7008.0,278670.0,40.05,40.05,39.55,39.95,-0.5,9.0
2025-07-10,8087,16152.0,635115.0,39.8,41.0,38.9,41.0,1.05,25.0
2025-07-11,8087,24086.0,966924.0,40.95,40.95,39.95,40.25,-0.75,33.0
2025-07-14,8087,8109.0,322207.0,39.65,40.0,39.45,40.0,-0.25,16.0
2025-07-15,8087,5207.0,205983.0,40.0,40.0,38.8,39.95,-0.05,13.0
2025-07-16,8087,49118.0,1999946.0,39.95,41.8,39.65,40.8,0.85,51.0
2025-07-17,8087,9033.0,368045.0,40.8,40.95,40.6,40.6,-0.2,27.0
2025-07-18,8087,16215.0,654927.0,40.65,40.65,39.5,40.1,-0.5,30.0
2025-07-21,8087,7009.0,277976.0,39.95,39.95,39.35,39.6,-0.5,16.0
2025-07-22,8087,8010.0,317464.0,39.6,40.0,39.45,39.45,-0.15,18.0
2025-07-23,8087,13135.0,523293.0,39.5,40.35,39.5,40.35,0.9,25.0
2025-07-24,8087,3011.0,119340.0,39.65,39.65,39.6,39.65,-0.7,5.0
2025-07-25,8087,8074.0,320572.0,39.6,39.9,39.6,39.9,0.25,15.0
2025-07-28,8087,16536.0,653706.0,39.9,40.0,39.0,40.0,0.1,35.0
2025-07-29,8087,2013.0,80670.0,39.5,40.65,39.5,40.65,0.65,6.0
2025-07-30,8087,5548.0,221088.0,39.6,40.2,39.5,39.95,-0.7,19.0
2025-07-31,8087,28005.0,1105510.0,39.95,39.95,39.35,39.6,-0.35,29.0
2025-08-01,8087,15011.0,589642.0,39.0,40.1,39.0,40.1,0.5,21.0
2025-08-04,8087,27189.0,1080763.0,40.75,40.8,39.0,40.0,-0.1,27.0
2025-08-05,8087,5010.0,200805.0,40.4,40.4,39.65,39.85,-0.15,13.0
2025-08-06,8087,9056.0,362080.0,39.85,40.35,39.85,39.9,0.05,15.0
2025-08-07,8087,29005.0,1145649.0,40.05,40.05,39.0,39.1,-0.8,25.0
2025-08-08,8087,6533.0,257470.0,39.35,40.0,39.3,40.0,0.9,24.0
2025-08-11,8087,17147.0,674524.0,39.65,40.0,38.6,39.35,-0.65,26.0
2025-08-12,8087,18002.0,710628.0,39.95,39.95,39.35,39.5,0.15,17.0
2025-08-13,8087,14224.0,561186.0,39.5,39.5,39.4,39.5,0.0,17.0
2025-08-14,8087,20006.0,786034.0,39.45,39.5,39.1,39.2,-0.3,22.0
2025-08-15,8087,19009.0,743851.0,39.0,39.55,39.0,39.25,0.05,21.0
2025-08-18,8087,37001.0,1459939.0,39.5,39.5,39.15,39.35,0.1,29.0
2025-08-19,8087,20302.0,797780.0,39.95,39.95,39.0,39.35,0.0,26.0
2025-08-20,8087,30025.0,1167981.0,39.5,39.5,38.0,38.7,-0.65,30.0
2025-08-21,8087,19064.0,735940.0,38.5,38.7,38.5,38.65,-0.05,26.0
2025-08-22,8087,23020.0,881838.0,38.65,38.65,38.05,38.25,-0.4,26.0
2025-08-25,8087,39051.0,1487419.0,38.25,38.25,37.75,37.75,-0.5,41.0
2025-08-26,8087,11220.0,424674.0,37.75,38.0,37.55,37.55,-0.2,15.0
2025-08-27,8087,95724.0,3444324.0,37.05,37.1,34.05,35.25,-2.3,88.0
2025-08-28,8087,107666.0,3697827.0,35.25,35.25,33.5,33.75,-1.5,149.0
2025-08-29,8087,190836.0,6624537.0,33.75,35.85,32.85,35.7,1.95,106.0
2025-09-01,8087,52881.0,1816559.0,35.7,35.75,32.9,34.3,-1.4,71.0
2025-09-02,8087,76113.0,2675904.0,33.4,36.6,33.3,35.2,0.0,74.0
2025-09-03,8087,40392.0,1436037.0,35.2,36.6,35.05,35.15,-0.05,58.0
2025-09-04,8087,3714.0,128631.0,35.1,35.85,33.4,35.85,0.7,34.0
2025-09-05,8087,9043.0,319910.0,34.7,36.35,34.7,35.05,-0.8,15.0
2025-09-08,8087,13270.0,459229.0,34.55,34.65,34.55,34.6,-0.45,15.0
2025-09-09,8087,51187.0,1739602.0,34.05,34.1,33.7,34.1,-0.5,38.0
2025-09-10,8087,45245.0,1542243.0,34.1,35.2,33.5,34.75,0.65,37.0
2025-09-11,8087,35485.0,1203457.0,34.15,34.15,33.75,33.8,-0.95,61.0
2025-09-12,8087,45547.0,1525814.0,33.8,33.8,33.3,33.5,-0.3,36.0
2025-09-15,8087,30029.0,995122.0,33.15,33.35,33.1,33.1,-0.4,24.0
2025-09-16,8087,26915.0,896492.0,33.25,33.7,33.25,33.3,0.2,27.0
2025-09-17,8087,13120.0,435636.0,33.35,33.35,33.0,33.15,-0.15,24.0
2025-09-18,8087,11804.0,389210.0,33.0,33.0,32.9,33.0,-0.15,21.0
2025-09-19,8087,20328.0,670412.0,33.0,33.05,32.9,32.95,-0.05,23.0
2025-09-22,8087,11081.0,365857.0,33.0,33.05,33.0,33.05,0.1,22.0
2025-09-23,8087,41002.0,1356566.0,33.05,33.3,33.05,33.1,0.05,26.0
2025-09-24,8087,6007.0,198583.0,33.05,33.1,33.05,33.05,-0.05,7.0
2025-09-25,8087,29211.0,963312.0,32.85,33.15,32.85,33.0,-0.05,22.0
2025-09-26,8087,22337.0,735745.0,33.0,33.0,32.85,32.9,-0.1,27.0
2025-09-30,8087,29004.0,952680.0,32.9,33.05,32.6,33.05,0.15,21.0
2025-10-01,8087,10212.0,335799.0,32.8,33.2,32.7,33.15,0.1,21.0
2025-10-02,8087,46.0,1503.0,0.0,0.0,0.0,0.0,0.0,5.0
2025-10-03,8087,4341.0,142234.0,32.8,32.8,32.8,32.8,0.0,12.0
2025-10-07,8087,5627.0,189157.0,34.5,34.5,33.2,34.0,1.2,21.0
2025-10-08,8087,2011.0,66365.0,33.0,33.0,33.0,33.0,-1.0,4.0
2025-10-09,8087,22713.0,747368.0,32.1,33.45,32.1,32.35,-0.65,23.0
2025-10-13,8087,17067.0,578397.0,34.0,35.0,33.75,33.75,1.4,40.0
2025-10-14,8087,9565.0,323483.0,34.85,34.85,33.1,33.1,-0.65,20.0
2025-10-15,8087,1407.0,46000.0,33.0,33.0,33.0,33.0,-0.1,11.0
2025-10-16,8087,9400.0,309956.0,33.05,33.1,32.8,32.8,-0.2,14.0
2025-10-17,8087,11515.0,377013.0,32.8,33.0,32.6,32.85,0.05,19.0
2025-10-20,8087,1290.0,42316.0,32.85,32.85,32.85,32.85,0.0,10.0
2025-10-21,8087,68207.0,2163021.0,31.9,32.3,31.05,31.8,-1.05,55.0
2025-10-22,8087,277448.0,9463743.0,33.65,34.95,32.0,32.2,0.4,219.0
2025-10-23,8087,48518.0,1566400.0,31.8,33.85,31.8,33.85,1.65,44.0
2025-10-27,8087,32111.0,1048822.0,32.55,33.15,32.4,32.95,-0.9,83.0
2025-10-28,8087,9132.0,297554.0,32.4,33.7,32.2,32.3,-0.65,13.0
2025-10-29,8087,2199.0,71443.0,32.0,32.95,32.0,32.95,0.65,17.0
2025-10-30,8087,14005.0,451265.0,32.25,32.6,32.15,32.15,-0.8,17.0
2025-10-31,8087,3580.0,115557.0,32.35,32.35,32.15,32.2,0.05,17.0
2025-11-03,8087,6168.0,197198.0,31.95,32.1,31.9,32.1,-0.1,20.0
2025-11-04,8087,1006.0,32246.0,32.05,32.05,32.05,32.05,-0.05,7.0
2025-11-05,8087,88266.0,2839450.0,31.3,32.85,30.95,32.65,0.6,57.0
2025-11-06,8087,138077.0,4720466.0,32.0,35.65,32.0,32.75,0.1,110.0
2025-11-07,8087,273706.0,9747510.0,32.9,36.0,32.9,34.2,1.45,242.0
2025-11-10,8087,103051.0,3585540.0,34.05,35.65,34.05,34.65,0.45,94.0
2025-11-11,8087,83289.0,2951332.0,34.15,35.95,34.15,35.8,1.15,67.0
2025-11-12,8087,58183.0,2150417.0,35.95,38.0,35.95,36.6,0.8,93.0
2025-11-13,8087,98416.0,3654950.0,36.6,37.85,36.05,37.7,1.1,83.0
2025-11-14,8087,33297.0,1262692.0,38.8,38.8,37.65,37.75,0.05,62.0
2025-11-17,8087,71652.0,2681498.0,37.55,37.75,36.65,37.55,-0.2,51.0
2025-11-18,8087,44605.0,1633871.0,36.95,37.0,36.1,37.0,-0.55,39.0
2025-11-19,8087,43798.0,1652576.0,37.0,37.9,37.0,37.8,0.8,57.0
2025-11-20,8087,26249.0,991594.0,37.85,37.85,37.7,37.8,0.0,32.0
2025-11-21,8087,22528.0,840525.0,37.05,37.55,36.9,37.55,-0.25,37.0
2025-11-24,8087,33006.0,1237723.0,37.55,37.7,36.85,37.65,0.1,28.0
2025-11-25,8087,25269.0,935996.0,36.95,37.5,36.6,37.5,-0.15,29.0
2025-11-26,8087,35007.0,1304209.0,37.0,37.5,36.95,37.45,-0.05,33.0
2025-11-27,8087,36002.0,1347774.0,37.0,37.8,36.95,37.8,0.35,24.0
2025-11-28,8087,48224.0,1791316.0,37.15,37.6,36.5,37.0,-0.8,35.0
2025-12-01,8087,11059.0,404779.0,37.0,37.0,36.35,36.35,-0.65,22.0
2025-12-02,8087,26103.0,937483.0,36.35,36.95,35.2,36.0,-0.35,19.0
2025-12-03,8087,27366.0,966180.0,36.0,36.0,35.0,35.0,-1.0,66.0
2025-12-04,8087,18056.0,619553.0,35.0,35.0,34.1,34.1,-0.9,25.0
2025-12-05,8087,5924.0,202157.0,34.15,34.15,34.15,34.15,0.05,9.0
2025-12-08,8087,25190.0,839967.0,33.8,34.1,32.6,34.0,-0.15,34.0
2025-12-09,8087,6017.0,198962.0,33.2,33.2,33.0,33.0,-1.0,15.0
2025-12-10,8087,17554.0,569030.0,33.0,33.5,32.0,32.4,-0.6,22.0
2025-12-11,8087,8065.0,259042.0,32.0,32.75,31.55,32.75,0.35,32.0
2025-12-12,8087,19314.0,618341.0,32.0,32.8,31.85,31.85,-0.9,27.0
2025-12-15,8087,19930.0,632789.0,31.85,33.0,31.0,33.0,1.15,30.0
2025-12-16,8087,43825.0,1454038.0,33.0,34.0,31.5,33.4,0.4,37.0
2025-12-17,8087,31250.0,1061284.0,32.7,34.95,32.7,34.95,1.55,35.0
2025-12-18,8087,4043.0,136912.0,34.05,34.05,33.7,33.7,-1.25,15.0
2025-12-19,8087,57075.0,1985408.0,33.7,35.15,33.7,34.75,1.05,48.0
2025-12-22,8087,1017.0,35385.0,34.8,34.8,34.8,34.8,0.05,8.0
2025-12-23,8087,7074.0,237103.0,33.7,33.7,33.4,33.4,-1.4,17.0
2025-12-24,8087,26553.0,856854.0,33.4,33.4,31.8,32.4,-1.0,128.0
2025-12-26,8087,21238.0,683943.0,32.15,32.8,32.05,32.1,-0.3,44.0
2025-12-29,8087,19008.0,604102.0,32.15,32.15,31.6,31.65,-0.45,21.0
2025-12-30,8087,18002.0,576514.0,32.0,32.2,31.65,31.9,0.25,15.0
2025-12-31,8087,9686.0,307156.0,31.9,32.5,31.4,31.95,0.05,20.0
2026-01-02,8087,21137.0,670454.0,31.6,32.3,31.5,32.3,0.35,20.0
2026-01-05,8087,16056.0,506774.0,31.6,31.8,31.1,31.65,-0.65,32.0
2026-01-06,8087,7014.0,222436.0,31.5,32.0,31.5,31.95,0.3,20.0
2026-01-07,8087,15059.0,475112.0,31.6,31.8,31.3,31.8,-0.15,23.0
2026-01-08,8087,14471.0,449187.0,31.5,31.5,30.9,30.9,-0.9,45.0
2026-01-09,8087,5896.0,184593.0,30.9,32.15,30.9,32.15,1.25,19.0
2026-01-12,8087,39358.0,1197039.0,31.2,31.8,30.0,30.6,-1.55,44.0
2026-01-13,8087,21019.0,640992.0,30.75,30.75,30.15,30.15,-0.45,23.0
2026-01-14,8087,16185.0,495877.0,30.15,30.8,30.15,30.8,0.65,22.0
2026-01-15,8087,15008.0,459293.0,30.45,30.8,30.45,30.6,-0.2,12.0
2026-01-16,8087,47058.0,1481510.0,32.0,32.0,30.6,31.1,0.5,70.0
2026-01-19,8087,32309.0,1007553.0,31.05,31.65,31.05,31.65,0.55,31.0
2026-01-20,8087,19042.0,585900.0,31.65,31.65,30.55,30.7,-0.95,46.0
2026-01-21,8087,13820.0,419127.0,30.2,30.4,30.2,30.35,-0.35,29.0
2026-01-22,8087,33212.0,999195.0,30.4,30.4,29.4,30.0,-0.35,73.0
2026-01-23,8087,21513.0,648495.0,30.5,30.5,29.8,30.3,0.3,75.0
2026-01-26,8087,10152.0,304310.0,30.3,30.7,29.8,30.7,0.4,37.0
2026-01-27,8087,39546.0,1172032.0,30.1,30.1,29.05,29.95,-0.75,117.0
2026-01-28,8087,28584.0,842299.0,29.5,29.9,29.35,29.45,-0.5,62.0
2026-01-29,8087,12079.0,354265.0,29.4,29.5,29.2,29.5,0.05,36.0
2026-01-30,8087,14253.0,416679.0,29.5,29.55,29.1,29.1,-0.4,29.0
2026-02-02,8087,14034.0,407938.0,29.05,29.1,29.05,29.1,0.0,25.0
2026-02-03,8087,21631.0,623705.0,29.1,29.1,28.5,28.9,-0.2,39.0
2026-02-04,8087,25323.0,730915.0,28.9,28.95,28.7,28.8,-0.1,125.0
2026-02-05,8087,13210.0,375476.0,28.8,28.9,28.3,28.9,0.1,63.0
2026-02-06,8087,19263.0,541009.0,28.1,28.85,27.95,28.0,-0.9,36.0
2026-02-09,8087,56661.0,1550598.0,27.6,28.0,27.0,27.1,-0.9,112.0
2026-02-10,8087,58332.0,1494699.0,26.9,26.9,25.05,25.3,-1.8,145.0
2026-02-11,8087,61395.0,1706777.0,27.8,27.8,27.8,27.8,2.5,57.0
2026-02-23,8087,43808.0,1338328.0,30.55,30.55,30.55,30.55,2.75,29.0
2026-02-24,8087,161918.0,5395288.0,33.0,33.6,32.15,33.6,3.05,137.0
2026-02-25,8087,110927.0,4098748.0,36.95,36.95,36.95,36.95,3.35,60.0
2026-02-26,8087,648612.0,25021079.0,40.6,40.6,34.3,34.3,-2.65,782.0
2026-03-02,8087,171327.0,5959140.0,33.7,36.95,32.5,35.2,0.9,407.0
2026-03-03,8087,451041.0,17280022.0,35.5,38.7,35.5,38.7,3.5,672.0
2026-03-04,8087,302861.0,11443765.0,38.5,39.0,36.0,37.05,-1.65,312.0
2026-03-05,8087,119376.0,4540026.0,37.75,39.5,36.35,37.3,0.25,293.0
2026-03-06,8087,65939.0,2359567.0,36.5,37.0,35.2,35.55,-1.75,219.0
2026-03-09,8087,66036.0,2181782.0,35.25,35.25,32.3,32.6,-2.95,145.0
2026-03-10,8087,31627.0,1078695.0,34.95,34.95,33.85,33.95,1.35,76.0
2026-03-11,8087,73338.0,2503085.0,33.95,34.9,33.95,34.05,0.1,93.0
2026-03-12,8087,88866.0,2883941.0,34.05,34.05,32.0,32.6,-1.45,178.0
2026-03-13,8087,118475.0,3774640.0,32.5,34.05,30.15,32.45,-0.15,135.0
2026-03-16,8087,40554.0,1308292.0,32.45,32.95,31.2,32.95,0.5,173.0
2026-03-17,8087,37745.0,1265295.0,33.05,34.3,32.2,34.1,1.15,127.0
2026-03-18,8087,49817.0,1676901.0,34.1,34.1,32.85,34.1,0.0,79.0
2026-03-19,8087,59840.0,2083925.0,33.3,35.25,33.3,34.75,0.65,80.0
2026-03-20,8087,24828.0,854532.0,34.5,34.8,34.2,34.25,-0.5,54.0
2026-03-23,8087,40321.0,1355440.0,34.5,34.85,33.0,34.85,0.6,73.0
2026-03-24,8087,21431.0,730750.0,34.2,34.2,34.1,34.1,-0.75,52.0
2026-03-25,8087,41123.0,1405816.0,34.1,34.25,34.1,34.1,0.0,34.0
2026-03-26,8087,30066.0,1011247.0,33.5,34.1,33.5,34.1,0.0,26.0
2026-03-27,8087,13772.0,464530.0,33.3,34.2,33.1,34.2,0.1,39.0
2026-03-30,8087,11949.0,399518.0,33.5,34.1,33.45,34.1,-0.1,30.0
2026-03-31,8087,20236.0,670687.0,33.75,33.75,32.1,32.1,-2.0,41.0
2026-04-01,8087,19852.0,658025.0,33.7,33.7,33.0,33.5,1.4,34.0
2026-04-02,8087,19201.0,637503.0,33.0,33.45,33.0,33.25,-0.25,26.0
2026-04-07,8087,13059.0,436800.0,33.5,33.5,33.15,33.5,0.25,41.0
2026-04-08,8087,36048.0,1214372.0,33.3,35.0,33.3,34.05,0.55,39.0
2026-04-09,8087,15013.0,505895.0,34.0,34.0,33.5,33.8,-0.25,21.0
2026-04-10,8087,97499.0,3134905.0,33.2,33.2,31.2,32.95,-0.85,87.0
2026-04-13,8087,70083.0,2537003.0,36.2,36.2,36.2,36.2,3.25,53.0
2026-04-14,8087,283199.0,10790193.0,38.4,39.6,36.3,37.45,1.25,317.0
2026-04-15,8087,94148.0,3382995.0,37.1,37.1,35.2,36.0,-1.45,132.0
2026-04-16,8087,37006.0,1310304.0,35.4,35.95,35.2,35.95,-0.05,125.0
2026-04-17,8087,11046.0,392029.0,36.0,36.0,35.05,35.45,-0.5,23.0
2026-04-20,8087,26339.0,910993.0,34.3,35.4,34.05,34.6,-0.85,33.0
2026-04-21,8087,35955.0,1234831.0,34.5,35.0,33.5,35.0,0.4,36.0
2026-04-22,8087,21025.0,724910.0,34.25,35.05,34.2,34.85,-0.15,30.0
2026-04-23,8087,21396.0,727342.0,34.4,34.4,33.55,34.05,-0.8,26.0
2026-04-24,8087,75584.0,2573608.0,34.05,34.5,33.6,34.1,0.05,42.0
2026-04-27,8087,87054.0,2844321.0,34.1,34.1,32.05,33.8,-0.3,98.0
2026-04-28,8087,62104.0,2064287.0,33.0,33.95,33.0,33.0,-0.8,44.0
2026-04-29,8087,12063.0,400473.0,33.2,33.2,33.2,33.2,0.2,16.0
2026-04-30,8087,37007.0,1231879.0,33.2,34.15,33.1,33.85,0.65,25.0
2026-05-04,8087,43155.0,1431239.0,33.2,33.85,32.9,32.9,-0.95,48.0
2026-05-05,8087,60017.0,1997744.0,33.0,33.8,32.7,33.3,0.4,60.0
2026-05-06,8087,63441.0,2096150.0,33.0,33.6,32.9,33.1,-0.2,70.0
2026-05-07,8087,50090.0,1654312.0,33.0,33.1,32.85,32.85,-0.25,35.0
2026-05-08,8087,52436.0,1740542.0,32.85,34.95,32.8,33.0,0.15,77.0
2026-05-11,8087,282993.0,10082769.0,35.5,36.3,34.0,34.0,1.0,243.0
2026-05-12,8087,143225.0,4697185.0,33.7,33.7,31.25,33.2,-0.8,184.0
2026-05-13,8087,54640.0,1802482.0,33.0,33.2,32.85,33.0,-0.2,45.0
2026-05-14,8087,418056.0,14755592.0,33.0,36.3,33.0,35.35,2.35,430.0
2026-05-15,8087,99641.0,3481326.0,34.3,35.5,34.1,34.1,-1.25,66.0
2026-05-18,8087,122956.0,4248197.0,37.0,37.0,34.0,34.25,0.15,63.0
2026-05-19,8087,77603.0,2671083.0,35.7,35.7,34.2,34.3,0.05,55.0
2026-05-20,8087,40568.0,1394306.0,34.15,34.7,34.15,34.3,0.0,83.0
2026-05-21,8087,58517.0,2042672.0,34.3,36.5,34.15,34.15,-0.15,88.0
2026-05-22,8087,150137.0,5083175.0,34.2,34.2,33.2,33.85,-0.3,135.0
2026-05-25,8087,79563.0,2626674.0,33.9,33.9,32.6,32.8,-1.05,97.0
2026-05-26,8087,29037.0,945151.0,32.8,32.95,32.3,32.95,0.15,26.0
2026-05-27,8087,82303.0,2671619.0,32.45,32.9,32.25,32.25,-0.7,57.0
2026-05-28,8087,35278.0,1143053.0,32.6,32.7,32.25,32.25,0.0,64.0
2026-05-29,8087,49207.0,1634385.0,33.5,33.7,32.45,32.95,0.7,57.0
2026-06-01,8087,124726.0,4210721.0,33.3,34.8,32.9,33.85,0.9,112.0
2026-06-02,8087,42789.0,1447340.0,34.1,34.15,33.6,33.8,-0.05,41.0
2026-06-03,8087,82166.0,2812379.0,33.7,34.7,33.6,34.45,0.65,72.0
2026-06-04,8087,180729.0,6334842.0,34.7,35.6,34.6,35.2,0.75,193.0
2026-06-05,8087,72110.0,2556222.0,35.35,35.65,35.25,35.6,0.4,71.0
2026-06-08,8087,79785.0,2800123.0,35.5,35.95,34.15,35.75,0.15,62.0
2026-06-09,8087,351081.0,13604391.0,36.0,39.3,36.0,38.85,3.1,819.0
2026-06-10,8087,105823.0,4024495.0,38.6,38.6,37.3,37.85,-1.0,109.0
2026-06-11,8087,285562.0,9809992.0,37.45,37.45,34.1,34.1,-3.75,395.0
2026-06-12,8087,68591.0,2312987.0,33.8,34.25,33.0,33.85,-0.25,58.0
2026-06-15,8087,126573.0,4393973.0,35.35,35.35,34.2,34.5,0.65,97.0
2026-06-16,8087,61194.0,2066045.0,34.3,34.3,33.4,33.8,-0.7,46.0
2026-06-17,8087,29148.0,977347.0,33.8,33.8,33.3,33.55,-0.25,36.0
2026-06-18,8087,65740.0,2180047.0,33.25,33.35,33.0,33.1,-0.45,94.0
2026-06-22,8087,72555.0,2427408.0,33.1,34.3,33.1,33.2,0.1,53.0
2026-06-23,8087,41131.0,1352861.0,33.2,33.2,32.3,32.9,-0.3,82.0
2026-06-24,8087,27061.0,899689.0,33.35,33.7,32.8,33.2,0.3,42.0
2026-06-25,8087,11173.0,366709.0,32.65,33.0,32.65,33.0,-0.2,58.0
2026-06-26,8087,81990.0,2629244.0,33.4,33.4,31.3,32.3,-0.7,122.0
2026-06-29,8087,247061.0,8154226.0,31.75,34.45,31.75,33.0,0.7,25.0
2026-06-30,8087,20107.0,657731.0,33.05,33.1,32.2,33.0,0.0,22.0
2026-07-01,8087,41208.0,1346717.0,33.8,33.8,32.3,32.35,-0.65,43.0
2026-07-02,8087,48698.0,1561120.0,32.35,32.4,31.85,32.2,-0.15,37.0
2026-07-03,8087,260025.0,8153192.0,31.9,31.9,31.05,31.5,-0.7,131.0
2026-07-06,8087,46421.0,1492494.0,32.2,32.8,31.9,31.9,0.4,36.0
2026-07-07,8087,91323.0,2848985.0,31.6,31.7,31.0,31.35,-0.55,63.0
2026-07-08,8087,12300.0,382552.0,31.35,31.35,31.0,31.25,-0.1,19.0
2026-07-09,8087,11002.0,345162.0,31.2,31.6,31.2,31.5,0.25,13.0
2026-07-13,8087,15072.0,463865.0,30.8,31.0,30.55,31.0,-0.5,17.0
2026-07-14,8087,37305.0,1097174.0,30.6,30.6,29.0,29.7,-1.3,37.0
2026-07-15,8087,47890.0,1404267.0,30.0,30.0,29.05,29.45,-0.25,52.0
2026-07-16,8087,18210.0,527799.0,29.0,29.15,28.75,29.15,-0.3,25.0
2026-07-17,8087,188398.0,5020131.0,30.1,30.1,26.25,26.25,-2.9,97.0
2026-07-20,8087,10397.0,277258.0,26.7,26.95,26.5,26.9,0.65,16.0
2026-07-21,8087,21254.0,587543.0,26.9,28.0,26.9,27.9,1.0,21.0
2026-07-22,8087,15009.0,420252.0,28.4,28.45,27.55,28.1,0.2,12.0
2026-07-23,8087,12000.0,337700.0,28.3,28.3,28.1,28.1,0.0,10.0
2026-07-24,8087,15564.0,437007.0,28.1,28.5,28.0,28.5,0.4,21.0
2026-07-27,8087,4.0,111.0,0.0,0.0,0.0,0.0,0.0,3.0
2026-07-28,8087,5.0,131.0,0.0,0.0,0.0,0.0,0.0,4.0
2026-07-29,8087,4256.0,119316.0,28.35,28.35,28.0,28.0,-0.35,17.0
2026-07-30,8087,11176.0,300756.0,26.3,27.6,26.3,26.9,-1.1,14.0
2026-07-31,8087,11002.0,302004.0,27.1,28.3,27.1,28.3,1.4,9.0
2026-08-03,8087,0.0,0.0,0.0,0.0,0.0,0.0,0.0,0.0
2026-08-04,8087,40402.0,1187046.0,29.7,30.5,28.1,28.8,0.55,40.0
2026-08-05,8087,11007.0,318751.0,29.35,29.35,28.8,29.0,0.2,9.0
2026-08-06,8087,6230.0,180046.0,28.9,28.9,28.9,28.9,-0.1,10.0
2026-08-07,8087,4454.0,131289.0,29.45,29.5,29.45,29.5,0.6,5.0
2026-08-10,8087,1000.0,29450.0,29.45,29.45,29.45,29.45,-0.05,1.0
2026-08-11,8087,6007.0,173105.0,28.5,29.45,28.5,29.45,0.0,11.0
2026-08-12,8087,4004.0,115167.0,28.55,29.0,28.5,29.0,-0.45,7.0
2026-08-13,8087,185434.0,4915177.0,28.5,28.5,26.1,27.2,-1.8,87.0
2026-08-14,8087,36687.0,980460.0,27.2,27.2,26.55,26.55,-0.65,43.0
2026-08-17,8087,8003.0,213731.0,27.3,27.3,26.55,26.85,0.3,9.0
2026-08-18,8087,4832.0,131162.0,27.65,27.65,26.85,26.85,0.0,8.0
2026-08-19,8087,4010.0,108068.0,27.7,27.7,26.25,26.95,0.1,5.0
2026-08-20,8087,84104.0,2215496.0,27.0,27.0,26.2,26.45,-0.5,30.0
2026-08-21,8087,5066.0,136099.0,27.45,27.45,26.5,27.2,0.75,7.0
2026-08-24,8087,14102.0,375174.0,26.6,27.2,26.4,26.4,-0.8,13.0
2026-08-25,8087,30012.0,780513.0,26.05,26.35,25.95,26.35,-0.05,19.0
2026-08-26,8087,14336.0,374300.0,26.35,26.4,26.0,26.35,0.0,15.0
2026-08-27,8087,5258.0,136634.0,26.0,26.1,25.85,26.1,-0.25,11.0
2026-08-28,8087,1200.0,31318.0,26.1,26.1,26.1,26.1,0.0,5.0
2026-08-31,8087,17215.0,458801.0,27.25,27.25,26.0,27.0,0.9,21.0
2026-09-01,8087,6238.0,163658.0,26.1,26.4,26.1,26.4,-0.6,12.0
2026-09-02,8087,8000.0,212400.0,26.5,26.9,26.3,26.5,0.1,8.0
2026-09-03,8087,11528.0,302980.0,26.45,26.7,26.2,26.7,0.2,17.0
2026-09-04,8087,5001.0,131627.0,26.2,27.0,26.1,27.0,0.3,5.0
2026-09-09,8087,6007.0,157882.0,26.2,26.55,26.15,26.5,-0.15,13.0
2026-09-10,8087,11002.0,288352.0,26.1,26.7,26.1,26.7,0.2,12.0
2026-09-11,8087,99821.0,2524173.0,26.25,26.6,24.2,24.2,-2.5,46.0
