date,stock_id,Trading_Volume,Trading_money,open,max,min,close,spread,Trading_turnover
2016-01-04,8111,56525.0,226979.0,4.06,4.06,3.98,4.04,-0.02,43.0
2016-01-05,8111,18555.0,74460.0,4.04,4.04,3.99,4.03,-0.01,22.0
2016-01-06,8111,81041.0,320514.0,3.94,4.03,3.93,4.0,-0.03,27.0
2016-01-07,8111,81206.0,314987.0,4.0,4.0,3.72,3.94,-0.06,42.0
2016-01-08,8111,70372.0,276713.0,3.93,3.99,3.85,3.99,0.05,47.0
2016-01-11,8111,63039.0,245266.0,3.98,3.98,3.82,3.84,-0.15,34.0
2016-01-12,8111,39866.0,153407.0,3.9,3.9,3.84,3.84,0.0,36.0
2016-01-13,8111,64617.0,242354.0,3.9,3.92,3.62,3.79,-0.05,41.0
2016-01-14,8111,198989.0,748432.0,3.74,3.8,3.66,3.8,0.01,79.0
2016-01-15,8111,273977.0,1042643.0,3.8,3.96,3.7,3.79,-0.01,95.0
2016-01-18,8111,156515.0,603450.0,3.77,3.92,3.77,3.92,0.13,69.0
2016-01-19,8111,91108.0,358238.0,3.92,4.0,3.88,4.0,0.08,46.0
2016-01-20,8111,78788.0,310543.0,3.98,3.99,3.86,3.99,-0.01,31.0
2016-01-21,8111,45321.0,177378.0,3.99,3.99,3.87,3.96,-0.03,29.0
2016-01-22,8111,50778.0,199544.0,3.95,3.96,3.9,3.9,-0.06,20.0
2016-01-25,8111,44352.0,173230.0,3.93,3.93,3.86,3.92,0.02,17.0
2016-01-26,8111,21008.0,81794.0,3.88,3.91,3.88,3.91,-0.01,17.0
2016-01-27,8111,13984.0,54831.0,3.96,3.96,3.91,3.92,0.01,19.0
2016-01-28,8111,38010.0,150452.0,3.97,3.99,3.9,3.98,0.06,29.0
2016-01-29,8111,100489.0,386732.0,4.0,4.0,3.74,3.84,-0.14,47.0
2016-01-30,8111,48133.0,186574.0,3.88,3.94,3.84,3.85,0.01,21.0
2016-02-01,8111,15828.0,61254.0,3.93,3.93,3.83,3.9,0.05,17.0
2016-02-02,8111,58503.0,228027.0,3.92,3.92,3.86,3.92,0.02,30.0
2016-02-03,8111,35887.0,138857.0,3.92,3.94,3.83,3.94,0.02,27.0
2016-02-15,8111,111802.0,436218.0,3.9,4.01,3.85,4.01,0.07,52.0
2016-02-16,8111,43098.0,173582.0,4.01,4.05,4.01,4.02,0.01,33.0
2016-02-17,8111,106929.0,437968.0,4.19,4.19,4.03,4.14,0.12,52.0
2016-02-18,8111,142296.0,573411.0,4.15,4.15,3.98,3.99,-0.15,68.0
2016-02-19,8111,27653.0,110368.0,3.99,4.05,3.95,4.02,0.03,34.0
2016-02-22,8111,116258.0,464072.0,3.96,4.09,3.96,4.02,0.0,56.0
2016-02-23,8111,153411.0,621732.0,4.02,4.13,4.01,4.06,0.04,58.0
2016-02-24,8111,155681.0,633338.0,4.1,4.1,4.03,4.09,0.03,40.0
2016-02-25,8111,264440.0,1093038.0,4.09,4.2,4.06,4.12,0.03,98.0
2016-02-26,8111,161561.0,669225.0,4.17,4.19,4.12,4.15,0.03,77.0
2016-03-01,8111,150578.0,629392.0,4.15,4.2,4.15,4.2,0.05,99.0
2016-03-02,8111,150997.0,642360.0,4.27,4.29,4.2,4.25,0.05,78.0
2016-03-03,8111,157177.0,669526.0,4.25,4.3,4.23,4.23,-0.02,77.0
2016-03-04,8111,91700.0,391930.0,4.29,4.29,4.25,4.28,0.05,56.0
2016-03-07,8111,163025.0,719617.0,4.28,4.52,4.28,4.52,0.24,88.0
2016-03-08,8111,180365.0,810762.0,4.57,4.59,4.43,4.44,-0.08,85.0
2016-03-09,8111,149529.0,665842.0,4.37,4.53,4.37,4.51,0.07,81.0
2016-03-10,8111,312617.0,1401882.0,4.54,4.55,4.45,4.47,-0.04,77.0
2016-03-11,8111,60301.0,270387.0,4.47,4.52,4.42,4.52,0.05,45.0
2016-03-14,8111,125024.0,573696.0,4.55,4.67,4.52,4.55,0.03,81.0
2016-03-15,8111,148329.0,662917.0,4.56,4.56,4.37,4.49,-0.06,78.0
2016-03-16,8111,54949.0,244558.0,4.47,4.49,4.39,4.45,-0.04,36.0
2016-03-17,8111,34973.0,155312.0,4.45,4.45,4.43,4.44,-0.01,38.0
2016-03-18,8111,97729.0,430235.0,4.45,4.45,4.38,4.44,0.0,55.0
2016-03-21,8111,48591.0,215209.0,4.44,4.45,4.38,4.4,-0.04,44.0
2016-03-22,8111,48866.0,213138.0,4.38,4.38,4.34,4.36,-0.04,34.0
2016-03-23,8111,15225.0,66103.0,4.36,4.36,4.31,4.31,-0.05,22.0
2016-03-24,8111,114317.0,490644.0,4.31,4.31,4.24,4.29,-0.02,44.0
2016-03-25,8111,113485.0,474514.0,4.29,4.29,4.15,4.15,-0.14,74.0
2016-03-28,8111,45769.0,189298.0,4.15,4.18,4.1,4.15,0.0,39.0
2016-03-29,8111,39142.0,162493.0,4.15,4.18,4.15,4.18,0.03,29.0
2016-03-30,8111,127452.0,533149.0,4.17,4.24,4.15,4.2,0.02,60.0
2016-03-31,8111,40853.0,171026.0,4.26,4.26,4.16,4.21,0.01,47.0
2016-04-01,8111,65128.0,273348.0,4.27,4.27,4.13,4.18,-0.03,84.0
2016-04-06,8111,80061.0,335451.0,4.23,4.23,4.15,4.19,0.01,93.0
2016-04-07,8111,101147.0,421988.0,4.26,4.26,4.1,4.21,0.02,84.0
2016-04-08,8111,47889.0,200512.0,4.23,4.23,4.1,4.19,-0.02,56.0
2016-04-11,8111,70955.0,293300.0,4.2,4.2,4.09,4.19,0.0,111.0
2016-04-12,8111,36083.0,149804.0,4.22,4.22,4.11,4.15,-0.04,78.0
2016-04-13,8111,64152.0,264344.0,4.15,4.15,4.1,4.12,-0.03,30.0
2016-04-14,8111,50504.0,208114.0,4.15,4.17,4.1,4.12,0.0,24.0
2016-04-15,8111,90505.0,371198.0,4.12,4.13,4.03,4.12,0.0,35.0
2016-04-18,8111,90146.0,364878.0,4.1,4.14,3.97,4.12,0.0,53.0
2016-04-19,8111,66521.0,267044.0,4.12,4.12,3.99,4.03,-0.09,47.0
2016-04-20,8111,79121.0,315312.0,4.0,4.07,3.9,4.0,-0.03,65.0
2016-04-21,8111,34643.0,137344.0,4.03,4.07,3.93,3.97,-0.03,23.0
2016-04-22,8111,23403.0,92225.0,3.91,3.98,3.91,3.95,-0.02,24.0
2016-04-25,8111,57253.0,224486.0,3.92,3.97,3.9,3.94,-0.01,31.0
2016-04-26,8111,26571.0,104333.0,3.96,3.96,3.91,3.95,0.01,17.0
2016-04-27,8111,35871.0,142691.0,3.95,4.0,3.91,4.0,0.05,26.0
2016-04-28,8111,35179.0,138903.0,4.0,4.0,3.91,3.97,-0.03,33.0
2016-04-29,8111,22675.0,89533.0,3.99,3.99,3.91,3.98,0.01,22.0
2016-05-03,8111,30788.0,120224.0,3.98,3.98,3.86,3.9,-0.08,19.0
2016-05-04,8111,94793.0,366367.0,3.89,3.9,3.73,3.9,0.0,35.0
2016-05-05,8111,15993.0,61711.0,3.9,3.9,3.8,3.88,-0.02,14.0
2016-05-06,8111,83875.0,322698.0,3.91,3.91,3.8,3.89,0.01,40.0
2016-05-09,8111,83678.0,321611.0,3.91,3.91,3.8,3.87,-0.02,54.0
2016-05-10,8111,93034.0,356748.0,3.8,3.88,3.71,3.88,0.01,40.0
2016-05-11,8111,11977.0,46080.0,3.88,3.88,3.83,3.87,-0.01,12.0
2016-05-12,8111,11868.0,45357.0,3.86,3.86,3.8,3.83,-0.04,11.0
2016-05-13,8111,63903.0,239690.0,3.83,3.83,3.72,3.8,-0.03,26.0
2016-05-16,8111,36989.0,138569.0,3.79,3.79,3.74,3.78,-0.02,28.0
2016-05-17,8111,83311.0,316539.0,3.79,3.83,3.79,3.82,0.04,31.0
2016-05-18,8111,76301.0,297592.0,3.82,3.97,3.82,3.94,0.12,34.0
2016-05-19,8111,100395.0,394308.0,3.99,3.99,3.86,3.94,0.0,37.0
2016-05-20,8111,24602.0,96442.0,3.94,3.94,3.9,3.94,0.0,21.0
2016-05-23,8111,95167.0,371567.0,3.95,3.96,3.86,3.89,-0.05,35.0
2016-05-24,8111,46112.0,179239.0,3.93,3.93,3.81,3.9,0.01,18.0
2016-05-25,8111,38285.0,148143.0,3.9,3.94,3.86,3.86,-0.04,28.0
2016-05-26,8111,69485.0,270295.0,3.86,3.93,3.86,3.89,0.03,26.0
2016-05-27,8111,198053.0,780762.0,3.89,4.06,3.89,4.05,0.16,61.0
2016-05-30,8111,35990.0,142666.0,4.03,4.03,3.94,3.98,-0.07,26.0
2016-05-31,8111,77713.0,305506.0,3.98,3.98,3.9,3.94,-0.04,37.0
2016-06-01,8111,102721.0,414304.0,3.97,4.08,3.94,4.07,0.13,47.0
2016-06-02,8111,38454.0,155236.0,4.06,4.06,4.01,4.02,-0.05,23.0
2016-06-03,8111,14142.0,56908.0,4.02,4.03,4.02,4.03,0.01,14.0
2016-06-04,8111,308295.0,1308697.0,4.05,4.43,3.98,4.42,0.39,117.0
2016-06-06,8111,179688.0,767212.0,4.37,4.38,4.2,4.26,-0.16,59.0
2016-06-07,8111,96506.0,408724.0,4.26,4.28,4.18,4.28,0.02,40.0
2016-06-08,8111,136447.0,586489.0,4.28,4.43,4.24,4.34,0.06,49.0
2016-06-13,8111,28317.0,119960.0,4.3,4.43,4.2,4.21,-0.13,16.0
2016-06-14,8111,19462.0,82398.0,4.19,4.26,4.19,4.25,0.04,19.0
2016-06-15,8111,65118.0,273391.0,4.25,4.25,4.16,4.16,-0.09,36.0
2016-06-16,8111,10453.0,43075.0,4.16,4.16,4.08,4.16,0.0,13.0
2016-06-17,8111,84804.0,352693.0,4.16,4.22,4.12,4.18,0.02,38.0
2016-06-20,8111,468689.0,2088782.0,4.28,4.59,4.28,4.59,0.41,120.0
2016-06-21,8111,235426.0,1066664.0,4.51,4.64,4.38,4.57,-0.02,91.0
2016-06-22,8111,99966.0,444476.0,4.48,4.5,4.39,4.44,-0.13,39.0
2016-06-23,8111,143324.0,629336.0,4.53,4.53,4.36,4.4,-0.04,61.0
2016-06-24,8111,51990.0,227724.0,4.4,4.46,4.3,4.4,0.0,32.0
2016-06-27,8111,106769.0,465293.0,4.39,4.44,4.3,4.43,0.03,44.0
2016-06-28,8111,187499.0,850265.0,4.43,4.68,4.34,4.64,0.21,77.0
2016-06-29,8111,141712.0,650022.0,4.6,4.73,4.53,4.56,-0.08,65.0
2016-06-30,8111,47092.0,211749.0,4.56,4.7,4.45,4.5,-0.06,28.0
2016-07-01,8111,125990.0,569988.0,4.64,4.7,4.45,4.5,0.0,42.0
2016-07-04,8111,12325.0,55089.0,4.64,4.64,4.44,4.44,-0.06,6.0
2016-07-05,8111,74072.0,329794.0,4.62,4.62,4.43,4.43,-0.01,34.0
2016-07-06,8111,35769.0,160045.0,4.48,4.53,4.43,4.49,0.06,20.0
2016-07-07,8111,31961.0,144914.0,4.49,4.55,4.41,4.54,0.05,21.0
2016-07-11,8111,174696.0,820774.0,4.54,4.99,4.44,4.78,0.24,94.0
2016-07-12,8111,128639.0,590392.0,4.77,4.77,4.54,4.63,-0.15,70.0
2016-07-13,8111,116305.0,531640.0,4.73,4.73,4.54,4.65,0.02,48.0
2016-07-14,8111,71362.0,324140.0,4.68,4.68,4.5,4.6,-0.05,43.0
2016-07-15,8111,178707.0,808663.0,4.5,4.68,4.43,4.6,0.0,62.0
2016-07-18,8111,48720.0,224630.0,4.62,4.68,4.55,4.6,0.0,28.0
2016-07-19,8111,51058.0,233700.0,4.6,4.6,4.53,4.6,0.0,33.0
2016-07-20,8111,52658.0,237776.0,4.6,4.6,4.5,4.5,-0.1,30.0
2016-07-21,8111,170115.0,774336.0,4.5,4.69,4.5,4.55,0.05,56.0
2016-07-22,8111,52191.0,237928.0,4.55,4.65,4.51,4.65,0.1,35.0
2016-07-25,8111,102230.0,472545.0,4.63,4.65,4.55,4.64,-0.01,46.0
2016-07-26,8111,110163.0,511448.0,4.65,4.66,4.62,4.64,0.0,35.0
2016-07-27,8111,186504.0,866179.0,4.64,4.67,4.55,4.65,0.01,56.0
2016-07-28,8111,228123.0,1059639.0,4.67,4.69,4.57,4.69,0.04,71.0
2016-07-29,8111,204748.0,958131.0,4.7,4.71,4.6,4.65,-0.04,63.0
2016-08-01,8111,75501.0,349617.0,4.52,4.67,4.52,4.65,0.0,45.0
2016-08-02,8111,19210.0,89606.0,4.65,4.7,4.64,4.7,0.05,28.0
2016-08-03,8111,36141.0,167190.0,4.7,4.7,4.57,4.65,-0.05,35.0
2016-08-04,8111,49728.0,226783.0,4.53,4.64,4.53,4.57,-0.08,35.0
2016-08-05,8111,205089.0,946880.0,4.65,4.7,4.59,4.7,0.13,50.0
2016-08-08,8111,124207.0,583896.0,4.7,4.71,4.67,4.7,0.0,38.0
2016-08-09,8111,67764.0,314971.0,4.7,4.7,4.61,4.69,-0.01,37.0
2016-08-10,8111,80985.0,373110.0,4.69,4.69,4.57,4.57,-0.12,33.0
2016-08-11,8111,71012.0,324078.0,4.63,4.63,4.53,4.57,0.0,35.0
2016-08-12,8111,168201.0,765936.0,4.57,4.77,4.41,4.77,0.2,60.0
2016-08-15,8111,71339.0,330510.0,4.72,4.72,4.59,4.65,-0.12,46.0
2016-08-16,8111,67377.0,311915.0,4.67,4.67,4.55,4.64,-0.01,38.0
2016-08-17,8111,21006.0,96271.0,4.64,4.64,4.55,4.6,-0.04,28.0
2016-08-18,8111,51963.0,236448.0,4.59,4.63,4.52,4.53,-0.07,29.0
2016-08-19,8111,47016.0,210024.0,4.53,4.6,4.4,4.5,-0.03,37.0
2016-08-22,8111,67529.0,299844.0,4.51,4.59,4.4,4.51,0.01,57.0
2016-08-23,8111,58621.0,262228.0,4.51,4.54,4.43,4.52,0.01,38.0
2016-08-24,8111,39005.0,175835.0,4.52,4.52,4.45,4.49,-0.03,32.0
2016-08-25,8111,283136.0,1250686.0,4.49,4.5,4.35,4.44,-0.05,93.0
2016-08-26,8111,91936.0,405485.0,4.33,4.48,4.33,4.45,0.01,75.0
2016-08-29,8111,38214.0,168242.0,4.45,4.45,4.4,4.41,-0.04,103.0
2016-08-30,8111,177596.0,806555.0,4.41,4.6,4.34,4.55,0.14,156.0
2016-08-31,8111,266527.0,1223507.0,4.6,4.63,4.51,4.63,0.08,140.0
2016-09-01,8111,143444.0,667167.0,4.63,4.68,4.63,4.64,0.01,68.0
2016-09-02,8111,139610.0,648205.0,4.67,4.71,4.58,4.68,0.04,57.0
2016-09-05,8111,39990.0,185812.0,4.68,4.68,4.59,4.67,-0.01,22.0
2016-09-06,8111,45822.0,212345.0,4.67,4.67,4.6,4.65,-0.02,30.0
2016-09-07,8111,71528.0,329454.0,4.68,4.68,4.58,4.64,-0.01,43.0
2016-09-08,8111,116941.0,536911.0,4.64,4.64,4.56,4.56,-0.08,35.0
2016-09-09,8111,62095.0,285102.0,4.59,4.63,4.55,4.6,0.04,25.0
2016-09-10,8111,115917.0,526355.0,4.57,4.65,4.48,4.65,0.05,50.0
2016-09-12,8111,44912.0,204629.0,4.64,4.64,4.55,4.59,-0.06,18.0
2016-09-13,8111,60874.0,276108.0,4.59,4.59,4.5,4.5,-0.09,26.0
2016-09-14,8111,56142.0,249560.0,4.54,4.54,4.42,4.48,-0.02,26.0
2016-09-19,8111,37662.0,170287.0,4.42,4.57,4.42,4.57,0.09,30.0
2016-09-20,8111,65192.0,298033.0,4.57,4.59,4.53,4.57,0.0,34.0
2016-09-21,8111,46778.0,215091.0,4.64,4.64,4.57,4.59,0.02,18.0
2016-09-22,8111,284414.0,1314013.0,4.62,4.65,4.53,4.62,0.03,69.0
2016-09-23,8111,447814.0,2206794.0,4.62,5.08,4.62,5.06,0.44,164.0
2016-09-26,8111,233864.0,1182294.0,4.99,5.15,4.99,5.1,0.04,87.0
2016-09-29,8111,400085.0,2073349.0,5.12,5.35,5.03,5.17,0.07,156.0
2016-09-30,8111,400500.0,2023140.0,5.06,5.17,4.98,5.01,-0.16,103.0
2016-10-03,8111,165476.0,827850.0,5.01,5.09,4.95,5.05,0.04,66.0
2016-10-04,8111,88756.0,437966.0,4.99,5.03,4.85,5.03,-0.02,44.0
2016-10-05,8111,101289.0,503595.0,5.0,5.05,4.9,5.0,-0.03,42.0
2016-10-06,8111,95848.0,478410.0,4.99,5.03,4.84,5.02,0.02,39.0
2016-10-07,8111,67825.0,337872.0,5.02,5.02,4.92,5.0,-0.02,40.0
2016-10-11,8111,94738.0,463388.0,5.08,5.08,4.84,4.94,-0.06,43.0
2016-10-12,8111,78265.0,380467.0,4.96,4.96,4.83,4.85,-0.09,45.0
2016-10-13,8111,97001.0,466553.0,4.85,4.88,4.75,4.88,0.03,50.0
2016-10-14,8111,78259.0,378843.0,4.87,4.87,4.76,4.84,-0.04,26.0
2016-10-17,8111,107078.0,515148.0,4.84,4.86,4.77,4.85,0.01,37.0
2016-10-18,8111,46008.0,222252.0,4.86,4.88,4.78,4.78,-0.07,28.0
2016-10-19,8111,143732.0,693203.0,4.85,4.95,4.78,4.95,0.17,48.0
2016-10-20,8111,66778.0,325250.0,4.94,4.94,4.82,4.92,-0.03,34.0
2016-10-21,8111,61118.0,297102.0,4.92,4.92,4.84,4.89,-0.03,16.0
2016-10-24,8111,20502.0,100230.0,4.89,4.92,4.82,4.92,0.03,17.0
2016-10-25,8111,19704.0,96101.0,4.92,4.92,4.81,4.9,-0.02,17.0
2016-10-26,8111,62588.0,303914.0,4.89,4.89,4.81,4.89,-0.01,27.0
2016-10-27,8111,104796.0,507390.0,4.88,4.91,4.8,4.88,-0.01,36.0
2016-10-28,8111,81906.0,397579.0,4.88,4.88,4.82,4.88,0.0,29.0
2016-10-31,8111,50995.0,245022.0,4.88,4.88,4.78,4.79,-0.09,31.0
2016-11-01,8111,90803.0,432761.0,4.79,4.82,4.73,4.8,0.01,26.0
2016-11-02,8111,79490.0,377265.0,4.76,4.82,4.73,4.77,-0.03,32.0
2016-11-03,8111,101409.0,482085.0,4.77,4.78,4.73,4.76,-0.01,30.0
2016-11-04,8111,99830.0,476761.0,4.76,4.85,4.75,4.83,0.07,33.0
2016-11-07,8111,43738.0,212652.0,4.83,4.88,4.83,4.88,0.05,31.0
2016-11-08,8111,165014.0,815916.0,4.88,5.05,4.87,4.99,0.11,51.0
2016-11-09,8111,136741.0,649961.0,4.81,4.95,4.68,4.83,-0.16,49.0
2016-11-10,8111,181227.0,858155.0,4.83,4.87,4.71,4.83,0.0,38.0
2016-11-11,8111,32485.0,152588.0,4.7,4.7,4.69,4.7,-0.13,30.0
2016-11-14,8111,62285.0,291667.0,4.7,4.78,4.63,4.78,0.08,30.0
2016-11-15,8111,84113.0,392117.0,4.77,4.77,4.62,4.75,-0.03,72.0
2016-11-16,8111,84142.0,390611.0,4.7,4.7,4.61,4.69,-0.06,47.0
2016-11-17,8111,36097.0,166062.0,4.75,4.75,4.51,4.6,-0.09,50.0
2016-11-18,8111,99811.0,445373.0,4.6,4.6,4.39,4.39,-0.21,84.0
2016-11-21,8111,114830.0,515387.0,4.4,4.55,4.4,4.53,0.14,122.0
2016-11-22,8111,80386.0,362119.0,4.5,4.58,4.45,4.45,-0.08,31.0
2016-11-23,8111,81494.0,359350.0,4.43,4.48,4.38,4.38,-0.07,40.0
2016-11-24,8111,104760.0,457691.0,4.38,4.43,4.3,4.41,0.03,48.0
2016-11-25,8111,199517.0,850327.0,4.41,4.41,4.14,4.27,-0.14,66.0
2016-11-28,8111,75657.0,315583.0,4.23,4.23,4.13,4.21,-0.06,39.0
2016-11-29,8111,31605.0,132309.0,4.18,4.24,4.15,4.24,0.03,24.0
2016-11-30,8111,21288.0,89605.0,4.21,4.24,4.2,4.24,0.0,17.0
2016-12-01,8111,68177.0,290195.0,4.25,4.26,4.25,4.25,0.01,71.0
2016-12-02,8111,127966.0,537495.0,4.22,4.24,4.17,4.24,-0.01,36.0
2016-12-05,8111,42013.0,178792.0,4.24,4.28,4.24,4.25,0.01,25.0
2016-12-06,8111,87512.0,373426.0,4.25,4.33,4.22,4.26,0.01,48.0
2016-12-07,8111,97195.0,411517.0,4.26,4.28,4.2,4.26,0.0,44.0
2016-12-08,8111,61017.0,261736.0,4.28,4.32,4.27,4.32,0.06,42.0
2016-12-09,8111,90604.0,389184.0,4.38,4.38,4.25,4.3,-0.02,51.0
2016-12-12,8111,73399.0,312631.0,4.25,4.32,4.23,4.32,0.02,40.0
2016-12-13,8111,128594.0,554959.0,4.32,4.4,4.25,4.38,0.06,58.0
2016-12-14,8111,81222.0,348111.0,4.38,4.38,4.27,4.29,-0.09,28.0
2016-12-15,8111,43445.0,187627.0,4.3,4.36,4.29,4.36,0.07,18.0
2016-12-16,8111,37188.0,159003.0,4.35,4.35,4.26,4.3,-0.06,31.0
2016-12-19,8111,53113.0,228019.0,4.35,4.35,4.25,4.26,-0.04,24.0
2016-12-20,8111,39677.0,168411.0,4.22,4.28,4.22,4.28,0.02,22.0
2016-12-21,8111,58001.0,246474.0,4.3,4.3,4.24,4.26,-0.02,16.0
2016-12-22,8111,77485.0,329671.0,4.25,4.26,4.24,4.24,-0.02,18.0
2016-12-23,8111,46542.0,195854.0,4.25,4.25,4.18,4.21,-0.03,36.0
2016-12-26,8111,30004.0,124924.0,4.15,4.26,4.15,4.16,-0.05,31.0
2016-12-27,8111,11788.0,48947.0,4.16,4.16,4.15,4.16,0.0,19.0
2016-12-28,8111,38549.0,159520.0,4.16,4.21,4.1,4.1,-0.06,23.0
2016-12-29,8111,40515.0,165868.0,4.1,4.11,4.05,4.11,0.01,27.0
2016-12-30,8111,57501.0,234522.0,4.18,4.18,4.05,4.12,0.01,27.0
2017-01-03,8111,59613.0,253123.0,4.21,4.25,4.21,4.22,0.1,25.0
2017-01-04,8111,129855.0,543892.0,4.22,4.23,4.16,4.18,-0.04,54.0
2017-01-05,8111,151877.0,648446.0,4.18,4.29,4.18,4.27,0.09,52.0
2017-01-06,8111,53371.0,229744.0,4.31,4.37,4.29,4.3,0.03,53.0
2017-01-09,8111,305358.0,1370225.0,4.35,4.63,4.29,4.52,0.22,115.0
2017-01-10,8111,1114749.0,5413152.0,4.43,4.97,4.43,4.97,0.45,344.0
2017-01-11,8111,2326665.0,12579529.0,5.2,5.46,5.2,5.46,0.49,457.0
2017-01-12,8111,2607989.0,14953938.0,5.55,5.99,5.51,5.75,0.29,656.0
2017-01-13,8111,1205655.0,6736557.0,5.88,5.88,5.42,5.6,-0.15,344.0
2017-01-16,8111,1080774.0,6240831.0,5.8,5.95,5.62,5.84,0.24,326.0
2017-01-17,8111,1127249.0,6870148.0,5.93,6.2,5.92,6.12,0.28,387.0
2017-01-18,8111,1576631.0,10350543.0,6.55,6.72,6.24,6.72,0.6,541.0
2017-01-19,8111,1240010.0,7737112.0,6.76,6.76,6.05,6.12,-0.6,494.0
2017-01-20,8111,558945.0,3432944.0,6.03,6.32,6.01,6.17,0.05,272.0
2017-01-23,8111,345750.0,2110173.0,6.17,6.18,6.05,6.08,-0.09,165.0
2017-01-24,8111,403513.0,2469340.0,6.07,6.28,6.03,6.03,-0.05,177.0
2017-02-02,8111,508515.0,3121461.0,6.03,6.25,6.03,6.25,0.22,234.0
2017-02-03,8111,558663.0,3561158.0,6.31,6.49,6.27,6.45,0.2,226.0
2017-02-06,8111,276033.0,1758262.0,6.38,6.41,6.31,6.39,-0.06,150.0
2017-02-07,8111,272854.0,1770499.0,6.38,6.59,6.38,6.48,0.09,145.0
2017-02-08,8111,215794.0,1390764.0,6.51,6.51,6.38,6.48,0.0,143.0
2017-02-09,8111,412454.0,2642275.0,6.48,6.49,6.25,6.36,-0.12,192.0
2017-02-10,8111,1732367.0,10140043.0,6.25,6.36,5.73,5.73,-0.63,555.0
2017-02-13,8111,857046.0,4643868.0,5.45,5.58,5.37,5.4,-0.33,340.0
2017-02-14,8111,677997.0,3833146.0,5.4,5.8,5.4,5.75,0.35,244.0
2017-02-15,8111,337924.0,1933691.0,5.72,5.83,5.65,5.74,-0.01,151.0
2017-02-16,8111,316066.0,1764243.0,5.74,5.74,5.47,5.63,-0.11,161.0
2017-02-17,8111,225126.0,1263711.0,5.54,5.69,5.54,5.59,-0.04,129.0
2017-02-18,8111,204890.0,1160204.0,5.59,5.74,5.56,5.73,0.14,114.0
2017-02-20,8111,345990.0,1950930.0,5.73,5.73,5.51,5.54,-0.19,166.0
2017-02-21,8111,166967.0,918161.0,5.6,5.6,5.44,5.49,-0.05,102.0
2017-02-22,8111,191532.0,1064123.0,5.57,5.65,5.47,5.64,0.15,94.0
2017-02-23,8111,245662.0,1378420.0,5.64,5.7,5.49,5.55,-0.09,116.0
2017-02-24,8111,173716.0,970977.0,5.52,5.65,5.5,5.65,0.1,105.0
2017-03-01,8111,328847.0,1897812.0,5.67,5.86,5.67,5.84,0.19,217.0
2017-03-02,8111,255564.0,1492506.0,5.88,5.88,5.8,5.85,0.01,102.0
2017-03-03,8111,53125.0,306425.0,5.75,5.82,5.75,5.8,-0.05,48.0
2017-03-06,8111,115818.0,666946.0,5.8,5.82,5.6,5.73,-0.07,108.0
2017-03-07,8111,146546.0,835390.0,5.7,5.77,5.67,5.73,0.0,113.0
2017-03-08,8111,85656.0,493876.0,5.8,5.8,5.72,5.77,0.04,92.0
2017-03-09,8111,98400.0,563839.0,5.8,5.8,5.7,5.75,-0.02,86.0
2017-03-10,8111,141913.0,800410.0,5.83,5.83,5.56,5.69,-0.06,103.0
2017-03-13,8111,182772.0,1012439.0,5.62,5.65,5.5,5.56,-0.13,183.0
2017-03-14,8111,179973.0,992641.0,5.43,5.59,5.43,5.54,-0.02,112.0
2017-03-15,8111,136052.0,750569.0,5.57,5.57,5.49,5.5,-0.04,137.0
2017-03-16,8111,146570.0,813559.0,5.5,5.68,5.5,5.66,0.16,128.0
2017-03-17,8111,104496.0,592424.0,5.66,5.77,5.61,5.66,0.0,134.0
2017-03-20,8111,114593.0,645811.0,5.73,5.73,5.58,5.6,-0.06,105.0
2017-03-21,8111,85819.0,481185.0,5.6,5.62,5.6,5.61,0.01,66.0
2017-03-22,8111,530959.0,3059123.0,5.6,5.88,5.53,5.87,0.26,200.0
2017-03-23,8111,1016906.0,6429569.0,6.33,6.45,6.08,6.45,0.58,333.0
2017-03-24,8111,2787856.0,19421121.0,6.7,7.09,6.7,6.93,0.48,822.0
2017-03-27,8111,1305538.0,8870629.0,6.98,7.0,6.49,6.76,-0.17,416.0
2017-03-28,8111,483931.0,3239587.0,7.0,7.0,6.51,6.58,-0.18,220.0
2017-03-29,8111,332819.0,2182776.0,6.93,6.93,6.44,6.55,-0.03,155.0
2017-03-30,8111,291546.0,1875901.0,6.45,6.6,6.24,6.47,-0.08,139.0
2017-03-31,8111,400325.0,2539917.0,6.45,6.47,6.26,6.36,-0.11,161.0
2017-04-05,8111,1093880.0,7458579.0,6.36,6.99,6.36,6.9,0.54,427.0
2017-04-06,8111,706596.0,4850456.0,6.81,6.96,6.81,6.83,-0.07,208.0
2017-04-07,8111,509579.0,3476677.0,6.85,6.89,6.8,6.8,-0.03,153.0
2017-04-10,8111,995358.0,7118491.0,6.85,7.4,6.76,7.3,0.5,507.0
2017-04-11,8111,1214241.0,8847793.0,7.52,7.52,7.01,7.16,-0.14,334.0
2017-04-12,8111,446140.0,3110970.0,6.51,7.14,6.51,7.03,-0.13,246.0
2017-04-13,8111,528416.0,3755372.0,7.0,7.28,7.0,7.15,0.12,234.0
2017-04-14,8111,952179.0,6786243.0,7.02,7.25,7.0,7.06,-0.09,270.0
2017-04-17,8111,465350.0,3278463.0,7.23,7.23,7.0,7.1,0.04,127.0
2017-04-18,8111,787014.0,5707045.0,7.1,7.35,7.1,7.3,0.2,229.0
2017-04-19,8111,484004.0,3521233.0,7.3,7.37,7.2,7.3,0.0,141.0
2017-04-20,8111,527733.0,3791045.0,7.3,7.37,7.1,7.22,-0.08,173.0
2017-04-21,8111,1189113.0,8812189.0,7.23,7.49,7.2,7.49,0.27,291.0
2017-04-24,8111,2038177.0,16069766.0,7.49,8.2,7.49,8.05,0.56,510.0
2017-04-25,8111,982298.0,7676989.0,7.99,7.99,7.61,7.86,-0.19,294.0
2017-04-26,8111,666908.0,5318032.0,7.86,8.15,7.86,7.97,0.11,211.0
2017-04-27,8111,1322486.0,11098978.0,8.01,8.6,8.01,8.52,0.55,483.0
2017-04-28,8111,2713513.0,24805354.0,8.58,9.35,8.58,9.18,0.66,741.0
2017-05-02,8111,4088108.0,40345358.0,9.9,10.05,9.43,10.05,0.87,960.0
2017-05-03,8111,2523684.0,24857776.0,10.0,10.2,9.61,9.66,-0.39,736.0
2017-05-04,8111,2766956.0,28604570.0,9.5,10.6,9.5,10.6,0.94,885.0
2017-05-05,8111,5505875.0,62518470.0,10.7,11.65,10.65,11.65,1.05,1426.0
2017-05-08,8111,6966086.0,86548735.0,11.9,12.8,11.5,12.75,1.1,1912.0
2017-05-09,8111,2540443.0,29759094.0,12.6,12.6,11.5,11.5,-1.25,1086.0
2017-05-10,8111,2304229.0,25398813.0,10.6,11.55,10.6,11.0,-0.5,844.0
2017-05-11,8111,1309473.0,14854063.0,10.9,11.8,10.85,11.15,0.15,581.0
2017-05-12,8111,1505944.0,16624733.0,11.2,11.6,10.6,11.0,-0.15,609.0
2017-05-15,8111,567798.0,6211453.0,11.0,11.15,10.8,11.0,0.0,275.0
2017-05-16,8111,824515.0,9369706.0,11.05,11.7,11.05,11.2,0.2,369.0
2017-05-17,8111,544148.0,6028098.0,11.35,11.4,10.85,11.0,-0.2,253.0
2017-05-18,8111,646557.0,7072794.0,11.0,11.0,10.9,10.95,-0.05,264.0
2017-05-19,8111,1562118.0,18254607.0,11.15,12.0,11.15,11.75,0.8,671.0
2017-05-22,8111,2722920.0,34397116.0,12.0,12.9,12.0,12.9,1.15,1150.0
2017-05-23,8111,4943495.0,67045315.0,12.95,14.0,12.9,13.3,0.4,1493.0
2017-05-24,8111,1753799.0,23285203.0,13.05,13.65,13.0,13.2,-0.1,644.0
2017-05-25,8111,1985071.0,26025605.0,13.35,13.5,12.8,12.95,-0.25,637.0
2017-05-26,8111,2712224.0,33318138.0,13.25,13.25,11.8,12.3,-0.65,801.0
2017-05-31,8111,2253667.0,25437200.0,12.0,12.0,11.1,11.1,-1.2,718.0
2017-06-01,8111,4371026.0,45204662.0,10.05,11.4,9.99,11.35,0.25,1205.0
2017-06-02,8111,1378098.0,14813285.0,10.85,11.05,10.5,10.6,-0.75,564.0
2017-06-03,8111,993730.0,10701872.0,10.25,11.15,10.25,10.7,0.1,370.0
2017-06-05,8111,558355.0,5995774.0,11.05,11.05,10.6,10.6,-0.1,233.0
2017-06-06,8111,1101738.0,11488795.0,10.7,10.75,10.2,10.55,-0.05,350.0
2017-06-07,8111,415246.0,4295756.0,10.55,10.55,10.25,10.3,-0.25,190.0
2017-06-08,8111,351035.0,3695906.0,10.45,10.7,10.4,10.4,0.1,156.0
2017-06-09,8111,352571.0,3701231.0,10.45,10.65,10.35,10.35,-0.05,133.0
2017-06-12,8111,327962.0,3340442.0,10.1,10.35,10.1,10.2,-0.15,144.0
2017-06-13,8111,157200.0,1618450.0,10.3,10.45,10.2,10.25,0.05,83.0
2017-06-14,8111,340616.0,3456646.0,10.25,10.45,10.0,10.05,-0.2,132.0
2017-06-15,8111,870955.0,8434784.0,10.0,10.0,9.3,9.71,-0.34,334.0
2017-06-16,8111,591363.0,5934228.0,9.99,10.4,9.76,10.3,0.59,224.0
2017-06-19,8111,570923.0,5836933.0,10.25,10.65,10.0,10.1,-0.2,236.0
2017-06-20,8111,454266.0,4522134.0,10.1,10.3,9.86,9.9,-0.2,181.0
2017-06-21,8111,533450.0,5184807.0,9.9,9.9,9.62,9.67,-0.23,197.0
2017-06-22,8111,389623.0,3753464.0,9.85,9.85,9.47,9.5,-0.17,162.0
2017-06-23,8111,471499.0,4477667.0,9.5,9.74,9.37,9.37,-0.13,150.0
2017-06-26,8111,559993.0,5268889.0,9.38,9.85,9.2,9.63,0.26,233.0
2017-06-27,8111,361280.0,3388987.0,9.63,9.63,9.25,9.3,-0.33,155.0
2017-06-28,8111,1118422.0,9997902.0,9.25,9.28,8.68,8.68,-0.62,379.0
2017-06-29,8111,1742032.0,14137452.0,8.31,8.68,7.9,8.02,-0.66,524.0
2017-06-30,8111,795198.0,6623724.0,8.28,8.57,8.05,8.57,0.55,355.0
2017-07-03,8111,416577.0,3477119.0,8.42,8.5,8.2,8.35,-0.22,174.0
2017-07-04,8111,569131.0,4873163.0,8.22,8.85,8.22,8.53,0.18,213.0
2017-07-05,8111,763711.0,6671101.0,8.52,8.98,8.37,8.72,0.19,285.0
2017-07-06,8111,430615.0,3793871.0,8.68,8.9,8.6,8.84,0.12,168.0
2017-07-07,8111,1725669.0,16491889.0,9.08,9.72,9.0,9.72,0.88,514.0
2017-07-10,8111,4720007.0,49438283.0,9.73,10.65,9.73,10.65,0.93,1304.0
2017-07-11,8111,2217931.0,22705593.0,10.55,10.55,10.0,10.15,-0.5,700.0
2017-07-12,8111,1706375.0,17084007.0,10.0,10.35,9.8,9.8,-0.35,552.0
2017-07-13,8111,2004968.0,18745918.0,9.71,9.8,9.18,9.3,-0.5,709.0
2017-07-14,8111,888373.0,8330317.0,9.32,9.52,9.24,9.35,0.05,290.0
2017-07-17,8111,580491.0,5495986.0,9.36,9.66,9.35,9.66,0.31,274.0
2017-07-18,8111,1270490.0,12708420.0,9.66,10.5,9.6,10.2,0.54,534.0
2017-07-19,8111,917453.0,9252755.0,10.1,10.4,9.71,9.86,-0.34,402.0
2017-07-20,8111,1590899.0,16157045.0,9.91,10.5,9.86,10.0,0.14,544.0
2017-07-21,8111,730425.0,7377533.0,10.1,10.35,9.96,10.0,0.0,251.0
2017-07-24,8111,804323.0,8030337.0,10.05,10.3,9.81,9.83,-0.17,290.0
2017-07-25,8111,934417.0,9280279.0,9.88,10.25,9.84,9.85,0.02,291.0
2017-07-26,8111,729717.0,7255091.0,9.97,10.1,9.85,9.85,0.0,237.0
2017-07-27,8111,425652.0,4220509.0,9.88,10.05,9.83,9.86,0.01,167.0
2017-07-28,8111,562136.0,5545766.0,9.87,9.98,9.72,9.72,-0.14,205.0
2017-07-31,8111,301618.0,2982003.0,9.95,9.95,9.75,9.88,0.16,140.0
2017-08-01,8111,855285.0,8570937.0,9.9,10.1,9.9,9.96,0.08,233.0
2017-08-02,8111,398722.0,3982073.0,9.93,10.1,9.9,9.98,0.02,148.0
2017-08-03,8111,701320.0,6991140.0,9.99,10.05,9.9,9.9,-0.08,217.0
2017-08-04,8111,555784.0,5520334.0,9.96,10.05,9.9,9.9,0.0,166.0
2017-08-07,8111,859471.0,8383951.0,9.97,9.99,9.5,9.56,-0.34,353.0
2017-08-08,8111,665901.0,6455608.0,9.54,9.98,9.5,9.5,-0.06,281.0
2017-08-09,8111,249224.0,2373983.0,9.56,9.69,9.4,9.44,-0.06,136.0
2017-08-10,8111,484662.0,4546638.0,9.59,9.6,9.22,9.25,-0.19,217.0
2017-08-11,8111,276198.0,2538971.0,9.0,9.3,9.0,9.16,-0.09,134.0
2017-08-14,8111,320786.0,2941254.0,9.05,9.47,9.03,9.05,-0.11,150.0
2017-08-15,8111,364793.0,3341244.0,9.06,9.27,9.06,9.23,0.18,138.0
2017-08-16,8111,481144.0,4637131.0,9.36,9.92,9.25,9.61,0.38,226.0
2017-08-17,8111,344172.0,3360584.0,9.59,9.86,9.59,9.68,0.07,155.0
2017-08-18,8111,338526.0,3299517.0,9.61,9.86,9.61,9.79,0.11,130.0
2017-08-21,8111,341719.0,3336819.0,9.9,9.9,9.71,9.71,-0.08,142.0
2017-08-22,8111,455288.0,4397844.0,9.72,9.83,9.5,9.53,-0.18,197.0
2017-08-23,8111,306612.0,2930045.0,9.72,9.72,9.5,9.52,-0.01,123.0
2017-08-24,8111,593433.0,5571237.0,9.6,9.6,9.33,9.43,-0.09,232.0
2017-08-25,8111,184595.0,1745241.0,9.43,9.5,9.43,9.46,0.03,77.0
2017-08-28,8111,186912.0,1761649.0,9.65,9.65,9.35,9.38,-0.08,91.0
2017-08-29,8111,238953.0,2227901.0,9.5,9.5,9.29,9.35,-0.03,79.0
2017-08-30,8111,279027.0,2596776.0,9.37,9.44,9.25,9.27,-0.08,124.0
2017-08-31,8111,295711.0,2757381.0,9.28,9.5,9.25,9.3,0.03,134.0
2017-09-01,8111,252579.0,2343958.0,9.31,9.37,9.22,9.34,0.04,106.0
2017-09-04,8111,288332.0,2659247.0,9.32,9.35,9.15,9.16,-0.18,139.0
2017-09-05,8111,248788.0,2290289.0,9.16,9.29,9.16,9.17,0.01,103.0
2017-09-06,8111,282546.0,2588577.0,9.18,9.25,9.13,9.13,-0.04,119.0
2017-09-07,8111,734976.0,6750480.0,9.2,9.32,9.1,9.16,0.03,221.0
2017-09-08,8111,321673.0,2963708.0,9.34,9.34,9.17,9.21,0.05,132.0
2017-09-11,8111,262998.0,2426129.0,9.21,9.33,9.19,9.22,0.01,118.0
2017-09-12,8111,314496.0,2894372.0,9.23,9.3,9.15,9.17,-0.05,122.0
2017-09-13,8111,516930.0,4702970.0,9.15,9.2,9.0,9.06,-0.11,191.0
2017-09-14,8111,391788.0,3564202.0,9.09,9.16,9.07,9.1,0.04,143.0
2017-09-15,8111,231190.0,2105467.0,9.09,9.23,9.05,9.11,0.01,99.0
2017-09-18,8111,288500.0,2621128.0,9.11,9.14,9.03,9.04,-0.07,110.0
2017-09-19,8111,724120.0,6765881.0,9.03,9.75,9.03,9.52,0.48,290.0
2017-09-20,8111,832551.0,7955316.0,9.39,9.7,9.39,9.4,-0.12,302.0
2017-09-21,8111,217267.0,2040659.0,9.42,9.55,9.37,9.38,-0.02,98.0
2017-09-22,8111,374723.0,3467248.0,9.4,9.49,9.16,9.16,-0.22,136.0
2017-09-25,8111,499311.0,4483853.0,9.16,9.16,8.8,8.8,-0.36,184.0
2017-09-26,8111,278932.0,2497519.0,8.63,9.27,8.63,8.88,0.08,105.0
2017-09-27,8111,175899.0,1572297.0,8.91,9.0,8.9,8.9,0.02,72.0
2017-09-28,8111,169355.0,1517211.0,8.97,9.09,8.9,8.9,0.0,71.0
2017-09-29,8111,245147.0,2158309.0,8.98,9.0,8.68,8.77,-0.13,98.0
2017-09-30,8111,74400.0,657177.0,8.9,8.9,8.74,8.8,0.03,36.0
2017-10-02,8111,209345.0,1896215.0,9.14,9.14,9.0,9.08,0.28,94.0
2017-10-03,8111,226152.0,2061538.0,9.2,9.2,9.05,9.07,-0.01,84.0
2017-10-05,8111,187028.0,1715385.0,9.23,9.23,9.11,9.15,0.08,111.0
2017-10-06,8111,149850.0,1365553.0,9.15,9.15,9.1,9.1,-0.05,58.0
2017-10-11,8111,542257.0,5035108.0,9.24,9.5,9.1,9.14,0.04,206.0
2017-10-12,8111,213500.0,1949308.0,9.11,9.2,9.03,9.13,-0.01,79.0
2017-10-13,8111,143387.0,1310790.0,9.16,9.25,9.1,9.17,0.04,57.0
2017-10-16,8111,278962.0,2583638.0,9.3,9.3,9.2,9.26,0.09,112.0
2017-10-17,8111,106954.0,981672.0,9.26,9.29,9.1,9.11,-0.15,63.0
2017-10-18,8111,232166.0,2092302.0,9.11,9.28,8.9,8.91,-0.2,132.0
2017-10-19,8111,222332.0,2002035.0,8.9,9.06,8.9,9.03,0.12,73.0
2017-10-20,8111,63689.0,575181.0,9.0,9.09,9.0,9.05,0.02,33.0
2017-10-23,8111,154292.0,1387788.0,8.7,9.14,8.7,9.12,0.07,80.0
2017-10-24,8111,266279.0,2401502.0,9.0,9.12,9.0,9.01,-0.11,74.0
2017-10-25,8111,164673.0,1484350.0,9.0,9.12,8.99,9.0,-0.01,74.0
2017-10-26,8111,177375.0,1601018.0,9.06,9.17,9.0,9.01,0.01,60.0
2017-10-27,8111,301177.0,2684526.0,9.03,9.09,8.8,8.82,-0.19,126.0
2017-10-30,8111,102260.0,902804.0,8.88,8.96,8.76,8.84,0.02,54.0
2017-10-31,8111,114303.0,1008248.0,8.93,8.93,8.8,8.8,-0.04,54.0
2017-11-01,8111,116952.0,1021222.0,8.7,8.82,8.7,8.72,-0.08,64.0
2017-11-02,8111,326661.0,2828356.0,8.74,8.75,8.56,8.58,-0.14,125.0
2017-11-03,8111,136857.0,1185843.0,8.87,8.9,8.55,8.57,-0.01,87.0
2017-11-06,8111,452582.0,3802799.0,8.56,8.59,8.3,8.35,-0.22,162.0
2017-11-07,8111,215129.0,1823399.0,8.3,8.66,8.3,8.5,0.15,96.0
2017-11-08,8111,84852.0,722739.0,8.6,8.6,8.48,8.5,0.0,41.0
2017-11-09,8111,101355.0,856114.0,8.58,8.58,8.33,8.4,-0.1,47.0
2017-11-10,8111,152036.0,1268666.0,8.42,8.42,8.3,8.31,-0.09,45.0
2017-11-13,8111,407582.0,3459568.0,8.4,8.99,8.21,8.99,0.68,145.0
2017-11-14,8111,683159.0,6233106.0,9.27,9.27,8.84,9.0,0.01,256.0
2017-11-15,8111,175551.0,1555259.0,8.9,9.0,8.71,9.0,0.0,80.0
2017-11-16,8111,82629.0,726866.0,8.91,8.91,8.74,8.9,-0.1,48.0
2017-11-17,8111,85185.0,755210.0,8.9,8.99,8.81,8.83,-0.07,53.0
2017-11-20,8111,99990.0,873352.0,8.89,8.89,8.68,8.68,-0.15,55.0
2017-11-21,8111,136915.0,1190556.0,8.68,8.77,8.68,8.68,0.0,70.0
2017-11-22,8111,1527793.0,14088880.0,8.76,9.54,8.68,9.54,0.86,450.0
2017-11-23,8111,3396268.0,34860857.0,9.9,10.45,9.9,10.45,0.91,1030.0
2017-11-24,8111,4775750.0,52760638.0,10.75,11.45,10.5,11.3,0.85,1603.0
2017-11-27,8111,1779256.0,19477096.0,11.2,11.3,10.6,10.8,-0.5,712.0
2017-11-28,8111,1668442.0,18376887.0,11.0,11.2,10.8,10.95,0.15,564.0
2017-11-29,8111,1420714.0,15275343.0,11.3,11.4,10.5,10.5,-0.45,506.0
2017-11-30,8111,638987.0,6581363.0,10.5,10.5,10.1,10.15,-0.35,277.0
2017-12-01,8111,776846.0,7744799.0,10.3,10.3,9.71,9.87,-0.28,295.0
2017-12-04,8111,487041.0,4723146.0,9.87,9.95,9.5,9.84,-0.03,207.0
2017-12-05,8111,571112.0,5786150.0,9.61,10.45,9.61,10.1,0.26,252.0
2017-12-06,8111,442769.0,4397461.0,10.0,10.1,9.73,9.98,-0.12,179.0
2017-12-07,8111,368150.0,3543510.0,9.3,9.98,9.3,9.64,-0.34,143.0
2017-12-08,8111,417956.0,4000915.0,9.73,9.88,9.32,9.88,0.24,169.0
2017-12-11,8111,441002.0,4236668.0,9.79,9.79,9.53,9.59,-0.29,176.0
2017-12-12,8111,180181.0,1728970.0,9.59,9.7,9.47,9.47,-0.12,93.0
2017-12-13,8111,209704.0,1978666.0,9.47,9.5,9.4,9.46,-0.01,109.0
2017-12-14,8111,247184.0,2336493.0,9.47,9.65,9.38,9.4,-0.06,131.0
2017-12-15,8111,405713.0,3794652.0,9.4,9.49,9.3,9.3,-0.1,129.0
2017-12-18,8111,305833.0,2838627.0,9.31,9.39,9.26,9.27,-0.03,104.0
2017-12-19,8111,198527.0,1853019.0,9.29,9.43,9.29,9.41,0.14,93.0
2017-12-20,8111,299674.0,2811325.0,9.4,9.52,9.3,9.4,-0.01,120.0
2017-12-21,8111,376424.0,3573122.0,9.35,9.69,9.35,9.58,0.18,146.0
2017-12-22,8111,395869.0,3865264.0,9.58,9.95,9.58,9.7,0.12,179.0
2017-12-25,8111,296575.0,2870467.0,9.7,9.79,9.6,9.61,-0.09,123.0
2017-12-26,8111,252935.0,2412873.0,9.61,9.72,9.38,9.68,0.07,117.0
2017-12-27,8111,143468.0,1383786.0,9.68,9.7,9.51,9.7,0.02,74.0
2017-12-28,8111,144722.0,1389116.0,9.47,9.68,9.47,9.59,-0.11,85.0
2017-12-29,8111,156189.0,1487622.0,9.6,9.6,9.49,9.5,-0.09,74.0
2018-01-02,8111,309829.0,3004805.0,9.6,9.9,9.53,9.9,0.4,119.0
2018-01-03,8111,253499.0,2503847.0,9.96,9.96,9.81,9.96,0.06,117.0
2018-01-04,8111,352245.0,3489112.0,9.7,10.1,9.7,10.0,0.04,161.0
2018-01-05,8111,524858.0,5277628.0,10.0,10.2,9.9,9.98,-0.02,208.0
2018-01-08,8111,242670.0,2400557.0,10.0,10.0,9.81,9.81,-0.17,117.0
2018-01-09,8111,356543.0,3544622.0,9.81,10.3,9.81,9.98,0.17,141.0
2018-01-10,8111,216501.0,2134708.0,9.97,9.99,9.81,9.81,-0.17,97.0
2018-01-11,8111,119433.0,1168016.0,9.84,9.89,9.71,9.71,-0.1,53.0
2018-01-12,8111,157591.0,1558650.0,9.89,10.0,9.83,9.88,0.17,75.0
2018-01-15,8111,172732.0,1693085.0,9.88,9.88,9.75,9.77,-0.11,80.0
2018-01-16,8111,186504.0,1808883.0,9.75,9.75,9.63,9.63,-0.14,103.0
2018-01-17,8111,214119.0,2061846.0,9.63,9.71,9.6,9.65,0.02,85.0
2018-01-18,8111,264919.0,2529359.0,9.63,9.68,9.4,9.63,-0.02,132.0
2018-01-19,8111,363178.0,3556696.0,9.6,9.98,9.53,9.89,0.26,170.0
2018-01-22,8111,171048.0,1687268.0,10.0,10.0,9.75,9.75,-0.14,78.0
2018-01-23,8111,161528.0,1561266.0,9.72,9.75,9.62,9.64,-0.11,97.0
2018-01-24,8111,163526.0,1573568.0,9.63,9.71,9.5,9.6,-0.04,116.0
2018-01-25,8111,167652.0,1599704.0,9.6,9.65,9.48,9.48,-0.12,100.0
2018-01-26,8111,191002.0,1808866.0,9.48,9.54,9.41,9.45,-0.03,131.0
2018-01-29,8111,144293.0,1357284.0,9.45,9.48,9.35,9.36,-0.09,87.0
2018-01-30,8111,181037.0,1698591.0,9.36,9.45,9.36,9.43,0.07,74.0
2018-01-31,8111,103007.0,966759.0,9.53,9.53,9.35,9.35,-0.08,78.0
2018-02-01,8111,78961.0,737464.0,9.41,9.41,9.3,9.35,0.0,51.0
2018-02-02,8111,148549.0,1391289.0,9.6,9.6,9.31,9.31,-0.04,62.0
2018-02-05,8111,172577.0,1573475.0,9.25,9.25,9.07,9.1,-0.21,78.0
2018-02-06,8111,596492.0,5094347.0,9.1,9.1,8.2,8.6,-0.5,227.0
2018-02-07,8111,381500.0,3314300.0,8.76,8.99,8.51,8.51,-0.09,159.0
2018-02-08,8111,110815.0,937705.0,8.33,8.64,8.33,8.51,0.0,57.0
2018-02-09,8111,108005.0,899320.0,8.33,8.4,8.18,8.36,-0.15,46.0
2018-02-12,8111,201007.0,1700647.0,8.4,8.6,8.38,8.59,0.23,81.0
2018-02-21,8111,165781.0,1429745.0,8.8,8.85,8.4,8.6,0.01,79.0
2018-02-22,8111,17413.0,150023.0,8.58,8.69,8.58,8.68,0.08,26.0
2018-02-23,8111,127075.0,1111569.0,8.7,8.81,8.7,8.72,0.04,69.0
2018-02-26,8111,54147.0,472732.0,8.79,8.82,8.63,8.69,-0.03,74.0
2018-02-27,8111,77465.0,679784.0,8.7,8.86,8.7,8.79,0.1,54.0
2018-03-01,8111,218165.0,1961490.0,8.79,9.15,8.77,9.08,0.29,108.0
2018-03-02,8111,146183.0,1335127.0,9.39,9.39,9.03,9.06,-0.02,91.0
2018-03-05,8111,178355.0,1566724.0,9.0,9.18,8.66,9.0,-0.06,94.0
2018-03-06,8111,117065.0,1053491.0,8.95,9.05,8.95,8.98,-0.02,81.0
2018-03-07,8111,83502.0,754117.0,8.98,9.05,8.98,9.0,0.02,61.0
2018-03-08,8111,791262.0,7711349.0,8.92,9.9,8.92,9.9,0.9,252.0
2018-03-09,8111,3182221.0,33730897.0,10.85,10.85,10.3,10.55,0.65,1119.0
2018-03-12,8111,2001863.0,20983395.0,10.6,10.65,10.2,10.6,0.05,590.0
2018-03-13,8111,6339005.0,73188091.0,10.95,11.65,10.9,11.65,1.05,1521.0
2018-03-14,8111,8351695.0,101866740.0,11.9,12.7,11.8,12.1,0.45,2434.0
2018-03-15,8111,3207374.0,37805216.0,11.9,12.1,11.5,12.0,-0.1,1065.0
2018-03-16,8111,4271108.0,47398107.0,11.6,11.8,10.8,10.85,-1.15,1360.0
2018-03-19,8111,2221998.0,22898907.0,10.65,10.65,10.1,10.3,-0.55,868.0
2018-03-20,8111,1778382.0,18703292.0,10.5,10.65,10.35,10.6,0.3,591.0
2018-03-21,8111,1062015.0,11036688.0,10.65,10.7,10.25,10.35,-0.25,454.0
2018-03-22,8111,3395216.0,38276743.0,10.35,11.35,10.35,11.35,1.0,989.0
2018-03-23,8111,4971389.0,56333861.0,10.5,12.25,10.25,11.7,0.35,1799.0
2018-03-26,8111,3727027.0,42871774.0,11.5,11.95,10.9,11.3,-0.4,1296.0
2018-03-27,8111,1194677.0,13498065.0,11.65,11.65,11.15,11.3,0.0,592.0
2018-03-28,8111,1453683.0,15944740.0,11.35,11.35,10.8,10.9,-0.4,579.0
2018-03-29,8111,754717.0,8158887.0,10.75,11.0,10.7,10.7,-0.2,328.0
2018-03-30,8111,1929363.0,20050646.0,10.9,10.9,10.15,10.3,-0.4,842.0
2018-03-31,8111,1061395.0,11332783.0,10.3,10.9,10.3,10.5,0.2,461.0
2018-04-02,8111,725910.0,7675333.0,10.45,10.75,10.35,10.65,0.15,279.0
2018-04-03,8111,555468.0,5874197.0,10.45,10.75,10.4,10.65,0.0,242.0
2018-04-09,8111,917984.0,9731292.0,10.95,10.95,10.45,10.65,0.0,410.0
2018-04-10,8111,2131145.0,21480768.0,10.35,10.5,9.81,9.95,-0.7,684.0
2018-04-11,8111,698426.0,7006272.0,9.97,10.2,9.95,10.1,0.15,276.0
2018-04-12,8111,548510.0,5422796.0,9.83,10.1,9.83,9.93,-0.17,213.0
2018-04-13,8111,356812.0,3539881.0,9.95,10.05,9.86,9.86,-0.07,174.0
2018-04-16,8111,517913.0,5032784.0,9.86,10.0,9.6,9.8,-0.06,266.0
2018-04-17,8111,579731.0,5529164.0,9.8,9.8,9.4,9.4,-0.4,247.0
2018-04-18,8111,384530.0,3605997.0,9.4,9.58,9.28,9.28,-0.12,182.0
2018-04-19,8111,376451.0,3618752.0,9.28,9.7,9.28,9.61,0.33,169.0
2018-04-20,8111,759765.0,7621416.0,9.61,10.45,9.61,10.4,0.79,324.0
2018-04-23,8111,655561.0,6636149.0,10.4,10.45,10.0,10.0,-0.4,295.0
2018-04-24,8111,317243.0,3158106.0,10.25,10.25,9.85,9.85,-0.15,140.0
2018-04-25,8111,257846.0,2560226.0,9.85,10.1,9.83,10.05,0.2,121.0
2018-04-26,8111,847675.0,8708525.0,10.45,10.55,9.9,10.0,-0.05,368.0
2018-04-27,8111,503540.0,4943703.0,10.0,10.1,9.68,9.78,-0.22,208.0
2018-04-30,8111,1963259.0,20703467.0,9.78,10.75,9.62,10.75,0.97,584.0
2018-05-02,8111,4784553.0,54840616.0,10.45,11.8,10.4,11.8,1.05,989.0
2018-05-03,8111,10832022.0,136651043.0,12.95,12.95,11.4,11.9,0.1,2521.0
2018-05-04,8111,2934410.0,33669147.0,11.5,11.9,10.9,11.15,-0.75,997.0
2018-05-07,8111,6285970.0,75073021.0,11.05,12.25,10.55,12.25,1.1,1390.0
2018-05-08,8111,5927532.0,73989286.0,12.7,12.95,12.0,12.25,0.0,1711.0
2018-05-09,8111,1974000.0,23385094.0,12.15,12.25,11.6,11.75,-0.5,810.0
2018-05-10,8111,4217718.0,51923521.0,12.0,12.8,11.85,11.9,0.15,1403.0
2018-05-11,8111,3570485.0,40941685.0,11.5,12.0,11.05,11.05,-0.85,1240.0
2018-05-14,8111,2087844.0,23182184.0,11.4,11.45,10.9,11.0,-0.05,615.0
2018-05-15,8111,3082217.0,32599576.0,11.25,11.3,10.15,10.45,-0.55,1047.0
2018-05-16,8111,2647830.0,29829900.0,11.4,11.45,10.9,11.45,1.0,803.0
2018-05-17,8111,4180794.0,49250145.0,11.8,12.15,11.3,11.65,0.2,1442.0
2018-05-18,8111,1233284.0,14306043.0,11.8,11.8,11.45,11.6,-0.05,462.0
2018-05-21,8111,1434800.0,16880806.0,11.8,12.05,11.6,11.7,0.1,521.0
2018-05-22,8111,1291716.0,15140722.0,11.9,11.9,11.6,11.75,0.05,422.0
2018-05-23,8111,2466438.0,29411938.0,12.0,12.2,11.7,11.75,0.0,817.0
2018-05-24,8111,878567.0,10270725.0,11.9,11.9,11.5,11.65,-0.1,357.0
2018-05-25,8111,1760589.0,19846679.0,11.5,11.65,11.05,11.05,-0.6,659.0
2018-05-28,8111,936405.0,10414355.0,11.05,11.35,11.0,11.05,0.0,357.0
2018-05-29,8111,1136736.0,12575097.0,11.0,11.3,10.85,10.85,-0.2,433.0
2018-05-30,8111,4376055.0,49177089.0,10.7,11.9,10.55,11.8,0.95,1441.0
2018-05-31,8111,3700900.0,43728578.0,12.0,12.1,11.55,11.55,-0.25,1260.0
2018-06-01,8111,4188415.0,50281954.0,11.6,12.3,11.6,11.8,0.25,1594.0
2018-06-04,8111,3061500.0,36424574.0,12.0,12.15,11.7,11.75,-0.05,974.0
2018-06-05,8111,2151725.0,25474428.0,11.85,12.1,11.65,11.8,0.05,733.0
2018-06-06,8111,5387597.0,65734822.0,11.85,12.45,11.85,11.95,0.15,1830.0
2018-06-07,8111,1553591.0,18557749.0,11.95,12.15,11.85,11.95,0.0,589.0
2018-06-08,8111,14982562.0,191383490.0,12.1,13.1,11.85,13.1,1.15,4081.0
2018-06-11,8111,5278805.0,75207629.0,13.9,14.4,13.85,14.4,1.3,1150.0
2018-06-12,8111,19026732.0,272114093.0,14.5,15.15,13.5,13.9,-0.5,6341.0
2018-06-13,8111,4563652.0,62499371.0,14.0,14.15,13.2,13.7,-0.2,1796.0
2018-06-14,8111,5285631.0,74692507.0,13.7,14.5,13.55,13.8,0.1,2123.0
2018-06-15,8111,2191071.0,30057196.0,13.8,13.95,13.5,13.5,-0.3,897.0
2018-06-19,8111,12257321.0,178244447.0,13.5,14.85,13.4,14.85,1.35,4177.0
2018-06-20,8111,14127984.0,206193319.0,15.05,15.45,13.5,13.8,-1.05,5510.0
2018-06-21,8111,9005295.0,131856695.0,13.85,15.15,13.85,14.5,0.7,3676.0
2018-06-22,8111,15783694.0,241863773.0,14.25,15.95,14.0,15.95,1.45,6241.0
2018-06-25,8111,32717438.0,554506589.0,16.5,17.5,16.0,16.9,0.95,11629.0
2018-06-26,8111,10829832.0,174423640.0,16.25,16.65,15.7,15.95,-0.95,4212.0
2018-06-27,8111,12275238.0,205430499.0,16.1,17.3,16.1,16.5,0.55,5365.0
2018-06-28,8111,7730242.0,128989614.0,16.15,17.2,16.1,16.3,-0.2,3575.0
2018-06-29,8111,6591709.0,106661440.0,16.5,16.85,15.75,15.75,-0.55,2888.0
2018-07-02,8111,5106629.0,79275566.0,15.8,16.05,15.0,15.0,-0.75,2110.0
2018-07-03,8111,4803920.0,71317703.0,15.35,15.5,14.1,14.45,-0.55,2220.0
2018-07-04,8111,2930790.0,43302405.0,14.6,15.15,14.35,14.7,0.25,1435.0
2018-07-05,8111,4140641.0,61315763.0,14.7,15.25,14.35,14.45,-0.25,1904.0
2018-07-06,8111,2874982.0,41186293.0,14.7,14.85,13.9,14.2,-0.25,1338.0
2018-07-09,8111,4831944.0,70364850.0,14.45,14.85,14.1,14.25,0.05,1535.0
2018-07-10,8111,3977010.0,56903640.0,14.3,14.6,13.95,14.1,-0.15,1090.0
2018-07-11,8111,2804576.0,38078844.0,13.6,13.9,13.15,13.15,-0.95,1088.0
2018-07-12,8111,3727776.0,50261368.0,13.15,13.7,13.15,13.35,0.2,1076.0
2018-07-13,8111,2619100.0,35746944.0,13.4,13.95,13.4,13.45,0.1,1027.0
2018-07-16,8111,1429833.0,19419326.0,13.55,13.8,13.3,13.45,0.0,624.0
2018-07-17,8111,1278231.0,17002353.0,13.55,13.65,13.1,13.1,-0.35,598.0
2018-07-18,8111,1828766.0,23945453.0,13.3,13.45,12.75,12.85,-0.25,652.0
2018-07-19,8111,1593100.0,20374155.0,12.95,13.1,12.55,12.55,-0.3,629.0
2018-07-20,8111,2133594.0,26158587.0,12.7,12.8,11.95,12.05,-0.5,866.0
2018-07-23,8111,1110436.0,13626067.0,12.35,12.45,12.1,12.25,0.2,515.0
2018-07-24,8111,2665932.0,33780594.0,12.35,13.0,12.25,12.65,0.4,941.0
2018-07-25,8111,890468.0,11226771.0,12.6,12.8,12.5,12.65,0.0,382.0
2018-07-26,8111,1521001.0,19527212.0,12.7,13.0,12.65,12.7,0.05,480.0
2018-07-27,8111,961500.0,12368298.0,12.8,13.0,12.7,12.85,0.15,337.0
2018-07-30,8111,1489510.0,19592330.0,13.3,13.35,13.0,13.05,0.2,556.0
2018-07-31,8111,19630861.0,271918739.0,13.1,14.35,13.05,14.35,1.3,3840.0
2018-08-01,8111,4792353.0,67297899.0,14.3,14.3,13.8,14.0,-0.35,1792.0
2018-08-02,8111,3479605.0,49378820.0,13.95,14.45,13.9,14.1,0.1,1352.0
2018-08-03,8111,6967352.0,101677496.0,14.1,15.0,14.1,14.3,0.2,3002.0
2018-08-06,8111,2108173.0,29925157.0,14.2,14.55,13.9,14.1,-0.2,905.0
2018-08-07,8111,1433702.0,20027152.0,14.2,14.25,13.7,13.75,-0.35,552.0
2018-08-08,8111,1604308.0,22037726.0,13.9,14.05,13.45,13.5,-0.25,592.0
2018-08-09,8111,1504242.0,19740796.0,13.6,13.6,12.85,13.0,-0.5,641.0
2018-08-10,8111,612500.0,8002450.0,13.05,13.25,13.0,13.05,0.05,298.0
2018-08-13,8111,1688849.0,21122889.0,12.55,13.0,12.15,12.35,-0.7,654.0
2018-08-14,8111,1514002.0,19400124.0,12.6,13.25,12.4,12.9,0.55,590.0
2018-08-15,8111,953401.0,12058840.0,12.95,12.95,12.5,12.5,-0.4,393.0
2018-08-16,8111,787213.0,9824040.0,12.45,12.75,12.25,12.4,-0.1,346.0
2018-08-17,8111,507929.0,6332421.0,12.6,12.6,12.35,12.35,-0.05,249.0
2018-08-20,8111,803408.0,9748096.0,12.35,12.35,12.0,12.05,-0.3,330.0
2018-08-21,8111,537143.0,6571908.0,12.1,12.45,12.05,12.4,0.35,203.0
2018-08-22,8111,215145.0,2644226.0,12.5,12.5,12.2,12.2,-0.2,120.0
2018-08-23,8111,1056811.0,12954532.0,12.25,12.45,12.05,12.1,-0.1,396.0
2018-08-24,8111,824100.0,9859985.0,12.05,12.15,11.85,11.9,-0.2,316.0
2018-08-27,8111,1617201.0,19787481.0,12.1,12.4,11.95,12.2,0.3,473.0
2018-08-28,8111,893983.0,11145536.0,12.4,12.6,12.3,12.55,0.35,418.0
2018-08-29,8111,4104062.0,52307174.0,12.6,12.9,12.4,12.55,0.0,1037.0
2018-08-30,8111,588184.0,7411838.0,12.6,12.75,12.5,12.5,-0.05,280.0
2018-08-31,8111,339017.0,4258862.0,12.6,12.7,12.5,12.55,0.05,167.0
2018-09-03,8111,581270.0,7186466.0,12.6,12.6,12.2,12.2,-0.35,227.0
2018-09-04,8111,412000.0,5018750.0,12.25,12.3,12.1,12.15,-0.05,172.0
2018-09-05,8111,885000.0,10846650.0,12.2,12.4,12.05,12.1,-0.05,298.0
2018-09-06,8111,346515.0,4188730.0,12.2,12.2,12.0,12.05,-0.05,159.0
2018-09-07,8111,1631070.0,19581875.0,12.0,12.2,11.8,11.8,-0.25,500.0
2018-09-10,8111,870334.0,9802155.0,11.8,11.9,10.8,10.9,-0.9,365.0
2018-09-11,8111,488392.0,5404237.0,11.05,11.25,10.85,11.25,0.35,204.0
2018-09-12,8111,450232.0,4987052.0,11.5,11.5,10.95,11.0,-0.25,195.0
2018-09-13,8111,385003.0,4240080.0,11.1,11.2,10.9,10.95,-0.05,164.0
2018-09-14,8111,401345.0,4476610.0,10.95,11.25,10.95,11.25,0.3,206.0
2018-09-17,8111,91456.0,1020116.0,11.25,11.25,11.1,11.1,-0.15,64.0
2018-09-18,8111,603005.0,6578000.0,11.05,11.2,10.75,10.8,-0.3,297.0
2018-09-19,8111,537003.0,5896480.0,10.95,11.2,10.85,10.9,0.1,234.0
2018-09-20,8111,490388.0,5196421.0,10.95,11.05,10.5,10.55,-0.35,200.0
2018-09-21,8111,458146.0,4913509.0,10.65,10.95,10.55,10.75,0.2,248.0
2018-09-25,8111,222674.0,2446540.0,10.75,11.1,10.75,11.0,0.25,127.0
2018-09-26,8111,160436.0,1761450.0,11.0,11.1,10.9,10.9,-0.1,86.0
2018-09-27,8111,322635.0,3577520.0,11.0,11.25,10.9,10.95,0.05,166.0
2018-09-28,8111,417087.0,4519793.0,11.15,11.15,10.75,10.85,-0.1,181.0
2018-10-01,8111,186804.0,2013271.0,10.9,10.9,10.7,10.85,0.0,114.0
2018-10-02,8111,304000.0,3304100.0,10.9,10.95,10.8,10.85,0.0,109.0
2018-10-03,8111,250675.0,2685087.0,10.9,10.9,10.6,10.6,-0.25,114.0
2018-10-04,8111,185044.0,1946109.0,10.55,10.65,10.4,10.45,-0.15,105.0
2018-10-05,8111,979039.0,9609812.0,10.35,10.35,9.45,9.89,-0.56,380.0
2018-10-08,8111,283020.0,2799150.0,9.96,9.98,9.81,9.92,0.03,135.0
2018-10-09,8111,622944.0,5928003.0,9.83,9.85,9.31,9.48,-0.44,265.0
2018-10-11,8111,1673007.0,14297016.0,8.54,8.7,8.54,8.54,-0.94,418.0
2018-10-12,8111,470656.0,4035845.0,7.85,8.99,7.85,8.96,0.42,250.0
2018-10-15,8111,184034.0,1646750.0,8.99,9.15,8.89,8.9,-0.06,99.0
2018-10-16,8111,213762.0,1940406.0,8.84,9.2,8.84,9.09,0.19,124.0
2018-10-17,8111,236127.0,2155921.0,9.18,9.25,9.0,9.0,-0.09,117.0
2018-10-18,8111,87333.0,790937.0,9.02,9.14,9.01,9.01,0.01,60.0
2018-10-19,8111,239504.0,2088149.0,8.97,8.97,8.53,8.85,-0.16,125.0
2018-10-22,8111,162501.0,1446447.0,8.9,8.97,8.79,8.9,0.05,87.0
2018-10-23,8111,77045.0,680279.0,8.82,8.97,8.75,8.8,-0.1,58.0
2018-10-24,8111,598283.0,5227325.0,8.81,8.85,8.45,8.66,-0.14,192.0
2018-10-25,8111,489429.0,4053374.0,8.6,8.6,8.08,8.15,-0.51,173.0
2018-10-26,8111,286009.0,2329202.0,8.2,8.37,8.01,8.15,0.0,146.0
2018-10-29,8111,123040.0,1007283.0,8.15,8.28,8.15,8.15,0.0,71.0
2018-10-30,8111,136257.0,1112290.0,8.15,8.3,8.12,8.13,-0.02,58.0
2018-10-31,8111,978016.0,8633231.0,8.35,8.94,8.34,8.94,0.81,356.0
2018-11-01,8111,1300500.0,12532880.0,9.08,9.83,9.08,9.7,0.76,563.0
2018-11-02,8111,950565.0,9315978.0,10.0,10.05,9.52,9.79,0.09,363.0
2018-11-05,8111,345716.0,3327559.0,9.78,9.78,9.51,9.64,-0.15,143.0
2018-11-06,8111,466304.0,4558868.0,9.73,9.92,9.64,9.92,0.28,210.0
2018-11-07,8111,637752.0,6488282.0,9.92,10.25,9.85,10.25,0.33,287.0
2018-11-08,8111,566526.0,5905744.0,10.4,10.6,10.25,10.5,0.25,238.0
2018-11-09,8111,317173.0,3294905.0,10.5,10.5,10.25,10.5,0.0,137.0
2018-11-12,8111,202066.0,2139348.0,10.4,10.7,10.4,10.65,0.15,95.0
2018-11-13,8111,371679.0,3862178.0,10.35,10.65,10.25,10.6,-0.05,133.0
2018-11-14,8111,221162.0,2320232.0,10.5,10.6,10.4,10.5,-0.1,77.0
2018-11-15,8111,257790.0,2695285.0,10.45,10.55,10.35,10.35,-0.15,85.0
2018-11-16,8111,281658.0,2932043.0,10.35,10.5,10.3,10.3,-0.05,119.0
2018-11-19,8111,204000.0,2106900.0,10.25,10.4,10.25,10.35,0.05,91.0
2018-11-20,8111,261008.0,2631017.0,10.25,10.3,9.99,9.99,-0.36,107.0
2018-11-21,8111,257754.0,2561643.0,9.88,10.05,9.88,10.0,0.01,98.0
2018-11-22,8111,235309.0,2348358.0,10.05,10.1,9.9,10.0,0.0,94.0
2018-11-23,8111,107000.0,1067930.0,9.97,10.0,9.93,9.99,-0.01,33.0
2018-11-26,8111,585291.0,5903181.0,9.99,10.2,9.9,9.96,-0.03,174.0
2018-11-27,8111,71828.0,716394.0,10.0,10.0,9.92,10.0,0.04,50.0
2018-11-28,8111,233968.0,2355930.0,10.1,10.15,9.95,10.05,0.05,117.0
2018-11-29,8111,325499.0,3298387.0,10.2,10.2,10.05,10.15,0.1,102.0
2018-11-30,8111,295000.0,3014600.0,10.15,10.35,10.1,10.15,0.0,134.0
2018-12-03,8111,2661714.0,29329788.0,10.25,11.15,10.25,10.75,0.6,817.0
2018-12-04,8111,465012.0,5017670.0,10.75,10.95,10.65,10.75,0.0,182.0
2018-12-05,8111,252195.0,2672932.0,10.4,10.75,10.35,10.75,0.0,117.0
2018-12-06,8111,308001.0,3216260.0,10.7,10.7,10.25,10.5,-0.25,165.0
2018-12-07,8111,155746.0,1635281.0,10.35,10.6,10.35,10.4,-0.1,79.0
2018-12-10,8111,241828.0,2489712.0,10.55,10.6,10.1,10.2,-0.2,97.0
2018-12-11,8111,138501.0,1418259.0,10.2,10.3,10.2,10.25,0.05,65.0
2018-12-12,8111,158083.0,1616187.0,10.3,10.3,10.15,10.2,-0.05,83.0
2018-12-13,8111,5698716.0,60335472.0,10.25,10.85,10.05,10.7,0.5,949.0
2018-12-14,8111,531010.0,5603055.0,10.8,10.8,10.45,10.5,-0.2,227.0
2018-12-17,8111,387045.0,3969105.0,10.3,10.4,10.1,10.2,-0.3,182.0
2018-12-18,8111,264013.0,2662780.0,10.1,10.2,10.0,10.05,-0.15,149.0
2018-12-19,8111,114021.0,1143610.0,10.0,10.1,10.0,10.0,-0.05,80.0
2018-12-20,8111,213127.0,2120285.0,10.0,10.05,9.8,9.89,-0.11,117.0
2018-12-21,8111,161336.0,1587878.0,9.83,9.97,9.82,9.88,-0.01,103.0
2018-12-22,8111,36099.0,355301.0,9.83,9.89,9.82,9.85,-0.03,32.0
2018-12-24,8111,146145.0,1436113.0,9.85,9.94,9.8,9.81,-0.04,88.0
2018-12-25,8111,68001.0,657149.0,9.79,9.8,9.5,9.66,-0.15,44.0
2018-12-26,8111,166754.0,1648503.0,9.7,10.05,9.7,9.85,0.19,98.0
2018-12-27,8111,179122.0,1782243.0,10.05,10.05,9.82,9.82,-0.03,84.0
2018-12-28,8111,47001.0,460649.0,9.82,9.82,9.77,9.81,-0.01,26.0
2019-01-02,8111,85002.0,834578.0,9.81,9.93,9.8,9.8,-0.01,39.0
2019-01-03,8111,51201.0,498492.0,9.8,9.87,9.7,9.7,-0.1,30.0
2019-01-04,8111,96577.0,921150.0,9.53,9.68,9.51,9.54,-0.16,60.0
2019-01-07,8111,50007.0,487433.0,9.6,9.84,9.6,9.7,0.16,45.0
2019-01-08,8111,88903.0,866264.0,9.63,9.81,9.63,9.78,0.08,54.0
2019-01-09,8111,86031.0,849816.0,9.81,9.92,9.81,9.86,0.08,70.0
2019-01-10,8111,36009.0,355863.0,9.9,9.93,9.85,9.88,0.02,31.0
2019-01-11,8111,77011.0,757611.0,9.83,9.87,9.81,9.82,-0.06,48.0
2019-01-14,8111,28217.0,274337.0,9.7,9.74,9.7,9.72,-0.1,30.0
2019-01-15,8111,74259.0,723041.0,9.71,9.8,9.71,9.72,0.0,47.0
2019-01-16,8111,362757.0,3642340.0,9.88,10.15,9.81,10.1,0.38,157.0
2019-01-17,8111,1377667.0,14603226.0,10.8,10.9,10.15,10.8,0.7,545.0
2019-01-18,8111,5246178.0,59194740.0,11.3,11.6,11.0,11.0,0.2,2120.0
2019-01-21,8111,1103092.0,11903363.0,11.0,11.15,10.5,10.65,-0.35,491.0
2019-01-22,8111,356016.0,3728010.0,10.65,10.8,10.25,10.35,-0.3,221.0
2019-01-23,8111,191913.0,1996645.0,10.25,10.55,10.2,10.4,0.05,126.0
2019-01-24,8111,210397.0,2206716.0,10.5,10.6,10.4,10.45,0.05,129.0
2019-01-25,8111,140626.0,1464294.0,10.5,10.6,10.3,10.3,-0.15,91.0
2019-01-28,8111,494168.0,5015792.0,10.3,10.4,10.0,10.05,-0.25,272.0
2019-01-29,8111,193952.0,1941810.0,10.1,10.1,9.98,10.0,-0.05,120.0
2019-01-30,8111,133434.0,1342540.0,10.1,10.1,10.0,10.1,0.1,96.0
2019-02-11,8111,141578.0,1428702.0,10.2,10.2,10.0,10.0,-0.1,111.0
2019-02-12,8111,384044.0,3924140.0,10.15,10.45,10.05,10.05,0.05,202.0
2019-02-13,8111,250137.0,2578562.0,10.15,10.4,10.15,10.3,0.25,168.0
2019-02-14,8111,857529.0,9194246.0,10.4,11.15,10.4,10.75,0.45,371.0
2019-02-15,8111,727046.0,7892269.0,10.75,11.05,10.55,10.65,-0.1,281.0
2019-02-18,8111,1683758.0,18572408.0,11.15,11.15,10.75,10.9,0.25,680.0
2019-02-19,8111,2717709.0,30939205.0,11.05,11.6,11.05,11.35,0.45,1130.0
2019-02-20,8111,831311.0,9298221.0,11.25,11.35,11.05,11.05,-0.3,340.0
2019-02-21,8111,503657.0,5530339.0,11.1,11.15,10.85,10.95,-0.1,236.0
2019-02-22,8111,398952.0,4414760.0,10.95,11.2,10.95,11.0,0.05,196.0
2019-02-25,8111,841433.0,9422963.0,11.05,11.35,11.0,11.05,0.05,302.0
2019-02-26,8111,372174.0,4105430.0,11.15,11.15,10.9,10.9,-0.15,158.0
2019-02-27,8111,194124.0,2129414.0,10.95,11.2,10.8,11.0,0.1,121.0
2019-03-04,8111,245722.0,2658364.0,11.0,11.05,10.65,10.7,-0.3,161.0
2019-03-05,8111,134886.0,1456303.0,10.75,10.9,10.65,10.7,0.0,133.0
2019-03-06,8111,256974.0,2766844.0,10.95,10.95,10.65,10.8,0.1,174.0
2019-03-07,8111,292973.0,3206341.0,10.75,11.15,10.75,10.75,-0.05,199.0
2019-03-08,8111,230079.0,2458219.0,10.8,10.8,10.6,10.6,-0.15,125.0
2019-03-11,8111,302435.0,3176154.0,10.55,10.6,10.4,10.45,-0.15,177.0
2019-03-12,8111,293329.0,3079259.0,10.5,10.7,10.35,10.45,0.0,173.0
2019-03-13,8111,466957.0,4910491.0,10.5,10.6,10.45,10.45,0.0,170.0
2019-03-14,8111,226033.0,2376825.0,10.45,10.6,10.45,10.5,0.05,132.0
2019-03-15,8111,264356.0,2797076.0,10.45,10.7,10.45,10.6,0.1,160.0
2019-03-18,8111,137192.0,1453658.0,10.6,10.7,10.5,10.55,-0.05,107.0
2019-03-19,8111,209233.0,2223536.0,10.6,10.7,10.55,10.6,0.05,137.0
2019-03-20,8111,101258.0,1068147.0,10.6,10.65,10.5,10.55,-0.05,79.0
2019-03-21,8111,1166429.0,12566322.0,10.5,11.0,10.45,10.8,0.25,360.0
2019-03-22,8111,282604.0,3049504.0,10.85,10.95,10.7,10.7,-0.1,128.0
2019-03-25,8111,275398.0,2888032.0,10.55,10.65,10.4,10.45,-0.25,188.0
2019-03-26,8111,250321.0,2670093.0,10.55,10.85,10.55,10.55,0.1,195.0
2019-03-27,8111,124285.0,1311331.0,10.55,10.6,10.5,10.55,0.0,100.0
2019-03-28,8111,127663.0,1347363.0,10.6,10.6,10.5,10.5,-0.05,93.0
2019-03-29,8111,201186.0,2116133.0,10.55,10.55,10.45,10.5,0.0,112.0
2019-04-01,8111,186006.0,1959547.0,10.6,10.6,10.45,10.5,0.0,122.0
2019-04-02,8111,179140.0,1894114.0,10.55,10.65,10.5,10.55,0.05,117.0
2019-04-03,8111,246162.0,2604693.0,10.55,10.65,10.5,10.55,0.0,142.0
2019-04-08,8111,449643.0,4837272.0,10.6,10.85,10.6,10.7,0.15,258.0
2019-04-09,8111,834106.0,9146689.0,10.85,11.05,10.85,10.95,0.25,381.0
2019-04-10,8111,483042.0,5282670.0,11.1,11.1,10.8,11.0,0.05,237.0
2019-04-11,8111,313650.0,3401379.0,10.95,10.95,10.75,10.75,-0.25,127.0
2019-04-12,8111,125601.0,1349221.0,10.8,10.8,10.7,10.75,0.0,90.0
2019-04-15,8111,557162.0,6124746.0,10.8,11.2,10.75,11.0,0.25,243.0
2019-04-16,8111,3122140.0,36041194.0,11.1,12.05,11.1,11.4,0.4,1236.0
2019-04-17,8111,920369.0,10598467.0,11.45,11.8,11.2,11.3,-0.1,434.0
2019-04-18,8111,611500.0,6873842.0,11.3,11.45,10.9,11.0,-0.3,244.0
2019-04-19,8111,152604.0,1678021.0,11.1,11.15,10.9,10.95,-0.05,101.0
2019-04-22,8111,237946.0,2606051.0,11.0,11.0,10.9,10.9,-0.05,111.0
2019-04-23,8111,162450.0,1764207.0,10.9,10.9,10.8,10.9,0.0,81.0
2019-04-24,8111,188936.0,2052856.0,10.9,10.95,10.8,10.85,-0.05,94.0
2019-04-25,8111,316957.0,3473627.0,10.9,11.1,10.8,11.1,0.25,122.0
2019-04-26,8111,284412.0,3111417.0,11.05,11.05,10.85,10.85,-0.25,110.0
2019-04-29,8111,292433.0,3159607.0,10.95,11.0,10.7,10.7,-0.15,132.0
2019-04-30,8111,119000.0,1275100.0,10.7,10.75,10.7,10.75,0.05,49.0
2019-05-02,8111,142189.0,1527704.0,10.8,10.85,10.7,10.7,-0.05,79.0
2019-05-03,8111,94401.0,1018778.0,10.75,10.85,10.75,10.8,0.1,48.0
2019-05-06,8111,200418.0,2130396.0,10.8,10.8,10.5,10.5,-0.3,100.0
2019-05-07,8111,90929.0,968295.0,10.5,10.8,10.5,10.7,0.2,63.0
2019-05-08,8111,73657.0,782329.0,10.6,10.7,10.55,10.6,-0.1,48.0
2019-05-09,8111,191824.0,2045140.0,10.65,10.85,10.55,10.6,0.0,87.0
2019-05-10,8111,213519.0,2236022.0,10.75,10.75,10.4,10.45,-0.15,98.0
2019-05-13,8111,514635.0,5129762.0,10.35,10.5,9.65,9.65,-0.8,139.0
2019-05-14,8111,437463.0,4391110.0,9.9,10.25,9.8,10.1,0.45,238.0
2019-05-15,8111,185062.0,1919685.0,10.25,10.5,10.25,10.3,0.2,98.0
2019-05-16,8111,356423.0,3709291.0,10.2,10.55,10.2,10.4,0.1,141.0
2019-05-17,8111,171357.0,1796508.0,10.5,10.75,10.25,10.25,-0.15,103.0
2019-05-20,8111,147769.0,1519040.0,10.4,10.45,10.2,10.25,0.0,62.0
2019-05-21,8111,189892.0,1950985.0,10.5,10.5,10.15,10.35,0.1,69.0
2019-05-22,8111,68632.0,707776.0,10.45,10.45,10.25,10.25,-0.1,47.0
2019-05-23,8111,81004.0,819540.0,10.2,10.2,10.05,10.15,-0.1,45.0
2019-05-24,8111,50002.0,507470.0,10.15,10.2,10.1,10.1,-0.05,33.0
2019-05-27,8111,68326.0,696008.0,10.3,10.3,10.1,10.15,0.05,43.0
2019-05-28,8111,106565.0,1096462.0,10.25,10.35,10.2,10.3,0.15,49.0
2019-05-29,8111,79449.0,819773.0,10.25,10.4,10.25,10.4,0.1,46.0
2019-05-30,8111,122170.0,1282317.0,10.45,10.65,10.4,10.5,0.1,66.0
2019-05-31,8111,79003.0,835080.0,10.5,10.7,10.4,10.45,-0.05,56.0
2019-06-03,8111,65831.0,685740.0,10.45,10.5,10.35,10.4,-0.05,39.0
2019-06-04,8111,106126.0,1116972.0,10.45,10.6,10.45,10.6,0.2,41.0
2019-06-05,8111,147078.0,1547458.0,10.5,10.65,10.45,10.45,-0.15,80.0
2019-06-06,8111,96329.0,999137.0,10.45,10.5,10.3,10.3,-0.15,43.0
2019-06-10,8111,172881.0,1774297.0,10.4,10.4,10.05,10.15,-0.15,90.0
2019-06-11,8111,178217.0,1805790.0,10.2,10.35,10.05,10.1,-0.05,103.0
2019-06-12,8111,163553.0,1642290.0,10.15,10.15,9.96,10.05,-0.05,88.0
2019-06-13,8111,159000.0,1602700.0,10.1,10.15,10.0,10.05,0.0,53.0
2019-06-14,8111,106501.0,1070885.0,10.1,10.15,10.0,10.1,0.05,55.0
2019-06-17,8111,66829.0,671090.0,10.1,10.1,10.0,10.05,-0.05,37.0
2019-06-18,8111,100913.0,1010747.0,10.1,10.1,9.96,9.96,-0.09,50.0
2019-06-19,8111,217447.0,2171814.0,10.05,10.05,9.97,9.99,0.03,96.0
2019-06-20,8111,354746.0,3590434.0,10.1,10.2,10.05,10.2,0.21,135.0
2019-06-21,8111,135682.0,1383352.0,10.2,10.3,10.1,10.1,-0.1,95.0
2019-06-24,8111,68354.0,691524.0,10.15,10.15,10.05,10.1,0.0,47.0
2019-06-25,8111,108834.0,1101171.0,10.2,10.2,10.05,10.05,-0.05,66.0
2019-06-26,8111,128656.0,1304308.0,10.2,10.2,10.1,10.1,0.05,62.0
2019-06-27,8111,232891.0,2359139.0,10.1,10.2,10.1,10.15,0.05,131.0
2019-06-28,8111,208000.0,2030640.0,9.75,9.85,9.71,9.8,0.0,106.0
2019-07-01,8111,177312.0,1740772.0,9.89,9.89,9.8,9.8,0.0,70.0
2019-07-02,8111,95689.0,940945.0,9.8,9.86,9.8,9.82,0.02,53.0
2019-07-03,8111,113694.0,1119886.0,9.82,9.94,9.8,9.8,-0.02,64.0
2019-07-04,8111,71629.0,707219.0,9.85,9.89,9.81,9.89,0.09,38.0
2019-07-05,8111,68832.0,677129.0,9.92,9.92,9.81,9.83,-0.06,47.0
2019-07-08,8111,141730.0,1391410.0,9.83,9.87,9.79,9.79,-0.04,76.0
2019-07-09,8111,85047.0,830836.0,9.82,9.82,9.72,9.72,-0.07,56.0
2019-07-10,8111,74381.0,724935.0,9.74,9.82,9.73,9.73,0.01,48.0
2019-07-11,8111,92191.0,896891.0,9.74,9.75,9.72,9.72,-0.01,43.0
2019-07-12,8111,102112.0,992230.0,9.72,9.78,9.7,9.72,0.0,50.0
2019-07-15,8111,138196.0,1328742.0,9.67,9.67,9.55,9.57,-0.15,64.0
2019-07-16,8111,150109.0,1444309.0,9.64,9.75,9.54,9.75,0.18,69.0
2019-07-17,8111,83974.0,821146.0,9.77,9.81,9.72,9.75,0.0,48.0
2019-07-18,8111,67277.0,655071.0,9.75,9.8,9.69,9.69,-0.06,42.0
2019-07-19,8111,38932.0,376009.0,9.69,9.71,9.62,9.67,-0.02,27.0
2019-07-22,8111,108085.0,1057522.0,9.75,9.81,9.75,9.8,0.13,72.0
2019-07-23,8111,80713.0,784788.0,9.73,9.75,9.71,9.75,-0.05,43.0
2019-07-24,8111,110884.0,1087817.0,9.85,9.85,9.76,9.79,0.04,43.0
2019-07-25,8111,155030.0,1534174.0,9.81,9.98,9.81,9.94,0.15,101.0
2019-07-26,8111,70005.0,694077.0,9.99,9.99,9.87,9.88,-0.06,35.0
2019-07-29,8111,91114.0,903440.0,9.9,10.05,9.85,9.9,0.02,51.0
2019-07-30,8111,158225.0,1576739.0,10.0,10.1,9.9,9.9,0.0,76.0
2019-07-31,8111,70000.0,695910.0,9.87,10.0,9.87,9.94,0.04,35.0
2019-08-01,8111,164654.0,1634782.0,9.87,10.0,9.87,9.95,0.01,63.0
2019-08-02,8111,99080.0,969606.0,9.81,9.85,9.76,9.77,-0.18,56.0
2019-08-05,8111,62779.0,611764.0,9.85,9.87,9.7,9.7,-0.07,43.0
2019-08-06,8111,87100.0,824786.0,9.27,9.68,9.27,9.68,-0.02,57.0
2019-08-07,8111,72325.0,699001.0,9.72,9.85,9.56,9.58,-0.1,44.0
2019-08-08,8111,50002.0,483628.0,9.7,9.7,9.65,9.66,0.08,24.0
2019-08-12,8111,91001.0,882669.0,9.87,9.87,9.63,9.73,0.07,36.0
2019-08-13,8111,58643.0,562251.0,9.51,9.75,9.51,9.65,-0.08,45.0
2019-08-14,8111,109461.0,1059874.0,9.79,9.8,9.61,9.61,-0.04,44.0
2019-08-15,8111,93013.0,886183.0,9.5,9.65,9.47,9.54,-0.07,46.0
2019-08-16,8111,114001.0,1087149.0,9.55,9.6,9.5,9.58,0.04,45.0
2019-08-19,8111,175505.0,1696304.0,9.68,9.75,9.56,9.73,0.15,67.0
2019-08-20,8111,1478044.0,14642892.0,9.7,10.15,9.63,10.0,0.27,363.0
2019-08-21,8111,395004.0,3898877.0,9.94,9.95,9.78,9.8,-0.2,133.0
2019-08-22,8111,185006.0,1811908.0,9.99,9.99,9.76,9.78,-0.02,75.0
2019-08-23,8111,155082.0,1501037.0,9.78,9.78,9.65,9.65,-0.13,73.0
2019-08-26,8111,163006.0,1554535.0,9.52,9.62,9.5,9.51,-0.14,68.0
2019-08-27,8111,25561.0,245251.0,9.63,9.63,9.58,9.6,0.09,25.0
2019-08-28,8111,141266.0,1356676.0,9.65,9.72,9.56,9.56,-0.04,57.0
2019-08-29,8111,134823.0,1285295.0,9.68,9.68,9.5,9.51,-0.05,79.0
2019-08-30,8111,190570.0,1810589.0,9.55,9.55,9.48,9.49,-0.02,75.0
2019-09-02,8111,116406.0,1101512.0,9.49,9.54,9.41,9.45,-0.04,59.0
2019-09-03,8111,114438.0,1082306.0,9.45,9.57,9.43,9.44,-0.01,50.0
2019-09-04,8111,905948.0,8663989.0,9.6,9.7,9.37,9.63,0.19,223.0
2019-09-05,8111,135623.0,1299772.0,9.75,9.75,9.51,9.51,-0.12,84.0
2019-09-06,8111,681847.0,6604488.0,9.55,9.75,9.52,9.54,0.03,145.0
2019-09-09,8111,97657.0,930115.0,9.54,9.6,9.5,9.51,-0.03,54.0
2019-09-10,8111,101650.0,962557.0,9.51,9.51,9.42,9.42,-0.09,56.0
2019-09-11,8111,112604.0,1063111.0,9.45,9.5,9.42,9.42,0.0,55.0
2019-09-12,8111,92090.0,869545.0,9.53,9.54,9.41,9.41,-0.01,46.0
2019-09-16,8111,77489.0,728314.0,9.42,9.42,9.37,9.41,0.0,52.0
2019-09-17,8111,4328999.0,42506705.0,9.38,10.1,9.31,9.7,0.29,702.0
2019-09-18,8111,310039.0,2980480.0,9.76,9.76,9.52,9.52,-0.18,166.0
2019-09-19,8111,568500.0,5442739.0,9.53,9.68,9.5,9.51,-0.01,146.0
2019-09-20,8111,106505.0,1016086.0,9.55,9.6,9.51,9.51,0.0,67.0
2019-09-23,8111,166095.0,1587321.0,9.52,9.62,9.52,9.52,0.01,83.0
2019-09-24,8111,146660.0,1393104.0,9.54,9.55,9.46,9.47,-0.05,77.0
2019-09-25,8111,89131.0,839350.0,9.45,9.48,9.38,9.41,-0.06,59.0
2019-09-26,8111,74000.0,696460.0,9.41,9.48,9.37,9.39,-0.02,48.0
2019-09-27,8111,89842.0,840087.0,9.4,9.4,9.33,9.34,-0.05,50.0
2019-10-01,8111,59890.0,558946.0,9.35,9.4,9.32,9.34,0.0,42.0
2019-10-02,8111,124005.0,1170356.0,9.4,9.53,9.35,9.43,0.09,56.0
2019-10-03,8111,239525.0,2245121.0,9.43,9.44,9.28,9.38,-0.05,79.0
2019-10-04,8111,831382.0,8027888.0,9.5,9.8,9.33,9.8,0.42,248.0
2019-10-07,8111,4913257.0,49625678.0,9.87,10.2,9.87,9.98,0.18,813.0
2019-10-08,8111,934890.0,9347980.0,9.99,10.2,9.81,10.1,0.12,351.0
2019-10-09,8111,1277003.0,12972197.0,10.2,10.5,9.89,9.89,-0.21,406.0
2019-10-14,8111,381676.0,3781806.0,10.0,10.05,9.83,9.87,-0.02,157.0
2019-10-15,8111,177094.0,1747829.0,9.89,9.89,9.82,9.89,0.02,75.0
2019-10-16,8111,182939.0,1810859.0,9.89,9.98,9.85,9.9,0.01,79.0
2019-10-17,8111,648812.0,6494633.0,9.9,10.1,9.9,9.94,0.04,182.0
2019-10-18,8111,144420.0,1435364.0,10.05,10.05,9.92,9.94,0.0,70.0
2019-10-21,8111,152377.0,1517937.0,9.94,10.0,9.9,9.99,0.05,78.0
2019-10-22,8111,158157.0,1577873.0,9.99,9.99,9.95,9.99,0.0,61.0
2019-10-23,8111,305108.0,3046658.0,9.99,10.0,9.96,10.0,0.01,97.0
2019-10-24,8111,244010.0,2440784.0,9.99,10.05,9.98,10.05,0.05,83.0
2019-10-25,8111,271463.0,2717746.0,10.05,10.1,9.96,9.96,-0.09,70.0
2019-10-28,8111,177500.0,1771220.0,10.0,10.0,9.95,9.99,0.03,40.0
2019-10-29,8111,573187.0,5760805.0,9.99,10.1,9.99,10.1,0.11,180.0
2019-10-30,8111,228834.0,2302626.0,10.05,10.1,10.0,10.0,-0.1,94.0
2019-10-31,8111,277600.0,2782607.0,10.0,10.1,9.92,10.1,0.1,90.0
2019-11-01,8111,93005.0,933347.0,10.1,10.1,10.0,10.0,-0.1,35.0
2019-11-04,8111,72330.0,723066.0,10.0,10.0,9.99,9.99,-0.01,37.0
2019-11-05,8111,162835.0,1629403.0,9.99,10.05,9.98,10.0,0.01,54.0
2019-11-06,8111,207324.0,2068234.0,9.99,10.0,9.93,9.95,-0.05,53.0
2019-11-07,8111,171136.0,1699566.0,9.98,9.98,9.89,9.98,0.03,67.0
2019-11-08,8111,128401.0,1281206.0,9.99,10.0,9.92,10.0,0.02,51.0
2019-11-11,8111,85003.0,844039.0,10.0,10.0,9.8,9.94,-0.06,52.0
2019-11-12,8111,1054284.0,10734861.0,9.95,10.35,9.95,10.35,0.41,309.0
2019-11-13,8111,374083.0,3791375.0,10.25,10.25,10.0,10.0,-0.35,165.0
2019-11-14,8111,177000.0,1770000.0,10.0,10.05,9.96,10.0,0.0,68.0
2019-11-15,8111,90520.0,901506.0,10.05,10.05,9.91,9.91,-0.09,44.0
2019-11-18,8111,52147.0,518434.0,9.91,10.0,9.91,10.0,0.09,28.0
2019-11-19,8111,81358.0,803568.0,10.0,10.0,9.83,9.84,-0.16,46.0
2019-11-20,8111,72116.0,706029.0,9.87,9.87,9.75,9.8,-0.04,47.0
2019-11-21,8111,49097.0,479516.0,9.8,9.8,9.75,9.76,-0.04,21.0
2019-11-22,8111,74078.0,723078.0,9.77,9.82,9.72,9.8,0.04,36.0
2019-11-25,8111,79776.0,776598.0,9.78,9.8,9.68,9.68,-0.12,47.0
2019-11-26,8111,71549.0,693210.0,9.68,9.7,9.68,9.69,0.01,35.0
2019-11-27,8111,41250.0,399899.0,9.75,9.75,9.68,9.69,0.0,23.0
2019-11-28,8111,40794.0,396166.0,9.7,9.73,9.68,9.68,-0.01,33.0
2019-11-29,8111,44006.0,426554.0,9.69,9.7,9.68,9.69,0.01,28.0
2019-12-02,8111,98327.0,949719.0,9.69,9.69,9.64,9.64,-0.05,36.0
2019-12-03,8111,34321.0,333676.0,9.71,9.78,9.7,9.77,0.13,16.0
2019-12-04,8111,157045.0,1531572.0,9.77,9.77,9.6,9.71,-0.06,20.0
2019-12-05,8111,93720.0,918651.0,9.72,9.82,9.72,9.75,0.04,30.0
2019-12-06,8111,70334.0,679182.0,9.75,9.75,9.5,9.65,-0.1,37.0
2019-12-09,8111,63005.0,610174.0,9.65,9.73,9.65,9.71,0.06,40.0
2019-12-10,8111,78314.0,756042.0,9.71,9.71,9.63,9.63,-0.08,38.0
2019-12-11,8111,41418.0,400065.0,9.7,9.7,9.63,9.69,0.06,16.0
2019-12-12,8111,132305.0,1270710.0,9.65,9.68,9.56,9.56,-0.13,49.0
2019-12-13,8111,67069.0,638564.0,9.59,9.6,9.48,9.54,-0.02,38.0
2019-12-16,8111,118504.0,1129875.0,9.57,9.62,9.5,9.5,-0.04,47.0
2019-12-17,8111,261423.0,2497857.0,9.53,9.62,9.5,9.55,0.05,92.0
2019-12-18,8111,92905.0,892708.0,9.54,9.65,9.54,9.58,0.03,59.0
2019-12-19,8111,49301.0,472549.0,9.61,9.61,9.56,9.57,-0.01,34.0
2019-12-20,8111,39454.0,377838.0,9.58,9.61,9.54,9.59,0.02,31.0
2019-12-23,8111,133291.0,1269401.0,9.59,9.59,9.5,9.5,-0.09,59.0
2019-12-24,8111,40450.0,384514.0,9.54,9.55,9.5,9.51,0.01,25.0
2019-12-25,8111,89502.0,847592.0,9.54,9.54,9.44,9.46,-0.05,44.0
2019-12-26,8111,265715.0,2534303.0,9.48,9.65,9.48,9.65,0.19,121.0
2019-12-27,8111,208291.0,1999823.0,9.61,9.7,9.53,9.53,-0.12,90.0
2019-12-30,8111,106003.0,1007406.0,9.54,9.6,9.48,9.48,-0.05,64.0
2019-12-31,8111,76341.0,723809.0,9.5,9.51,9.44,9.49,0.01,31.0
2020-01-02,8111,82828.0,787051.0,9.51,9.54,9.48,9.5,0.01,51.0
2020-01-03,8111,119302.0,1132967.0,9.5,9.54,9.47,9.47,-0.03,50.0
2020-01-06,8111,111724.0,1049416.0,9.44,9.51,9.3,9.3,-0.17,52.0
2020-01-07,8111,45004.0,424066.0,9.5,9.5,9.36,9.37,0.07,31.0
2020-01-08,8111,112503.0,1048117.0,9.31,9.39,9.3,9.32,-0.05,59.0
2020-01-09,8111,67424.0,628692.0,9.33,9.45,9.3,9.36,0.04,33.0
2020-01-10,8111,95008.0,885052.0,9.4,9.45,9.3,9.3,-0.06,34.0
2020-01-13,8111,86961.0,806439.0,9.3,9.44,9.21,9.23,-0.07,64.0
2020-01-14,8111,238189.0,2191654.0,9.21,9.33,9.17,9.17,-0.06,85.0
2020-01-15,8111,105564.0,967324.0,9.22,9.22,9.15,9.16,-0.01,51.0
2020-01-16,8111,78501.0,720317.0,9.15,9.24,9.14,9.14,-0.02,48.0
2020-01-17,8111,99283.0,914626.0,9.17,9.24,9.17,9.19,0.05,41.0
2020-01-20,8111,268507.0,2497297.0,9.29,9.44,9.2,9.31,0.12,95.0
2020-01-30,8111,578258.0,4877351.0,8.43,8.78,8.38,8.5,-0.81,205.0
2020-01-31,8111,175342.0,1446728.0,8.05,8.42,8.05,8.42,-0.08,86.0
2020-02-03,8111,241864.0,1994944.0,8.39,8.39,8.13,8.14,-0.28,88.0
2020-02-04,8111,165058.0,1352737.0,8.14,8.37,8.14,8.17,0.03,52.0
2020-02-05,8111,115541.0,955104.0,8.26,8.34,8.21,8.22,0.05,63.0
2020-02-06,8111,126101.0,1042924.0,8.28,8.39,8.22,8.22,0.0,60.0
2020-02-07,8111,77136.0,643101.0,8.37,8.4,8.25,8.38,0.16,66.0
2020-02-10,8111,435344.0,3818308.0,8.4,9.1,8.38,8.9,0.52,232.0
2020-02-11,8111,260788.0,2346452.0,9.27,9.27,8.9,8.92,0.02,145.0
2020-02-12,8111,142833.0,1277496.0,9.0,9.0,8.9,8.92,0.0,67.0
2020-02-13,8111,140393.0,1257650.0,9.23,9.23,8.87,8.93,0.01,69.0
2020-02-14,8111,126241.0,1113795.0,8.9,8.92,8.77,8.84,-0.09,74.0
2020-02-17,8111,109036.0,958462.0,8.84,8.84,8.7,8.77,-0.07,64.0
2020-02-18,8111,197877.0,1694144.0,8.65,8.68,8.5,8.52,-0.25,113.0
2020-02-19,8111,98025.0,833983.0,8.6,8.6,8.41,8.53,0.01,74.0
2020-02-20,8111,94363.0,802660.0,8.53,8.56,8.45,8.45,-0.08,47.0
2020-02-21,8111,61245.0,516505.0,8.41,8.49,8.41,8.43,-0.02,46.0
2020-02-24,8111,71037.0,593556.0,8.42,8.43,8.3,8.35,-0.08,56.0
2020-02-25,8111,39669.0,329572.0,8.34,8.34,8.26,8.31,-0.04,47.0
2020-02-26,8111,70971.0,585835.0,8.23,8.28,8.21,8.27,-0.04,46.0
2020-02-27,8111,122028.0,997524.0,8.26,8.26,8.11,8.12,-0.15,75.0
2020-03-02,8111,136164.0,1096825.0,8.03,8.11,8.03,8.03,-0.09,91.0
2020-03-03,8111,46027.0,377476.0,8.28,8.28,8.1,8.18,0.15,49.0
2020-03-04,8111,244039.0,1961762.0,8.19,8.19,8.0,8.05,-0.13,113.0
2020-03-05,8111,223388.0,1794934.0,8.12,8.13,8.0,8.05,0.0,86.0
2020-03-06,8111,94304.0,757934.0,8.08,8.08,8.01,8.02,-0.03,64.0
2020-03-09,8111,137000.0,1085190.0,8.02,8.04,7.8,7.8,-0.22,56.0
2020-03-10,8111,202000.0,1548470.0,7.8,7.8,7.55,7.79,-0.01,87.0
2020-03-11,8111,83018.0,651193.0,7.75,7.98,7.75,7.75,-0.04,56.0
2020-03-12,8111,198114.0,1453171.0,7.57,7.6,7.1,7.39,-0.36,108.0
2020-03-13,8111,545605.0,3656414.0,6.85,7.0,6.66,6.7,-0.69,170.0
2020-03-16,8111,135031.0,902080.0,6.72,6.81,6.47,6.61,-0.09,69.0
2020-03-17,8111,409914.0,2509174.0,6.35,6.35,5.99,6.0,-0.61,149.0
2020-03-18,8111,454889.0,2693488.0,6.05,6.15,5.7,5.88,-0.12,155.0
2020-03-19,8111,661317.0,3548326.0,5.7,5.72,5.3,5.3,-0.58,188.0
2020-03-20,8111,245243.0,1353895.0,5.13,5.65,5.13,5.6,0.3,144.0
2020-03-23,8111,116516.0,635858.0,5.54,5.54,5.4,5.48,-0.12,69.0
2020-03-24,8111,295046.0,1725136.0,5.75,6.02,5.55,5.97,0.49,138.0
2020-03-25,8111,188657.0,1237579.0,6.56,6.56,6.56,6.56,0.59,69.0
2020-03-26,8111,977986.0,7008862.0,7.18,7.21,7.01,7.21,0.65,365.0
2020-03-27,8111,1083115.0,8219548.0,7.67,7.81,7.3,7.5,0.29,383.0
2020-03-30,8111,298077.0,2199250.0,7.49,7.49,7.27,7.36,-0.14,162.0
2020-03-31,8111,176486.0,1314762.0,7.48,7.57,7.36,7.36,0.0,104.0
2020-04-01,8111,144022.0,1068810.0,7.32,7.58,7.32,7.48,0.12,69.0
2020-04-06,8111,253059.0,1892717.0,7.45,7.55,7.41,7.46,-0.02,125.0
2020-04-07,8111,347518.0,2635394.0,7.5,7.7,7.5,7.65,0.19,154.0
2020-04-08,8111,284825.0,2177232.0,7.61,7.71,7.6,7.69,0.04,114.0
2020-04-09,8111,286487.0,2252735.0,7.89,7.97,7.78,7.97,0.28,154.0
2020-04-10,8111,260840.0,2083280.0,7.9,8.1,7.85,8.05,0.08,103.0
2020-04-13,8111,129055.0,1038192.0,8.0,8.13,7.91,8.1,0.05,67.0
2020-04-14,8111,292455.0,2430348.0,8.05,8.4,8.05,8.38,0.28,118.0
2020-04-15,8111,212173.0,1796616.0,8.38,8.6,8.38,8.5,0.12,83.0
2020-04-16,8111,168658.0,1433631.0,8.5,8.59,8.4,8.58,0.08,79.0
2020-04-17,8111,456054.0,4000380.0,8.62,8.97,8.62,8.82,0.24,187.0
2020-04-20,8111,339974.0,2982073.0,8.95,8.96,8.6,8.82,0.0,142.0
2020-04-21,8111,251015.0,2160106.0,8.87,8.87,8.3,8.72,-0.1,124.0
2020-04-22,8111,1160085.0,10853279.0,8.6,9.59,8.58,9.58,0.86,397.0
2020-04-23,8111,8053184.0,82632816.0,9.7,10.5,9.63,10.45,0.87,2678.0
2020-04-24,8111,1691000.0,17053770.0,10.25,10.25,9.95,10.1,-0.35,673.0
2020-04-27,8111,1527502.0,15137337.0,10.2,10.35,9.65,9.68,-0.42,672.0
2020-04-28,8111,1460048.0,13571662.0,9.75,9.78,9.1,9.35,-0.33,563.0
2020-04-29,8111,754194.0,7088702.0,9.36,9.54,9.3,9.31,-0.04,304.0
2020-04-30,8111,620656.0,5757742.0,9.34,9.37,9.2,9.23,-0.08,222.0
2020-05-04,8111,1753277.0,16334577.0,9.19,9.49,9.0,9.3,0.07,439.0
2020-05-05,8111,313193.0,2904122.0,9.38,9.38,9.22,9.25,-0.05,139.0
2020-05-06,8111,322972.0,3003450.0,9.25,9.38,9.25,9.27,0.02,137.0
2020-05-07,8111,194022.0,1813765.0,9.3,9.4,9.28,9.35,0.08,111.0
2020-05-08,8111,288338.0,2688002.0,9.36,9.38,9.29,9.31,-0.04,103.0
2020-05-11,8111,390337.0,3654319.0,9.15,9.48,9.15,9.45,0.14,176.0
2020-05-12,8111,208440.0,1956485.0,9.35,9.45,9.29,9.29,-0.16,110.0
2020-05-13,8111,131852.0,1232502.0,9.28,9.47,9.28,9.37,0.08,79.0
2020-05-14,8111,449707.0,4211354.0,9.37,9.42,9.32,9.32,-0.05,117.0
2020-05-15,8111,221101.0,2084879.0,9.44,9.46,9.35,9.38,0.06,112.0
2020-05-18,8111,275508.0,2623082.0,9.36,9.8,9.3,9.5,0.12,131.0
2020-05-19,8111,300401.0,2858002.0,9.59,9.6,9.44,9.47,-0.03,123.0
2020-05-20,8111,122365.0,1153598.0,9.5,9.5,9.38,9.38,-0.09,67.0
2020-05-21,8111,207791.0,1956852.0,9.34,9.5,9.32,9.38,0.0,101.0
2020-05-22,8111,226957.0,2117016.0,9.36,9.37,9.28,9.35,-0.03,82.0
2020-05-25,8111,143848.0,1338145.0,9.38,9.38,9.26,9.3,-0.05,71.0
2020-05-26,8111,186072.0,1730437.0,9.28,9.38,9.27,9.27,-0.03,106.0
2020-05-27,8111,2200355.0,22021909.0,9.3,10.15,9.26,9.99,0.72,887.0
2020-05-28,8111,763342.0,7516753.0,10.1,10.1,9.65,9.8,-0.19,321.0
2020-05-29,8111,248253.0,2441441.0,9.8,9.97,9.7,9.97,0.17,134.0
2020-06-01,8111,248071.0,2476053.0,10.0,10.1,9.95,9.97,0.0,127.0
2020-06-02,8111,472262.0,4729098.0,9.98,10.15,9.94,9.94,-0.03,173.0
2020-06-03,8111,115483.0,1148953.0,9.99,10.0,9.93,9.94,0.0,68.0
2020-06-04,8111,127965.0,1272419.0,9.94,10.0,9.93,9.95,0.01,74.0
2020-06-05,8111,419571.0,4173161.0,10.0,10.05,9.87,9.88,-0.07,150.0
2020-06-08,8111,343232.0,3411001.0,9.95,10.0,9.86,9.94,0.06,128.0
2020-06-09,8111,511922.0,5124342.0,9.94,10.1,9.94,10.0,0.06,186.0
2020-06-10,8111,356564.0,3578248.0,9.94,10.15,9.93,9.94,-0.06,158.0
2020-06-11,8111,1176934.0,11856330.0,9.94,10.25,9.72,9.72,-0.22,379.0
2020-06-12,8111,310779.0,3020061.0,9.45,9.85,9.45,9.76,0.04,129.0
2020-06-15,8111,1680385.0,17287593.0,10.0,10.6,9.7,10.55,0.79,512.0
2020-06-16,8111,10228108.0,114955263.0,10.6,11.6,10.3,11.4,0.85,3191.0
2020-06-17,8111,3178111.0,34894147.0,11.2,11.4,10.8,10.85,-0.55,1381.0
2020-06-18,8111,5663523.0,65790864.0,11.0,11.9,10.95,11.9,1.05,2181.0
2020-06-19,8111,3621738.0,42604234.0,12.2,12.25,11.5,11.65,-0.25,1583.0
2020-06-22,8111,2287275.0,25477867.0,11.6,11.65,10.75,10.85,-0.8,958.0
2020-06-23,8111,1033339.0,11199672.0,10.9,11.05,10.55,10.75,-0.1,437.0
2020-06-24,8111,1852036.0,20964647.0,10.85,11.65,10.85,11.2,0.45,885.0
2020-06-29,8111,837147.0,9181547.0,11.2,11.2,10.9,10.9,-0.3,369.0
2020-06-30,8111,986826.0,10960127.0,11.1,11.35,10.9,11.1,0.2,319.0
2020-07-01,8111,788048.0,8772771.0,11.35,11.35,11.0,11.0,-0.1,315.0
2020-07-02,8111,829988.0,9009166.0,10.6,11.1,10.6,10.85,0.0,369.0
2020-07-03,8111,491063.0,5282072.0,11.0,11.0,10.7,10.75,-0.1,232.0
2020-07-06,8111,4872710.0,56126463.0,10.9,11.8,10.65,11.8,1.05,1607.0
2020-07-07,8111,3483545.0,40331421.0,11.8,12.2,11.05,11.25,-0.55,1440.0
2020-07-08,8111,909903.0,10317265.0,11.25,11.5,11.2,11.2,-0.05,410.0
2020-07-09,8111,5309519.0,63494506.0,11.3,12.3,11.1,12.3,1.1,1881.0
2020-07-10,8111,9475687.0,120756181.0,12.25,13.5,11.5,13.5,1.2,3858.0
2020-07-13,8111,9510430.0,131726856.0,13.35,14.7,12.9,13.55,0.05,4199.0
2020-07-14,8111,4730100.0,64647958.0,13.55,14.45,13.15,13.2,-0.35,1948.0
2020-07-15,8111,2658567.0,34088020.0,13.35,13.55,12.35,12.4,-0.8,1287.0
2020-07-16,8111,5841653.0,76780289.0,12.55,13.5,12.2,13.1,0.7,2429.0
2020-07-17,8111,4006609.0,53539117.0,12.95,13.8,12.95,13.05,-0.05,1761.0
2020-07-20,8111,1815992.0,23619196.0,13.05,13.35,12.65,12.8,-0.25,690.0
2020-07-21,8111,2687705.0,34018654.0,12.8,13.3,12.35,12.4,-0.4,1079.0
2020-07-22,8111,1885429.0,23579060.0,12.45,12.75,12.25,12.6,0.2,751.0
2020-07-23,8111,2449048.0,31047034.0,12.7,12.85,12.35,12.4,-0.2,605.0
2020-07-24,8111,750111.0,9159723.0,12.4,12.5,12.05,12.05,-0.35,362.0
2020-07-27,8111,3316022.0,39662195.0,12.15,12.3,11.4,11.4,-0.65,843.0
2020-07-28,8111,1075548.0,11939588.0,11.5,11.6,10.8,10.8,-0.6,492.0
2020-07-29,8111,943200.0,10461815.0,10.65,11.35,10.65,11.2,0.4,381.0
2020-07-30,8111,972976.0,11259018.0,11.35,11.75,11.35,11.6,0.4,361.0
2020-07-31,8111,1295527.0,15572426.0,11.4,12.4,11.35,12.2,0.6,519.0
2020-08-03,8111,3443408.0,43054925.0,12.35,12.75,12.1,12.25,0.05,1239.0
2020-08-04,8111,2048218.0,25135128.0,12.1,12.4,12.1,12.35,0.1,527.0
2020-08-05,8111,1675854.0,21015151.0,12.35,12.8,12.2,12.35,0.0,667.0
2020-08-06,8111,1075654.0,13116298.0,12.6,12.6,12.0,12.0,-0.35,394.0
2020-08-07,8111,1238105.0,15024712.0,12.2,12.35,11.85,12.05,0.05,369.0
2020-08-10,8111,8298964.0,108455075.0,12.25,13.25,12.25,13.2,1.15,2728.0
2020-08-11,8111,2668194.0,33815984.0,12.95,13.2,12.25,12.4,-0.8,1068.0
2020-08-12,8111,3351320.0,43500541.0,12.95,13.3,12.65,12.9,0.5,1417.0
2020-08-13,8111,2256532.0,29169578.0,13.1,13.15,12.65,12.65,-0.25,731.0
2020-08-14,8111,1507300.0,19410937.0,12.85,13.05,12.6,12.85,0.2,515.0
2020-08-17,8111,819302.0,10559009.0,12.85,13.05,12.8,12.85,0.0,391.0
2020-08-18,8111,1417813.0,18341631.0,12.85,13.1,12.75,12.75,-0.1,441.0
2020-08-19,8111,1096313.0,13930510.0,12.8,13.0,12.45,12.55,-0.2,506.0
2020-08-20,8111,1991718.0,23463497.0,12.45,12.55,11.3,11.65,-0.9,738.0
2020-08-21,8111,748402.0,8981634.0,11.85,12.25,11.85,12.05,0.4,299.0
2020-08-24,8111,405656.0,4910772.0,12.1,12.2,12.0,12.05,0.0,185.0
2020-08-25,8111,1149598.0,14372423.0,12.2,12.75,12.15,12.55,0.5,460.0
2020-08-26,8111,898003.0,11265786.0,12.75,12.75,12.35,12.5,-0.05,329.0
2020-08-27,8111,3327603.0,42214837.0,12.65,12.9,12.2,12.5,0.0,771.0
2020-08-28,8111,4183160.0,54605459.0,12.5,13.3,12.45,13.0,0.5,1657.0
2020-08-31,8111,3871402.0,52070861.0,13.35,13.8,13.15,13.2,0.2,1590.0
2020-09-01,8111,1649500.0,21731747.0,13.2,13.45,12.75,13.25,0.05,614.0
2020-09-02,8111,12701386.0,179271902.0,13.4,14.55,13.1,14.55,1.3,3770.0
2020-09-03,8111,22203897.0,343131828.0,15.95,16.0,14.85,15.25,0.7,6774.0
2020-09-04,8111,9298190.0,141177744.0,14.3,15.55,14.2,15.3,0.05,3357.0
2020-09-07,8111,10541125.0,170891368.0,15.8,16.8,15.65,15.95,0.65,3846.0
2020-09-08,8111,14285274.0,238424915.0,16.0,17.15,16.0,17.0,1.05,5147.0
2020-09-09,8111,8601838.0,147214380.0,16.65,17.7,16.45,17.7,0.7,3320.0
2020-09-10,8111,13193280.0,237088761.0,17.95,18.7,16.9,17.5,-0.2,5660.0
2020-09-11,8111,8594964.0,147546642.0,17.7,18.0,16.25,16.8,-0.7,3359.0
2020-09-14,8111,5331312.0,91298385.0,17.1,17.5,16.7,16.7,-0.1,2105.0
2020-09-15,8111,3987658.0,68238530.0,16.9,17.45,16.85,16.9,0.2,1515.0
2020-09-16,8111,5079025.0,87639058.0,17.05,17.55,16.9,16.9,0.0,1864.0
2020-09-17,8111,3481672.0,59872506.0,16.9,17.5,16.85,17.15,0.25,1203.0
2020-09-18,8111,7106751.0,123717024.0,17.25,17.7,16.95,16.95,-0.2,1828.0
2020-09-21,8111,1944480.0,32962884.0,17.1,17.3,16.75,16.95,0.0,851.0
2020-09-22,8111,3146298.0,51175968.0,16.9,16.9,16.05,16.1,-0.85,1331.0
2020-09-23,8111,5858509.0,97647996.0,16.1,16.9,16.1,16.6,0.5,2199.0
2020-09-24,8111,2763503.0,45779972.0,16.25,17.0,16.2,16.25,-0.35,1225.0
2020-09-25,8111,4446505.0,68666125.0,16.45,16.6,14.65,15.0,-1.25,1819.0
2020-09-28,8111,1438999.0,22231634.0,15.2,15.65,15.15,15.5,0.5,629.0
2020-09-29,8111,869290.0,13647241.0,15.9,16.0,15.35,15.55,0.05,471.0
2020-09-30,8111,2348294.0,37279729.0,15.55,16.2,15.5,15.75,0.2,987.0
2020-10-05,8111,8690246.0,140081719.0,15.8,16.4,15.45,16.2,0.45,1722.0
2020-10-06,8111,2097563.0,33771733.0,16.1,16.35,15.85,16.1,-0.1,942.0
2020-10-07,8111,9257210.0,154529364.0,16.15,17.05,16.15,16.8,0.7,2895.0
2020-10-08,8111,6842719.0,117232393.0,17.1,17.65,16.85,16.95,0.15,2756.0
2020-10-12,8111,3046198.0,51895282.0,16.95,17.3,16.8,17.1,0.15,1243.0
2020-10-13,8111,1986950.0,33569961.0,17.2,17.2,16.7,16.7,-0.4,924.0
2020-10-14,8111,11571466.0,204961086.0,16.8,18.35,16.7,18.35,1.65,4023.0
2020-10-15,8111,25483960.0,488151878.0,18.6,19.8,18.25,19.15,0.8,10711.0
2020-10-16,8111,10475378.0,195325706.0,19.0,19.5,17.75,17.75,-1.4,4972.0
2020-10-19,8111,5078178.0,90626995.0,17.85,18.35,17.3,17.7,-0.05,2325.0
2020-10-20,8111,4515517.0,80480443.0,17.7,18.25,17.5,17.55,-0.15,1658.0
2020-10-21,8111,6514036.0,116376920.0,17.75,18.25,17.4,17.4,-0.15,2275.0
2020-10-22,8111,4402191.0,76338582.0,17.4,17.7,16.95,17.25,-0.15,1670.0
2020-10-23,8111,1747893.0,30394936.0,17.45,17.55,17.25,17.45,0.2,694.0
2020-10-26,8111,2176172.0,37699258.0,17.85,17.85,17.1,17.1,-0.35,1093.0
2020-10-27,8111,6537157.0,115778802.0,17.1,18.4,16.9,18.3,1.2,2891.0
2020-10-28,8111,7957847.0,145012631.0,18.85,18.85,17.55,17.95,-0.35,3427.0
2020-10-29,8111,3888085.0,69222744.0,17.65,18.1,17.4,17.95,0.0,1693.0
2020-10-30,8111,2406018.0,42176808.0,17.8,18.0,17.05,17.25,-0.7,1198.0
2020-11-02,8111,1975419.0,33891089.0,17.25,17.45,16.9,16.9,-0.35,826.0
2020-11-03,8111,1993344.0,34541695.0,17.35,17.55,17.1,17.15,0.25,739.0
2020-11-04,8111,1386593.0,23909315.0,17.25,17.55,17.05,17.05,-0.1,672.0
2020-11-05,8111,5178003.0,91587750.0,17.2,18.0,17.2,17.85,0.8,2234.0
2020-11-06,8111,3608070.0,64385840.0,17.85,18.15,17.55,17.6,-0.25,1459.0
2020-11-09,8111,3893674.0,68445420.0,17.35,17.9,17.2,17.55,-0.05,1369.0
2020-11-10,8111,2207662.0,38790015.0,17.65,17.75,17.4,17.5,-0.05,837.0
2020-11-11,8111,7439539.0,133719537.0,17.75,18.3,17.55,17.75,0.25,2008.0
2020-11-12,8111,19507384.0,354905956.0,18.45,18.7,17.4,17.4,-0.35,3792.0
2020-11-13,8111,1247209.0,21898291.0,17.6,17.7,17.45,17.45,0.05,631.0
2020-11-16,8111,2091831.0,36377078.0,17.55,17.7,17.2,17.2,-0.25,817.0
2020-11-17,8111,4329527.0,76297636.0,17.25,17.9,17.25,17.6,0.4,1720.0
2020-11-18,8111,1509676.0,26401762.0,17.55,17.8,17.35,17.4,-0.2,790.0
2020-11-19,8111,7243878.0,129074995.0,17.4,18.1,17.35,18.0,0.6,2604.0
2020-11-20,8111,2817146.0,50293760.0,17.85,18.2,17.65,17.65,-0.35,1125.0
2020-11-23,8111,2346437.0,41093996.0,17.7,17.75,17.35,17.4,-0.25,913.0
2020-11-24,8111,2053940.0,35815764.0,17.45,17.6,17.3,17.45,0.05,840.0
2020-11-25,8111,1697471.0,29886289.0,17.55,17.8,17.45,17.45,0.0,853.0
2020-11-26,8111,1360563.0,23924940.0,17.4,17.75,17.4,17.55,0.1,644.0
2020-11-27,8111,1987835.0,35326577.0,17.7,17.95,17.65,17.65,0.1,881.0
2020-11-30,8111,4999095.0,90675624.0,17.75,18.4,17.75,18.1,0.45,2134.0
2020-12-01,8111,3116635.0,56514119.0,18.6,18.6,17.85,17.9,-0.2,1278.0
2020-12-02,8111,2072488.0,37232627.0,18.0,18.15,17.8,17.9,0.0,887.0
2020-12-03,8111,3501382.0,63262606.0,18.05,18.4,17.75,17.75,-0.15,1530.0
2020-12-04,8111,1653950.0,29283839.0,17.8,17.95,17.6,17.65,-0.1,786.0
2020-12-07,8111,4528239.0,78708002.0,17.85,17.85,17.05,17.15,-0.5,1631.0
2020-12-08,8111,1215444.0,21034944.0,17.25,17.5,17.2,17.2,0.05,580.0
2020-12-09,8111,1656962.0,28726990.0,17.4,17.6,17.2,17.25,0.05,675.0
2020-12-10,8111,5326810.0,90058461.0,17.2,17.4,16.35,16.5,-0.75,2036.0
2020-12-11,8111,3928672.0,62916405.0,16.45,16.7,15.55,15.8,-0.7,1617.0
2020-12-14,8111,1507083.0,24278800.0,15.85,16.4,15.75,16.4,0.6,643.0
2020-12-15,8111,1024203.0,16627900.0,16.6,16.6,16.0,16.15,-0.25,507.0
2020-12-16,8111,3510961.0,58620196.0,16.35,16.9,16.3,16.7,0.55,1306.0
2020-12-17,8111,905965.0,14939989.0,16.7,16.7,16.4,16.5,-0.2,413.0
2020-12-18,8111,2558770.0,42809844.0,16.6,16.9,16.4,16.55,0.05,699.0
2020-12-21,8111,897660.0,14719222.0,16.65,16.65,16.2,16.3,-0.25,416.0
2020-12-22,8111,1115464.0,18206816.0,16.4,16.6,15.95,16.0,-0.3,442.0
2020-12-23,8111,4933390.0,82845226.0,16.25,17.15,15.95,17.05,1.05,1838.0
2020-12-24,8111,7552522.0,129513592.0,17.1,17.3,16.8,16.9,-0.15,1624.0
2020-12-25,8111,1013462.0,17172896.0,17.05,17.2,16.75,16.75,-0.15,493.0
2020-12-28,8111,1140546.0,19071064.0,16.85,16.9,16.55,16.55,-0.2,491.0
2020-12-29,8111,1137776.0,19038441.0,16.7,16.9,16.55,16.7,0.15,507.0
2020-12-30,8111,1057438.0,17558158.0,16.9,16.95,16.35,16.4,-0.3,476.0
2020-12-31,8111,2812416.0,47437651.0,16.5,17.2,16.5,16.8,0.4,1165.0
2021-01-04,8111,8104241.0,142862235.0,16.9,17.9,16.85,17.6,0.8,3079.0
2021-01-05,8111,7879693.0,140833614.0,17.5,18.2,17.4,17.4,-0.2,2797.0
2021-01-06,8111,2968271.0,50494658.0,17.25,17.75,16.55,16.7,-0.7,1153.0
2021-01-07,8111,6721619.0,118604399.0,17.0,17.95,16.95,17.25,0.55,2486.0
2021-01-08,8111,1613259.0,27551994.0,17.25,17.45,16.9,16.95,-0.3,727.0
2021-01-11,8111,1030226.0,17390943.0,17.1,17.1,16.8,16.8,-0.15,475.0
2021-01-12,8111,1334738.0,22041191.0,16.8,16.9,16.2,16.2,-0.6,687.0
2021-01-13,8111,845411.0,13809681.0,16.35,16.5,16.25,16.25,0.05,385.0
2021-01-14,8111,632272.0,10311539.0,16.35,16.4,16.25,16.3,0.05,316.0
2021-01-15,8111,1499221.0,23987770.0,16.35,16.4,15.75,15.9,-0.4,647.0
2021-01-18,8111,780618.0,12219355.0,15.9,15.9,15.25,15.85,-0.05,373.0
2021-01-19,8111,800468.0,12957386.0,16.1,16.4,16.0,16.15,0.3,378.0
2021-01-20,8111,1343848.0,21417636.0,16.25,16.45,15.6,15.65,-0.5,544.0
2021-01-21,8111,1000900.0,15609114.0,15.9,15.9,15.35,15.5,-0.15,372.0
2021-01-22,8111,2790147.0,44756861.0,15.55,16.25,15.55,15.9,0.4,1146.0
2021-01-25,8111,658182.0,10445898.0,15.7,16.0,15.7,16.0,0.1,297.0
2021-01-26,8111,411761.0,6562209.0,16.05,16.1,15.8,15.85,-0.15,187.0
2021-01-27,8111,418058.0,6642622.0,15.9,16.0,15.8,15.9,0.05,167.0
2021-01-28,8111,288210.0,4532390.0,15.8,15.9,15.65,15.7,-0.2,167.0
2021-01-29,8111,953305.0,15072579.0,15.85,16.05,15.6,15.6,-0.1,361.0
2021-02-01,8111,1035300.0,16247227.0,15.75,16.1,15.3,16.0,0.4,360.0
2021-02-02,8111,2333931.0,37719511.0,16.4,16.45,15.9,15.95,-0.05,999.0
2021-02-03,8111,547250.0,8760632.0,15.95,16.15,15.85,16.05,0.1,293.0
2021-02-04,8111,543130.0,8701000.0,16.05,16.1,15.9,16.0,-0.05,245.0
2021-02-05,8111,834355.0,13502686.0,16.15,16.3,16.05,16.05,0.05,384.0
2021-02-17,8111,1065382.0,17342115.0,16.25,16.4,16.05,16.25,0.2,456.0
2021-02-18,8111,925130.0,15262410.0,16.25,16.6,16.25,16.6,0.35,424.0
2021-02-19,8111,2900419.0,49565154.0,16.6,17.4,16.55,17.2,0.6,1241.0
2021-02-22,8111,2547374.0,44589627.0,17.35,17.7,17.3,17.5,0.3,1004.0
2021-02-23,8111,1614714.0,28161357.0,17.55,17.7,17.25,17.25,-0.25,675.0
2021-02-24,8111,1197172.0,20894165.0,17.5,17.65,17.25,17.35,0.1,539.0
2021-02-25,8111,1113352.0,19469576.0,17.6,17.65,17.4,17.4,0.05,524.0
2021-02-26,8111,885746.0,15332235.0,17.2,17.45,17.0,17.35,-0.05,418.0
2021-03-02,8111,1066846.0,18688121.0,17.55,17.7,17.3,17.3,-0.05,507.0
2021-03-03,8111,802796.0,13941492.0,17.35,17.5,17.2,17.35,0.05,386.0
2021-03-04,8111,910754.0,15731890.0,17.4,17.5,17.05,17.05,-0.3,468.0
2021-03-05,8111,526685.0,9039260.0,17.0,17.3,17.0,17.1,0.05,296.0
2021-03-08,8111,943821.0,16026776.0,17.35,17.35,16.7,16.7,-0.4,493.0
2021-03-09,8111,487896.0,8170086.0,16.7,16.9,16.6,16.75,0.05,265.0
2021-03-10,8111,494835.0,8360741.0,16.9,17.05,16.75,16.9,0.15,314.0
2021-03-11,8111,500195.0,8531951.0,17.1,17.15,16.95,17.05,0.15,302.0
2021-03-12,8111,567297.0,9718798.0,17.1,17.25,17.05,17.1,0.05,324.0
2021-03-15,8111,1111663.0,19233381.0,17.15,17.45,17.15,17.4,0.3,538.0
2021-03-16,8111,989711.0,17253793.0,17.6,17.6,17.25,17.25,-0.15,601.0
2021-03-17,8111,938482.0,16401189.0,17.3,17.6,17.3,17.4,0.15,477.0
2021-03-18,8111,6856422.0,123147803.0,17.45,18.5,17.45,17.85,0.45,2423.0
2021-03-19,8111,2378558.0,42289973.0,17.7,18.1,17.3,18.0,0.15,1090.0
2021-03-22,8111,4516347.0,83818006.0,18.2,18.8,18.2,18.5,0.5,2088.0
2021-03-23,8111,8727267.0,165626193.0,19.05,19.5,18.6,18.8,0.3,4074.0
2021-03-24,8111,2799455.0,52726489.0,18.75,19.2,18.5,18.65,-0.15,1772.0
2021-03-25,8111,2445967.0,46055470.0,18.65,19.1,18.5,18.75,0.1,1359.0
2021-03-26,8111,17047726.0,334562539.0,18.95,20.4,18.8,19.1,0.35,7508.0
2021-03-29,8111,3399541.0,64646129.0,19.1,19.45,18.7,19.4,0.3,1834.0
2021-03-30,8111,3882992.0,75465101.0,19.7,19.75,19.2,19.25,-0.15,1650.0
2021-03-31,8111,23731938.0,492706136.0,19.4,21.15,19.25,21.15,1.9,7738.0
2021-04-01,8111,31350186.0,699891217.0,22.0,23.25,21.25,23.25,2.1,11340.0
2021-04-06,8111,24718770.0,624016857.0,25.55,25.55,24.6,25.0,1.75,9134.0
2021-04-07,8111,9730071.0,240167361.0,24.95,25.45,24.0,25.0,0.0,5018.0
2021-04-08,8111,7248814.0,182689591.0,25.5,25.8,24.65,24.7,-0.3,3803.0
2021-04-09,8111,5977615.0,144653444.0,25.2,25.2,23.5,23.95,-0.75,2994.0
2021-04-12,8111,3739633.0,90708885.0,24.55,24.65,23.8,24.0,0.05,1685.0
2021-04-13,8111,10873607.0,271385691.0,24.0,25.6,23.75,24.1,0.1,4903.0
2021-04-14,8111,7330985.0,168967306.0,24.35,24.7,21.7,22.75,-1.35,3373.0
2021-04-15,8111,1965379.0,45556717.0,22.95,23.6,22.55,23.4,0.65,1094.0
2021-04-16,8111,2416371.0,56362377.0,23.7,23.85,23.05,23.1,-0.3,1229.0
2021-04-19,8111,2989791.0,70001693.0,23.4,24.0,22.85,23.6,0.5,1454.0
2021-04-20,8111,2760629.0,66073470.0,23.95,24.3,23.6,23.6,0.0,1312.0
2021-04-21,8111,2111176.0,50050181.0,23.85,24.05,23.4,23.5,-0.1,993.0
2021-04-22,8111,3212107.0,73843685.0,23.85,23.85,22.25,22.3,-1.2,1568.0
2021-04-23,8111,4388576.0,101025752.0,22.35,23.5,22.05,23.3,1.0,2114.0
2021-04-26,8111,2762483.0,65702675.0,23.5,24.15,23.35,24.1,0.8,1382.0
2021-04-27,8111,3256554.0,78466925.0,24.85,24.95,23.6,23.65,-0.45,1672.0
2021-04-28,8111,2085795.0,49404618.0,23.65,24.2,23.3,23.85,0.2,1059.0
2021-04-29,8111,1582778.0,37207731.0,23.9,23.95,23.2,23.25,-0.6,825.0
2021-05-03,8111,2736775.0,60125484.0,23.0,23.0,21.3,21.35,-1.9,1365.0
2021-05-04,8111,2524883.0,50933888.0,21.35,21.8,19.25,20.15,-1.2,1248.0
2021-05-05,8111,1433124.0,29872204.0,20.15,21.75,19.5,20.85,0.7,734.0
2021-05-06,8111,1718980.0,35781552.0,21.25,21.7,20.0,20.25,-0.6,912.0
2021-05-07,8111,1613337.0,34513463.0,20.9,21.95,20.6,21.95,1.7,856.0
2021-05-10,8111,1377198.0,29594670.0,22.05,22.2,21.15,21.55,-0.4,707.0
2021-05-11,8111,2125607.0,42877779.0,21.3,21.35,19.45,19.7,-1.85,1158.0
2021-05-12,8111,3649664.0,70945787.0,20.05,20.7,18.0,18.7,-1.0,1646.0
2021-05-13,8111,2646035.0,51018069.0,18.7,20.15,17.8,19.35,0.65,1222.0
2021-05-14,8111,3612932.0,71082536.0,20.0,20.5,19.1,19.6,0.25,1640.0
2021-05-17,8111,2486425.0,45096819.0,18.0,19.2,17.65,17.65,-1.95,1157.0
2021-05-18,8111,1606421.0,29971127.0,18.1,19.2,17.7,19.15,1.5,777.0
2021-05-19,8111,1259946.0,23843090.0,19.0,19.4,18.5,19.2,0.05,637.0
2021-05-20,8111,1075233.0,20314748.0,19.2,19.35,18.5,18.5,-0.7,523.0
2021-05-21,8111,754520.0,14284087.0,18.9,19.1,18.7,18.95,0.45,420.0
2021-05-24,8111,698514.0,13396128.0,18.9,19.45,18.6,19.3,0.35,350.0
2021-05-25,8111,1179028.0,23460630.0,19.7,20.2,19.6,19.9,0.6,616.0
2021-05-26,8111,581423.0,11578706.0,20.1,20.15,19.5,20.0,0.1,316.0
2021-05-27,8111,715793.0,14310294.0,20.0,20.2,19.8,20.0,0.0,341.0
2021-05-28,8111,682853.0,13852079.0,20.3,20.4,20.15,20.2,0.2,362.0
2021-05-31,8111,1464924.0,30281185.0,20.45,21.25,20.2,20.95,0.75,740.0
2021-06-01,8111,869562.0,18289112.0,21.1,21.3,20.9,21.0,0.05,486.0
2021-06-02,8111,837660.0,17404474.0,21.1,21.25,20.5,20.55,-0.45,400.0
2021-06-03,8111,750126.0,15669271.0,20.6,21.1,20.5,20.75,0.2,347.0
2021-06-04,8111,391236.0,8049811.0,20.6,20.8,20.45,20.5,-0.25,221.0
2021-06-07,8111,843510.0,16893764.0,20.3,20.35,19.65,19.9,-0.6,377.0
2021-06-08,8111,454276.0,9100018.0,20.0,20.15,19.9,20.0,0.1,212.0
2021-06-09,8111,467417.0,9366644.0,20.1,20.2,19.85,20.05,0.05,226.0
2021-06-10,8111,2252276.0,45956043.0,20.1,20.8,20.05,20.4,0.35,557.0
2021-06-11,8111,967707.0,19644685.0,20.55,20.65,20.0,20.1,-0.3,472.0
2021-06-15,8111,471818.0,9445751.0,20.25,20.25,19.8,20.0,-0.1,252.0
2021-06-16,8111,544228.0,10862203.0,20.0,20.2,19.75,19.75,-0.25,342.0
2021-06-17,8111,399818.0,7975145.0,19.8,20.15,19.75,20.05,0.3,198.0
2021-06-18,8111,1143444.0,23275268.0,20.2,20.65,20.05,20.1,0.05,597.0
2021-06-21,8111,1188039.0,23171878.0,19.6,19.95,19.3,19.3,-0.8,562.0
2021-06-22,8111,639844.0,12433116.0,19.5,19.6,19.25,19.4,0.1,330.0
2021-06-23,8111,524143.0,10236104.0,19.4,19.65,19.3,19.6,0.2,293.0
2021-06-24,8111,430238.0,8441466.0,19.65,19.75,19.5,19.75,0.15,220.0
2021-06-25,8111,574013.0,11380816.0,19.85,20.0,19.7,19.7,-0.05,306.0
2021-06-28,8111,413306.0,8144705.0,19.7,19.85,19.55,19.75,0.05,205.0
2021-06-29,8111,727606.0,14222986.0,19.85,19.85,19.4,19.45,-0.3,337.0
2021-06-30,8111,647783.0,12619236.0,19.5,19.65,19.35,19.5,0.05,299.0
2021-07-01,8111,926402.0,18274488.0,19.8,19.95,19.5,19.55,0.05,392.0
2021-07-02,8111,528250.0,10335709.0,19.6,19.7,19.5,19.55,0.0,232.0
2021-07-05,8111,695448.0,13779847.0,19.65,19.95,19.6,19.9,0.35,366.0
2021-07-06,8111,776063.0,15502945.0,20.1,20.15,19.9,19.95,0.05,355.0
2021-07-07,8111,4912458.0,103861330.0,20.0,21.85,20.0,21.4,1.45,2373.0
2021-07-08,8111,2191983.0,46281143.0,21.3,21.45,20.8,21.0,-0.4,1095.0
2021-07-09,8111,4618838.0,99580620.0,20.95,22.35,20.4,21.65,0.65,2276.0
2021-07-12,8111,5563557.0,124317578.0,22.3,23.2,21.75,22.9,1.25,2905.0
2021-07-13,8111,4698975.0,104459405.0,23.0,23.2,21.05,22.0,-0.9,2201.0
2021-07-14,8111,1751236.0,37630300.0,22.0,22.15,21.1,21.75,-0.25,823.0
2021-07-15,8111,7650102.0,172167773.0,21.95,23.0,21.5,22.4,0.65,3268.0
2021-07-16,8111,1844763.0,41081532.0,22.15,22.7,21.9,22.1,-0.3,970.0
2021-07-19,8111,1270167.0,27950587.0,21.8,22.2,21.8,21.9,-0.2,630.0
2021-07-20,8111,1347301.0,28898317.0,21.85,21.85,21.1,21.25,-0.65,705.0
2021-07-21,8111,941388.0,20012662.0,21.65,21.7,21.0,21.0,-0.25,490.0
2021-07-22,8111,3250584.0,72110032.0,21.1,22.7,21.1,22.15,1.15,1593.0
2021-07-23,8111,8914187.0,207234017.0,22.3,23.95,22.2,23.2,1.05,3812.0
2021-07-26,8111,15677938.0,376579230.0,23.6,24.75,23.0,23.7,0.5,6185.0
2021-07-27,8111,4280216.0,98260014.0,23.8,23.9,22.0,22.5,-1.2,2143.0
2021-07-28,8111,2555981.0,55008404.0,22.4,22.45,20.85,21.7,-0.8,1263.0
2021-07-29,8111,1538050.0,33801392.0,22.2,22.35,21.55,22.15,0.45,754.0
2021-07-30,8111,1552147.0,34735081.0,22.2,23.0,22.0,22.0,-0.15,811.0
2021-08-02,8111,1132989.0,25436080.0,22.25,22.7,22.1,22.7,0.7,555.0
2021-08-03,8111,2530698.0,58674028.0,22.8,23.55,22.6,23.2,0.5,1236.0
2021-08-04,8111,1715109.0,39770028.0,23.7,23.7,22.9,22.9,-0.3,880.0
2021-08-05,8111,1736524.0,40514161.0,23.2,23.7,22.95,23.3,0.4,876.0
2021-08-06,8111,1358977.0,31151736.0,23.25,23.35,22.75,22.75,-0.55,670.0
2021-08-09,8111,1527765.0,33958429.0,22.75,22.75,21.8,21.8,-0.95,743.0
2021-08-10,8111,1313619.0,28478595.0,21.9,22.15,21.3,21.75,-0.05,561.0
2021-08-11,8111,26320326.0,565296023.0,20.6,22.9,19.4,19.65,0.0,4929.0
2021-08-12,8111,1055966.0,20872642.0,19.45,20.05,19.45,19.75,0.1,611.0
2021-08-13,8111,1398565.0,27468531.0,20.0,20.3,19.2,19.25,-0.5,763.0
2021-08-16,8111,1625738.0,30477029.0,19.4,19.5,18.25,18.65,-0.6,619.0
2021-08-17,8111,1053599.0,19441830.0,18.65,18.95,18.0,18.0,-0.65,516.0
2021-08-18,8111,1143959.0,20703299.0,17.9,18.6,17.55,18.5,0.5,510.0
2021-08-19,8111,721776.0,13081082.0,18.6,18.7,17.9,17.9,-0.6,400.0
2021-08-20,8111,615901.0,11118187.0,18.0,18.3,17.75,18.05,0.15,318.0
2021-08-23,8111,430024.0,7906377.0,18.3,18.6,18.2,18.4,0.35,271.0
2021-08-24,8111,346674.0,6351013.0,18.55,18.6,18.2,18.2,-0.2,194.0
2021-08-25,8111,695010.0,13024321.0,18.3,19.05,18.25,18.65,0.45,414.0
2021-08-26,8111,533042.0,9931291.0,19.0,19.0,18.4,18.7,0.05,295.0
2021-08-27,8111,491692.0,9254281.0,18.75,19.0,18.6,18.75,0.05,199.0
2021-08-30,8111,323507.0,6074286.0,18.85,19.0,18.55,18.75,0.0,205.0
2021-08-31,8111,427486.0,8060493.0,18.85,19.0,18.75,18.85,0.1,215.0
2021-09-01,8111,434674.0,8302592.0,18.85,19.25,18.8,19.2,0.35,247.0
2021-09-02,8111,464215.0,8767208.0,19.1,19.25,18.7,18.8,-0.4,267.0
2021-09-03,8111,388387.0,7291184.0,18.8,18.95,18.6,18.7,-0.1,213.0
2021-09-06,8111,439635.0,8112601.0,18.8,18.8,18.25,18.25,-0.45,269.0
2021-09-07,8111,437242.0,7872372.0,18.25,18.3,17.9,17.95,-0.3,278.0
2021-09-08,8111,394675.0,6989963.0,18.0,18.05,17.55,17.55,-0.4,230.0
2021-09-09,8111,275800.0,4887778.0,17.35,17.9,17.35,17.7,0.15,185.0
2021-09-10,8111,158301.0,2816086.0,17.9,17.9,17.75,17.75,0.05,96.0
2021-09-13,8111,172698.0,3081598.0,17.8,17.95,17.7,17.8,0.05,107.0
2021-09-14,8111,338164.0,5984643.0,17.8,17.8,17.6,17.6,-0.2,157.0
2021-09-15,8111,633177.0,10914831.0,17.6,17.65,17.05,17.2,-0.4,304.0
2021-09-16,8111,485025.0,8382967.0,17.3,17.55,17.1,17.55,0.35,243.0
2021-09-17,8111,278612.0,4812895.0,17.55,17.55,17.05,17.35,-0.2,155.0
2021-09-22,8111,225301.0,3879618.0,17.15,17.45,17.05,17.35,0.0,127.0
2021-09-23,8111,213324.0,3742965.0,17.5,17.7,17.45,17.6,0.25,132.0
2021-09-24,8111,242572.0,4274750.0,17.85,17.85,17.4,17.75,0.15,145.0
2021-09-27,8111,193758.0,3447954.0,17.75,17.9,17.65,17.9,0.15,113.0
2021-09-28,8111,113974.0,2021769.0,17.7,17.85,17.7,17.7,-0.2,72.0
2021-09-29,8111,118266.0,2068805.0,17.5,17.6,17.4,17.5,-0.2,75.0
2021-09-30,8111,157009.0,2758353.0,17.6,17.85,17.45,17.55,0.05,89.0
2021-10-01,8111,313606.0,5515005.0,17.6,17.95,17.3,17.35,-0.2,190.0
2021-10-04,8111,658469.0,11056751.0,17.4,17.4,16.5,16.5,-0.85,313.0
2021-10-05,8111,252183.0,4210412.0,16.4,17.15,16.25,16.9,0.4,135.0
2021-10-06,8111,187208.0,3177181.0,17.0,17.25,16.8,16.9,0.0,109.0
2021-10-07,8111,229582.0,3976711.0,17.05,17.5,17.05,17.3,0.4,154.0
2021-10-08,8111,685277.0,11621679.0,17.1,17.2,16.7,16.7,-0.6,318.0
2021-10-12,8111,935685.0,14991718.0,16.7,16.7,15.75,16.0,-0.7,444.0
2021-10-13,8111,576567.0,9008866.0,16.1,16.2,15.45,15.5,-0.5,226.0
2021-10-14,8111,232419.0,3603752.0,15.8,15.8,15.25,15.5,0.0,146.0
2021-10-15,8111,253990.0,4038096.0,15.7,16.0,15.7,15.8,0.3,137.0
2021-10-18,8111,281581.0,4558863.0,16.0,16.3,16.0,16.25,0.45,146.0
2021-10-19,8111,561273.0,9445293.0,16.3,17.1,16.3,17.05,0.8,295.0
2021-10-20,8111,532861.0,9181378.0,17.35,17.45,17.05,17.15,0.1,243.0
2021-10-21,8111,316976.0,5441406.0,17.15,17.35,17.05,17.1,-0.05,165.0
2021-10-22,8111,494907.0,8628755.0,17.1,17.65,17.05,17.45,0.35,249.0
2021-10-25,8111,241433.0,4255843.0,17.6,17.75,17.5,17.7,0.25,152.0
2021-10-26,8111,323218.0,5739916.0,17.75,17.85,17.65,17.75,0.05,171.0
2021-10-27,8111,227063.0,4052882.0,17.8,17.95,17.65,17.9,0.15,143.0
2021-10-28,8111,365286.0,6643761.0,18.0,18.4,18.0,18.2,0.3,207.0
2021-10-29,8111,294445.0,5322361.0,18.3,18.3,17.9,18.05,-0.15,144.0
2021-11-01,8111,377070.0,6934710.0,18.1,18.5,18.1,18.4,0.35,243.0
2021-11-02,8111,760521.0,14047927.0,18.45,18.9,18.1,18.25,-0.15,336.0
2021-11-03,8111,294407.0,5436426.0,18.35,18.55,18.3,18.5,0.25,163.0
2021-11-04,8111,321300.0,5933708.0,18.55,18.6,18.3,18.4,-0.1,170.0
2021-11-05,8111,215379.0,3978489.0,18.6,18.6,18.4,18.45,0.05,103.0
2021-11-08,8111,552132.0,10394505.0,18.6,19.0,18.6,19.0,0.55,284.0
2021-11-09,8111,449924.0,8565586.0,18.95,19.25,18.75,19.0,0.0,245.0
2021-11-10,8111,1798229.0,35687782.0,19.8,20.3,19.5,19.65,0.65,841.0
2021-11-11,8111,1267337.0,25323907.0,19.65,20.25,19.45,19.9,0.25,585.0
2021-11-12,8111,1249304.0,24401985.0,20.15,20.15,19.0,19.2,-0.7,618.0
2021-11-15,8111,881779.0,17446894.0,19.35,20.1,19.35,19.9,0.7,437.0
2021-11-16,8111,2767790.0,57378990.0,21.0,21.4,20.2,20.8,0.9,1350.0
2021-11-17,8111,9718463.0,216292575.0,20.65,22.85,20.55,22.8,2.0,3162.0
2021-11-18,8111,12157551.0,278909920.0,22.95,23.55,22.05,22.05,-0.75,5416.0
2021-11-19,8111,2345836.0,50944178.0,22.25,22.3,21.35,21.35,-0.7,1201.0
2021-11-22,8111,1425030.0,31065202.0,21.5,22.25,21.4,21.7,0.35,749.0
2021-11-23,8111,10749566.0,248206079.0,21.5,23.8,21.5,23.15,1.45,5022.0
2021-11-24,8111,6170743.0,142304804.0,23.45,23.5,22.55,23.1,-0.05,2912.0
2021-11-25,8111,2400987.0,54009821.0,23.05,23.05,22.1,22.15,-0.95,1243.0
2021-11-26,8111,1711814.0,37032164.0,22.15,22.15,21.3,21.55,-0.6,880.0
2021-11-29,8111,1703884.0,35822075.0,20.7,21.65,20.5,20.85,-0.7,875.0
2021-11-30,8111,1400334.0,30147779.0,20.95,22.0,20.95,21.75,0.9,747.0
2021-12-01,8111,1102254.0,24120953.0,21.75,22.2,21.4,22.05,0.3,613.0
2021-12-02,8111,1178739.0,25835171.0,22.0,22.3,21.6,21.7,-0.35,608.0
2021-12-03,8111,1058508.0,23488136.0,21.9,22.55,21.9,22.0,0.3,614.0
2021-12-06,8111,11256822.0,267049640.0,21.95,24.2,21.75,24.2,2.2,4283.0
2021-12-07,8111,40283293.0,1035708849.0,25.2,26.6,24.75,25.9,1.7,16070.0
2021-12-08,8111,36031830.0,978398829.0,25.6,28.45,25.05,28.15,2.25,16860.0
2021-12-09,8111,28755141.0,821720322.0,28.9,29.6,27.6,28.75,0.6,14154.0
2021-12-10,8111,12136041.0,347187423.0,28.2,29.4,27.85,28.0,-0.75,6459.0
2021-12-13,8111,24476450.0,721189953.0,28.5,30.3,28.15,29.35,1.35,11727.0
2021-12-14,8111,19041222.0,560951724.0,29.35,30.15,28.65,30.0,0.65,9469.0
2021-12-15,8111,31604784.0,979646763.0,29.6,32.5,29.55,30.3,0.3,16171.0
2021-12-16,8111,12387109.0,373667749.0,30.3,31.2,29.6,30.25,-0.05,6554.0
2021-12-17,8111,9232764.0,275079588.0,30.25,30.65,29.1,29.65,-0.6,4260.0
2021-12-20,8111,5341718.0,158590210.0,29.85,30.1,29.3,29.4,-0.25,2537.0
2021-12-21,8111,14127221.0,430097683.0,29.9,31.3,29.5,30.4,1.0,6582.0
2021-12-22,8111,13578147.0,420468043.0,30.35,31.5,30.3,30.8,0.4,6181.0
2021-12-23,8111,11099770.0,348345328.0,31.05,31.8,30.85,31.1,0.3,5701.0
2021-12-24,8111,7940098.0,242794819.0,31.3,31.5,29.9,29.95,-1.15,4482.0
2021-12-27,8111,5325501.0,161127777.0,29.45,30.7,29.35,30.6,0.65,2642.0
2021-12-28,8111,3937832.0,119153195.0,30.6,30.85,30.0,30.0,-0.6,2184.0
2021-12-29,8111,20970891.0,663927249.0,30.45,32.8,30.25,31.8,1.8,10414.0
2021-12-30,8111,6829523.0,213111371.0,31.35,31.6,30.6,31.45,-0.35,3840.0
2022-01-03,8111,7613064.0,240002896.0,31.6,32.4,30.85,31.9,0.45,3445.0
2022-01-04,8111,12274279.0,396383546.0,32.3,33.5,31.8,31.8,-0.1,6085.0
2022-01-05,8111,5520697.0,170560847.0,31.35,31.6,30.25,30.25,-1.55,3375.0
2022-01-06,8111,3275348.0,98803526.0,29.6,30.65,29.2,30.5,0.25,1903.0
2022-01-07,8111,4319966.0,127625904.0,30.3,30.75,29.0,29.25,-1.25,2346.0
2022-01-10,8111,2022549.0,60257084.0,29.0,30.25,29.0,29.7,0.45,1146.0
2022-01-11,8111,2619228.0,76634971.0,29.8,30.1,28.75,29.05,-0.65,1578.0
2022-01-12,8111,2163033.0,63270735.0,29.4,29.7,28.95,29.0,-0.05,1035.0
2022-01-13,8111,3083215.0,87517029.0,29.3,29.35,27.8,28.1,-0.9,1710.0
2022-01-14,8111,3857345.0,108286481.0,28.0,28.65,27.25,28.55,0.45,1853.0
2022-01-17,8111,3441562.0,100896919.0,28.85,29.8,28.55,29.25,0.7,1816.0
2022-01-18,8111,2299656.0,67561611.0,29.5,29.9,28.8,28.8,-0.45,1298.0
2022-01-19,8111,1529778.0,44583791.0,28.35,29.5,28.35,29.35,0.55,929.0
2022-01-20,8111,2360451.0,70172167.0,29.4,30.3,29.0,30.3,0.95,1322.0
2022-01-21,8111,3127788.0,91385943.0,29.65,29.85,28.55,28.55,-1.75,1726.0
2022-01-24,8111,1923430.0,54737977.0,28.3,28.9,27.9,28.9,0.35,949.0
2022-01-25,8111,2507113.0,71971553.0,28.8,29.3,28.2,28.4,-0.5,1297.0
2022-01-26,8111,1808667.0,51068733.0,28.2,28.7,27.8,27.8,-0.6,1069.0
2022-02-07,8111,1198152.0,34062634.0,28.1,28.95,28.0,28.75,0.95,707.0
2022-02-08,8111,1297009.0,37894129.0,28.85,29.5,28.8,29.05,0.3,776.0
2022-02-09,8111,7779828.0,235646398.0,29.25,31.1,29.25,29.9,0.85,4064.0
2022-02-10,8111,15408017.0,481119587.0,30.4,32.0,29.65,31.7,1.8,7760.0
2022-02-11,8111,10058091.0,305909904.0,31.0,31.0,30.0,30.0,-1.7,5296.0
2022-02-14,8111,4252033.0,121901600.0,29.5,29.5,28.1,28.2,-1.8,2524.0
2022-02-15,8111,1949354.0,55564908.0,28.75,28.8,28.2,28.4,0.2,1286.0
2022-02-16,8111,1866159.0,53825664.0,28.85,29.25,28.55,28.55,0.15,1091.0
2022-02-17,8111,1522647.0,43754379.0,28.7,29.1,28.45,28.45,-0.1,957.0
2022-02-18,8111,2118015.0,59655043.0,28.15,28.55,28.0,28.0,-0.45,1134.0
2022-02-21,8111,1446296.0,40095067.0,27.8,27.95,27.5,27.75,-0.25,912.0
2022-02-22,8111,4900524.0,128247374.0,27.75,27.75,25.15,25.65,-2.1,2403.0
2022-02-23,8111,2076137.0,54365225.0,25.95,26.4,25.85,26.25,0.6,1099.0
2022-02-24,8111,3018614.0,76493883.0,25.9,26.1,24.75,24.9,-1.35,1462.0
2022-02-25,8111,1552768.0,39106048.0,25.2,25.45,24.9,25.1,0.2,803.0
2022-03-01,8111,1000883.0,25659801.0,25.35,25.85,25.1,25.75,0.65,635.0
2022-03-02,8111,1179787.0,29991540.0,25.75,25.85,25.15,25.75,0.0,673.0
2022-03-03,8111,840486.0,21861171.0,26.0,26.35,25.8,25.8,0.05,523.0
2022-03-04,8111,754470.0,19133362.0,25.5,25.6,25.1,25.15,-0.65,461.0
2022-03-07,8111,1911668.0,45448138.0,24.8,24.8,23.3,23.5,-1.65,976.0
2022-03-08,8111,1664855.0,39218459.0,23.1,24.25,23.05,23.25,-0.25,961.0
2022-03-09,8111,966170.0,22900116.0,23.4,24.1,23.35,23.9,0.65,509.0
2022-03-10,8111,751787.0,18244080.0,24.6,24.65,24.0,24.0,0.1,489.0
2022-03-11,8111,569799.0,13451215.0,24.0,24.1,23.35,23.6,-0.4,355.0
2022-03-14,8111,669712.0,16075726.0,23.6,24.3,23.6,24.05,0.45,438.0
2022-03-15,8111,1063138.0,24812220.0,24.15,24.15,23.05,23.05,-1.0,573.0
2022-03-16,8111,1085460.0,24868039.0,23.25,23.5,22.35,22.85,-0.2,601.0
2022-03-17,8111,867397.0,20413881.0,23.4,23.9,23.1,23.8,0.95,559.0
2022-03-18,8111,651998.0,15705844.0,23.95,24.4,23.7,24.4,0.6,464.0
2022-03-21,8111,619989.0,15202678.0,24.45,24.75,24.35,24.65,0.25,425.0
2022-03-22,8111,6367785.0,169082446.0,25.6,27.1,25.35,27.1,2.45,3669.0
2022-03-23,8111,11083549.0,311272960.0,28.0,28.6,27.65,27.9,0.8,6004.0
2022-03-24,8111,5138460.0,144334978.0,27.05,28.65,27.05,28.55,0.65,2973.0
2022-03-25,8111,2483183.0,69915211.0,28.3,28.4,28.05,28.1,-0.45,1540.0
2022-03-28,8111,1246762.0,34594219.0,28.2,28.2,27.5,27.75,-0.35,941.0
2022-03-29,8111,1210351.0,33396042.0,28.05,28.15,27.35,27.35,-0.4,970.0
2022-03-30,8111,1364794.0,37923269.0,27.7,28.0,27.55,27.85,0.5,918.0
2022-03-31,8111,732194.0,20096697.0,27.85,27.9,27.2,27.2,-0.65,635.0
2022-04-01,8111,759284.0,20551589.0,27.0,27.35,26.7,27.2,0.0,548.0
2022-04-06,8111,751821.0,20568085.0,27.2,27.7,27.15,27.3,0.1,791.0
2022-04-07,8111,1035677.0,27491439.0,27.3,27.3,26.0,26.05,-1.25,751.0
2022-04-08,8111,553829.0,14707571.0,26.5,26.85,26.25,26.6,0.55,359.0
2022-04-11,8111,1310089.0,33558293.0,26.25,26.35,25.25,25.65,-0.95,783.0
2022-04-12,8111,679589.0,17166768.0,25.5,25.6,25.05,25.1,-0.55,441.0
2022-04-13,8111,451487.0,11479521.0,25.15,25.6,25.15,25.4,0.3,336.0
2022-04-14,8111,586593.0,14802367.0,25.8,25.8,25.05,25.1,-0.3,421.0
2022-04-15,8111,763755.0,18904457.0,25.05,25.05,24.5,24.5,-0.6,499.0
2022-04-18,8111,532444.0,12886083.0,24.15,24.5,24.0,24.2,-0.3,338.0
2022-04-19,8111,657358.0,16202269.0,24.9,25.1,24.3,24.35,0.15,407.0
2022-04-20,8111,517794.0,12646835.0,24.7,24.7,24.3,24.4,0.05,366.0
2022-04-21,8111,362534.0,8835578.0,24.6,24.6,24.25,24.3,-0.1,270.0
2022-04-22,8111,618783.0,14809697.0,24.1,24.2,23.8,23.85,-0.45,430.0
2022-04-25,8111,578655.0,13335453.0,23.5,23.5,22.85,23.1,-0.75,379.0
2022-04-26,8111,565283.0,13008619.0,23.2,23.35,22.8,22.9,-0.2,351.0
2022-04-27,8111,994266.0,22038341.0,22.1,22.6,21.7,22.4,-0.5,537.0
2022-04-28,8111,325752.0,7368970.0,22.65,22.85,22.3,22.5,0.1,210.0
2022-04-29,8111,377403.0,8615497.0,22.8,23.15,22.6,22.7,0.2,263.0
2022-05-03,8111,329639.0,7356926.0,22.6,22.6,22.2,22.25,-0.45,242.0
2022-05-04,8111,470240.0,10756205.0,22.75,23.1,22.7,23.1,0.85,318.0
2022-05-05,8111,448822.0,10440235.0,23.55,23.65,23.05,23.05,-0.05,322.0
2022-05-06,8111,245162.0,5549726.0,22.55,22.85,22.5,22.85,-0.2,182.0
2022-05-09,8111,547223.0,12107517.0,22.8,22.8,22.0,22.1,-0.75,376.0
2022-05-10,8111,600276.0,12973304.0,21.2,22.15,21.2,22.15,0.05,306.0
2022-05-11,8111,341497.0,7411445.0,22.2,22.2,21.5,21.7,-0.45,257.0
2022-05-12,8111,584227.0,12369649.0,21.35,21.75,20.65,20.65,-1.05,444.0
2022-05-13,8111,425541.0,9028668.0,20.7,21.5,20.7,21.45,0.8,256.0
2022-05-16,8111,543457.0,11647004.0,21.55,21.8,21.1,21.25,-0.2,434.0
2022-05-17,8111,498650.0,10800840.0,21.45,22.15,21.25,21.9,0.65,389.0
2022-05-18,8111,363455.0,8040358.0,22.2,22.25,22.0,22.15,0.25,262.0
2022-05-19,8111,323283.0,7138994.0,21.6,22.45,21.6,22.4,0.25,270.0
2022-05-20,8111,330364.0,7473706.0,22.65,22.8,22.4,22.55,0.15,267.0
2022-05-23,8111,289710.0,6543477.0,22.95,22.95,22.4,22.45,-0.1,215.0
2022-05-24,8111,327079.0,7255842.0,22.5,22.55,22.0,22.05,-0.4,259.0
2022-05-25,8111,273210.0,6084542.0,22.05,22.45,22.05,22.15,0.1,172.0
2022-05-26,8111,272133.0,6008852.0,22.25,22.35,21.9,21.9,-0.25,180.0
2022-05-27,8111,194358.0,4269591.0,22.1,22.15,21.85,21.9,0.0,171.0
2022-05-30,8111,207240.0,4614247.0,22.3,22.4,22.2,22.2,0.3,170.0
2022-05-31,8111,736144.0,16825819.0,22.4,23.1,22.35,22.85,0.65,535.0
2022-06-01,8111,593406.0,13816469.0,23.15,23.5,23.0,23.15,0.3,401.0
2022-06-02,8111,274545.0,6320223.0,23.0,23.2,22.9,22.9,-0.25,182.0
2022-06-06,8111,212512.0,4828266.0,23.0,23.0,22.55,22.65,-0.25,162.0
2022-06-07,8111,252781.0,5716572.0,22.7,22.75,22.55,22.55,-0.1,170.0
2022-06-08,8111,267259.0,6065621.0,22.6,23.2,22.55,22.55,0.0,194.0
2022-06-09,8111,270672.0,6094163.0,22.65,22.7,22.35,22.45,-0.1,169.0
2022-06-10,8111,473347.0,10463806.0,22.1,22.25,22.05,22.05,-0.4,325.0
2022-06-13,8111,547695.0,11808900.0,21.9,21.9,21.45,21.45,-0.6,338.0
2022-06-14,8111,498843.0,10492887.0,21.05,21.3,20.85,21.05,-0.4,299.0
2022-06-15,8111,285250.0,6036202.0,21.4,21.4,21.05,21.15,0.1,196.0
2022-06-16,8111,461357.0,9681197.0,21.5,21.5,20.7,20.7,-0.45,318.0
2022-06-17,8111,602104.0,12214209.0,20.7,20.7,20.05,20.5,-0.2,407.0
2022-06-20,8111,811726.0,16050721.0,20.3,20.45,19.35,19.35,-1.15,544.0
2022-06-21,8111,719310.0,14788531.0,19.45,21.25,19.45,21.25,1.9,502.0
2022-06-22,8111,1397348.0,29624081.0,21.3,21.8,20.8,21.05,-0.2,925.0
2022-06-23,8111,741253.0,15711406.0,21.1,21.6,20.85,21.05,0.0,452.0
2022-06-24,8111,1123936.0,24228990.0,21.1,21.9,21.1,21.5,0.45,666.0
2022-06-27,8111,1659379.0,32308797.0,18.65,20.0,18.65,19.55,0.0,911.0
2022-06-28,8111,956431.0,18121547.0,19.4,19.55,18.65,18.7,-0.85,570.0
2022-06-29,8111,970966.0,17487657.0,18.3,18.45,17.8,17.8,-0.9,585.0
2022-06-30,8111,879301.0,15033600.0,17.85,17.95,16.85,16.85,-0.95,485.0
2022-07-01,8111,817621.0,13198202.0,16.8,16.8,15.7,15.7,-1.15,464.0
2022-07-04,8111,433470.0,6879312.0,16.0,16.15,15.6,15.6,-0.1,276.0
2022-07-05,8111,352601.0,5601389.0,15.9,16.15,15.4,16.15,0.55,240.0
2022-07-06,8111,588670.0,9157585.0,16.25,16.25,15.2,15.2,-0.95,328.0
2022-07-07,8111,468329.0,7350228.0,15.65,15.95,15.3,15.95,0.75,298.0
2022-07-08,8111,626186.0,10287380.0,16.5,16.7,16.2,16.3,0.35,351.0
2022-07-11,8111,261731.0,4218041.0,16.35,16.4,16.0,16.05,-0.25,188.0
2022-07-12,8111,434451.0,6681271.0,16.05,16.05,15.15,15.25,-0.8,233.0
2022-07-13,8111,322018.0,5069028.0,15.95,15.95,15.6,15.75,0.5,259.0
2022-07-14,8111,322636.0,5156573.0,15.6,16.15,15.6,16.15,0.4,216.0
2022-07-15,8111,347730.0,5687741.0,16.15,16.5,16.1,16.4,0.25,194.0
2022-07-18,8111,380315.0,6383059.0,16.4,16.9,16.4,16.9,0.5,280.0
2022-07-19,8111,163111.0,2751246.0,17.0,17.0,16.8,16.85,-0.05,159.0
2022-07-20,8111,232976.0,3946517.0,17.15,17.15,16.8,16.85,0.0,159.0
2022-07-21,8111,402674.0,6948133.0,16.85,17.5,16.85,17.4,0.55,252.0
2022-07-22,8111,877474.0,15875515.0,18.55,18.55,17.5,17.6,0.2,621.0
2022-07-25,8111,193127.0,3394589.0,17.75,17.75,17.5,17.5,-0.1,163.0
2022-07-26,8111,196199.0,3350016.0,17.3,17.3,16.9,17.0,-0.5,136.0
2022-07-27,8111,388531.0,6522917.0,17.0,17.1,16.45,17.0,0.0,235.0
2022-07-28,8111,191297.0,3272650.0,17.4,17.45,16.9,16.9,-0.1,154.0
2022-07-29,8111,149063.0,2528736.0,17.2,17.2,16.85,16.95,0.05,125.0
2022-08-01,8111,154225.0,2599646.0,16.95,16.95,16.8,16.85,-0.1,134.0
2022-08-02,8111,279492.0,4562813.0,16.8,16.8,16.2,16.3,-0.55,166.0
2022-08-03,8111,284722.0,4572693.0,16.3,16.4,15.9,15.95,-0.35,196.0
2022-08-04,8111,299632.0,4760292.0,16.25,16.25,15.55,15.8,-0.15,195.0
2022-08-05,8111,267116.0,4357416.0,16.1,16.45,16.1,16.3,0.5,177.0
2022-08-08,8111,178720.0,2905167.0,16.55,16.55,16.1,16.15,-0.15,139.0
2022-08-09,8111,174612.0,2838666.0,16.35,16.35,16.2,16.25,0.1,102.0
2022-08-10,8111,364392.0,6076349.0,16.35,16.8,16.35,16.8,0.55,270.0
2022-08-11,8111,253910.0,4284682.0,17.0,17.1,16.75,16.85,0.05,171.0
2022-08-12,8111,329750.0,5639115.0,17.05,17.2,17.0,17.15,0.3,250.0
2022-08-15,8111,237343.0,4100762.0,17.35,17.4,17.15,17.25,0.1,168.0
2022-08-16,8111,3787789.0,70471527.0,17.4,18.95,17.25,18.65,1.4,1906.0
2022-08-17,8111,1421781.0,26055488.0,18.65,18.65,18.0,18.3,-0.35,864.0
2022-08-18,8111,752347.0,13956895.0,18.1,18.75,18.1,18.6,0.3,532.0
2022-08-19,8111,456371.0,8483896.0,18.75,18.75,18.45,18.5,-0.1,346.0
2022-08-22,8111,416553.0,7567711.0,18.5,18.5,18.05,18.05,-0.45,286.0
2022-08-23,8111,327366.0,5861552.0,17.85,18.1,17.8,17.8,-0.25,200.0
2022-08-24,8111,158841.0,2852228.0,17.9,18.2,17.85,17.95,0.15,124.0
2022-08-25,8111,252543.0,4542618.0,18.05,18.1,17.9,18.0,0.05,188.0
2022-08-26,8111,234030.0,4236792.0,18.25,18.25,18.0,18.1,0.1,146.0
2022-08-29,8111,260188.0,4537588.0,17.4,17.65,17.2,17.5,-0.6,188.0
2022-08-30,8111,138011.0,2459097.0,17.6,17.9,17.6,17.9,0.4,86.0
2022-08-31,8111,643264.0,11856064.0,17.85,18.65,17.85,18.6,0.7,353.0
2022-09-01,8111,552085.0,10266633.0,18.6,18.8,18.45,18.5,-0.1,330.0
2022-09-02,8111,373220.0,6953091.0,18.6,18.8,18.4,18.7,0.2,254.0
2022-09-05,8111,465716.0,8461877.0,18.8,18.8,17.95,17.95,-0.75,298.0
2022-09-06,8111,298538.0,5263294.0,18.1,18.1,17.4,17.4,-0.55,218.0
2022-09-07,8111,267377.0,4564627.0,17.25,17.25,16.8,17.05,-0.35,174.0
2022-09-08,8111,209696.0,3652365.0,17.3,17.65,17.2,17.35,0.3,136.0
2022-09-12,8111,102899.0,1819056.0,17.55,17.75,17.5,17.75,0.4,84.0
2022-09-13,8111,110066.0,1956478.0,17.8,17.95,17.7,17.75,0.0,104.0
2022-09-14,8111,135250.0,2367386.0,17.3,17.65,17.3,17.55,-0.2,114.0
2022-09-15,8111,138798.0,2435530.0,17.55,17.8,17.4,17.4,-0.15,133.0
2022-09-16,8111,112717.0,1942674.0,17.35,17.4,17.15,17.2,-0.2,105.0
2022-09-19,8111,137395.0,2348737.0,17.2,17.3,16.95,17.0,-0.2,111.0
2022-09-20,8111,105839.0,1815913.0,17.1,17.25,17.1,17.1,0.1,58.0
2022-09-21,8111,127554.0,2146255.0,17.1,17.15,16.6,16.75,-0.35,94.0
2022-09-22,8111,77523.0,1299025.0,16.55,16.9,16.55,16.85,0.1,73.0
2022-09-23,8111,114672.0,1923791.0,16.9,17.0,16.6,16.6,-0.25,122.0
2022-09-26,8111,436995.0,6894807.0,16.05,16.15,15.25,15.5,-1.1,323.0
2022-09-27,8111,132541.0,2057290.0,15.6,15.75,15.3,15.7,0.2,104.0
2022-09-28,8111,2901769.0,49935506.0,16.65,17.25,16.15,17.25,1.55,1168.0
2022-09-29,8111,6341613.0,114533728.0,18.0,18.6,17.0,17.35,0.1,3159.0
2022-09-30,8111,1427829.0,24641538.0,16.8,17.9,16.6,17.55,0.2,755.0
2022-10-03,8111,1026756.0,18336711.0,17.3,18.3,17.3,17.65,0.1,613.0
2022-10-04,8111,797031.0,14083518.0,18.1,18.2,17.45,17.6,-0.05,515.0
2022-10-05,8111,773223.0,13486562.0,17.9,17.9,17.15,17.15,-0.45,444.0
2022-10-06,8111,478112.0,8160519.0,17.2,17.35,16.95,17.0,-0.15,267.0
2022-10-07,8111,220256.0,3771457.0,17.15,17.25,17.0,17.25,0.25,128.0
2022-10-11,8111,619008.0,10094902.0,16.85,16.85,16.0,16.05,-1.2,304.0
2022-10-12,8111,338863.0,5435956.0,16.05,16.25,15.85,16.05,0.0,181.0
2022-10-13,8111,642803.0,9864894.0,16.25,16.25,15.05,15.1,-0.95,311.0
2022-10-14,8111,261443.0,4095312.0,15.6,16.0,15.4,15.4,0.3,179.0
2022-10-17,8111,340017.0,5099827.0,15.25,15.3,14.5,15.3,-0.1,225.0
2022-10-18,8111,213849.0,3317486.0,15.5,15.7,15.4,15.5,0.2,146.0
2022-10-19,8111,123292.0,1907655.0,15.55,15.75,15.25,15.25,-0.25,87.0
2022-10-20,8111,187440.0,2807050.0,15.25,15.25,14.85,15.1,-0.15,128.0
2022-10-21,8111,195735.0,2909711.0,15.2,15.2,14.75,14.8,-0.3,110.0
2022-10-24,8111,107128.0,1612349.0,15.0,15.25,14.85,14.95,0.15,85.0
2022-10-25,8111,107044.0,1591970.0,15.0,15.2,14.75,14.85,-0.1,112.0
2022-10-26,8111,167637.0,2500544.0,14.85,15.05,14.85,14.9,0.05,116.0
2022-10-27,8111,140454.0,2114424.0,15.0,15.15,15.0,15.05,0.15,95.0
2022-10-28,8111,102506.0,1527738.0,15.05,15.1,14.75,14.8,-0.25,75.0
2022-10-31,8111,104490.0,1557948.0,15.0,15.0,14.85,14.9,0.1,68.0
2022-11-01,8111,156092.0,2357404.0,15.0,15.25,14.85,15.15,0.25,93.0
2022-11-02,8111,282005.0,4389018.0,15.15,15.8,15.15,15.55,0.4,176.0
2022-11-03,8111,101674.0,1584133.0,15.6,15.65,15.3,15.6,0.05,108.0
2022-11-04,8111,155483.0,2442081.0,15.65,15.8,15.55,15.75,0.15,110.0
2022-11-07,8111,274868.0,4363292.0,15.85,16.0,15.75,15.85,0.1,145.0
2022-11-08,8111,364299.0,5845386.0,16.05,16.25,15.85,15.9,0.05,203.0
2022-11-09,8111,191861.0,3079495.0,15.95,16.15,15.95,16.05,0.15,135.0
2022-11-10,8111,104528.0,1665342.0,16.0,16.1,15.8,15.9,-0.15,79.0
2022-11-11,8111,520009.0,8298338.0,16.2,16.45,15.75,16.0,0.1,230.0
2022-11-14,8111,363290.0,5806784.0,16.05,16.2,15.85,15.9,-0.1,201.0
2022-11-15,8111,350467.0,5596998.0,16.0,16.1,15.85,15.9,0.0,199.0
2022-11-16,8111,403838.0,6538362.0,16.15,16.3,15.95,16.2,0.3,269.0
2022-11-17,8111,515693.0,8461472.0,16.2,16.55,16.15,16.45,0.25,274.0
2022-11-18,8111,264222.0,4389851.0,16.55,16.9,16.4,16.4,-0.05,186.0
2022-11-21,8111,154586.0,2508275.0,16.5,16.5,16.05,16.1,-0.3,109.0
2022-11-22,8111,101249.0,1631776.0,16.2,16.3,16.05,16.1,0.0,77.0
2022-11-23,8111,205395.0,3318335.0,16.25,16.25,16.05,16.15,0.05,98.0
2022-11-24,8111,134184.0,2173502.0,16.25,16.35,16.1,16.2,0.05,104.0
2022-11-25,8111,300664.0,4940607.0,16.3,16.7,16.3,16.3,0.1,192.0
2022-11-28,8111,225264.0,3646346.0,16.3,16.35,16.0,16.2,-0.1,156.0
2022-11-29,8111,200523.0,3277619.0,16.3,16.5,16.15,16.35,0.15,142.0
2022-11-30,8111,509217.0,8603893.0,16.5,17.2,16.45,16.95,0.6,367.0
2022-12-01,8111,394256.0,6703553.0,17.25,17.25,16.9,16.9,-0.05,251.0
2022-12-02,8111,293372.0,5044224.0,17.1,17.35,17.05,17.2,0.3,212.0
2022-12-05,8111,316352.0,5445628.0,17.15,17.4,17.1,17.15,-0.05,198.0
2022-12-06,8111,275243.0,4680865.0,17.15,17.2,16.9,17.0,-0.15,154.0
2022-12-07,8111,235729.0,3930512.0,17.0,17.0,16.5,16.55,-0.45,207.0
2022-12-08,8111,80255.0,1333827.0,16.6,16.7,16.5,16.65,0.1,71.0
2022-12-09,8111,178543.0,2976087.0,16.7,16.85,16.55,16.6,-0.05,121.0
2022-12-12,8111,61049.0,1002706.0,16.6,16.6,16.35,16.4,-0.2,72.0
2022-12-13,8111,302710.0,4906302.0,16.45,16.5,16.05,16.15,-0.25,191.0
2022-12-14,8111,149343.0,2434472.0,16.25,16.4,16.2,16.4,0.25,95.0
2022-12-15,8111,245326.0,3975988.0,16.4,16.45,16.05,16.15,-0.25,158.0
2022-12-16,8111,152900.0,2454478.0,16.15,16.2,16.0,16.0,-0.15,135.0
2022-12-19,8111,81008.0,1295833.0,16.0,16.1,15.8,16.1,0.1,71.0
2022-12-20,8111,220451.0,3493837.0,16.15,16.15,15.65,15.65,-0.45,172.0
2022-12-21,8111,88152.0,1389182.0,15.7,15.9,15.7,15.7,0.05,87.0
2022-12-22,8111,78809.0,1245960.0,15.95,15.95,15.75,15.75,0.05,79.0
2022-12-23,8111,138372.0,2148530.0,15.75,15.75,15.4,15.55,-0.2,108.0
2022-12-26,8111,102940.0,1601787.0,15.7,15.7,15.5,15.6,0.05,60.0
2022-12-27,8111,83148.0,1300743.0,15.7,15.7,15.6,15.65,0.05,82.0
2022-12-28,8111,132551.0,2051173.0,15.65,15.65,15.4,15.4,-0.25,103.0
2022-12-29,8111,125012.0,1907686.0,15.45,15.45,15.2,15.25,-0.15,96.0
2022-12-30,8111,102240.0,1559937.0,15.45,15.45,15.2,15.2,-0.05,78.0
2023-01-03,8111,84126.0,1271614.0,15.15,15.2,15.0,15.2,0.0,79.0
2023-01-04,8111,81008.0,1241020.0,15.3,15.45,15.2,15.3,0.1,65.0
2023-01-05,8111,139593.0,2170744.0,15.45,15.75,15.45,15.55,0.25,111.0
2023-01-06,8111,119273.0,1871371.0,15.55,15.8,15.55,15.75,0.2,83.0
2023-01-09,8111,200095.0,3180680.0,15.85,16.0,15.75,15.75,0.0,146.0
2023-01-10,8111,102178.0,1614198.0,15.95,15.95,15.75,15.75,0.0,79.0
2023-01-11,8111,47010.0,742270.0,15.95,15.95,15.75,15.75,0.0,46.0
2023-01-12,8111,115096.0,1798616.0,15.9,15.9,15.5,15.55,-0.2,115.0
2023-01-13,8111,88284.0,1376839.0,15.75,15.75,15.5,15.55,0.0,86.0
2023-01-16,8111,150036.0,2326818.0,15.6,15.6,15.4,15.6,0.05,112.0
2023-01-17,8111,85698.0,1329246.0,15.6,15.6,15.45,15.6,0.0,91.0
2023-01-30,8111,139000.0,2176948.0,15.8,15.85,15.5,15.5,-0.1,134.0
2023-01-31,8111,292302.0,4582626.0,15.55,15.85,15.55,15.8,0.3,177.0
2023-02-01,8111,265989.0,4240964.0,15.95,16.15,15.7,16.15,0.35,193.0
2023-02-02,8111,453153.0,7470562.0,16.5,16.55,16.4,16.45,0.3,295.0
2023-02-03,8111,230275.0,3757429.0,16.45,16.45,16.25,16.25,-0.2,197.0
2023-02-06,8111,145362.0,2367653.0,16.3,16.4,16.15,16.25,0.0,152.0
2023-02-07,8111,127722.0,2086654.0,16.45,16.45,16.25,16.35,0.1,141.0
2023-02-08,8111,231596.0,3800711.0,16.5,16.5,16.35,16.4,0.05,159.0
2023-02-09,8111,218462.0,3618519.0,16.45,16.7,16.4,16.5,0.1,209.0
2023-02-10,8111,494964.0,8356058.0,17.0,17.05,16.6,16.7,0.2,361.0
2023-02-13,8111,197714.0,3299148.0,16.8,16.8,16.45,16.7,0.0,231.0
2023-02-14,8111,200222.0,3345567.0,16.55,16.8,16.55,16.75,0.05,147.0
2023-02-15,8111,158403.0,2640608.0,16.85,16.85,16.6,16.6,-0.15,137.0
2023-02-16,8111,133149.0,2224758.0,16.7,16.8,16.65,16.7,0.1,145.0
2023-02-17,8111,111055.0,1863054.0,16.75,16.85,16.75,16.75,0.05,125.0
2023-02-20,8111,161247.0,2722529.0,16.75,16.95,16.75,16.9,0.15,204.0
2023-02-21,8111,2205477.0,39765191.0,17.0,18.55,16.95,18.55,1.65,1042.0
2023-02-22,8111,6927442.0,134240059.0,19.0,19.8,18.9,19.4,0.85,3700.0
2023-02-23,8111,1783654.0,34281060.0,19.25,19.6,19.0,19.35,-0.05,1199.0
2023-02-24,8111,3996359.0,79255059.0,19.35,20.25,19.35,20.1,0.75,2245.0
2023-03-01,8111,3767743.0,79002435.0,20.05,21.7,20.0,20.65,0.55,2228.0
2023-03-02,8111,1395920.0,28405084.0,20.5,21.0,20.05,20.4,-0.25,948.0
2023-03-03,8111,740461.0,15112611.0,20.4,20.65,20.2,20.4,0.0,476.0
2023-03-06,8111,850331.0,17554560.0,20.95,20.95,20.4,20.65,0.25,528.0
2023-03-07,8111,5252288.0,115102061.0,20.65,22.7,20.55,22.7,2.05,2735.0
2023-03-08,8111,9791802.0,231683426.0,22.65,24.7,22.55,23.7,1.0,5301.0
2023-03-09,8111,3171487.0,75252553.0,23.7,24.4,23.25,23.5,-0.2,1925.0
2023-03-10,8111,2036549.0,46901141.0,23.5,23.65,22.6,22.95,-0.55,1248.0
2023-03-13,8111,1282995.0,28641136.0,22.15,22.7,22.1,22.2,-0.75,907.0
2023-03-14,8111,1809367.0,41804965.0,22.2,23.8,22.2,22.5,0.3,1330.0
2023-03-15,8111,1183120.0,27097218.0,23.0,23.5,22.55,22.55,0.05,784.0
2023-03-16,8111,1668726.0,38179921.0,22.5,23.45,22.5,22.5,-0.05,1020.0
2023-03-17,8111,1234972.0,27843824.0,23.0,23.1,22.3,22.3,-0.2,766.0
2023-03-20,8111,1083803.0,24570484.0,22.4,23.0,22.3,23.0,0.7,622.0
2023-03-21,8111,835455.0,19172213.0,23.25,23.4,22.6,22.75,-0.25,1154.0
2023-03-22,8111,1914900.0,44535161.0,23.25,23.7,22.75,22.75,0.0,1313.0
2023-03-23,8111,464438.0,10595973.0,22.9,23.0,22.7,22.8,0.05,475.0
2023-03-24,8111,691634.0,15692338.0,22.8,22.95,22.5,22.65,-0.15,547.0
2023-03-27,8111,781125.0,17493086.0,22.8,22.85,22.25,22.3,-0.35,731.0
2023-03-28,8111,1092758.0,23675366.0,22.45,22.45,21.35,21.55,-0.75,774.0
2023-03-29,8111,578614.0,12590288.0,21.55,22.1,21.55,21.6,0.05,456.0
2023-03-30,8111,392382.0,8542713.0,21.65,21.9,21.65,21.8,0.2,364.0
2023-03-31,8111,354723.0,7730170.0,21.9,22.0,21.6,21.95,0.15,438.0
2023-04-06,8111,898240.0,20204973.0,22.05,22.8,22.05,22.55,0.6,1343.0
2023-04-07,8111,657873.0,14952032.0,22.65,23.15,22.5,22.55,0.0,529.0
2023-04-10,8111,556550.0,12622288.0,22.65,22.9,22.5,22.75,0.2,331.0
2023-04-11,8111,382532.0,8731832.0,22.9,22.95,22.65,22.75,0.0,313.0
2023-04-12,8111,326640.0,7431291.0,22.75,22.85,22.6,22.8,0.05,232.0
2023-04-13,8111,1352341.0,31212186.0,23.0,23.5,22.75,22.85,0.05,925.0
2023-04-14,8111,537938.0,12185882.0,22.85,22.9,22.5,22.5,-0.35,343.0
2023-04-17,8111,754355.0,17205789.0,22.7,23.0,22.55,22.9,0.4,392.0
2023-04-18,8111,1187688.0,27449638.0,22.9,23.3,22.8,23.1,0.2,621.0
2023-04-19,8111,7356382.0,181926259.0,23.5,25.4,23.25,25.4,2.3,3208.0
2023-04-20,8111,12171806.0,306459371.0,25.8,26.5,23.6,24.45,-0.95,6757.0
2023-04-21,8111,4478570.0,104311941.0,24.3,24.3,22.8,22.85,-1.6,2335.0
2023-04-24,8111,1159589.0,26497231.0,22.85,23.3,22.3,22.8,-0.05,678.0
2023-04-25,8111,1616534.0,36060870.0,22.85,23.0,22.0,22.1,-0.7,888.0
2023-04-26,8111,894943.0,19864994.0,22.1,22.5,21.9,22.45,0.35,513.0
2023-04-27,8111,472112.0,10607222.0,22.5,22.75,22.15,22.3,-0.15,357.0
2023-04-28,8111,689295.0,15662922.0,22.7,23.0,22.55,22.6,0.3,437.0
2023-05-02,8111,772304.0,17812488.0,22.85,23.25,22.7,23.2,0.6,504.0
2023-05-03,8111,462533.0,10556680.0,23.15,23.15,22.65,22.65,-0.55,364.0
2023-05-04,8111,534760.0,12080980.0,22.55,22.9,22.45,22.45,-0.2,308.0
2023-05-05,8111,373622.0,8355288.0,22.6,22.6,22.2,22.2,-0.25,252.0
2023-05-08,8111,551839.0,12160440.0,22.4,22.4,21.8,21.8,-0.4,388.0
2023-05-09,8111,674396.0,14478202.0,21.9,21.9,21.25,21.3,-0.5,405.0
2023-05-10,8111,267350.0,5719547.0,21.35,21.55,21.1,21.45,0.15,177.0
2023-05-11,8111,707808.0,14749619.0,21.55,21.55,20.5,20.8,-0.65,445.0
2023-05-12,8111,283850.0,5881370.0,20.5,20.95,20.4,20.75,-0.05,211.0
2023-05-15,8111,471727.0,9600696.0,20.75,20.75,20.2,20.3,-0.45,278.0
2023-05-16,8111,221443.0,4588612.0,20.4,20.85,20.4,20.6,0.3,152.0
2023-05-17,8111,351439.0,7385834.0,20.95,21.3,20.9,20.95,0.35,227.0
2023-05-18,8111,431770.0,9101091.0,21.1,21.35,20.95,20.95,0.0,221.0
2023-05-19,8111,306895.0,6458143.0,21.2,21.25,20.8,20.8,-0.15,176.0
2023-05-22,8111,284909.0,5992625.0,20.8,21.15,20.8,21.1,0.3,147.0
2023-05-23,8111,329445.0,7019360.0,21.3,21.45,21.15,21.3,0.2,195.0
2023-05-24,8111,348410.0,7407812.0,21.3,21.4,21.15,21.25,-0.05,211.0
2023-05-25,8111,254842.0,5411451.0,21.15,21.45,21.15,21.15,-0.1,174.0
2023-05-26,8111,414405.0,8654828.0,21.25,21.35,20.6,20.6,-0.55,354.0
2023-05-29,8111,266336.0,5598038.0,20.9,21.15,20.8,21.1,0.5,178.0
2023-05-30,8111,299329.0,6341973.0,21.25,21.3,21.05,21.2,0.1,186.0
2023-05-31,8111,358471.0,7726958.0,21.3,21.75,21.3,21.5,0.3,237.0
2023-06-01,8111,211286.0,4504197.0,21.65,21.65,20.9,21.3,-0.2,149.0
2023-06-02,8111,597558.0,12661620.0,21.7,21.7,20.95,21.15,-0.15,306.0
2023-06-05,8111,1573057.0,35174879.0,21.3,22.85,21.3,22.45,1.3,1031.0
2023-06-06,8111,827711.0,18365602.0,22.5,22.6,21.95,22.1,-0.35,560.0
2023-06-07,8111,508128.0,11305549.0,22.2,22.4,22.15,22.25,0.15,298.0
2023-06-08,8111,415033.0,9227094.0,22.35,22.4,22.05,22.05,-0.2,308.0
2023-06-09,8111,422145.0,9304087.0,22.35,22.35,21.85,21.95,-0.1,276.0
2023-06-12,8111,519386.0,11187148.0,22.05,22.05,21.4,21.4,-0.55,347.0
2023-06-13,8111,479291.0,10362822.0,21.7,21.9,21.25,21.6,0.2,283.0
2023-06-14,8111,350795.0,7594784.0,21.8,21.95,21.45,21.55,-0.05,233.0
2023-06-15,8111,607388.0,12934702.0,21.4,21.5,21.05,21.15,-0.4,329.0
2023-06-16,8111,406394.0,8628572.0,21.3,21.4,21.15,21.25,0.1,221.0
2023-06-19,8111,302747.0,6486181.0,21.25,21.55,21.25,21.45,0.2,164.0
2023-06-20,8111,437459.0,9228484.0,21.55,21.55,20.95,21.05,-0.4,286.0
2023-06-21,8111,260590.0,5549824.0,21.25,21.4,21.15,21.35,0.3,166.0
2023-06-26,8111,214946.0,4569325.0,21.45,21.45,21.2,21.25,-0.1,156.0
2023-06-27,8111,478314.0,10084250.0,21.4,21.4,20.85,20.9,-0.35,309.0
2023-06-28,8111,297026.0,6260188.0,20.95,21.2,20.95,21.0,0.1,156.0
2023-06-29,8111,377973.0,7978362.0,21.1,21.25,21.0,21.15,0.15,241.0
2023-06-30,8111,397033.0,7957089.0,20.2,20.2,19.9,20.0,0.0,247.0
2023-07-03,8111,443347.0,8847499.0,20.1,20.1,19.9,19.9,-0.1,258.0
2023-07-04,8111,569148.0,11157588.0,19.9,19.9,19.45,19.45,-0.45,389.0
2023-07-05,8111,352716.0,6870503.0,19.45,19.7,19.4,19.4,-0.05,207.0
2023-07-06,8111,372803.0,7187144.0,19.65,19.65,19.05,19.15,-0.25,262.0
2023-07-07,8111,398437.0,7549872.0,19.1,19.2,18.8,19.0,-0.15,240.0
2023-07-10,8111,270232.0,5095025.0,19.0,19.05,18.7,18.8,-0.2,201.0
2023-07-11,8111,355488.0,6654502.0,19.0,19.0,18.6,18.6,-0.2,207.0
2023-07-12,8111,318887.0,5880933.0,18.75,18.75,18.3,18.35,-0.25,233.0
2023-07-13,8111,652649.0,12331661.0,18.35,19.35,18.35,18.85,0.5,348.0
2023-07-14,8111,287610.0,5471576.0,18.9,19.25,18.8,19.0,0.15,153.0
2023-07-17,8111,280321.0,5305555.0,19.05,19.2,18.75,18.9,-0.1,180.0
2023-07-18,8111,628178.0,11589951.0,19.05,19.05,18.2,18.25,-0.65,355.0
2023-07-19,8111,277799.0,5065684.0,18.3,18.5,18.0,18.15,-0.1,184.0
2023-07-20,8111,232163.0,4277104.0,18.2,18.6,18.15,18.45,0.3,133.0
2023-07-21,8111,132270.0,2433083.0,18.45,18.55,18.25,18.3,-0.15,98.0
2023-07-24,8111,426720.0,7728287.0,18.7,18.7,17.9,17.9,-0.4,244.0
2023-07-25,8111,256753.0,4650706.0,17.9,18.35,17.8,18.2,0.3,132.0
2023-07-26,8111,226185.0,4076164.0,18.25,18.3,17.9,17.9,-0.3,147.0
2023-07-27,8111,264988.0,4864122.0,18.0,18.5,18.0,18.45,0.55,158.0
2023-07-28,8111,188076.0,3466373.0,18.45,18.6,18.3,18.6,0.15,137.0
2023-07-31,8111,282003.0,5226425.0,18.65,18.75,18.3,18.3,-0.3,175.0
2023-08-01,8111,152415.0,2787862.0,18.35,18.5,18.15,18.3,0.0,109.0
2023-08-02,8111,285496.0,5157103.0,18.25,18.3,17.95,17.95,-0.35,182.0
2023-08-04,8111,161679.0,2921609.0,17.95,18.25,17.95,17.95,0.0,99.0
2023-08-07,8111,143238.0,2590691.0,18.0,18.3,18.0,18.3,0.35,95.0
2023-08-08,8111,91513.0,1671514.0,18.4,18.45,18.15,18.15,-0.15,75.0
2023-08-09,8111,85172.0,1538767.0,18.05,18.15,18.0,18.05,-0.1,59.0
2023-08-10,8111,541488.0,9576987.0,17.95,17.95,17.5,17.5,-0.55,250.0
2023-08-11,8111,107941.0,1895077.0,17.6,17.75,17.5,17.5,0.0,86.0
2023-08-14,8111,259475.0,4422885.0,17.5,17.55,16.9,16.9,-0.6,178.0
2023-08-15,8111,134569.0,2313221.0,16.9,17.35,16.9,17.2,0.3,99.0
2023-08-16,8111,81861.0,1412415.0,17.2,17.4,17.0,17.3,0.1,80.0
2023-08-17,8111,315116.0,5535553.0,17.3,17.9,17.3,17.75,0.45,156.0
2023-08-18,8111,179101.0,3176052.0,17.9,18.0,17.5,17.5,-0.25,112.0
2023-08-21,8111,130017.0,2287506.0,17.55,17.7,17.5,17.6,0.1,57.0
2023-08-22,8111,100084.0,1753344.0,17.5,17.7,17.45,17.45,-0.15,94.0
2023-08-23,8111,257557.0,4556544.0,17.65,17.95,17.15,17.85,0.4,197.0
2023-08-24,8111,150873.0,2717163.0,17.95,18.1,17.9,18.0,0.15,130.0
2023-08-25,8111,168338.0,3046974.0,17.95,18.25,17.95,18.05,0.05,113.0
2023-08-28,8111,78080.0,1410626.0,18.2,18.25,17.9,17.95,-0.1,67.0
2023-08-29,8111,112204.0,2002763.0,18.1,18.1,17.7,17.75,-0.2,87.0
2023-08-30,8111,77353.0,1384234.0,17.8,18.0,17.8,17.85,0.1,77.0
2023-08-31,8111,51323.0,924009.0,18.15,18.15,17.9,17.95,0.1,55.0
2023-09-01,8111,86359.0,1567107.0,18.1,18.25,18.05,18.15,0.2,84.0
2023-09-04,8111,167164.0,3040804.0,18.15,18.25,18.05,18.25,0.1,99.0
2023-09-05,8111,264525.0,4896183.0,18.35,18.7,18.35,18.5,0.25,256.0
2023-09-06,8111,150163.0,2787871.0,18.65,18.65,18.4,18.5,0.0,112.0
2023-09-07,8111,226990.0,4230431.0,18.7,18.8,18.5,18.6,0.1,150.0
2023-09-08,8111,108055.0,1996716.0,18.8,18.8,18.4,18.45,-0.15,78.0
2023-09-11,8111,160650.0,2909297.0,18.45,18.45,17.95,17.95,-0.5,189.0
2023-09-12,8111,141007.0,2538789.0,18.0,18.3,17.85,18.3,0.35,118.0
2023-09-13,8111,105249.0,1919507.0,18.3,18.35,18.1,18.3,0.0,72.0
2023-09-14,8111,180563.0,3321376.0,18.35,18.55,18.3,18.3,0.0,130.0
2023-09-15,8111,124422.0,2276919.0,18.35,18.5,18.25,18.25,-0.05,81.0
2023-09-18,8111,55015.0,1004076.0,18.25,18.3,18.2,18.2,-0.05,41.0
2023-09-19,8111,124020.0,2259865.0,18.45,18.45,18.15,18.15,-0.05,62.0
2023-09-20,8111,103170.0,1858508.0,18.05,18.15,17.9,17.9,-0.25,95.0
2023-09-21,8111,54096.0,968291.0,17.85,18.0,17.8,18.0,0.1,58.0
2023-09-22,8111,36686.0,656861.0,18.0,18.0,17.8,17.8,-0.2,56.0
2023-09-25,8111,121442.0,2155619.0,17.85,17.9,17.65,17.65,-0.15,93.0
2023-09-26,8111,60072.0,1064530.0,17.65,17.75,17.65,17.7,0.05,54.0
2023-09-27,8111,92239.0,1616296.0,17.7,17.7,17.4,17.45,-0.25,84.0
2023-09-28,8111,70361.0,1230690.0,17.3,17.65,17.3,17.5,0.05,75.0
2023-10-02,8111,93318.0,1627860.0,17.5,17.5,17.35,17.4,-0.1,91.0
2023-10-03,8111,71899.0,1252597.0,17.45,17.5,17.35,17.45,0.05,55.0
2023-10-04,8111,71258.0,1239854.0,17.45,17.45,17.35,17.4,-0.05,51.0
2023-10-05,8111,94290.0,1649165.0,17.6,17.6,17.4,17.5,0.1,90.0
2023-10-06,8111,109231.0,1917476.0,17.6,17.75,17.4,17.65,0.15,71.0
2023-10-11,8111,82730.0,1454200.0,17.5,17.65,17.5,17.5,-0.15,88.0
2023-10-12,8111,158342.0,2752125.0,17.35,17.6,17.3,17.45,-0.05,132.0
2023-10-13,8111,54546.0,948534.0,17.45,17.45,17.35,17.35,-0.1,69.0
2023-10-16,8111,51695.0,894318.0,17.5,17.5,17.2,17.2,-0.15,95.0
2023-10-17,8111,110876.0,1910039.0,17.3,17.35,17.15,17.15,-0.05,91.0
2023-10-18,8111,127159.0,2162468.0,17.05,17.1,16.9,16.9,-0.25,108.0
2023-10-19,8111,63371.0,1080376.0,16.95,17.2,16.95,17.0,0.1,66.0
2023-10-20,8111,90224.0,1534580.0,17.0,17.15,16.9,17.1,0.1,84.0
2023-10-23,8111,45231.0,777561.0,17.1,17.3,17.1,17.1,0.0,70.0
2023-10-24,8111,69418.0,1190282.0,17.1,17.25,17.1,17.2,0.1,70.0
2023-10-25,8111,163121.0,2821178.0,17.2,17.55,17.15,17.3,0.1,126.0
2023-10-26,8111,76373.0,1327658.0,17.5,17.55,17.15,17.15,-0.15,90.0
2023-10-27,8111,54578.0,938872.0,17.15,17.3,17.15,17.2,0.05,57.0
2023-10-30,8111,40857.0,699596.0,17.1,17.25,17.1,17.1,-0.1,55.0
2023-10-31,8111,130181.0,2211455.0,17.1,17.15,16.9,16.9,-0.2,99.0
2023-11-01,8111,100225.0,1702286.0,16.95,17.2,16.9,16.9,0.0,62.0
2023-11-02,8111,75661.0,1286347.0,17.1,17.1,16.95,17.0,0.1,72.0
2023-11-03,8111,49261.0,837398.0,17.1,17.1,16.95,17.0,0.0,56.0
2023-11-06,8111,53701.0,917850.0,17.15,17.2,17.05,17.05,0.05,59.0
2023-11-07,8111,104812.0,1796909.0,17.15,17.25,17.05,17.2,0.15,100.0
2023-11-08,8111,2412057.0,45330000.0,17.7,18.9,17.7,18.9,1.7,884.0
2023-11-09,8111,5726316.0,110808198.0,19.0,20.05,18.9,19.0,0.1,3027.0
2023-11-10,8111,619541.0,11515715.0,19.05,19.1,18.45,18.5,-0.5,449.0
2023-11-13,8111,397336.0,7401939.0,18.75,19.0,18.5,18.6,0.1,267.0
2023-11-14,8111,443429.0,8220019.0,18.65,18.75,18.2,18.6,0.0,302.0
2023-11-15,8111,876835.0,16661068.0,19.1,19.25,18.65,19.0,0.4,502.0
2023-11-16,8111,511262.0,9586576.0,19.0,19.0,18.6,18.65,-0.35,335.0
2023-11-17,8111,430209.0,8114029.0,18.65,19.1,18.65,18.7,0.05,265.0
2023-11-20,8111,782199.0,15043775.0,19.1,19.55,18.8,19.55,0.85,438.0
2023-11-21,8111,641583.0,12502384.0,19.9,19.9,19.25,19.25,-0.3,463.0
2023-11-22,8111,430511.0,8233275.0,19.25,19.35,19.05,19.1,-0.15,283.0
2023-11-23,8111,588565.0,11366151.0,19.1,19.55,19.1,19.25,0.15,335.0
2023-11-24,8111,366274.0,6988790.0,19.45,19.45,18.95,18.95,-0.3,280.0
2023-11-27,8111,485123.0,9330593.0,19.1,19.6,18.95,19.1,0.15,303.0
2023-11-28,8111,196026.0,3742196.0,19.2,19.4,18.95,19.15,0.05,159.0
2023-11-29,8111,244743.0,4696643.0,19.35,19.35,19.1,19.2,0.05,162.0
2023-11-30,8111,182745.0,3493069.0,19.25,19.25,19.05,19.05,-0.15,134.0
2023-12-01,8111,300431.0,5799601.0,19.05,19.45,19.05,19.4,0.35,185.0
2023-12-04,8111,252034.0,4876417.0,19.5,19.5,19.25,19.4,0.0,161.0
2023-12-05,8111,177218.0,3413014.0,19.4,19.4,19.2,19.3,-0.1,161.0
2023-12-06,8111,248907.0,4786645.0,19.3,19.35,19.1,19.15,-0.15,183.0
2023-12-07,8111,439359.0,8522123.0,19.3,19.65,19.2,19.25,0.1,258.0
2023-12-08,8111,156723.0,3001371.0,19.15,19.25,19.1,19.2,-0.05,161.0
2023-12-11,8111,233414.0,4440653.0,19.3,19.3,18.9,18.95,-0.25,177.0
2023-12-12,8111,244524.0,4604781.0,18.95,19.0,18.65,18.95,0.0,218.0
2023-12-13,8111,144434.0,2721264.0,18.9,19.05,18.75,18.8,-0.15,208.0
2023-12-14,8111,196467.0,3714906.0,18.9,19.05,18.8,18.8,0.0,153.0
2023-12-15,8111,88992.0,1680725.0,18.8,19.0,18.8,18.85,0.05,98.0
2023-12-18,8111,58126.0,1097519.0,18.9,18.95,18.8,18.8,-0.05,76.0
2023-12-19,8111,108648.0,2033092.0,19.0,19.0,18.65,18.7,-0.1,104.0
2023-12-20,8111,174493.0,3300755.0,18.75,19.0,18.75,18.95,0.25,101.0
2023-12-21,8111,124307.0,2332057.0,18.9,18.9,18.65,18.75,-0.2,100.0
2023-12-22,8111,163896.0,3042017.0,18.7,18.7,18.35,18.5,-0.25,139.0
2023-12-25,8111,85498.0,1577048.0,18.6,18.6,18.4,18.4,-0.1,80.0
2023-12-26,8111,85135.0,1571903.0,18.4,18.55,18.4,18.45,0.05,78.0
2023-12-27,8111,180241.0,3371813.0,18.6,18.95,18.5,18.9,0.45,127.0
2023-12-28,8111,104450.0,1966443.0,19.1,19.1,18.65,18.65,-0.25,147.0
2023-12-29,8111,126744.0,2349638.0,18.7,18.75,18.45,18.5,-0.15,143.0
2024-01-02,8111,105408.0,1962779.0,18.5,18.7,18.4,18.65,0.15,81.0
2024-01-03,8111,57314.0,1070969.0,18.65,18.8,18.65,18.65,0.0,66.0
2024-01-04,8111,89036.0,1663545.0,18.85,18.85,18.6,18.6,-0.05,67.0
2024-01-05,8111,95255.0,1782087.0,18.6,18.8,18.6,18.7,0.1,80.0
2024-01-08,8111,4394676.0,87687040.0,18.95,20.55,18.8,20.55,1.85,2320.0
2024-01-09,8111,21414500.0,464150160.0,20.9,22.5,20.15,20.25,-0.3,10965.0
2024-01-10,8111,9136574.0,191662875.0,19.9,22.15,19.5,21.4,1.15,5169.0
2024-01-11,8111,12480376.0,273161796.0,21.05,22.8,21.0,21.15,-0.25,6915.0
2024-01-12,8111,3432834.0,72896310.0,20.85,21.9,20.8,20.8,-0.35,1992.0
2024-01-15,8111,2147794.0,44887358.0,20.8,21.45,20.45,20.8,0.0,1282.0
2024-01-16,8111,1365784.0,28081274.0,20.9,21.05,20.3,20.3,-0.5,800.0
2024-01-17,8111,2849653.0,59254311.0,20.4,21.3,20.3,20.3,0.0,1729.0
2024-01-18,8111,3787931.0,79869753.0,20.35,21.6,20.35,20.6,0.3,2471.0
2024-01-19,8111,2286760.0,47530060.0,20.75,21.4,20.35,20.6,0.0,1345.0
2024-01-22,8111,1286371.0,26351543.0,20.85,20.9,20.2,20.2,-0.4,735.0
2024-01-23,8111,938647.0,19111067.0,20.25,20.6,20.2,20.35,0.15,615.0
2024-01-24,8111,1135182.0,23471942.0,20.6,20.95,20.4,20.65,0.3,766.0
2024-01-25,8111,2938418.0,62225615.0,20.9,21.6,20.5,20.9,0.25,1938.0
2024-01-26,8111,7189533.0,157488716.0,21.5,22.8,21.05,21.05,0.15,3900.0
2024-01-29,8111,953557.0,19904470.0,21.1,21.15,20.7,20.75,-0.3,702.0
2024-01-30,8111,554957.0,11547131.0,21.0,21.0,20.65,20.7,-0.05,388.0
2024-01-31,8111,1233868.0,26117806.0,20.9,21.5,20.8,21.2,0.5,814.0
2024-02-01,8111,12756836.0,288844433.0,22.25,23.3,21.8,22.85,1.65,6889.0
2024-02-02,8111,5871234.0,131739615.0,23.0,23.1,21.85,21.85,-1.0,3313.0
2024-02-05,8111,2342348.0,49726752.0,21.8,21.8,20.95,21.0,-0.85,1332.0
2024-02-15,8111,1160293.0,24472048.0,21.25,21.35,20.85,21.15,0.15,722.0
2024-02-16,8111,1343484.0,28993979.0,21.35,21.8,21.3,21.7,0.55,730.0
2024-02-19,8111,1343677.0,29684121.0,21.85,22.3,21.75,22.1,0.4,827.0
2024-02-20,8111,1317935.0,28720239.0,22.2,22.3,21.55,21.55,-0.55,774.0
2024-02-21,8111,811904.0,17711889.0,21.7,22.05,21.65,21.8,0.25,553.0
2024-02-22,8111,963228.0,20918553.0,21.95,22.0,21.5,21.55,-0.25,593.0
2024-02-23,8111,1066376.0,22761937.0,21.7,21.75,21.1,21.15,-0.4,654.0
2024-02-26,8111,627328.0,13402158.0,21.4,21.6,21.1,21.5,0.35,443.0
2024-02-27,8111,948749.0,19987590.0,21.6,21.7,20.85,20.9,-0.6,592.0
2024-02-29,8111,437623.0,9163368.0,20.8,21.05,20.8,20.9,0.0,309.0
2024-03-01,8111,449361.0,9381800.0,21.0,21.15,20.8,20.85,-0.05,348.0
2024-03-04,8111,339023.0,7071928.0,21.0,21.05,20.75,20.9,0.05,344.0
2024-03-05,8111,453688.0,9427070.0,20.95,21.1,20.7,20.75,-0.15,302.0
2024-03-06,8111,333339.0,6929511.0,20.8,20.95,20.7,20.75,0.0,261.0
2024-03-07,8111,667408.0,13593884.0,20.8,20.8,20.2,20.2,-0.55,475.0
2024-03-08,8111,563616.0,11380974.0,20.4,20.6,19.9,20.1,-0.1,408.0
2024-03-11,8111,310005.0,6248862.0,20.1,20.35,20.1,20.1,0.0,282.0
2024-03-12,8111,401415.0,8136617.0,20.25,20.45,20.05,20.2,0.1,355.0
2024-03-13,8111,649927.0,12972602.0,20.3,20.35,19.8,19.9,-0.3,474.0
2024-03-14,8111,422284.0,8530136.0,20.0,20.4,19.9,20.25,0.35,281.0
2024-03-15,8111,347770.0,7070451.0,20.45,20.6,20.2,20.2,-0.05,240.0
2024-03-18,8111,183551.0,3731662.0,20.1,20.55,20.1,20.45,0.25,156.0
2024-03-19,8111,297936.0,6103669.0,20.6,20.65,20.35,20.35,-0.1,226.0
2024-03-20,8111,292329.0,5984981.0,20.4,20.6,20.35,20.55,0.2,217.0
2024-03-21,8111,452933.0,9403924.0,20.75,20.9,20.65,20.8,0.25,267.0
2024-03-22,8111,788617.0,16635227.0,20.95,21.3,20.8,21.2,0.4,450.0
2024-03-25,8111,1654630.0,35813213.0,21.4,21.95,21.3,21.65,0.45,972.0
2024-03-26,8111,1489412.0,32448228.0,21.7,21.95,21.6,21.9,0.25,1185.0
2024-03-27,8111,2560018.0,57216124.0,22.0,22.6,21.8,22.55,0.65,1506.0
2024-03-28,8111,4585262.0,106453022.0,22.85,23.8,22.85,23.0,0.45,2374.0
2024-03-29,8111,1810730.0,41687381.0,23.25,23.35,22.4,23.05,0.05,1176.0
2024-04-01,8111,1570484.0,36856290.0,23.25,23.65,23.2,23.5,0.45,1071.0
2024-04-02,8111,2497235.0,59642880.0,23.6,24.3,23.35,24.1,0.6,1486.0
2024-04-03,8111,5340920.0,135305752.0,24.1,26.0,24.1,25.65,1.55,2992.0
2024-04-08,8111,4404029.0,117114235.0,26.15,26.85,26.1,26.6,0.95,2603.0
2024-04-09,8111,2798035.0,72753969.0,26.3,26.55,25.5,26.25,-0.35,1813.0
2024-04-10,8111,2739451.0,73760017.0,26.55,27.15,26.35,26.9,0.65,1978.0
2024-04-11,8111,1770976.0,47644702.0,26.9,27.2,26.15,26.95,0.05,1103.0
2024-04-12,8111,2081309.0,55817759.0,27.45,27.6,26.25,26.4,-0.55,1421.0
2024-04-15,8111,1606425.0,41684859.0,26.4,26.7,25.5,25.8,-0.6,983.0
2024-04-16,8111,2507682.0,61766224.0,25.95,25.95,24.2,24.55,-1.25,1191.0
2024-04-17,8111,1157741.0,29169688.0,24.7,25.7,24.7,25.2,0.65,686.0
2024-04-18,8111,1162265.0,28514123.0,25.2,25.2,24.1,24.1,-1.1,792.0
2024-04-19,8111,1965582.0,45596289.0,24.1,24.1,22.55,23.1,-1.0,1107.0
2024-04-22,8111,593015.0,13586761.0,23.1,23.35,22.65,22.7,-0.4,414.0
2024-04-23,8111,346715.0,7943616.0,23.0,23.3,22.75,22.8,0.1,224.0
2024-04-24,8111,2052054.0,49664578.0,23.1,25.0,23.05,24.25,1.45,1001.0
2024-04-25,8111,691620.0,16642056.0,24.9,24.9,23.7,24.0,-0.25,440.0
2024-04-26,8111,383385.0,9327321.0,24.2,24.5,24.15,24.15,0.15,284.0
2024-04-29,8111,332287.0,8027077.0,24.5,24.6,23.85,24.0,-0.15,345.0
2024-04-30,8111,250065.0,6002057.0,24.0,24.25,23.85,23.95,-0.05,172.0
2024-05-02,8111,343749.0,8219260.0,24.05,24.1,23.7,23.85,-0.1,230.0
2024-05-03,8111,333731.0,7908625.0,24.0,24.3,23.4,23.4,-0.45,226.0
2024-05-06,8111,564340.0,13067880.0,23.6,23.65,23.0,23.15,-0.25,362.0
2024-05-07,8111,279767.0,6472130.0,23.3,23.35,22.9,23.35,0.2,223.0
2024-05-08,8111,253676.0,5879929.0,23.35,23.4,23.0,23.4,0.05,160.0
2024-05-09,8111,376821.0,8666467.0,23.4,23.4,22.85,22.85,-0.55,251.0
2024-05-10,8111,240947.0,5546019.0,22.9,23.35,22.85,23.0,0.15,223.0
2024-05-13,8111,182960.0,4207162.0,23.25,23.25,22.85,23.0,0.0,160.0
2024-05-14,8111,876820.0,20999417.0,23.2,24.45,23.0,24.4,1.4,544.0
2024-05-15,8111,692404.0,16797051.0,24.5,24.8,24.0,24.0,-0.4,600.0
2024-05-16,8111,810495.0,19868136.0,24.05,25.15,24.0,24.65,0.65,506.0
2024-05-17,8111,607386.0,14960706.0,24.65,25.0,24.45,24.45,-0.2,466.0
2024-05-20,8111,1285266.0,32200690.0,24.7,25.35,24.65,24.95,0.5,742.0
2024-05-21,8111,458860.0,11432798.0,25.0,25.2,24.7,24.9,-0.05,324.0
2024-05-22,8111,555383.0,13838575.0,25.0,25.1,24.7,24.85,-0.05,312.0
2024-05-23,8111,475494.0,11649865.0,24.9,25.0,24.15,24.15,-0.7,334.0
2024-05-24,8111,242110.0,5791524.0,23.95,24.1,23.6,24.0,-0.15,195.0
2024-05-27,8111,529306.0,13016769.0,24.25,25.0,24.0,24.9,0.9,385.0
2024-05-28,8111,347522.0,8616426.0,24.9,25.0,24.65,24.95,0.05,273.0
2024-05-29,8111,450991.0,11236410.0,24.8,25.1,24.8,24.85,-0.1,308.0
2024-05-30,8111,337744.0,8318011.0,24.85,24.95,24.35,24.35,-0.5,288.0
2024-05-31,8111,310599.0,7671801.0,24.65,25.15,24.35,24.5,0.15,325.0
2024-06-03,8111,323406.0,7958564.0,24.8,24.8,24.5,24.55,0.05,241.0
2024-06-04,8111,467944.0,11285265.0,24.8,24.8,23.7,23.7,-0.85,376.0
2024-06-05,8111,423747.0,10064526.0,23.75,24.3,23.5,23.5,-0.2,317.0
2024-06-06,8111,297050.0,6967383.0,23.5,23.75,23.15,23.5,0.0,211.0
2024-06-07,8111,163960.0,3876779.0,23.65,23.8,23.55,23.65,0.15,147.0
2024-06-11,8111,338103.0,8116955.0,23.7,24.5,23.65,23.7,0.05,256.0
2024-06-12,8111,329486.0,7725890.0,24.25,24.25,23.25,23.3,-0.4,274.0
2024-06-13,8111,639450.0,14740286.0,23.4,23.5,22.85,23.0,-0.3,406.0
2024-06-14,8111,264908.0,6137540.0,22.95,23.4,22.95,23.05,0.05,268.0
2024-06-17,8111,289439.0,6734035.0,23.25,23.5,22.95,23.45,0.4,198.0
2024-06-18,8111,292235.0,6799126.0,23.55,23.55,23.2,23.25,-0.2,240.0
2024-06-19,8111,313645.0,7242026.0,23.25,23.3,22.9,23.05,-0.2,424.0
2024-06-20,8111,181893.0,4219424.0,23.1,23.5,23.05,23.5,0.45,139.0
2024-06-21,8111,553848.0,13197315.0,23.55,24.05,23.55,23.75,0.25,321.0
2024-06-24,8111,222131.0,5226005.0,23.8,23.8,23.35,23.35,-0.4,211.0
2024-06-25,8111,145348.0,3378402.0,23.35,23.4,23.05,23.3,-0.05,120.0
2024-06-26,8111,122190.0,2859086.0,23.3,23.5,23.3,23.45,0.15,95.0
2024-06-27,8111,160717.0,3776934.0,23.45,23.65,23.3,23.55,0.1,145.0
2024-06-28,8111,521343.0,12501903.0,23.55,24.25,23.55,23.85,0.3,327.0
2024-07-01,8111,646579.0,15511662.0,23.85,24.35,23.7,23.7,-0.15,349.0
2024-07-02,8111,227647.0,5259730.0,23.1,23.35,23.0,23.1,0.0,244.0
2024-07-03,8111,278956.0,6460236.0,23.4,23.4,23.05,23.15,0.05,160.0
2024-07-04,8111,292362.0,6763409.0,23.15,23.45,23.05,23.25,0.1,187.0
2024-07-05,8111,813788.0,19298607.0,23.55,24.0,23.45,23.75,0.5,477.0
2024-07-08,8111,3876633.0,97316306.0,24.2,26.0,23.75,25.7,1.95,2365.0
2024-07-09,8111,9605214.0,255760803.0,25.75,27.85,25.7,26.25,0.55,5252.0
2024-07-10,8111,2064337.0,53795417.0,26.2,26.7,25.0,26.25,0.0,1308.0
2024-07-11,8111,1508163.0,39482546.0,26.35,26.8,25.8,25.9,-0.35,820.0
2024-07-12,8111,980577.0,25339946.0,25.85,26.35,25.5,25.5,-0.4,606.0
2024-07-15,8111,890991.0,22442906.0,25.55,25.8,24.8,25.0,-0.5,528.0
2024-07-16,8111,546329.0,13646732.0,25.0,25.2,24.85,24.85,-0.15,377.0
2024-07-17,8111,430911.0,10788662.0,25.0,25.5,24.85,24.85,0.0,367.0
2024-07-18,8111,1098610.0,26556509.0,24.85,24.85,23.8,23.9,-0.95,520.0
2024-07-19,8111,547275.0,12921869.0,23.95,23.95,23.35,23.35,-0.55,333.0
2024-07-22,8111,450179.0,10390969.0,23.6,23.7,22.85,22.95,-0.4,309.0
2024-07-23,8111,198792.0,4593377.0,23.05,23.35,23.05,23.05,0.1,144.0
2024-07-26,8111,247262.0,5562711.0,22.85,22.85,22.1,22.55,-0.5,218.0
2024-07-29,8111,506691.0,11287831.0,22.7,22.8,21.95,22.0,-0.55,275.0
2024-07-30,8111,299817.0,6700409.0,22.2,22.85,22.0,22.85,0.85,207.0
2024-07-31,8111,143441.0,3267672.0,23.0,23.0,22.7,22.7,-0.15,137.0
2024-08-01,8111,215256.0,4956145.0,22.9,23.15,22.8,23.05,0.35,152.0
2024-08-02,8111,266754.0,6028490.0,23.0,23.0,22.3,22.3,-0.75,202.0
2024-08-05,8111,809028.0,16540923.0,21.6,21.6,20.15,20.2,-2.1,411.0
2024-08-06,8111,759342.0,14762839.0,20.3,20.6,18.55,19.75,-0.45,360.0
2024-08-07,8111,233763.0,4887725.0,19.95,21.25,19.95,21.05,1.3,165.0
2024-08-08,8111,237285.0,5018753.0,20.8,21.5,20.8,21.0,-0.05,189.0
2024-08-09,8111,163542.0,3522324.0,21.7,21.7,21.4,21.45,0.45,129.0
2024-08-12,8111,127526.0,2746326.0,21.45,21.75,21.3,21.5,0.05,109.0
2024-08-13,8111,121120.0,2609920.0,21.5,21.75,21.3,21.6,0.1,151.0
2024-08-14,8111,174816.0,3788028.0,21.95,22.0,21.4,21.55,-0.05,159.0
2024-08-15,8111,107383.0,2309847.0,21.7,21.7,21.4,21.5,-0.05,96.0
2024-08-16,8111,177523.0,3820932.0,21.7,21.7,21.4,21.4,-0.1,108.0
2024-08-19,8111,95554.0,2063963.0,21.5,21.8,21.45,21.55,0.15,98.0
2024-08-20,8111,159255.0,3491010.0,21.6,22.15,21.6,21.8,0.25,105.0
2024-08-21,8111,100526.0,2185847.0,22.0,22.0,21.65,21.65,-0.15,106.0
2024-08-22,8111,310708.0,6852160.0,22.0,22.25,21.9,22.0,0.35,174.0
2024-08-23,8111,139690.0,3028857.0,22.0,22.0,21.6,21.65,-0.35,107.0
2024-08-26,8111,1665793.0,39040713.0,22.0,23.8,21.85,23.8,2.15,718.0
2024-08-27,8111,14314591.0,365793565.0,24.2,26.15,23.45,26.15,2.35,6571.0
2024-08-28,8111,21581590.0,597049725.0,26.15,28.7,26.1,28.0,1.85,11344.0
2024-08-29,8111,18480511.0,533547392.0,27.45,29.95,27.3,29.1,1.1,9617.0
2024-08-30,8111,19069478.0,570834436.0,30.0,30.8,29.0,29.9,0.8,10305.0
2024-09-02,8111,12186736.0,364893353.0,30.2,30.9,29.2,29.2,-0.7,6594.0
2024-09-03,8111,2998585.0,85310551.0,29.2,29.2,28.0,28.2,-1.0,1999.0
2024-09-04,8111,1806057.0,49253389.0,26.8,28.0,26.5,27.25,-0.95,1137.0
2024-09-05,8111,1216670.0,33327973.0,27.65,27.95,26.7,26.7,-0.55,909.0
2024-09-06,8111,1192550.0,33046153.0,27.4,28.05,27.2,27.7,1.0,920.0
2024-09-09,8111,1107432.0,30953143.0,27.2,28.85,27.2,28.65,0.95,778.0
2024-09-10,8111,1347517.0,37587483.0,29.0,29.0,27.2,27.3,-1.35,851.0
2024-09-11,8111,530855.0,14567435.0,27.75,27.8,27.2,27.25,-0.05,372.0
2024-09-12,8111,820183.0,22941518.0,27.75,28.1,27.7,27.9,0.65,591.0
2024-09-13,8111,2941547.0,86352629.0,28.5,30.0,28.5,29.75,1.85,1848.0
2024-09-16,8111,5264310.0,160003801.0,30.1,30.8,29.7,30.8,1.05,2860.0
2024-09-18,8111,12926245.0,398524709.0,31.1,31.95,29.5,29.7,-1.1,7241.0
2024-09-19,8111,5974921.0,180580528.0,29.6,30.85,29.5,30.1,0.4,3535.0
2024-09-20,8111,4106954.0,120969911.0,30.1,30.5,28.5,28.7,-1.4,2488.0
2024-09-23,8111,5185673.0,154437791.0,28.7,30.45,28.65,30.0,1.3,3138.0
2024-09-24,8111,16392436.0,509617286.0,29.75,32.0,29.3,32.0,2.0,8475.0
2024-09-25,8111,33715725.0,1151243676.0,33.3,35.2,32.7,35.2,3.2,16471.0
2024-09-26,8111,44784213.0,1558385142.0,35.15,36.7,33.2,33.45,-1.75,23214.0
2024-09-27,8111,18254292.0,626772738.0,34.05,35.7,33.5,33.8,0.35,9710.0
2024-09-30,8111,22625712.0,800064203.0,33.5,36.8,32.9,35.8,2.0,13447.0
2024-10-01,8111,39903027.0,1477025735.0,35.8,39.35,35.0,39.35,3.55,20748.0
2024-10-04,8111,16970403.0,725111752.0,42.5,43.25,41.05,43.25,3.9,6471.0
2024-10-07,8111,89941065.0,4067890929.0,44.5,47.0,43.75,44.7,1.45,46605.0
2024-10-08,8111,18606263.0,799796102.0,44.5,44.55,42.05,42.05,-2.65,12445.0
2024-10-09,8111,20106175.0,905200262.0,43.1,46.25,42.8,46.25,4.2,9900.0
2024-10-11,8111,48445686.0,2226661119.0,46.8,47.55,44.7,44.8,-1.45,26247.0
2024-10-14,8111,36252211.0,1645752649.0,44.35,47.2,42.7,45.8,1.0,21551.0
2024-10-15,8111,28752214.0,1310540920.0,46.25,48.25,42.85,43.6,-2.2,16709.0
2024-10-16,8111,28848344.0,1335421959.0,43.0,47.95,42.8,47.95,4.35,16157.0
2024-10-17,8111,35413768.0,1682442216.0,49.05,49.8,46.1,46.4,-1.55,20142.0
2024-10-18,8111,16538312.0,749811145.0,47.75,47.75,43.65,44.45,-1.95,9842.0
2024-10-21,8111,9543971.0,426642452.0,44.6,45.65,44.15,44.5,0.05,5723.0
2024-10-22,8111,7096874.0,316190874.0,44.05,45.5,43.8,44.3,-0.2,4511.0
2024-10-23,8111,10782687.0,485514499.0,44.3,46.2,44.2,44.75,0.45,6699.0
2024-10-24,8111,12471633.0,554264393.0,44.7,46.3,42.85,43.3,-1.45,7876.0
2024-10-25,8111,6464314.0,283258637.0,43.7,44.7,43.15,43.5,0.2,4110.0
2024-10-28,8111,9974863.0,412186724.0,43.6,43.65,40.0,41.05,-2.45,5787.0
2024-10-29,8111,4471005.0,181076041.0,41.0,41.45,40.05,40.3,-0.75,2901.0
2024-10-30,8111,4529986.0,183641911.0,40.75,41.5,39.8,40.05,-0.25,3414.0
2024-11-01,8111,14193486.0,591412291.0,38.05,43.3,37.85,42.35,2.3,9243.0
2024-11-04,8111,33755107.0,1496148800.0,42.7,46.25,41.8,43.7,1.35,22050.0
2024-11-05,8111,15568658.0,686049437.0,43.5,45.3,43.2,43.6,-0.1,9933.0
2024-11-06,8111,6646589.0,286056061.0,43.8,44.15,42.5,42.6,-1.0,4261.0
2024-11-07,8111,8212474.0,359196293.0,42.6,44.65,42.5,43.8,1.2,5288.0
2024-11-08,8111,12913120.0,556197313.0,44.3,45.3,40.9,42.3,-1.5,8493.0
2024-11-11,8111,6899115.0,276832522.0,41.9,42.15,39.15,39.5,-2.8,4377.0
2024-11-12,8111,4312733.0,167016475.0,39.75,40.05,38.0,38.55,-0.95,2800.0
2024-11-13,8111,3041242.0,117705228.0,39.0,39.6,38.15,38.15,-0.4,2052.0
2024-11-14,8111,5512925.0,204700268.0,38.35,38.7,36.2,36.35,-1.8,2966.0
2024-11-15,8111,4921733.0,179807478.0,36.9,37.3,35.65,36.6,0.25,3078.0
2024-11-18,8111,1946362.0,70402054.0,37.0,37.15,35.7,35.7,-0.9,1509.0
2024-11-19,8111,5316221.0,198201154.0,36.05,38.25,36.0,37.0,1.3,3639.0
2024-11-20,8111,3086694.0,114328646.0,37.1,37.9,36.4,37.25,0.25,2205.0
2024-11-21,8111,2047020.0,76600558.0,37.05,37.75,36.8,37.6,0.35,1373.0
2024-11-22,8111,2477750.0,93237119.0,37.9,38.5,37.0,37.0,-0.6,1850.0
2024-11-25,8111,6656555.0,261081260.0,37.45,40.3,37.25,39.55,2.55,4447.0
2024-11-26,8111,3739686.0,147553062.0,39.75,40.3,38.7,39.65,0.1,2665.0
2024-11-27,8111,5853510.0,229920336.0,39.4,40.4,38.25,39.0,-0.65,3788.0
2024-11-28,8111,5753546.0,224745557.0,38.95,40.2,38.0,38.3,-0.7,3599.0
2024-11-29,8111,4423297.0,173257696.0,38.55,39.7,38.3,39.45,1.15,2592.0
2024-12-02,8111,4288794.0,170160886.0,40.05,40.3,38.85,38.9,-0.55,2883.0
2024-12-03,8111,11078446.0,453304177.0,39.2,42.1,39.1,41.1,2.2,7461.0
2024-12-04,8111,16889865.0,712184419.0,41.5,43.5,41.25,42.45,1.35,10844.0
2024-12-05,8111,17890518.0,784079444.0,42.8,45.2,41.75,44.45,2.0,10360.0
2024-12-06,8111,32767849.0,1486113152.0,44.85,46.75,44.25,44.4,-0.05,20002.0
2024-12-09,8111,9209939.0,412122209.0,44.4,45.3,44.05,45.3,0.9,5788.0
2024-12-10,8111,11423184.0,514990286.0,45.3,46.5,44.1,44.65,-0.65,7067.0
2024-12-11,8111,15852855.0,722895917.0,45.0,46.35,43.0,46.15,1.5,9741.0
2024-12-12,8111,16103890.0,748233411.0,46.3,47.5,45.35,45.35,-0.8,10258.0
2024-12-13,8111,12778323.0,589121395.0,46.4,47.35,45.05,45.5,0.15,8409.0
2024-12-16,8111,10194727.0,466815983.0,46.1,46.65,44.5,46.1,0.6,6590.0
2024-12-17,8111,16174297.0,746520697.0,46.15,47.75,44.95,45.45,-0.65,10360.0
2024-12-18,8111,14099772.0,644582106.0,45.15,47.5,43.2,47.5,2.05,8941.0
2024-12-19,8111,49822189.0,2527924793.0,46.85,52.2,46.0,52.2,4.7,22962.0
2024-12-20,8111,80911072.0,4467101938.0,53.5,57.4,52.5,53.0,0.8,40693.0
2024-12-23,8111,24796981.0,1313451468.0,53.6,54.2,51.5,53.0,0.0,13395.0
2024-12-24,8111,39282955.0,2107620335.0,53.0,56.8,50.9,52.0,-1.0,23420.0
2024-12-25,8111,30800565.0,1679233443.0,52.7,56.7,52.2,54.7,2.7,19167.0
2024-12-26,8111,15628185.0,853364606.0,55.0,55.6,53.7,53.8,-0.9,10110.0
2024-12-27,8111,13051705.0,709024066.0,53.6,55.8,53.4,53.9,0.1,8126.0
2024-12-30,8111,32169204.0,1778815294.0,54.6,57.2,53.8,54.4,0.5,19576.0
2024-12-31,8111,15169177.0,814974548.0,54.0,55.3,52.7,53.9,-0.5,9619.0
2025-01-02,8111,14654747.0,757900951.0,53.9,53.9,49.7,51.3,-2.6,8960.0
2025-01-03,8111,9425571.0,479323129.0,52.0,52.3,49.9,50.5,-0.8,5848.0
2025-01-06,8111,5128917.0,261946433.0,51.3,51.9,50.1,51.0,0.5,3723.0
2025-01-07,8111,5709125.0,294167965.0,51.5,52.6,50.3,52.5,1.5,4120.0
2025-01-08,8111,8800576.0,449887198.0,51.0,52.0,50.1,51.8,-0.7,5428.0
2025-01-09,8111,7296271.0,371391594.0,51.4,52.2,50.2,50.5,-1.3,4711.0
2025-01-10,8111,28333460.0,1503950837.0,50.5,54.5,50.5,52.9,2.4,17875.0
2025-01-13,8111,14284898.0,701112874.0,52.4,53.0,47.65,47.65,-5.25,9183.0
2025-01-14,8111,8084513.0,375174286.0,46.9,47.4,45.7,46.0,-1.65,4907.0
2025-01-15,8111,10874656.0,512084199.0,46.2,48.3,46.0,46.65,0.65,7059.0
2025-01-16,8111,18036256.0,904178840.0,47.95,51.3,47.8,51.3,4.65,10031.0
2025-01-17,8111,43871460.0,2338148390.0,50.5,54.9,50.5,53.6,2.3,25986.0
2025-01-20,8111,17995950.0,972098637.0,54.0,54.7,53.0,54.3,0.7,10963.0
2025-01-21,8111,26373214.0,1446861273.0,54.2,56.8,53.1,53.6,-0.7,16194.0
2025-01-22,8111,14407474.0,763572060.0,53.6,54.5,51.6,52.0,-1.6,9587.0
2025-02-03,8111,8920321.0,426166017.0,49.7,50.0,46.8,46.8,-5.2,5756.0
2025-02-04,8111,7747310.0,358089647.0,46.8,47.65,44.7,46.8,0.0,5157.0
2025-02-05,8111,5238152.0,248376023.0,47.55,48.25,47.0,47.3,0.5,3860.0
2025-02-06,8111,7772881.0,378943151.0,48.3,49.7,47.8,49.25,1.95,5272.0
2025-02-07,8111,8777673.0,434300297.0,49.25,50.6,48.35,49.1,-0.15,6147.0
2025-02-10,8111,5832599.0,277591820.0,48.45,48.75,47.05,47.05,-2.05,4114.0
2025-02-11,8111,5017007.0,237126159.0,47.05,48.1,46.5,47.1,0.05,3762.0
2025-02-12,8111,6049008.0,283804068.0,47.25,48.5,45.5,46.5,-0.6,4358.0
2025-02-13,8111,2636720.0,122915231.0,46.5,47.1,46.0,46.85,0.35,1930.0
2025-02-14,8111,3468245.0,162185626.0,46.85,47.8,46.05,46.15,-0.7,2620.0
2025-02-17,8111,2258753.0,104168580.0,46.5,46.7,45.85,45.85,-0.3,1780.0
2025-02-18,8111,2691173.0,123579245.0,46.0,46.55,45.45,45.7,-0.15,1971.0
2025-02-19,8111,2564487.0,117361572.0,46.05,46.15,45.5,45.5,-0.2,1783.0
2025-02-20,8111,6622712.0,290594921.0,45.5,45.65,42.65,42.65,-2.85,4566.0
2025-02-21,8111,4616026.0,200777118.0,42.95,44.5,42.25,44.05,1.4,3199.0
2025-02-24,8111,1931228.0,85000069.0,44.0,44.5,43.3,44.25,0.2,1725.0
2025-02-25,8111,2206541.0,95951698.0,44.0,44.1,43.2,43.5,-0.75,2046.0
2025-02-26,8111,4552771.0,204750852.0,43.05,46.1,43.05,45.85,2.35,3067.0
2025-02-27,8111,6931317.0,322977039.0,46.3,47.4,46.0,46.2,0.35,4803.0
2025-03-03,8111,3666501.0,170107012.0,46.0,47.0,45.6,46.7,0.5,2496.0
2025-03-04,8111,6848572.0,324153112.0,46.05,48.45,45.8,47.5,0.8,5146.0
2025-03-05,8111,9877127.0,483817770.0,47.7,49.8,47.7,49.8,2.3,6802.0
2025-03-06,8111,15604409.0,792113891.0,50.3,51.8,49.95,50.5,0.7,10727.0
2025-03-07,8111,6121294.0,308069525.0,49.95,51.2,49.85,49.9,-0.6,3528.0
2025-03-10,8111,7363959.0,365952867.0,50.4,50.9,48.1,49.15,-0.75,4778.0
2025-03-11,8111,4864336.0,231627229.0,47.5,49.0,46.65,48.3,-0.85,4397.0
2025-03-12,8111,7626727.0,384502492.0,48.7,51.2,48.7,50.6,2.3,5731.0
2025-03-13,8111,9280410.0,472917223.0,51.2,52.1,49.95,50.0,-0.6,5846.0
2025-03-14,8111,5937360.0,299681261.0,50.2,51.4,49.35,51.1,1.1,4693.0
2025-03-17,8111,17488186.0,970165829.0,52.1,56.2,52.1,56.2,5.1,8535.0
2025-03-18,8111,93901170.0,5479420029.0,57.9,61.5,55.4,58.8,2.6,51325.0
2025-03-19,8111,77667038.0,4880778866.0,60.0,64.6,59.0,64.6,5.8,35133.0
2025-03-20,8111,151176882.0,10162193329.0,65.7,70.9,64.6,68.9,4.3,77751.0
2025-03-21,8111,47235309.0,3199676952.0,69.6,69.8,66.1,67.4,-1.5,27247.0
2025-03-24,8111,6014979.0,379612547.0,66.7,66.7,60.8,63.3,-4.1,4893.0
2025-03-25,8111,3204578.0,196730617.0,63.4,63.4,60.2,60.8,-2.5,3016.0
2025-03-26,8111,2392585.0,146074677.0,61.0,62.2,60.3,60.3,-0.5,2303.0
2025-03-27,8111,3400889.0,197997276.0,59.2,59.3,57.2,57.4,-2.9,2858.0
2025-03-28,8111,2792507.0,157849662.0,57.0,58.5,55.2,56.0,-1.4,2231.0
2025-03-31,8111,4435330.0,229282449.0,53.5,54.2,50.4,50.4,-5.6,2882.0
2025-04-01,8111,2460185.0,124185182.0,50.5,51.7,50.0,50.2,-0.2,1714.0
2025-04-02,8111,2079471.0,106072182.0,50.8,52.0,50.2,50.4,0.2,1472.0
2025-04-07,8111,292669.0,13287119.0,45.4,45.4,45.4,45.4,-5.0,405.0
2025-04-08,8111,910928.0,37256842.0,40.9,40.9,40.9,40.9,-4.5,815.0
2025-04-09,8111,2404001.0,88815132.0,36.85,38.0,36.85,36.85,-4.05,1414.0
2025-04-10,8111,4660246.0,188660153.0,40.5,40.5,40.3,40.5,3.65,2177.0
2025-04-11,8111,7933804.0,291005613.0,36.45,37.95,36.45,37.1,-3.4,7062.0
2025-04-14,8111,9855331.0,384607047.0,38.45,40.8,37.7,37.9,0.8,6105.0
2025-04-15,8111,8737837.0,352525499.0,38.6,41.65,38.5,41.65,3.75,5522.0
2025-04-16,8111,32122658.0,1364482041.0,42.6,43.7,41.1,41.5,-0.15,19792.0
2025-04-17,8111,8981354.0,366182327.0,41.45,41.85,39.85,40.25,-1.25,6054.0
2025-04-18,8111,7349670.0,300244397.0,40.85,41.8,40.2,40.4,0.15,4895.0
2025-04-21,8111,7487782.0,286036036.0,40.5,40.65,36.85,36.95,-3.45,6150.0
2025-04-22,8111,10339906.0,395849377.0,36.35,39.5,36.35,37.55,0.6,7299.0
2025-04-23,8111,10024801.0,404253374.0,39.95,41.3,39.2,40.1,2.55,7416.0
2025-04-24,8111,6106001.0,243636382.0,40.65,40.7,39.1,39.5,-0.6,3837.0
2025-04-25,8111,6116922.0,249018139.0,40.9,41.35,40.2,40.2,0.7,4362.0
2025-04-28,8111,7253109.0,314834302.0,41.3,44.2,40.8,44.2,4.0,3789.0
2025-04-29,8111,3652441.0,177508598.0,48.6,48.6,48.6,48.6,4.4,1029.0
2025-04-30,8111,26897972.0,1236280137.0,48.6,48.6,44.25,44.55,-4.05,15071.0
2025-05-02,8111,10854199.0,493212347.0,45.7,46.2,44.6,45.05,0.5,7038.0
2025-05-05,8111,8618742.0,375892968.0,45.4,45.9,41.55,43.2,-1.85,5428.0
2025-05-06,8111,4678836.0,204468639.0,43.2,44.5,43.0,43.5,0.3,3478.0
2025-05-07,8111,21752372.0,998889538.0,44.2,47.5,43.55,45.3,1.8,16459.0
2025-05-08,8111,12776526.0,585399699.0,46.0,46.45,45.25,45.6,0.3,8475.0
2025-05-09,8111,38806878.0,1871481414.0,46.1,49.9,45.9,48.3,2.7,26482.0
2025-05-12,8111,15068586.0,729887289.0,48.65,49.1,47.9,49.0,0.7,10363.0
2025-05-13,8111,16069891.0,798001582.0,50.4,51.5,48.35,50.6,1.6,10174.0
2025-05-14,8111,29500747.0,1598298659.0,51.0,55.6,50.6,54.0,3.4,18605.0
2025-05-15,8111,13268251.0,708127912.0,54.0,54.5,52.3,53.4,-0.6,10884.0
2025-05-16,8111,7633960.0,407279424.0,53.4,54.1,52.3,53.6,0.2,5813.0
2025-05-19,8111,7765098.0,412207651.0,53.5,54.2,52.0,52.6,-1.0,5282.0
2025-05-20,8111,13469232.0,723108877.0,53.1,55.0,52.2,52.3,-0.3,8958.0
2025-05-21,8111,4578150.0,240250202.0,52.7,53.3,52.1,52.1,-0.2,3498.0
2025-05-22,8111,5083612.0,258475478.0,51.6,51.8,50.3,50.5,-1.6,3491.0
2025-05-23,8111,7723242.0,401581251.0,51.8,52.9,51.1,52.0,1.5,5526.0
2025-05-26,8111,9303580.0,497815585.0,52.0,54.8,51.3,53.6,1.6,6908.0
2025-05-27,8111,13665541.0,733342828.0,54.7,55.2,52.1,52.1,-1.5,9887.0
2025-05-28,8111,6764696.0,348965090.0,52.7,53.7,50.0,50.5,-1.6,4254.0
2025-05-29,8111,5477447.0,278763720.0,51.2,52.0,50.1,50.4,-0.1,3821.0
2025-06-02,8111,5219905.0,252819741.0,49.6,49.95,47.65,48.25,-2.15,3617.0
2025-06-03,8111,3738507.0,180508339.0,48.8,49.2,47.6,47.6,-0.65,2705.0
2025-06-04,8111,3762423.0,182199171.0,48.0,49.15,48.0,48.25,0.65,2468.0
2025-06-05,8111,3755833.0,183426192.0,48.5,49.7,48.1,48.3,0.05,2547.0
2025-06-06,8111,15850028.0,804568932.0,49.5,52.5,48.8,50.8,2.5,10451.0
2025-06-09,8111,10564580.0,542099774.0,50.8,52.0,50.2,52.0,1.2,7027.0
2025-06-10,8111,6244713.0,323961556.0,52.1,52.5,51.2,52.2,0.2,4148.0
2025-06-11,8111,25894160.0,1398414098.0,52.5,55.2,52.4,54.1,1.9,16119.0
2025-06-12,8111,11345392.0,615917095.0,54.3,54.9,53.7,54.1,0.0,8186.0
2025-06-13,8111,7857221.0,416021695.0,53.9,54.1,52.0,52.2,-1.9,5354.0
2025-06-16,8111,15131842.0,820583189.0,52.4,55.8,52.3,54.2,2.0,10145.0
2025-06-17,8111,20979073.0,1175317938.0,55.0,58.0,54.0,54.0,-0.2,14836.0
2025-06-18,8111,5819789.0,316275025.0,54.5,55.2,53.6,53.6,-0.4,4289.0
2025-06-19,8111,8863049.0,480478175.0,54.0,55.5,52.4,52.4,-1.2,6110.0
2025-06-20,8111,4566010.0,234202108.0,51.9,52.5,50.5,50.6,0.0,3196.0
2025-06-23,8111,3046031.0,152725511.0,49.6,51.0,48.95,50.7,0.1,2280.0
2025-06-24,8111,5061372.0,264770991.0,51.7,53.1,51.6,52.6,1.9,3538.0
2025-06-25,8111,4243981.0,222728449.0,52.6,53.5,51.8,52.3,-0.3,3073.0
2025-06-26,8111,5174457.0,272477460.0,52.0,53.8,51.6,51.7,-0.6,3455.0
2025-06-27,8111,4193571.0,212885352.0,51.8,52.1,50.2,50.2,-1.5,2937.0
2025-06-30,8111,3019997.0,149582791.0,50.5,50.8,49.15,49.2,-1.0,2205.0
2025-07-01,8111,3487832.0,174743349.0,49.5,51.2,49.35,49.35,0.15,2472.0
2025-07-02,8111,1535902.0,75897860.0,49.1,49.85,49.0,49.6,0.25,1263.0
2025-07-03,8111,1954407.0,97329014.0,50.0,50.4,49.35,49.55,-0.05,1409.0
2025-07-04,8111,4886251.0,243897852.0,49.45,51.1,49.0,49.0,-0.55,3331.0
2025-07-07,8111,2115484.0,101613618.0,48.95,49.15,47.75,47.8,-1.2,1749.0
2025-07-08,8111,2227189.0,104277209.0,47.05,47.45,46.25,46.8,-1.0,1763.0
2025-07-09,8111,3047867.0,147916732.0,46.8,49.45,46.65,49.05,2.25,2521.0
2025-07-10,8111,4307716.0,213632181.0,49.05,50.5,48.8,48.8,-0.25,3171.0
2025-07-11,8111,1687325.0,82407213.0,48.5,49.6,48.5,48.6,-0.2,1532.0
2025-07-14,8111,1584844.0,75844561.0,48.05,48.5,47.5,47.5,-1.1,1277.0
2025-07-15,8111,2023592.0,97462308.0,47.4,48.85,47.4,47.9,0.4,1591.0
2025-07-16,8111,2099809.0,102450857.0,48.05,49.3,48.05,48.9,1.0,1889.0
2025-07-17,8111,2074972.0,101786729.0,48.75,49.55,48.4,49.15,0.25,1657.0
2025-07-18,8111,8679057.0,443005727.0,49.7,52.6,49.4,52.3,3.15,6166.0
2025-07-21,8111,6890157.0,359843094.0,52.5,53.0,51.7,52.0,-0.3,5166.0
2025-07-22,8111,6572685.0,336862742.0,52.1,53.1,49.8,49.9,-2.1,4253.0
2025-07-23,8111,3086386.0,154627953.0,50.7,51.2,49.55,49.55,-0.35,2288.0
2025-07-24,8111,3737258.0,185247783.0,49.7,50.5,49.1,49.1,-0.45,2876.0
2025-07-25,8111,1946021.0,95220357.0,49.1,49.5,48.45,48.7,-0.4,1657.0
2025-07-28,8111,1671670.0,82313676.0,49.55,49.9,48.85,49.0,0.3,1177.0
2025-07-29,8111,1611559.0,78163020.0,49.0,49.5,48.0,48.0,-1.0,1482.0
2025-07-30,8111,1272102.0,60877676.0,48.15,48.45,47.4,47.85,-0.15,1491.0
2025-07-31,8111,4838617.0,240576478.0,48.15,50.5,48.15,49.9,2.05,3733.0
2025-08-01,8111,2634290.0,131287685.0,49.3,50.5,48.95,50.3,0.4,2100.0
2025-08-04,8111,1554346.0,77536545.0,49.9,50.4,49.2,50.0,-0.3,1207.0
2025-08-05,8111,2780825.0,140191398.0,50.5,51.4,49.6,49.6,-0.4,2115.0
2025-08-06,8111,2978597.0,144858989.0,49.4,49.65,48.05,48.15,-1.45,2983.0
2025-08-07,8111,2970708.0,147814522.0,49.2,50.4,49.1,49.3,1.15,2174.0
2025-08-08,8111,2057409.0,101219418.0,49.75,50.3,48.8,48.8,-0.5,1866.0
2025-08-11,8111,1287252.0,62751429.0,48.95,49.1,48.4,48.55,-0.25,1008.0
2025-08-12,8111,12038890.0,620262723.0,48.7,53.2,48.7,53.1,4.55,9154.0
2025-08-13,8111,14484974.0,756776267.0,54.0,54.6,49.7,51.2,-1.9,10810.0
2025-08-14,8111,22087350.0,1205053908.0,51.2,56.3,50.4,56.3,5.1,14413.0
2025-08-15,8111,30311878.0,1679297235.0,56.9,58.2,53.0,54.0,-2.3,21459.0
2025-08-18,8111,11464074.0,633585495.0,54.0,56.6,53.8,54.6,0.6,8842.0
2025-08-19,8111,6912169.0,367149577.0,55.1,55.5,52.0,52.0,-2.6,4656.0
2025-08-20,8111,5666100.0,283763644.0,52.0,52.5,49.2,49.2,-2.8,5260.0
2025-08-21,8111,3316731.0,166830163.0,49.4,51.2,49.4,49.9,0.7,2876.0
2025-08-22,8111,2830946.0,141038222.0,50.3,51.0,49.1,49.3,-0.6,2279.0
2025-08-25,8111,4194768.0,215308277.0,50.5,52.3,50.4,51.1,1.8,3434.0
2025-08-26,8111,2435960.0,125588182.0,51.4,52.2,50.9,51.5,0.4,2034.0
2025-08-27,8111,4116712.0,216354034.0,52.3,53.2,52.0,52.1,0.6,3204.0
2025-08-28,8111,3126697.0,161676860.0,52.5,52.8,50.9,51.3,-0.8,2610.0
2025-08-29,8111,5234392.0,274132230.0,52.2,53.4,51.6,51.7,0.4,3702.0
2025-09-01,8111,3151140.0,160205143.0,51.7,52.6,49.95,50.2,-1.5,2525.0
2025-09-02,8111,2152275.0,108053307.0,50.8,51.3,49.55,50.1,-0.1,1613.0
2025-09-03,8111,1572518.0,79194431.0,50.5,50.8,49.9,50.1,0.0,1338.0
2025-09-04,8111,2133715.0,106875728.0,50.6,51.1,49.65,49.65,-0.45,1558.0
2025-09-05,8111,4079819.0,209145318.0,50.5,52.0,50.1,51.6,1.95,2633.0
2025-09-08,8111,12747289.0,686321644.0,52.4,54.9,52.1,53.0,1.4,8406.0
2025-09-09,8111,27431466.0,1556891520.0,53.4,58.3,52.4,57.7,4.7,18462.0
2025-09-10,8111,19679098.0,1127206494.0,58.0,59.0,56.1,56.1,-1.6,17249.0
2025-09-11,8111,11981587.0,642391953.0,56.7,57.2,51.1,51.1,-5.0,8726.0
2025-09-12,8111,8953431.0,464290994.0,52.2,53.5,50.7,51.2,0.1,6422.0
2025-09-15,8111,3160652.0,160999422.0,51.7,51.8,50.4,51.3,0.1,2147.0
2025-09-16,8111,1837331.0,94024030.0,51.7,51.8,50.7,51.4,0.1,1421.0
2025-09-17,8111,2605864.0,135052837.0,51.4,52.3,51.0,52.0,0.6,1821.0
2025-09-18,8111,3531693.0,185967358.0,52.3,53.4,51.6,53.4,1.4,2501.0
2025-09-19,8111,14687605.0,817545792.0,53.7,58.0,53.6,54.2,0.8,9329.0
2025-09-22,8111,5288656.0,290882019.0,54.2,56.1,54.2,54.7,0.5,5841.0
2025-09-23,8111,6976438.0,386113930.0,55.4,56.3,54.3,55.3,0.6,5092.0
2025-09-24,8111,4385760.0,238002971.0,55.7,55.7,53.2,54.3,-1.0,3587.0
2025-09-25,8111,2963434.0,158713172.0,54.1,54.7,52.8,52.8,-1.5,2540.0
2025-09-26,8111,2973334.0,155619883.0,52.6,54.0,51.4,53.8,1.0,2142.0
2025-09-30,8111,4782206.0,263291496.0,53.5,55.8,53.5,55.6,1.8,3630.0
2025-10-01,8111,5616084.0,315089709.0,56.1,57.3,55.0,55.1,-0.5,5075.0
2025-10-02,8111,4090097.0,227359562.0,56.0,56.7,54.5,54.5,-0.6,4423.0
2025-10-03,8111,1882214.0,101588233.0,54.5,54.9,53.6,53.7,-0.8,2142.0
2025-10-07,8111,1838965.0,98987961.0,53.8,54.4,53.4,53.6,-0.1,1702.0
2025-10-08,8111,2720159.0,146864893.0,53.6,55.3,52.5,55.2,1.6,2133.0
2025-10-09,8111,2485881.0,134738153.0,55.2,55.8,53.6,53.6,-1.6,2192.0
2025-10-13,8111,2234823.0,116254999.0,51.1,53.4,50.7,53.2,-0.4,1844.0
2025-10-14,8111,2895637.0,156243623.0,54.0,55.4,52.5,53.1,-0.1,2154.0
2025-10-15,8111,2273979.0,119396389.0,53.9,53.9,51.8,52.3,-0.8,1648.0
2025-10-16,8111,2268402.0,121706551.0,52.3,54.5,52.3,53.5,1.2,1554.0
2025-10-17,8111,954860.0,50972214.0,53.5,54.0,52.9,54.0,0.5,802.0
2025-10-20,8111,6560901.0,366919663.0,54.0,57.0,54.0,55.1,1.1,5045.0
2025-10-21,8111,2468423.0,136316661.0,56.0,56.4,54.6,55.1,0.0,2493.0
2025-10-22,8111,2065112.0,113154113.0,55.2,55.8,54.2,54.4,-0.7,2900.0
2025-10-23,8111,1443857.0,77244553.0,54.0,54.3,53.1,53.3,-1.1,1819.0
2025-10-27,8111,1948085.0,105521823.0,54.1,54.7,53.1,54.6,1.3,1784.0
2025-10-28,8111,3122313.0,171135460.0,54.8,55.7,54.0,54.0,-0.6,2691.0
2025-10-29,8111,3085960.0,169720899.0,54.5,55.6,54.2,55.5,1.5,2092.0
2025-10-30,8111,9974203.0,563637028.0,55.4,58.8,53.6,57.0,1.5,6932.0
2025-10-31,8111,21473231.0,1300083248.0,57.0,62.7,57.0,61.5,4.5,17889.0
2025-11-03,8111,22018308.0,1324413272.0,63.0,65.0,57.3,58.3,-3.2,16784.0
2025-11-04,8111,9150329.0,543572343.0,58.2,60.5,57.9,59.9,1.6,7950.0
2025-11-05,8111,16946937.0,1067384527.0,57.9,65.8,57.3,65.8,5.9,11365.0
2025-11-06,8111,53812804.0,3690443811.0,66.2,71.0,65.7,67.6,1.8,34360.0
2025-11-07,8111,20433137.0,1345281131.0,67.3,68.9,63.2,66.5,-1.1,12964.0
2025-11-10,8111,12958243.0,823972595.0,66.5,66.7,61.3,62.3,-4.2,8614.0
2025-11-11,8111,10481319.0,673488556.0,63.0,66.0,62.6,65.4,3.1,9693.0
2025-11-12,8111,10771240.0,700648816.0,65.4,67.0,63.5,65.8,0.4,8963.0
2025-11-13,8111,15562872.0,1045423879.0,65.8,69.5,64.5,69.5,3.7,11425.0
2025-11-14,8111,23240023.0,1607941690.0,68.3,71.5,66.7,68.5,-1.0,14945.0
2025-11-17,8111,33733268.0,2377654350.0,70.7,74.0,68.0,68.6,0.1,21927.0
2025-11-18,8111,20539841.0,1336686599.0,67.0,67.5,63.0,63.4,-5.2,12306.0
2025-11-19,8111,7501613.0,471313505.0,63.5,64.6,61.5,61.9,-1.5,4808.0
2025-11-20,8111,8851490.0,564300286.0,63.9,65.7,61.9,62.7,0.8,6462.0
2025-11-21,8111,7913527.0,474344346.0,61.1,62.6,58.0,58.8,-3.9,6098.0
2025-11-24,8111,6014686.0,365116647.0,59.5,62.1,58.9,61.6,2.8,5127.0
2025-11-25,8111,12060976.0,784287291.0,63.5,66.4,63.4,65.3,3.7,9128.0
2025-11-26,8111,19539682.0,1330522497.0,66.2,69.5,65.6,68.0,2.7,15500.0
2025-11-27,8111,26273103.0,1854042883.0,70.0,72.6,68.5,70.1,2.1,19894.0
2025-11-28,8111,16186901.0,1138542425.0,70.2,72.3,68.6,69.0,-1.1,11244.0
2025-12-01,8111,8417095.0,573219876.0,68.6,69.4,66.9,67.8,-1.2,5881.0
2025-12-02,8111,7647994.0,521771706.0,68.7,69.4,67.2,68.1,0.3,8443.0
2025-12-03,8111,23601054.0,1707348991.0,68.3,74.9,68.3,74.9,6.8,14569.0
2025-12-04,8111,82794766.0,6253754439.0,77.1,81.7,70.2,70.7,-4.2,44878.0
2025-12-05,8111,15628607.0,1094355244.0,70.7,71.4,68.5,70.7,0.0,9792.0
2025-12-08,8111,8163667.0,579703535.0,70.7,72.0,70.0,71.3,0.6,5418.0
2025-12-09,8111,8013833.0,564359266.0,70.2,71.4,69.6,70.5,-0.8,5568.0
2025-12-10,8111,9689623.0,693380850.0,71.0,73.2,70.3,71.4,0.9,9086.0
2025-12-11,8111,3730298.0,259581721.0,71.4,71.4,68.7,69.1,-2.3,3009.0
2025-12-12,8111,1353841.0,93077242.0,69.1,69.3,68.1,69.2,0.1,1195.0
2025-12-15,8111,1078328.0,75233235.0,68.1,70.8,68.1,70.1,0.9,979.0
2025-12-16,8111,973004.0,67508525.0,70.5,70.6,68.6,69.2,-0.9,922.0
2025-12-17,8111,578222.0,40194469.0,70.5,70.5,69.0,69.0,-0.2,565.0
2025-12-18,8111,626321.0,43249838.0,69.5,69.5,68.8,68.8,-0.2,533.0
2025-12-19,8111,822407.0,57540245.0,69.8,70.5,69.3,70.2,1.4,776.0
2025-12-22,8111,2367789.0,171821064.0,71.0,73.5,70.9,73.5,3.3,2154.0
2025-12-23,8111,3337507.0,250487108.0,74.3,76.0,74.3,75.4,1.9,2984.0
2025-12-24,8111,4211998.0,323979500.0,77.0,77.5,75.5,77.4,2.0,3336.0
2025-12-26,8111,13949832.0,1059307993.0,78.0,79.8,74.1,75.8,-1.6,10195.0
2025-12-29,8111,7080425.0,520148857.0,75.8,75.8,72.2,73.7,-2.1,5401.0
2025-12-30,8111,2694074.0,198460402.0,72.8,74.4,72.8,73.3,-0.4,2237.0
2025-12-31,8111,3591472.0,265277671.0,74.0,75.2,72.9,73.2,-0.1,3589.0
2026-01-02,8111,3305046.0,241596774.0,73.8,75.0,72.1,72.3,-0.9,3728.0
2026-01-05,8111,4401591.0,309442664.0,72.6,72.7,69.4,69.7,-2.6,4026.0
2026-01-06,8111,2400165.0,166306976.0,70.4,70.5,68.5,68.6,-1.1,3580.0
2026-01-07,8111,3289882.0,223717143.0,68.5,69.8,67.0,67.0,-1.6,2834.0
2026-01-08,8111,3809607.0,258483675.0,67.1,69.7,66.4,68.2,1.2,2840.0
2026-01-09,8111,2763517.0,189693327.0,68.8,69.7,66.8,69.7,1.5,2448.0
2026-01-12,8111,3003863.0,210440502.0,71.5,71.7,69.1,69.2,-0.5,2751.0
2026-01-13,8111,2887963.0,195641835.0,70.0,70.0,66.8,67.0,-2.2,2610.0
2026-01-14,8111,1114444.0,75807435.0,68.0,68.9,67.1,68.2,1.2,1090.0
2026-01-15,8111,1175774.0,79744922.0,68.3,68.4,67.4,67.5,-0.7,995.0
2026-01-16,8111,2356098.0,158166834.0,67.8,68.7,66.0,66.2,-1.3,2283.0
2026-01-19,8111,4675413.0,300440888.0,66.3,66.8,62.8,63.4,-2.8,3480.0
2026-01-20,8111,9075170.0,619364044.0,63.8,69.7,63.4,68.0,4.6,6937.0
2026-01-21,8111,5910970.0,398472702.0,68.0,69.6,65.0,65.1,-2.9,4441.0
2026-01-22,8111,1762070.0,116098157.0,66.4,67.0,65.1,65.2,0.1,1641.0
2026-01-23,8111,1414460.0,92092323.0,65.6,66.1,64.5,65.0,-0.2,1671.0
2026-01-26,8111,1435111.0,92935776.0,65.0,66.2,64.1,64.3,-0.7,1259.0
2026-01-27,8111,4549031.0,304088107.0,64.8,68.5,64.8,65.6,1.3,3459.0
2026-01-28,8111,14946771.0,1059049452.0,66.1,72.1,66.0,71.5,5.9,12289.0
2026-01-29,8111,15837783.0,1122393976.0,71.8,73.5,68.1,68.9,-2.6,11961.0
2026-01-30,8111,3595305.0,241870509.0,67.5,69.4,66.5,66.7,-2.2,3038.0
2026-02-02,8111,3173815.0,207829268.0,65.5,68.0,63.9,64.5,-2.2,2672.0
2026-02-03,8111,2949448.0,197409386.0,66.4,69.9,64.8,65.4,0.9,2405.0
2026-02-04,8111,2479347.0,165697875.0,65.0,67.9,64.8,67.7,2.3,2061.0
2026-02-05,8111,6095469.0,421423239.0,68.3,71.7,66.8,67.9,0.2,4675.0
2026-02-06,8111,3795590.0,242783468.0,67.0,67.4,61.2,64.0,-3.9,2926.0
2026-02-09,8111,2129549.0,140063846.0,66.0,67.3,64.5,65.2,1.2,1733.0
2026-02-10,8111,7599617.0,521338906.0,66.8,70.3,65.5,67.4,2.2,5442.0
2026-02-11,8111,2816902.0,184296675.0,67.5,67.5,64.5,65.2,-2.2,3661.0
2026-02-23,8111,5079100.0,346982764.0,66.8,69.3,66.1,68.4,3.2,3728.0
2026-02-24,8111,5988515.0,421309202.0,68.4,72.0,68.1,69.7,1.3,5413.0
2026-02-25,8111,4051977.0,284547165.0,70.5,71.9,69.0,71.0,1.3,4525.0
2026-02-26,8111,4109049.0,290447393.0,70.1,71.8,69.8,70.1,-0.9,3732.0
2026-03-02,8111,6476885.0,460015570.0,67.3,72.8,66.8,71.0,0.9,4539.0
2026-03-03,8111,12523121.0,905663587.0,71.7,74.3,70.2,71.5,0.5,8706.0
2026-03-04,8111,5534866.0,368785996.0,69.9,69.9,64.8,66.2,-5.3,4224.0
2026-03-05,8111,3921700.0,266615170.0,68.6,70.5,65.1,66.7,0.5,3111.0
2026-03-06,8111,1699157.0,112344869.0,66.9,67.6,65.5,65.8,-0.9,1653.0
2026-03-09,8111,3327549.0,198538832.0,60.0,61.0,59.3,59.7,-6.1,2469.0
2026-03-10,8111,1957681.0,120156303.0,62.0,62.2,60.0,61.8,2.1,1842.0
2026-03-11,8111,1591992.0,102814699.0,62.8,65.7,62.8,64.9,3.1,1668.0
2026-03-12,8111,1697502.0,110525036.0,65.0,66.5,64.2,64.3,-0.6,1953.0
2026-03-13,8111,2759862.0,180355785.0,63.1,67.5,62.3,67.0,2.7,2205.0
2026-03-16,8111,3169317.0,213933749.0,67.5,68.8,65.7,68.4,1.4,2650.0
2026-03-17,8111,4515136.0,310564981.0,69.2,69.7,68.0,68.0,-0.4,3443.0
2026-03-18,8111,3074596.0,205243279.0,68.5,68.7,65.6,66.0,-2.0,2693.0
2026-03-19,8111,2795565.0,187149682.0,65.2,68.5,65.0,65.6,-0.4,2421.0
2026-03-20,8111,3176913.0,211542803.0,67.0,68.2,65.0,65.1,-0.5,2700.0
2026-03-23,8111,1760060.0,111383000.0,63.9,64.7,62.2,62.5,-2.6,2281.0
2026-03-24,8111,1573865.0,97750438.0,64.1,64.8,60.5,60.7,-1.8,1541.0
2026-03-25,8111,1347695.0,86161972.0,63.6,64.6,62.2,63.6,2.9,1529.0
2026-03-26,8111,1936079.0,125078077.0,64.8,66.2,62.7,62.7,-0.9,3358.0
2026-03-27,8111,817608.0,50639885.0,62.0,62.7,61.0,62.3,-0.4,1044.0
2026-03-30,8111,1267011.0,76504693.0,60.7,61.0,59.5,60.6,-1.7,1241.0
2026-03-31,8111,1625159.0,96190774.0,60.2,61.4,58.0,58.0,-2.6,1595.0
2026-04-01,8111,1020259.0,62388001.0,62.7,62.7,60.0,60.5,2.5,842.0
2026-04-02,8111,1152680.0,68612293.0,60.0,61.1,58.6,58.6,-1.9,1090.0
2026-04-07,8111,1145210.0,68620689.0,59.0,61.1,58.6,60.6,2.0,1073.0
2026-04-08,8111,1504778.0,92274872.0,61.6,62.5,60.8,61.1,0.5,1232.0
2026-04-09,8111,2199980.0,135754501.0,61.8,63.1,60.9,61.0,-0.1,1475.0
2026-04-10,8111,4757690.0,305013801.0,61.5,66.9,60.9,65.0,4.0,3364.0
2026-04-13,8111,5143318.0,341016970.0,64.4,69.0,62.6,66.9,1.9,4028.0
2026-04-14,8111,7179580.0,497320563.0,68.0,71.2,67.3,68.7,1.8,4749.0
2026-04-15,8111,9454845.0,672131212.0,70.0,72.5,69.4,70.7,2.0,8608.0
2026-04-16,8111,7196333.0,520983770.0,72.5,73.6,71.4,72.0,1.3,6179.0
2026-04-17,8111,16317476.0,1266707013.0,72.5,79.2,72.4,79.2,7.2,11405.0
2026-04-20,8111,30582766.0,2427640685.0,83.3,84.1,75.8,77.6,-1.6,22760.0
2026-04-21,8111,10431197.0,821258349.0,78.2,82.0,76.2,80.9,3.3,7863.0
2026-04-22,8111,8517801.0,667012705.0,80.3,80.6,76.8,77.0,-3.9,6820.0
2026-04-23,8111,10679708.0,774461608.0,77.6,78.5,69.3,71.0,-6.0,7679.0
2026-04-24,8111,5175665.0,357443511.0,71.5,72.7,66.6,68.1,-2.9,5254.0
2026-04-27,8111,4150559.0,273821402.0,68.2,68.6,64.2,66.9,-1.2,3067.0
2026-04-28,8111,4488801.0,312215394.0,69.0,71.0,67.4,71.0,4.1,2987.0
2026-04-29,8111,3772446.0,269452265.0,69.6,72.9,69.6,70.3,-0.7,3062.0
2026-04-30,8111,3925569.0,277454243.0,70.4,72.4,69.4,69.4,-0.9,2981.0
2026-05-04,8111,2726924.0,188990332.0,70.4,70.6,68.5,69.1,-0.3,1981.0
2026-05-05,8111,2859815.0,201983193.0,69.5,71.4,68.9,70.8,1.7,2056.0
2026-05-06,8111,3919901.0,269273359.0,71.5,71.7,66.2,68.6,-2.2,3286.0
2026-05-07,8111,2277286.0,155933363.0,69.0,69.7,67.4,69.2,0.6,1938.0
2026-05-08,8111,2685509.0,181958721.0,68.2,70.1,66.2,66.8,-2.4,2025.0
2026-05-11,8111,3029550.0,199069506.0,66.5,67.4,64.6,66.2,-0.6,2323.0
2026-05-12,8111,2478113.0,167064493.0,67.5,68.5,66.1,66.8,0.6,1998.0
2026-05-13,8111,2558251.0,165127717.0,65.7,66.3,64.0,64.0,-2.8,2290.0
2026-05-14,8111,2245891.0,145934941.0,65.2,66.6,63.9,64.6,0.6,1663.0
2026-05-15,8111,2184562.0,138708493.0,65.1,65.7,62.4,62.4,-2.2,1930.0
2026-05-18,8111,1627046.0,100014699.0,61.2,63.1,60.0,62.7,0.3,1392.0
2026-05-19,8111,1166225.0,72079534.0,62.7,63.0,61.0,61.5,-1.2,1214.0
2026-05-20,8111,1053625.0,64917577.0,61.7,62.4,61.0,61.0,-0.5,1026.0
2026-05-21,8111,865127.0,54032410.0,62.2,63.1,61.9,62.5,1.5,733.0
2026-05-22,8111,3374451.0,222859273.0,63.1,68.1,63.1,66.8,4.3,3017.0
2026-05-25,8111,3417398.0,233960676.0,67.5,69.8,67.5,68.0,1.2,2436.0
2026-05-26,8111,2032998.0,137556402.0,68.8,69.3,66.3,68.8,0.8,1656.0
2026-05-27,8111,2436358.0,166347778.0,69.6,69.6,66.8,67.6,-1.2,1833.0
2026-05-28,8111,2468717.0,163688430.0,68.0,68.6,64.4,64.4,-3.2,1871.0
2026-05-29,8111,1558406.0,101814693.0,65.0,67.1,64.4,65.7,1.3,1132.0
2026-06-01,8111,1823774.0,121761969.0,66.0,67.9,66.0,66.0,0.3,1275.0
2026-06-02,8111,2927799.0,191008781.0,67.0,68.0,63.0,63.6,-2.4,2120.0
2026-06-03,8111,3254474.0,216827505.0,65.0,68.2,65.0,65.2,1.6,2269.0
2026-06-04,8111,1804429.0,114516508.0,64.8,65.2,62.8,62.9,-2.3,1802.0
2026-06-05,8111,1075143.0,66642431.0,62.8,62.8,61.2,61.8,-1.1,952.0
2026-06-08,8111,1706258.0,96728289.0,55.7,59.3,55.7,58.9,-2.9,1428.0
2026-06-09,8111,815682.0,48623543.0,60.7,60.7,58.8,59.6,0.7,670.0
2026-06-10,8111,1586551.0,91809855.0,58.1,60.0,56.3,56.4,-3.2,1342.0
2026-06-11,8111,1007249.0,55608079.0,55.0,56.3,54.5,55.5,0.0,745.0
2026-06-12,8111,847953.0,47970516.0,57.6,57.6,55.6,55.6,0.1,631.0
2026-06-15,8111,691478.0,38994959.0,56.5,57.1,55.9,56.1,0.5,618.0
2026-06-16,8111,1102336.0,61546199.0,56.6,57.2,55.3,55.3,-0.8,934.0
2026-06-17,8111,1149713.0,62562286.0,55.3,55.3,53.5,54.5,-0.8,995.0
2026-06-18,8111,1445813.0,80789953.0,54.7,56.9,54.7,56.2,1.7,1014.0
2026-06-22,8111,1236252.0,69603950.0,56.3,56.9,55.7,56.9,0.7,984.0
2026-06-23,8111,1256304.0,70228583.0,57.8,57.9,55.0,55.3,-1.6,1101.0
2026-06-24,8111,827971.0,44996317.0,54.9,55.2,53.8,54.3,-1.0,818.0
2026-06-25,8111,1248393.0,69412349.0,55.2,57.5,54.4,54.9,0.6,1052.0
2026-06-26,8111,1489025.0,78100771.0,54.9,54.9,51.0,51.8,-3.1,1236.0
2026-06-29,8111,1024906.0,52540704.0,51.3,52.3,50.3,50.5,-1.3,943.0
2026-06-30,8111,722818.0,37515395.0,52.3,52.3,51.1,52.2,1.7,652.0
2026-07-01,8111,965416.0,51201337.0,52.8,54.9,51.5,52.3,0.1,844.0
2026-07-02,8111,484645.0,25159734.0,52.0,52.7,51.1,52.0,-0.3,538.0
2026-07-03,8111,517337.0,27355601.0,52.2,53.5,51.6,53.3,1.3,450.0
2026-07-06,8111,688232.0,36825614.0,53.6,54.7,52.5,52.9,-0.4,631.0
2026-07-07,8111,737711.0,38465935.0,52.6,54.1,50.7,51.2,-1.7,676.0
2026-07-08,8111,646247.0,33044865.0,51.9,52.4,50.1,50.9,-0.3,682.0
2026-07-09,8111,510642.0,25796655.0,51.7,51.7,50.0,50.3,-0.6,493.0
2026-07-13,8111,1143783.0,56915532.0,50.8,50.9,48.9,49.15,-1.15,734.0
2026-07-14,8111,1364138.0,63917142.0,49.15,49.8,45.45,47.05,-2.1,1084.0
2026-07-15,8111,1319967.0,65431555.0,48.3,51.1,47.45,50.5,3.45,1033.0
2026-07-16,8111,923507.0,45289048.0,49.1,50.3,47.95,49.5,-1.0,745.0
2026-07-17,8111,1140688.0,54657800.0,47.65,49.35,46.95,48.95,-0.55,878.0
2026-07-20,8111,3280057.0,153421722.0,50.3,50.5,44.1,44.25,-4.7,2206.0
2026-07-21,8111,1022058.0,47793335.0,44.95,47.7,44.85,47.0,2.75,864.0
2026-07-22,8111,1967390.0,101167885.0,50.0,51.7,48.95,51.7,4.7,869.0
2026-07-23,8111,8359460.0,465536163.0,56.5,56.8,53.0,56.8,5.1,7900.0
2026-07-24,8111,20719197.0,1234944541.0,56.8,62.0,56.1,60.6,3.8,13915.0
2026-07-27,8111,16907133.0,1078285694.0,59.9,66.6,57.9,63.3,2.7,13027.0
2026-07-28,8111,48358835.0,3145272900.0,61.7,69.0,60.8,61.8,-1.5,33595.0
2026-07-29,8111,27496974.0,1676900486.0,61.4,63.4,58.3,62.6,0.8,20872.0
2026-07-30,8111,14476618.0,865395632.0,62.0,63.3,56.4,56.4,-6.2,10103.0
2026-07-31,8111,17667581.0,1022996211.0,59.7,60.6,56.2,56.3,-0.1,11486.0
2026-08-03,8111,8144378.0,486580822.0,56.1,61.9,54.3,61.9,5.6,5577.0
2026-08-04,8111,20163552.0,1301504977.0,62.5,66.6,62.1,65.5,3.6,14973.0
2026-08-05,8111,19535807.0,1276961864.0,67.5,69.0,62.8,63.5,-2.0,13509.0
2026-08-06,8111,7921561.0,504227728.0,64.5,65.1,62.4,62.6,-0.9,5822.0
2026-08-07,8111,5813783.0,353233817.0,61.6,63.1,59.0,59.4,-3.2,4501.0
2026-08-10,8111,4597502.0,269272718.0,58.0,59.6,57.8,58.2,-1.2,3714.0
2026-08-11,8111,3014458.0,174846961.0,58.2,59.2,56.5,58.0,-0.2,2463.0
2026-08-12,8111,2450536.0,143711390.0,57.4,59.4,57.4,58.8,0.8,2137.0
2026-08-13,8111,1881859.0,110688301.0,59.5,60.0,58.1,58.1,-0.7,1550.0
2026-08-14,8111,2909310.0,163928018.0,58.4,58.7,55.3,55.5,-2.6,2353.0
2026-08-17,8111,1618502.0,90987758.0,55.5,57.3,55.3,57.3,1.8,1318.0
2026-08-18,8111,1978155.0,111251745.0,57.0,58.4,55.0,55.5,-1.8,1774.0
2026-08-19,8111,873011.0,48289635.0,54.5,56.2,54.2,55.2,-0.3,1230.0
2026-08-20,8111,4806359.0,281113683.0,56.2,60.2,55.6,60.0,4.8,3782.0
2026-08-21,8111,18208662.0,1153341466.0,59.9,66.0,59.4,65.0,5.0,13612.0
2026-08-24,8111,10136152.0,655738805.0,65.0,66.5,63.1,63.1,-1.9,8067.0
2026-08-25,8111,12495040.0,811989802.0,62.6,66.9,61.1,65.6,2.5,9545.0
2026-08-26,8111,9042342.0,590251807.0,65.1,66.4,64.1,64.2,-1.4,6827.0
2026-08-27,8111,7906600.0,517436280.0,64.1,67.5,63.1,64.4,0.2,7191.0
2026-08-28,8111,4528504.0,286552056.0,64.9,65.6,61.3,62.4,-2.0,3980.0
2026-08-31,8111,13509452.0,914926457.0,62.4,68.6,62.2,68.6,6.2,8366.0
2026-09-01,8111,34425277.0,2505432709.0,72.8,75.4,69.0,75.4,6.8,23052.0
2026-09-02,8111,45295021.0,3437682960.0,75.0,78.5,73.4,76.4,1.0,30489.0
2026-09-03,8111,37962341.0,2910138869.0,76.5,82.8,71.9,72.0,-4.4,26002.0
2026-09-04,8111,16068912.0,1129381807.0,72.2,73.0,68.0,70.0,-2.0,11504.0
2026-09-07,8111,17244725.0,1265511234.0,72.4,75.5,70.8,73.5,3.5,13007.0
2026-09-08,8111,5857713.0,415202978.0,72.1,72.5,69.5,69.5,-4.0,5755.0
