date,stock_id,Trading_Volume,Trading_money,open,max,min,close,spread,Trading_turnover
2016-01-04,8176,50030.0,436245.0,8.57,8.9,8.57,8.76,-0.02,47.0
2016-01-05,8176,34009.0,292672.0,8.75,8.75,8.52,8.6,-0.16,32.0
2016-01-06,8176,35004.0,298473.0,8.6,8.6,8.51,8.55,-0.05,20.0
2016-01-07,8176,92006.0,784388.0,8.52,8.68,8.4,8.5,-0.05,35.0
2016-01-08,8176,44010.0,374570.0,8.5,8.67,8.45,8.5,0.0,33.0
2016-01-11,8176,34013.0,290964.0,8.58,8.68,8.45,8.45,-0.05,32.0
2016-01-12,8176,22025.0,185886.0,8.45,8.53,8.43,8.53,0.08,26.0
2016-01-13,8176,43020.0,361222.0,8.43,8.43,8.38,8.4,-0.13,35.0
2016-01-14,8176,32022.0,265346.0,8.4,8.4,8.2,8.2,-0.2,37.0
2016-01-15,8176,147029.0,1193502.0,8.13,8.2,8.07,8.19,-0.01,49.0
2016-01-18,8176,49012.0,410567.0,8.38,8.4,8.3,8.32,0.13,32.0
2016-01-19,8176,1007.0,8536.0,8.48,8.48,8.48,8.48,0.16,8.0
2016-01-20,8176,20002.0,166716.0,8.35,8.45,8.3,8.45,-0.03,15.0
2016-01-21,8176,26007.0,218316.0,8.45,8.46,8.31,8.4,-0.05,19.0
2016-01-22,8176,30002.0,249956.0,8.4,8.42,8.2,8.42,0.02,17.0
2016-01-25,8176,19005.0,159380.0,8.47,8.48,8.3,8.45,0.03,16.0
2016-01-26,8176,61011.0,516688.0,8.45,8.5,8.32,8.49,0.04,27.0
2016-01-27,8176,45007.0,383296.0,8.5,8.55,8.49,8.49,0.0,27.0
2016-01-28,8176,16000.0,134240.0,8.49,8.49,8.35,8.49,0.0,11.0
2016-01-29,8176,26235.0,219445.0,8.3,8.45,8.3,8.36,-0.13,35.0
2016-01-30,8176,21000.0,175050.0,8.3,8.49,8.3,8.3,-0.06,13.0
2016-02-01,8176,47000.0,389700.0,8.3,8.3,8.26,8.3,0.0,18.0
2016-02-02,8176,79012.0,646656.0,8.27,8.27,8.07,8.11,-0.19,44.0
2016-02-03,8176,21000.0,171500.0,8.11,8.2,8.07,8.2,0.09,15.0
2016-02-15,8176,8000.0,65630.0,8.07,8.36,8.07,8.2,0.0,7.0
2016-02-16,8176,51000.0,412890.0,8.1,8.23,8.05,8.05,-0.15,33.0
2016-02-17,8176,59024.0,479321.0,8.2,8.2,8.05,8.05,0.0,37.0
2016-02-18,8176,73001.0,597638.0,8.08,8.28,8.05,8.28,0.23,38.0
2016-02-19,8176,809000.0,7277140.0,8.21,9.1,8.2,9.1,0.82,215.0
2016-02-22,8176,595000.0,5555870.0,9.27,9.8,8.81,9.47,0.37,238.0
2016-02-23,8176,315026.0,3007409.0,9.5,9.69,9.2,9.65,0.18,144.0
2016-02-24,8176,195028.0,1834921.0,9.65,9.65,9.22,9.22,-0.43,90.0
2016-02-25,8176,87036.0,803500.0,9.35,9.35,9.11,9.15,-0.07,69.0
2016-02-26,8176,150019.0,1349031.0,9.13,9.3,8.9,9.2,0.05,85.0
2016-03-01,8176,78888.0,712303.0,8.9,9.19,8.9,9.0,-0.2,87.0
2016-03-02,8176,95047.0,855586.0,9.0,9.09,8.91,8.91,-0.09,87.0
2016-03-03,8176,58049.0,516117.0,8.9,8.91,8.85,8.86,-0.05,69.0
2016-03-04,8176,111036.0,1006587.0,9.0,9.12,8.9,9.1,0.24,71.0
2016-03-07,8176,143026.0,1292934.0,9.1,9.1,8.91,9.0,-0.1,69.0
2016-03-08,8176,47023.0,423147.0,9.09,9.09,8.95,9.0,0.0,40.0
2016-03-09,8176,453110.0,4231689.0,9.0,9.75,9.0,9.42,0.42,180.0
2016-03-10,8176,451482.0,4348553.0,9.5,9.78,9.5,9.69,0.27,278.0
2016-03-11,8176,181403.0,1752783.0,9.8,9.8,9.57,9.61,-0.08,141.0
2016-03-14,8176,155090.0,1495109.0,9.78,9.78,9.42,9.42,-0.19,151.0
2016-03-15,8176,235056.0,2158354.0,9.43,9.43,8.83,8.83,-0.59,159.0
2016-03-16,8176,201042.0,1779436.0,8.85,8.93,8.84,8.91,0.08,95.0
2016-03-17,8176,381042.0,3528912.0,8.93,9.57,8.93,9.35,0.44,157.0
2016-03-18,8176,231006.0,2157844.0,9.39,9.4,9.26,9.32,-0.03,81.0
2016-03-21,8176,226044.0,2107566.0,9.3,9.55,9.28,9.32,0.0,96.0
2016-03-22,8176,174027.0,1621315.0,9.35,9.39,9.27,9.37,0.05,79.0
2016-03-23,8176,131040.0,1213851.0,9.37,9.37,9.1,9.11,-0.26,104.0
2016-03-24,8176,179052.0,1623253.0,9.03,9.18,9.02,9.16,0.05,120.0
2016-03-25,8176,293015.0,2707460.0,9.26,9.3,9.1,9.16,0.0,79.0
2016-03-28,8176,66012.0,600330.0,9.05,9.22,9.05,9.22,0.06,38.0
2016-03-29,8176,60031.0,544717.0,9.06,9.11,9.02,9.1,-0.12,49.0
2016-03-30,8176,107019.0,990043.0,9.1,9.47,9.1,9.2,0.1,59.0
2016-03-31,8176,1768001.0,17659190.0,9.5,10.1,9.45,10.1,0.9,476.0
2016-04-01,8176,768035.0,7610966.0,9.87,10.15,9.8,10.05,-0.05,300.0
2016-04-06,8176,185026.0,1831503.0,10.0,10.05,9.7,10.05,0.0,111.0
2016-04-07,8176,229087.0,2268088.0,10.05,10.05,9.75,9.98,-0.07,128.0
2016-04-08,8176,314022.0,3035888.0,9.94,9.94,9.57,9.57,-0.41,146.0
2016-04-11,8176,298029.0,2825061.0,9.55,9.75,9.24,9.24,-0.33,155.0
2016-04-12,8176,403012.0,3562129.0,9.24,9.41,8.5,8.8,-0.44,198.0
2016-04-13,8176,279161.0,2418949.0,8.81,8.98,8.4,8.7,-0.1,112.0
2016-04-14,8176,261099.0,2216263.0,8.62,8.62,8.42,8.42,-0.28,159.0
2016-04-15,8176,125034.0,1073161.0,8.44,8.68,8.44,8.68,0.26,82.0
2016-04-18,8176,110012.0,947106.0,8.68,8.7,8.55,8.55,-0.13,53.0
2016-04-19,8176,129007.0,1111766.0,8.6,8.69,8.55,8.6,0.05,42.0
2016-04-20,8176,82200.0,700382.0,8.65,8.65,8.41,8.5,-0.1,40.0
2016-04-21,8176,25000.0,212370.0,8.5,8.5,8.46,8.5,0.0,10.0
2016-04-22,8176,55000.0,470820.0,8.56,8.62,8.55,8.56,0.06,23.0
2016-04-25,8176,40000.0,343870.0,8.56,8.64,8.56,8.57,0.01,16.0
2016-04-26,8176,65000.0,556800.0,8.57,8.6,8.55,8.57,0.0,28.0
2016-04-27,8176,12000.0,103500.0,8.58,8.65,8.58,8.62,0.05,10.0
2016-04-28,8176,36000.0,314560.0,8.7,8.8,8.7,8.7,0.08,19.0
2016-04-29,8176,42007.0,369383.0,8.8,8.8,8.73,8.73,0.03,24.0
2016-05-03,8176,63009.0,555953.0,8.73,8.96,8.73,8.75,0.02,41.0
2016-05-04,8176,73000.0,635120.0,8.75,8.79,8.52,8.78,0.03,35.0
2016-05-05,8176,36038.0,309185.0,8.58,8.69,8.56,8.69,-0.09,21.0
2016-05-06,8176,46001.0,394838.0,8.6,8.66,8.51,8.56,-0.13,21.0
2016-05-09,8176,113016.0,941980.0,8.46,8.46,8.22,8.22,-0.34,54.0
2016-05-10,8176,272013.0,2142182.0,8.16,8.16,7.61,7.8,-0.42,86.0
2016-05-11,8176,211000.0,1616530.0,7.46,7.71,7.41,7.63,-0.17,45.0
2016-05-12,8176,162000.0,1256650.0,7.66,8.0,7.66,7.75,0.12,60.0
2016-05-13,8176,32003.0,249444.0,7.75,7.97,7.6,7.96,0.21,28.0
2016-05-16,8176,36100.0,285979.0,7.9,8.0,7.74,7.94,-0.02,15.0
2016-05-17,8176,25000.0,198080.0,7.9,8.0,7.86,7.87,-0.07,14.0
2016-05-18,8176,21001.0,167528.0,8.0,8.0,7.96,7.96,0.09,9.0
2016-05-19,8176,50627.0,394651.0,7.77,7.9,7.7,7.7,-0.26,26.0
2016-05-20,8176,17100.0,134698.0,7.7,7.91,7.7,7.91,0.21,13.0
2016-05-23,8176,32002.0,251924.0,7.82,7.9,7.82,7.89,-0.02,18.0
2016-05-24,8176,79003.0,616532.0,7.95,7.95,7.74,7.74,-0.15,21.0
2016-05-25,8176,39006.0,301952.0,7.74,7.9,7.7,7.75,0.01,29.0
2016-05-26,8176,54004.0,407339.0,7.4,7.69,7.4,7.51,-0.24,32.0
2016-05-27,8176,80001.0,630267.0,7.51,8.0,7.51,7.98,0.47,57.0
2016-05-30,8176,23014.0,179502.0,7.77,7.93,7.74,7.93,-0.05,19.0
2016-05-31,8176,39002.0,311396.0,7.93,8.03,7.93,8.0,0.07,20.0
2016-06-01,8176,31001.0,247847.0,8.0,8.05,7.9,7.9,-0.1,17.0
2016-06-02,8176,114002.0,917014.0,7.9,8.29,7.9,7.9,0.0,41.0
2016-06-03,8176,27000.0,214930.0,7.9,8.0,7.9,7.91,0.01,11.0
2016-06-04,8176,29003.0,227321.0,7.85,8.0,7.77,7.9,-0.01,20.0
2016-06-06,8176,40003.0,308631.0,7.87,7.87,7.66,7.79,-0.11,24.0
2016-06-07,8176,52006.0,397842.0,7.66,7.78,7.6,7.65,-0.14,31.0
2016-06-08,8176,30007.0,230819.0,7.75,7.75,7.65,7.7,0.05,20.0
2016-06-13,8176,38006.0,298668.0,7.84,7.99,7.76,7.99,0.29,29.0
2016-06-14,8176,106003.0,842634.0,7.99,8.05,7.6,8.0,0.01,43.0
2016-06-15,8176,65005.0,518700.0,8.0,8.15,7.85,7.95,-0.05,42.0
2016-06-16,8176,16001.0,126967.0,7.95,8.0,7.91,7.91,-0.04,13.0
2016-06-17,8176,26004.0,208142.0,8.1,8.1,7.93,7.96,0.05,14.0
2016-06-20,8176,10010.0,80201.0,8.1,8.1,7.96,8.08,0.12,9.0
2016-06-21,8176,14008.0,112614.0,8.1,8.15,8.0,8.0,-0.08,14.0
2016-06-22,8176,27000.0,215230.0,8.0,8.1,7.91,8.1,0.1,18.0
2016-06-23,8176,6015.0,48430.0,8.0,8.1,8.0,8.01,-0.09,11.0
2016-06-24,8176,91008.0,719554.0,8.13,8.13,7.7,8.0,-0.01,49.0
2016-06-27,8176,39022.0,306512.0,7.9,7.95,7.8,7.9,-0.1,24.0
2016-06-28,8176,24004.0,188122.0,7.83,7.98,7.8,7.98,0.08,16.0
2016-06-29,8176,425005.0,3599210.0,8.12,8.77,7.99,8.6,0.62,215.0
2016-06-30,8176,378683.0,3287803.0,8.61,8.74,8.6,8.68,0.08,120.0
2016-07-01,8176,116001.0,1003238.0,8.68,8.7,8.58,8.6,-0.08,51.0
2016-07-04,8176,59003.0,502854.0,8.45,8.6,8.41,8.59,-0.01,27.0
2016-07-05,8176,50000.0,427020.0,8.7,8.7,8.49,8.6,0.01,30.0
2016-07-06,8176,65000.0,555090.0,8.56,8.6,8.5,8.59,-0.01,35.0
2016-07-07,8176,84002.0,727416.0,8.51,8.7,8.5,8.7,0.11,36.0
2016-07-11,8176,80002.0,698886.0,8.7,8.81,8.64,8.65,-0.05,31.0
2016-07-12,8176,79012.0,678181.0,8.7,8.7,8.51,8.51,-0.14,43.0
2016-07-13,8176,36010.0,307255.0,8.51,8.56,8.51,8.51,0.0,21.0
2016-07-14,8176,56000.0,476780.0,8.51,8.57,8.47,8.51,0.0,35.0
2016-07-15,8176,56002.0,475996.0,8.5,8.58,8.43,8.51,0.0,31.0
2016-07-18,8176,322000.0,2805580.0,8.6,8.9,8.6,8.75,0.24,118.0
2016-07-19,8176,414001.0,3731368.0,8.84,9.2,8.8,8.84,0.09,210.0
2016-07-20,8176,119621.0,1052861.0,8.85,9.01,8.7,8.72,-0.12,72.0
2016-07-21,8176,261010.0,2250285.0,8.72,8.88,8.54,8.65,-0.07,115.0
2016-07-22,8176,118011.0,1008042.0,8.57,8.63,8.49,8.5,-0.15,67.0
2016-07-25,8176,17003.0,145254.0,8.52,8.67,8.51,8.51,0.01,14.0
2016-07-26,8176,37000.0,314740.0,8.45,8.55,8.45,8.5,-0.01,17.0
2016-07-27,8176,46007.0,390826.0,8.57,8.58,8.45,8.5,0.0,33.0
2016-07-28,8176,43006.0,368300.0,8.52,8.64,8.51,8.61,0.11,30.0
2016-07-29,8176,17005.0,144380.0,8.57,8.57,8.45,8.45,-0.16,17.0
2016-08-01,8176,392007.0,3467206.0,8.69,8.97,8.69,8.9,0.45,145.0
2016-08-02,8176,49005.0,429270.0,8.89,8.89,8.72,8.73,-0.17,36.0
2016-08-03,8176,152015.0,1308164.0,8.64,8.8,8.51,8.65,-0.08,85.0
2016-08-04,8176,88010.0,754700.0,8.65,8.69,8.51,8.51,-0.14,55.0
2016-08-05,8176,109003.0,942054.0,8.67,8.7,8.58,8.68,0.17,53.0
2016-08-08,8176,52017.0,443778.0,8.53,8.6,8.48,8.6,-0.08,42.0
2016-08-09,8176,226009.0,1996735.0,8.61,9.03,8.61,8.74,0.14,121.0
2016-08-10,8176,47232.0,413946.0,8.84,8.84,8.7,8.8,0.06,33.0
2016-08-11,8176,193010.0,1689350.0,8.9,8.91,8.62,8.64,-0.16,86.0
2016-08-12,8176,86042.0,760890.0,8.78,8.9,8.73,8.74,0.1,68.0
2016-08-15,8176,138308.0,1214705.0,8.86,8.9,8.73,8.74,0.0,76.0
2016-08-16,8176,76025.0,662679.0,8.78,8.78,8.69,8.7,-0.04,52.0
2016-08-17,8176,72010.0,626120.0,8.69,8.83,8.61,8.64,-0.06,44.0
2016-08-18,8176,41005.0,356641.0,8.71,8.71,8.63,8.68,0.04,30.0
2016-08-19,8176,24011.0,207549.0,8.64,8.71,8.64,8.64,-0.04,22.0
2016-08-22,8176,153037.0,1289007.0,8.61,8.61,8.31,8.31,-0.33,111.0
2016-08-23,8176,125017.0,1048997.0,8.28,8.5,8.27,8.49,0.18,62.0
2016-08-24,8176,63011.0,535168.0,8.39,8.57,8.36,8.36,-0.13,40.0
2016-08-25,8176,36021.0,303158.0,8.45,8.51,8.35,8.41,0.05,33.0
2016-08-26,8176,64038.0,538656.0,8.45,8.45,8.36,8.4,-0.01,61.0
2016-08-29,8176,76000.0,639010.0,8.4,8.52,8.37,8.37,-0.03,33.0
2016-08-30,8176,79158.0,663729.0,8.5,8.5,8.37,8.38,0.01,174.0
2016-08-31,8176,30082.0,252928.0,8.4,8.48,8.39,8.41,0.03,89.0
2016-09-01,8176,19002.0,159196.0,8.32,8.47,8.32,8.37,-0.04,13.0
2016-09-02,8176,46005.0,382060.0,8.38,8.38,8.02,8.2,-0.17,29.0
2016-09-05,8176,80001.0,627297.0,7.51,8.15,7.51,7.92,-0.28,47.0
2016-09-06,8176,63004.0,500248.0,7.97,8.0,7.85,7.97,0.05,36.0
2016-09-07,8176,17008.0,136784.0,8.11,8.11,8.0,8.0,0.03,20.0
2016-09-08,8176,22002.0,176496.0,8.05,8.05,8.01,8.01,0.01,17.0
2016-09-09,8176,26004.0,206782.0,7.87,8.09,7.87,8.08,0.07,17.0
2016-09-10,8176,6021.0,47337.0,7.8,7.94,7.8,7.87,-0.21,25.0
2016-09-12,8176,12004.0,93998.0,7.83,7.85,7.82,7.82,-0.05,14.0
2016-09-13,8176,8004.0,63842.0,8.09,8.09,7.86,8.0,0.18,8.0
2016-09-14,8176,24004.0,189978.0,7.75,8.04,7.73,7.9,-0.1,20.0
2016-09-19,8176,175001.0,1333967.0,7.77,7.78,7.5,7.7,-0.2,80.0
2016-09-20,8176,21200.0,162307.0,7.7,7.75,7.6,7.75,0.05,66.0
2016-09-21,8176,45035.0,348351.0,7.84,7.84,7.69,7.7,-0.05,38.0
2016-09-22,8176,79031.0,605477.0,7.69,7.82,7.65,7.65,-0.05,57.0
2016-09-23,8176,76013.0,580582.0,7.53,7.77,7.53,7.77,0.12,40.0
2016-09-26,8176,11001.0,84527.0,7.7,7.77,7.63,7.66,-0.11,7.0
2016-09-29,8176,37002.0,285325.0,7.7,7.75,7.65,7.66,0.0,11.0
2016-09-30,8176,59001.0,453187.0,7.7,7.7,7.65,7.66,0.0,27.0
2016-10-03,8176,156015.0,1216797.0,7.66,7.89,7.66,7.89,0.23,49.0
2016-10-04,8176,101028.0,794134.0,7.9,7.95,7.8,7.94,0.05,51.0
2016-10-05,8176,255014.0,2111922.0,8.05,8.43,8.05,8.35,0.41,118.0
2016-10-06,8176,111697.0,920955.0,8.33,8.33,8.16,8.29,-0.06,58.0
2016-10-07,8176,72010.0,593583.0,8.13,8.33,8.13,8.33,0.04,38.0
2016-10-11,8176,77041.0,638557.0,8.33,8.35,8.24,8.3,-0.03,55.0
2016-10-12,8176,140037.0,1165376.0,8.3,8.38,8.27,8.35,0.05,130.0
2016-10-13,8176,176024.0,1445106.0,8.2,8.29,8.07,8.26,-0.09,109.0
2016-10-14,8176,142028.0,1119522.0,8.13,8.13,7.79,7.9,-0.36,108.0
2016-10-17,8176,50624.0,399296.0,7.81,7.95,7.8,7.9,0.0,60.0
2016-10-18,8176,64065.0,506566.0,7.9,7.95,7.9,7.9,0.0,52.0
2016-10-19,8176,158022.0,1240366.0,7.9,8.0,7.62,8.0,0.1,81.0
2016-11-03,8176,216755.0,1992425.0,9.58,9.58,9.01,9.08,0.35,139.0
2016-11-04,8176,123102.0,1059930.0,8.99,8.99,8.27,8.54,-0.54,82.0
2016-11-07,8176,104384.0,868686.0,8.26,8.42,8.26,8.3,-0.24,112.0
2016-11-08,8176,107326.0,887144.0,8.3,8.3,8.19,8.19,-0.11,53.0
2016-11-09,8176,147272.0,1183066.0,8.12,8.25,7.85,8.0,-0.19,78.0
2016-11-10,8176,96130.0,774666.0,7.97,8.13,7.97,8.09,0.09,54.0
2016-11-11,8176,73855.0,582775.0,7.91,7.94,7.85,7.87,-0.22,59.0
2016-11-14,8176,108169.0,857053.0,7.87,8.03,7.87,8.03,0.16,90.0
2016-11-15,8176,48331.0,394757.0,8.22,8.22,8.1,8.18,0.15,50.0
2016-11-16,8176,249816.0,2052795.0,8.1,8.45,8.07,8.44,0.26,112.0
2016-11-17,8176,79981.0,681186.0,8.5,8.57,8.41,8.57,0.13,102.0
2016-11-18,8176,258248.0,2263860.0,8.73,8.93,8.61,8.81,0.24,191.0
2016-11-21,8176,58666.0,516465.0,8.73,9.0,8.73,8.88,0.07,141.0
2016-11-22,8176,141328.0,1243537.0,9.0,9.06,8.67,8.67,-0.21,91.0
2016-11-23,8176,85983.0,730385.0,8.65,8.65,8.36,8.36,-0.31,62.0
2016-11-24,8176,95332.0,819788.0,8.4,8.86,8.36,8.64,0.28,76.0
2016-11-25,8176,29424.0,252568.0,8.64,8.64,8.52,8.52,-0.12,25.0
2016-11-28,8176,30009.0,256132.0,8.48,8.62,8.48,8.62,0.1,30.0
2016-11-29,8176,264582.0,2325015.0,8.51,9.0,8.51,8.79,0.17,152.0
2016-11-30,8176,345749.0,3110085.0,8.81,9.1,8.81,8.89,0.1,218.0
2016-12-01,8176,131159.0,1161378.0,8.89,8.9,8.75,8.75,-0.14,76.0
2016-12-02,8176,91601.0,800571.0,8.79,8.8,8.62,8.8,0.05,71.0
2016-12-05,8176,72620.0,632811.0,8.72,8.83,8.66,8.74,-0.06,68.0
2016-12-06,8176,97984.0,856171.0,8.74,8.83,8.67,8.8,0.06,64.0
2016-12-07,8176,60665.0,528955.0,8.8,8.8,8.66,8.79,-0.01,43.0
2016-12-08,8176,42916.0,376449.0,8.82,8.82,8.7,8.8,0.01,39.0
2016-12-09,8176,77245.0,674430.0,8.87,8.95,8.65,8.65,-0.15,51.0
2016-12-12,8176,174160.0,1442166.0,8.5,8.5,8.12,8.12,-0.53,111.0
2016-12-13,8176,95513.0,773331.0,8.12,8.28,8.0,8.07,-0.05,72.0
2016-12-14,8176,51165.0,413616.0,8.1,8.18,8.02,8.18,0.11,43.0
2016-12-15,8176,30833.0,248830.0,8.1,8.19,8.03,8.19,0.01,23.0
2016-12-16,8176,34180.0,275894.0,8.05,8.13,8.04,8.13,-0.06,27.0
2016-12-19,8176,105833.0,853063.0,8.0,8.17,8.0,8.17,0.04,47.0
2016-12-20,8176,124833.0,1002461.0,8.03,8.16,8.0,8.08,-0.09,52.0
2016-12-21,8176,74421.0,597398.0,8.1,8.1,7.96,8.05,-0.03,35.0
2016-12-22,8176,98582.0,783446.0,7.97,8.05,7.9,8.05,0.0,59.0
2016-12-23,8176,12415.0,98367.0,7.94,7.94,7.92,7.92,-0.13,20.0
2016-12-26,8176,31665.0,251526.0,7.9,8.0,7.9,7.92,0.0,35.0
2016-12-27,8176,27005.0,212435.0,7.9,7.92,7.82,7.92,0.0,20.0
2016-12-28,8176,28759.0,228321.0,7.79,8.08,7.79,8.08,0.16,23.0
2016-12-29,8176,42087.0,335626.0,7.99,8.0,7.94,7.94,-0.14,39.0
2016-12-30,8176,40582.0,321325.0,7.9,8.0,7.85,8.0,0.06,24.0
2017-01-03,8176,27415.0,219399.0,7.92,8.14,7.92,8.14,0.14,29.0
2017-01-04,8176,13036.0,105148.0,8.1,8.1,8.03,8.1,-0.04,39.0
2017-01-05,8176,7998.0,65019.0,8.1,8.15,8.1,8.15,0.05,29.0
2017-01-06,8176,46331.0,377507.0,8.2,8.2,8.03,8.18,0.03,54.0
2017-01-09,8176,45874.0,375457.0,8.18,8.22,8.1,8.21,0.03,59.0
2017-01-10,8176,32023.0,262254.0,8.16,8.21,8.15,8.2,-0.01,38.0
2017-01-11,8176,62749.0,512284.0,8.1,8.2,8.1,8.2,0.0,40.0
2017-01-12,8176,148510.0,1205840.0,8.21,8.21,8.08,8.16,-0.04,64.0
2017-01-13,8176,127517.0,1032316.0,8.18,8.18,8.04,8.16,0.0,66.0
2017-01-16,8176,44676.0,363342.0,8.14,8.16,8.04,8.16,0.0,86.0
2017-01-17,8176,78552.0,640984.0,8.11,8.24,8.11,8.24,0.08,75.0
2017-01-18,8176,47912.0,394063.0,8.2,8.29,8.18,8.29,0.05,46.0
2017-01-19,8176,195335.0,1669723.0,8.3,8.79,8.3,8.55,0.26,119.0
2017-01-20,8176,98920.0,840616.0,8.55,8.6,8.46,8.55,0.0,82.0
2017-01-23,8176,82352.0,705807.0,8.55,8.69,8.5,8.64,0.09,72.0
2017-01-24,8176,69917.0,600738.0,8.64,8.68,8.56,8.56,-0.08,45.0
2017-02-02,8176,141564.0,1205567.0,8.58,8.66,8.45,8.66,0.1,102.0
2017-02-03,8176,30083.0,258343.0,8.54,8.69,8.51,8.64,-0.02,76.0
2017-02-06,8176,165171.0,1434143.0,8.72,8.78,8.55,8.7,0.06,116.0
2017-02-07,8176,167245.0,1468543.0,8.76,8.83,8.72,8.79,0.09,93.0
2017-02-08,8176,218662.0,1936633.0,8.81,8.91,8.8,8.85,0.06,124.0
2017-02-09,8176,86582.0,758569.0,8.83,8.83,8.71,8.78,-0.07,80.0
2017-02-10,8176,85494.0,743420.0,8.77,8.77,8.65,8.72,-0.06,130.0
2017-02-13,8176,96242.0,829006.0,8.7,8.7,8.57,8.57,-0.15,265.0
2017-02-14,8176,51999.0,445043.0,8.57,8.69,8.52,8.6,0.03,90.0
2017-02-15,8176,65376.0,562699.0,8.64,8.66,8.56,8.66,0.06,103.0
2017-02-16,8176,86271.0,745103.0,8.68,8.68,8.6,8.66,0.0,98.0
2017-02-17,8176,98816.0,856931.0,8.66,8.79,8.63,8.79,0.13,136.0
2017-02-18,8176,94582.0,821320.0,8.71,8.74,8.65,8.7,-0.09,106.0
2017-02-20,8176,114286.0,990147.0,8.65,8.76,8.59,8.72,0.02,135.0
2017-02-21,8176,33976.0,295612.0,8.72,8.72,8.68,8.72,0.0,90.0
2017-02-22,8176,75477.0,656418.0,8.82,8.82,8.65,8.65,-0.07,139.0
2017-02-23,8176,66295.0,573927.0,8.65,8.73,8.61,8.69,0.04,143.0
2017-02-24,8176,943127.0,8697759.0,8.73,9.54,8.72,9.54,0.85,556.0
2017-03-01,8176,1487223.0,15395806.0,10.1,10.45,10.1,10.45,0.91,427.0
2017-03-02,8176,4298099.0,47503988.0,11.0,11.4,10.65,10.85,0.4,1850.0
2017-03-03,8176,843685.0,8913622.0,10.75,10.75,10.25,10.75,-0.1,519.0
2017-03-06,8176,1301683.0,15228080.0,11.0,11.8,11.0,11.8,1.05,523.0
2017-03-07,8176,3231063.0,39830357.0,12.7,12.7,12.0,12.3,0.5,1500.0
2017-03-08,8176,1371533.0,16728326.0,12.1,12.55,11.85,12.4,0.1,770.0
2017-03-09,8176,714624.0,8669409.0,12.05,12.4,12.0,12.0,-0.4,438.0
2017-03-10,8176,1417210.0,16313105.0,11.9,12.15,10.85,11.85,-0.15,792.0
2017-03-13,8176,653037.0,7800611.0,12.1,12.2,11.6,11.8,-0.05,490.0
2017-03-14,8176,2986923.0,38248462.0,11.75,12.95,11.75,12.95,1.15,1034.0
2017-03-15,8176,6486556.0,86843172.0,13.2,14.1,12.15,12.25,-0.7,2873.0
2017-03-16,8176,2519162.0,31343492.0,12.1,12.9,12.05,12.4,0.15,1173.0
2017-03-17,8176,2130500.0,27629669.0,12.4,13.5,12.35,13.2,0.8,1099.0
2017-03-20,8176,2399472.0,32077936.0,13.2,13.9,13.0,13.1,-0.1,1116.0
2017-03-21,8176,1190815.0,15446097.0,13.2,13.5,12.8,12.8,-0.3,648.0
2017-03-22,8176,616415.0,7781431.0,12.5,12.8,12.5,12.65,-0.15,414.0
2017-03-23,8176,656411.0,8254441.0,12.8,12.85,12.35,12.5,-0.15,467.0
2017-03-24,8176,871164.0,10813141.0,12.5,12.8,12.2,12.2,-0.3,376.0
2017-03-27,8176,889413.0,10533296.0,12.2,12.3,11.4,11.5,-0.7,758.0
2017-03-28,8176,992229.0,11084671.0,11.5,11.8,10.65,11.05,-0.45,529.0
2017-03-29,8176,320128.0,3600610.0,11.35,11.4,11.1,11.2,0.15,301.0
2017-03-30,8176,1763306.0,21274158.0,11.4,12.3,11.25,12.3,1.1,602.0
2017-03-31,8176,1876369.0,24036430.0,12.7,13.2,12.45,12.7,0.4,1054.0
2017-04-05,8176,745583.0,9565636.0,12.7,13.15,12.5,12.7,0.0,642.0
2017-04-06,8176,673181.0,8269642.0,12.6,12.6,12.1,12.1,-0.6,390.0
2017-04-07,8176,415243.0,4965560.0,12.1,12.15,11.8,11.9,-0.2,204.0
2017-04-10,8176,365193.0,4404066.0,11.8,12.3,11.8,12.1,0.2,326.0
2017-04-11,8176,564440.0,6596474.0,11.9,11.9,11.5,11.5,-0.6,346.0
2017-04-12,8176,283662.0,3271072.0,11.4,11.8,11.4,11.45,-0.05,186.0
2017-04-13,8176,232231.0,2639582.0,11.6,11.6,11.3,11.3,-0.15,160.0
2017-04-14,8176,633356.0,6881060.0,11.3,11.45,10.4,10.5,-0.8,292.0
2017-04-17,8176,263844.0,2819975.0,10.5,10.95,10.45,10.85,0.35,201.0
2017-04-18,8176,194499.0,2120774.0,11.1,11.15,10.75,10.85,0.0,114.0
2017-04-19,8176,119042.0,1273942.0,10.85,10.85,10.6,10.65,-0.2,70.0
2017-04-20,8176,1012333.0,11392365.0,10.65,11.6,10.65,11.0,0.35,504.0
2017-04-21,8176,374850.0,4159505.0,11.2,11.35,10.8,10.8,-0.2,195.0
2017-04-24,8176,169002.0,1819872.0,10.7,10.9,10.7,10.75,-0.05,79.0
2017-04-25,8176,281087.0,3086083.0,10.9,11.15,10.85,10.85,0.1,137.0
2017-04-26,8176,116833.0,1270332.0,11.05,11.05,10.8,10.85,0.0,70.0
2017-04-27,8176,393003.0,4374033.0,10.8,11.35,10.8,11.05,0.2,182.0
2017-04-28,8176,188331.0,2088049.0,11.25,11.25,10.95,10.95,-0.1,102.0
2017-05-02,8176,229258.0,2469370.0,10.85,11.1,10.6,10.65,-0.3,120.0
2017-05-03,8176,1985319.0,22987978.0,10.65,11.7,10.65,11.7,1.05,621.0
2017-05-04,8176,1128050.0,12782100.0,11.3,11.6,11.15,11.15,-0.55,506.0
2017-05-05,8176,603083.0,6878236.0,11.25,11.65,11.05,11.35,0.2,321.0
2017-05-08,8176,964183.0,11524452.0,11.6,12.3,11.5,11.5,0.15,523.0
2017-05-09,8176,1369748.0,16145302.0,11.6,12.2,11.15,11.15,-0.35,640.0
2017-05-10,8176,1190104.0,14123172.0,11.5,12.2,11.3,11.9,0.75,598.0
2017-05-11,8176,1085082.0,13095513.0,11.8,12.45,11.7,11.85,-0.05,532.0
2017-05-12,8176,404739.0,4806406.0,11.85,12.15,11.65,11.65,-0.2,201.0
2017-05-15,8176,445286.0,5061142.0,11.75,11.75,11.2,11.35,-0.3,224.0
2017-05-16,8176,276415.0,3095784.0,11.35,11.55,11.1,11.1,-0.25,147.0
2017-05-17,8176,244352.0,2721254.0,11.35,11.35,11.05,11.1,0.0,128.0
2017-05-18,8176,511117.0,5686687.0,11.1,11.3,10.85,10.9,-0.2,174.0
2017-05-19,8176,218604.0,2412529.0,11.0,11.3,10.9,10.9,0.0,121.0
2017-05-22,8176,195416.0,2164730.0,11.1,11.15,10.9,11.0,0.1,103.0
2017-05-23,8176,224524.0,2536396.0,11.1,11.75,11.1,11.35,0.35,121.0
2017-05-24,8176,295538.0,3420586.0,11.7,11.7,11.4,11.55,0.2,166.0
2017-05-25,8176,2683141.0,32843474.0,11.45,12.7,11.45,12.7,1.15,953.0
2017-05-26,8176,4044252.0,52112121.0,13.2,13.4,12.2,12.5,-0.2,1669.0
2017-05-31,8176,591188.0,7203023.0,12.2,12.4,12.05,12.15,-0.35,315.0
2017-06-01,8176,422864.0,5124877.0,12.25,12.35,11.95,11.95,-0.2,229.0
2017-06-02,8176,457109.0,5442251.0,12.05,12.15,11.6,11.95,0.0,238.0
2017-06-03,8176,191501.0,2278962.0,11.85,12.1,11.85,11.85,-0.1,93.0
2017-06-05,8176,1466438.0,18152383.0,11.95,12.75,11.9,12.35,0.5,612.0
2017-06-06,8176,387194.0,4754097.0,12.4,12.45,12.1,12.2,-0.15,192.0
2017-06-07,8176,528274.0,6446201.0,12.2,12.45,12.05,12.05,-0.15,216.0
2017-06-08,8176,218917.0,2639261.0,12.1,12.2,11.95,12.0,-0.05,91.0
2017-06-09,8176,257331.0,3099187.0,12.05,12.2,11.9,11.9,-0.1,122.0
2017-06-12,8176,244400.0,2932009.0,12.0,12.2,11.9,11.9,0.0,112.0
2017-06-13,8176,1327992.0,16420498.0,12.0,12.55,11.95,12.3,0.4,561.0
2017-06-14,8176,1542016.0,19130344.0,12.2,12.65,12.05,12.3,0.0,630.0
2017-06-15,8176,1812675.0,22986380.0,12.4,13.1,12.3,12.3,0.0,858.0
2017-06-16,8176,624208.0,7819261.0,12.45,12.65,12.35,12.5,0.2,275.0
2017-06-19,8176,697650.0,8643629.0,12.75,12.8,12.1,12.15,-0.35,265.0
2017-06-20,8176,420652.0,5115424.0,12.2,12.3,12.05,12.05,-0.1,171.0
2017-06-21,8176,351001.0,4234311.0,12.05,12.2,11.95,11.95,-0.1,154.0
2017-06-22,8176,278916.0,3348945.0,12.05,12.1,11.95,11.95,0.0,117.0
2017-06-23,8176,129663.0,1557619.0,12.15,12.15,11.95,12.0,0.05,71.0
2017-06-26,8176,346916.0,4157006.0,12.0,12.1,11.9,11.9,-0.1,170.0
2017-06-27,8176,831499.0,10295236.0,12.05,12.65,12.0,12.2,0.3,400.0
2017-06-28,8176,278498.0,3355525.0,12.25,12.25,11.95,11.95,-0.25,124.0
2017-06-29,8176,308165.0,3655430.0,12.05,12.15,11.65,11.8,-0.15,131.0
2017-06-30,8176,205599.0,2426854.0,11.8,11.9,11.75,11.75,-0.05,98.0
2017-07-03,8176,182582.0,2136242.0,11.7,11.95,11.6,11.6,-0.15,91.0
2017-07-04,8176,189485.0,2201924.0,11.7,11.75,11.55,11.6,0.0,96.0
2017-07-05,8176,438071.0,5162676.0,11.65,12.0,11.6,11.65,0.05,149.0
2017-07-06,8176,119410.0,1407037.0,11.75,11.85,11.7,11.75,0.1,45.0
2017-07-07,8176,79495.0,927191.0,11.8,11.85,11.55,11.55,-0.2,47.0
2017-07-10,8176,362025.0,4121679.0,11.6,11.85,11.2,11.2,-0.35,156.0
2017-07-11,8176,761452.0,8507934.0,11.2,11.45,10.8,10.8,-0.4,251.0
2017-07-12,8176,252025.0,2754316.0,10.9,11.1,10.8,10.85,0.05,112.0
2017-07-13,8176,277081.0,3097481.0,11.45,11.45,11.0,11.0,0.15,134.0
2017-07-14,8176,375020.0,4179921.0,11.0,11.35,11.0,11.0,0.0,122.0
2017-07-17,8176,70637.0,776440.0,11.0,11.15,10.9,10.9,-0.1,50.0
2017-07-18,8176,162000.0,1785800.0,11.0,11.1,10.9,10.95,0.05,69.0
2017-07-19,8176,27332.0,299718.0,10.9,11.05,10.9,10.95,0.0,22.0
2017-07-20,8176,258252.0,2857022.0,11.1,11.2,10.95,11.0,0.05,71.0
2017-07-21,8176,107191.0,1165039.0,11.0,11.0,10.8,10.85,-0.15,56.0
2017-07-24,8176,430441.0,4639854.0,11.05,11.05,10.65,10.8,-0.05,122.0
2017-07-25,8176,386764.0,4110009.0,10.55,10.8,10.45,10.5,0.0,156.0
2017-07-26,8176,369666.0,3812925.0,10.5,10.5,10.2,10.2,-0.3,138.0
2017-07-27,8176,405331.0,4228726.0,10.3,10.55,10.3,10.3,0.1,122.0
2017-07-28,8176,80165.0,828248.0,10.3,10.4,10.3,10.35,0.05,40.0
2017-07-31,8176,56342.0,582404.0,10.3,10.4,10.3,10.3,-0.05,29.0
2017-08-01,8176,255003.0,2675280.0,10.35,10.6,10.35,10.45,0.15,107.0
2017-08-02,8176,278126.0,2920871.0,10.7,10.7,10.4,10.4,-0.05,85.0
2017-08-03,8176,171168.0,1780996.0,10.45,10.5,10.3,10.3,-0.1,69.0
2017-08-04,8176,199916.0,2050841.0,10.35,10.4,10.2,10.25,-0.05,80.0
2017-08-07,8176,631501.0,6557885.0,10.3,10.5,10.2,10.25,0.0,176.0
2017-08-08,8176,811249.0,8384488.0,10.3,10.45,10.15,10.25,0.0,165.0
2017-08-09,8176,260423.0,2647162.0,10.35,10.35,10.05,10.15,-0.1,93.0
2017-08-10,8176,747512.0,7547825.0,10.2,10.3,9.79,9.79,-0.36,192.0
2017-08-11,8176,404013.0,3978850.0,9.6,10.1,9.6,10.0,0.21,157.0
2017-08-14,8176,163300.0,1634980.0,10.15,10.25,9.82,9.82,-0.18,81.0
2017-08-15,8176,96001.0,954980.0,9.82,10.05,9.81,10.05,0.23,38.0
2017-08-16,8176,87015.0,880500.0,10.0,10.2,10.0,10.05,0.0,47.0
2017-08-17,8176,266749.0,2707820.0,9.84,10.35,9.84,10.25,0.2,108.0
2017-08-18,8176,190251.0,1941285.0,10.0,10.3,10.0,10.3,0.05,76.0
2017-08-21,8176,2147582.0,22721560.0,10.35,10.8,10.2,10.55,0.25,461.0
2017-08-22,8176,363916.0,3821816.0,10.55,10.65,10.4,10.5,-0.05,158.0
2017-08-23,8176,1836634.0,20118795.0,10.55,11.25,10.45,10.85,0.35,617.0
2017-08-24,8176,507677.0,5615729.0,11.2,11.2,10.95,11.05,0.2,212.0
2017-08-25,8176,627017.0,6710881.0,11.0,11.0,10.55,10.7,-0.35,197.0
2017-08-28,8176,145001.0,1559560.0,10.8,10.9,10.7,10.7,0.0,88.0
2017-08-29,8176,362923.0,3739369.0,10.7,10.7,10.3,10.4,-0.3,131.0
2017-08-30,8176,282084.0,2993144.0,10.6,10.7,10.5,10.55,0.15,113.0
2017-08-31,8176,138833.0,1471278.0,10.6,10.65,10.55,10.65,0.1,63.0
2017-09-01,8176,925998.0,10161375.0,10.65,11.3,10.6,11.0,0.35,345.0
2017-09-04,8176,240003.0,2586480.0,11.0,11.0,10.7,10.75,-0.25,121.0
2017-09-05,8176,234255.0,2551465.0,10.8,10.95,10.75,10.95,0.2,104.0
2017-09-06,8176,318007.0,3518577.0,10.85,11.3,10.85,10.9,-0.05,147.0
2017-09-07,8176,221002.0,2410520.0,10.95,11.1,10.7,10.7,-0.2,88.0
2017-09-08,8176,135550.0,1461383.0,10.85,10.85,10.7,10.75,0.05,69.0
2017-09-11,8176,370188.0,4113835.0,11.0,11.2,11.0,11.2,0.45,173.0
2017-09-12,8176,201415.0,2241071.0,11.3,11.3,10.95,10.95,-0.25,93.0
2017-09-13,8176,213002.0,2318920.0,10.95,11.0,10.8,10.8,-0.15,90.0
2017-09-14,8176,380681.0,4198791.0,10.9,11.15,10.8,11.1,0.3,152.0
2017-09-15,8176,294146.0,3281019.0,11.2,11.3,11.05,11.15,0.05,130.0
2017-09-18,8176,621000.0,7078000.0,11.2,11.65,11.2,11.3,0.15,256.0
2017-09-19,8176,4605785.0,56093620.0,11.4,12.4,11.35,11.8,0.5,1647.0
2017-09-20,8176,970537.0,11255128.0,11.65,11.8,11.4,11.5,-0.3,465.0
2017-09-21,8176,421746.0,4993648.0,11.7,12.0,11.65,11.85,0.35,235.0
2017-09-22,8176,707768.0,8495210.0,12.1,12.2,11.8,11.85,0.0,305.0
2017-09-25,8176,539057.0,6195835.0,11.9,11.9,11.3,11.3,-0.55,243.0
2017-09-26,8176,274001.0,3094111.0,11.4,11.55,11.0,11.25,-0.05,127.0
2017-09-27,8176,167916.0,1898650.0,11.35,11.5,11.1,11.35,0.1,98.0
2017-09-28,8176,103263.0,1168945.0,11.45,11.55,11.2,11.2,-0.15,59.0
2017-09-29,8176,200582.0,2272834.0,11.2,11.65,11.15,11.5,0.3,109.0
2017-09-30,8176,226165.0,2649824.0,11.5,11.85,11.5,11.8,0.3,128.0
2017-10-02,8176,217501.0,2573560.0,11.95,12.15,11.75,11.8,0.0,105.0
2017-10-03,8176,152604.0,1788466.0,11.8,12.0,11.65,11.7,-0.1,83.0
2017-10-05,8176,131500.0,1534494.0,11.7,11.75,11.6,11.7,0.0,70.0
2017-10-06,8176,202584.0,2327938.0,11.6,11.65,11.3,11.4,-0.3,110.0
2017-10-11,8176,142833.0,1620278.0,11.4,11.4,11.25,11.3,-0.1,73.0
2017-10-12,8176,124000.0,1393450.0,11.25,11.3,11.2,11.3,0.0,57.0
2017-10-13,8176,111261.0,1255025.0,11.2,11.4,11.2,11.3,0.0,43.0
2017-10-16,8176,143012.0,1634737.0,11.3,11.5,11.3,11.5,0.2,70.0
2017-10-17,8176,93106.0,1062248.0,11.5,11.5,11.35,11.35,-0.15,59.0
2017-10-18,8176,125001.0,1402711.0,11.35,11.35,11.15,11.2,-0.15,56.0
2017-10-19,8176,108195.0,1228302.0,11.2,11.4,11.2,11.35,0.15,56.0
2017-10-20,8176,180992.0,2056357.0,11.5,11.5,11.2,11.4,0.05,75.0
2017-10-23,8176,100993.0,1136720.0,11.4,11.4,11.2,11.35,-0.05,41.0
2017-10-24,8176,90252.0,1015684.0,11.25,11.3,11.2,11.25,-0.1,43.0
2017-10-25,8176,260914.0,2980728.0,11.25,11.55,11.25,11.35,0.1,77.0
2017-10-26,8176,61998.0,701176.0,11.25,11.45,11.25,11.45,0.1,24.0
2017-10-27,8176,1976499.0,23534636.0,11.45,12.15,11.45,11.8,0.35,706.0
2017-10-30,8176,261729.0,3076076.0,12.05,12.05,11.55,11.75,-0.05,114.0
2017-10-31,8176,148001.0,1721311.0,11.65,11.7,11.6,11.6,-0.15,55.0
2017-11-01,8176,243759.0,2803538.0,11.6,11.6,11.45,11.45,-0.15,99.0
2017-11-02,8176,162003.0,1866033.0,11.6,11.65,11.4,11.45,0.0,69.0
2017-11-03,8176,844224.0,9793425.0,11.5,11.7,11.4,11.5,0.05,214.0
2017-11-06,8176,327230.0,3792545.0,11.65,11.7,11.45,11.55,0.05,125.0
2017-11-07,8176,87506.0,1001267.0,11.45,11.55,11.4,11.5,-0.05,38.0
2017-11-08,8176,159002.0,1809072.0,11.6,11.6,11.3,11.3,-0.2,62.0
2017-11-09,8176,263000.0,2956550.0,11.3,11.35,11.15,11.15,-0.15,108.0
2017-11-10,8176,276591.0,3051741.0,11.15,11.2,10.9,11.0,-0.15,108.0
2017-11-13,8176,227332.0,2569618.0,11.3,11.4,11.2,11.3,0.3,88.0
2017-11-14,8176,1927365.0,21856487.0,11.4,11.5,11.05,11.05,-0.25,726.0
2017-11-15,8176,281823.0,3095034.0,11.2,11.2,10.9,10.9,-0.15,128.0
2017-11-16,8176,384583.0,4150281.0,10.9,10.95,10.7,10.75,-0.15,162.0
2017-11-17,8176,403006.0,4399410.0,10.85,11.0,10.8,10.8,0.05,111.0
2017-11-20,8176,94916.0,1022900.0,10.85,10.85,10.7,10.8,0.0,50.0
2017-11-21,8176,258004.0,2861944.0,10.85,11.4,10.85,11.2,0.4,125.0
2017-11-22,8176,100749.0,1114339.0,11.3,11.3,11.0,11.05,-0.15,50.0
2017-11-23,8176,195514.0,2137500.0,11.05,11.1,10.85,11.0,-0.05,73.0
2017-11-24,8176,146001.0,1601361.0,11.05,11.15,10.95,11.05,0.05,49.0
2017-11-27,8176,387500.0,4291349.0,11.0,11.2,11.0,11.15,0.1,128.0
2017-11-28,8176,5163320.0,62394413.0,11.15,12.25,11.15,12.25,1.1,1430.0
2017-11-29,8176,7139169.0,92758051.0,12.5,13.45,12.35,13.45,1.2,2529.0
2017-11-30,8176,4837924.0,65028462.0,13.45,14.0,12.8,13.05,-0.4,1890.0
2017-12-01,8176,2520296.0,30853052.0,12.65,13.05,11.75,12.0,-1.05,988.0
2017-12-04,8176,2419302.0,31626182.0,12.1,13.2,12.1,13.2,1.2,888.0
2017-12-05,8176,6976259.0,97378077.0,13.55,14.4,13.55,13.75,0.55,2952.0
2017-12-06,8176,10488630.0,151127443.0,13.7,14.9,13.3,14.65,0.9,4311.0
2017-12-07,8176,9406728.0,138987659.0,14.8,15.55,13.55,13.65,-1.0,3973.0
2017-12-08,8176,2992271.0,42146924.0,14.2,14.5,13.55,14.25,0.6,1407.0
2017-12-11,8176,2211267.0,31289181.0,14.65,14.75,13.65,13.85,-0.4,1050.0
2017-12-12,8176,1911928.0,25960440.0,13.95,14.15,12.9,13.3,-0.55,881.0
2017-12-13,8176,4932194.0,70927375.0,13.75,14.6,13.6,14.6,1.3,1686.0
2017-12-14,8176,14277014.0,224342684.0,15.2,16.05,14.7,16.05,1.45,4584.0
2017-12-15,8176,6098421.0,94694195.0,16.05,16.1,15.1,15.8,-0.25,2478.0
2017-12-18,8176,8256284.0,139095343.0,15.45,17.35,15.4,17.35,1.55,3400.0
2017-12-19,8176,17394313.0,318670078.0,18.2,18.9,17.75,18.3,0.95,7806.0
2017-12-20,8176,5704943.0,104485497.0,17.9,19.15,17.75,19.15,0.85,2763.0
2017-12-21,8176,10090540.0,198140250.0,19.1,20.3,18.8,19.3,0.15,4763.0
2017-12-22,8176,4577520.0,87341379.0,18.95,19.75,18.3,18.35,-0.95,2283.0
2017-12-25,8176,5259523.0,93464570.0,18.35,18.8,17.35,17.5,-0.85,2426.0
2017-12-26,8176,5561860.0,100896939.0,17.75,18.55,17.75,17.85,0.35,2783.0
2017-12-27,8176,3070592.0,55292578.0,17.4,18.35,17.4,18.05,0.2,1414.0
2017-12-28,8176,2774380.0,50099044.0,18.1,18.6,17.6,17.6,-0.45,1262.0
2017-12-29,8176,2185136.0,38317876.0,17.85,18.05,17.1,17.35,-0.25,986.0
2018-01-02,8176,7205791.0,134810601.0,17.6,19.05,17.6,19.05,1.7,2526.0
2018-01-03,8176,5509671.0,103268792.0,19.0,19.25,18.3,18.5,-0.55,2296.0
2018-01-04,8176,11100132.0,221077097.0,18.55,20.35,18.55,20.35,1.85,3873.0
2018-01-05,8176,7826161.0,155849031.0,20.25,20.3,19.3,20.0,-0.35,3164.0
2018-01-08,8176,5961505.0,117065537.0,19.95,20.6,18.45,18.45,-1.55,2698.0
2018-01-09,8176,2531048.0,47049418.0,18.8,19.1,18.25,18.25,-0.2,1202.0
2018-01-10,8176,5201204.0,99442619.0,19.5,19.6,18.55,18.7,0.45,2555.0
2018-01-11,8176,1823616.0,34560970.0,18.9,19.35,18.75,18.8,0.1,920.0
2018-01-12,8176,1574834.0,29384400.0,19.2,19.2,18.4,18.45,-0.35,842.0
2018-01-15,8176,2788862.0,52997037.0,18.75,19.5,18.5,19.25,0.8,1253.0
2018-01-16,8176,14043039.0,281463223.0,19.55,20.7,18.85,18.85,-0.4,5828.0
2018-01-17,8176,2223913.0,42100011.0,18.65,19.3,18.65,18.95,0.1,1137.0
2018-01-18,8176,1506509.0,28460936.0,19.15,19.3,18.65,18.65,-0.3,765.0
2018-01-19,8176,1939613.0,36012890.0,18.65,19.15,18.2,18.25,-0.4,967.0
2018-01-22,8176,5842224.0,105433146.0,18.15,18.6,17.2,17.2,-1.05,1805.0
2018-01-23,8176,2527466.0,43651472.0,17.2,17.6,17.1,17.1,-0.1,1027.0
2018-01-24,8176,1165902.0,20181060.0,17.2,17.6,17.1,17.1,0.0,576.0
2018-01-25,8176,3329970.0,54715611.0,17.3,17.4,16.0,16.15,-0.95,1516.0
2018-01-26,8176,1739355.0,28268938.0,16.4,16.6,16.0,16.0,-0.15,829.0
2018-01-29,8176,1529841.0,24569666.0,16.15,16.35,15.75,16.0,0.0,734.0
2018-01-30,8176,2891117.0,48346127.0,16.2,17.1,16.1,16.6,0.6,1443.0
2018-01-31,8176,3438910.0,58488919.0,16.55,17.4,16.2,16.85,0.25,1572.0
2018-02-01,8176,1558031.0,26673564.0,17.05,17.55,16.8,16.8,-0.05,718.0
2018-02-02,8176,599833.0,10078453.0,16.95,17.1,16.65,16.75,-0.05,348.0
2018-02-05,8176,734200.0,11896586.0,16.25,16.35,16.05,16.3,-0.45,379.0
2018-02-06,8176,1963113.0,29623805.0,15.65,15.8,14.7,14.7,-1.6,772.0
2018-02-07,8176,970278.0,14661485.0,15.2,15.3,15.0,15.0,0.3,441.0
2018-02-08,8176,840014.0,12245846.0,15.0,15.15,14.4,14.5,-0.5,397.0
2018-02-09,8176,1922859.0,27743144.0,13.7,15.75,13.6,14.8,0.3,801.0
2018-02-12,8176,870580.0,12596170.0,14.95,15.1,14.1,14.1,-0.7,463.0
2018-02-21,8176,2486845.0,37523348.0,14.4,15.5,14.4,15.45,1.35,754.0
2018-02-22,8176,836531.0,12637324.0,15.25,15.3,14.95,15.05,-0.4,450.0
2018-02-23,8176,1925717.0,29668609.0,15.2,15.7,15.1,15.25,0.2,845.0
2018-02-26,8176,664396.0,10034449.0,15.4,15.45,14.8,14.8,-0.45,415.0
2018-02-27,8176,2323610.0,35927578.0,14.8,15.8,14.8,15.0,0.2,977.0
2018-03-01,8176,506314.0,7566660.0,14.9,15.2,14.7,14.9,-0.1,309.0
2018-03-02,8176,266525.0,3983623.0,14.85,15.05,14.8,14.9,0.0,180.0
2018-03-05,8176,413544.0,6143314.0,15.05,15.2,14.5,14.5,-0.4,296.0
2018-03-06,8176,518088.0,7552910.0,14.9,14.9,14.4,14.4,-0.1,290.0
2018-03-07,8176,2078185.0,30233398.0,14.55,14.95,14.15,14.4,0.0,724.0
2018-03-08,8176,604833.0,8731026.0,14.7,14.7,14.3,14.35,-0.05,315.0
2018-03-09,8176,563060.0,8167359.0,14.5,14.65,14.35,14.4,0.05,275.0
2018-03-12,8176,1737800.0,24729231.0,14.3,14.65,13.8,13.9,-0.5,703.0
2018-03-13,8176,711612.0,9933368.0,14.1,14.1,13.85,13.9,0.0,337.0
2018-03-14,8176,604032.0,8594198.0,14.0,14.4,14.0,14.2,0.3,360.0
2018-03-15,8176,4870264.0,73883917.0,14.25,15.6,14.2,15.6,1.4,1773.0
2018-03-16,8176,2764382.0,42652730.0,15.9,16.0,15.05,15.1,-0.5,1365.0
2018-03-19,8176,1104217.0,16702258.0,15.25,15.5,14.8,15.45,0.35,607.0
2018-03-20,8176,9979531.0,159632290.0,15.45,16.45,15.4,15.85,0.4,2717.0
2018-03-21,8176,1162100.0,18424752.0,15.8,16.05,15.65,15.9,0.05,618.0
2018-03-22,8176,1402597.0,21660255.0,16.0,16.25,14.8,15.0,-0.9,714.0
2018-03-23,8176,721199.0,10462980.0,14.35,14.7,14.3,14.55,-0.45,380.0
2018-03-26,8176,330090.0,4814374.0,14.6,14.8,14.4,14.65,0.1,274.0
2018-03-27,8176,632145.0,9381890.0,14.85,15.1,14.6,14.7,0.05,368.0
2018-03-28,8176,448538.0,6585632.0,14.65,14.9,14.55,14.55,-0.15,256.0
2018-03-29,8176,438077.0,6417162.0,14.7,14.8,14.55,14.55,0.0,203.0
2018-03-30,8176,917060.0,13712471.0,14.75,15.35,14.6,14.65,0.1,431.0
2018-03-31,8176,454841.0,6749366.0,14.9,14.95,14.75,14.95,0.3,227.0
2018-04-02,8176,494452.0,7394429.0,15.1,15.2,14.8,14.8,-0.15,240.0
2018-04-03,8176,828333.0,12328495.0,14.85,15.1,14.7,14.7,-0.1,359.0
2018-04-09,8176,274315.0,4025399.0,14.8,14.9,14.55,14.6,-0.1,168.0
2018-04-10,8176,978792.0,14210827.0,14.75,14.85,14.1,14.2,-0.4,391.0
2018-04-11,8176,298875.0,4217550.0,14.2,14.3,14.0,14.0,-0.2,170.0
2018-04-12,8176,473396.0,6654794.0,14.1,14.2,13.9,14.1,0.1,210.0
2018-04-13,8176,207499.0,2949335.0,14.25,14.3,14.1,14.15,0.05,114.0
2018-04-16,8176,1871015.0,27696462.0,14.15,15.15,14.15,14.7,0.55,861.0
2018-04-17,8176,595009.0,8671026.0,14.9,14.95,14.35,14.35,-0.35,296.0
2018-04-18,8176,440001.0,6419414.0,14.45,14.8,14.45,14.55,0.2,192.0
2018-04-19,8176,893500.0,13170148.0,14.55,14.9,14.45,14.7,0.15,300.0
2018-04-20,8176,304006.0,4386584.0,14.55,14.65,14.3,14.3,-0.4,162.0
2018-04-23,8176,422150.0,5921932.0,14.45,14.45,13.8,13.95,-0.35,233.0
2018-04-24,8176,532214.0,7287135.0,14.1,14.2,13.3,13.5,-0.45,244.0
2018-04-25,8176,240000.0,3221150.0,13.15,13.55,13.15,13.55,0.05,127.0
2018-04-26,8176,315002.0,4241126.0,13.75,13.75,13.15,13.2,-0.35,130.0
2018-04-27,8176,262012.0,3474656.0,13.45,13.45,13.0,13.2,0.0,133.0
2018-04-30,8176,191015.0,2550048.0,13.25,13.5,13.15,13.35,0.15,104.0
2018-05-02,8176,191013.0,2591222.0,13.8,13.8,13.4,13.45,0.1,93.0
2018-05-03,8176,118002.0,1571276.0,13.55,13.55,13.15,13.3,-0.15,74.0
2018-05-04,8176,166499.0,2245935.0,13.35,13.6,13.3,13.5,0.2,82.0
2018-05-07,8176,540002.0,7441926.0,13.55,14.1,13.45,13.8,0.3,179.0
2018-05-08,8176,211000.0,2886800.0,13.9,13.95,13.55,13.65,-0.15,95.0
2018-05-09,8176,384004.0,5267252.0,13.65,13.8,13.5,13.55,-0.1,127.0
2018-05-10,8176,214491.0,2928971.0,13.6,13.8,13.55,13.8,0.25,124.0
2018-05-11,8176,290211.0,3898963.0,13.55,13.55,13.3,13.35,-0.45,162.0
2018-05-14,8176,554543.0,7173009.0,13.3,13.35,12.7,12.95,-0.4,271.0
2018-05-15,8176,288429.0,3746381.0,13.0,13.15,12.85,12.95,0.0,130.0
2018-05-16,8176,356662.0,4525224.0,13.0,13.0,12.5,12.6,-0.35,192.0
2018-05-17,8176,552167.0,7020545.0,12.5,12.95,12.5,12.85,0.25,202.0
2018-05-18,8176,198493.0,2558984.0,12.85,13.0,12.8,12.9,0.05,96.0
2018-05-21,8176,204654.0,2651183.0,12.95,13.15,12.8,13.05,0.15,110.0
2018-05-22,8176,506001.0,6597412.0,13.05,13.2,12.8,12.9,-0.15,166.0
2018-05-23,8176,197512.0,2588656.0,13.1,13.2,12.9,13.15,0.25,99.0
2018-05-24,8176,212448.0,2804412.0,13.0,13.35,13.0,13.35,0.2,119.0
2018-05-25,8176,240917.0,3236495.0,13.25,13.6,13.25,13.4,0.05,137.0
2018-05-28,8176,191100.0,2562800.0,13.3,13.5,13.3,13.4,0.0,92.0
2018-05-29,8176,187000.0,2528450.0,13.65,13.65,13.4,13.5,0.1,99.0
2018-05-30,8176,1224142.0,17401122.0,13.5,14.65,13.35,14.05,0.55,612.0
2018-05-31,8176,409000.0,5778800.0,14.35,14.45,13.75,13.75,-0.3,227.0
2018-06-01,8176,309000.0,4343600.0,13.7,14.25,13.7,14.15,0.4,198.0
2018-06-04,8176,355101.0,5032929.0,14.3,14.35,13.8,14.15,0.0,193.0
2018-06-05,8176,448690.0,6472915.0,14.3,14.6,14.3,14.4,0.25,193.0
2018-06-06,8176,295815.0,4264236.0,14.6,14.6,14.25,14.5,0.1,170.0
2018-06-07,8176,914109.0,13459368.0,14.7,15.05,14.5,14.5,0.0,374.0
2018-06-08,8176,234155.0,3364851.0,14.55,14.65,14.25,14.3,-0.2,130.0
2018-06-11,8176,258911.0,3648833.0,14.4,14.4,13.95,14.1,-0.2,144.0
2018-06-12,8176,303702.0,4253405.0,13.95,14.1,13.9,13.95,-0.15,171.0
2018-06-13,8176,269329.0,3786706.0,13.95,14.2,13.95,14.05,0.1,122.0
2018-06-14,8176,148506.0,2077883.0,14.15,14.15,13.9,13.95,-0.1,75.0
2018-06-15,8176,682443.0,9845434.0,14.0,14.7,13.95,14.35,0.4,312.0
2018-06-19,8176,353112.0,4895633.0,14.0,14.05,13.6,13.7,0.0,187.0
2018-06-20,8176,337165.0,4566177.0,13.65,13.75,13.4,13.6,-0.1,120.0
2018-06-21,8176,154017.0,2126679.0,13.7,14.0,13.7,13.7,0.1,94.0
2018-06-22,8176,119500.0,1636250.0,13.7,13.85,13.5,13.65,-0.05,63.0
2018-06-25,8176,77011.0,1046747.0,13.65,13.8,13.5,13.55,-0.1,47.0
2018-06-26,8176,110122.0,1463052.0,13.55,13.55,13.2,13.35,-0.2,63.0
2018-06-27,8176,159521.0,2162082.0,13.4,13.7,13.4,13.55,0.2,93.0
2018-06-28,8176,111001.0,1494763.0,13.75,13.75,13.4,13.55,0.0,53.0
2018-06-29,8176,155100.0,2114370.0,13.6,13.75,13.55,13.75,0.2,75.0
2018-07-02,8176,90629.0,1238054.0,13.75,13.75,13.55,13.75,0.0,51.0
2018-07-03,8176,870002.0,11881326.0,13.6,14.0,13.25,13.25,-0.5,332.0
2018-07-04,8176,133300.0,1758075.0,13.3,13.3,13.15,13.2,-0.05,64.0
2018-07-05,8176,230746.0,2993298.0,13.15,13.15,12.7,12.7,-0.5,101.0
2018-07-06,8176,205188.0,2550030.0,12.8,12.8,12.1,12.4,-0.3,113.0
2018-07-09,8176,110253.0,1377562.0,12.5,12.55,12.3,12.55,0.15,62.0
2018-07-10,8176,102005.0,1282560.0,12.9,12.9,12.5,12.5,-0.05,57.0
2018-07-11,8176,129006.0,1586422.0,12.3,12.4,12.1,12.4,-0.1,76.0
2018-07-12,8176,34001.0,421212.0,12.4,12.5,12.35,12.4,0.0,27.0
2018-07-13,8176,110000.0,1386750.0,12.6,12.8,12.5,12.75,0.35,71.0
2018-07-16,8176,100085.0,1278695.0,12.95,12.95,12.7,12.8,0.05,52.0
2018-07-17,8176,64005.0,815010.0,12.75,12.8,12.7,12.75,-0.05,35.0
2018-07-18,8176,876084.0,11373642.0,12.75,13.2,12.65,13.0,0.25,265.0
2018-07-19,8176,109001.0,1412962.0,13.2,13.2,12.9,12.95,-0.05,55.0
2018-07-20,8176,139034.0,1793687.0,13.15,13.15,12.85,12.9,-0.05,51.0
2018-07-23,8176,133098.0,1687186.0,12.9,12.9,12.55,12.7,-0.2,71.0
2018-07-24,8176,63030.0,806484.0,12.7,12.95,12.6,12.85,0.15,34.0
2018-07-25,8176,68000.0,866250.0,12.8,12.9,12.7,12.9,0.05,36.0
2018-07-26,8176,67000.0,861200.0,12.75,12.95,12.75,12.9,0.0,39.0
2018-07-27,8176,62100.0,806355.0,12.9,13.05,12.9,12.95,0.05,40.0
2018-07-30,8176,549034.0,7247548.0,13.0,13.45,12.9,13.3,0.35,186.0
2018-07-31,8176,115566.0,1519108.0,13.3,13.3,13.1,13.1,-0.2,49.0
2018-08-01,8176,79023.0,1035552.0,13.1,13.15,13.05,13.1,0.0,39.0
2018-08-02,8176,81833.0,1061612.0,13.1,13.1,12.85,13.0,-0.1,49.0
2018-08-03,8176,53001.0,684263.0,13.05,13.1,12.8,12.9,-0.1,30.0
2018-08-06,8176,695003.0,9109389.0,13.0,13.3,12.85,12.95,0.05,114.0
2018-08-07,8176,255831.0,3268960.0,13.0,13.0,12.6,12.85,-0.1,88.0
2018-08-08,8176,115200.0,1473150.0,12.8,12.85,12.7,12.8,-0.05,47.0
2018-08-09,8176,164126.0,2083162.0,12.7,12.8,12.6,12.8,0.0,58.0
2018-08-10,8176,96043.0,1212992.0,12.75,12.75,12.6,12.65,-0.15,58.0
2018-08-13,8176,352801.0,4221263.0,12.25,12.35,11.6,11.75,-0.9,178.0
2018-08-14,8176,90112.0,1062176.0,11.85,11.85,11.75,11.85,0.1,53.0
2018-08-15,8176,201386.0,2338532.0,11.85,11.85,11.35,11.8,-0.05,94.0
2018-08-16,8176,36121.0,421309.0,11.5,11.75,11.5,11.7,-0.1,26.0
2018-08-17,8176,42800.0,500039.0,11.85,11.85,11.65,11.65,-0.05,29.0
2018-08-20,8176,55009.0,632553.0,11.6,11.6,11.4,11.4,-0.25,36.0
2018-08-21,8176,71014.0,806158.0,11.4,11.45,11.2,11.4,0.0,44.0
2018-08-22,8176,57916.0,656859.0,11.4,11.4,11.3,11.3,-0.1,28.0
2018-08-23,8176,266276.0,3049309.0,11.35,11.6,11.3,11.35,0.05,101.0
2018-08-24,8176,53000.0,602500.0,11.35,11.4,11.3,11.3,-0.05,30.0
2018-08-27,8176,80166.0,909292.0,11.3,11.4,11.3,11.4,0.1,42.0
2018-08-28,8176,41084.0,468706.0,11.4,11.45,11.35,11.45,0.05,35.0
2018-08-29,8176,463091.0,5505416.0,11.5,12.15,11.5,11.75,0.3,234.0
2018-08-30,8176,72833.0,860446.0,11.75,11.95,11.75,11.8,0.05,56.0
2018-08-31,8176,62096.0,741645.0,11.85,12.05,11.85,11.95,0.15,44.0
2018-09-03,8176,118025.0,1394094.0,11.95,11.95,11.7,11.7,-0.25,42.0
2018-09-04,8176,936933.0,11488746.0,11.9,12.55,11.85,12.1,0.4,472.0
2018-09-05,8176,177586.0,2133350.0,12.1,12.15,11.85,11.85,-0.25,78.0
2018-09-06,8176,14025.0,165746.0,11.8,11.85,11.8,11.8,-0.05,16.0
2018-09-07,8176,81000.0,951600.0,11.8,11.95,11.6,11.65,-0.15,53.0
2018-09-10,8176,263418.0,2891798.0,11.6,11.6,10.8,10.8,-0.85,124.0
2018-09-11,8176,463750.0,4894399.0,10.85,10.85,10.3,10.3,-0.5,180.0
2018-09-12,8176,325018.0,3342502.0,10.45,10.45,10.15,10.25,-0.05,118.0
2018-09-13,8176,231004.0,2357240.0,10.3,10.45,10.1,10.15,-0.1,96.0
2018-09-14,8176,342916.0,3500901.0,10.15,10.3,10.15,10.2,0.05,121.0
2018-09-17,8176,35002.0,357520.0,10.3,10.3,10.2,10.2,0.0,19.0
2018-09-18,8176,66031.0,676717.0,10.25,10.3,10.15,10.2,0.0,38.0
2018-09-19,8176,69027.0,710379.0,10.2,10.35,10.2,10.3,0.1,37.0
2018-09-20,8176,38010.0,391001.0,10.3,10.3,10.25,10.25,-0.05,27.0
2018-09-21,8176,28020.0,286404.0,10.25,10.3,10.2,10.2,-0.05,21.0
2018-09-25,8176,26096.0,268406.0,10.2,10.35,10.2,10.3,0.1,19.0
2018-09-26,8176,2205265.0,23375244.0,10.3,10.95,10.15,10.75,0.45,683.0
2018-09-27,8176,247011.0,2609929.0,10.5,10.75,10.5,10.6,-0.15,137.0
2018-09-28,8176,132270.0,1398934.0,10.7,10.7,10.5,10.5,-0.1,59.0
2018-10-01,8176,101029.0,1056714.0,10.5,10.5,10.4,10.5,0.0,52.0
2018-10-02,8176,102025.0,1064438.0,10.45,10.45,10.4,10.45,-0.05,36.0
2018-10-03,8176,369500.0,3889898.0,10.5,10.65,10.4,10.45,0.0,106.0
2018-10-04,8176,82002.0,854720.0,10.45,10.45,10.4,10.45,0.0,34.0
2018-10-05,8176,303003.0,3046030.0,10.35,10.35,9.84,10.0,-0.45,108.0
2018-10-08,8176,159208.0,1551036.0,9.61,9.85,9.61,9.83,-0.17,63.0
2018-10-09,8176,158557.0,1588224.0,9.84,10.2,9.84,10.0,0.17,63.0
2018-10-11,8176,664044.0,6118978.0,9.9,9.9,9.0,9.0,-1.0,248.0
2018-10-12,8176,361006.0,3206974.0,8.55,9.2,8.55,9.1,0.1,134.0
2018-10-15,8176,122038.0,1112957.0,9.1,9.25,9.04,9.12,0.02,46.0
2018-10-16,8176,33034.0,305204.0,9.16,9.36,9.14,9.19,0.07,20.0
2018-10-17,8176,33007.0,306973.0,9.49,9.49,9.25,9.26,0.07,22.0
2018-10-18,8176,22000.0,204120.0,9.26,9.35,9.12,9.12,-0.14,16.0
2018-10-19,8176,163081.0,1479686.0,8.71,9.28,8.71,9.2,0.08,60.0
2018-10-22,8176,13001.0,119859.0,9.17,9.24,9.17,9.24,0.04,11.0
2018-10-23,8176,294011.0,2745960.0,9.12,9.48,8.94,9.4,0.16,177.0
2018-10-24,8176,304662.0,2897699.0,9.37,9.71,9.23,9.55,0.15,144.0
2018-10-25,8176,74007.0,685393.0,9.23,9.4,9.22,9.22,-0.33,51.0
2018-10-26,8176,61099.0,563290.0,9.3,9.41,9.1,9.14,-0.08,53.0
2018-10-29,8176,58007.0,522823.0,9.02,9.04,8.99,8.99,-0.15,45.0
2018-10-30,8176,104002.0,937938.0,9.0,9.16,8.92,9.0,0.01,48.0
2018-10-31,8176,40010.0,365530.0,9.21,9.21,9.08,9.14,0.14,34.0
2018-11-01,8176,2444006.0,22976296.0,9.14,9.5,9.14,9.3,0.16,384.0
2018-11-02,8176,184504.0,1714746.0,9.3,9.4,9.23,9.31,0.01,83.0
2018-11-05,8176,51004.0,475816.0,9.31,9.45,9.29,9.3,-0.01,39.0
2018-11-06,8176,45496.0,423861.0,9.3,9.39,9.3,9.3,0.0,27.0
2018-11-07,8176,60088.0,565721.0,9.47,9.47,9.37,9.38,0.08,37.0
2018-11-08,8176,46007.0,431233.0,9.44,9.44,9.33,9.36,-0.02,27.0
2018-11-09,8176,206041.0,1987663.0,9.45,9.88,9.45,9.6,0.24,106.0
2018-11-12,8176,131165.0,1239243.0,9.6,9.6,9.4,9.42,-0.18,57.0
2018-11-13,8176,405529.0,4030090.0,9.42,10.3,9.36,10.05,0.63,217.0
2018-11-14,8176,468029.0,4758995.0,10.0,10.35,10.0,10.1,0.05,173.0
2018-11-15,8176,187041.0,1934079.0,10.15,10.65,10.15,10.45,0.35,94.0
2018-11-16,8176,497691.0,5365238.0,10.8,10.95,10.55,10.85,0.4,224.0
2018-11-19,8176,356695.0,3777135.0,10.85,10.85,10.4,10.5,-0.35,112.0
2018-11-20,8176,200003.0,2074080.0,10.4,10.45,10.3,10.3,-0.2,85.0
2018-11-21,8176,200000.0,2039800.0,10.3,10.3,10.05,10.3,0.0,75.0
2018-11-22,8176,178001.0,1819610.0,10.25,10.35,10.15,10.2,-0.1,70.0
2018-11-23,8176,116000.0,1177850.0,10.25,10.3,10.05,10.05,-0.15,46.0
2018-11-26,8176,81447.0,829061.0,10.15,10.2,10.15,10.2,0.15,51.0
2018-11-27,8176,128003.0,1314430.0,10.2,10.35,10.2,10.25,0.05,58.0
2018-11-28,8176,152108.0,1560315.0,10.25,10.35,10.2,10.25,0.0,77.0
2018-11-29,8176,142280.0,1463554.0,10.3,10.35,10.25,10.25,0.0,53.0
2018-11-30,8176,237500.0,2414799.0,10.15,10.3,10.1,10.2,-0.05,64.0
2018-12-03,8176,421000.0,4436600.0,10.35,10.75,10.35,10.55,0.35,145.0
2018-12-04,8176,882520.0,9811029.0,10.75,11.5,10.7,11.3,0.75,359.0
2018-12-05,8176,180024.0,1984547.0,11.3,11.3,10.8,11.1,-0.2,91.0
2018-12-06,8176,388137.0,4161121.0,11.1,11.1,10.5,10.5,-0.6,144.0
2018-12-07,8176,192000.0,2032750.0,10.5,10.75,10.5,10.65,0.15,75.0
2018-12-10,8176,84624.0,891065.0,10.45,10.6,10.45,10.5,-0.15,57.0
2018-12-11,8176,1760135.0,20101908.0,10.55,11.55,10.55,11.55,1.05,576.0
2018-12-12,8176,1002635.0,11593701.0,11.6,11.95,11.25,11.35,-0.2,510.0
2018-12-13,8176,381274.0,4298138.0,11.4,11.55,11.15,11.25,-0.1,178.0
2018-12-14,8176,126530.0,1411794.0,11.25,11.25,11.1,11.2,-0.05,62.0
2018-12-17,8176,188000.0,2093450.0,11.2,11.25,11.05,11.1,-0.1,68.0
2018-12-18,8176,551403.0,6150815.0,11.1,11.25,11.0,11.1,0.0,171.0
2018-12-19,8176,311358.0,3430186.0,11.2,11.25,10.85,11.0,-0.1,128.0
2018-12-20,8176,191080.0,2065162.0,10.9,10.95,10.7,10.75,-0.25,86.0
2018-12-21,8176,203013.0,2138337.0,10.75,10.75,10.35,10.65,-0.1,95.0
2018-12-22,8176,24041.0,254177.0,10.5,10.65,10.5,10.6,-0.05,22.0
2018-12-24,8176,83550.0,897109.0,10.6,10.85,10.6,10.75,0.15,53.0
2018-12-25,8176,76117.0,810449.0,10.5,10.8,10.5,10.8,0.05,40.0
2018-12-26,8176,97016.0,1048119.0,10.85,10.9,10.7,10.7,-0.1,46.0
2018-12-27,8176,63017.0,682632.0,10.9,10.95,10.75,10.8,0.1,38.0
2018-12-28,8176,74003.0,794380.0,10.8,10.8,10.6,10.8,0.0,35.0
2019-01-02,8176,63266.0,678792.0,10.7,10.8,10.7,10.75,-0.05,31.0
2019-01-03,8176,112026.0,1240393.0,10.8,11.2,10.8,11.2,0.45,75.0
2019-01-04,8176,71034.0,782879.0,11.1,11.2,10.85,11.1,-0.1,49.0
2019-01-07,8176,92043.0,1030931.0,11.3,11.3,11.1,11.2,0.1,56.0
2019-01-08,8176,125039.0,1376531.0,11.15,11.15,10.95,11.0,-0.2,67.0
2019-01-09,8176,89933.0,990557.0,11.1,11.15,10.95,10.95,-0.05,67.0
2019-01-10,8176,83157.0,904489.0,11.1,11.1,10.8,10.9,-0.05,57.0
2019-01-11,8176,128352.0,1373744.0,10.85,10.9,10.6,10.6,-0.3,76.0
2019-01-14,8176,17044.0,181419.0,10.6,10.7,10.6,10.65,0.05,17.0
2019-01-15,8176,55556.0,600645.0,10.7,10.9,10.7,10.8,0.15,38.0
2019-01-16,8176,51016.0,551416.0,10.8,10.9,10.75,10.85,0.05,38.0
2019-01-17,8176,46003.0,493485.0,10.8,10.8,10.65,10.7,-0.15,21.0
2019-01-18,8176,73165.0,784960.0,10.7,10.8,10.7,10.75,0.05,59.0
2019-01-21,8176,35000.0,376850.0,10.8,10.8,10.7,10.8,0.05,23.0
2019-01-22,8176,66433.0,709275.0,10.8,10.8,10.6,10.7,-0.1,44.0
2019-01-23,8176,10001.0,106011.0,10.6,10.65,10.55,10.65,-0.05,11.0
2019-01-24,8176,11000.0,116700.0,10.6,10.65,10.6,10.65,0.0,9.0
2019-01-25,8176,59001.0,628211.0,10.75,10.75,10.6,10.6,-0.05,36.0
2019-01-28,8176,103004.0,1096644.0,10.7,10.7,10.6,10.7,0.1,44.0
2019-01-29,8176,79000.0,836700.0,10.7,10.7,10.55,10.55,-0.15,58.0
2019-01-30,8176,75000.0,795600.0,10.65,10.65,10.55,10.55,0.0,39.0
2019-02-11,8176,42349.0,448286.0,10.55,10.7,10.55,10.6,0.05,65.0
2019-02-12,8176,83914.0,896675.0,10.7,10.75,10.6,10.7,0.1,70.0
2019-02-13,8176,94173.0,1009025.0,10.75,10.8,10.6,10.65,-0.05,53.0
2019-02-14,8176,490334.0,5315589.0,10.65,11.0,10.6,10.95,0.3,174.0
2019-02-15,8176,397020.0,4367490.0,11.0,11.25,10.7,10.7,-0.25,170.0
2019-02-18,8176,72300.0,781858.0,10.8,10.95,10.75,10.9,0.2,66.0
2019-02-19,8176,152131.0,1669786.0,10.9,11.1,10.9,11.0,0.1,106.0
2019-02-20,8176,1295770.0,14911806.0,11.0,12.05,11.0,11.75,0.75,539.0
2019-02-21,8176,1971435.0,24474185.0,12.2,12.8,11.9,12.4,0.65,1102.0
2019-02-22,8176,344431.0,4182121.0,12.3,12.3,12.0,12.15,-0.25,210.0
2019-02-25,8176,180063.0,2175756.0,12.15,12.2,12.0,12.05,-0.1,143.0
2019-02-26,8176,461024.0,5663588.0,12.35,12.5,12.0,12.05,0.0,277.0
2019-02-27,8176,310287.0,3834449.0,12.35,12.5,12.1,12.1,0.05,196.0
2019-03-04,8176,194050.0,2280862.0,12.15,12.15,11.55,11.9,-0.2,118.0
2019-03-05,8176,623046.0,7477198.0,11.65,12.25,11.6,11.95,0.05,291.0
2019-03-06,8176,177000.0,2103650.0,12.05,12.15,11.7,11.8,-0.15,100.0
2019-03-07,8176,132091.0,1548222.0,11.8,11.85,11.65,11.7,-0.1,83.0
2019-03-08,8176,217485.0,2533542.0,11.6,11.8,11.55,11.65,-0.05,139.0
2019-03-11,8176,144600.0,1683252.0,11.65,11.7,11.6,11.6,-0.05,92.0
2019-03-12,8176,1235186.0,14827592.0,11.75,12.45,11.65,12.15,0.55,409.0
2019-03-13,8176,162371.0,1956152.0,12.15,12.2,11.95,12.0,-0.15,149.0
2019-03-14,8176,292073.0,3449326.0,12.0,12.1,11.65,11.75,-0.25,194.0
2019-03-15,8176,106669.0,1259871.0,11.7,11.95,11.7,11.75,0.0,143.0
2019-03-18,8176,200583.0,2383837.0,11.75,12.0,11.75,11.9,0.15,136.0
2019-03-19,8176,1773343.0,22100803.0,12.15,12.9,12.1,12.45,0.55,731.0
2019-03-20,8176,431233.0,5293232.0,12.45,12.5,12.15,12.25,-0.2,257.0
2019-03-21,8176,2854419.0,37649228.0,12.35,13.45,12.35,13.45,1.2,1079.0
2019-03-22,8176,2439500.0,33239600.0,13.95,14.0,13.15,13.35,-0.1,1202.0
2019-03-25,8176,584346.0,7519398.0,13.2,13.2,12.7,12.9,-0.45,297.0
2019-03-26,8176,599236.0,7701883.0,12.9,13.05,12.65,12.85,-0.05,325.0
2019-03-27,8176,261047.0,3382524.0,12.85,13.25,12.85,12.9,0.05,166.0
2019-03-28,8176,186674.0,2379357.0,12.9,12.9,12.7,12.7,-0.2,161.0
2019-03-29,8176,215391.0,2736908.0,12.7,12.85,12.65,12.7,0.0,145.0
2019-04-01,8176,223582.0,2861374.0,12.8,13.0,12.7,12.75,0.05,153.0
2019-04-02,8176,422566.0,5426908.0,12.8,13.0,12.7,12.75,0.0,198.0
2019-04-03,8176,135104.0,1720506.0,12.9,12.9,12.7,12.7,-0.05,96.0
2019-04-08,8176,591833.0,7669308.0,12.95,13.1,12.65,12.85,0.15,304.0
2019-04-09,8176,479745.0,6281835.0,12.95,13.3,12.85,13.1,0.25,277.0
2019-04-10,8176,154988.0,1998890.0,13.1,13.1,12.85,12.9,-0.2,83.0
2019-04-11,8176,403410.0,5104412.0,12.75,12.8,12.5,12.5,-0.4,191.0
2019-04-12,8176,227000.0,2839050.0,12.5,12.65,12.4,12.4,-0.1,101.0
2019-04-15,8176,203556.0,2546168.0,12.55,12.6,12.4,12.5,0.1,104.0
2019-04-16,8176,857004.0,10863602.0,12.45,12.85,12.45,12.8,0.3,282.0
2019-04-17,8176,285000.0,3649400.0,13.05,13.1,12.65,12.65,-0.15,131.0
2019-04-18,8176,160000.0,2023500.0,12.65,12.75,12.5,12.55,-0.1,75.0
2019-04-19,8176,134503.0,1699086.0,12.65,12.7,12.55,12.55,0.0,62.0
2019-04-22,8176,263108.0,3342276.0,12.7,12.8,12.6,12.7,0.15,102.0
2019-04-23,8176,408917.0,5250744.0,12.7,13.0,12.6,12.75,0.05,132.0
2019-04-24,8176,115420.0,1460990.0,12.7,12.7,12.6,12.6,-0.15,53.0
2019-04-25,8176,206014.0,2628426.0,12.6,12.85,12.6,12.7,0.1,100.0
2019-04-26,8176,246042.0,3058920.0,12.8,12.8,12.3,12.4,-0.3,122.0
2019-04-29,8176,156005.0,1929110.0,12.4,12.55,12.15,12.15,-0.25,71.0
2019-04-30,8176,92499.0,1119837.0,12.05,12.2,12.05,12.15,0.0,53.0
2019-05-02,8176,296719.0,3698254.0,12.25,12.8,12.15,12.7,0.55,127.0
2019-05-03,8176,156116.0,1981798.0,12.8,12.95,12.35,12.5,-0.2,100.0
2019-05-06,8176,194140.0,2366199.0,12.5,12.8,12.05,12.15,-0.35,110.0
2019-05-07,8176,263077.0,3206179.0,12.25,12.3,12.1,12.15,0.0,105.0
2019-05-08,8176,140583.0,1689234.0,12.0,12.15,11.9,11.95,-0.2,64.0
2019-05-09,8176,408069.0,4839295.0,12.05,12.15,11.55,11.55,-0.4,149.0
2019-05-10,8176,117182.0,1348163.0,11.65,11.7,11.35,11.35,-0.2,63.0
2019-05-13,8176,79156.0,899653.0,11.45,11.5,11.25,11.3,-0.05,46.0
2019-05-14,8176,229184.0,2619095.0,11.3,11.5,11.2,11.4,0.1,97.0
2019-05-15,8176,142032.0,1608808.0,11.4,11.5,11.2,11.2,-0.2,63.0
2019-05-16,8176,67100.0,750815.0,11.2,11.35,11.05,11.05,-0.15,29.0
2019-05-17,8176,95582.0,1058493.0,11.1,11.25,11.0,11.0,-0.05,39.0
2019-05-20,8176,74147.0,814903.0,11.05,11.05,10.9,10.95,-0.05,41.0
2019-05-21,8176,110470.0,1204920.0,10.85,11.05,10.8,11.0,0.05,53.0
2019-05-22,8176,182002.0,2043222.0,11.2,11.35,11.1,11.1,0.1,67.0
2019-05-23,8176,23014.0,254254.0,11.15,11.15,11.0,11.0,-0.1,21.0
2019-05-24,8176,35002.0,387722.0,11.0,11.15,11.0,11.15,0.15,24.0
2019-05-27,8176,50576.0,555714.0,11.0,11.1,10.9,11.0,-0.15,26.0
2019-05-28,8176,24526.0,268759.0,10.95,11.0,10.95,10.95,-0.05,11.0
2019-05-29,8176,75101.0,839621.0,11.0,11.35,11.0,11.15,0.2,26.0
2019-05-30,8176,161105.0,1802830.0,11.15,11.3,11.0,11.15,0.0,61.0
2019-05-31,8176,146003.0,1634483.0,11.1,11.3,11.1,11.25,0.1,26.0
2019-06-03,8176,26451.0,294418.0,11.1,11.25,11.1,11.25,0.0,19.0
2019-06-04,8176,30001.0,333561.0,11.2,11.2,11.0,11.15,-0.1,18.0
2019-06-05,8176,101301.0,1118491.0,11.15,11.15,11.0,11.0,-0.15,36.0
2019-06-06,8176,276195.0,3060983.0,11.0,11.2,11.0,11.0,0.0,71.0
2019-06-10,8176,42000.0,465100.0,11.2,11.2,11.0,11.1,0.1,17.0
2019-06-11,8176,146170.0,1652873.0,11.45,11.45,11.25,11.35,0.25,70.0
2019-06-12,8176,30749.0,348061.0,11.35,11.4,11.25,11.4,0.05,19.0
2019-06-13,8176,56528.0,640512.0,11.4,11.45,11.3,11.3,-0.1,37.0
2019-06-14,8176,56351.0,635048.0,11.3,11.3,11.2,11.3,0.0,31.0
2019-06-17,8176,60236.0,675338.0,11.35,11.35,11.15,11.3,0.0,39.0
2019-06-18,8176,195012.0,2217234.0,11.3,11.45,11.2,11.25,-0.05,75.0
2019-06-19,8176,82337.0,924355.0,11.25,11.25,11.2,11.2,-0.05,43.0
2019-06-20,8176,79001.0,893761.0,11.25,11.35,11.25,11.25,0.05,31.0
2019-06-21,8176,55002.0,624022.0,11.5,11.5,11.3,11.35,0.1,25.0
2019-06-24,8176,112005.0,1260255.0,11.3,11.35,11.15,11.35,0.0,50.0
2019-06-25,8176,28001.0,314561.0,11.25,11.3,11.2,11.3,-0.05,19.0
2019-06-26,8176,63102.0,716772.0,11.2,11.4,11.2,11.4,0.1,27.0
2019-06-27,8176,109749.0,1250387.0,11.3,11.45,11.3,11.45,0.05,47.0
2019-06-28,8176,32004.0,364946.0,11.45,11.45,11.35,11.45,0.0,16.0
2019-07-01,8176,83005.0,947655.0,11.45,11.5,11.3,11.45,0.0,45.0
2019-07-02,8176,78977.0,900736.0,11.45,11.45,11.35,11.45,0.0,49.0
2019-07-03,8176,103000.0,1171400.0,11.5,11.5,11.3,11.4,-0.05,37.0
2019-07-04,8176,297455.0,3433682.0,11.4,11.6,11.4,11.55,0.15,100.0
2019-07-05,8176,162625.0,1890511.0,11.5,11.7,11.5,11.7,0.15,66.0
2019-07-08,8176,157215.0,1843534.0,11.7,11.8,11.65,11.7,0.0,81.0
2019-07-09,8176,61640.0,685550.0,11.1,11.2,11.0,11.15,0.0,49.0
2019-07-10,8176,34106.0,377637.0,11.15,11.15,11.05,11.05,-0.1,18.0
2019-07-11,8176,136051.0,1464343.0,11.0,11.0,10.6,10.8,-0.25,78.0
2019-07-12,8176,126001.0,1334410.0,10.65,10.65,10.5,10.65,-0.15,50.0
2019-07-15,8176,87101.0,922625.0,10.6,10.65,10.55,10.65,0.0,31.0
2019-07-16,8176,139474.0,1497641.0,10.7,10.8,10.65,10.7,0.05,60.0
2019-07-17,8176,60833.0,643046.0,10.7,10.7,10.55,10.55,-0.15,32.0
2019-07-18,8176,14052.0,148358.0,10.55,10.65,10.55,10.65,0.1,13.0
2019-07-19,8176,130251.0,1402882.0,10.9,10.9,10.65,10.75,0.1,54.0
2019-07-22,8176,65001.0,698961.0,10.75,10.85,10.65,10.75,0.0,30.0
2019-07-23,8176,63000.0,673700.0,10.65,10.8,10.65,10.65,-0.1,29.0
2019-07-24,8176,85000.0,907550.0,10.8,10.8,10.6,10.7,0.05,39.0
2019-07-25,8176,78000.0,836450.0,10.6,10.85,10.6,10.75,0.05,32.0
2019-07-26,8176,38001.0,404860.0,10.7,10.7,10.65,10.65,-0.1,18.0
2019-07-29,8176,59001.0,626560.0,10.7,10.7,10.6,10.7,0.05,28.0
2019-07-30,8176,71002.0,753320.0,10.7,10.7,10.55,10.55,-0.15,45.0
2019-07-31,8176,47549.0,502769.0,10.7,10.7,10.55,10.6,0.05,26.0
2019-08-01,8176,110166.0,1149741.0,10.55,10.55,10.4,10.4,-0.2,57.0
2019-08-02,8176,357305.0,3597844.0,10.45,10.45,9.98,10.0,-0.4,130.0
2019-08-05,8176,534000.0,5132110.0,10.05,10.05,9.4,9.46,-0.54,197.0
2019-08-06,8176,164000.0,1574310.0,9.36,9.7,9.26,9.68,0.22,76.0
2019-08-07,8176,79000.0,764100.0,9.74,9.74,9.65,9.67,-0.01,33.0
2019-08-08,8176,69601.0,673717.0,9.68,9.75,9.65,9.65,-0.02,40.0
2019-08-12,8176,60000.0,588450.0,9.74,9.89,9.74,9.8,0.15,28.0
2019-08-13,8176,58000.0,569020.0,9.85,9.87,9.75,9.76,-0.04,25.0
2019-08-14,8176,61000.0,596330.0,9.77,9.8,9.68,9.73,-0.03,29.0
2019-08-15,8176,61545.0,595568.0,9.57,9.73,9.57,9.7,-0.03,31.0
2019-08-16,8176,68001.0,658950.0,9.7,9.84,9.66,9.66,-0.04,32.0
2019-08-19,8176,28000.0,272270.0,9.68,9.85,9.68,9.71,0.05,12.0
2019-08-20,8176,70000.0,680880.0,9.72,9.77,9.71,9.77,0.06,31.0
2019-08-21,8176,24002.0,235510.0,9.78,9.88,9.76,9.82,0.05,17.0
2019-08-22,8176,54418.0,537808.0,9.87,9.92,9.82,9.89,0.07,36.0
2019-08-23,8176,94001.0,932330.0,9.95,9.97,9.89,9.92,0.03,37.0
2019-08-26,8176,70015.0,677490.0,9.8,9.8,9.5,9.71,-0.21,46.0
2019-08-27,8176,48332.0,470326.0,9.7,9.89,9.64,9.88,0.17,21.0
2019-08-28,8176,2153229.0,22265443.0,9.87,10.85,9.85,10.85,0.97,434.0
2019-08-29,8176,1897136.0,21430182.0,11.3,11.65,11.0,11.3,0.45,832.0
2019-08-30,8176,394241.0,4329789.0,11.3,11.45,10.75,10.8,-0.5,246.0
2019-09-02,8176,899630.0,9870602.0,10.8,11.25,10.6,11.2,0.4,281.0
2019-09-03,8176,111006.0,1218566.0,11.2,11.2,10.85,10.85,-0.35,71.0
2019-09-04,8176,126000.0,1359650.0,10.8,10.85,10.7,10.7,-0.15,62.0
2019-09-05,8176,27503.0,294728.0,10.9,10.9,10.65,10.65,-0.05,29.0
2019-09-06,8176,824699.0,9457974.0,10.7,11.7,10.6,11.7,1.05,334.0
2019-09-09,8176,866063.0,10000960.0,11.7,11.75,11.2,11.25,-0.45,399.0
2019-09-10,8176,576068.0,6732830.0,11.35,12.0,11.35,11.4,0.15,288.0
2019-09-11,8176,181030.0,2052290.0,11.6,11.65,11.2,11.25,-0.15,100.0
2019-09-12,8176,288248.0,3196564.0,11.5,11.5,10.95,11.05,-0.2,151.0
2019-09-16,8176,135318.0,1489980.0,11.1,11.2,10.85,10.85,-0.2,78.0
2019-09-17,8176,60005.0,657550.0,10.85,11.05,10.85,11.0,0.15,40.0
2019-09-18,8176,445287.0,5039662.0,11.2,11.4,11.05,11.1,0.1,126.0
2019-09-19,8176,105001.0,1165410.0,11.1,11.35,10.9,10.95,-0.15,54.0
2019-09-20,8176,75005.0,836256.0,11.0,11.2,11.0,11.15,0.2,44.0
2019-09-23,8176,101001.0,1138311.0,11.1,11.35,11.1,11.25,0.1,43.0
2019-09-24,8176,2226818.0,27057227.0,11.35,12.35,11.35,12.0,0.75,790.0
2019-09-25,8176,828562.0,9558938.0,11.8,11.8,11.35,11.55,-0.45,370.0
2019-09-26,8176,188034.0,2182742.0,11.6,11.75,11.5,11.6,0.05,105.0
2019-09-27,8176,110115.0,1260732.0,11.6,11.7,11.35,11.35,-0.25,80.0
2019-10-01,8176,59000.0,670850.0,11.4,11.45,11.35,11.4,0.05,34.0
2019-10-02,8176,116001.0,1322112.0,11.4,11.65,11.35,11.4,0.0,47.0
2019-10-03,8176,60102.0,684562.0,11.3,11.5,11.3,11.4,0.0,41.0
2019-10-04,8176,140001.0,1588911.0,11.6,11.6,11.3,11.3,-0.1,55.0
2019-10-07,8176,52001.0,591462.0,11.3,11.5,11.3,11.3,0.0,30.0
2019-10-08,8176,105582.0,1193210.0,11.35,11.45,11.2,11.2,-0.1,50.0
2019-10-09,8176,239003.0,2724533.0,11.25,11.55,11.25,11.4,0.2,94.0
2019-10-14,8176,329088.0,3628268.0,11.35,11.35,10.9,10.9,-0.5,136.0
2019-10-15,8176,70001.0,765610.0,11.05,11.05,10.85,10.85,-0.05,43.0
2019-10-16,8176,75105.0,812935.0,10.85,10.9,10.75,10.75,-0.1,42.0
2019-10-17,8176,38266.0,411322.0,10.85,10.85,10.7,10.7,-0.05,27.0
2019-10-18,8176,19102.0,207010.0,10.7,10.9,10.7,10.8,0.1,17.0
2019-10-21,8176,37001.0,401060.0,10.85,10.9,10.8,10.9,0.1,26.0
2019-10-22,8176,41089.0,446318.0,10.9,10.95,10.8,10.85,-0.05,23.0
2019-10-23,8176,89043.0,958194.0,10.8,10.85,10.7,10.75,-0.1,43.0
2019-10-24,8176,56001.0,601410.0,10.8,10.8,10.7,10.75,0.0,26.0
2019-10-25,8176,29000.0,313100.0,10.8,10.8,10.75,10.75,0.0,22.0
2019-10-28,8176,74002.0,791770.0,10.75,10.8,10.6,10.7,-0.05,42.0
2019-10-29,8176,95916.0,1021615.0,10.8,10.8,10.55,10.55,-0.15,52.0
2019-10-30,8176,79048.0,829856.0,10.55,10.6,10.45,10.5,-0.05,45.0
2019-10-31,8176,59463.0,619635.0,10.55,10.55,10.35,10.35,-0.15,48.0
2019-11-01,8176,56275.0,581221.0,10.35,10.35,10.3,10.3,-0.05,36.0
2019-11-04,8176,95598.0,998388.0,10.3,10.6,10.3,10.35,0.05,61.0
2019-11-05,8176,81323.0,836260.0,10.4,10.4,10.2,10.25,-0.1,39.0
2019-11-06,8176,40600.0,415550.0,10.25,10.25,10.2,10.25,0.0,26.0
2019-11-07,8176,66582.0,676720.0,10.25,10.35,10.1,10.1,-0.15,35.0
2019-11-08,8176,778608.0,8408697.0,10.1,11.1,10.05,11.1,1.0,280.0
2019-11-11,8176,1670660.0,19706483.0,11.9,12.0,11.5,11.8,0.7,788.0
2019-11-12,8176,567485.0,6614924.0,11.7,11.85,11.5,11.65,-0.15,253.0
2019-11-13,8176,240003.0,2819585.0,11.7,11.85,11.6,11.75,0.1,141.0
2019-11-14,8176,1838104.0,23694287.0,12.85,12.9,12.7,12.9,1.15,414.0
2019-11-15,8176,1203357.0,17027499.0,14.15,14.15,14.15,14.15,1.25,349.0
2019-11-18,8176,5723524.0,83341342.0,14.85,14.95,14.1,14.45,0.3,2118.0
2019-11-19,8176,3132412.0,46773665.0,14.55,15.7,14.15,15.45,1.0,1566.0
2019-11-20,8176,2573648.0,37741693.0,14.7,15.05,14.3,14.6,-0.85,1167.0
2019-11-21,8176,2906105.0,40133161.0,14.4,14.4,13.45,14.0,-0.6,1208.0
2019-11-22,8176,1590750.0,22244807.0,14.1,14.3,13.7,13.95,-0.05,665.0
2019-11-25,8176,895586.0,12658668.0,13.95,14.35,13.85,14.3,0.35,456.0
2019-11-26,8176,1093784.0,15679981.0,14.25,14.5,14.15,14.3,0.0,443.0
2019-11-27,8176,9624429.0,149370473.0,14.6,15.7,14.4,15.7,1.4,2564.0
2019-11-28,8176,15788015.0,260785390.0,16.2,17.2,15.9,16.5,0.8,6740.0
2019-11-29,8176,4402056.0,71457224.0,16.4,16.8,15.75,15.85,-0.65,1783.0
2019-12-02,8176,3918391.0,57788489.0,15.8,16.05,14.3,14.3,-1.55,1728.0
2019-12-03,8176,1869390.0,26929638.0,14.0,14.75,14.0,14.3,0.0,894.0
2019-12-04,8176,1220253.0,17490491.0,14.3,14.75,14.0,14.25,-0.05,604.0
2019-12-05,8176,838120.0,12006892.0,14.6,14.65,14.1,14.15,-0.1,439.0
2019-12-06,8176,885829.0,12471121.0,14.25,14.35,13.9,14.0,-0.15,399.0
2019-12-09,8176,600641.0,8363677.0,14.1,14.15,13.8,13.8,-0.2,294.0
2019-12-10,8176,1392292.0,18499674.0,13.8,13.8,13.1,13.2,-0.6,706.0
2019-12-11,8176,1767879.0,22777060.0,13.0,13.2,12.6,12.8,-0.4,698.0
2019-12-12,8176,616022.0,7922926.0,13.0,13.1,12.7,12.8,0.0,345.0
2019-12-13,8176,603180.0,7835953.0,13.05,13.25,12.8,12.9,0.1,303.0
2019-12-16,8176,451551.0,5861126.0,12.9,13.1,12.9,12.95,0.05,199.0
2019-12-17,8176,1001719.0,12700056.0,13.1,13.15,12.55,12.55,-0.4,498.0
2019-12-18,8176,712320.0,9120843.0,12.7,13.0,12.6,12.75,0.2,356.0
2019-12-19,8176,692749.0,8717187.0,12.8,12.9,12.4,12.5,-0.25,277.0
2019-12-20,8176,588003.0,7375636.0,12.6,12.65,12.5,12.5,0.0,202.0
2019-12-23,8176,846264.0,10757363.0,12.55,12.9,12.5,12.65,0.15,362.0
2019-12-24,8176,375486.0,4790771.0,12.65,12.8,12.65,12.8,0.15,175.0
2019-12-25,8176,3111792.0,41428050.0,12.75,13.8,12.75,13.3,0.5,1370.0
2019-12-26,8176,1047400.0,13937800.0,13.3,13.65,13.05,13.05,-0.25,556.0
2019-12-27,8176,661300.0,8546100.0,13.1,13.1,12.8,12.85,-0.2,334.0
2019-12-30,8176,404000.0,5268544.0,13.1,13.2,12.95,12.95,0.1,212.0
2019-12-31,8176,520003.0,6814639.0,13.05,13.25,13.0,13.0,0.05,263.0
2020-01-02,8176,448918.0,5801399.0,13.05,13.1,12.8,12.85,-0.15,235.0
2020-01-03,8176,843200.0,10850220.0,12.95,13.25,12.7,12.85,0.0,356.0
2020-01-06,8176,305175.0,3853410.0,12.8,12.85,12.5,12.65,-0.2,165.0
2020-01-07,8176,386200.0,4833380.0,12.65,12.75,12.4,12.45,-0.2,196.0
2020-01-08,8176,712195.0,8534048.0,12.2,12.25,11.75,11.75,-0.7,326.0
2020-01-09,8176,477019.0,5747681.0,11.9,12.25,11.9,12.1,0.35,231.0
2020-01-10,8176,254950.0,3072300.0,12.1,12.2,11.95,12.05,-0.05,122.0
2020-01-13,8176,793119.0,9148514.0,12.0,12.0,11.4,11.55,-0.5,439.0
2020-01-14,8176,533052.0,6307260.0,11.65,12.05,11.6,11.95,0.4,290.0
2020-01-15,8176,302005.0,3624660.0,12.05,12.2,11.9,11.95,0.0,157.0
2020-01-16,8176,135003.0,1609933.0,11.95,12.0,11.85,11.85,-0.1,80.0
2020-01-17,8176,354305.0,4177445.0,11.9,12.1,11.55,11.7,-0.15,154.0
2020-01-20,8176,531834.0,6238695.0,11.75,12.0,11.55,11.75,0.05,213.0
2020-01-30,8176,876204.0,9323780.0,10.65,10.85,10.6,10.6,-1.15,340.0
2020-01-31,8176,500723.0,5220567.0,10.75,10.75,10.15,10.35,-0.25,257.0
2020-02-03,8176,478007.0,4761947.0,10.1,10.3,9.85,9.98,-0.37,228.0
2020-02-04,8176,233510.0,2399755.0,10.05,10.45,10.05,10.4,0.42,150.0
2020-02-05,8176,1766130.0,19894731.0,10.7,11.4,10.5,11.4,1.0,505.0
2020-02-06,8176,1046338.0,11672647.0,11.25,11.35,11.05,11.1,-0.3,481.0
2020-02-07,8176,742130.0,8156013.0,11.1,11.25,10.75,10.75,-0.35,320.0
2020-02-10,8176,218053.0,2295717.0,10.5,10.65,10.4,10.5,-0.25,139.0
2020-02-11,8176,392082.0,4126548.0,10.55,10.6,10.4,10.5,0.0,206.0
2020-02-12,8176,350399.0,3740656.0,10.6,10.75,10.55,10.75,0.25,207.0
2020-02-13,8176,224057.0,2408854.0,10.8,10.85,10.65,10.7,-0.05,116.0
2020-02-14,8176,674205.0,7437962.0,10.8,11.2,10.7,10.95,0.25,369.0
2020-02-17,8176,414112.0,4470182.0,10.85,10.95,10.7,10.8,-0.15,190.0
2020-02-18,8176,725103.0,7985990.0,11.05,11.25,10.8,10.8,0.0,357.0
2020-02-19,8176,419001.0,4606711.0,10.85,11.2,10.8,10.9,0.1,207.0
2020-02-20,8176,290684.0,3203624.0,10.95,11.1,10.9,11.1,0.2,154.0
2020-02-21,8176,737124.0,8254288.0,11.2,11.3,10.95,11.15,0.05,285.0
2020-02-24,8176,232659.0,2542489.0,11.0,11.0,10.85,10.9,-0.25,147.0
2020-02-25,8176,185000.0,1986200.0,10.7,10.8,10.65,10.8,-0.1,96.0
2020-02-26,8176,3230149.0,37096709.0,10.7,11.85,10.65,11.05,0.25,911.0
2020-02-27,8176,448521.0,4877020.0,10.95,11.15,10.7,10.75,-0.3,273.0
2020-03-02,8176,250010.0,2624963.0,10.35,10.7,10.3,10.55,-0.2,144.0
2020-03-03,8176,882720.0,9411819.0,10.8,10.8,10.55,10.55,0.0,301.0
2020-03-04,8176,211101.0,2226151.0,10.55,10.7,10.5,10.5,-0.05,111.0
2020-03-05,8176,796817.0,8423887.0,10.6,10.7,10.5,10.5,0.0,260.0
2020-03-06,8176,425331.0,4448396.0,10.5,10.6,10.35,10.35,-0.15,190.0
2020-03-09,8176,508000.0,5107920.0,10.3,10.3,9.9,9.9,-0.45,221.0
2020-03-10,8176,818000.0,7664560.0,9.7,9.7,9.02,9.32,-0.58,348.0
2020-03-11,8176,260006.0,2459318.0,9.26,9.6,9.26,9.5,0.18,180.0
2020-03-12,8176,565012.0,5048288.0,9.45,9.45,8.65,8.82,-0.68,227.0
2020-03-13,8176,831001.0,6621729.0,7.94,8.12,7.94,8.12,-0.7,293.0
2020-03-16,8176,240900.0,1937061.0,8.43,8.43,7.94,8.0,-0.12,150.0
2020-03-17,8176,283026.0,2166760.0,7.26,7.94,7.26,7.75,-0.25,143.0
2020-03-18,8176,199206.0,1531200.0,7.83,8.06,7.5,7.55,-0.2,109.0
2020-03-19,8176,691000.0,4725800.0,7.5,7.5,6.8,6.8,-0.75,225.0
2020-03-20,8176,566822.0,3896288.0,6.4,7.31,6.4,7.18,0.38,227.0
2020-03-23,8176,142000.0,959030.0,6.58,6.88,6.58,6.85,-0.33,65.0
2020-03-24,8176,214000.0,1533290.0,6.75,7.37,6.75,7.23,0.38,98.0
2020-03-25,8176,163584.0,1264694.0,7.6,7.85,7.52,7.77,0.54,160.0
2020-03-26,8176,86916.0,679830.0,7.78,8.0,7.7,7.8,0.03,79.0
2020-03-27,8176,128132.0,1033711.0,7.8,8.34,7.8,7.84,0.04,88.0
2020-03-30,8176,34080.0,265497.0,7.7,8.13,7.66,7.98,0.14,31.0
2020-03-31,8176,134201.0,1059405.0,8.2,8.2,7.85,7.85,-0.13,91.0
2020-04-01,8176,122010.0,959210.0,7.85,7.98,7.7,7.9,0.05,47.0
2020-04-06,8176,40068.0,313515.0,7.92,7.92,7.66,7.89,-0.01,31.0
2020-04-07,8176,91239.0,733303.0,8.0,8.1,7.98,8.05,0.16,85.0
2020-04-08,8176,242175.0,2006217.0,8.09,8.49,8.09,8.49,0.44,140.0
2020-04-09,8176,110373.0,952939.0,8.5,8.91,8.47,8.75,0.26,81.0
2020-04-10,8176,76314.0,658988.0,8.74,8.74,8.55,8.73,-0.02,62.0
2020-04-13,8176,166882.0,1404251.0,8.54,8.56,8.3,8.38,-0.35,100.0
2020-04-14,8176,73254.0,624200.0,8.38,8.57,8.38,8.45,0.07,59.0
2020-04-15,8176,97000.0,830780.0,8.55,8.62,8.53,8.59,0.14,44.0
2020-04-16,8176,214564.0,1845323.0,8.5,8.7,8.45,8.7,0.11,114.0
2020-04-17,8176,195665.0,1730879.0,8.87,9.08,8.61,8.74,0.04,139.0
2020-04-20,8176,89182.0,788023.0,8.74,8.9,8.74,8.82,0.08,61.0
2020-04-21,8176,86195.0,737893.0,8.82,8.82,8.46,8.6,-0.22,60.0
2020-04-22,8176,48730.0,415331.0,8.54,8.6,8.4,8.6,0.0,36.0
2020-04-23,8176,70562.0,598872.0,8.61,8.61,8.39,8.54,-0.06,43.0
2020-04-24,8176,84000.0,728720.0,8.77,8.77,8.56,8.7,0.16,33.0
2020-04-27,8176,70917.0,622081.0,8.7,8.81,8.7,8.78,0.08,56.0
2020-04-28,8176,129903.0,1154853.0,8.98,8.98,8.79,8.96,0.18,92.0
2020-04-29,8176,263617.0,2406126.0,8.96,9.22,8.96,9.13,0.17,151.0
2020-04-30,8176,441552.0,4131573.0,9.2,9.47,9.2,9.39,0.26,186.0
2020-05-04,8176,105978.0,977046.0,9.1,9.3,9.1,9.3,-0.09,84.0
2020-05-05,8176,298160.0,2837698.0,9.5,9.65,9.38,9.57,0.27,147.0
2020-05-06,8176,121923.0,1178527.0,9.62,9.8,9.51,9.65,0.08,81.0
2020-05-07,8176,234056.0,2290667.0,9.65,9.89,9.65,9.88,0.23,147.0
2020-05-08,8176,308794.0,3083713.0,10.15,10.2,9.8,9.8,-0.08,161.0
2020-05-11,8176,154082.0,1536680.0,10.05,10.05,9.87,9.89,0.09,78.0
2020-05-12,8176,151265.0,1453015.0,9.85,9.85,9.51,9.53,-0.36,90.0
2020-05-13,8176,216001.0,2038810.0,9.29,9.58,9.29,9.35,-0.18,94.0
2020-05-14,8176,296309.0,2694882.0,9.31,9.31,8.9,8.9,-0.45,141.0
2020-05-15,8176,113168.0,1017010.0,8.92,9.09,8.9,8.99,0.09,56.0
2020-05-18,8176,89834.0,808507.0,8.99,9.07,8.9,8.99,0.0,43.0
2020-05-19,8176,79059.0,705297.0,9.0,9.0,8.88,8.9,-0.09,52.0
2020-05-20,8176,54195.0,482993.0,8.91,8.93,8.9,8.9,0.0,54.0
2020-05-21,8176,104778.0,933766.0,8.91,9.0,8.88,9.0,0.1,61.0
2020-05-22,8176,41106.0,364013.0,8.91,8.91,8.8,8.81,-0.19,35.0
2020-05-25,8176,149055.0,1281719.0,8.71,8.78,8.5,8.5,-0.31,93.0
2020-05-26,8176,130584.0,1121124.0,8.53,8.72,8.51,8.6,0.1,82.0
2020-05-27,8176,62395.0,537890.0,8.6,8.7,8.55,8.61,0.01,43.0
2020-05-28,8176,148004.0,1277826.0,8.71,8.73,8.56,8.69,0.08,72.0
2020-05-29,8176,43230.0,374017.0,8.59,8.7,8.59,8.66,-0.03,40.0
2020-06-01,8176,79271.0,689569.0,8.68,8.78,8.61,8.71,0.05,51.0
2020-06-02,8176,65000.0,566910.0,8.71,8.76,8.69,8.71,0.0,45.0
2020-06-03,8176,83671.0,728909.0,8.72,8.72,8.7,8.7,-0.01,52.0
2020-06-04,8176,148697.0,1325333.0,8.75,9.0,8.75,8.9,0.2,140.0
2020-06-05,8176,128749.0,1141025.0,8.93,8.95,8.8,8.9,0.0,74.0
2020-06-08,8176,88934.0,794495.0,9.0,9.0,8.87,8.95,0.05,56.0
2020-06-09,8176,80747.0,721616.0,9.1,9.1,8.89,8.9,-0.05,48.0
2020-06-10,8176,40339.0,358208.0,8.9,8.96,8.85,8.94,0.04,28.0
2020-06-11,8176,102000.0,893800.0,8.82,8.83,8.61,8.61,-0.33,57.0
2020-06-12,8176,110168.0,956568.0,8.6,8.78,8.56,8.7,0.09,73.0
2020-06-15,8176,56202.0,488159.0,8.75,8.75,8.62,8.62,-0.08,45.0
2020-06-16,8176,36138.0,314849.0,8.7,8.77,8.66,8.66,0.04,50.0
2020-06-17,8176,54487.0,475934.0,8.67,8.8,8.67,8.72,0.06,42.0
2020-06-18,8176,61500.0,539703.0,8.85,8.88,8.73,8.75,0.03,43.0
2020-06-19,8176,75872.0,675022.0,8.9,8.97,8.78,8.96,0.21,51.0
2020-06-22,8176,59607.0,532214.0,8.96,8.96,8.9,8.91,-0.05,52.0
2020-06-23,8176,47244.0,417916.0,9.0,9.0,8.8,8.81,-0.1,46.0
2020-06-24,8176,92155.0,814750.0,8.99,8.99,8.79,8.95,0.14,53.0
2020-06-29,8176,44646.0,392222.0,8.73,8.96,8.73,8.75,-0.2,37.0
2020-06-30,8176,51300.0,450953.0,8.75,8.88,8.75,8.8,0.05,59.0
2020-07-01,8176,95755.0,855075.0,8.81,8.99,8.8,8.97,0.17,70.0
2020-07-02,8176,95153.0,855365.0,9.0,9.09,8.91,8.99,0.02,57.0
2020-07-03,8176,761659.0,7159585.0,8.99,9.88,8.98,9.85,0.86,362.0
2020-07-06,8176,453612.0,4412568.0,9.88,9.88,9.61,9.7,-0.15,236.0
2020-07-07,8176,408691.0,3945358.0,9.8,9.87,9.49,9.86,0.16,169.0
2020-07-08,8176,314801.0,3142519.0,9.9,10.15,9.88,9.92,0.06,139.0
2020-07-09,8176,127848.0,1263716.0,9.98,10.1,9.7,9.82,-0.1,90.0
2020-07-10,8176,737460.0,7449418.0,9.9,10.6,9.7,10.2,0.38,264.0
2020-07-13,8176,217962.0,2142378.0,10.0,10.0,9.59,9.8,-0.4,129.0
2020-07-14,8176,207209.0,1976491.0,9.7,9.79,9.37,9.38,-0.42,109.0
2020-07-15,8176,119316.0,1120285.0,9.4,9.5,9.22,9.23,-0.15,67.0
2020-07-16,8176,31100.0,289462.0,9.43,9.49,9.2,9.36,0.13,19.0
2020-07-17,8176,78083.0,715918.0,9.23,9.25,9.1,9.1,-0.26,56.0
2020-07-20,8176,103253.0,872690.0,8.3,8.83,8.3,8.78,-0.32,52.0
2020-07-21,8176,100582.0,881468.0,8.78,8.9,8.68,8.8,0.02,58.0
2020-07-22,8176,56217.0,494390.0,8.7,8.86,8.7,8.83,0.03,66.0
2020-07-23,8176,55001.0,482309.0,8.8,8.8,8.75,8.75,-0.08,32.0
2020-07-24,8176,43813.0,382217.0,8.81,8.81,8.63,8.63,-0.12,34.0
2020-07-27,8176,89090.0,761955.0,8.6,8.61,8.48,8.5,-0.13,64.0
2020-07-28,8176,100499.0,821351.0,8.32,8.32,8.1,8.15,-0.35,68.0
2020-07-29,8176,15786.0,129412.0,8.2,8.3,8.11,8.16,0.01,24.0
2020-07-30,8176,33126.0,274373.0,8.25,8.3,8.25,8.3,0.14,24.0
2020-07-31,8176,22677.0,188972.0,8.3,8.49,8.3,8.49,0.19,25.0
2020-08-03,8176,20227.0,174041.0,8.49,8.75,8.49,8.75,0.26,36.0
2020-08-04,8176,81596.0,720148.0,8.85,8.89,8.76,8.8,0.05,85.0
2020-08-05,8176,25800.0,229041.0,8.92,8.94,8.8,8.8,0.0,39.0
2020-08-06,8176,79109.0,684840.0,8.7,8.87,8.5,8.8,0.0,65.0
2020-08-07,8176,11666.0,102558.0,8.89,8.89,8.67,8.79,-0.01,29.0
2020-08-10,8176,23497.0,202553.0,8.53,8.65,8.53,8.65,-0.14,27.0
2020-08-11,8176,43106.0,375464.0,8.95,8.97,8.68,8.78,0.13,29.0
2020-08-12,8176,19739.0,172426.0,8.78,8.78,8.7,8.72,-0.06,39.0
2020-08-13,8176,41623.0,362704.0,8.88,8.88,8.6,8.6,-0.12,34.0
2020-08-14,8176,73246.0,654803.0,8.95,8.98,8.72,8.92,0.32,91.0
2020-08-17,8176,48114.0,422941.0,8.81,8.83,8.75,8.78,0.0,29.0
2020-08-18,8176,43382.0,380882.0,8.78,8.84,8.75,8.75,-0.03,45.0
2020-08-19,8176,64496.0,560052.0,8.75,8.75,8.6,8.6,-0.15,65.0
2020-08-20,8176,113061.0,937262.0,8.6,8.6,8.14,8.35,-0.25,61.0
2020-08-21,8176,49905.0,407723.0,8.35,8.35,8.03,8.28,-0.07,36.0
2020-08-24,8176,24872.0,207830.0,8.28,8.4,8.2,8.4,0.12,34.0
2020-08-25,8176,18129.0,151607.0,8.33,8.5,8.31,8.5,0.1,30.0
2020-08-26,8176,38345.0,321972.0,8.49,8.49,8.3,8.35,-0.15,54.0
2020-08-27,8176,21481.0,182775.0,8.36,8.6,8.36,8.5,0.15,47.0
2020-08-28,8176,9107.0,76880.0,8.35,8.43,8.35,8.43,-0.07,20.0
2020-08-31,8176,33601.0,283941.0,8.43,8.44,8.43,8.43,0.0,67.0
2020-09-01,8176,27979.0,238193.0,8.42,8.54,8.42,8.51,0.08,36.0
2020-09-02,8176,44837.0,388875.0,8.7,8.73,8.6,8.67,0.16,39.0
2020-09-03,8176,60154.0,522048.0,8.67,8.7,8.65,8.67,0.0,52.0
2020-09-04,8176,55900.0,485320.0,8.66,8.77,8.51,8.7,0.03,55.0
2020-09-07,8176,69059.0,600684.0,8.7,8.75,8.68,8.68,-0.02,57.0
2020-09-08,8176,52155.0,452639.0,8.68,8.71,8.65,8.71,0.03,52.0
2020-09-09,8176,43496.0,378953.0,8.72,8.8,8.68,8.8,0.09,51.0
2020-09-10,8176,64881.0,572101.0,8.9,8.9,8.78,8.86,0.06,79.0
2020-09-11,8176,92280.0,803430.0,8.81,8.81,8.63,8.7,-0.16,109.0
2020-09-14,8176,298025.0,2731608.0,8.7,9.54,8.6,9.5,0.8,287.0
2020-09-15,8176,158750.0,1507297.0,9.57,9.58,9.4,9.42,-0.08,160.0
2020-09-16,8176,56801.0,525471.0,9.42,9.42,9.15,9.25,-0.17,76.0
2020-09-17,8176,36439.0,332499.0,9.05,9.22,9.01,9.1,-0.15,89.0
2020-09-18,8176,70132.0,634954.0,9.03,9.11,9.02,9.05,-0.05,65.0
2020-09-21,8176,51244.0,465088.0,9.05,9.2,9.05,9.05,0.0,61.0
2020-09-22,8176,14211.0,127214.0,8.9,8.98,8.9,8.95,-0.1,17.0
2020-09-23,8176,47859.0,429900.0,8.96,9.05,8.96,8.96,0.01,45.0
2020-09-24,8176,20747.0,182852.0,8.8,8.81,8.78,8.8,-0.16,40.0
2020-09-25,8176,77819.0,675521.0,8.81,8.85,8.5,8.55,-0.25,104.0
2020-09-28,8176,38707.0,331467.0,8.55,8.68,8.5,8.68,0.13,82.0
2020-09-29,8176,34017.0,290792.0,8.71,8.71,8.41,8.41,-0.27,84.0
2020-09-30,8176,11000.0,94812.0,8.5,8.65,8.44,8.55,0.14,23.0
2020-10-05,8176,10251.0,88755.0,8.55,8.63,8.55,8.63,0.08,71.0
2020-10-06,8176,18616.0,160694.0,8.57,8.65,8.56,8.65,0.02,28.0
2020-10-07,8176,28664.0,249014.0,8.65,8.7,8.65,8.7,0.05,59.0
2020-10-08,8176,31733.0,273937.0,8.71,8.74,8.55,8.74,0.04,56.0
2020-10-12,8176,46840.0,402142.0,8.8,8.8,8.5,8.7,-0.04,102.0
2020-10-13,8176,54624.0,464323.0,8.32,8.67,8.32,8.52,-0.18,46.0
2020-10-14,8176,20988.0,179363.0,8.6,8.6,8.48,8.53,0.01,45.0
2020-10-15,8176,84987.0,716486.0,8.46,8.46,8.4,8.4,-0.13,88.0
2020-10-16,8176,33361.0,281873.0,8.45,8.5,8.4,8.4,0.0,87.0
2020-10-19,8176,32944.0,282695.0,8.46,8.6,8.46,8.58,0.18,82.0
2020-10-20,8176,10497.0,89830.0,8.52,8.52,8.52,8.52,-0.06,48.0
2020-10-21,8176,145353.0,1257024.0,8.45,8.8,8.41,8.79,0.27,155.0
2020-10-22,8176,32898.0,286083.0,8.8,8.8,8.6,8.62,-0.17,78.0
2020-10-23,8176,33694.0,290351.0,8.62,8.7,8.52,8.62,0.0,67.0
2020-10-26,8176,51529.0,439761.0,8.62,8.62,8.47,8.51,-0.11,93.0
2020-10-27,8176,22470.0,192823.0,8.51,8.6,8.51,8.55,0.04,64.0
2020-10-28,8176,6669.0,57663.0,8.56,8.56,8.56,8.56,0.01,38.0
2020-10-29,8176,21176.0,183952.0,8.79,8.79,8.58,8.58,0.02,69.0
2020-10-30,8176,67155.0,589643.0,8.59,8.82,8.59,8.78,0.2,93.0
2020-11-02,8176,26769.0,230241.0,8.58,8.58,8.54,8.58,-0.2,73.0
2020-11-03,8176,37539.0,321706.0,8.58,8.6,8.51,8.6,0.02,114.0
2020-11-04,8176,16705.0,143725.0,8.6,8.6,8.57,8.58,-0.02,47.0
2020-11-05,8176,36394.0,313572.0,8.6,8.77,8.5,8.58,0.0,61.0
2020-11-06,8176,21919.0,190259.0,8.8,8.8,8.6,8.61,0.03,39.0
2020-11-09,8176,1022988.0,8723144.0,8.55,8.83,8.55,8.59,-0.02,68.0
2020-11-10,8176,12502.0,107973.0,8.61,8.61,8.6,8.6,0.01,47.0
2020-11-11,8176,27509.0,235985.0,8.57,8.6,8.54,8.6,0.0,74.0
2020-11-12,8176,86415.0,736649.0,8.58,8.58,8.5,8.5,-0.1,127.0
2020-11-13,8176,77056.0,662508.0,8.5,8.7,8.46,8.61,0.11,123.0
2020-11-16,8176,47026.0,399877.0,8.55,8.58,8.43,8.58,-0.03,86.0
2020-11-17,8176,62150.0,526745.0,8.49,8.5,8.41,8.5,-0.08,94.0
2020-11-18,8176,70411.0,595826.0,8.45,8.65,8.43,8.43,-0.07,107.0
2020-11-19,8176,32931.0,279296.0,8.44,8.51,8.44,8.51,0.08,59.0
2020-11-20,8176,58980.0,506543.0,8.6,8.6,8.56,8.57,0.06,66.0
2020-11-23,8176,519615.0,4443136.0,8.57,8.66,8.46,8.6,0.03,78.0
2020-11-24,8176,117451.0,1022831.0,8.65,8.78,8.64,8.75,0.15,105.0
2020-11-25,8176,663643.0,6259728.0,8.96,9.62,8.9,9.49,0.74,327.0
2020-11-26,8176,282297.0,2591190.0,9.3,9.34,9.1,9.15,-0.34,216.0
2020-11-27,8176,91569.0,847612.0,9.3,9.3,9.16,9.29,0.14,91.0
2020-11-30,8176,121152.0,1104730.0,9.29,9.29,9.07,9.08,-0.21,96.0
2020-12-01,8176,80629.0,723913.0,9.08,9.1,8.84,9.09,0.01,100.0
2020-12-02,8176,49076.0,448631.0,9.1,9.21,9.09,9.09,0.0,58.0
2020-12-03,8176,38732.0,352634.0,9.12,9.12,9.08,9.08,-0.01,57.0
2020-12-04,8176,88462.0,805177.0,9.0,9.2,9.0,9.11,0.03,82.0
2020-12-07,8176,59289.0,537396.0,9.11,9.18,8.94,9.05,-0.06,86.0
2020-12-08,8176,87159.0,797735.0,9.05,9.5,9.01,9.07,0.02,91.0
2020-12-09,8176,57588.0,521999.0,9.05,9.14,9.02,9.03,-0.04,100.0
2020-12-10,8176,46785.0,422243.0,9.06,9.06,8.98,9.05,0.02,65.0
2020-12-11,8176,63530.0,567559.0,8.9,9.0,8.9,9.0,-0.05,70.0
2020-12-14,8176,27617.0,248926.0,9.0,9.13,9.0,9.01,0.01,49.0
2020-12-15,8176,83693.0,752643.0,9.02,9.1,8.93,8.94,-0.07,68.0
2020-12-16,8176,74275.0,665075.0,8.94,9.05,8.94,8.95,0.01,54.0
2020-12-17,8176,179138.0,1629860.0,8.94,9.29,8.8,9.29,0.34,137.0
2020-12-18,8176,101217.0,931704.0,9.3,9.3,9.11,9.11,-0.18,88.0
2020-12-21,8176,338293.0,3191144.0,9.11,9.7,9.0,9.63,0.52,208.0
2020-12-22,8176,131860.0,1259991.0,9.6,9.68,9.22,9.25,-0.38,135.0
2020-12-23,8176,800504.0,7970274.0,9.23,10.15,9.2,9.86,0.61,424.0
2020-12-24,8176,296134.0,2901524.0,9.88,9.99,9.6,9.7,-0.16,184.0
2020-12-25,8176,521933.0,5227919.0,9.7,10.4,9.7,10.25,0.55,279.0
2020-12-28,8176,441821.0,4471778.0,10.25,10.6,9.9,10.15,-0.1,219.0
2020-12-29,8176,498645.0,5052547.0,9.98,10.6,9.88,10.3,0.15,236.0
2020-12-30,8176,519345.0,5472269.0,10.2,10.8,10.15,10.7,0.4,249.0
2020-12-31,8176,226050.0,2373591.0,10.75,10.75,10.2,10.65,-0.05,181.0
2021-01-04,8176,262855.0,2696354.0,10.65,10.65,10.15,10.25,-0.4,144.0
2021-01-05,8176,269036.0,2690869.0,10.1,10.1,9.93,9.99,-0.26,149.0
2021-01-06,8176,186829.0,1829642.0,9.98,10.0,9.61,9.68,-0.31,123.0
2021-01-07,8176,126565.0,1251008.0,9.7,10.0,9.69,9.99,0.31,81.0
2021-01-08,8176,167382.0,1637791.0,9.99,9.99,9.6,9.67,-0.32,121.0
2021-01-11,8176,122641.0,1179530.0,9.67,9.79,9.51,9.61,-0.06,101.0
2021-01-12,8176,122605.0,1156048.0,9.55,9.55,9.25,9.25,-0.36,92.0
2021-01-13,8176,37703.0,348152.0,8.93,9.38,8.93,9.38,0.13,56.0
2021-01-14,8176,88073.0,836806.0,9.4,9.6,9.4,9.45,0.07,92.0
2021-01-15,8176,39807.0,372009.0,9.45,9.45,9.15,9.19,-0.26,70.0
2021-01-18,8176,63096.0,601107.0,9.82,9.82,9.28,9.58,0.39,66.0
2021-01-19,8176,43668.0,406241.0,9.32,9.5,9.23,9.28,-0.3,66.0
2021-01-20,8176,65648.0,600498.0,9.3,9.3,9.03,9.03,-0.25,94.0
2021-01-21,8176,26922.0,252634.0,9.68,9.68,9.19,9.2,0.17,35.0
2021-01-22,8176,70149.0,635491.0,9.44,9.44,9.0,9.0,-0.2,87.0
2021-01-25,8176,45983.0,410014.0,8.72,9.09,8.72,8.86,-0.14,78.0
2021-01-26,8176,17268.0,153536.0,8.86,8.88,8.86,8.88,0.02,55.0
2021-01-27,8176,53491.0,470434.0,8.88,8.9,8.59,8.79,-0.09,95.0
2021-01-28,8176,30956.0,272983.0,8.79,8.9,8.77,8.77,-0.02,55.0
2021-01-29,8176,25965.0,228022.0,8.8,8.8,8.73,8.73,-0.04,91.0
2021-02-01,8176,27683.0,240286.0,8.63,8.7,8.62,8.68,-0.05,120.0
2021-02-02,8176,59100.0,519581.0,8.68,9.25,8.66,9.0,0.32,114.0
2021-02-03,8176,27739.0,245089.0,8.85,8.85,8.8,8.8,-0.2,77.0
2021-02-04,8176,45086.0,395784.0,8.8,8.81,8.7,8.8,0.0,133.0
2021-02-05,8176,25030.0,219750.0,8.77,8.88,8.72,8.8,0.0,80.0
2021-02-17,8176,44400.0,397241.0,8.9,9.05,8.83,8.86,0.06,75.0
2021-02-18,8176,36348.0,324626.0,8.98,9.0,8.85,9.0,0.14,90.0
2021-02-19,8176,29686.0,267076.0,9.0,9.1,8.93,9.1,0.1,64.0
2021-02-22,8176,61439.0,557630.0,9.1,9.19,9.0,9.19,0.09,133.0
2021-02-23,8176,124430.0,1170408.0,9.19,9.5,9.15,9.48,0.29,117.0
2021-02-24,8176,66255.0,622139.0,9.48,9.49,9.22,9.22,-0.26,101.0
2021-02-25,8176,52281.0,486628.0,9.45,9.45,9.25,9.3,0.08,95.0
2021-02-26,8176,48094.0,442043.0,9.3,9.3,9.11,9.11,-0.19,90.0
2021-03-02,8176,64529.0,589771.0,9.2,9.2,9.12,9.14,0.03,128.0
2021-03-03,8176,49654.0,452115.0,9.14,9.14,9.08,9.12,-0.02,94.0
2021-03-04,8176,49146.0,444636.0,9.06,9.08,9.01,9.01,-0.11,97.0
2021-03-05,8176,45864.0,416462.0,9.0,9.17,9.0,9.06,0.05,103.0
2021-03-08,8176,49483.0,449285.0,9.06,9.17,9.02,9.06,0.0,127.0
2021-03-09,8176,30056.0,272584.0,9.17,9.17,9.03,9.1,0.04,68.0
2021-03-10,8176,76646.0,695550.0,9.1,9.17,9.06,9.06,-0.04,106.0
2021-03-11,8176,79498.0,717239.0,9.06,9.1,9.0,9.1,0.04,118.0
2021-03-12,8176,52415.0,472860.0,9.06,9.1,8.98,9.1,0.0,119.0
2021-03-15,8176,43899.0,400095.0,9.17,9.17,9.05,9.15,0.05,156.0
2021-03-16,8176,47653.0,434912.0,9.15,9.15,9.08,9.08,-0.07,256.0
2021-03-17,8176,69741.0,639479.0,9.12,9.19,9.12,9.14,0.06,211.0
2021-03-18,8176,179165.0,1695572.0,9.17,9.77,9.17,9.49,0.35,216.0
2021-03-19,8176,107682.0,1008991.0,9.45,9.45,9.32,9.42,-0.07,188.0
2021-03-22,8176,185611.0,1765239.0,9.42,9.6,9.42,9.58,0.16,208.0
2021-03-23,8176,77217.0,733861.0,9.7,9.7,9.38,9.42,-0.16,138.0
2021-03-24,8176,52871.0,498219.0,9.42,9.44,9.4,9.4,-0.02,128.0
2021-03-25,8176,54937.0,509496.0,9.35,9.35,9.2,9.3,-0.1,97.0
2021-03-26,8176,82654.0,761414.0,9.22,9.49,9.11,9.25,-0.05,105.0
2021-03-29,8176,38761.0,357086.0,9.21,9.22,9.2,9.2,-0.05,83.0
2021-03-30,8176,116749.0,1074799.0,9.2,9.35,9.17,9.21,0.01,82.0
2021-03-31,8176,72369.0,665252.0,9.21,9.25,9.16,9.2,-0.01,77.0
2021-04-01,8176,65706.0,602490.0,9.2,9.2,9.15,9.17,-0.03,60.0
2021-04-06,8176,78395.0,720341.0,9.16,9.2,9.16,9.2,0.03,126.0
2021-04-07,8176,89340.0,820014.0,9.18,9.2,9.16,9.2,0.0,132.0
2021-04-08,8176,180736.0,1704939.0,9.2,9.68,9.2,9.6,0.4,175.0
2021-04-09,8176,99779.0,943249.0,9.59,9.6,9.4,9.4,-0.2,121.0
2021-04-12,8176,199786.0,1877516.0,9.4,9.5,9.28,9.43,0.03,140.0
2021-04-13,8176,154047.0,1461594.0,9.43,9.6,9.42,9.46,0.03,120.0
2021-04-14,8176,89445.0,844215.0,9.58,9.59,9.3,9.4,-0.06,75.0
2021-04-15,8176,108238.0,1018269.0,9.4,9.5,9.35,9.42,0.02,78.0
2021-04-16,8176,99903.0,932641.0,9.46,9.55,9.1,9.39,-0.03,104.0
2021-04-19,8176,163477.0,1527352.0,9.56,9.56,9.3,9.4,0.01,155.0
2021-04-20,8176,78066.0,727445.0,9.32,9.42,9.25,9.42,0.02,109.0
2021-04-21,8176,209979.0,2001301.0,9.42,9.6,9.42,9.53,0.11,160.0
2021-04-22,8176,177021.0,1681936.0,9.54,9.54,9.35,9.35,-0.18,113.0
2021-04-23,8176,51264.0,482424.0,9.6,9.6,9.35,9.38,0.03,61.0
2021-04-26,8176,114835.0,1083352.0,9.35,9.5,9.35,9.45,0.07,98.0
2021-04-27,8176,93974.0,889102.0,9.45,9.5,9.4,9.45,0.0,121.0
2021-04-28,8176,144016.0,1366861.0,9.45,9.55,9.42,9.52,0.07,136.0
2021-04-29,8176,126249.0,1190175.0,9.52,9.52,9.4,9.43,-0.09,127.0
2021-05-03,8176,74261.0,694551.0,9.43,9.43,9.3,9.31,-0.12,122.0
2021-05-04,8176,146369.0,1327716.0,9.26,9.26,9.0,9.02,-0.29,138.0
2021-05-05,8176,76425.0,690704.0,9.0,9.1,9.0,9.01,-0.01,125.0
2021-05-06,8176,47460.0,429351.0,9.06,9.1,9.0,9.04,0.03,83.0
2021-05-07,8176,98372.0,892342.0,9.1,9.18,9.0,9.18,0.14,80.0
2021-05-10,8176,71462.0,646061.0,9.21,9.21,9.0,9.01,-0.17,107.0
2021-05-11,8176,103036.0,928626.0,9.01,9.04,8.97,8.97,-0.04,94.0
2021-05-12,8176,171239.0,1482660.0,8.99,8.99,8.16,8.36,-0.61,216.0
2021-05-13,8176,63243.0,524895.0,8.0,8.65,8.0,8.65,0.29,230.0
2021-05-14,8176,67741.0,594866.0,9.0,9.0,8.65,8.65,0.0,118.0
2021-05-17,8176,118378.0,943231.0,8.5,8.5,7.79,7.8,-0.85,205.0
2021-05-18,8176,94919.0,754556.0,7.79,8.5,7.5,8.5,0.7,196.0
2021-05-19,8176,12763.0,108668.0,8.26,8.74,8.26,8.56,0.06,64.0
2021-05-20,8176,40473.0,345982.0,8.62,8.63,8.4,8.4,-0.16,76.0
2021-05-21,8176,28382.0,248605.0,8.4,8.85,8.4,8.7,0.3,54.0
2021-05-24,8176,21131.0,187888.0,8.7,8.95,8.7,8.76,0.06,63.0
2021-05-25,8176,22029.0,194642.0,8.8,8.82,8.8,8.8,0.04,90.0
2021-05-26,8176,44585.0,394837.0,8.81,9.02,8.6,8.99,0.19,102.0
2021-05-27,8176,24369.0,217508.0,8.98,9.04,8.71,8.8,-0.19,74.0
2021-05-28,8176,55510.0,494301.0,8.99,9.0,8.79,9.0,0.2,78.0
2021-05-31,8176,43408.0,382942.0,8.61,9.0,8.61,8.78,-0.22,102.0
2021-06-01,8176,39394.0,350685.0,9.06,9.06,8.83,8.96,0.18,57.0
2021-06-02,8176,38646.0,346035.0,9.01,9.01,8.88,8.94,-0.02,48.0
2021-06-03,8176,44584.0,397686.0,8.86,9.1,8.84,8.9,-0.04,93.0
2021-06-04,8176,33191.0,298600.0,8.86,9.14,8.86,9.04,0.14,41.0
2021-06-07,8176,27136.0,242084.0,9.04,9.04,8.8,9.01,-0.03,44.0
2021-06-08,8176,24829.0,221408.0,9.01,9.01,8.9,8.91,-0.1,36.0
2021-06-09,8176,18155.0,161828.0,8.91,8.91,8.9,8.9,-0.01,31.0
2021-06-10,8176,26017.0,231176.0,8.8,8.98,8.8,8.98,0.08,31.0
2021-06-11,8176,30900.0,276218.0,8.98,9.0,8.9,9.0,0.02,37.0
2021-06-15,8176,19757.0,178094.0,9.25,9.25,8.93,9.05,0.05,36.0
2021-06-16,8176,9132.0,81733.0,9.0,9.0,8.87,8.92,-0.13,36.0
2021-06-17,8176,12017.0,107970.0,8.92,9.0,8.92,8.99,0.07,24.0
2021-06-18,8176,40513.0,361317.0,8.88,8.95,8.88,8.92,-0.07,67.0
2021-06-21,8176,35878.0,319204.0,8.92,8.92,8.86,8.87,-0.05,53.0
2021-06-22,8176,48132.0,429398.0,8.92,8.93,8.88,8.88,0.01,59.0
2021-06-23,8176,31619.0,280872.0,8.89,8.99,8.73,8.99,0.11,64.0
2021-06-24,8176,36396.0,323983.0,8.8,9.0,8.77,9.0,0.01,59.0
2021-06-25,8176,29722.0,266773.0,9.0,9.0,8.92,8.99,-0.01,68.0
2021-06-28,8176,34256.0,306769.0,9.0,9.0,8.89,8.92,-0.07,62.0
2021-06-29,8176,19960.0,178045.0,8.83,8.9,8.83,8.9,-0.02,63.0
2021-06-30,8176,45878.0,409784.0,8.9,9.0,8.9,8.95,0.05,119.0
2021-07-01,8176,40272.0,361005.0,8.95,9.0,8.9,8.97,0.02,64.0
2021-07-02,8176,24281.0,219990.0,9.1,9.11,8.93,8.95,-0.02,61.0
2021-07-05,8176,39248.0,352051.0,8.95,9.0,8.92,9.0,0.05,84.0
2021-07-06,8176,21843.0,196102.0,8.95,8.98,8.95,8.98,-0.02,60.0
2021-07-07,8176,34054.0,305477.0,9.0,9.0,8.91,8.91,-0.07,97.0
2021-07-08,8176,22172.0,197554.0,8.91,8.99,8.87,8.98,0.07,65.0
2021-07-09,8176,95526.0,866965.0,9.0,9.22,9.0,9.01,0.03,92.0
2021-07-12,8176,66752.0,610561.0,9.5,9.5,9.0,9.03,0.02,88.0
2021-07-13,8176,43455.0,390590.0,9.02,9.02,8.95,8.95,-0.08,60.0
2021-07-14,8176,44491.0,395778.0,8.95,9.01,8.85,9.01,0.06,81.0
2021-07-15,8176,84849.0,772167.0,9.35,9.35,9.0,9.08,0.07,53.0
2021-07-16,8176,16455.0,148476.0,9.1,9.1,8.98,8.98,-0.1,48.0
2021-07-19,8176,53660.0,480373.0,8.95,9.0,8.92,9.0,0.02,65.0
2021-07-20,8176,22442.0,202057.0,9.05,9.05,8.95,8.95,-0.05,83.0
2021-07-21,8176,36617.0,327230.0,8.95,8.99,8.91,8.99,0.04,42.0
2021-07-22,8176,40601.0,362484.0,9.0,9.0,8.9,8.99,0.0,77.0
2021-07-23,8176,21245.0,191004.0,8.92,9.0,8.92,9.0,0.01,43.0
2021-07-26,8176,49368.0,441925.0,9.0,9.0,8.92,8.99,-0.01,105.0
2021-07-27,8176,24822.0,221369.0,8.95,8.95,8.89,8.89,-0.1,56.0
2021-07-28,8176,38559.0,341368.0,8.85,8.88,8.82,8.82,-0.07,78.0
2021-07-29,8176,52463.0,475409.0,8.99,9.3,8.92,9.08,0.26,64.0
2021-07-30,8176,50114.0,448797.0,9.07,9.07,8.91,9.0,-0.08,94.0
2021-08-02,8176,13892.0,123615.0,8.83,8.87,8.83,8.87,-0.13,64.0
2021-08-03,8176,28055.0,249206.0,8.86,9.1,8.86,9.1,0.23,45.0
2021-08-04,8176,45429.0,403901.0,9.07,9.07,8.8,8.85,-0.25,84.0
2021-08-05,8176,69064.0,609285.0,8.88,8.98,8.75,8.8,-0.05,109.0
2021-08-06,8176,34885.0,309396.0,8.8,8.92,8.8,8.8,0.0,88.0
2021-08-09,8176,8035.0,71702.0,8.8,8.98,8.8,8.95,0.15,47.0
2021-08-10,8176,15727.0,140527.0,8.95,8.95,8.9,8.9,-0.05,53.0
2021-08-11,8176,21300.0,188341.0,8.87,8.9,8.8,8.8,-0.1,40.0
2021-08-12,8176,23098.0,202406.0,8.8,8.8,8.6,8.8,0.0,74.0
2021-08-13,8176,26725.0,232625.0,8.8,8.84,8.61,8.65,-0.15,86.0
2021-08-16,8176,44231.0,381172.0,8.65,8.79,8.54,8.79,0.14,100.0
2021-08-17,8176,25346.0,218175.0,8.7,8.7,8.53,8.53,-0.26,80.0
2021-08-18,8176,35820.0,301873.0,8.53,8.65,8.32,8.62,0.09,127.0
2021-08-19,8176,15411.0,130630.0,8.45,8.45,8.4,8.42,-0.2,82.0
2021-08-20,8176,24975.0,212123.0,8.42,8.6,8.37,8.58,0.16,80.0
2021-08-23,8176,30924.0,265266.0,8.58,8.62,8.5,8.58,0.0,80.0
2021-08-24,8176,75549.0,637692.0,8.5,8.5,8.39,8.39,-0.19,125.0
2021-08-25,8176,13803.0,117936.0,8.58,8.6,8.41,8.56,0.17,50.0
2021-08-26,8176,62447.0,530277.0,8.56,8.56,8.35,8.4,-0.16,62.0
2021-08-27,8176,195942.0,1694854.0,8.4,9.08,8.34,8.9,0.5,330.0
2021-08-30,8176,88959.0,773831.0,8.88,8.88,8.6,8.7,-0.2,213.0
2021-08-31,8176,536294.0,4646313.0,8.7,8.75,8.66,8.66,-0.04,85.0
2021-09-01,8176,48405.0,421079.0,8.7,8.79,8.67,8.79,0.13,70.0
2021-09-02,8176,36548.0,318452.0,8.72,8.72,8.67,8.67,-0.12,72.0
2021-09-03,8176,22711.0,198656.0,8.71,8.79,8.71,8.71,0.04,77.0
2021-09-06,8176,28812.0,250568.0,8.72,8.73,8.65,8.65,-0.06,83.0
2021-09-07,8176,33003.0,282727.0,8.6,8.6,8.47,8.6,-0.05,73.0
2021-09-08,8176,189734.0,1602820.0,8.52,8.52,8.31,8.47,-0.13,451.0
2021-09-09,8176,150204.0,1269826.0,8.5,8.5,8.4,8.47,0.0,213.0
2021-09-10,8176,57466.0,486260.0,8.47,8.5,8.4,8.45,-0.02,116.0
2021-09-13,8176,189192.0,1608507.0,8.3,8.56,8.3,8.56,0.11,404.0
2021-09-14,8176,88342.0,754775.0,8.58,8.6,8.5,8.52,-0.04,191.0
2021-09-15,8176,76595.0,648052.0,8.51,8.51,8.44,8.45,-0.07,161.0
2021-09-16,8176,78726.0,663892.0,8.44,8.45,8.4,8.41,-0.04,129.0
2021-09-17,8176,75820.0,641433.0,8.42,8.49,8.42,8.45,0.04,99.0
2021-09-22,8176,153083.0,1286699.0,8.45,8.45,8.38,8.41,-0.04,176.0
2021-09-23,8176,34557.0,291880.0,8.44,8.5,8.33,8.42,0.01,93.0
2021-09-24,8176,67764.0,569869.0,8.43,8.43,8.39,8.39,-0.03,152.0
2021-09-27,8176,69649.0,583116.0,8.4,8.4,8.34,8.37,-0.02,160.0
2021-09-28,8176,28885.0,242293.0,8.37,8.4,8.36,8.37,0.0,82.0
2021-09-29,8176,178788.0,1491377.0,8.36,8.38,8.3,8.36,-0.01,347.0
2021-09-30,8176,73868.0,620402.0,8.37,8.4,8.36,8.37,0.01,224.0
2021-10-01,8176,44920.0,375698.0,8.37,8.37,8.33,8.33,-0.04,177.0
2021-10-04,8176,53371.0,444069.0,8.33,8.33,8.25,8.27,-0.06,163.0
2021-10-05,8176,63311.0,525108.0,8.27,8.32,8.23,8.32,0.05,88.0
2021-10-06,8176,47181.0,391392.0,8.3,8.32,8.26,8.27,-0.05,80.0
2021-10-07,8176,82764.0,687439.0,8.27,8.35,8.27,8.31,0.04,99.0
2021-10-08,8176,298515.0,2496559.0,8.31,8.5,8.3,8.4,0.09,453.0
2021-10-12,8176,26883.0,225561.0,8.4,8.4,8.34,8.36,-0.04,87.0
2021-10-13,8176,143361.0,1200780.0,8.34,8.38,8.33,8.37,0.01,464.0
2021-10-14,8176,38746.0,324143.0,8.37,8.37,8.34,8.35,-0.02,150.0
2021-10-15,8176,103357.0,860121.0,8.35,8.35,8.26,8.34,-0.01,184.0
2021-10-18,8176,33719.0,280392.0,8.3,8.32,8.3,8.31,-0.03,102.0
2021-10-19,8176,44870.0,374118.0,8.38,8.38,8.3,8.34,0.03,99.0
2021-10-20,8176,59496.0,494662.0,8.32,8.32,8.3,8.3,-0.04,104.0
2021-10-21,8176,93579.0,778030.0,8.31,8.33,8.3,8.31,0.01,98.0
2021-10-22,8176,35934.0,298380.0,8.31,8.31,8.29,8.3,-0.01,67.0
2021-10-25,8176,50087.0,415936.0,8.3,8.31,8.29,8.3,0.0,88.0
2021-10-26,8176,76901.0,638549.0,8.3,8.31,8.29,8.31,0.01,90.0
2021-10-27,8176,144237.0,1199038.0,8.31,8.33,8.3,8.31,0.0,114.0
2021-10-28,8176,203086.0,1690695.0,8.33,8.34,8.3,8.3,-0.01,275.0
2021-10-29,8176,117708.0,977818.0,8.32,8.32,8.28,8.31,0.01,175.0
2021-11-01,8176,103277.0,859360.0,8.39,8.39,8.3,8.32,0.01,184.0
2021-11-02,8176,80222.0,668488.0,8.37,8.37,8.31,8.31,-0.01,149.0
2021-11-03,8176,91822.0,763425.0,8.3,8.33,8.29,8.3,-0.01,152.0
2021-11-04,8176,129074.0,1074027.0,8.31,8.35,8.3,8.31,0.01,167.0
2021-11-05,8176,87226.0,728749.0,8.3,8.37,8.3,8.35,0.04,139.0
2021-11-08,8176,91491.0,765400.0,8.35,8.37,8.35,8.37,0.02,121.0
2021-11-09,8176,280733.0,2408687.0,8.4,8.71,8.4,8.59,0.22,274.0
2021-11-10,8176,489680.0,4236614.0,8.59,8.82,8.55,8.79,0.2,448.0
2021-11-11,8176,541412.0,4941516.0,8.75,9.55,8.68,9.2,0.41,453.0
2021-11-12,8176,256951.0,2352566.0,8.82,9.38,8.82,9.0,-0.2,257.0
2021-11-15,8176,60465.0,543052.0,9.0,9.02,8.9,9.01,0.01,90.0
2021-11-16,8176,148157.0,1303219.0,9.01,9.01,8.7,8.75,-0.26,168.0
2021-11-17,8176,89648.0,791081.0,8.76,8.9,8.75,8.82,0.07,97.0
2021-11-18,8176,82072.0,732926.0,8.72,9.09,8.72,8.85,0.03,108.0
2021-11-19,8176,66507.0,586917.0,8.99,8.99,8.78,8.79,-0.06,125.0
2021-11-22,8176,67860.0,601036.0,8.95,9.0,8.77,8.89,0.1,90.0
2021-11-23,8176,68216.0,602616.0,8.95,8.95,8.77,8.77,-0.12,112.0
2021-11-24,8176,30847.0,271887.0,8.95,8.95,8.77,8.8,0.03,68.0
2021-11-25,8176,101940.0,885052.0,8.8,8.8,8.65,8.66,-0.14,202.0
2021-11-26,8176,126760.0,1084501.0,8.66,8.68,8.48,8.68,0.02,258.0
2021-11-29,8176,104757.0,883649.0,8.52,8.52,8.36,8.4,-0.28,257.0
2021-11-30,8176,66788.0,562549.0,8.58,8.58,8.4,8.42,0.02,191.0
2021-12-01,8176,151171.0,1267705.0,8.4,8.4,8.36,8.4,-0.02,205.0
2021-12-02,8176,134583.0,1132636.0,8.36,8.48,8.36,8.48,0.08,213.0
2021-12-03,8176,81669.0,688230.0,8.48,8.48,8.4,8.42,-0.06,173.0
2021-12-06,8176,44035.0,370975.0,8.42,8.43,8.4,8.43,0.01,116.0
2021-12-07,8176,65336.0,551171.0,8.41,8.48,8.4,8.44,0.01,155.0
2021-12-08,8176,156146.0,1310841.0,8.44,8.45,8.35,8.4,-0.04,273.0
2021-12-09,8176,141716.0,1189119.0,8.45,8.45,8.37,8.4,0.0,175.0
2021-12-10,8176,167731.0,1425600.0,8.4,8.62,8.38,8.59,0.19,261.0
2021-12-13,8176,141351.0,1215311.0,8.59,8.64,8.56,8.6,0.01,248.0
2021-12-14,8176,362310.0,3245617.0,8.6,9.1,8.6,9.04,0.44,305.0
2021-12-15,8176,148432.0,1321889.0,8.95,9.03,8.82,8.82,-0.22,253.0
2021-12-16,8176,95054.0,849064.0,8.8,9.0,8.8,8.88,0.06,140.0
2021-12-17,8176,111102.0,993855.0,9.29,9.29,8.84,8.94,0.06,160.0
2021-12-20,8176,114048.0,1023262.0,9.02,9.02,8.88,8.96,0.02,130.0
2021-12-21,8176,64670.0,575755.0,8.95,8.96,8.71,8.94,-0.02,93.0
2021-12-22,8176,99525.0,891003.0,8.98,9.0,8.87,8.97,0.03,138.0
2021-12-23,8176,51524.0,459830.0,9.0,9.0,8.89,8.89,-0.08,121.0
2021-12-24,8176,65901.0,585561.0,8.89,8.9,8.83,8.9,0.01,124.0
2021-12-27,8176,53995.0,481595.0,8.93,8.93,8.89,8.91,0.01,128.0
2021-12-28,8176,29969.0,268746.0,8.89,8.99,8.89,8.94,0.03,96.0
2021-12-29,8176,204207.0,1846314.0,8.95,9.16,8.94,9.1,0.16,159.0
2021-12-30,8176,261821.0,2407774.0,9.09,9.27,9.09,9.23,0.13,199.0
2022-01-03,8176,225987.0,2095254.0,9.33,9.39,9.22,9.25,0.02,178.0
2022-01-04,8176,127190.0,1170718.0,9.19,9.25,9.0,9.16,-0.09,108.0
2022-01-05,8176,71840.0,652767.0,9.04,9.16,9.04,9.11,-0.05,126.0
2022-01-06,8176,127007.0,1144959.0,9.1,9.1,8.98,8.99,-0.12,195.0
2022-01-07,8176,35732.0,320454.0,8.99,8.99,8.94,8.95,-0.04,129.0
2022-01-10,8176,64178.0,576768.0,8.95,9.0,8.95,8.98,0.03,182.0
2022-01-11,8176,69344.0,619708.0,8.98,8.98,8.87,8.88,-0.1,180.0
2022-01-12,8176,72948.0,641131.0,8.88,8.9,8.6,8.7,-0.18,223.0
2022-01-13,8176,33141.0,288958.0,8.7,8.8,8.67,8.8,0.1,171.0
2022-01-14,8176,54633.0,481093.0,8.85,8.99,8.7,8.78,-0.02,145.0
2022-01-17,8176,69132.0,603070.0,8.88,8.88,8.65,8.7,-0.08,233.0
2022-01-18,8176,79804.0,689899.0,8.7,8.7,8.6,8.7,0.0,147.0
2022-01-19,8176,54604.0,470323.0,8.64,8.64,8.58,8.6,-0.1,170.0
2022-01-20,8176,53395.0,459283.0,8.6,8.61,8.58,8.6,0.0,103.0
2022-01-21,8176,62552.0,535935.0,8.6,8.68,8.52,8.68,0.08,195.0
2022-01-24,8176,51154.0,435972.0,8.63,8.63,8.41,8.6,-0.08,200.0
2022-01-25,8176,68168.0,576109.0,8.55,8.55,8.23,8.5,-0.1,247.0
2022-01-26,8176,89862.0,759171.0,8.47,8.5,8.39,8.5,0.0,361.0
2022-02-07,8176,60439.0,513907.0,8.5,8.68,8.4,8.68,0.18,208.0
2022-02-08,8176,44506.0,384242.0,8.69,8.69,8.56,8.66,-0.02,150.0
2022-02-09,8176,86513.0,745352.0,8.66,8.67,8.41,8.65,-0.01,171.0
2022-02-10,8176,11744.0,101270.0,8.6,8.65,8.56,8.65,0.0,111.0
2022-02-11,8176,24209.0,211767.0,8.69,8.75,8.63,8.65,0.0,73.0
2022-02-14,8176,118776.0,1009769.0,8.65,8.67,8.43,8.55,-0.1,337.0
2022-02-15,8176,29962.0,254445.0,8.45,8.55,8.43,8.55,0.0,184.0
2022-02-16,8176,30026.0,256959.0,8.6,8.6,8.47,8.5,-0.05,138.0
2022-02-17,8176,31804.0,272741.0,8.64,8.64,8.51,8.62,0.12,184.0
2022-02-18,8176,55829.0,478910.0,8.6,8.65,8.51,8.65,0.03,194.0
2022-02-21,8176,21134.0,183541.0,8.6,8.7,8.6,8.7,0.05,156.0
2022-02-22,8176,44727.0,384131.0,8.65,8.65,8.52,8.57,-0.13,250.0
2022-02-23,8176,14745.0,126842.0,8.52,8.69,8.52,8.69,0.12,113.0
2022-02-24,8176,99171.0,838906.0,8.69,8.7,8.3,8.39,-0.3,301.0
2022-02-25,8176,44449.0,376437.0,8.44,8.52,8.44,8.52,0.13,219.0
2022-03-01,8176,26282.0,224431.0,8.54,8.6,8.5,8.54,0.02,141.0
2022-03-02,8176,24127.0,206127.0,8.54,8.55,8.51,8.55,0.01,126.0
2022-03-03,8176,76144.0,647601.0,8.52,8.55,8.45,8.45,-0.1,215.0
2022-03-04,8176,84258.0,711300.0,8.46,8.53,8.42,8.53,0.08,277.0
2022-03-07,8176,93974.0,793422.0,8.54,8.69,8.38,8.5,-0.03,400.0
2022-03-08,8176,87762.0,733090.0,8.4,8.47,8.28,8.44,-0.06,290.0
2022-03-09,8176,45223.0,379712.0,8.38,8.4,8.35,8.4,-0.04,225.0
2022-03-10,8176,31988.0,269593.0,8.4,8.48,8.38,8.44,0.04,214.0
2022-03-11,8176,16434.0,138277.0,8.36,8.45,8.36,8.45,0.01,533.0
2022-03-14,8176,168059.0,1497827.0,8.58,9.28,8.58,8.8,0.35,459.0
2022-03-15,8176,71091.0,612567.0,8.77,8.77,8.5,8.51,-0.29,452.0
2022-03-16,8176,43723.0,373000.0,8.52,8.64,8.51,8.52,0.01,259.0
2022-03-17,8176,62129.0,528544.0,8.53,8.6,8.48,8.59,0.07,287.0
2022-03-18,8176,55893.0,482705.0,8.7,8.74,8.52,8.68,0.09,273.0
2022-03-21,8176,26650.0,231311.0,8.66,8.7,8.66,8.68,0.0,311.0
2022-03-22,8176,59994.0,523222.0,8.68,8.83,8.68,8.83,0.15,378.0
2022-03-23,8176,67637.0,599779.0,8.84,9.0,8.8,8.84,0.01,466.0
2022-03-24,8176,28942.0,253619.0,8.8,8.84,8.73,8.84,0.0,167.0
2022-03-25,8176,33358.0,294334.0,8.84,8.87,8.75,8.85,0.01,111.0
2022-03-28,8176,16606.0,146597.0,8.82,8.83,8.8,8.83,-0.02,109.0
2022-03-29,8176,20983.0,184201.0,8.78,8.8,8.76,8.76,-0.07,86.0
2022-03-30,8176,24005.0,209447.0,8.71,8.76,8.71,8.75,-0.01,86.0
2022-03-31,8176,10691.0,93460.0,8.72,8.75,8.71,8.75,0.0,60.0
2022-04-01,8176,32121.0,283158.0,8.75,8.95,8.71,8.95,0.2,84.0
2022-04-06,8176,56054.0,490394.0,8.89,8.89,8.62,8.88,-0.07,151.0
2022-04-07,8176,72257.0,628896.0,8.87,8.87,8.61,8.7,-0.18,136.0
2022-04-08,8176,55935.0,484170.0,8.68,8.8,8.61,8.65,-0.05,96.0
2022-04-11,8176,792436.0,7492548.0,8.67,9.51,8.67,9.51,0.86,416.0
2022-04-12,8176,856906.0,8270132.0,9.93,10.0,9.3,9.4,-0.11,484.0
2022-04-13,8176,1506908.0,15208661.0,9.4,10.3,9.39,10.3,0.9,743.0
2022-04-14,8176,2850855.0,30956734.0,10.5,11.3,10.35,11.05,0.75,1409.0
2022-04-15,8176,1411498.0,15147774.0,11.0,11.3,10.35,10.8,-0.25,745.0
2022-04-18,8176,787878.0,8290445.0,10.9,11.0,10.05,10.35,-0.45,457.0
2022-04-19,8176,599899.0,6217151.0,10.65,10.85,10.0,10.5,0.15,380.0
2022-04-20,8176,1739336.0,19713441.0,11.0,11.55,10.65,11.55,1.05,723.0
2022-04-21,8176,4250255.0,53724151.0,12.7,12.7,12.0,12.7,1.15,1821.0
2022-04-22,8176,2951893.0,35056048.0,12.2,12.6,11.45,12.1,-0.6,1555.0
2022-04-25,8176,2004328.0,24773877.0,11.55,13.2,11.5,12.6,0.5,1186.0
2022-04-26,8176,1486218.0,18329947.0,12.5,12.9,11.8,11.9,-0.7,886.0
2022-04-27,8176,1621640.0,17872929.0,11.7,11.7,10.75,11.05,-0.85,938.0
2022-04-28,8176,586558.0,6429398.0,11.1,11.25,10.8,10.95,-0.1,429.0
2022-04-29,8176,655295.0,7141447.0,10.95,11.2,10.6,10.9,-0.05,376.0
2022-05-03,8176,750649.0,8625883.0,11.1,11.9,10.9,11.6,0.7,466.0
2022-05-04,8176,517313.0,5931776.0,11.85,11.9,11.35,11.4,-0.2,347.0
2022-05-05,8176,654747.0,7395743.0,11.55,11.8,11.0,11.3,-0.1,393.0
2022-05-06,8176,348791.0,3935638.0,11.3,11.55,11.05,11.2,-0.1,265.0
2022-05-09,8176,593088.0,6321194.0,11.4,11.4,10.2,10.5,-0.7,418.0
2022-05-10,8176,392985.0,4021983.0,10.0,10.65,10.0,10.65,0.15,289.0
2022-05-11,8176,459346.0,4682982.0,10.2,10.65,10.0,10.05,-0.6,278.0
2022-05-12,8176,499559.0,4787703.0,9.9,10.15,9.18,9.18,-0.87,399.0
2022-05-13,8176,296250.0,2776121.0,9.22,9.59,9.22,9.4,0.22,204.0
2022-05-16,8176,238014.0,2232900.0,9.41,9.7,9.22,9.22,-0.18,213.0
2022-05-17,8176,152894.0,1422895.0,9.15,9.4,9.15,9.32,0.1,134.0
2022-05-18,8176,218771.0,2063029.0,9.33,9.49,9.33,9.46,0.14,154.0
2022-05-19,8176,224733.0,2091588.0,9.46,9.49,9.21,9.39,-0.07,160.0
2022-05-20,8176,210056.0,1972775.0,9.43,9.48,9.33,9.39,0.0,186.0
2022-05-23,8176,501825.0,5054663.0,9.43,10.3,9.43,10.3,0.91,289.0
2022-05-24,8176,509227.0,5247917.0,10.2,10.85,9.97,10.0,-0.3,328.0
2022-05-25,8176,320292.0,3274325.0,10.0,10.55,9.81,10.25,0.25,227.0
2022-05-26,8176,124045.0,1270270.0,10.75,10.75,10.1,10.2,-0.05,121.0
2022-05-27,8176,135918.0,1393463.0,10.25,10.55,10.05,10.1,-0.1,142.0
2022-05-30,8176,109301.0,1107763.0,10.4,10.4,10.05,10.1,0.0,96.0
2022-05-31,8176,130436.0,1304262.0,10.2,10.2,9.96,10.0,-0.1,127.0
2022-06-01,8176,150714.0,1514079.0,10.3,10.3,9.98,10.05,0.05,86.0
2022-06-02,8176,151891.0,1531363.0,10.25,10.3,10.0,10.1,0.05,134.0
2022-06-06,8176,194530.0,1947288.0,10.25,10.25,9.9,10.0,-0.1,154.0
2022-06-07,8176,129917.0,1294510.0,10.15,10.15,9.86,9.95,-0.05,128.0
2022-06-08,8176,141059.0,1398398.0,10.0,10.0,9.85,9.93,-0.02,120.0
2022-06-09,8176,120305.0,1188580.0,9.93,10.05,9.83,9.83,-0.1,155.0
2022-06-10,8176,186711.0,1819191.0,9.8,9.9,9.6,9.83,0.0,149.0
2022-06-13,8176,98251.0,946335.0,9.56,9.82,9.53,9.59,-0.24,121.0
2022-06-14,8176,93898.0,892027.0,9.43,9.68,9.32,9.67,0.08,100.0
2022-06-15,8176,88507.0,865694.0,9.68,10.0,9.52,9.71,0.04,76.0
2022-06-16,8176,87589.0,848838.0,9.9,9.9,9.6,9.67,-0.04,98.0
2022-06-17,8176,168271.0,1602109.0,9.53,9.66,9.33,9.58,-0.09,140.0
2022-06-20,8176,1610331.0,16818774.0,9.54,10.5,9.54,10.5,0.92,732.0
2022-06-21,8176,909739.0,8983614.0,9.93,10.15,9.56,9.9,-0.6,558.0
2022-06-22,8176,369994.0,3545590.0,9.73,9.8,9.4,9.4,-0.5,311.0
2022-06-23,8176,321927.0,2966430.0,9.34,9.37,9.09,9.14,-0.26,255.0
2022-06-24,8176,130429.0,1209699.0,9.5,9.5,9.14,9.17,0.03,113.0
2022-06-27,8176,91286.0,841978.0,9.45,9.45,9.18,9.19,0.02,92.0
2022-06-28,8176,67740.0,623365.0,9.19,9.39,9.17,9.24,0.05,103.0
2022-06-29,8176,137278.0,1276273.0,9.37,9.54,9.12,9.17,-0.07,117.0
2022-06-30,8176,158607.0,1433676.0,9.17,9.32,8.97,9.0,-0.17,149.0
2022-07-01,8176,183138.0,1622760.0,9.0,9.01,8.62,8.62,-0.38,310.0
2022-07-04,8176,151511.0,1293185.0,8.81,8.82,8.33,8.59,-0.03,371.0
2022-07-05,8176,65540.0,564538.0,8.87,8.87,8.5,8.68,0.09,150.0
2022-07-06,8176,95856.0,816183.0,8.68,8.68,8.43,8.5,-0.18,285.0
2022-07-07,8176,100415.0,854866.0,8.5,8.59,8.44,8.59,0.09,170.0
2022-07-08,8176,985403.0,9184617.0,8.54,9.44,8.54,9.44,0.85,505.0
2022-07-11,8176,412807.0,3780664.0,9.0,9.52,9.0,9.52,0.08,321.0
2022-07-12,8176,205620.0,1876248.0,9.47,9.47,9.02,9.12,-0.4,227.0
2022-07-13,8176,292496.0,2702721.0,9.35,9.5,9.02,9.18,0.06,210.0
2022-07-14,8176,194490.0,1805921.0,9.18,9.45,9.12,9.34,0.16,165.0
2022-07-15,8176,96127.0,892806.0,9.4,9.4,9.23,9.24,-0.1,98.0
2022-07-18,8176,121021.0,1124099.0,9.27,9.41,9.2,9.34,0.1,108.0
2022-07-19,8176,88802.0,829767.0,9.34,9.41,9.28,9.35,0.01,87.0
2022-07-20,8176,173401.0,1636155.0,9.5,9.58,9.38,9.42,0.07,141.0
2022-07-21,8176,143840.0,1347754.0,9.5,9.54,9.26,9.37,-0.05,114.0
2022-07-22,8176,123061.0,1148549.0,9.51,9.51,9.28,9.32,-0.05,100.0
2022-07-25,8176,54595.0,505835.0,9.32,9.32,9.07,9.25,-0.07,78.0
2022-07-26,8176,70839.0,647818.0,9.2,9.25,9.1,9.12,-0.13,74.0
2022-07-27,8176,37058.0,340125.0,9.2,9.24,9.1,9.15,0.03,50.0
2022-07-28,8176,77924.0,713598.0,9.2,9.2,9.11,9.13,-0.02,80.0
2022-07-29,8176,75849.0,691902.0,9.12,9.18,9.09,9.15,0.02,84.0
2022-08-01,8176,98242.0,901734.0,9.15,9.24,9.1,9.2,0.05,82.0
2022-08-02,8176,1333941.0,13365966.0,9.14,10.1,9.13,10.1,0.9,628.0
2022-08-03,8176,2109580.0,22890827.0,10.2,11.1,10.0,11.1,1.0,980.0
2022-08-04,8176,1618972.0,17484996.0,11.2,11.55,10.05,10.7,-0.4,927.0
2022-08-05,8176,1082721.0,11589647.0,10.2,11.55,10.2,10.8,0.1,636.0
2022-08-08,8176,579308.0,6178772.0,10.7,11.0,10.2,10.7,-0.1,391.0
2022-08-09,8176,524328.0,5515218.0,10.7,10.8,10.25,10.55,-0.15,348.0
2022-08-10,8176,388966.0,4081298.0,10.55,10.75,10.3,10.45,-0.1,212.0
2022-08-11,8176,395009.0,4110015.0,10.3,10.6,10.3,10.3,-0.15,238.0
2022-08-12,8176,227009.0,2362114.0,10.45,10.7,10.3,10.5,0.2,157.0
2022-08-15,8176,436142.0,4690102.0,10.5,11.25,10.5,10.5,0.0,285.0
2022-08-16,8176,362431.0,3756147.0,10.5,10.55,10.25,10.3,-0.2,204.0
2022-08-17,8176,174769.0,1804189.0,10.35,10.45,10.25,10.3,0.0,121.0
2022-08-18,8176,212965.0,2238416.0,10.35,10.7,10.3,10.6,0.3,147.0
2022-08-19,8176,334508.0,3527429.0,10.6,10.7,10.45,10.45,-0.15,168.0
2022-08-22,8176,240485.0,2532183.0,11.0,11.0,10.35,10.45,0.0,184.0
2022-08-23,8176,160057.0,1672333.0,10.4,10.6,10.35,10.45,0.0,99.0
2022-08-24,8176,388594.0,4078699.0,10.7,10.75,10.3,10.4,-0.05,200.0
2022-08-25,8176,132639.0,1388828.0,10.45,10.6,10.4,10.5,0.1,104.0
2022-08-26,8176,298010.0,3169235.0,10.55,10.9,10.5,10.6,0.1,175.0
2022-08-29,8176,133083.0,1366564.0,10.35,10.45,10.15,10.3,-0.3,106.0
2022-08-30,8176,122444.0,1278069.0,10.3,10.65,10.3,10.4,0.1,91.0
2022-08-31,8176,364141.0,3709402.0,10.3,10.4,10.05,10.2,-0.2,208.0
2022-09-01,8176,183470.0,1861090.0,10.2,10.2,10.05,10.2,0.0,108.0
2022-09-02,8176,103474.0,1051128.0,10.3,10.3,10.05,10.2,0.0,88.0
2022-09-05,8176,158748.0,1611052.0,10.25,10.3,10.1,10.1,-0.1,118.0
2022-09-06,8176,85814.0,864688.0,10.25,10.25,10.0,10.05,-0.05,68.0
2022-09-07,8176,395453.0,3967718.0,9.98,10.35,9.7,10.2,0.15,226.0
2022-09-08,8176,285690.0,2964804.0,10.25,10.55,10.25,10.3,0.1,185.0
2022-09-12,8176,737778.0,8043482.0,10.35,11.15,10.3,10.9,0.6,430.0
2022-09-13,8176,588523.0,6430870.0,10.8,11.1,10.7,10.9,0.0,312.0
2022-09-14,8176,235501.0,2524547.0,10.7,11.05,10.35,10.9,0.0,185.0
2022-09-15,8176,261888.0,2871800.0,11.15,11.15,10.8,10.95,0.05,186.0
2022-09-16,8176,119747.0,1293839.0,10.95,10.95,10.7,10.85,-0.1,113.0
2022-09-19,8176,195736.0,2073635.0,10.95,10.95,10.45,10.55,-0.3,126.0
2022-09-20,8176,106467.0,1131980.0,10.7,10.8,10.55,10.7,0.15,77.0
2022-09-21,8176,58765.0,622548.0,10.8,10.8,10.5,10.5,-0.2,66.0
2022-09-22,8176,47236.0,491601.0,10.3,10.55,10.15,10.45,-0.05,70.0
2022-09-23,8176,122897.0,1265112.0,10.45,10.55,10.15,10.15,-0.3,103.0
2022-09-26,8176,224588.0,2183540.0,10.6,10.6,9.14,9.14,-1.01,170.0
2022-09-27,8176,203235.0,1931758.0,9.16,9.68,9.16,9.64,0.5,174.0
2022-09-28,8176,158624.0,1481279.0,9.7,9.79,9.15,9.16,-0.48,182.0
2022-09-29,8176,103754.0,957509.0,9.24,9.47,9.16,9.23,0.07,106.0
2022-09-30,8176,91088.0,824581.0,9.2,9.21,8.88,9.18,-0.05,136.0
2022-10-03,8176,56170.0,512142.0,9.18,9.34,8.95,9.2,0.02,65.0
2022-10-04,8176,67173.0,638169.0,9.4,9.69,9.3,9.51,0.31,71.0
2022-10-05,8176,279055.0,2748109.0,9.5,10.3,9.4,9.95,0.44,198.0
2022-10-06,8176,250683.0,2568344.0,10.0,10.55,9.97,10.3,0.35,172.0
2022-10-07,8176,72090.0,727452.0,10.3,10.3,10.0,10.05,-0.25,66.0
2022-10-11,8176,251085.0,2390756.0,10.0,10.0,9.24,9.3,-0.75,184.0
2022-10-12,8176,92677.0,846711.0,8.75,9.46,8.75,9.05,-0.25,92.0
2022-10-13,8176,90078.0,828592.0,9.19,9.34,9.1,9.23,0.18,109.0
2022-10-14,8176,58622.0,547780.0,9.26,9.57,9.22,9.22,-0.01,71.0
2022-10-17,8176,37847.0,344271.0,9.25,9.25,9.0,9.16,-0.06,76.0
2022-10-18,8176,32634.0,308653.0,9.3,9.54,9.3,9.49,0.33,48.0
2022-10-19,8176,69506.0,639956.0,9.49,9.49,9.13,9.29,-0.2,82.0
2022-10-20,8176,43288.0,397030.0,9.01,9.3,9.01,9.25,-0.04,70.0
2022-10-21,8176,45087.0,414088.0,9.36,9.36,9.1,9.21,-0.04,70.0
2022-10-24,8176,99279.0,913817.0,9.3,9.39,9.13,9.21,0.0,83.0
2022-10-25,8176,83072.0,755449.0,9.15,9.37,9.02,9.02,-0.19,95.0
2022-10-26,8176,108872.0,980751.0,9.19,9.19,8.95,8.96,-0.06,88.0
2022-10-27,8176,49799.0,449449.0,9.11,9.11,8.96,9.02,0.06,63.0
2022-10-28,8176,32769.0,295350.0,9.02,9.06,9.0,9.0,-0.02,82.0
2022-10-31,8176,45393.0,411475.0,9.0,9.12,9.0,9.06,0.06,55.0
2022-11-01,8176,65664.0,605112.0,9.19,9.28,9.12,9.23,0.17,68.0
2022-11-02,8176,36413.0,340096.0,9.23,9.4,9.23,9.3,0.07,49.0
2022-11-03,8176,108034.0,1001239.0,9.29,9.41,9.15,9.35,0.05,94.0
2022-11-04,8176,13332.0,124188.0,9.35,9.35,9.26,9.35,0.0,29.0
2022-11-07,8176,129224.0,1258338.0,9.58,10.05,9.37,9.75,0.4,113.0
2022-11-08,8176,86725.0,854028.0,9.93,9.97,9.56,9.86,0.11,95.0
2022-11-09,8176,46075.0,457677.0,9.95,9.99,9.85,9.85,-0.01,75.0
2022-11-10,8176,106245.0,1040611.0,9.69,9.95,9.69,9.88,0.03,109.0
2022-11-11,8176,91765.0,901717.0,10.0,10.0,9.72,9.8,-0.08,95.0
2022-11-14,8176,73324.0,725679.0,9.95,9.95,9.69,9.95,0.15,54.0
2022-11-15,8176,72908.0,711071.0,9.72,9.95,9.7,9.8,-0.15,102.0
2022-11-16,8176,63014.0,607031.0,9.93,9.93,9.56,9.7,-0.1,79.0
2022-11-17,8176,77196.0,746324.0,9.78,9.78,9.61,9.65,-0.05,86.0
2022-11-18,8176,226279.0,2146440.0,9.75,9.77,9.11,9.7,0.05,202.0
2022-11-21,8176,54462.0,521731.0,9.64,9.64,9.5,9.58,-0.12,87.0
2022-11-22,8176,92615.0,881924.0,9.51,9.65,9.42,9.44,-0.14,86.0
2022-11-23,8176,74188.0,702202.0,9.77,9.77,9.42,9.42,-0.02,73.0
2022-11-24,8176,42381.0,399962.0,9.7,9.7,9.41,9.46,0.04,64.0
2022-11-25,8176,35159.0,330974.0,9.53,9.53,9.39,9.39,-0.07,55.0
2022-11-28,8176,21185.0,199477.0,9.49,9.49,9.37,9.47,0.08,43.0
2022-11-29,8176,118219.0,1155723.0,9.48,9.9,9.45,9.81,0.34,82.0
2022-11-30,8176,39239.0,386749.0,9.81,9.89,9.8,9.81,0.0,60.0
2022-12-01,8176,92670.0,908983.0,9.82,9.9,9.7,9.81,0.0,95.0
2022-12-02,8176,45359.0,444427.0,9.87,9.87,9.7,9.7,-0.11,48.0
2022-12-05,8176,258887.0,2553131.0,9.72,10.2,9.65,10.05,0.35,175.0
2022-12-06,8176,163228.0,1608286.0,9.99,10.05,9.61,9.61,-0.44,129.0
2022-12-07,8176,77978.0,761448.0,9.66,9.85,9.65,9.85,0.24,93.0
2022-12-08,8176,48568.0,473584.0,9.88,9.88,9.69,9.86,0.01,63.0
2022-12-09,8176,72496.0,712469.0,9.94,9.97,9.7,9.85,-0.01,70.0
2022-12-12,8176,79230.0,781063.0,9.9,9.9,9.77,9.9,0.05,76.0
2022-12-13,8176,299360.0,3099941.0,10.1,10.55,10.1,10.15,0.25,198.0
2022-12-14,8176,96900.0,983928.0,10.15,10.3,10.05,10.15,0.0,83.0
2022-12-15,8176,118432.0,1215631.0,10.25,10.3,10.1,10.3,0.15,101.0
2022-12-16,8176,301101.0,3127749.0,10.3,10.6,10.15,10.35,0.05,207.0
2022-12-19,8176,89226.0,915981.0,10.5,10.5,10.2,10.35,0.0,72.0
2022-12-20,8176,121637.0,1231355.0,10.35,10.45,9.98,10.2,-0.15,89.0
2022-12-21,8176,71123.0,712909.0,10.1,10.25,9.81,10.0,-0.2,93.0
2022-12-22,8176,103834.0,1042597.0,10.15,10.15,9.82,10.15,0.15,86.0
2022-12-23,8176,37185.0,369305.0,10.0,10.05,9.88,10.0,-0.15,52.0
2022-12-26,8176,27951.0,276969.0,10.05,10.05,9.84,10.0,0.0,33.0
2022-12-27,8176,26523.0,265798.0,10.1,10.1,10.0,10.0,0.0,41.0
2022-12-28,8176,17046.0,170257.0,9.96,10.0,9.87,10.0,0.0,35.0
2022-12-29,8176,60042.0,598419.0,9.91,10.05,9.82,10.05,0.05,57.0
2022-12-30,8176,3734.0,37421.0,10.05,10.05,10.0,10.0,-0.05,38.0
2023-01-03,8176,31098.0,307645.0,10.0,10.0,9.82,10.0,0.0,41.0
2023-01-04,8176,22311.0,222275.0,9.99,10.0,9.91,9.99,-0.01,57.0
2023-01-05,8176,26147.0,259117.0,9.88,10.0,9.87,9.98,-0.01,62.0
2023-01-06,8176,14228.0,141279.0,9.99,9.99,9.87,9.96,-0.02,39.0
2023-01-09,8176,39671.0,392797.0,9.96,9.96,9.86,9.9,-0.06,82.0
2023-01-10,8176,44436.0,436333.0,9.99,9.99,9.56,9.95,0.05,72.0
2023-01-11,8176,35544.0,349209.0,9.9,9.97,9.77,9.86,-0.09,61.0
2023-01-12,8176,17987.0,176385.0,9.81,9.86,9.79,9.86,0.0,43.0
2023-01-13,8176,59575.0,574821.0,9.77,9.8,9.55,9.8,-0.06,88.0
2023-01-16,8176,43501.0,420055.0,9.81,9.81,9.62,9.62,-0.18,76.0
2023-01-17,8176,87310.0,827079.0,9.61,9.61,9.41,9.42,-0.2,127.0
2023-01-30,8176,36797.0,347211.0,9.68,9.68,9.21,9.38,-0.04,92.0
2023-01-31,8176,65559.0,614301.0,9.39,9.5,9.22,9.44,0.06,133.0
2023-02-01,8176,91368.0,858104.0,9.44,9.49,9.33,9.48,0.04,162.0
2023-02-02,8176,39579.0,378472.0,9.75,9.75,9.46,9.65,0.17,100.0
2023-02-03,8176,46910.0,447778.0,9.52,9.63,9.48,9.62,-0.03,143.0
2023-02-06,8176,26148.0,251229.0,9.75,9.75,9.5,9.66,0.04,110.0
2023-02-07,8176,20979.0,202099.0,9.65,9.66,9.57,9.66,0.0,98.0
2023-02-08,8176,51704.0,500869.0,9.75,9.75,9.59,9.65,-0.01,105.0
2023-02-09,8176,31426.0,305034.0,9.62,9.78,9.61,9.73,0.08,103.0
2023-02-10,8176,304161.0,3066918.0,9.8,10.35,9.8,9.99,0.26,215.0
2023-02-13,8176,206703.0,2101325.0,10.2,10.3,10.0,10.3,0.31,214.0
2023-02-14,8176,86695.0,884943.0,10.3,10.3,10.0,10.2,-0.1,140.0
2023-02-15,8176,31725.0,320576.0,10.2,10.2,10.0,10.1,-0.1,71.0
2023-02-16,8176,81537.0,825724.0,10.1,10.2,10.0,10.15,0.05,99.0
2023-02-17,8176,94244.0,942449.0,10.05,10.1,9.79,9.98,-0.17,142.0
2023-02-20,8176,307318.0,3163842.0,9.98,10.45,9.97,10.25,0.27,174.0
2023-02-21,8176,146885.0,1520982.0,10.25,10.6,10.2,10.2,-0.05,186.0
2023-02-22,8176,130721.0,1325019.0,10.15,10.3,10.0,10.3,0.1,161.0
2023-02-23,8176,100428.0,1024578.0,10.05,10.3,10.05,10.15,-0.15,171.0
2023-02-24,8176,259252.0,2676987.0,10.15,10.5,10.1,10.5,0.35,212.0
2023-03-01,8176,1738912.0,19956893.0,10.55,11.55,10.5,11.55,1.05,687.0
2023-03-02,8176,2218402.0,27396432.0,11.6,12.7,11.6,12.7,1.15,756.0
2023-03-03,8176,3299761.0,45938417.0,13.95,13.95,13.5,13.95,1.25,1249.0
2023-03-06,8176,2596618.0,36237230.0,14.4,14.45,13.25,13.9,-0.05,1501.0
2023-03-07,8176,2695244.0,35305771.0,13.9,13.9,12.55,13.35,-0.55,1372.0
2023-03-08,8176,1176211.0,15269337.0,12.9,13.2,12.75,13.05,-0.3,777.0
2023-03-09,8176,1600696.0,20195842.0,12.9,12.9,12.4,12.45,-0.6,960.0
2023-03-10,8176,1095920.0,13058218.0,12.3,12.45,11.55,11.55,-0.9,758.0
2023-03-13,8176,845473.0,9353469.0,11.55,11.55,10.7,11.0,-0.55,1090.0
2023-03-14,8176,1026002.0,11553053.0,10.95,11.7,10.9,11.1,0.1,878.0
2023-03-15,8176,542122.0,6076817.0,11.1,11.45,11.1,11.1,0.0,550.0
2023-03-16,8176,468270.0,5256348.0,11.1,11.4,11.1,11.2,0.1,482.0
2023-03-17,8176,517406.0,5793247.0,11.5,11.5,11.1,11.1,-0.1,491.0
2023-03-20,8176,347961.0,3843259.0,10.95,11.3,10.8,11.3,0.2,681.0
2023-03-21,8176,577623.0,6687959.0,11.4,11.9,11.35,11.75,0.45,685.0
2023-03-22,8176,2068494.0,26198399.0,12.0,12.9,11.85,12.9,1.15,988.0
2023-03-23,8176,2608265.0,34007499.0,12.9,13.3,12.7,12.9,0.0,1462.0
2023-03-24,8176,1113179.0,13880590.0,12.9,12.95,12.2,12.25,-0.65,721.0
2023-03-27,8176,589858.0,7326154.0,12.15,12.8,12.05,12.75,0.5,460.0
2023-03-28,8176,376099.0,4727840.0,12.75,12.95,12.3,12.3,-0.45,360.0
2023-03-29,8176,535453.0,6437042.0,12.4,12.55,11.7,12.2,-0.1,353.0
2023-03-30,8176,323519.0,3878953.0,12.25,12.25,11.8,12.0,-0.2,251.0
2023-03-31,8176,264731.0,3162330.0,12.15,12.15,11.85,11.95,-0.05,183.0
2023-04-06,8176,325599.0,3972430.0,12.05,12.35,12.05,12.2,0.25,254.0
2023-04-07,8176,293699.0,3546684.0,12.35,12.35,12.0,12.0,-0.2,211.0
2023-04-10,8176,254676.0,3035533.0,12.0,12.1,11.85,11.95,-0.05,189.0
2023-04-11,8176,346649.0,4200644.0,12.1,12.4,11.95,12.05,0.1,235.0
2023-04-12,8176,289228.0,3552814.0,12.25,12.4,12.15,12.35,0.3,210.0
2023-04-13,8176,827267.0,9667653.0,12.0,12.0,11.55,11.7,-0.65,581.0
2023-04-14,8176,482289.0,5563283.0,11.8,11.8,11.35,11.45,-0.25,342.0
2023-04-17,8176,1156357.0,12909775.0,11.4,11.55,11.0,11.15,-0.3,635.0
2023-04-18,8176,538980.0,6210167.0,11.3,11.85,11.2,11.6,0.45,322.0
2023-04-19,8176,477600.0,5575269.0,11.85,12.05,11.5,11.5,-0.1,251.0
2023-04-20,8176,274205.0,3081954.0,11.7,11.7,11.1,11.2,-0.3,224.0
2023-04-21,8176,215464.0,2401049.0,11.4,11.4,11.0,11.2,0.0,149.0
2023-04-24,8176,175463.0,1986255.0,11.3,11.45,11.2,11.25,0.05,128.0
2023-04-25,8176,285678.0,3138365.0,11.2,11.3,10.9,10.9,-0.35,206.0
2023-04-26,8176,196403.0,2131140.0,10.9,11.0,10.75,10.85,-0.05,125.0
2023-04-27,8176,113488.0,1246307.0,11.05,11.1,10.8,11.0,0.15,94.0
2023-04-28,8176,181880.0,1990705.0,11.0,11.1,10.8,11.0,0.0,147.0
2023-05-02,8176,145230.0,1606509.0,11.0,11.15,11.0,11.05,0.05,135.0
2023-05-03,8176,112925.0,1248467.0,11.25,11.25,11.0,11.05,0.0,88.0
2023-05-04,8176,140108.0,1546451.0,11.15,11.2,11.0,11.05,0.0,112.0
2023-05-05,8176,113599.0,1257683.0,11.05,11.1,11.05,11.1,0.05,103.0
2023-05-08,8176,134992.0,1475369.0,11.05,11.05,10.9,10.95,-0.15,137.0
2023-05-09,8176,245944.0,2632740.0,11.0,11.0,10.5,10.6,-0.35,199.0
2023-05-10,8176,164601.0,1733803.0,10.6,10.65,10.45,10.6,0.0,130.0
2023-05-11,8176,1166775.0,13568595.0,11.6,11.65,11.3,11.65,1.05,459.0
2023-05-12,8176,2149360.0,26173642.0,12.4,12.5,11.9,12.2,0.55,1172.0
2023-05-15,8176,648529.0,7672823.0,11.85,12.1,11.6,11.7,-0.5,404.0
2023-05-16,8176,362547.0,4268330.0,12.0,12.0,11.7,11.7,0.0,239.0
2023-05-17,8176,352184.0,4159880.0,11.75,11.95,11.7,11.7,0.0,234.0
2023-05-18,8176,389313.0,4594330.0,11.9,11.9,11.7,11.85,0.15,214.0
2023-05-19,8176,280615.0,3300777.0,12.0,12.0,11.6,11.65,-0.2,201.0
2023-05-22,8176,363526.0,4124922.0,11.55,11.6,11.15,11.55,-0.1,294.0
2023-05-23,8176,208777.0,2424987.0,11.7,11.7,11.45,11.5,-0.05,141.0
2023-05-24,8176,1392501.0,16901399.0,11.65,12.4,11.65,12.2,0.7,700.0
2023-05-25,8176,805508.0,9700513.0,12.25,12.3,11.7,12.2,0.0,450.0
2023-05-26,8176,431025.0,5107741.0,12.2,12.2,11.7,11.7,-0.5,271.0
2023-05-29,8176,413831.0,4880463.0,11.7,11.9,11.65,11.9,0.2,217.0
2023-05-30,8176,561515.0,6787815.0,12.05,12.2,11.95,12.1,0.2,312.0
2023-05-31,8176,367812.0,4418304.0,12.05,12.2,11.9,12.0,-0.1,219.0
2023-06-01,8176,554300.0,6471247.0,11.9,12.05,11.5,11.6,-0.4,358.0
2023-06-02,8176,313227.0,3676733.0,11.65,11.95,11.6,11.7,0.1,278.0
2023-06-05,8176,359275.0,4261978.0,11.75,11.95,11.75,11.95,0.25,278.0
2023-06-06,8176,166079.0,1964119.0,11.85,11.95,11.75,11.85,-0.1,205.0
2023-06-07,8176,302875.0,3630915.0,12.05,12.1,11.85,11.9,0.05,156.0
2023-06-08,8176,306666.0,3618164.0,12.0,12.0,11.65,11.7,-0.2,196.0
2023-06-09,8176,577402.0,6891411.0,11.8,12.1,11.7,11.85,0.15,284.0
2023-06-12,8176,604621.0,6932148.0,11.85,11.85,11.25,11.35,-0.5,388.0
2023-06-13,8176,203339.0,2319917.0,11.35,11.5,11.35,11.4,0.05,159.0
2023-06-14,8176,330036.0,3706791.0,11.5,11.55,11.1,11.4,0.0,214.0
2023-06-15,8176,197691.0,2226741.0,11.35,11.4,11.2,11.25,-0.15,262.0
2023-06-16,8176,368100.0,4175047.0,11.25,11.6,11.15,11.35,0.1,221.0
2023-06-19,8176,118332.0,1348602.0,11.45,11.5,11.3,11.3,-0.05,111.0
2023-06-20,8176,157951.0,1785434.0,11.25,11.45,11.15,11.3,0.0,149.0
2023-06-21,8176,146676.0,1659660.0,11.4,11.4,11.2,11.3,0.0,107.0
2023-06-26,8176,179131.0,2016696.0,11.3,11.4,11.1,11.25,-0.05,177.0
2023-06-27,8176,221514.0,2492834.0,11.35,11.4,11.1,11.25,0.0,175.0
2023-06-28,8176,158640.0,1793128.0,11.4,11.4,11.2,11.4,0.15,113.0
2023-06-29,8176,196634.0,2273192.0,11.75,11.75,11.45,11.5,0.1,135.0
2023-06-30,8176,114631.0,1319880.0,11.5,11.65,11.45,11.5,0.0,96.0
2023-07-03,8176,179950.0,2071455.0,11.55,11.7,11.4,11.5,0.0,142.0
2023-07-04,8176,311446.0,3589280.0,11.7,11.7,11.45,11.6,0.1,129.0
2023-07-05,8176,1065124.0,12866821.0,11.75,12.4,11.6,12.2,0.6,601.0
2023-07-06,8176,549114.0,6617330.0,12.15,12.35,11.7,12.15,-0.05,367.0
2023-07-07,8176,229821.0,2731186.0,12.1,12.1,11.8,11.85,-0.3,175.0
2023-07-10,8176,255502.0,3039690.0,11.9,12.05,11.8,11.8,-0.05,169.0
2023-07-11,8176,276065.0,3200338.0,11.7,11.7,11.45,11.55,-0.25,183.0
2023-07-12,8176,891087.0,10931653.0,11.55,12.7,11.5,12.05,0.5,530.0
2023-07-13,8176,483841.0,5789807.0,12.1,12.15,11.8,11.9,-0.15,299.0
2023-07-14,8176,345934.0,4187111.0,11.9,12.4,11.85,12.15,0.25,232.0
2023-07-17,8176,448066.0,5489701.0,12.3,12.35,12.1,12.2,0.05,273.0
2023-07-18,8176,2236847.0,29190358.0,12.35,13.4,12.35,13.4,1.2,998.0
2023-07-19,8176,2259814.0,29689507.0,13.4,13.8,12.55,12.75,-0.65,1122.0
2023-07-20,8176,763071.0,9424822.0,12.2,12.7,12.0,12.2,-0.55,492.0
2023-07-21,8176,616638.0,7841626.0,12.15,13.2,12.15,12.5,0.3,397.0
2023-07-24,8176,554167.0,6777901.0,12.55,12.55,12.05,12.05,-0.45,335.0
2023-07-25,8176,435777.0,5361768.0,12.35,12.6,12.0,12.4,0.35,274.0
2023-07-26,8176,349861.0,4269702.0,12.5,12.5,12.0,12.15,-0.25,240.0
2023-07-27,8176,295097.0,3613693.0,12.3,12.45,12.05,12.3,0.15,173.0
2023-07-28,8176,193699.0,2391209.0,12.3,12.45,12.25,12.35,0.05,126.0
2023-07-31,8176,430045.0,5324202.0,12.5,12.55,12.15,12.15,-0.2,232.0
2023-08-01,8176,478174.0,5641339.0,12.3,12.3,11.45,11.95,-0.2,301.0
2023-08-02,8176,225664.0,2636635.0,11.65,11.9,11.55,11.7,-0.25,197.0
2023-08-04,8176,125692.0,1460669.0,11.8,11.8,11.5,11.65,-0.05,100.0
2023-08-07,8176,279069.0,3176212.0,11.6,11.6,11.25,11.4,-0.25,206.0
2023-08-08,8176,56730.0,653518.0,11.4,11.65,11.4,11.55,0.15,63.0
2023-08-09,8176,93820.0,1074775.0,11.55,11.6,11.4,11.4,-0.15,66.0
2023-08-10,8176,333205.0,3696275.0,11.6,11.6,11.0,11.1,-0.3,220.0
2023-08-11,8176,114578.0,1266515.0,11.1,11.15,11.0,11.0,-0.1,93.0
2023-08-14,8176,122004.0,1332827.0,11.0,11.05,10.8,10.85,-0.15,98.0
2023-08-15,8176,135259.0,1460086.0,10.95,11.05,10.5,11.0,0.15,117.0
2023-08-16,8176,55678.0,603919.0,11.05,11.05,10.75,10.9,-0.1,54.0
2023-08-17,8176,107785.0,1186735.0,10.95,11.25,10.9,11.2,0.3,99.0
2023-08-18,8176,68904.0,760631.0,11.0,11.15,10.9,11.05,-0.15,80.0
2023-08-21,8176,50622.0,561835.0,11.25,11.25,11.0,11.1,0.05,70.0
2023-08-22,8176,115283.0,1248372.0,11.2,11.2,10.55,10.75,-0.35,143.0
2023-08-23,8176,98415.0,1093320.0,10.9,11.25,10.75,11.1,0.35,93.0
2023-08-24,8176,72362.0,794725.0,11.0,11.2,10.75,10.9,-0.2,70.0
2023-08-25,8176,98613.0,1075884.0,10.7,11.0,10.7,11.0,0.1,75.0
2023-08-28,8176,36619.0,408791.0,11.4,11.4,10.85,11.0,0.0,45.0
2023-08-29,8176,75176.0,807454.0,11.2,11.2,10.6,11.0,0.0,69.0
2023-08-30,8176,93284.0,1016600.0,10.85,11.0,10.75,10.95,-0.05,92.0
2023-08-31,8176,46969.0,516918.0,10.95,11.1,10.85,11.0,0.05,46.0
2023-09-01,8176,216934.0,2461866.0,11.0,11.9,11.0,11.55,0.55,158.0
2023-09-04,8176,156080.0,1766117.0,11.35,11.5,11.2,11.35,-0.2,147.0
2023-09-05,8176,91631.0,1040069.0,11.35,11.6,11.25,11.4,0.05,99.0
2023-09-06,8176,118874.0,1351546.0,11.45,11.45,11.25,11.45,0.05,108.0
2023-09-07,8176,82399.0,935565.0,11.25,11.45,11.25,11.4,-0.05,81.0
2023-09-08,8176,108245.0,1213174.0,11.4,11.4,11.05,11.3,-0.1,102.0
2023-09-11,8176,317542.0,3653195.0,11.5,11.65,11.3,11.6,0.3,194.0
2023-09-12,8176,256379.0,2996754.0,11.75,11.8,11.55,11.7,0.1,159.0
2023-09-13,8176,95724.0,1109753.0,11.7,11.7,11.5,11.65,-0.05,101.0
2023-09-14,8176,85657.0,995513.0,11.7,11.7,11.55,11.65,0.0,87.0
2023-09-15,8176,276750.0,3251800.0,11.8,11.8,11.65,11.7,0.05,133.0
2023-09-18,8176,141581.0,1649232.0,11.75,11.75,11.5,11.55,-0.15,101.0
2023-09-19,8176,131417.0,1502847.0,11.65,11.65,11.3,11.5,-0.05,108.0
2023-09-20,8176,211012.0,2469825.0,11.9,11.9,11.55,11.6,0.1,128.0
2023-09-21,8176,72977.0,830163.0,11.45,11.6,11.3,11.5,-0.1,98.0
2023-09-22,8176,54450.0,623060.0,11.5,11.5,11.3,11.5,0.0,61.0
2023-09-25,8176,67890.0,774171.0,11.55,11.6,11.35,11.45,-0.05,87.0
2023-09-26,8176,87197.0,973850.0,11.3,11.4,11.0,11.2,-0.25,111.0
2023-09-27,8176,31478.0,354777.0,11.3,11.3,11.2,11.25,0.05,47.0
2023-09-28,8176,61617.0,687469.0,11.35,11.35,11.1,11.2,-0.05,77.0
2023-10-02,8176,50006.0,558227.0,11.35,11.35,11.1,11.25,0.05,60.0
2023-10-03,8176,94238.0,1049113.0,11.1,11.25,11.1,11.1,-0.15,79.0
2023-10-04,8176,171851.0,1885364.0,11.0,11.05,10.9,10.9,-0.2,113.0
2023-10-05,8176,276097.0,3042014.0,11.0,11.25,10.8,11.05,0.15,145.0
2023-10-06,8176,394205.0,4334387.0,11.05,11.05,10.9,11.0,-0.05,146.0
2023-10-11,8176,771290.0,9332593.0,12.1,12.1,12.1,12.1,1.1,280.0
2023-10-12,8176,2679601.0,34713283.0,13.2,13.2,12.5,12.85,0.75,1018.0
2023-10-13,8176,2812353.0,37285361.0,12.75,13.7,12.55,13.4,0.55,1234.0
2023-10-16,8176,1626226.0,21577435.0,13.25,13.55,13.0,13.4,0.0,918.0
2023-10-17,8176,5526337.0,80386200.0,13.7,14.7,13.5,14.7,1.3,1844.0
2023-10-18,8176,3767307.0,52548047.0,14.6,14.6,13.25,14.6,-0.1,1647.0
2023-10-19,8176,6105865.0,94330305.0,13.6,16.05,13.6,16.05,1.45,2388.0
2023-10-20,8176,6897642.0,116025527.0,16.25,17.6,15.65,17.5,1.45,3239.0
2023-10-23,8176,5645160.0,98220266.0,18.9,19.0,16.5,17.25,-0.25,2698.0
2023-10-24,8176,3961676.0,64375809.0,16.75,16.9,15.6,16.5,-0.75,1988.0
2023-10-25,8176,4952098.0,84436631.0,16.3,18.15,16.0,18.15,1.65,2398.0
2023-10-26,8176,4335457.0,78131158.0,17.9,18.85,17.3,18.05,-0.1,2210.0
2023-10-27,8176,3099966.0,53525781.0,17.5,17.9,16.7,16.8,-1.25,1742.0
2023-10-30,8176,2224850.0,36076270.0,16.5,16.95,15.8,15.95,-0.85,1270.0
2023-10-31,8176,1663390.0,26806134.0,16.2,16.5,15.75,16.3,0.35,1033.0
2023-11-01,8176,1747000.0,27622281.0,16.15,16.4,15.25,15.7,-0.6,962.0
2023-11-02,8176,1978963.0,30717577.0,15.95,16.25,15.0,15.3,-0.4,1093.0
2023-11-03,8176,1154183.0,17519695.0,15.4,15.5,15.0,15.0,-0.3,752.0
2023-11-06,8176,4595629.0,74880313.0,15.0,16.5,14.95,16.5,1.5,1538.0
2023-11-07,8176,3039066.0,47998988.0,15.65,16.2,15.6,15.85,-0.65,1486.0
2023-11-08,8176,1369085.0,21809824.0,15.85,16.3,15.65,15.9,0.05,801.0
2023-11-09,8176,2490269.0,37273259.0,15.6,15.9,14.55,14.55,-1.35,1407.0
2023-11-10,8176,1407528.0,19781662.0,14.55,14.6,13.6,14.1,-0.45,787.0
2023-11-13,8176,2341945.0,31146806.0,12.9,14.1,12.8,13.7,-0.4,1035.0
2023-11-14,8176,1214529.0,16596003.0,13.45,14.05,13.3,13.85,0.15,573.0
2023-11-15,8176,763088.0,10804961.0,13.95,14.3,13.95,14.2,0.35,436.0
2023-11-16,8176,1767420.0,26558920.0,14.3,15.5,14.25,15.3,1.1,1026.0
2023-11-17,8176,1114566.0,16670127.0,15.3,15.3,14.65,14.9,-0.4,702.0
2023-11-20,8176,685064.0,10135211.0,15.0,15.15,14.65,14.8,-0.1,409.0
2023-11-21,8176,634245.0,9477308.0,14.85,15.15,14.8,14.85,0.05,397.0
2023-11-22,8176,1533699.0,23880288.0,15.15,15.9,14.95,15.85,1.0,935.0
2023-11-23,8176,1332763.0,20519936.0,15.8,15.85,15.1,15.3,-0.55,728.0
2023-11-24,8176,875242.0,13135916.0,15.3,15.4,14.7,14.8,-0.5,484.0
2023-11-27,8176,487402.0,7165086.0,14.95,15.15,14.4,14.4,-0.4,356.0
2023-11-28,8176,536204.0,7759109.0,14.7,14.7,14.35,14.5,0.1,281.0
2023-11-29,8176,424696.0,6143077.0,14.75,14.75,14.3,14.4,-0.1,253.0
2023-11-30,8176,447089.0,6462052.0,14.45,14.7,14.35,14.35,-0.05,279.0
2023-12-01,8176,990368.0,14858044.0,14.5,15.4,14.5,15.25,0.9,609.0
2023-12-04,8176,632322.0,9599544.0,15.2,15.45,14.85,15.05,-0.2,398.0
2023-12-05,8176,538657.0,7944509.0,15.05,15.1,14.65,14.7,-0.35,350.0
2023-12-06,8176,1011955.0,15385599.0,14.7,15.5,14.7,15.15,0.45,519.0
2023-12-07,8176,623060.0,9485716.0,15.2,15.45,14.95,15.0,-0.15,373.0
2023-12-08,8176,801228.0,12170397.0,15.05,15.5,14.8,15.4,0.4,443.0
2023-12-11,8176,1534231.0,22124307.0,15.1,15.1,14.15,14.55,-0.85,847.0
2023-12-12,8176,509920.0,7447447.0,14.55,14.8,14.35,14.75,0.2,341.0
2023-12-13,8176,383901.0,5640653.0,14.8,14.9,14.55,14.75,0.0,248.0
2023-12-14,8176,469715.0,7027364.0,14.65,15.3,14.65,14.9,0.15,299.0
2023-12-15,8176,365798.0,5358297.0,15.0,15.05,14.5,14.55,-0.35,263.0
2023-12-18,8176,228903.0,3358577.0,14.55,14.85,14.4,14.55,0.0,197.0
2023-12-19,8176,409386.0,5818106.0,14.75,14.75,14.0,14.2,-0.35,323.0
2023-12-20,8176,172829.0,2476695.0,14.2,14.45,14.2,14.3,0.1,148.0
2023-12-21,8176,195813.0,2791778.0,14.35,14.45,14.1,14.3,0.0,148.0
2023-12-22,8176,350580.0,4950339.0,14.45,14.45,14.0,14.05,-0.25,209.0
2023-12-25,8176,527896.0,7335048.0,14.25,14.25,13.65,13.75,-0.3,334.0
2023-12-26,8176,150985.0,2097745.0,13.85,13.95,13.8,13.95,0.2,140.0
2023-12-27,8176,269678.0,3830778.0,13.95,14.5,13.95,14.2,0.25,204.0
2023-12-28,8176,220951.0,3123372.0,14.2,14.25,14.05,14.05,-0.15,157.0
2023-12-29,8176,197126.0,2776694.0,13.95,14.2,13.95,14.2,0.15,145.0
2024-01-02,8176,238961.0,3347174.0,14.2,14.2,13.9,14.1,-0.1,175.0
2024-01-03,8176,231248.0,3220776.0,14.1,14.1,13.85,13.95,-0.15,172.0
2024-01-04,8176,260931.0,3615950.0,13.95,14.0,13.8,13.95,0.0,155.0
2024-01-05,8176,147585.0,2042167.0,13.95,13.95,13.75,13.8,-0.15,170.0
2024-01-08,8176,125790.0,1740650.0,14.0,14.0,13.75,13.8,0.0,121.0
2024-01-09,8176,213994.0,2955943.0,13.85,14.0,13.65,13.7,-0.1,159.0
2024-01-10,8176,290569.0,3919003.0,13.6,13.75,13.4,13.5,-0.2,204.0
2024-01-11,8176,1700893.0,25080608.0,13.8,14.85,13.75,14.85,1.35,723.0
2024-01-12,8176,5216840.0,79656167.0,15.0,15.8,14.65,14.7,-0.15,2282.0
2024-01-15,8176,1468079.0,20843144.0,14.3,14.6,13.8,14.4,-0.3,862.0
2024-01-16,8176,1070520.0,15158868.0,14.45,14.5,14.0,14.0,-0.4,504.0
2024-01-17,8176,673892.0,9344379.0,14.2,14.2,13.7,13.7,-0.3,382.0
2024-01-18,8176,589085.0,8079216.0,14.1,14.1,13.6,13.65,-0.05,296.0
2024-01-19,8176,443055.0,6114554.0,13.8,14.0,13.65,13.75,0.1,286.0
2024-01-22,8176,458660.0,6394659.0,13.75,14.15,13.75,13.95,0.2,282.0
2024-01-23,8176,277115.0,3909255.0,13.9,14.35,13.85,14.1,0.15,180.0
2024-01-24,8176,414256.0,5910330.0,14.3,14.5,14.05,14.4,0.3,278.0
2024-01-25,8176,380555.0,5398194.0,14.45,14.5,14.1,14.1,-0.3,256.0
2024-01-26,8176,281359.0,3949562.0,14.25,14.25,13.95,13.95,-0.15,208.0
2024-01-29,8176,234072.0,3272256.0,14.0,14.1,13.85,14.0,0.05,196.0
2024-01-30,8176,251885.0,3518985.0,14.0,14.05,13.9,14.0,0.0,172.0
2024-01-31,8176,258249.0,3634417.0,13.95,14.25,13.95,14.05,0.05,203.0
2024-02-01,8176,222384.0,3121734.0,14.15,14.15,13.95,14.0,-0.05,174.0
2024-02-02,8176,964220.0,13995472.0,14.1,15.0,14.0,14.4,0.4,536.0
2024-02-05,8176,528448.0,7416918.0,14.4,14.4,13.9,14.0,-0.4,366.0
2024-02-15,8176,447134.0,6142504.0,14.0,14.0,13.4,13.8,-0.2,314.0
2024-02-16,8176,462878.0,6521765.0,13.8,14.3,13.75,14.3,0.5,343.0
2024-02-19,8176,812195.0,11879938.0,14.35,14.9,14.25,14.85,0.55,556.0
2024-02-20,8176,508571.0,7494950.0,14.95,14.95,14.55,14.8,-0.05,365.0
2024-02-21,8176,1037189.0,15679836.0,14.8,15.45,14.8,15.15,0.35,608.0
2024-02-22,8176,1320852.0,20235112.0,15.15,15.55,15.05,15.55,0.4,672.0
2024-02-23,8176,783140.0,12059740.0,15.9,15.9,15.2,15.3,-0.25,489.0
2024-02-26,8176,713125.0,11110117.0,15.5,15.75,15.35,15.5,0.2,534.0
2024-02-27,8176,673861.0,10183787.0,15.75,15.75,14.75,15.1,-0.4,432.0
2024-02-29,8176,277876.0,4181852.0,14.95,15.25,14.95,15.0,-0.1,294.0
2024-03-01,8176,290712.0,4339016.0,15.1,15.2,14.8,15.0,0.0,271.0
2024-03-04,8176,320452.0,4786567.0,14.85,15.1,14.85,15.05,0.05,285.0
2024-03-05,8176,541212.0,8223383.0,15.1,15.75,14.9,15.1,0.05,349.0
2024-03-06,8176,268234.0,4011915.0,14.85,15.15,14.85,15.0,-0.1,233.0
2024-03-07,8176,710352.0,10426846.0,15.1,15.1,14.3,14.65,-0.35,421.0
2024-03-08,8176,266795.0,3881737.0,14.8,14.85,14.4,14.6,-0.05,439.0
2024-03-11,8176,326366.0,4715765.0,14.4,14.6,14.35,14.45,-0.15,404.0
2024-03-12,8176,305663.0,4393402.0,14.45,14.7,14.1,14.2,-0.25,342.0
2024-03-13,8176,463413.0,6473382.0,14.4,14.5,13.75,13.8,-0.4,400.0
2024-03-14,8176,262640.0,3620990.0,13.95,14.0,13.6,13.8,0.0,244.0
2024-03-15,8176,330640.0,4625042.0,13.9,14.35,13.8,13.9,0.1,254.0
2024-03-18,8176,261366.0,3584295.0,14.0,14.0,13.6,13.75,-0.15,370.0
2024-03-19,8176,344864.0,4676822.0,13.85,13.85,13.4,13.55,-0.2,367.0
2024-03-20,8176,139739.0,1898009.0,13.55,13.7,13.5,13.5,-0.05,306.0
2024-03-21,8176,111613.0,1509813.0,13.7,13.7,13.45,13.5,0.0,419.0
2024-03-22,8176,265466.0,3699327.0,13.55,14.1,13.55,13.95,0.45,304.0
2024-03-25,8176,200962.0,2785143.0,13.75,14.1,13.7,13.85,-0.1,208.0
2024-03-26,8176,255150.0,3499766.0,14.0,14.0,13.55,13.6,-0.25,189.0
2024-03-27,8176,89004.0,1230551.0,13.6,13.95,13.6,13.9,0.3,111.0
2024-03-28,8176,172775.0,2386270.0,13.9,14.0,13.7,14.0,0.1,129.0
2024-03-29,8176,91187.0,1262114.0,13.9,13.95,13.8,13.8,-0.2,89.0
2024-04-01,8176,108738.0,1503818.0,13.85,13.95,13.7,13.75,-0.05,157.0
2024-04-02,8176,102153.0,1403815.0,13.75,13.85,13.65,13.8,0.05,92.0
2024-04-03,8176,82218.0,1122024.0,13.7,13.8,13.5,13.75,-0.05,102.0
2024-04-08,8176,195621.0,2745407.0,13.9,14.4,13.75,14.15,0.4,203.0
2024-04-09,8176,271559.0,3828607.0,14.15,14.25,13.95,14.2,0.05,175.0
2024-04-10,8176,336744.0,4813417.0,14.25,14.5,14.05,14.3,0.1,191.0
2024-04-11,8176,618026.0,9053384.0,14.95,14.95,14.4,14.55,0.25,352.0
2024-04-12,8176,180200.0,2610873.0,14.75,14.75,14.35,14.45,-0.1,194.0
2024-04-15,8176,164552.0,2364830.0,14.2,14.55,14.2,14.3,-0.15,156.0
2024-04-16,8176,203173.0,2838528.0,14.4,14.4,13.8,13.9,-0.4,176.0
2024-04-17,8176,89331.0,1252162.0,14.15,14.15,13.95,14.05,0.15,88.0
2024-04-18,8176,200626.0,2808004.0,13.95,14.2,13.9,13.9,-0.15,132.0
2024-04-19,8176,342922.0,4688514.0,13.9,14.1,13.4,13.6,-0.3,208.0
2024-04-22,8176,251158.0,3438886.0,13.75,14.0,13.55,13.75,0.15,145.0
2024-04-23,8176,73006.0,1008493.0,13.8,14.1,13.65,13.9,0.15,96.0
2024-04-24,8176,124000.0,1729489.0,14.1,14.1,13.85,13.9,0.0,182.0
2024-04-25,8176,100158.0,1394121.0,14.0,14.05,13.8,13.85,-0.05,97.0
2024-04-26,8176,85204.0,1189996.0,14.1,14.1,13.9,14.0,0.15,145.0
2024-04-29,8176,147651.0,2070007.0,14.1,14.15,13.9,14.15,0.15,177.0
2024-04-30,8176,220305.0,3143322.0,14.25,14.45,14.1,14.35,0.2,201.0
2024-05-02,8176,200663.0,2882265.0,14.35,14.5,14.25,14.35,0.0,220.0
2024-05-03,8176,134514.0,1926629.0,14.5,14.5,14.25,14.3,-0.05,96.0
2024-05-06,8176,149020.0,2144289.0,14.5,14.5,14.25,14.3,0.0,170.0
2024-05-07,8176,111334.0,1601010.0,14.3,14.55,14.25,14.3,0.0,114.0
2024-05-08,8176,150833.0,2153428.0,14.3,14.35,14.2,14.3,0.0,109.0
2024-05-09,8176,138349.0,1970373.0,14.3,14.4,14.15,14.2,-0.1,115.0
2024-05-10,8176,161803.0,2277290.0,14.3,14.3,14.0,14.1,-0.1,107.0
2024-05-13,8176,324468.0,4488035.0,14.0,14.0,13.75,13.85,-0.25,208.0
2024-05-14,8176,102592.0,1432988.0,13.8,14.2,13.8,13.9,0.05,118.0
2024-05-15,8176,160912.0,2229918.0,13.95,14.0,13.8,13.9,0.0,134.0
2024-05-16,8176,81497.0,1133005.0,13.9,13.95,13.85,13.9,0.0,84.0
2024-05-17,8176,306876.0,4323766.0,14.0,14.25,13.9,14.0,0.1,194.0
2024-05-20,8176,112430.0,1576751.0,14.0,14.15,14.0,14.0,0.0,141.0
2024-05-21,8176,107170.0,1502525.0,14.05,14.15,14.0,14.0,0.0,106.0
2024-05-22,8176,383987.0,5339381.0,14.0,14.1,13.85,13.95,-0.05,172.0
2024-05-23,8176,257850.0,3634885.0,14.1,14.2,14.0,14.1,0.15,209.0
2024-05-24,8176,140935.0,1971591.0,13.95,14.1,13.95,14.0,-0.1,122.0
2024-05-27,8176,259237.0,3640770.0,14.1,14.15,14.0,14.0,0.0,152.0
2024-05-28,8176,265016.0,3743981.0,14.05,14.2,14.05,14.2,0.2,185.0
2024-05-29,8176,378750.0,5422414.0,14.25,14.4,14.2,14.35,0.15,255.0
2024-05-30,8176,171479.0,2442030.0,14.35,14.35,14.2,14.2,-0.15,121.0
2024-05-31,8176,313266.0,4427396.0,14.35,14.35,14.05,14.15,-0.05,194.0
2024-06-03,8176,193707.0,2759458.0,14.2,14.3,14.2,14.25,0.1,132.0
2024-06-04,8176,158284.0,2256573.0,14.25,14.3,14.15,14.2,-0.05,130.0
2024-06-05,8176,212212.0,3013833.0,14.2,14.3,14.1,14.1,-0.1,119.0
2024-06-06,8176,163791.0,2322923.0,14.3,14.3,14.1,14.1,0.0,122.0
2024-06-07,8176,215226.0,3035075.0,14.15,14.25,14.0,14.1,0.0,119.0
2024-06-11,8176,130428.0,1841103.0,14.15,14.2,14.05,14.05,-0.05,123.0
2024-06-12,8176,116257.0,1631736.0,14.1,14.1,14.0,14.0,-0.05,98.0
2024-06-13,8176,139468.0,1959160.0,14.0,14.1,14.0,14.05,0.05,98.0
2024-06-14,8176,441518.0,6364770.0,14.05,14.6,14.05,14.45,0.4,276.0
2024-06-17,8176,276489.0,4013471.0,14.65,14.65,14.4,14.45,0.0,210.0
2024-06-18,8176,367951.0,5257195.0,14.5,14.55,14.05,14.4,-0.05,193.0
2024-06-19,8176,224512.0,3177744.0,14.4,14.4,14.0,14.15,-0.25,170.0
2024-06-20,8176,153981.0,2183335.0,14.15,14.3,14.05,14.15,0.0,105.0
2024-06-21,8176,378587.0,5483641.0,14.25,14.65,14.2,14.65,0.5,241.0
2024-06-24,8176,1563039.0,23854096.0,14.9,15.7,14.85,15.3,0.65,912.0
2024-06-25,8176,590466.0,8862936.0,14.95,15.5,14.8,15.15,-0.15,390.0
2024-06-26,8176,377596.0,5780122.0,15.25,15.55,15.1,15.2,0.05,323.0
2024-06-27,8176,465570.0,7081280.0,15.2,15.5,14.9,15.3,0.1,285.0
2024-06-28,8176,3525730.0,57810276.0,15.3,16.8,15.3,16.8,1.5,1807.0
2024-07-01,8176,3289735.0,55244764.0,16.6,17.55,16.05,17.3,0.5,1926.0
2024-07-02,8176,1318832.0,22008226.0,16.8,17.15,16.3,16.8,-0.5,918.0
2024-07-03,8176,692801.0,11667044.0,17.0,17.05,16.7,16.85,0.05,446.0
2024-07-04,8176,1108626.0,18267828.0,16.9,16.95,16.05,16.4,-0.45,722.0
2024-07-05,8176,1204183.0,20154850.0,16.85,17.2,16.3,16.55,0.15,717.0
2024-07-08,8176,901424.0,14639454.0,16.55,16.8,16.05,16.1,-0.45,541.0
2024-07-09,8176,2479317.0,37702924.0,16.2,16.25,14.6,15.3,-0.8,1113.0
2024-07-10,8176,570084.0,8905601.0,15.4,15.85,15.3,15.6,0.3,345.0
2024-07-11,8176,416469.0,6600366.0,15.75,16.15,15.55,15.8,0.2,294.0
2024-07-12,8176,367289.0,5752917.0,15.8,15.95,15.45,15.65,-0.15,262.0
2024-07-15,8176,535556.0,8250259.0,15.65,15.85,15.2,15.25,-0.4,311.0
2024-07-16,8176,311158.0,4774148.0,15.25,15.45,15.25,15.4,0.15,228.0
2024-07-17,8176,306486.0,4744055.0,15.8,15.8,15.35,15.4,0.0,200.0
2024-07-18,8176,409899.0,6203808.0,15.2,15.35,14.95,15.0,-0.4,278.0
2024-07-19,8176,479863.0,7089304.0,15.25,15.25,14.6,14.8,-0.2,361.0
2024-07-22,8176,1191175.0,18520141.0,15.05,16.25,14.5,16.25,1.45,569.0
2024-07-23,8176,1217682.0,19184719.0,16.1,16.1,15.35,15.7,-0.55,726.0
2024-07-26,8176,265571.0,4003793.0,15.0,15.5,14.85,15.05,-0.65,230.0
2024-07-29,8176,452338.0,6784533.0,15.05,15.4,14.8,14.85,-0.2,277.0
2024-07-30,8176,184548.0,2743247.0,14.8,15.1,14.65,15.1,0.25,134.0
2024-07-31,8176,144569.0,2168735.0,15.0,15.1,14.85,15.0,-0.1,109.0
2024-08-01,8176,183374.0,2778350.0,15.05,15.4,15.0,15.25,0.25,133.0
2024-08-02,8176,310290.0,4618306.0,15.0,15.15,14.8,14.95,-0.3,204.0
2024-08-05,8176,549221.0,7532701.0,14.4,14.45,13.5,13.5,-1.45,384.0
2024-08-06,8176,916029.0,11425759.0,13.5,13.5,12.15,12.65,-0.85,465.0
2024-08-07,8176,304563.0,4032331.0,12.65,13.7,12.65,13.2,0.55,255.0
2024-08-08,8176,162198.0,2158727.0,13.0,13.65,13.0,13.45,0.25,148.0
2024-08-09,8176,162417.0,2232411.0,13.8,13.95,13.6,13.7,0.25,141.0
2024-08-12,8176,147884.0,2012310.0,13.8,13.8,13.55,13.65,-0.05,110.0
2024-08-13,8176,73239.0,1004206.0,13.9,13.9,13.6,13.75,0.1,51.0
2024-08-14,8176,99971.0,1390502.0,13.85,14.0,13.8,13.85,0.1,92.0
2024-08-15,8176,120753.0,1655493.0,13.9,13.9,13.6,13.7,-0.15,106.0
2024-08-16,8176,94231.0,1303095.0,14.0,14.0,13.75,13.9,0.2,83.0
2024-08-19,8176,92040.0,1275182.0,13.75,14.0,13.6,13.9,0.0,83.0
2024-08-20,8176,139781.0,1955497.0,13.9,14.15,13.9,14.0,0.1,84.0
2024-08-21,8176,146695.0,2061889.0,14.0,14.25,13.85,14.25,0.25,108.0
2024-08-22,8176,55568.0,782877.0,14.25,14.25,14.05,14.15,-0.1,80.0
2024-08-23,8176,64483.0,902379.0,14.1,14.1,13.95,14.1,-0.05,65.0
2024-08-26,8176,116512.0,1653001.0,14.15,14.3,14.15,14.15,0.05,85.0
2024-08-27,8176,76432.0,1082480.0,14.2,14.25,14.05,14.2,0.05,96.0
2024-08-28,8176,321795.0,4676347.0,14.25,14.9,14.15,14.65,0.45,204.0
2024-08-29,8176,372613.0,5569149.0,14.45,15.1,14.45,15.1,0.45,323.0
2024-08-30,8176,303103.0,4508379.0,15.1,15.15,14.7,14.95,-0.15,162.0
2024-09-02,8176,116002.0,1738629.0,15.25,15.25,14.9,14.95,0.0,113.0
2024-09-03,8176,161750.0,2418069.0,14.9,15.05,14.9,14.95,0.0,87.0
2024-09-04,8176,234834.0,3408120.0,14.9,14.9,14.2,14.5,-0.45,144.0
2024-09-05,8176,122359.0,1779170.0,14.65,14.7,14.4,14.5,0.0,90.0
2024-09-06,8176,142112.0,2057752.0,14.7,14.7,14.35,14.6,0.1,89.0
2024-09-09,8176,154917.0,2272969.0,14.55,14.75,14.4,14.7,0.1,91.0
2024-09-10,8176,164105.0,2387896.0,14.75,14.95,14.3,14.45,-0.25,125.0
2024-09-11,8176,132482.0,1905494.0,14.45,14.6,14.25,14.45,0.0,92.0
2024-09-12,8176,104796.0,1516387.0,14.45,14.65,14.35,14.45,0.0,51.0
2024-09-13,8176,77299.0,1116078.0,14.6,14.6,14.3,14.45,0.0,62.0
2024-09-16,8176,111403.0,1615095.0,14.6,14.65,14.4,14.65,0.2,72.0
2024-09-18,8176,294687.0,4443669.0,14.7,15.5,14.7,14.95,0.3,204.0
2024-09-19,8176,139295.0,2080529.0,15.05,15.25,14.8,14.9,-0.05,129.0
2024-09-20,8176,228282.0,3386032.0,15.1,15.1,14.8,14.8,-0.1,100.0
2024-09-23,8176,418956.0,6354487.0,14.85,15.45,14.85,15.3,0.5,235.0
2024-09-24,8176,128948.0,1961613.0,15.35,15.35,15.05,15.3,0.0,114.0
2024-09-25,8176,168330.0,2569266.0,15.4,15.4,15.1,15.2,-0.1,141.0
2024-09-26,8176,221259.0,3337179.0,15.2,15.2,15.0,15.1,-0.1,116.0
2024-09-27,8176,233574.0,3525255.0,15.1,15.25,15.0,15.2,0.1,98.0
2024-09-30,8176,99714.0,1495122.0,15.15,15.15,14.85,15.05,-0.15,117.0
2024-10-01,8176,127629.0,1893843.0,14.65,15.15,14.65,15.05,0.0,89.0
2024-10-04,8176,120182.0,1790782.0,15.05,15.2,14.85,14.95,-0.1,82.0
2024-10-07,8176,175689.0,2615473.0,14.95,15.0,14.8,14.85,-0.1,116.0
2024-10-08,8176,2648970.0,42751415.0,15.05,16.3,14.85,16.3,1.45,1122.0
2024-10-09,8176,1112470.0,17697782.0,16.0,16.2,15.65,15.8,-0.5,641.0
2024-10-11,8176,1326336.0,22256569.0,17.0,17.1,16.5,16.75,0.95,803.0
2024-10-14,8176,1234369.0,21237711.0,17.1,17.55,16.85,17.25,0.5,906.0
2024-10-15,8176,1279018.0,21925477.0,17.5,17.7,16.4,16.55,-0.7,833.0
2024-10-16,8176,1012932.0,17371129.0,16.65,17.4,16.65,17.35,0.8,662.0
2024-10-17,8176,1169286.0,20157512.0,17.5,17.85,16.65,17.35,0.0,699.0
2024-10-18,8176,530409.0,8997589.0,17.25,17.35,16.8,17.2,-0.15,479.0
2024-10-21,8176,794502.0,14049846.0,17.5,18.2,17.2,17.4,0.2,646.0
2024-10-22,8176,3779111.0,70932250.0,17.2,19.1,17.0,19.1,1.7,1439.0
2024-10-23,8176,2374851.0,46044670.0,19.2,20.0,18.6,19.4,0.3,1655.0
2024-10-24,8176,1180364.0,22294114.0,19.1,19.4,18.6,18.75,-0.65,801.0
2024-10-25,8176,1014959.0,18852709.0,18.25,19.6,17.95,18.75,0.0,837.0
2024-10-28,8176,2379144.0,47379074.0,18.8,20.6,18.5,20.4,1.65,1437.0
2024-10-29,8176,3140040.0,59605345.0,20.3,20.35,18.4,18.4,-2.0,2267.0
2024-10-30,8176,3255183.0,55310980.0,17.45,17.7,16.6,16.8,-1.6,1624.0
2024-11-01,8176,1470613.0,23471598.0,15.8,16.55,15.25,15.95,-0.85,905.0
2024-11-04,8176,637923.0,10214814.0,16.15,16.3,15.7,15.7,-0.25,377.0
2024-11-05,8176,515714.0,8117650.0,15.5,16.05,15.5,15.65,-0.05,309.0
2024-11-06,8176,1320618.0,20123193.0,15.65,15.75,14.8,15.15,-0.5,695.0
2024-11-07,8176,500202.0,7637810.0,15.2,15.5,14.95,15.5,0.35,251.0
2024-11-08,8176,827788.0,12419188.0,15.4,15.4,14.8,14.85,-0.65,492.0
2024-11-11,8176,591006.0,8879458.0,15.0,15.1,14.75,15.05,0.2,252.0
2024-11-12,8176,881347.0,13812920.0,15.2,16.0,15.1,15.7,0.65,532.0
2024-11-13,8176,499558.0,7799911.0,15.85,15.85,15.4,15.6,-0.1,326.0
2024-11-14,8176,473845.0,7305355.0,15.45,15.9,15.15,15.15,-0.45,294.0
2024-11-15,8176,515372.0,7803529.0,15.5,15.5,14.95,15.15,0.0,274.0
2024-11-18,8176,445171.0,6565287.0,15.0,15.0,14.5,14.7,-0.45,303.0
2024-11-19,8176,260281.0,3867477.0,14.75,15.0,14.75,14.9,0.2,163.0
2024-11-20,8176,312944.0,4702568.0,15.05,15.3,14.8,14.8,-0.1,194.0
2024-11-21,8176,194486.0,2911940.0,14.85,15.1,14.8,15.0,0.2,127.0
2024-11-22,8176,198575.0,2989891.0,15.0,15.25,14.85,15.0,0.0,129.0
2024-11-25,8176,394230.0,6066042.0,15.0,15.65,15.0,15.5,0.5,266.0
2024-11-26,8176,123597.0,1880118.0,15.25,15.3,15.15,15.2,-0.3,131.0
2024-11-27,8176,309940.0,4643426.0,15.15,15.15,14.9,15.0,-0.2,180.0
2024-11-28,8176,288141.0,4320867.0,15.0,15.2,14.8,15.1,0.1,152.0
2024-11-29,8176,131928.0,2005171.0,15.15,15.4,15.0,15.35,0.25,114.0
2024-12-02,8176,98953.0,1503990.0,15.2,15.3,15.1,15.15,-0.2,98.0
2024-12-03,8176,640033.0,10162819.0,15.1,16.15,15.1,15.85,0.7,471.0
2024-12-04,8176,4184439.0,71307913.0,15.8,17.4,15.75,17.4,1.55,1975.0
2024-12-05,8176,3252919.0,53559350.0,17.1,17.55,15.75,17.4,0.0,1833.0
2024-12-06,8176,926887.0,15357930.0,16.75,17.2,16.25,16.6,-0.8,652.0
2024-12-09,8176,643004.0,10328542.0,16.4,16.55,15.75,16.25,-0.35,423.0
2024-12-10,8176,1009283.0,16932268.0,17.15,17.35,16.1,16.15,-0.1,591.0
2024-12-11,8176,538520.0,8655414.0,16.05,16.7,15.75,16.3,0.15,336.0
2024-12-12,8176,379554.0,6120354.0,16.3,16.45,16.0,16.0,-0.3,215.0
2024-12-13,8176,418106.0,6545696.0,16.0,16.0,15.45,15.45,-0.55,320.0
2024-12-16,8176,416436.0,6300215.0,15.45,15.45,14.85,15.1,-0.35,272.0
2024-12-17,8176,341610.0,5113370.0,15.1,15.35,14.75,14.9,-0.2,264.0
2024-12-18,8176,267614.0,4021545.0,14.95,15.5,14.75,15.1,0.2,158.0
2024-12-19,8176,116285.0,1747679.0,15.1,15.2,14.85,15.15,0.05,94.0
2024-12-20,8176,225793.0,3404164.0,15.1,15.25,14.95,15.0,-0.15,121.0
2024-12-23,8176,307466.0,4625936.0,15.0,15.3,14.9,15.0,0.0,185.0
2024-12-24,8176,344612.0,5125869.0,15.0,15.15,14.75,14.75,-0.25,257.0
2024-12-25,8176,166228.0,2488781.0,14.75,15.35,14.6,15.0,0.25,146.0
2024-12-26,8176,2104908.0,31951685.0,15.15,15.7,15.0,15.1,0.1,399.0
2024-12-27,8176,351641.0,5262259.0,15.1,15.3,14.8,14.8,-0.3,233.0
2024-12-30,8176,497583.0,7227027.0,14.6,14.8,14.35,14.35,-0.45,313.0
2024-12-31,8176,466668.0,6598094.0,14.15,14.35,13.95,14.15,-0.2,304.0
2025-01-02,8176,205006.0,2910214.0,14.3,14.6,14.0,14.1,-0.05,167.0
2025-01-03,8176,122058.0,1728210.0,14.15,14.3,14.05,14.1,0.0,89.0
2025-01-06,8176,123220.0,1733152.0,14.1,14.2,13.85,14.15,0.05,130.0
2025-01-07,8176,271924.0,3808947.0,14.2,14.2,13.9,14.0,-0.15,175.0
2025-01-08,8176,185490.0,2569307.0,13.9,13.95,13.8,13.8,-0.2,153.0
2025-01-09,8176,275367.0,3927379.0,13.85,14.55,13.8,14.25,0.45,214.0
2025-01-10,8176,210156.0,2972539.0,14.25,14.55,13.95,13.95,-0.3,176.0
2025-01-13,8176,651773.0,8750921.0,13.65,14.0,13.05,14.0,0.05,297.0
2025-01-14,8176,103074.0,1422495.0,13.6,14.05,13.6,13.9,-0.1,113.0
2025-01-15,8176,70039.0,968208.0,13.9,13.95,13.65,13.8,-0.1,104.0
2025-01-16,8176,127767.0,1805370.0,13.85,14.7,13.85,14.05,0.25,104.0
2025-01-17,8176,59771.0,840601.0,14.1,14.3,14.0,14.1,0.05,76.0
2025-01-20,8176,96238.0,1335946.0,13.85,14.0,13.8,13.85,-0.25,135.0
2025-01-21,8176,76922.0,1067199.0,13.9,14.0,13.8,13.85,0.0,70.0
2025-01-22,8176,94330.0,1306183.0,13.9,13.95,13.75,13.95,0.1,96.0
2025-02-03,8176,296606.0,4185475.0,13.9,14.5,13.7,14.4,0.45,135.0
2025-02-04,8176,65166.0,934492.0,14.3,14.5,14.3,14.3,-0.1,96.0
2025-02-05,8176,54027.0,776876.0,14.3,14.4,14.3,14.35,0.05,71.0
2025-02-06,8176,79982.0,1152870.0,14.35,14.5,14.3,14.45,0.1,76.0
2025-02-07,8176,136695.0,1994362.0,14.35,14.7,14.35,14.7,0.25,124.0
2025-02-10,8176,70917.0,1030200.0,14.6,14.75,14.35,14.6,-0.1,125.0
2025-02-11,8176,246956.0,3595982.0,14.65,14.95,14.1,14.4,-0.2,204.0
2025-02-12,8176,148470.0,2119524.0,14.4,14.4,14.15,14.25,-0.15,149.0
2025-02-13,8176,114039.0,1636365.0,14.2,14.45,14.2,14.4,0.15,104.0
2025-02-14,8176,126929.0,1852504.0,14.4,14.8,14.35,14.7,0.3,154.0
2025-02-17,8176,227114.0,3353487.0,14.65,15.0,14.5,14.8,0.1,228.0
2025-02-18,8176,61145.0,902417.0,14.8,14.8,14.7,14.8,0.0,144.0
2025-02-19,8176,93258.0,1384187.0,14.8,14.95,14.7,14.8,0.0,142.0
2025-02-20,8176,111091.0,1628246.0,14.8,14.9,14.6,14.6,-0.2,152.0
2025-02-21,8176,101728.0,1505772.0,14.85,14.9,14.7,14.75,0.15,128.0
2025-02-24,8176,113056.0,1648403.0,14.8,14.8,14.5,14.6,-0.15,158.0
2025-02-25,8176,53029.0,765227.0,14.5,14.55,14.35,14.4,-0.2,135.0
2025-02-26,8176,90062.0,1293557.0,14.4,14.45,14.25,14.35,-0.05,145.0
2025-02-27,8176,65446.0,939433.0,14.35,14.45,14.25,14.3,-0.05,170.0
2025-03-03,8176,78305.0,1106048.0,14.25,14.25,14.05,14.05,-0.25,135.0
2025-03-04,8176,284741.0,4007609.0,13.9,14.15,13.7,14.15,0.1,177.0
2025-03-05,8176,84675.0,1205350.0,14.15,14.4,14.15,14.4,0.25,143.0
2025-03-06,8176,564678.0,8479181.0,15.3,15.35,14.85,14.85,0.45,373.0
2025-03-07,8176,2972278.0,47823291.0,15.05,16.3,15.0,16.3,1.45,2189.0
2025-03-10,8176,1852768.0,30582966.0,16.45,17.0,16.15,16.15,-0.15,1298.0
2025-03-11,8176,1938314.0,28584376.0,14.9,15.15,14.55,15.05,-1.1,1104.0
2025-03-12,8176,2254675.0,34649145.0,15.05,16.15,14.5,15.5,0.45,781.0
2025-03-13,8176,952069.0,14604620.0,15.55,15.6,15.05,15.1,-0.4,383.0
2025-03-14,8176,694725.0,10809750.0,15.55,16.25,14.9,15.7,0.6,441.0
2025-03-17,8176,342170.0,5466475.0,16.35,16.35,15.8,15.9,0.2,355.0
2025-03-18,8176,274622.0,4268986.0,15.9,15.9,15.35,15.55,-0.35,349.0
2025-03-19,8176,215099.0,3324701.0,15.6,15.6,15.25,15.4,-0.15,269.0
2025-03-20,8176,155385.0,2387864.0,15.7,15.7,15.25,15.45,0.05,194.0
2025-03-21,8176,551629.0,8755004.0,15.7,16.5,15.45,15.55,0.1,507.0
2025-03-24,8176,230933.0,3580733.0,15.55,15.7,15.35,15.55,0.0,400.0
2025-03-25,8176,302318.0,4628114.0,15.7,15.7,15.1,15.5,-0.05,429.0
2025-03-26,8176,384857.0,5939363.0,15.45,15.65,15.25,15.5,0.0,501.0
2025-03-27,8176,192515.0,2984616.0,15.45,15.6,15.25,15.55,0.05,223.0
2025-03-28,8176,1185362.0,17333402.0,15.35,15.35,14.3,14.35,-1.2,603.0
2025-03-31,8176,440962.0,6105739.0,14.15,14.2,13.75,13.95,-0.4,311.0
2025-04-01,8176,447452.0,6365451.0,14.5,14.5,14.0,14.2,0.25,217.0
2025-04-02,8176,1091438.0,15234571.0,14.2,14.35,13.7,13.8,-0.4,345.0
2025-04-07,8176,45728.0,569265.0,12.45,12.45,12.45,12.45,-1.35,133.0
2025-04-08,8176,780287.0,8808458.0,11.3,11.5,11.25,11.35,-1.1,414.0
2025-04-09,8176,887796.0,9533946.0,11.8,11.8,10.25,10.25,-1.1,421.0
2025-04-10,8176,519690.0,5834889.0,11.2,11.25,10.85,11.25,1.0,253.0
2025-04-11,8176,563933.0,5977082.0,10.5,10.95,10.3,10.6,-0.65,318.0
2025-04-14,8176,305751.0,3285003.0,10.6,10.9,10.6,10.9,0.3,205.0
2025-04-15,8176,274271.0,3142213.0,11.05,11.75,10.9,11.65,0.75,208.0
2025-04-16,8176,168879.0,1921293.0,11.5,11.6,11.2,11.25,-0.4,134.0
2025-04-17,8176,999551.0,10686722.0,11.15,11.2,10.4,10.4,-0.85,485.0
2025-04-18,8176,344874.0,3608842.0,10.7,10.75,10.3,10.6,0.2,242.0
2025-04-21,8176,261348.0,2713539.0,10.65,10.65,10.3,10.3,-0.3,137.0
2025-04-22,8176,182151.0,1872436.0,10.5,10.5,10.15,10.3,0.0,168.0
2025-04-23,8176,734225.0,7613372.0,10.45,10.6,10.3,10.5,0.2,244.0
2025-04-24,8176,541718.0,5778745.0,10.5,11.1,10.45,10.6,0.1,231.0
2025-04-25,8176,555033.0,6131345.0,10.7,11.25,10.7,11.2,0.6,333.0
2025-04-28,8176,361861.0,4068510.0,11.2,11.4,11.15,11.25,0.05,206.0
2025-04-29,8176,608470.0,7213725.0,11.4,12.3,11.3,12.0,0.75,356.0
2025-04-30,8176,272932.0,3193612.0,12.0,12.0,11.6,11.7,-0.3,214.0
2025-05-02,8176,297071.0,3499969.0,11.55,11.9,11.55,11.75,0.05,155.0
2025-05-05,8176,293619.0,3309826.0,11.8,11.8,11.0,11.15,-0.6,199.0
2025-05-06,8176,146956.0,1677370.0,11.1,11.55,11.1,11.45,0.3,104.0
2025-05-07,8176,146829.0,1664732.0,11.4,11.5,11.25,11.4,-0.05,104.0
2025-05-08,8176,214183.0,2534461.0,11.8,12.0,11.55,11.95,0.55,135.0
2025-05-09,8176,371402.0,4370015.0,11.95,11.95,11.65,11.7,-0.25,207.0
2025-05-12,8176,373992.0,4155574.0,11.35,11.35,10.85,11.2,-0.5,339.0
2025-05-13,8176,267741.0,2998947.0,11.3,11.35,11.1,11.2,0.0,151.0
2025-05-14,8176,185728.0,2086276.0,11.1,11.4,11.1,11.35,0.15,102.0
2025-05-15,8176,273314.0,3038473.0,11.3,11.3,11.05,11.05,-0.3,220.0
2025-05-16,8176,315040.0,3467276.0,11.05,11.15,10.95,11.0,-0.05,208.0
2025-05-19,8176,87324.0,960492.0,11.15,11.15,10.85,10.95,-0.05,89.0
2025-05-20,8176,296191.0,3200364.0,10.9,11.0,10.55,10.75,-0.2,161.0
2025-05-21,8176,214086.0,2326623.0,10.65,10.95,10.6,10.85,0.1,119.0
2025-05-22,8176,288421.0,3052900.0,10.85,10.85,10.5,10.65,-0.2,213.0
2025-05-23,8176,186839.0,1978038.0,10.65,10.8,10.5,10.65,0.0,129.0
2025-05-26,8176,111857.0,1185889.0,10.65,10.85,10.5,10.75,0.1,98.0
2025-05-27,8176,96817.0,1031832.0,10.75,10.8,10.6,10.65,-0.1,101.0
2025-05-28,8176,94677.0,1017713.0,10.9,10.9,10.7,10.7,0.05,109.0
2025-05-29,8176,36596.0,390359.0,10.7,10.75,10.6,10.75,0.05,65.0
2025-06-02,8176,231461.0,2432551.0,10.75,10.9,10.35,10.4,-0.35,176.0
2025-06-03,8176,140242.0,1490958.0,10.6,10.75,10.5,10.75,0.35,646.0
2025-06-04,8176,242108.0,2687337.0,10.8,11.3,10.8,11.0,0.25,486.0
2025-06-05,8176,248158.0,2719850.0,11.25,11.3,10.8,10.8,-0.2,491.0
2025-06-06,8176,45007.0,487055.0,10.8,10.95,10.8,10.8,0.0,219.0
2025-06-09,8176,139873.0,1490236.0,10.8,10.8,10.55,10.65,-0.15,278.0
2025-06-10,8176,114648.0,1228311.0,10.65,10.75,10.65,10.75,0.1,145.0
2025-06-11,8176,164463.0,1801542.0,10.8,11.15,10.8,10.9,0.15,206.0
2025-06-12,8176,51841.0,564784.0,11.0,11.0,10.8,10.9,0.0,197.0
2025-06-13,8176,123878.0,1334787.0,10.95,10.95,10.65,10.65,-0.25,259.0
2025-06-16,8176,130530.0,1400129.0,10.7,10.75,10.65,10.7,0.05,195.0
2025-06-17,8176,60523.0,649710.0,10.65,10.8,10.65,10.8,0.1,116.0
2025-06-18,8176,52799.0,568221.0,10.95,10.95,10.7,10.75,-0.05,118.0
2025-06-19,8176,460439.0,4795925.0,10.7,10.7,10.05,10.45,-0.3,477.0
2025-06-20,8176,94789.0,974412.0,10.35,10.35,10.2,10.3,-0.15,260.0
2025-06-23,8176,78342.0,802009.0,10.2,10.4,10.15,10.4,0.1,272.0
2025-06-24,8176,60616.0,644564.0,10.7,10.7,10.55,10.6,0.2,205.0
2025-06-25,8176,204460.0,2175317.0,10.7,10.9,10.55,10.6,0.0,273.0
2025-06-26,8176,36158.0,387073.0,10.7,10.8,10.6,10.7,0.1,73.0
2025-06-27,8176,174722.0,1864513.0,10.6,10.75,10.55,10.55,-0.15,248.0
2025-06-30,8176,37897.0,400617.0,10.8,10.8,10.5,10.55,0.0,79.0
2025-07-01,8176,58659.0,621330.0,10.8,10.8,10.5,10.6,0.05,82.0
2025-07-02,8176,69572.0,738336.0,10.6,10.8,10.6,10.6,0.0,91.0
2025-07-03,8176,43808.0,466767.0,10.6,10.7,10.6,10.65,0.05,172.0
2025-07-04,8176,140905.0,1483884.0,10.65,10.65,10.45,10.45,-0.2,152.0
2025-07-07,8176,39315.0,407132.0,10.45,10.45,10.3,10.35,-0.1,125.0
2025-07-08,8176,78478.0,806906.0,10.35,10.35,10.25,10.3,-0.05,131.0
2025-07-09,8176,30879.0,319078.0,10.3,10.45,10.3,10.35,0.05,46.0
2025-07-10,8176,80600.0,841472.0,10.4,10.65,10.25,10.35,0.0,79.0
2025-07-11,8176,64652.0,671314.0,10.45,10.45,10.35,10.35,0.0,53.0
2025-07-14,8176,46753.0,481969.0,10.35,10.35,10.3,10.35,0.0,139.0
2025-07-15,8176,103965.0,1097348.0,10.6,10.7,10.4,10.45,0.1,89.0
2025-07-16,8176,97776.0,1017169.0,10.5,10.5,10.3,10.45,0.0,134.0
2025-07-17,8176,74468.0,779423.0,10.45,10.6,10.4,10.55,0.1,97.0
2025-07-18,8176,112050.0,1179909.0,10.6,10.65,10.4,10.45,-0.1,291.0
2025-07-21,8176,74732.0,775003.0,10.45,10.45,10.3,10.3,-0.15,149.0
2025-07-22,8176,290923.0,2950002.0,10.35,10.35,10.0,10.2,-0.1,323.0
2025-07-23,8176,70252.0,717539.0,10.3,10.3,10.15,10.2,0.0,161.0
2025-07-24,8176,130322.0,1325722.0,10.25,10.25,10.1,10.25,0.05,219.0
2025-07-25,8176,67736.0,692352.0,10.2,10.25,10.15,10.15,-0.1,211.0
2025-07-28,8176,199073.0,2002809.0,10.15,10.25,10.0,10.05,-0.1,392.0
2025-07-29,8176,421553.0,4240585.0,10.05,10.2,9.95,10.2,0.15,1025.0
2025-07-30,8176,141934.0,1442143.0,10.2,10.25,10.1,10.15,-0.05,496.0
2025-07-31,8176,170104.0,1723386.0,10.25,10.25,10.05,10.15,0.0,238.0
2025-08-01,8176,150057.0,1538642.0,10.2,10.4,10.1,10.25,0.1,190.0
2025-08-04,8176,281907.0,2935877.0,10.2,10.7,10.1,10.55,0.3,223.0
2025-08-05,8176,148542.0,1557732.0,10.5,10.6,10.4,10.55,0.0,279.0
2025-08-06,8176,127300.0,1346926.0,10.75,10.8,10.45,10.7,0.15,174.0
2025-08-07,8176,103633.0,1093698.0,10.7,10.7,10.45,10.5,-0.2,165.0
2025-08-08,8176,223188.0,2318225.0,10.5,10.55,10.3,10.3,-0.2,684.0
2025-08-11,8176,165137.0,1670679.0,10.25,10.25,10.05,10.2,-0.1,278.0
2025-08-12,8176,289642.0,2916171.0,10.2,10.2,10.0,10.1,-0.1,320.0
2025-08-13,8176,224415.0,2269727.0,10.1,10.2,10.05,10.2,0.1,224.0
2025-08-14,8176,185239.0,1889645.0,10.2,10.25,10.15,10.15,-0.05,193.0
2025-08-15,8176,821154.0,9002552.0,10.2,11.15,10.2,11.15,1.0,518.0
2025-08-18,8176,1535613.0,17979627.0,11.4,12.25,11.15,12.1,0.95,2463.0
2025-08-19,8176,759485.0,8655189.0,11.65,11.85,11.1,11.1,-1.0,616.0
2025-08-20,8176,361034.0,3960527.0,11.2,11.2,10.75,11.0,-0.1,329.0
2025-08-21,8176,195421.0,2204328.0,11.0,11.5,11.0,11.1,0.1,172.0
2025-08-22,8176,141405.0,1573916.0,11.1,11.3,11.05,11.05,-0.05,145.0
2025-08-25,8176,170085.0,1902991.0,11.1,11.35,11.1,11.15,0.1,118.0
2025-08-26,8176,83567.0,930926.0,11.0,11.25,11.0,11.25,0.1,101.0
2025-08-27,8176,288005.0,3201414.0,11.3,11.3,11.05,11.1,-0.15,242.0
2025-08-28,8176,244047.0,2715224.0,11.15,11.25,11.05,11.2,0.1,234.0
2025-08-29,8176,212079.0,2365497.0,11.2,11.2,11.0,11.2,0.0,146.0
2025-09-01,8176,129354.0,1418850.0,11.0,11.15,10.85,11.0,-0.2,126.0
2025-09-02,8176,157283.0,1700753.0,11.0,11.0,10.7,10.95,-0.05,133.0
2025-09-03,8176,102950.0,1114994.0,10.8,10.95,10.75,10.9,-0.05,165.0
2025-09-04,8176,169641.0,1847548.0,10.8,11.05,10.75,11.05,0.15,130.0
2025-09-05,8176,152805.0,1696367.0,11.0,11.25,11.0,11.15,0.1,126.0
2025-09-08,8176,97016.0,1070327.0,11.2,11.2,10.95,11.0,-0.15,212.0
2025-09-09,8176,126615.0,1369891.0,11.2,11.2,10.7,10.95,-0.05,162.0
2025-09-10,8176,55191.0,598203.0,10.75,10.95,10.75,10.9,-0.05,116.0
2025-09-11,8176,1010023.0,10145399.0,10.3,10.35,9.95,10.1,-0.8,939.0
2025-09-12,8176,223775.0,2243888.0,10.1,10.1,9.98,10.1,0.0,317.0
2025-09-15,8176,81479.0,820187.0,10.1,10.1,10.0,10.1,0.0,133.0
2025-09-16,8176,49858.0,504776.0,10.1,10.2,10.05,10.2,0.1,114.0
2025-09-17,8176,126851.0,1317457.0,10.7,10.7,10.25,10.3,0.1,135.0
2025-09-18,8176,81469.0,843897.0,10.6,10.6,10.25,10.4,0.1,125.0
2025-09-19,8176,78582.0,814687.0,10.35,10.5,10.2,10.35,-0.05,154.0
2025-09-22,8176,39674.0,409990.0,10.45,10.45,10.3,10.35,0.0,71.0
2025-09-23,8176,98674.0,1019266.0,10.35,10.4,10.2,10.3,-0.05,143.0
2025-09-24,8176,102583.0,1043226.0,10.2,10.25,10.1,10.25,-0.05,184.0
2025-09-25,8176,167277.0,1702135.0,10.25,10.3,10.1,10.15,-0.1,171.0
2025-09-26,8176,175985.0,1764010.0,10.15,10.15,9.98,10.1,-0.05,217.0
2025-09-30,8176,114316.0,1159134.0,10.1,10.25,10.0,10.25,0.15,66.0
2025-10-01,8176,179678.0,1833399.0,10.2,10.4,10.05,10.3,0.05,272.0
2025-10-02,8176,268782.0,2786882.0,10.3,10.5,10.15,10.5,0.2,203.0
2025-10-03,8176,1677542.0,19122909.0,10.5,11.55,10.5,11.55,1.05,1208.0
2025-10-07,8176,2376467.0,29736038.0,12.15,12.7,11.95,12.7,1.15,1198.0
2025-10-08,8176,1965164.0,24803546.0,12.7,13.05,12.15,12.5,-0.2,1025.0
2025-10-09,8176,783221.0,9308253.0,12.8,12.8,11.65,11.75,-0.75,613.0
2025-10-13,8176,552875.0,6054074.0,10.7,11.2,10.65,11.1,-0.65,502.0
2025-10-14,8176,622551.0,6647259.0,11.1,11.1,10.45,10.5,-0.6,536.0
2025-10-15,8176,122207.0,1297201.0,10.45,10.7,10.45,10.6,0.1,106.0
2025-10-16,8176,230648.0,2526635.0,10.8,11.3,10.65,10.9,0.3,178.0
2025-10-17,8176,161286.0,1741412.0,10.75,10.85,10.7,10.75,-0.15,154.0
2025-10-20,8176,197623.0,2098553.0,10.65,10.75,10.45,10.65,-0.1,176.0
2025-10-21,8176,165690.0,1803772.0,10.7,11.15,10.7,10.9,0.25,131.0
2025-10-22,8176,147359.0,1591475.0,10.85,10.85,10.75,10.8,-0.1,101.0
2025-10-23,8176,114424.0,1230022.0,10.8,10.85,10.55,10.7,-0.1,98.0
2025-10-27,8176,80542.0,861476.0,10.65,10.8,10.65,10.75,0.05,82.0
2025-10-28,8176,75963.0,811467.0,10.8,10.85,10.65,10.65,-0.1,81.0
2025-10-29,8176,137257.0,1478590.0,10.8,10.85,10.65,10.85,0.2,114.0
2025-10-30,8176,297945.0,3251476.0,10.85,11.2,10.65,11.2,0.35,211.0
2025-10-31,8176,106297.0,1175467.0,11.2,11.2,10.9,11.0,-0.2,146.0
2025-11-03,8176,158930.0,1705322.0,10.8,10.9,10.65,10.85,-0.15,94.0
2025-11-04,8176,280659.0,2900986.0,10.65,10.75,10.1,10.25,-0.6,294.0
2025-11-05,8176,191790.0,1958627.0,10.2,10.5,10.1,10.4,0.15,242.0
2025-11-06,8176,124009.0,1282107.0,10.5,10.5,10.25,10.4,0.0,202.0
2025-11-07,8176,30785.0,317864.0,10.3,10.4,10.25,10.4,0.0,81.0
2025-11-10,8176,171115.0,1782590.0,10.4,10.6,10.3,10.5,0.1,169.0
2025-11-11,8176,142130.0,1466087.0,10.5,10.5,10.2,10.2,-0.3,312.0
2025-11-12,8176,179131.0,1847530.0,10.15,10.45,10.15,10.4,0.2,223.0
2025-11-13,8176,248756.0,2654796.0,10.6,10.8,10.5,10.75,0.35,187.0
2025-11-14,8176,53262.0,565067.0,10.75,10.75,10.5,10.65,-0.1,117.0
2025-11-17,8176,81585.0,854344.0,10.4,10.65,10.4,10.4,-0.25,147.0
2025-11-18,8176,53045.0,548499.0,10.3,10.5,10.2,10.4,0.0,96.0
2025-11-19,8176,90340.0,930989.0,10.4,10.4,10.15,10.35,-0.05,131.0
2025-11-20,8176,90691.0,936690.0,10.35,10.5,10.25,10.3,-0.05,78.0
2025-11-21,8176,621497.0,6383445.0,10.15,10.3,10.1,10.25,-0.05,127.0
2025-11-24,8176,32379.0,333467.0,10.3,10.6,10.2,10.3,0.05,71.0
2025-11-25,8176,57147.0,586178.0,10.2,10.35,10.2,10.3,0.0,98.0
2025-11-26,8176,79110.0,821516.0,10.55,10.55,10.25,10.5,0.2,65.0
2025-11-27,8176,98516.0,1017223.0,10.35,10.4,10.25,10.35,-0.15,111.0
2025-11-28,8176,103351.0,1069035.0,10.25,10.4,10.25,10.4,0.05,69.0
2025-12-01,8176,61967.0,643319.0,10.4,10.5,10.3,10.4,0.0,99.0
2025-12-02,8176,74747.0,770080.0,10.3,10.45,10.25,10.4,0.0,101.0
2025-12-03,8176,77448.0,803378.0,10.3,10.45,10.3,10.45,0.05,91.0
2025-12-04,8176,42094.0,439182.0,10.45,10.5,10.4,10.5,0.05,87.0
2025-12-05,8176,75224.0,783492.0,10.5,10.5,10.35,10.5,0.0,65.0
2025-12-08,8176,112007.0,1155678.0,10.35,10.4,10.25,10.25,-0.25,151.0
2025-12-09,8176,50083.0,520152.0,10.4,10.4,10.35,10.4,0.15,87.0
2025-12-10,8176,31985.0,334464.0,10.4,10.5,10.4,10.5,0.1,58.0
2025-12-11,8176,180668.0,1926556.0,10.5,10.95,10.5,10.6,0.1,137.0
2025-12-12,8176,79091.0,838770.0,10.6,10.75,10.4,10.7,0.1,70.0
2025-12-15,8176,156426.0,1666427.0,10.7,11.0,10.45,11.0,0.3,123.0
2025-12-16,8176,642576.0,7332618.0,10.9,11.9,10.9,11.4,0.4,449.0
2025-12-17,8176,258462.0,2920172.0,11.5,11.6,11.1,11.2,-0.2,258.0
2025-12-18,8176,133534.0,1450446.0,11.0,11.0,10.75,10.8,-0.4,208.0
2025-12-19,8176,74953.0,809939.0,10.8,11.0,10.75,10.75,-0.05,87.0
2025-12-22,8176,73771.0,803308.0,10.75,10.95,10.75,10.9,0.15,86.0
2025-12-23,8176,96321.0,1040755.0,11.1,11.1,10.7,10.7,-0.2,132.0
2025-12-24,8176,87984.0,957639.0,10.85,10.95,10.8,10.8,0.1,97.0
2025-12-26,8176,96626.0,1047441.0,10.8,10.95,10.8,10.8,0.0,127.0
2025-12-29,8176,112194.0,1227411.0,10.8,11.05,10.75,10.9,0.1,92.0
2025-12-30,8176,136076.0,1474257.0,10.9,10.9,10.8,10.9,0.0,85.0
2025-12-31,8176,84903.0,918833.0,10.9,10.9,10.7,10.8,-0.1,112.0
2026-01-02,8176,110335.0,1184017.0,10.7,10.9,10.65,10.85,0.05,133.0
2026-01-05,8176,149125.0,1598427.0,10.75,10.85,10.65,10.65,-0.2,180.0
2026-01-06,8176,78331.0,841133.0,10.7,10.8,10.65,10.8,0.15,70.0
2026-01-07,8176,137669.0,1490602.0,10.9,10.95,10.8,10.85,0.05,83.0
2026-01-08,8176,99197.0,1074131.0,11.0,11.0,10.75,10.85,0.0,130.0
2026-01-09,8176,194300.0,2072088.0,10.85,10.85,10.6,10.65,-0.2,119.0
2026-01-12,8176,190751.0,2038503.0,10.65,10.8,10.55,10.8,0.15,121.0
2026-01-13,8176,70139.0,753878.0,10.85,10.85,10.65,10.8,0.0,106.0
2026-01-14,8176,544034.0,6154566.0,10.8,11.75,10.8,11.45,0.65,377.0
2026-01-15,8176,307100.0,3512042.0,11.5,11.55,11.3,11.45,0.0,160.0
2026-01-16,8176,208167.0,2390279.0,11.7,11.7,11.35,11.45,0.0,177.0
2026-01-19,8176,154830.0,1762628.0,11.45,11.5,11.3,11.35,-0.1,136.0
2026-01-20,8176,188057.0,2113653.0,11.35,11.35,11.15,11.2,-0.15,144.0
2026-01-21,8176,279469.0,3088408.0,11.3,11.3,10.7,11.0,-0.2,300.0
2026-01-22,8176,219201.0,2456034.0,11.0,11.5,10.9,11.4,0.4,173.0
2026-01-23,8176,446380.0,5200396.0,12.0,12.0,11.35,11.5,0.1,290.0
2026-01-26,8176,276173.0,3105357.0,11.4,11.5,11.1,11.25,-0.25,248.0
2026-01-27,8176,267271.0,2955188.0,11.25,11.25,10.95,11.15,-0.1,188.0
2026-01-28,8176,153847.0,1690596.0,11.0,11.05,10.95,11.05,-0.1,146.0
2026-01-29,8176,86419.0,946786.0,11.05,11.05,10.9,10.9,-0.15,144.0
2026-01-30,8176,116095.0,1258119.0,10.75,10.95,10.75,10.85,-0.05,92.0
2026-02-02,8176,86846.0,935804.0,10.75,10.85,10.75,10.75,-0.1,75.0
2026-02-03,8176,87412.0,959974.0,10.75,11.1,10.75,11.0,0.25,142.0
2026-02-04,8176,146959.0,1636749.0,10.8,11.35,10.8,11.15,0.15,102.0
2026-02-05,8176,58484.0,645558.0,11.15,11.15,11.0,11.1,-0.05,99.0
2026-02-06,8176,86720.0,947781.0,11.1,11.1,10.8,10.95,-0.15,94.0
2026-02-09,8176,58694.0,644474.0,11.05,11.25,10.9,11.0,0.05,85.0
2026-02-10,8176,114800.0,1254261.0,11.0,11.1,10.85,11.0,0.0,61.0
2026-02-11,8176,162041.0,1750631.0,10.9,10.9,10.7,10.8,-0.2,118.0
2026-02-23,8176,118267.0,1265091.0,10.9,10.95,10.3,10.8,0.0,156.0
2026-02-24,8176,138411.0,1498319.0,10.8,10.95,10.7,10.85,0.05,123.0
2026-02-25,8176,143514.0,1548486.0,10.85,10.9,10.7,10.8,-0.05,126.0
2026-02-26,8176,74418.0,804655.0,10.8,10.95,10.7,10.95,0.15,113.0
2026-03-02,8176,154469.0,1700431.0,10.9,11.15,10.9,11.15,0.2,185.0
2026-03-03,8176,170669.0,1851845.0,11.15,11.15,10.7,10.95,-0.2,296.0
2026-03-04,8176,141752.0,1504352.0,10.9,10.9,10.55,10.65,-0.3,195.0
2026-03-05,8176,122341.0,1335321.0,10.95,11.1,10.75,10.85,0.2,185.0
2026-03-06,8176,91185.0,986479.0,10.85,10.9,10.75,10.9,0.05,178.0
2026-03-09,8176,126359.0,1328193.0,10.75,10.75,10.3,10.65,-0.25,440.0
2026-03-10,8176,57091.0,603532.0,10.65,10.65,10.45,10.65,0.0,208.0
2026-03-11,8176,219397.0,2404030.0,10.85,11.1,10.7,10.95,0.3,196.0
2026-03-12,8176,68907.0,742120.0,10.9,10.9,10.75,10.8,-0.15,248.0
2026-03-13,8176,39650.0,425274.0,10.8,10.85,10.6,10.85,0.05,212.0
2026-03-16,8176,121635.0,1320344.0,10.95,10.95,10.8,10.9,0.05,376.0
2026-03-17,8176,553342.0,6568753.0,11.0,11.95,11.0,11.95,1.05,396.0
2026-03-18,8176,2993177.0,38899048.0,12.7,13.1,12.6,13.1,1.15,1954.0
2026-03-19,8176,3123350.0,42002395.0,12.2,14.4,12.0,13.9,0.8,2855.0
2026-03-20,8176,1432192.0,19022765.0,13.9,14.0,12.8,12.9,-1.0,1076.0
2026-03-23,8176,484269.0,6023106.0,12.1,12.75,12.1,12.45,-0.45,397.0
2026-03-24,8176,549323.0,6631457.0,12.55,12.75,11.8,11.85,-0.6,395.0
2026-03-25,8176,180590.0,2188496.0,11.85,12.3,11.85,12.25,0.4,170.0
2026-03-26,8176,273698.0,3260928.0,12.25,12.25,11.75,12.0,-0.25,277.0
2026-03-27,8176,154392.0,1822026.0,12.0,12.0,11.65,11.95,-0.05,138.0
2026-03-30,8176,333942.0,3836903.0,11.85,11.85,11.35,11.35,-0.6,250.0
2026-03-31,8176,208370.0,2362475.0,11.6,11.6,11.1,11.1,-0.25,182.0
2026-04-01,8176,123724.0,1418830.0,11.7,11.7,11.3,11.4,0.3,105.0
2026-04-02,8176,345999.0,3866734.0,11.3,11.65,11.0,11.3,-0.1,218.0
2026-04-07,8176,386221.0,4243294.0,11.2,11.3,10.7,10.9,-0.4,259.0
2026-04-08,8176,290864.0,3191264.0,10.9,11.2,10.8,11.15,0.25,232.0
2026-04-09,8176,176009.0,1938479.0,11.15,11.15,10.95,11.1,-0.05,166.0
2026-04-10,8176,117668.0,1290244.0,11.1,11.1,10.95,11.0,-0.1,141.0
2026-04-13,8176,478277.0,5086062.0,10.9,10.9,10.45,10.65,-0.35,364.0
2026-04-14,8176,391720.0,4137802.0,10.65,10.7,10.4,10.55,-0.1,374.0
2026-04-15,8176,219049.0,2295470.0,10.55,10.55,10.4,10.5,-0.05,181.0
2026-04-16,8176,171504.0,1814815.0,10.5,10.75,10.45,10.6,0.1,140.0
2026-04-17,8176,230806.0,2479616.0,10.65,10.9,10.6,10.6,0.0,192.0
2026-04-20,8176,274193.0,2922387.0,10.6,10.85,10.55,10.75,0.15,222.0
2026-04-21,8176,296696.0,3210750.0,10.65,11.05,10.65,10.95,0.2,237.0
2026-04-22,8176,150568.0,1640274.0,10.85,11.1,10.8,10.9,-0.05,140.0
2026-04-23,8176,311507.0,3294941.0,10.9,10.9,10.4,10.75,-0.15,253.0
2026-04-24,8176,163923.0,1725839.0,10.75,10.75,10.4,10.55,-0.2,169.0
2026-04-27,8176,104037.0,1088130.0,10.55,10.75,10.4,10.45,-0.1,168.0
2026-04-28,8176,64674.0,674746.0,10.4,10.5,10.4,10.45,0.0,103.0
2026-04-29,8176,29123.0,303874.0,10.45,10.5,10.4,10.45,0.0,52.0
2026-04-30,8176,170054.0,1760341.0,10.45,10.45,10.25,10.3,-0.15,199.0
2026-05-04,8176,154897.0,1586833.0,10.3,10.35,10.15,10.25,-0.05,257.0
2026-05-05,8176,76091.0,783917.0,10.2,10.4,10.15,10.35,0.1,140.0
2026-05-06,8176,266141.0,2708829.0,10.25,10.3,10.1,10.3,-0.05,318.0
2026-05-07,8176,274553.0,2782542.0,10.3,10.3,10.05,10.2,-0.1,326.0
2026-05-08,8176,205435.0,2080206.0,10.1,10.2,10.05,10.15,-0.05,199.0
2026-05-11,8176,152975.0,1576588.0,10.45,10.45,10.1,10.25,0.1,230.0
2026-05-12,8176,274468.0,2903351.0,10.5,10.75,10.45,10.5,0.25,236.0
2026-05-13,8176,216718.0,2231702.0,10.6,10.6,10.2,10.3,-0.2,238.0
2026-05-14,8176,374759.0,3858706.0,10.5,10.5,10.15,10.3,0.0,251.0
2026-05-15,8176,274233.0,2801542.0,10.5,10.65,10.1,10.15,-0.15,215.0
2026-05-18,8176,53149.0,536343.0,10.15,10.15,10.0,10.15,0.0,115.0
2026-05-19,8176,249966.0,2503592.0,10.1,10.1,9.98,10.05,-0.1,234.0
2026-05-20,8176,221700.0,2204178.0,10.05,10.05,9.85,9.89,-0.16,379.0
2026-05-21,8176,127588.0,1275123.0,10.1,10.1,9.94,9.98,0.09,110.0
2026-05-22,8176,169892.0,1697902.0,10.0,10.05,9.95,10.05,0.07,168.0
2026-05-25,8176,303085.0,3031230.0,10.05,10.15,9.98,10.0,-0.05,253.0
2026-05-26,8176,142083.0,1437594.0,10.15,10.2,10.05,10.15,0.15,139.0
2026-05-27,8176,316679.0,3172860.0,10.15,10.15,9.96,9.99,-0.16,214.0
2026-05-28,8176,276187.0,2790502.0,9.97,10.25,9.97,10.0,0.01,169.0
2026-05-29,8176,215736.0,2194922.0,10.1,10.3,10.05,10.25,0.25,172.0
2026-06-01,8176,240792.0,2457965.0,10.3,10.35,10.15,10.25,0.0,234.0
2026-06-02,8176,335123.0,3441365.0,10.2,10.5,10.15,10.35,0.1,205.0
2026-06-03,8176,520243.0,5477324.0,10.5,10.8,10.4,10.55,0.2,314.0
2026-06-04,8176,231216.0,2400151.0,10.55,10.55,10.3,10.4,-0.15,207.0
2026-06-05,8176,135979.0,1404482.0,10.4,10.5,10.25,10.35,-0.05,169.0
2026-06-08,8176,227435.0,2280538.0,10.2,10.2,9.84,10.15,-0.2,304.0
2026-06-09,8176,105330.0,1071571.0,10.15,10.3,10.1,10.2,0.05,157.0
2026-06-10,8176,110534.0,1127133.0,10.45,10.45,10.1,10.1,-0.1,133.0
2026-06-11,8176,211878.0,2146179.0,10.3,10.3,10.05,10.25,0.15,124.0
2026-06-12,8176,143331.0,1466702.0,10.3,10.4,10.15,10.2,-0.05,192.0
2026-06-15,8176,296661.0,3004443.0,10.2,10.2,10.05,10.2,0.0,276.0
2026-06-16,8176,193255.0,1942977.0,10.1,10.15,10.0,10.0,-0.2,254.0
2026-06-17,8176,273237.0,2740849.0,10.0,10.1,9.99,10.1,0.1,208.0
2026-06-18,8176,295535.0,2976610.0,10.2,10.2,9.99,10.15,0.05,252.0
2026-06-22,8176,180526.0,1838549.0,10.15,10.25,10.1,10.1,-0.05,160.0
2026-06-23,8176,241581.0,2422545.0,10.1,10.2,10.0,10.05,-0.05,229.0
2026-06-24,8176,178047.0,1792266.0,10.1,10.15,10.0,10.05,0.0,142.0
2026-06-25,8176,194056.0,1944273.0,10.05,10.1,10.0,10.0,-0.05,126.0
2026-06-26,8176,135647.0,1358962.0,10.0,10.1,9.97,10.0,0.0,232.0
2026-06-29,8176,222124.0,2224221.0,10.05,10.15,9.96,9.96,-0.04,127.0
2026-06-30,8176,375655.0,3747597.0,10.0,10.05,9.95,9.98,0.02,157.0
2026-07-01,8176,1326576.0,14302881.0,10.0,10.95,9.98,10.95,0.97,537.0
2026-07-02,8176,1209495.0,13102028.0,11.3,11.3,10.4,10.6,-0.35,623.0
2026-07-03,8176,424450.0,4490163.0,10.45,10.7,10.45,10.7,0.1,238.0
2026-07-06,8176,545873.0,5872187.0,10.75,10.95,10.6,10.85,0.15,214.0
2026-07-07,8176,272426.0,2856336.0,10.95,10.95,10.2,10.3,-0.55,252.0
2026-07-08,8176,139308.0,1421345.0,10.4,10.4,10.1,10.4,0.1,160.0
2026-07-09,8176,206000.0,2131288.0,10.4,10.45,10.2,10.3,-0.1,128.0
2026-07-13,8176,108303.0,1108264.0,10.3,10.35,10.1,10.1,-0.2,126.0
2026-07-14,8176,180750.0,1817354.0,10.0,10.25,9.85,10.15,0.05,144.0
2026-07-15,8176,92312.0,932941.0,10.15,10.15,10.0,10.1,-0.05,136.0
2026-07-16,8176,98984.0,997998.0,10.1,10.2,10.0,10.2,0.1,133.0
2026-07-17,8176,295204.0,2926495.0,10.05,10.05,9.8,9.95,-0.25,396.0
2026-07-20,8176,106185.0,1045847.0,9.95,9.95,9.8,9.88,-0.07,190.0
2026-07-21,8176,51816.0,513374.0,9.89,9.99,9.87,9.99,0.11,72.0
2026-07-22,8176,94017.0,938962.0,10.0,10.05,9.91,10.05,0.06,75.0
2026-07-23,8176,98539.0,989177.0,10.05,10.2,9.96,10.1,0.05,83.0
2026-07-24,8176,86665.0,862479.0,10.1,10.1,9.9,9.99,-0.11,103.0
2026-07-27,8176,122689.0,1208986.0,9.93,9.95,9.78,9.94,-0.05,167.0
2026-07-28,8176,205838.0,2022071.0,9.79,9.98,9.72,9.9,-0.04,602.0
2026-07-29,8176,242399.0,2361516.0,9.99,9.99,9.61,9.71,-0.19,641.0
2026-07-30,8176,159871.0,1542334.0,9.72,9.85,9.57,9.65,-0.06,408.0
2026-07-31,8176,70566.0,689855.0,9.68,9.86,9.67,9.83,0.18,77.0
2026-08-03,8176,70909.0,689756.0,9.75,9.8,9.7,9.8,-0.03,125.0
2026-08-04,8176,55691.0,548818.0,9.82,9.93,9.81,9.9,0.1,60.0
2026-08-05,8176,106192.0,1054302.0,9.86,9.99,9.86,9.92,0.02,103.0
2026-08-06,8176,22268.0,218809.0,9.92,9.92,9.81,9.83,-0.09,52.0
2026-08-07,8176,66560.0,654119.0,9.83,9.92,9.77,9.78,-0.05,101.0
2026-08-10,8176,111602.0,1093038.0,9.8,9.9,9.76,9.9,0.12,82.0
2026-08-11,8176,72164.0,706490.0,9.82,9.88,9.75,9.88,-0.02,59.0
2026-08-12,8176,115732.0,1153011.0,9.85,10.15,9.85,9.91,0.03,118.0
2026-08-13,8176,258162.0,2643901.0,9.92,10.4,9.92,10.2,0.29,184.0
2026-08-14,8176,131633.0,1326060.0,10.35,10.4,10.0,10.1,-0.1,84.0
2026-08-17,8176,36845.0,370410.0,10.1,10.2,10.0,10.2,0.1,76.0
2026-08-18,8176,92378.0,927035.0,10.3,10.3,10.0,10.1,-0.1,80.0
2026-08-19,8176,49018.0,488049.0,9.95,10.1,9.93,9.96,-0.14,87.0
2026-08-20,8176,84044.0,836588.0,10.2,10.2,9.91,9.95,-0.01,69.0
2026-08-21,8176,75882.0,753832.0,9.95,9.95,9.9,9.95,0.0,64.0
2026-08-24,8176,82433.0,814553.0,9.91,9.95,9.85,9.94,-0.01,83.0
2026-08-25,8176,134590.0,1318637.0,9.87,9.87,9.68,9.74,-0.2,134.0
2026-08-26,8176,73262.0,718905.0,9.8,9.89,9.78,9.85,0.11,59.0
2026-08-27,8176,36844.0,363042.0,9.85,9.87,9.83,9.85,0.0,55.0
2026-08-28,8176,27596.0,271299.0,9.79,9.85,9.78,9.81,-0.04,63.0
2026-08-31,8176,62181.0,611270.0,9.81,9.88,9.81,9.88,0.07,130.0
2026-09-01,8176,30053.0,297221.0,9.93,9.94,9.82,9.89,0.01,69.0
2026-09-02,8176,10583.0,105310.0,10.0,10.0,9.94,9.94,0.05,25.0
2026-09-03,8176,59898.0,586800.0,9.95,9.95,9.61,9.76,-0.18,135.0
2026-09-04,8176,69057.0,674154.0,9.76,9.77,9.75,9.77,0.01,49.0
2026-09-07,8176,64205.0,622603.0,9.68,9.8,9.68,9.8,0.03,102.0
2026-09-08,8176,21717.0,211313.0,9.75,9.8,9.71,9.8,0.0,50.0
