date,stock_id,Trading_Volume,Trading_money,open,max,min,close,spread,Trading_turnover
2016-01-04,8422,463493.0,80079796.0,176.5,177.0,171.0,171.0,-3.5,389.0
2016-01-05,8422,676000.0,114311500.0,171.0,171.5,167.5,168.5,-2.5,589.0
2016-01-06,8422,580380.0,96252960.0,170.0,171.0,164.0,164.5,-4.0,510.0
2016-01-07,8422,803205.0,131658631.0,167.0,169.0,159.0,165.5,1.0,643.0
2016-01-08,8422,332701.0,55918768.0,165.5,171.0,164.0,166.5,1.0,304.0
2016-01-11,8422,162147.0,26777622.0,166.5,167.0,163.5,164.0,-2.5,156.0
2016-01-12,8422,330275.0,54799750.0,165.0,169.0,164.0,165.0,1.0,295.0
2016-01-13,8422,327648.0,54989160.0,168.0,169.0,165.5,169.0,4.0,316.0
2016-01-14,8422,214300.0,35440449.0,166.0,167.0,163.5,165.5,-3.5,202.0
2016-01-15,8422,370300.0,61224600.0,167.0,167.5,163.5,165.0,-0.5,316.0
2016-01-18,8422,535200.0,86655000.0,161.5,164.5,160.0,162.0,-3.0,461.0
2016-01-19,8422,491112.0,79014648.0,162.0,163.0,159.5,163.0,1.0,402.0
2016-01-20,8422,168183.0,27101927.0,162.5,163.0,160.0,160.5,-2.5,151.0
2016-01-21,8422,301250.0,48283250.0,160.0,162.0,159.0,159.0,-1.5,281.0
2016-01-22,8422,238085.0,38068355.0,159.5,161.5,159.0,159.5,0.5,231.0
2016-01-25,8422,380215.0,61464045.0,161.0,163.5,160.0,161.5,2.0,382.0
2016-01-26,8422,217100.0,34820800.0,161.0,162.0,159.5,161.0,-0.5,196.0
2016-01-27,8422,195943.0,31453350.0,161.0,161.5,160.0,160.0,-1.0,207.0
2016-01-28,8422,304000.0,49395000.0,160.0,164.0,160.0,162.0,2.0,276.0
2016-01-29,8422,456623.0,75122605.0,162.0,166.0,162.0,165.0,3.0,426.0
2016-01-30,8422,219151.0,36370670.0,167.0,167.5,164.5,165.0,0.0,202.0
2016-02-01,8422,197350.0,32638950.0,165.5,166.0,164.5,166.0,1.0,196.0
2016-02-02,8422,622120.0,105049780.0,165.5,171.5,165.5,169.5,3.5,590.0
2016-02-03,8422,355740.0,59300080.0,168.5,169.0,165.5,167.0,-2.5,341.0
2016-02-15,8422,312249.0,52186081.0,167.0,168.5,165.0,167.5,0.5,289.0
2016-02-16,8422,456713.0,76166926.0,168.0,168.5,165.0,167.0,-0.5,353.0
2016-02-17,8422,409303.0,68185298.0,168.0,169.0,164.5,165.5,-1.5,324.0
2016-02-18,8422,604006.0,100276008.0,166.5,167.5,165.0,166.5,1.0,514.0
2016-02-19,8422,479491.0,81461693.0,167.5,171.5,166.5,171.0,4.5,396.0
2016-02-22,8422,798728.0,139693900.0,172.5,178.0,172.0,175.0,4.0,638.0
2016-02-23,8422,511507.0,90046239.0,176.5,177.0,174.5,177.0,2.0,391.0
2016-02-24,8422,398370.0,69070324.0,175.0,176.0,171.5,172.5,-4.5,347.0
2016-02-25,8422,128120.0,22189819.0,175.0,175.0,172.5,173.0,0.5,122.0
2016-02-26,8422,539239.0,95040042.0,174.0,177.5,173.0,177.5,4.5,469.0
2016-03-01,8422,615067.0,110217560.0,179.5,181.0,176.5,181.0,3.5,546.0
2016-03-02,8422,783403.0,143298443.0,182.0,185.0,181.0,181.0,0.0,620.0
2016-03-03,8422,795969.0,142545482.0,181.5,182.0,177.0,178.0,-3.0,347.0
2016-03-04,8422,720641.0,130435739.0,177.5,183.0,177.5,180.0,2.0,586.0
2016-03-07,8422,360427.0,64221860.0,180.0,180.0,177.0,178.0,-2.0,312.0
2016-03-08,8422,557643.0,100454917.0,180.5,182.0,178.5,180.5,2.5,455.0
2016-03-09,8422,405573.0,73185995.0,180.0,181.5,179.0,181.5,1.0,382.0
2016-03-10,8422,1752681.0,317623442.0,181.0,183.0,180.5,183.0,1.5,330.0
2016-03-11,8422,198447.0,36210854.0,183.5,184.0,181.5,182.0,-1.0,200.0
2016-03-14,8422,267161.0,48548641.0,182.0,183.5,180.0,180.5,-1.5,236.0
2016-03-15,8422,456032.0,81923164.0,180.0,182.5,177.0,177.0,-3.5,419.0
2016-03-16,8422,399162.0,70710674.0,176.0,179.0,176.0,176.0,-1.0,333.0
2016-03-17,8422,575500.0,101374500.0,177.5,179.0,173.5,175.0,-1.0,459.0
2016-03-18,8422,581297.0,102403107.0,175.0,180.0,174.5,180.0,5.0,293.0
2016-03-21,8422,141088.0,25193383.0,179.5,180.0,177.5,178.5,-1.5,133.0
2016-03-22,8422,127235.0,22551830.0,177.0,179.0,176.5,176.5,-2.0,111.0
2016-03-23,8422,178200.0,31483600.0,176.0,178.0,175.5,176.5,0.0,160.0
2016-03-24,8422,144250.0,25460000.0,176.5,177.5,175.5,177.0,0.5,92.0
2016-03-25,8422,253288.0,44504118.0,176.0,176.5,175.0,175.5,-1.5,216.0
2016-03-28,8422,285350.0,50836300.0,177.5,180.0,176.0,176.0,0.5,249.0
2016-03-29,8422,281144.0,49500559.0,176.0,177.5,175.5,176.5,0.5,245.0
2016-03-30,8422,179920.0,31880180.0,176.0,178.5,175.5,176.5,0.0,166.0
2016-03-31,8422,342955.0,61348375.0,179.0,180.0,176.5,178.5,2.0,303.0
2016-04-01,8422,179036.0,31841480.0,178.0,179.0,177.0,178.0,-0.5,171.0
2016-04-06,8422,399720.0,71689458.0,179.5,180.0,177.0,180.0,2.0,372.0
2016-04-07,8422,524051.0,94663704.0,181.0,182.0,179.0,179.0,-1.0,439.0
2016-04-08,8422,430731.0,77734311.0,179.0,181.0,178.0,181.0,2.0,374.0
2016-04-11,8422,264050.0,47637250.0,181.0,181.5,179.0,179.0,-2.0,216.0
2016-04-12,8422,301377.0,54179080.0,179.0,180.5,179.0,180.5,1.5,252.0
2016-04-13,8422,316855.0,57056823.0,181.0,181.0,179.0,180.0,-0.5,204.0
2016-04-14,8422,226000.0,40719000.0,181.0,181.0,179.0,180.0,0.0,177.0
2016-04-15,8422,335161.0,60410641.0,179.0,181.0,179.0,180.0,0.0,260.0
2016-04-18,8422,348359.0,62694799.0,179.0,180.5,179.0,179.5,-0.5,277.0
2016-04-19,8422,964102.0,176557818.0,183.0,185.0,180.5,184.5,5.0,796.0
2016-04-20,8422,1181964.0,220070376.0,186.5,188.0,184.0,184.0,-0.5,918.0
2016-04-21,8422,594070.0,109900450.0,185.5,186.0,183.0,186.0,2.0,470.0
2016-04-22,8422,681468.0,123802240.0,184.5,186.0,178.5,179.0,-7.0,558.0
2016-04-25,8422,419488.0,74229852.0,178.0,179.5,174.5,176.5,-2.5,333.0
2016-04-26,8422,171100.0,30374350.0,176.5,178.5,175.0,177.5,1.0,161.0
2016-04-27,8422,269300.0,47643700.0,178.5,178.5,175.0,175.0,-2.5,245.0
2016-04-28,8422,254242.0,44938560.0,175.5,177.5,175.5,177.5,2.5,233.0
2016-04-29,8422,340331.0,59811082.0,175.0,177.5,175.0,175.0,-2.5,295.0
2016-05-03,8422,288090.0,50855110.0,175.5,179.0,174.0,177.0,2.0,245.0
2016-05-04,8422,369434.0,64889318.0,177.0,177.5,174.0,174.5,-2.5,309.0
2016-05-05,8422,217198.0,38070546.0,174.5,176.0,174.0,175.0,0.5,178.0
2016-05-06,8422,117200.0,20519200.0,175.0,176.0,174.5,174.5,-0.5,113.0
2016-05-09,8422,306100.0,54370500.0,177.5,179.0,176.5,177.0,2.5,267.0
2016-05-10,8422,192507.0,33902760.0,175.0,177.0,175.0,175.0,-2.0,190.0
2016-05-11,8422,474325.0,83525325.0,175.5,178.0,175.0,175.0,0.0,440.0
2016-05-12,8422,349835.0,61529960.0,177.5,177.5,174.5,174.5,-0.5,306.0
2016-05-13,8422,261442.0,45551734.0,174.5,175.5,173.5,174.0,-0.5,216.0
2016-05-16,8422,153400.0,26671600.0,174.0,175.0,173.5,173.5,-0.5,144.0
2016-05-17,8422,383534.0,67717783.0,174.0,178.0,174.0,176.0,2.5,336.0
2016-05-18,8422,288201.0,50589778.0,174.5,177.0,174.5,176.0,0.0,273.0
2016-05-19,8422,606820.0,105085000.0,176.0,177.0,170.0,171.0,-5.0,483.0
2016-05-20,8422,278139.0,48199103.0,172.0,176.0,171.0,175.0,4.0,255.0
2016-05-23,8422,274117.0,47872092.0,175.0,176.0,173.0,175.0,0.0,249.0
2016-05-24,8422,243109.0,42383575.0,175.0,176.0,173.0,174.0,-1.0,218.0
2016-05-25,8422,262200.0,46074400.0,175.0,176.5,174.5,175.5,1.5,231.0
2016-05-26,8422,245300.0,43210750.0,176.0,177.0,175.5,176.0,0.5,185.0
2016-05-27,8422,259846.0,45383471.0,176.0,177.0,174.0,174.0,-2.0,229.0
2016-05-30,8422,272150.0,47503324.0,174.0,176.5,173.5,174.0,0.0,222.0
2016-05-31,8422,322255.0,56275752.0,174.0,176.0,173.5,174.0,0.0,235.0
2016-06-01,8422,449402.0,78329850.0,175.0,176.0,173.0,174.0,0.0,323.0
2016-06-02,8422,261500.0,45573249.0,174.5,175.5,173.5,173.5,-0.5,237.0
2016-06-03,8422,161350.0,27975073.0,173.5,174.5,173.0,173.0,-0.5,151.0
2016-06-04,8422,72822.0,12628350.0,173.5,174.5,173.0,174.0,1.0,80.0
2016-06-06,8422,181800.0,31636600.0,174.0,174.5,173.5,173.5,-0.5,144.0
2016-06-07,8422,248565.0,43186375.0,173.0,174.5,173.0,173.5,0.0,215.0
2016-06-08,8422,356565.0,61784592.0,173.5,174.0,172.5,173.5,0.0,304.0
2016-06-13,8422,291750.0,50100750.0,173.0,173.5,171.0,171.0,-2.5,263.0
2016-06-14,8422,320600.0,54760499.0,171.0,171.5,170.0,171.0,0.0,300.0
2016-06-15,8422,185391.0,31702446.0,171.0,172.5,170.0,170.5,-0.5,163.0
2016-06-16,8422,182767.0,31219807.0,170.5,171.5,170.5,170.5,0.0,142.0
2016-06-17,8422,268700.0,45878600.0,171.0,172.0,170.0,170.5,0.0,207.0
2016-06-20,8422,412030.0,71118202.0,170.5,174.0,170.5,173.5,3.0,313.0
2016-06-21,8422,393280.0,68534138.0,173.5,175.0,173.0,175.0,1.5,284.0
2016-06-22,8422,280300.0,48879548.0,175.0,175.5,173.5,173.5,-1.5,249.0
2016-06-23,8422,175930.0,30447320.0,173.5,174.0,172.5,173.0,-0.5,166.0
2016-06-24,8422,361400.0,62042198.0,173.5,173.5,170.0,170.5,-2.5,291.0
2016-06-27,8422,179546.0,30653912.0,171.0,171.5,170.0,170.5,0.0,188.0
2016-06-28,8422,222310.0,38131095.0,171.0,173.0,170.0,173.0,2.5,207.0
2016-06-29,8422,178156.0,30846644.0,173.5,174.0,172.0,173.5,0.5,175.0
2016-06-30,8422,211750.0,36730124.0,174.0,174.5,172.5,173.0,-0.5,185.0
2016-07-01,8422,708131.0,124088925.0,173.0,178.0,173.0,174.5,1.5,560.0
2016-07-04,8422,985855.0,175500900.0,175.0,179.5,175.0,179.0,4.5,764.0
2016-07-05,8422,874164.0,156829684.0,180.0,180.5,178.0,179.5,0.5,658.0
2016-07-06,8422,814730.0,137509463.0,170.0,170.0,167.0,167.0,0.0,665.0
2016-07-07,8422,389127.0,65103463.0,169.0,169.5,166.0,166.0,-1.0,351.0
2016-07-11,8422,252633.0,42354110.0,166.5,169.0,166.5,168.0,2.0,217.0
2016-07-12,8422,204560.0,34461260.0,168.5,169.0,168.0,168.5,0.5,192.0
2016-07-13,8422,316765.0,53831694.0,168.5,171.5,168.5,170.0,1.5,280.0
2016-07-14,8422,232453.0,39219010.0,170.0,170.5,168.0,168.0,-2.0,236.0
2016-07-15,8422,200375.0,33803060.0,168.0,169.5,168.0,169.0,1.0,191.0
2016-07-18,8422,142172.0,24016740.0,169.0,170.0,168.5,168.5,-0.5,143.0
2016-07-19,8422,241600.0,40472599.0,169.0,169.0,167.0,167.0,-1.5,211.0
2016-07-20,8422,267850.0,44850725.0,167.0,168.0,166.5,167.5,0.5,205.0
2016-07-21,8422,293565.0,49561767.0,168.0,170.5,167.5,169.0,1.5,256.0
2016-07-22,8422,217620.0,36803090.0,169.0,170.5,168.5,168.5,-0.5,188.0
2016-07-25,8422,209850.0,35485574.0,169.0,170.5,168.0,168.5,0.0,181.0
2016-07-26,8422,139400.0,23656500.0,169.5,170.5,168.5,170.0,1.5,118.0
2016-07-27,8422,265624.0,45401014.0,170.5,171.5,170.0,171.5,1.5,218.0
2016-07-28,8422,281920.0,48630240.0,171.5,173.5,170.5,172.0,0.5,221.0
2016-07-29,8422,164288.0,28429967.0,173.0,174.0,172.0,173.5,1.5,147.0
2016-08-01,8422,197312.0,34074476.0,174.5,174.5,171.0,171.5,-2.0,181.0
2016-08-02,8422,209300.0,36170049.0,171.5,174.0,171.0,173.5,2.0,180.0
2016-08-03,8422,107584.0,18534032.0,172.5,173.0,171.5,173.0,-0.5,111.0
2016-08-04,8422,124536.0,21447959.0,173.0,173.0,171.5,172.5,-0.5,114.0
2016-08-05,8422,287670.0,49231573.0,172.5,173.0,170.5,171.0,-1.5,247.0
2016-08-08,8422,111378.0,19072516.0,171.5,172.0,171.0,171.0,0.0,103.0
2016-08-09,8422,221300.0,37706248.0,170.0,172.0,169.5,171.0,0.0,191.0
2016-08-10,8422,200136.0,34318392.0,172.0,172.0,170.0,171.0,0.0,182.0
2016-08-11,8422,192264.0,32994804.0,171.0,173.5,170.0,172.5,1.5,175.0
2016-08-12,8422,281900.0,48856600.0,172.0,174.0,171.5,174.0,1.5,242.0
2016-08-15,8422,187465.0,32570910.0,174.0,174.0,173.0,174.0,0.0,172.0
2016-08-16,8422,296294.0,51776656.0,174.0,176.0,173.5,175.5,1.5,237.0
2016-08-17,8422,233147.0,40959091.0,176.5,177.5,175.0,176.0,0.5,210.0
2016-08-18,8422,205642.0,36144560.0,176.0,177.0,174.5,176.5,0.5,183.0
2016-08-19,8422,210966.0,36754550.0,176.5,176.5,173.0,173.5,-3.0,184.0
2016-08-22,8422,144455.0,24996394.0,173.5,174.0,172.0,174.0,0.5,148.0
2016-08-23,8422,114245.0,19940120.0,174.5,175.5,173.0,174.5,0.5,96.0
2016-08-24,8422,111585.0,19475150.0,174.5,175.5,173.5,173.5,-1.0,106.0
2016-08-25,8422,195281.0,33891828.0,173.0,174.5,172.5,173.0,-0.5,182.0
2016-08-26,8422,165114.0,28482778.0,173.0,174.0,172.0,172.0,-1.0,166.0
2016-08-29,8422,120240.0,20706760.0,172.0,173.5,171.5,172.0,0.0,116.0
2016-08-30,8422,98322.0,16944865.0,172.0,173.0,171.5,172.5,0.5,94.0
2016-08-31,8422,118391.0,20404337.0,173.0,173.5,171.5,172.5,0.0,111.0
2016-09-01,8422,153265.0,26389610.0,171.5,173.5,171.5,172.5,0.0,148.0
2016-09-02,8422,96420.0,16560450.0,172.5,173.0,171.5,171.5,-1.0,96.0
2016-09-05,8422,142022.0,24550814.0,172.5,173.5,171.5,173.0,1.5,138.0
2016-09-06,8422,102995.0,17879126.0,174.0,174.0,173.0,174.0,1.0,104.0
2016-09-07,8422,480096.0,84761492.0,175.0,178.5,175.0,176.0,2.0,357.0
2016-09-08,8422,303300.0,53190800.0,177.0,177.0,174.5,175.0,-1.0,228.0
2016-09-09,8422,107456.0,18855028.0,175.0,176.5,175.0,176.0,1.0,99.0
2016-09-10,8422,77399.0,13515325.0,174.0,175.5,173.5,174.5,-1.5,68.0
2016-09-12,8422,116551.0,20428476.0,174.5,176.0,174.5,175.5,1.0,114.0
2016-09-13,8422,132685.0,23141531.0,175.5,176.5,173.5,173.5,-2.0,116.0
2016-09-14,8422,125230.0,21820750.0,173.5,175.0,173.0,174.5,1.0,115.0
2016-09-19,8422,119454.0,20878950.0,175.5,175.5,174.0,174.5,0.0,118.0
2016-09-20,8422,101422.0,17682637.0,175.0,175.0,174.0,174.0,-0.5,99.0
2016-09-21,8422,141674.0,24697112.0,173.5,175.0,173.5,174.5,0.5,142.0
2016-09-22,8422,93545.0,16331645.0,174.5,175.5,174.0,174.0,-0.5,95.0
2016-09-23,8422,251759.0,43818445.0,174.0,174.5,173.5,174.0,0.0,180.0
2016-09-26,8422,92500.0,16099249.0,174.5,174.5,173.5,174.0,0.0,70.0
2016-09-29,8422,201903.0,35142070.0,174.0,174.5,173.5,174.0,0.0,188.0
2016-09-30,8422,350513.0,60939018.0,174.0,174.5,173.0,173.0,-1.0,308.0
2016-10-03,8422,156354.0,27113271.0,173.5,174.0,173.0,173.5,0.5,149.0
2016-10-04,8422,126481.0,21842452.0,172.5,174.0,172.5,172.5,-1.0,141.0
2016-10-05,8422,198300.0,34087400.0,172.5,173.5,170.0,172.0,-0.5,175.0
2016-10-06,8422,153500.0,26321247.0,171.5,173.0,171.0,171.0,-1.0,156.0
2016-10-07,8422,192486.0,33094319.0,171.0,173.5,171.0,172.5,1.5,163.0
2016-10-11,8422,278441.0,47424072.0,172.0,172.0,169.0,170.5,-2.0,236.0
2016-10-12,8422,173707.0,29588104.0,170.0,171.5,169.5,170.5,0.0,189.0
2016-10-13,8422,93135.0,15967855.0,170.5,172.0,170.5,172.0,1.5,85.0
2016-10-14,8422,143625.0,24600185.0,171.5,172.5,170.5,170.5,-1.5,155.0
2016-10-17,8422,90980.0,15549080.0,170.0,172.0,170.0,171.5,1.0,98.0
2016-10-18,8422,56600.0,9681200.0,170.5,172.0,170.5,171.5,0.0,60.0
2016-10-19,8422,106122.0,18164484.0,172.0,172.0,170.5,171.0,-0.5,99.0
2016-10-20,8422,93601.0,15985070.0,170.5,172.0,170.5,171.0,0.0,92.0
2016-10-21,8422,356366.0,61604367.0,171.0,174.5,170.0,174.5,3.5,245.0
2016-10-24,8422,165088.0,28728724.0,174.0,175.0,173.0,174.0,-0.5,158.0
2016-10-25,8422,57157.0,9909239.0,174.0,174.0,173.0,173.0,-1.0,60.0
2016-10-26,8422,141944.0,24286868.0,172.5,172.5,170.5,170.5,-2.5,154.0
2016-10-27,8422,213653.0,36414489.0,170.5,171.5,170.0,171.5,1.0,160.0
2016-10-28,8422,168605.0,28731455.0,171.5,171.5,170.0,170.0,-1.5,171.0
2016-10-31,8422,269168.0,45599560.0,170.5,170.5,168.0,168.0,-2.0,155.0
2016-11-01,8422,294083.0,48906444.0,168.0,168.5,165.0,166.0,-2.0,315.0
2016-11-02,8422,161944.0,26813620.0,166.0,166.5,165.0,165.5,-0.5,165.0
2016-11-03,8422,126003.0,20821498.0,165.0,166.5,165.0,165.5,0.0,145.0
2016-11-04,8422,121515.0,20132990.0,165.5,166.0,165.0,165.5,0.0,130.0
2016-11-07,8422,125063.0,20804021.0,166.0,167.0,165.5,166.5,1.0,137.0
2016-11-08,8422,186500.0,30889000.0,166.5,166.5,165.0,165.5,-1.0,175.0
2016-11-09,8422,345649.0,56365085.0,165.0,165.5,161.0,165.0,-0.5,319.0
2016-11-10,8422,127400.0,21079800.0,165.0,166.5,164.0,166.0,1.0,123.0
2016-11-11,8422,145832.0,23901112.0,166.0,166.0,163.0,164.5,-1.5,127.0
2016-11-14,8422,80997.0,13331002.0,164.5,165.0,164.0,164.5,0.0,94.0
2016-11-15,8422,147885.0,24449410.0,164.5,166.0,164.0,165.5,1.0,139.0
2016-11-16,8422,289185.0,47624525.0,166.0,166.0,163.0,163.5,-2.0,241.0
2016-11-17,8422,247350.0,40334100.0,163.0,165.0,162.0,165.0,1.5,218.0
2016-11-18,8422,199292.0,32544472.0,165.0,165.0,163.0,164.0,-1.0,176.0
2016-11-21,8422,73100.0,12004500.0,164.0,164.5,163.5,164.5,0.5,100.0
2016-11-22,8422,335200.0,55746699.0,166.0,167.5,165.5,167.5,3.0,251.0
2016-11-23,8422,239265.0,39899020.0,167.5,168.0,165.5,166.0,-1.5,194.0
2016-11-24,8422,95335.0,15900450.0,166.0,167.5,166.0,166.5,0.5,87.0
2016-11-25,8422,105250.0,17559624.0,166.5,168.0,166.0,166.5,0.0,93.0
2016-11-28,8422,88596.0,14799628.0,167.0,167.5,166.5,166.5,0.0,91.0
2016-11-29,8422,114150.0,19018350.0,166.5,167.0,166.0,166.5,0.0,109.0
2016-11-30,8422,393894.0,65675192.0,166.5,167.5,166.0,166.5,0.0,215.0
2016-12-01,8422,175449.0,29110432.0,166.5,167.0,165.5,165.5,-1.0,148.0
2016-12-02,8422,97100.0,16053200.0,165.5,166.0,165.0,165.5,0.0,107.0
2016-12-05,8422,299303.0,49743749.0,165.5,170.0,164.5,166.5,1.0,265.0
2016-12-06,8422,189156.0,31508552.0,166.5,168.0,166.0,166.0,-0.5,190.0
2016-12-07,8422,280581.0,46429734.0,165.5,166.5,164.5,165.5,-0.5,237.0
2016-12-08,8422,260385.0,43053410.0,165.5,166.0,164.5,165.0,-0.5,183.0
2016-12-09,8422,62200.0,10288200.0,166.0,166.0,165.0,165.0,0.0,74.0
2016-12-12,8422,173420.0,28477800.0,165.0,166.0,163.5,163.5,-1.5,182.0
2016-12-13,8422,117610.0,19226040.0,163.5,164.0,163.0,163.0,-0.5,133.0
2016-12-14,8422,132400.0,21641100.0,163.5,164.0,163.0,163.5,0.5,142.0
2016-12-15,8422,266532.0,43340477.0,164.0,164.0,162.0,162.5,-1.0,279.0
2016-12-16,8422,350060.0,57257340.0,163.5,165.5,162.0,164.0,1.5,315.0
2016-12-19,8422,333109.0,54849985.0,164.5,165.5,164.0,165.0,1.0,173.0
2016-12-20,8422,192300.0,31775950.0,165.0,166.0,164.5,165.0,0.0,142.0
2016-12-21,8422,142002.0,23211828.0,164.5,164.5,163.0,163.5,-1.5,132.0
2016-12-22,8422,50823.0,8324382.0,163.5,164.5,163.0,163.5,0.0,58.0
2016-12-23,8422,15000.0,2459500.0,163.0,164.5,163.0,164.0,0.5,29.0
2016-12-26,8422,35390.0,5802850.0,164.0,165.0,163.5,164.0,0.0,34.0
2016-12-27,8422,26700.0,4373500.0,163.5,164.0,163.5,163.5,-0.5,24.0
2016-12-28,8422,111657.0,18337405.0,165.0,165.0,163.5,163.5,0.0,75.0
2016-12-29,8422,66859.0,10942735.0,163.5,164.5,163.0,163.5,0.0,70.0
2016-12-30,8422,88300.0,14456100.0,163.5,164.5,163.0,164.5,1.0,75.0
2017-01-03,8422,132261.0,21641065.0,164.5,164.5,163.0,163.5,-1.0,143.0
2017-01-04,8422,173325.0,28267800.0,164.0,164.0,162.5,163.0,-0.5,188.0
2017-01-05,8422,254041.0,41308199.0,163.5,163.5,162.0,163.0,0.0,259.0
2017-01-06,8422,117351.0,19146884.0,163.5,163.5,162.5,163.0,0.0,143.0
2017-01-09,8422,300386.0,48683418.0,162.5,163.0,161.0,161.0,-2.0,299.0
2017-01-10,8422,217254.0,35079272.0,161.0,163.0,160.5,162.0,1.0,218.0
2017-01-11,8422,547089.0,88768507.0,162.0,163.5,161.0,162.5,0.5,288.0
2017-01-12,8422,215992.0,34970696.0,163.0,163.0,161.5,161.5,-1.0,201.0
2017-01-13,8422,131191.0,21364726.0,162.0,164.0,162.0,163.5,2.0,134.0
2017-01-16,8422,135873.0,22139299.0,163.5,163.5,162.5,162.5,-1.0,142.0
2017-01-17,8422,197723.0,32100986.0,162.5,163.0,162.0,162.0,-0.5,208.0
2017-01-18,8422,173316.0,28346324.0,162.5,164.5,162.5,163.0,1.0,165.0
2017-01-19,8422,204979.0,33446565.0,163.5,163.5,162.5,163.5,0.5,217.0
2017-01-20,8422,182946.0,29756669.0,163.5,163.5,162.0,162.5,-1.0,161.0
2017-01-23,8422,189183.0,30865600.0,162.5,163.5,162.5,163.5,1.0,194.0
2017-01-24,8422,177920.0,29118880.0,163.5,164.0,163.5,163.5,0.0,183.0
2017-02-02,8422,718243.0,117768193.0,164.0,165.0,163.0,163.0,-0.5,227.0
2017-02-03,8422,251300.0,41220800.0,163.5,165.0,163.5,165.0,2.0,226.0
2017-02-06,8422,654997.0,108592492.0,165.5,167.0,164.5,166.5,1.5,382.0
2017-02-07,8422,457590.0,76456501.0,166.0,169.0,165.0,168.5,2.0,423.0
2017-02-08,8422,368279.0,62468709.0,167.5,170.5,167.0,170.0,1.5,346.0
2017-02-09,8422,232656.0,39620488.0,170.0,171.0,170.0,170.0,0.0,197.0
2017-02-10,8422,303516.0,51744736.0,170.0,171.0,170.0,170.5,0.5,246.0
2017-02-13,8422,348843.0,59247810.0,171.0,171.0,169.0,169.0,-1.5,317.0
2017-02-14,8422,277007.0,46496184.0,169.0,169.5,166.5,169.0,0.0,266.0
2017-02-15,8422,337765.0,57569426.0,171.0,171.0,169.0,170.0,1.0,328.0
2017-02-16,8422,371469.0,62900730.0,170.0,171.0,167.5,170.0,0.0,352.0
2017-02-17,8422,126791.0,21481261.0,170.0,171.0,169.0,169.0,-1.0,124.0
2017-02-18,8422,49315.0,8369365.0,170.5,170.5,169.0,169.5,0.5,53.0
2017-02-20,8422,129223.0,21907020.0,171.0,171.0,169.0,169.0,-0.5,122.0
2017-02-21,8422,121856.0,20681376.0,171.0,171.0,169.0,170.0,1.0,121.0
2017-02-22,8422,327056.0,55112044.0,170.0,170.0,167.5,169.5,-0.5,269.0
2017-02-23,8422,183549.0,31035601.0,169.5,170.5,168.5,169.5,0.0,122.0
2017-02-24,8422,210548.0,35486208.0,169.5,169.5,168.0,169.5,0.0,161.0
2017-03-01,8422,84600.0,14300500.0,169.5,169.5,168.5,169.0,-0.5,89.0
2017-03-02,8422,131600.0,22291297.0,169.5,170.0,169.0,170.0,1.0,124.0
2017-03-03,8422,712621.0,123880738.0,170.0,176.0,170.0,174.5,4.5,644.0
2017-03-06,8422,183737.0,32073975.0,176.0,176.0,173.5,174.0,-0.5,147.0
2017-03-07,8422,263080.0,45588954.0,174.0,174.5,172.5,174.5,0.5,188.0
2017-03-08,8422,268720.0,46923078.0,175.0,175.5,174.0,175.5,1.0,224.0
2017-03-09,8422,167953.0,29231275.0,175.5,175.5,173.5,174.0,-1.5,157.0
2017-03-10,8422,320739.0,55165586.0,174.0,174.0,171.0,173.0,-1.0,251.0
2017-03-13,8422,231588.0,39803224.0,172.0,172.5,171.5,171.5,-1.5,200.0
2017-03-14,8422,137790.0,23734170.0,171.5,173.0,171.5,172.0,0.5,135.0
2017-03-15,8422,152669.0,26326906.0,172.0,173.0,172.0,172.5,0.5,150.0
2017-03-16,8422,167507.0,28927218.0,172.5,173.5,172.0,172.5,0.0,168.0
2017-03-17,8422,246574.0,42420084.0,173.0,173.0,171.5,172.0,-0.5,207.0
2017-03-20,8422,189653.0,32596292.0,172.0,173.0,171.0,172.5,0.5,189.0
2017-03-21,8422,106745.0,18430754.0,173.0,173.0,172.0,173.0,0.5,107.0
2017-03-22,8422,109771.0,18932538.0,172.5,173.0,172.0,172.5,-0.5,104.0
2017-03-23,8422,270309.0,46991917.0,173.0,175.5,173.0,173.5,1.0,222.0
2017-03-24,8422,164948.0,28660900.0,173.5,174.5,173.0,173.5,0.0,163.0
2017-03-27,8422,466120.0,81761620.0,177.0,177.0,174.5,175.0,1.5,360.0
2017-03-28,8422,340753.0,59167893.0,175.0,175.0,172.5,173.5,-1.5,296.0
2017-03-29,8422,164952.0,28602122.0,174.5,174.5,172.5,173.5,0.0,156.0
2017-03-30,8422,96649.0,16789575.0,174.0,174.0,173.0,174.0,0.5,107.0
2017-03-31,8422,249440.0,43321218.0,175.0,175.0,172.5,173.0,-1.0,230.0
2017-04-05,8422,236377.0,40852162.0,174.5,174.5,172.5,172.5,-0.5,222.0
2017-04-06,8422,157481.0,27304675.0,172.5,174.0,172.5,173.0,0.5,177.0
2017-04-07,8422,206572.0,35780808.0,173.0,174.0,172.5,173.5,0.5,225.0
2017-04-10,8422,212070.0,36789680.0,173.0,174.0,173.0,173.0,-0.5,198.0
2017-04-11,8422,236616.0,41000184.0,174.0,174.0,173.0,174.0,1.0,226.0
2017-04-12,8422,227674.0,39616110.0,174.0,174.5,173.5,174.0,0.0,222.0
2017-04-13,8422,187318.0,32584832.0,174.0,174.5,173.5,173.5,-0.5,181.0
2017-04-14,8422,279107.0,48052952.0,173.5,173.5,171.0,171.0,-2.5,256.0
2017-04-17,8422,104706.0,17849432.0,169.5,171.0,169.5,171.0,0.0,115.0
2017-04-18,8422,180733.0,31256670.0,172.0,173.5,172.0,173.0,2.0,187.0
2017-04-19,8422,285021.0,48545600.0,173.0,173.0,169.5,170.0,-3.0,260.0
2017-04-20,8422,145003.0,24635013.0,171.5,171.5,169.5,170.0,0.0,149.0
2017-04-21,8422,120659.0,20502017.0,170.0,170.5,169.5,169.5,-0.5,116.0
2017-04-24,8422,89756.0,15293776.0,171.0,171.0,170.0,170.0,0.5,87.0
2017-04-25,8422,144565.0,24771245.0,170.5,172.5,170.0,172.0,2.0,136.0
2017-04-26,8422,89684.0,15472332.0,172.0,173.0,171.0,172.0,0.0,93.0
2017-04-27,8422,81238.0,13956174.0,172.0,172.5,171.0,171.5,-0.5,84.0
2017-04-28,8422,97294.0,16727862.0,170.5,172.5,170.5,172.0,0.5,109.0
2017-05-02,8422,147898.0,25412403.0,172.5,173.0,171.0,171.0,-1.0,153.0
2017-05-03,8422,56550.0,9697373.0,172.0,172.0,171.0,171.5,0.5,60.0
2017-05-04,8422,77513.0,13308749.0,171.5,172.5,171.0,172.5,1.0,86.0
2017-05-05,8422,123713.0,21305062.0,172.5,173.0,171.5,173.0,0.5,102.0
2017-05-08,8422,210889.0,36553126.0,174.0,174.0,172.5,173.5,0.5,174.0
2017-05-09,8422,212027.0,36586679.0,171.5,173.0,171.0,173.0,-0.5,187.0
2017-05-10,8422,556199.0,96535723.0,173.0,174.0,173.0,174.0,1.0,153.0
2017-05-11,8422,218544.0,38128156.0,174.0,175.5,173.0,173.0,-1.0,190.0
2017-05-12,8422,148228.0,25743284.0,173.5,174.0,172.5,173.0,0.0,110.0
2017-05-15,8422,222251.0,38753925.0,174.5,174.5,174.0,174.0,1.0,181.0
2017-05-16,8422,284725.0,49802734.0,176.0,176.0,174.5,175.0,1.0,268.0
2017-05-17,8422,159210.0,27711355.0,175.0,175.0,172.5,174.0,-1.0,138.0
2017-05-18,8422,119259.0,20771825.0,173.0,175.0,173.0,174.5,0.5,112.0
2017-05-19,8422,131690.0,22927094.0,174.5,175.0,173.5,175.0,0.5,132.0
2017-05-22,8422,192968.0,33688868.0,175.0,175.0,174.0,175.0,0.0,168.0
2017-05-23,8422,165882.0,29044232.0,175.0,175.5,174.5,175.0,0.0,155.0
2017-05-24,8422,192650.0,33630750.0,175.0,175.0,173.5,174.0,-1.0,183.0
2017-05-25,8422,255218.0,44686868.0,175.0,175.5,174.0,175.5,1.5,225.0
2017-05-26,8422,178668.0,31352068.0,175.5,176.0,175.0,175.5,0.0,138.0
2017-05-31,8422,627794.0,111993920.0,175.5,180.0,175.5,180.0,4.5,456.0
2017-06-01,8422,352009.0,63792636.0,180.0,182.0,180.0,182.0,2.0,326.0
2017-06-02,8422,236298.0,42839236.0,181.5,182.0,180.5,181.5,-0.5,234.0
2017-06-03,8422,98800.0,17898100.0,181.5,181.5,180.5,181.0,-0.5,85.0
2017-06-05,8422,251517.0,45641094.0,181.0,182.0,180.0,181.5,0.5,207.0
2017-06-06,8422,250780.0,45736240.0,181.5,183.0,181.5,183.0,1.5,227.0
2017-06-07,8422,210050.0,38280100.0,183.0,183.0,181.5,181.5,-1.5,178.0
2017-06-08,8422,172990.0,31508674.0,182.0,182.5,181.5,182.5,1.0,174.0
2017-06-09,8422,224620.0,40963650.0,183.0,183.5,181.5,182.0,-0.5,216.0
2017-06-12,8422,117080.0,21164480.0,182.0,182.0,180.0,181.0,-1.0,128.0
2017-06-13,8422,96824.0,17484054.0,181.0,181.5,180.0,181.5,0.5,100.0
2017-06-14,8422,226350.0,40557000.0,181.5,181.5,178.0,178.5,-3.0,181.0
2017-06-15,8422,115538.0,20711378.0,178.5,180.0,178.5,180.0,1.5,121.0
2017-06-16,8422,105650.0,19011974.0,179.0,181.0,179.0,181.0,1.0,79.0
2017-06-19,8422,131723.0,23771086.0,181.0,181.5,179.5,181.5,0.5,129.0
2017-06-20,8422,97150.0,17595375.0,181.5,181.5,180.5,181.0,-0.5,94.0
2017-06-21,8422,213324.0,38571116.0,181.5,182.0,179.0,182.0,1.0,188.0
2017-06-22,8422,167770.0,30200481.0,180.5,180.5,179.5,179.5,-2.5,166.0
2017-06-23,8422,71234.0,12784236.0,180.5,180.5,179.0,179.0,-0.5,63.0
2017-06-26,8422,103839.0,18605859.0,179.0,180.5,178.0,179.5,0.5,102.0
2017-06-27,8422,130015.0,23312706.0,180.0,180.5,178.5,179.0,-0.5,128.0
2017-06-28,8422,201049.0,35915291.0,179.0,179.0,178.0,179.0,0.0,195.0
2017-06-29,8422,162174.0,29299081.0,180.5,181.5,179.5,180.5,1.5,134.0
2017-06-30,8422,139320.0,25230397.0,180.5,181.5,180.0,181.5,1.0,120.0
2017-07-03,8422,215761.0,39142263.0,181.5,182.0,181.0,182.0,0.5,104.0
2017-07-04,8422,84357.0,15301652.0,182.0,182.0,181.0,181.5,-0.5,62.0
2017-07-05,8422,70458.0,12748584.0,181.5,181.5,180.5,181.0,-0.5,68.0
2017-07-06,8422,190703.0,34379946.0,181.0,181.0,179.5,181.0,0.0,176.0
2017-07-07,8422,295934.0,53148054.0,180.0,180.0,179.0,180.0,-1.0,225.0
2017-07-10,8422,324587.0,58223747.0,180.0,180.0,178.5,179.0,-1.0,240.0
2017-07-11,8422,510739.0,91243020.0,179.0,179.5,177.5,178.5,-0.5,380.0
2017-07-12,8422,651138.0,110174736.0,168.0,171.0,168.0,171.0,0.0,473.0
2017-07-13,8422,183474.0,31389502.0,171.5,171.5,170.5,171.5,0.5,182.0
2017-07-14,8422,179800.0,30739100.0,171.5,171.5,170.0,170.5,-1.0,187.0
2017-07-17,8422,188380.0,32022480.0,170.5,171.0,169.0,170.0,-0.5,201.0
2017-07-18,8422,128842.0,21831140.0,170.0,170.0,169.0,169.0,-1.0,156.0
2017-07-19,8422,202540.0,34358800.0,169.0,170.5,169.0,170.0,1.0,202.0
2017-07-20,8422,176340.0,29887800.0,170.0,170.0,169.0,169.0,-1.0,178.0
2017-07-21,8422,158850.0,27028850.0,169.0,171.0,169.0,171.0,2.0,151.0
2017-07-24,8422,115000.0,19640000.0,171.0,171.5,170.0,171.5,0.5,121.0
2017-07-25,8422,50850.0,8679350.0,171.0,171.0,170.0,170.5,-1.0,72.0
2017-07-26,8422,135000.0,22919000.0,170.5,170.5,169.5,170.0,-0.5,131.0
2017-07-27,8422,371459.0,64136133.0,171.0,175.0,171.0,173.0,3.0,286.0
2017-07-28,8422,167641.0,29166034.0,173.0,175.0,173.0,173.5,0.5,168.0
2017-07-31,8422,120265.0,20754375.0,173.0,173.5,172.0,173.5,0.0,70.0
2017-08-01,8422,73500.0,12689248.0,173.0,173.5,172.0,172.0,-1.5,73.0
2017-08-02,8422,78605.0,13545965.0,172.0,173.0,172.0,172.0,0.0,69.0
2017-08-03,8422,102600.0,17615800.0,172.0,172.5,171.0,172.5,0.5,93.0
2017-08-04,8422,74250.0,12778250.0,172.5,172.5,171.5,172.5,0.0,65.0
2017-08-07,8422,57610.0,9924832.0,172.0,172.5,172.0,172.5,0.0,66.0
2017-08-08,8422,68759.0,11831925.0,172.0,173.0,171.5,171.5,-1.0,71.0
2017-08-09,8422,62050.0,10610072.0,171.0,171.5,170.5,170.5,-1.0,73.0
2017-08-10,8422,177604.0,30121680.0,170.5,170.5,169.0,169.0,-1.5,187.0
2017-08-11,8422,142800.0,24049500.0,169.0,169.5,168.0,169.0,0.0,139.0
2017-08-14,8422,164831.0,27751850.0,168.5,169.0,168.0,168.5,-0.5,160.0
2017-08-15,8422,181962.0,30589088.0,168.0,169.5,167.5,167.5,-1.0,186.0
2017-08-16,8422,218290.0,36535357.0,167.5,168.0,166.5,168.0,0.5,223.0
2017-08-17,8422,116100.0,19591948.0,168.0,169.5,167.5,168.5,0.5,106.0
2017-08-18,8422,131750.0,22087869.0,168.5,168.5,167.0,167.5,-1.0,134.0
2017-08-21,8422,94516.0,15900943.0,167.5,169.5,167.0,167.5,0.0,107.0
2017-08-22,8422,98491.0,16550225.0,167.5,168.5,167.5,168.0,0.5,113.0
2017-08-23,8422,102960.0,17289256.0,168.0,169.5,167.5,168.0,0.0,112.0
2017-08-24,8422,186850.0,31525650.0,168.0,169.5,167.5,168.0,0.0,146.0
2017-08-25,8422,63611.0,10708759.0,168.0,169.0,167.5,168.0,0.0,78.0
2017-08-28,8422,127801.0,21532869.0,168.0,169.0,167.5,168.5,0.5,124.0
2017-08-29,8422,228565.0,38341265.0,168.5,169.0,167.0,169.0,0.5,180.0
2017-08-30,8422,159183.0,27073293.0,169.0,171.5,169.0,170.0,1.0,156.0
2017-08-31,8422,170750.0,29131750.0,171.5,172.0,170.0,170.0,0.0,163.0
2017-09-01,8422,107454.0,18454588.0,170.5,172.5,170.5,171.0,1.0,108.0
2017-09-04,8422,75910.0,12879610.0,170.5,170.5,169.5,169.5,-1.5,79.0
2017-09-05,8422,60367.0,10209890.0,169.5,169.5,168.5,169.0,-0.5,81.0
2017-09-06,8422,267180.0,44772420.0,168.0,168.0,167.0,168.0,-1.0,258.0
2017-09-07,8422,246999.0,41270832.0,168.0,168.0,166.5,167.0,-1.0,258.0
2017-09-08,8422,212867.0,35456715.0,167.0,167.0,166.0,166.5,-0.5,213.0
2017-09-11,8422,168849.0,28069283.0,166.5,166.5,166.0,166.0,-0.5,196.0
2017-09-12,8422,162288.0,27076384.0,166.5,167.0,166.5,167.0,1.0,172.0
2017-09-13,8422,86224.0,14400132.0,167.5,167.5,166.5,167.0,0.0,111.0
2017-09-14,8422,76626.0,12825294.0,167.0,168.0,166.5,168.0,1.0,92.0
2017-09-15,8422,106418.0,17944060.0,168.5,169.0,168.0,169.0,1.0,120.0
2017-09-18,8422,87872.0,14821868.0,169.0,169.5,168.0,168.5,-0.5,116.0
2017-09-19,8422,117794.0,19811284.0,169.5,169.5,167.5,167.5,-1.0,136.0
2017-09-20,8422,182259.0,30442512.0,167.5,168.5,166.5,167.0,-0.5,193.0
2017-09-21,8422,147500.0,24777246.0,168.0,168.5,167.5,168.0,1.0,127.0
2017-09-22,8422,282005.0,47781344.0,168.5,170.5,168.0,169.0,1.0,237.0
2017-09-25,8422,292450.0,49506000.0,169.5,170.0,168.5,169.5,0.5,286.0
2017-09-26,8422,402005.0,68385850.0,170.0,170.5,168.5,169.0,-0.5,198.0
2017-09-27,8422,84500.0,14361000.0,170.5,170.5,169.5,170.0,1.0,88.0
2017-09-28,8422,106800.0,18018700.0,169.5,169.5,168.0,168.0,-2.0,118.0
2017-09-29,8422,83650.0,14087000.0,168.0,170.0,167.5,170.0,2.0,94.0
2017-09-30,8422,33030.0,5587084.0,168.5,170.0,168.5,169.0,-1.0,42.0
2017-10-02,8422,65300.0,11026844.0,168.0,169.5,168.0,169.5,0.5,83.0
2017-10-03,8422,103958.0,17489902.0,169.0,169.5,167.5,168.5,-1.0,113.0
2017-10-05,8422,78193.0,13177117.0,168.5,169.0,168.0,168.5,0.0,101.0
2017-10-06,8422,141176.0,23902920.0,169.0,170.0,168.5,169.0,0.5,128.0
2017-10-11,8422,126800.0,21559300.0,169.0,170.5,169.0,170.5,1.5,122.0
2017-10-12,8422,111022.0,18848262.0,170.0,170.5,169.0,170.5,0.0,118.0
2017-10-13,8422,63100.0,10708046.0,170.5,170.5,169.0,170.5,0.0,81.0
2017-10-16,8422,57816.0,9826120.0,170.5,170.5,169.5,170.0,-0.5,73.0
2017-10-17,8422,54099.0,9166830.0,170.0,170.0,169.0,169.0,-1.0,78.0
2017-10-18,8422,59710.0,10113200.0,169.5,170.0,169.0,170.0,1.0,72.0
2017-10-19,8422,64751.0,10976170.0,169.5,170.0,169.0,169.0,-1.0,64.0
2017-10-20,8422,454941.0,77678970.0,169.5,172.0,169.5,171.0,2.0,312.0
2017-10-23,8422,199995.0,34726135.0,172.0,175.5,172.0,173.0,2.0,199.0
2017-10-24,8422,181460.0,31643540.0,173.0,175.5,172.5,174.0,1.0,154.0
2017-10-25,8422,147974.0,25900429.0,174.0,176.0,173.5,175.5,1.5,154.0
2017-10-26,8422,117580.0,20529920.0,175.5,176.0,173.5,173.5,-2.0,129.0
2017-10-27,8422,90700.0,15741450.0,173.5,174.5,173.0,173.0,-0.5,80.0
2017-10-30,8422,79172.0,13709012.0,173.0,173.5,173.0,173.0,0.0,68.0
2017-10-31,8422,73590.0,12754660.0,173.0,174.0,172.5,173.5,0.5,73.0
2017-11-01,8422,47440.0,8205060.0,173.0,174.0,172.5,173.0,-0.5,45.0
2017-11-02,8422,49600.0,8601400.0,173.0,174.0,173.0,173.5,0.5,55.0
2017-11-03,8422,68468.0,11839664.0,173.0,173.5,172.5,173.5,0.0,74.0
2017-11-06,8422,115628.0,20270900.0,175.0,178.0,174.0,174.0,0.5,127.0
2017-11-07,8422,153762.0,26512704.0,173.0,173.0,172.0,172.0,-2.0,146.0
2017-11-08,8422,82100.0,14180849.0,172.0,173.5,172.0,173.0,1.0,85.0
2017-11-09,8422,230060.0,40135906.0,173.5,176.0,172.5,173.0,0.0,202.0
2017-11-10,8422,97600.0,16914900.0,173.0,174.0,172.5,173.5,0.5,103.0
2017-11-13,8422,300857.0,51795261.0,173.0,174.0,171.5,172.0,-1.5,194.0
2017-11-14,8422,288879.0,49355747.0,172.0,172.5,170.0,170.0,-2.0,201.0
2017-11-15,8422,156115.0,26705395.0,171.0,172.0,170.0,172.0,2.0,150.0
2017-11-16,8422,136571.0,23385712.0,172.0,172.5,170.5,171.0,-1.0,157.0
2017-11-17,8422,58804.0,10061386.0,171.5,172.0,170.5,170.5,-0.5,82.0
2017-11-20,8422,54590.0,9341480.0,171.5,172.0,170.5,171.0,0.5,79.0
2017-11-21,8422,111000.0,19077997.0,172.0,172.5,171.5,171.5,0.5,96.0
2017-11-22,8422,189201.0,32792974.0,172.0,174.5,172.0,173.5,2.0,204.0
2017-11-23,8422,114061.0,19666614.0,173.0,173.0,172.0,173.0,-0.5,109.0
2017-11-24,8422,180260.0,31093480.0,173.0,173.5,172.0,172.5,-0.5,108.0
2017-11-27,8422,44468.0,7680695.0,173.0,173.0,172.5,172.5,0.0,63.0
2017-11-28,8422,69633.0,11982689.0,172.5,172.5,171.5,171.5,-1.0,77.0
2017-11-29,8422,39000.0,6696500.0,172.0,172.5,171.5,172.5,1.0,36.0
2017-11-30,8422,137451.0,23732023.0,172.5,173.0,172.0,172.5,0.0,141.0
2017-12-01,8422,115389.0,19857101.0,173.0,173.0,171.5,172.0,-0.5,101.0
2017-12-04,8422,121633.0,20995775.0,172.0,175.0,171.5,174.5,2.5,116.0
2017-12-05,8422,159320.0,27739680.0,174.5,175.0,172.5,174.0,-0.5,164.0
2017-12-06,8422,180240.0,31403500.0,174.5,175.0,173.5,174.0,0.0,182.0
2017-12-07,8422,427176.0,75449059.0,176.0,179.0,175.5,175.5,1.5,367.0
2017-12-08,8422,265505.0,46033875.0,175.5,176.0,172.5,174.0,-1.5,237.0
2017-12-11,8422,114824.0,19882376.0,173.0,174.0,172.5,173.0,-1.0,129.0
2017-12-12,8422,154250.0,26816870.0,173.0,175.0,173.0,173.0,0.0,177.0
2017-12-13,8422,105000.0,18208497.0,173.0,174.5,173.0,173.0,0.0,118.0
2017-12-14,8422,121270.0,21068840.0,173.0,175.0,173.0,173.5,0.5,130.0
2017-12-15,8422,188716.0,32830440.0,173.5,175.5,173.5,173.5,0.0,194.0
2017-12-18,8422,156600.0,27253196.0,173.5,174.5,173.5,174.0,0.5,149.0
2017-12-19,8422,117272.0,20433100.0,174.0,174.5,174.0,174.0,0.0,107.0
2017-12-20,8422,180089.0,31411616.0,174.0,175.0,173.5,175.0,1.0,159.0
2017-12-21,8422,233110.0,41012407.0,175.0,176.5,175.0,176.5,1.5,214.0
2017-12-22,8422,96350.0,16936600.0,176.5,176.5,175.5,175.5,-1.0,99.0
2017-12-25,8422,51089.0,8924575.0,175.5,175.5,174.0,175.0,-0.5,72.0
2017-12-26,8422,74267.0,12913086.0,174.5,174.5,173.5,173.5,-1.5,85.0
2017-12-27,8422,77930.0,13544284.0,173.5,174.5,173.5,173.5,0.0,77.0
2017-12-28,8422,81000.0,14102999.0,173.5,175.0,173.5,173.5,0.0,81.0
2017-12-29,8422,95817.0,16721792.0,174.0,175.0,173.5,175.0,1.5,103.0
2018-01-02,8422,112301.0,19723925.0,175.0,176.0,175.0,176.0,1.0,100.0
2018-01-03,8422,158500.0,27734247.0,176.0,176.0,174.5,174.5,-1.5,162.0
2018-01-04,8422,170889.0,30046353.0,174.5,176.5,174.5,176.0,1.5,146.0
2018-01-05,8422,117907.0,20749039.0,177.0,177.0,175.5,176.0,0.0,120.0
2018-01-08,8422,162563.0,28567363.0,176.5,176.5,175.0,175.5,-0.5,145.0
2018-01-09,8422,395811.0,70277448.0,178.0,179.5,176.0,176.5,1.0,330.0
2018-01-10,8422,328602.0,58013054.0,177.0,177.5,176.0,176.0,-0.5,205.0
2018-01-11,8422,266070.0,46602779.0,176.0,176.5,174.5,174.5,-1.5,261.0
2018-01-12,8422,297265.0,51927006.0,174.5,176.0,174.0,174.5,0.0,232.0
2018-01-15,8422,268833.0,47009185.0,175.0,175.0,174.5,174.5,0.0,213.0
2018-01-16,8422,193492.0,33857092.0,175.5,175.5,174.5,174.5,0.0,138.0
2018-01-17,8422,217478.0,38036128.0,174.5,175.5,174.5,175.0,0.5,197.0
2018-01-18,8422,232465.0,40693340.0,175.0,176.0,174.5,174.5,-0.5,206.0
2018-01-19,8422,284400.0,49646900.0,174.5,175.5,174.0,174.0,-0.5,205.0
2018-01-22,8422,249100.0,43400000.0,174.0,175.0,173.5,174.0,0.0,213.0
2018-01-23,8422,172040.0,30042540.0,174.0,175.0,174.0,175.0,1.0,132.0
2018-01-24,8422,214635.0,37385438.0,175.0,175.5,173.5,174.0,-1.0,205.0
2018-01-25,8422,279389.0,48477186.0,173.5,174.5,173.0,173.0,-1.0,239.0
2018-01-26,8422,279848.0,48335052.0,173.5,174.0,172.0,173.0,0.0,274.0
2018-01-29,8422,232163.0,40073775.0,173.0,174.0,172.0,172.5,-0.5,203.0
2018-01-30,8422,184104.0,31711992.0,172.5,173.0,172.0,172.0,-0.5,169.0
2018-01-31,8422,266724.0,45795386.0,172.0,172.5,171.0,171.5,-0.5,248.0
2018-02-01,8422,222888.0,38416567.0,171.5,173.0,171.5,172.5,1.0,150.0
2018-02-02,8422,199252.0,34245096.0,172.0,172.5,171.0,172.0,-0.5,199.0
2018-02-05,8422,275869.0,47157468.0,171.5,171.5,170.5,171.0,-1.0,249.0
2018-02-06,8422,582785.0,99016735.0,170.5,171.0,169.0,170.5,-0.5,536.0
2018-02-07,8422,655129.0,113982871.0,172.0,175.0,171.5,173.0,2.5,538.0
2018-02-08,8422,199195.0,34563829.0,174.5,175.0,172.0,172.5,-0.5,155.0
2018-02-09,8422,230311.0,39740425.0,171.0,174.0,170.5,174.0,1.5,193.0
2018-02-12,8422,278795.0,48663625.0,174.5,176.0,173.5,174.5,0.5,238.0
2018-02-21,8422,538009.0,94759093.0,175.0,177.0,174.5,176.5,2.0,435.0
2018-02-22,8422,716864.0,127882156.0,177.0,180.0,176.5,178.5,2.0,506.0
2018-02-23,8422,506111.0,90789980.0,179.5,180.0,178.5,179.5,1.0,377.0
2018-02-26,8422,271263.0,48627577.0,180.0,180.0,178.5,178.5,-1.0,230.0
2018-02-27,8422,282250.0,50041750.0,178.0,178.5,176.5,176.5,-2.0,235.0
2018-03-01,8422,1476884.0,269369272.0,176.5,185.0,176.5,183.0,6.5,1052.0
2018-03-02,8422,657409.0,120742545.0,182.5,185.0,182.0,183.0,0.0,511.0
2018-03-05,8422,584994.0,105647420.0,184.5,184.5,179.0,179.0,-4.0,419.0
2018-03-06,8422,146500.0,26411247.0,179.5,181.5,179.5,180.5,1.5,126.0
2018-03-07,8422,535009.0,97397138.0,181.0,184.0,180.0,181.5,1.0,455.0
2018-03-08,8422,225178.0,40983896.0,181.5,183.5,180.5,181.0,-0.5,232.0
2018-03-09,8422,287675.0,52257683.0,181.5,182.5,181.0,182.0,1.0,245.0
2018-03-12,8422,343682.0,62714961.0,183.0,183.0,181.0,182.0,0.0,317.0
2018-03-13,8422,565681.0,104150485.0,183.0,186.5,182.0,183.5,1.5,455.0
2018-03-14,8422,228963.0,42151655.0,183.5,185.0,183.0,183.5,0.0,206.0
2018-03-15,8422,262378.0,48183854.0,183.5,185.0,182.5,183.0,-0.5,249.0
2018-03-16,8422,508200.0,91917200.0,182.5,183.5,180.0,180.0,-3.0,475.0
2018-03-19,8422,209298.0,38106681.0,180.5,183.0,180.5,182.0,2.0,171.0
2018-03-20,8422,59601.0,10810882.0,181.5,182.0,181.0,181.0,-1.0,70.0
2018-03-21,8422,192420.0,35013860.0,181.0,183.5,180.5,182.5,1.5,163.0
2018-03-22,8422,140228.0,25469110.0,181.5,182.5,181.0,181.0,-1.5,134.0
2018-03-23,8422,333033.0,59601473.0,178.0,180.0,177.5,179.0,-2.0,259.0
2018-03-26,8422,201907.0,36195760.0,179.0,180.5,178.0,178.0,-1.0,204.0
2018-03-27,8422,258102.0,46771768.0,179.0,182.5,179.0,181.5,3.5,231.0
2018-03-28,8422,156030.0,28178943.0,180.0,182.5,178.5,180.5,-1.0,148.0
2018-03-29,8422,131635.0,23921205.0,180.0,182.5,180.0,182.5,2.0,112.0
2018-03-30,8422,143079.0,26115536.0,182.5,183.0,181.5,183.0,0.5,136.0
2018-03-31,8422,1035733.0,197655270.0,185.5,193.5,185.5,190.0,7.0,856.0
2018-04-02,8422,1129461.0,221028533.0,193.5,198.0,192.5,197.5,7.5,944.0
2018-04-03,8422,632636.0,122781884.0,197.0,197.0,190.5,194.0,-3.5,598.0
2018-04-09,8422,353630.0,67881590.0,195.5,195.5,191.0,191.5,-2.5,294.0
2018-04-10,8422,790245.0,153742285.0,195.0,197.5,192.0,194.0,2.5,727.0
2018-04-11,8422,338550.0,65342868.0,195.0,195.5,192.0,192.5,-1.5,314.0
2018-04-12,8422,472466.0,90239737.0,192.5,192.5,190.0,191.0,-1.5,369.0
2018-04-13,8422,280655.0,53833415.0,191.0,192.5,190.5,192.0,1.0,274.0
2018-04-16,8422,286323.0,54462193.0,190.5,191.0,189.5,190.0,-2.0,281.0
2018-04-17,8422,268522.0,51133724.0,192.0,192.0,189.5,190.0,0.0,252.0
2018-04-18,8422,212875.0,40582625.0,190.0,191.5,190.0,191.0,1.0,220.0
2018-04-19,8422,253717.0,48476947.0,191.0,191.5,190.0,191.0,0.0,244.0
2018-04-20,8422,220028.0,41978848.0,190.0,191.0,190.0,190.5,-0.5,148.0
2018-04-23,8422,174558.0,33327636.0,190.5,191.5,190.5,191.5,1.0,142.0
2018-04-24,8422,479677.0,89902776.0,191.0,191.5,185.0,187.5,-4.0,440.0
2018-04-25,8422,230625.0,43538559.0,187.5,190.5,185.5,190.5,3.0,229.0
2018-04-26,8422,170300.0,32250148.0,190.5,191.0,188.5,189.0,-1.5,158.0
2018-04-27,8422,106120.0,20149040.0,189.5,190.0,189.5,190.0,1.0,103.0
2018-04-30,8422,180214.0,34237909.0,190.5,191.0,188.5,190.5,0.5,158.0
2018-05-02,8422,141476.0,26855392.0,190.5,190.5,189.0,190.0,-0.5,136.0
2018-05-03,8422,258526.0,49108753.0,190.0,191.0,188.5,191.0,1.0,238.0
2018-05-04,8422,123819.0,23433110.0,191.0,191.0,188.5,189.0,-2.0,137.0
2018-05-07,8422,304366.0,58152040.0,192.0,193.0,189.5,189.5,0.5,244.0
2018-05-08,8422,399851.0,76564743.0,190.5,192.0,190.5,191.0,1.5,270.0
2018-05-09,8422,199257.0,38140615.0,191.5,191.5,191.0,191.5,0.5,161.0
2018-05-10,8422,176100.0,33719800.0,192.0,192.0,191.0,191.5,0.0,135.0
2018-05-11,8422,632126.0,121601496.0,192.0,194.0,191.5,194.0,2.5,447.0
2018-05-14,8422,307167.0,59738565.0,194.5,196.5,193.0,193.5,-0.5,255.0
2018-05-15,8422,383120.0,73314540.0,194.0,194.0,190.5,190.5,-3.0,308.0
2018-05-16,8422,280806.0,53679344.0,191.5,191.5,190.0,190.5,0.0,255.0
2018-05-17,8422,151160.0,28884220.0,190.5,192.0,190.5,190.5,0.0,147.0
2018-05-18,8422,187071.0,35677632.0,191.0,191.5,190.0,191.0,0.5,176.0
2018-05-21,8422,199399.0,38208108.0,191.0,192.5,191.0,191.0,0.0,162.0
2018-05-22,8422,219737.0,41864868.0,191.5,191.5,190.0,191.5,0.5,193.0
2018-05-23,8422,246004.0,46766764.0,191.5,191.5,189.5,189.5,-2.0,227.0
2018-05-24,8422,118900.0,22568900.0,190.0,190.5,189.5,190.0,0.5,112.0
2018-05-25,8422,176130.0,33467830.0,191.0,191.0,189.5,190.0,0.0,151.0
2018-05-28,8422,169265.0,32153115.0,190.5,190.5,189.5,190.0,0.0,153.0
2018-05-29,8422,133304.0,25295564.0,190.0,190.0,189.5,190.0,0.0,130.0
2018-05-30,8422,182606.0,34569246.0,189.5,190.0,188.5,190.0,0.0,170.0
2018-05-31,8422,447388.0,85678073.0,189.0,192.5,189.0,192.5,2.5,325.0
2018-06-01,8422,199825.0,38410900.0,192.5,193.5,191.0,192.0,-0.5,169.0
2018-06-04,8422,373677.0,71448307.0,192.0,192.5,190.5,190.5,-1.5,269.0
2018-06-05,8422,409100.0,78295147.0,191.5,192.5,190.5,190.5,0.0,233.0
2018-06-06,8422,181716.0,34687110.0,190.5,191.5,190.5,191.0,0.5,149.0
2018-06-07,8422,203700.0,39039800.0,192.5,193.0,191.0,191.0,0.0,146.0
2018-06-08,8422,162251.0,31065315.0,191.0,192.0,191.0,191.0,0.0,132.0
2018-06-11,8422,219154.0,41784986.0,191.5,191.5,190.0,190.0,-1.0,212.0
2018-06-12,8422,404291.0,76487790.0,190.0,190.0,188.5,188.5,-1.5,336.0
2018-06-13,8422,214000.0,40551499.0,189.0,190.0,189.0,189.5,1.0,198.0
2018-06-14,8422,227310.0,43395020.0,189.5,192.0,189.0,191.0,1.5,184.0
2018-06-15,8422,144025.0,27506783.0,191.0,191.5,190.0,191.0,0.0,136.0
2018-06-19,8422,518194.0,97898455.0,191.0,191.0,188.0,189.0,-2.0,424.0
2018-06-20,8422,243319.0,46122110.0,189.0,190.5,188.5,188.5,-0.5,252.0
2018-06-21,8422,225124.0,42550060.0,190.0,190.0,188.5,189.0,0.5,242.0
2018-06-22,8422,191053.0,35983017.0,189.0,189.0,188.0,188.0,-1.0,209.0
2018-06-25,8422,313403.0,58847667.0,188.5,189.0,187.0,188.0,0.0,286.0
2018-06-26,8422,266049.0,49942761.0,187.5,189.0,186.5,189.0,1.0,261.0
2018-06-27,8422,206640.0,39256559.0,189.0,191.0,188.5,191.0,2.0,183.0
2018-06-28,8422,113275.0,21614800.0,190.5,191.5,190.0,191.0,0.0,106.0
2018-06-29,8422,50490.0,9636580.0,191.0,191.5,190.5,191.0,0.0,60.0
2018-07-02,8422,119444.0,22777692.0,191.0,191.0,190.0,191.0,0.0,94.0
2018-07-03,8422,137662.0,26250270.0,191.0,191.0,190.0,190.0,-1.0,128.0
2018-07-04,8422,126646.0,24080559.0,190.0,190.5,190.0,190.0,0.0,119.0
2018-07-05,8422,187782.0,35580080.0,190.5,190.5,189.0,189.5,-0.5,185.0
2018-07-06,8422,432778.0,81349145.0,189.5,189.5,187.0,187.0,-2.5,360.0
2018-07-09,8422,490200.0,92094394.0,187.0,188.5,187.0,188.5,1.5,371.0
2018-07-10,8422,313664.0,56510348.0,178.5,181.5,178.5,180.5,0.0,308.0
2018-07-11,8422,125260.0,22552320.0,180.5,181.0,179.0,180.0,-0.5,130.0
2018-07-12,8422,71968.0,12990156.0,180.0,181.0,179.5,181.0,1.0,97.0
2018-07-13,8422,175353.0,31936952.0,182.0,183.0,181.5,182.0,1.0,150.0
2018-07-16,8422,133300.0,24254046.0,182.0,182.5,181.0,182.5,0.5,128.0
2018-07-17,8422,174590.0,32072650.0,183.0,184.0,183.0,183.5,1.0,178.0
2018-07-18,8422,198132.0,36603052.0,184.5,185.5,184.0,184.5,1.0,178.0
2018-07-19,8422,108079.0,20064273.0,186.0,186.0,185.0,185.5,1.0,112.0
2018-07-20,8422,154360.0,28621495.0,186.0,186.5,184.5,186.5,1.0,164.0
2018-07-23,8422,312449.0,58739412.0,187.0,189.0,187.0,187.5,1.0,298.0
2018-07-24,8422,286300.0,53713546.0,187.5,188.5,186.5,188.0,0.5,274.0
2018-07-25,8422,192123.0,36061183.0,188.0,188.5,187.0,187.0,-1.0,137.0
2018-07-26,8422,174410.0,32499875.0,186.5,187.0,185.5,186.0,-1.0,162.0
2018-07-27,8422,118040.0,21928480.0,185.5,187.0,185.0,187.0,1.0,143.0
2018-07-30,8422,45718.0,8521766.0,187.0,187.0,186.0,186.5,-0.5,77.0
2018-07-31,8422,76052.0,14141672.0,186.5,186.5,185.5,185.5,-1.0,99.0
2018-08-01,8422,180100.0,33370000.0,185.5,186.0,184.5,184.5,-1.0,177.0
2018-08-02,8422,121101.0,22285584.0,185.0,185.0,183.0,183.0,-1.5,151.0
2018-08-03,8422,119977.0,22051756.0,184.0,184.5,183.0,183.5,0.5,120.0
2018-08-06,8422,230433.0,42189385.0,183.5,184.0,182.0,183.0,-0.5,228.0
2018-08-07,8422,212450.0,38986700.0,183.5,184.5,183.0,183.5,0.5,130.0
2018-08-08,8422,222600.0,40990100.0,184.0,185.5,183.5,184.5,1.0,111.0
2018-08-09,8422,192330.0,35439550.0,185.0,185.0,183.5,184.0,-0.5,86.0
2018-08-10,8422,251350.0,45912400.0,184.5,184.5,182.0,182.5,-1.5,240.0
2018-08-13,8422,202478.0,36769974.0,182.5,183.5,181.0,181.5,-1.0,215.0
2018-08-14,8422,103876.0,19003684.0,182.5,183.5,182.5,183.0,1.5,113.0
2018-08-15,8422,334039.0,60873150.0,183.0,183.5,181.0,182.0,-1.0,257.0
2018-08-16,8422,253509.0,45799387.0,181.0,181.5,180.0,181.0,-1.0,221.0
2018-08-17,8422,111220.0,20152647.0,181.0,182.0,180.5,181.0,0.0,118.0
2018-08-20,8422,228499.0,41192062.0,181.0,181.0,179.5,181.0,0.0,248.0
2018-08-21,8422,164113.0,29693066.0,181.5,181.5,180.5,181.0,0.0,164.0
2018-08-22,8422,136799.0,24641619.0,181.5,181.5,179.5,179.5,-1.5,165.0
2018-08-23,8422,160262.0,28733287.0,179.5,180.0,179.0,179.5,0.0,177.0
2018-08-24,8422,159348.0,28423959.0,179.0,179.0,178.0,178.0,-1.5,195.0
2018-08-27,8422,92979.0,16637208.0,178.0,180.0,178.0,179.0,1.0,107.0
2018-08-28,8422,139428.0,24893040.0,178.5,179.0,178.0,179.0,0.0,160.0
2018-08-29,8422,104715.0,18796056.0,179.0,180.0,179.0,179.0,0.0,110.0
2018-08-30,8422,131306.0,23608886.0,179.0,180.5,179.0,180.0,1.0,114.0
2018-08-31,8422,127790.0,23074780.0,180.0,181.5,179.5,181.5,1.5,115.0
2018-09-03,8422,103993.0,18736724.0,180.0,181.0,180.0,180.0,-1.5,117.0
2018-09-04,8422,78560.0,14121573.0,180.0,180.0,179.0,180.0,0.0,113.0
2018-09-05,8422,97201.0,17446680.0,180.0,180.0,179.0,179.0,-1.0,123.0
2018-09-06,8422,71098.0,12712140.0,179.0,179.0,178.5,178.5,-0.5,90.0
2018-09-07,8422,129171.0,23025109.0,178.0,179.5,178.0,178.0,-0.5,150.0
2018-09-10,8422,207006.0,36651068.0,178.0,179.0,176.0,176.5,-1.5,215.0
2018-09-11,8422,88916.0,15704548.0,177.0,177.5,176.0,177.0,0.5,158.0
2018-09-12,8422,122199.0,21743714.0,178.0,178.5,177.0,178.5,1.5,138.0
2018-09-13,8422,70889.0,12611131.0,178.5,178.5,177.5,177.5,-1.0,92.0
2018-09-14,8422,174998.0,30955137.0,178.5,178.5,176.0,177.0,-0.5,219.0
2018-09-17,8422,181676.0,31924152.0,177.0,177.0,175.0,176.0,-1.0,242.0
2018-09-18,8422,262822.0,45891756.0,176.0,176.0,174.0,174.0,-2.0,298.0
2018-09-19,8422,252209.0,43958075.0,174.0,175.0,174.0,174.0,0.0,296.0
2018-09-20,8422,95897.0,16713475.0,174.0,175.0,174.0,174.0,0.0,130.0
2018-09-21,8422,154467.0,27027947.0,175.5,175.5,174.5,175.0,1.0,185.0
2018-09-25,8422,89580.0,15690283.0,175.5,175.5,175.0,175.0,0.0,130.0
2018-09-26,8422,149520.0,26220257.0,175.5,176.0,175.0,175.0,0.0,174.0
2018-09-27,8422,310517.0,54013475.0,175.0,175.5,173.0,173.0,-2.0,350.0
2018-09-28,8422,149732.0,26034100.0,173.0,174.5,173.0,174.5,1.5,175.0
2018-10-01,8422,59133.0,10349408.0,175.0,175.5,174.0,175.0,0.5,95.0
2018-10-02,8422,55854.0,9734950.0,175.0,175.0,174.0,174.0,-1.0,80.0
2018-10-03,8422,134599.0,23399825.0,173.5,174.5,173.5,173.5,-0.5,151.0
2018-10-04,8422,167498.0,29193650.0,174.0,175.0,174.0,174.0,0.5,189.0
2018-10-05,8422,672716.0,117412435.0,174.0,174.0,172.5,173.0,-1.0,213.0
2018-10-08,8422,92027.0,15941198.0,173.0,173.5,173.0,173.0,0.0,134.0
2018-10-09,8422,196126.0,33950924.0,173.0,174.5,172.5,173.5,0.5,233.0
2018-10-11,8422,570907.0,96573097.0,171.0,171.0,168.0,169.0,-4.5,576.0
2018-10-12,8422,338395.0,57375729.0,168.5,172.0,167.0,170.0,1.0,352.0
2018-10-15,8422,243638.0,41332960.0,170.5,172.0,169.0,169.0,-1.0,274.0
2018-10-16,8422,115408.0,19564768.0,170.0,170.5,168.5,170.0,1.0,162.0
2018-10-17,8422,215685.0,36889155.0,170.5,172.0,170.0,172.0,2.0,221.0
2018-10-18,8422,177514.0,30226394.0,171.0,171.0,169.5,169.5,-2.5,199.0
2018-10-19,8422,266736.0,46068800.0,169.0,175.0,168.5,175.0,5.5,236.0
2018-10-22,8422,176187.0,30520129.0,173.0,174.5,172.5,173.0,-2.0,155.0
2018-10-23,8422,207399.0,35360729.0,173.0,173.0,169.5,170.0,-3.0,241.0
2018-10-24,8422,137238.0,23371198.0,170.5,171.5,169.5,170.0,0.0,150.0
2018-10-25,8422,178663.0,30153710.0,168.0,169.5,168.0,169.0,-1.0,203.0
2018-10-26,8422,184520.0,31285652.0,169.5,170.5,168.5,170.5,1.5,183.0
2018-10-29,8422,79566.0,13475720.0,170.5,170.5,169.0,169.0,-1.5,91.0
2018-10-30,8422,121699.0,20523477.0,169.0,170.0,168.0,169.0,0.0,140.0
2018-10-31,8422,180188.0,30583148.0,169.0,170.5,169.0,170.5,1.5,160.0
2018-11-01,8422,155413.0,26342123.0,170.5,170.5,168.5,170.5,0.0,138.0
2018-11-02,8422,143341.0,24278137.0,170.5,170.5,169.0,169.5,-1.0,151.0
2018-11-05,8422,145837.0,24592290.0,169.5,169.5,168.0,169.0,-0.5,176.0
2018-11-06,8422,180052.0,30554840.0,169.5,170.5,169.0,169.5,0.5,190.0
2018-11-07,8422,200414.0,33975083.0,169.5,170.5,169.0,169.5,0.0,201.0
2018-11-08,8422,172517.0,29245139.0,170.0,170.5,169.0,169.5,0.0,205.0
2018-11-09,8422,131198.0,22215660.0,169.5,170.0,169.0,169.5,0.0,168.0
2018-11-12,8422,479037.0,80448790.0,169.0,170.0,166.5,169.0,-0.5,387.0
2018-11-13,8422,92326.0,15584420.0,168.0,169.5,167.0,169.0,0.0,113.0
2018-11-14,8422,181000.0,30671500.0,169.0,169.5,169.0,169.5,0.5,119.0
2018-11-15,8422,113100.0,19167250.0,169.5,170.0,169.0,169.5,0.0,98.0
2018-11-16,8422,102170.0,17327479.0,170.0,170.0,169.0,169.5,0.0,124.0
2018-11-19,8422,128949.0,21764330.0,170.0,170.0,168.0,169.5,0.0,151.0
2018-11-20,8422,93999.0,15866826.0,169.5,169.5,168.5,168.5,-1.0,116.0
2018-11-21,8422,175687.0,29534103.0,168.5,168.5,167.5,168.0,-0.5,206.0
2018-11-22,8422,53816.0,9068404.0,168.5,169.0,168.0,168.5,0.5,88.0
2018-11-23,8422,84519.0,14204943.0,168.0,168.5,168.0,168.0,-0.5,123.0
2018-11-26,8422,106999.0,18087828.0,168.0,169.5,168.0,168.0,0.0,113.0
2018-11-27,8422,49415.0,8366332.0,168.5,169.5,168.5,169.5,1.5,76.0
2018-11-28,8422,117400.0,19829296.0,169.5,169.5,168.0,168.5,-1.0,108.0
2018-11-29,8422,143708.0,24252652.0,170.0,170.0,168.0,168.5,0.0,163.0
2018-11-30,8422,205069.0,34594161.0,168.5,169.0,168.5,168.5,0.0,152.0
2018-12-03,8422,252525.0,42783250.0,169.0,170.0,168.5,169.5,1.0,215.0
2018-12-04,8422,173144.0,29296405.0,169.5,169.5,168.5,168.5,-1.0,169.0
2018-12-05,8422,75699.0,12747631.0,168.5,169.0,168.0,168.5,0.0,98.0
2018-12-06,8422,175248.0,29464029.0,168.5,169.0,168.0,169.0,0.5,166.0
2018-12-07,8422,174630.0,29386970.0,168.5,169.0,168.0,168.5,-0.5,165.0
2018-12-10,8422,51880.0,8734220.0,168.5,168.5,168.0,168.5,0.0,81.0
2018-12-11,8422,106885.0,17964065.0,169.0,169.0,168.0,168.0,-0.5,132.0
2018-12-12,8422,130295.0,21891855.0,168.0,169.0,167.5,168.0,0.0,144.0
2018-12-13,8422,69305.0,11677545.0,168.5,169.0,168.0,168.5,0.5,92.0
2018-12-14,8422,87699.0,14774631.0,168.5,169.0,168.0,168.0,-0.5,110.0
2018-12-17,8422,165536.0,27762305.0,168.0,168.5,167.0,168.0,0.0,188.0
2018-12-18,8422,262784.0,43953212.0,167.5,168.0,167.0,167.0,-1.0,235.0
2018-12-19,8422,141613.0,23669484.0,167.0,167.5,166.5,167.5,0.5,157.0
2018-12-20,8422,122843.0,20512195.0,167.0,167.5,166.5,167.0,-0.5,123.0
2018-12-21,8422,203761.0,33938587.0,167.0,167.0,166.0,166.0,-1.0,201.0
2018-12-22,8422,41161.0,6858466.0,166.5,167.0,166.5,166.5,0.5,58.0
2018-12-24,8422,68726.0,11443242.0,167.0,167.0,166.0,166.5,0.0,101.0
2018-12-25,8422,112339.0,18667777.0,166.0,167.0,166.0,166.5,0.0,125.0
2018-12-26,8422,101940.0,16986480.0,166.5,168.0,166.0,166.0,-0.5,127.0
2018-12-27,8422,67179.0,11201893.0,167.5,167.5,166.0,166.5,0.5,82.0
2018-12-28,8422,124994.0,20754998.0,166.5,166.5,165.5,166.5,0.0,140.0
2019-01-02,8422,60049.0,9981183.0,166.5,167.0,166.0,166.0,-0.5,84.0
2019-01-03,8422,46889.0,7797463.0,166.0,167.0,166.0,166.0,0.0,73.0
2019-01-04,8422,91849.0,15200852.0,166.0,166.0,165.0,165.5,-0.5,115.0
2019-01-07,8422,130610.0,21777480.0,166.5,167.5,165.5,167.0,1.5,134.0
2019-01-08,8422,56184.0,9407912.0,167.5,168.0,167.0,167.5,0.5,71.0
2019-01-09,8422,234552.0,39845114.0,167.5,170.5,167.5,170.5,3.0,238.0
2019-01-10,8422,91616.0,15567720.0,171.0,171.0,169.0,169.5,-1.0,105.0
2019-01-11,8422,75649.0,12836830.0,169.5,170.0,169.0,169.0,-0.5,97.0
2019-01-14,8422,45809.0,7758839.0,169.0,169.5,169.0,169.0,0.0,49.0
2019-01-15,8422,73248.0,12408160.0,170.0,170.0,169.0,169.5,0.5,113.0
2019-01-16,8422,56155.0,9503850.0,169.0,169.5,169.0,169.5,0.0,73.0
2019-01-17,8422,150170.0,25362730.0,169.0,169.5,168.5,168.5,-1.0,134.0
2019-01-18,8422,82013.0,13927723.0,168.5,170.5,168.5,170.5,2.0,93.0
2019-01-21,8422,52693.0,8997342.0,171.0,171.0,170.5,171.0,0.5,66.0
2019-01-22,8422,61550.0,10499321.0,171.0,171.0,170.5,170.5,-0.5,68.0
2019-01-23,8422,70748.0,12036408.0,170.5,171.0,169.5,170.0,-0.5,62.0
2019-01-24,8422,61560.0,10491320.0,170.0,171.0,170.0,170.5,0.5,65.0
2019-01-25,8422,63616.0,10836143.0,170.0,170.5,170.0,170.0,-0.5,66.0
2019-01-28,8422,71239.0,12149108.0,170.5,171.0,170.0,171.0,1.0,94.0
2019-01-29,8422,154690.0,26322640.0,171.0,171.0,169.5,170.0,-1.0,166.0
2019-01-30,8422,114366.0,19450586.0,170.0,170.5,169.5,169.5,-0.5,110.0
2019-02-11,8422,224271.0,38218112.0,170.0,171.0,170.0,170.5,1.0,178.0
2019-02-12,8422,142297.0,24229932.0,170.5,170.5,170.0,170.0,-0.5,141.0
2019-02-13,8422,209371.0,35705613.0,170.0,171.5,170.0,170.5,0.5,221.0
2019-02-14,8422,168599.0,28732620.0,171.0,171.0,170.0,170.0,-0.5,168.0
2019-02-15,8422,84929.0,14473859.0,170.0,170.5,170.0,170.5,0.5,111.0
2019-02-18,8422,157349.0,26838179.0,170.5,171.0,170.0,170.5,0.0,173.0
2019-02-19,8422,327052.0,55670392.0,171.0,171.0,169.5,170.5,0.0,213.0
2019-02-20,8422,119996.0,20474807.0,170.5,171.0,170.0,171.0,0.5,136.0
2019-02-21,8422,162929.0,27867288.0,171.0,171.5,170.5,171.5,0.5,174.0
2019-02-22,8422,311632.0,54058275.0,172.0,174.5,171.5,174.5,3.0,289.0
2019-02-25,8422,289932.0,51007923.0,175.0,177.5,174.0,177.0,2.5,309.0
2019-02-26,8422,158645.0,27794875.0,177.0,177.0,174.0,174.5,-2.5,163.0
2019-02-27,8422,96619.0,16925130.0,175.0,176.0,174.5,175.0,0.5,106.0
2019-03-04,8422,102962.0,18051312.0,175.5,176.0,175.0,175.0,0.0,110.0
2019-03-05,8422,147000.0,25527995.0,175.0,175.0,173.0,173.5,-1.5,142.0
2019-03-06,8422,115901.0,20142774.0,173.0,174.5,173.0,173.5,0.0,120.0
2019-03-07,8422,177272.0,30831328.0,173.5,175.5,173.0,173.5,0.0,197.0
2019-03-08,8422,98544.0,17161656.0,173.0,175.0,173.0,174.0,0.5,129.0
2019-03-11,8422,203593.0,35102589.0,174.0,174.0,171.5,172.0,-2.0,229.0
2019-03-12,8422,112214.0,19469236.0,172.5,174.0,172.5,173.5,1.5,115.0
2019-03-13,8422,78199.0,13566022.0,174.5,174.5,173.0,173.0,-0.5,81.0
2019-03-14,8422,93230.0,16248020.0,173.5,174.5,173.5,174.5,1.5,119.0
2019-03-15,8422,210955.0,36647170.0,174.5,175.0,173.0,173.5,-1.0,214.0
2019-03-18,8422,196159.0,33858007.0,173.5,173.5,172.0,172.0,-1.5,217.0
2019-03-19,8422,258741.0,44516193.0,172.0,173.0,171.5,172.0,0.0,273.0
2019-03-20,8422,113101.0,19444973.0,172.0,172.5,171.5,172.0,0.0,123.0
2019-03-21,8422,183163.0,31568776.0,173.0,173.0,172.0,172.5,0.5,181.0
2019-03-22,8422,167944.0,28950812.0,172.5,173.0,172.0,172.0,-0.5,183.0
2019-03-25,8422,148408.0,25419176.0,172.0,172.0,171.0,171.0,-1.0,172.0
2019-03-26,8422,107185.0,18374909.0,171.0,172.0,171.0,171.5,0.5,114.0
2019-03-27,8422,92061.0,15833053.0,171.5,172.5,171.5,172.0,0.5,96.0
2019-03-28,8422,116830.0,20117090.0,172.5,172.5,172.0,172.0,0.0,121.0
2019-03-29,8422,113045.0,19500804.0,172.5,173.0,172.0,173.0,1.0,101.0
2019-04-01,8422,124442.0,21539966.0,173.0,174.0,172.0,172.5,-0.5,161.0
2019-04-02,8422,142289.0,24484497.0,172.5,172.5,171.5,172.5,0.0,131.0
2019-04-03,8422,65431.0,11300063.0,173.0,173.0,172.5,172.5,0.0,76.0
2019-04-08,8422,88570.0,15290110.0,173.0,173.0,172.5,172.5,0.0,110.0
2019-04-09,8422,420348.0,71649508.0,172.0,172.0,169.5,170.5,-2.0,399.0
2019-04-10,8422,177839.0,30263043.0,171.0,171.0,170.0,170.0,-0.5,192.0
2019-04-11,8422,167487.0,28519777.0,170.0,171.0,170.0,170.5,0.5,139.0
2019-04-12,8422,477794.0,80553480.0,170.0,170.0,168.0,168.5,-2.0,448.0
2019-04-15,8422,151165.0,25578715.0,168.5,170.5,168.5,170.5,2.0,184.0
2019-04-16,8422,55117.0,9351390.0,170.5,171.0,169.0,169.5,-1.0,88.0
2019-04-17,8422,91699.0,15542830.0,169.0,170.5,169.0,169.5,0.0,106.0
2019-04-18,8422,158559.0,26764605.0,169.5,170.0,168.5,168.5,-1.0,148.0
2019-04-19,8422,79500.0,13407744.0,168.5,169.0,168.0,169.0,0.5,95.0
2019-04-22,8422,93996.0,16000301.0,169.0,170.5,169.0,170.5,1.5,126.0
2019-04-23,8422,138719.0,23716805.0,171.0,171.0,170.5,171.0,0.5,136.0
2019-04-24,8422,53939.0,9204569.0,171.0,171.0,170.0,170.5,-0.5,66.0
2019-04-25,8422,35249.0,6010079.0,170.5,170.5,170.5,170.5,0.0,39.0
2019-04-26,8422,38671.0,6577241.0,170.0,170.5,170.0,170.0,-0.5,57.0
2019-04-29,8422,83372.0,14206484.0,170.0,171.0,170.0,170.5,0.5,70.0
2019-04-30,8422,74834.0,12792028.0,171.0,171.5,170.5,170.5,0.0,88.0
2019-05-02,8422,106993.0,18263295.0,170.5,171.0,170.0,170.5,0.0,110.0
2019-05-03,8422,92557.0,15831804.0,171.5,171.5,170.5,171.0,0.5,76.0
2019-05-06,8422,89272.0,15199370.0,171.0,171.0,170.0,170.5,-0.5,119.0
2019-05-07,8422,59123.0,10058033.0,170.0,170.5,170.0,170.0,-0.5,75.0
2019-05-08,8422,73206.0,12418520.0,170.0,170.0,169.0,169.5,-0.5,97.0
2019-05-09,8422,93826.0,15896420.0,169.5,170.0,169.0,170.0,0.5,115.0
2019-05-10,8422,77027.0,13053090.0,170.0,170.0,169.0,169.5,-0.5,106.0
2019-05-13,8422,130219.0,22008230.0,169.5,169.5,168.5,169.0,-0.5,151.0
2019-05-14,8422,137390.0,23131300.0,168.0,169.5,167.5,169.5,0.5,151.0
2019-05-15,8422,132262.0,22322901.0,169.5,169.5,168.5,169.0,-0.5,148.0
2019-05-16,8422,88720.0,14968530.0,168.0,169.5,168.0,169.5,0.5,110.0
2019-05-17,8422,156569.0,26359161.0,169.5,169.5,168.0,168.0,-1.5,188.0
2019-05-20,8422,96548.0,16244831.0,168.0,168.5,168.0,168.5,0.5,116.0
2019-05-21,8422,109807.0,18515383.0,168.0,169.0,168.0,169.0,0.5,127.0
2019-05-22,8422,41055.0,6926295.0,169.0,169.0,168.5,168.5,-0.5,64.0
2019-05-23,8422,109100.0,18397949.0,168.5,169.0,168.0,168.5,0.0,107.0
2019-05-24,8422,108850.0,18381650.0,168.5,169.5,168.5,168.5,0.0,111.0
2019-05-27,8422,104120.0,17694953.0,169.5,170.5,169.0,170.0,1.5,119.0
2019-05-28,8422,212210.0,35898093.0,170.0,171.0,168.5,168.5,-1.5,169.0
2019-05-29,8422,88490.0,14974310.0,168.5,170.0,168.5,168.5,0.0,100.0
2019-05-30,8422,34862.0,5904040.0,168.5,169.5,168.5,169.5,1.0,48.0
2019-05-31,8422,95798.0,16237757.0,169.5,170.0,169.0,169.0,-0.5,112.0
2019-06-03,8422,79591.0,13470170.0,168.5,170.0,168.5,169.5,0.5,93.0
2019-06-04,8422,96049.0,16238304.0,169.5,170.0,168.5,168.5,-1.0,97.0
2019-06-05,8422,102501.0,17307669.0,169.0,169.5,168.5,168.5,0.0,103.0
2019-06-06,8422,103556.0,17509520.0,169.0,169.5,168.5,169.0,0.5,84.0
2019-06-10,8422,110275.0,18623975.0,169.0,169.5,168.5,168.5,-0.5,135.0
2019-06-11,8422,152575.0,25769175.0,169.5,169.5,168.5,168.5,0.0,147.0
2019-06-12,8422,151408.0,25566952.0,168.5,169.0,168.5,168.5,0.0,113.0
2019-06-13,8422,97830.0,16496770.0,168.5,169.0,168.5,168.5,0.0,132.0
2019-06-14,8422,225287.0,37925503.0,168.5,169.0,168.0,168.0,-0.5,197.0
2019-06-17,8422,219962.0,37017580.0,168.0,169.0,168.0,168.0,0.0,240.0
2019-06-18,8422,396261.0,66964735.0,168.5,170.0,168.0,168.5,0.5,349.0
2019-06-19,8422,361179.0,61206930.0,170.0,170.5,168.5,169.0,0.5,350.0
2019-06-20,8422,329343.0,55949310.0,169.5,170.5,169.5,169.5,0.5,231.0
2019-06-21,8422,480528.0,82339816.0,170.0,172.0,170.0,172.0,2.5,381.0
2019-06-24,8422,417503.0,71545258.0,172.0,172.5,170.5,171.0,-1.0,326.0
2019-06-25,8422,504445.0,85798868.0,170.5,171.0,169.0,170.0,-1.0,423.0
2019-06-26,8422,784205.0,132571740.0,168.5,170.0,168.5,169.0,-1.0,585.0
2019-06-27,8422,1303200.0,210311300.0,160.5,162.5,160.5,161.5,0.0,1003.0
2019-06-28,8422,311484.0,50487876.0,162.0,162.5,161.5,162.0,0.5,321.0
2019-07-01,8422,286710.0,46518940.0,162.5,163.0,161.5,162.0,0.0,288.0
2019-07-02,8422,268798.0,43373670.0,162.0,162.0,161.0,161.0,-1.0,266.0
2019-07-03,8422,218833.0,35341279.0,161.0,162.0,161.0,161.5,0.5,211.0
2019-07-04,8422,111313.0,17989358.0,161.5,162.0,161.0,161.5,0.0,129.0
2019-07-05,8422,199516.0,32196592.0,162.0,162.0,161.0,161.0,-0.5,226.0
2019-07-08,8422,238760.0,38492120.0,161.5,162.0,161.0,161.0,0.0,260.0
2019-07-09,8422,212400.0,34178300.0,161.0,161.0,160.5,161.0,0.0,236.0
2019-07-10,8422,150805.0,24339910.0,161.0,162.0,161.0,162.0,1.0,181.0
2019-07-11,8422,98717.0,15950654.0,162.0,162.0,161.0,162.0,0.0,112.0
2019-07-12,8422,123449.0,19929738.0,162.0,162.0,161.0,161.5,-0.5,135.0
2019-07-15,8422,120842.0,19487904.0,161.5,161.5,161.0,161.5,0.0,150.0
2019-07-16,8422,401561.0,64412321.0,161.5,161.5,160.0,161.0,-0.5,375.0
2019-07-17,8422,187572.0,30042092.0,161.0,161.0,160.0,160.0,-1.0,213.0
2019-07-18,8422,119114.0,19093354.0,160.0,161.0,160.0,160.0,0.0,130.0
2019-07-19,8422,132337.0,21232257.0,160.0,161.0,160.0,160.0,0.0,150.0
2019-07-22,8422,170169.0,27299709.0,160.5,160.5,160.0,160.0,0.0,156.0
2019-07-23,8422,139558.0,22375338.0,160.0,160.5,160.0,160.0,0.0,175.0
2019-07-24,8422,217604.0,34846244.0,160.0,160.5,160.0,160.0,0.0,250.0
2019-07-25,8422,116975.0,18721975.0,160.0,160.5,159.5,160.0,0.0,161.0
2019-07-26,8422,97878.0,15675358.0,160.0,160.5,160.0,160.5,0.5,95.0
2019-07-29,8422,94051.0,15072678.0,160.5,160.5,160.0,160.0,-0.5,125.0
2019-07-30,8422,127333.0,20378780.0,160.0,160.5,159.5,159.5,-0.5,167.0
2019-07-31,8422,104635.0,16675600.0,159.5,160.0,159.0,159.0,-0.5,166.0
2019-08-01,8422,122525.0,19505500.0,159.5,159.5,158.5,159.5,0.5,160.0
2019-08-02,8422,211646.0,33489214.0,159.0,159.0,158.0,158.0,-1.5,263.0
2019-08-05,8422,229123.0,35879311.0,158.0,158.0,156.0,156.0,-2.0,295.0
2019-08-06,8422,212930.0,32826580.0,155.0,155.5,153.0,155.5,-0.5,275.0
2019-08-07,8422,232124.0,35807273.0,155.0,155.0,154.0,154.5,-1.0,253.0
2019-08-08,8422,487708.0,74159824.0,154.0,154.0,151.0,152.0,-2.5,537.0
2019-08-12,8422,172799.0,26728837.0,152.0,156.5,151.5,156.5,4.5,204.0
2019-08-13,8422,103449.0,16102265.0,157.5,157.5,155.0,155.5,-1.0,134.0
2019-08-14,8422,120659.0,18653645.0,155.5,155.5,154.0,154.5,-1.0,155.0
2019-08-15,8422,125958.0,19278532.0,153.0,153.5,152.5,153.0,-1.5,170.0
2019-08-16,8422,215496.0,32945128.0,153.0,154.5,152.5,152.5,-0.5,261.0
2019-08-19,8422,79137.0,12072521.0,153.0,153.0,152.0,152.5,0.0,118.0
2019-08-20,8422,206374.0,31397596.0,152.5,153.0,151.5,152.0,-0.5,197.0
2019-08-21,8422,125845.0,19088785.0,152.0,152.0,151.0,152.0,0.0,169.0
2019-08-22,8422,111553.0,16931829.0,152.0,152.0,151.5,151.5,-0.5,147.0
2019-08-23,8422,101599.0,15399341.0,151.5,152.0,151.0,151.5,0.0,124.0
2019-08-26,8422,77650.0,11746800.0,151.0,151.5,151.0,151.5,0.0,106.0
2019-08-27,8422,127650.0,19359122.0,151.5,152.0,151.5,151.5,0.0,127.0
2019-08-28,8422,100657.0,15276847.0,151.5,152.5,151.0,152.5,1.0,98.0
2019-08-29,8422,114497.0,17485535.0,153.0,153.5,152.0,153.0,0.5,113.0
2019-08-30,8422,130089.0,19868706.0,153.0,153.5,152.0,152.5,-0.5,136.0
2019-09-02,8422,31488.0,4816652.0,153.0,153.0,152.5,153.0,0.5,72.0
2019-09-03,8422,76455.0,11762025.0,153.0,154.5,153.0,154.0,1.0,100.0
2019-09-04,8422,62502.0,9623557.0,154.0,154.5,153.5,154.0,0.0,84.0
2019-09-05,8422,190850.0,29865800.0,154.0,158.0,154.0,157.5,3.5,216.0
2019-09-06,8422,124000.0,19427000.0,157.5,158.0,156.0,156.0,-1.5,140.0
2019-09-09,8422,117101.0,18282857.0,156.0,157.0,156.0,156.0,0.0,128.0
2019-09-10,8422,58999.0,9193337.0,156.0,156.0,155.5,156.0,0.0,83.0
2019-09-11,8422,81944.0,12828040.0,156.0,157.0,155.5,157.0,1.0,87.0
2019-09-12,8422,142705.0,22257480.0,157.5,157.5,155.0,155.0,-2.0,179.0
2019-09-16,8422,98692.0,15343144.0,154.5,156.0,154.5,155.5,0.5,103.0
2019-09-17,8422,97709.0,15204104.0,155.5,156.0,155.5,156.0,0.5,106.0
2019-09-18,8422,148963.0,23264691.0,156.0,157.0,155.5,156.0,0.0,164.0
2019-09-19,8422,88762.0,13850634.0,155.5,157.0,155.5,156.0,0.0,98.0
2019-09-20,8422,195199.0,30495138.0,156.0,157.0,156.0,156.5,0.5,183.0
2019-09-23,8422,93449.0,14540544.0,156.0,156.0,155.5,155.5,-1.0,105.0
2019-09-24,8422,170619.0,26443753.0,155.5,156.0,154.0,154.0,-1.5,169.0
2019-09-25,8422,122607.0,18937585.0,154.0,155.0,154.0,154.5,0.5,126.0
2019-09-26,8422,128559.0,19873361.0,154.0,155.5,154.0,154.5,0.0,128.0
2019-09-27,8422,147362.0,22623562.0,154.5,155.0,152.5,152.5,-2.0,186.0
2019-10-01,8422,126209.0,19327073.0,152.0,154.0,152.0,153.0,0.5,157.0
2019-10-02,8422,56319.0,8666280.0,154.0,154.5,153.5,153.5,0.5,71.0
2019-10-03,8422,62703.0,9619762.0,153.5,154.0,153.0,153.0,-0.5,81.0
2019-10-04,8422,90503.0,13910462.0,154.0,154.5,153.0,153.0,0.0,113.0
2019-10-07,8422,120975.0,18507675.0,153.0,153.5,152.5,152.5,-0.5,147.0
2019-10-08,8422,100875.0,15434750.0,153.0,153.5,152.5,153.5,1.0,109.0
2019-10-09,8422,128614.0,19644742.0,153.5,153.5,152.0,153.0,-0.5,120.0
2019-10-14,8422,85315.0,13025195.0,153.0,153.0,152.5,152.5,-0.5,142.0
2019-10-15,8422,171549.0,26077719.0,152.0,152.5,151.5,152.0,-0.5,199.0
2019-10-16,8422,151519.0,22986888.0,152.0,152.0,151.5,151.5,-0.5,178.0
2019-10-17,8422,178620.0,27043240.0,152.0,152.5,151.0,151.0,-0.5,192.0
2019-10-18,8422,503218.0,76288572.0,151.5,152.0,151.0,152.0,1.0,257.0
2019-10-21,8422,186970.0,28378916.0,152.0,152.0,151.5,151.5,-0.5,180.0
2019-10-22,8422,312513.0,47511224.0,151.5,152.5,151.5,152.0,0.5,251.0
2019-10-23,8422,275711.0,42667267.0,152.5,155.5,152.5,155.5,3.5,263.0
2019-10-24,8422,600708.0,95706488.0,156.0,161.0,156.0,160.5,5.0,590.0
2019-10-25,8422,409251.0,66067031.0,161.0,163.0,160.5,161.0,0.5,409.0
2019-10-28,8422,280973.0,45396126.0,161.0,163.0,160.5,161.0,0.0,270.0
2019-10-29,8422,219457.0,35107387.0,161.0,161.5,159.0,159.0,-2.0,234.0
2019-10-30,8422,129972.0,20681520.0,159.0,160.0,158.0,159.0,0.0,138.0
2019-10-31,8422,204861.0,32447399.0,159.0,159.0,158.0,158.0,-1.0,194.0
2019-11-01,8422,87400.0,13863297.0,158.0,159.0,158.0,158.5,0.5,94.0
2019-11-04,8422,144780.0,22906621.0,159.0,159.0,157.5,157.5,-1.0,160.0
2019-11-05,8422,209950.0,32983600.0,157.5,158.0,156.5,157.5,0.0,178.0
2019-11-06,8422,251289.0,40025951.0,157.5,160.5,157.5,158.5,1.0,238.0
2019-11-07,8422,104896.0,16574514.0,158.5,159.0,157.5,157.5,-1.0,114.0
2019-11-08,8422,229642.0,36403078.0,157.5,159.0,157.5,158.5,1.0,185.0
2019-11-11,8422,193261.0,30689499.0,159.0,159.5,158.5,159.0,0.5,169.0
2019-11-12,8422,245896.0,38691616.0,157.5,158.5,156.5,157.0,-2.0,252.0
2019-11-13,8422,74488.0,11704104.0,156.5,157.5,156.5,157.5,0.5,84.0
2019-11-14,8422,61185.0,9597045.0,157.5,157.5,156.5,156.5,-1.0,78.0
2019-11-15,8422,181627.0,28419439.0,156.0,157.0,156.0,156.5,0.0,187.0
2019-11-18,8422,71367.0,11206167.0,157.0,157.5,156.5,157.5,1.0,77.0
2019-11-19,8422,114510.0,18025317.0,157.5,158.0,157.0,157.0,-0.5,128.0
2019-11-20,8422,360225.0,57319500.0,157.5,160.0,157.0,159.0,2.0,348.0
2019-11-21,8422,137291.0,21749769.0,159.0,159.0,158.0,158.0,-1.0,137.0
2019-11-22,8422,75064.0,11891206.0,158.0,159.0,157.5,158.5,0.5,69.0
2019-11-25,8422,106579.0,16935561.0,159.0,159.5,158.5,159.0,0.5,116.0
2019-11-26,8422,261014.0,41440226.0,158.5,159.5,158.0,158.0,-1.0,186.0
2019-11-27,8422,62269.0,9863271.0,158.5,158.5,158.0,158.5,0.5,67.0
2019-11-28,8422,122574.0,19328978.0,159.0,159.0,157.0,157.0,-1.5,132.0
2019-11-29,8422,127944.0,20017230.0,157.0,157.0,156.0,156.0,-1.0,155.0
2019-12-02,8422,206240.0,32089940.0,157.0,157.0,154.5,154.5,-1.5,195.0
2019-12-03,8422,80780.0,12546460.0,154.5,157.0,153.5,156.5,2.0,94.0
2019-12-04,8422,59700.0,9367746.0,156.5,157.5,156.5,157.5,1.0,66.0
2019-12-05,8422,47588.0,7482404.0,157.5,157.5,157.0,157.0,-0.5,62.0
2019-12-06,8422,62679.0,9883461.0,158.0,158.0,157.0,158.0,1.0,69.0
2019-12-09,8422,152728.0,23972796.0,158.0,158.0,156.5,156.5,-1.5,121.0
2019-12-10,8422,74051.0,11587507.0,156.0,157.0,156.0,156.5,0.0,79.0
2019-12-11,8422,91460.0,14275488.0,156.0,157.0,155.5,156.0,-0.5,80.0
2019-12-12,8422,176216.0,27550912.0,156.0,157.0,156.0,157.0,1.0,148.0
2019-12-13,8422,150799.0,23622040.0,157.5,157.5,156.0,156.0,-1.0,134.0
2019-12-16,8422,82249.0,12860093.0,157.5,157.5,156.0,156.0,0.0,90.0
2019-12-17,8422,137008.0,21335756.0,155.5,156.0,155.0,156.0,0.0,131.0
2019-12-18,8422,105880.0,16543540.0,156.0,157.0,155.5,157.0,1.0,107.0
2019-12-19,8422,247503.0,39021477.0,157.0,158.0,156.5,158.0,1.0,191.0
2019-12-20,8422,188035.0,29521968.0,158.0,158.0,156.0,156.5,-1.5,210.0
2019-12-23,8422,119860.0,18788520.0,156.5,157.5,156.5,156.5,0.0,111.0
2019-12-24,8422,65700.0,10280747.0,156.5,157.0,156.0,157.0,0.5,64.0
2019-12-25,8422,33150.0,5196050.0,157.0,157.0,156.5,156.5,-0.5,46.0
2019-12-26,8422,129410.0,20256370.0,156.5,157.0,156.0,156.5,0.0,115.0
2019-12-27,8422,144620.0,22685148.0,156.5,157.0,156.5,157.0,0.5,113.0
2019-12-30,8422,172620.0,26957840.0,157.0,157.0,155.5,156.5,-0.5,151.0
2019-12-31,8422,65600.0,10252700.0,156.0,156.5,156.0,156.0,-0.5,83.0
2020-01-02,8422,98976.0,15468232.0,156.0,157.0,155.5,156.5,0.5,117.0
2020-01-03,8422,157780.0,24612960.0,156.5,156.5,155.5,156.0,-0.5,163.0
2020-01-06,8422,143062.0,22390234.0,156.0,157.0,156.0,156.5,0.5,150.0
2020-01-07,8422,132101.0,20562357.0,156.0,156.5,155.0,156.0,-0.5,143.0
2020-01-08,8422,134849.0,20975944.0,156.0,156.0,155.0,155.5,-0.5,143.0
2020-01-09,8422,50117.0,7807369.0,155.5,156.0,155.5,156.0,0.5,65.0
2020-01-10,8422,99532.0,15480492.0,156.0,156.0,155.0,155.5,-0.5,127.0
2020-01-13,8422,74378.0,11572468.0,155.5,156.0,155.0,155.5,0.0,122.0
2020-01-14,8422,103223.0,16104394.0,156.0,156.5,155.5,156.0,0.5,119.0
2020-01-15,8422,140987.0,22006459.0,156.0,157.0,155.5,156.0,0.0,141.0
2020-01-16,8422,130176.0,20320215.0,156.0,157.0,155.5,157.0,1.0,122.0
2020-01-17,8422,654216.0,103361560.0,157.5,158.0,157.5,158.0,1.0,386.0
2020-01-20,8422,353800.0,55780295.0,158.0,158.0,157.0,157.5,-0.5,306.0
2020-01-30,8422,466256.0,72690556.0,156.0,157.0,154.5,156.0,-1.5,455.0
2020-01-31,8422,271974.0,42752827.0,156.0,158.0,156.0,158.0,2.0,230.0
2020-02-03,8422,219704.0,34332372.0,157.0,157.0,155.5,156.5,-1.5,228.0
2020-02-04,8422,134657.0,21219628.0,157.5,158.0,157.0,158.0,1.5,153.0
2020-02-05,8422,156832.0,24725956.0,158.0,158.0,157.0,157.5,-0.5,151.0
2020-02-06,8422,127561.0,20115699.0,157.5,158.0,157.5,157.5,0.0,113.0
2020-02-07,8422,126839.0,19940401.0,157.5,158.0,156.5,157.5,0.0,127.0
2020-02-10,8422,136518.0,21477097.0,157.5,157.5,157.0,157.5,0.0,131.0
2020-02-11,8422,96239.0,15174762.0,158.0,158.0,157.5,157.5,0.0,91.0
2020-02-12,8422,107459.0,16953748.0,158.0,158.0,157.5,158.0,0.5,102.0
2020-02-13,8422,332193.0,52459494.0,158.0,158.5,157.5,158.0,0.0,207.0
2020-02-14,8422,323554.0,51150532.0,158.0,159.0,157.5,158.0,0.0,264.0
2020-02-17,8422,300825.0,47582175.0,158.0,158.5,157.5,158.5,0.5,176.0
2020-02-18,8422,97168.0,15386212.0,158.5,158.5,158.0,158.5,0.0,102.0
2020-02-19,8422,255800.0,40529200.0,158.5,158.5,158.0,158.5,0.0,150.0
2020-02-20,8422,268849.0,42658340.0,158.5,159.0,158.0,159.0,0.5,164.0
2020-02-21,8422,391934.0,63396308.0,159.0,163.0,159.0,162.0,3.0,397.0
2020-02-24,8422,265725.0,42610355.0,161.5,162.0,159.5,159.5,-2.5,240.0
2020-02-25,8422,290790.0,45921400.0,157.0,160.0,157.0,159.0,-0.5,250.0
2020-02-26,8422,235289.0,37492240.0,159.0,160.0,159.0,159.0,0.0,217.0
2020-02-27,8422,246646.0,39047214.0,159.5,159.5,157.5,159.0,0.0,232.0
2020-03-02,8422,474564.0,74436048.0,158.0,158.0,156.0,156.0,-3.0,424.0
2020-03-03,8422,125727.0,19712139.0,157.0,157.5,156.5,156.5,0.5,132.0
2020-03-04,8422,264043.0,41217724.0,156.5,156.5,155.5,155.5,-1.0,251.0
2020-03-05,8422,217792.0,34035344.0,156.0,156.5,155.5,156.0,0.5,221.0
2020-03-06,8422,396292.0,61390897.0,155.5,156.0,154.5,155.0,-1.0,401.0
2020-03-09,8422,554175.0,84567275.0,155.0,155.0,152.0,152.5,-2.5,546.0
2020-03-10,8422,701268.0,104436593.0,149.5,150.5,146.0,149.5,-3.0,670.0
2020-03-11,8422,316815.0,47558065.0,149.5,151.0,149.0,150.5,1.0,340.0
2020-03-12,8422,657149.0,96267903.0,150.0,150.0,145.0,145.5,-5.0,657.0
2020-03-13,8422,1081424.0,149257902.0,138.0,142.0,135.0,141.5,-4.0,928.0
2020-03-16,8422,426140.0,59626100.0,141.5,141.5,138.0,139.5,-2.0,469.0
2020-03-17,8422,429344.0,58966160.0,135.0,139.5,135.0,139.5,0.0,389.0
2020-03-18,8422,433589.0,59627693.0,139.5,139.5,136.0,136.0,-3.5,447.0
2020-03-19,8422,867555.0,111898095.0,133.0,133.0,126.5,129.0,-7.0,801.0
2020-03-20,8422,460044.0,61637451.0,130.5,136.5,130.5,135.0,6.0,448.0
2020-03-23,8422,520071.0,69980156.0,133.0,137.0,130.0,134.5,-0.5,342.0
2020-03-24,8422,429189.0,58478082.0,136.0,137.0,135.5,136.5,2.0,378.0
2020-03-25,8422,649576.0,90968495.0,139.5,140.5,139.5,140.5,4.0,507.0
2020-03-26,8422,285809.0,39985569.0,141.5,141.5,139.0,139.5,-1.0,294.0
2020-03-27,8422,286358.0,40038120.0,140.5,141.0,139.0,139.0,-0.5,319.0
2020-03-30,8422,325448.0,44817720.0,137.5,138.5,136.5,138.5,-0.5,278.0
2020-03-31,8422,161999.0,22569860.0,139.0,139.5,139.0,139.0,0.5,163.0
2020-04-01,8422,236697.0,33165080.0,141.0,141.0,139.0,139.0,0.0,271.0
2020-04-06,8422,290611.0,40722651.0,140.0,140.5,139.5,140.5,1.5,284.0
2020-04-07,8422,532816.0,76604902.0,143.5,144.5,143.0,143.5,3.0,446.0
2020-04-08,8422,508297.0,72787768.0,143.5,144.0,141.5,143.0,-0.5,408.0
2020-04-09,8422,477380.0,69153980.0,145.0,146.0,144.0,145.0,2.0,357.0
2020-04-10,8422,345945.0,50586250.0,145.5,148.0,145.0,148.0,3.0,306.0
2020-04-13,8422,251449.0,37092401.0,148.5,148.5,146.0,148.5,0.5,287.0
2020-04-14,8422,316480.0,47017500.0,148.5,149.0,147.0,148.5,0.0,283.0
2020-04-15,8422,361421.0,54557992.0,149.0,151.5,149.0,151.5,3.0,370.0
2020-04-16,8422,200196.0,30243292.0,151.0,152.0,150.0,151.5,0.0,213.0
2020-04-17,8422,426218.0,64474515.0,153.0,153.0,150.0,151.5,0.0,406.0
2020-04-20,8422,181999.0,27369838.0,151.5,151.5,149.5,151.0,-0.5,179.0
2020-04-21,8422,361473.0,54026977.0,151.0,151.5,148.0,148.0,-3.0,372.0
2020-04-22,8422,220676.0,32415378.0,146.0,148.5,145.5,148.0,0.0,255.0
2020-04-23,8422,100067.0,14965012.0,149.0,150.5,148.5,149.5,1.5,117.0
2020-04-24,8422,69266.0,10388666.0,149.5,150.5,149.5,149.5,0.0,77.0
2020-04-27,8422,173476.0,26217352.0,150.5,152.0,150.5,151.0,1.5,171.0
2020-04-28,8422,353829.0,54118747.0,151.5,154.5,151.0,153.0,2.0,302.0
2020-04-29,8422,198010.0,30456538.0,153.0,154.5,152.5,154.0,1.0,200.0
2020-04-30,8422,236771.0,36819547.0,155.0,156.0,154.5,156.0,2.0,231.0
2020-05-04,8422,200396.0,30840380.0,155.0,155.0,153.0,154.0,-2.0,212.0
2020-05-05,8422,122728.0,18933469.0,154.0,155.0,154.0,154.5,0.5,147.0
2020-05-06,8422,99063.0,15268230.0,154.0,154.5,153.5,154.0,-0.5,113.0
2020-05-07,8422,184998.0,28363692.0,153.0,154.0,152.5,153.5,-0.5,206.0
2020-05-08,8422,230567.0,35510818.0,154.0,154.5,153.5,154.5,1.0,205.0
2020-05-11,8422,170197.0,26171838.0,154.0,154.5,153.5,153.5,-1.0,209.0
2020-05-12,8422,130299.0,19978546.0,154.5,154.5,153.0,153.0,-0.5,126.0
2020-05-13,8422,152937.0,23465263.0,153.0,154.0,153.0,153.5,0.5,152.0
2020-05-14,8422,136031.0,20900805.0,153.5,154.5,153.0,153.5,0.0,137.0
2020-05-15,8422,121384.0,18668823.0,154.0,154.5,153.5,153.5,0.0,123.0
2020-05-18,8422,130487.0,20059498.0,153.5,154.5,153.0,153.5,0.0,142.0
2020-05-19,8422,116124.0,17941220.0,154.5,155.0,154.0,154.5,1.0,131.0
2020-05-20,8422,336710.0,52509470.0,154.5,157.0,154.5,156.5,2.0,266.0
2020-05-21,8422,129985.0,20259145.0,156.5,156.5,155.5,155.5,-1.0,141.0
2020-05-22,8422,96941.0,15021322.0,155.0,155.5,154.5,155.0,-0.5,104.0
2020-05-25,8422,176243.0,27500022.0,155.5,157.0,155.0,156.5,1.5,166.0
2020-05-26,8422,215921.0,33856556.0,157.0,157.5,156.5,156.5,0.0,204.0
2020-05-27,8422,185768.0,29117459.0,157.0,157.5,156.0,156.5,0.0,156.0
2020-05-28,8422,202781.0,31800117.0,157.0,157.5,156.0,156.0,-0.5,177.0
2020-05-29,8422,430797.0,67137229.0,156.5,157.0,154.5,154.5,-1.5,290.0
2020-06-01,8422,301071.0,47325218.0,155.5,158.0,155.5,158.0,3.5,282.0
2020-06-02,8422,696003.0,112825476.0,159.0,164.0,159.0,163.0,5.0,626.0
2020-06-03,8422,588159.0,96440235.0,164.0,165.0,162.5,164.5,1.5,547.0
2020-06-04,8422,335115.0,54910412.0,165.0,165.0,163.0,164.0,-0.5,309.0
2020-06-05,8422,227720.0,37288080.0,164.0,164.5,162.5,164.0,0.0,237.0
2020-06-08,8422,243508.0,39974812.0,164.5,165.0,164.0,164.0,0.0,251.0
2020-06-09,8422,161828.0,26558292.0,165.0,165.0,163.5,164.0,0.0,191.0
2020-06-10,8422,401179.0,66094035.0,164.5,165.5,164.0,165.0,1.0,372.0
2020-06-11,8422,389384.0,64383476.0,166.0,166.5,164.0,164.0,-1.0,357.0
2020-06-12,8422,397849.0,64232309.0,161.0,163.0,159.0,163.0,-1.0,359.0
2020-06-15,8422,434142.0,71546288.0,164.0,166.0,164.0,164.5,1.5,405.0
2020-06-16,8422,321242.0,53392784.0,165.5,167.0,165.5,166.5,2.0,322.0
2020-06-17,8422,288430.0,48027089.0,167.0,167.0,166.0,166.0,-0.5,254.0
2020-06-18,8422,217457.0,36136583.0,166.5,167.0,165.5,166.0,0.0,206.0
2020-06-19,8422,840706.0,140983814.0,165.5,169.0,165.5,169.0,3.0,611.0
2020-06-22,8422,985625.0,167687923.0,171.0,172.5,168.0,169.0,0.0,763.0
2020-06-23,8422,400309.0,67271562.0,169.0,169.5,167.0,167.5,-1.5,334.0
2020-06-24,8422,384749.0,64321202.0,167.5,168.0,166.5,167.5,0.0,330.0
2020-06-29,8422,664793.0,111229811.0,167.0,168.0,166.5,167.0,-0.5,513.0
2020-06-30,8422,868989.0,145750649.0,168.0,168.5,167.0,167.0,0.0,578.0
2020-07-01,8422,1121084.0,188126696.0,167.5,169.0,167.0,169.0,2.0,790.0
2020-07-02,8422,1216414.0,195755180.0,160.0,163.0,160.0,162.5,0.0,827.0
2020-07-03,8422,525099.0,84668979.0,163.0,163.0,160.5,161.0,-1.5,501.0
2020-07-06,8422,765376.0,122427660.0,161.0,161.0,159.0,159.5,-1.5,643.0
2020-07-07,8422,357126.0,56825534.0,160.5,160.5,158.5,158.5,-1.0,394.0
2020-07-08,8422,477992.0,75381230.0,158.5,159.0,157.0,157.5,-1.0,511.0
2020-07-09,8422,369922.0,58254176.0,157.5,158.0,157.0,157.5,0.0,338.0
2020-07-10,8422,375891.0,58776387.0,157.5,157.5,156.0,156.0,-1.5,366.0
2020-07-13,8422,295315.0,46490585.0,156.5,158.5,156.0,158.5,2.5,278.0
2020-07-14,8422,182145.0,28712410.0,158.5,158.5,157.0,157.0,-1.5,194.0
2020-07-15,8422,191355.0,30156590.0,158.0,158.0,157.0,157.5,0.5,197.0
2020-07-16,8422,212920.0,33496360.0,158.0,158.0,157.0,157.0,-0.5,194.0
2020-07-17,8422,225360.0,35420694.0,158.0,158.0,156.5,156.5,-0.5,209.0
2020-07-20,8422,145450.0,22710650.0,157.0,157.0,155.5,156.0,-0.5,197.0
2020-07-21,8422,205284.0,32109088.0,157.0,157.0,156.0,156.5,0.5,221.0
2020-07-22,8422,205731.0,32405856.0,157.0,158.0,157.0,158.0,1.5,210.0
2020-07-23,8422,92469.0,14567571.0,158.0,158.0,157.0,157.5,-0.5,99.0
2020-07-24,8422,206417.0,32385675.0,157.5,157.5,156.5,156.5,-1.0,224.0
2020-07-27,8422,312118.0,48543908.0,156.0,156.5,155.0,155.5,-1.0,324.0
2020-07-28,8422,351609.0,54361577.0,155.5,155.5,153.5,153.5,-2.0,392.0
2020-07-29,8422,148483.0,22924865.0,153.5,155.5,153.5,154.5,1.0,193.0
2020-07-30,8422,159761.0,24763089.0,153.5,156.0,153.5,156.0,1.5,168.0
2020-07-31,8422,186588.0,28842228.0,155.5,155.5,154.0,154.5,-1.5,206.0
2020-08-03,8422,150440.0,23233700.0,154.5,155.0,154.0,155.0,0.5,182.0
2020-08-04,8422,125178.0,19495768.0,155.5,156.0,155.5,156.0,1.0,132.0
2020-08-05,8422,78300.0,12173800.0,155.5,156.0,155.0,155.5,-0.5,96.0
2020-08-06,8422,2019032.0,326341280.0,157.0,166.0,157.0,165.5,10.0,1441.0
2020-08-07,8422,1243767.0,207797822.0,166.0,170.0,164.0,166.5,1.0,1138.0
2020-08-10,8422,458853.0,75036392.0,166.5,166.5,162.0,162.5,-4.0,436.0
2020-08-11,8422,244870.0,39710868.0,164.0,164.0,161.0,161.5,-1.0,255.0
2020-08-12,8422,396406.0,63377960.0,161.0,162.5,158.5,159.5,-2.0,360.0
2020-08-13,8422,258173.0,41034761.0,160.0,160.5,158.0,160.0,0.5,262.0
2020-08-14,8422,172232.0,27382120.0,160.5,160.5,158.0,158.5,-1.5,181.0
2020-08-17,8422,226521.0,36231133.0,158.5,161.0,158.5,160.5,2.0,207.0
2020-08-18,8422,155040.0,24770400.0,160.5,160.5,158.5,159.5,-1.0,185.0
2020-08-19,8422,187669.0,29906203.0,159.5,160.5,158.0,158.5,-1.0,179.0
2020-08-20,8422,408908.0,64175493.0,158.0,159.0,156.0,157.0,-1.5,412.0
2020-08-21,8422,309200.0,48779100.0,157.5,159.0,156.5,157.5,0.5,288.0
2020-08-24,8422,116452.0,18349868.0,158.0,158.0,157.0,157.5,0.0,138.0
2020-08-25,8422,201617.0,32058408.0,157.5,160.5,157.5,159.0,1.5,169.0
2020-08-26,8422,138853.0,22109480.0,159.0,160.0,158.0,160.0,1.0,171.0
2020-08-27,8422,227017.0,36337237.0,160.0,161.0,159.0,159.5,-0.5,183.0
2020-08-28,8422,148650.0,23619500.0,160.0,160.0,158.0,159.5,0.0,163.0
2020-08-31,8422,202926.0,32313194.0,160.0,160.5,158.0,159.0,-0.5,209.0
2020-09-01,8422,226404.0,35873236.0,159.0,159.0,158.0,159.0,0.0,219.0
2020-09-02,8422,111796.0,17739064.0,160.0,160.0,158.0,158.0,-1.0,130.0
2020-09-03,8422,86074.0,13669766.0,159.0,159.0,158.5,158.5,0.5,104.0
2020-09-04,8422,118450.0,18741000.0,157.5,159.0,157.0,159.0,0.5,126.0
2020-09-07,8422,163033.0,25941747.0,159.0,160.0,158.0,158.0,-1.0,159.0
2020-09-08,8422,47525.0,7533475.0,159.5,159.5,158.0,158.5,0.5,81.0
2020-09-09,8422,131987.0,21001433.0,158.0,160.0,158.0,160.0,1.5,152.0
2020-09-10,8422,119640.0,19173900.0,160.5,161.5,159.5,159.5,-0.5,149.0
2020-09-11,8422,134113.0,21390580.0,159.5,160.0,159.0,160.0,0.5,152.0
2020-09-14,8422,105696.0,16955056.0,160.0,161.0,159.5,160.0,0.0,132.0
2020-09-15,8422,91928.0,14744408.0,160.0,161.0,160.0,160.5,0.5,116.0
2020-09-16,8422,89305.0,14323948.0,160.5,161.0,160.0,160.0,-0.5,115.0
2020-09-17,8422,48184.0,7730124.0,160.5,160.5,160.0,160.5,0.5,69.0
2020-09-18,8422,155009.0,24788938.0,160.5,160.5,159.0,159.0,-1.5,166.0
2020-09-21,8422,150383.0,24063663.0,160.0,160.5,159.5,160.5,1.5,170.0
2020-09-22,8422,130382.0,20819302.0,160.0,160.5,159.0,160.0,-0.5,135.0
2020-09-23,8422,125733.0,20014780.0,160.0,160.0,158.5,159.5,-0.5,131.0
2020-09-24,8422,234490.0,37073163.0,159.0,159.0,157.5,158.5,-1.0,230.0
2020-09-25,8422,178552.0,28187986.0,158.5,158.5,157.0,158.0,-0.5,181.0
2020-09-28,8422,82655.0,13059812.0,158.0,158.5,157.5,158.0,0.0,110.0
2020-09-29,8422,194941.0,30784642.0,159.0,159.0,157.5,158.5,0.5,153.0
2020-09-30,8422,139826.0,22073917.0,158.5,158.5,157.5,157.5,-1.0,153.0
2020-10-05,8422,145688.0,22919042.0,158.0,158.0,156.5,157.0,-0.5,155.0
2020-10-06,8422,120503.0,19049477.0,158.0,158.5,157.5,158.5,1.5,132.0
2020-10-07,8422,68483.0,10845297.0,158.5,159.0,158.0,159.0,0.5,85.0
2020-10-08,8422,92149.0,14558112.0,159.0,159.0,157.5,157.5,-1.5,118.0
2020-10-12,8422,89640.0,14141435.0,157.5,158.0,157.5,158.0,0.5,124.0
2020-10-13,8422,74700.0,11794946.0,158.0,158.5,157.5,158.5,0.5,100.0
2020-10-14,8422,139342.0,21995200.0,159.0,159.0,157.5,157.5,-1.0,123.0
2020-10-15,8422,161880.0,25563973.0,159.0,159.0,157.0,158.5,1.0,175.0
2020-10-16,8422,97862.0,15508058.0,158.5,159.5,158.0,158.0,-0.5,117.0
2020-10-19,8422,98960.0,15655655.0,158.0,159.0,158.0,158.5,0.5,129.0
2020-10-20,8422,88008.0,13944272.0,158.5,159.0,158.0,158.5,0.0,113.0
2020-10-21,8422,84241.0,13368319.0,158.5,159.0,158.0,159.0,0.5,109.0
2020-10-22,8422,162503.0,25918480.0,159.0,160.0,158.5,160.0,1.0,165.0
2020-10-23,8422,62967.0,10059720.0,160.0,160.0,159.5,159.5,-0.5,79.0
2020-10-26,8422,50906.0,8107437.0,159.5,160.0,158.5,158.5,-1.0,106.0
2020-10-27,8422,116408.0,18417954.0,158.5,158.5,157.5,158.5,0.0,130.0
2020-10-28,8422,83046.0,13143926.0,159.0,159.0,157.5,158.0,-0.5,114.0
2020-10-29,8422,69972.0,11041640.0,157.5,158.5,157.0,157.5,-0.5,110.0
2020-10-30,8422,104635.0,16562114.0,157.5,159.0,157.5,157.5,0.0,128.0
2020-11-02,8422,42152.0,6645147.0,157.5,158.0,157.5,158.0,0.5,74.0
2020-11-03,8422,77705.0,12336303.0,159.0,159.0,158.5,158.5,0.5,92.0
2020-11-04,8422,62363.0,9915793.0,159.0,159.5,158.5,159.0,0.5,85.0
2020-11-05,8422,151560.0,24218694.0,159.0,160.0,159.0,160.0,1.0,164.0
2020-11-06,8422,72528.0,11579215.0,160.0,160.5,159.5,159.5,-0.5,110.0
2020-11-09,8422,116569.0,18598400.0,160.0,160.5,158.0,159.5,0.0,177.0
2020-11-10,8422,89607.0,14306221.0,159.5,160.0,159.0,160.0,0.5,132.0
2020-11-11,8422,282510.0,45503071.0,160.0,161.5,160.0,161.0,1.0,336.0
2020-11-12,8422,96170.0,15488720.0,161.0,161.5,160.5,161.5,0.5,140.0
2020-11-13,8422,97396.0,15710626.0,161.5,162.0,161.0,161.0,-0.5,125.0
2020-11-16,8422,396533.0,64782196.0,162.0,165.0,162.0,163.0,2.0,475.0
2020-11-17,8422,259534.0,42189322.0,164.0,164.0,162.0,163.0,0.0,318.0
2020-11-18,8422,134502.0,21930376.0,162.5,163.5,162.5,163.5,0.5,189.0
2020-11-19,8422,130031.0,21207212.0,163.5,163.5,162.5,162.5,-1.0,179.0
2020-11-20,8422,165969.0,27006966.0,162.5,163.5,161.5,162.0,-0.5,207.0
2020-11-23,8422,165979.0,27105376.0,163.0,164.0,163.0,163.0,1.0,201.0
2020-11-24,8422,110176.0,17963387.0,163.0,163.5,162.5,163.0,0.0,178.0
2020-11-25,8422,134102.0,21863410.0,163.0,163.5,162.5,163.5,0.5,175.0
2020-11-26,8422,189539.0,31043899.0,163.5,165.0,163.0,165.0,1.5,220.0
2020-11-27,8422,123540.0,20325267.0,165.0,165.0,164.0,164.5,-0.5,161.0
2020-11-30,8422,200332.0,32796617.0,164.5,165.0,163.0,163.0,-1.5,250.0
2020-12-01,8422,156218.0,25598165.0,163.0,164.5,163.0,164.0,1.0,193.0
2020-12-02,8422,166928.0,27388854.0,164.0,164.5,163.5,164.0,0.0,145.0
2020-12-03,8422,85181.0,13947268.0,163.5,164.0,163.5,163.5,-0.5,119.0
2020-12-04,8422,142972.0,23379741.0,164.0,164.0,163.0,163.0,-0.5,185.0
2020-12-07,8422,214275.0,35111564.0,163.5,164.5,163.0,164.5,1.5,245.0
2020-12-08,8422,185234.0,30286933.0,163.0,164.5,163.0,163.5,-1.0,203.0
2020-12-09,8422,151954.0,24850849.0,163.0,164.0,163.0,163.5,0.0,196.0
2020-12-10,8422,208949.0,34300876.0,164.0,164.5,163.5,163.5,0.0,203.0
2020-12-11,8422,192495.0,31490905.0,164.5,164.5,163.0,163.0,-0.5,204.0
2020-12-14,8422,122108.0,20022741.0,163.0,164.5,163.0,164.0,1.0,170.0
2020-12-15,8422,152299.0,24922405.0,164.0,164.5,163.0,163.5,-0.5,181.0
2020-12-16,8422,261399.0,42618149.0,163.5,164.0,162.5,163.5,0.0,296.0
2020-12-17,8422,270472.0,44046172.0,163.5,164.0,162.5,162.5,-1.0,274.0
2020-12-18,8422,422279.0,68365635.0,162.5,162.5,161.5,161.5,-1.0,438.0
2020-12-21,8422,226079.0,36588498.0,161.5,163.5,160.5,163.5,2.0,271.0
2020-12-22,8422,121244.0,19751142.0,164.0,164.0,162.0,162.5,-1.0,174.0
2020-12-23,8422,36844.0,5983195.0,162.5,163.0,162.0,162.5,0.0,73.0
2020-12-24,8422,98724.0,16035771.0,162.5,163.0,162.0,162.5,0.0,110.0
2020-12-25,8422,76823.0,12495708.0,163.5,163.5,162.0,162.5,0.0,104.0
2020-12-28,8422,103451.0,16877928.0,163.0,163.5,162.5,163.5,1.0,166.0
2020-12-29,8422,79246.0,12925024.0,163.0,163.5,162.5,163.5,0.0,103.0
2020-12-30,8422,138838.0,22732642.0,163.5,164.0,163.0,164.0,0.5,193.0
2020-12-31,8422,106898.0,17543614.0,164.0,164.5,163.5,164.0,0.0,167.0
2021-01-04,8422,147157.0,24137168.0,164.5,164.5,163.5,164.5,0.5,203.0
2021-01-05,8422,145964.0,23952021.0,164.0,164.5,163.5,164.5,0.0,183.0
2021-01-06,8422,251879.0,41136361.0,164.5,164.5,162.5,163.0,-1.5,292.0
2021-01-07,8422,77763.0,12682686.0,163.0,163.5,163.0,163.0,0.0,129.0
2021-01-08,8422,126720.0,20706536.0,163.0,164.0,163.0,164.0,1.0,165.0
2021-01-11,8422,142872.0,23427801.0,164.0,164.5,163.5,164.0,0.0,189.0
2021-01-12,8422,105020.0,17169608.0,164.0,164.0,163.0,163.0,-1.0,144.0
2021-01-13,8422,173008.0,28268772.0,163.0,164.0,163.0,163.0,0.0,172.0
2021-01-14,8422,123872.0,20224968.0,164.0,164.0,163.0,163.0,0.0,144.0
2021-01-15,8422,267227.0,43422686.0,164.0,164.0,162.0,163.0,0.0,323.0
2021-01-18,8422,288002.0,46810178.0,163.0,163.5,162.0,162.5,-0.5,293.0
2021-01-19,8422,175164.0,28417834.0,162.5,163.0,162.0,162.0,-0.5,208.0
2021-01-20,8422,397701.0,64169208.0,162.0,162.0,160.5,161.0,-1.0,420.0
2021-01-21,8422,290054.0,46616722.0,160.5,161.5,160.0,161.5,0.5,352.0
2021-01-22,8422,350956.0,56266668.0,160.5,161.5,160.0,160.5,-1.0,352.0
2021-01-25,8422,265559.0,42334554.0,160.5,160.5,159.0,159.5,-1.0,405.0
2021-01-26,8422,307916.0,49074099.0,159.5,160.0,159.0,160.0,0.5,315.0
2021-01-27,8422,181880.0,29010869.0,160.0,160.5,159.0,159.0,-1.0,251.0
2021-01-28,8422,287034.0,45476474.0,159.0,159.0,158.0,159.0,0.0,448.0
2021-01-29,8422,225497.0,35925673.0,160.0,160.5,159.0,159.0,0.0,222.0
2021-02-01,8422,225131.0,35668746.0,159.0,159.5,158.0,158.0,-1.0,366.0
2021-02-02,8422,191228.0,30301791.0,159.0,159.5,158.0,158.5,0.5,283.0
2021-02-03,8422,211832.0,33616852.0,158.5,160.0,158.0,159.0,0.5,245.0
2021-02-04,8422,216032.0,34296822.0,158.5,159.5,158.0,159.5,0.5,220.0
2021-02-05,8422,245308.0,39008956.0,159.0,160.0,158.5,159.0,-0.5,307.0
2021-02-17,8422,262919.0,42090729.0,161.5,161.5,159.0,160.0,1.0,372.0
2021-02-18,8422,227194.0,36343977.0,160.0,161.0,159.0,161.0,1.0,247.0
2021-02-19,8422,225558.0,36161708.0,161.0,161.5,159.5,161.0,0.0,280.0
2021-02-22,8422,384893.0,62119325.0,161.0,162.5,160.5,162.0,1.0,357.0
2021-02-23,8422,355968.0,57761052.0,162.0,163.0,162.0,163.0,1.0,333.0
2021-02-24,8422,298448.0,48658652.0,163.5,163.5,162.5,163.5,0.5,311.0
2021-02-25,8422,379510.0,61842696.0,164.0,164.0,162.0,162.5,-1.0,419.0
2021-02-26,8422,543205.0,87682587.0,161.5,162.5,160.5,162.0,-0.5,513.0
2021-03-02,8422,486189.0,79349234.0,163.0,164.0,162.5,163.0,1.0,422.0
2021-03-03,8422,483967.0,79243463.0,163.0,165.0,162.5,164.0,1.0,372.0
2021-03-04,8422,597101.0,98956657.0,165.0,167.0,164.5,166.0,2.0,619.0
2021-03-05,8422,659698.0,110586429.0,166.0,169.0,166.0,168.5,2.5,698.0
2021-03-08,8422,765691.0,130755429.0,170.0,172.0,170.0,171.0,2.5,787.0
2021-03-09,8422,445670.0,75878426.0,171.0,171.5,169.0,170.5,-0.5,511.0
2021-03-10,8422,391645.0,66940092.0,171.0,171.5,170.0,171.5,1.0,397.0
2021-03-11,8422,458778.0,78207055.0,171.5,171.5,169.5,170.0,-1.5,507.0
2021-03-12,8422,329811.0,56328335.0,170.5,171.5,170.0,171.5,1.5,372.0
2021-03-15,8422,237092.0,40674947.0,171.5,172.0,171.0,171.5,0.0,253.0
2021-03-16,8422,236039.0,40552920.0,172.0,172.0,171.5,172.0,0.5,291.0
2021-03-17,8422,264485.0,45387843.0,172.0,172.0,171.0,172.0,0.0,306.0
2021-03-18,8422,323652.0,55679096.0,172.0,172.5,171.5,172.5,0.5,325.0
2021-03-19,8422,634964.0,110040847.0,172.0,175.0,171.5,175.0,2.5,616.0
2021-03-22,8422,312915.0,54459800.0,175.0,176.0,173.0,174.0,-1.0,405.0
2021-03-23,8422,271531.0,47132308.0,174.5,174.5,173.0,173.5,-0.5,285.0
2021-03-24,8422,203486.0,35168859.0,173.5,173.5,172.0,173.0,-0.5,250.0
2021-03-25,8422,235806.0,40608689.0,172.5,173.0,171.5,171.5,-1.5,337.0
2021-03-26,8422,195378.0,33583603.0,171.5,172.5,171.5,172.0,0.5,259.0
2021-03-29,8422,162939.0,28091880.0,172.0,173.0,172.0,173.0,1.0,224.0
2021-03-30,8422,132771.0,22919256.0,173.0,173.0,172.0,173.0,0.0,175.0
2021-03-31,8422,146700.0,25319481.0,173.0,173.0,172.0,173.0,0.0,194.0
2021-04-01,8422,174029.0,30022788.0,172.5,173.0,172.0,173.0,0.0,217.0
2021-04-06,8422,236020.0,40617149.0,173.0,173.0,171.5,172.0,-1.0,318.0
2021-04-07,8422,348407.0,60063469.0,173.0,174.0,172.0,172.5,0.5,371.0
2021-04-08,8422,236924.0,40889179.0,172.5,173.0,172.0,173.0,0.5,293.0
2021-04-09,8422,148581.0,25676912.0,173.0,173.0,172.0,173.0,0.0,201.0
2021-04-12,8422,265894.0,46232695.0,173.0,174.5,173.0,174.0,1.0,313.0
2021-04-13,8422,219102.0,38045594.0,174.0,174.5,173.0,173.5,-0.5,266.0
2021-04-14,8422,323311.0,55894728.0,173.0,174.0,172.0,173.0,-0.5,335.0
2021-04-15,8422,146779.0,25427921.0,173.0,174.0,172.5,173.0,0.0,189.0
2021-04-16,8422,156551.0,27102383.0,173.0,173.5,172.5,173.5,0.5,187.0
2021-04-19,8422,369933.0,64488990.0,173.5,175.0,173.0,175.0,1.5,430.0
2021-04-20,8422,481830.0,85131322.0,175.0,178.0,175.0,177.5,2.5,568.0
2021-04-21,8422,301908.0,53439992.0,178.0,178.0,176.0,178.0,0.5,347.0
2021-04-22,8422,521044.0,92696436.0,178.0,179.0,176.5,177.0,-1.0,477.0
2021-04-23,8422,211360.0,37360931.0,178.0,178.0,176.0,177.0,0.0,299.0
2021-04-26,8422,223063.0,39450122.0,177.0,177.5,176.5,177.5,0.5,292.0
2021-04-27,8422,151663.0,26839117.0,178.0,178.0,176.5,176.5,-1.0,228.0
2021-04-28,8422,158769.0,28018438.0,176.5,177.0,176.0,176.5,0.0,196.0
2021-04-29,8422,187030.0,33016881.0,177.0,177.0,176.0,176.5,0.0,213.0
2021-05-03,8422,343821.0,60227554.0,176.5,176.5,174.5,174.5,-2.0,432.0
2021-05-04,8422,586270.0,101054290.0,174.5,174.5,170.5,172.0,-2.5,711.0
2021-05-05,8422,236465.0,41007830.0,172.0,175.0,171.0,174.0,2.0,319.0
2021-05-06,8422,579831.0,102669447.0,175.0,178.0,175.0,177.5,3.5,585.0
2021-05-07,8422,519621.0,92620514.0,178.0,179.0,175.5,179.0,1.5,572.0
2021-05-10,8422,162478.0,29063835.0,180.0,180.0,177.5,178.5,-0.5,368.0
2021-05-11,8422,513691.0,90702313.0,178.0,179.5,174.0,174.0,-4.5,502.0
2021-05-12,8422,852578.0,145952839.0,174.0,175.5,167.5,171.0,-3.0,998.0
2021-05-13,8422,449486.0,76812905.0,169.0,172.5,168.0,171.0,0.0,543.0
2021-05-14,8422,250622.0,43146729.0,171.5,173.5,171.0,172.0,1.0,275.0
2021-05-17,8422,689911.0,116453565.0,169.0,171.0,167.0,168.0,-4.0,750.0
2021-05-18,8422,279315.0,47432831.0,168.0,171.0,167.5,170.5,2.5,343.0
2021-05-19,8422,187407.0,31918735.0,171.0,171.5,169.5,170.5,0.0,218.0
2021-05-20,8422,132573.0,22552982.0,170.5,171.0,169.0,170.0,-0.5,208.0
2021-05-21,8422,245164.0,41757385.0,170.5,171.5,169.5,170.0,0.0,170.0
2021-05-24,8422,91226.0,15546945.0,169.5,171.0,169.5,170.5,0.5,169.0
2021-05-25,8422,285248.0,47720152.0,171.0,172.0,170.0,170.5,0.0,257.0
2021-05-26,8422,144370.0,24655114.0,170.5,171.5,170.0,171.0,0.5,245.0
2021-05-27,8422,296001.0,50367806.0,171.0,171.5,169.5,169.5,-1.5,287.0
2021-05-28,8422,182491.0,31139108.0,170.5,171.5,170.0,170.0,0.5,235.0
2021-05-31,8422,226204.0,38809045.0,170.5,172.5,170.0,172.0,2.0,259.0
2021-06-01,8422,160034.0,27788053.0,172.0,175.0,172.0,175.0,3.0,234.0
2021-06-02,8422,363860.0,64004460.0,175.0,176.5,174.5,176.5,1.5,431.0
2021-06-03,8422,202903.0,35554586.0,176.5,176.5,174.5,175.5,-1.0,234.0
2021-06-04,8422,207101.0,36306806.0,175.5,176.0,174.5,176.0,0.5,235.0
2021-06-07,8422,215028.0,37686139.0,176.0,176.5,174.0,175.5,-0.5,325.0
2021-06-08,8422,227676.0,39723181.0,174.5,175.0,174.0,174.5,-1.0,307.0
2021-06-09,8422,239242.0,41816341.0,174.0,175.5,174.0,174.5,0.0,278.0
2021-06-10,8422,288008.0,50604266.0,174.5,176.5,174.0,176.0,1.5,288.0
2021-06-11,8422,282559.0,49883323.0,176.0,177.5,175.5,177.0,1.0,308.0
2021-06-15,8422,532003.0,94295642.0,177.0,178.0,176.5,177.5,0.5,513.0
2021-06-16,8422,480553.0,85407065.0,178.5,178.5,177.0,177.5,0.0,380.0
2021-06-17,8422,413055.0,73094996.0,178.0,178.0,176.0,176.0,-1.5,338.0
2021-06-18,8422,608117.0,107073975.0,177.0,177.0,175.0,176.0,0.0,569.0
2021-06-21,8422,1545233.0,268581326.0,175.5,176.0,173.0,173.5,-2.5,1528.0
2021-06-22,8422,1732425.0,287446290.0,165.0,168.0,163.5,167.0,0.0,1714.0
2021-06-23,8422,386807.0,64521084.0,167.0,167.5,166.0,166.5,-0.5,664.0
2021-06-24,8422,349525.0,58100743.0,166.5,167.0,165.5,166.0,-0.5,618.0
2021-06-25,8422,442713.0,73511176.0,166.0,168.0,165.0,165.5,-0.5,675.0
2021-06-28,8422,271404.0,44966214.0,166.5,166.5,165.0,166.5,1.0,534.0
2021-06-29,8422,194898.0,32314563.0,166.5,166.5,165.5,166.0,-0.5,384.0
2021-06-30,8422,233893.0,38721537.0,165.5,166.0,165.0,166.0,0.0,461.0
2021-07-01,8422,249497.0,41417668.0,166.5,167.0,165.5,165.5,-0.5,408.0
2021-07-02,8422,252252.0,41874149.0,166.0,166.5,165.5,166.5,1.0,375.0
2021-07-05,8422,269757.0,44893831.0,166.0,167.0,166.0,166.5,0.0,355.0
2021-07-06,8422,238267.0,39557944.0,166.5,166.5,165.5,166.0,-0.5,364.0
2021-07-07,8422,450688.0,74334709.0,165.0,165.5,164.5,164.5,-1.5,698.0
2021-07-08,8422,165297.0,27301450.0,164.5,165.5,164.5,165.5,1.0,299.0
2021-07-09,8422,168281.0,27820616.0,165.0,166.0,164.5,166.0,0.5,253.0
2021-07-12,8422,193277.0,31964970.0,166.5,166.5,165.0,165.0,-1.0,330.0
2021-07-13,8422,295435.0,48814726.0,165.5,166.0,164.5,166.0,1.0,409.0
2021-07-14,8422,110245.0,18260519.0,166.5,166.5,165.0,165.5,-0.5,209.0
2021-07-15,8422,202791.0,33632409.0,166.0,166.5,165.0,166.0,0.5,277.0
2021-07-16,8422,177084.0,29438182.0,166.0,166.5,166.0,166.0,0.0,218.0
2021-07-19,8422,445067.0,74713202.0,166.0,168.5,166.0,168.5,2.5,572.0
2021-07-20,8422,419049.0,70847524.0,168.0,170.0,167.5,169.5,1.0,578.0
2021-07-21,8422,459833.0,78215013.0,170.0,171.0,169.0,170.0,0.5,594.0
2021-07-22,8422,399212.0,68296366.0,170.5,172.0,170.0,172.0,2.0,507.0
2021-07-23,8422,491655.0,83961891.0,171.0,172.0,170.0,172.0,0.0,509.0
2021-07-26,8422,10747256.0,1728559785.0,171.5,172.0,170.0,171.5,-0.5,389.0
2021-07-27,8422,876220.0,147652306.0,166.0,171.0,165.5,169.5,-2.0,566.0
2021-07-28,8422,436700.0,73583054.0,169.0,170.0,167.0,168.0,-1.5,544.0
2021-07-29,8422,140948.0,23630591.0,167.5,168.0,167.0,167.5,-0.5,235.0
2021-07-30,8422,117288.0,19651725.0,167.5,168.0,167.0,168.0,0.5,190.0
2021-08-02,8422,197373.0,33059826.0,168.0,168.0,167.0,168.0,0.0,227.0
2021-08-03,8422,152185.0,25613963.0,168.0,168.5,167.5,168.5,0.5,194.0
2021-08-04,8422,250012.0,41999257.0,168.0,168.5,167.0,168.5,0.0,255.0
2021-08-05,8422,224580.0,37808840.0,168.5,169.0,167.5,169.0,0.5,265.0
2021-08-06,8422,128486.0,21611226.0,169.0,169.0,168.0,168.5,-0.5,184.0
2021-08-09,8422,218099.0,36761496.0,168.5,169.0,168.0,169.0,0.5,268.0
2021-08-10,8422,121712.0,20407351.0,168.0,169.0,167.0,167.5,-1.5,234.0
2021-08-11,8422,205395.0,34484470.0,168.0,168.5,167.0,167.5,0.0,281.0
2021-08-12,8422,79634.0,13326679.0,167.5,168.0,167.0,167.0,-0.5,165.0
2021-08-13,8422,208398.0,34872934.0,167.0,168.5,166.5,168.0,1.0,285.0
2021-08-16,8422,108438.0,18114211.0,168.0,168.0,166.5,167.0,-1.0,231.0
2021-08-17,8422,188105.0,31503755.0,167.0,168.0,167.0,168.0,1.0,270.0
2021-08-18,8422,180894.0,30224380.0,168.0,168.0,166.5,167.5,-0.5,318.0
2021-08-19,8422,206058.0,34424413.0,167.5,168.0,166.0,167.5,0.0,301.0
2021-08-20,8422,72417.0,12077293.0,167.0,167.5,166.5,167.0,-0.5,168.0
2021-08-23,8422,149337.0,25063177.0,167.0,168.5,167.0,168.0,1.0,273.0
2021-08-24,8422,287686.0,48608095.0,168.0,169.5,168.0,169.0,1.0,319.0
2021-08-25,8422,215988.0,36563692.0,169.0,170.0,168.5,169.5,0.5,259.0
2021-08-26,8422,178434.0,30252328.0,169.5,170.0,169.0,170.0,0.5,239.0
2021-08-27,8422,125125.0,21175428.0,169.0,170.0,169.0,169.5,-0.5,229.0
2021-08-30,8422,92538.0,15676998.0,169.5,170.0,169.0,170.0,0.5,189.0
2021-08-31,8422,144632.0,24546406.0,170.0,170.0,169.0,170.0,0.0,236.0
2021-09-01,8422,118130.0,20073103.0,170.0,170.5,169.5,169.5,-0.5,194.0
2021-09-02,8422,135240.0,22957789.0,169.5,170.5,169.0,170.0,0.5,192.0
2021-09-03,8422,109287.0,18583956.0,170.0,170.5,169.5,170.0,0.0,169.0
2021-09-06,8422,194037.0,33090463.0,170.5,171.0,170.0,170.5,0.5,273.0
2021-09-07,8422,141381.0,24166713.0,171.0,171.5,170.0,171.0,0.5,220.0
2021-09-08,8422,99829.0,17010486.0,171.0,171.0,170.0,170.0,-1.0,170.0
2021-09-09,8422,106047.0,18127735.0,170.0,171.5,170.0,171.0,1.0,152.0
2021-09-10,8422,171323.0,29438283.0,171.0,172.5,171.0,172.5,1.5,259.0
2021-09-13,8422,635448.0,111604901.0,172.0,178.0,172.0,175.0,2.5,741.0
2021-09-14,8422,219332.0,38501100.0,175.0,176.0,175.0,176.0,1.0,341.0
2021-09-15,8422,234979.0,40949365.0,176.0,176.0,173.5,173.5,-2.5,339.0
2021-09-16,8422,108790.0,18952654.0,174.0,174.5,173.5,174.0,0.5,199.0
2021-09-17,8422,377068.0,66140317.0,175.0,176.0,174.5,175.0,1.0,399.0
2021-09-22,8422,510160.0,90109445.0,174.0,178.0,173.5,177.0,2.0,585.0
2021-09-23,8422,428231.0,76130833.0,177.0,178.0,177.0,178.0,1.0,1816.0
2021-09-24,8422,201106.0,35713448.0,178.0,178.0,177.0,178.0,0.0,552.0
2021-09-27,8422,254368.0,45329105.0,178.0,179.0,177.5,178.5,0.5,355.0
2021-09-28,8422,1107251.0,201665688.0,178.5,184.5,177.5,184.5,6.0,1135.0
2021-09-29,8422,2097341.0,398969219.0,184.0,197.0,183.5,190.0,5.5,4498.0
2021-09-30,8422,666359.0,125749391.0,190.5,193.5,186.5,187.5,-2.5,2403.0
2021-10-01,8422,618841.0,113782227.0,186.0,187.0,182.0,182.0,-5.5,1032.0
2021-10-04,8422,540663.0,100917049.0,183.5,188.5,183.5,187.5,5.5,2007.0
2021-10-05,8422,772647.0,146463279.0,186.5,191.0,183.5,189.0,1.5,1853.0
2021-10-06,8422,3009744.0,592673881.0,192.0,201.0,192.0,195.0,6.0,4912.0
2021-10-07,8422,3048001.0,614686862.0,198.0,206.0,193.5,205.0,10.0,3850.0
2021-10-08,8422,1859653.0,377846719.0,204.0,209.0,199.5,204.5,-0.5,2490.0
2021-10-12,8422,1113069.0,226736623.0,203.0,207.0,201.0,204.5,0.0,2427.0
2021-10-13,8422,2092785.0,441502188.0,205.0,215.5,205.0,211.5,7.0,4513.0
2021-10-14,8422,1851206.0,395149306.0,210.0,217.0,208.0,213.0,1.5,2344.0
2021-10-15,8422,914198.0,194959923.0,213.0,217.0,211.5,212.0,-1.0,1360.0
2021-10-18,8422,1315640.0,273858699.0,213.0,214.5,203.0,207.0,-5.0,2012.0
2021-10-19,8422,930110.0,195834545.0,207.0,213.0,207.0,212.5,5.5,1756.0
2021-10-20,8422,805147.0,169806644.0,213.0,216.0,208.0,209.0,-3.5,3322.0
2021-10-21,8422,1264629.0,259795228.0,209.0,209.5,203.0,205.5,-3.5,1447.0
2021-10-22,8422,341972.0,70458315.0,207.0,208.5,204.5,206.0,0.5,595.0
2021-10-25,8422,409679.0,84414386.0,207.0,208.5,204.5,205.5,-0.5,830.0
2021-10-26,8422,750451.0,152743813.0,206.5,207.0,202.0,202.0,-3.5,1103.0
2021-10-27,8422,527089.0,107145952.0,203.0,205.0,200.5,205.0,3.0,583.0
2021-10-28,8422,1533852.0,323941699.0,205.0,216.5,204.5,216.5,11.5,1921.0
2021-10-29,8422,2718643.0,583154885.0,216.0,221.5,210.0,214.0,-2.5,5076.0
2021-11-01,8422,2170481.0,470656474.0,212.0,222.0,210.5,221.5,7.5,2902.0
2021-11-02,8422,2735519.0,597465682.0,225.0,226.5,213.5,216.0,-5.5,3873.0
2021-11-03,8422,1850564.0,401494081.0,216.5,222.0,212.5,217.5,1.5,1803.0
2021-11-04,8422,1086427.0,235942138.0,218.5,220.5,214.0,214.0,-3.5,1694.0
2021-11-05,8422,692689.0,148069466.0,215.0,216.0,212.0,214.0,0.0,673.0
2021-11-08,8422,626060.0,133036488.0,214.0,215.5,210.5,212.0,-2.0,920.0
2021-11-09,8422,860802.0,180280627.0,213.5,213.5,207.0,207.0,-5.0,1108.0
2021-11-10,8422,3420516.0,755555674.0,214.0,225.0,214.0,222.5,15.5,2992.0
2021-11-11,8422,4654571.0,1089166963.0,223.0,243.0,223.0,232.0,9.5,5386.0
2021-11-12,8422,2441473.0,569047424.0,236.0,240.0,230.0,232.0,0.0,3619.0
2021-11-15,8422,3880556.0,945120776.0,238.0,249.5,237.0,244.0,12.0,6068.0
2021-11-16,8422,1747218.0,421058594.0,243.5,244.5,238.0,242.5,-1.5,2016.0
2021-11-17,8422,1310113.0,312370811.0,238.0,240.5,236.0,238.0,-4.5,1301.0
2021-11-18,8422,1018791.0,243447845.0,238.0,242.5,236.0,239.0,1.0,1210.0
2021-11-19,8422,1044700.0,247280020.0,239.5,240.0,233.5,235.5,-3.5,1526.0
2021-11-22,8422,1490755.0,360717798.0,236.5,246.0,236.5,241.5,6.0,1633.0
2021-11-23,8422,775818.0,187374971.0,242.0,246.5,239.0,239.5,-2.0,1290.0
2021-11-24,8422,800782.0,193187584.0,239.5,244.0,238.0,242.0,2.5,913.0
2021-11-25,8422,2041719.0,505171487.0,245.0,251.5,241.5,247.5,5.5,2002.0
2021-11-26,8422,1152168.0,280188122.0,247.0,247.0,239.5,242.5,-5.0,3686.0
2021-11-29,8422,759467.0,181954824.0,236.0,242.5,236.0,239.5,-3.0,2544.0
2021-11-30,8422,1411177.0,345127923.0,240.5,249.0,240.0,245.5,6.0,2025.0
2021-12-01,8422,645175.0,156416472.0,245.0,245.0,240.5,241.5,-4.0,1964.0
2021-12-02,8422,766685.0,183213055.0,242.5,243.0,237.0,238.0,-3.5,3210.0
2021-12-03,8422,1461183.0,357773068.0,240.5,248.5,239.0,248.0,10.0,1198.0
2021-12-06,8422,1904011.0,454749670.0,245.0,245.0,236.0,239.0,-9.0,2891.0
2021-12-07,8422,774132.0,186445518.0,241.0,244.0,238.0,241.5,2.5,764.0
2021-12-08,8422,522112.0,126302252.0,241.5,245.0,240.5,241.5,0.0,1210.0
2021-12-09,8422,762836.0,182328196.0,242.5,243.0,237.0,238.0,-3.5,1140.0
2021-12-10,8422,401145.0,95418765.0,239.5,239.5,237.0,237.0,-1.0,1112.0
2021-12-13,8422,1149439.0,270314424.0,237.5,239.5,229.5,234.5,-2.5,1124.0
2021-12-14,8422,992965.0,229236302.0,235.0,237.0,229.0,230.5,-4.0,1219.0
2021-12-15,8422,1507639.0,343938582.0,229.5,235.0,225.0,227.5,-3.0,1390.0
2021-12-16,8422,947810.0,218321819.0,228.5,234.0,227.5,233.0,5.5,753.0
2021-12-17,8422,1398268.0,326996255.0,233.0,238.0,231.0,233.5,0.5,1098.0
2021-12-20,8422,1044554.0,247696273.0,235.5,241.5,234.0,237.0,3.5,880.0
2021-12-21,8422,488012.0,114256686.0,237.5,238.0,232.0,234.0,-3.0,991.0
2021-12-22,8422,325422.0,76296165.0,234.0,236.0,232.0,235.0,1.0,402.0
2021-12-23,8422,223194.0,52008566.0,235.0,235.0,232.0,232.5,-2.5,655.0
2021-12-24,8422,432193.0,99607908.0,232.5,234.0,229.0,230.0,-2.5,565.0
2021-12-27,8422,448954.0,103305335.0,232.5,232.5,228.0,231.0,1.0,493.0
2021-12-28,8422,928558.0,217950279.0,236.0,240.5,231.0,231.5,0.5,1629.0
2021-12-29,8422,1176432.0,276363928.0,238.0,240.5,231.0,236.0,4.5,1076.0
2021-12-30,8422,534058.0,124838966.0,237.0,237.0,232.0,233.5,-2.5,642.0
2022-01-03,8422,851807.0,195369211.0,233.0,233.0,228.5,229.0,-4.5,877.0
2022-01-04,8422,1549928.0,344695182.0,228.5,228.5,220.5,221.0,-8.0,2176.0
2022-01-05,8422,954634.0,210048368.0,219.0,223.0,217.0,222.0,1.0,1050.0
2022-01-06,8422,1256903.0,272742600.0,220.5,220.5,215.5,217.0,-5.0,2250.0
2022-01-07,8422,649963.0,140019737.0,218.5,219.5,214.0,214.0,-3.0,998.0
2022-01-10,8422,310790.0,66739928.0,212.5,218.0,212.0,215.0,1.0,467.0
2022-01-11,8422,345880.0,73803913.0,215.5,216.0,212.0,213.5,-1.5,608.0
2022-01-12,8422,353937.0,75422377.0,214.0,215.5,211.5,213.0,-0.5,546.0
2022-01-13,8422,175540.0,37375130.0,213.0,214.0,212.0,213.0,0.0,287.0
2022-01-14,8422,925524.0,192712639.0,214.0,214.0,206.5,207.5,-5.5,1390.0
2022-01-17,8422,564034.0,119285203.0,208.0,216.0,208.0,211.0,3.5,617.0
2022-01-18,8422,598351.0,124267562.0,211.5,212.5,206.0,206.0,-5.0,1357.0
2022-01-19,8422,601281.0,122527831.0,203.0,206.5,202.0,203.5,-2.5,937.0
2022-01-20,8422,253001.0,51935030.0,205.0,207.0,203.0,206.0,2.5,391.0
2022-01-21,8422,355964.0,72291434.0,205.0,205.0,202.0,202.5,-3.5,667.0
2022-01-24,8422,559844.0,113496054.0,202.5,206.5,199.0,204.5,2.0,614.0
2022-01-25,8422,298643.0,60724769.0,203.0,205.0,202.0,203.0,-1.5,547.0
2022-01-26,8422,532085.0,110334186.0,202.5,209.0,202.5,208.5,5.5,557.0
2022-02-07,8422,638411.0,131822907.0,208.5,208.5,204.0,208.5,0.0,1321.0
2022-02-08,8422,405706.0,85063463.0,208.5,212.0,207.0,209.5,1.0,460.0
2022-02-09,8422,289002.0,60414179.0,209.5,210.0,207.0,210.0,0.5,426.0
2022-02-10,8422,1234305.0,267343607.0,213.0,220.5,213.0,218.0,8.0,1276.0
2022-02-11,8422,483832.0,103878207.0,218.0,218.0,213.0,214.5,-3.5,737.0
2022-02-14,8422,443873.0,93783192.0,213.0,213.0,210.5,211.0,-3.5,579.0
2022-02-15,8422,406929.0,87028740.0,211.5,216.5,211.0,214.0,3.0,459.0
2022-02-16,8422,443392.0,95577361.0,216.5,219.5,214.0,214.5,0.5,1073.0
2022-02-17,8422,330082.0,70128433.0,214.5,215.0,211.0,212.0,-2.5,488.0
2022-02-18,8422,276800.0,59430310.0,212.5,216.0,212.5,216.0,4.0,326.0
2022-02-21,8422,203059.0,43458077.0,215.5,215.5,213.0,213.5,-2.5,867.0
2022-02-22,8422,395139.0,83730243.0,212.5,215.0,210.0,214.5,1.0,495.0
2022-02-23,8422,299177.0,63593772.0,213.0,215.0,211.0,213.5,-1.0,433.0
2022-02-24,8422,539064.0,113011104.0,211.5,213.0,207.0,209.0,-4.5,853.0
2022-02-25,8422,480930.0,102084770.0,209.0,214.5,209.0,212.0,3.0,475.0
2022-03-01,8422,763102.0,163357326.0,212.0,217.0,212.0,212.5,0.5,1280.0
2022-03-02,8422,801699.0,168270333.0,213.0,214.5,207.0,209.0,-3.5,1227.0
2022-03-03,8422,614486.0,130530325.0,210.5,215.0,209.5,215.0,6.0,499.0
2022-03-04,8422,493838.0,104397580.0,213.5,213.5,210.0,210.5,-4.5,540.0
2022-03-07,8422,1275902.0,259441020.0,210.0,210.5,201.0,203.5,-7.0,1527.0
2022-03-08,8422,564213.0,113742506.0,202.5,203.5,200.0,201.5,-2.0,942.0
2022-03-09,8422,1076703.0,216085353.0,201.5,203.5,200.0,200.0,-1.5,1093.0
2022-03-10,8422,600672.0,120853297.0,202.0,203.0,200.0,201.0,1.0,783.0
2022-03-11,8422,751012.0,149117288.0,200.0,201.0,196.0,200.5,-0.5,1574.0
2022-03-14,8422,217569.0,43481313.0,200.5,201.5,199.0,199.5,-1.0,404.0
2022-03-15,8422,269250.0,53509738.0,199.5,200.0,198.0,198.0,-1.5,501.0
2022-03-16,8422,295858.0,58573535.0,199.0,199.5,197.0,197.5,-0.5,545.0
2022-03-17,8422,283502.0,56552555.0,198.0,201.0,198.0,200.5,3.0,362.0
2022-03-18,8422,582906.0,116069306.0,200.0,201.0,197.5,198.5,-2.0,532.0
2022-03-21,8422,173098.0,34833408.0,200.0,202.5,200.0,201.5,3.0,284.0
2022-03-22,8422,411965.0,83871628.0,202.0,205.5,201.5,205.0,3.5,484.0
2022-03-23,8422,265357.0,53735229.0,205.0,205.0,201.5,201.5,-3.5,485.0
2022-03-24,8422,198658.0,40046840.0,201.5,203.5,200.0,201.5,0.0,284.0
2022-03-25,8422,91128.0,18339549.0,202.0,202.0,201.0,201.0,-0.5,183.0
2022-03-28,8422,221431.0,44061829.0,201.0,201.0,198.0,199.5,-1.5,382.0
2022-03-29,8422,173128.0,34430130.0,200.0,201.0,198.0,198.5,-1.0,407.0
2022-03-30,8422,225003.0,44698676.0,199.0,199.5,198.0,199.0,0.5,427.0
2022-03-31,8422,132986.0,26558524.0,199.5,201.5,199.0,199.0,0.0,193.0
2022-04-01,8422,180356.0,35705770.0,198.5,198.5,197.0,197.5,-1.5,593.0
2022-04-06,8422,130140.0,25827398.0,198.0,199.5,197.5,198.5,1.0,304.0
2022-04-07,8422,173098.0,34345884.0,199.0,199.0,197.5,197.5,-1.0,325.0
2022-04-08,8422,206769.0,41383869.0,198.5,202.0,198.5,200.0,2.5,329.0
2022-04-11,8422,243345.0,48371592.0,200.0,201.5,197.5,198.0,-2.0,401.0
2022-04-12,8422,257884.0,50768207.0,198.0,198.0,196.0,197.0,-1.0,528.0
2022-04-13,8422,262111.0,52147114.0,198.0,200.5,197.5,199.5,2.5,288.0
2022-04-14,8422,148016.0,29715120.0,200.5,201.5,200.0,200.0,0.5,210.0
2022-04-15,8422,199262.0,39511935.0,200.0,200.0,197.0,197.5,-2.5,366.0
2022-04-18,8422,114176.0,22732697.0,198.0,200.5,198.0,198.5,1.0,230.0
2022-04-19,8422,123021.0,24594270.0,199.5,200.5,199.5,200.5,2.0,243.0
2022-04-20,8422,196987.0,39757677.0,200.5,203.0,200.5,201.5,1.0,284.0
2022-04-21,8422,214947.0,43673783.0,202.5,204.0,202.5,202.5,1.0,512.0
2022-04-22,8422,119891.0,24249212.0,203.0,203.0,201.0,203.0,0.5,157.0
2022-04-25,8422,218923.0,43682222.0,201.5,201.5,198.5,200.0,-3.0,396.0
2022-04-26,8422,138786.0,27735477.0,200.0,201.0,199.0,200.0,0.0,256.0
2022-04-27,8422,355730.0,70388292.0,199.5,199.5,196.0,199.0,-1.0,463.0
2022-04-28,8422,173620.0,34993096.0,199.0,203.0,199.0,201.0,2.0,233.0
2022-04-29,8422,152808.0,30631902.0,201.0,202.0,199.0,200.5,-0.5,825.0
2022-05-03,8422,368637.0,73453615.0,200.0,200.0,198.0,199.5,-1.0,311.0
2022-05-04,8422,107292.0,21374298.0,200.0,200.0,198.5,198.5,-1.0,220.0
2022-05-05,8422,188351.0,37415258.0,199.5,200.0,198.0,198.0,-0.5,420.0
2022-05-06,8422,150326.0,29754765.0,197.5,198.5,197.0,198.0,0.0,310.0
2022-05-09,8422,789471.0,152223789.0,197.0,197.0,189.5,191.0,-7.0,1795.0
2022-05-10,8422,296096.0,56206850.0,190.5,192.0,188.0,192.0,1.0,639.0
2022-05-11,8422,201968.0,38826414.0,192.0,194.0,190.0,193.0,1.0,345.0
2022-05-12,8422,250047.0,47428988.0,191.0,192.5,188.0,188.0,-5.0,745.0
2022-05-13,8422,233177.0,44533590.0,188.0,193.5,188.0,193.0,5.0,390.0
2022-05-16,8422,231049.0,45161258.0,194.0,198.0,193.0,197.5,4.5,389.0
2022-05-17,8422,150983.0,29560985.0,197.0,197.0,194.5,195.5,-2.0,1686.0
2022-05-18,8422,83818.0,16329757.0,195.5,195.5,194.0,194.5,-1.0,206.0
2022-05-19,8422,131041.0,25366549.0,193.0,195.0,191.5,194.5,0.0,295.0
2022-05-20,8422,103940.0,20254826.0,193.0,196.0,193.0,194.0,-0.5,182.0
2022-05-23,8422,184497.0,35452233.0,194.0,194.0,191.0,191.5,-2.5,436.0
2022-05-24,8422,139581.0,26660939.0,192.0,192.5,190.5,190.5,-1.0,352.0
2022-05-25,8422,95770.0,18347507.0,191.0,193.0,190.5,191.5,1.0,144.0
2022-05-26,8422,145248.0,27861869.0,192.0,193.0,191.0,192.0,0.5,207.0
2022-05-27,8422,186038.0,36010821.0,193.0,194.5,192.5,194.5,2.5,250.0
2022-05-30,8422,281967.0,54768829.0,195.0,195.5,193.5,195.0,0.5,386.0
2022-05-31,8422,322683.0,62667279.0,194.5,195.5,193.5,193.5,-1.5,345.0
2022-06-01,8422,423009.0,81637907.0,193.5,195.0,191.5,193.0,-0.5,579.0
2022-06-02,8422,712727.0,136634859.0,193.0,193.0,190.0,192.0,-1.0,993.0
2022-06-06,8422,965071.0,175413252.0,182.0,183.0,180.0,181.0,0.0,1800.0
2022-06-07,8422,228872.0,41495336.0,181.5,182.0,180.5,181.5,0.5,517.0
2022-06-08,8422,327903.0,59367125.0,182.0,182.0,180.5,180.5,-1.0,711.0
2022-06-09,8422,125377.0,22719416.0,180.5,182.0,180.5,181.5,1.0,322.0
2022-06-10,8422,189521.0,34366903.0,181.5,182.5,180.5,182.5,1.0,310.0
2022-06-13,8422,183518.0,33040455.0,180.0,180.5,179.0,180.0,-2.5,450.0
2022-06-14,8422,404524.0,71954720.0,180.0,180.0,177.0,178.0,-2.0,846.0
2022-06-15,8422,283765.0,50275958.0,178.5,178.5,176.0,177.0,-1.0,724.0
2022-06-16,8422,319951.0,56429241.0,177.5,178.0,175.0,175.0,-2.0,716.0
2022-06-17,8422,374265.0,64614585.0,175.0,175.0,172.0,172.0,-3.0,837.0
2022-06-20,8422,588210.0,99501073.0,172.0,172.0,167.0,168.5,-3.5,1117.0
2022-06-21,8422,250009.0,43025000.0,169.5,174.5,169.5,174.5,6.0,353.0
2022-06-22,8422,332512.0,56785440.0,174.5,174.5,169.0,170.5,-4.0,993.0
2022-06-23,8422,242960.0,41706836.0,170.0,174.0,170.0,171.5,1.0,357.0
2022-06-24,8422,159134.0,27692854.0,174.0,175.0,173.0,173.5,2.0,506.0
2022-06-27,8422,159629.0,27998477.0,175.5,176.5,174.5,174.5,1.0,255.0
2022-06-28,8422,55710.0,9721713.0,175.5,176.0,173.5,173.5,-1.0,137.0
2022-06-29,8422,106911.0,18433346.0,172.0,173.5,171.5,172.0,-1.5,269.0
2022-06-30,8422,203396.0,34955830.0,172.0,173.0,170.5,172.5,0.5,345.0
2022-07-01,8422,446791.0,75627440.0,172.5,172.5,167.5,168.0,-4.5,986.0
2022-07-04,8422,323662.0,54998021.0,168.5,172.0,168.0,169.5,1.5,389.0
2022-07-05,8422,244438.0,41698282.0,172.0,172.0,169.5,171.5,2.0,338.0
2022-07-06,8422,341305.0,57957401.0,171.5,171.5,168.5,168.5,-3.0,526.0
2022-07-07,8422,325386.0,55400630.0,170.0,171.0,169.0,170.5,2.0,368.0
2022-07-08,8422,220217.0,37732799.0,172.5,172.5,170.5,170.5,0.0,377.0
2022-07-11,8422,252109.0,43188459.0,170.5,173.5,169.0,171.5,1.0,359.0
2022-07-12,8422,244321.0,41365007.0,170.5,171.0,168.5,168.5,-3.0,593.0
2022-07-13,8422,307215.0,51972852.0,171.5,171.5,168.0,168.0,-0.5,554.0
2022-07-14,8422,271289.0,45930836.0,168.0,170.5,168.0,170.5,2.5,372.0
2022-07-15,8422,464293.0,78152723.0,169.5,170.0,168.0,168.0,-2.5,829.0
2022-07-18,8422,358373.0,60500989.0,168.5,170.0,167.5,169.0,1.0,519.0
2022-07-19,8422,180307.0,30549817.0,170.5,170.5,169.0,170.0,1.0,267.0
2022-07-20,8422,230996.0,39551966.0,170.0,172.0,170.0,170.5,0.5,363.0
2022-07-21,8422,330440.0,57194548.0,171.5,175.0,171.0,174.5,4.0,442.0
2022-07-22,8422,223952.0,38877484.0,175.0,175.0,173.0,173.0,-1.5,362.0
2022-07-25,8422,221789.0,38301786.0,173.0,173.5,172.0,173.0,0.0,338.0
2022-07-26,8422,109899.0,18884475.0,173.0,173.0,171.0,171.5,-1.5,272.0
2022-07-27,8422,235803.0,40377191.0,171.0,172.0,170.5,172.0,0.5,277.0
2022-07-28,8422,100083.0,17272681.0,173.0,173.0,172.0,172.0,0.0,177.0
2022-07-29,8422,205802.0,35675435.0,173.0,174.0,172.5,174.0,2.0,267.0
2022-08-01,8422,187206.0,32650867.0,174.0,176.0,174.0,174.0,0.0,316.0
2022-08-02,8422,160565.0,27564723.0,173.0,173.0,171.0,171.5,-2.5,378.0
2022-08-03,8422,228077.0,38877100.0,171.5,171.5,169.5,170.5,-1.0,492.0
2022-08-04,8422,249501.0,42358076.0,170.0,170.5,169.0,170.0,-0.5,452.0
2022-08-05,8422,66152.0,11346650.0,170.0,172.0,170.0,172.0,2.0,165.0
2022-08-08,8422,112246.0,19173061.0,171.0,171.5,170.5,171.0,-1.0,262.0
2022-08-09,8422,122587.0,21100085.0,171.0,173.0,170.5,173.0,2.0,277.0
2022-08-10,8422,99750.0,17192450.0,172.0,173.0,171.5,172.5,-0.5,263.0
2022-08-11,8422,204984.0,35667705.0,174.0,175.0,173.0,175.0,2.5,348.0
2022-08-12,8422,207181.0,36170984.0,175.0,175.5,173.5,175.0,0.0,342.0
2022-08-15,8422,317782.0,56519792.0,176.5,179.0,176.0,179.0,4.0,571.0
2022-08-16,8422,210318.0,37487314.0,179.0,179.5,177.0,178.5,-0.5,406.0
2022-08-17,8422,156839.0,28119385.0,179.5,180.0,178.5,179.0,0.5,294.0
2022-08-18,8422,133773.0,23827333.0,178.0,179.5,177.5,179.5,0.5,321.0
2022-08-19,8422,115173.0,20507986.0,179.0,179.0,177.0,178.5,-1.0,299.0
2022-08-22,8422,96145.0,17090192.0,177.5,178.5,177.5,177.5,-1.0,260.0
2022-08-23,8422,64225.0,11398697.0,177.5,178.5,177.0,178.5,1.0,187.0
2022-08-24,8422,117132.0,20834113.0,179.5,179.5,177.0,177.0,-1.5,245.0
2022-08-25,8422,233684.0,41303353.0,177.0,178.0,176.0,177.0,0.0,434.0
2022-08-26,8422,343826.0,60452616.0,177.5,177.5,174.0,175.0,-2.0,681.0
2022-08-29,8422,221963.0,38322318.0,172.0,174.0,171.5,173.5,-1.5,583.0
2022-08-30,8422,98932.0,17166991.0,172.5,174.0,172.5,173.5,0.0,286.0
2022-08-31,8422,154121.0,27098731.0,174.0,177.0,174.0,177.0,3.5,269.0
2022-09-01,8422,164764.0,28781649.0,176.0,176.0,174.0,176.0,-1.0,364.0
2022-09-02,8422,131115.0,22863086.0,174.0,175.0,174.0,174.0,-2.0,367.0
2022-09-05,8422,99371.0,17253364.0,175.5,175.5,172.5,174.5,0.5,234.0
2022-09-06,8422,68209.0,11875573.0,174.5,175.0,173.5,174.0,-0.5,205.0
2022-09-07,8422,281931.0,49715547.0,176.0,177.5,174.0,177.0,3.0,456.0
2022-09-08,8422,750074.0,136391305.0,178.0,184.0,178.0,183.5,6.5,1068.0
2022-09-12,8422,368660.0,67723715.0,185.0,186.0,182.0,184.0,0.5,891.0
2022-09-13,8422,166195.0,30431716.0,185.0,185.0,182.0,182.0,-2.0,345.0
2022-09-14,8422,194094.0,35228744.0,179.5,183.5,179.0,182.0,0.0,362.0
2022-09-15,8422,98003.0,17837155.0,181.5,183.0,181.0,181.5,-0.5,212.0
2022-09-16,8422,164036.0,29620139.0,181.0,181.0,180.0,181.0,-0.5,304.0
2022-09-19,8422,131931.0,23670714.0,181.0,181.0,179.0,179.0,-2.0,284.0
2022-09-20,8422,85775.0,15339957.0,179.5,179.5,178.0,179.5,0.5,260.0
2022-09-21,8422,110366.0,19733390.0,179.5,179.5,178.0,178.0,-1.5,252.0
2022-09-22,8422,176623.0,31634407.0,178.0,181.5,177.0,181.0,3.0,332.0
2022-09-23,8422,172686.0,31362398.0,182.0,182.5,180.5,181.0,0.0,310.0
2022-09-26,8422,338270.0,59947726.0,180.5,180.5,176.0,176.0,-5.0,704.0
2022-09-27,8422,315654.0,55195323.0,175.5,177.0,174.0,174.5,-1.5,630.0
2022-09-28,8422,289787.0,49874472.0,176.0,176.0,171.0,171.5,-3.0,785.0
2022-09-29,8422,304416.0,53099936.0,172.5,177.0,172.5,174.5,3.0,471.0
2022-09-30,8422,191236.0,33139822.0,173.5,174.5,171.5,174.5,0.0,313.0
2022-10-03,8422,108809.0,19035941.0,174.5,176.5,174.0,175.0,0.5,211.0
2022-10-04,8422,98277.0,17193589.0,176.5,176.5,174.0,175.5,0.5,206.0
2022-10-05,8422,130510.0,22921039.0,176.5,176.5,175.0,175.0,-0.5,254.0
2022-10-06,8422,56498.0,9891333.0,175.5,175.5,174.5,175.0,0.0,133.0
2022-10-07,8422,442901.0,79197826.0,177.0,180.5,177.0,177.5,2.5,667.0
2022-10-11,8422,409550.0,71028508.0,176.0,176.0,172.0,173.0,-4.5,920.0
2022-10-12,8422,189034.0,32591321.0,173.0,173.0,172.0,172.5,-0.5,462.0
2022-10-13,8422,396853.0,67638981.0,172.5,172.5,169.5,169.5,-3.0,865.0
2022-10-14,8422,201793.0,34439032.0,171.0,171.5,170.0,171.0,1.5,443.0
2022-10-17,8422,341436.0,57674749.0,169.5,170.0,168.0,170.0,-1.0,891.0
2022-10-18,8422,302529.0,51336850.0,170.0,171.5,169.0,169.0,-1.0,593.0
2022-10-19,8422,251926.0,42733408.0,170.0,171.0,168.5,171.0,2.0,365.0
2022-10-20,8422,1062839.0,177952971.0,170.0,170.0,166.0,169.0,-2.0,1436.0
2022-10-21,8422,198074.0,33136531.0,169.0,169.0,166.5,167.5,-1.5,493.0
2022-10-24,8422,195697.0,32840724.0,168.5,168.5,167.0,167.5,0.0,377.0
2022-10-25,8422,349124.0,57735267.0,168.0,168.0,164.0,165.0,-2.5,976.0
2022-10-26,8422,171740.0,28289468.0,165.0,166.0,163.5,165.0,0.0,438.0
2022-10-27,8422,108893.0,18143577.0,166.0,167.0,165.5,167.0,2.0,231.0
2022-10-28,8422,112561.0,18776356.0,166.0,167.5,166.0,166.5,-0.5,239.0
2022-10-31,8422,123232.0,20597199.0,167.0,168.0,166.0,167.0,0.5,231.0
2022-11-01,8422,109740.0,18423059.0,167.0,168.5,167.0,167.5,0.5,261.0
2022-11-02,8422,109762.0,18477323.0,167.5,169.0,167.5,168.5,1.0,206.0
2022-11-03,8422,115803.0,19382597.0,168.0,168.0,167.0,167.5,-1.0,311.0
2022-11-04,8422,96677.0,16187409.0,167.5,168.0,167.0,167.5,0.0,247.0
2022-11-07,8422,133453.0,22520894.0,168.0,169.5,168.0,169.0,1.5,248.0
2022-11-08,8422,144187.0,24294045.0,167.5,169.0,167.5,169.0,0.0,345.0
2022-11-09,8422,227727.0,38567626.0,169.5,170.0,169.0,170.0,1.0,442.0
2022-11-10,8422,205079.0,34501908.0,170.0,170.0,167.5,168.0,-2.0,427.0
2022-11-11,8422,231288.0,39100508.0,170.5,170.5,168.0,169.0,1.0,364.0
2022-11-14,8422,349249.0,59253736.0,168.5,171.0,168.0,170.5,1.5,506.0
2022-11-15,8422,181970.0,30897115.0,171.0,171.0,169.0,169.5,-1.0,366.0
2022-11-16,8422,161478.0,27506608.0,170.0,171.0,169.5,170.0,0.5,287.0
2022-11-17,8422,155895.0,26592635.0,170.0,171.0,170.0,170.5,0.5,269.0
2022-11-18,8422,98780.0,16868851.0,171.0,171.0,170.5,171.0,0.5,179.0
2022-11-21,8422,107927.0,18356054.0,170.5,171.0,169.5,169.5,-1.5,261.0
2022-11-22,8422,110397.0,18697184.0,170.0,170.0,168.5,169.5,0.0,210.0
2022-11-23,8422,209521.0,35990116.0,169.5,172.5,169.5,172.0,2.5,364.0
2022-11-24,8422,136294.0,23530505.0,172.5,173.0,172.0,173.0,1.0,303.0
2022-11-25,8422,103789.0,17849302.0,173.0,173.0,171.5,172.0,-1.0,259.0
2022-11-28,8422,76419.0,13085902.0,170.5,172.0,170.5,171.5,-0.5,196.0
2022-11-29,8422,74974.0,12809702.0,170.5,172.0,170.0,171.5,0.0,210.0
2022-11-30,8422,157785.0,27123688.0,170.5,172.5,170.5,172.5,1.0,260.0
2022-12-01,8422,193252.0,33618733.0,173.5,174.5,173.5,174.5,2.0,336.0
2022-12-02,8422,412349.0,72845589.0,174.5,178.5,174.0,177.5,3.0,581.0
2022-12-05,8422,194979.0,34629864.0,177.5,178.5,177.0,177.0,-0.5,404.0
2022-12-06,8422,139335.0,24571665.0,176.0,177.5,175.0,175.5,-1.5,370.0
2022-12-07,8422,839483.0,151815305.0,176.0,184.0,176.0,181.0,5.5,1055.0
2022-12-08,8422,543055.0,97191983.0,180.0,181.0,177.0,178.0,-3.0,1686.0
2022-12-09,8422,384284.0,69129890.0,182.0,182.0,178.5,179.0,1.0,492.0
2022-12-12,8422,274265.0,49602009.0,179.0,182.0,179.0,182.0,3.0,498.0
2022-12-13,8422,247623.0,44778447.0,182.0,182.5,180.0,180.0,-2.0,1217.0
2022-12-14,8422,254415.0,45865862.0,180.0,182.0,178.0,181.5,1.5,384.0
2022-12-15,8422,261402.0,47411202.0,182.0,182.5,179.5,180.5,-1.0,464.0
2022-12-16,8422,264730.0,47907937.0,179.5,183.0,178.5,180.5,0.0,1225.0
2022-12-19,8422,296042.0,53853705.0,180.0,183.0,179.0,181.5,1.0,1821.0
2022-12-20,8422,342191.0,61297044.0,181.0,182.5,177.0,177.5,-4.0,1294.0
2022-12-21,8422,132332.0,23483642.0,178.0,178.0,176.5,177.0,-0.5,319.0
2022-12-22,8422,89703.0,15941234.0,178.5,178.5,177.0,177.5,0.5,201.0
2022-12-23,8422,123633.0,21835717.0,177.0,178.0,175.0,177.5,0.0,257.0
2022-12-26,8422,95382.0,16894020.0,178.5,178.5,176.5,177.5,0.0,222.0
2022-12-27,8422,55426.0,9836896.0,178.0,178.0,177.0,178.0,0.5,98.0
2022-12-28,8422,99657.0,17624949.0,178.0,178.0,176.5,176.5,-1.5,258.0
2022-12-29,8422,299157.0,53514930.0,177.0,180.0,176.0,179.0,2.5,408.0
2022-12-30,8422,245604.0,44098165.0,180.0,181.0,177.0,180.0,1.0,340.0
2023-01-03,8422,296458.0,53799738.0,180.0,182.5,179.5,182.0,2.0,422.0
2023-01-04,8422,121517.0,22031228.0,182.5,182.5,180.5,181.5,-0.5,245.0
2023-01-05,8422,136244.0,24604528.0,181.0,181.5,180.0,180.0,-1.5,255.0
2023-01-06,8422,93866.0,16884741.0,180.5,181.5,179.5,180.0,0.0,178.0
2023-01-09,8422,265326.0,47477433.0,180.0,180.0,178.0,178.5,-1.5,474.0
2023-01-10,8422,94869.0,16995588.0,179.5,180.0,178.5,179.0,0.5,215.0
2023-01-11,8422,119408.0,21343083.0,178.5,179.5,178.0,178.0,-1.0,318.0
2023-01-12,8422,87543.0,15604927.0,178.5,179.0,178.0,178.0,0.0,273.0
2023-01-13,8422,125452.0,22342699.0,178.0,178.5,177.5,178.5,0.5,284.0
2023-01-16,8422,101205.0,18059524.0,178.5,179.5,177.5,179.5,1.0,296.0
2023-01-17,8422,47642.0,8547891.0,179.5,179.5,179.0,179.5,0.0,149.0
2023-01-30,8422,255154.0,46127201.0,180.0,182.0,180.0,181.0,1.5,434.0
2023-01-31,8422,181152.0,32794361.0,181.5,181.5,180.0,181.0,0.0,313.0
2023-02-01,8422,173576.0,31505625.0,180.5,182.0,180.5,181.5,0.5,321.0
2023-02-02,8422,319488.0,58350491.0,181.5,184.5,181.0,183.5,2.0,467.0
2023-02-03,8422,203426.0,37220754.0,183.5,183.5,181.5,183.5,0.0,363.0
2023-02-06,8422,155986.0,28575502.0,182.5,184.0,182.5,183.0,-0.5,338.0
2023-02-07,8422,418708.0,77545258.0,183.5,187.0,183.5,185.0,2.0,599.0
2023-02-08,8422,252727.0,46989559.0,185.0,187.0,184.0,187.0,2.0,859.0
2023-02-09,8422,134512.0,25084671.0,187.0,187.0,185.5,186.0,-1.0,318.0
2023-02-10,8422,176818.0,32824011.0,186.0,186.5,185.0,185.0,-1.0,303.0
2023-02-13,8422,122393.0,22578544.0,184.0,185.5,183.5,184.0,-1.0,400.0
2023-02-14,8422,59580.0,11022240.0,184.5,185.5,184.5,185.0,1.0,177.0
2023-02-15,8422,91663.0,16911471.0,185.0,185.5,184.0,184.0,-1.0,293.0
2023-02-16,8422,82807.0,15291796.0,184.0,185.0,184.0,185.0,1.0,189.0
2023-02-17,8422,53548.0,9924050.0,185.0,186.0,185.0,185.5,0.5,166.0
2023-02-20,8422,166844.0,31202134.0,185.5,187.5,185.5,187.0,1.5,292.0
2023-02-21,8422,184633.0,34751447.0,187.0,189.0,187.0,188.0,1.0,329.0
2023-02-22,8422,132825.0,24850173.0,187.0,188.0,186.0,187.0,-1.0,263.0
2023-02-23,8422,79149.0,14879610.0,187.0,188.5,187.0,188.0,1.0,190.0
2023-02-24,8422,227889.0,42899282.0,188.0,189.0,187.0,188.5,0.5,324.0
2023-03-01,8422,120635.0,22642345.0,188.5,188.5,187.0,187.5,-1.0,300.0
2023-03-02,8422,129520.0,24271720.0,187.0,188.0,187.0,188.0,0.5,275.0
2023-03-03,8422,108126.0,20368930.0,188.0,189.0,187.5,188.5,0.5,231.0
2023-03-06,8422,160034.0,30325982.0,188.5,190.0,188.5,189.5,1.0,342.0
2023-03-07,8422,210075.0,40092862.0,190.0,191.5,190.0,191.0,1.5,366.0
2023-03-08,8422,221143.0,42075394.0,191.0,191.5,189.0,190.0,-1.0,427.0
2023-03-09,8422,283430.0,53397681.0,189.5,189.5,187.0,188.5,-1.5,549.0
2023-03-10,8422,176169.0,33020037.0,188.0,188.0,187.0,187.5,-1.0,405.0
2023-03-13,8422,230617.0,42743706.0,187.0,187.0,184.0,186.0,-1.5,555.0
2023-03-14,8422,95831.0,17757703.0,186.0,186.0,185.0,185.0,-1.0,287.0
2023-03-15,8422,85605.0,15904933.0,185.0,186.0,185.0,186.0,1.0,203.0
2023-03-16,8422,210138.0,38771126.0,186.0,186.0,184.0,184.0,-2.0,436.0
2023-03-17,8422,126205.0,23335218.0,185.0,185.5,184.5,185.0,1.0,253.0
2023-03-20,8422,105821.0,19737803.0,185.0,188.0,185.0,186.5,1.5,252.0
2023-03-21,8422,85009.0,15864189.0,186.5,187.0,186.0,187.0,0.5,207.0
2023-03-22,8422,173215.0,32315997.0,187.0,187.0,186.0,187.0,0.0,339.0
2023-03-23,8422,192786.0,36070348.0,187.0,188.0,186.0,187.0,0.0,275.0
2023-03-24,8422,129967.0,24382538.0,187.5,188.0,187.0,187.5,0.5,222.0
2023-03-27,8422,218254.0,41075833.0,187.5,189.0,187.0,188.5,1.0,335.0
2023-03-28,8422,254886.0,47610854.0,189.0,189.0,186.0,186.0,-2.5,447.0
2023-03-29,8422,124816.0,23256546.0,186.0,187.0,186.0,187.0,1.0,217.0
2023-03-30,8422,119854.0,22432778.0,188.0,188.0,186.5,187.0,0.0,232.0
2023-03-31,8422,88973.0,16722845.0,187.0,188.5,187.0,188.0,1.0,226.0
2023-04-06,8422,141335.0,26658418.0,189.0,189.0,188.0,188.5,0.5,258.0
2023-04-07,8422,123195.0,23183411.0,187.5,189.0,187.0,188.0,-0.5,267.0
2023-04-10,8422,86839.0,16349730.0,188.5,188.5,188.0,188.0,0.0,230.0
2023-04-11,8422,83742.0,15763628.0,188.0,188.5,188.0,188.5,0.5,223.0
2023-04-12,8422,84564.0,15891607.0,188.5,188.5,187.5,187.5,-1.0,237.0
2023-04-13,8422,80186.0,15059158.0,187.5,188.5,187.0,187.5,0.0,179.0
2023-04-14,8422,85947.0,16145414.0,187.5,188.5,187.0,188.0,0.5,245.0
2023-04-17,8422,75612.0,14229495.0,188.0,188.5,188.0,188.0,0.0,293.0
2023-04-18,8422,87827.0,16550117.0,188.0,189.0,188.0,189.0,1.0,220.0
2023-04-19,8422,143611.0,26997955.0,188.0,188.5,187.0,187.0,-2.0,391.0
2023-04-20,8422,211232.0,39327433.0,188.0,188.0,185.5,186.0,-1.0,547.0
2023-04-21,8422,194538.0,36127687.0,186.5,187.0,185.0,185.5,-0.5,486.0
2023-04-24,8422,92570.0,17265754.0,186.0,187.5,185.5,187.0,1.5,249.0
2023-04-25,8422,151965.0,28445476.0,188.0,188.5,186.0,187.0,0.0,344.0
2023-04-26,8422,108265.0,20218648.0,186.5,187.5,185.5,187.5,0.5,253.0
2023-04-27,8422,41037.0,7671758.0,187.5,187.5,186.5,186.5,-1.0,280.0
2023-04-28,8422,69826.0,13096175.0,187.5,188.0,187.0,188.0,1.5,174.0
2023-05-02,8422,522488.0,100026000.0,188.5,194.0,188.5,192.0,4.0,776.0
2023-05-03,8422,486985.0,94417165.0,192.5,195.0,192.0,194.0,2.0,661.0
2023-05-04,8422,170155.0,33010701.0,194.0,195.5,193.0,194.0,0.0,2097.0
2023-05-05,8422,195622.0,37825023.0,194.5,194.5,193.0,194.0,0.0,310.0
2023-05-08,8422,276970.0,53928864.0,195.0,196.0,193.0,196.0,2.0,408.0
2023-05-09,8422,478768.0,94566213.0,196.0,199.5,195.5,199.0,3.0,707.0
2023-05-10,8422,376873.0,75430526.0,199.0,201.0,198.0,200.0,1.0,671.0
2023-05-11,8422,297328.0,59124163.0,200.0,200.0,198.0,199.5,-0.5,1306.0
2023-05-12,8422,207648.0,41372269.0,199.0,200.0,198.5,200.0,0.5,414.0
2023-05-15,8422,217588.0,43513097.0,200.0,201.0,199.0,201.0,1.0,1151.0
2023-05-16,8422,289588.0,58301045.0,200.0,202.5,199.5,202.0,1.0,827.0
2023-05-17,8422,390110.0,79128588.0,202.0,204.0,202.0,203.5,1.5,558.0
2023-05-18,8422,213360.0,43372374.0,203.5,204.5,202.5,203.5,0.0,373.0
2023-05-19,8422,246108.0,50228770.0,203.5,205.0,203.5,204.0,0.5,374.0
2023-05-22,8422,216343.0,44411368.0,204.0,206.0,204.0,205.5,1.5,443.0
2023-05-23,8422,243268.0,50216852.0,206.5,207.0,205.5,207.0,1.5,877.0
2023-05-24,8422,495841.0,101083723.0,206.5,206.5,202.0,203.0,-4.0,4277.0
2023-05-25,8422,240395.0,48657461.0,203.0,204.0,201.0,203.0,0.0,940.0
2023-05-26,8422,148194.0,30165003.0,203.0,204.0,202.5,204.0,1.0,581.0
2023-05-29,8422,298392.0,60896706.0,204.0,205.5,203.0,204.0,0.0,1808.0
2023-05-30,8422,129096.0,26472543.0,205.0,206.0,204.5,205.0,1.0,214.0
2023-05-31,8422,288709.0,59174047.0,205.0,206.0,204.0,206.0,1.0,948.0
2023-06-01,8422,427160.0,88728435.0,206.5,210.0,205.5,210.0,4.0,630.0
2023-06-02,8422,603024.0,126008930.0,211.0,213.0,206.5,207.5,-2.5,4825.0
2023-06-05,8422,189295.0,39025241.0,207.5,207.5,205.5,206.5,-1.0,2795.0
2023-06-06,8422,225630.0,46413511.0,207.5,207.5,205.0,206.5,0.0,4075.0
2023-06-07,8422,302987.0,63005483.0,207.5,209.0,206.5,208.0,1.5,2099.0
2023-06-08,8422,158008.0,32763149.0,207.0,208.0,207.0,207.5,-0.5,973.0
2023-06-09,8422,143277.0,29852777.0,207.5,209.0,207.5,208.5,1.0,305.0
2023-06-12,8422,481584.0,100989037.0,209.0,211.0,208.5,209.5,1.0,497.0
2023-06-13,8422,228049.0,47899515.0,209.5,210.5,209.5,210.5,1.0,362.0
2023-06-14,8422,217345.0,45444517.0,210.0,210.5,208.0,210.0,-0.5,3820.0
2023-06-15,8422,166645.0,34710249.0,209.5,209.5,207.5,208.5,-1.5,3479.0
2023-06-16,8422,726015.0,152116861.0,208.0,211.5,207.0,207.5,-1.0,3562.0
2023-06-19,8422,630227.0,132867805.0,210.5,212.0,208.0,212.0,4.5,617.0
2023-06-20,8422,1216847.0,261533901.0,211.5,217.0,210.0,216.5,4.5,1644.0
2023-06-21,8422,497161.0,106490455.0,216.5,216.5,212.5,213.5,-3.0,2438.0
2023-06-26,8422,362653.0,77202676.0,211.5,214.5,209.0,213.5,0.0,1580.0
2023-06-27,8422,487346.0,105046619.0,212.0,217.0,212.0,215.5,2.0,530.0
2023-06-28,8422,233988.0,50510874.0,216.5,216.5,215.0,216.0,0.5,1985.0
2023-06-29,8422,218444.0,47006575.0,214.5,216.0,214.0,215.0,-1.0,1479.0
2023-06-30,8422,195403.0,41621556.0,215.5,215.5,212.0,212.0,-3.0,6858.0
2023-07-03,8422,534682.0,112199231.0,213.0,213.0,209.0,209.5,-2.5,24286.0
2023-07-04,8422,389902.0,81980647.0,210.0,211.5,209.5,209.5,0.0,459.0
2023-07-05,8422,592485.0,123973725.0,210.0,211.0,208.0,208.5,-1.0,905.0
2023-07-06,8422,449864.0,89629820.0,199.0,201.0,197.5,199.0,0.0,1066.0
2023-07-07,8422,423342.0,83353136.0,199.0,199.0,195.0,196.0,-3.0,1009.0
2023-07-10,8422,538506.0,103956599.0,196.0,196.0,191.0,191.5,-4.5,1287.0
2023-07-11,8422,255725.0,49377214.0,191.5,195.0,191.0,193.0,1.5,515.0
2023-07-12,8422,205774.0,40063555.0,193.0,195.5,193.0,195.0,2.0,312.0
2023-07-13,8422,251906.0,49081255.0,196.5,196.5,192.5,193.0,-2.0,572.0
2023-07-14,8422,143044.0,27693743.0,194.0,195.0,192.0,193.5,0.5,243.0
2023-07-17,8422,214096.0,41685068.0,194.0,195.5,193.5,195.5,2.0,342.0
2023-07-18,8422,192278.0,37271030.0,195.5,195.5,193.0,193.0,-2.5,424.0
2023-07-19,8422,245350.0,47188521.0,193.0,194.5,190.0,191.5,-1.5,597.0
2023-07-20,8422,127759.0,24624106.0,193.0,193.5,191.5,192.0,0.5,253.0
2023-07-21,8422,89986.0,17290038.0,191.0,193.0,191.0,192.5,0.5,232.0
2023-07-24,8422,162801.0,31382867.0,192.5,193.5,191.5,192.5,0.0,276.0
2023-07-25,8422,474214.0,90508142.0,192.5,192.5,190.0,191.5,-1.0,1127.0
2023-07-26,8422,233660.0,44885594.0,191.5,193.5,191.0,192.5,1.0,381.0
2023-07-27,8422,498471.0,96624013.0,195.5,197.5,192.5,194.0,1.5,698.0
2023-07-28,8422,476874.0,92603106.0,195.0,195.5,192.5,193.0,-1.0,749.0
2023-07-31,8422,316803.0,61208889.0,194.5,194.5,192.5,192.5,-0.5,483.0
2023-08-01,8422,160490.0,30810119.0,193.0,193.0,191.0,191.5,-1.0,430.0
2023-08-02,8422,385322.0,73717127.0,192.0,193.0,190.0,191.5,0.0,668.0
2023-08-04,8422,150164.0,28682298.0,191.5,192.0,190.0,190.5,-1.0,335.0
2023-08-07,8422,136334.0,26010583.0,190.0,191.5,190.0,191.0,0.5,315.0
2023-08-08,8422,586000.0,110340244.0,190.0,190.0,187.0,189.0,-2.0,1298.0
2023-08-09,8422,715280.0,133261401.0,189.0,190.0,185.0,186.0,-3.0,1976.0
2023-08-10,8422,485893.0,89713764.0,186.0,186.0,183.5,184.5,-1.5,1334.0
2023-08-11,8422,306459.0,56251726.0,184.0,185.0,182.5,183.0,-1.5,1196.0
2023-08-14,8422,526076.0,95190022.0,183.0,183.0,180.0,182.0,-1.0,1376.0
2023-08-15,8422,368912.0,66668307.0,182.0,182.0,180.0,180.5,-1.5,841.0
2023-08-16,8422,427461.0,76763165.0,181.5,181.5,178.0,179.0,-1.5,963.0
2023-08-17,8422,359922.0,64841830.0,179.0,181.5,178.5,181.0,2.0,590.0
2023-08-18,8422,361802.0,65084657.0,181.0,181.0,179.0,180.0,-1.0,906.0
2023-08-21,8422,123150.0,22240492.0,180.5,181.0,180.0,180.5,0.5,244.0
2023-08-22,8422,163765.0,29431160.0,181.5,181.5,179.0,179.5,-1.0,479.0
2023-08-23,8422,157466.0,28345869.0,179.5,181.0,179.5,180.0,0.5,328.0
2023-08-24,8422,194452.0,35017215.0,180.5,181.0,179.0,181.0,1.0,367.0
2023-08-25,8422,139370.0,25089384.0,181.0,181.0,179.5,180.5,-0.5,369.0
2023-08-28,8422,238663.0,42687113.0,181.0,181.0,178.0,179.0,-1.5,735.0
2023-08-29,8422,142074.0,25431175.0,179.0,180.5,178.0,180.5,1.5,403.0
2023-08-30,8422,255869.0,46261133.0,180.5,182.5,179.5,182.5,2.0,400.0
2023-08-31,8422,244781.0,44594186.0,182.0,184.0,180.5,184.0,1.5,366.0
2023-09-01,8422,197649.0,35982052.0,183.0,183.0,181.0,182.0,-2.0,418.0
2023-09-04,8422,189884.0,34589400.0,182.5,183.5,181.0,183.0,1.0,421.0
2023-09-05,8422,74531.0,13571805.0,182.5,182.5,181.5,182.0,-1.0,227.0
2023-09-06,8422,150935.0,27420432.0,182.0,182.5,181.0,181.0,-1.0,408.0
2023-09-07,8422,348368.0,62567728.0,180.5,180.5,179.0,179.5,-1.5,674.0
2023-09-08,8422,106243.0,19095742.0,179.5,180.5,179.0,179.5,0.0,272.0
2023-09-11,8422,166609.0,30014401.0,180.0,181.0,179.5,181.0,1.5,222.0
2023-09-12,8422,120641.0,21762318.0,181.0,181.0,180.0,181.0,0.0,314.0
2023-09-13,8422,200295.0,36063046.0,181.0,181.0,179.5,180.0,-1.0,469.0
2023-09-14,8422,93741.0,16903536.0,180.0,181.0,179.5,181.0,1.0,233.0
2023-09-15,8422,136650.0,24716075.0,182.0,182.0,180.5,180.5,-0.5,347.0
2023-09-18,8422,103401.0,18703791.0,180.5,181.5,180.0,181.0,0.5,255.0
2023-09-19,8422,62078.0,11245293.0,180.5,181.5,180.5,181.0,0.0,190.0
2023-09-20,8422,217078.0,39094636.0,181.0,181.0,179.5,180.0,-1.0,497.0
2023-09-21,8422,157637.0,28261331.0,180.0,180.0,179.0,179.0,-1.0,439.0
2023-09-22,8422,241060.0,43143938.0,179.0,180.0,178.5,179.0,0.0,602.0
2023-09-25,8422,290949.0,52107734.0,179.0,180.0,178.5,179.0,0.0,554.0
2023-09-26,8422,242439.0,43271352.0,179.0,180.0,178.0,178.0,-1.0,663.0
2023-09-27,8422,405970.0,72055456.0,178.0,179.0,177.0,177.5,-0.5,945.0
2023-09-28,8422,459256.0,81017907.0,177.5,177.5,176.0,176.5,-1.0,1411.0
2023-10-02,8422,344996.0,60796166.0,176.5,177.0,175.5,176.5,0.0,871.0
2023-10-03,8422,511026.0,90054059.0,176.5,178.5,175.0,175.5,-1.0,985.0
2023-10-04,8422,686369.0,118739463.0,175.0,175.0,172.0,175.0,-0.5,1787.0
2023-10-05,8422,438424.0,76129074.0,174.0,175.0,173.0,173.5,-1.5,1094.0
2023-10-06,8422,436629.0,75953048.0,174.0,175.0,173.0,174.0,0.5,698.0
2023-10-11,8422,322719.0,56644395.0,175.5,176.5,175.0,176.5,2.5,563.0
2023-10-12,8422,390771.0,68542044.0,176.5,176.5,175.0,175.0,-1.5,783.0
2023-10-13,8422,155717.0,27217262.0,175.0,175.5,174.0,174.5,-0.5,382.0
2023-10-16,8422,203158.0,35738074.0,174.5,177.0,174.5,175.5,1.0,361.0
2023-10-17,8422,186619.0,33132098.0,176.5,178.5,176.5,177.5,2.0,399.0
2023-10-18,8422,914439.0,162999339.0,178.0,181.0,176.0,177.5,0.0,740.0
2023-10-19,8422,220704.0,38851722.0,175.5,177.5,175.0,176.0,-1.5,466.0
2023-10-20,8422,226877.0,39663819.0,176.0,176.0,174.0,175.0,-1.0,461.0
2023-10-23,8422,111763.0,19590577.0,175.0,176.5,174.5,175.0,0.0,248.0
2023-10-24,8422,108560.0,19008198.0,175.0,176.0,174.5,175.0,0.0,288.0
2023-10-25,8422,112870.0,19759482.0,175.5,175.5,174.5,175.0,0.0,305.0
2023-10-26,8422,66385.0,11585852.0,174.5,175.0,174.0,175.0,0.0,326.0
2023-10-27,8422,124457.0,21760606.0,175.0,175.5,174.5,174.5,-0.5,208.0
2023-10-30,8422,123614.0,21532057.0,175.0,175.0,173.5,174.0,-0.5,358.0
2023-10-31,8422,126680.0,22011290.0,175.0,175.0,173.0,173.0,-1.0,320.0
2023-11-01,8422,124296.0,21546077.0,173.0,174.0,173.0,173.5,0.5,316.0
2023-11-02,8422,78845.0,13745086.0,174.0,175.0,174.0,174.0,0.5,190.0
2023-11-03,8422,76480.0,13487138.0,175.5,177.0,175.0,177.0,3.0,185.0
2023-11-06,8422,82217.0,14565876.0,177.0,177.5,176.0,177.0,0.0,255.0
2023-11-07,8422,72409.0,12776391.0,177.0,177.0,176.0,177.0,0.0,191.0
2023-11-08,8422,118627.0,21114420.0,178.0,178.5,177.0,178.0,1.0,243.0
2023-11-09,8422,129000.0,22956743.0,178.5,178.5,177.5,177.5,-0.5,230.0
2023-11-10,8422,100958.0,17877514.0,177.5,177.5,176.5,176.5,-1.0,202.0
2023-11-13,8422,82739.0,14679368.0,178.5,178.5,176.5,177.5,1.0,208.0
2023-11-14,8422,132130.0,23353122.0,177.0,177.0,176.0,177.0,-0.5,242.0
2023-11-15,8422,368115.0,64956065.0,177.0,178.0,175.5,178.0,1.0,497.0
2023-11-16,8422,165817.0,29464696.0,178.5,179.0,176.5,177.0,-1.0,240.0
2023-11-17,8422,109681.0,19526752.0,178.5,178.5,177.5,177.5,0.5,215.0
2023-11-20,8422,96666.0,17154759.0,178.0,178.5,176.5,177.5,0.0,238.0
2023-11-21,8422,196951.0,35174059.0,178.0,179.5,177.5,179.5,2.0,297.0
2023-11-22,8422,113379.0,20326621.0,179.5,180.0,178.5,179.0,-0.5,235.0
2023-11-23,8422,318404.0,56924442.0,179.0,180.0,178.0,178.5,-0.5,422.0
2023-11-24,8422,73007.0,13058710.0,179.5,179.5,178.5,178.5,0.0,189.0
2023-11-27,8422,111497.0,19947827.0,179.0,179.5,178.5,178.5,0.0,222.0
2023-11-28,8422,182101.0,32814018.0,178.5,181.0,178.5,180.5,2.0,339.0
2023-11-29,8422,122446.0,22112945.0,181.0,181.0,180.0,180.5,0.0,264.0
2023-11-30,8422,217064.0,39256197.0,180.5,181.5,180.0,181.5,1.0,272.0
2023-12-01,8422,140995.0,25571951.0,181.5,182.0,180.5,181.5,0.0,251.0
2023-12-04,8422,80601.0,14604561.0,182.0,182.0,180.5,180.5,-1.0,225.0
2023-12-05,8422,112387.0,20293861.0,180.5,181.5,179.5,180.5,0.0,195.0
2023-12-06,8422,132098.0,23845210.0,180.5,181.0,180.0,181.0,0.5,240.0
2023-12-07,8422,93509.0,16893216.0,181.0,181.5,180.0,180.5,-0.5,240.0
2023-12-08,8422,78557.0,14166923.0,180.5,181.0,180.0,180.0,-0.5,151.0
2023-12-11,8422,115406.0,20765632.0,180.0,181.0,179.5,180.0,0.0,245.0
2023-12-12,8422,101008.0,18255590.0,181.0,181.0,180.0,180.5,0.5,220.0
2023-12-13,8422,120257.0,21714860.0,181.5,181.5,180.0,180.5,0.0,207.0
2023-12-14,8422,281216.0,50687278.0,180.5,181.0,179.0,179.5,-1.0,429.0
2023-12-15,8422,259440.0,46554372.0,180.0,180.5,178.5,178.5,-1.0,460.0
2023-12-18,8422,562866.0,100226127.0,178.5,180.0,177.0,177.0,-1.5,750.0
2023-12-19,8422,601879.0,106847799.0,177.5,178.0,177.0,177.5,0.5,611.0
2023-12-20,8422,713162.0,126393861.0,177.5,178.5,176.5,178.0,0.5,856.0
2023-12-21,8422,727930.0,128639951.0,177.5,178.5,175.5,177.0,-1.0,1072.0
2023-12-22,8422,542728.0,95769789.0,177.5,178.0,175.5,177.0,0.0,629.0
2023-12-25,8422,129639.0,22945219.0,177.0,178.0,176.5,177.5,0.5,253.0
2023-12-26,8422,132933.0,23643777.0,177.5,178.5,177.0,178.5,1.0,240.0
2023-12-27,8422,216778.0,38955777.0,179.0,181.0,179.0,179.5,1.0,317.0
2023-12-28,8422,147852.0,26673229.0,179.5,181.0,179.5,180.5,1.0,257.0
2023-12-29,8422,98668.0,17810362.0,180.5,181.0,180.0,180.0,-0.5,207.0
2024-01-02,8422,71668.0,12898155.0,180.0,181.0,179.5,180.0,0.0,159.0
2024-01-03,8422,196404.0,35155996.0,179.5,180.0,178.5,179.0,-1.0,374.0
2024-01-04,8422,636416.0,116256258.0,180.0,184.0,180.0,184.0,5.0,804.0
2024-01-05,8422,300449.0,55053963.0,184.0,185.0,182.0,182.5,-1.5,513.0
2024-01-08,8422,148112.0,26832528.0,183.0,183.0,180.0,180.5,-2.0,351.0
2024-01-09,8422,121347.0,21847584.0,180.5,181.0,179.0,180.0,-0.5,229.0
2024-01-10,8422,129117.0,23195751.0,180.0,180.5,179.0,179.0,-1.0,248.0
2024-01-11,8422,86171.0,15484778.0,179.5,180.0,179.0,179.5,0.5,170.0
2024-01-12,8422,88529.0,15915527.0,179.5,180.0,179.0,180.0,0.5,142.0
2024-01-15,8422,107267.0,19371277.0,181.0,181.5,180.0,180.5,0.5,194.0
2024-01-16,8422,118215.0,21285328.0,180.5,180.5,179.5,179.5,-1.0,182.0
2024-01-17,8422,245116.0,43819402.0,179.0,180.5,178.0,178.0,-1.5,382.0
2024-01-18,8422,230372.0,40982229.0,178.0,179.0,177.0,178.0,0.0,317.0
2024-01-19,8422,191857.0,34218383.0,177.5,179.0,177.5,178.0,0.0,252.0
2024-01-22,8422,63034.0,11258534.0,178.5,179.5,178.0,179.5,1.5,157.0
2024-01-23,8422,81541.0,14680427.0,180.5,181.0,179.0,180.0,0.5,155.0
2024-01-24,8422,58187.0,10488494.0,180.5,181.0,180.0,180.0,0.0,139.0
2024-01-25,8422,55981.0,10050281.0,180.0,180.0,179.0,179.5,-0.5,124.0
2024-01-26,8422,61689.0,11072174.0,179.5,180.0,179.0,179.5,0.0,120.0
2024-01-29,8422,88250.0,15854557.0,179.5,180.0,179.0,179.5,0.0,167.0
2024-01-30,8422,80068.0,14355814.0,179.5,179.5,179.0,179.5,0.0,166.0
2024-01-31,8422,136296.0,24407633.0,180.5,180.5,178.5,179.0,-0.5,181.0
2024-02-01,8422,61231.0,10982643.0,180.5,180.5,179.0,179.5,0.5,142.0
2024-02-02,8422,107656.0,19337431.0,180.0,180.5,179.0,179.0,-0.5,196.0
2024-02-05,8422,198220.0,35825365.0,180.0,181.5,179.5,181.0,2.0,329.0
2024-02-15,8422,326258.0,59119317.0,182.0,182.0,180.5,181.0,0.0,458.0
2024-02-16,8422,157536.0,28409616.0,180.0,181.0,180.0,180.0,-1.0,276.0
2024-02-19,8422,171874.0,30981907.0,180.0,181.0,180.0,180.0,0.0,265.0
2024-02-20,8422,175273.0,31530090.0,180.0,180.5,179.0,179.0,-1.0,252.0
2024-02-21,8422,174378.0,31307319.0,179.0,180.5,179.0,179.5,0.5,207.0
2024-02-22,8422,375080.0,67967585.0,179.5,183.5,179.5,181.0,1.5,445.0
2024-02-23,8422,185384.0,33601608.0,181.0,182.0,180.0,180.5,-0.5,275.0
2024-02-26,8422,193584.0,34809148.0,180.0,180.0,179.5,179.5,-1.0,388.0
2024-02-27,8422,220969.0,39599705.0,179.5,180.5,178.5,178.5,-1.0,410.0
2024-02-29,8422,282623.0,50485966.0,178.5,179.5,178.0,178.5,0.0,364.0
2024-03-01,8422,121678.0,21785122.0,178.5,179.5,178.0,179.0,0.5,230.0
2024-03-04,8422,175318.0,31449982.0,179.5,180.5,178.5,179.5,0.5,309.0
2024-03-05,8422,272479.0,48889859.0,179.5,180.5,178.5,179.0,-0.5,459.0
2024-03-06,8422,112984.0,20294569.0,179.0,180.5,179.0,179.0,0.0,278.0
2024-03-07,8422,167662.0,30043869.0,179.0,180.0,178.5,180.0,1.0,367.0
2024-03-08,8422,152031.0,27253641.0,179.5,180.0,179.0,179.0,-1.0,303.0
2024-03-11,8422,71142.0,12759202.0,179.0,179.5,179.0,179.0,0.0,216.0
2024-03-12,8422,159490.0,28670794.0,179.5,180.5,179.0,180.0,1.0,333.0
2024-03-13,8422,205372.0,36827322.0,179.5,180.0,178.5,179.0,-1.0,306.0
2024-03-14,8422,100403.0,18015169.0,179.0,180.0,178.5,179.5,0.5,281.0
2024-03-15,8422,170711.0,30725883.0,179.0,181.0,178.5,179.5,0.0,258.0
2024-03-18,8422,118383.0,21318908.0,180.0,180.5,179.5,180.0,0.5,281.0
2024-03-19,8422,116733.0,21033679.0,180.0,180.5,179.5,180.0,0.0,213.0
2024-03-20,8422,102925.0,18536223.0,180.0,180.5,180.0,180.0,0.0,232.0
2024-03-21,8422,154621.0,27931587.0,180.5,181.0,180.0,180.5,0.5,247.0
2024-03-22,8422,120916.0,21813801.0,180.5,181.0,180.0,180.0,-0.5,183.0
2024-03-25,8422,368837.0,65704789.0,178.0,180.0,177.0,179.5,-0.5,566.0
2024-03-26,8422,70832.0,12719524.0,179.5,180.0,179.0,179.5,0.0,173.0
2024-03-27,8422,181909.0,32515194.0,178.5,179.5,178.0,179.0,-0.5,351.0
2024-03-28,8422,226919.0,40489649.0,179.0,179.0,178.0,178.0,-1.0,407.0
2024-03-29,8422,224223.0,39902576.0,178.0,178.5,177.5,178.0,0.0,366.0
2024-04-01,8422,110166.0,19622501.0,178.0,178.5,177.5,178.0,0.0,263.0
2024-04-02,8422,323654.0,57976913.0,178.0,180.5,178.0,178.5,0.5,290.0
2024-04-03,8422,76850.0,13737875.0,178.5,179.5,178.0,178.5,0.0,186.0
2024-04-08,8422,245588.0,43769780.0,178.5,178.5,178.0,178.0,-0.5,414.0
2024-04-09,8422,310440.0,55990346.0,180.5,181.0,179.5,181.0,3.0,479.0
2024-04-10,8422,417937.0,75942223.0,181.0,182.5,180.0,182.5,1.5,630.0
2024-04-11,8422,561674.0,103217030.0,183.0,185.0,183.0,183.5,1.0,827.0
2024-04-12,8422,263877.0,48525031.0,184.0,185.0,183.0,184.0,0.5,428.0
2024-04-15,8422,203586.0,37247093.0,184.0,184.0,181.5,183.0,-1.0,422.0
2024-04-16,8422,323188.0,58510312.0,182.5,183.0,180.0,180.0,-3.0,571.0
2024-04-17,8422,1149154.0,216332863.0,183.0,191.0,182.0,190.0,10.0,1545.0
2024-04-18,8422,533041.0,101236277.0,191.0,192.5,188.0,188.5,-1.5,1526.0
2024-04-19,8422,916687.0,172108408.0,188.5,189.0,185.0,188.5,0.0,2264.0
2024-04-22,8422,412030.0,77704106.0,188.5,189.5,187.5,189.5,1.0,2878.0
2024-04-23,8422,176259.0,33276812.0,189.5,190.0,188.0,189.0,-0.5,3747.0
2024-04-24,8422,559275.0,106181441.0,189.0,191.0,188.5,190.5,1.5,1603.0
2024-04-25,8422,1022737.0,199254917.0,190.0,196.5,190.0,195.0,4.5,3683.0
2024-04-26,8422,582184.0,112332307.0,195.0,195.0,192.0,192.5,-2.5,3466.0
2024-04-29,8422,257300.0,49677628.0,192.5,194.0,191.0,194.0,1.5,1683.0
2024-04-30,8422,283014.0,54730171.0,194.0,195.0,192.0,193.5,-0.5,886.0
2024-05-02,8422,262943.0,50988425.0,193.5,195.0,192.5,193.0,-0.5,727.0
2024-05-03,8422,315180.0,60605983.0,193.0,193.5,191.5,192.5,-0.5,5162.0
2024-05-06,8422,220466.0,42749742.0,192.5,194.5,192.5,194.0,1.5,407.0
2024-05-07,8422,362311.0,70675654.0,195.5,198.0,193.5,194.0,0.0,797.0
2024-05-08,8422,310446.0,59550863.0,194.0,194.0,191.0,191.5,-2.5,5194.0
2024-05-09,8422,191686.0,36597063.0,190.0,191.5,190.0,190.5,-1.0,1525.0
2024-05-10,8422,269439.0,51402912.0,191.5,192.0,190.0,191.5,1.0,1003.0
2024-05-13,8422,183390.0,35199199.0,191.5,193.0,191.0,191.5,0.0,564.0
2024-05-14,8422,283913.0,53835525.0,191.0,191.0,189.0,189.0,-2.5,3894.0
2024-05-15,8422,313761.0,59157255.0,189.0,190.0,187.5,188.0,-1.0,527.0
2024-05-16,8422,203127.0,38420294.0,189.0,190.0,188.5,189.0,1.0,327.0
2024-05-17,8422,489127.0,92449359.0,189.0,190.5,188.0,189.0,0.0,668.0
2024-05-20,8422,230148.0,43888491.0,189.5,191.5,189.5,191.5,2.5,351.0
2024-05-21,8422,489668.0,93598271.0,191.5,192.5,189.5,191.0,-0.5,634.0
2024-05-22,8422,145064.0,27698238.0,192.0,192.5,190.5,191.0,0.0,535.0
2024-05-23,8422,281418.0,53188472.0,191.5,191.5,188.0,188.5,-2.5,832.0
2024-05-24,8422,134920.0,25381362.0,188.5,188.5,187.5,188.0,-0.5,244.0
2024-05-27,8422,161660.0,30355085.0,187.0,188.5,186.5,188.0,0.0,301.0
2024-05-28,8422,145753.0,27549483.0,189.0,190.0,188.0,189.0,1.0,209.0
2024-05-29,8422,144490.0,27501192.0,189.0,191.0,189.0,190.0,1.0,249.0
2024-05-30,8422,118207.0,22454297.0,190.5,190.5,188.5,190.5,0.5,800.0
2024-05-31,8422,193259.0,36925369.0,190.5,192.0,190.0,192.0,1.5,239.0
2024-06-03,8422,200848.0,38463714.0,193.0,193.0,190.5,191.5,-0.5,1199.0
2024-06-04,8422,210611.0,40446423.0,192.0,193.0,191.0,192.5,1.0,908.0
2024-06-05,8422,195075.0,37522482.0,192.5,193.0,191.5,191.5,-1.0,723.0
2024-06-06,8422,211002.0,40498517.0,192.0,192.5,191.5,191.5,0.0,330.0
2024-06-07,8422,216606.0,41552815.0,190.5,192.5,190.5,192.0,0.5,304.0
2024-06-11,8422,296771.0,56955499.0,192.5,193.0,190.5,192.0,0.0,401.0
2024-06-12,8422,251666.0,48088199.0,191.5,192.0,190.5,191.0,-1.0,316.0
2024-06-13,8422,274458.0,52565449.0,192.0,192.5,190.5,190.5,-0.5,345.0
2024-06-14,8422,350259.0,67060438.0,191.0,192.5,190.5,191.5,1.0,978.0
2024-06-17,8422,356103.0,68147782.0,191.5,192.0,190.5,191.5,0.0,1162.0
2024-06-18,8422,237379.0,45386635.0,191.5,192.0,190.5,191.5,0.0,363.0
2024-06-19,8422,341413.0,65316334.0,191.5,192.0,190.5,191.0,-0.5,431.0
2024-06-20,8422,715489.0,137933148.0,191.5,194.0,191.0,193.5,2.5,747.0
2024-06-21,8422,549339.0,105686596.0,193.0,193.5,191.0,192.5,-1.0,572.0
2024-06-24,8422,554476.0,106308746.0,193.0,193.0,190.5,192.0,-0.5,498.0
2024-06-25,8422,380027.0,72773733.0,192.0,192.0,190.5,191.5,-0.5,490.0
2024-06-26,8422,494796.0,94443398.0,191.5,191.5,190.5,190.5,-1.0,626.0
2024-06-27,8422,898132.0,171938004.0,190.5,192.5,190.5,191.0,0.5,932.0
2024-06-28,8422,687502.0,124789745.0,181.0,182.0,180.0,181.5,0.0,1201.0
2024-07-01,8422,704710.0,126769223.0,181.5,181.5,179.0,180.0,-1.5,1098.0
2024-07-02,8422,921869.0,163947704.0,180.5,180.5,177.0,178.0,-2.0,1477.0
2024-07-03,8422,424342.0,76541742.0,178.0,182.0,178.0,182.0,4.0,537.0
2024-07-04,8422,329420.0,60172943.0,182.0,183.5,181.0,183.5,1.5,457.0
2024-07-05,8422,228051.0,41836652.0,183.5,184.0,183.0,184.0,0.5,346.0
2024-07-08,8422,149561.0,27376741.0,183.0,184.0,182.5,184.0,0.0,332.0
2024-07-09,8422,208181.0,37938827.0,183.0,183.0,181.5,182.5,-1.5,409.0
2024-07-10,8422,252297.0,46114228.0,182.5,183.5,182.0,183.5,1.0,322.0
2024-07-11,8422,187833.0,34186978.0,183.5,183.5,181.5,182.5,-1.0,406.0
2024-07-12,8422,110241.0,20043079.0,182.5,182.5,181.5,182.5,0.0,203.0
2024-07-15,8422,248818.0,45224577.0,182.5,183.0,180.5,182.5,0.0,375.0
2024-07-16,8422,113932.0,20751610.0,181.0,183.0,181.0,182.5,0.0,230.0
2024-07-17,8422,141239.0,25732835.0,183.0,183.0,181.5,182.0,-0.5,259.0
2024-07-18,8422,222573.0,40323518.0,182.0,182.0,180.5,181.5,-0.5,364.0
2024-07-19,8422,152301.0,27509295.0,181.5,181.5,180.0,181.5,0.0,277.0
2024-07-22,8422,281050.0,50695573.0,181.5,181.5,180.0,181.5,0.0,384.0
2024-07-23,8422,128081.0,23181288.0,181.5,181.5,180.0,181.0,-0.5,245.0
2024-07-26,8422,160496.0,28914410.0,180.5,181.0,179.5,181.0,0.0,351.0
2024-07-29,8422,102387.0,18512045.0,181.0,181.5,180.0,181.0,0.0,218.0
2024-07-30,8422,210445.0,37917382.0,181.0,181.0,179.5,181.0,0.0,300.0
2024-07-31,8422,119398.0,21535708.0,181.0,181.5,180.0,180.0,-1.0,167.0
2024-08-01,8422,221357.0,39976773.0,180.0,181.5,179.5,181.5,1.5,262.0
2024-08-02,8422,249439.0,45019135.0,181.5,181.5,180.0,180.5,-1.0,424.0
2024-08-05,8422,904932.0,160223549.0,180.0,180.0,175.0,179.5,-1.0,1392.0
2024-08-06,8422,602799.0,107010634.0,179.5,180.0,175.0,179.5,0.0,846.0
2024-08-07,8422,296173.0,53156020.0,179.5,180.5,178.0,179.5,0.0,462.0
2024-08-08,8422,175401.0,31474629.0,178.5,180.0,178.5,180.0,0.5,288.0
2024-08-09,8422,376077.0,67990888.0,179.0,182.0,179.0,180.5,0.5,464.0
2024-08-12,8422,152899.0,27701426.0,180.5,181.5,180.5,181.0,0.5,521.0
2024-08-13,8422,237478.0,43189825.0,182.0,183.0,181.0,183.0,2.0,296.0
2024-08-14,8422,131480.0,23975442.0,183.5,183.5,181.5,182.5,-0.5,513.0
2024-08-15,8422,107567.0,19671769.0,183.0,183.5,182.5,182.5,0.0,194.0
2024-08-16,8422,115127.0,20977951.0,183.5,183.5,181.5,181.5,-1.0,228.0
2024-08-19,8422,106360.0,19330061.0,181.5,182.5,181.0,181.5,0.0,232.0
2024-08-20,8422,99330.0,18016282.0,181.5,182.5,180.5,181.5,0.0,291.0
2024-08-21,8422,122843.0,22347238.0,182.0,182.5,181.0,182.5,1.0,169.0
2024-08-22,8422,524486.0,97051886.0,183.0,186.5,183.0,186.0,3.5,763.0
2024-08-23,8422,174645.0,32560772.0,186.5,187.5,185.0,186.0,0.0,1947.0
2024-08-26,8422,131231.0,24415002.0,185.0,186.5,185.0,186.0,0.0,266.0
2024-08-27,8422,385923.0,72463990.0,186.0,188.5,186.0,188.5,2.5,479.0
2024-08-28,8422,451866.0,85948989.0,189.0,191.0,189.0,190.0,1.5,1091.0
2024-08-29,8422,269683.0,51377727.0,190.5,192.0,189.0,189.5,-0.5,460.0
2024-08-30,8422,278142.0,52929129.0,190.0,191.0,189.0,191.0,1.5,333.0
2024-09-02,8422,140137.0,26623303.0,191.0,191.5,189.5,190.0,-1.0,834.0
2024-09-03,8422,207706.0,39106366.0,190.0,190.0,187.0,188.5,-1.5,992.0
2024-09-04,8422,211847.0,39296952.0,185.5,186.5,183.5,185.0,-3.5,1905.0
2024-09-05,8422,140037.0,25932153.0,187.0,187.0,184.0,184.5,-0.5,2565.0
2024-09-06,8422,171137.0,31669062.0,184.5,186.5,183.5,186.5,2.0,1839.0
2024-09-09,8422,116689.0,21662071.0,184.0,187.0,184.0,186.0,-0.5,387.0
2024-09-10,8422,115187.0,21313107.0,186.5,186.5,183.5,184.0,-2.0,856.0
2024-09-11,8422,152352.0,28030812.0,184.0,185.0,183.5,185.0,1.0,1828.0
2024-09-12,8422,62915.0,11666985.0,186.5,186.5,185.0,186.0,1.0,809.0
2024-09-13,8422,67697.0,12570653.0,186.0,186.5,184.5,186.0,0.0,1421.0
2024-09-16,8422,82063.0,15230297.0,184.5,186.0,184.5,186.0,0.0,1307.0
2024-09-18,8422,112771.0,20845303.0,185.5,185.5,184.0,184.0,-2.0,2135.0
2024-09-19,8422,85004.0,15746867.0,186.0,186.0,185.0,185.0,1.0,1099.0
2024-09-20,8422,80208.0,14887615.0,186.0,186.0,185.5,186.0,1.0,248.0
2024-09-23,8422,69586.0,12924826.0,185.0,186.5,185.0,185.5,-0.5,144.0
2024-09-24,8422,80446.0,14999508.0,185.5,187.0,185.5,187.0,1.5,1221.0
2024-09-25,8422,82416.0,15420500.0,187.0,188.0,186.5,186.5,-0.5,361.0
2024-09-26,8422,77505.0,14453823.0,187.0,187.5,185.5,185.5,-1.0,2117.0
2024-09-27,8422,76676.0,14286090.0,187.0,187.0,185.5,186.5,1.0,137.0
2024-09-30,8422,82501.0,15317541.0,185.0,186.5,185.0,185.0,-1.5,765.0
2024-10-01,8422,143402.0,26506655.0,185.0,186.0,184.0,185.0,0.0,836.0
2024-10-04,8422,173525.0,31950444.0,184.0,185.0,183.5,184.0,-1.0,283.0
2024-10-07,8422,150552.0,27872480.0,184.0,186.5,184.0,185.0,1.0,199.0
2024-10-08,8422,164313.0,30363187.0,183.5,186.0,183.5,186.0,1.0,227.0
2024-10-09,8422,101188.0,18665023.0,184.5,185.5,184.0,184.0,-2.0,316.0
2024-10-11,8422,149113.0,27388599.0,184.0,184.5,183.0,183.0,-1.0,230.0
2024-10-14,8422,115669.0,21183827.0,183.0,183.5,183.0,183.0,0.0,213.0
2024-10-15,8422,102685.0,18816110.0,183.0,184.0,182.5,183.0,0.0,230.0
2024-10-16,8422,508701.0,96123416.0,182.5,191.0,182.5,191.0,8.0,354.0
2024-10-17,8422,201155.0,37459723.0,187.0,187.5,185.0,186.0,-5.0,383.0
2024-10-18,8422,124928.0,23195247.0,186.0,187.0,184.5,184.5,-1.5,388.0
2024-10-21,8422,74627.0,13790134.0,184.5,186.0,184.0,184.0,-0.5,185.0
2024-10-22,8422,101642.0,18652995.0,184.0,184.0,183.0,183.5,-0.5,177.0
2024-10-23,8422,153847.0,28172309.0,183.5,183.5,182.5,183.0,-0.5,235.0
2024-10-24,8422,127583.0,23340412.0,183.0,183.5,182.5,183.5,0.5,219.0
2024-10-25,8422,89425.0,16371233.0,182.5,183.5,182.5,183.0,-0.5,218.0
2024-10-28,8422,93061.0,17030402.0,183.0,183.5,182.5,182.5,-0.5,190.0
2024-10-29,8422,112349.0,20516426.0,182.5,183.5,182.0,183.0,0.5,201.0
2024-10-30,8422,113433.0,20748811.0,183.0,183.5,182.5,183.0,0.0,159.0
2024-11-01,8422,110867.0,20352331.0,182.5,184.0,182.5,184.0,1.0,375.0
2024-11-04,8422,107439.0,19720263.0,183.5,184.5,182.5,184.0,0.0,166.0
2024-11-05,8422,49626.0,9118392.0,184.0,184.0,183.0,184.0,0.0,105.0
2024-11-06,8422,73699.0,13531406.0,184.0,184.0,183.0,183.5,-0.5,161.0
2024-11-07,8422,72977.0,13407491.0,183.5,184.0,183.0,184.0,0.5,126.0
2024-11-08,8422,66892.0,12304080.0,184.0,184.5,183.5,184.0,0.0,139.0
2024-11-11,8422,96142.0,17609601.0,184.0,184.0,183.0,183.0,-1.0,170.0
2024-11-12,8422,169522.0,30928397.0,182.0,183.0,182.0,182.0,-1.0,299.0
2024-11-13,8422,81231.0,14802027.0,182.0,183.0,181.5,182.0,0.0,163.0
2024-11-14,8422,91492.0,16645213.0,182.0,183.0,181.5,181.5,-0.5,200.0
2024-11-15,8422,82331.0,14976245.0,181.0,182.5,181.0,181.5,0.0,159.0
2024-11-18,8422,116052.0,21054578.0,182.5,182.5,181.0,181.0,-0.5,233.0
2024-11-19,8422,95615.0,17374053.0,181.0,182.5,181.0,181.5,0.5,157.0
2024-11-20,8422,109011.0,19767054.0,181.0,182.0,181.0,181.0,-0.5,168.0
2024-11-21,8422,82924.0,15034655.0,181.5,182.0,181.0,182.0,1.0,143.0
2024-11-22,8422,92845.0,16856685.0,182.0,182.0,181.0,181.0,-1.0,140.0
2024-11-25,8422,125950.0,22842535.0,181.5,182.0,181.0,181.0,0.0,201.0
2024-11-26,8422,85754.0,15538760.0,181.0,181.5,181.0,181.0,0.0,157.0
2024-11-27,8422,124666.0,22616688.0,181.5,182.5,181.0,181.0,0.0,175.0
2024-11-28,8422,105010.0,19016850.0,181.0,181.5,180.5,181.0,0.0,179.0
2024-11-29,8422,49558.0,8972297.0,180.5,181.5,180.5,181.5,0.5,90.0
2024-12-02,8422,76353.0,13856046.0,181.5,182.0,181.0,181.0,-0.5,144.0
2024-12-03,8422,109160.0,19839818.0,181.0,182.0,181.0,181.5,0.5,178.0
2024-12-04,8422,85556.0,15540177.0,182.0,182.0,181.0,181.0,-0.5,128.0
2024-12-05,8422,93597.0,16962896.0,181.0,182.0,181.0,181.0,0.0,151.0
2024-12-06,8422,53888.0,9768127.0,181.0,182.0,181.0,181.0,0.0,111.0
2024-12-09,8422,170808.0,31029377.0,181.5,182.5,181.0,181.0,0.0,231.0
2024-12-10,8422,136258.0,24691784.0,182.0,182.0,181.0,182.0,1.0,156.0
2024-12-11,8422,122116.0,22158378.0,182.0,182.0,181.0,181.0,-1.0,151.0
2024-12-12,8422,85198.0,15429605.0,181.5,181.5,180.5,181.0,0.0,132.0
2024-12-13,8422,88939.0,16071646.0,180.5,181.0,180.5,180.5,-0.5,186.0
2024-12-16,8422,363310.0,65263699.0,181.0,181.0,178.5,178.5,-2.0,534.0
2024-12-17,8422,111625.0,19996307.0,178.5,179.5,178.5,179.0,0.5,255.0
2024-12-18,8422,125512.0,22467705.0,178.5,179.5,178.5,179.0,0.0,239.0
2024-12-19,8422,112811.0,20192648.0,179.0,179.5,178.5,179.0,0.0,250.0
2024-12-20,8422,207757.0,37134767.0,179.0,179.0,178.5,178.5,-0.5,428.0
2024-12-23,8422,189103.0,33973791.0,178.5,180.5,178.5,180.5,2.0,269.0
2024-12-24,8422,82630.0,14877289.0,180.5,180.5,179.5,179.5,-1.0,142.0
2024-12-25,8422,48150.0,8648199.0,179.5,180.0,179.5,179.5,0.0,127.0
2024-12-26,8422,76487.0,13725345.0,180.0,180.0,179.0,179.0,-0.5,174.0
2024-12-27,8422,43366.0,7794732.0,179.0,180.0,179.0,180.0,1.0,105.0
2024-12-30,8422,44110.0,7921737.0,180.5,180.5,179.0,179.5,-0.5,103.0
2024-12-31,8422,64505.0,11581389.0,179.0,180.0,179.0,180.0,0.5,143.0
2025-01-02,8422,106674.0,19130970.0,180.0,180.0,178.5,180.0,0.0,214.0
2025-01-03,8422,53200.0,9541019.0,180.0,180.0,179.0,179.0,-1.0,130.0
2025-01-06,8422,103343.0,18524412.0,179.0,179.5,179.0,179.0,0.0,254.0
2025-01-07,8422,111485.0,20017736.0,180.0,180.0,179.0,179.5,0.5,204.0
2025-01-08,8422,94595.0,16941169.0,180.0,180.0,179.0,179.0,-0.5,213.0
2025-01-09,8422,106644.0,19093551.0,179.0,180.0,178.5,178.5,-0.5,180.0
2025-01-10,8422,120329.0,21504013.0,178.5,179.5,178.5,179.5,1.0,200.0
2025-01-13,8422,193948.0,34571114.0,178.5,179.0,178.0,178.5,-1.0,291.0
2025-01-14,8422,28504.0,5100265.0,178.5,179.5,178.5,179.0,0.5,88.0
2025-01-15,8422,62935.0,11253146.0,179.0,179.5,178.5,178.5,-0.5,130.0
2025-01-16,8422,133471.0,23876804.0,180.0,180.0,178.5,178.5,0.0,235.0
2025-01-17,8422,90128.0,16106016.0,179.5,179.5,178.5,178.5,0.0,205.0
2025-01-20,8422,83511.0,14929686.0,179.0,179.0,178.5,179.0,0.5,197.0
2025-01-21,8422,54207.0,9704593.0,179.0,179.5,178.5,179.0,0.0,124.0
2025-01-22,8422,121308.0,21749219.0,179.5,180.0,178.5,179.5,0.5,231.0
2025-02-03,8422,157573.0,28225382.0,179.5,179.5,178.5,178.5,-1.0,358.0
2025-02-04,8422,63561.0,11376700.0,179.0,179.5,178.5,178.5,0.0,180.0
2025-02-05,8422,89072.0,16008052.0,179.5,180.0,179.5,179.5,1.0,165.0
2025-02-06,8422,207890.0,37619835.0,180.0,182.0,179.5,182.0,2.5,297.0
2025-02-07,8422,83240.0,15111072.0,181.5,182.0,181.0,181.5,-0.5,199.0
2025-02-10,8422,153494.0,27931240.0,181.0,182.5,181.0,182.0,0.5,261.0
2025-02-11,8422,103757.0,18855596.0,182.0,182.0,181.0,182.0,0.0,224.0
2025-02-12,8422,110097.0,19981928.0,181.5,182.0,181.0,181.0,-1.0,227.0
2025-02-13,8422,122848.0,22327032.0,181.0,182.0,181.0,182.0,1.0,183.0
2025-02-14,8422,74415.0,13517564.0,182.0,182.0,181.0,181.5,-0.5,146.0
2025-02-17,8422,137845.0,25124758.0,181.5,182.5,181.5,182.5,1.0,205.0
2025-02-18,8422,409314.0,75667624.0,183.0,187.0,183.0,185.0,2.5,567.0
2025-02-19,8422,296415.0,55061203.0,186.0,186.5,184.5,185.5,0.5,413.0
2025-02-20,8422,185704.0,34518257.0,186.0,186.5,185.0,186.0,0.5,237.0
2025-02-21,8422,124171.0,23052111.0,185.5,186.0,185.0,185.5,-0.5,222.0
2025-02-24,8422,128541.0,23801367.0,185.0,186.0,185.0,185.0,-0.5,232.0
2025-02-25,8422,66952.0,12387609.0,184.5,185.5,184.5,185.0,0.0,190.0
2025-02-26,8422,73045.0,13548755.0,185.0,186.0,185.0,185.5,0.5,153.0
2025-02-27,8422,317333.0,59071586.0,185.5,187.0,185.5,185.5,0.0,366.0
2025-03-03,8422,349189.0,65378323.0,185.5,188.5,185.5,188.0,2.5,472.0
2025-03-04,8422,121232.0,22715071.0,187.0,188.0,187.0,187.5,-0.5,329.0
2025-03-05,8422,126850.0,23743106.0,187.0,188.0,186.5,186.5,-1.0,667.0
2025-03-06,8422,229217.0,43082824.0,188.0,188.5,187.5,188.0,1.5,289.0
2025-03-07,8422,139254.0,26178621.0,188.5,188.5,187.5,187.5,-0.5,248.0
2025-03-10,8422,455162.0,86344300.0,188.5,191.0,188.0,189.5,2.0,654.0
2025-03-11,8422,248046.0,46789678.0,189.0,190.0,187.5,189.5,0.0,641.0
2025-03-12,8422,151818.0,28775195.0,190.0,190.5,189.0,189.0,-0.5,645.0
2025-03-13,8422,222298.0,41960064.0,190.0,190.0,188.0,188.5,-0.5,762.0
2025-03-14,8422,190881.0,35766732.0,188.5,188.5,186.5,188.0,-0.5,362.0
2025-03-17,8422,265839.0,50456382.0,189.0,191.0,187.5,190.5,2.5,437.0
2025-03-18,8422,197007.0,37451245.0,190.5,191.0,189.5,190.5,0.0,312.0
2025-03-19,8422,146960.0,27948075.0,190.5,191.0,189.5,190.5,0.0,231.0
2025-03-20,8422,559931.0,107392110.0,190.5,193.0,190.5,192.0,1.5,571.0
2025-03-21,8422,1002615.0,194182006.0,193.0,197.0,191.5,193.0,1.0,861.0
2025-03-24,8422,361688.0,70050609.0,194.0,194.5,192.0,194.5,1.5,509.0
2025-03-25,8422,222581.0,43223978.0,195.5,195.5,193.5,195.0,0.5,327.0
2025-03-26,8422,440282.0,85840012.0,195.5,196.0,193.0,195.0,0.0,502.0
2025-03-27,8422,230134.0,44723476.0,195.0,195.0,193.0,195.0,0.0,326.0
2025-03-28,8422,473770.0,91723038.0,195.0,195.0,192.5,194.0,-1.0,528.0
2025-03-31,8422,491984.0,94549245.0,192.5,193.0,190.0,190.5,-3.5,615.0
2025-04-01,8422,306371.0,59041877.0,191.5,194.0,191.5,192.5,2.0,352.0
2025-04-02,8422,143107.0,27425497.0,192.5,192.5,191.0,191.5,-1.0,264.0
2025-04-07,8422,1745168.0,310405140.0,172.5,184.0,172.5,179.5,-12.0,2504.0
2025-04-08,8422,892026.0,161610296.0,180.0,184.5,179.5,181.0,1.5,3140.0
2025-04-09,8422,1417528.0,250377007.0,179.0,181.0,173.5,174.5,-6.5,1855.0
2025-04-10,8422,877743.0,163965651.0,186.5,189.5,185.5,186.0,11.5,980.0
2025-04-11,8422,473537.0,86162536.0,183.0,185.0,177.0,185.0,-1.0,627.0
2025-04-14,8422,445274.0,81243549.0,184.5,185.0,181.0,182.0,-3.0,687.0
2025-04-15,8422,341418.0,62706192.0,181.0,185.0,181.0,183.5,1.5,383.0
2025-04-16,8422,163206.0,29822428.0,183.5,184.0,182.0,182.0,-1.5,527.0
2025-04-17,8422,161362.0,29274871.0,182.0,182.5,180.0,182.0,0.0,302.0
2025-04-18,8422,180834.0,32804677.0,182.0,182.5,180.5,182.0,0.0,342.0
2025-04-21,8422,236577.0,42726750.0,182.5,182.5,179.5,180.0,-2.0,392.0
2025-04-22,8422,187822.0,33743338.0,180.0,180.5,178.0,180.0,0.0,331.0
2025-04-23,8422,207841.0,37647462.0,180.0,181.5,180.0,181.0,1.0,240.0
2025-04-24,8422,185564.0,33605272.0,181.0,182.5,180.5,181.5,0.5,221.0
2025-04-25,8422,375209.0,67818640.0,181.5,182.0,180.0,181.0,-0.5,408.0
2025-04-28,8422,121775.0,22029870.0,181.0,181.0,180.5,180.5,-0.5,240.0
2025-04-29,8422,110623.0,20129608.0,181.0,182.5,181.0,181.5,1.0,175.0
2025-04-30,8422,250501.0,45577626.0,181.5,183.0,181.5,181.5,0.0,268.0
2025-05-02,8422,218520.0,39865264.0,181.5,183.0,181.5,183.0,1.5,239.0
2025-05-05,8422,331915.0,61118574.0,184.0,186.0,183.0,183.5,0.5,382.0
2025-05-06,8422,581347.0,106972422.0,183.0,185.5,181.5,185.5,2.0,464.0
2025-05-07,8422,977395.0,183876158.0,189.5,190.0,185.5,187.0,1.5,841.0
2025-05-08,8422,340252.0,63839882.0,186.5,188.5,186.5,187.5,0.5,356.0
2025-05-09,8422,876547.0,166791414.0,187.0,191.5,187.0,191.5,4.0,902.0
2025-05-12,8422,464121.0,88513723.0,192.0,193.5,189.0,189.5,-2.0,1953.0
2025-05-13,8422,340627.0,64558445.0,189.0,190.5,188.5,190.0,0.5,378.0
2025-05-14,8422,620866.0,118613045.0,190.0,192.5,190.0,192.0,2.0,1455.0
2025-05-15,8422,269902.0,51352834.0,191.0,191.5,189.5,189.5,-2.5,3503.0
2025-05-16,8422,300031.0,56906588.0,190.5,190.5,189.0,190.5,1.0,943.0
2025-05-19,8422,561631.0,107836193.0,190.0,193.5,189.5,192.0,1.5,594.0
2025-05-20,8422,681172.0,131475029.0,192.5,194.5,191.0,194.0,2.0,616.0
2025-05-21,8422,965979.0,188049228.0,194.0,195.5,193.5,195.0,1.0,759.0
2025-05-22,8422,392531.0,76303776.0,195.0,195.0,192.5,194.0,-1.0,410.0
2025-05-23,8422,1056055.0,207088365.0,196.0,197.5,194.5,195.0,1.0,884.0
2025-05-26,8422,549645.0,107367467.0,195.0,196.0,194.5,194.5,-0.5,1125.0
2025-05-27,8422,391385.0,76220335.0,194.5,195.5,194.0,194.5,0.0,637.0
2025-05-28,8422,239066.0,46477432.0,195.0,195.5,194.0,194.0,-0.5,363.0
2025-05-29,8422,283157.0,54868155.0,195.0,195.0,193.0,194.0,0.0,714.0
2025-06-02,8422,440309.0,84675726.0,194.0,194.0,191.0,192.0,-2.0,442.0
2025-06-03,8422,320877.0,61729976.0,192.0,193.0,191.5,192.5,0.5,1490.0
2025-06-04,8422,726050.0,140551754.0,193.0,194.5,192.5,193.5,1.0,3340.0
2025-06-05,8422,483086.0,93494443.0,193.0,194.0,192.5,193.5,0.0,3335.0
2025-06-06,8422,644116.0,123232210.0,193.0,193.0,190.5,191.0,-2.5,5920.0
2025-06-09,8422,609734.0,116238991.0,191.0,191.5,189.5,191.0,0.0,794.0
2025-06-10,8422,1549184.0,280677164.0,183.5,183.5,180.0,181.5,0.0,1954.0
2025-06-11,8422,289975.0,52700999.0,182.0,182.5,181.0,182.0,0.5,510.0
2025-06-12,8422,266637.0,48243218.0,182.0,182.0,180.5,180.5,-1.5,497.0
2025-06-13,8422,592935.0,106399770.0,180.5,180.5,179.0,179.5,-1.0,1081.0
2025-06-16,8422,425164.0,76229882.0,179.5,180.0,179.0,179.0,-0.5,495.0
2025-06-17,8422,178717.0,32158452.0,179.0,180.5,179.0,179.5,0.5,309.0
2025-06-18,8422,146624.0,26371842.0,180.5,180.5,179.5,179.5,0.0,275.0
2025-06-19,8422,224277.0,40253667.0,179.5,180.0,179.0,179.0,-0.5,381.0
2025-06-20,8422,395381.0,70620123.0,180.0,180.0,178.0,178.5,-0.5,672.0
2025-06-23,8422,232638.0,41421254.0,178.5,178.5,177.0,178.5,0.0,444.0
2025-06-24,8422,321178.0,57744870.0,179.5,180.5,178.5,179.5,1.0,423.0
2025-06-25,8422,152307.0,27378790.0,179.5,180.5,179.5,179.5,0.0,269.0
2025-06-26,8422,257751.0,46567855.0,179.5,181.5,179.0,180.0,0.5,338.0
2025-06-27,8422,145284.0,26328031.0,180.0,182.0,180.0,181.5,1.5,309.0
2025-06-30,8422,309974.0,56462411.0,182.0,183.0,181.5,182.0,0.5,346.0
2025-07-01,8422,690432.0,126858072.0,182.0,185.0,182.0,185.0,3.0,688.0
2025-07-02,8422,2031070.0,385589693.0,184.5,192.5,184.0,190.0,5.0,2077.0
2025-07-03,8422,352542.0,66578042.0,189.5,190.5,187.5,189.0,-1.0,3246.0
2025-07-04,8422,335720.0,63133034.0,188.0,189.0,187.0,188.0,-1.0,483.0
2025-07-07,8422,157268.0,29407656.0,188.0,188.0,186.0,187.0,-1.0,2006.0
2025-07-08,8422,229292.0,42802023.0,187.0,187.5,186.0,187.0,0.0,258.0
2025-07-09,8422,301996.0,56509380.0,185.5,188.0,185.5,187.0,0.0,719.0
2025-07-10,8422,243017.0,45150763.0,186.5,187.0,185.0,185.5,-1.5,2907.0
2025-07-11,8422,147835.0,27493781.0,185.0,186.5,185.0,186.5,1.0,843.0
2025-07-14,8422,252275.0,47246338.0,186.0,188.5,186.0,188.0,1.5,306.0
2025-07-15,8422,331402.0,62491580.0,187.0,189.0,187.0,188.5,0.5,365.0
2025-07-16,8422,483702.0,91704338.0,188.5,190.0,188.0,189.0,0.5,511.0
2025-07-17,8422,353940.0,67185475.0,189.0,190.5,189.0,190.5,1.5,449.0
2025-07-18,8422,233584.0,44124497.0,191.0,191.0,188.0,189.0,-1.5,2549.0
2025-07-21,8422,171938.0,32626864.0,189.5,191.0,188.5,188.5,-0.5,258.0
2025-07-22,8422,161725.0,30407368.0,188.5,189.0,187.0,188.0,-0.5,404.0
2025-07-23,8422,148571.0,27786442.0,188.0,189.5,188.0,189.5,1.5,503.0
2025-07-24,8422,85720.0,16248435.0,190.0,190.0,189.0,190.0,0.5,137.0
2025-07-25,8422,133705.0,25290307.0,188.0,190.0,188.0,189.0,-1.0,287.0
2025-07-28,8422,111162.0,20979742.0,188.0,189.5,188.0,188.5,-0.5,878.0
2025-07-29,8422,184601.0,34742949.0,188.0,189.0,187.5,188.0,-0.5,234.0
2025-07-30,8422,722401.0,138252568.0,190.0,193.5,189.0,191.5,3.5,781.0
2025-07-31,8422,1056220.0,203609999.0,192.5,194.0,191.0,193.0,1.5,796.0
2025-08-01,8422,169584.0,32544427.0,191.5,193.0,191.0,191.5,-1.5,341.0
2025-08-04,8422,369849.0,70608903.0,190.0,192.5,189.5,192.5,1.0,707.0
2025-08-05,8422,204665.0,39445776.0,192.0,193.5,192.0,193.0,0.5,298.0
2025-08-06,8422,249305.0,48214978.0,193.0,194.0,192.5,194.0,1.0,461.0
2025-08-07,8422,1840715.0,371084488.0,201.0,208.5,198.0,198.5,4.5,16287.0
2025-08-08,8422,559984.0,110616099.0,199.0,200.0,195.5,198.0,-0.5,2813.0
2025-08-11,8422,368623.0,72343624.0,196.5,198.0,195.0,195.5,-2.5,4603.0
2025-08-12,8422,358949.0,69761469.0,195.5,195.5,193.5,193.5,-2.0,5942.0
2025-08-13,8422,336730.0,65345384.0,193.5,195.0,192.5,194.5,1.0,2106.0
2025-08-14,8422,263885.0,51282786.0,194.0,195.0,193.0,195.0,0.5,620.0
2025-08-15,8422,262339.0,50871271.0,194.5,195.0,192.5,192.5,-2.5,468.0
2025-08-18,8422,317510.0,61358633.0,193.5,195.0,192.5,192.5,0.0,418.0
2025-08-19,8422,262264.0,50656763.0,192.5,194.0,192.5,194.0,1.5,437.0
2025-08-20,8422,283946.0,54627474.0,195.0,195.0,191.5,191.5,-2.5,549.0
2025-08-21,8422,178149.0,34220903.0,192.5,193.0,191.5,191.5,0.0,339.0
2025-08-22,8422,1023794.0,202018404.0,193.0,201.0,193.0,197.0,5.5,1263.0
2025-08-25,8422,698479.0,137344942.0,197.5,199.5,194.5,195.5,-1.5,2441.0
2025-08-26,8422,489008.0,96646652.0,195.0,198.5,195.0,197.5,2.0,801.0
2025-08-27,8422,283722.0,56081378.0,197.0,198.5,197.0,197.5,0.0,853.0
2025-08-28,8422,627063.0,124985318.0,198.0,200.5,197.5,199.0,1.5,805.0
2025-08-29,8422,308839.0,61551719.0,200.0,200.0,199.0,199.0,0.0,707.0
2025-09-01,8422,453224.0,90265682.0,199.0,200.0,198.0,200.0,1.0,518.0
2025-09-02,8422,325257.0,64962019.0,200.0,201.0,198.0,199.0,-1.0,537.0
2025-09-03,8422,139519.0,27804140.0,199.0,199.5,198.5,199.0,0.0,224.0
2025-09-04,8422,279292.0,55423739.0,199.0,199.5,197.5,198.5,-0.5,367.0
2025-09-05,8422,192932.0,38365702.0,198.5,199.5,198.0,198.5,0.0,298.0
2025-09-08,8422,209815.0,41865933.0,198.5,200.0,198.5,200.0,1.5,342.0
2025-09-09,8422,871609.0,170866765.0,198.0,198.0,194.0,195.5,-4.5,1549.0
2025-09-10,8422,236318.0,46248536.0,195.0,196.5,194.0,196.5,1.0,360.0
2025-09-11,8422,220274.0,43053105.0,195.5,196.5,194.5,195.0,-1.5,343.0
2025-09-12,8422,105182.0,20606646.0,195.0,196.5,195.0,196.5,1.5,190.0
2025-09-15,8422,1173952.0,237061877.0,198.5,206.0,198.0,201.0,4.5,1297.0
2025-09-16,8422,507935.0,100907619.0,201.0,201.0,196.5,198.0,-3.0,2898.0
2025-09-17,8422,304035.0,59624355.0,197.0,198.0,194.5,196.0,-2.0,2108.0
2025-09-18,8422,132478.0,26008167.0,196.0,197.0,195.5,196.5,0.5,1250.0
2025-09-19,8422,578765.0,114953736.0,195.5,200.5,195.5,199.0,2.5,784.0
2025-09-22,8422,230135.0,45748231.0,199.0,199.5,198.0,199.0,0.0,1465.0
2025-09-23,8422,921726.0,185646437.0,200.0,203.0,199.0,201.0,2.0,2139.0
2025-09-24,8422,2002119.0,412166360.0,202.0,210.0,201.5,207.5,6.5,3260.0
2025-09-25,8422,1757675.0,351183258.0,200.5,205.0,197.0,201.0,-6.5,7237.0
2025-09-26,8422,579872.0,116832450.0,202.0,203.0,200.0,202.0,1.0,652.0
2025-09-30,8422,383676.0,77275094.0,202.0,203.0,200.0,202.0,0.0,988.0
2025-10-01,8422,235555.0,47440926.0,202.0,202.5,200.5,201.5,-0.5,1239.0
2025-10-02,8422,601983.0,122231447.0,201.5,205.5,200.5,203.0,1.5,645.0
2025-10-03,8422,407286.0,82789640.0,202.5,204.0,202.5,202.5,-0.5,1384.0
2025-10-07,8422,430732.0,87448422.0,203.0,204.5,202.5,202.5,0.0,1654.0
2025-10-08,8422,373298.0,75992429.0,203.5,205.0,202.5,203.5,1.0,510.0
2025-10-09,8422,399648.0,81612100.0,204.0,205.0,203.5,204.5,1.0,445.0
2025-10-13,8422,296786.0,60136920.0,203.5,204.5,200.5,204.0,-0.5,496.0
2025-10-14,8422,657041.0,135258671.0,203.5,207.5,203.0,204.5,0.5,781.0
2025-10-15,8422,542702.0,112306695.0,205.0,208.0,204.5,208.0,3.5,803.0
2025-10-16,8422,383747.0,79520274.0,208.0,208.0,205.5,207.5,-0.5,1271.0
2025-10-17,8422,873413.0,181769661.0,208.5,211.0,206.5,207.0,-0.5,1022.0
2025-10-20,8422,1735416.0,368354235.0,208.0,215.0,208.0,212.0,5.0,2176.0
2025-10-21,8422,2389686.0,524692018.0,213.0,225.5,213.0,224.5,12.5,3712.0
2025-10-22,8422,5967855.0,1460532920.0,232.5,246.5,232.0,246.5,22.0,3668.0
2025-10-23,8422,8593232.0,2101865154.0,251.0,256.0,235.0,238.0,-8.5,17578.0
2025-10-27,8422,2589906.0,618046161.0,243.0,243.0,235.0,241.0,3.0,6845.0
2025-10-28,8422,1344788.0,323082595.0,240.0,243.5,236.5,241.0,0.0,2544.0
2025-10-29,8422,1048212.0,251680140.0,241.5,243.0,238.5,240.0,-1.0,1931.0
2025-10-30,8422,1315921.0,317175118.0,240.0,244.5,239.5,241.5,1.5,1478.0
2025-10-31,8422,1130866.0,272520474.0,241.5,243.0,239.5,241.5,0.0,1613.0
2025-11-03,8422,1285669.0,310465119.0,241.5,243.5,239.5,241.5,0.0,1539.0
2025-11-04,8422,857109.0,207163834.0,242.5,244.0,240.5,242.0,0.5,1080.0
2025-11-05,8422,2407990.0,592197167.0,242.0,250.0,239.5,250.0,8.0,2624.0
2025-11-17,8422,29537885.0,722333048.0,24.5,25.2,23.65,24.7,0.0,11138.0
2025-11-18,8422,38710007.0,876839215.0,24.4,24.4,22.25,22.25,-2.45,18355.0
2025-11-19,8422,33020195.0,696387114.0,21.55,21.9,20.6,20.9,-1.35,15594.0
2025-11-20,8422,19134987.0,418746409.0,21.5,22.45,21.0,22.2,1.3,7454.0
2025-11-21,8422,12185106.0,267613243.0,22.0,22.3,21.35,22.2,0.0,5233.0
2025-11-24,8422,14868394.0,336697094.0,22.55,23.0,22.3,22.8,0.6,5417.0
2025-11-25,8422,12458837.0,284897713.0,23.0,23.1,22.5,23.0,0.2,4529.0
2025-11-26,8422,52020788.0,1282149932.0,23.0,25.3,23.0,24.85,1.85,17564.0
2025-11-27,8422,33477822.0,812310915.0,25.15,25.25,23.65,24.0,-0.85,14684.0
2025-11-28,8422,27376482.0,667941645.0,24.0,24.85,23.75,24.5,0.5,9025.0
2025-12-01,8422,21213182.0,507596285.0,24.5,24.5,23.55,23.9,-0.6,10435.0
2025-12-02,8422,13214124.0,312881734.0,23.95,24.1,23.5,23.5,-0.4,5809.0
2025-12-03,8422,9819638.0,232976327.0,23.7,23.95,23.5,23.65,0.15,4398.0
2025-12-04,8422,11735607.0,273844590.0,23.85,23.85,23.1,23.15,-0.5,5664.0
2025-12-05,8422,7408958.0,172068662.0,23.2,23.45,23.0,23.4,0.25,3233.0
2025-12-08,8422,10379116.0,239231765.0,23.5,23.6,22.9,22.95,-0.45,5238.0
2025-12-09,8422,19094393.0,425236327.0,22.05,22.6,21.9,22.3,-0.65,8741.0
2025-12-10,8422,12088545.0,269284185.0,22.25,22.55,22.1,22.15,-0.15,5006.0
2025-12-11,8422,8886132.0,197434546.0,22.35,22.5,22.0,22.15,0.0,4749.0
2025-12-12,8422,11382388.0,258321926.0,22.4,23.0,22.3,22.7,0.55,4750.0
2025-12-15,8422,16596562.0,386100829.0,22.8,23.6,22.3,23.45,0.75,7709.0
2025-12-16,8422,43814555.0,1061680228.0,23.35,24.9,23.1,24.5,1.05,16471.0
2025-12-17,8422,48118065.0,1185447286.0,24.75,24.95,24.1,24.7,0.2,17379.0
2025-12-18,8422,33488744.0,825094003.0,24.55,24.95,24.2,24.6,-0.1,11644.0
2025-12-19,8422,33725892.0,834734311.0,24.6,25.1,24.35,24.5,-0.1,10847.0
2025-12-22,8422,31551994.0,782877822.0,24.55,25.1,24.4,24.8,0.3,9643.0
2025-12-23,8422,30514664.0,755692922.0,24.95,25.1,24.5,24.6,-0.2,12364.0
2025-12-24,8422,30821712.0,753519521.0,24.65,24.7,24.1,24.5,-0.1,9607.0
2025-12-26,8422,64045354.0,1663679387.0,24.45,26.95,24.35,26.65,2.15,26019.0
2025-12-29,8422,91935053.0,2638630503.0,27.3,29.3,27.2,29.3,2.65,32009.0
2025-12-30,8422,155858547.0,4649824891.0,29.45,30.5,29.1,30.1,0.8,59597.0
2025-12-31,8422,190871844.0,6155937434.0,29.9,33.1,29.6,31.6,1.5,70499.0
2026-01-02,8422,200746321.0,6617881243.0,32.5,34.5,31.8,32.5,0.9,80385.0
2026-01-05,8422,123463636.0,3965741273.0,32.8,33.8,31.2,31.3,-1.2,52834.0
2026-01-06,8422,92255268.0,2971220950.0,31.55,33.0,31.4,31.75,0.45,35224.0
2026-01-07,8422,162827918.0,5535297043.0,32.55,34.9,32.35,34.9,3.15,50090.0
2026-01-08,8422,276253594.0,10049261203.0,36.2,37.5,35.35,35.5,0.6,110812.0
2026-01-09,8422,265412712.0,9971360120.0,35.85,39.05,34.8,39.05,3.55,109101.0
2026-01-12,8422,59797614.0,2566419500.0,42.85,42.95,42.8,42.95,3.9,16777.0
2026-01-13,8422,23172879.0,1093759697.0,47.2,47.2,47.2,47.2,4.25,5461.0
2026-01-14,8422,36780930.0,1908930003.0,51.9,51.9,51.9,51.9,4.7,12028.0
2026-01-15,8422,101045027.0,4730174506.0,46.9,47.05,46.75,46.75,-5.15,54306.0
2026-01-16,8422,50223534.0,2114408529.0,42.1,42.1,42.1,42.1,-4.65,29382.0
2026-01-19,8422,502639117.0,21277549563.0,38.85,46.3,38.3,45.0,2.9,237217.0
2026-01-20,8422,286278221.0,12631282599.0,45.0,46.55,41.4,42.35,-2.65,153087.0
2026-01-21,8422,152926807.0,6624359998.0,42.05,44.3,42.0,42.95,0.6,79820.0
2026-01-22,8422,115325389.0,4910041909.0,44.25,44.5,41.2,41.2,-1.75,65626.0
2026-01-23,8422,89820933.0,3649013205.0,41.5,41.75,39.75,40.4,-0.8,45343.0
2026-01-26,8422,82363093.0,3303797042.0,40.7,41.5,39.25,40.1,-0.3,44504.0
2026-01-27,8422,79704691.0,3229770650.0,40.2,41.75,39.85,39.85,-0.25,41040.0
2026-01-28,8422,61711370.0,2492706892.0,40.2,41.3,39.7,40.2,0.35,34395.0
2026-01-29,8422,69221606.0,2706012042.0,40.4,40.95,38.5,38.65,-1.55,41848.0
2026-01-30,8422,75431756.0,2805744718.0,38.15,38.4,36.65,36.8,-1.85,37079.0
2026-02-02,8422,48286160.0,1753718931.0,36.2,37.35,35.75,36.35,-0.45,24587.0
2026-02-03,8422,51500819.0,1844054116.0,36.95,37.0,35.1,35.4,-0.95,27924.0
2026-02-04,8422,29621500.0,1057523818.0,35.0,36.4,34.8,36.2,0.8,15736.0
2026-02-05,8422,26919876.0,975247334.0,35.7,36.95,35.65,35.8,-0.4,14678.0
2026-02-06,8422,18896243.0,658873971.0,35.55,35.55,34.5,34.7,-1.1,12096.0
2026-02-09,8422,63192144.0,2096785396.0,34.9,35.05,32.5,32.55,-2.15,35902.0
2026-02-10,8422,34580618.0,1108661305.0,32.6,32.7,31.6,32.15,-0.4,18022.0
2026-02-11,8422,27349726.0,890430881.0,32.35,33.0,32.05,32.8,0.65,14912.0
2026-02-23,8422,25249301.0,833906619.0,33.0,33.55,32.25,33.25,0.45,14493.0
2026-02-24,8422,79317183.0,2831367738.0,33.3,36.55,33.05,35.6,2.35,42436.0
2026-02-25,8422,43514444.0,1508100631.0,35.6,35.75,34.0,34.45,-1.15,25696.0
2026-02-26,8422,29265935.0,1024792269.0,34.75,35.5,34.3,34.95,0.5,14218.0
2026-03-02,8422,28601405.0,966054734.0,33.75,34.25,33.4,33.4,-1.55,18297.0
2026-03-03,8422,24134764.0,793723291.0,33.4,33.5,32.55,32.7,-0.7,14094.0
2026-03-04,8422,21546937.0,681449767.0,32.1,32.35,31.3,31.35,-1.35,13807.0
2026-03-05,8422,13364440.0,429308551.0,32.25,32.7,31.8,32.1,0.75,7344.0
2026-03-06,8422,10008502.0,319981892.0,32.0,32.5,31.5,32.0,-0.1,5961.0
2026-03-09,8422,20696290.0,621852210.0,29.95,30.6,29.6,30.1,-1.9,12290.0
2026-03-10,8422,10540239.0,322302664.0,30.95,30.95,30.3,30.45,0.35,6137.0
2026-03-11,8422,9962480.0,311935120.0,30.7,31.6,30.7,31.55,1.1,6174.0
2026-03-12,8422,11243560.0,350800520.0,31.55,31.85,30.85,30.85,-0.7,7880.0
2026-03-13,8422,9947620.0,300825188.0,30.4,30.45,30.0,30.2,-0.65,7503.0
2026-03-16,8422,9767922.0,299423040.0,30.6,31.25,30.4,30.55,0.35,5995.0
2026-03-17,8422,10764545.0,332179958.0,31.0,31.15,30.65,30.7,0.15,6351.0
2026-03-18,8422,14878097.0,452001920.0,31.0,31.1,30.15,30.25,-0.45,9934.0
2026-03-19,8422,12245870.0,368281256.0,30.3,30.4,29.95,29.95,-0.3,7647.0
2026-03-20,8422,23322988.0,681324731.0,30.0,30.0,28.9,29.15,-0.8,15602.0
2026-03-23,8422,16079000.0,470535588.0,28.95,30.15,28.55,28.85,-0.3,10854.0
2026-03-24,8422,9492887.0,274551300.0,29.1,29.4,28.5,28.85,0.0,6306.0
2026-03-25,8422,10082531.0,300483108.0,29.35,30.3,29.2,30.2,1.35,6714.0
2026-03-26,8422,11254847.0,337086483.0,30.6,30.7,29.5,29.5,-0.7,8159.0
2026-03-27,8422,5218965.0,152176035.0,29.3,29.45,29.0,29.25,-0.25,3715.0
2026-03-30,8422,5416170.0,156627580.0,28.8,29.1,28.75,28.95,-0.3,3645.0
2026-03-31,8422,13904363.0,407199553.0,28.9,29.85,28.7,29.4,0.45,7392.0
2026-04-01,8422,10051714.0,299263707.0,30.4,30.4,29.25,29.25,-0.15,6748.0
2026-04-02,8422,9346852.0,270267041.0,29.7,29.7,28.6,28.75,-0.5,6578.0
2026-04-07,8422,5895673.0,169630801.0,28.9,29.1,28.6,28.65,-0.1,3995.0
2026-04-08,8422,18453706.0,555512273.0,29.15,30.9,29.15,30.25,1.6,9409.0
2026-04-09,8422,13315678.0,392403900.0,30.5,30.5,29.15,29.25,-1.0,8456.0
2026-04-10,8422,7599226.0,221057365.0,29.55,29.55,28.9,29.1,-0.15,5332.0
2026-04-13,8422,5837675.0,168894122.0,29.0,29.1,28.7,29.0,-0.1,4206.0
2026-04-14,8422,7857858.0,227550819.0,29.1,29.35,28.8,28.9,-0.1,5065.0
2026-04-15,8422,15050688.0,440326190.0,29.0,29.75,28.7,29.25,0.35,7700.0
2026-04-16,8422,12714014.0,379064163.0,29.6,30.1,29.35,29.9,0.65,6197.0
2026-04-17,8422,11704622.0,348116858.0,30.0,30.2,29.35,29.45,-0.45,7120.0
2026-04-20,8422,9294960.0,274823417.0,29.55,29.75,29.35,29.7,0.25,4898.0
2026-04-21,8422,16120393.0,486881271.0,30.0,30.65,29.7,30.5,0.8,8205.0
2026-04-22,8422,16280270.0,491082284.0,30.9,30.9,29.85,30.05,-0.45,8106.0
2026-04-23,8422,17126854.0,499927880.0,30.2,30.2,28.7,29.05,-1.0,10065.0
2026-04-24,8422,12525376.0,360044107.0,29.1,29.3,28.5,28.7,-0.35,7329.0
2026-04-27,8422,13971355.0,390699947.0,28.7,28.7,27.6,28.1,-0.6,8883.0
2026-04-28,8422,5350715.0,149734369.0,28.1,28.2,27.8,28.1,0.0,4029.0
2026-04-29,8422,6425480.0,179391281.0,28.1,28.15,27.8,27.85,-0.25,4508.0
2026-04-30,8422,6252402.0,174914906.0,27.9,28.4,27.75,27.75,-0.1,4402.0
2026-05-04,8422,5343044.0,149037367.0,27.8,28.1,27.75,27.95,0.2,3777.0
2026-05-05,8422,8637145.0,245064960.0,28.0,28.7,27.8,28.35,0.4,4574.0
2026-05-06,8422,9948300.0,278703818.0,28.7,28.7,27.8,27.85,-0.5,6416.0
2026-05-07,8422,16925306.0,469099054.0,27.85,28.4,27.15,28.4,0.55,9433.0
2026-05-08,8422,7641789.0,214413385.0,28.4,28.6,27.7,27.9,-0.5,4963.0
2026-05-11,8422,7448103.0,207457143.0,27.75,28.15,27.6,27.95,0.05,4241.0
2026-05-12,8422,7711602.0,212772271.0,28.0,28.0,27.5,27.55,-0.4,5610.0
2026-05-13,8422,8639103.0,234785161.0,27.55,27.55,27.1,27.1,-0.45,5975.0
2026-05-14,8422,11165035.0,299174421.0,27.1,27.2,26.65,26.7,-0.4,7956.0
2026-05-15,8422,12243466.0,321354967.0,26.75,26.75,26.05,26.05,-0.65,8028.0
2026-05-18,8422,6943038.0,178674457.0,25.8,25.95,25.4,25.7,-0.35,5278.0
2026-05-19,8422,7805221.0,201288676.0,25.95,26.15,25.5,25.55,-0.15,5085.0
2026-05-20,8422,6124303.0,156861808.0,25.55,25.95,25.4,25.7,0.15,3927.0
2026-05-21,8422,5711749.0,149644862.0,25.9,26.4,25.85,26.3,0.6,3671.0
2026-05-22,8422,7159306.0,190642666.0,26.5,26.8,26.35,26.8,0.5,4456.0
2026-05-25,8422,12513338.0,344055390.0,27.0,27.95,27.0,27.55,0.75,7010.0
2026-05-26,8422,11842845.0,327969751.0,28.0,28.45,27.15,27.15,-0.4,6787.0
2026-05-27,8422,6946127.0,189727924.0,27.5,27.6,27.1,27.3,0.15,4220.0
2026-05-28,8422,8073445.0,217748801.0,27.3,27.45,26.6,26.7,-0.6,5581.0
2026-05-29,8422,7161633.0,192915339.0,27.0,27.3,26.7,26.9,0.2,4498.0
2026-06-01,8422,15510946.0,430965711.0,27.0,28.4,27.0,27.7,0.8,8182.0
2026-06-02,8422,14062178.0,381451831.0,27.95,27.95,26.75,27.35,-0.35,8095.0
2026-06-03,8422,19432395.0,542486308.0,27.4,28.3,27.1,28.1,0.75,8989.0
2026-06-04,8422,14090189.0,398400801.0,28.55,28.55,27.95,28.25,0.15,6906.0
2026-06-05,8422,11395793.0,319060795.0,28.5,28.5,27.75,28.1,-0.15,5235.0
2026-06-08,8422,12955716.0,348432446.0,26.1,27.2,26.1,26.95,-1.15,6576.0
2026-06-09,8422,23215533.0,686622410.0,29.3,29.6,29.0,29.6,2.65,5192.0
2026-06-10,8422,91841488.0,2838137813.0,31.5,31.65,30.1,30.25,0.65,40000.0
2026-06-11,8422,31527886.0,924702506.0,30.4,30.4,28.8,29.25,-1.0,15802.0
2026-06-12,8422,14803601.0,435219800.0,29.5,29.95,29.0,29.0,-0.25,8130.0
2026-06-15,8422,12999388.0,376565473.0,29.5,29.5,28.7,28.75,-0.25,6793.0
2026-06-16,8422,12345193.0,348865074.0,29.0,29.0,28.05,28.05,-0.7,7272.0
2026-06-17,8422,8570406.0,244325298.0,28.1,28.85,28.05,28.45,0.4,5216.0
2026-06-18,8422,9757045.0,275719066.0,28.6,28.6,28.1,28.1,-0.35,5567.0
2026-06-22,8422,13420080.0,389412035.0,28.4,29.4,28.35,28.95,0.85,7678.0
2026-06-23,8422,9736454.0,282337928.0,29.3,29.35,28.75,29.0,0.05,5441.0
2026-06-24,8422,8111930.0,233322217.0,28.8,29.15,28.55,28.65,-0.35,4930.0
2026-06-25,8422,8848939.0,251371932.0,28.8,28.8,28.25,28.25,-0.4,5520.0
2026-06-26,8422,15937439.0,452742546.0,28.2,29.05,28.0,28.25,0.0,9073.0
2026-06-29,8422,7855017.0,217203665.0,27.0,27.95,27.0,27.65,0.0,4549.0
2026-06-30,8422,8357810.0,233339880.0,27.65,28.2,27.65,27.9,0.25,4145.0
2026-07-01,8422,20389390.0,556365650.0,28.25,28.25,26.95,27.0,-0.9,8703.0
2026-07-02,8422,10432981.0,281490186.0,27.1,27.4,26.7,26.8,-0.2,5541.0
2026-07-03,8422,48454855.0,1407437033.0,26.6,29.45,26.5,28.35,1.55,15316.0
2026-07-06,8422,22870629.0,660001904.0,28.6,29.8,28.4,28.6,0.25,10272.0
2026-07-07,8422,13947173.0,393812340.0,28.6,28.8,27.8,27.8,-0.8,7042.0
2026-07-08,8422,9729554.0,266692851.0,28.0,28.15,27.2,27.3,-0.5,5355.0
2026-07-09,8422,6712946.0,181543353.0,27.2,27.2,26.85,27.0,-0.3,4012.0
2026-07-13,8422,11249130.0,300417859.0,27.1,27.15,26.4,26.55,-0.45,6578.0
2026-07-14,8422,11686969.0,302109455.0,26.65,26.65,25.5,26.05,-0.5,8048.0
2026-07-15,8422,3789943.0,99657912.0,26.15,26.6,26.05,26.45,0.4,2470.0
2026-07-16,8422,4081852.0,109135422.0,26.45,27.0,26.4,27.0,0.55,2409.0
2026-07-17,8422,8952661.0,233562130.0,26.7,26.75,25.85,25.85,-1.15,5897.0
2026-07-20,8422,7661803.0,197533941.0,26.0,26.25,25.3,25.8,-0.05,4225.0
2026-07-21,8422,4691732.0,123420164.0,26.2,26.5,25.95,26.4,0.6,2272.0
2026-07-22,8422,5478347.0,143732546.0,26.4,26.8,26.0,26.0,-0.4,3771.0
2026-07-23,8422,4586921.0,119681666.0,26.2,26.25,25.9,26.25,0.25,2415.0
2026-07-24,8422,3340099.0,86930403.0,26.2,26.35,25.9,26.0,-0.25,2340.0
2026-07-27,8422,6647823.0,170413419.0,26.25,26.25,25.4,25.7,-0.3,4700.0
2026-07-28,8422,9958524.0,249445547.0,25.45,25.45,24.85,24.95,-0.75,6218.0
2026-07-29,8422,12381167.0,302131737.0,24.8,25.1,24.05,24.8,-0.15,6450.0
2026-07-30,8422,6085380.0,148391737.0,24.55,24.65,24.2,24.35,-0.45,3956.0
2026-07-31,8422,12730246.0,317535245.0,24.95,25.6,24.75,24.75,0.4,2773.0
2026-08-03,8422,11910720.0,312574615.0,24.75,26.8,24.7,26.8,2.05,5850.0
2026-08-04,8422,5403753.0,142138700.0,26.3,26.55,26.0,26.25,-0.55,3493.0
2026-08-05,8422,4542457.0,119044831.0,26.7,26.7,25.95,26.0,-0.25,3871.0
2026-08-06,8422,3987963.0,103642387.0,25.85,26.3,25.75,26.15,0.15,2092.0
2026-08-07,8422,6307370.0,166715465.0,26.15,26.75,26.1,26.3,0.15,2695.0
2026-08-10,8422,6104188.0,162570144.0,26.3,26.85,26.2,26.8,0.5,2889.0
2026-08-11,8422,3484684.0,93083050.0,26.8,26.95,26.55,26.65,-0.15,2314.0
2026-08-12,8422,4903645.0,131742563.0,26.85,27.15,26.6,26.9,0.25,2678.0
2026-08-13,8422,3505123.0,93559265.0,27.1,27.2,26.4,26.45,-0.45,2327.0
2026-08-14,8422,2899071.0,76375213.0,26.4,26.5,26.2,26.4,-0.05,1799.0
2026-08-17,8422,2577106.0,67856910.0,26.3,26.5,26.15,26.45,0.05,1603.0
2026-08-18,8422,9577639.0,258163370.0,26.55,27.15,26.4,27.1,0.65,4663.0
2026-08-19,8422,4460715.0,120073487.0,27.2,27.25,26.7,26.7,-0.4,2655.0
2026-08-20,8422,6360439.0,171499472.0,27.0,27.2,26.5,27.1,0.4,2899.0
2026-08-21,8422,5906218.0,160005521.0,27.0,27.4,26.7,26.85,-0.25,3072.0
2026-08-24,8422,5444895.0,148219584.0,27.0,27.4,26.9,27.2,0.35,2716.0
2026-08-25,8422,3543910.0,95834267.0,27.2,27.3,26.85,27.2,0.0,2229.0
2026-08-26,8422,3728937.0,101835250.0,27.2,27.5,27.15,27.25,0.05,2155.0
2026-08-27,8422,4251584.0,115321757.0,27.35,27.6,26.9,27.0,-0.25,2722.0
2026-08-28,8422,4376283.0,118777173.0,27.05,27.35,27.0,27.1,0.1,1960.0
2026-08-31,8422,7483477.0,201550994.0,27.0,27.35,26.8,26.8,-0.3,2364.0
2026-09-01,8422,3772736.0,101216267.0,26.8,27.0,26.75,26.75,-0.05,2498.0
2026-09-02,8422,2432371.0,65061210.0,26.75,26.95,26.6,26.65,-0.1,1678.0
2026-09-03,8422,3790114.0,100333774.0,26.7,26.85,26.15,26.15,-0.5,2639.0
2026-09-04,8422,2983275.0,77940368.0,26.2,26.35,26.0,26.1,-0.05,1991.0
2026-09-07,8422,3685181.0,96014863.0,26.35,26.35,25.95,26.05,-0.05,2196.0
2026-09-08,8422,4435785.0,117587766.0,26.35,26.8,26.2,26.6,0.55,2851.0
