date,stock_id,Trading_Volume,Trading_money,open,max,min,close,spread,Trading_turnover
2016-03-04,8481,457476.0,35992920.0,0.0,82.1,71.5,78.27,0.0,198.0
2016-03-07,8481,583629.0,41610062.0,78.68,80.0,68.0,69.53,-7.38,241.0
2016-03-08,8481,304333.0,20722838.0,71.3,70.3,67.49,68.41,-3.21,109.0
2016-03-09,8481,130781.0,8993602.0,68.09,69.8,68.0,68.8,0.68,70.0
2016-03-10,8481,46492.0,3173790.0,68.77,68.9,67.84,68.3,-0.5,25.0
2016-03-11,8481,155000.0,10540500.0,68.27,68.5,67.78,68.0,-0.27,48.0
2016-03-14,8481,61101.0,4166173.0,68.0,68.57,68.0,68.01,0.19,28.0
2016-03-15,8481,73000.0,4961010.0,68.19,68.1,67.78,68.1,-0.23,29.0
2016-03-16,8481,27000.0,1835450.0,67.96,68.25,67.75,68.0,0.02,16.0
2016-03-17,8481,48433.0,3281934.0,67.98,68.2,67.51,67.95,-0.22,27.0
2016-03-18,8481,49000.0,3322330.0,67.76,67.93,67.54,67.93,0.04,18.0
2016-03-21,8481,25898.0,1757270.0,67.8,68.01,67.74,68.0,0.05,12.0
2016-03-22,8481,7637.0,516909.0,67.85,68.0,67.51,67.85,-0.17,9.0
2016-03-23,8481,11947.0,808716.0,67.68,67.8,67.5,67.5,0.01,8.0
2016-03-24,8481,17000.0,1153130.0,67.69,67.99,67.69,67.74,0.14,10.0
2016-03-25,8481,30826.0,2099024.0,67.83,68.49,68.0,68.25,0.26,40.0
2016-03-28,8481,34507.0,2348847.0,68.09,68.8,67.79,68.0,-0.02,24.0
2016-03-29,8481,26601.0,1806617.0,68.07,68.3,67.7,67.7,-0.15,19.0
2016-03-30,8481,6000.0,407770.0,67.92,68.19,67.79,68.0,0.04,3.0
2016-03-31,8481,20000.0,1356890.0,67.96,68.0,67.71,68.0,-0.12,12.0
2016-04-01,8481,34000.0,2314760.0,67.84,68.23,67.73,67.73,0.24,16.0
2016-04-06,8481,13680.0,926994.0,68.08,67.95,67.6,67.91,-0.32,9.0
2016-04-07,8481,6001.0,405247.0,67.76,67.53,67.21,67.21,-0.23,3.0
2016-04-08,8481,29000.0,1948070.0,67.53,67.5,67.01,67.01,-0.36,17.0
2016-04-11,8481,51600.0,3451916.0,67.17,67.42,66.5,67.0,-0.27,29.0
2016-04-12,8481,15106.0,1008741.0,66.9,67.18,66.53,66.53,-0.12,11.0
2016-04-13,8481,6000.0,400770.0,66.78,66.9,66.69,66.9,0.02,2.0
2016-04-14,8481,3001.0,200266.0,66.8,67.0,66.01,66.8,-0.07,4.0
2016-04-15,8481,23002.0,1512469.0,66.73,66.3,64.61,64.61,-0.98,13.0
2016-04-18,8481,26661.0,1702394.0,65.75,64.6,63.01,63.5,-1.9,19.0
2016-04-19,8481,6502.0,412202.0,63.85,64.0,61.28,62.0,-0.45,7.0
2016-04-20,8481,6001.0,376043.0,63.4,63.98,62.0,62.02,-0.74,4.0
2016-04-21,8481,5000.0,317200.0,62.66,63.6,63.0,63.6,0.78,4.0
2016-04-22,8481,6001.0,378843.0,63.44,63.9,62.0,63.5,-0.31,4.0
2016-04-25,8481,22501.0,1439518.0,63.13,64.1,63.85,63.99,0.85,15.0
2016-04-26,8481,6003.0,384191.0,63.98,64.19,63.8,64.0,0.02,6.0
2016-04-27,8481,35003.0,2246802.0,64.0,65.99,63.8,65.99,0.19,19.0
2016-04-28,8481,13003.0,848252.0,64.19,65.5,64.0,65.5,1.05,12.0
2016-04-29,8481,60004.0,3908409.0,65.24,65.79,64.5,65.77,-0.1,28.0
2016-05-03,8481,2576.0,166869.0,65.14,65.0,64.01,64.01,-0.36,2.0
2016-05-04,8481,15001.0,958913.0,64.78,64.49,63.79,63.9,-0.86,8.0
2016-05-05,8481,35397.0,2238273.0,63.92,63.99,61.01,61.01,-0.69,18.0
2016-05-06,8481,14004.0,865087.0,63.23,63.24,60.5,61.96,-1.46,11.0
2016-05-09,8481,20454.0,1253580.0,61.77,61.8,60.0,60.0,-0.48,14.0
2016-05-10,8481,4002.0,245962.0,61.29,62.0,61.0,61.0,0.17,4.0
2016-05-11,8481,101.0,6060.0,61.46,60.0,60.0,60.0,-1.46,2.0
2016-05-12,8481,1.0,60.0,60.0,60.0,60.0,60.0,0.0,1.0
2016-05-13,8481,2000.0,120000.0,60.0,60.0,60.0,60.0,0.0,1.0
2016-05-16,8481,11001.0,660729.0,60.0,60.19,59.8,60.19,0.06,9.0
2016-05-17,8481,4000.0,242190.0,60.06,61.0,60.0,60.19,0.49,3.0
2016-05-18,8481,4000.0,243550.0,60.55,61.0,60.55,61.0,0.34,2.0
2016-05-19,8481,12010.0,732412.0,60.89,61.29,60.8,61.0,0.09,13.0
2016-05-20,8481,3001.0,182090.0,60.98,61.0,60.03,61.0,-0.3,4.0
2016-05-23,8481,1505.0,91355.0,60.68,61.0,60.11,60.11,0.02,3.0
2016-05-24,8481,1482.0,89729.0,60.7,60.8,60.01,60.02,-0.15,4.0
2016-05-25,8481,77610.0,4664147.0,60.55,60.5,59.6,60.3,-0.45,40.0
2016-05-26,8481,15004.0,907150.0,60.1,60.98,59.82,60.8,0.36,11.0
2016-05-27,8481,11002.0,663379.0,60.46,60.5,59.81,60.5,-0.16,8.0
2016-05-30,8481,1000.0,60650.0,60.3,60.65,60.65,60.65,0.35,1.0
2016-05-31,8481,14000.0,841760.0,60.65,60.45,59.81,60.45,-0.52,10.0
2016-06-01,8481,5000.0,300060.0,60.13,60.35,59.81,59.9,-0.12,4.0
2016-06-02,8481,50000.0,2984600.0,60.01,60.19,59.31,59.4,-0.32,23.0
2016-06-03,8481,20400.0,1217000.0,59.69,59.99,59.5,59.5,-0.03,10.0
2016-06-04,8481,9000.0,539310.0,59.66,60.0,59.61,59.61,0.26,4.0
2016-06-06,8481,6000.0,357500.0,59.92,60.0,59.5,60.0,-0.34,3.0
2016-06-07,8481,4000.0,239580.0,59.58,60.0,59.58,60.0,0.32,2.0
2016-06-08,8481,6000.0,359100.0,59.9,60.0,59.7,59.7,-0.05,2.0
2016-06-13,8481,0.0,0.0,59.85,0.0,0.0,0.0,0.0,0.0
2016-06-14,8481,71000.0,4204090.0,59.85,59.5,58.8,59.0,-0.64,28.0
2016-06-15,8481,59046.0,3387444.0,59.21,58.9,55.1,58.5,-1.84,23.0
2016-06-16,8481,3000.0,175940.0,57.37,59.48,57.01,59.45,1.28,3.0
2016-06-17,8481,27000.0,1597330.0,58.65,60.0,57.82,60.0,0.51,13.0
2016-06-20,8481,22000.0,1304470.0,59.16,59.96,59.0,59.51,0.13,13.0
2016-06-21,8481,7000.0,418070.0,59.29,59.89,59.31,59.89,0.43,3.0
2016-06-22,8481,10000.0,599370.0,59.72,60.0,59.8,60.0,0.22,5.0
2016-06-23,8481,9000.0,540900.0,59.94,60.49,59.81,60.49,0.16,4.0
2016-06-24,8481,61501.0,3689420.0,60.1,61.3,59.01,60.46,-0.11,27.0
2016-06-27,8481,12000.0,736710.0,59.99,61.87,60.9,61.8,1.4,4.0
2016-06-28,8481,12000.0,744000.0,61.39,62.2,61.8,62.0,0.61,4.0
2016-06-29,8481,22000.0,1378970.0,62.0,63.0,62.29,62.8,0.68,10.0
2016-06-30,8481,43000.0,2728750.0,62.68,63.99,63.0,63.99,0.78,19.0
2016-07-01,8481,78000.0,5002170.0,63.46,64.5,63.5,64.2,0.67,30.0
2016-07-04,8481,28026.0,1823603.0,64.13,65.77,64.5,64.94,0.94,12.0
2016-07-05,8481,21380.0,1370792.0,65.07,64.6,63.0,64.0,-0.95,18.0
2016-07-06,8481,58000.0,3488460.0,64.12,62.0,59.8,60.0,-3.97,23.0
2016-07-07,8481,2000.0,120400.0,60.15,60.2,60.2,60.2,0.05,1.0
2016-07-11,8481,19000.0,1142090.0,60.2,60.19,60.0,60.19,-0.09,7.0
2016-07-12,8481,21000.0,1266580.0,60.11,60.5,60.0,60.5,0.2,8.0
2016-07-13,8481,1000.0,60500.0,60.31,60.5,60.5,60.5,0.19,1.0
2016-07-14,8481,1000.0,60500.0,60.5,60.5,60.5,60.5,0.0,1.0
2016-07-15,8481,18000.0,1085100.0,60.5,60.7,60.0,60.1,-0.22,7.0
2016-07-18,8481,20000.0,1202140.0,60.28,60.5,59.7,60.0,-0.17,9.0
2016-07-19,8481,12000.0,720120.0,60.11,60.49,59.81,59.9,-0.1,7.0
2016-07-20,8481,28500.0,1713485.0,60.01,60.46,59.67,59.67,0.11,14.0
2016-07-21,8481,28000.0,1677990.0,60.12,60.4,59.5,59.5,-0.19,15.0
2016-07-22,8481,24000.0,1420650.0,59.93,60.0,58.81,59.0,-0.74,10.0
2016-07-25,8481,10000.0,595930.0,59.19,59.99,59.0,59.0,0.4,5.0
2016-07-26,8481,4000.0,238360.0,59.59,59.59,59.59,59.59,0.0,2.0
2016-07-27,8481,16000.0,952880.0,59.59,59.89,59.5,59.5,-0.03,6.0
2016-07-28,8481,3000.0,178500.0,59.56,59.5,59.5,59.5,-0.06,2.0
2016-07-29,8481,1000.0,59500.0,59.5,59.5,59.5,59.5,0.0,1.0
2016-08-01,8481,19289.0,1139436.0,59.5,59.5,58.6,59.0,-0.43,10.0
2016-08-02,8481,13000.0,765890.0,59.07,59.0,58.81,58.81,-0.16,4.0
2016-08-03,8481,9810.0,578890.0,58.91,59.1,59.0,59.0,0.1,6.0
2016-08-04,8481,6033.0,355941.0,59.01,59.0,58.82,58.82,-0.01,4.0
2016-08-05,8481,6000.0,354100.0,59.0,59.1,59.0,59.0,0.02,2.0
2016-08-08,8481,3000.0,177450.0,59.02,59.15,59.15,59.15,0.13,2.0
2016-08-09,8481,4000.0,236150.0,59.15,59.15,59.0,59.0,-0.11,3.0
2016-08-10,8481,2050.0,120858.0,59.04,59.1,58.77,58.77,-0.08,3.0
2016-08-11,8481,2000.0,117220.0,58.96,58.61,58.61,58.61,-0.35,1.0
2016-08-12,8481,1000.0,59000.0,58.61,59.0,59.0,59.0,0.39,1.0
2016-08-15,8481,17000.0,983970.0,59.0,58.2,57.01,57.01,-1.12,9.0
2016-08-16,8481,27000.0,1530460.0,57.88,57.0,56.0,56.0,-1.2,16.0
2016-08-17,8481,59462.0,3269681.0,56.68,56.0,54.3,54.49,-1.69,30.0
2016-08-18,8481,30000.0,1647560.0,54.99,55.0,54.8,54.99,-0.07,12.0
2016-08-19,8481,6000.0,330000.0,54.92,55.0,55.0,55.0,0.08,4.0
2016-08-22,8481,9000.0,495900.0,55.0,55.17,55.06,55.17,0.1,3.0
2016-08-23,8481,21000.0,1152870.0,55.1,55.1,54.51,55.0,-0.2,10.0
2016-08-24,8481,24200.0,1312870.0,54.9,55.0,53.56,53.85,-0.65,14.0
2016-08-25,8481,12000.0,647040.0,54.25,54.0,53.52,54.0,-0.33,8.0
2016-08-26,8481,27081.0,1454091.0,53.92,54.0,53.4,53.42,-0.23,14.0
2016-08-29,8481,29000.0,1555970.0,53.69,54.0,53.02,53.7,-0.04,10.0
2016-08-30,8481,13000.0,689090.0,53.65,53.1,52.88,53.1,-0.64,6.0
2016-08-31,8481,43722.0,2323006.0,53.01,53.88,52.88,53.0,0.12,21.0
2016-09-01,8481,3000.0,159600.0,53.13,53.2,53.2,53.2,0.07,1.0
2016-09-02,8481,50000.0,2635400.0,53.2,53.0,52.0,52.8,-0.49,18.0
2016-09-05,8481,4000.0,212000.0,52.71,53.0,53.0,53.0,0.29,2.0
2016-09-06,8481,34000.0,1775820.0,53.0,53.0,51.78,52.99,-0.77,15.0
2016-09-07,8481,29800.0,1562910.0,52.23,53.0,52.0,52.4,0.22,20.0
2016-09-08,8481,26000.0,1364860.0,52.45,52.98,52.0,52.46,0.04,11.0
2016-09-09,8481,15000.0,789180.0,52.49,52.95,52.01,52.8,0.12,7.0
2016-09-10,8481,4000.0,210350.0,52.61,52.78,52.01,52.78,-0.02,3.0
2016-09-12,8481,7000.0,369090.0,52.59,52.78,52.5,52.78,0.14,3.0
2016-09-13,8481,20100.0,1063900.0,52.73,53.0,52.7,53.0,0.2,11.0
2016-09-14,8481,7510.0,397734.0,52.93,52.99,52.94,52.99,0.03,5.0
2016-09-19,8481,5100.0,269272.0,52.96,53.0,51.82,52.99,-0.16,4.0
2016-09-20,8481,6000.0,315000.0,52.8,53.0,52.0,53.0,-0.3,3.0
2016-09-21,8481,10000.0,530000.0,52.5,53.0,53.0,53.0,0.5,5.0
2016-09-22,8481,10000.0,530900.0,53.0,53.3,53.0,53.0,0.09,5.0
2016-09-23,8481,7000.0,371500.0,53.09,53.5,53.0,53.0,-0.02,5.0
2016-09-26,8481,2000.0,106400.0,53.07,53.2,53.2,53.2,0.13,2.0
2016-09-29,8481,11000.0,582260.0,53.2,53.16,52.7,53.0,-0.27,7.0
2016-09-30,8481,22055.0,1166955.0,52.93,53.0,52.02,53.0,-0.02,10.0
2016-10-03,8481,1000.0,53480.0,52.91,53.48,53.48,53.48,0.57,1.0
2016-10-04,8481,29000.0,1547680.0,53.48,53.7,53.0,53.7,-0.11,11.0
2016-10-05,8481,30680.0,1670888.0,53.37,54.6,53.8,54.31,1.09,15.0
2016-10-06,8481,41000.0,2355890.0,54.46,59.59,55.0,57.89,3.0,22.0
2016-10-07,8481,35000.0,2063530.0,57.46,59.53,58.5,58.96,1.5,19.0
2016-10-11,8481,8100.0,469048.0,58.96,58.5,57.08,57.08,-1.05,6.0
2016-10-12,8481,1000.0,58000.0,57.91,58.0,58.0,58.0,0.09,1.0
2016-10-13,8481,7000.0,405240.0,58.0,58.0,57.81,57.81,-0.11,3.0
2016-10-14,8481,3000.0,174000.0,57.89,58.0,58.0,58.0,0.11,1.0
2016-10-17,8481,17000.0,984690.0,58.0,58.2,57.5,57.5,-0.08,8.0
2016-10-18,8481,3000.0,173570.0,57.92,57.92,57.73,57.92,-0.06,2.0
2016-10-19,8481,5000.0,288220.0,57.86,57.86,57.5,57.86,-0.22,2.0
2016-10-20,8481,2000.0,114500.0,57.64,57.5,57.0,57.5,-0.39,2.0
2016-10-21,8481,0.0,0.0,57.25,0.0,0.0,0.0,0.0,0.0
2016-10-24,8481,11000.0,637550.0,57.25,58.0,57.82,57.82,0.71,5.0
2016-10-25,8481,31500.0,1828790.0,57.96,58.5,57.8,58.0,0.1,16.0
2016-10-26,8481,5500.0,319190.0,58.06,58.1,58.0,58.1,-0.03,4.0
2016-10-27,8481,2000.0,116000.0,58.03,58.0,58.0,58.0,-0.03,2.0
2016-10-28,8481,3011.0,175843.0,58.0,58.49,58.4,58.49,0.4,2.0
2016-10-31,8481,39330.0,2349987.0,58.4,60.98,58.5,60.97,1.35,31.0
2016-11-01,8481,32830.0,1968845.0,59.75,60.6,58.82,59.0,0.22,20.0
2016-11-02,8481,10000.0,598180.0,59.97,60.0,59.5,59.5,-0.15,5.0
2016-11-03,8481,1000.0,59010.0,59.82,59.01,59.01,59.01,-0.81,1.0
2016-11-04,8481,12000.0,718230.0,59.01,59.99,59.8,59.8,0.84,4.0
2016-11-07,8481,0.0,0.0,59.85,0.0,0.0,0.0,0.0,0.0
2016-11-08,8481,5000.0,299700.0,59.85,60.0,59.85,60.0,0.09,3.0
2016-11-09,8481,23000.0,1367630.0,59.94,60.05,59.02,59.02,-0.48,9.0
2016-11-10,8481,0.0,0.0,59.46,0.0,0.0,0.0,0.0,0.0
2016-11-11,8481,12050.0,709280.0,59.46,59.46,58.52,58.54,-0.6,7.0
2016-11-14,8481,18500.0,1075180.0,58.86,58.65,57.81,58.0,-0.74,9.0
2016-11-15,8481,6000.0,349470.0,58.12,58.25,58.24,58.25,0.13,4.0
2016-11-16,8481,11000.0,639050.0,58.25,58.34,58.0,58.0,-0.15,5.0
2016-11-17,8481,3000.0,174000.0,58.1,58.0,58.0,58.0,-0.1,1.0
2016-11-18,8481,11500.0,656205.0,58.0,57.99,56.9,57.1,-0.94,6.0
2016-11-21,8481,3800.0,213028.0,57.06,56.06,56.06,56.06,-1.0,3.0
2016-11-22,8481,14000.0,787090.0,56.06,56.31,56.06,56.16,0.16,7.0
2016-11-23,8481,6000.0,339000.0,56.22,56.5,56.5,56.5,0.28,2.0
2016-11-24,8481,14000.0,785190.0,56.5,56.21,56.01,56.01,-0.41,5.0
2016-11-25,8481,3000.0,168630.0,56.09,56.21,56.21,56.21,0.12,3.0
2016-11-28,8481,22271.0,1244127.0,56.21,56.01,55.63,55.71,-0.35,11.0
2016-11-29,8481,2000.0,111560.0,55.86,55.86,55.7,55.7,-0.08,2.0
2016-11-30,8481,1000.0,55840.0,55.78,55.84,55.84,55.84,0.06,1.0
2016-12-01,8481,13000.0,714880.0,55.84,55.06,54.85,55.0,-0.85,9.0
2016-12-02,8481,0.0,0.0,54.99,0.0,0.0,0.0,0.0,0.0
2016-12-05,8481,8000.0,433750.0,54.99,54.5,54.1,54.5,-0.77,5.0
2016-12-06,8481,8000.0,431560.0,54.22,54.0,53.78,53.78,-0.27,7.0
2016-12-07,8481,6000.0,320280.0,53.95,53.5,53.32,53.5,-0.57,3.0
2016-12-08,8481,5000.0,267240.0,53.38,53.55,53.38,53.38,0.07,3.0
2016-12-09,8481,2000.0,107240.0,53.45,53.62,53.62,53.62,0.17,2.0
2016-12-12,8481,14000.0,749300.0,53.62,53.63,53.31,53.38,-0.1,9.0
2016-12-13,8481,6600.0,347230.0,53.52,53.52,52.26,52.26,-0.91,6.0
2016-12-14,8481,1000.0,52610.0,52.61,52.61,52.61,52.61,0.0,1.0
2016-12-15,8481,30000.0,1585300.0,52.61,53.35,52.3,53.3,0.23,15.0
2016-12-16,8481,23000.0,1218630.0,52.84,53.02,52.84,53.0,0.14,12.0
2016-12-19,8481,32000.0,1705590.0,52.98,53.6,53.01,53.2,0.32,15.0
2016-12-20,8481,44000.0,2343020.0,53.3,53.38,53.1,53.29,-0.05,22.0
2016-12-21,8481,64500.0,3448970.0,53.25,53.66,53.35,53.54,0.22,33.0
2016-12-22,8481,14000.0,750380.0,53.47,53.7,53.34,53.69,0.13,9.0
2016-12-23,8481,22000.0,1167850.0,53.6,53.48,51.88,53.48,-0.52,12.0
2016-12-26,8481,23000.0,1232400.0,53.08,53.74,53.5,53.58,0.5,10.0
2016-12-27,8481,54000.0,2863670.0,53.58,53.3,52.51,53.1,-0.55,23.0
2016-12-28,8481,4000.0,214970.0,53.03,53.99,53.0,53.99,0.71,4.0
2016-12-29,8481,1000.0,53980.0,53.74,53.98,53.98,53.98,0.24,1.0
2016-12-30,8481,21000.0,1133370.0,53.98,54.18,53.5,53.5,-0.01,13.0
2017-01-03,8481,17000.0,917580.0,53.97,54.2,53.51,53.96,0.01,9.0
2017-01-04,8481,4000.0,213300.0,53.98,54.0,53.1,53.1,-0.65,2.0
2017-01-05,8481,11000.0,586010.0,53.33,53.85,53.01,53.85,-0.06,6.0
2017-01-06,8481,6000.0,319290.0,53.27,53.99,53.0,53.0,-0.05,4.0
2017-01-09,8481,1000.0,53490.0,53.22,53.49,53.49,53.49,0.27,1.0
2017-01-10,8481,10000.0,533350.0,53.49,53.47,53.14,53.3,-0.15,4.0
2017-01-11,8481,37000.0,1976280.0,53.34,53.59,53.3,53.3,0.07,18.0
2017-01-12,8481,37000.0,1976860.0,53.41,53.5,53.24,53.24,0.02,18.0
2017-01-13,8481,18000.0,963720.0,53.43,53.67,53.2,53.5,0.11,14.0
2017-01-16,8481,24041.0,1291918.0,53.54,53.9,53.6,53.9,0.2,19.0
2017-01-17,8481,41000.0,2208290.0,53.74,54.5,53.5,53.5,0.12,18.0
2017-01-18,8481,30800.0,1662452.0,53.86,55.78,53.51,54.0,0.12,16.0
2017-01-19,8481,40001.0,2136403.0,53.98,53.85,53.0,53.5,-0.57,20.0
2017-01-20,8481,20100.0,1055075.0,53.41,52.75,52.25,52.75,-0.92,10.0
2017-01-23,8481,56000.0,2960090.0,52.49,53.0,52.13,53.0,0.37,21.0
2017-01-24,8481,56300.0,2970814.0,52.86,53.18,52.31,53.17,-0.09,19.0
2017-02-02,8481,116011.0,6229874.0,52.77,55.0,53.0,53.85,0.93,56.0
2017-02-03,8481,63000.0,3407270.0,53.7,54.6,53.68,54.6,0.38,36.0
2017-02-06,8481,129100.0,7056124.0,54.08,54.96,54.0,54.66,0.58,75.0
2017-02-07,8481,53000.0,2898350.0,54.66,54.84,54.41,54.41,0.03,33.0
2017-02-08,8481,257348.0,14501495.0,54.69,57.34,54.78,56.8,1.66,200.0
2017-02-09,8481,195006.0,11071083.0,56.35,58.18,56.3,56.79,0.42,109.0
2017-02-10,8481,129198.0,7164228.0,56.77,56.95,53.11,55.16,-1.32,76.0
2017-02-13,8481,127100.0,6866453.0,55.45,54.62,53.01,53.9,-1.43,79.0
2017-02-14,8481,153060.0,8119851.0,54.02,53.9,52.1,52.93,-0.97,86.0
2017-02-15,8481,117703.0,6262515.0,53.05,53.47,52.99,53.44,0.16,69.0
2017-02-16,8481,213446.0,11803778.0,53.21,56.49,53.44,55.71,2.09,146.0
2017-02-17,8481,282000.0,15831211.0,55.3,57.14,55.01,56.13,0.84,170.0
2017-02-18,8481,223138.0,12688965.0,56.14,57.18,56.01,57.0,0.73,144.0
2017-02-20,8481,250100.0,13921613.0,56.87,57.18,55.0,55.5,-1.21,157.0
2017-02-21,8481,192000.0,10574586.0,55.66,55.99,54.71,55.0,-0.58,115.0
2017-02-22,8481,400777.0,22407354.0,55.08,57.19,54.92,57.0,0.83,206.0
2017-02-23,8481,398474.0,23129487.0,55.91,60.0,56.06,58.5,2.14,245.0
2017-02-24,8481,2916520.0,142765171.0,50.0,50.1,46.0,48.5,0.0,2276.0
2017-03-01,8481,1329104.0,60923395.0,48.5,48.5,44.2,44.3,-4.2,1001.0
2017-03-02,8481,542163.0,24294384.0,43.6,45.9,43.6,44.9,0.6,431.0
2017-03-03,8481,202000.0,9082950.0,44.6,45.3,44.5,44.8,-0.1,184.0
2017-03-06,8481,207000.0,9300850.0,45.3,45.45,44.6,44.75,-0.05,161.0
2017-03-07,8481,672185.0,29019561.0,44.6,44.6,42.5,42.8,-1.95,529.0
2017-03-08,8481,195150.0,8391850.0,42.8,43.3,42.8,43.1,0.3,163.0
2017-03-09,8481,150299.0,6497962.0,43.1,43.45,42.85,42.85,-0.25,134.0
2017-03-10,8481,296200.0,12517950.0,42.85,42.85,41.7,42.4,-0.45,212.0
2017-03-13,8481,202000.0,8552350.0,42.5,42.55,41.8,42.5,0.1,131.0
2017-03-14,8481,164100.0,7017570.0,42.65,43.05,42.55,43.0,0.5,115.0
2017-03-15,8481,283130.0,12415656.0,42.7,44.8,42.7,43.9,0.9,219.0
2017-03-16,8481,191173.0,8337858.0,43.5,44.45,43.25,43.6,-0.3,151.0
2017-03-17,8481,650664.0,29609540.0,43.6,46.85,43.6,46.3,2.7,474.0
2017-03-20,8481,346400.0,15525189.0,45.2,45.3,44.4,44.5,-1.8,239.0
2017-03-21,8481,200090.0,8783460.0,44.5,44.5,43.5,43.9,-0.6,131.0
2017-03-22,8481,94000.0,4108650.0,43.95,44.2,43.55,43.75,-0.15,61.0
2017-03-23,8481,92000.0,4019100.0,44.0,44.0,43.5,43.7,-0.05,67.0
2017-03-24,8481,107100.0,4650900.0,43.7,43.7,43.15,43.6,-0.1,73.0
2017-03-27,8481,115000.0,5058600.0,43.8,44.3,43.65,43.65,0.05,87.0
2017-03-28,8481,153000.0,6689650.0,43.7,44.0,43.3,43.9,0.25,92.0
2017-03-29,8481,82122.0,3595887.0,44.15,44.15,43.6,43.8,-0.1,52.0
2017-03-30,8481,107001.0,4679043.0,43.6,43.8,43.6,43.8,0.0,52.0
2017-03-31,8481,72000.0,3173800.0,43.6,44.5,43.6,44.1,0.3,54.0
2017-04-05,8481,87000.0,3828700.0,44.1,44.1,43.9,44.1,0.0,73.0
2017-04-06,8481,129000.0,5674000.0,44.7,44.7,43.75,44.0,-0.1,101.0
2017-04-07,8481,140000.0,6140050.0,44.1,44.5,43.6,44.0,0.0,109.0
2017-04-10,8481,139077.0,6115038.0,44.05,44.2,43.8,43.9,-0.1,101.0
2017-04-11,8481,459128.0,21039316.0,44.55,47.1,44.55,45.35,1.45,320.0
2017-04-12,8481,174035.0,7649900.0,44.5,44.5,43.1,44.3,-1.05,125.0
2017-04-13,8481,160000.0,6989550.0,43.8,44.0,43.35,43.85,-0.45,85.0
2017-04-14,8481,137093.0,5914180.0,43.85,43.85,42.8,42.8,-1.05,111.0
2017-04-17,8481,205000.0,8734050.0,42.9,42.9,42.5,42.55,-0.25,66.0
2017-04-18,8481,32000.0,1359950.0,43.6,43.6,42.3,42.5,-0.05,25.0
2017-04-19,8481,24000.0,1034600.0,42.5,43.5,42.5,43.0,0.5,23.0
2017-04-20,8481,46000.0,1968750.0,42.5,43.0,42.5,43.0,0.0,29.0
2017-04-21,8481,58000.0,2488000.0,43.0,43.0,42.5,43.0,0.0,40.0
2017-04-24,8481,50100.0,2139703.0,43.0,43.05,42.55,42.6,-0.4,30.0
2017-04-25,8481,36146.0,1545406.0,43.0,43.0,42.55,42.85,0.25,13.0
2017-04-26,8481,37000.0,1583300.0,43.0,43.0,42.6,42.6,-0.25,20.0
2017-04-27,8481,63000.0,2676950.0,42.6,42.95,42.25,42.3,-0.3,37.0
2017-04-28,8481,27000.0,1142800.0,42.5,42.5,42.3,42.3,0.0,23.0
2017-05-02,8481,29000.0,1233800.0,42.3,42.95,42.3,42.95,0.65,27.0
2017-05-03,8481,44100.0,1892700.0,43.0,43.0,42.7,43.0,0.05,30.0
2017-05-04,8481,39000.0,1651250.0,43.2,43.2,42.1,42.2,-0.8,30.0
2017-05-05,8481,47100.0,1995200.0,42.0,42.5,42.0,42.4,0.2,31.0
2017-05-08,8481,68166.0,2860122.0,41.9,42.2,41.7,42.0,-0.4,50.0
2017-05-09,8481,90000.0,3785350.0,42.1,42.5,41.5,41.5,-0.5,52.0
2017-05-10,8481,69000.0,2845050.0,41.25,41.5,41.15,41.15,-0.35,43.0
2017-05-11,8481,41000.0,1682500.0,41.1,41.2,41.0,41.0,-0.15,35.0
2017-05-12,8481,58000.0,2374450.0,40.9,41.75,40.5,41.15,0.15,39.0
2017-05-15,8481,95041.0,3858560.0,41.15,41.15,40.25,40.3,-0.85,74.0
2017-05-16,8481,74000.0,2941400.0,40.05,40.05,39.5,39.75,-0.55,61.0
2017-05-17,8481,69000.0,2781700.0,39.9,40.95,39.9,40.8,1.05,58.0
2017-05-18,8481,32667.0,1316796.0,40.5,40.5,40.0,40.2,-0.6,25.0
2017-05-19,8481,58001.0,2326990.0,40.3,40.7,40.0,40.05,-0.15,45.0
2017-05-22,8481,58000.0,2297850.0,40.0,40.0,39.1,39.6,-0.45,41.0
2017-05-23,8481,31000.0,1234400.0,39.95,40.0,39.65,39.65,0.05,24.0
2017-05-24,8481,26000.0,1033750.0,39.65,39.9,39.55,39.8,0.15,16.0
2017-05-25,8481,28006.0,1116991.0,40.0,40.0,39.8,39.9,0.1,18.0
2017-05-26,8481,60024.0,2372347.0,39.6,39.9,39.2,39.8,-0.1,45.0
2017-05-31,8481,52601.0,2085040.0,40.0,40.1,39.3,40.1,0.3,47.0
2017-06-01,8481,29000.0,1156950.0,39.6,40.3,39.6,40.2,0.1,25.0
2017-06-02,8481,36000.0,1442350.0,40.2,40.85,39.5,40.5,0.3,23.0
2017-06-03,8481,6000.0,241000.0,40.5,40.5,40.0,40.1,-0.4,6.0
2017-06-05,8481,47000.0,1884900.0,40.1,40.4,40.0,40.0,-0.1,16.0
2017-06-06,8481,8000.0,319500.0,39.8,40.0,39.8,40.0,0.0,8.0
2017-06-07,8481,36000.0,1448250.0,40.6,40.6,40.0,40.0,0.0,32.0
2017-06-08,8481,12000.0,479400.0,40.0,40.1,39.8,39.8,-0.2,12.0
2017-06-09,8481,40000.0,1593800.0,40.0,40.1,39.6,40.0,0.2,32.0
2017-06-12,8481,13000.0,519950.0,40.0,40.1,39.85,40.1,0.1,11.0
2017-06-13,8481,18000.0,718750.0,39.9,40.2,39.7,40.2,0.1,11.0
2017-06-14,8481,17000.0,678800.0,40.2,40.25,39.7,39.7,-0.5,16.0
2017-06-15,8481,31000.0,1226750.0,39.55,40.0,39.4,39.45,-0.25,24.0
2017-06-16,8481,14000.0,557650.0,39.95,40.0,39.5,40.0,0.55,13.0
2017-06-19,8481,39000.0,1551350.0,40.0,40.0,39.5,40.0,0.0,32.0
2017-06-20,8481,17000.0,674550.0,39.75,39.75,39.6,39.7,-0.3,14.0
2017-06-21,8481,19000.0,754600.0,39.6,39.9,39.6,39.7,0.0,11.0
2017-06-22,8481,15024.0,599260.0,40.0,40.0,39.7,40.0,0.3,16.0
2017-06-23,8481,42000.0,1681800.0,40.0,40.3,39.75,39.9,-0.1,32.0
2017-06-26,8481,69214.0,2814095.0,40.1,41.3,40.1,40.8,0.9,53.0
2017-06-27,8481,33000.0,1358550.0,40.85,41.4,40.85,41.0,0.2,23.0
2017-06-28,8481,9045.0,368992.0,40.85,41.0,40.4,40.95,-0.05,10.0
2017-06-29,8481,28000.0,1138150.0,40.7,40.8,40.4,40.6,-0.35,16.0
2017-06-30,8481,14000.0,566100.0,40.5,40.5,40.2,40.5,-0.1,10.0
2017-07-03,8481,15000.0,606700.0,40.5,40.5,40.4,40.4,-0.1,9.0
2017-07-04,8481,65000.0,2662700.0,40.5,41.2,40.5,40.6,0.2,33.0
2017-07-05,8481,15020.0,611920.0,41.1,41.1,40.3,40.6,0.0,10.0
2017-07-06,8481,14020.0,567407.0,40.5,40.5,40.4,40.5,-0.1,13.0
2017-07-07,8481,47110.0,1897277.0,40.2,40.4,40.2,40.3,-0.2,31.0
2017-07-10,8481,42000.0,1621950.0,38.6,38.8,38.4,38.5,0.0,39.0
2017-07-11,8481,33000.0,1272100.0,38.5,38.7,38.4,38.65,0.15,23.0
2017-07-12,8481,21005.0,809843.0,38.0,38.65,38.0,38.65,0.0,19.0
2017-07-13,8481,13025.0,502066.0,38.6,38.6,38.5,38.5,-0.15,12.0
2017-07-14,8481,40006.0,1535129.0,38.05,38.6,38.05,38.3,-0.2,28.0
2017-07-17,8481,18000.0,691600.0,38.3,38.5,38.3,38.3,0.0,15.0
2017-07-18,8481,14003.0,536514.0,38.3,38.4,38.3,38.3,0.0,13.0
2017-07-19,8481,33375.0,1268631.0,38.3,38.3,37.9,37.95,-0.35,27.0
2017-07-20,8481,33000.0,1252400.0,37.9,38.05,37.9,37.9,-0.05,27.0
2017-07-21,8481,79000.0,3002800.0,37.65,38.3,37.65,38.1,0.2,67.0
2017-07-24,8481,14000.0,531750.0,38.1,38.2,37.85,37.95,-0.15,13.0
2017-07-25,8481,24000.0,912900.0,38.2,38.2,38.0,38.0,0.05,12.0
2017-07-26,8481,7000.0,266200.0,38.0,38.1,38.0,38.0,0.0,7.0
2017-07-27,8481,38000.0,1454150.0,37.95,38.7,37.95,38.6,0.6,28.0
2017-07-28,8481,28025.0,1081467.0,38.6,38.7,38.1,38.7,0.1,23.0
2017-07-31,8481,5000.0,193350.0,39.35,39.35,38.5,38.5,-0.2,5.0
2017-08-01,8481,13000.0,497000.0,38.05,38.5,38.05,38.5,0.0,13.0
2017-08-02,8481,99000.0,3777600.0,38.1,38.9,36.0,38.9,0.4,71.0
2017-08-03,8481,75000.0,2887700.0,37.4,38.9,37.4,38.9,0.0,40.0
2017-08-04,8481,54000.0,2096550.0,38.8,39.2,38.15,39.0,0.1,27.0
2017-08-07,8481,44000.0,1720100.0,39.0,39.3,38.9,39.2,0.2,23.0
2017-08-08,8481,53011.0,2091638.0,39.0,39.85,38.5,39.85,0.65,32.0
2017-08-09,8481,19000.0,759000.0,40.0,40.0,39.1,39.1,-0.75,8.0
2017-08-10,8481,83000.0,3280250.0,38.7,40.0,38.6,39.8,0.7,49.0
2017-08-11,8481,48050.0,1908579.0,39.7,40.0,39.0,39.6,-0.2,26.0
2017-08-14,8481,50000.0,1981100.0,39.6,40.0,38.8,39.7,0.1,31.0
2017-08-15,8481,48000.0,1905850.0,39.7,40.0,38.85,39.4,-0.3,29.0
2017-08-16,8481,46080.0,1826312.0,38.85,39.9,38.85,39.8,0.4,25.0
2017-08-17,8481,47100.0,1872790.0,39.1,39.95,39.0,39.95,0.15,28.0
2017-08-18,8481,22000.0,876800.0,39.8,40.0,39.8,39.8,-0.15,9.0
2017-08-21,8481,45000.0,1789400.0,39.7,40.0,39.1,39.5,-0.3,23.0
2017-08-22,8481,61030.0,2428308.0,39.8,39.95,39.3,39.95,0.45,32.0
2017-08-23,8481,58000.0,2314450.0,39.85,40.0,39.7,39.8,-0.15,31.0
2017-08-24,8481,70007.0,2791529.0,39.8,40.0,39.7,39.8,0.0,30.0
2017-08-25,8481,91000.0,3640800.0,39.6,40.3,39.6,40.3,0.5,50.0
2017-08-28,8481,73007.0,3004388.0,40.25,42.0,40.2,41.05,0.75,54.0
2017-08-29,8481,19000.0,780250.0,41.1,41.15,41.0,41.15,0.1,14.0
2017-08-30,8481,82200.0,3381530.0,41.5,41.5,40.9,40.9,-0.25,43.0
2017-08-31,8481,16000.0,656700.0,41.0,41.3,41.0,41.3,0.4,14.0
2017-09-01,8481,98400.0,4117570.0,41.95,42.1,41.3,41.95,0.65,72.0
2017-09-04,8481,100048.0,4229004.0,42.2,42.5,41.95,42.4,0.45,72.0
2017-09-05,8481,194043.0,8303199.0,42.3,43.0,42.0,42.85,0.45,135.0
2017-09-06,8481,95000.0,4092600.0,42.9,43.4,42.7,43.25,0.4,63.0
2017-09-07,8481,121000.0,5221550.0,43.15,43.25,42.9,43.1,-0.15,58.0
2017-09-08,8481,116040.0,5006166.0,42.2,43.3,42.2,43.3,0.2,54.0
2017-09-11,8481,244151.0,10828216.0,43.6,45.2,43.6,44.35,1.05,135.0
2017-09-12,8481,133200.0,5927330.0,45.0,45.0,44.0,44.4,0.05,86.0
2017-09-13,8481,112000.0,4944200.0,44.25,44.5,43.7,44.2,-0.2,70.0
2017-09-14,8481,68000.0,3017350.0,44.5,44.5,44.1,44.4,0.2,45.0
2017-09-15,8481,160000.0,7177950.0,44.5,45.0,44.5,44.8,0.4,92.0
2017-09-18,8481,113000.0,5068650.0,44.9,45.0,44.6,44.65,-0.15,56.0
2017-09-19,8481,57000.0,2547850.0,44.9,44.9,44.5,44.6,-0.05,30.0
2017-09-20,8481,45000.0,2013350.0,44.7,45.0,44.15,44.15,-0.45,32.0
2017-09-21,8481,63000.0,2804150.0,44.5,44.8,44.1,44.4,0.25,34.0
2017-09-22,8481,80000.0,3563900.0,44.5,44.95,44.3,44.5,0.1,47.0
2017-09-25,8481,68000.0,3017000.0,44.5,44.6,43.8,44.6,0.1,47.0
2017-09-26,8481,20075.0,887900.0,44.5,44.65,44.0,44.4,-0.2,18.0
2017-09-27,8481,62000.0,2772450.0,44.7,44.9,44.5,44.8,0.4,37.0
2017-09-28,8481,64000.0,2870150.0,44.8,44.9,44.7,44.9,0.1,35.0
2017-09-29,8481,51001.0,2287744.0,44.9,44.95,44.65,44.8,-0.1,40.0
2017-09-30,8481,136006.0,6110219.0,44.8,45.0,44.8,44.9,0.1,66.0
2017-10-02,8481,133200.0,6099699.0,45.0,47.0,45.0,45.8,0.9,117.0
2017-10-03,8481,65102.0,2964490.0,46.0,46.0,45.05,45.5,-0.3,55.0
2017-10-05,8481,21000.0,958250.0,45.6,46.0,45.55,45.6,0.1,21.0
2017-10-06,8481,74000.0,3373300.0,46.0,46.25,45.0,45.0,-0.6,54.0
2017-10-11,8481,42177.0,1898370.0,45.0,45.2,44.9,45.0,0.0,21.0
2017-10-12,8481,84000.0,3782550.0,45.2,45.2,44.65,44.65,-0.35,65.0
2017-10-13,8481,89060.0,4019400.0,44.8,45.5,44.7,45.5,0.85,44.0
2017-10-16,8481,77011.0,3521953.0,45.5,45.9,45.5,45.7,0.2,45.0
2017-10-17,8481,226000.0,10642650.0,46.0,48.5,46.0,47.3,1.6,168.0
2017-10-18,8481,211067.0,10179835.0,48.5,49.4,47.35,47.35,0.05,171.0
2017-10-19,8481,181482.0,8823769.0,48.0,49.0,48.0,48.9,1.55,120.0
2017-10-20,8481,74000.0,3599150.0,48.9,49.0,48.35,48.5,-0.4,56.0
2017-10-23,8481,197194.0,9678639.0,48.5,49.5,48.5,48.7,0.2,113.0
2017-10-24,8481,58000.0,2817100.0,48.7,48.7,48.5,48.6,-0.1,35.0
2017-10-25,8481,55250.0,2693175.0,48.6,49.0,48.5,48.7,0.1,43.0
2017-10-26,8481,48000.0,2339500.0,48.7,48.9,47.6,48.75,0.05,29.0
2017-10-27,8481,71150.0,3479265.0,48.8,49.4,48.75,48.9,0.15,53.0
2017-10-30,8481,125200.0,6157600.0,49.2,49.5,48.8,49.5,0.6,80.0
2017-10-31,8481,407265.0,20852147.0,49.85,52.4,49.5,51.9,2.4,275.0
2017-11-01,8481,90080.0,4642164.0,52.0,52.2,51.0,51.2,-0.7,67.0
2017-11-02,8481,62150.0,3179990.0,51.3,51.3,51.0,51.1,-0.1,42.0
2017-11-03,8481,54020.0,2776036.0,50.9,51.8,50.8,51.8,0.7,38.0
2017-11-06,8481,24000.0,1247500.0,52.1,52.2,51.8,51.9,0.1,22.0
2017-11-07,8481,50180.0,2613613.0,51.7,52.4,51.6,52.3,0.4,40.0
2017-11-08,8481,48110.0,2478855.0,52.3,52.3,51.0,51.0,-1.3,40.0
2017-11-09,8481,371005.0,18065284.0,51.0,51.0,46.9,47.3,-3.7,239.0
2017-11-10,8481,69120.0,3316062.0,47.35,48.5,47.35,48.05,0.75,47.0
2017-11-13,8481,32000.0,1537700.0,48.05,48.25,47.75,48.1,0.05,23.0
2017-11-14,8481,52000.0,2499350.0,48.1,48.2,47.85,48.0,-0.1,32.0
2017-11-15,8481,68100.0,3225860.0,48.0,48.0,46.85,47.85,-0.15,39.0
2017-11-16,8481,24000.0,1154700.0,47.85,48.9,47.6,47.6,-0.25,18.0
2017-11-17,8481,40000.0,1908300.0,47.6,48.0,47.5,47.5,-0.1,25.0
2017-11-20,8481,5550.0,263315.0,47.6,47.6,47.3,47.3,-0.2,7.0
2017-11-21,8481,33000.0,1563200.0,47.0,47.8,47.0,47.8,0.5,17.0
2017-11-22,8481,59000.0,2858050.0,48.8,48.8,47.65,47.65,-0.15,42.0
2017-11-23,8481,18000.0,858100.0,47.6,47.85,47.5,47.7,0.05,15.0
2017-11-24,8481,30000.0,1441350.0,46.85,48.5,46.85,48.0,0.3,20.0
2017-11-27,8481,24250.0,1154100.0,48.0,48.0,47.5,47.6,-0.4,18.0
2017-11-28,8481,79245.0,3652142.0,47.5,47.5,45.5,47.0,-0.6,40.0
2017-11-29,8481,56026.0,2629928.0,47.5,47.7,45.9,47.35,0.35,30.0
2017-11-30,8481,47270.0,2218555.0,47.0,47.7,46.6,47.0,-0.35,25.0
2017-12-01,8481,30000.0,1391300.0,46.5,47.0,46.0,46.0,-1.0,17.0
2017-12-04,8481,41020.0,1886219.0,46.0,47.0,45.5,45.5,-0.5,21.0
2017-12-05,8481,54000.0,2465500.0,45.5,46.0,45.4,45.7,0.2,26.0
2017-12-06,8481,43060.0,1943064.0,45.35,45.95,44.8,44.8,-0.9,24.0
2017-12-07,8481,27000.0,1207100.0,44.6,45.0,44.5,44.5,-0.3,15.0
2017-12-08,8481,18000.0,815400.0,44.6,45.6,44.6,45.6,1.1,11.0
2017-12-11,8481,25100.0,1156210.0,46.3,46.9,45.6,45.75,0.15,21.0
2017-12-12,8481,18000.0,819250.0,45.5,45.8,45.05,45.6,-0.15,8.0
2017-12-13,8481,11000.0,503900.0,46.0,46.0,45.6,45.6,0.0,6.0
2017-12-14,8481,25000.0,1134500.0,44.9,45.75,44.9,45.6,0.0,14.0
2017-12-15,8481,50000.0,2255200.0,45.05,45.7,44.8,45.3,-0.3,29.0
2017-12-18,8481,12000.0,544700.0,45.0,45.5,45.0,45.3,0.0,9.0
2017-12-19,8481,67000.0,2986150.0,45.05,45.4,43.95,44.3,-1.0,45.0
2017-12-20,8481,63376.0,2784956.0,43.9,44.5,43.4,44.4,0.1,33.0
2017-12-21,8481,18000.0,799800.0,44.5,44.7,44.1,44.1,-0.3,10.0
2017-12-22,8481,40003.0,1744332.0,43.1,44.1,43.1,43.6,-0.5,28.0
2017-12-25,8481,18000.0,782750.0,43.6,43.6,43.3,43.4,-0.2,11.0
2017-12-26,8481,49044.0,2115002.0,43.15,43.4,43.0,43.2,-0.2,40.0
2017-12-27,8481,37000.0,1600150.0,43.2,43.5,43.0,43.5,0.3,21.0
2017-12-28,8481,23003.0,998229.0,43.5,43.5,43.25,43.25,-0.25,12.0
2017-12-29,8481,39000.0,1699400.0,43.3,44.05,43.3,43.4,0.15,26.0
2018-01-02,8481,58000.0,2534500.0,43.4,44.0,43.4,44.0,0.6,27.0
2018-01-03,8481,36000.0,1584050.0,44.3,44.3,43.8,44.3,0.3,18.0
2018-01-04,8481,75079.0,3309564.0,43.8,44.9,43.8,43.85,-0.45,44.0
2018-01-05,8481,34000.0,1498700.0,44.9,44.9,43.8,44.0,0.15,18.0
2018-01-08,8481,42000.0,1848700.0,44.0,44.3,43.8,44.0,0.0,24.0
2018-01-09,8481,18177.0,799834.0,44.1,44.1,43.9,44.1,0.1,14.0
2018-01-10,8481,84013.0,3684175.0,43.9,44.2,43.5,43.5,-0.6,53.0
2018-01-11,8481,14000.0,615300.0,44.0,44.0,43.9,43.9,0.4,9.0
2018-01-12,8481,12000.0,526600.0,43.9,44.0,43.6,44.0,0.1,10.0
2018-01-15,8481,18000.0,789500.0,43.9,44.0,43.5,43.8,-0.2,14.0
2018-01-16,8481,24003.0,1047830.0,43.05,43.9,43.05,43.8,0.0,17.0
2018-01-17,8481,24018.0,1053891.0,43.7,44.0,43.7,43.95,0.15,18.0
2018-01-18,8481,28000.0,1234400.0,44.0,45.0,43.9,44.5,0.55,18.0
2018-01-19,8481,43012.0,1903530.0,44.2,44.7,44.0,44.6,0.1,22.0
2018-01-22,8481,41000.0,1817750.0,44.05,44.9,44.0,44.6,0.0,33.0
2018-01-23,8481,26000.0,1155900.0,44.15,44.7,44.15,44.5,-0.1,23.0
2018-01-24,8481,11000.0,488300.0,44.15,44.6,44.15,44.2,-0.3,10.0
2018-01-25,8481,40000.0,1760350.0,44.5,44.5,43.7,44.2,0.0,26.0
2018-01-26,8481,31000.0,1364250.0,44.3,44.5,43.6,44.4,0.2,20.0
2018-01-29,8481,25000.0,1103450.0,44.4,44.5,43.95,43.95,-0.45,20.0
2018-01-30,8481,47000.0,2068500.0,44.0,44.6,43.8,44.0,0.05,26.0
2018-01-31,8481,56100.0,2535859.0,44.0,46.0,43.6,45.2,1.2,36.0
2018-02-01,8481,77000.0,3562350.0,45.2,47.0,45.0,46.2,1.0,52.0
2018-02-02,8481,28250.0,1315550.0,46.2,46.8,46.0,46.5,0.3,18.0
2018-02-05,8481,14500.0,660850.0,44.65,46.0,44.65,46.0,-0.5,10.0
2018-02-06,8481,17000.0,751600.0,44.65,44.65,43.7,44.0,-2.0,16.0
2018-02-07,8481,18000.0,794900.0,45.1,45.1,44.0,44.0,0.0,17.0
2018-02-08,8481,20000.0,880600.0,44.0,44.1,44.0,44.0,0.0,12.0
2018-02-09,8481,30000.0,1302350.0,42.0,44.0,42.0,43.5,-0.5,14.0
2018-02-12,8481,11000.0,479350.0,43.5,44.0,43.5,43.55,0.05,5.0
2018-02-21,8481,25024.0,1099509.0,44.5,44.5,43.55,44.1,0.55,19.0
2018-02-22,8481,30000.0,1300650.0,44.5,44.5,43.05,43.3,-0.8,18.0
2018-02-23,8481,27000.0,1175900.0,43.9,44.0,43.3,43.5,0.2,19.0
2018-02-26,8481,32000.0,1389350.0,43.55,44.4,43.1,44.4,0.9,25.0
2018-02-27,8481,17000.0,746600.0,44.4,44.4,43.5,44.0,-0.4,17.0
2018-03-01,8481,40000.0,1760000.0,44.0,44.0,44.0,44.0,0.0,7.0
2018-03-02,8481,5000.0,218050.0,43.55,43.7,43.55,43.7,-0.3,5.0
2018-03-05,8481,6000.0,263000.0,43.7,44.0,43.7,43.8,0.1,6.0
2018-03-06,8481,4000.0,175200.0,44.0,44.0,43.7,43.7,-0.1,3.0
2018-03-07,8481,6000.0,263450.0,43.45,44.5,43.3,44.4,0.7,6.0
2018-03-08,8481,4000.0,176600.0,44.6,44.6,44.0,44.0,-0.4,4.0
2018-03-09,8481,22000.0,953750.0,44.0,44.0,43.25,43.3,-0.7,9.0
2018-03-12,8481,24064.0,1040861.0,43.3,43.3,43.2,43.2,-0.1,13.0
2018-03-13,8481,7000.0,310800.0,44.9,44.9,44.1,44.1,0.9,7.0
2018-03-14,8481,8000.0,350900.0,44.0,44.0,43.8,44.0,-0.1,4.0
2018-03-15,8481,3000.0,131800.0,44.0,44.0,43.9,43.9,-0.1,3.0
2018-03-16,8481,3000.0,131500.0,43.9,43.9,43.8,43.8,-0.1,2.0
2018-03-19,8481,18000.0,784150.0,43.4,43.8,43.35,43.35,-0.45,7.0
2018-03-20,8481,42000.0,1808200.0,43.35,43.35,43.0,43.0,-0.35,20.0
2018-03-21,8481,78000.0,3418350.0,42.7,44.5,42.7,43.25,0.25,41.0
2018-03-22,8481,21000.0,918800.0,43.4,44.0,43.4,44.0,0.75,11.0
2018-03-23,8481,21000.0,913600.0,43.75,43.75,42.85,43.7,-0.3,9.0
2018-03-26,8481,29000.0,1280300.0,44.2,44.5,43.75,44.2,0.5,21.0
2018-03-27,8481,21000.0,934700.0,44.5,44.55,44.5,44.55,0.35,11.0
2018-03-28,8481,19070.0,848696.0,44.5,44.55,44.5,44.55,0.0,6.0
2018-03-29,8481,42056.0,1889681.0,44.6,45.2,44.6,45.1,0.55,25.0
2018-03-30,8481,16192.0,749610.0,45.5,47.0,45.5,46.5,1.4,21.0
2018-03-31,8481,43000.0,2001650.0,46.4,46.9,46.0,46.7,0.2,30.0
2018-04-02,8481,10000.0,464000.0,46.7,46.7,46.05,46.7,0.0,10.0
2018-04-03,8481,32000.0,1498950.0,46.7,47.0,46.5,47.0,0.3,24.0
2018-04-09,8481,16000.0,755300.0,47.85,47.85,47.0,47.2,0.2,12.0
2018-04-10,8481,28000.0,1320750.0,47.2,47.5,46.4,47.1,-0.1,22.0
2018-04-11,8481,13000.0,604800.0,47.1,47.1,46.15,46.65,-0.45,12.0
2018-04-12,8481,5000.0,234450.0,47.0,47.0,46.5,46.95,0.3,3.0
2018-04-13,8481,13030.0,609598.0,47.0,47.0,46.6,46.6,-0.35,10.0
2018-04-16,8481,11000.0,512600.0,46.6,46.6,46.6,46.6,0.0,7.0
2018-04-17,8481,14000.0,646600.0,46.65,46.65,45.95,46.4,-0.2,10.0
2018-04-18,8481,10000.0,459800.0,46.05,46.05,45.8,46.0,-0.4,8.0
2018-04-19,8481,23034.0,1048564.0,46.0,46.0,45.05,45.9,-0.1,20.0
2018-04-20,8481,10000.0,457050.0,45.9,45.9,45.35,45.85,-0.05,7.0
2018-04-23,8481,13000.0,596350.0,45.85,45.95,45.85,45.95,0.1,6.0
2018-04-24,8481,12000.0,553500.0,46.0,46.5,45.5,46.0,0.05,6.0
2018-04-25,8481,5001.0,229646.0,45.85,45.95,45.85,45.95,-0.05,5.0
2018-04-26,8481,19000.0,859150.0,46.0,46.0,44.35,45.75,-0.2,16.0
2018-04-27,8481,1000.0,45700.0,45.7,45.7,45.7,45.7,-0.05,1.0
2018-04-30,8481,15000.0,694100.0,46.0,46.5,46.0,46.4,0.7,7.0
2018-05-02,8481,40000.0,1828250.0,46.5,46.5,45.0,45.3,-1.1,24.0
2018-05-03,8481,7000.0,318000.0,45.2,45.85,45.2,45.85,0.55,6.0
2018-05-04,8481,2000.0,91600.0,45.8,45.8,45.8,45.8,-0.05,2.0
2018-05-07,8481,25000.0,1156850.0,46.0,46.5,46.0,46.1,0.3,17.0
2018-05-08,8481,14000.0,644000.0,46.0,46.0,46.0,46.0,-0.1,7.0
2018-05-09,8481,8000.0,370800.0,46.6,46.6,46.0,46.0,0.0,6.0
2018-05-10,8481,14000.0,645250.0,46.0,46.3,45.55,46.1,0.1,8.0
2018-05-11,8481,14000.0,644400.0,46.1,46.3,45.7,46.25,0.15,9.0
2018-05-14,8481,6000.0,276700.0,46.5,46.5,46.0,46.0,-0.25,5.0
2018-05-15,8481,13000.0,597200.0,46.0,46.0,45.8,45.8,-0.2,6.0
2018-05-16,8481,12000.0,549400.0,45.8,45.95,45.6,45.95,0.15,6.0
2018-05-17,8481,7000.0,320100.0,45.8,45.85,45.25,45.85,-0.1,3.0
2018-05-18,8481,6000.0,274800.0,45.8,45.8,45.8,45.8,-0.05,3.0
2018-05-21,8481,6051.0,274630.0,45.8,45.8,45.2,45.7,-0.1,5.0
2018-05-22,8481,13051.0,587732.0,44.75,45.95,44.75,44.75,-0.95,12.0
2018-05-23,8481,5000.0,225900.0,44.75,45.6,44.75,45.4,0.65,3.0
2018-05-24,8481,5000.0,225100.0,45.0,45.2,44.9,45.2,-0.2,5.0
2018-05-25,8481,9000.0,404550.0,45.2,45.2,44.8,44.8,-0.4,7.0
2018-05-28,8481,22000.0,975450.0,44.85,44.85,44.1,44.1,-0.7,14.0
2018-05-29,8481,10000.0,441450.0,43.6,45.0,43.6,44.95,0.85,9.0
2018-05-30,8481,10000.0,446500.0,44.65,44.65,44.65,44.65,-0.3,4.0
2018-05-31,8481,46000.0,2086500.0,44.3,45.7,44.3,45.7,1.05,15.0
2018-06-01,8481,11000.0,491100.0,45.0,45.0,44.4,44.4,-1.3,9.0
2018-06-04,8481,8000.0,356250.0,44.55,44.85,44.3,44.85,0.45,7.0
2018-06-05,8481,3000.0,135700.0,44.8,45.45,44.8,45.45,0.6,3.0
2018-06-06,8481,2000.0,90000.0,45.0,45.0,45.0,45.0,-0.45,2.0
2018-06-07,8481,15000.0,671900.0,45.0,45.0,44.5,44.8,-0.2,5.0
2018-06-08,8481,7000.0,309900.0,44.7,44.7,44.2,44.2,-0.6,6.0
2018-06-11,8481,21000.0,915650.0,42.8,44.75,42.8,44.0,-0.2,13.0
2018-06-12,8481,23000.0,1013900.0,43.7,45.0,43.7,44.1,0.1,9.0
2018-06-13,8481,4000.0,176300.0,44.1,44.1,44.0,44.0,-0.1,3.0
2018-06-14,8481,38020.0,1720440.0,45.4,45.4,44.5,44.5,0.5,8.0
2018-06-15,8481,9000.0,396100.0,44.1,44.1,44.0,44.0,-0.5,4.0
2018-06-19,8481,3000.0,132250.0,43.3,44.95,43.3,44.95,0.95,3.0
2018-06-20,8481,7000.0,310200.0,44.0,44.55,44.0,44.5,-0.45,7.0
2018-06-21,8481,1051.0,46769.0,44.5,44.5,44.5,44.5,0.0,3.0
2018-06-22,8481,8000.0,355400.0,44.5,44.5,44.3,44.3,-0.2,4.0
2018-06-25,8481,11068.0,489319.0,44.3,44.3,44.0,44.0,-0.3,7.0
2018-06-26,8481,15000.0,689000.0,44.3,46.7,44.3,46.7,2.7,13.0
2018-06-27,8481,11055.0,504515.0,45.55,46.2,45.5,46.2,-0.5,8.0
2018-06-28,8481,14000.0,644000.0,46.2,46.9,45.3,46.0,-0.2,12.0
2018-06-29,8481,22000.0,1015500.0,46.0,46.5,46.0,46.0,0.0,17.0
2018-07-02,8481,22000.0,1011850.0,46.0,46.0,45.95,45.95,-0.05,14.0
2018-07-03,8481,4000.0,182350.0,45.85,45.85,45.5,45.5,-0.45,3.0
2018-07-04,8481,6000.0,268200.0,44.5,45.7,44.5,45.7,0.2,5.0
2018-07-05,8481,7000.0,316750.0,45.5,45.75,45.0,45.75,0.05,5.0
2018-07-06,8481,24000.0,1084150.0,45.75,45.75,45.0,45.65,-0.1,12.0
2018-07-09,8481,3000.0,137100.0,45.65,45.75,45.65,45.75,0.1,3.0
2018-07-10,8481,16000.0,728150.0,46.0,46.0,45.2,45.2,-0.55,8.0
2018-07-11,8481,5000.0,225300.0,45.3,45.3,45.0,45.0,-0.2,3.0
2018-07-12,8481,13000.0,584800.0,44.8,45.0,44.8,45.0,0.0,10.0
2018-07-13,8481,54000.0,2434900.0,45.0,45.5,44.5,45.0,0.0,35.0
2018-07-16,8481,28000.0,1167900.0,42.1,42.3,41.2,42.0,0.0,25.0
2018-07-17,8481,12000.0,506150.0,42.3,42.3,42.0,42.0,0.0,10.0
2018-07-18,8481,14000.0,597100.0,42.0,44.5,42.0,44.5,2.5,13.0
2018-07-19,8481,4000.0,173800.0,43.2,43.9,43.2,43.9,-0.6,3.0
2018-07-20,8481,4000.0,172250.0,44.0,44.0,42.75,42.75,-1.15,4.0
2018-07-23,8481,8000.0,340700.0,42.3,42.8,42.2,42.8,0.05,4.0
2018-07-24,8481,4000.0,171550.0,42.85,43.0,42.85,43.0,0.2,4.0
2018-07-25,8481,11000.0,467100.0,43.0,43.0,42.0,43.0,0.0,7.0
2018-07-26,8481,0.0,0.0,0.0,0.0,0.0,0.0,0.0,0.0
2018-07-27,8481,2000.0,84850.0,42.35,42.5,42.35,42.5,0.0,2.0
2018-07-30,8481,22000.0,934400.0,42.3,43.0,42.0,42.6,0.1,10.0
2018-07-31,8481,8000.0,345000.0,43.0,43.5,43.0,43.5,0.9,6.0
2018-08-01,8481,7100.0,308900.0,43.5,43.55,43.5,43.5,0.0,4.0
2018-08-02,8481,17000.0,736500.0,43.5,43.5,43.1,43.2,-0.3,10.0
2018-08-03,8481,1000.0,43200.0,43.2,43.2,43.2,43.2,0.0,1.0
2018-08-06,8481,8000.0,347450.0,43.5,43.5,43.2,43.2,0.0,7.0
2018-08-07,8481,4100.0,177020.0,43.2,43.5,42.8,42.8,-0.4,4.0
2018-08-08,8481,7000.0,301700.0,42.8,43.5,42.8,43.5,0.7,4.0
2018-08-09,8481,1077.0,46818.0,43.5,43.5,43.5,43.5,0.0,2.0
2018-08-10,8481,69000.0,2973900.0,43.65,43.75,42.4,43.65,0.15,43.0
2018-08-13,8481,22000.0,946300.0,43.65,43.65,42.5,42.5,-1.15,10.0
2018-08-14,8481,3000.0,127500.0,42.5,42.5,42.5,42.5,0.0,3.0
2018-08-15,8481,20000.0,866500.0,43.6,43.6,42.35,43.35,0.85,17.0
2018-08-16,8481,5000.0,215100.0,43.0,43.2,42.7,43.2,-0.15,4.0
2018-08-17,8481,5000.0,215000.0,43.0,43.0,43.0,43.0,-0.2,3.0
2018-08-20,8481,17000.0,733550.0,42.55,43.45,42.55,43.45,0.45,13.0
2018-08-21,8481,9000.0,387950.0,43.5,43.5,42.8,42.8,-0.65,8.0
2018-08-22,8481,4000.0,170300.0,42.55,42.75,42.5,42.75,-0.05,3.0
2018-08-23,8481,1000.0,42800.0,42.8,42.8,42.8,42.8,0.05,1.0
2018-08-24,8481,1000.0,43300.0,43.3,43.3,43.3,43.3,0.5,1.0
2018-08-27,8481,3013.0,129564.0,43.0,43.0,43.0,43.0,-0.3,3.0
2018-08-28,8481,20000.0,860300.0,43.2,43.4,42.7,42.75,-0.25,13.0
2018-08-29,8481,10000.0,429700.0,42.75,43.0,42.75,43.0,0.25,4.0
2018-08-30,8481,18000.0,775550.0,43.15,43.15,43.05,43.1,0.1,11.0
2018-08-31,8481,12000.0,517600.0,43.1,43.2,43.0,43.2,0.1,10.0
2018-09-03,8481,9000.0,388800.0,43.2,43.2,43.2,43.2,0.0,4.0
2018-09-04,8481,42000.0,1830000.0,43.35,43.9,43.35,43.9,0.7,29.0
2018-09-05,8481,62000.0,2748150.0,43.9,45.05,43.9,45.05,1.15,58.0
2018-09-06,8481,934101.0,45897697.0,44.95,49.55,44.95,47.0,1.95,325.0
2018-09-07,8481,295000.0,13850400.0,46.5,48.1,45.75,47.1,0.1,189.0
2018-09-10,8481,123001.0,5811246.0,47.2,47.6,47.0,47.0,-0.1,62.0
2018-09-11,8481,35100.0,1657060.0,47.0,47.45,47.0,47.15,0.15,30.0
2018-09-12,8481,113000.0,5463100.0,48.2,49.0,47.5,48.15,1.0,77.0
2018-09-13,8481,104255.0,5113646.0,48.45,49.55,48.4,49.55,1.4,88.0
2018-09-14,8481,55239.0,2744525.0,50.0,50.0,49.0,49.0,-0.55,45.0
2018-09-17,8481,64350.0,3161370.0,48.9,49.5,48.75,49.3,0.3,38.0
2018-09-18,8481,33000.0,1633450.0,49.3,49.6,49.3,49.5,0.2,22.0
2018-09-19,8481,64300.0,3219650.0,50.0,50.4,49.5,50.0,0.5,46.0
2018-09-20,8481,56000.0,2812950.0,49.0,50.8,48.85,49.2,-0.8,22.0
2018-09-21,8481,14050.0,700425.0,49.9,50.5,49.25,49.5,0.3,14.0
2018-09-25,8481,104100.0,5237990.0,50.2,50.6,49.85,50.6,1.1,47.0
2018-09-26,8481,7001.0,352949.0,51.0,51.0,49.65,50.2,-0.4,8.0
2018-09-27,8481,60050.0,3028325.0,49.2,50.8,49.2,50.8,0.6,22.0
2018-09-28,8481,10000.0,499500.0,50.0,50.4,49.8,49.8,-1.0,10.0
2018-10-01,8481,45000.0,2257050.0,48.8,50.4,48.8,50.4,0.6,29.0
2018-10-02,8481,73100.0,3717430.0,50.4,51.3,50.4,50.8,0.4,41.0
2018-10-03,8481,19100.0,980450.0,51.2,51.8,50.5,50.6,-0.2,14.0
2018-10-04,8481,29000.0,1464300.0,50.6,51.0,50.1,50.4,-0.2,16.0
2018-10-05,8481,107050.0,5387270.0,50.4,51.0,49.05,50.6,0.2,61.0
2018-10-08,8481,58100.0,2894565.0,49.6,50.6,49.05,49.95,-0.65,34.0
2018-10-09,8481,6000.0,298650.0,49.8,49.8,49.65,49.8,-0.15,6.0
2018-10-11,8481,269871.0,13203115.0,49.0,49.75,48.0,48.05,-1.75,78.0
2018-10-12,8481,135055.0,6347312.0,48.05,48.05,46.0,47.25,-0.8,67.0
2018-10-15,8481,35000.0,1664800.0,47.25,49.0,45.8,49.0,1.75,28.0
2018-10-16,8481,5000.0,245050.0,49.5,49.5,48.25,48.3,-0.7,4.0
2018-10-17,8481,3000.0,148150.0,49.2,49.5,49.2,49.5,1.2,3.0
2018-10-18,8481,59200.0,2950750.0,49.05,50.0,49.0,50.0,0.5,32.0
2018-10-19,8481,34000.0,1697950.0,49.9,50.0,49.9,49.95,-0.05,9.0
2018-10-22,8481,3000.0,149950.0,49.95,50.0,49.95,50.0,0.05,2.0
2018-10-23,8481,13000.0,647000.0,49.05,50.0,49.05,50.0,0.0,5.0
2018-10-24,8481,11000.0,550000.0,50.0,50.0,50.0,50.0,0.0,6.0
2018-10-25,8481,32000.0,1570250.0,48.95,49.9,48.2,48.25,-1.75,20.0
2018-10-26,8481,18000.0,858650.0,48.25,48.25,47.0,47.55,-0.7,12.0
2018-10-29,8481,16000.0,782350.0,48.45,49.0,48.45,49.0,1.45,6.0
2018-10-30,8481,48000.0,2336950.0,45.8,49.5,45.8,47.7,-1.3,25.0
2018-10-31,8481,47000.0,2317000.0,48.7,49.5,48.7,49.2,1.5,20.0
2018-11-01,8481,12050.0,580782.0,48.4,48.4,47.55,47.55,-1.65,8.0
2018-11-02,8481,7050.0,348650.0,49.4,49.5,49.4,49.5,1.95,4.0
2018-11-05,8481,34000.0,1685250.0,49.45,49.8,49.3,49.5,0.0,12.0
2018-11-06,8481,26000.0,1297200.0,49.5,50.0,49.5,50.0,0.5,8.0
2018-11-07,8481,28000.0,1400300.0,49.5,50.2,49.0,50.2,0.2,14.0
2018-11-08,8481,9000.0,443500.0,49.05,50.0,49.0,49.3,-0.9,8.0
2018-11-09,8481,0.0,0.0,0.0,0.0,0.0,0.0,0.0,0.0
2018-11-12,8481,26000.0,1298600.0,49.9,50.1,48.8,49.9,0.0,12.0
2018-11-13,8481,124000.0,6195600.0,49.9,50.0,49.6,50.0,0.1,21.0
2018-11-14,8481,11000.0,550000.0,50.0,50.0,50.0,50.0,0.0,5.0
2018-11-15,8481,2500.0,124750.0,50.0,50.0,50.0,50.0,0.0,4.0
2018-11-16,8481,1000.0,50000.0,50.0,50.0,50.0,50.0,0.0,1.0
2018-11-19,8481,61000.0,3050000.0,50.0,50.0,50.0,50.0,0.0,4.0
2018-11-20,8481,33000.0,1655150.0,50.0,50.4,49.95,50.2,0.2,15.0
2018-11-21,8481,1001.0,49199.0,49.15,49.15,49.15,49.15,-1.05,2.0
2018-11-22,8481,1000.0,49950.0,49.95,49.95,49.95,49.95,0.8,1.0
2018-11-23,8481,39000.0,1927450.0,50.0,50.5,48.2,48.2,-1.75,25.0
2018-11-26,8481,26000.0,1295250.0,49.0,50.3,48.9,50.0,1.8,21.0
2018-11-27,8481,4000.0,198100.0,50.0,50.0,49.05,49.05,-0.95,3.0
2018-11-28,8481,33099.0,1605431.0,48.8,48.9,48.1,48.2,-0.85,22.0
2018-11-29,8481,37000.0,1834400.0,49.9,49.95,49.0,49.95,1.75,27.0
2018-11-30,8481,3000.0,147050.0,49.1,49.25,48.7,48.7,-1.25,3.0
2018-12-03,8481,69000.0,3334850.0,48.75,48.9,47.85,48.2,-0.5,49.0
2018-12-04,8481,3000.0,144600.0,48.2,48.2,48.2,48.2,0.0,3.0
2018-12-05,8481,1000.0,48900.0,48.9,48.9,48.9,48.9,0.7,1.0
2018-12-06,8481,30000.0,1446750.0,48.6,48.9,47.55,47.55,-1.35,18.0
2018-12-07,8481,2000.0,96100.0,48.45,48.45,47.65,47.65,0.1,2.0
2018-12-10,8481,3000.0,142850.0,47.75,47.75,47.5,47.6,-0.05,3.0
2018-12-11,8481,12000.0,575600.0,47.6,48.0,47.6,48.0,0.4,4.0
2018-12-12,8481,6000.0,288400.0,47.1,48.45,47.1,48.45,0.45,6.0
2018-12-13,8481,9000.0,438350.0,49.85,49.85,48.0,48.05,-0.4,7.0
2018-12-14,8481,0.0,0.0,0.0,0.0,0.0,0.0,0.0,0.0
2018-12-17,8481,14000.0,677650.0,48.05,48.5,48.05,48.5,0.0,5.0
2018-12-18,8481,0.0,0.0,0.0,0.0,0.0,0.0,0.0,0.0
2018-12-19,8481,1333.0,63717.0,47.8,47.8,47.8,47.8,0.0,2.0
2018-12-20,8481,25000.0,1198500.0,48.0,48.0,47.5,47.5,-0.3,6.0
2018-12-21,8481,2000.0,95500.0,47.5,48.0,47.5,48.0,0.5,2.0
2018-12-22,8481,1000.0,48000.0,48.0,48.0,48.0,48.0,0.0,1.0
2018-12-24,8481,33333.0,1622800.0,48.0,49.0,48.0,49.0,1.0,12.0
2018-12-25,8481,0.0,0.0,0.0,0.0,0.0,0.0,0.0,0.0
2018-12-26,8481,19000.0,925500.0,47.25,49.0,47.15,49.0,0.0,10.0
2018-12-27,8481,22000.0,1084300.0,49.0,49.85,49.0,49.25,0.25,11.0
2018-12-28,8481,0.0,0.0,0.0,0.0,0.0,0.0,0.0,0.0
2019-01-02,8481,32000.0,1580500.0,49.4,49.5,49.25,49.4,0.0,16.0
2019-01-03,8481,30000.0,1494450.0,49.4,50.0,49.0,50.0,0.6,20.0
2019-01-04,8481,19000.0,948700.0,49.2,50.0,49.2,49.6,-0.4,9.0
2019-01-07,8481,2000.0,99400.0,49.7,49.7,49.7,49.7,0.1,2.0
2019-01-08,8481,5000.0,248200.0,49.7,49.8,49.5,49.5,-0.2,5.0
2019-01-09,8481,25000.0,1248400.0,49.6,50.0,49.6,49.6,0.1,13.0
2019-01-10,8481,4000.0,197350.0,49.5,49.5,49.15,49.2,-0.4,4.0
2019-01-11,8481,3000.0,147600.0,49.2,49.2,49.2,49.2,0.0,3.0
2019-01-14,8481,3000.0,145000.0,48.35,48.35,48.3,48.3,-0.9,3.0
2019-01-15,8481,4000.0,194000.0,48.5,48.5,48.5,48.5,0.2,4.0
2019-01-16,8481,5000.0,244300.0,48.7,48.9,48.7,48.9,0.4,5.0
2019-01-17,8481,350588.0,18826575.0,53.7,53.7,53.7,53.7,4.8,168.0
2019-01-18,8481,548889.0,31376360.0,59.0,59.0,52.3,53.1,-0.6,355.0
2019-01-21,8481,52000.0,2710800.0,52.7,52.9,51.6,51.6,-1.5,47.0
2019-01-22,8481,52000.0,2695400.0,51.6,52.8,51.3,51.3,-0.3,34.0
2019-01-23,8481,21000.0,1063400.0,51.0,51.0,50.4,50.6,-0.7,17.0
2019-01-24,8481,3000.0,154200.0,51.4,51.4,51.4,51.4,0.8,3.0
2019-01-25,8481,5000.0,257900.0,51.4,51.8,51.4,51.8,0.4,5.0
2019-01-28,8481,13000.0,674700.0,52.0,52.4,51.6,51.6,-0.2,9.0
2019-01-29,8481,14026.0,719339.0,51.6,52.0,50.9,52.0,0.4,13.0
2019-01-30,8481,5000.0,260500.0,52.1,52.1,52.1,52.1,0.1,2.0
2019-02-11,8481,25003.0,1298356.0,52.0,52.5,50.6,51.8,-0.3,23.0
2019-02-12,8481,10000.0,516500.0,51.0,51.9,51.0,51.8,0.0,8.0
2019-02-13,8481,5000.0,260200.0,52.2,52.2,51.4,51.4,-0.4,3.0
2019-02-14,8481,7060.0,361290.0,51.4,51.4,51.0,51.0,-0.4,7.0
2019-02-15,8481,10.0,527.0,0.0,0.0,0.0,0.0,0.0,1.0
2019-02-18,8481,12000.0,615500.0,50.6,52.0,50.6,51.3,0.0,12.0
2019-02-19,8481,2010.0,102010.0,50.8,50.8,50.7,50.7,-0.6,3.0
2019-02-20,8481,9000.0,457100.0,50.9,51.0,50.5,51.0,0.3,9.0
2019-02-21,8481,36000.0,1868800.0,51.2,52.3,50.7,52.2,1.2,31.0
2019-02-22,8481,1000.0,51800.0,51.8,51.8,51.8,51.8,-0.4,1.0
2019-02-25,8481,30050.0,1594230.0,52.0,53.7,52.0,53.1,1.3,22.0
2019-02-26,8481,26000.0,1381700.0,53.2,53.5,52.5,53.2,0.1,12.0
2019-02-27,8481,28000.0,1456400.0,52.0,52.5,51.8,52.3,-0.9,18.0
2019-03-04,8481,28000.0,1460500.0,52.3,52.3,51.4,52.3,0.0,18.0
2019-03-05,8481,4000.0,209800.0,52.2,52.7,52.2,52.7,0.4,4.0
2019-03-06,8481,1000.0,53000.0,53.0,53.0,53.0,53.0,0.3,1.0
2019-03-07,8481,7000.0,372200.0,53.3,53.4,52.7,52.7,-0.3,5.0
2019-03-08,8481,4000.0,209800.0,52.7,52.9,52.0,52.2,-0.5,4.0
2019-03-11,8481,1000.0,52900.0,52.9,52.9,52.9,52.9,0.7,1.0
2019-03-12,8481,6000.0,317500.0,53.0,53.0,52.5,52.5,-0.4,4.0
2019-03-13,8481,8000.0,421600.0,52.5,53.0,52.3,52.3,-0.2,7.0
2019-03-14,8481,7026.0,370472.0,52.4,53.3,52.3,53.1,0.8,7.0
2019-03-15,8481,124.0,6534.0,0.0,0.0,0.0,0.0,0.0,1.0
2019-03-18,8481,4000.0,213300.0,53.5,53.5,53.2,53.4,0.0,3.0
2019-03-19,8481,2000.0,106800.0,53.4,53.4,53.4,53.4,0.0,2.0
2019-03-20,8481,8000.0,428400.0,53.5,53.7,53.5,53.6,0.2,4.0
2019-03-21,8481,3100.0,165460.0,53.5,53.5,53.1,53.5,-0.1,5.0
2019-03-22,8481,20276.0,1088004.0,53.7,53.8,53.5,53.5,0.0,13.0
2019-03-25,8481,11800.0,622500.0,52.8,52.8,52.2,52.2,-1.3,11.0
2019-03-26,8481,11026.0,577049.0,52.3,53.5,52.1,52.3,0.1,11.0
2019-03-27,8481,4000.0,211500.0,52.9,52.9,52.8,52.9,0.6,4.0
2019-03-28,8481,6409.0,341336.0,53.3,53.3,53.2,53.3,0.4,7.0
2019-03-29,8481,10000.0,524300.0,52.6,52.6,52.1,52.1,-1.2,10.0
2019-04-01,8481,9000.0,474400.0,52.3,52.9,52.3,52.5,0.4,9.0
2019-04-02,8481,9045.0,474758.0,52.5,52.5,52.4,52.4,-0.1,8.0
2019-04-03,8481,28380.0,1480160.0,52.5,52.8,52.0,52.0,-0.4,24.0
2019-04-08,8481,17000.0,884100.0,52.0,52.1,52.0,52.0,0.0,11.0
2019-04-09,8481,23000.0,1209700.0,52.0,53.0,52.0,53.0,1.0,10.0
2019-04-10,8481,9000.0,473200.0,52.9,53.0,52.3,52.8,-0.2,9.0
2019-04-11,8481,34000.0,1806600.0,52.0,53.8,52.0,53.8,1.0,25.0
2019-04-12,8481,12000.0,635200.0,52.6,53.1,52.6,52.8,-1.0,10.0
2019-04-15,8481,10010.0,532342.0,52.4,53.5,52.4,52.8,0.0,7.0
2019-04-16,8481,7000.0,369900.0,52.8,52.9,52.8,52.8,0.0,7.0
2019-04-17,8481,147070.0,7934515.0,52.6,54.5,52.6,54.4,1.6,82.0
2019-04-18,8481,32000.0,1729900.0,54.3,54.5,53.2,54.5,0.1,28.0
2019-04-19,8481,84000.0,4669200.0,54.6,56.0,54.6,55.3,0.8,56.0
2019-04-22,8481,12000.0,661800.0,55.5,55.5,54.9,54.9,-0.4,12.0
2019-04-23,8481,17170.0,942001.0,54.3,55.7,54.2,55.7,0.8,13.0
2019-04-24,8481,46152.0,2559036.0,55.3,55.8,55.1,55.7,0.0,35.0
2019-04-25,8481,7000.0,389000.0,55.7,55.7,55.3,55.3,-0.4,6.0
2019-04-26,8481,10050.0,558560.0,55.5,56.0,55.3,55.3,0.0,9.0
2019-04-29,8481,21000.0,1147100.0,55.3,55.3,54.0,55.0,-0.3,12.0
2019-04-30,8481,2003.0,110165.0,55.0,55.0,55.0,55.0,0.0,3.0
2019-05-02,8481,26000.0,1445700.0,55.9,55.9,55.5,55.5,0.5,16.0
2019-05-03,8481,18000.0,998400.0,55.5,55.6,55.1,55.1,-0.4,16.0
2019-05-06,8481,4000.0,221500.0,55.5,55.5,55.1,55.1,0.0,3.0
2019-05-07,8481,12100.0,675100.0,55.5,56.2,55.5,56.0,0.9,12.0
2019-05-08,8481,259604.0,15605602.0,56.0,61.6,56.0,61.6,5.6,151.0
2019-05-09,8481,144152.0,8719091.0,62.0,62.9,58.1,58.2,-3.4,137.0
2019-05-10,8481,103000.0,6017600.0,57.3,59.2,57.1,58.4,0.2,42.0
2019-05-13,8481,55000.0,3229900.0,58.8,59.0,58.5,59.0,0.6,40.0
2019-05-14,8481,50050.0,2950590.0,57.3,59.0,57.3,59.0,0.0,27.0
2019-05-15,8481,55000.0,3299300.0,59.0,60.7,59.0,60.2,1.2,28.0
2019-05-16,8481,67033.0,4076219.0,60.2,61.0,60.2,61.0,0.8,34.0
2019-05-17,8481,64000.0,3900100.0,61.0,61.1,60.4,60.4,-0.6,38.0
2019-05-20,8481,33067.0,2018046.0,60.9,61.3,60.6,60.6,0.2,11.0
2019-05-21,8481,53000.0,3202800.0,60.0,60.8,57.4,59.0,-1.6,30.0
2019-05-22,8481,40881.0,2441571.0,59.1,59.9,59.1,59.9,0.9,17.0
2019-05-23,8481,6069.0,357671.0,58.9,59.0,58.9,59.0,-0.9,8.0
2019-05-24,8481,22000.0,1307300.0,59.7,59.8,58.9,58.9,-0.1,15.0
2019-05-27,8481,5000.0,294600.0,58.9,59.0,58.9,58.9,0.0,5.0
2019-05-28,8481,1000.0,58900.0,58.9,58.9,58.9,58.9,0.0,1.0
2019-05-29,8481,49000.0,2919200.0,58.9,60.3,58.9,59.2,0.3,48.0
2019-05-30,8481,49361.0,2967760.0,59.5,60.4,59.5,60.3,1.1,25.0
2019-05-31,8481,20000.0,1199800.0,59.6,60.3,59.6,60.3,0.0,10.0
2019-06-03,8481,14000.0,847700.0,59.5,61.0,59.5,60.3,0.0,13.0
2019-06-04,8481,54000.0,3256800.0,60.3,60.5,59.8,60.3,0.0,12.0
2019-06-05,8481,6000.0,361000.0,60.3,60.3,59.9,59.9,-0.4,5.0
2019-06-06,8481,51000.0,3064700.0,60.2,61.0,59.8,61.0,1.1,34.0
2019-06-10,8481,4000.0,240600.0,60.1,60.2,60.1,60.1,-0.9,4.0
2019-06-11,8481,47000.0,2842000.0,60.4,60.9,60.1,60.6,0.5,45.0
2019-06-12,8481,9151.0,552205.0,60.6,60.6,60.2,60.6,0.0,6.0
2019-06-13,8481,6218.0,377225.0,60.6,60.6,60.6,60.6,0.0,4.0
2019-06-14,8481,7000.0,421300.0,60.5,60.5,60.1,60.1,-0.5,5.0
2019-06-17,8481,4000.0,241300.0,60.1,60.7,60.0,60.7,0.6,4.0
2019-06-18,8481,11000.0,664900.0,60.1,60.6,60.1,60.6,-0.1,11.0
2019-06-19,8481,70000.0,4246400.0,60.3,61.0,60.1,61.0,0.4,31.0
2019-06-20,8481,46000.0,2816300.0,62.0,62.0,60.9,61.0,0.0,45.0
2019-06-21,8481,28150.0,1730710.0,61.7,61.7,61.1,61.4,0.4,28.0
2019-06-24,8481,53000.0,3262000.0,61.5,61.7,61.4,61.6,0.2,37.0
2019-06-25,8481,32000.0,1969200.0,61.6,61.6,61.3,61.3,-0.3,22.0
2019-06-26,8481,22300.0,1360630.0,61.3,61.3,60.8,61.1,-0.2,16.0
2019-06-27,8481,18000.0,1094700.0,61.1,61.1,60.6,60.6,-0.5,17.0
2019-06-28,8481,19000.0,1150200.0,60.6,60.7,60.3,60.3,-0.3,8.0
2019-07-01,8481,48016.0,2901974.0,60.5,61.1,60.1,60.9,0.6,24.0
2019-07-02,8481,32000.0,1955800.0,60.9,61.7,60.5,61.7,0.8,25.0
2019-07-03,8481,29062.0,1787306.0,61.8,61.8,61.4,61.4,-0.3,17.0
2019-07-04,8481,16000.0,982600.0,61.4,62.0,61.2,61.5,0.1,13.0
2019-07-05,8481,24002.0,1469835.0,61.1,61.3,61.1,61.3,-0.2,22.0
2019-07-08,8481,37000.0,2209700.0,59.0,61.0,59.0,60.2,0.0,36.0
2019-07-09,8481,10000.0,603300.0,60.2,60.7,60.2,60.2,0.0,10.0
2019-07-10,8481,16000.0,953400.0,59.7,59.7,59.4,59.7,-0.5,15.0
2019-07-11,8481,29135.0,1741985.0,59.3,60.1,59.0,59.9,0.2,22.0
2019-07-12,8481,11000.0,663000.0,60.0,61.2,60.0,61.2,1.3,7.0
2019-07-15,8481,2002.0,121022.0,60.4,60.5,60.4,60.5,-0.7,3.0
2019-07-16,8481,60200.0,3683600.0,60.5,61.5,60.5,61.5,1.0,36.0
2019-07-17,8481,48119.0,2975349.0,61.2,62.8,61.0,62.6,1.1,31.0
2019-07-18,8481,9000.0,562000.0,62.9,62.9,62.0,62.2,-0.4,9.0
2019-07-19,8481,31250.0,1950625.0,62.0,63.0,62.0,62.2,0.0,25.0
2019-07-22,8481,139000.0,8787500.0,62.4,65.0,61.6,61.8,-0.4,80.0
2019-07-23,8481,15060.0,931672.0,62.0,62.2,61.6,61.6,-0.2,16.0
2019-07-24,8481,16000.0,974500.0,61.3,61.3,60.8,60.8,-0.8,15.0
2019-07-25,8481,6000.0,364500.0,60.9,60.9,60.2,60.2,-0.6,4.0
2019-07-26,8481,35000.0,2139300.0,60.1,61.5,60.0,61.5,1.3,20.0
2019-07-29,8481,6000.0,368200.0,61.5,61.5,60.9,60.9,-0.6,6.0
2019-07-30,8481,48250.0,2984675.0,60.8,62.0,60.8,62.0,1.1,30.0
2019-07-31,8481,5002.0,310122.0,62.0,62.0,62.0,62.0,0.0,7.0
2019-08-01,8481,11011.0,675276.0,62.0,62.0,61.1,61.2,-0.8,10.0
2019-08-02,8481,11000.0,672800.0,61.0,61.6,61.0,61.6,0.4,9.0
2019-08-05,8481,30000.0,1815700.0,61.2,61.2,60.2,60.4,-1.2,26.0
2019-08-06,8481,78000.0,4772800.0,58.9,62.0,58.9,61.2,0.8,51.0
2019-08-07,8481,18000.0,1092600.0,60.7,60.9,60.5,60.6,-0.6,16.0
2019-08-08,8481,56150.0,3388335.0,60.4,61.2,59.0,61.2,0.6,48.0
2019-08-12,8481,30000.0,1839000.0,61.0,62.0,60.8,60.8,-0.4,17.0
2019-08-13,8481,2000.0,121000.0,60.8,60.8,60.2,60.2,-0.6,2.0
2019-08-14,8481,12000.0,725200.0,61.0,61.2,60.3,60.3,0.1,10.0
2019-08-15,8481,10043.0,604058.0,60.3,60.3,60.0,60.0,-0.3,10.0
2019-08-16,8481,13043.0,784080.0,61.0,61.0,60.0,60.0,0.0,15.0
2019-08-19,8481,20000.0,1192500.0,60.0,60.4,59.5,59.5,-0.5,19.0
2019-08-20,8481,14000.0,829800.0,59.5,59.6,59.0,59.0,-0.5,13.0
2019-08-21,8481,30000.0,1781900.0,59.2,60.0,59.0,60.0,1.0,18.0
2019-08-22,8481,2000.0,120300.0,60.4,60.4,59.9,59.9,-0.1,2.0
2019-08-23,8481,2000.0,119300.0,59.9,59.9,59.4,59.4,-0.5,2.0
2019-08-26,8481,21000.0,1241100.0,58.0,59.8,58.0,59.2,-0.2,18.0
2019-08-27,8481,5050.0,300595.0,59.9,59.9,59.2,59.9,0.7,6.0
2019-08-28,8481,3010.0,179294.0,60.0,60.0,59.3,59.4,-0.5,4.0
2019-08-29,8481,9030.0,529361.0,57.1,59.1,57.1,59.1,-0.3,9.0
2019-08-30,8481,13000.0,767500.0,58.6,59.4,58.4,59.4,0.3,11.0
2019-09-02,8481,1039.0,61801.0,59.5,59.5,59.5,59.5,0.1,4.0
2019-09-03,8481,6232.0,368856.0,59.5,59.5,58.4,58.4,-1.1,7.0
2019-09-04,8481,25000.0,1464400.0,58.6,59.0,58.4,59.0,0.6,19.0
2019-09-05,8481,8016.0,470542.0,58.6,59.0,58.5,59.0,0.0,9.0
2019-09-06,8481,10000.0,582700.0,58.3,58.4,58.2,58.2,-0.8,7.0
2019-09-09,8481,9100.0,530250.0,59.0,59.0,58.1,58.5,0.3,10.0
2019-09-10,8481,3000.0,177000.0,59.0,59.0,59.0,59.0,0.5,1.0
2019-09-11,8481,4000.0,237100.0,59.8,59.8,59.1,59.1,0.1,4.0
2019-09-12,8481,4000.0,236200.0,59.2,59.2,59.0,59.0,-0.1,3.0
2019-09-16,8481,3000.0,176800.0,58.9,59.0,58.9,59.0,0.0,3.0
2019-09-17,8481,8000.0,470900.0,59.0,59.0,58.5,58.5,-0.5,8.0
2019-09-18,8481,10000.0,588500.0,58.7,59.0,58.7,59.0,0.5,10.0
2019-09-19,8481,3035.0,180175.0,59.5,59.5,59.1,59.1,0.1,3.0
2019-09-20,8481,1010.0,59792.0,59.2,59.2,59.2,59.2,0.1,2.0
2019-09-23,8481,4000.0,237200.0,59.3,59.3,59.3,59.3,0.1,2.0
2019-09-24,8481,4000.0,237300.0,59.3,59.4,59.3,59.3,0.0,4.0
2019-09-25,8481,6003.0,354091.0,59.3,59.3,58.6,58.6,-0.7,6.0
2019-09-26,8481,9010.0,527484.0,58.4,59.0,58.4,58.4,-0.2,10.0
2019-09-27,8481,29000.0,1676200.0,58.1,58.8,57.0,58.8,0.4,28.0
2019-10-01,8481,10030.0,589243.0,58.1,58.9,58.1,58.5,-0.3,9.0
2019-10-02,8481,16088.0,947148.0,59.0,59.0,58.5,58.5,0.0,7.0
2019-10-03,8481,15000.0,885000.0,59.0,59.0,59.0,59.0,0.5,11.0
2019-10-04,8481,10000.0,584300.0,58.7,58.7,58.0,58.5,-0.5,10.0
2019-10-07,8481,10000.0,588400.0,58.6,59.0,58.6,58.6,0.1,8.0
2019-10-08,8481,4000.0,232800.0,58.2,58.2,58.2,58.2,-0.4,3.0
2019-10-09,8481,4000.0,233200.0,58.2,58.5,58.2,58.2,0.0,4.0
2019-10-14,8481,7000.0,415300.0,60.0,60.0,59.0,59.0,0.8,7.0
2019-10-15,8481,9000.0,533600.0,59.5,59.5,59.0,59.2,0.2,7.0
2019-10-16,8481,19000.0,1118700.0,59.5,59.5,58.0,59.5,0.3,15.0
2019-10-17,8481,13068.0,770157.0,59.5,59.5,58.4,58.8,-0.7,14.0
2019-10-18,8481,31000.0,1812200.0,59.0,59.0,58.2,58.2,-0.6,18.0
2019-10-21,8481,17050.0,986255.0,58.5,58.5,57.0,57.6,-0.6,17.0
2019-10-22,8481,9000.0,525400.0,58.1,58.9,58.0,58.9,1.3,9.0
2019-10-23,8481,17000.0,1014100.0,59.8,59.8,59.0,59.1,0.2,15.0
2019-10-24,8481,13100.0,782179.0,64.5,64.5,59.0,59.8,0.7,15.0
2019-10-25,8481,21050.0,1248955.0,60.0,60.0,58.5,59.1,-0.7,18.0
2019-10-28,8481,15000.0,878000.0,58.8,58.9,58.2,58.9,-0.2,10.0
2019-10-29,8481,21000.0,1236800.0,59.9,59.9,58.1,58.6,-0.3,17.0
2019-10-30,8481,17033.0,995030.0,58.7,58.8,58.0,58.8,0.2,18.0
2019-10-31,8481,22000.0,1281600.0,58.2,58.7,58.1,58.7,-0.1,19.0
2019-11-01,8481,10012.0,586904.0,58.5,59.0,58.4,59.0,0.3,11.0
2019-11-04,8481,25001.0,1459158.0,58.5,58.9,58.1,58.1,-0.9,26.0
2019-11-05,8481,14180.0,824158.0,58.1,58.2,58.1,58.1,0.0,16.0
2019-11-06,8481,4000.0,232700.0,58.1,58.4,58.1,58.4,0.3,4.0
2019-11-07,8481,14000.0,812800.0,58.1,58.3,58.0,58.3,-0.1,11.0
2019-11-08,8481,0.0,0.0,0.0,0.0,0.0,0.0,0.0,0.0
2019-11-11,8481,3000.0,175000.0,58.4,58.4,58.3,58.3,0.0,3.0
2019-11-12,8481,10000.0,585900.0,58.5,58.9,58.5,58.9,0.6,10.0
2019-11-13,8481,19000.0,1120400.0,59.1,59.1,58.9,58.9,0.0,16.0
2019-11-14,8481,11000.0,649800.0,59.2,59.4,58.5,59.2,0.3,8.0
2019-11-15,8481,4000.0,235800.0,58.6,59.2,58.6,59.2,0.0,4.0
2019-11-18,8481,10000.0,593400.0,59.9,59.9,59.1,59.4,0.2,10.0
2019-11-19,8481,7033.0,416743.0,58.8,59.4,58.8,59.4,0.0,8.0
2019-11-20,8481,13000.0,770500.0,59.4,59.5,58.9,59.4,0.0,13.0
2019-11-21,8481,17000.0,1004300.0,59.0,59.5,58.9,59.2,-0.2,9.0
2019-11-22,8481,3000.0,176900.0,58.8,59.3,58.8,59.3,0.1,3.0
2019-11-25,8481,2000.0,118300.0,59.0,59.3,59.0,59.3,0.0,2.0
2019-11-26,8481,63766.0,3806946.0,59.0,60.0,59.0,59.8,0.5,43.0
2019-11-27,8481,8000.0,479800.0,60.7,60.7,59.6,60.2,0.4,8.0
2019-11-28,8481,2000.0,120000.0,60.0,60.0,60.0,60.0,-0.2,2.0
2019-11-29,8481,19022.0,1123004.0,58.7,60.4,58.7,58.9,-1.1,17.0
2019-12-02,8481,7001.0,420859.0,60.5,60.5,59.8,59.8,0.9,7.0
2019-12-03,8481,1000.0,59700.0,59.7,59.7,59.7,59.7,-0.1,1.0
2019-12-04,8481,6000.0,357500.0,59.5,60.8,58.9,58.9,-0.8,6.0
2019-12-05,8481,10000.0,593100.0,59.0,59.8,59.0,59.5,0.6,6.0
2019-12-06,8481,10000.0,593600.0,59.8,59.8,59.2,59.2,-0.3,6.0
2019-12-09,8481,16000.0,948000.0,59.3,59.3,59.1,59.1,-0.1,16.0
2019-12-10,8481,1000.0,59400.0,59.4,59.4,59.4,59.4,0.3,1.0
2019-12-11,8481,10000.0,589700.0,59.4,59.4,58.5,59.0,-0.4,9.0
2019-12-12,8481,44000.0,2590200.0,59.5,59.5,58.5,58.6,-0.4,27.0
2019-12-13,8481,29000.0,1707300.0,58.6,59.0,58.5,58.7,0.1,12.0
2019-12-16,8481,3000.0,176600.0,58.8,58.9,58.8,58.9,0.2,3.0
2019-12-17,8481,2000.0,118400.0,58.8,59.6,58.8,59.6,0.7,2.0
2019-12-18,8481,6000.0,356000.0,59.6,59.6,58.9,59.4,-0.2,6.0
2019-12-19,8481,2000.0,119000.0,59.4,59.6,59.4,59.6,0.2,2.0
2019-12-20,8481,5000.0,295000.0,59.0,59.0,59.0,59.0,-0.6,2.0
2019-12-23,8481,2020.0,119690.0,59.0,59.5,59.0,59.5,0.5,3.0
2019-12-24,8481,14000.0,821500.0,58.8,59.1,58.5,59.1,-0.4,11.0
2019-12-25,8481,7000.0,410800.0,59.0,59.0,58.6,58.7,-0.4,6.0
2019-12-26,8481,19000.0,1112400.0,58.7,58.7,58.5,58.6,-0.1,13.0
2019-12-27,8481,8000.0,472100.0,59.3,59.3,58.6,59.2,0.6,4.0
2019-12-30,8481,8000.0,470700.0,59.6,59.6,58.5,59.2,0.0,7.0
2019-12-31,8481,9000.0,530500.0,59.2,59.2,58.6,59.0,-0.2,5.0
2020-01-02,8481,7000.0,412400.0,59.1,59.1,58.7,59.0,0.0,7.0
2020-01-03,8481,17000.0,1000200.0,59.0,59.0,58.7,59.0,0.0,13.0
2020-01-06,8481,12000.0,710900.0,59.0,59.5,59.0,59.5,0.5,11.0
2020-01-07,8481,10000.0,592800.0,59.7,59.7,58.9,58.9,-0.6,10.0
2020-01-08,8481,21000.0,1233500.0,59.6,59.6,58.3,59.0,0.1,17.0
2020-01-09,8481,10000.0,591100.0,59.1,59.3,59.0,59.2,0.2,9.0
2020-01-10,8481,8000.0,476900.0,60.5,60.5,59.2,59.4,0.2,7.0
2020-01-13,8481,14000.0,829700.0,59.0,60.6,59.0,59.7,0.3,5.0
2020-01-14,8481,35000.0,2094800.0,60.2,60.2,59.7,59.7,0.0,20.0
2020-01-15,8481,25020.0,1489500.0,59.5,59.9,59.5,59.9,0.2,8.0
2020-01-16,8481,67000.0,3999500.0,60.0,60.0,59.4,59.8,-0.1,29.0
2020-01-17,8481,21000.0,1255300.0,60.0,60.0,59.5,59.9,0.1,11.0
2020-01-20,8481,92000.0,5651300.0,63.5,63.5,61.0,61.1,1.2,55.0
2020-01-30,8481,79000.0,4685300.0,60.0,60.0,58.5,59.2,-1.9,44.0
2020-01-31,8481,10000.0,594000.0,59.1,59.8,59.1,59.6,0.4,9.0
2020-02-03,8481,125000.0,7314400.0,58.4,59.0,57.9,59.0,-0.6,68.0
2020-02-04,8481,15200.0,886020.0,57.9,58.8,57.9,58.6,-0.4,14.0
2020-02-05,8481,26000.0,1518300.0,59.3,59.3,58.2,58.3,-0.3,25.0
2020-02-06,8481,34200.0,1987700.0,58.3,58.3,58.0,58.0,-0.3,32.0
2020-02-07,8481,31544.0,1817234.0,58.0,58.3,56.8,57.2,-0.8,29.0
2020-02-10,8481,53070.0,3019625.0,56.9,57.5,56.4,57.1,-0.1,33.0
2020-02-11,8481,79100.0,4518509.0,57.1,57.5,56.7,57.3,0.2,37.0
2020-02-12,8481,58386.0,3392274.0,57.3,59.2,57.3,58.9,1.6,30.0
2020-02-13,8481,48000.0,2796500.0,58.9,58.9,57.2,58.5,-0.4,34.0
2020-02-14,8481,11000.0,642500.0,58.5,58.5,57.7,58.5,0.0,11.0
2020-02-17,8481,5000.0,297300.0,60.4,60.4,58.6,58.8,0.3,5.0
2020-02-18,8481,6000.0,346200.0,57.2,58.0,57.2,57.8,-1.0,6.0
2020-02-19,8481,38000.0,2226600.0,57.8,58.9,57.3,58.9,1.1,27.0
2020-02-20,8481,12001.0,708059.0,58.9,59.1,58.9,59.0,0.1,10.0
2020-02-21,8481,52000.0,3117000.0,59.0,60.2,59.0,59.9,0.9,29.0
2020-02-24,8481,22000.0,1303800.0,59.4,59.5,58.8,59.1,-0.8,14.0
2020-02-25,8481,7001.0,410258.0,58.9,58.9,58.4,58.4,-0.7,5.0
2020-02-26,8481,4225.0,245162.0,58.0,58.0,58.0,58.0,-0.4,5.0
2020-02-27,8481,5000.0,289700.0,58.0,58.0,57.8,57.8,-0.2,4.0
2020-03-02,8481,63000.0,3699600.0,57.0,59.2,56.5,59.0,1.2,39.0
2020-03-03,8481,2000.0,118600.0,59.4,59.4,59.2,59.2,0.2,2.0
2020-03-04,8481,0.0,0.0,0.0,0.0,0.0,0.0,0.0,0.0
2020-03-05,8481,500.0,29600.0,0.0,0.0,0.0,0.0,0.0,2.0
2020-03-06,8481,1000.0,59000.0,59.0,59.0,59.0,59.0,0.0,1.0
2020-03-09,8481,0.0,0.0,0.0,0.0,0.0,0.0,0.0,0.0
2020-03-10,8481,3000.0,174300.0,58.5,58.5,57.8,57.8,0.0,3.0
2020-03-11,8481,22000.0,1288900.0,58.9,58.9,57.9,57.9,0.1,19.0
2020-03-12,8481,32000.0,1787300.0,57.5,57.5,55.0,56.0,-1.9,29.0
2020-03-13,8481,36232.0,1865328.0,52.1,53.7,50.6,53.7,-2.3,36.0
2020-03-16,8481,12000.0,623200.0,51.3,52.1,51.3,52.0,-1.7,10.0
2020-03-17,8481,13001.0,664451.0,51.9,51.9,50.6,50.6,-1.4,12.0
2020-03-18,8481,21000.0,1055000.0,51.0,51.0,49.7,49.7,-0.9,21.0
2020-03-19,8481,53002.0,2446892.0,48.7,48.7,44.75,45.6,-4.1,44.0
2020-03-20,8481,14000.0,679000.0,47.05,49.0,47.05,48.0,2.4,12.0
2020-03-23,8481,4000.0,191800.0,49.0,49.0,45.8,48.0,0.0,3.0
2020-03-24,8481,30003.0,1444347.0,48.5,48.9,47.0,48.6,0.6,20.0
2020-03-25,8481,17000.0,841500.0,49.5,50.0,49.0,49.0,0.4,13.0
2020-03-26,8481,11000.0,550200.0,49.0,50.8,49.0,49.5,0.5,10.0
2020-03-27,8481,11100.0,552995.0,50.0,50.5,49.5,49.5,0.0,10.0
2020-03-30,8481,2000.0,100800.0,50.8,50.8,50.0,50.0,0.5,2.0
2020-03-31,8481,24001.0,1242952.0,51.0,52.0,51.0,51.9,1.9,21.0
2020-04-01,8481,2098.0,109145.0,52.0,52.0,52.0,52.0,0.1,2.0
2020-04-06,8481,1003.0,52154.0,52.0,52.0,52.0,52.0,0.0,3.0
2020-04-07,8481,12000.0,623900.0,52.5,52.5,51.7,52.0,0.0,8.0
2020-04-08,8481,10030.0,521180.0,51.9,52.2,51.8,52.2,0.2,8.0
2020-04-09,8481,2000.0,105000.0,52.5,52.5,52.5,52.5,0.3,2.0
2020-04-10,8481,0.0,0.0,0.0,0.0,0.0,0.0,0.0,0.0
2020-04-13,8481,4000.0,210400.0,52.0,52.8,52.0,52.8,0.0,4.0
2020-04-14,8481,9014.0,477646.0,53.3,53.3,52.8,52.8,0.0,6.0
2020-04-15,8481,11000.0,590900.0,52.8,54.6,52.8,54.6,1.8,9.0
2020-04-16,8481,21070.0,1108731.0,53.2,53.2,52.2,52.8,-1.8,18.0
2020-04-17,8481,3000.0,158700.0,52.9,52.9,52.9,52.9,0.1,2.0
2020-04-20,8481,0.0,0.0,0.0,0.0,0.0,0.0,0.0,0.0
2020-04-21,8481,23000.0,1183600.0,51.8,52.9,51.0,51.2,0.0,18.0
2020-04-22,8481,1000.0,51600.0,51.6,51.6,51.6,51.6,0.4,1.0
2020-04-23,8481,4010.0,207524.0,51.4,52.0,51.4,51.9,0.3,5.0
2020-04-24,8481,37001.0,1917453.0,52.4,52.6,51.0,52.5,0.6,30.0
2020-04-27,8481,3002.0,157804.0,53.0,53.0,52.3,52.4,-0.1,4.0
2020-04-28,8481,3206.0,168653.0,52.7,52.7,52.5,52.7,0.3,5.0
2020-04-29,8481,17000.0,907900.0,53.0,54.1,53.0,53.6,0.9,14.0
2020-04-30,8481,15000.0,812200.0,53.4,54.9,53.2,54.1,0.5,15.0
2020-05-04,8481,0.0,0.0,0.0,0.0,0.0,0.0,0.0,0.0
2020-05-05,8481,25000.0,1383300.0,53.4,56.0,53.4,56.0,0.0,21.0
2020-05-06,8481,3000.0,164900.0,55.0,55.0,54.9,55.0,-1.0,3.0
2020-05-07,8481,7000.0,391600.0,56.3,56.8,55.1,56.8,1.8,7.0
2020-05-08,8481,5000.0,279400.0,55.8,56.2,55.7,55.7,-1.1,5.0
2020-05-11,8481,63050.0,3588795.0,56.2,57.4,56.0,57.4,1.7,54.0
2020-05-12,8481,47000.0,2740000.0,57.4,58.8,57.4,58.3,0.9,44.0
2020-05-13,8481,10002.0,583114.0,58.5,58.5,58.0,58.0,-0.3,7.0
2020-05-14,8481,4000.0,230100.0,57.6,57.6,57.5,57.5,-0.5,4.0
2020-05-15,8481,4000.0,229700.0,57.5,57.5,57.2,57.5,0.0,3.0
2020-05-18,8481,41000.0,2409200.0,58.0,59.6,58.0,59.0,1.5,22.0
2020-05-19,8481,8000.0,476200.0,59.5,59.6,59.5,59.5,0.5,7.0
2020-05-20,8481,7000.0,409200.0,58.3,59.2,58.3,58.4,-1.1,6.0
2020-05-21,8481,5000.0,295000.0,58.4,59.4,58.4,59.0,0.6,5.0
2020-05-22,8481,5000.0,292100.0,59.0,59.0,58.2,58.4,-0.6,5.0
2020-05-25,8481,70000.0,4190600.0,59.5,60.0,59.0,60.0,1.6,63.0
2020-05-26,8481,3000.0,179400.0,59.8,59.8,59.8,59.8,-0.2,2.0
2020-05-27,8481,10000.0,599200.0,59.8,60.2,59.7,60.2,0.4,10.0
2020-05-28,8481,3000.0,181300.0,60.5,60.8,60.0,60.0,-0.2,3.0
2020-05-29,8481,8000.0,483500.0,60.4,60.8,60.0,60.0,0.0,8.0
2020-06-01,8481,4000.0,240100.0,60.0,60.4,59.7,59.7,-0.3,4.0
2020-06-02,8481,5000.0,298300.0,59.4,60.0,59.4,59.9,0.2,5.0
2020-06-03,8481,7000.0,420300.0,59.9,60.2,59.9,60.1,0.2,7.0
2020-06-04,8481,11053.0,663890.0,60.2,60.2,59.9,60.2,0.1,8.0
2020-06-05,8481,21000.0,1287700.0,60.6,61.9,60.6,61.5,1.3,15.0
2020-06-08,8481,7000.0,432700.0,62.0,62.0,61.2,62.0,0.5,7.0
2020-06-09,8481,3000.0,184200.0,60.6,61.8,60.6,61.8,-0.2,3.0
2020-06-10,8481,26070.0,1615784.0,62.0,62.1,61.6,61.8,0.0,19.0
2020-06-11,8481,16050.0,983760.0,61.4,61.8,60.9,61.8,0.0,14.0
2020-06-12,8481,11322.0,691099.0,61.1,61.2,60.6,61.2,-0.6,15.0
2020-06-15,8481,16000.0,974800.0,61.3,61.3,60.3,61.2,0.0,7.0
2020-06-16,8481,49000.0,3052600.0,61.5,63.5,61.5,61.8,0.6,38.0
2020-06-17,8481,12000.0,751100.0,61.8,63.4,61.8,62.3,0.5,12.0
2020-06-18,8481,10000.0,627400.0,62.3,62.9,62.3,62.9,0.6,10.0
2020-06-19,8481,22010.0,1386022.0,62.9,63.4,62.5,62.5,-0.4,16.0
2020-06-22,8481,24000.0,1511000.0,63.0,63.5,62.5,62.5,0.0,17.0
2020-06-23,8481,19252.0,1219050.0,63.0,63.5,63.0,63.5,1.0,13.0
2020-06-24,8481,5050.0,318870.0,63.4,63.4,63.0,63.0,-0.5,6.0
2020-06-29,8481,13000.0,818900.0,63.0,63.4,62.8,63.4,0.4,13.0
2020-06-30,8481,19000.0,1210200.0,63.9,63.9,63.6,63.7,0.3,9.0
2020-07-01,8481,14001.0,892363.0,63.9,63.9,63.7,63.7,0.0,13.0
2020-07-02,8481,7001.0,445463.0,63.6,63.7,63.6,63.7,0.0,7.0
2020-07-03,8481,18073.0,1147950.0,67.7,67.7,63.0,63.7,0.0,15.0
2020-07-06,8481,64000.0,4084000.0,63.3,64.3,63.3,63.9,0.2,29.0
2020-07-07,8481,59150.0,3783490.0,64.2,64.2,63.8,64.0,0.1,49.0
2020-07-08,8481,43000.0,2684100.0,61.2,63.9,61.2,62.4,0.0,39.0
2020-07-09,8481,16000.0,993000.0,61.8,62.5,61.6,62.3,-0.1,15.0
2020-07-10,8481,29000.0,1832300.0,63.0,63.8,62.9,62.9,0.6,16.0
2020-07-13,8481,33000.0,2116400.0,63.0,65.0,63.0,64.2,1.3,29.0
2020-07-14,8481,10000.0,639600.0,64.2,64.3,63.3,63.3,-0.9,9.0
2020-07-15,8481,7000.0,444100.0,64.1,64.1,63.3,63.5,0.2,6.0
2020-07-16,8481,11000.0,696200.0,63.3,63.8,63.0,63.0,-0.5,9.0
2020-07-17,8481,28322.0,1757967.0,62.5,62.5,61.6,62.2,-0.8,24.0
2020-07-20,8481,6150.0,382530.0,62.2,62.2,62.2,62.2,0.0,3.0
2020-07-21,8481,14000.0,868600.0,62.0,62.8,61.3,62.5,0.3,9.0
2020-07-22,8481,6000.0,372100.0,62.1,62.1,61.6,61.6,-0.9,5.0
2020-07-23,8481,84000.0,5261300.0,62.4,63.4,62.0,63.4,1.8,37.0
2020-07-24,8481,26000.0,1654500.0,63.9,64.9,63.0,63.4,0.0,22.0
2020-07-27,8481,14000.0,880700.0,63.2,63.3,62.8,62.8,-0.6,10.0
2020-07-28,8481,9020.0,558036.0,62.8,62.8,61.3,62.4,-0.4,10.0
2020-07-29,8481,4000.0,246600.0,61.6,61.8,61.6,61.6,-0.8,4.0
2020-07-30,8481,23851.0,1466265.0,61.4,62.0,61.3,61.5,-0.1,17.0
2020-07-31,8481,7800.0,486240.0,62.4,62.4,62.4,62.4,0.9,7.0
2020-08-03,8481,16000.0,991800.0,61.9,62.4,61.7,62.4,0.0,7.0
2020-08-04,8481,16000.0,998800.0,62.1,62.7,62.0,62.4,0.0,13.0
2020-08-05,8481,8045.0,498994.0,62.1,62.1,61.8,62.0,-0.4,8.0
2020-08-06,8481,15012.0,930844.0,62.0,62.1,61.9,62.0,0.0,15.0
2020-08-07,8481,18048.0,1115571.0,62.0,62.0,61.6,61.7,-0.3,17.0
2020-08-10,8481,17000.0,1052600.0,61.7,62.0,61.7,61.8,0.1,13.0
2020-08-11,8481,15119.0,934701.0,61.8,62.0,61.7,61.7,-0.1,13.0
2020-08-12,8481,7000.0,430500.0,61.3,62.0,61.2,61.6,-0.1,7.0
2020-08-13,8481,8000.0,492100.0,61.8,61.8,61.4,61.5,-0.1,7.0
2020-08-14,8481,12000.0,730300.0,61.1,61.9,60.0,61.9,0.4,11.0
2020-08-17,8481,4000.0,246600.0,61.2,61.9,61.2,61.6,-0.3,4.0
2020-08-18,8481,9000.0,550200.0,62.0,62.0,60.8,61.4,-0.2,6.0
2020-08-19,8481,6000.0,369700.0,61.7,61.8,61.0,61.6,0.2,5.0
2020-08-20,8481,7000.0,424900.0,60.5,61.8,60.2,61.8,0.2,7.0
2020-08-21,8481,41099.0,2550438.0,61.8,62.4,61.5,62.0,0.2,25.0
2020-08-24,8481,9000.0,561800.0,62.0,62.8,61.9,62.8,0.8,8.0
2020-08-25,8481,14000.0,877200.0,62.8,63.0,62.0,63.0,0.2,11.0
2020-08-26,8481,61000.0,3915500.0,64.8,64.8,63.5,64.1,1.1,36.0
2020-08-27,8481,69000.0,4455300.0,64.8,65.5,64.0,64.0,-0.1,52.0
2020-08-28,8481,35061.0,2258671.0,65.4,65.4,64.0,64.5,0.5,22.0
2020-08-31,8481,57000.0,3706000.0,64.9,65.5,64.6,64.8,0.3,44.0
2020-09-01,8481,71000.0,4639800.0,64.5,66.0,64.5,65.0,0.2,38.0
2020-09-02,8481,21132.0,1374419.0,65.2,65.3,64.6,65.3,0.3,17.0
2020-09-03,8481,26000.0,1706400.0,65.7,67.0,64.8,65.5,0.2,19.0
2020-09-04,8481,22069.0,1445860.0,65.5,65.6,65.2,65.6,0.1,16.0
2020-09-07,8481,4000.0,263400.0,65.6,66.0,65.6,66.0,0.4,3.0
2020-09-08,8481,6000.0,393300.0,65.5,65.8,65.5,65.8,-0.2,5.0
2020-09-09,8481,13000.0,848900.0,65.1,65.8,65.0,65.8,0.0,12.0
2020-09-10,8481,10500.0,692150.0,66.0,66.0,65.8,65.9,0.1,11.0
2020-09-11,8481,29000.0,1882600.0,66.0,66.0,64.5,65.0,-0.9,19.0
2020-09-14,8481,45119.0,2972454.0,64.5,66.4,64.5,66.0,1.0,34.0
2020-09-15,8481,3000.0,197000.0,66.0,66.0,65.5,65.5,-0.5,2.0
2020-09-16,8481,14000.0,925200.0,65.6,66.3,65.6,65.9,0.4,10.0
2020-09-17,8481,47000.0,3155400.0,66.2,67.9,66.2,67.8,1.9,37.0
2020-09-18,8481,103327.0,7220763.0,67.9,72.1,67.9,69.7,1.9,86.0
2020-09-21,8481,39099.0,2733260.0,69.4,71.0,69.3,69.8,0.1,35.0
2020-09-22,8481,11000.0,772100.0,70.1,70.5,70.0,70.0,0.2,11.0
2020-09-23,8481,30195.0,2082757.0,70.0,70.0,68.5,68.5,-1.5,23.0
2020-09-24,8481,22050.0,1477455.0,67.7,67.7,66.5,67.1,-1.4,22.0
2020-09-25,8481,27000.0,1808500.0,66.8,67.2,66.6,67.2,0.1,19.0
2020-09-28,8481,13000.0,876200.0,67.8,67.8,67.0,67.5,0.3,10.0
2020-09-29,8481,10252.0,699010.0,67.8,68.3,67.8,68.2,0.7,10.0
2020-09-30,8481,5000.0,342200.0,69.3,69.3,67.8,69.2,1.0,5.0
2020-10-05,8481,7000.0,484500.0,68.8,69.7,68.8,69.7,0.5,6.0
2020-10-06,8481,104000.0,7252400.0,70.0,71.0,68.9,70.7,1.0,55.0
2020-10-07,8481,28021.0,1954688.0,70.9,70.9,69.0,70.5,-0.2,26.0
2020-10-08,8481,15000.0,1057300.0,70.5,70.8,69.9,70.7,0.2,14.0
2020-10-12,8481,43000.0,3028700.0,71.3,71.5,70.0,70.1,-0.6,35.0
2020-10-13,8481,10000.0,696700.0,69.5,70.9,69.5,70.9,0.8,7.0
2020-10-14,8481,16000.0,1116700.0,70.4,70.4,69.5,69.9,-1.0,13.0
2020-10-15,8481,24000.0,1686700.0,70.0,70.5,70.0,70.2,0.3,22.0
2020-10-16,8481,24000.0,1687100.0,70.9,70.9,69.7,69.7,-0.5,12.0
2020-10-19,8481,22000.0,1543300.0,70.0,70.4,69.6,70.3,0.6,14.0
2020-10-20,8481,25000.0,1745300.0,70.1,70.1,69.5,69.7,-0.6,17.0
2020-10-21,8481,5000.0,351100.0,70.3,70.3,70.1,70.1,0.4,5.0
2020-10-22,8481,7000.0,488200.0,69.7,70.0,69.6,70.0,-0.1,6.0
2020-10-23,8481,6000.0,420500.0,70.0,70.5,70.0,70.5,0.5,4.0
2020-10-26,8481,7000.0,491500.0,70.7,70.8,70.0,70.0,-0.5,5.0
2020-10-27,8481,16323.0,1146110.0,70.8,70.8,69.8,69.8,-0.2,10.0
2020-10-28,8481,52300.0,3660970.0,69.8,71.2,69.5,69.5,-0.3,29.0
2020-10-29,8481,6001.0,416269.0,69.2,69.5,69.2,69.5,0.0,7.0
2020-10-30,8481,9119.0,632850.0,69.8,69.8,69.2,69.2,-0.3,11.0
2020-11-02,8481,6000.0,415800.0,69.2,69.5,69.2,69.2,0.0,5.0
2020-11-03,8481,15000.0,1065300.0,70.9,71.3,70.4,70.4,1.2,12.0
2020-11-04,8481,13500.0,959300.0,69.6,73.5,69.6,70.9,0.5,14.0
2020-11-05,8481,29000.0,2075600.0,71.5,72.0,70.5,72.0,1.1,21.0
2020-11-06,8481,60000.0,4368100.0,72.5,73.2,72.2,73.0,1.0,51.0
2020-11-09,8481,217500.0,16292975.0,75.8,75.9,73.7,75.0,2.0,171.0
2020-11-10,8481,117100.0,8647310.0,75.2,75.2,72.5,72.6,-2.4,92.0
2020-11-11,8481,63099.0,4624636.0,73.3,73.9,72.7,73.1,0.5,51.0
2020-11-12,8481,86000.0,6217100.0,73.5,73.5,71.8,71.8,-1.3,77.0
2020-11-13,8481,24015.0,1717659.0,71.9,72.2,71.2,71.7,-0.1,25.0
2020-11-16,8481,60085.0,4352002.0,72.1,73.3,71.5,72.5,0.8,53.0
2020-11-17,8481,27156.0,1978256.0,72.5,73.3,72.5,72.9,0.4,24.0
2020-11-18,8481,59000.0,4320300.0,73.5,73.5,72.9,73.4,0.5,49.0
2020-11-19,8481,25096.0,1843835.0,73.3,73.8,73.3,73.4,0.0,26.0
2020-11-20,8481,15000.0,1089100.0,72.7,72.9,72.5,72.6,-0.8,14.0
2020-11-23,8481,22000.0,1611100.0,72.8,73.4,72.8,73.3,0.7,19.0
2020-11-24,8481,12000.0,881500.0,73.9,73.9,73.2,73.2,-0.1,11.0
2020-11-25,8481,28000.0,2041200.0,73.3,73.3,72.7,72.8,-0.4,25.0
2020-11-26,8481,52750.0,3851174.0,73.0,73.4,72.7,73.3,0.5,32.0
2020-11-27,8481,8001.0,584773.0,73.5,73.5,73.0,73.2,-0.1,7.0
2020-11-30,8481,14750.0,1073200.0,72.6,73.1,72.6,72.7,-0.5,15.0
2020-12-01,8481,14000.0,1020600.0,72.7,73.3,72.5,73.3,0.6,12.0
2020-12-02,8481,7000.0,510700.0,73.3,73.3,72.6,72.8,-0.5,7.0
2020-12-03,8481,13000.0,942000.0,72.6,72.6,72.1,72.1,-0.7,12.0
2020-12-04,8481,14000.0,1012000.0,72.4,72.7,72.1,72.3,0.2,14.0
2020-12-07,8481,13000.0,935700.0,72.0,72.3,71.8,71.8,-0.5,12.0
2020-12-08,8481,16000.0,1146100.0,71.8,72.0,71.5,71.7,-0.1,15.0
2020-12-09,8481,14300.0,1023600.0,71.6,71.8,71.5,71.5,-0.2,16.0
2020-12-10,8481,21010.0,1512420.0,72.3,72.3,71.8,72.0,0.5,16.0
2020-12-11,8481,12000.0,865400.0,72.3,72.3,71.8,72.1,0.1,9.0
2020-12-14,8481,27002.0,1964746.0,72.6,73.2,72.5,73.0,0.9,20.0
2020-12-15,8481,14000.0,1016300.0,73.0,73.0,72.3,72.5,-0.5,5.0
2020-12-16,8481,52688.0,3846896.0,72.5,73.6,72.5,73.3,0.8,44.0
2020-12-17,8481,34000.0,2469600.0,73.4,73.4,72.3,72.6,-0.7,25.0
2020-12-18,8481,59000.0,4223800.0,72.0,72.1,71.0,71.0,-1.6,48.0
2020-12-21,8481,44000.0,3114800.0,71.1,71.7,70.2,70.5,-0.5,31.0
2020-12-22,8481,52000.0,3664900.0,70.8,71.4,70.1,70.3,-0.2,30.0
2020-12-23,8481,23000.0,1612600.0,70.8,70.8,70.0,70.2,-0.1,15.0
2020-12-24,8481,30000.0,2148500.0,70.5,73.0,70.3,70.3,0.1,23.0
2020-12-25,8481,22000.0,1569000.0,70.5,71.5,70.5,71.1,0.8,16.0
2020-12-28,8481,62000.0,4437700.0,70.8,72.0,70.4,71.6,0.5,39.0
2020-12-29,8481,58000.0,4162100.0,71.5,72.5,70.9,71.5,-0.1,33.0
2020-12-30,8481,30000.0,2142400.0,71.7,72.0,71.0,71.3,-0.2,22.0
2020-12-31,8481,44000.0,3160100.0,72.2,72.5,71.3,71.4,0.1,36.0
2021-01-04,8481,116200.0,8370600.0,72.0,72.7,71.3,72.0,0.6,71.0
2021-01-05,8481,71000.0,5090200.0,71.6,72.2,71.0,71.6,-0.4,35.0
2021-01-06,8481,37000.0,2629900.0,72.1,72.1,70.4,70.4,-1.2,31.0
2021-01-07,8481,48100.0,3374950.0,70.5,70.6,69.9,69.9,-0.5,35.0
2021-01-08,8481,50000.0,3469300.0,69.6,69.9,69.1,69.9,0.0,40.0
2021-01-11,8481,40000.0,2840200.0,70.7,71.2,70.7,70.7,0.8,18.0
2021-01-12,8481,14000.0,980800.0,70.6,70.6,69.4,69.9,-0.8,12.0
2021-01-13,8481,51000.0,3612600.0,70.7,71.2,70.1,70.7,0.8,23.0
2021-01-14,8481,65000.0,4606600.0,70.5,71.0,70.3,70.8,0.1,19.0
2021-01-15,8481,25000.0,1755000.0,70.1,70.5,70.0,70.5,-0.3,22.0
2021-01-18,8481,26000.0,1839700.0,70.6,70.9,70.3,70.8,0.3,15.0
2021-01-19,8481,52400.0,3696800.0,70.8,71.0,70.1,70.6,-0.2,30.0
2021-01-20,8481,22000.0,1539800.0,70.0,70.1,69.9,70.0,-0.6,18.0
2021-01-21,8481,28000.0,1980300.0,70.5,71.1,70.0,70.0,0.0,18.0
2021-01-22,8481,24000.0,1692000.0,70.7,70.7,70.4,70.5,0.5,14.0
2021-01-25,8481,35000.0,2462800.0,70.6,70.8,70.0,70.6,0.1,22.0
2021-01-26,8481,16000.0,1121200.0,70.3,70.3,70.0,70.0,-0.6,15.0
2021-01-27,8481,28021.0,1979488.0,70.5,71.1,70.0,70.6,0.6,22.0
2021-01-28,8481,27301.0,1917129.0,70.5,70.5,70.0,70.2,-0.4,24.0
2021-01-29,8481,17000.0,1191800.0,70.2,70.3,69.6,70.0,-0.2,16.0
2021-02-01,8481,31100.0,2191550.0,70.0,71.0,70.0,70.5,0.5,23.0
2021-02-02,8481,34395.0,2431645.0,70.6,71.0,70.5,70.7,0.2,25.0
2021-02-03,8481,10000.0,706000.0,70.6,71.0,70.5,70.5,-0.2,10.0
2021-02-04,8481,39505.0,2798055.0,70.2,72.0,70.0,71.2,0.7,29.0
2021-02-05,8481,34002.0,2426042.0,70.8,72.0,70.7,71.2,0.0,26.0
2021-02-17,8481,24000.0,1718500.0,71.0,71.9,70.8,71.6,0.4,16.0
2021-02-18,8481,5000.0,358200.0,71.8,71.8,71.3,71.7,0.1,5.0
2021-02-19,8481,46000.0,3285800.0,71.8,71.9,71.0,71.9,0.2,27.0
2021-02-22,8481,29000.0,2076500.0,71.9,72.0,71.2,71.6,-0.3,23.0
2021-02-23,8481,47000.0,3375100.0,71.8,72.1,71.6,71.8,0.2,36.0
2021-02-24,8481,32000.0,2301300.0,71.8,72.1,71.8,72.1,0.3,26.0
2021-02-25,8481,39001.0,2828872.0,72.4,73.0,72.2,73.0,0.9,33.0
2021-02-26,8481,27050.0,1945250.0,72.8,72.8,71.5,72.2,-0.8,23.0
2021-03-02,8481,101300.0,7471080.0,73.2,75.0,72.4,74.9,2.7,80.0
2021-03-03,8481,704619.0,57083140.0,75.7,82.3,75.1,82.3,7.4,413.0
2021-03-04,8481,1223335.0,109243474.0,85.0,90.5,83.7,90.5,8.2,761.0
2021-03-05,8481,1219089.0,108325003.0,91.0,95.0,84.1,88.0,-2.5,1013.0
2021-03-08,8481,468669.0,41790406.0,88.6,92.8,85.8,85.8,-2.2,417.0
2021-03-09,8481,221151.0,18980891.0,86.4,87.8,84.8,84.8,-1.0,166.0
2021-03-10,8481,161513.0,13422074.0,84.6,84.8,82.0,82.2,-2.6,141.0
2021-03-11,8481,119000.0,9926000.0,82.9,84.0,82.0,83.7,1.5,90.0
2021-03-12,8481,247250.0,20146848.0,84.0,84.1,80.1,80.4,-3.3,182.0
2021-03-15,8481,229351.0,19253495.0,79.7,87.5,79.7,84.7,4.3,212.0
2021-03-16,8481,126711.0,10757217.0,85.0,86.6,83.5,83.7,-1.0,98.0
2021-03-17,8481,199450.0,17086265.0,85.5,87.0,84.5,85.4,1.7,165.0
2021-03-18,8481,242102.0,20332469.0,85.4,86.4,82.8,83.0,-2.4,195.0
2021-03-19,8481,134134.0,11149434.0,83.0,84.2,82.0,84.2,1.2,96.0
2021-03-22,8481,292237.0,25327619.0,85.4,88.0,85.0,87.1,2.9,216.0
2021-03-23,8481,218245.0,18957726.0,87.1,88.8,84.4,87.9,0.8,187.0
2021-03-24,8481,143343.0,12515208.0,88.4,88.5,86.5,87.0,-0.9,114.0
2021-03-25,8481,155010.0,13640488.0,87.6,88.8,86.8,88.8,1.8,137.0
2021-03-26,8481,250606.0,22394533.0,89.0,91.7,88.3,88.6,-0.2,199.0
2021-03-29,8481,361898.0,32441784.0,89.3,90.7,88.6,90.0,1.4,324.0
2021-03-30,8481,223333.0,20197805.0,90.8,91.6,89.4,90.7,0.7,165.0
2021-03-31,8481,284322.0,25585697.0,90.7,90.8,88.7,89.9,-0.8,175.0
2021-04-01,8481,200360.0,17958197.0,90.1,90.2,89.1,89.2,-0.7,119.0
2021-04-06,8481,133255.0,11828802.0,89.8,90.1,88.1,88.8,-0.4,130.0
2021-04-07,8481,70083.0,6212677.0,88.6,88.9,88.3,88.9,0.1,64.0
2021-04-08,8481,115000.0,10332000.0,88.5,90.5,88.5,89.6,0.7,94.0
2021-04-09,8481,53023.0,4741665.0,89.6,89.9,89.0,89.1,-0.5,50.0
2021-04-12,8481,138195.0,12141612.0,89.6,89.6,85.0,88.1,-1.0,138.0
2021-04-13,8481,61302.0,5437576.0,88.1,89.3,88.1,88.5,0.4,57.0
2021-04-14,8481,72170.0,6394820.0,88.6,89.9,86.5,88.0,-0.5,65.0
2021-04-15,8481,57100.0,5035350.0,88.5,88.5,87.9,88.1,0.1,45.0
2021-04-16,8481,58120.0,5123379.0,88.1,88.3,88.1,88.2,0.1,45.0
2021-04-19,8481,70000.0,6222900.0,88.3,89.7,88.3,89.3,1.1,52.0
2021-04-20,8481,78245.0,6931267.0,89.8,89.9,88.0,88.7,-0.6,60.0
2021-04-21,8481,72052.0,6354291.0,88.2,88.6,88.0,88.0,-0.7,40.0
2021-04-22,8481,88030.0,7730734.0,88.2,88.4,87.0,87.0,-1.0,65.0
2021-04-23,8481,103067.0,8935901.0,86.0,87.9,86.0,87.1,0.1,80.0
2021-04-26,8481,54070.0,4693633.0,87.1,87.4,86.5,86.6,-0.5,48.0
2021-04-27,8481,53053.0,4614927.0,86.6,87.4,86.6,87.0,0.4,49.0
2021-04-28,8481,46000.0,3983100.0,86.6,87.0,86.3,87.0,0.0,36.0
2021-04-29,8481,60000.0,5176100.0,87.0,87.0,86.0,86.2,-0.8,50.0
2021-05-03,8481,38600.0,3318698.0,86.2,86.3,85.5,85.5,-0.7,46.0
2021-05-04,8481,133085.0,11170936.0,85.5,85.5,82.1,84.4,-1.1,122.0
2021-05-05,8481,25015.0,2103175.0,83.3,84.8,83.3,84.7,0.3,23.0
2021-05-06,8481,41571.0,3477468.0,85.3,85.3,83.1,83.9,-0.8,51.0
2021-05-07,8481,29135.0,2450300.0,83.6,84.5,83.6,84.4,0.5,29.0
2021-05-10,8481,25198.0,2134057.0,85.0,85.0,84.4,84.4,0.0,26.0
2021-05-11,8481,123137.0,10263865.0,84.5,85.0,81.5,81.7,-2.7,95.0
2021-05-12,8481,208241.0,16582805.0,83.0,83.0,78.1,79.3,-2.4,155.0
2021-05-13,8481,58100.0,4628327.0,79.3,81.0,77.9,79.6,0.3,55.0
2021-05-14,8481,51184.0,4084871.0,80.7,80.7,79.1,79.5,-0.1,44.0
2021-05-17,8481,112160.0,8471872.0,79.3,79.3,74.8,74.8,-4.7,95.0
2021-05-18,8481,28000.0,2201300.0,76.4,79.6,76.4,78.3,3.5,27.0
2021-05-19,8481,41015.0,3209980.0,78.3,78.8,77.8,78.0,-0.3,29.0
2021-05-20,8481,29000.0,2253500.0,78.0,78.0,76.9,77.3,-0.7,29.0
2021-05-21,8481,16119.0,1267851.0,78.2,79.0,78.2,78.8,1.5,17.0
2021-05-24,8481,40083.0,3183460.0,80.1,80.3,79.5,80.2,1.4,40.0
2021-05-25,8481,41013.0,3298647.0,80.1,80.7,80.1,80.7,0.5,39.0
2021-05-26,8481,51000.0,4103000.0,80.7,81.0,79.8,80.0,-0.7,44.0
2021-05-27,8481,23219.0,1851050.0,80.2,80.2,79.6,79.6,-0.4,26.0
2021-05-28,8481,19000.0,1541800.0,79.8,82.2,79.8,80.9,1.3,16.0
2021-05-31,8481,34220.0,2794461.0,82.6,82.6,81.4,81.4,0.5,27.0
2021-06-01,8481,15000.0,1217900.0,81.4,81.4,81.1,81.2,-0.2,15.0
2021-06-02,8481,27000.0,2198000.0,83.5,83.5,80.8,81.0,-0.2,26.0
2021-06-03,8481,29000.0,2355500.0,82.8,82.9,80.8,81.4,0.4,29.0
2021-06-04,8481,57050.0,4666874.0,80.6,82.5,80.6,81.8,0.4,33.0
2021-06-07,8481,24013.0,1946863.0,81.8,81.8,80.5,81.0,-0.8,25.0
2021-06-08,8481,24000.0,1943400.0,81.0,81.0,80.9,81.0,0.0,24.0
2021-06-09,8481,26160.0,2118876.0,81.0,81.1,80.8,80.9,-0.1,27.0
2021-06-10,8481,19530.0,1583030.0,81.0,81.5,81.0,81.5,0.6,23.0
2021-06-11,8481,18073.0,1481059.0,82.6,82.6,81.5,82.2,0.7,13.0
2021-06-15,8481,10001.0,822981.0,82.5,82.5,82.0,82.0,-0.2,11.0
2021-06-16,8481,25000.0,2059300.0,82.0,82.8,82.0,82.6,0.6,18.0
2021-06-17,8481,27000.0,2216000.0,82.1,82.1,81.7,82.1,-0.5,20.0
2021-06-18,8481,29000.0,2384900.0,82.4,82.7,81.9,82.1,0.0,20.0
2021-06-21,8481,109338.0,9247135.0,82.5,85.5,82.5,85.1,3.0,99.0
2021-06-22,8481,52599.0,4499256.0,86.0,86.0,85.2,85.4,0.3,54.0
2021-06-23,8481,76102.0,6580374.0,85.4,86.9,85.4,86.6,1.2,57.0
2021-06-24,8481,46450.0,4039154.0,86.6,87.4,86.6,87.4,0.8,44.0
2021-06-25,8481,158200.0,13987206.0,87.8,89.0,87.6,88.4,1.0,130.0
2021-06-28,8481,145790.0,13109765.0,90.0,90.3,89.0,89.8,1.4,117.0
2021-06-29,8481,71622.0,6417797.0,90.0,90.0,89.0,89.1,-0.7,78.0
2021-06-30,8481,77211.0,6924370.0,90.0,90.1,89.1,89.6,0.5,65.0
2021-07-01,8481,138398.0,12334829.0,89.7,89.7,88.5,89.2,-0.4,117.0
2021-07-02,8481,290494.0,25887309.0,89.4,89.8,88.1,89.8,0.6,225.0
2021-07-05,8481,181669.0,15034324.0,82.9,83.3,82.1,82.4,0.0,176.0
2021-07-06,8481,106918.0,8627497.0,82.4,82.4,80.0,80.5,-1.9,110.0
2021-07-07,8481,52773.0,4213844.0,80.1,80.3,79.3,79.4,-1.1,63.0
2021-07-08,8481,52388.0,4129448.0,79.0,79.1,78.6,79.0,-0.4,57.0
2021-07-09,8481,34617.0,2767045.0,79.6,80.7,79.2,79.6,0.6,40.0
2021-07-12,8481,39001.0,3094680.0,78.3,79.6,78.3,79.2,-0.4,38.0
2021-07-13,8481,29267.0,2312540.0,79.2,79.3,78.8,78.8,-0.4,29.0
2021-07-14,8481,13100.0,1038079.0,78.8,80.5,78.8,79.0,0.2,16.0
2021-07-15,8481,25259.0,1992460.0,78.7,79.3,78.7,78.7,-0.3,22.0
2021-07-16,8481,27059.0,2142972.0,79.1,79.6,78.4,79.1,0.4,28.0
2021-07-19,8481,15933.0,1263072.0,79.2,79.5,79.1,79.1,0.0,25.0
2021-07-20,8481,14439.0,1134884.0,79.1,79.1,78.0,78.0,-1.1,25.0
2021-07-21,8481,32109.0,2482055.0,78.1,78.3,76.7,76.7,-1.3,32.0
2021-07-22,8481,13000.0,1009200.0,77.2,78.0,76.8,77.0,0.3,13.0
2021-07-23,8481,16027.0,1240059.0,78.2,78.2,77.1,77.1,0.1,16.0
2021-07-26,8481,17020.0,1317768.0,77.0,77.9,77.0,77.1,0.0,15.0
2021-07-27,8481,25000.0,1927100.0,77.8,77.8,77.0,77.0,-0.1,16.0
2021-07-28,8481,14030.0,1070610.0,76.2,76.5,76.2,76.3,-0.7,12.0
2021-07-29,8481,33043.0,2488380.0,76.4,76.4,74.7,75.2,-1.1,28.0
2021-07-30,8481,8000.0,602300.0,75.2,75.4,75.2,75.3,0.1,7.0
2021-08-02,8481,10048.0,767142.0,76.0,76.5,76.0,76.5,1.2,10.0
2021-08-03,8481,5048.0,386170.0,76.5,76.5,76.5,76.5,0.0,8.0
2021-08-04,8481,8000.0,616900.0,77.0,77.5,77.0,77.4,0.9,6.0
2021-08-05,8481,5005.0,386825.0,77.5,77.9,77.0,77.9,0.5,5.0
2021-08-06,8481,8010.0,622879.0,77.5,78.0,77.5,78.0,0.1,9.0
2021-08-09,8481,49190.0,3890320.0,78.0,79.7,78.0,79.7,1.7,32.0
2021-08-10,8481,33045.0,2638200.0,78.1,80.5,78.1,79.5,-0.2,24.0
2021-08-11,8481,15205.0,1205662.0,79.5,79.5,79.2,79.2,-0.3,14.0
2021-08-12,8481,13005.0,1019596.0,79.2,79.3,77.5,78.5,-0.7,14.0
2021-08-13,8481,16000.0,1250800.0,78.5,78.9,77.1,78.3,-0.2,13.0
2021-08-16,8481,19009.0,1475004.0,78.0,78.0,77.2,78.0,-0.3,15.0
2021-08-17,8481,12633.0,990953.0,81.2,81.2,77.1,77.5,-0.5,18.0
2021-08-18,8481,19246.0,1487513.0,77.7,78.5,76.7,78.5,1.0,19.0
2021-08-19,8481,10099.0,782251.0,78.3,78.3,76.5,77.4,-1.1,10.0
2021-08-20,8481,14100.0,1071580.0,76.8,76.8,74.6,76.0,-1.4,14.0
2021-08-23,8481,7000.0,534100.0,76.0,76.9,76.0,76.9,0.9,7.0
2021-08-24,8481,15000.0,1168300.0,80.7,80.7,75.9,75.9,-1.0,14.0
2021-08-25,8481,6000.0,460700.0,77.0,77.0,76.3,77.0,1.1,6.0
2021-08-26,8481,7000.0,542100.0,77.5,77.5,77.1,77.1,0.1,3.0
2021-08-27,8481,7000.0,537800.0,76.6,77.5,76.5,76.5,-0.6,6.0
2021-08-30,8481,14100.0,1077780.0,76.5,77.2,76.1,77.2,0.7,15.0
2021-08-31,8481,16000.0,1221100.0,77.3,77.3,76.0,76.2,-1.0,16.0
2021-09-01,8481,57000.0,4295000.0,77.2,77.2,74.5,75.9,-0.3,46.0
2021-09-02,8481,45770.0,3435841.0,75.2,75.5,74.7,75.2,-0.7,48.0
2021-09-03,8481,31100.0,2336235.0,75.3,75.7,75.0,75.7,0.5,26.0
2021-09-06,8481,15000.0,1128460.0,76.0,76.0,75.0,75.1,-0.6,24.0
2021-09-07,8481,8110.0,605450.0,75.1,75.1,74.5,74.5,-0.6,12.0
2021-09-08,8481,50000.0,3689300.0,74.6,74.6,73.0,73.5,-1.0,28.0
2021-09-09,8481,12331.0,904245.0,73.9,73.9,73.0,73.2,-0.3,25.0
2021-09-10,8481,17669.0,1296202.0,73.3,74.2,73.2,74.2,1.0,21.0
2021-09-13,8481,14008.0,1036700.0,74.0,74.7,73.4,74.6,0.4,11.0
2021-09-14,8481,27000.0,2026200.0,74.6,75.5,74.5,75.4,0.8,19.0
2021-09-15,8481,27000.0,2021100.0,74.0,75.6,74.0,75.6,0.2,23.0
2021-09-16,8481,13071.0,989606.0,74.2,76.2,74.2,75.0,-0.6,10.0
2021-09-17,8481,6000.0,449400.0,75.0,75.0,74.8,74.8,-0.2,6.0
2021-09-22,8481,9000.0,671200.0,74.0,75.1,74.0,75.1,0.3,8.0
2021-09-23,8481,33000.0,2442200.0,74.0,74.2,73.8,73.8,-1.3,31.0
2021-09-24,8481,8502.0,630649.0,74.7,74.7,73.7,74.4,0.6,16.0
2021-09-27,8481,19499.0,1459528.0,74.4,75.9,74.2,74.8,0.4,26.0
2021-09-28,8481,23000.0,1701900.0,74.8,74.8,73.8,73.9,-0.9,20.0
2021-09-29,8481,38500.0,2820000.0,73.5,73.9,73.0,73.3,-0.6,28.0
2021-09-30,8481,2270.0,167026.0,73.3,73.8,73.3,73.8,0.5,5.0
2021-10-01,8481,20096.0,1465852.0,73.6,73.6,72.6,72.6,-1.2,22.0
2021-10-04,8481,36786.0,2665964.0,72.6,73.0,71.8,72.6,0.0,33.0
2021-10-05,8481,28363.0,2043084.0,72.0,72.9,71.6,72.9,0.3,13.0
2021-10-06,8481,13182.0,953263.0,72.2,72.5,72.2,72.3,-0.6,20.0
2021-10-07,8481,1081.0,78302.0,72.3,72.3,72.3,72.3,0.0,4.0
2021-10-08,8481,18541.0,1342467.0,74.0,74.0,72.0,73.3,1.0,15.0
2021-10-12,8481,18361.0,1319582.0,73.2,73.2,71.4,71.4,-1.9,29.0
2021-10-13,8481,20836.0,1485914.0,71.4,73.3,70.5,73.3,1.9,29.0
2021-10-14,8481,16050.0,1141385.0,72.0,72.0,71.0,71.0,-2.3,11.0
2021-10-15,8481,22045.0,1570540.0,72.0,72.2,70.6,71.5,0.5,22.0
2021-10-18,8481,17521.0,1246437.0,71.0,73.2,70.7,70.7,-0.8,22.0
2021-10-19,8481,31000.0,2188200.0,72.4,72.4,70.0,70.5,-0.2,26.0
2021-10-20,8481,7088.0,504683.0,72.2,72.2,70.6,71.4,0.9,11.0
2021-10-21,8481,43802.0,3083398.0,71.6,71.6,70.0,70.3,-1.1,57.0
2021-10-22,8481,7075.0,495487.0,70.1,70.1,70.0,70.1,-0.2,8.0
2021-10-25,8481,12047.0,850043.0,71.5,71.5,70.3,70.3,0.2,14.0
2021-10-26,8481,34093.0,2390574.0,70.5,70.5,69.8,70.2,-0.1,31.0
2021-10-27,8481,9201.0,645209.0,70.2,70.2,70.0,70.0,-0.2,18.0
2021-10-28,8481,9126.0,638839.0,70.0,70.0,70.0,70.0,0.0,13.0
2021-10-29,8481,16100.0,1126600.0,70.0,70.1,69.9,70.0,0.0,16.0
2021-11-01,8481,15475.0,1085161.0,70.0,70.7,69.9,70.7,0.7,20.0
2021-11-02,8481,27200.0,1970600.0,70.7,74.0,70.7,71.5,0.8,24.0
2021-11-03,8481,22395.0,1612495.0,72.5,72.5,71.5,71.6,0.1,27.0
2021-11-04,8481,10135.0,726220.0,72.1,72.1,71.5,71.9,0.3,12.0
2021-11-05,8481,3674.0,265259.0,72.1,72.3,72.1,72.3,0.4,18.0
2021-11-08,8481,32093.0,2286400.0,72.1,72.2,70.9,71.4,-0.9,37.0
2021-11-09,8481,8323.0,591021.0,71.2,71.2,70.8,71.2,-0.2,18.0
2021-11-10,8481,17120.0,1206861.0,70.8,70.8,70.3,70.5,-0.7,22.0
2021-11-11,8481,11028.0,785291.0,71.0,71.5,71.0,71.0,0.5,12.0
2021-11-12,8481,21000.0,1477300.0,69.3,72.0,69.3,72.0,1.0,20.0
2021-11-15,8481,2001.0,143972.0,72.0,72.0,71.9,71.9,-0.1,3.0
2021-11-16,8481,8210.0,584110.0,71.3,71.4,71.0,71.4,-0.5,10.0
2021-11-17,8481,3215.0,228199.0,70.8,71.4,70.7,71.4,0.0,6.0
2021-11-18,8481,6210.0,441286.0,70.8,71.4,70.8,71.4,0.0,10.0
2021-11-19,8481,5155.0,366877.0,71.3,71.3,71.0,71.3,-0.1,14.0
2021-11-22,8481,7293.0,516801.0,70.8,71.2,70.8,71.2,-0.1,16.0
2021-11-23,8481,2000.0,141400.0,70.7,70.7,70.7,70.7,-0.5,2.0
2021-11-24,8481,6005.0,425662.0,70.4,71.1,70.4,71.0,0.3,7.0
2021-11-25,8481,5230.0,372357.0,71.1,71.3,71.1,71.3,0.3,10.0
2021-11-26,8481,14071.0,1011254.0,72.0,72.1,71.5,71.5,0.2,17.0
2021-11-29,8481,7275.0,520464.0,71.6,71.7,71.3,71.3,-0.2,10.0
2021-11-30,8481,8015.0,572883.0,71.4,71.6,71.2,71.5,0.2,9.0
2021-12-01,8481,3015.0,215972.0,71.7,71.7,71.5,71.7,0.2,4.0
2021-12-02,8481,3061.0,219492.0,71.7,71.7,71.7,71.7,0.0,5.0
2021-12-03,8481,2000.0,142500.0,70.8,71.7,70.8,71.7,0.0,2.0
2021-12-06,8481,5035.0,359095.0,71.3,71.4,71.3,71.4,-0.3,7.0
2021-12-07,8481,12000.0,858900.0,72.5,72.5,71.1,71.3,-0.1,11.0
2021-12-08,8481,16088.0,1150136.0,71.7,71.7,71.4,71.6,0.3,20.0
2021-12-09,8481,6048.0,433956.0,71.8,71.8,71.6,71.8,0.2,8.0
2021-12-10,8481,21005.0,1511962.0,71.8,72.0,71.8,72.0,0.2,14.0
2021-12-13,8481,17062.0,1234000.0,71.2,72.5,71.2,72.4,0.4,12.0
2021-12-14,8481,8000.0,582300.0,73.1,73.1,72.5,72.6,0.2,5.0
2021-12-15,8481,6137.0,447773.0,73.0,73.0,72.9,73.0,0.4,9.0
2021-12-16,8481,14019.0,1028387.0,73.0,73.5,73.0,73.5,0.5,16.0
2021-12-17,8481,21041.0,1538013.0,74.3,74.3,71.7,73.2,-0.3,16.0
2021-12-20,8481,5125.0,369662.0,72.9,72.9,71.6,72.6,-0.6,7.0
2021-12-21,8481,15105.0,1097567.0,72.4,72.8,72.4,72.6,0.0,12.0
2021-12-22,8481,11248.0,818605.0,72.6,73.0,72.6,72.7,0.1,17.0
2021-12-23,8481,1046.0,75835.0,72.5,72.5,72.5,72.5,-0.2,14.0
2021-12-24,8481,15020.0,1093958.0,72.8,73.0,72.6,72.6,0.1,11.0
2021-12-27,8481,10000.0,730700.0,72.9,73.9,72.6,72.7,0.1,9.0
2021-12-28,8481,9008.0,653700.0,72.4,72.9,72.3,72.6,-0.1,11.0
2021-12-29,8481,18003.0,1326825.0,74.0,74.0,73.2,73.5,0.9,19.0
2021-12-30,8481,18311.0,1359130.0,73.8,74.7,73.8,74.4,0.9,21.0
2022-01-03,8481,6000.0,446000.0,74.5,74.5,74.0,74.0,-0.4,6.0
2022-01-04,8481,5128.0,380582.0,74.4,74.4,74.0,74.1,0.1,8.0
2022-01-05,8481,4006.0,294649.0,73.5,73.8,73.4,73.4,-0.7,6.0
2022-01-06,8481,5041.0,369626.0,73.4,73.4,73.2,73.3,-0.1,7.0
2022-01-07,8481,6282.0,462419.0,73.3,73.9,73.3,73.5,0.2,11.0
2022-01-10,8481,20076.0,1450000.0,73.0,73.3,71.5,71.9,-1.6,20.0
2022-01-11,8481,7000.0,501500.0,71.5,72.2,71.5,71.6,-0.3,7.0
2022-01-12,8481,3381.0,242248.0,71.6,71.8,71.6,71.8,0.2,15.0
2022-01-13,8481,5000.0,357700.0,71.5,71.7,71.5,71.7,-0.1,5.0
2022-01-14,8481,16009.0,1150448.0,71.5,72.7,71.2,72.3,0.6,14.0
2022-01-17,8481,9000.0,645400.0,71.6,72.0,71.6,72.0,-0.3,8.0
2022-01-18,8481,9000.0,646200.0,72.0,72.0,71.6,71.9,-0.1,9.0
2022-01-19,8481,13030.0,928260.0,71.0,71.5,71.0,71.4,-0.5,14.0
2022-01-20,8481,10236.0,734191.0,71.4,72.2,71.1,71.4,0.0,17.0
2022-01-21,8481,20031.0,1433513.0,71.5,71.8,71.4,71.4,0.0,20.0
2022-01-24,8481,12370.0,886125.0,71.4,72.0,71.4,71.7,0.3,75.0
2022-01-25,8481,20200.0,1436625.0,71.0,71.3,71.0,71.3,-0.4,54.0
2022-01-26,8481,23247.0,1654348.0,71.0,71.3,70.9,71.2,-0.1,76.0
2022-02-07,8481,47562.0,3367657.0,71.6,71.6,70.0,70.6,-0.6,154.0
2022-02-08,8481,42931.0,3016089.0,70.3,70.8,70.0,70.5,-0.1,132.0
2022-02-09,8481,16000.0,1132900.0,70.6,71.0,70.6,71.0,0.5,16.0
2022-02-10,8481,8037.0,573630.0,71.0,71.5,71.0,71.5,0.5,6.0
2022-02-11,8481,5043.0,361569.0,71.7,71.7,71.7,71.7,0.2,7.0
2022-02-14,8481,78055.0,5470283.0,70.1,70.8,70.0,70.2,-1.5,51.0
2022-02-15,8481,75995.0,5326253.0,70.2,70.8,69.9,70.0,-0.2,293.0
2022-02-16,8481,40000.0,2818200.0,70.0,71.5,70.0,70.2,0.2,38.0
2022-02-17,8481,40762.0,2854638.0,70.0,70.7,69.9,69.9,-0.3,129.0
2022-02-18,8481,50682.0,3543308.0,69.9,70.0,69.8,69.8,-0.1,146.0
2022-02-21,8481,19000.0,1328600.0,69.9,70.0,69.8,69.9,0.1,15.0
2022-02-22,8481,56976.0,3948872.0,69.9,69.9,69.0,69.9,0.0,55.0
2022-02-23,8481,48005.0,3316847.0,69.5,70.0,68.8,70.0,0.1,48.0
2022-02-24,8481,64000.0,4408100.0,69.9,69.9,68.5,68.7,-1.3,52.0
2022-02-25,8481,104950.0,7119867.0,68.0,68.8,67.5,67.8,-0.9,109.0
2022-03-01,8481,110201.0,7400783.0,68.5,68.5,66.8,67.0,-0.8,123.0
2022-03-02,8481,78453.0,5197891.0,67.0,67.0,65.8,65.8,-1.2,79.0
2022-03-03,8481,62311.0,4122978.0,66.4,66.8,65.8,66.0,0.2,60.0
2022-03-04,8481,111380.0,7254190.0,65.8,65.9,65.0,65.1,-0.9,98.0
2022-03-07,8481,26100.0,1699451.0,65.1,65.6,65.0,65.0,-0.1,24.0
2022-03-08,8481,37876.0,2446869.0,65.0,65.4,64.0,64.0,-1.0,51.0
2022-03-09,8481,16222.0,1043849.0,63.6,65.3,63.6,65.3,1.3,22.0
2022-03-10,8481,118209.0,7604161.0,65.2,65.2,64.0,64.3,-1.0,91.0
2022-03-11,8481,98140.0,6238766.0,65.4,65.4,63.0,63.2,-1.1,100.0
2022-03-14,8481,28392.0,1788393.0,63.9,63.9,62.7,62.7,-0.5,37.0
2022-03-15,8481,70207.0,4404343.0,63.0,63.1,62.4,62.5,-0.2,35.0
2022-03-16,8481,21050.0,1323935.0,62.5,63.1,62.5,63.0,0.5,17.0
2022-03-17,8481,75000.0,4745600.0,63.1,63.7,62.8,63.7,0.7,47.0
2022-03-18,8481,129000.0,8156300.0,63.8,63.9,62.9,63.0,-0.7,81.0
2022-03-21,8481,124167.0,7978187.0,64.4,65.2,63.5,64.8,1.8,87.0
2022-03-22,8481,117020.0,7648300.0,65.0,66.0,64.8,64.9,0.1,75.0
2022-03-23,8481,259022.0,16686636.0,64.9,65.6,63.9,64.7,-0.2,190.0
2022-03-24,8481,159021.0,10142260.0,64.7,64.7,63.3,63.5,-1.2,108.0
2022-03-25,8481,151919.0,9589977.0,63.9,63.9,62.9,63.3,-0.2,126.0
2022-03-28,8481,434505.0,28247587.0,64.7,67.0,64.0,65.3,2.0,341.0
2022-03-29,8481,333040.0,21784026.0,65.5,66.5,64.5,64.7,-0.6,235.0
2022-03-30,8481,391147.0,25204761.0,65.6,65.7,64.0,64.0,-0.7,289.0
2022-03-31,8481,109488.0,7142594.0,64.6,65.8,64.2,65.6,1.6,90.0
2022-04-01,8481,200104.0,13424132.0,66.0,68.0,65.8,67.6,2.0,184.0
2022-04-06,8481,242973.0,16787177.0,67.8,69.9,67.8,69.6,2.0,220.0
2022-04-07,8481,167730.0,11676125.0,69.6,70.6,68.3,69.8,0.2,176.0
2022-04-08,8481,79546.0,5575325.0,70.3,70.3,69.8,69.8,0.0,84.0
2022-04-11,8481,66519.0,4584568.0,69.8,69.8,68.5,68.6,-1.2,75.0
2022-04-12,8481,41447.0,2829967.0,68.6,68.8,68.0,68.3,-0.3,44.0
2022-04-13,8481,66946.0,4583751.0,68.3,68.8,68.1,68.5,0.2,70.0
2022-04-14,8481,62293.0,4274824.0,68.5,68.8,68.4,68.6,0.1,51.0
2022-04-15,8481,45720.0,3105964.0,68.2,68.3,67.7,68.0,-0.6,47.0
2022-04-18,8481,38840.0,2652850.0,68.0,69.6,67.9,68.0,0.0,35.0
2022-04-19,8481,19547.0,1340250.0,69.5,69.5,68.1,68.3,0.3,23.0
2022-04-20,8481,42354.0,2899931.0,68.3,68.7,68.0,68.7,0.4,45.0
2022-04-21,8481,32410.0,2233411.0,69.0,69.0,68.8,68.8,0.1,51.0
2022-04-22,8481,22156.0,1516122.0,69.0,69.0,68.2,68.5,-0.3,61.0
2022-04-25,8481,37405.0,2519275.0,68.0,68.0,67.0,67.3,-1.2,35.0
2022-04-26,8481,16543.0,1114305.0,67.3,67.5,67.2,67.2,-0.1,40.0
2022-04-27,8481,22669.0,1506478.0,66.2,66.8,66.0,66.8,-0.4,30.0
2022-04-28,8481,22087.0,1481649.0,66.6,67.3,66.6,67.0,0.2,20.0
2022-04-29,8481,18043.0,1224090.0,67.0,68.5,67.0,67.5,0.5,16.0
2022-05-03,8481,10361.0,703028.0,68.0,68.0,67.7,67.8,0.3,16.0
2022-05-04,8481,22005.0,1487438.0,67.7,68.4,67.4,67.7,-0.1,18.0
2022-05-05,8481,15176.0,1029945.0,68.5,68.5,67.7,67.7,0.0,17.0
2022-05-06,8481,23050.0,1548880.0,66.6,67.6,66.6,67.2,-0.5,22.0
2022-05-09,8481,20137.0,1344168.0,66.9,66.9,66.6,66.7,-0.5,26.0
2022-05-10,8481,22157.0,1466779.0,66.7,66.7,66.0,66.4,-0.3,24.0
2022-05-11,8481,12181.0,812038.0,66.6,67.0,66.5,66.6,0.2,18.0
2022-05-12,8481,18270.0,1214679.0,66.5,66.5,66.3,66.4,-0.2,17.0
2022-05-13,8481,15032.0,1000330.0,66.9,66.9,66.4,66.6,0.2,21.0
2022-05-16,8481,23000.0,1536200.0,66.8,66.9,66.7,66.8,0.2,18.0
2022-05-17,8481,19000.0,1271400.0,66.9,67.0,66.8,66.9,0.1,18.0
2022-05-18,8481,60000.0,4032100.0,67.0,68.2,66.4,67.3,0.4,52.0
2022-05-19,8481,13076.0,876288.0,67.2,67.5,66.6,66.9,-0.4,16.0
2022-05-20,8481,32000.0,2146900.0,67.5,67.5,66.9,67.5,0.6,22.0
2022-05-23,8481,14006.0,952383.0,67.8,68.4,67.7,67.8,0.3,23.0
2022-05-24,8481,15000.0,1014300.0,67.9,67.9,67.4,67.4,-0.4,13.0
2022-05-25,8481,2000.0,136600.0,68.3,68.3,68.3,68.3,0.9,2.0
2022-05-26,8481,52332.0,3611343.0,68.6,69.5,68.3,68.8,0.5,46.0
2022-05-27,8481,18204.0,1255942.0,68.3,69.5,68.3,69.1,0.3,24.0
2022-05-30,8481,38750.0,2682412.0,69.2,69.8,68.9,69.7,0.6,95.0
2022-05-31,8481,30595.0,2137541.0,69.6,70.5,69.3,69.4,-0.3,40.0
2022-06-01,8481,19432.0,1350434.0,69.0,70.0,69.0,69.3,-0.1,27.0
2022-06-02,8481,14104.0,970826.0,68.5,69.0,68.5,68.8,-0.5,15.0
2022-06-06,8481,13000.0,896300.0,68.6,69.0,68.6,68.9,0.1,11.0
2022-06-07,8481,7242.0,501541.0,69.0,69.4,69.0,69.2,0.3,16.0
2022-06-08,8481,27125.0,1882880.0,69.6,69.9,69.1,69.1,-0.1,29.0
2022-06-09,8481,11004.0,763478.0,69.6,69.6,69.1,69.3,0.2,9.0
2022-06-10,8481,11015.0,760442.0,68.7,69.2,68.7,69.2,-0.1,10.0
2022-06-13,8481,33015.0,2282739.0,68.9,69.7,68.7,69.0,-0.2,31.0
2022-06-14,8481,15465.0,1062329.0,68.8,68.8,68.5,68.7,-0.3,57.0
2022-06-15,8481,19612.0,1358888.0,68.7,69.4,68.7,69.1,0.4,26.0
2022-06-16,8481,26474.0,1837544.0,69.9,70.0,68.9,68.9,-0.2,38.0
2022-06-17,8481,7152.0,492526.0,68.9,69.0,68.7,69.0,0.1,10.0
2022-06-20,8481,26077.0,1791979.0,69.1,69.1,68.5,68.5,-0.5,27.0
2022-06-21,8481,33073.0,2288426.0,68.9,70.0,68.5,69.1,0.6,33.0
2022-06-22,8481,23019.0,1575716.0,68.7,69.0,68.0,68.5,-0.6,21.0
2022-06-23,8481,24000.0,1640100.0,69.0,69.0,68.0,68.4,-0.1,23.0
2022-06-24,8481,40424.0,2750549.0,68.5,68.9,67.5,67.9,-0.5,43.0
2022-06-27,8481,48974.0,3323043.0,68.1,68.1,67.5,67.9,0.0,53.0
2022-06-28,8481,39044.0,2633514.0,68.1,68.2,67.0,67.5,-0.4,36.0
2022-06-29,8481,15019.0,1012803.0,67.5,67.5,67.0,67.5,0.0,14.0
2022-06-30,8481,38000.0,2560300.0,67.5,68.0,67.0,67.4,-0.1,35.0
2022-07-01,8481,93632.0,6256435.0,67.4,67.4,66.3,66.9,-0.5,82.0
2022-07-04,8481,65351.0,3955401.0,60.7,60.8,60.4,60.7,0.0,58.0
2022-07-05,8481,14610.0,901116.0,61.9,62.1,61.1,61.1,0.4,24.0
2022-07-06,8481,20264.0,1239246.0,61.2,61.3,61.0,61.1,0.0,26.0
2022-07-07,8481,11062.0,672582.0,61.0,61.2,60.1,61.2,0.1,21.0
2022-07-08,8481,6298.0,383009.0,61.0,61.0,60.8,60.8,-0.4,8.0
2022-07-11,8481,3101.0,185340.0,60.2,60.2,59.5,59.5,-1.3,6.0
2022-07-12,8481,37129.0,2168785.0,59.5,59.5,58.0,58.5,-1.0,39.0
2022-07-13,8481,16100.0,948859.0,59.3,59.3,58.7,58.7,0.2,18.0
2022-07-14,8481,4000.0,233000.0,58.2,58.5,58.1,58.5,-0.2,3.0
2022-07-15,8481,14411.0,841471.0,58.0,58.5,58.0,58.5,0.0,21.0
2022-07-18,8481,8066.0,467767.0,57.7,58.3,57.7,58.1,-0.4,9.0
2022-07-19,8481,11050.0,641005.0,58.1,58.1,58.0,58.0,-0.1,11.0
2022-07-20,8481,36000.0,2108000.0,58.0,58.9,58.0,58.4,0.4,22.0
2022-07-21,8481,15000.0,883700.0,59.0,59.0,58.8,59.0,0.6,15.0
2022-07-22,8481,6000.0,357000.0,59.5,59.5,59.5,59.5,0.5,6.0
2022-07-25,8481,4000.0,238400.0,60.0,60.0,58.9,59.5,0.0,4.0
2022-07-26,8481,11000.0,656500.0,59.0,60.0,58.7,60.0,0.5,11.0
2022-07-27,8481,10166.0,604592.0,59.1,59.5,59.1,59.5,-0.5,13.0
2022-07-28,8481,22000.0,1315000.0,59.5,60.4,59.2,59.2,-0.3,17.0
2022-07-29,8481,15099.0,895761.0,59.5,59.5,59.2,59.2,0.0,17.0
2022-08-01,8481,10030.0,593885.0,59.2,59.3,59.2,59.3,0.1,7.0
2022-08-02,8481,11000.0,654000.0,59.3,60.0,58.8,60.0,0.7,11.0
2022-08-03,8481,16000.0,954200.0,60.0,60.0,58.2,59.7,-0.3,12.0
2022-08-04,8481,30000.0,1770500.0,59.3,59.7,58.5,59.1,-0.6,29.0
2022-08-05,8481,29039.0,1714424.0,59.1,59.3,58.7,59.3,0.2,25.0
2022-08-08,8481,14351.0,841379.0,59.7,59.7,58.2,59.1,-0.2,17.0
2022-08-09,8481,12000.0,711100.0,59.5,59.6,59.1,59.2,0.1,10.0
2022-08-10,8481,12020.0,711876.0,59.0,59.5,59.0,59.2,0.0,13.0
2022-08-11,8481,32250.0,1908877.0,59.5,59.8,58.8,59.3,0.1,35.0
2022-08-12,8481,10081.0,598749.0,59.3,59.5,59.3,59.4,0.1,13.0
2022-08-15,8481,18000.0,1071400.0,59.5,59.7,59.4,59.7,0.3,17.0
2022-08-16,8481,18000.0,1072800.0,59.7,59.8,59.4,59.8,0.1,17.0
2022-08-17,8481,24059.0,1438340.0,59.8,60.1,58.9,59.6,-0.2,20.0
2022-08-18,8481,17464.0,1044744.0,59.8,59.9,59.6,59.8,0.2,17.0
2022-08-19,8481,18394.0,1107039.0,60.5,60.6,60.0,60.3,0.5,35.0
2022-08-22,8481,38078.0,2315700.0,60.3,61.0,60.3,61.0,0.7,32.0
2022-08-23,8481,22344.0,1370205.0,61.0,61.5,61.0,61.4,0.4,24.0
2022-08-24,8481,50201.0,3099580.0,61.8,61.9,61.6,61.8,0.4,32.0
2022-08-25,8481,16114.0,999268.0,62.0,62.2,61.9,62.0,0.2,15.0
2022-08-26,8481,27399.0,1706496.0,62.5,62.5,62.1,62.2,0.2,20.0
2022-08-29,8481,17301.0,1066390.0,62.0,62.0,61.5,61.5,-0.7,15.0
2022-08-30,8481,17000.0,1046900.0,61.5,62.0,61.2,61.5,0.0,14.0
2022-08-31,8481,24050.0,1470974.0,61.5,61.5,60.9,61.0,-0.5,17.0
2022-09-01,8481,26169.0,1583286.0,61.0,61.0,60.2,60.3,-0.7,57.0
2022-09-02,8481,3042.0,184562.0,60.8,60.8,60.5,60.5,0.2,6.0
2022-09-05,8481,12062.0,727749.0,60.5,60.5,60.2,60.2,-0.3,28.0
2022-09-06,8481,17060.0,1021329.0,59.8,60.1,59.7,60.1,-0.1,11.0
2022-09-07,8481,15289.0,905376.0,59.6,59.6,58.9,59.0,-1.1,57.0
2022-09-08,8481,6000.0,357300.0,59.0,60.1,59.0,60.1,1.1,5.0
2022-09-12,8481,12136.0,731112.0,60.4,60.4,60.1,60.1,0.0,15.0
2022-09-13,8481,10105.0,605410.0,59.6,60.0,59.5,60.0,-0.1,14.0
2022-09-14,8481,31000.0,1850600.0,59.7,60.0,59.4,59.7,-0.3,25.0
2022-09-15,8481,36000.0,2149800.0,59.5,60.7,59.4,59.4,-0.3,25.0
2022-09-16,8481,8000.0,474100.0,58.8,59.9,58.8,59.5,0.1,8.0
2022-09-19,8481,9000.0,532500.0,59.5,59.5,59.0,59.0,-0.5,8.0
2022-09-20,8481,26230.0,1548377.0,59.2,59.3,58.8,59.3,0.3,24.0
2022-09-21,8481,22022.0,1292891.0,58.8,58.8,58.5,58.5,-0.8,23.0
2022-09-22,8481,12000.0,706100.0,58.2,59.8,58.2,59.3,0.8,8.0
2022-09-23,8481,10010.0,588590.0,59.0,59.0,58.5,58.5,-0.8,11.0
2022-09-26,8481,29190.0,1692502.0,58.1,58.5,57.3,57.5,-1.0,41.0
2022-09-27,8481,11318.0,647220.0,57.0,57.5,56.6,57.5,0.0,19.0
2022-09-28,8481,40344.0,2251903.0,57.5,57.5,54.1,55.8,-1.7,51.0
2022-09-29,8481,30033.0,1673548.0,56.0,56.4,55.3,56.3,0.5,29.0
2022-09-30,8481,3000.0,169900.0,56.3,56.8,56.3,56.8,0.5,3.0
2022-10-03,8481,16094.0,914238.0,56.8,57.2,56.4,56.7,-0.1,18.0
2022-10-04,8481,34053.0,1980621.0,56.7,60.0,56.7,58.2,1.5,24.0
2022-10-05,8481,7000.0,406100.0,58.1,58.2,57.7,58.0,-0.2,7.0
2022-10-06,8481,4000.0,231000.0,57.8,57.8,57.7,57.7,-0.3,3.0
2022-10-07,8481,5109.0,293513.0,57.7,57.7,57.0,57.0,-0.7,16.0
2022-10-11,8481,9605.0,542151.0,56.7,56.7,56.0,56.6,-0.4,17.0
2022-10-12,8481,9400.0,527816.0,56.1,56.4,56.0,56.4,-0.2,18.0
2022-10-13,8481,34168.0,1894208.0,56.4,56.5,54.3,54.9,-1.5,39.0
2022-10-14,8481,14020.0,777820.0,56.0,56.0,54.2,55.5,0.6,14.0
2022-10-17,8481,14296.0,785765.0,55.5,55.6,54.1,55.5,0.0,23.0
2022-10-18,8481,13284.0,740061.0,56.0,56.0,55.5,55.8,0.3,14.0
2022-10-19,8481,9025.0,497955.0,54.6,55.6,54.6,55.3,-0.5,10.0
2022-10-20,8481,6001.0,329156.0,54.8,55.0,54.7,54.9,-0.4,7.0
2022-10-21,8481,19100.0,1041199.0,54.6,54.7,54.3,54.3,-0.6,20.0
2022-10-24,8481,7001.0,381155.0,54.3,54.5,54.3,54.5,0.2,8.0
2022-10-25,8481,4000.0,218200.0,54.3,54.7,54.3,54.7,0.2,4.0
2022-10-26,8481,12000.0,654800.0,54.7,54.9,54.0,54.7,0.0,12.0
2022-10-27,8481,7084.0,387920.0,54.7,54.8,54.7,54.7,0.0,9.0
2022-10-28,8481,13183.0,727318.0,56.0,56.0,54.8,55.0,0.3,17.0
2022-10-31,8481,10004.0,554525.0,55.5,55.9,55.1,55.1,0.1,11.0
2022-11-01,8481,4513.0,252322.0,55.9,56.0,55.9,56.0,0.9,12.0
2022-11-02,8481,7216.0,404525.0,56.0,56.5,55.8,56.5,0.5,9.0
2022-11-03,8481,5016.0,282512.0,55.7,56.9,55.7,56.9,0.4,7.0
2022-11-04,8481,7009.0,396911.0,56.6,56.9,56.5,56.9,0.0,9.0
2022-11-07,8481,16000.0,903600.0,57.0,57.1,56.0,56.5,-0.4,15.0
2022-11-08,8481,12010.0,677766.0,56.5,56.8,56.3,56.4,-0.1,13.0
2022-11-09,8481,20830.0,1174991.0,56.1,56.9,55.2,56.5,0.1,31.0
2022-11-10,8481,6161.0,344212.0,56.3,56.3,55.6,56.0,-0.5,9.0
2022-11-11,8481,17205.0,963579.0,56.4,56.4,55.5,56.1,0.1,37.0
2022-11-14,8481,24014.0,1331591.0,55.2,55.7,55.2,55.7,-0.4,20.0
2022-11-15,8481,29077.0,1619272.0,55.6,56.3,55.3,56.3,0.6,29.0
2022-11-16,8481,17024.0,956256.0,56.1,56.4,56.0,56.1,-0.2,19.0
2022-11-17,8481,21000.0,1178600.0,56.0,56.5,56.0,56.4,0.3,18.0
2022-11-18,8481,23000.0,1279800.0,55.3,56.4,55.3,55.8,-0.6,21.0
2022-11-21,8481,7000.0,391300.0,56.7,56.7,55.6,55.8,0.0,7.0
2022-11-22,8481,7000.0,391100.0,55.9,56.0,55.8,55.9,0.1,7.0
2022-11-23,8481,9001.0,500961.0,55.3,56.0,55.3,55.7,-0.2,10.0
2022-11-24,8481,14000.0,782600.0,56.1,56.5,55.6,56.5,0.8,14.0
2022-11-25,8481,4000.0,225600.0,56.5,56.5,56.3,56.5,0.0,4.0
2022-11-28,8481,19000.0,1087900.0,57.0,58.0,57.0,57.0,0.5,18.0
2022-11-29,8481,9000.0,520100.0,57.0,57.9,57.0,57.9,0.9,7.0
2022-11-30,8481,26000.0,1502500.0,57.8,58.3,57.5,58.3,0.4,21.0
2022-12-01,8481,13000.0,763400.0,58.3,58.9,58.3,58.7,0.4,13.0
2022-12-02,8481,15000.0,881300.0,58.8,58.9,58.7,58.8,0.1,14.0
2022-12-05,8481,14000.0,820500.0,59.2,59.2,58.2,59.0,0.2,13.0
2022-12-06,8481,12060.0,706857.0,59.0,59.0,58.4,58.9,-0.1,12.0
2022-12-07,8481,8000.0,467700.0,59.0,59.0,58.1,58.2,-0.7,8.0
2022-12-08,8481,7001.0,403660.0,58.2,58.2,57.3,57.6,-0.6,8.0
2022-12-09,8481,6141.0,353257.0,57.6,57.7,57.4,57.4,-0.2,11.0
2022-12-12,8481,7061.0,405677.0,57.4,57.6,57.4,57.5,0.1,7.0
2022-12-13,8481,23001.0,1303358.0,56.7,57.0,56.3,56.8,-0.7,24.0
2022-12-14,8481,20058.0,1148752.0,58.0,58.8,56.9,57.0,0.2,19.0
2022-12-15,8481,14000.0,796800.0,57.1,57.6,56.3,57.0,0.0,12.0
2022-12-16,8481,10000.0,567300.0,57.0,57.0,56.3,56.8,-0.2,10.0
2022-12-19,8481,17010.0,961270.0,56.8,56.8,56.3,56.3,-0.5,17.0
2022-12-20,8481,19000.0,1058000.0,56.0,56.0,55.5,55.7,-0.6,17.0
2022-12-21,8481,22000.0,1212000.0,54.7,56.2,54.6,55.5,-0.2,17.0
2022-12-22,8481,7000.0,396400.0,57.4,57.4,56.0,56.0,0.5,4.0
2022-12-23,8481,6000.0,333700.0,55.7,55.7,55.5,55.5,-0.5,5.0
2022-12-26,8481,4050.0,224825.0,55.5,55.6,55.4,55.4,-0.1,5.0
2022-12-27,8481,9037.0,503479.0,56.0,56.0,55.2,55.5,0.1,6.0
2022-12-28,8481,5000.0,280300.0,56.0,56.3,55.8,55.8,0.3,5.0
2022-12-29,8481,3015.0,168037.0,55.8,55.8,55.7,55.7,-0.1,5.0
2022-12-30,8481,5000.0,279700.0,56.0,56.0,55.7,55.7,0.0,4.0
2023-01-03,8481,4014.0,227777.0,56.5,57.5,56.5,57.5,1.8,4.0
2023-01-04,8481,12000.0,681800.0,57.1,57.1,56.1,56.9,-0.6,10.0
2023-01-05,8481,6000.0,338800.0,56.9,56.9,56.0,56.5,-0.4,6.0
2023-01-06,8481,5000.0,284200.0,57.0,57.0,56.2,57.0,0.5,4.0
2023-01-09,8481,5000.0,285000.0,57.0,57.4,56.6,57.4,0.4,5.0
2023-01-10,8481,11150.0,640900.0,57.5,57.6,57.1,57.3,-0.1,9.0
2023-01-11,8481,8000.0,454300.0,57.1,57.1,56.6,56.8,-0.5,8.0
2023-01-12,8481,11042.0,627897.0,57.0,57.0,56.8,56.9,0.1,7.0
2023-01-13,8481,6018.0,340972.0,56.9,56.9,56.5,56.7,-0.2,7.0
2023-01-16,8481,4000.0,226000.0,56.7,56.7,56.3,56.6,-0.1,4.0
2023-01-17,8481,20000.0,1127400.0,56.6,57.6,55.7,56.8,0.2,17.0
2023-01-30,8481,17057.0,968502.0,56.8,57.5,56.5,56.5,-0.3,17.0
2023-01-31,8481,2035.0,116261.0,57.0,57.2,57.0,57.2,0.7,4.0
2023-02-01,8481,12000.0,689100.0,57.5,57.5,57.0,57.4,0.2,11.0
2023-02-02,8481,15000.0,862300.0,57.4,57.6,57.4,57.6,0.2,12.0
2023-02-03,8481,11000.0,634600.0,57.9,57.9,57.5,57.8,0.2,10.0
2023-02-06,8481,17000.0,977200.0,57.7,57.7,57.3,57.3,-0.5,15.0
2023-02-07,8481,13000.0,744800.0,57.2,57.3,57.2,57.3,0.0,8.0
2023-02-08,8481,12000.0,690900.0,57.4,57.7,57.4,57.7,0.4,12.0
2023-02-09,8481,12020.0,695268.0,57.9,57.9,57.7,57.9,0.2,13.0
2023-02-10,8481,8020.0,464675.0,57.9,58.0,57.9,58.0,0.1,10.0
2023-02-13,8481,14001.0,800859.0,58.2,58.2,57.0,57.1,-0.9,14.0
2023-02-14,8481,9073.0,518093.0,57.2,57.2,57.0,57.0,-0.1,14.0
2023-02-15,8481,7151.0,408600.0,57.0,57.5,57.0,57.5,0.5,10.0
2023-02-16,8481,6051.0,344862.0,57.0,57.1,56.6,57.1,-0.4,9.0
2023-02-17,8481,6005.0,344205.0,57.1,58.3,57.1,57.2,0.1,11.0
2023-02-20,8481,10310.0,593070.0,57.1,58.4,57.1,58.0,0.8,21.0
2023-02-21,8481,11251.0,652698.0,58.0,58.2,57.9,58.2,0.2,17.0
2023-02-22,8481,15059.0,872692.0,57.6,58.0,57.6,58.0,-0.2,13.0
2023-02-23,8481,25178.0,1462559.0,58.3,58.4,57.8,58.0,0.0,26.0
2023-02-24,8481,12634.0,736332.0,58.2,58.3,58.1,58.3,0.3,22.0
2023-03-01,8481,10305.0,601234.0,58.1,58.4,58.1,58.3,0.0,20.0
2023-03-02,8481,19347.0,1137506.0,58.3,59.3,58.3,59.3,1.0,29.0
2023-03-03,8481,20258.0,1197511.0,59.3,59.4,58.8,58.8,-0.5,49.0
2023-03-06,8481,10002.0,590622.0,59.2,59.2,59.0,59.0,0.2,11.0
2023-03-07,8481,16076.0,947421.0,58.8,59.1,58.8,59.1,0.1,19.0
2023-03-08,8481,17181.0,1016014.0,59.0,59.5,58.9,59.5,0.4,19.0
2023-03-09,8481,11186.0,662367.0,59.5,59.5,59.0,59.3,-0.2,16.0
2023-03-10,8481,34370.0,2006692.0,59.0,59.0,58.0,58.1,-1.2,41.0
2023-03-13,8481,42046.0,2419339.0,58.1,58.3,56.5,58.2,0.1,38.0
2023-03-14,8481,8000.0,460500.0,57.4,57.7,57.4,57.6,-0.6,8.0
2023-03-15,8481,3000.0,173200.0,57.7,57.8,57.7,57.7,0.1,3.0
2023-03-16,8481,10190.0,590969.0,58.0,58.1,57.7,57.7,0.0,16.0
2023-03-17,8481,6000.0,347300.0,57.8,57.9,57.8,57.9,0.2,6.0
2023-03-20,8481,4044.0,234251.0,56.4,58.5,56.4,58.4,0.5,7.0
2023-03-21,8481,23000.0,1342100.0,58.4,58.4,58.3,58.3,-0.1,20.0
2023-03-22,8481,14184.0,834181.0,58.5,59.2,58.4,58.8,0.5,15.0
2023-03-23,8481,15021.0,877136.0,58.6,58.7,58.2,58.7,-0.1,17.0
2023-03-24,8481,13000.0,765800.0,58.7,59.0,58.7,58.8,0.1,8.0
2023-03-27,8481,52217.0,3014085.0,58.6,58.6,57.3,57.7,-1.1,52.0
2023-03-28,8481,20212.0,1162597.0,57.7,57.8,57.3,57.5,-0.2,23.0
2023-03-29,8481,7308.0,419165.0,57.5,57.5,57.1,57.1,-0.4,13.0
2023-03-30,8481,16571.0,949743.0,57.1,57.5,57.1,57.3,0.2,16.0
2023-03-31,8481,16001.0,918361.0,57.4,57.9,57.3,57.5,0.2,12.0
2023-04-06,8481,8001.0,461763.0,57.7,57.8,57.6,57.7,0.2,9.0
2023-04-07,8481,7001.0,404562.0,57.7,57.8,57.7,57.8,0.1,7.0
2023-04-10,8481,5200.0,300500.0,58.0,58.0,57.4,57.7,-0.1,6.0
2023-04-11,8481,13208.0,765200.0,57.7,58.0,57.7,57.9,0.2,15.0
2023-04-12,8481,40000.0,2336000.0,58.2,58.8,58.0,58.2,0.3,25.0
2023-04-13,8481,24162.0,1415757.0,58.2,59.1,58.2,58.6,0.4,31.0
2023-04-14,8481,18979.0,1108018.0,58.7,58.7,58.0,58.0,-0.6,28.0
2023-04-17,8481,23017.0,1336237.0,58.0,58.3,57.9,58.0,0.0,20.0
2023-04-18,8481,12600.0,734700.0,58.5,58.5,58.0,58.0,0.0,14.0
2023-04-19,8481,13000.0,758600.0,58.0,58.5,58.0,58.2,0.2,11.0
2023-04-20,8481,11278.0,656206.0,58.0,58.5,58.0,58.2,0.0,15.0
2023-04-21,8481,16259.0,934725.0,58.1,58.1,57.0,57.7,-0.5,20.0
2023-04-24,8481,3000.0,173800.0,58.0,58.0,57.8,57.8,0.1,3.0
2023-04-25,8481,8000.0,461300.0,57.8,57.8,57.6,57.6,-0.2,8.0
2023-04-26,8481,8140.0,468914.0,57.6,57.6,57.6,57.6,0.0,12.0
2023-04-27,8481,9010.0,520220.0,57.6,57.9,57.5,57.7,0.1,8.0
2023-04-28,8481,12000.0,693300.0,57.7,57.9,57.7,57.8,0.1,9.0
2023-05-02,8481,4000.0,231200.0,57.5,57.9,57.5,57.9,0.1,4.0
2023-05-03,8481,8100.0,469300.0,57.9,58.0,57.9,57.9,0.0,8.0
2023-05-04,8481,6283.0,363614.0,57.9,58.0,57.8,57.8,-0.1,11.0
2023-05-05,8481,9113.0,524126.0,57.8,57.8,57.4,57.4,-0.4,12.0
2023-05-08,8481,53386.0,3124803.0,57.9,59.9,57.9,57.9,0.5,55.0
2023-05-09,8481,13000.0,752800.0,58.5,58.5,57.5,57.5,-0.4,13.0
2023-05-10,8481,7378.0,427249.0,57.5,58.1,57.5,58.0,0.5,13.0
2023-05-11,8481,18009.0,1030922.0,57.4,57.9,57.0,57.2,-0.8,18.0
2023-05-12,8481,13316.0,761439.0,56.9,57.3,56.9,57.3,0.1,16.0
2023-05-15,8481,23000.0,1313000.0,57.4,57.4,56.8,56.9,-0.4,22.0
2023-05-16,8481,10084.0,576940.0,57.2,57.5,57.1,57.5,0.6,7.0
2023-05-17,8481,11010.0,635398.0,57.8,57.8,57.6,57.6,0.1,11.0
2023-05-18,8481,5058.0,292084.0,57.9,57.9,57.2,57.8,0.2,6.0
2023-05-19,8481,20069.0,1154111.0,57.5,57.8,57.4,57.8,0.0,18.0
2023-05-22,8481,20184.0,1158942.0,57.4,57.5,57.2,57.4,-0.4,20.0
2023-05-23,8481,24241.0,1398026.0,57.5,58.1,57.5,57.9,0.5,18.0
2023-05-24,8481,18151.0,1051124.0,57.9,58.2,57.8,57.8,-0.1,50.0
2023-05-25,8481,11022.0,636873.0,57.7,57.9,57.7,57.9,0.1,9.0
2023-05-26,8481,12041.0,697073.0,57.9,57.9,57.8,57.9,0.0,13.0
2023-05-29,8481,19100.0,1108200.0,58.0,58.2,57.9,58.0,0.1,17.0
2023-05-30,8481,15051.0,871209.0,57.9,57.9,57.8,57.8,-0.2,13.0
2023-05-31,8481,21324.0,1240809.0,57.5,58.5,57.5,57.9,0.1,22.0
2023-06-01,8481,4145.0,240230.0,57.9,58.0,57.9,57.9,0.0,8.0
2023-06-02,8481,32021.0,1859443.0,58.0,58.2,57.9,58.2,0.3,26.0
2023-06-05,8481,32598.0,1900616.0,58.3,58.6,58.0,58.2,0.0,34.0
2023-06-06,8481,40330.0,2353823.0,58.2,58.6,58.2,58.6,0.4,37.0
2023-06-07,8481,106443.0,6292403.0,59.0,59.5,58.8,59.4,0.8,76.0
2023-06-08,8481,67518.0,4017109.0,59.5,59.6,59.4,59.4,0.0,64.0
2023-06-09,8481,32536.0,1949676.0,60.0,60.0,59.6,59.9,0.5,35.0
2023-06-12,8481,21455.0,1280441.0,59.7,59.9,59.2,59.7,-0.2,34.0
2023-06-13,8481,30290.0,1788050.0,59.8,59.8,58.7,58.9,-0.8,32.0
2023-06-14,8481,24200.0,1427300.0,58.9,59.1,58.8,58.8,-0.1,22.0
2023-06-15,8481,29347.0,1718244.0,58.8,58.9,58.3,58.7,-0.1,34.0
2023-06-16,8481,9017.0,528440.0,58.7,58.7,58.5,58.5,-0.2,10.0
2023-06-19,8481,5133.0,300783.0,58.6,58.7,58.5,58.6,0.1,11.0
2023-06-20,8481,29073.0,1696676.0,58.6,58.6,58.3,58.5,-0.1,26.0
2023-06-21,8481,18182.0,1067147.0,58.1,59.5,58.0,59.5,1.0,23.0
2023-06-26,8481,21380.0,1255690.0,59.5,59.5,58.2,58.9,-0.6,23.0
2023-06-27,8481,19059.0,1127972.0,59.5,59.5,59.0,59.4,0.5,11.0
2023-06-28,8481,8152.0,481558.0,59.2,59.2,58.8,58.9,-0.5,9.0
2023-06-29,8481,8226.0,482166.0,58.9,58.9,58.3,58.5,-0.4,12.0
2023-06-30,8481,17774.0,1042091.0,58.5,58.7,58.5,58.6,0.1,36.0
2023-07-03,8481,28090.0,1648242.0,58.6,58.8,58.5,58.6,0.0,29.0
2023-07-04,8481,114526.0,6754407.0,58.7,59.3,58.7,59.0,0.4,102.0
2023-07-05,8481,92355.0,5110861.0,55.2,55.6,55.1,55.5,0.0,124.0
2023-07-06,8481,11986.0,664898.0,55.5,55.5,55.3,55.3,-0.2,33.0
2023-07-07,8481,22097.0,1217101.0,55.3,55.3,54.9,55.3,0.0,48.0
2023-07-10,8481,10300.0,565858.0,55.0,55.0,54.9,54.9,-0.4,20.0
2023-07-11,8481,14051.0,769960.0,55.1,55.1,54.7,54.8,-0.1,17.0
2023-07-12,8481,20000.0,1093900.0,54.8,54.8,54.6,54.7,-0.1,18.0
2023-07-13,8481,9210.0,504619.0,54.6,55.0,54.5,54.9,0.2,11.0
2023-07-14,8481,11020.0,604408.0,55.0,55.0,54.7,54.8,-0.1,12.0
2023-07-17,8481,35080.0,1922925.0,54.6,55.6,54.5,55.6,0.8,22.0
2023-07-18,8481,7020.0,390520.0,55.9,56.0,55.1,55.1,-0.5,9.0
2023-07-19,8481,20190.0,1105424.0,55.0,55.1,54.5,54.6,-0.5,23.0
2023-07-20,8481,14000.0,767300.0,54.6,55.0,54.6,54.7,0.1,9.0
2023-07-21,8481,5041.0,276155.0,54.8,54.8,54.7,54.7,0.0,6.0
2023-07-24,8481,30653.0,1673494.0,54.7,54.7,54.4,54.4,-0.3,31.0
2023-07-25,8481,55203.0,2982782.0,54.4,54.4,53.8,53.9,-0.5,49.0
2023-07-26,8481,37166.0,1994106.0,53.7,53.9,53.5,53.6,-0.3,47.0
2023-07-27,8481,25398.0,1367661.0,53.6,54.0,53.6,53.9,0.3,19.0
2023-07-28,8481,14231.0,765478.0,53.6,53.9,53.6,53.7,-0.2,17.0
2023-07-31,8481,8085.0,436078.0,53.7,55.2,53.7,53.7,0.0,16.0
2023-08-01,8481,9733.0,525682.0,54.0,54.1,54.0,54.1,0.4,21.0
2023-08-02,8481,11040.0,597372.0,54.4,54.4,53.9,53.9,-0.2,11.0
2023-08-04,8481,9100.0,488400.0,53.8,53.8,53.6,53.6,-0.3,8.0
2023-08-07,8481,2150.0,115800.0,53.7,53.7,53.7,53.7,0.1,4.0
2023-08-08,8481,5401.0,291456.0,53.8,53.9,53.7,53.7,0.0,12.0
2023-08-09,8481,7363.0,395528.0,53.7,53.7,53.7,53.7,0.0,10.0
2023-08-10,8481,19151.0,1030239.0,53.7,55.0,53.5,53.6,-0.1,21.0
2023-08-11,8481,12040.0,651266.0,54.0,54.2,53.8,53.8,0.2,14.0
2023-08-14,8481,35024.0,1854902.0,53.6,53.6,52.3,52.7,-1.1,36.0
2023-08-15,8481,4000.0,211000.0,52.7,52.8,52.7,52.8,0.1,4.0
2023-08-16,8481,35020.0,1836169.0,52.6,53.0,52.0,52.9,0.1,28.0
2023-08-17,8481,8398.0,445035.0,53.0,53.0,52.8,52.8,-0.1,10.0
2023-08-18,8481,4000.0,210700.0,52.6,52.9,52.6,52.9,0.1,3.0
2023-08-21,8481,7000.0,370200.0,53.0,53.0,52.8,52.9,0.0,6.0
2023-08-22,8481,7249.0,383346.0,52.9,53.0,52.7,52.8,-0.1,10.0
2023-08-23,8481,11100.0,585300.0,53.0,53.0,52.4,52.4,-0.4,8.0
2023-08-24,8481,7240.0,379932.0,52.5,52.5,52.4,52.4,0.0,8.0
2023-08-25,8481,16080.0,841920.0,52.5,52.5,52.2,52.3,-0.1,14.0
2023-08-28,8481,11150.0,583300.0,52.4,52.4,52.2,52.2,-0.1,10.0
2023-08-29,8481,13150.0,684529.0,52.2,52.2,52.0,52.1,-0.1,15.0
2023-08-30,8481,11055.0,581945.0,52.9,52.9,52.2,52.5,0.4,10.0
2023-08-31,8481,6001.0,315555.0,52.6,52.6,52.5,52.6,0.1,7.0
2023-09-01,8481,9219.0,484525.0,52.6,52.7,52.1,52.1,-0.5,12.0
2023-09-04,8481,9067.0,478218.0,52.7,53.0,52.5,52.7,0.6,12.0
2023-09-05,8481,14000.0,740300.0,52.9,53.0,52.8,52.9,0.2,11.0
2023-09-06,8481,9010.0,476540.0,53.0,53.0,52.8,52.9,0.0,10.0
2023-09-07,8481,9040.0,478160.0,52.9,52.9,52.8,52.8,-0.1,11.0
2023-09-08,8481,7000.0,368500.0,52.8,52.8,52.5,52.6,-0.2,7.0
2023-09-11,8481,8088.0,425547.0,52.7,52.7,52.5,52.6,0.0,11.0
2023-09-12,8481,8090.0,424560.0,52.6,52.6,52.4,52.4,-0.2,9.0
2023-09-13,8481,4000.0,209600.0,52.4,52.4,52.4,52.4,0.0,3.0
2023-09-14,8481,37000.0,1951000.0,52.4,53.0,52.4,52.7,0.3,16.0
2023-09-15,8481,24000.0,1256700.0,52.7,52.7,52.2,52.5,-0.2,20.0
2023-09-18,8481,4011.0,211584.0,52.8,52.8,52.7,52.7,0.2,5.0
2023-09-19,8481,8195.0,430656.0,52.7,52.7,52.4,52.4,-0.3,17.0
2023-09-20,8481,1109.0,58333.0,52.6,52.6,52.6,52.6,0.2,4.0
2023-09-21,8481,14000.0,731200.0,52.2,52.4,52.2,52.2,-0.4,10.0
2023-09-22,8481,43000.0,2231000.0,52.0,52.0,51.6,51.6,-0.6,37.0
2023-09-25,8481,6000.0,311000.0,51.9,51.9,51.8,51.8,0.2,6.0
2023-09-26,8481,8160.0,421364.0,51.7,51.7,51.6,51.6,-0.2,11.0
2023-09-27,8481,6000.0,309200.0,51.6,51.6,51.5,51.5,-0.1,6.0
2023-09-28,8481,21003.0,1086662.0,52.0,52.0,51.4,51.5,0.0,12.0
2023-10-02,8481,1165.0,60710.0,51.8,51.8,51.8,51.8,0.3,2.0
2023-10-03,8481,15000.0,778600.0,51.9,52.0,51.8,51.9,0.1,7.0
2023-10-04,8481,5050.0,260800.0,51.7,51.7,51.5,51.6,-0.3,6.0
2023-10-05,8481,20167.0,1048517.0,51.6,52.3,51.6,52.1,0.5,17.0
2023-10-06,8481,1000.0,52100.0,52.1,52.1,52.1,52.1,0.0,1.0
2023-10-11,8481,6280.0,326136.0,52.1,52.2,51.4,52.2,0.1,11.0
2023-10-12,8481,7200.0,376100.0,52.2,52.3,52.2,52.3,0.1,7.0
2023-10-13,8481,5000.0,262000.0,52.4,52.4,52.4,52.4,0.1,1.0
2023-10-16,8481,4012.0,206536.0,51.6,51.6,51.4,51.4,-1.0,5.0
2023-10-17,8481,7050.0,365150.0,51.8,51.8,51.7,51.7,0.3,6.0
2023-10-18,8481,11426.0,589278.0,51.5,51.6,51.4,51.4,-0.3,15.0
2023-10-19,8481,4000.0,207300.0,52.0,52.0,51.6,51.6,0.2,4.0
2023-10-20,8481,14000.0,717000.0,51.6,51.6,51.0,51.2,-0.4,14.0
2023-10-23,8481,12050.0,616310.0,51.3,51.3,51.0,51.0,-0.2,12.0
2023-10-24,8481,16002.0,826208.0,52.0,52.0,51.0,51.0,0.0,8.0
2023-10-25,8481,6050.0,307500.0,50.8,51.0,50.7,51.0,0.0,10.0
2023-10-26,8481,2010.0,102516.0,51.0,51.0,51.0,51.0,0.0,3.0
2023-10-27,8481,3000.0,152600.0,50.8,51.0,50.8,51.0,0.0,3.0
2023-10-30,8481,9000.0,455800.0,50.5,50.7,50.5,50.7,-0.3,7.0
2023-10-31,8481,3062.0,155324.0,50.7,50.7,50.7,50.7,0.0,5.0
2023-11-01,8481,2000.0,101400.0,50.7,50.7,50.7,50.7,0.0,2.0
2023-11-02,8481,12134.0,616068.0,51.0,51.0,50.6,50.8,0.1,10.0
2023-11-03,8481,6100.0,308700.0,50.8,50.8,50.5,50.6,-0.2,8.0
2023-11-06,8481,4110.0,208665.0,50.6,50.8,50.6,50.8,0.2,7.0
2023-11-07,8481,568.0,28848.0,0.0,0.0,0.0,0.0,0.0,13.0
2023-11-08,8481,8000.0,407100.0,50.8,51.0,50.8,50.9,0.0,6.0
2023-11-09,8481,7050.0,358950.0,51.1,51.1,50.8,50.9,0.0,8.0
2023-11-10,8481,2135.0,108756.0,51.0,51.0,50.9,50.9,0.0,8.0
2023-11-13,8481,8138.0,413576.0,50.9,50.9,50.7,50.7,-0.2,11.0
2023-11-14,8481,9102.0,461703.0,50.7,50.8,50.6,50.6,-0.1,11.0
2023-11-15,8481,17125.0,866179.0,50.5,50.8,50.3,50.4,-0.2,17.0
2023-11-16,8481,8012.0,402924.0,50.2,50.4,50.1,50.4,0.0,9.0
2023-11-17,8481,20000.0,1010000.0,50.4,50.6,50.4,50.6,0.2,14.0
2023-11-20,8481,8000.0,405600.0,50.5,50.8,50.5,50.8,0.2,5.0
2023-11-21,8481,13005.0,662655.0,51.0,51.0,50.9,50.9,0.1,14.0
2023-11-22,8481,4150.0,211400.0,50.9,50.9,50.9,50.9,0.0,6.0
2023-11-23,8481,23310.0,1184920.0,50.9,51.0,50.6,50.7,-0.2,21.0
2023-11-24,8481,8073.0,409659.0,50.7,50.9,50.7,50.9,0.2,7.0
2023-11-27,8481,16250.0,822350.0,50.6,50.7,50.5,50.5,-0.4,18.0
2023-11-28,8481,17395.0,884613.0,50.9,51.0,50.6,51.0,0.5,22.0
2023-11-29,8481,4000.0,204000.0,51.0,51.0,51.0,51.0,0.0,4.0
2023-11-30,8481,20000.0,1019800.0,51.0,51.0,50.9,50.9,-0.1,12.0
2023-12-01,8481,47453.0,2420755.0,51.5,51.5,50.9,50.9,0.0,35.0
2023-12-04,8481,83458.0,4286831.0,51.5,52.0,51.0,51.0,0.1,54.0
2023-12-05,8481,16600.0,847099.0,51.0,51.1,50.9,51.0,0.0,22.0
2023-12-06,8481,8500.0,433500.0,51.0,51.0,51.0,51.0,0.0,14.0
2023-12-07,8481,13004.0,663214.0,51.0,51.1,50.9,51.0,0.0,12.0
2023-12-08,8481,24000.0,1223500.0,51.0,51.0,50.9,50.9,-0.1,13.0
2023-12-11,8481,26010.0,1324910.0,50.9,51.0,50.8,50.9,0.0,10.0
2023-12-12,8481,58397.0,2979116.0,51.1,51.2,50.9,51.0,0.1,32.0
2023-12-13,8481,19040.0,969580.0,51.0,51.0,50.9,51.0,0.0,19.0
2023-12-14,8481,48150.0,2453700.0,51.2,51.2,50.9,51.0,0.0,37.0
2023-12-15,8481,27317.0,1391529.0,51.0,51.0,50.9,51.0,0.0,26.0
2023-12-18,8481,74368.0,3792871.0,51.0,51.1,50.9,51.0,0.0,42.0
2023-12-19,8481,169602.0,8675134.0,51.0,52.0,51.0,51.3,0.3,64.0
2023-12-20,8481,62309.0,3197220.0,51.4,51.4,51.3,51.4,0.1,55.0
2023-12-21,8481,20520.0,1049779.0,51.2,51.2,51.0,51.2,-0.2,19.0
2023-12-22,8481,21139.0,1080729.0,51.3,51.3,51.0,51.0,-0.2,21.0
2023-12-25,8481,25853.0,1323988.0,51.3,51.3,51.1,51.1,0.1,24.0
2023-12-26,8481,41058.0,2097369.0,51.1,51.2,51.0,51.2,0.1,21.0
2023-12-27,8481,69229.0,3536291.0,51.1,51.2,51.0,51.1,-0.1,41.0
2023-12-28,8481,26199.0,1337028.0,51.2,51.2,50.9,50.9,-0.2,21.0
2023-12-29,8481,23003.0,1172962.0,50.8,51.1,50.8,51.1,0.2,15.0
2024-01-02,8481,63226.0,3250546.0,51.5,52.0,51.1,51.3,0.2,46.0
2024-01-03,8481,38580.0,1976409.0,51.4,51.4,51.1,51.2,-0.1,38.0
2024-01-04,8481,9185.0,469790.0,51.2,51.2,51.1,51.1,-0.1,12.0
2024-01-05,8481,19210.0,984704.0,51.2,51.3,51.2,51.3,0.2,18.0
2024-01-08,8481,10020.0,512030.0,51.2,51.2,51.0,51.0,-0.3,10.0
2024-01-09,8481,26090.0,1331890.0,51.1,51.2,51.0,51.2,0.2,25.0
2024-01-10,8481,2085.0,106371.0,51.0,51.0,51.0,51.0,-0.2,4.0
2024-01-11,8481,13398.0,683555.0,50.9,51.1,50.9,51.1,0.1,11.0
2024-01-12,8481,12089.0,615971.0,50.9,51.0,50.9,51.0,-0.1,10.0
2024-01-15,8481,13449.0,683861.0,51.0,51.0,50.7,50.8,-0.2,18.0
2024-01-16,8481,16373.0,829083.0,50.8,50.8,50.3,50.7,-0.1,31.0
2024-01-17,8481,40707.0,2045002.0,50.3,50.4,50.1,50.4,-0.3,48.0
2024-01-18,8481,2435.0,123757.0,50.9,50.9,50.9,50.9,0.5,8.0
2024-01-19,8481,4050.0,206775.0,51.2,51.2,50.9,50.9,0.0,5.0
2024-01-22,8481,5114.0,260231.0,51.2,51.2,50.8,50.8,-0.1,8.0
2024-01-23,8481,6000.0,305800.0,50.8,51.0,50.8,51.0,0.2,4.0
2024-01-24,8481,10044.0,512370.0,51.0,51.2,50.8,51.2,0.2,11.0
2024-01-25,8481,12668.0,648831.0,51.2,51.2,51.0,51.0,-0.2,19.0
2024-01-26,8481,6339.0,323489.0,51.1,51.1,51.0,51.0,0.0,10.0
2024-01-29,8481,2200.0,112325.0,51.1,51.1,51.0,51.0,0.0,5.0
2024-01-30,8481,3079.0,156950.0,51.0,51.0,50.9,50.9,-0.1,7.0
2024-01-31,8481,11118.0,566223.0,51.1,51.1,50.8,50.8,-0.1,10.0
2024-02-01,8481,89276.0,4486682.0,50.8,50.8,50.0,50.2,-0.6,83.0
2024-02-02,8481,6032.0,304535.0,50.6,50.6,50.3,50.6,0.4,7.0
2024-02-05,8481,16516.0,831309.0,50.4,50.6,50.2,50.2,-0.4,25.0
2024-02-15,8481,17498.0,885145.0,50.6,50.6,50.5,50.6,0.4,24.0
2024-02-16,8481,34354.0,1765904.0,50.7,52.0,50.7,52.0,1.4,33.0
2024-02-19,8481,26495.0,1386034.0,52.0,52.4,52.0,52.2,0.2,36.0
2024-02-20,8481,20639.0,1072899.0,52.2,52.2,51.7,52.2,0.0,27.0
2024-02-21,8481,39000.0,2024500.0,52.2,52.2,51.5,51.6,-0.6,28.0
2024-02-22,8481,21428.0,1110828.0,51.9,51.9,51.6,51.8,0.2,30.0
2024-02-23,8481,6090.0,316380.0,52.0,52.0,51.9,51.9,0.1,9.0
2024-02-26,8481,21207.0,1098664.0,51.9,51.9,51.7,51.7,-0.2,29.0
2024-02-27,8481,10458.0,540435.0,51.7,51.7,51.6,51.7,0.0,17.0
2024-02-29,8481,29003.0,1504756.0,51.7,52.0,51.7,52.0,0.3,26.0
2024-03-01,8481,16003.0,830481.0,52.0,52.0,51.8,51.8,-0.2,31.0
2024-03-04,8481,21260.0,1105024.0,52.4,52.4,51.7,51.7,-0.1,22.0
2024-03-05,8481,16000.0,830500.0,51.9,52.0,51.8,51.8,0.1,14.0
2024-03-06,8481,24862.0,1295436.0,52.4,52.4,51.7,52.2,0.4,38.0
2024-03-07,8481,46010.0,2420929.0,52.2,53.0,52.0,53.0,0.8,46.0
2024-03-08,8481,59839.0,3195108.0,53.0,54.8,53.0,53.1,0.1,62.0
2024-03-11,8481,63284.0,3312371.0,53.2,53.2,51.7,51.7,-1.4,52.0
2024-03-12,8481,62869.0,3259862.0,52.5,52.5,51.4,51.6,-0.1,49.0
2024-03-13,8481,83969.0,4260283.0,51.2,51.5,50.0,50.5,-1.1,82.0
2024-03-14,8481,44298.0,2260626.0,50.5,51.3,50.5,51.2,0.7,28.0
2024-03-15,8481,27000.0,1387900.0,51.2,51.5,51.1,51.2,0.0,14.0
2024-03-18,8481,23001.0,1181851.0,50.6,51.8,50.6,51.2,0.0,15.0
2024-03-19,8481,21000.0,1071400.0,51.2,51.3,50.8,51.3,0.1,14.0
2024-03-20,8481,70386.0,3571161.0,50.6,51.4,50.3,50.4,-0.9,64.0
2024-03-21,8481,6704.0,339519.0,50.5,50.7,50.5,50.6,0.2,20.0
2024-03-22,8481,12495.0,636208.0,51.0,51.0,50.8,50.8,0.2,21.0
2024-03-25,8481,11224.0,571240.0,50.8,51.0,50.8,51.0,0.2,15.0
2024-03-26,8481,22223.0,1136663.0,51.0,51.3,50.9,50.9,-0.1,15.0
2024-03-27,8481,19569.0,997435.0,50.9,51.0,50.9,50.9,0.0,21.0
2024-03-28,8481,7343.0,373925.0,50.9,50.9,50.8,50.8,-0.1,14.0
2024-03-29,8481,9392.0,477597.0,50.9,51.0,50.7,50.7,-0.1,16.0
2024-04-01,8481,34122.0,1730565.0,50.7,51.0,50.5,51.0,0.3,22.0
2024-04-02,8481,20000.0,1021400.0,51.0,51.2,50.9,51.1,0.1,13.0
2024-04-03,8481,15160.0,771692.0,51.0,51.0,50.7,51.0,-0.1,13.0
2024-04-08,8481,30162.0,1528006.0,50.9,51.1,50.4,50.9,-0.1,28.0
2024-04-09,8481,14001.0,713753.0,50.9,51.2,50.9,51.1,0.2,12.0
2024-04-10,8481,24210.0,1234115.0,50.9,51.2,50.8,50.9,-0.2,19.0
2024-04-11,8481,22020.0,1119924.0,50.9,51.0,50.7,50.7,-0.2,23.0
2024-04-12,8481,123232.0,6401088.0,50.9,52.2,50.7,51.5,0.8,28.0
2024-04-15,8481,7000.0,356300.0,50.8,51.0,50.7,50.8,-0.7,7.0
2024-04-16,8481,13764.0,698349.0,50.8,50.8,50.5,50.8,0.0,29.0
2024-04-17,8481,25000.0,1270300.0,51.0,51.0,50.7,50.7,-0.1,18.0
2024-04-18,8481,18001.0,912852.0,50.5,50.8,50.5,50.7,0.0,18.0
2024-04-19,8481,43001.0,2179051.0,50.5,51.0,50.4,50.6,-0.1,32.0
2024-04-22,8481,29220.0,1483464.0,50.4,51.0,50.3,50.7,0.1,18.0
2024-04-23,8481,15320.0,785280.0,51.5,51.5,50.7,50.7,0.0,9.0
2024-04-24,8481,6273.0,321983.0,51.5,51.5,51.3,51.3,0.6,9.0
2024-04-25,8481,14564.0,746322.0,51.1,51.3,51.1,51.3,0.0,18.0
2024-04-26,8481,8004.0,408125.0,51.4,51.4,50.5,50.7,-0.6,10.0
2024-04-29,8481,30003.0,1529062.0,51.0,51.1,50.8,51.0,0.3,13.0
2024-04-30,8481,4005.0,204580.0,51.0,51.1,51.0,51.1,0.1,7.0
2024-05-02,8481,10125.0,524599.0,51.7,51.8,51.7,51.8,0.7,8.0
2024-05-03,8481,43453.0,2213450.0,51.2,51.6,50.5,51.4,-0.4,38.0
2024-05-06,8481,9005.0,463357.0,51.4,51.7,51.3,51.7,0.3,10.0
2024-05-07,8481,12546.0,642924.0,51.7,51.7,51.0,51.2,-0.5,13.0
2024-05-08,8481,10570.0,542899.0,51.2,51.6,51.0,51.0,-0.2,18.0
2024-05-09,8481,1190.0,60650.0,50.9,50.9,50.9,50.9,-0.1,8.0
2024-05-10,8481,20510.0,1046756.0,51.2,51.4,50.8,51.1,0.2,24.0
2024-05-13,8481,11023.0,565389.0,51.1,51.6,51.1,51.3,0.2,13.0
2024-05-14,8481,40001.0,2060951.0,51.3,51.8,51.3,51.5,0.2,16.0
2024-05-15,8481,98250.0,5090700.0,51.5,52.0,51.5,51.7,0.2,26.0
2024-05-16,8481,156815.0,8203747.0,52.2,54.8,51.6,52.6,0.9,106.0
2024-05-17,8481,28928.0,1526368.0,53.0,53.0,52.4,52.4,-0.2,112.0
2024-05-20,8481,101262.0,5295931.0,52.6,52.6,51.8,52.4,0.0,37.0
2024-05-21,8481,9141.0,475341.0,52.0,52.4,51.8,52.1,-0.3,12.0
2024-05-22,8481,17507.0,913018.0,52.8,52.8,52.0,52.3,0.2,19.0
2024-05-23,8481,26039.0,1357767.0,52.2,52.5,52.0,52.0,-0.3,14.0
2024-05-24,8481,16040.0,834404.0,52.0,52.1,52.0,52.0,0.0,10.0
2024-05-27,8481,8297.0,435009.0,52.3,52.8,52.3,52.6,0.6,18.0
2024-05-28,8481,4042.0,212517.0,53.0,53.0,52.4,52.4,-0.2,9.0
2024-05-29,8481,14000.0,730100.0,52.4,52.4,52.0,52.3,-0.1,11.0
2024-05-30,8481,20236.0,1061577.0,52.1,53.0,52.1,52.4,0.1,27.0
2024-05-31,8481,17109.0,893730.0,52.5,52.5,52.0,52.4,0.0,20.0
2024-06-03,8481,13258.0,691049.0,52.1,52.5,52.0,52.5,0.1,14.0
2024-06-04,8481,9826.0,512362.0,52.5,52.5,52.0,52.2,-0.3,13.0
2024-06-05,8481,14243.0,744857.0,52.2,52.4,52.2,52.3,0.1,14.0
2024-06-06,8481,20075.0,1048736.0,52.3,52.5,52.0,52.1,-0.2,22.0
2024-06-07,8481,286867.0,15790461.0,53.2,57.0,53.2,55.0,2.9,272.0
2024-06-11,8481,151152.0,8332518.0,56.0,56.5,54.4,55.5,0.5,142.0
2024-06-12,8481,62047.0,3441572.0,55.8,56.1,54.8,55.7,0.2,62.0
2024-06-13,8481,35522.0,1966833.0,55.7,55.7,55.2,55.4,-0.3,64.0
2024-06-14,8481,26009.0,1436049.0,55.4,55.4,55.1,55.3,-0.1,36.0
2024-06-17,8481,69460.0,3777202.0,55.5,55.5,53.7,54.9,-0.4,63.0
2024-06-18,8481,32260.0,1749257.0,55.0,55.0,54.1,54.3,-0.6,33.0
2024-06-19,8481,32585.0,1769058.0,54.3,54.8,54.0,54.3,0.0,35.0
2024-06-20,8481,7029.0,382831.0,54.3,54.6,54.3,54.5,0.2,19.0
2024-06-21,8481,32092.0,1744614.0,54.9,54.9,54.0,54.7,0.2,39.0
2024-06-24,8481,20488.0,1112961.0,54.7,54.7,54.0,54.3,-0.4,34.0
2024-06-25,8481,24312.0,1324971.0,54.9,54.9,54.3,54.4,0.1,26.0
2024-06-26,8481,25189.0,1369271.0,55.1,55.1,54.1,54.2,-0.2,26.0
2024-06-27,8481,14576.0,787065.0,54.0,54.0,53.9,54.0,-0.2,30.0
2024-06-28,8481,54164.0,2853084.0,53.6,54.0,52.4,52.4,-1.6,57.0
2024-07-01,8481,44000.0,2255900.0,50.4,52.0,50.4,52.0,0.0,42.0
2024-07-02,8481,7006.0,363743.0,52.0,52.0,51.7,51.7,-0.3,7.0
2024-07-03,8481,9019.0,468501.0,52.0,52.0,51.9,51.9,0.2,10.0
2024-07-04,8481,12122.0,630430.0,51.8,52.4,51.8,52.2,0.3,17.0
2024-07-05,8481,19390.0,1007380.0,51.9,52.1,51.8,52.0,-0.2,25.0
2024-07-08,8481,21482.0,1108803.0,51.8,51.9,51.5,51.6,-0.4,30.0
2024-07-09,8481,16023.0,822786.0,51.5,51.5,51.3,51.5,-0.1,17.0
2024-07-10,8481,19082.0,983537.0,51.8,51.8,51.5,51.5,0.0,18.0
2024-07-11,8481,30482.0,1562884.0,51.5,51.5,51.1,51.5,0.0,38.0
2024-07-12,8481,17504.0,900584.0,51.5,51.6,51.3,51.4,-0.1,33.0
2024-07-15,8481,14635.0,752302.0,51.5,51.5,51.2,51.3,-0.1,34.0
2024-07-16,8481,44671.0,2277556.0,51.2,51.2,50.9,50.9,-0.4,87.0
2024-07-17,8481,61515.0,3122147.0,50.9,50.9,50.6,50.6,-0.3,63.0
2024-07-18,8481,165775.0,8325811.0,50.6,50.6,50.0,50.3,-0.3,129.0
2024-07-19,8481,63880.0,3197460.0,50.3,50.3,50.0,50.0,-0.3,84.0
2024-07-22,8481,84554.0,4215031.0,50.0,50.2,49.4,50.0,0.0,70.0
2024-07-23,8481,26023.0,1310859.0,50.0,51.0,50.0,50.3,0.3,22.0
2024-07-26,8481,21440.0,1075104.0,49.7,50.5,49.7,50.0,-0.3,24.0
2024-07-29,8481,17287.0,863862.0,50.2,50.3,49.65,50.3,0.3,27.0
2024-07-30,8481,4000.0,201208.0,50.4,50.5,50.0,50.0,-0.3,25.0
2024-07-31,8481,11334.0,568133.0,50.2,50.3,50.0,50.0,0.0,25.0
2024-08-01,8481,21010.0,1062920.0,50.5,51.0,50.3,50.4,0.4,21.0
2024-08-02,8481,12809.0,643076.0,50.4,50.6,50.0,50.3,-0.1,29.0
2024-08-05,8481,82251.0,4002619.0,50.3,50.3,47.0,47.7,-2.6,100.0
2024-08-06,8481,12080.0,580122.0,50.0,50.0,47.75,47.8,0.1,17.0
2024-08-07,8481,14070.0,681511.0,47.85,49.45,47.8,49.45,1.65,14.0
2024-08-08,8481,8127.0,400452.0,49.45,49.45,49.0,49.45,0.0,12.0
2024-08-09,8481,20035.0,992807.0,49.1,49.9,49.1,49.85,0.4,18.0
2024-08-12,8481,26060.0,1312760.0,50.0,50.5,50.0,50.2,0.35,17.0
2024-08-13,8481,31567.0,1582717.0,50.0,50.8,49.9,49.95,-0.25,35.0
2024-08-14,8481,23139.0,1154529.0,49.85,50.0,49.75,49.85,-0.1,44.0
2024-08-15,8481,25001.0,1249804.0,49.85,50.1,49.85,49.95,0.1,17.0
2024-08-16,8481,47525.0,2375501.0,49.9,50.3,49.85,50.0,0.05,44.0
2024-08-19,8481,19025.0,952163.0,50.0,50.2,50.0,50.1,0.1,18.0
2024-08-20,8481,40037.0,2016891.0,50.9,51.0,49.85,50.1,0.0,29.0
2024-08-21,8481,7021.0,351890.0,50.2,50.2,50.0,50.2,0.1,10.0
2024-08-22,8481,6071.0,308235.0,51.1,51.1,50.5,50.7,0.5,9.0
2024-08-23,8481,25112.0,1269922.0,50.7,50.8,50.0,50.8,0.1,24.0
2024-08-26,8481,83502.0,4206252.0,50.8,51.3,49.75,50.9,0.1,59.0
2024-08-27,8481,5348.0,269728.0,50.5,50.5,50.2,50.3,-0.6,13.0
2024-08-28,8481,14257.0,719225.0,50.3,51.0,50.1,50.4,0.1,20.0
2024-08-29,8481,10542.0,534610.0,50.6,50.9,50.3,50.6,0.2,18.0
2024-08-30,8481,8000.0,405100.0,50.8,50.8,50.1,50.7,0.1,8.0
2024-09-02,8481,23130.0,1165916.0,50.7,50.7,50.1,50.4,-0.3,18.0
2024-09-03,8481,16437.0,827661.0,50.2,50.6,50.1,50.4,0.0,20.0
2024-09-04,8481,47072.0,2337113.0,49.65,49.95,49.45,49.65,-0.75,41.0
2024-09-05,8481,20392.0,1018312.0,50.4,50.4,49.75,50.0,0.35,26.0
2024-09-06,8481,27209.0,1362369.0,50.0,50.2,50.0,50.2,0.2,30.0
2024-09-09,8481,20281.0,1015823.0,49.65,50.7,49.65,49.85,-0.35,19.0
2024-09-10,8481,4211.0,214012.0,50.8,50.8,50.8,50.8,0.95,8.0
2024-09-11,8481,2115.0,107199.0,50.9,50.9,50.4,50.4,-0.4,5.0
2024-09-12,8481,25011.0,1264561.0,51.0,51.0,50.0,50.6,0.2,22.0
2024-09-13,8481,24161.0,1212024.0,50.3,50.6,50.0,50.3,-0.3,30.0
2024-09-16,8481,11300.0,569286.0,50.3,50.6,50.3,50.6,0.3,13.0
2024-09-18,8481,11451.0,576266.0,50.2,50.4,50.2,50.4,-0.2,57.0
2024-09-19,8481,9100.0,459080.0,50.3,50.6,50.3,50.6,0.2,19.0
2024-09-20,8481,16073.0,813893.0,50.8,50.8,50.5,50.6,0.0,18.0
2024-09-23,8481,9001.0,457551.0,50.9,50.9,50.7,50.9,0.3,10.0
2024-09-24,8481,7415.0,376508.0,50.9,50.9,50.7,50.8,-0.1,18.0
2024-09-25,8481,16520.0,840252.0,50.9,51.0,50.8,50.8,0.0,23.0
2024-09-26,8481,20800.0,1059378.0,51.0,51.0,50.7,50.9,0.1,25.0
2024-09-27,8481,20145.0,1025829.0,51.0,51.0,50.9,50.9,0.0,16.0
2024-09-30,8481,24511.0,1252408.0,51.0,51.2,51.0,51.1,0.2,22.0
2024-10-01,8481,30065.0,1550067.0,51.4,51.7,51.3,51.6,0.5,24.0
2024-10-04,8481,15603.0,807200.0,51.7,52.0,51.5,51.5,-0.1,25.0
2024-10-07,8481,15681.0,808076.0,51.6,51.6,51.5,51.5,0.0,21.0
2024-10-08,8481,13497.0,699213.0,51.6,51.9,51.6,51.9,0.4,26.0
2024-10-09,8481,17432.0,902717.0,51.9,51.9,51.6,51.9,0.0,47.0
2024-10-11,8481,14628.0,756452.0,51.6,51.9,51.5,51.9,0.0,21.0
2024-10-14,8481,17999.0,931069.0,52.0,52.0,51.3,51.3,-0.6,104.0
2024-10-15,8481,17167.0,877871.0,51.3,51.3,51.0,51.0,-0.3,14.0
2024-10-16,8481,19427.0,990602.0,51.0,51.1,50.9,50.9,-0.1,21.0
2024-10-17,8481,20267.0,1030511.0,50.9,50.9,50.8,50.8,-0.1,25.0
2024-10-18,8481,13280.0,677034.0,50.8,51.4,50.8,50.8,0.0,16.0
2024-10-21,8481,13086.0,674878.0,52.1,52.1,50.8,50.9,0.1,16.0
2024-10-22,8481,7028.0,357528.0,50.9,50.9,50.8,50.8,-0.1,13.0
2024-10-23,8481,15043.0,767085.0,51.2,51.2,50.8,50.8,0.0,12.0
2024-10-24,8481,12026.0,610524.0,50.8,50.8,50.7,50.8,0.0,16.0
2024-10-25,8481,26263.0,1329459.0,50.9,50.9,50.5,50.5,-0.3,26.0
2024-10-28,8481,18175.0,921776.0,50.8,50.8,50.6,50.8,0.3,28.0
2024-10-29,8481,7065.0,359600.0,50.9,51.0,50.8,50.9,0.1,21.0
2024-10-30,8481,8003.0,402852.0,50.4,50.5,50.2,50.4,-0.5,8.0
2024-11-01,8481,16004.0,809703.0,50.2,50.9,50.2,50.8,0.4,11.0
2024-11-04,8481,5240.0,269863.0,51.5,51.5,51.5,51.5,0.7,7.0
2024-11-05,8481,13072.0,663585.0,51.0,51.0,50.5,50.7,-0.8,13.0
2024-11-06,8481,15021.0,764571.0,51.3,51.4,50.6,50.6,-0.1,10.0
2024-11-07,8481,14000.0,710800.0,50.7,51.0,50.6,50.6,0.0,12.0
2024-11-08,8481,76136.0,3940277.0,51.4,52.5,51.2,51.8,1.2,64.0
2024-11-11,8481,11237.0,582777.0,52.0,52.0,51.7,51.7,-0.1,15.0
2024-11-12,8481,43440.0,2252950.0,52.8,52.9,51.3,51.3,-0.4,39.0
2024-11-13,8481,21201.0,1092111.0,51.7,51.7,51.3,51.3,0.0,19.0
2024-11-14,8481,16204.0,830042.0,51.3,51.3,51.1,51.1,-0.2,20.0
2024-11-15,8481,12002.0,614403.0,50.7,51.7,50.7,51.3,0.2,12.0
2024-11-18,8481,15123.0,775422.0,51.3,51.3,50.8,50.8,-0.5,17.0
2024-11-19,8481,5000.0,257300.0,51.4,51.5,51.4,51.4,0.6,3.0
2024-11-20,8481,7000.0,357700.0,51.3,51.3,51.0,51.0,-0.4,7.0
2024-11-21,8481,12091.0,616977.0,51.4,51.4,50.8,50.8,-0.2,13.0
2024-11-22,8481,8000.0,407600.0,51.0,51.0,50.8,50.8,0.0,6.0
2024-11-25,8481,14050.0,714951.0,50.9,51.3,50.8,50.8,0.0,14.0
2024-11-26,8481,50000.0,2518200.0,50.8,50.8,50.3,50.5,-0.3,34.0
2024-11-27,8481,12000.0,604800.0,50.5,50.6,50.3,50.3,-0.2,11.0
2024-11-28,8481,31286.0,1568262.0,50.3,50.5,50.0,50.3,0.0,29.0
2024-11-29,8481,14164.0,709464.0,50.0,50.3,50.0,50.1,-0.2,19.0
2024-12-02,8481,7062.0,354520.0,50.2,50.2,50.2,50.2,0.1,8.0
2024-12-03,8481,11000.0,550700.0,50.1,50.1,50.0,50.0,-0.2,11.0
2024-12-04,8481,30060.0,1502068.0,50.0,50.9,49.8,49.9,-0.1,29.0
2024-12-05,8481,27216.0,1356464.0,49.9,50.2,49.7,50.0,0.1,27.0
2024-12-06,8481,22104.0,1106394.0,50.0,50.1,50.0,50.1,0.1,13.0
2024-12-09,8481,18000.0,901600.0,50.1,50.1,50.0,50.0,-0.1,8.0
2024-12-10,8481,35630.0,1803294.0,50.1,51.2,50.1,50.7,0.7,41.0
2024-12-11,8481,27200.0,1368060.0,50.4,50.4,50.2,50.2,-0.5,25.0
2024-12-12,8481,16156.0,818066.0,50.2,51.5,50.2,50.4,0.2,22.0
2024-12-13,8481,18083.0,921488.0,50.8,51.6,50.2,50.2,-0.2,24.0
2024-12-16,8481,8060.0,403730.0,50.1,50.2,50.0,50.0,-0.2,10.0
2024-12-17,8481,1130.0,56769.0,50.1,50.1,50.1,50.1,0.1,6.0
2024-12-18,8481,14195.0,711786.0,50.0,50.3,50.0,50.1,0.0,16.0
2024-12-19,8481,10000.0,499300.0,50.0,50.0,49.9,49.9,-0.2,10.0
2024-12-20,8481,11101.0,553780.0,49.85,50.0,49.8,49.9,0.0,13.0
2024-12-23,8481,7218.0,361763.0,50.0,50.4,50.0,50.3,0.4,13.0
2024-12-24,8481,13360.0,666304.0,50.0,50.0,49.75,49.8,-0.5,18.0
2024-12-25,8481,10725.0,536915.0,50.0,50.2,50.0,50.0,0.2,23.0
2024-12-26,8481,20185.0,1008551.0,50.0,50.1,49.8,49.8,-0.2,26.0
2024-12-27,8481,3294.0,164786.0,50.0,50.0,50.0,50.0,0.2,13.0
2024-12-30,8481,7058.0,357324.0,49.85,51.0,49.85,51.0,1.0,9.0
2024-12-31,8481,8105.0,407076.0,50.5,50.5,49.95,50.2,-0.8,12.0
2025-01-02,8481,9329.0,466820.0,50.1,50.2,49.9,49.9,-0.3,15.0
2025-01-03,8481,1277.0,63980.0,50.0,50.0,50.0,50.0,0.1,14.0
2025-01-06,8481,7187.0,361494.0,50.3,50.4,50.1,50.1,0.1,13.0
2025-01-07,8481,24508.0,1226188.0,50.4,50.5,49.45,49.65,-0.45,30.0
2025-01-08,8481,17217.0,862530.0,50.1,50.1,49.9,50.1,0.45,19.0
2025-01-09,8481,12000.0,600900.0,50.2,50.2,49.95,50.0,-0.1,8.0
2025-01-10,8481,19645.0,976383.0,49.8,50.0,49.15,50.0,0.0,33.0
2025-01-13,8481,14949.0,738269.0,49.15,49.5,49.15,49.2,-0.8,30.0
2025-01-14,8481,20671.0,1012492.0,49.05,49.2,48.8,49.05,-0.15,37.0
2025-01-15,8481,11134.0,546444.0,49.05,49.2,49.0,49.1,0.05,20.0
2025-01-16,8481,3386.0,166904.0,49.5,49.5,49.2,49.2,0.1,12.0
2025-01-17,8481,15337.0,763355.0,49.2,50.0,49.2,50.0,0.8,23.0
2025-01-20,8481,5122.0,259302.0,50.6,50.7,50.6,50.7,0.7,8.0
2025-01-21,8481,7341.0,368867.0,50.7,50.7,49.95,49.95,-0.75,13.0
2025-01-22,8481,6800.0,340133.0,50.0,50.1,50.0,50.1,0.15,19.0
2025-02-03,8481,24258.0,1197663.0,51.0,51.0,49.0,49.6,-0.5,34.0
2025-02-04,8481,11172.0,555013.0,49.6,50.0,49.5,49.5,-0.1,17.0
2025-02-05,8481,4130.0,207066.0,49.55,50.3,49.55,50.3,0.8,6.0
2025-02-06,8481,24306.0,1218259.0,50.4,50.4,50.0,50.3,0.0,16.0
2025-02-07,8481,8027.0,401602.0,50.1,50.1,50.0,50.1,-0.2,9.0
2025-02-10,8481,6537.0,330356.0,50.6,50.6,50.2,50.2,0.1,11.0
2025-02-11,8481,13001.0,658651.0,51.1,51.1,50.3,50.5,0.3,12.0
2025-02-12,8481,7210.0,367110.0,50.9,51.0,50.6,50.6,0.1,12.0
2025-02-13,8481,6011.0,303554.0,50.6,50.7,50.4,50.4,-0.2,7.0
2025-02-14,8481,11077.0,555008.0,49.9,50.6,49.85,50.6,0.2,15.0
2025-02-17,8481,15216.0,770010.0,50.8,50.8,50.3,50.4,-0.2,20.0
2025-02-18,8481,30011.0,1505350.0,50.5,50.5,49.9,50.0,-0.4,19.0
2025-02-19,8481,6756.0,339497.0,50.2,50.6,50.2,50.2,0.2,22.0
2025-02-20,8481,2036.0,102332.0,50.1,50.4,50.1,50.4,0.2,5.0
2025-02-21,8481,13109.0,660618.0,50.4,50.8,50.2,50.2,-0.2,13.0
2025-02-24,8481,5183.0,260771.0,50.2,50.5,50.2,50.4,0.2,12.0
2025-02-25,8481,8760.0,438963.0,50.2,50.5,49.9,50.5,0.1,22.0
2025-02-26,8481,11636.0,589506.0,50.7,50.8,50.4,50.5,0.0,18.0
2025-02-27,8481,20356.0,1024517.0,50.1,50.8,50.0,50.0,-0.5,24.0
2025-03-03,8481,11230.0,561253.0,50.1,50.4,49.65,50.0,0.0,17.0
2025-03-04,8481,26533.0,1326840.0,49.85,50.2,49.85,49.9,-0.1,20.0
2025-03-05,8481,12372.0,625555.0,50.4,50.6,50.4,50.5,0.6,22.0
2025-03-06,8481,9201.0,464989.0,50.6,50.6,50.5,50.5,0.0,9.0
2025-03-07,8481,4279.0,216729.0,51.0,51.0,50.3,50.3,-0.2,9.0
2025-03-10,8481,41448.0,2100387.0,50.3,51.0,50.3,50.9,0.6,43.0
2025-03-11,8481,11362.0,574269.0,50.4,50.9,50.3,50.9,0.0,19.0
2025-03-12,8481,13164.0,669881.0,51.0,51.1,50.5,51.1,0.2,17.0
2025-03-13,8481,23400.0,1201997.0,51.5,51.6,51.2,51.3,0.2,29.0
2025-03-14,8481,17058.0,879787.0,51.3,51.8,51.3,51.7,0.4,18.0
2025-03-17,8481,17326.0,890434.0,51.9,51.9,51.2,51.3,-0.4,24.0
2025-03-18,8481,7251.0,372142.0,51.4,51.4,51.2,51.2,-0.1,15.0
2025-03-19,8481,27000.0,1379200.0,50.9,51.4,50.9,51.4,0.2,15.0
2025-03-20,8481,10031.0,514720.0,51.4,51.6,51.1,51.1,-0.3,11.0
2025-03-21,8481,14025.0,717422.0,51.1,51.4,51.0,51.3,0.2,14.0
2025-03-24,8481,19034.0,972755.0,50.7,51.6,50.7,51.0,-0.3,21.0
2025-03-25,8481,15001.0,773151.0,51.0,51.8,51.0,51.2,0.2,12.0
2025-03-26,8481,6008.0,307710.0,51.3,51.3,51.2,51.2,0.0,8.0
2025-03-27,8481,39017.0,1990970.0,51.1,51.1,51.0,51.0,-0.2,20.0
2025-03-28,8481,19174.0,975858.0,51.0,51.0,50.8,50.9,-0.1,26.0
2025-03-31,8481,40938.0,2053913.0,50.7,50.7,49.3,50.0,-0.9,63.0
2025-04-01,8481,9002.0,452500.0,50.2,50.4,50.2,50.2,0.2,8.0
2025-04-02,8481,13016.0,661112.0,50.7,51.0,50.4,50.7,0.5,14.0
2025-04-07,8481,91234.0,4174694.0,45.65,46.65,45.65,45.65,-5.05,73.0
2025-04-08,8481,30240.0,1357393.0,43.55,45.65,43.55,44.65,-1.0,41.0
2025-04-09,8481,93613.0,3975405.0,44.5,44.65,40.2,40.55,-4.1,99.0
2025-04-10,8481,15002.0,669089.0,44.6,44.6,44.6,44.6,4.05,14.0
2025-04-11,8481,27230.0,1218275.0,44.95,45.9,42.75,44.25,-0.35,24.0
2025-04-14,8481,5037.0,227374.0,44.4,45.95,44.4,45.85,1.6,8.0
2025-04-15,8481,13410.0,640573.0,47.8,47.9,47.75,47.75,1.9,19.0
2025-04-16,8481,14272.0,683028.0,47.7,48.3,47.5,47.5,-0.25,18.0
2025-04-17,8481,2000.0,95000.0,47.5,47.5,47.5,47.5,0.0,2.0
2025-04-18,8481,7105.0,335890.0,47.05,47.45,47.05,47.4,-0.1,11.0
2025-04-21,8481,12325.0,577106.0,47.65,47.7,46.4,46.4,-1.0,15.0
2025-04-22,8481,5000.0,237400.0,47.45,47.5,47.45,47.5,1.1,4.0
2025-04-23,8481,6072.0,290904.0,47.5,48.0,47.5,48.0,0.5,9.0
2025-04-24,8481,4016.0,194769.0,48.5,48.5,48.5,48.5,0.5,5.0
2025-04-25,8481,13018.0,622673.0,47.85,48.45,47.5,47.5,-1.0,14.0
2025-04-28,8481,7000.0,335350.0,48.85,48.85,47.6,47.6,0.1,7.0
2025-04-29,8481,12000.0,571900.0,46.95,48.35,46.5,47.5,-0.1,10.0
2025-04-30,8481,11000.0,513154.0,47.5,47.5,46.05,47.25,-0.25,40.0
2025-05-02,8481,5183.0,247878.0,47.85,47.85,47.8,47.8,0.55,17.0
2025-05-05,8481,12621.0,586529.0,46.3,46.6,46.3,46.5,-1.3,35.0
2025-05-06,8481,6418.0,303781.0,47.8,47.8,46.6,47.3,0.8,8.0
2025-05-07,8481,4041.0,190939.0,47.65,47.65,47.0,47.25,-0.05,12.0
2025-05-08,8481,5063.0,243426.0,48.1,48.1,48.1,48.1,0.85,10.0
2025-05-09,8481,25042.0,1185282.0,47.3,48.15,47.1,47.7,-0.4,22.0
2025-05-12,8481,27240.0,1330281.0,48.4,49.45,48.4,49.0,1.3,48.0
2025-05-13,8481,7244.0,356121.0,49.2,49.3,49.0,49.3,0.3,15.0
2025-05-14,8481,15898.0,798644.0,50.0,50.6,49.75,50.2,0.9,96.0
2025-05-15,8481,3390.0,168014.0,49.15,49.95,49.15,49.45,-0.75,27.0
2025-05-16,8481,17461.0,865031.0,49.45,50.0,49.2,49.4,-0.05,41.0
2025-05-19,8481,4200.0,206751.0,49.15,49.65,49.0,49.65,0.25,12.0
2025-05-20,8481,5176.0,255886.0,49.2,49.65,49.1,49.6,-0.05,32.0
2025-05-21,8481,9693.0,486940.0,49.95,50.0,49.8,49.95,0.35,19.0
2025-05-22,8481,2011.0,99647.0,49.8,49.8,49.3,49.3,-0.65,5.0
2025-05-23,8481,4006.0,199097.0,49.9,49.9,49.1,49.1,-0.2,5.0
2025-05-26,8481,14950.0,735271.0,49.05,49.1,48.8,49.0,-0.1,25.0
2025-05-27,8481,8081.0,396119.0,49.0,49.8,48.35,48.45,-0.55,14.0
2025-05-28,8481,5001.0,242403.0,48.5,48.5,48.45,48.45,0.0,5.0
2025-05-29,8481,10010.0,486450.0,48.5,48.9,48.5,48.55,0.1,12.0
2025-06-02,8481,8003.0,388748.0,48.5,48.95,48.5,48.95,0.4,10.0
2025-06-03,8481,3011.0,146536.0,49.0,49.0,48.5,48.5,-0.45,5.0
2025-06-04,8481,7512.0,365508.0,48.55,48.95,48.5,48.95,0.45,14.0
2025-06-05,8481,4237.0,206469.0,48.9,49.0,48.3,48.7,-0.25,16.0
2025-06-06,8481,3102.0,151901.0,48.7,49.5,48.7,49.5,0.8,8.0
2025-06-09,8481,6022.0,296438.0,49.5,49.5,49.0,49.0,-0.5,8.0
2025-06-10,8481,7003.0,343747.0,49.15,49.15,49.0,49.0,0.0,10.0
2025-06-11,8481,21187.0,1033914.0,48.8,49.4,48.45,48.45,-0.55,28.0
2025-06-12,8481,21020.0,1017816.0,48.6,48.6,48.15,48.15,-0.3,22.0
2025-06-13,8481,8235.0,391760.0,47.95,47.95,47.45,47.55,-0.6,18.0
2025-06-16,8481,15347.0,729456.0,47.55,48.15,47.35,48.15,0.6,19.0
2025-06-17,8481,13504.0,639105.0,48.05,48.05,47.05,47.25,-0.9,19.0
2025-06-18,8481,49228.0,2269681.0,47.0,47.0,45.5,45.7,-1.55,51.0
2025-06-19,8481,40071.0,1792699.0,45.5,45.5,44.3,44.6,-1.1,39.0
2025-06-20,8481,10455.0,470560.0,44.6,45.6,44.6,44.95,0.35,27.0
2025-06-23,8481,12021.0,535026.0,44.5,44.55,44.5,44.55,-0.4,11.0
2025-06-24,8481,3508.0,160733.0,46.0,46.0,46.0,46.0,1.45,16.0
2025-06-25,8481,8115.0,372090.0,46.0,46.0,45.65,45.85,-0.15,15.0
2025-06-26,8481,11000.0,508250.0,46.0,46.45,45.95,46.45,0.6,10.0
2025-06-27,8481,20001.0,935551.0,46.55,47.2,46.05,47.15,0.7,21.0
2025-06-30,8481,12548.0,590151.0,47.0,47.5,46.05,47.5,0.35,16.0
2025-07-01,8481,12068.0,584619.0,47.5,48.95,47.5,48.2,0.7,22.0
2025-07-02,8481,0.0,0.0,0.0,0.0,0.0,0.0,0.0,0.0
2025-07-03,8481,3175.0,153202.0,48.35,48.4,48.0,48.0,0.0,8.0
2025-07-04,8481,75067.0,3406705.0,48.4,48.4,45.05,45.05,-2.95,64.0
2025-07-07,8481,63957.0,2768755.0,43.0,43.6,43.0,43.3,0.0,106.0
2025-07-08,8481,1270.0,55787.0,43.9,43.9,43.9,43.9,0.6,10.0
2025-07-09,8481,2557.0,111461.0,43.5,43.7,43.5,43.7,-0.2,16.0
2025-07-10,8481,5131.0,225529.0,43.9,44.0,43.9,44.0,0.3,11.0
2025-07-11,8481,3141.0,141080.0,44.9,45.0,44.9,45.0,1.0,6.0
2025-07-14,8481,12119.0,545500.0,43.95,45.25,43.95,45.25,0.25,21.0
2025-07-15,8481,7000.0,319500.0,45.7,45.7,45.5,45.5,0.25,4.0
2025-07-16,8481,16065.0,735340.0,45.6,46.3,45.6,46.3,0.8,16.0
2025-07-17,8481,20167.0,933700.0,46.5,46.5,45.85,45.85,-0.45,19.0
2025-07-18,8481,13577.0,621844.0,45.85,45.85,45.55,45.55,-0.3,17.0
2025-07-21,8481,3000.0,139800.0,46.8,46.8,46.2,46.2,0.65,2.0
2025-07-22,8481,3075.0,142998.0,46.5,46.5,46.5,46.5,0.3,2.0
2025-07-23,8481,10165.0,464183.0,46.0,46.15,45.0,45.4,-1.1,15.0
2025-07-24,8481,13001.0,600947.0,47.85,47.85,45.8,45.9,0.5,11.0
2025-07-25,8481,23209.0,1042306.0,45.0,45.0,44.7,44.75,-1.15,25.0
2025-07-28,8481,7109.0,319903.0,45.0,45.0,45.0,45.0,0.25,5.0
2025-07-29,8481,8004.0,359432.0,45.0,45.0,44.6,44.6,-0.4,6.0
2025-07-30,8481,2016.0,90386.0,45.0,45.0,44.65,44.65,0.05,5.0
2025-07-31,8481,12118.0,538744.0,44.55,44.7,44.3,44.3,-0.35,15.0
2025-08-01,8481,28076.0,1236440.0,44.3,44.3,43.5,43.95,-0.35,31.0
2025-08-04,8481,5013.0,220578.0,44.05,44.05,43.95,43.95,0.0,7.0
2025-08-05,8481,10271.0,448451.0,43.95,43.95,43.5,43.5,-0.45,24.0
2025-08-06,8481,7066.0,310046.0,43.5,44.2,43.35,44.05,0.55,21.0
2025-08-07,8481,14238.0,641757.0,45.9,45.9,44.3,44.3,0.25,13.0
2025-08-08,8481,13004.0,579284.0,44.3,45.2,44.3,44.45,0.15,16.0
2025-08-11,8481,7003.0,310234.0,43.75,45.35,43.7,44.55,0.1,8.0
2025-08-12,8481,6020.0,271920.0,45.3,45.3,44.5,44.5,-0.05,3.0
2025-08-13,8481,14454.0,656557.0,45.2,46.6,44.6,44.6,0.1,21.0
2025-08-14,8481,18010.0,798320.0,45.75,45.75,43.2,43.8,-0.8,19.0
2025-08-15,8481,10000.0,441350.0,44.1,44.5,44.05,44.5,0.7,4.0
2025-08-18,8481,15000.0,661850.0,44.5,44.8,43.25,44.0,-0.5,13.0
2025-08-19,8481,5101.0,224286.0,43.8,44.0,43.8,44.0,0.0,9.0
2025-08-20,8481,10006.0,445866.0,44.9,45.0,44.0,44.0,0.0,10.0
2025-08-21,8481,11000.0,484000.0,43.8,44.5,43.6,43.65,-0.35,10.0
2025-08-22,8481,10001.0,440443.0,44.2,44.2,43.7,43.7,0.05,7.0
2025-08-25,8481,13901.0,605538.0,43.7,44.0,43.4,43.4,-0.3,26.0
2025-08-26,8481,8001.0,347446.0,43.5,43.5,43.35,43.4,0.0,8.0
2025-08-27,8481,10000.0,434550.0,43.45,43.5,43.4,43.4,0.0,10.0
2025-08-28,8481,23001.0,1005293.0,43.3,44.45,43.2,43.5,0.1,19.0
2025-08-29,8481,27014.0,1197344.0,45.5,45.5,43.4,43.95,0.45,20.0
2025-09-01,8481,5000.0,217500.0,43.5,43.5,43.5,43.5,-0.45,3.0
2025-09-02,8481,3001.0,130544.0,43.5,43.5,43.5,43.5,0.0,4.0
2025-09-03,8481,6000.0,266700.0,44.45,44.45,44.45,44.45,0.95,2.0
2025-09-04,8481,12030.0,529850.0,43.6,44.5,43.5,43.5,-0.95,10.0
2025-09-05,8481,3000.0,130650.0,43.55,43.55,43.55,43.55,0.05,3.0
2025-09-08,8481,4000.0,175300.0,43.55,44.45,43.55,44.45,0.9,4.0
2025-09-09,8481,4006.0,175817.0,44.45,44.45,43.55,43.55,-0.9,7.0
2025-09-10,8481,12454.0,542770.0,43.55,43.65,43.55,43.6,0.05,17.0
2025-09-11,8481,7000.0,308900.0,44.5,44.5,43.9,43.9,0.3,7.0
2025-09-12,8481,10005.0,439780.0,44.0,44.0,43.9,44.0,0.1,9.0
2025-09-15,8481,1010.0,43940.0,43.5,43.5,43.5,43.5,-0.5,2.0
2025-09-16,8481,14100.0,613294.0,43.6,43.6,43.35,43.5,0.0,14.0
2025-09-17,8481,9205.0,404856.0,44.0,44.0,43.95,43.95,0.45,43.0
2025-09-18,8481,27000.0,1178200.0,43.9,43.9,43.45,43.45,-0.5,19.0
2025-09-19,8481,12679.0,551818.0,43.45,43.6,43.45,43.55,0.1,18.0
2025-09-22,8481,12020.0,524035.0,43.6,43.7,43.4,43.7,0.15,12.0
2025-09-23,8481,18359.0,801637.0,43.4,43.95,43.35,43.5,-0.2,21.0
2025-09-24,8481,2100.0,91400.0,43.55,43.55,43.5,43.5,0.0,5.0
2025-09-25,8481,9020.0,391230.0,43.4,43.45,43.35,43.45,-0.05,9.0
2025-09-26,8481,6000.0,259800.0,43.25,43.5,43.15,43.5,0.05,6.0
2025-09-30,8481,2020.0,87846.0,43.5,43.5,43.45,43.45,-0.05,3.0
2025-10-01,8481,4200.0,183036.0,43.5,43.85,43.5,43.85,0.4,10.0
2025-10-02,8481,7000.0,304700.0,43.55,43.55,43.5,43.55,-0.3,7.0
2025-10-03,8481,12106.0,527019.0,43.55,43.6,43.45,43.5,-0.05,15.0
2025-10-07,8481,4342.0,188998.0,43.65,43.65,43.35,43.4,-0.1,6.0
2025-10-08,8481,9082.0,393608.0,43.4,43.4,43.25,43.25,-0.15,12.0
2025-10-09,8481,16094.0,698026.0,43.35,43.95,43.25,43.3,0.05,13.0
2025-10-13,8481,32040.0,1379920.0,43.2,43.4,42.65,43.4,0.1,48.0
2025-10-14,8481,26224.0,1141917.0,43.2,44.15,43.1,43.15,-0.25,31.0
2025-10-15,8481,4821.0,207478.0,43.0,43.0,43.0,43.0,-0.15,16.0
2025-10-16,8481,31948.0,1366447.0,43.1,43.1,42.5,42.55,-0.45,43.0
2025-10-17,8481,4000.0,171350.0,43.3,43.3,42.65,42.7,0.15,4.0
2025-10-20,8481,5533.0,235992.0,42.7,42.7,42.7,42.7,0.0,13.0
2025-10-21,8481,29043.0,1236623.0,42.55,42.8,42.55,42.55,-0.15,19.0
2025-10-22,8481,26069.0,1109926.0,42.7,42.7,42.5,42.6,0.05,18.0
2025-10-23,8481,21020.0,895789.0,42.6,42.65,42.6,42.6,0.0,13.0
2025-10-27,8481,35158.0,1495550.0,42.6,43.0,42.2,42.3,-0.3,40.0
2025-10-28,8481,41068.0,1730522.0,42.35,42.35,41.9,41.9,-0.4,50.0
2025-10-29,8481,24440.0,1027707.0,42.3,42.3,41.9,42.0,0.1,80.0
2025-10-30,8481,29095.0,1214841.0,41.9,41.9,41.55,41.7,-0.3,49.0
2025-10-31,8481,16621.0,692208.0,41.75,41.85,41.45,41.7,0.0,26.0
2025-11-03,8481,17003.0,706179.0,41.6,41.6,41.45,41.5,-0.2,18.0
2025-11-04,8481,21180.0,877439.0,41.45,41.45,41.3,41.45,-0.05,17.0
2025-11-05,8481,15433.0,638859.0,41.45,41.45,41.35,41.35,-0.1,21.0
2025-11-06,8481,27011.0,1117612.0,41.4,41.4,41.3,41.3,-0.05,20.0
2025-11-07,8481,16030.0,663210.0,41.35,41.5,41.35,41.5,0.2,9.0
2025-11-10,8481,34039.0,1414188.0,41.55,41.6,41.5,41.55,0.05,29.0
2025-11-11,8481,26050.0,1082800.0,41.55,41.6,41.5,41.5,-0.05,20.0
2025-11-12,8481,25330.0,1057064.0,42.05,42.05,41.55,41.7,0.2,24.0
2025-11-13,8481,20453.0,850440.0,41.65,41.65,41.5,41.5,-0.2,24.0
2025-11-14,8481,19100.0,790350.0,41.5,41.55,41.25,41.25,-0.25,18.0
2025-11-17,8481,37281.0,1536158.0,41.4,41.4,41.05,41.05,-0.2,33.0
2025-11-18,8481,28050.0,1148515.0,41.0,41.1,40.9,40.9,-0.15,22.0
2025-11-19,8481,24951.0,1016623.0,40.9,40.9,40.65,40.65,-0.25,36.0
2025-11-20,8481,25524.0,1037620.0,40.7,40.85,40.6,40.7,0.05,58.0
2025-11-21,8481,16325.0,662798.0,40.7,40.7,40.5,40.5,-0.2,50.0
2025-11-24,8481,18228.0,740294.0,40.65,40.65,40.55,40.6,0.1,26.0
2025-11-25,8481,16075.0,653914.0,40.6,40.7,40.6,40.65,0.05,16.0
2025-11-26,8481,19528.0,801944.0,41.0,41.25,41.0,41.0,0.35,27.0
2025-11-27,8481,11220.0,459570.0,40.95,41.0,40.85,40.9,-0.1,31.0
2025-11-28,8481,27578.0,1125663.0,41.1,41.2,40.65,40.7,-0.2,38.0
2025-12-01,8481,21320.0,865720.0,40.7,40.7,40.4,40.7,0.0,18.0
2025-12-02,8481,23100.0,948765.0,41.0,41.3,41.0,41.0,0.3,16.0
2025-12-03,8481,8020.0,331074.0,41.05,41.35,41.05,41.25,0.25,5.0
2025-12-04,8481,15270.0,628254.0,41.4,41.4,41.0,41.0,-0.25,22.0
2025-12-05,8481,11220.0,462250.0,41.05,41.3,41.05,41.25,0.25,11.0
2025-12-08,8481,15008.0,615340.0,41.25,41.25,40.85,40.9,-0.35,14.0
2025-12-09,8481,17280.0,704179.0,40.6,40.95,40.6,40.95,0.05,17.0
2025-12-10,8481,13136.0,535076.0,40.6,40.9,40.6,40.8,-0.15,14.0
2025-12-11,8481,37282.0,1510245.0,40.75,40.75,40.35,40.4,-0.4,36.0
2025-12-12,8481,51020.0,2059320.0,40.5,40.5,40.25,40.45,0.05,33.0
2025-12-15,8481,30060.0,1229780.0,40.4,40.95,40.4,40.95,0.5,18.0
2025-12-16,8481,33284.0,1353504.0,41.0,41.0,40.5,40.55,-0.4,28.0
2025-12-17,8481,26000.0,1054250.0,40.5,40.85,40.45,40.5,-0.05,18.0
2025-12-18,8481,28150.0,1141357.0,40.45,40.8,40.45,40.5,0.0,17.0
2025-12-19,8481,9000.0,365100.0,40.5,40.7,40.5,40.7,0.2,8.0
2025-12-22,8481,29354.0,1197324.0,40.9,41.0,40.6,41.0,0.3,24.0
2025-12-23,8481,5108.0,208640.0,40.7,40.95,40.7,40.75,-0.25,9.0
2025-12-24,8481,11507.0,473133.0,41.6,41.6,40.75,40.9,0.15,19.0
2025-12-26,8481,13228.0,536634.0,40.9,40.9,40.3,40.85,-0.05,17.0
2025-12-29,8481,4241.0,173417.0,41.05,41.05,40.75,40.75,-0.1,10.0
2025-12-30,8481,12038.0,487190.0,40.55,40.55,40.3,40.5,-0.25,11.0
2025-12-31,8481,7040.0,285290.0,40.5,40.65,40.5,40.65,0.15,8.0
2026-01-02,8481,19000.0,774500.0,40.65,40.85,40.65,40.65,0.0,12.0
2026-01-05,8481,47506.0,1915020.0,40.65,40.65,40.2,40.35,-0.3,39.0
2026-01-06,8481,91425.0,3674939.0,40.3,40.35,40.1,40.1,-0.25,49.0
2026-01-07,8481,37000.0,1487350.0,40.1,40.55,40.05,40.55,0.45,23.0
2026-01-08,8481,19023.0,769043.0,40.35,40.5,40.35,40.5,-0.05,12.0
2026-01-09,8481,8566.0,347751.0,40.6,40.8,40.5,40.5,0.0,17.0
2026-01-12,8481,4325.0,176174.0,40.95,41.0,40.5,40.5,0.0,26.0
2026-01-13,8481,42072.0,1726605.0,40.7,41.2,40.7,41.1,0.6,35.0
2026-01-14,8481,23000.0,947850.0,41.1,41.3,41.1,41.25,0.15,22.0
2026-01-15,8481,59212.0,2489293.0,41.25,42.2,41.25,42.0,0.75,124.0
2026-01-16,8481,5406.0,227672.0,42.0,42.4,42.0,42.4,0.4,9.0
2026-01-19,8481,68782.0,2926324.0,42.5,42.8,42.3,42.6,0.2,138.0
2026-01-20,8481,51159.0,2181510.0,42.8,42.8,42.3,42.8,0.2,93.0
2026-01-21,8481,13814.0,585619.0,42.3,42.6,42.25,42.6,-0.2,25.0
2026-01-22,8481,25477.0,1084010.0,42.5,42.75,42.4,42.5,-0.1,37.0
2026-01-23,8481,24078.0,1028765.0,43.15,43.15,42.55,42.55,0.05,18.0
2026-01-26,8481,20202.0,854944.0,42.3,42.55,42.15,42.5,-0.05,17.0
2026-01-27,8481,19050.0,810925.0,42.6,42.7,42.55,42.7,0.2,15.0
2026-01-28,8481,8130.0,345714.0,42.7,42.7,42.45,42.45,-0.25,5.0
2026-01-29,8481,22232.0,942274.0,42.45,42.45,42.3,42.35,-0.1,11.0
2026-01-30,8481,15000.0,634500.0,42.35,42.35,42.25,42.3,-0.05,12.0
2026-02-02,8481,9000.0,379450.0,42.45,42.45,42.05,42.15,-0.15,4.0
2026-02-03,8481,40015.0,1682486.0,42.45,42.45,41.9,41.95,-0.2,19.0
2026-02-04,8481,31020.0,1299240.0,41.95,41.95,41.8,41.8,-0.15,17.0
2026-02-05,8481,20088.0,840036.0,41.85,41.85,41.75,41.75,-0.05,13.0
2026-02-06,8481,27913.0,1157769.0,41.75,41.75,41.0,41.0,-0.75,23.0
2026-02-09,8481,8050.0,330250.0,41.0,41.05,40.95,40.95,-0.05,8.0
2026-02-10,8481,21048.0,873705.0,41.05,41.75,41.0,41.75,0.8,25.0
2026-02-11,8481,26231.0,1100073.0,41.8,42.45,41.7,42.2,0.45,41.0
2026-02-23,8481,41571.0,1752191.0,41.85,42.7,41.65,42.55,0.35,36.0
2026-02-24,8481,53290.0,2237281.0,42.55,42.55,41.5,41.75,-0.8,100.0
2026-02-25,8481,36255.0,1506663.0,41.5,41.8,41.3,41.8,0.05,89.0
2026-02-26,8481,16030.0,671304.0,41.5,41.95,41.5,41.85,0.05,21.0
2026-03-02,8481,28437.0,1200355.0,42.95,42.95,41.6,42.65,0.8,27.0
2026-03-03,8481,39092.0,1635566.0,42.0,42.0,41.6,41.9,-0.75,54.0
2026-03-04,8481,51026.0,2110387.0,41.6,41.6,41.2,41.2,-0.7,44.0
2026-03-05,8481,7000.0,289650.0,41.3,41.45,41.3,41.45,0.25,6.0
2026-03-06,8481,13009.0,538320.0,41.1,41.85,41.1,41.65,0.2,13.0
2026-03-09,8481,53044.0,2197265.0,41.15,41.85,40.8,41.45,-0.2,47.0
2026-03-10,8481,22088.0,928704.0,42.15,42.15,41.95,41.95,0.5,23.0
2026-03-11,8481,50654.0,2125434.0,41.75,42.0,41.75,41.95,0.0,38.0
2026-03-12,8481,18478.0,771892.0,41.8,41.95,41.55,41.8,-0.15,46.0
2026-03-13,8481,9122.0,380751.0,41.8,41.8,41.65,41.7,-0.1,14.0
2026-03-16,8481,20823.0,869208.0,41.65,42.0,41.4,41.65,-0.05,24.0
2026-03-17,8481,6515.0,274033.0,42.1,42.1,41.95,42.0,0.35,8.0
2026-03-18,8481,24024.0,1009658.0,42.25,42.25,41.8,42.0,0.0,19.0
2026-03-19,8481,21306.0,893654.0,42.2,42.3,41.8,41.8,-0.2,20.0
2026-03-20,8481,12373.0,518074.0,41.85,42.05,41.85,41.9,0.1,19.0
2026-03-23,8481,31085.0,1294903.0,41.5,41.9,41.5,41.5,-0.4,27.0
2026-03-24,8481,6022.0,250768.0,41.65,41.65,41.6,41.6,0.1,9.0
2026-03-25,8481,13488.0,567072.0,42.0,42.2,42.0,42.0,0.4,23.0
2026-03-26,8481,8121.0,341522.0,41.85,42.25,41.85,42.25,0.25,9.0
2026-03-27,8481,2185.0,92535.0,42.25,42.25,42.25,42.25,0.0,3.0
2026-03-30,8481,5049.0,212242.0,41.95,42.25,41.95,41.95,-0.3,10.0
2026-03-31,8481,6193.0,259491.0,42.0,42.0,41.8,41.8,-0.15,12.0
2026-04-01,8481,16237.0,681603.0,42.0,42.1,41.8,41.8,0.0,25.0
2026-04-02,8481,10000.0,420200.0,42.0,42.1,42.0,42.1,0.3,9.0
2026-04-07,8481,10188.0,426712.0,42.1,42.1,41.75,41.75,-0.35,13.0
2026-04-08,8481,33272.0,1398516.0,41.95,42.2,41.95,42.1,0.35,28.0
2026-04-09,8481,27000.0,1128700.0,42.05,42.1,41.6,41.85,-0.25,14.0
2026-04-10,8481,10000.0,420600.0,42.2,42.2,41.85,41.9,0.05,10.0
2026-04-13,8481,9020.0,377990.0,42.0,42.0,41.85,41.85,-0.05,10.0
2026-04-14,8481,21051.0,883498.0,41.85,42.05,41.85,42.05,0.2,20.0
2026-04-15,8481,25521.0,1070682.0,41.9,42.0,41.85,41.95,-0.1,31.0
2026-04-16,8481,37197.0,1562042.0,42.0,42.05,41.9,41.95,0.0,38.0
2026-04-17,8481,27861.0,1170488.0,42.0,42.1,42.0,42.1,0.15,28.0
2026-04-20,8481,58510.0,2458070.0,42.2,42.2,41.9,42.0,-0.1,45.0
2026-04-21,8481,49260.0,2059520.0,42.0,42.0,41.4,42.0,0.0,46.0
2026-04-22,8481,27242.0,1138284.0,41.9,41.9,41.6,41.65,-0.35,29.0
2026-04-23,8481,57203.0,2369154.0,41.65,41.7,41.25,41.5,-0.15,56.0
2026-04-24,8481,28343.0,1170105.0,41.35,41.4,41.05,41.4,-0.1,29.0
2026-04-27,8481,29378.0,1204157.0,41.1,41.1,40.9,40.9,-0.5,32.0
2026-04-28,8481,35385.0,1444216.0,40.9,41.0,40.7,41.0,0.1,52.0
2026-04-29,8481,12170.0,505488.0,41.8,41.8,41.2,41.5,0.5,14.0
2026-04-30,8481,29244.0,1200504.0,41.7,41.7,40.9,40.9,-0.6,63.0
2026-05-04,8481,37724.0,1545283.0,40.95,41.0,40.85,40.85,-0.05,58.0
2026-05-05,8481,18080.0,740230.0,41.25,41.25,40.85,40.9,0.05,29.0
2026-05-06,8481,16047.0,659705.0,41.5,41.5,40.9,40.9,0.0,16.0
2026-05-07,8481,33055.0,1356719.0,41.05,41.2,40.9,41.2,0.3,29.0
2026-05-08,8481,21604.0,884542.0,40.85,41.45,40.5,40.9,-0.3,40.0
2026-05-11,8481,33525.0,1365095.0,40.7,40.8,40.6,40.65,-0.25,64.0
2026-05-12,8481,100847.0,4095966.0,40.7,40.95,40.2,40.25,-0.4,89.0
2026-05-13,8481,125970.0,5032641.0,40.25,40.25,39.7,39.85,-0.4,122.0
2026-05-14,8481,80865.0,3219725.0,39.9,40.1,39.55,39.55,-0.3,84.0
2026-05-15,8481,26078.0,1038957.0,39.6,39.95,39.6,39.7,0.15,27.0
2026-05-18,8481,14299.0,572398.0,40.0,40.2,39.9,39.95,0.25,19.0
2026-05-19,8481,28421.0,1136136.0,39.95,40.0,39.85,39.95,0.0,30.0
2026-05-20,8481,22051.0,884860.0,40.0,40.25,39.95,40.25,0.3,18.0
2026-05-21,8481,9273.0,375425.0,40.65,40.65,40.3,40.3,0.05,14.0
2026-05-22,8481,10614.0,429191.0,40.25,40.6,40.05,40.6,0.3,26.0
2026-05-25,8481,27319.0,1104122.0,40.1,40.8,40.1,40.2,-0.4,38.0
2026-05-26,8481,8626.0,349474.0,40.55,40.55,40.5,40.55,0.35,16.0
2026-05-27,8481,47066.0,1917777.0,40.55,40.9,40.5,40.8,0.25,48.0
2026-05-28,8481,22125.0,902613.0,40.8,41.1,40.7,41.1,0.3,25.0
2026-05-29,8481,41135.0,1690954.0,41.0,41.45,41.0,41.0,-0.1,25.0
2026-06-01,8481,43711.0,1793258.0,41.0,41.25,40.95,40.95,-0.05,47.0
2026-06-02,8481,28042.0,1153463.0,41.0,41.4,41.0,41.35,0.4,22.0
2026-06-03,8481,20178.0,833318.0,41.2,41.5,41.2,41.25,-0.1,23.0
2026-06-04,8481,31050.0,1281456.0,41.3,41.3,41.05,41.15,-0.1,22.0
2026-06-05,8481,20064.0,828233.0,41.15,41.5,41.1,41.35,0.2,17.0
2026-06-08,8481,45650.0,1867435.0,41.05,41.2,40.75,40.75,-0.6,38.0
2026-06-09,8481,23001.0,950790.0,40.7,41.65,40.7,40.85,0.1,22.0
2026-06-10,8481,15000.0,611750.0,40.7,41.1,40.7,40.85,0.0,14.0
2026-06-11,8481,19110.0,786714.0,41.2,41.5,40.95,41.4,0.55,18.0
2026-06-12,8481,46181.0,1935151.0,41.75,42.5,41.55,41.9,0.5,33.0
2026-06-15,8481,15230.0,638867.0,42.25,42.25,41.6,42.05,0.15,20.0
2026-06-16,8481,26088.0,1098055.0,42.1,42.25,41.85,42.15,0.1,32.0
2026-06-17,8481,35235.0,1474726.0,42.0,42.15,41.4,42.15,0.0,19.0
2026-06-18,8481,6078.0,254629.0,41.75,42.1,41.75,42.1,-0.05,10.0
2026-06-22,8481,22751.0,956199.0,42.1,42.2,42.0,42.05,-0.05,28.0
2026-06-23,8481,15097.0,635148.0,42.05,42.2,41.9,42.1,0.05,17.0
2026-06-24,8481,9033.0,378328.0,41.9,41.9,41.8,41.9,-0.2,10.0
2026-06-25,8481,9407.0,394372.0,42.0,42.0,41.9,41.9,0.0,12.0
2026-06-26,8481,21000.0,869400.0,41.35,41.5,41.35,41.35,-0.55,15.0
2026-06-29,8481,8001.0,331341.0,41.35,41.6,41.2,41.6,0.25,8.0
2026-06-30,8481,25054.0,1041968.0,41.6,41.6,41.5,41.6,0.0,20.0
2026-07-01,8481,41562.0,1715899.0,41.0,41.7,41.0,41.7,0.1,36.0
2026-07-02,8481,7673.0,319658.0,41.65,41.7,41.4,41.7,0.0,13.0
2026-07-03,8481,41252.0,1722506.0,41.65,42.1,41.5,42.1,0.4,32.0
2026-07-06,8481,27778.0,1164085.0,42.1,42.1,41.65,42.1,0.0,27.0
2026-07-07,8481,32300.0,1360030.0,42.2,42.2,42.0,42.2,0.1,23.0
2026-07-08,8481,25012.0,1054461.0,42.0,42.3,41.9,42.3,0.1,17.0
2026-07-09,8481,19300.0,814689.0,42.35,42.35,41.9,42.2,-0.1,17.0
2026-07-13,8481,18299.0,774351.0,42.5,42.65,42.15,42.25,0.05,21.0
2026-07-14,8481,25004.0,1054770.0,41.95,42.4,41.8,42.4,0.15,25.0
2026-07-15,8481,49076.0,2103721.0,42.5,43.9,42.4,43.9,1.5,61.0
2026-07-16,8481,117667.0,5183832.0,43.9,44.35,43.5,44.35,0.45,90.0
2026-07-17,8481,153897.0,6595344.0,44.4,44.5,41.6,41.6,-2.75,123.0
2026-07-20,8481,82180.0,3245466.0,39.5,39.95,39.1,39.9,0.0,97.0
2026-07-21,8481,6090.0,245344.0,40.45,40.45,40.25,40.25,0.35,9.0
2026-07-22,8481,13172.0,528225.0,40.25,40.3,40.0,40.2,-0.05,21.0
2026-07-23,8481,10222.0,408147.0,40.0,40.2,39.7,40.2,0.0,19.0
2026-07-24,8481,14170.0,565899.0,40.0,40.25,39.75,40.25,0.05,19.0
2026-07-27,8481,5025.0,201672.0,40.0,40.25,40.0,40.25,0.0,7.0
2026-07-28,8481,13112.0,525803.0,40.0,40.2,40.0,40.2,-0.05,12.0
2026-07-29,8481,14260.0,575454.0,40.2,40.45,40.05,40.45,0.25,17.0
2026-07-30,8481,21034.0,842324.0,40.55,40.55,39.9,39.9,-0.55,17.0
2026-07-31,8481,7026.0,282104.0,40.55,40.55,40.05,40.05,0.15,9.0
2026-08-03,8481,13462.0,539041.0,40.05,40.05,40.0,40.0,-0.05,16.0
2026-08-04,8481,17136.0,685605.0,40.0,40.4,39.8,40.2,0.2,19.0
2026-08-05,8481,7448.0,299286.0,39.95,40.3,39.95,40.0,-0.2,16.0
2026-08-06,8481,42500.0,1700375.0,39.95,40.15,39.9,40.0,0.0,32.0
2026-08-07,8481,1705.0,68424.0,40.5,40.5,40.5,40.5,0.5,16.0
2026-08-10,8481,17670.0,713667.0,40.2,40.7,40.2,40.4,-0.1,68.0
2026-08-11,8481,15000.0,609650.0,40.45,40.8,40.35,40.75,0.35,10.0
2026-08-12,8481,11417.0,465617.0,40.8,40.8,40.7,40.8,0.05,16.0
2026-08-13,8481,27316.0,1116429.0,41.0,41.1,40.6,41.1,0.3,32.0
2026-08-14,8481,3605.0,147897.0,41.1,41.1,41.0,41.0,-0.1,9.0
2026-08-17,8481,14152.0,584647.0,40.9,41.5,40.9,41.2,0.2,14.0
2026-08-18,8481,45200.0,1811420.0,40.2,40.45,40.0,40.1,-1.1,44.0
2026-08-19,8481,15200.0,615929.0,40.8,41.1,40.2,40.2,0.1,20.0
2026-08-20,8481,25000.0,1014500.0,41.25,41.25,40.5,40.7,0.5,17.0
2026-08-21,8481,5125.0,210775.0,41.2,41.2,41.05,41.1,0.4,6.0
2026-08-24,8481,10050.0,412750.0,41.35,41.35,41.0,41.0,-0.1,10.0
2026-08-25,8481,6000.0,246400.0,41.0,41.3,41.0,41.0,0.0,6.0
2026-08-26,8481,9010.0,369310.0,41.0,41.05,40.9,41.0,0.0,10.0
2026-08-27,8481,14000.0,576300.0,41.25,41.25,41.0,41.2,0.2,11.0
2026-08-28,8481,3000.0,123600.0,41.2,41.2,41.2,41.2,0.0,2.0
2026-08-31,8481,5206.0,212358.0,40.85,40.9,40.5,40.8,-0.4,10.0
2026-09-01,8481,6062.0,247917.0,40.85,41.0,40.85,41.0,0.2,7.0
2026-09-02,8481,9093.0,369954.0,40.5,41.0,40.45,40.9,-0.1,11.0
2026-09-03,8481,15000.0,611250.0,40.85,40.85,40.6,40.6,-0.3,10.0
2026-09-04,8481,20068.0,821488.0,40.8,41.0,40.8,41.0,0.4,11.0
2026-09-07,8481,19150.0,792224.0,41.3,41.5,41.0,41.5,0.5,20.0
2026-09-08,8481,9830.0,405566.0,41.3,41.4,41.2,41.4,-0.1,43.0
2026-09-09,8481,5128.0,210969.0,41.0,41.35,40.8,41.2,-0.2,9.0
2026-09-10,8481,1024.0,42393.0,41.4,41.4,41.4,41.4,0.2,2.0
