date,stock_id,Trading_Volume,Trading_money,open,max,min,close,spread,Trading_turnover
2016-01-04,9944,239003.0,6183227.0,26.0,26.5,25.1,25.6,-1.65,166.0
2016-01-05,9944,74003.0,1886877.0,25.5,25.6,25.3,25.5,-0.1,37.0
2016-01-06,9944,288050.0,6951005.0,25.5,25.5,23.55,23.9,-1.6,152.0
2016-01-07,9944,201004.0,4621691.0,23.5,24.05,22.4,22.55,-1.35,115.0
2016-01-08,9944,161053.0,3687752.0,22.55,23.35,22.5,22.5,-0.05,83.0
2016-01-11,9944,325004.0,7095386.0,22.5,22.55,21.25,21.5,-1.0,133.0
2016-01-12,9944,736064.0,14917314.0,21.5,21.5,19.6,19.6,-1.9,276.0
2016-01-13,9944,374004.0,7363277.0,19.65,20.15,19.55,19.6,0.0,156.0
2016-01-14,9944,192000.0,3734300.0,19.4,20.4,19.0,20.4,0.8,109.0
2016-01-15,9944,159092.0,3260936.0,20.4,20.9,19.85,20.85,0.45,103.0
2016-01-18,9944,89184.0,1862011.0,19.9,21.5,19.9,21.5,0.65,67.0
2016-01-19,9944,143000.0,3106200.0,21.75,22.25,21.4,21.75,0.25,95.0
2016-01-20,9944,129000.0,2745950.0,21.65,21.65,20.7,21.6,-0.15,79.0
2016-01-21,9944,100000.0,2131650.0,21.6,21.65,21.0,21.6,0.0,72.0
2016-01-22,9944,71000.0,1529600.0,22.5,22.5,21.25,21.55,-0.05,44.0
2016-01-25,9944,148000.0,3155500.0,21.55,21.85,21.15,21.15,-0.4,87.0
2016-01-26,9944,51050.0,1075300.0,20.95,21.3,20.85,21.15,0.0,36.0
2016-01-27,9944,35050.0,740710.0,21.2,21.35,21.0,21.0,-0.15,21.0
2016-01-28,9944,22000.0,463200.0,21.0,21.25,20.9,21.05,0.05,17.0
2016-01-29,9944,71000.0,1481650.0,21.05,21.35,20.35,21.25,0.2,44.0
2016-01-30,9944,157000.0,3410950.0,21.55,22.15,21.3,21.95,0.7,69.0
2016-02-01,9944,221202.0,4943294.0,22.2,22.8,22.05,22.5,0.55,117.0
2016-02-02,9944,42000.0,939050.0,22.5,22.6,22.0,22.6,0.1,30.0
2016-02-03,9944,29000.0,641250.0,22.15,22.4,21.45,22.4,-0.2,21.0
2016-02-15,9944,61383.0,1340087.0,21.85,22.05,21.65,22.05,-0.35,26.0
2016-02-16,9944,31002.0,682342.0,22.2,22.2,21.85,22.05,0.0,27.0
2016-02-17,9944,36050.0,799535.0,22.25,22.5,21.9,22.5,0.45,23.0
2016-02-18,9944,72050.0,1604077.0,22.7,22.7,22.0,22.35,-0.15,62.0
2016-02-19,9944,34000.0,770600.0,22.4,22.75,22.4,22.55,0.2,20.0
2016-02-22,9944,200153.0,4605060.0,22.55,24.0,22.55,23.7,1.15,68.0
2016-02-23,9944,271418.0,6762359.0,24.1,25.7,23.9,25.7,2.0,140.0
2016-02-24,9944,76000.0,1919250.0,25.6,25.7,24.7,25.45,-0.25,63.0
2016-02-25,9944,50662.0,1285598.0,25.7,25.7,25.05,25.5,0.05,39.0
2016-02-26,9944,73000.0,1863850.0,25.35,25.7,25.05,25.7,0.2,46.0
2016-03-01,9944,67008.0,1791163.0,27.2,27.2,26.15,26.5,0.8,54.0
2016-03-02,9944,46000.0,1191850.0,26.5,26.5,25.65,25.65,-0.85,36.0
2016-03-03,9944,46230.0,1173415.0,25.35,25.7,25.2,25.65,0.0,34.0
2016-03-04,9944,37815.0,969868.0,26.6,26.6,25.35,25.5,-0.15,31.0
2016-03-07,9944,56212.0,1419662.0,25.2,25.45,24.9,25.45,-0.05,46.0
2016-03-08,9944,69150.0,1806117.0,25.5,26.8,25.5,25.5,0.05,48.0
2016-03-09,9944,7000.0,179200.0,25.85,25.85,25.5,25.5,0.0,7.0
2016-03-10,9944,34000.0,857300.0,25.5,25.5,25.0,25.3,-0.2,23.0
2016-03-11,9944,27000.0,676900.0,25.1,25.3,24.8,25.3,0.0,19.0
2016-03-14,9944,63003.0,1563424.0,25.0,25.1,24.1,24.6,-0.7,47.0
2016-03-15,9944,60000.0,1495800.0,25.0,25.1,24.5,24.9,0.3,31.0
2016-03-16,9944,47000.0,1164200.0,24.9,25.15,24.5,24.8,-0.1,33.0
2016-03-17,9944,20000.0,493200.0,25.0,25.0,24.5,24.5,-0.3,16.0
2016-03-18,9944,330000.0,8148150.0,24.6,25.2,24.6,25.15,0.65,61.0
2016-03-21,9944,16041.0,397972.0,25.15,25.15,24.65,24.75,-0.4,16.0
2016-03-22,9944,31001.0,763524.0,24.8,24.8,24.5,24.75,0.0,19.0
2016-03-23,9944,26111.0,641369.0,24.6,24.8,24.5,24.6,-0.15,18.0
2016-03-24,9944,12000.0,293150.0,24.55,24.55,24.3,24.35,-0.25,10.0
2016-03-25,9944,89680.0,2103804.0,24.0,24.6,22.6,22.6,-1.75,60.0
2016-03-28,9944,115300.0,2716370.0,23.9,24.3,22.75,23.55,0.95,86.0
2016-03-29,9944,63000.0,1460350.0,23.25,23.55,22.8,23.55,0.0,47.0
2016-03-30,9944,51216.0,1214576.0,23.95,24.2,23.25,23.25,-0.3,47.0
2016-03-31,9944,36000.0,850250.0,23.0,23.8,23.0,23.8,0.55,32.0
2016-04-01,9944,37000.0,889850.0,24.2,24.2,23.8,24.2,0.4,25.0
2016-04-06,9944,33000.0,797750.0,24.2,24.3,23.55,24.3,0.1,30.0
2016-04-07,9944,97001.0,2391425.0,24.3,25.0,24.3,24.6,0.3,72.0
2016-04-08,9944,69001.0,1656123.0,24.8,24.8,23.4,23.4,-1.2,38.0
2016-04-11,9944,10000.0,237050.0,23.6,23.8,23.6,23.65,0.25,10.0
2016-04-12,9944,33000.0,778800.0,23.9,24.25,23.2,23.8,0.15,25.0
2016-04-13,9944,102000.0,2367850.0,23.2,23.6,23.0,23.6,-0.2,53.0
2016-04-14,9944,297060.0,7218348.0,23.5,24.9,23.5,24.15,0.55,89.0
2016-04-15,9944,92000.0,2204300.0,23.7,24.15,23.7,24.0,-0.15,37.0
2016-04-18,9944,37001.0,892473.0,24.4,24.4,23.75,23.75,-0.25,21.0
2016-04-19,9944,49168.0,1189981.0,24.2,24.7,23.75,23.85,0.1,27.0
2016-04-20,9944,61000.0,1445900.0,23.75,23.95,23.25,23.35,-0.5,23.0
2016-04-21,9944,64673.0,1522396.0,23.0,23.95,23.0,23.3,-0.05,32.0
2016-04-22,9944,34020.0,800314.0,23.5,23.75,23.3,23.3,0.0,16.0
2016-04-25,9944,30000.0,706800.0,23.75,23.75,23.3,23.3,0.0,12.0
2016-04-26,9944,13000.0,306300.0,23.5,23.6,23.5,23.6,0.3,2.0
2016-04-27,9944,26050.0,617517.0,23.7,24.0,23.4,23.4,-0.2,17.0
2016-04-28,9944,20000.0,471450.0,23.5,23.7,23.4,23.4,0.0,9.0
2016-04-29,9944,27000.0,630150.0,23.5,23.6,23.0,23.0,-0.4,11.0
2016-05-03,9944,24500.0,569250.0,23.0,23.4,23.0,23.4,0.4,10.0
2016-05-04,9944,35002.0,808394.0,23.3,23.5,22.65,22.65,-0.75,21.0
2016-05-05,9944,36431.0,830449.0,22.95,23.3,22.2,23.3,0.65,22.0
2016-05-06,9944,93050.0,2108300.0,23.25,23.25,21.8,23.15,-0.15,54.0
2016-05-09,9944,38000.0,868800.0,22.6,23.1,22.4,22.65,-0.5,23.0
2016-05-10,9944,104000.0,2308650.0,22.65,22.9,21.85,22.75,0.1,53.0
2016-05-11,9944,36000.0,811950.0,22.7,22.9,21.95,21.95,-0.8,18.0
2016-05-12,9944,32500.0,710549.0,22.1,22.1,21.6,21.6,-0.35,19.0
2016-05-13,9944,36001.0,763571.0,20.5,21.5,20.5,21.0,-0.6,19.0
2016-05-16,9944,96000.0,2081150.0,21.2,22.5,20.5,22.25,1.25,32.0
2016-05-17,9944,37233.0,814672.0,22.2,22.2,21.5,22.0,-0.25,24.0
2016-05-18,9944,31500.0,693600.0,22.05,22.05,21.8,21.9,-0.1,10.0
2016-05-19,9944,11000.0,242200.0,21.9,22.2,21.9,22.0,0.1,7.0
2016-05-20,9944,51176.0,1117106.0,22.0,22.0,21.5,22.0,0.0,26.0
2016-05-23,9944,53000.0,1162350.0,21.85,22.35,21.6,21.9,-0.1,26.0
2016-05-24,9944,42000.0,908950.0,22.1,22.1,21.4,21.6,-0.3,24.0
2016-05-25,9944,37008.0,801820.0,21.6,22.0,21.45,21.45,-0.15,20.0
2016-05-26,9944,33000.0,712350.0,21.55,21.65,21.45,21.6,0.15,18.0
2016-05-27,9944,29000.0,625200.0,21.45,21.6,21.45,21.6,0.0,19.0
2016-05-30,9944,358000.0,8283650.0,22.0,23.7,22.0,23.2,1.6,207.0
2016-05-31,9944,85625.0,1951312.0,23.6,23.6,22.4,22.7,-0.5,65.0
2016-06-01,9944,28115.0,633876.0,22.35,22.7,22.35,22.5,-0.2,18.0
2016-06-02,9944,118089.0,2681829.0,22.7,23.0,22.5,22.9,0.4,40.0
2016-06-03,9944,169254.0,3814492.0,22.8,23.1,22.0,23.1,0.2,123.0
2016-06-04,9944,47000.0,1069000.0,22.65,22.9,22.5,22.5,-0.6,31.0
2016-06-06,9944,18000.0,401200.0,22.25,22.55,22.2,22.55,0.05,16.0
2016-06-07,9944,67000.0,1483100.0,22.5,22.75,21.85,21.85,-0.7,40.0
2016-06-08,9944,117077.0,2502474.0,22.0,22.0,21.0,21.05,-0.8,80.0
2016-06-13,9944,65871.0,1348613.0,21.0,21.0,20.1,20.2,-0.85,36.0
2016-06-14,9944,104734.0,2136373.0,20.2,20.85,20.2,20.35,0.15,57.0
2016-06-15,9944,68000.0,1384750.0,20.35,20.5,20.25,20.5,0.15,26.0
2016-06-16,9944,96066.0,1960126.0,20.5,20.55,20.2,20.25,-0.25,40.0
2016-06-17,9944,93000.0,1884700.0,20.4,20.5,20.1,20.1,-0.15,44.0
2016-06-20,9944,29000.0,590500.0,20.45,20.5,20.25,20.4,0.3,15.0
2016-06-21,9944,19275.0,395437.0,20.4,20.6,20.4,20.6,0.2,17.0
2016-06-22,9944,43100.0,879540.0,20.4,20.5,20.4,20.4,-0.2,20.0
2016-06-23,9944,23540.0,480489.0,20.4,20.5,20.3,20.5,0.1,19.0
2016-06-24,9944,45001.0,920220.0,20.5,20.65,20.3,20.5,0.0,34.0
2016-06-27,9944,37000.0,757600.0,20.3,20.8,20.3,20.8,0.3,20.0
2016-06-28,9944,31080.0,631981.0,20.4,20.4,20.3,20.4,-0.4,22.0
2016-06-29,9944,34000.0,692750.0,20.4,20.5,20.2,20.2,-0.2,22.0
2016-06-30,9944,22010.0,445952.0,20.4,20.4,20.2,20.3,0.1,17.0
2016-07-01,9944,16107.0,330293.0,20.4,20.6,20.3,20.6,0.3,13.0
2016-07-04,9944,52275.0,1076937.0,20.6,20.65,20.5,20.6,0.0,13.0
2016-07-05,9944,48192.0,987732.0,20.6,20.6,20.25,20.4,-0.2,23.0
2016-07-06,9944,31000.0,631300.0,20.4,20.4,20.25,20.25,-0.15,7.0
2016-07-07,9944,172000.0,3450500.0,20.25,20.25,19.95,19.95,-0.3,57.0
2016-07-11,9944,210646.0,4222070.0,20.0,20.25,19.95,20.15,0.2,71.0
2016-07-12,9944,73000.0,1458500.0,20.0,20.1,19.85,20.0,-0.15,33.0
2016-07-13,9944,75320.0,1507029.0,20.0,20.05,19.9,20.05,0.05,21.0
2016-07-14,9944,77000.0,1535950.0,20.0,20.0,19.9,19.9,-0.15,27.0
2016-07-15,9944,273000.0,5445600.0,19.9,20.0,19.8,20.0,0.1,88.0
2016-07-18,9944,136000.0,2725100.0,20.0,20.1,20.0,20.1,0.1,50.0
2016-07-19,9944,224215.0,4574429.0,20.1,20.75,20.1,20.7,0.6,109.0
2016-07-20,9944,79150.0,1609210.0,20.7,20.7,20.15,20.2,-0.5,42.0
2016-07-21,9944,276000.0,5633900.0,20.2,20.65,20.05,20.35,0.15,128.0
2016-07-22,9944,60096.0,1220348.0,20.35,20.4,20.25,20.25,-0.1,37.0
2016-07-25,9944,142010.0,2844252.0,20.25,20.3,19.8,20.0,-0.25,65.0
2016-07-26,9944,77000.0,1540600.0,20.0,20.1,19.9,20.05,0.05,24.0
2016-07-27,9944,98000.0,1962500.0,20.2,20.2,19.95,20.05,0.0,39.0
2016-07-28,9944,211618.0,4204486.0,20.05,20.05,19.6,20.0,-0.05,79.0
2016-07-29,9944,137000.0,2712500.0,20.0,20.0,19.7,19.7,-0.3,62.0
2016-08-01,9944,64005.0,1277500.0,20.0,20.3,19.85,19.9,0.2,43.0
2016-08-02,9944,126000.0,2519150.0,20.0,20.05,19.9,20.0,0.1,26.0
2016-08-03,9944,21164.0,421112.0,19.9,20.0,19.8,20.0,0.0,16.0
2016-08-04,9944,59000.0,1175650.0,20.0,20.0,19.75,20.0,0.0,28.0
2016-08-05,9944,59028.0,1179262.0,20.0,20.0,19.9,19.95,-0.05,15.0
2016-08-08,9944,146000.0,2921850.0,20.0,20.1,19.95,20.05,0.1,40.0
2016-08-09,9944,23050.0,459344.0,20.05,20.05,19.85,19.9,-0.15,21.0
2016-08-10,9944,15289.0,304721.0,19.85,20.0,19.85,19.9,0.0,12.0
2016-08-11,9944,91062.0,1808035.0,20.0,20.0,19.8,19.8,-0.1,40.0
2016-08-12,9944,56001.0,1093469.0,19.5,19.9,19.4,19.5,0.0,38.0
2016-08-15,9944,159000.0,3180450.0,19.8,20.2,19.8,20.0,0.5,71.0
2016-08-16,9944,34030.0,679750.0,20.0,20.0,19.9,20.0,0.0,15.0
2016-08-17,9944,27244.0,544068.0,20.0,20.0,19.9,19.95,-0.05,24.0
2016-08-18,9944,15000.0,298550.0,19.9,20.0,19.85,20.0,0.05,12.0
2016-08-19,9944,157392.0,3154490.0,20.0,20.1,19.9,20.1,0.1,58.0
2016-08-22,9944,204107.0,4162461.0,20.0,21.0,19.7,20.3,0.2,115.0
2016-08-23,9944,431221.0,9408677.0,20.4,22.3,20.4,22.3,2.0,228.0
2016-08-24,9944,2322783.0,55713482.0,23.4,24.5,22.85,24.5,2.2,1024.0
2016-08-25,9944,1846651.0,45354187.0,24.8,25.35,23.85,24.3,-0.2,1053.0
2016-08-26,9944,729108.0,17713774.0,24.0,24.85,23.8,24.45,0.15,405.0
2016-08-29,9944,283200.0,6749820.0,24.3,24.4,23.55,23.75,-0.7,206.0
2016-08-30,9944,865000.0,21112650.0,23.75,25.75,23.55,24.25,0.5,535.0
2016-08-31,9944,222027.0,5320584.0,24.25,24.25,23.65,23.65,-0.6,145.0
2016-09-01,9944,551000.0,13460000.0,24.0,24.85,23.8,23.8,0.15,320.0
2016-09-02,9944,551000.0,12864400.0,23.9,24.35,22.65,22.9,-0.9,295.0
2016-09-05,9944,215220.0,4937643.0,23.3,23.4,22.7,22.8,-0.1,128.0
2016-09-06,9944,163215.0,3692409.0,22.8,23.1,22.4,22.6,-0.2,99.0
2016-09-07,9944,164000.0,3796450.0,22.6,23.4,22.6,23.2,0.6,113.0
2016-09-08,9944,140115.0,3262579.0,23.25,23.6,22.8,23.45,0.25,79.0
2016-09-09,9944,103244.0,2391137.0,23.3,23.4,22.9,23.05,-0.4,47.0
2016-09-10,9944,148001.0,3339472.0,22.6,22.9,22.2,22.6,-0.45,86.0
2016-09-12,9944,173243.0,4000691.0,23.0,23.8,22.7,22.7,0.1,121.0
2016-09-13,9944,84076.0,1923232.0,22.95,23.15,22.4,22.95,0.25,60.0
2016-09-14,9944,78013.0,1793296.0,22.95,23.1,22.8,23.05,0.1,35.0
2016-09-19,9944,87022.0,2003048.0,23.15,23.15,22.85,22.85,-0.2,59.0
2016-09-20,9944,172268.0,3999690.0,23.0,23.7,22.8,23.2,0.35,119.0
2016-09-21,9944,357325.0,8291306.0,23.3,23.4,23.0,23.2,0.0,60.0
2016-09-22,9944,852032.0,19800539.0,23.2,23.65,23.2,23.2,0.0,80.0
2016-09-23,9944,213250.0,5080337.0,23.45,24.15,23.45,23.6,0.4,136.0
2016-09-26,9944,820500.0,20314599.0,24.2,25.3,23.8,24.5,0.9,454.0
2016-09-29,9944,573458.0,14398089.0,24.5,25.4,24.5,25.2,0.7,290.0
2016-09-30,9944,660839.0,16780987.0,25.2,26.4,24.3,24.45,-0.75,462.0
2016-10-03,9944,138000.0,3389600.0,24.5,24.8,24.4,24.5,0.05,83.0
2016-10-04,9944,110020.0,2675334.0,24.5,24.6,24.2,24.2,-0.3,74.0
2016-10-05,9944,135323.0,3374495.0,24.5,25.35,24.5,24.7,0.5,89.0
2016-10-06,9944,91634.0,2288832.0,24.95,25.35,24.6,24.7,0.0,67.0
2016-10-07,9944,147028.0,3552507.0,24.85,24.85,23.9,24.0,-0.7,91.0
2016-10-11,9944,132000.0,3112850.0,24.05,24.5,23.0,23.15,-0.85,78.0
2016-10-12,9944,191000.0,4317700.0,22.9,22.9,22.3,22.7,-0.45,91.0
2016-10-13,9944,47000.0,1069600.0,22.8,23.0,22.55,22.6,-0.1,33.0
2016-10-14,9944,144028.0,3251075.0,22.35,23.2,22.3,22.3,-0.3,89.0
2016-10-17,9944,25500.0,572799.0,22.35,22.85,22.2,22.4,0.1,24.0
2016-10-18,9944,87000.0,1965800.0,23.0,23.0,22.35,22.4,0.0,61.0
2016-10-19,9944,121066.0,2725478.0,22.8,22.8,22.4,22.5,0.1,43.0
2016-10-20,9944,38000.0,864150.0,22.5,22.9,22.5,22.9,0.4,32.0
2016-10-21,9944,21000.0,479400.0,22.65,22.9,22.65,22.9,0.0,20.0
2016-10-24,9944,49000.0,1126900.0,22.9,23.3,22.9,22.95,0.05,33.0
2016-10-25,9944,33497.0,763831.0,23.0,23.0,22.7,22.7,-0.25,29.0
2016-10-26,9944,84000.0,1898200.0,22.6,23.0,22.5,22.75,0.05,39.0
2016-10-27,9944,70000.0,1596100.0,22.9,23.0,22.55,22.55,-0.2,39.0
2016-10-28,9944,80000.0,1798950.0,22.5,22.65,22.35,22.35,-0.2,38.0
2016-10-31,9944,88000.0,1958945.0,22.85,22.85,22.0,22.4,0.05,70.0
2016-11-01,9944,39491.0,876002.0,22.1,22.4,22.0,22.15,-0.25,32.0
2016-11-02,9944,129009.0,2784045.0,22.15,22.2,21.1,21.5,-0.65,81.0
2016-11-03,9944,39000.0,834700.0,21.5,21.75,21.1,21.1,-0.4,24.0
2016-11-04,9944,215000.0,4422700.0,21.3,21.3,20.1,20.1,-1.0,134.0
2016-11-07,9944,19000.0,387100.0,20.2,20.55,20.15,20.35,0.25,18.0
2016-11-08,9944,14000.0,285950.0,20.4,20.5,20.4,20.4,0.05,11.0
2016-11-09,9944,119000.0,2334650.0,20.4,20.6,19.0,19.45,-0.95,80.0
2016-11-10,9944,63219.0,1257258.0,19.6,20.15,19.6,20.0,0.55,35.0
2016-11-11,9944,35000.0,699350.0,20.15,20.15,19.9,20.0,0.0,22.0
2016-11-14,9944,27000.0,537400.0,19.9,20.05,19.7,19.95,-0.05,23.0
2016-11-15,9944,166000.0,3323950.0,20.25,20.3,20.0,20.0,0.05,30.0
2016-11-16,9944,190000.0,3810800.0,20.0,20.4,20.0,20.35,0.35,42.0
2016-11-17,9944,166074.0,3374237.0,20.35,20.55,20.2,20.25,-0.1,34.0
2016-11-18,9944,18000.0,363350.0,20.55,20.55,20.1,20.1,-0.15,12.0
2016-11-21,9944,43000.0,864100.0,20.0,20.35,19.95,20.3,0.2,31.0
2016-11-22,9944,48000.0,992550.0,20.75,20.75,20.4,20.55,0.25,35.0
2016-11-23,9944,59175.0,1240757.0,20.6,21.2,20.6,21.0,0.45,45.0
2016-11-24,9944,15000.0,318900.0,21.2,21.4,21.15,21.4,0.4,11.0
2016-11-25,9944,8000.0,170600.0,21.4,21.6,21.0,21.35,-0.05,8.0
2016-11-28,9944,42001.0,915971.0,21.55,22.0,21.55,21.85,0.5,31.0
2016-11-29,9944,33000.0,726150.0,22.15,22.25,21.85,21.85,0.0,26.0
2016-11-30,9944,28511.0,622688.0,22.15,22.15,21.6,22.0,0.15,27.0
2016-12-01,9944,76597.0,1675734.0,21.65,22.15,21.5,22.15,0.15,51.0
2016-12-02,9944,62000.0,1379750.0,21.9,22.4,21.85,22.4,0.25,41.0
2016-12-05,9944,74000.0,1644200.0,22.4,22.45,21.9,22.3,-0.1,37.0
2016-12-06,9944,395086.0,8822517.0,22.3,22.45,21.95,22.4,0.1,40.0
2016-12-07,9944,50896.0,1133851.0,22.4,22.45,21.8,22.3,-0.1,26.0
2016-12-08,9944,52000.0,1155100.0,22.25,22.4,21.95,22.25,-0.05,24.0
2016-12-09,9944,54616.0,1194567.0,22.3,22.45,21.7,21.9,-0.35,36.0
2016-12-12,9944,32000.0,701100.0,21.9,22.25,21.75,22.0,0.1,23.0
2016-12-13,9944,121000.0,2648450.0,22.0,22.0,21.7,21.75,-0.25,21.0
2016-12-14,9944,71000.0,1552900.0,21.75,21.95,21.75,21.85,0.1,16.0
2016-12-15,9944,74813.0,1629741.0,21.75,21.85,21.6,21.85,0.0,28.0
2016-12-16,9944,88000.0,1887550.0,21.7,21.75,20.95,20.95,-0.9,46.0
2016-12-19,9944,63001.0,1308870.0,20.95,21.1,20.4,20.65,-0.3,41.0
2016-12-20,9944,61196.0,1259267.0,20.5,20.75,20.45,20.65,0.0,34.0
2016-12-21,9944,37100.0,763825.0,20.65,20.75,20.45,20.55,-0.1,22.0
2016-12-22,9944,179000.0,3700300.0,20.55,21.1,20.5,20.95,0.4,45.0
2016-12-23,9944,91001.0,1874770.0,20.65,20.8,20.5,20.5,-0.45,39.0
2016-12-26,9944,100000.0,2059950.0,20.4,21.0,20.4,20.5,0.0,50.0
2016-12-27,9944,27011.0,565380.0,20.7,21.1,20.7,20.95,0.45,24.0
2016-12-28,9944,18000.0,376600.0,21.1,21.1,20.8,20.8,-0.15,16.0
2016-12-29,9944,7000.0,145700.0,20.95,20.95,20.7,20.7,-0.1,7.0
2016-12-30,9944,24000.0,500500.0,20.9,20.9,20.6,20.9,0.2,17.0
2017-01-03,9944,19000.0,397750.0,20.9,21.0,20.7,21.0,0.1,14.0
2017-01-04,9944,21000.0,439000.0,21.05,21.1,20.8,20.8,-0.2,18.0
2017-01-05,9944,14000.0,292000.0,20.8,21.0,20.8,21.0,0.2,10.0
2017-01-06,9944,68000.0,1424250.0,21.3,21.3,20.7,20.8,-0.2,31.0
2017-01-09,9944,24008.0,499016.0,20.8,20.9,20.7,20.9,0.1,11.0
2017-01-10,9944,19003.0,393762.0,20.95,21.0,20.65,20.7,-0.2,12.0
2017-01-11,9944,106002.0,2198441.0,21.2,21.2,20.7,20.7,0.0,25.0
2017-01-12,9944,98000.0,2045850.0,20.85,21.0,20.7,20.7,0.0,20.0
2017-01-13,9944,32800.0,680380.0,20.7,20.95,20.55,20.75,0.05,24.0
2017-01-16,9944,11000.0,228900.0,20.95,20.95,20.75,20.75,0.0,7.0
2017-01-17,9944,10000.0,208100.0,20.85,20.95,20.7,20.7,-0.05,9.0
2017-01-18,9944,43450.0,912405.0,21.1,21.1,20.85,21.0,0.3,37.0
2017-01-19,9944,10000.0,207450.0,20.75,20.85,20.7,20.85,-0.15,9.0
2017-01-20,9944,17149.0,354288.0,20.85,20.85,20.6,20.6,-0.25,18.0
2017-01-23,9944,15000.0,311700.0,20.8,20.9,20.6,20.6,0.0,11.0
2017-01-24,9944,45938.0,942534.0,20.9,20.9,20.3,20.6,0.0,41.0
2017-02-02,9944,33000.0,679150.0,20.5,20.7,20.5,20.7,0.1,17.0
2017-02-03,9944,19000.0,391950.0,20.7,20.7,20.55,20.7,0.0,12.0
2017-02-06,9944,28330.0,586848.0,20.8,20.8,20.6,20.75,0.05,18.0
2017-02-07,9944,39010.0,807358.0,20.7,20.8,20.6,20.8,0.05,21.0
2017-02-08,9944,378396.0,8467795.0,20.9,22.85,20.9,22.85,2.05,188.0
2017-02-09,9944,496065.0,11457072.0,23.0,23.7,22.6,22.6,-0.25,265.0
2017-02-10,9944,142188.0,3174230.0,22.25,22.65,22.05,22.5,-0.1,87.0
2017-02-13,9944,383403.0,8873870.0,22.55,24.4,22.5,23.5,1.0,178.0
2017-02-14,9944,107000.0,2477250.0,23.5,23.7,22.8,22.8,-0.7,60.0
2017-02-15,9944,156808.0,3518068.0,22.85,22.85,22.3,22.5,-0.3,99.0
2017-02-16,9944,128000.0,2886350.0,22.3,23.0,22.3,22.5,0.0,42.0
2017-02-17,9944,68000.0,1538400.0,22.8,23.0,22.35,22.5,0.0,32.0
2017-02-18,9944,40216.0,907787.0,22.7,22.7,22.5,22.55,0.05,33.0
2017-02-20,9944,90001.0,2015522.0,22.8,22.8,22.05,22.2,-0.35,55.0
2017-02-21,9944,85477.0,1933584.0,22.4,22.8,22.3,22.5,0.3,52.0
2017-02-22,9944,80556.0,1846082.0,23.0,23.0,22.65,22.95,0.45,34.0
2017-02-23,9944,40675.0,928255.0,23.1,23.1,22.55,22.75,-0.2,22.0
2017-02-24,9944,29105.0,668833.0,23.1,23.1,22.8,22.8,0.05,15.0
2017-03-01,9944,62000.0,1416800.0,22.9,22.95,22.65,22.65,-0.15,19.0
2017-03-02,9944,19000.0,429450.0,22.6,22.65,22.6,22.6,-0.05,7.0
2017-03-03,9944,79000.0,1758200.0,22.3,22.6,21.9,22.55,-0.05,53.0
2017-03-06,9944,27488.0,617478.0,22.5,22.65,22.15,22.65,0.1,20.0
2017-03-07,9944,17119.0,387027.0,22.8,22.8,22.25,22.55,-0.1,17.0
2017-03-08,9944,60000.0,1351300.0,22.8,22.8,22.35,22.4,-0.15,29.0
2017-03-09,9944,40000.0,891450.0,22.7,22.7,22.15,22.3,-0.1,28.0
2017-03-10,9944,8000.0,177500.0,22.3,22.3,22.0,22.3,0.0,8.0
2017-03-13,9944,22579.0,506145.0,22.5,22.6,22.2,22.25,-0.05,17.0
2017-03-14,9944,83001.0,1839072.0,22.55,22.6,22.05,22.35,0.1,47.0
2017-03-15,9944,44000.0,968900.0,22.3,22.3,22.0,22.05,-0.3,21.0
2017-03-16,9944,73275.0,1613950.0,22.3,22.3,21.9,22.1,0.05,43.0
2017-03-17,9944,64219.0,1405880.0,22.3,22.3,21.75,21.75,-0.35,43.0
2017-03-20,9944,55149.0,1205168.0,21.85,22.0,21.7,21.7,-0.05,39.0
2017-03-21,9944,34110.0,744636.0,21.95,22.0,21.7,21.8,0.1,32.0
2017-03-22,9944,75053.0,1642905.0,21.7,22.0,21.7,21.85,0.05,14.0
2017-03-23,9944,79000.0,1728900.0,21.95,22.0,21.7,22.0,0.15,21.0
2017-03-24,9944,34431.0,751544.0,22.0,22.0,21.7,21.9,-0.1,28.0
2017-03-27,9944,48000.0,1047150.0,21.9,22.0,21.5,21.5,-0.4,32.0
2017-03-28,9944,79299.0,1709598.0,21.5,21.9,21.3,21.5,0.0,33.0
2017-03-29,9944,86000.0,1868950.0,21.5,21.9,21.5,21.55,0.05,23.0
2017-03-30,9944,66050.0,1430824.0,21.8,21.8,21.6,21.65,0.1,16.0
2017-03-31,9944,49000.0,1058350.0,21.8,21.85,21.55,21.6,-0.05,5.0
2017-04-05,9944,101120.0,2213904.0,21.75,22.1,21.75,21.75,0.15,41.0
2017-04-06,9944,35155.0,766329.0,21.9,21.9,21.55,21.9,0.15,23.0
2017-04-07,9944,32701.0,717141.0,21.9,22.05,21.8,21.8,-0.1,16.0
2017-04-10,9944,20117.0,441077.0,22.0,22.0,21.65,21.75,-0.05,15.0
2017-04-11,9944,47050.0,1012820.0,21.6,21.6,21.35,21.35,-0.4,25.0
2017-04-12,9944,37107.0,786352.0,21.3,21.3,21.0,21.0,-0.35,20.0
2017-04-13,9944,27102.0,569216.0,21.1,21.35,20.9,20.95,-0.05,26.0
2017-04-14,9944,694000.0,14656500.0,20.9,21.75,20.85,21.1,0.15,32.0
2017-04-17,9944,402000.0,8735750.0,21.8,21.9,21.15,21.55,0.45,60.0
2017-04-18,9944,23034.0,501785.0,21.6,21.9,21.6,21.7,0.15,21.0
2017-04-19,9944,36000.0,765750.0,21.3,21.45,21.2,21.2,-0.5,24.0
2017-04-20,9944,11400.0,241900.0,21.75,21.75,21.0,21.05,-0.15,11.0
2017-04-21,9944,20010.0,431314.0,21.55,21.6,21.15,21.6,0.55,18.0
2017-04-24,9944,79000.0,1657600.0,21.25,21.3,20.9,20.9,-0.7,44.0
2017-04-25,9944,22215.0,466293.0,20.9,21.1,20.9,21.0,0.1,13.0
2017-04-26,9944,39001.0,810670.0,21.1,21.1,20.65,20.65,-0.35,28.0
2017-04-27,9944,67000.0,1385000.0,20.85,20.9,20.6,20.6,-0.05,34.0
2017-04-28,9944,21120.0,433760.0,20.75,20.75,20.5,20.5,-0.1,17.0
2017-05-02,9944,102000.0,2110900.0,20.5,21.0,20.35,20.35,-0.15,39.0
2017-05-03,9944,82000.0,1693100.0,20.4,21.15,20.25,20.35,0.0,45.0
2017-05-04,9944,38045.0,771456.0,20.7,20.7,20.2,20.2,-0.15,26.0
2017-05-05,9944,82000.0,1645800.0,20.6,20.6,20.0,20.0,-0.2,40.0
2017-05-08,9944,167000.0,3322100.0,20.05,20.2,19.7,19.8,-0.2,66.0
2017-05-09,9944,136272.0,2709503.0,19.95,20.4,19.5,19.5,-0.3,57.0
2017-05-10,9944,383655.0,7553741.0,19.65,20.95,19.45,19.5,0.0,198.0
2017-05-11,9944,155000.0,3016700.0,19.6,19.65,19.3,19.45,-0.05,51.0
2017-05-12,9944,53107.0,1033675.0,19.6,19.6,19.35,19.5,0.05,24.0
2017-05-15,9944,72000.0,1407850.0,19.4,19.65,19.4,19.5,0.0,27.0
2017-05-16,9944,125000.0,2458000.0,19.65,19.75,19.5,19.6,0.1,31.0
2017-05-17,9944,86529.0,1678018.0,19.6,19.6,19.3,19.3,-0.3,46.0
2017-05-18,9944,98000.0,1911500.0,19.2,19.8,19.2,19.3,0.0,59.0
2017-05-19,9944,125100.0,2417175.0,19.3,19.5,19.3,19.3,0.0,55.0
2017-05-22,9944,68000.0,1312100.0,19.4,19.4,19.2,19.2,-0.1,37.0
2017-05-23,9944,247000.0,4729550.0,19.2,19.3,19.0,19.2,0.0,90.0
2017-05-24,9944,38000.0,734700.0,19.3,19.4,19.3,19.3,0.1,15.0
2017-05-25,9944,189050.0,3671665.0,19.45,19.65,19.25,19.3,0.0,67.0
2017-05-26,9944,398500.0,7702449.0,19.3,19.55,19.3,19.3,0.0,57.0
2017-05-31,9944,158000.0,3055700.0,19.2,19.4,19.2,19.3,0.0,28.0
2017-06-01,9944,341000.0,6595050.0,19.45,19.45,19.3,19.3,0.0,81.0
2017-06-02,9944,202000.0,3935400.0,19.4,19.55,19.4,19.45,0.15,43.0
2017-06-03,9944,79002.0,1547939.0,19.45,19.6,19.45,19.55,0.1,12.0
2017-06-05,9944,116000.0,2271950.0,19.55,19.75,19.5,19.55,0.0,44.0
2017-06-06,9944,173053.0,3390428.0,19.7,19.7,19.45,19.5,-0.05,48.0
2017-06-07,9944,101000.0,1966000.0,19.5,19.5,19.35,19.5,0.0,33.0
2017-06-08,9944,511000.0,10127300.0,19.4,20.2,19.4,19.55,0.05,139.0
2017-06-09,9944,235636.0,4618637.0,19.65,19.7,19.45,19.6,0.05,47.0
2017-06-12,9944,291001.0,5707119.0,19.7,19.9,19.5,19.9,0.3,26.0
2017-06-13,9944,658866.0,13081346.0,19.85,19.95,19.75,19.9,0.0,57.0
2017-06-14,9944,154618.0,3057848.0,19.95,19.95,19.6,19.9,0.0,43.0
2017-06-15,9944,168777.0,3348278.0,19.9,19.9,19.7,19.8,-0.1,35.0
2017-06-16,9944,79000.0,1563850.0,19.75,19.85,19.7,19.85,0.05,26.0
2017-06-19,9944,178009.0,3483723.0,19.75,19.75,19.4,19.45,-0.4,82.0
2017-06-20,9944,113768.0,2219859.0,19.5,19.65,19.4,19.5,0.05,56.0
2017-06-21,9944,367000.0,7139000.0,19.45,19.55,19.4,19.5,0.0,117.0
2017-06-22,9944,177215.0,3475731.0,19.55,19.65,19.4,19.55,0.05,41.0
2017-06-23,9944,209000.0,4091600.0,19.45,19.7,19.45,19.5,-0.05,40.0
2017-06-26,9944,302500.0,5873750.0,19.6,19.75,19.25,19.6,0.1,95.0
2017-06-27,9944,175000.0,3424100.0,19.5,19.75,19.5,19.5,-0.1,55.0
2017-06-28,9944,23000.0,450750.0,19.6,19.65,19.55,19.55,0.05,17.0
2017-06-29,9944,68005.0,1336947.0,19.65,19.75,19.5,19.6,0.05,32.0
2017-06-30,9944,59000.0,1152000.0,19.7,19.75,19.4,19.4,-0.2,37.0
2017-07-03,9944,19000.0,371800.0,19.45,19.7,19.45,19.55,0.15,17.0
2017-07-04,9944,131000.0,2585600.0,19.6,19.85,19.6,19.65,0.1,61.0
2017-07-05,9944,25000.0,490300.0,19.6,19.7,19.55,19.65,0.0,18.0
2017-07-06,9944,57000.0,1125050.0,19.7,19.85,19.6,19.6,-0.05,27.0
2017-07-07,9944,246000.0,4893800.0,19.75,20.15,19.55,20.15,0.55,120.0
2017-07-10,9944,124170.0,2455490.0,20.15,20.15,19.55,19.65,-0.5,73.0
2017-07-11,9944,60813.0,1200734.0,19.6,19.9,19.6,19.7,0.05,34.0
2017-07-12,9944,91000.0,1807800.0,19.75,19.95,19.6,19.75,0.05,46.0
2017-07-13,9944,19074.0,378865.0,19.9,19.95,19.8,19.9,0.15,17.0
2017-07-14,9944,42000.0,840350.0,19.85,20.05,19.85,19.95,0.05,15.0
2017-07-17,9944,44424.0,891237.0,20.1,20.15,19.9,20.05,0.1,19.0
2017-07-18,9944,42000.0,838450.0,20.05,20.05,19.9,20.05,0.0,27.0
2017-07-19,9944,31161.0,623053.0,19.85,20.0,19.85,20.0,-0.05,12.0
2017-07-20,9944,43001.0,857919.0,20.0,20.0,19.75,19.75,-0.25,23.0
2017-07-21,9944,100000.0,2000200.0,19.8,20.1,19.75,20.05,0.3,39.0
2017-07-24,9944,56001.0,1120219.0,19.9,20.05,19.9,19.9,-0.15,11.0
2017-07-25,9944,22000.0,436850.0,19.8,19.9,19.75,19.9,0.0,11.0
2017-07-26,9944,6275.0,124716.0,19.9,19.9,19.8,19.8,-0.1,8.0
2017-07-27,9944,26501.0,522244.0,19.8,19.8,19.65,19.8,0.0,20.0
2017-07-28,9944,113385.0,2264610.0,19.65,20.1,19.6,20.0,0.2,49.0
2017-07-31,9944,109023.0,2148443.0,19.9,19.9,19.5,19.85,-0.15,64.0
2017-08-01,9944,95000.0,1865950.0,19.9,19.9,19.55,19.7,-0.15,45.0
2017-08-02,9944,28232.0,555646.0,19.6,19.8,19.55,19.7,0.0,22.0
2017-08-03,9944,90000.0,1761450.0,19.8,19.8,19.5,19.5,-0.2,39.0
2017-08-04,9944,52109.0,1023514.0,19.5,19.7,19.5,19.55,0.05,29.0
2017-08-07,9944,204000.0,3964000.0,19.7,19.7,19.2,19.35,-0.2,87.0
2017-08-08,9944,730001.0,14022169.0,19.35,19.8,18.8,19.05,-0.3,243.0
2017-08-09,9944,780001.0,14685669.0,19.0,19.15,18.5,19.15,0.1,114.0
2017-08-10,9944,58000.0,1103950.0,19.15,19.2,18.65,18.8,-0.35,24.0
2017-08-11,9944,412000.0,7540200.0,18.8,18.9,18.0,18.4,-0.4,146.0
2017-08-14,9944,101000.0,1871150.0,18.4,18.7,18.35,18.45,0.05,35.0
2017-08-15,9944,481050.0,8816294.0,18.55,18.75,18.0,18.0,-0.45,97.0
2017-08-16,9944,375001.0,6672867.0,18.0,18.25,17.65,17.7,-0.3,112.0
2017-08-17,9944,67209.0,1225203.0,17.85,18.5,17.85,18.3,0.6,38.0
2017-08-18,9944,61246.0,1118901.0,18.15,18.4,18.15,18.35,0.05,29.0
2017-08-21,9944,21000.0,382650.0,18.35,18.35,18.15,18.15,-0.2,17.0
2017-08-22,9944,45690.0,838258.0,18.35,18.45,18.3,18.35,0.2,26.0
2017-08-23,9944,44161.0,808780.0,18.5,18.5,18.3,18.35,0.0,16.0
2017-08-24,9944,65102.0,1195970.0,18.4,18.4,18.3,18.35,0.0,21.0
2017-08-25,9944,299107.0,5619883.0,18.4,19.3,18.35,19.1,0.75,94.0
2017-08-28,9944,253000.0,4825850.0,18.8,19.4,18.7,19.3,0.0,52.0
2017-08-29,9944,103300.0,1969009.0,19.1,19.35,18.8,19.35,0.05,38.0
2017-08-30,9944,94500.0,1843200.0,19.45,19.55,19.4,19.4,0.05,37.0
2017-08-31,9944,160324.0,3145600.0,19.6,19.8,19.5,19.7,0.3,49.0
2017-09-01,9944,87000.0,1721400.0,19.65,19.9,19.65,19.9,0.2,39.0
2017-09-04,9944,45049.0,884400.0,19.7,19.7,19.5,19.5,-0.4,23.0
2017-09-05,9944,57000.0,1113750.0,19.8,19.8,19.4,19.45,-0.05,19.0
2017-09-06,9944,91000.0,1770750.0,19.6,19.6,19.4,19.4,-0.05,6.0
2017-09-07,9944,180050.0,3512487.0,19.55,19.65,18.8,19.6,0.2,59.0
2017-09-08,9944,78000.0,1526550.0,19.65,19.7,19.4,19.65,0.05,22.0
2017-09-11,9944,40422.0,786729.0,19.65,19.65,19.25,19.65,0.0,26.0
2017-09-12,9944,15000.0,294450.0,19.65,19.7,19.5,19.6,-0.05,9.0
2017-09-13,9944,40000.0,776750.0,19.6,19.6,19.25,19.55,-0.05,21.0
2017-09-14,9944,26100.0,508570.0,19.6,19.6,19.35,19.55,0.0,17.0
2017-09-15,9944,210000.0,4058000.0,19.55,19.55,19.1,19.55,0.0,91.0
2017-09-18,9944,87579.0,1711524.0,19.5,19.6,19.4,19.5,-0.05,26.0
2017-09-19,9944,29000.0,563250.0,19.25,19.55,19.25,19.55,0.05,18.0
2017-09-20,9944,123010.0,2345491.0,19.6,19.6,18.9,19.0,-0.55,65.0
2017-09-21,9944,46009.0,879672.0,19.4,19.5,19.0,19.05,0.05,24.0
2017-09-22,9944,37000.0,711250.0,19.45,19.45,19.1,19.4,0.35,17.0
2017-09-25,9944,50000.0,959550.0,19.5,19.5,19.0,19.3,-0.1,26.0
2017-09-26,9944,64155.0,1224649.0,19.4,19.4,18.95,19.2,-0.1,42.0
2017-09-27,9944,143000.0,2741800.0,19.2,19.4,18.9,19.1,-0.1,41.0
2017-09-28,9944,166050.0,3168900.0,19.2,19.25,18.95,19.1,0.0,26.0
2017-09-29,9944,10000.0,190650.0,19.15,19.15,19.0,19.1,0.0,4.0
2017-09-30,9944,163000.0,3093600.0,19.15,19.2,18.8,18.8,-0.3,44.0
2017-10-02,9944,532000.0,9826500.0,18.8,18.9,18.2,18.5,-0.3,198.0
2017-10-03,9944,689389.0,12420668.0,18.45,18.45,17.75,17.95,-0.55,265.0
2017-10-05,9944,49000.0,887400.0,18.05,18.2,18.05,18.15,0.2,40.0
2017-10-06,9944,34000.0,618650.0,18.25,18.25,18.05,18.2,0.05,25.0
2017-10-11,9944,160000.0,2922200.0,18.1,18.4,18.1,18.15,-0.05,36.0
2017-10-12,9944,36120.0,661828.0,18.4,18.4,18.25,18.25,0.1,19.0
2017-10-13,9944,13278.0,242108.0,18.25,18.3,18.2,18.3,0.05,17.0
2017-10-16,9944,102161.0,1886130.0,18.3,18.55,18.3,18.35,0.05,33.0
2017-10-17,9944,26051.0,476125.0,18.35,18.35,18.25,18.25,-0.1,12.0
2017-10-18,9944,45161.0,824480.0,18.4,18.4,18.2,18.3,0.05,18.0
2017-10-19,9944,26000.0,478500.0,18.15,18.45,18.15,18.45,0.15,12.0
2017-10-20,9944,36000.0,661350.0,18.25,18.45,18.25,18.45,0.0,26.0
2017-10-23,9944,84050.0,1550570.0,18.4,18.5,18.35,18.5,0.05,28.0
2017-10-24,9944,110450.0,2036434.0,18.55,18.55,18.3,18.45,-0.05,30.0
2017-10-25,9944,49001.0,906118.0,18.45,18.55,18.4,18.45,0.0,21.0
2017-10-26,9944,39774.0,736568.0,18.6,18.6,18.4,18.6,0.15,20.0
2017-10-27,9944,57000.0,1058300.0,18.55,18.6,18.5,18.6,0.0,23.0
2017-10-30,9944,60000.0,1113950.0,18.6,18.6,18.5,18.5,-0.1,21.0
2017-10-31,9944,28000.0,518500.0,18.6,18.6,18.45,18.55,0.05,21.0
2017-11-01,9944,61000.0,1134800.0,18.6,18.65,18.55,18.6,0.05,34.0
2017-11-02,9944,16000.0,298100.0,18.65,18.65,18.55,18.6,0.0,14.0
2017-11-03,9944,62000.0,1156600.0,18.6,18.7,18.6,18.7,0.1,31.0
2017-11-06,9944,21000.0,392250.0,18.7,18.7,18.65,18.7,0.0,10.0
2017-11-07,9944,53000.0,985550.0,18.65,18.65,18.45,18.6,-0.1,17.0
2017-11-08,9944,289022.0,5297704.0,18.45,18.6,18.0,18.5,-0.1,108.0
2017-11-09,9944,172154.0,3197799.0,18.6,18.65,18.4,18.65,0.15,44.0
2017-11-10,9944,15000.0,278600.0,18.5,18.65,18.5,18.65,0.0,7.0
2017-11-13,9944,33097.0,615794.0,18.6,18.65,18.5,18.65,0.0,16.0
2017-11-14,9944,57043.0,1060606.0,18.6,18.65,18.55,18.6,-0.05,18.0
2017-11-15,9944,73000.0,1353150.0,18.6,18.6,18.35,18.45,-0.15,37.0
2017-11-16,9944,125000.0,2313800.0,18.5,18.6,18.4,18.6,0.15,46.0
2017-11-17,9944,55629.0,1034586.0,18.6,18.65,18.55,18.6,0.0,34.0
2017-11-20,9944,1387206.0,27678510.0,18.65,20.45,18.55,20.45,1.85,467.0
2017-11-21,9944,1267200.0,25833099.0,20.9,20.9,19.15,19.7,-0.75,558.0
2017-11-22,9944,245389.0,4857902.0,19.7,20.2,19.45,19.9,0.2,149.0
2017-11-23,9944,367150.0,7365736.0,19.75,20.6,19.75,20.05,0.15,163.0
2017-11-24,9944,254000.0,5079900.0,19.8,20.25,19.8,20.05,0.0,83.0
2017-11-27,9944,293000.0,5869750.0,20.05,20.25,19.7,20.1,0.05,78.0
2017-11-28,9944,89000.0,1787850.0,20.1,20.15,20.05,20.05,-0.05,40.0
2017-11-29,9944,188124.0,3695073.0,19.9,20.0,19.25,19.5,-0.55,73.0
2017-11-30,9944,76021.0,1478254.0,19.4,19.55,19.4,19.5,0.0,32.0
2017-12-01,9944,82000.0,1599450.0,19.65,19.65,19.3,19.5,0.0,32.0
2017-12-04,9944,87000.0,1707600.0,19.5,19.75,19.35,19.7,0.2,38.0
2017-12-05,9944,99000.0,1953700.0,19.7,19.9,19.65,19.8,0.1,32.0
2017-12-06,9944,55000.0,1087300.0,19.8,19.9,19.5,19.8,0.0,31.0
2017-12-07,9944,115000.0,2277200.0,19.45,19.95,19.45,19.75,-0.05,41.0
2017-12-08,9944,85030.0,1677200.0,19.75,19.8,19.6,19.8,0.05,29.0
2017-12-11,9944,131000.0,2593650.0,19.8,19.9,19.7,19.9,0.1,36.0
2017-12-12,9944,108000.0,2112400.0,19.55,19.7,19.5,19.6,-0.3,42.0
2017-12-13,9944,120115.0,2355692.0,19.6,20.0,19.4,19.6,0.0,47.0
2017-12-14,9944,129000.0,2547550.0,19.6,19.9,19.6,19.65,0.05,38.0
2017-12-15,9944,37000.0,718200.0,19.5,19.5,19.25,19.3,-0.35,21.0
2017-12-18,9944,195000.0,3854750.0,19.6,20.0,19.55,19.6,0.3,71.0
2017-12-19,9944,52000.0,1021250.0,19.75,19.8,19.55,19.55,-0.05,26.0
2017-12-20,9944,99157.0,1958650.0,19.75,19.8,19.65,19.7,0.15,35.0
2017-12-21,9944,72000.0,1415950.0,19.7,19.75,19.5,19.6,-0.1,20.0
2017-12-22,9944,118001.0,2306719.0,19.55,19.65,19.45,19.65,0.05,33.0
2017-12-25,9944,102323.0,2033630.0,19.65,20.0,19.65,19.75,0.1,29.0
2017-12-26,9944,60053.0,1185438.0,20.0,20.0,19.65,19.7,-0.05,28.0
2017-12-27,9944,24052.0,476869.0,19.9,19.95,19.7,19.7,0.0,13.0
2017-12-28,9944,478000.0,9339750.0,19.9,19.95,19.45,19.45,-0.25,79.0
2017-12-29,9944,43000.0,842750.0,19.6,19.6,19.55,19.6,0.15,14.0
2018-01-02,9944,65161.0,1278339.0,19.4,19.65,19.4,19.65,0.05,15.0
2018-01-03,9944,183000.0,3586400.0,19.7,19.7,19.5,19.65,0.0,46.0
2018-01-04,9944,36276.0,711981.0,19.7,19.7,19.5,19.6,-0.05,20.0
2018-01-05,9944,167000.0,3277450.0,19.5,19.7,19.5,19.5,-0.1,38.0
2018-01-08,9944,99690.0,1943082.0,19.4,19.7,19.35,19.4,-0.1,49.0
2018-01-09,9944,156405.0,3046166.0,19.55,19.65,19.3,19.45,0.05,49.0
2018-01-10,9944,117074.0,2294435.0,19.55,19.7,19.45,19.55,0.1,35.0
2018-01-11,9944,40000.0,783550.0,19.6,19.6,19.55,19.6,0.05,12.0
2018-01-12,9944,131000.0,2581750.0,19.7,19.75,19.55,19.65,0.05,21.0
2018-01-15,9944,62688.0,1232746.0,19.75,19.8,19.5,19.6,-0.05,44.0
2018-01-16,9944,36000.0,709350.0,19.75,19.75,19.65,19.75,0.15,24.0
2018-01-17,9944,299000.0,5841200.0,19.75,19.8,19.4,19.8,0.05,83.0
2018-01-18,9944,34000.0,671550.0,19.8,19.8,19.7,19.8,0.0,25.0
2018-01-19,9944,111000.0,2192450.0,19.75,19.85,19.65,19.8,0.0,29.0
2018-01-22,9944,26598.0,522490.0,19.8,19.8,19.55,19.55,-0.25,20.0
2018-01-23,9944,127000.0,2505550.0,19.75,19.8,19.6,19.6,0.05,38.0
2018-01-24,9944,19350.0,380145.0,19.75,19.75,19.45,19.7,0.1,19.0
2018-01-25,9944,116622.0,2302291.0,19.75,19.8,19.65,19.8,0.1,45.0
2018-01-26,9944,49100.0,970225.0,19.8,19.8,19.65,19.65,-0.15,25.0
2018-01-29,9944,100035.0,1981538.0,19.7,19.85,19.65,19.8,0.15,23.0
2018-01-30,9944,83000.0,1630450.0,19.8,19.85,19.5,19.65,-0.15,42.0
2018-01-31,9944,31013.0,612197.0,19.75,19.75,19.7,19.7,0.05,28.0
2018-02-01,9944,43226.0,852157.0,19.85,19.85,19.55,19.65,-0.05,21.0
2018-02-02,9944,24000.0,473600.0,19.8,19.8,19.65,19.75,0.1,12.0
2018-02-05,9944,42002.0,826838.0,19.75,19.75,19.55,19.7,-0.05,28.0
2018-02-06,9944,124052.0,2361232.0,19.7,19.7,18.3,19.0,-0.7,78.0
2018-02-07,9944,144100.0,2815785.0,19.5,19.85,19.15,19.35,0.35,47.0
2018-02-08,9944,64000.0,1242800.0,19.35,19.6,19.25,19.6,0.25,15.0
2018-02-09,9944,682417.0,12740847.0,19.45,19.45,18.0,19.4,-0.2,87.0
2018-02-12,9944,61000.0,1181650.0,19.4,19.5,19.1,19.45,0.05,29.0
2018-02-21,9944,117000.0,2306900.0,19.6,19.8,19.5,19.55,0.1,40.0
2018-02-22,9944,36000.0,712000.0,19.8,19.8,19.75,19.75,0.2,16.0
2018-02-23,9944,244000.0,4856650.0,19.8,20.0,19.8,19.85,0.1,84.0
2018-02-26,9944,110000.0,2184500.0,19.85,19.9,19.8,19.85,0.0,30.0
2018-02-27,9944,214000.0,4253850.0,19.85,20.05,19.65,19.85,0.0,43.0
2018-03-01,9944,80173.0,1585758.0,19.9,19.9,19.6,19.85,0.0,31.0
2018-03-02,9944,38000.0,750200.0,19.85,19.85,19.6,19.75,-0.1,18.0
2018-03-05,9944,52297.0,1033350.0,19.8,19.85,19.7,19.8,0.05,21.0
2018-03-06,9944,49000.0,968900.0,19.85,19.85,19.6,19.7,-0.1,28.0
2018-03-07,9944,21000.0,415150.0,19.8,19.8,19.7,19.75,0.05,10.0
2018-03-08,9944,19000.0,375550.0,19.8,19.8,19.75,19.75,0.0,6.0
2018-03-09,9944,54000.0,1067650.0,19.75,19.85,19.6,19.65,-0.1,25.0
2018-03-12,9944,20000.0,393250.0,19.8,19.8,19.45,19.7,0.05,11.0
2018-03-13,9944,40000.0,789800.0,19.75,19.8,19.55,19.8,0.1,27.0
2018-03-14,9944,88000.0,1737450.0,19.85,19.85,19.65,19.75,-0.05,31.0
2018-03-15,9944,64000.0,1265000.0,19.85,19.85,19.65,19.7,-0.05,29.0
2018-03-16,9944,22053.0,434638.0,19.8,19.8,19.6,19.75,0.05,12.0
2018-03-19,9944,34097.0,672401.0,19.8,19.8,19.6,19.75,0.0,20.0
2018-03-20,9944,32000.0,629800.0,19.7,19.8,19.6,19.7,-0.05,16.0
2018-03-21,9944,117000.0,2317800.0,19.7,19.85,19.7,19.8,0.1,36.0
2018-03-22,9944,37000.0,729700.0,19.85,19.85,19.65,19.75,-0.05,13.0
2018-03-23,9944,83000.0,1640250.0,19.7,19.85,19.6,19.6,-0.15,34.0
2018-03-26,9944,35665.0,698334.0,19.55,19.75,19.45,19.75,0.15,32.0
2018-03-27,9944,131538.0,2590744.0,19.8,19.8,19.5,19.75,0.0,38.0
2018-03-28,9944,51100.0,997855.0,19.5,19.75,19.5,19.5,-0.25,28.0
2018-03-29,9944,20000.0,391100.0,19.65,19.7,19.45,19.45,-0.05,8.0
2018-03-30,9944,256100.0,5033965.0,19.45,19.75,19.45,19.65,0.2,66.0
2018-03-31,9944,70100.0,1370705.0,19.6,19.65,19.45,19.55,-0.1,23.0
2018-04-02,9944,99107.0,1935625.0,19.55,19.65,19.4,19.55,0.0,36.0
2018-04-03,9944,162000.0,3191400.0,19.5,19.75,19.5,19.7,0.15,34.0
2018-04-09,9944,151000.0,2973250.0,19.7,19.75,19.55,19.7,0.0,29.0
2018-04-10,9944,90102.0,1776463.0,19.65,19.75,19.65,19.75,0.05,18.0
2018-04-11,9944,508200.0,9877859.0,19.7,19.7,19.3,19.3,-0.45,83.0
2018-04-12,9944,75500.0,1470422.0,19.3,19.6,19.3,19.3,0.0,28.0
2018-04-13,9944,49018.0,959154.0,19.55,19.65,19.45,19.45,0.15,25.0
2018-04-16,9944,51000.0,995750.0,19.6,19.6,19.3,19.5,0.05,19.0
2018-04-17,9944,84000.0,1631850.0,19.6,19.6,19.05,19.35,-0.15,29.0
2018-04-18,9944,46000.0,879500.0,19.5,19.5,18.9,19.05,-0.3,33.0
2018-04-19,9944,89539.0,1722744.0,19.2,19.35,19.05,19.25,0.2,27.0
2018-04-20,9944,10162.0,196050.0,19.3,19.3,19.25,19.3,0.05,10.0
2018-04-23,9944,80258.0,1548553.0,19.05,19.35,19.05,19.2,-0.1,19.0
2018-04-24,9944,14077.0,269786.0,19.3,19.3,19.1,19.15,-0.05,13.0
2018-04-25,9944,66000.0,1265800.0,18.9,19.3,18.9,19.1,-0.05,14.0
2018-04-26,9944,17074.0,327043.0,19.25,19.25,19.1,19.1,0.0,10.0
2018-04-27,9944,76001.0,1450019.0,19.0,19.3,18.9,19.0,-0.1,23.0
2018-04-30,9944,22108.0,423712.0,19.25,19.25,18.95,19.25,0.25,14.0
2018-05-02,9944,62100.0,1187675.0,19.2,19.25,18.8,19.25,0.0,35.0
2018-05-03,9944,28000.0,534750.0,19.2,19.2,18.95,19.1,-0.15,17.0
2018-05-04,9944,71000.0,1360400.0,18.95,19.2,18.95,19.1,0.0,12.0
2018-05-07,9944,57051.0,1087471.0,19.15,19.15,18.9,19.15,0.05,34.0
2018-05-08,9944,21001.0,402119.0,19.1,19.2,19.1,19.2,0.05,11.0
2018-05-09,9944,23000.0,439400.0,19.2,19.2,18.95,19.2,0.0,16.0
2018-05-10,9944,63215.0,1212095.0,19.15,19.25,19.05,19.05,-0.15,19.0
2018-05-11,9944,33000.0,631750.0,19.05,19.2,19.05,19.1,0.05,9.0
2018-05-14,9944,39000.0,747500.0,19.15,19.2,19.1,19.1,0.0,13.0
2018-05-15,9944,92058.0,1752977.0,19.15,19.2,18.9,18.9,-0.2,32.0
2018-05-16,9944,225077.0,4287405.0,19.05,19.2,18.85,19.0,0.1,42.0
2018-05-17,9944,181000.0,3424000.0,19.1,19.1,18.9,19.0,0.0,28.0
2018-05-18,9944,175000.0,3330350.0,19.05,19.25,18.7,18.95,-0.05,32.0
2018-05-21,9944,11275.0,214447.0,19.1,19.1,18.9,19.05,0.1,9.0
2018-05-22,9944,64580.0,1213604.0,18.8,19.0,18.65,18.9,-0.15,47.0
2018-05-23,9944,21200.0,402329.0,18.95,19.0,18.95,19.0,0.1,11.0
2018-05-24,9944,78000.0,1490900.0,18.95,19.2,18.95,19.05,0.05,21.0
2018-05-25,9944,26014.0,496618.0,19.05,19.2,18.85,19.2,0.15,15.0
2018-05-28,9944,26020.0,495184.0,19.1,19.15,18.9,19.1,-0.1,19.0
2018-05-29,9944,10538.0,201072.0,19.1,19.15,18.95,19.15,0.05,9.0
2018-05-30,9944,40500.0,773125.0,19.1,19.15,18.9,19.15,0.0,13.0
2018-05-31,9944,35100.0,666669.0,19.1,19.15,18.8,19.05,-0.1,25.0
2018-06-01,9944,24100.0,458414.0,19.1,19.1,19.0,19.0,-0.05,15.0
2018-06-04,9944,28000.0,532750.0,19.0,19.1,18.9,19.1,0.1,18.0
2018-06-05,9944,30300.0,575594.0,19.05,19.1,18.85,19.0,-0.1,22.0
2018-06-06,9944,271002.0,5151788.0,19.0,19.1,19.0,19.0,0.0,28.0
2018-06-07,9944,57100.0,1084615.0,19.0,19.15,18.85,19.0,0.0,31.0
2018-06-08,9944,17576.0,334544.0,19.1,19.1,19.0,19.0,0.0,17.0
2018-06-11,9944,24000.0,457800.0,19.1,19.1,19.0,19.0,0.0,12.0
2018-06-12,9944,15460.0,294285.0,19.05,19.1,19.0,19.1,0.1,16.0
2018-06-13,9944,166323.0,3169237.0,19.1,19.15,19.0,19.0,-0.1,17.0
2018-06-14,9944,15000.0,284200.0,19.0,19.0,18.85,19.0,0.0,10.0
2018-06-15,9944,74592.0,1414864.0,19.0,19.1,18.65,18.8,-0.2,33.0
2018-06-19,9944,81000.0,1523950.0,18.75,18.9,18.4,18.8,0.0,20.0
2018-06-20,9944,11000.0,206750.0,18.85,18.85,18.65,18.8,0.0,11.0
2018-06-21,9944,16000.0,300450.0,18.9,18.9,18.55,18.9,0.1,13.0
2018-06-22,9944,35000.0,658550.0,18.7,18.9,18.6,18.9,0.0,16.0
2018-06-25,9944,14000.0,263150.0,18.9,18.9,18.7,18.85,-0.05,10.0
2018-06-26,9944,6125.0,115106.0,18.9,18.9,18.65,18.7,-0.15,8.0
2018-06-27,9944,70107.0,1301424.0,18.85,18.85,18.2,18.45,-0.25,29.0
2018-06-28,9944,45000.0,833100.0,18.3,18.7,18.3,18.45,0.0,33.0
2018-06-29,9944,24000.0,443500.0,18.6,18.6,18.4,18.55,0.1,16.0
2018-07-02,9944,7005.0,128502.0,18.6,18.6,18.3,18.3,-0.25,8.0
2018-07-03,9944,25000.0,455300.0,18.6,18.6,18.0,18.0,-0.3,22.0
2018-07-04,9944,51000.0,920600.0,17.95,18.2,17.9,18.0,0.0,15.0
2018-07-05,9944,9115.0,164927.0,18.2,18.2,18.0,18.1,0.1,8.0
2018-07-06,9944,12004.0,216526.0,18.2,18.2,17.95,18.05,-0.05,12.0
2018-07-09,9944,20000.0,360700.0,18.25,18.25,17.9,18.1,0.05,16.0
2018-07-10,9944,64422.0,1152487.0,18.2,18.2,17.7,17.9,-0.2,49.0
2018-07-11,9944,578107.0,9654254.0,17.9,18.2,16.15,17.15,-0.75,297.0
2018-07-12,9944,44000.0,755750.0,17.35,17.35,17.0,17.2,0.05,29.0
2018-07-13,9944,30103.0,517433.0,17.3,17.3,17.1,17.1,-0.1,19.0
2018-07-16,9944,90185.0,1558092.0,17.3,17.7,17.0,17.25,0.15,59.0
2018-07-17,9944,41000.0,704800.0,17.25,17.25,17.1,17.1,-0.15,11.0
2018-07-18,9944,59000.0,1010000.0,17.2,17.25,17.05,17.25,0.15,31.0
2018-07-19,9944,29216.0,499685.0,17.25,17.25,17.0,17.2,-0.05,28.0
2018-07-20,9944,10577.0,180087.0,17.2,17.2,17.0,17.05,-0.15,13.0
2018-07-23,9944,38007.0,647631.0,17.2,17.2,17.0,17.0,-0.05,19.0
2018-07-24,9944,55005.0,935535.0,17.15,17.2,17.0,17.0,0.0,17.0
2018-07-25,9944,69082.0,1159094.0,17.15,17.15,16.7,16.85,-0.15,35.0
2018-07-26,9944,30000.0,505000.0,16.8,16.95,16.7,16.95,0.1,13.0
2018-07-27,9944,31100.0,527170.0,16.95,17.0,16.9,16.95,0.0,17.0
2018-07-30,9944,14400.0,243690.0,17.0,17.0,16.8,16.8,-0.15,15.0
2018-07-31,9944,50000.0,840950.0,17.0,17.0,16.8,16.8,0.0,22.0
2018-08-01,9944,80916.0,1371972.0,16.8,17.1,16.75,16.9,0.1,39.0
2018-08-02,9944,85300.0,1419300.0,16.9,16.9,16.5,16.65,-0.25,44.0
2018-08-03,9944,35000.0,581050.0,16.6,16.85,16.45,16.65,0.0,30.0
2018-08-06,9944,132100.0,2200840.0,16.9,16.9,16.55,16.75,0.1,39.0
2018-08-07,9944,124500.0,2086225.0,16.75,16.95,16.6,16.8,0.05,69.0
2018-08-08,9944,176500.0,2926099.0,16.8,16.8,16.45,16.5,-0.3,94.0
2018-08-09,9944,66201.0,1088856.0,16.5,16.5,16.4,16.5,0.0,30.0
2018-08-10,9944,40001.0,656316.0,16.5,16.5,16.3,16.4,-0.1,20.0
2018-08-13,9944,57000.0,930450.0,16.45,16.5,16.2,16.3,-0.1,35.0
2018-08-14,9944,58701.0,954896.0,16.45,16.5,16.15,16.3,0.0,45.0
2018-08-15,9944,222100.0,3564483.0,16.35,16.35,15.95,16.15,-0.15,102.0
2018-08-16,9944,62000.0,1000500.0,16.2,16.2,16.0,16.15,0.0,34.0
2018-08-17,9944,74998.0,1201266.0,16.15,16.2,15.9,16.0,-0.15,48.0
2018-08-20,9944,76000.0,1211650.0,16.0,16.1,15.8,16.0,0.0,49.0
2018-08-21,9944,82100.0,1313679.0,16.0,16.05,15.95,16.05,0.05,33.0
2018-08-22,9944,73000.0,1170900.0,16.05,16.1,16.0,16.05,0.0,23.0
2018-08-23,9944,97040.0,1552202.0,16.05,16.1,15.85,16.1,0.05,44.0
2018-08-24,9944,50164.0,801815.0,16.05,16.05,15.9,16.05,-0.05,35.0
2018-08-27,9944,194000.0,3116350.0,15.85,16.2,15.85,15.95,0.0,71.0
2018-08-28,9944,118300.0,1905909.0,15.95,16.2,15.95,16.1,0.15,47.0
2018-08-29,9944,139300.0,2262255.0,16.1,16.3,16.05,16.3,0.2,52.0
2018-08-30,9944,36160.0,585157.0,16.3,16.3,16.1,16.2,-0.1,27.0
2018-08-31,9944,230498.0,3710167.0,16.3,16.3,15.8,16.2,0.0,77.0
2018-09-03,9944,15000.0,242500.0,16.2,16.25,16.1,16.25,0.05,14.0
2018-09-04,9944,11000.0,178250.0,16.25,16.3,16.15,16.2,-0.05,8.0
2018-09-05,9944,51009.0,824298.0,16.1,16.3,16.1,16.3,0.1,18.0
2018-09-06,9944,19149.0,310653.0,16.3,16.3,16.1,16.15,-0.15,14.0
2018-09-07,9944,22000.0,354650.0,16.3,16.3,16.0,16.2,0.05,22.0
2018-09-10,9944,6359.0,102651.0,16.25,16.25,16.1,16.1,-0.1,8.0
2018-09-11,9944,19000.0,305450.0,16.25,16.25,15.9,16.2,0.1,15.0
2018-09-12,9944,15215.0,246133.0,16.25,16.25,16.0,16.0,-0.2,16.0
2018-09-13,9944,22005.0,357482.0,16.25,16.3,16.15,16.15,0.15,21.0
2018-09-14,9944,14000.0,227300.0,16.2,16.3,16.15,16.3,0.15,12.0
2018-09-17,9944,123000.0,1972150.0,16.3,16.3,15.9,16.1,-0.2,48.0
2018-09-18,9944,53000.0,848700.0,16.1,16.1,15.95,16.1,0.0,33.0
2018-09-19,9944,102000.0,1636650.0,16.1,16.15,15.9,16.1,0.0,62.0
2018-09-20,9944,51000.0,824500.0,16.1,16.2,16.1,16.15,0.05,27.0
2018-09-21,9944,46000.0,746200.0,16.15,16.3,16.15,16.3,0.15,28.0
2018-09-25,9944,69647.0,1132643.0,16.25,16.3,16.25,16.3,0.0,20.0
2018-09-26,9944,64416.0,1049122.0,16.35,16.35,16.2,16.3,0.0,27.0
2018-09-27,9944,62100.0,1007480.0,16.25,16.3,16.1,16.1,-0.2,26.0
2018-09-28,9944,24000.0,386500.0,16.15,16.15,16.05,16.1,0.0,14.0
2018-10-01,9944,12051.0,195288.0,16.25,16.25,16.2,16.2,0.1,10.0
2018-10-02,9944,26050.0,423362.0,16.15,16.3,16.15,16.25,0.05,18.0
2018-10-03,9944,39252.0,637456.0,16.3,16.3,16.1,16.15,-0.1,16.0
2018-10-04,9944,26000.0,417650.0,16.3,16.3,16.0,16.2,0.05,20.0
2018-10-05,9944,40000.0,641000.0,16.2,16.2,15.8,16.15,-0.05,32.0
2018-10-08,9944,14300.0,228124.0,16.0,16.15,15.85,16.15,0.0,16.0
2018-10-09,9944,58323.0,933934.0,16.15,16.15,15.85,16.05,-0.1,28.0
2018-10-11,9944,118109.0,1796610.0,15.3,16.05,14.7,16.0,-0.05,77.0
2018-10-12,9944,46000.0,721600.0,15.6,15.9,15.3,15.7,-0.3,43.0
2018-10-15,9944,31319.0,494590.0,15.75,15.9,15.6,15.9,0.2,27.0
2018-10-16,9944,4000.0,63600.0,15.9,15.9,15.9,15.9,0.0,4.0
2018-10-17,9944,20083.0,320819.0,16.0,16.0,15.9,16.0,0.1,12.0
2018-10-18,9944,6000.0,95750.0,16.0,16.0,15.9,15.9,-0.1,5.0
2018-10-19,9944,7000.0,111600.0,15.95,16.0,15.85,15.85,-0.05,6.0
2018-10-22,9944,8000.0,127800.0,16.0,16.0,15.95,15.95,0.1,5.0
2018-10-23,9944,39010.0,610859.0,16.0,16.0,15.3,15.8,-0.15,36.0
2018-10-24,9944,36000.0,562500.0,15.8,15.8,15.4,15.7,-0.1,16.0
2018-10-25,9944,27300.0,425860.0,15.6,15.8,15.15,15.8,0.1,22.0
2018-10-26,9944,29220.0,458676.0,15.9,16.0,15.45,15.85,0.05,23.0
2018-10-29,9944,24185.0,379323.0,15.95,15.95,15.5,15.85,0.0,21.0
2018-10-30,9944,30000.0,471750.0,15.85,15.85,15.5,15.75,-0.1,27.0
2018-10-31,9944,15000.0,238450.0,15.85,15.95,15.85,15.95,0.2,10.0
2018-11-01,9944,8000.0,127650.0,15.9,16.0,15.9,16.0,0.05,7.0
2018-11-02,9944,68170.0,1082478.0,16.0,16.0,15.7,16.0,0.0,49.0
2018-11-05,9944,10000.0,159950.0,15.95,16.0,15.95,16.0,0.0,7.0
2018-11-06,9944,25000.0,399700.0,16.0,16.0,15.95,16.0,0.0,9.0
2018-11-07,9944,98000.0,1573950.0,16.0,16.1,15.95,16.1,0.1,20.0
2018-11-08,9944,252002.0,4116433.0,16.1,16.7,16.1,16.55,0.45,60.0
2018-11-09,9944,91000.0,1489450.0,16.5,16.5,16.1,16.5,-0.05,33.0
2018-11-12,9944,58704.0,959525.0,16.5,16.5,16.15,16.15,-0.35,15.0
2018-11-13,9944,41604.0,674124.0,16.2,16.3,16.15,16.15,0.0,13.0
2018-11-14,9944,55000.0,892950.0,16.2,16.3,16.0,16.3,0.15,23.0
2018-11-15,9944,44000.0,717200.0,16.3,16.3,16.3,16.3,0.0,8.0
2018-11-16,9944,60060.0,978031.0,16.3,16.35,16.1,16.35,0.05,20.0
2018-11-19,9944,17107.0,278444.0,16.35,16.35,16.15,16.35,0.0,15.0
2018-11-20,9944,6000.0,97600.0,16.35,16.35,16.2,16.3,-0.05,5.0
2018-11-21,9944,8000.0,129800.0,16.3,16.3,16.15,16.3,0.0,6.0
2018-11-22,9944,10000.0,162950.0,16.3,16.35,16.2,16.35,0.05,7.0
2018-11-23,9944,16000.0,260450.0,16.35,16.35,16.15,16.35,0.0,12.0
2018-11-26,9944,59000.0,965100.0,16.35,16.4,16.35,16.4,0.05,21.0
2018-11-27,9944,273160.0,4492105.0,16.4,16.45,16.35,16.45,0.05,11.0
2018-11-28,9944,70020.0,1154578.0,16.45,16.6,16.4,16.5,0.05,21.0
2018-11-29,9944,778107.0,12877765.0,16.55,16.7,16.45,16.55,0.05,28.0
2018-11-30,9944,111000.0,1841700.0,16.55,16.65,16.5,16.6,0.05,23.0
2018-12-03,9944,56101.0,928371.0,16.6,16.6,16.5,16.6,0.0,12.0
2018-12-04,9944,48199.0,795623.0,16.45,16.6,16.45,16.6,0.0,13.0
2018-12-05,9944,34080.0,563339.0,16.5,16.6,16.45,16.6,0.0,12.0
2018-12-06,9944,81501.0,1349841.0,16.65,16.7,16.35,16.5,-0.1,40.0
2018-12-07,9944,31090.0,514039.0,16.5,16.55,16.5,16.55,0.05,4.0
2018-12-10,9944,66000.0,1090250.0,16.5,16.55,16.4,16.55,0.0,9.0
2018-12-11,9944,44000.0,718300.0,16.5,16.5,16.15,16.15,-0.4,27.0
2018-12-12,9944,36000.0,583050.0,16.15,16.25,16.15,16.25,0.1,10.0
2018-12-13,9944,24000.0,391050.0,16.3,16.3,16.15,16.3,0.05,5.0
2018-12-14,9944,25100.0,407970.0,16.3,16.3,16.15,16.3,0.0,12.0
2018-12-17,9944,52300.0,861139.0,16.15,16.6,16.15,16.35,0.05,30.0
2018-12-18,9944,18000.0,293650.0,16.35,16.35,16.3,16.3,-0.05,6.0
2018-12-19,9944,12448.0,203247.0,16.3,16.45,16.3,16.45,0.15,4.0
2018-12-20,9944,45350.0,731675.0,16.15,16.35,15.9,16.35,-0.1,29.0
2018-12-21,9944,33100.0,528429.0,16.35,16.35,15.8,16.15,-0.2,25.0
2018-12-22,9944,16000.0,261850.0,16.35,16.4,16.35,16.35,0.2,6.0
2018-12-24,9944,138000.0,2249950.0,16.45,16.45,16.1,16.3,-0.05,4.0
2018-12-25,9944,5813.0,94270.0,16.3,16.3,16.1,16.3,0.0,5.0
2018-12-26,9944,5000.0,81500.0,16.3,16.35,16.15,16.35,0.05,5.0
2018-12-27,9944,10000.0,162800.0,16.4,16.4,16.2,16.2,-0.15,7.0
2018-12-28,9944,22250.0,360500.0,16.25,16.3,16.05,16.3,0.1,16.0
2019-01-02,9944,1000.0,16300.0,16.3,16.3,16.3,16.3,0.0,1.0
2019-01-03,9944,12552.0,203292.0,16.3,16.3,16.05,16.3,0.0,13.0
2019-01-04,9944,12100.0,196380.0,16.35,16.35,16.1,16.15,-0.15,9.0
2019-01-07,9944,343000.0,5608150.0,16.2,16.4,16.2,16.35,0.2,12.0
2019-01-08,9944,9000.0,146550.0,16.35,16.35,16.2,16.35,0.0,8.0
2019-01-09,9944,19552.0,318942.0,16.45,16.45,16.2,16.35,0.0,12.0
2019-01-10,9944,33000.0,537650.0,16.4,16.4,16.1,16.3,-0.05,19.0
2019-01-11,9944,18000.0,291800.0,16.3,16.35,16.1,16.25,-0.05,15.0
2019-01-14,9944,20100.0,324580.0,16.3,16.3,16.05,16.15,-0.1,15.0
2019-01-15,9944,37000.0,595450.0,16.35,16.35,15.9,16.25,0.1,23.0
2019-01-16,9944,39001.0,630916.0,16.25,16.3,16.05,16.1,-0.15,25.0
2019-01-17,9944,34000.0,546100.0,16.05,16.1,15.9,16.1,0.0,16.0
2019-01-18,9944,26100.0,420774.0,16.1,16.15,16.1,16.1,0.0,9.0
2019-01-21,9944,68100.0,1096519.0,16.1,16.2,16.0,16.2,0.1,7.0
2019-01-22,9944,10435.0,168525.0,16.15,16.2,16.1,16.15,-0.05,7.0
2019-01-23,9944,13002.0,210132.0,16.15,16.2,16.15,16.2,0.05,7.0
2019-01-24,9944,7000.0,113400.0,16.25,16.25,16.15,16.2,0.0,7.0
2019-01-25,9944,21200.0,341720.0,16.25,16.25,16.0,16.2,0.0,15.0
2019-01-28,9944,14000.0,226550.0,16.25,16.25,16.05,16.2,0.0,12.0
2019-01-29,9944,14036.0,226797.0,16.2,16.2,16.1,16.2,0.0,13.0
2019-01-30,9944,508064.0,8255468.0,16.25,16.25,16.15,16.15,-0.05,12.0
2019-02-11,9944,20014.0,323135.0,16.25,16.25,16.05,16.15,0.0,18.0
2019-02-12,9944,41053.0,662805.0,16.15,16.2,16.0,16.15,0.0,17.0
2019-02-13,9944,43100.0,696625.0,16.15,16.25,16.05,16.25,0.1,18.0
2019-02-14,9944,12001.0,194566.0,16.25,16.25,16.2,16.2,-0.05,10.0
2019-02-15,9944,15000.0,242850.0,16.2,16.2,16.1,16.2,0.0,6.0
2019-02-18,9944,39017.0,632640.0,16.2,16.25,16.2,16.2,0.0,17.0
2019-02-19,9944,26001.0,420066.0,16.15,16.2,16.15,16.2,0.0,11.0
2019-02-20,9944,34638.0,560121.0,16.2,16.2,16.1,16.2,0.0,20.0
2019-02-21,9944,53324.0,864166.0,16.2,16.25,16.15,16.2,0.0,21.0
2019-02-22,9944,11000.0,177800.0,16.25,16.25,16.05,16.2,0.0,7.0
2019-02-25,9944,93150.0,1513237.0,16.2,16.3,16.15,16.25,0.05,20.0
2019-02-26,9944,23000.0,372100.0,16.25,16.25,16.1,16.25,0.0,16.0
2019-02-27,9944,8164.0,132464.0,16.25,16.25,16.2,16.25,0.0,10.0
2019-03-04,9944,23006.0,374296.0,16.3,16.3,16.2,16.3,0.05,17.0
2019-03-05,9944,18000.0,291350.0,16.3,16.3,16.1,16.25,-0.05,12.0
2019-03-06,9944,2057.0,33426.0,16.25,16.25,16.25,16.25,0.0,3.0
2019-03-07,9944,35559.0,578504.0,16.25,16.3,16.15,16.3,0.05,22.0
2019-03-08,9944,3000.0,48650.0,16.25,16.25,16.2,16.2,-0.1,3.0
2019-03-11,9944,35203.0,567418.0,16.2,16.2,16.05,16.2,0.0,19.0
2019-03-12,9944,25107.0,404832.0,16.1,16.2,16.05,16.15,-0.05,12.0
2019-03-13,9944,32011.0,516578.0,16.15,16.15,16.1,16.15,0.0,11.0
2019-03-14,9944,23107.0,373283.0,16.15,16.2,16.15,16.2,0.05,11.0
2019-03-15,9944,31387.0,507230.0,16.2,16.2,16.1,16.2,0.0,10.0
2019-03-18,9944,24005.0,388081.0,16.2,16.2,16.1,16.2,0.0,11.0
2019-03-19,9944,36006.0,580946.0,16.15,16.2,16.1,16.2,0.0,12.0
2019-03-20,9944,18053.0,292358.0,16.2,16.2,16.15,16.2,0.0,9.0
2019-03-21,9944,11300.0,181959.0,16.15,16.2,16.05,16.05,-0.15,9.0
2019-03-22,9944,11120.0,179005.0,16.05,16.2,16.05,16.15,0.1,11.0
2019-03-25,9944,6000.0,96700.0,16.15,16.15,16.1,16.15,0.0,5.0
2019-03-26,9944,1000.0,16200.0,16.2,16.2,16.2,16.2,0.05,1.0
2019-03-27,9944,13659.0,219894.0,16.2,16.2,16.05,16.1,-0.1,8.0
2019-03-28,9944,20330.0,327780.0,16.1,16.15,16.05,16.1,0.0,13.0
2019-03-29,9944,31100.0,498124.0,16.2,16.2,15.95,16.1,0.0,25.0
2019-04-01,9944,6001.0,96516.0,16.15,16.15,16.0,16.1,0.0,7.0
2019-04-02,9944,52350.0,837369.0,16.05,16.1,15.95,16.05,-0.05,32.0
2019-04-03,9944,10166.0,163289.0,16.05,16.1,15.95,16.1,0.05,10.0
2019-04-08,9944,28000.0,448150.0,16.05,16.1,15.95,16.0,-0.1,17.0
2019-04-09,9944,14353.0,229881.0,16.05,16.05,15.95,16.05,0.05,17.0
2019-04-10,9944,61128.0,979404.0,16.1,16.1,15.9,15.9,-0.15,35.0
2019-04-11,9944,15000.0,240200.0,15.95,16.1,15.9,16.05,0.15,12.0
2019-04-12,9944,73001.0,1169566.0,16.05,16.1,15.9,15.95,-0.1,17.0
2019-04-15,9944,15000.0,239600.0,16.05,16.05,15.9,16.0,0.05,10.0
2019-04-16,9944,26000.0,413900.0,16.0,16.0,15.85,16.0,0.0,19.0
2019-04-17,9944,27832.0,444912.0,16.0,16.05,15.9,16.0,0.0,31.0
2019-04-18,9944,34002.0,540532.0,16.0,16.0,15.85,15.9,-0.1,25.0
2019-04-19,9944,24100.0,383065.0,15.9,16.0,15.75,16.0,0.1,20.0
2019-04-22,9944,14000.0,224250.0,16.0,16.05,16.0,16.0,0.0,7.0
2019-04-23,9944,44000.0,701750.0,16.0,16.0,15.9,16.0,0.0,10.0
2019-04-24,9944,35000.0,558400.0,16.0,16.0,15.9,16.0,0.0,13.0
2019-04-25,9944,64000.0,1016000.0,16.0,16.0,15.75,16.0,0.0,36.0
2019-04-26,9944,36054.0,574174.0,15.95,16.0,15.85,16.0,0.0,17.0
2019-04-29,9944,52050.0,829994.0,16.0,16.0,15.8,16.0,0.0,26.0
2019-04-30,9944,70241.0,1121426.0,16.0,16.0,15.85,16.0,0.0,28.0
2019-05-02,9944,42250.0,673750.0,15.95,16.0,15.85,16.0,0.0,24.0
2019-05-03,9944,77000.0,1225300.0,15.95,16.0,15.85,15.9,-0.1,23.0
2019-05-06,9944,50000.0,795250.0,15.9,15.95,15.9,15.95,0.05,19.0
2019-05-07,9944,82000.0,1303950.0,15.95,16.0,15.8,16.0,0.05,28.0
2019-05-08,9944,39001.0,620966.0,15.95,15.95,15.9,15.95,-0.05,14.0
2019-05-09,9944,40200.0,636840.0,15.95,16.0,15.55,15.55,-0.4,27.0
2019-05-10,9944,204000.0,3243950.0,15.6,16.0,15.6,15.75,0.2,63.0
2019-05-13,9944,43125.0,684500.0,15.9,16.0,15.65,16.0,0.25,26.0
2019-05-14,9944,56107.0,891700.0,15.9,16.0,15.85,16.0,0.0,19.0
2019-05-15,9944,49143.0,779201.0,16.0,16.0,15.8,15.85,-0.15,36.0
2019-05-16,9944,66133.0,1050313.0,15.9,15.9,15.8,15.9,0.05,24.0
2019-05-17,9944,27489.0,437774.0,15.95,15.95,15.9,15.9,0.0,23.0
2019-05-20,9944,28097.0,447192.0,15.95,15.95,15.9,15.95,0.05,12.0
2019-05-21,9944,310100.0,4945860.0,15.95,16.0,15.9,15.95,0.0,29.0
2019-05-22,9944,41200.0,657179.0,15.95,16.0,15.95,15.95,0.0,15.0
2019-05-23,9944,20569.0,327746.0,15.95,16.0,15.85,16.0,0.05,18.0
2019-05-24,9944,12189.0,194732.0,16.0,16.0,15.95,16.0,0.0,12.0
2019-05-27,9944,29100.0,464314.0,15.95,16.0,15.95,16.0,0.0,15.0
2019-05-28,9944,83000.0,1331700.0,16.0,16.15,15.85,16.1,0.1,37.0
2019-05-29,9944,89000.0,1428350.0,16.0,16.15,15.95,16.15,0.05,47.0
2019-05-30,9944,137201.0,2231475.0,16.0,16.55,16.0,16.4,0.25,81.0
2019-05-31,9944,102004.0,1669564.0,16.3,16.45,16.25,16.45,0.05,57.0
2019-06-03,9944,466164.0,8133602.0,16.4,18.05,16.35,18.05,1.6,207.0
2019-06-04,9944,1747011.0,33756051.0,18.45,19.85,18.15,19.05,1.0,990.0
2019-06-05,9944,836571.0,15854084.0,18.95,19.2,18.75,18.9,-0.15,305.0
2019-06-06,9944,621480.0,11790856.0,19.3,19.3,18.3,18.35,-0.55,202.0
2019-06-10,9944,332120.0,6095084.0,18.35,18.65,18.15,18.15,-0.2,132.0
2019-06-11,9944,195028.0,3508951.0,18.15,18.3,17.6,17.95,-0.2,102.0
2019-06-12,9944,156001.0,2793917.0,17.9,18.2,17.7,17.9,-0.05,71.0
2019-06-13,9944,110115.0,1969407.0,17.95,18.0,17.7,17.8,-0.1,43.0
2019-06-14,9944,105098.0,1872993.0,17.8,17.9,17.75,17.75,-0.05,46.0
2019-06-17,9944,168000.0,2990000.0,17.9,17.9,17.65,17.8,0.05,61.0
2019-06-18,9944,206890.0,3617397.0,17.8,17.8,17.35,17.45,-0.35,95.0
2019-06-19,9944,167085.0,2918133.0,17.55,17.6,17.25,17.55,0.1,56.0
2019-06-20,9944,75611.0,1328542.0,17.55,17.65,17.5,17.5,-0.05,41.0
2019-06-21,9944,109249.0,1906469.0,17.3,17.6,17.3,17.55,0.05,46.0
2019-06-24,9944,40435.0,709482.0,17.6,17.6,17.45,17.6,0.05,41.0
2019-06-25,9944,41120.0,720656.0,17.6,17.6,17.4,17.4,-0.2,24.0
2019-06-26,9944,78217.0,1371385.0,17.55,17.6,17.45,17.45,0.05,33.0
2019-06-27,9944,46100.0,806390.0,17.6,17.6,17.4,17.4,-0.05,22.0
2019-06-28,9944,57120.0,993788.0,17.3,17.45,17.3,17.45,0.05,21.0
2019-07-01,9944,532120.0,9287906.0,17.5,17.55,17.45,17.5,0.05,32.0
2019-07-02,9944,71313.0,1251776.0,17.5,17.65,17.45,17.45,-0.05,37.0
2019-07-03,9944,30000.0,524800.0,17.6,17.6,17.45,17.45,0.0,18.0
2019-07-04,9944,46715.0,823261.0,17.55,17.8,17.5,17.65,0.2,27.0
2019-07-05,9944,30001.0,529167.0,17.65,17.7,17.6,17.7,0.05,21.0
2019-07-08,9944,28100.0,497665.0,17.7,17.75,17.7,17.75,0.05,21.0
2019-07-09,9944,25200.0,445850.0,17.75,17.75,17.6,17.75,0.0,19.0
2019-07-10,9944,37510.0,665326.0,17.75,17.75,17.7,17.7,-0.05,21.0
2019-07-11,9944,21000.0,371900.0,17.65,17.75,17.65,17.7,0.0,13.0
2019-07-12,9944,26161.0,462783.0,17.75,17.75,17.65,17.75,0.05,21.0
2019-07-15,9944,38500.0,683224.0,17.75,17.8,17.7,17.75,0.0,29.0
2019-07-16,9944,24583.0,436260.0,17.75,17.75,17.75,17.75,0.0,18.0
2019-07-17,9944,22000.0,390000.0,17.75,17.8,17.55,17.55,-0.2,21.0
2019-07-18,9944,13426.0,237511.0,17.65,17.7,17.65,17.7,0.15,15.0
2019-07-19,9944,63535.0,1129972.0,17.7,17.85,17.7,17.8,0.1,35.0
2019-07-22,9944,19100.0,338580.0,17.8,17.8,17.65,17.7,-0.1,18.0
2019-07-23,9944,55300.0,969245.0,17.7,17.7,17.4,17.5,-0.2,36.0
2019-07-24,9944,32371.0,566279.0,17.55,17.6,17.4,17.4,-0.1,31.0
2019-07-25,9944,26269.0,459730.0,17.55,17.6,17.4,17.5,0.1,19.0
2019-07-26,9944,38400.0,677519.0,17.6,17.75,17.5,17.75,0.25,28.0
2019-07-29,9944,15150.0,267612.0,17.75,17.75,17.55,17.65,-0.1,15.0
2019-07-30,9944,26200.0,461479.0,17.7,17.75,17.5,17.75,0.1,22.0
2019-07-31,9944,15100.0,268275.0,17.75,17.8,17.75,17.8,0.05,15.0
2019-08-01,9944,22000.0,387800.0,17.8,17.8,17.4,17.7,-0.1,16.0
2019-08-02,9944,36100.0,635614.0,17.6,17.75,17.4,17.65,-0.05,26.0
2019-08-05,9944,29100.0,510390.0,17.65,17.7,17.4,17.6,-0.05,27.0
2019-08-06,9944,13000.0,228550.0,17.6,17.65,17.4,17.6,0.0,11.0
2019-08-07,9944,32000.0,560450.0,17.75,17.75,17.4,17.55,-0.05,22.0
2019-08-08,9944,19100.0,335870.0,17.55,17.6,17.55,17.6,0.05,9.0
2019-08-12,9944,19100.0,334530.0,17.6,17.6,17.35,17.55,-0.05,15.0
2019-08-13,9944,41000.0,714550.0,17.55,17.6,17.3,17.6,0.05,24.0
2019-08-14,9944,36000.0,628250.0,17.55,17.6,17.35,17.55,-0.05,24.0
2019-08-15,9944,218100.0,3798255.0,17.55,17.55,17.4,17.5,-0.05,34.0
2019-08-16,9944,50109.0,877090.0,17.5,17.55,17.45,17.5,0.0,19.0
2019-08-19,9944,40000.0,696950.0,17.4,17.5,17.35,17.4,-0.1,24.0
2019-08-20,9944,40000.0,698000.0,17.45,17.5,17.4,17.5,0.1,14.0
2019-08-21,9944,100000.0,1720400.0,17.5,17.5,16.85,17.35,-0.15,66.0
2019-08-22,9944,14485.0,253435.0,17.5,17.5,17.45,17.5,0.15,14.0
2019-08-23,9944,15000.0,262200.0,17.5,17.5,17.45,17.5,0.0,8.0
2019-08-26,9944,18000.0,314500.0,17.5,17.5,17.45,17.5,0.0,8.0
2019-08-27,9944,39001.0,684417.0,17.55,17.6,17.5,17.5,0.0,29.0
2019-08-28,9944,18200.0,319110.0,17.55,17.55,17.45,17.55,0.05,15.0
2019-08-29,9944,22100.0,388370.0,17.55,17.6,17.3,17.6,0.05,11.0
2019-08-30,9944,28441.0,498805.0,17.6,17.6,17.45,17.6,0.0,22.0
2019-09-02,9944,8000.0,140600.0,17.6,17.6,17.55,17.55,-0.05,6.0
2019-09-03,9944,52000.0,907350.0,17.6,17.6,17.2,17.45,-0.1,20.0
2019-09-04,9944,8300.0,145170.0,17.5,17.55,17.3,17.55,0.1,8.0
2019-09-05,9944,35000.0,612850.0,17.55,17.6,17.45,17.5,-0.05,20.0
2019-09-06,9944,24000.0,418800.0,17.55,17.55,17.4,17.4,-0.1,14.0
2019-09-09,9944,45431.0,784442.0,17.45,17.45,17.2,17.2,-0.2,36.0
2019-09-10,9944,35128.0,599477.0,17.3,17.3,17.0,17.0,-0.2,26.0
2019-09-11,9944,24109.0,411424.0,17.05,17.2,16.9,17.15,0.15,20.0
2019-09-12,9944,23201.0,401486.0,17.1,17.4,17.1,17.35,0.2,20.0
2019-09-16,9944,30000.0,519850.0,17.35,17.35,17.25,17.35,0.0,19.0
2019-09-17,9944,27200.0,469219.0,17.35,17.35,17.2,17.35,0.0,23.0
2019-09-18,9944,11000.0,189950.0,17.3,17.3,17.15,17.3,-0.05,10.0
2019-09-19,9944,23016.0,395877.0,17.3,17.3,17.15,17.15,-0.15,14.0
2019-09-20,9944,20069.0,345610.0,17.25,17.25,17.15,17.25,0.1,12.0
2019-09-23,9944,26227.0,450844.0,17.25,17.25,17.05,17.25,0.0,18.0
2019-09-24,9944,14000.0,241800.0,17.25,17.3,17.1,17.3,0.05,8.0
2019-09-25,9944,21200.0,366179.0,17.3,17.3,17.2,17.3,0.0,15.0
2019-09-26,9944,13300.0,230118.0,17.3,17.3,17.3,17.3,0.0,13.0
2019-09-27,9944,39100.0,675340.0,17.35,17.35,17.05,17.3,0.0,24.0
2019-10-01,9944,22215.0,383312.0,17.3,17.3,17.2,17.3,0.0,15.0
2019-10-02,9944,8850.0,153104.0,17.3,17.3,17.3,17.3,0.0,15.0
2019-10-03,9944,25100.0,431830.0,17.3,17.3,17.1,17.3,0.0,19.0
2019-10-04,9944,14215.0,245019.0,17.3,17.3,17.2,17.25,-0.05,13.0
2019-10-07,9944,60000.0,1027850.0,17.25,17.25,17.05,17.15,-0.1,25.0
2019-10-08,9944,15060.0,258394.0,17.15,17.2,17.05,17.2,0.05,12.0
2019-10-09,9944,27100.0,463055.0,17.2,17.2,17.0,17.1,-0.1,20.0
2019-10-14,9944,62000.0,1056800.0,17.0,17.1,16.95,17.1,0.0,27.0
2019-10-15,9944,12110.0,207103.0,17.1,17.1,17.1,17.1,0.0,9.0
2019-10-16,9944,86057.0,1469583.0,16.95,17.15,16.95,17.15,0.05,34.0
2019-10-17,9944,71000.0,1215900.0,17.1,17.15,17.05,17.15,0.0,20.0
2019-10-18,9944,31180.0,533805.0,17.15,17.15,17.1,17.1,-0.05,8.0
2019-10-21,9944,128962.0,2214850.0,17.1,17.2,17.1,17.2,0.1,29.0
2019-10-22,9944,56180.0,965587.0,17.2,17.25,17.1,17.25,0.05,30.0
2019-10-23,9944,47190.0,813818.0,17.25,17.25,17.15,17.25,0.0,15.0
2019-10-24,9944,69243.0,1192352.0,17.2,17.25,17.1,17.25,0.0,18.0
2019-10-25,9944,40100.0,690740.0,17.25,17.25,17.1,17.25,0.0,13.0
2019-10-28,9944,35050.0,602615.0,17.25,17.25,17.15,17.15,-0.1,12.0
2019-10-29,9944,33000.0,569250.0,17.25,17.25,17.25,17.25,0.1,5.0
2019-10-30,9944,30662.0,527069.0,17.2,17.2,17.15,17.2,-0.05,18.0
2019-10-31,9944,50490.0,867328.0,17.1,17.25,17.1,17.25,0.05,19.0
2019-11-01,9944,28078.0,483203.0,17.2,17.25,17.2,17.2,-0.05,12.0
2019-11-04,9944,59060.0,1016194.0,17.2,17.25,17.05,17.25,0.05,20.0
2019-11-05,9944,26158.0,451099.0,17.25,17.25,17.2,17.25,0.0,13.0
2019-11-06,9944,170105.0,2922011.0,17.2,17.2,17.1,17.1,-0.15,35.0
2019-11-07,9944,11000.0,189200.0,17.2,17.2,17.2,17.2,0.1,2.0
2019-11-08,9944,30000.0,513900.0,17.2,17.2,17.1,17.2,0.0,9.0
2019-11-11,9944,109000.0,1874900.0,17.2,17.25,17.2,17.2,0.0,13.0
2019-11-12,9944,8000.0,137500.0,17.2,17.2,17.15,17.2,0.0,7.0
2019-11-13,9944,28000.0,481600.0,17.2,17.2,17.2,17.2,0.0,9.0
2019-11-14,9944,25000.0,428450.0,17.25,17.25,17.1,17.1,-0.1,12.0
2019-11-15,9944,162000.0,2777750.0,17.15,17.15,17.1,17.1,0.0,7.0
2019-11-18,9944,170056.0,2922988.0,17.1,17.25,17.1,17.25,0.15,94.0
2019-11-19,9944,105000.0,1811200.0,17.25,17.25,17.2,17.25,0.0,54.0
2019-11-20,9944,377000.0,6532900.0,17.25,17.35,17.15,17.35,0.1,45.0
2019-11-21,9944,142210.0,2453966.0,17.3,17.3,17.2,17.2,-0.15,52.0
2019-11-22,9944,4500.0,77748.0,17.3,17.3,17.25,17.3,0.1,13.0
2019-11-25,9944,25000.0,433350.0,17.3,17.35,17.3,17.35,0.05,15.0
2019-11-26,9944,115000.0,1991300.0,17.25,17.35,17.25,17.35,0.0,27.0
2019-11-27,9944,30589.0,529530.0,17.35,17.35,17.3,17.35,0.0,23.0
2019-11-28,9944,76534.0,1322463.0,17.3,17.35,17.25,17.35,0.0,33.0
2019-11-29,9944,31160.0,539282.0,17.3,17.35,17.25,17.35,0.0,26.0
2019-12-02,9944,28144.0,487562.0,17.35,17.35,17.3,17.3,-0.05,14.0
2019-12-03,9944,42100.0,728495.0,17.35,17.35,17.3,17.3,0.0,21.0
2019-12-04,9944,24069.0,416257.0,17.35,17.35,17.25,17.3,0.0,16.0
2019-12-05,9944,67107.0,1158772.0,17.35,17.35,17.2,17.35,0.05,25.0
2019-12-06,9944,46102.0,797318.0,17.3,17.35,17.25,17.35,0.0,21.0
2019-12-09,9944,255000.0,4415450.0,17.3,17.4,17.3,17.4,0.05,22.0
2019-12-10,9944,38077.0,660339.0,17.35,17.4,17.3,17.35,-0.05,24.0
2019-12-11,9944,37489.0,650458.0,17.35,17.4,17.3,17.4,0.05,28.0
2019-12-12,9944,30100.0,522455.0,17.35,17.4,17.3,17.4,0.0,19.0
2019-12-13,9944,35460.0,613634.0,17.35,17.35,17.25,17.35,-0.05,31.0
2019-12-16,9944,22059.0,383126.0,17.35,17.4,17.3,17.4,0.05,20.0
2019-12-17,9944,396250.0,6821175.0,17.4,17.4,17.05,17.25,-0.15,89.0
2019-12-18,9944,42060.0,724844.0,17.25,17.3,17.2,17.25,0.0,32.0
2019-12-19,9944,25172.0,433491.0,17.3,17.3,17.2,17.25,0.0,18.0
2019-12-20,9944,29000.0,498700.0,17.3,17.3,17.15,17.25,0.0,15.0
2019-12-23,9944,58000.0,996750.0,17.2,17.25,17.1,17.2,-0.05,29.0
2019-12-24,9944,206000.0,3528000.0,17.2,17.25,17.05,17.15,-0.05,40.0
2019-12-25,9944,52181.0,894181.0,17.15,17.2,17.1,17.15,0.0,27.0
2019-12-26,9944,11607.0,199879.0,17.25,17.25,17.2,17.2,0.05,14.0
2019-12-27,9944,20213.0,348555.0,17.2,17.25,17.2,17.25,0.05,19.0
2019-12-30,9944,38290.0,660373.0,17.3,17.3,17.2,17.25,0.0,21.0
2019-12-31,9944,134175.0,2321094.0,17.3,17.4,17.2,17.4,0.15,62.0
2020-01-02,9944,1757000.0,33082950.0,17.45,19.1,17.45,17.6,0.2,672.0
2020-01-03,9944,462000.0,7977800.0,17.6,17.6,17.1,17.3,-0.3,262.0
2020-01-06,9944,537780.0,9585784.0,17.4,18.1,17.4,17.8,0.5,341.0
2020-01-07,9944,96070.0,1701567.0,17.75,17.8,17.5,17.65,-0.15,66.0
2020-01-08,9944,73133.0,1293246.0,17.8,17.85,17.6,17.65,0.0,48.0
2020-01-09,9944,85999.0,1534031.0,17.7,18.0,17.7,17.7,0.05,65.0
2020-01-10,9944,96328.0,1716536.0,17.75,18.0,17.7,18.0,0.3,55.0
2020-01-13,9944,217275.0,3953818.0,18.05,18.45,18.05,18.25,0.25,122.0
2020-01-14,9944,117000.0,2144050.0,18.15,18.45,18.15,18.35,0.1,55.0
2020-01-15,9944,215180.0,4033809.0,18.35,19.0,18.35,18.9,0.55,118.0
2020-01-16,9944,200005.0,3806946.0,19.0,19.2,18.9,19.05,0.15,118.0
2020-01-17,9944,379550.0,7411478.0,19.05,19.8,19.05,19.6,0.55,214.0
2020-01-20,9944,1491829.0,31859270.0,20.15,21.55,20.15,21.55,1.95,730.0
2020-01-30,9944,15193156.0,360059445.0,23.7,23.7,23.65,23.7,2.15,4233.0
2020-01-31,9944,12823394.0,325689158.0,25.9,26.05,24.0,26.05,2.35,6056.0
2020-02-03,9944,8100670.0,227007944.0,27.0,28.65,26.35,28.65,2.6,2641.0
2020-02-04,9944,31173333.0,917429796.0,30.7,31.5,26.3,27.4,-1.25,15897.0
2020-02-05,9944,2602840.0,65170835.0,27.0,27.0,24.7,24.7,-2.7,1446.0
2020-02-06,9944,2751286.0,61509203.0,22.4,22.4,22.25,22.25,-2.45,1280.0
2020-02-07,9944,6128749.0,135427149.0,20.7,23.45,20.7,22.9,0.65,3100.0
2020-02-10,9944,2270804.0,50151988.0,23.0,23.0,21.5,22.0,-0.9,1280.0
2020-02-11,9944,1270411.0,27409295.0,22.0,22.15,21.2,21.3,-0.7,710.0
2020-02-12,9944,2498748.0,50872809.0,21.5,21.75,19.75,20.0,-1.3,1345.0
2020-02-13,9944,1752458.0,35215722.0,20.25,20.65,19.7,20.65,0.65,939.0
2020-02-14,9944,968000.0,19735950.0,20.65,20.65,20.15,20.25,-0.4,475.0
2020-02-17,9944,1163979.0,24333358.0,21.1,21.1,20.7,20.9,0.65,581.0
2020-02-18,9944,774218.0,16204287.0,20.95,21.15,20.65,21.0,0.1,406.0
2020-02-19,9944,1731061.0,36024442.0,20.9,21.1,20.65,20.9,-0.1,585.0
2020-02-20,9944,884497.0,18650386.0,21.0,21.25,20.9,21.2,0.3,434.0
2020-02-21,9944,5773227.0,128402512.0,21.5,22.75,21.35,22.0,0.8,3130.0
2020-02-24,9944,8239625.0,195767523.0,22.75,24.2,22.55,24.2,2.2,3535.0
2020-02-25,9944,8718555.0,201618098.0,23.3,24.55,21.8,22.35,-1.85,4211.0
2020-02-26,9944,2368100.0,52815884.0,22.5,23.05,21.6,21.75,-0.6,1315.0
2020-02-27,9944,5419581.0,121754695.0,22.05,23.5,21.4,21.9,0.15,2848.0
2020-03-02,9944,2934347.0,66093782.0,22.75,23.4,22.2,22.45,0.55,1571.0
2020-03-03,9944,2031413.0,44484562.0,22.25,22.3,21.55,21.7,-0.75,969.0
2020-03-04,9944,1541660.0,33725790.0,22.0,22.35,21.45,21.45,-0.25,771.0
2020-03-05,9944,2094634.0,43540322.0,21.25,21.4,20.5,20.65,-0.8,1070.0
2020-03-06,9944,3878504.0,84337284.0,21.15,22.35,21.05,21.4,0.75,2104.0
2020-03-09,9944,2856300.0,61158995.0,22.0,22.35,20.15,20.2,-1.2,1387.0
2020-03-10,9944,2650000.0,49531650.0,19.45,19.45,18.25,18.6,-1.6,1213.0
2020-03-11,9944,1556000.0,29544150.0,18.8,19.4,18.6,18.6,0.0,810.0
2020-03-12,9944,1797000.0,31988850.0,18.45,18.9,17.0,17.1,-1.5,975.0
2020-03-13,9944,2016200.0,31262953.0,16.0,16.0,15.4,15.65,-1.45,814.0
2020-03-16,9944,2661056.0,44085477.0,16.0,17.05,15.7,16.35,0.7,1425.0
2020-03-17,9944,1694053.0,26599663.0,16.7,16.8,15.1,15.4,-0.95,893.0
2020-03-18,9944,1463020.0,22024560.0,15.6,15.6,14.6,14.65,-0.75,796.0
2020-03-19,9944,1149036.0,15418189.0,14.0,14.1,13.2,13.2,-1.45,515.0
2020-03-20,9944,1818500.0,24309373.0,13.2,13.6,13.2,13.3,0.1,905.0
2020-03-23,9944,1330500.0,17760472.0,13.5,13.85,12.5,13.75,0.45,675.0
2020-03-24,9944,1288000.0,18305700.0,14.1,14.9,13.9,14.9,1.15,569.0
2020-03-25,9944,1142000.0,17193100.0,15.3,15.5,14.7,14.9,0.0,545.0
2020-03-26,9944,831000.0,12694000.0,15.0,15.8,14.75,15.25,0.35,425.0
2020-03-27,9944,647107.0,9882662.0,15.45,15.6,15.0,15.1,-0.15,332.0
2020-03-30,9944,538673.0,8257278.0,15.2,15.5,15.15,15.35,0.25,309.0
2020-03-31,9944,503000.0,7859900.0,15.6,15.85,15.5,15.6,0.25,253.0
2020-04-01,9944,365026.0,5670266.0,15.5,15.75,15.4,15.5,-0.1,160.0
2020-04-06,9944,1647663.0,27328353.0,15.7,17.05,15.7,16.95,1.45,858.0
2020-04-07,9944,1776781.0,30111189.0,17.15,17.6,16.35,16.35,-0.6,924.0
2020-04-08,9944,822884.0,13852808.0,16.7,17.3,16.5,16.6,0.25,452.0
2020-04-09,9944,568522.0,9378332.0,16.8,16.8,16.35,16.4,-0.2,240.0
2020-04-10,9944,548001.0,9012966.0,16.6,16.8,16.1,16.2,-0.2,286.0
2020-04-13,9944,933996.0,15408079.0,16.4,16.85,16.2,16.25,0.05,473.0
2020-04-14,9944,446103.0,7300429.0,16.4,16.65,16.25,16.3,0.05,236.0
2020-04-15,9944,447730.0,7239445.0,16.3,16.4,16.05,16.15,-0.15,224.0
2020-04-16,9944,1063100.0,17481195.0,16.2,16.7,16.2,16.2,0.05,406.0
2020-04-17,9944,495560.0,8021726.0,16.3,16.4,16.05,16.1,-0.1,237.0
2020-04-20,9944,1070077.0,17615059.0,16.3,16.7,16.2,16.5,0.4,458.0
2020-04-21,9944,528534.0,8572194.0,16.6,16.6,16.0,16.05,-0.45,274.0
2020-04-22,9944,992235.0,16248900.0,16.0,16.9,16.0,16.35,0.3,485.0
2020-04-23,9944,861900.0,14338543.0,16.55,16.8,16.4,16.65,0.3,396.0
2020-04-24,9944,2985647.0,53394240.0,16.7,18.3,16.65,18.3,1.65,1285.0
2020-04-27,9944,2889593.0,57793919.0,19.95,20.1,19.45,20.1,1.8,878.0
2020-04-28,9944,9548880.0,203105488.0,21.0,22.05,20.25,20.5,0.4,4591.0
2020-04-29,9944,9942990.0,218419917.0,20.5,22.55,20.15,22.55,2.05,4109.0
2020-04-30,9944,15259427.0,359193424.0,22.5,24.4,22.35,22.55,0.0,6790.0
2020-05-04,9944,10866400.0,254460937.0,22.6,24.2,22.6,22.9,0.35,5171.0
2020-05-05,9944,2919874.0,68443665.0,23.05,23.8,23.05,23.7,0.8,1534.0
2020-05-06,9944,7483336.0,189203596.0,24.3,26.05,24.3,24.5,0.8,3826.0
2020-05-07,9944,3670301.0,85613978.0,24.8,25.1,22.05,22.7,-1.8,1838.0
2020-05-08,9944,2886900.0,60138650.0,22.0,22.0,20.45,20.45,-2.25,1537.0
2020-05-11,9944,3031997.0,56927386.0,19.5,19.5,18.45,18.6,-1.85,1317.0
2020-05-12,9944,1934453.0,36753986.0,19.2,19.25,18.65,19.25,0.65,786.0
2020-05-13,9944,1128210.0,22255556.0,19.6,19.95,19.2,19.95,0.7,640.0
2020-05-14,9944,1333974.0,26605383.0,20.4,20.4,19.7,19.75,-0.2,614.0
2020-05-15,9944,643945.0,12657164.0,20.15,20.15,19.4,19.8,0.05,346.0
2020-05-18,9944,2323824.0,49382471.0,20.0,21.75,20.0,21.75,1.95,1037.0
2020-05-19,9944,5036143.0,109150712.0,22.55,22.8,20.6,21.1,-0.65,2483.0
2020-05-20,9944,9678468.0,218672005.0,21.65,23.2,21.1,23.2,2.1,4051.0
2020-05-21,9944,18442123.0,448834634.0,23.4,25.5,22.6,24.7,1.5,7736.0
2020-05-22,9944,20336122.0,524741221.0,25.2,26.8,24.8,25.65,0.95,9176.0
2020-05-25,9944,12921741.0,323116828.0,26.0,26.5,23.75,24.4,-1.25,5614.0
2020-05-26,9944,7758439.0,183753426.0,24.6,24.8,22.6,22.8,-1.6,3385.0
2020-05-27,9944,4905608.0,110017372.0,23.2,23.25,21.6,22.7,-0.1,2520.0
2020-05-28,9944,3564238.0,82043175.0,22.7,23.8,22.0,22.75,0.05,1791.0
2020-05-29,9944,7324506.0,175441894.0,22.75,24.65,22.7,24.0,1.25,3575.0
2020-06-01,9944,4448296.0,106649815.0,24.6,25.0,23.4,23.55,-0.45,2327.0
2020-06-02,9944,3947174.0,89081031.0,23.7,23.8,21.8,22.4,-1.15,2024.0
2020-06-03,9944,1759103.0,40048026.0,22.7,23.3,22.05,22.55,0.15,1016.0
2020-06-04,9944,1835220.0,41225253.0,22.7,22.9,22.0,22.1,-0.45,896.0
2020-06-05,9944,1149627.0,25817038.0,22.35,22.65,22.2,22.55,0.45,601.0
2020-06-08,9944,1426182.0,32154325.0,22.8,22.95,22.25,22.35,-0.2,735.0
2020-06-09,9944,1977201.0,44218060.0,22.7,22.85,21.95,22.3,-0.05,860.0
2020-06-10,9944,2727520.0,60511769.0,22.1,22.6,21.9,22.4,0.1,1168.0
2020-06-11,9944,4194339.0,95401993.0,22.4,23.4,22.05,22.5,0.1,2084.0
2020-06-12,9944,2085428.0,47232127.0,22.25,22.9,22.25,22.9,0.4,1046.0
2020-06-15,9944,3292929.0,77037133.0,23.2,23.95,22.9,23.25,0.35,1647.0
2020-06-16,9944,1623600.0,37892378.0,23.7,23.8,23.05,23.4,0.15,903.0
2020-06-17,9944,1208652.0,28351836.0,23.4,23.65,23.25,23.6,0.2,672.0
2020-06-18,9944,2656560.0,62832503.0,23.95,24.1,23.3,23.5,-0.1,1286.0
2020-06-19,9944,1251400.0,28581698.0,23.5,23.55,22.6,22.65,-0.85,739.0
2020-06-22,9944,864300.0,19528600.0,22.55,22.85,22.4,22.65,0.0,473.0
2020-06-23,9944,832175.0,18822387.0,22.8,23.0,22.4,22.4,-0.25,443.0
2020-06-24,9944,744000.0,16463250.0,22.45,22.55,21.8,22.0,-0.4,412.0
2020-06-29,9944,2131486.0,48342905.0,22.1,23.3,22.1,22.25,0.25,1127.0
2020-06-30,9944,846000.0,18706750.0,22.5,22.6,21.9,21.95,-0.3,485.0
2020-07-01,9944,456200.0,10030450.0,22.0,22.2,21.9,22.0,0.05,250.0
2020-07-02,9944,696250.0,15371600.0,22.15,22.25,21.9,21.95,-0.05,361.0
2020-07-03,9944,1025350.0,22065956.0,22.05,22.1,21.25,21.35,-0.6,558.0
2020-07-06,9944,865250.0,18524585.0,21.4,21.55,21.3,21.4,0.05,423.0
2020-07-07,9944,627297.0,13361417.0,21.6,21.6,21.2,21.2,-0.2,362.0
2020-07-08,9944,574594.0,12334171.0,21.25,21.7,21.25,21.5,0.3,348.0
2020-07-09,9944,1366110.0,28875486.0,21.6,21.7,20.7,20.75,-0.75,695.0
2020-07-10,9944,1507567.0,30854968.0,20.2,21.0,20.15,20.25,-0.5,840.0
2020-07-13,9944,2622855.0,56613370.0,20.35,22.25,20.3,22.25,2.0,1128.0
2020-07-14,9944,4106004.0,90790447.0,23.0,23.15,21.3,21.45,-0.8,1939.0
2020-07-15,9944,1242099.0,26202045.0,21.7,21.75,20.7,20.75,-0.7,695.0
2020-07-16,9944,572050.0,11962446.0,20.85,21.15,20.7,20.75,0.0,298.0
2020-07-17,9944,1422267.0,28537046.0,20.75,20.85,19.65,20.3,-0.45,752.0
2020-07-20,9944,1742653.0,36251678.0,20.35,21.6,19.9,20.55,0.25,909.0
2020-07-21,9944,762386.0,15773638.0,20.6,21.0,20.3,20.7,0.15,356.0
2020-07-22,9944,1100240.0,23280242.0,20.75,21.45,20.75,20.8,0.1,495.0
2020-07-23,9944,599140.0,12566704.0,21.2,21.35,20.65,20.65,-0.15,293.0
2020-07-24,9944,595125.0,12029737.0,20.05,20.55,19.85,20.2,-0.45,288.0
2020-07-27,9944,1031026.0,20135551.0,20.35,20.35,19.05,19.15,-1.05,487.0
2020-07-28,9944,685353.0,13286536.0,20.0,20.0,19.1,19.25,0.1,350.0
2020-07-29,9944,559857.0,11120825.0,19.45,20.15,19.35,20.05,0.8,380.0
2020-07-30,9944,511900.0,10335887.0,20.1,20.45,19.95,20.25,0.2,271.0
2020-07-31,9944,940299.0,19245747.0,20.3,20.7,20.05,20.55,0.3,222.0
2020-08-03,9944,2660100.0,57920254.0,21.9,22.5,21.15,21.7,1.15,1442.0
2020-08-04,9944,1328305.0,28864261.0,22.0,22.1,21.4,21.55,-0.15,635.0
2020-08-05,9944,939099.0,20542468.0,21.6,22.15,21.55,21.95,0.4,466.0
2020-08-06,9944,8128341.0,189967784.0,22.5,24.1,22.15,23.85,1.9,3724.0
2020-08-07,9944,9606071.0,230588762.0,23.95,24.8,22.8,22.8,-1.05,4772.0
2020-08-10,9944,1923010.0,43540090.0,22.8,23.35,22.2,22.45,-0.35,1003.0
2020-08-11,9944,1996001.0,44321222.0,22.5,22.5,21.8,22.15,-0.3,955.0
2020-08-12,9944,626665.0,13737130.0,22.4,22.4,21.55,21.9,-0.25,401.0
2020-08-13,9944,1052080.0,22515376.0,22.0,22.1,20.95,21.25,-0.65,514.0
2020-08-14,9944,2903525.0,64237220.0,21.55,22.95,21.35,22.35,1.1,1293.0
2020-08-17,9944,1004100.0,22398062.0,22.25,22.55,22.05,22.35,0.0,506.0
2020-08-18,9944,736480.0,16516976.0,22.55,22.8,22.25,22.25,-0.1,405.0
2020-08-19,9944,777000.0,17266250.0,22.35,22.45,22.1,22.25,0.0,383.0
2020-08-20,9944,1651022.0,35545940.0,22.25,22.6,20.55,21.6,-0.65,668.0
2020-08-21,9944,495000.0,10707000.0,21.75,22.05,21.25,21.9,0.3,353.0
2020-08-24,9944,945552.0,21041064.0,21.65,22.7,21.55,22.5,0.6,437.0
2020-08-25,9944,536488.0,11952133.0,22.7,22.7,22.1,22.25,-0.25,289.0
2020-08-26,9944,1328230.0,30047240.0,22.15,23.0,22.15,22.8,0.55,600.0
2020-08-27,9944,1078000.0,24654450.0,22.95,23.15,22.55,22.75,-0.05,480.0
2020-08-28,9944,4676320.0,109616160.0,23.15,23.9,22.9,23.0,0.25,2203.0
2020-08-31,9944,1222653.0,28093481.0,23.0,23.35,22.5,23.25,0.25,671.0
2020-09-01,9944,710000.0,16302900.0,23.25,23.35,22.75,23.05,-0.2,318.0
2020-09-02,9944,505450.0,11562388.0,23.15,23.3,22.8,22.8,-0.25,262.0
2020-09-03,9944,533125.0,11991325.0,22.8,22.85,22.3,22.7,-0.1,337.0
2020-09-04,9944,450372.0,10204623.0,22.35,23.05,22.1,22.65,-0.05,259.0
2020-09-07,9944,424115.0,9545204.0,22.65,22.85,22.15,22.6,-0.05,268.0
2020-09-08,9944,369107.0,8278446.0,22.8,22.85,22.2,22.4,-0.2,215.0
2020-09-09,9944,539053.0,12241753.0,22.35,22.95,22.25,22.8,0.4,322.0
2020-09-10,9944,527030.0,11790472.0,22.5,22.8,22.15,22.55,-0.25,278.0
2020-09-11,9944,392221.0,8737860.0,22.55,22.55,22.1,22.45,-0.1,226.0
2020-09-14,9944,531551.0,11976202.0,22.4,22.85,22.0,22.75,0.3,295.0
2020-09-15,9944,536230.0,12308521.0,22.95,23.15,22.75,22.85,0.1,293.0
2020-09-16,9944,912450.0,21105164.0,23.15,23.3,22.85,23.15,0.3,469.0
2020-09-17,9944,673520.0,15717512.0,23.35,23.75,23.0,23.2,0.05,411.0
2020-09-18,9944,494550.0,11402582.0,23.2,23.45,22.85,23.25,0.05,324.0
2020-09-21,9944,449734.0,10376526.0,23.0,23.45,22.8,23.2,-0.05,304.0
2020-09-22,9944,343125.0,7796930.0,23.15,23.15,22.2,22.45,-0.75,235.0
2020-09-23,9944,378515.0,8547489.0,22.6,22.8,22.4,22.8,0.35,204.0
2020-09-24,9944,632106.0,14020246.0,22.8,22.8,21.9,22.15,-0.65,347.0
2020-09-25,9944,538100.0,11788500.0,22.15,22.4,21.25,22.0,-0.15,285.0
2020-09-28,9944,225097.0,4976293.0,22.1,22.3,21.8,22.25,0.25,136.0
2020-09-29,9944,174107.0,3862475.0,22.05,22.35,22.05,22.3,0.05,77.0
2020-09-30,9944,216000.0,4823350.0,22.3,22.5,22.0,22.5,0.2,120.0
2020-10-05,9944,1759554.0,41345147.0,22.85,23.9,22.8,22.9,0.4,983.0
2020-10-06,9944,316100.0,7255439.0,23.05,23.1,22.8,22.95,0.05,197.0
2020-10-07,9944,148050.0,3387446.0,22.95,23.05,22.75,22.95,0.0,95.0
2020-10-08,9944,472039.0,10731544.0,22.9,22.95,22.4,22.95,0.0,205.0
2020-10-12,9944,545210.0,12148141.0,22.95,22.95,22.0,22.35,-0.6,304.0
2020-10-13,9944,228931.0,5131853.0,22.45,22.55,22.15,22.55,0.2,132.0
2020-10-14,9944,154000.0,3473200.0,22.4,22.7,22.4,22.65,0.1,93.0
2020-10-15,9944,337200.0,7709469.0,22.85,23.0,22.65,22.8,0.15,249.0
2020-10-16,9944,509080.0,11711218.0,22.95,23.35,22.7,22.7,-0.1,266.0
2020-10-19,9944,243050.0,5459075.0,22.8,22.8,22.3,22.5,-0.2,145.0
2020-10-20,9944,297000.0,6731600.0,22.4,22.95,22.4,22.55,0.05,194.0
2020-10-21,9944,118902.0,2679048.0,22.6,22.7,22.45,22.45,-0.1,76.0
2020-10-22,9944,139307.0,3122676.0,22.6,22.7,22.2,22.5,0.05,92.0
2020-10-23,9944,124062.0,2783644.0,22.6,22.6,22.2,22.6,0.1,81.0
2020-10-26,9944,152000.0,3428150.0,22.5,22.8,22.35,22.75,0.15,86.0
2020-10-27,9944,338000.0,7694000.0,22.6,23.0,22.5,22.85,0.1,174.0
2020-10-28,9944,115000.0,2614550.0,22.85,22.85,22.55,22.7,-0.15,54.0
2020-10-29,9944,686100.0,15696970.0,22.7,23.2,22.6,22.7,0.0,387.0
2020-10-30,9944,401149.0,9003977.0,22.7,22.85,21.95,22.5,-0.2,198.0
2020-11-02,9944,113000.0,2546950.0,22.65,22.65,22.35,22.55,0.05,68.0
2020-11-03,9944,88100.0,1989100.0,22.75,22.75,22.4,22.65,0.1,57.0
2020-11-04,9944,169030.0,3785379.0,22.45,22.7,22.25,22.45,-0.2,107.0
2020-11-05,9944,146025.0,3259407.0,22.5,22.6,22.2,22.3,-0.15,79.0
2020-11-06,9944,168000.0,3738700.0,22.05,22.45,22.05,22.35,0.05,100.0
2020-11-09,9944,123138.0,2756923.0,22.45,22.5,22.25,22.4,0.05,78.0
2020-11-10,9944,323503.0,7144867.0,22.3,22.45,21.55,21.95,-0.45,201.0
2020-11-11,9944,230000.0,5074450.0,22.2,22.4,21.95,22.05,0.1,114.0
2020-11-12,9944,220050.0,4848407.0,21.95,22.15,21.95,22.05,0.0,104.0
2020-11-13,9944,259004.0,5689438.0,22.05,22.05,21.85,22.05,0.0,126.0
2020-11-16,9944,169160.0,3721174.0,22.35,22.35,21.85,22.0,-0.05,93.0
2020-11-17,9944,325380.0,7059572.0,22.0,22.0,21.5,21.8,-0.2,245.0
2020-11-18,9944,317095.0,6878013.0,21.75,21.9,21.5,21.85,0.05,193.0
2020-11-19,9944,187108.0,4051609.0,21.9,21.95,21.5,21.5,-0.35,117.0
2020-11-20,9944,211107.0,4589282.0,21.6,21.9,21.6,21.75,0.25,103.0
2020-11-23,9944,135164.0,2937759.0,21.8,21.8,21.65,21.8,0.05,83.0
2020-11-24,9944,195000.0,4252900.0,21.8,21.9,21.75,21.85,0.05,116.0
2020-11-25,9944,271594.0,5908777.0,21.85,21.9,21.7,21.85,0.0,125.0
2020-11-26,9944,230122.0,5038486.0,21.9,22.05,21.8,21.85,0.0,103.0
2020-11-27,9944,320000.0,7090600.0,21.9,22.4,21.9,22.25,0.4,200.0
2020-11-30,9944,131261.0,2927919.0,22.25,22.45,22.2,22.2,-0.05,79.0
2020-12-01,9944,104000.0,2303500.0,22.2,22.25,22.1,22.1,-0.1,63.0
2020-12-02,9944,229053.0,5040625.0,22.1,22.15,21.9,22.15,0.05,123.0
2020-12-03,9944,166125.0,3672568.0,22.1,22.25,22.0,22.2,0.05,104.0
2020-12-04,9944,224454.0,4981503.0,22.15,22.3,22.1,22.2,0.0,138.0
2020-12-07,9944,384750.0,8517312.0,22.2,22.3,22.0,22.1,-0.1,167.0
2020-12-08,9944,415643.0,9086290.0,22.05,22.25,21.25,21.5,-0.6,224.0
2020-12-09,9944,161153.0,3488547.0,21.8,21.8,21.55,21.7,0.2,126.0
2020-12-10,9944,85481.0,1854199.0,21.65,21.8,21.55,21.8,0.1,69.0
2020-12-11,9944,127310.0,2760391.0,21.75,21.8,21.55,21.8,0.0,92.0
2020-12-14,9944,92413.0,2015264.0,21.85,21.85,21.7,21.85,0.05,96.0
2020-12-15,9944,81256.0,1762087.0,21.75,21.85,21.6,21.8,-0.05,62.0
2020-12-16,9944,192722.0,4195282.0,21.75,21.85,21.65,21.85,0.05,126.0
2020-12-17,9944,98030.0,2139707.0,21.75,21.9,21.7,21.9,0.05,70.0
2020-12-18,9944,161000.0,3528250.0,21.8,22.0,21.8,22.0,0.1,109.0
2020-12-21,9944,310249.0,6846419.0,21.85,22.2,21.85,22.15,0.15,164.0
2020-12-22,9944,2856727.0,67308700.0,22.1,24.25,22.1,23.15,1.0,1165.0
2020-12-23,9944,872250.0,19854450.0,23.4,23.4,22.35,22.4,-0.75,541.0
2020-12-24,9944,466010.0,10310674.0,22.45,22.45,21.95,22.15,-0.25,262.0
2020-12-25,9944,233291.0,5165031.0,22.15,22.2,22.0,22.2,0.05,112.0
2020-12-28,9944,300687.0,6642581.0,22.05,22.25,21.95,22.2,0.0,163.0
2020-12-29,9944,209337.0,4645123.0,22.2,22.25,22.1,22.25,0.05,122.0
2020-12-30,9944,251090.0,5608659.0,22.25,22.4,22.2,22.35,0.1,179.0
2020-12-31,9944,498263.0,11220795.0,22.35,22.75,22.35,22.5,0.15,239.0
2021-01-04,9944,304397.0,6895995.0,22.65,22.8,22.55,22.55,0.05,147.0
2021-01-05,9944,252184.0,5699859.0,22.55,22.7,22.55,22.6,0.05,143.0
2021-01-06,9944,337273.0,7620787.0,22.6,22.7,22.5,22.65,0.05,192.0
2021-01-07,9944,232163.0,5260227.0,22.65,22.7,22.6,22.65,0.0,124.0
2021-01-08,9944,235252.0,5331984.0,22.65,22.75,22.6,22.75,0.1,126.0
2021-01-11,9944,304249.0,6909656.0,22.8,22.85,22.6,22.7,-0.05,146.0
2021-01-12,9944,812858.0,18621727.0,22.65,23.35,22.5,22.5,-0.2,451.0
2021-01-13,9944,240669.0,5396398.0,22.55,22.6,22.3,22.3,-0.2,159.0
2021-01-14,9944,379769.0,8375803.0,22.3,22.3,21.8,22.15,-0.15,218.0
2021-01-15,9944,404848.0,8778124.0,22.1,22.1,21.3,21.6,-0.55,238.0
2021-01-18,9944,297825.0,6457050.0,21.75,22.0,21.4,21.65,0.05,213.0
2021-01-19,9944,108719.0,2352625.0,21.75,21.75,21.45,21.7,0.05,90.0
2021-01-20,9944,446476.0,9664101.0,21.65,21.9,21.4,21.5,-0.2,255.0
2021-01-21,9944,207222.0,4461933.0,21.5,21.7,21.4,21.5,0.0,124.0
2021-01-22,9944,169125.0,3614393.0,21.45,21.55,21.2,21.5,0.0,101.0
2021-01-25,9944,290119.0,6270419.0,21.55,21.85,21.5,21.55,0.05,152.0
2021-01-26,9944,116150.0,2502043.0,21.5,21.7,21.4,21.6,0.05,77.0
2021-01-27,9944,113502.0,2456642.0,21.6,21.75,21.5,21.7,0.1,70.0
2021-01-28,9944,195400.0,4207279.0,21.55,21.7,21.35,21.5,-0.2,112.0
2021-01-29,9944,464286.0,9684695.0,21.45,21.45,20.4,20.8,-0.7,334.0
2021-02-01,9944,121655.0,2508209.0,20.65,20.7,20.55,20.6,-0.2,157.0
2021-02-02,9944,145567.0,3010310.0,20.65,20.75,20.5,20.6,0.0,101.0
2021-02-03,9944,110202.0,2262390.0,20.55,20.7,20.4,20.6,0.0,100.0
2021-02-04,9944,153173.0,3148631.0,20.5,20.7,20.4,20.7,0.1,110.0
2021-02-05,9944,192887.0,3966529.0,20.65,20.7,20.4,20.7,0.0,108.0
2021-02-17,9944,122628.0,2528551.0,20.6,20.7,20.55,20.65,-0.05,100.0
2021-02-18,9944,164538.0,3396109.0,20.45,20.7,20.45,20.7,0.05,117.0
2021-02-19,9944,147149.0,3043068.0,20.65,20.8,20.6,20.8,0.1,141.0
2021-02-22,9944,140663.0,2920876.0,20.8,20.8,20.7,20.8,0.0,152.0
2021-02-23,9944,208941.0,4345939.0,20.85,20.85,20.75,20.8,0.0,101.0
2021-02-24,9944,360457.0,7523216.0,20.85,20.95,20.75,20.95,0.15,140.0
2021-02-25,9944,140860.0,2944975.0,20.95,20.95,20.8,20.95,0.0,87.0
2021-02-26,9944,221698.0,4631328.0,20.9,20.95,20.75,20.95,0.0,106.0
2021-03-02,9944,182894.0,3785403.0,20.85,20.95,20.45,20.8,-0.15,186.0
2021-03-03,9944,116756.0,2408124.0,20.75,20.8,20.5,20.6,-0.2,126.0
2021-03-04,9944,179857.0,3711457.0,20.6,20.75,20.5,20.55,-0.05,137.0
2021-03-05,9944,156963.0,3224296.0,20.55,20.6,20.45,20.6,0.05,125.0
2021-03-08,9944,126041.0,2605836.0,20.6,20.75,20.55,20.75,0.15,95.0
2021-03-09,9944,117006.0,2424846.0,20.65,20.75,20.6,20.75,0.0,81.0
2021-03-10,9944,196811.0,4072487.0,20.75,20.8,20.55,20.8,0.05,117.0
2021-03-11,9944,468400.0,9716382.0,20.75,20.85,20.6,20.75,-0.05,139.0
2021-03-12,9944,217147.0,4520987.0,20.75,20.9,20.7,20.9,0.15,107.0
2021-03-15,9944,263523.0,5510150.0,20.8,20.95,20.8,20.95,0.05,122.0
2021-03-16,9944,108507.0,2269597.0,20.9,20.95,20.85,20.95,0.0,122.0
2021-03-17,9944,481355.0,10013344.0,20.9,20.95,20.7,20.85,-0.1,237.0
2021-03-18,9944,144285.0,2997265.0,20.75,20.8,20.7,20.75,-0.1,145.0
2021-03-19,9944,122148.0,2518292.0,20.7,20.75,20.55,20.6,-0.15,219.0
2021-03-22,9944,204393.0,4197212.0,20.6,20.65,20.5,20.6,0.0,162.0
2021-03-23,9944,357010.0,7266224.0,20.6,20.6,20.1,20.1,-0.5,374.0
2021-03-24,9944,202050.0,4061293.0,20.1,20.3,20.0,20.1,0.0,309.0
2021-03-25,9944,214417.0,4315643.0,20.1,20.3,19.9,20.25,0.15,312.0
2021-03-26,9944,199138.0,4058178.0,20.25,20.45,20.2,20.45,0.2,337.0
2021-03-29,9944,180245.0,3692991.0,20.35,20.55,20.35,20.45,0.0,141.0
2021-03-30,9944,128366.0,2624380.0,20.35,20.55,20.35,20.55,0.1,130.0
2021-03-31,9944,153119.0,3131224.0,20.5,20.55,20.35,20.5,-0.05,198.0
2021-04-01,9944,163658.0,3336172.0,20.45,20.5,20.35,20.35,-0.15,149.0
2021-04-06,9944,254328.0,5164386.0,20.35,20.45,20.2,20.3,-0.05,229.0
2021-04-07,9944,364181.0,7382989.0,20.3,20.4,20.2,20.3,0.0,193.0
2021-04-08,9944,430499.0,8754072.0,20.3,20.45,20.2,20.35,0.05,202.0
2021-04-09,9944,268497.0,5440992.0,20.3,20.4,20.05,20.05,-0.3,331.0
2021-04-12,9944,243088.0,4881069.0,20.25,20.25,20.0,20.05,0.0,354.0
2021-04-13,9944,243835.0,4886008.0,20.05,20.15,20.0,20.05,0.0,366.0
2021-04-14,9944,482630.0,9581968.0,20.05,20.1,19.7,20.0,-0.05,957.0
2021-04-15,9944,216226.0,4362526.0,20.1,20.3,20.0,20.3,0.3,300.0
2021-04-16,9944,309358.0,6298784.0,20.2,20.45,20.15,20.45,0.15,239.0
2021-04-19,9944,242146.0,4958041.0,20.45,20.55,20.45,20.55,0.1,173.0
2021-04-20,9944,213575.0,4380635.0,20.55,20.55,20.45,20.55,0.0,119.0
2021-04-21,9944,213656.0,4381427.0,20.55,20.55,20.45,20.45,-0.1,215.0
2021-04-22,9944,391801.0,8017406.0,20.45,20.6,20.0,20.35,-0.1,266.0
2021-04-23,9944,169828.0,3452868.0,20.5,20.5,20.15,20.45,0.1,196.0
2021-04-26,9944,120139.0,2453019.0,20.45,20.5,20.3,20.45,0.0,140.0
2021-04-27,9944,153685.0,3151764.0,20.45,20.6,20.4,20.5,0.05,124.0
2021-04-28,9944,341292.0,7000450.0,20.55,20.6,20.4,20.55,0.05,171.0
2021-04-29,9944,191918.0,3941888.0,20.55,20.6,20.4,20.6,0.05,154.0
2021-05-03,9944,661734.0,13763653.0,20.6,21.5,20.55,21.05,0.45,259.0
2021-05-04,9944,528679.0,10646033.0,21.0,21.0,19.5,20.4,-0.65,358.0
2021-05-05,9944,228133.0,4611953.0,20.4,20.4,19.85,20.3,-0.1,207.0
2021-05-06,9944,155030.0,3116945.0,20.2,20.4,19.9,19.9,-0.4,190.0
2021-05-07,9944,153209.0,3099091.0,20.15,20.4,20.0,20.4,0.5,147.0
2021-05-10,9944,132455.0,2675931.0,20.25,20.5,20.2,20.45,0.05,99.0
2021-05-11,9944,882173.0,18335858.0,20.55,21.0,20.45,21.0,0.55,378.0
2021-05-12,9944,3965656.0,90230614.0,21.3,23.1,21.3,23.1,2.1,1853.0
2021-05-13,9944,12144048.0,303066444.0,24.2,25.4,23.8,25.4,2.3,5641.0
2021-05-14,9944,4792519.0,112556005.0,25.0,25.2,22.9,22.9,-2.5,2642.0
2021-05-17,9944,7326980.0,181579788.0,23.85,25.15,23.85,25.15,2.25,3547.0
2021-05-18,9944,4300558.0,99652204.0,23.85,24.6,22.65,23.0,-2.15,2272.0
2021-05-19,9944,2857876.0,61200340.0,22.4,22.45,21.0,21.2,-1.8,1559.0
2021-05-20,9944,1907650.0,41178043.0,21.45,22.2,21.2,21.3,0.1,916.0
2021-05-21,9944,811271.0,17303121.0,21.6,21.65,21.05,21.45,0.15,475.0
2021-05-24,9944,986721.0,21331449.0,22.0,22.1,21.3,21.45,0.0,557.0
2021-05-25,9944,1057895.0,23014801.0,22.0,22.0,21.4,21.6,0.15,441.0
2021-05-26,9944,793685.0,17404328.0,21.9,22.2,21.6,21.95,0.35,398.0
2021-05-27,9944,758847.0,16614378.0,22.05,22.2,21.7,22.0,0.05,311.0
2021-05-28,9944,607132.0,13288498.0,22.25,22.25,21.8,21.95,-0.05,301.0
2021-05-31,9944,875186.0,19070613.0,21.95,22.0,21.55,21.85,-0.1,404.0
2021-06-01,9944,568458.0,12313613.0,21.8,21.85,21.55,21.75,-0.1,286.0
2021-06-02,9944,629636.0,13634221.0,21.75,21.8,21.55,21.7,-0.05,266.0
2021-06-03,9944,473000.0,10272805.0,21.75,21.8,21.6,21.8,0.1,231.0
2021-06-04,9944,651824.0,14210007.0,21.7,21.95,21.6,21.8,0.0,259.0
2021-06-07,9944,402624.0,8717705.0,21.8,21.8,21.55,21.75,-0.05,189.0
2021-06-08,9944,326601.0,7098196.0,21.7,21.8,21.65,21.8,0.05,132.0
2021-06-09,9944,218504.0,4737813.0,21.7,21.8,21.6,21.8,0.0,127.0
2021-06-10,9944,279565.0,6074888.0,21.7,21.8,21.65,21.8,0.0,156.0
2021-06-11,9944,535589.0,11702389.0,21.85,22.0,21.65,21.85,0.05,219.0
2021-06-15,9944,309945.0,6735352.0,21.8,21.85,21.65,21.75,-0.1,181.0
2021-06-16,9944,295223.0,6430173.0,21.7,21.9,21.65,21.8,0.05,165.0
2021-06-17,9944,209826.0,4564869.0,21.7,21.8,21.65,21.8,0.0,146.0
2021-06-18,9944,368664.0,7941826.0,21.5,21.7,21.35,21.7,0.0,190.0
2021-06-21,9944,413593.0,8868098.0,21.6,21.7,21.2,21.4,-0.3,245.0
2021-06-22,9944,236210.0,5048555.0,21.4,21.5,21.25,21.5,0.1,165.0
2021-06-23,9944,182696.0,3922774.0,21.45,21.55,21.4,21.5,0.0,110.0
2021-06-24,9944,634179.0,13836068.0,21.55,22.15,21.55,22.0,0.5,294.0
2021-06-25,9944,617187.0,13694740.0,22.0,22.4,21.9,22.25,0.25,302.0
2021-06-28,9944,385846.0,8576940.0,22.3,22.5,22.05,22.15,-0.1,183.0
2021-06-29,9944,314227.0,6936879.0,22.15,22.2,21.95,22.15,0.0,179.0
2021-06-30,9944,283374.0,6261756.0,22.15,22.25,21.95,22.15,0.0,145.0
2021-07-01,9944,298790.0,6575127.0,22.2,22.2,21.75,21.9,-0.25,151.0
2021-07-02,9944,329748.0,7200301.0,21.95,22.0,21.7,21.85,-0.05,155.0
2021-07-05,9944,280686.0,6134566.0,22.0,22.0,21.7,21.85,0.0,136.0
2021-07-06,9944,154649.0,3363482.0,21.75,21.9,21.65,21.75,-0.1,81.0
2021-07-07,9944,252847.0,5457144.0,21.75,21.8,21.4,21.55,-0.2,131.0
2021-07-08,9944,229490.0,4907132.0,21.6,21.6,21.2,21.35,-0.2,127.0
2021-07-09,9944,319341.0,6762301.0,21.35,21.4,21.0,21.2,-0.15,150.0
2021-07-12,9944,421854.0,9080908.0,21.8,21.85,21.2,21.45,0.25,151.0
2021-07-13,9944,491721.0,10699581.0,21.55,21.95,21.45,21.9,0.45,207.0
2021-07-14,9944,249396.0,5439490.0,21.9,21.95,21.6,21.85,-0.05,105.0
2021-07-15,9944,824355.0,18495576.0,21.85,22.8,21.85,22.55,0.7,366.0
2021-07-16,9944,357390.0,8102688.0,22.55,22.85,22.55,22.85,0.3,209.0
2021-07-19,9944,2004786.0,47275238.0,22.95,24.0,22.9,23.8,0.95,860.0
2021-07-20,9944,988168.0,23399729.0,23.9,24.2,23.25,23.25,-0.55,449.0
2021-07-21,9944,430313.0,10004020.0,23.5,23.65,22.65,23.2,-0.05,216.0
2021-07-22,9944,357985.0,8285016.0,23.2,23.35,23.0,23.1,-0.1,181.0
2021-07-23,9944,353906.0,8297144.0,23.25,24.0,23.2,23.6,0.5,163.0
2021-07-26,9944,414248.0,9670992.0,23.8,24.0,22.65,23.25,-0.35,189.0
2021-07-27,9944,242298.0,5577282.0,23.2,23.4,22.8,22.9,-0.35,113.0
2021-07-28,9944,347851.0,7774298.0,22.95,22.95,21.75,22.0,-0.9,158.0
2021-07-29,9944,217569.0,4855954.0,22.1,22.55,22.1,22.5,0.5,105.0
2021-07-30,9944,348611.0,7796511.0,22.5,22.8,21.85,22.5,0.0,133.0
2021-08-02,9944,153506.0,3457004.0,22.55,22.8,22.25,22.55,0.05,69.0
2021-08-03,9944,134437.0,3011803.0,22.4,22.6,22.2,22.6,0.05,62.0
2021-08-04,9944,177463.0,4003743.0,22.55,22.8,22.35,22.55,-0.05,72.0
2021-08-05,9944,131387.0,2955948.0,22.55,22.55,22.35,22.55,0.0,59.0
2021-08-06,9944,142154.0,3193070.0,22.5,22.65,22.3,22.65,0.1,90.0
2021-08-09,9944,92757.0,2089778.0,22.65,22.65,22.4,22.4,-0.25,61.0
2021-08-10,9944,260938.0,5738835.0,22.45,22.45,21.6,21.65,-0.75,118.0
2021-08-11,9944,209583.0,4521153.0,21.6,21.9,21.05,21.6,-0.05,100.0
2021-08-12,9944,170868.0,3655264.0,21.6,21.6,21.2,21.25,-0.35,98.0
2021-08-13,9944,186349.0,3966161.0,21.3,21.45,21.05,21.45,0.2,97.0
2021-08-16,9944,225644.0,4759200.0,21.45,21.45,20.7,20.95,-0.5,108.0
2021-08-17,9944,288661.0,5923918.0,20.95,21.0,20.0,20.35,-0.6,208.0
2021-08-18,9944,180279.0,3650824.0,20.25,20.75,19.9,20.75,0.4,132.0
2021-08-19,9944,123737.0,2518922.0,20.45,20.55,20.1,20.5,-0.25,137.0
2021-08-20,9944,108596.0,2202839.0,20.4,20.4,20.1,20.2,-0.3,95.0
2021-08-23,9944,96424.0,1953271.0,20.2,20.35,20.2,20.35,0.15,68.0
2021-08-24,9944,104883.0,2126418.0,20.35,20.35,20.15,20.15,-0.2,72.0
2021-08-25,9944,94086.0,1911852.0,20.4,20.4,20.1,20.2,0.05,66.0
2021-08-26,9944,74895.0,1516581.0,20.25,20.35,20.2,20.2,0.0,66.0
2021-08-27,9944,104849.0,2132295.0,20.3,20.5,20.2,20.5,0.3,80.0
2021-08-30,9944,79210.0,1640520.0,20.7,20.75,20.55,20.75,0.25,82.0
2021-08-31,9944,101458.0,2101211.0,20.95,20.95,20.45,20.8,0.05,82.0
2021-09-01,9944,111815.0,2299207.0,20.65,20.75,20.45,20.55,-0.25,102.0
2021-09-02,9944,124212.0,2547422.0,20.5,20.6,20.35,20.6,0.05,86.0
2021-09-03,9944,134277.0,2766851.0,20.55,20.85,20.35,20.85,0.25,105.0
2021-09-06,9944,106491.0,2210499.0,20.6,21.0,20.6,20.9,0.05,62.0
2021-09-07,9944,277442.0,5835615.0,20.8,21.35,20.8,21.0,0.1,164.0
2021-09-08,9944,353403.0,7595871.0,21.15,22.1,20.9,22.0,1.0,230.0
2021-09-09,9944,358293.0,7648849.0,22.05,22.1,20.75,21.0,-1.0,199.0
2021-09-10,9944,92813.0,1950673.0,21.05,21.1,20.85,21.1,0.1,53.0
2021-09-13,9944,89201.0,1872831.0,20.95,21.2,20.85,21.2,0.1,54.0
2021-09-14,9944,89048.0,1866216.0,20.95,21.15,20.85,20.9,-0.3,51.0
2021-09-15,9944,75290.0,1578696.0,20.9,21.15,20.9,21.1,0.2,49.0
2021-09-16,9944,95430.0,2004742.0,21.05,21.1,20.9,21.1,0.0,49.0
2021-09-17,9944,103762.0,2187333.0,21.05,21.2,20.95,21.0,-0.1,57.0
2021-09-22,9944,81217.0,1678609.0,20.8,20.8,20.45,20.45,-0.55,75.0
2021-09-23,9944,95221.0,1957363.0,20.45,21.0,20.4,20.7,0.25,49.0
2021-09-24,9944,91791.0,1908095.0,20.7,21.05,20.7,20.85,0.15,55.0
2021-09-27,9944,103980.0,2161136.0,20.85,20.95,20.55,20.65,-0.2,74.0
2021-09-28,9944,113596.0,2340919.0,20.6,20.7,20.5,20.65,0.0,93.0
2021-09-29,9944,103305.0,2126525.0,20.65,20.65,20.4,20.6,-0.05,85.0
2021-09-30,9944,179784.0,3701387.0,20.6,20.65,20.5,20.65,0.05,92.0
2021-10-01,9944,115169.0,2368967.0,20.65,20.7,20.35,20.6,-0.05,102.0
2021-10-04,9944,145588.0,2981833.0,20.55,20.65,20.3,20.55,-0.05,120.0
2021-10-05,9944,81277.0,1649850.0,20.55,20.55,20.2,20.25,-0.3,94.0
2021-10-06,9944,52281.0,1062349.0,20.45,20.45,20.2,20.25,0.0,58.0
2021-10-07,9944,73060.0,1495448.0,20.4,20.6,20.3,20.6,0.35,47.0
2021-10-08,9944,67496.0,1401785.0,20.6,20.95,20.6,20.95,0.35,63.0
2021-10-12,9944,93977.0,1972770.0,20.8,21.25,20.8,21.25,0.3,79.0
2021-10-13,9944,100513.0,2136680.0,20.95,21.5,20.95,21.35,0.1,73.0
2021-10-14,9944,218571.0,4649837.0,21.0,21.45,21.0,21.45,0.1,104.0
2021-10-15,9944,183180.0,3921856.0,21.4,21.45,21.35,21.45,0.0,77.0
2021-10-18,9944,94116.0,2020500.0,21.5,21.5,21.4,21.5,0.05,64.0
2021-10-19,9944,89343.0,1915155.0,21.5,21.5,21.3,21.5,0.0,61.0
2021-10-20,9944,80208.0,1721609.0,21.45,21.55,21.35,21.55,0.05,54.0
2021-10-21,9944,156329.0,3367895.0,21.5,21.6,21.45,21.6,0.05,69.0
2021-10-22,9944,146156.0,3149665.0,21.5,21.65,21.45,21.65,0.05,57.0
2021-10-25,9944,113253.0,2448563.0,21.55,21.7,21.5,21.7,0.05,69.0
2021-10-26,9944,202129.0,4380172.0,21.65,21.8,21.5,21.8,0.1,103.0
2021-10-27,9944,81815.0,1779382.0,21.7,21.85,21.65,21.8,0.0,53.0
2021-10-28,9944,161011.0,3511170.0,21.7,21.9,21.7,21.9,0.1,65.0
2021-10-29,9944,214344.0,4709381.0,21.8,22.2,21.75,22.2,0.3,103.0
2021-11-01,9944,221373.0,4928535.0,22.2,22.4,22.2,22.2,0.0,111.0
2021-11-02,9944,273596.0,6002891.0,22.25,22.3,21.5,21.5,-0.7,116.0
2021-11-03,9944,84484.0,1842866.0,21.95,21.95,21.6,21.95,0.45,72.0
2021-11-04,9944,89001.0,1960971.0,21.85,22.15,21.8,22.15,0.2,42.0
2021-11-05,9944,128206.0,2846988.0,21.9,22.45,21.9,22.45,0.3,72.0
2021-11-08,9944,89352.0,1990156.0,22.2,22.45,22.2,22.35,-0.1,52.0
2021-11-09,9944,214843.0,4784293.0,22.2,22.5,22.0,22.5,0.15,126.0
2021-11-10,9944,190284.0,4228776.0,22.45,22.5,21.95,21.95,-0.55,93.0
2021-11-11,9944,48668.0,1080556.0,22.25,22.3,22.0,22.3,0.35,40.0
2021-11-12,9944,90220.0,1987528.0,22.2,22.2,21.95,22.0,-0.3,57.0
2021-11-15,9944,174208.0,3856366.0,22.05,22.25,22.0,22.2,0.2,76.0
2021-11-16,9944,233512.0,5195595.0,22.1,22.3,22.1,22.3,0.1,100.0
2021-11-17,9944,305498.0,6833241.0,22.3,22.45,22.3,22.4,0.1,125.0
2021-11-18,9944,74484.0,1664807.0,22.35,22.45,22.3,22.3,-0.1,51.0
2021-11-19,9944,182697.0,4082700.0,22.25,22.45,22.2,22.45,0.15,87.0
2021-11-22,9944,301099.0,6752757.0,22.45,22.55,22.3,22.55,0.1,94.0
2021-11-23,9944,493369.0,11142828.0,22.5,22.7,22.45,22.7,0.15,154.0
2021-11-24,9944,426169.0,9665363.0,22.6,22.8,22.6,22.8,0.1,132.0
2021-11-25,9944,287295.0,6545272.0,22.65,22.95,22.65,22.9,0.1,108.0
2021-11-26,9944,304355.0,6966143.0,22.75,23.0,22.75,23.0,0.1,140.0
2021-11-29,9944,954312.0,22397323.0,23.1,23.9,23.1,23.5,0.5,464.0
2021-11-30,9944,515370.0,11896633.0,23.2,23.3,22.5,23.2,-0.3,229.0
2021-12-01,9944,312804.0,7274200.0,23.2,23.35,23.15,23.3,0.1,110.0
2021-12-02,9944,423044.0,9912121.0,23.45,23.5,23.3,23.5,0.2,182.0
2021-12-03,9944,318256.0,7475742.0,23.4,23.6,23.35,23.6,0.1,114.0
2021-12-06,9944,420731.0,9933796.0,23.5,23.8,23.4,23.8,0.2,169.0
2021-12-07,9944,415224.0,9876358.0,23.7,23.9,23.7,23.9,0.1,186.0
2021-12-08,9944,464353.0,11123754.0,23.85,24.05,23.85,24.05,0.15,243.0
2021-12-09,9944,320626.0,7705488.0,24.0,24.1,23.95,24.1,0.05,138.0
2021-12-10,9944,339771.0,8187868.0,24.05,24.15,24.0,24.15,0.05,132.0
2021-12-13,9944,399011.0,9570399.0,24.1,24.1,23.8,24.0,-0.15,169.0
2021-12-14,9944,776147.0,18211118.0,23.9,23.9,23.0,23.15,-0.85,244.0
2021-12-15,9944,194736.0,4568309.0,23.6,23.65,23.0,23.65,0.5,94.0
2021-12-16,9944,210619.0,4975464.0,23.7,23.75,23.5,23.7,0.05,86.0
2021-12-17,9944,245575.0,5801065.0,23.55,23.8,23.5,23.8,0.1,91.0
2021-12-20,9944,273566.0,6508377.0,23.65,23.95,23.65,23.95,0.15,124.0
2021-12-21,9944,368642.0,8813171.0,23.8,24.05,23.8,24.05,0.1,134.0
2021-12-22,9944,245133.0,5888872.0,23.95,24.15,23.95,24.1,0.05,128.0
2021-12-23,9944,231187.0,5559469.0,24.0,24.15,24.0,24.1,0.0,117.0
2021-12-24,9944,233742.0,5601223.0,24.0,24.1,23.75,24.1,0.0,116.0
2021-12-27,9944,245528.0,5901459.0,23.95,24.15,23.95,24.1,0.0,103.0
2021-12-28,9944,190480.0,4570663.0,24.0,24.05,23.95,24.0,-0.1,77.0
2021-12-29,9944,193428.0,4633307.0,23.95,24.05,23.85,24.0,0.0,91.0
2021-12-30,9944,189527.0,4542692.0,24.0,24.05,23.8,24.05,0.05,90.0
2022-01-03,9944,124352.0,2945481.0,24.05,24.05,23.1,23.65,-0.4,74.0
2022-01-04,9944,349182.0,8447067.0,24.55,24.6,24.0,24.2,0.55,240.0
2022-01-05,9944,153319.0,3690147.0,24.2,24.2,23.9,24.1,-0.1,87.0
2022-01-06,9944,183370.0,4402523.0,24.05,24.2,23.85,23.85,-0.25,101.0
2022-01-07,9944,659347.0,15702098.0,23.85,24.0,23.6,23.9,0.05,200.0
2022-01-10,9944,136426.0,3253349.0,23.9,23.9,23.7,23.8,-0.1,83.0
2022-01-11,9944,252841.0,5994442.0,23.8,23.9,23.4,23.6,-0.2,143.0
2022-01-12,9944,123187.0,2910120.0,23.6,23.65,23.5,23.65,0.05,81.0
2022-01-13,9944,156394.0,3684807.0,23.6,23.7,23.35,23.35,-0.3,99.0
2022-01-14,9944,134048.0,3123619.0,23.35,23.4,23.15,23.2,-0.15,83.0
2022-01-17,9944,136651.0,3151171.0,23.2,23.2,22.9,23.0,-0.2,100.0
2022-01-18,9944,181890.0,4157122.0,23.0,23.05,22.7,22.9,-0.1,99.0
2022-01-19,9944,114583.0,2603090.0,22.7,23.05,22.6,22.6,-0.3,78.0
2022-01-20,9944,101765.0,2300778.0,22.55,22.9,22.55,22.65,0.05,67.0
2022-01-21,9944,204471.0,4595379.0,22.6,22.65,22.15,22.5,-0.15,132.0
2022-01-24,9944,136633.0,3059480.0,22.5,22.5,22.2,22.4,-0.1,92.0
2022-01-25,9944,127653.0,2860457.0,22.4,22.5,22.2,22.45,0.05,91.0
2022-01-26,9944,140090.0,3149602.0,22.5,22.65,22.25,22.65,0.2,72.0
2022-02-07,9944,111304.0,2520169.0,22.65,22.65,22.6,22.65,0.0,52.0
2022-02-08,9944,288467.0,6565213.0,22.65,23.0,22.4,22.75,0.1,132.0
2022-02-09,9944,122938.0,2793144.0,22.75,22.85,22.65,22.65,-0.1,252.0
2022-02-10,9944,310022.0,6961117.0,22.7,22.75,22.25,22.3,-0.35,128.0
2022-02-11,9944,164252.0,3668490.0,22.4,22.45,22.1,22.35,0.05,103.0
2022-02-14,9944,147922.0,3258257.0,22.2,22.2,21.85,21.85,-0.5,97.0
2022-02-15,9944,282886.0,6189221.0,21.85,22.0,21.65,21.9,0.05,124.0
2022-02-16,9944,383511.0,8455256.0,21.9,22.35,21.85,21.9,0.0,107.0
2022-02-17,9944,134140.0,2942617.0,21.9,22.05,21.9,21.95,0.05,75.0
2022-02-18,9944,188376.0,4150066.0,21.9,22.15,21.9,22.1,0.15,74.0
2022-02-21,9944,162433.0,3551221.0,22.0,22.15,21.7,22.15,0.05,87.0
2022-02-22,9944,137454.0,2997468.0,22.0,22.0,21.6,21.65,-0.5,225.0
2022-02-23,9944,102614.0,2234165.0,21.65,21.9,21.65,21.9,0.25,65.0
2022-02-24,9944,181959.0,3924381.0,21.65,21.8,21.3,21.5,-0.4,340.0
2022-02-25,9944,123001.0,2663671.0,21.65,21.85,21.5,21.75,0.25,60.0
2022-03-01,9944,221176.0,4824133.0,21.9,21.9,21.7,21.9,0.15,93.0
2022-03-02,9944,190482.0,4150808.0,21.75,21.95,21.5,21.95,0.05,99.0
2022-03-03,9944,194838.0,4253382.0,21.8,21.9,21.75,21.9,-0.05,100.0
2022-03-04,9944,185644.0,4014042.0,21.65,21.7,21.5,21.65,-0.25,128.0
2022-03-07,9944,157262.0,3348813.0,21.6,21.6,20.9,20.9,-0.75,173.0
2022-03-08,9944,209108.0,4327003.0,20.75,20.9,20.4,20.7,-0.2,282.0
2022-03-09,9944,176260.0,3660338.0,20.7,20.95,20.7,20.95,0.25,274.0
2022-03-10,9944,283196.0,5940949.0,21.0,21.05,20.85,21.0,0.05,134.0
2022-03-11,9944,98357.0,2054555.0,20.85,21.15,20.7,21.15,0.15,151.0
2022-03-14,9944,251184.0,5337830.0,21.15,21.55,21.05,21.55,0.4,115.0
2022-03-15,9944,186673.0,3981174.0,21.3,21.5,21.2,21.3,-0.25,102.0
2022-03-16,9944,198055.0,4220229.0,21.4,21.4,21.15,21.35,0.05,105.0
2022-03-17,9944,244973.0,5243090.0,21.1,21.7,21.1,21.55,0.2,99.0
2022-03-18,9944,234223.0,5020894.0,21.45,21.5,21.35,21.5,-0.05,97.0
2022-03-21,9944,272177.0,5882112.0,21.5,21.8,21.45,21.75,0.25,128.0
2022-03-22,9944,235597.0,5114418.0,21.55,21.85,21.55,21.8,0.05,105.0
2022-03-23,9944,260626.0,5662737.0,21.6,21.9,21.6,21.9,0.1,130.0
2022-03-24,9944,341820.0,7442881.0,21.7,21.9,21.7,21.85,-0.05,139.0
2022-03-25,9944,267668.0,5833631.0,21.7,21.95,21.7,21.9,0.05,130.0
2022-03-28,9944,492493.0,10388778.0,21.5,21.65,20.65,20.8,-1.1,427.0
2022-03-29,9944,129248.0,2714295.0,21.05,21.1,20.8,21.0,0.2,144.0
2022-03-30,9944,145334.0,3058981.0,21.1,21.1,20.9,21.05,0.05,131.0
2022-03-31,9944,302222.0,6333687.0,20.9,21.1,20.9,21.0,-0.05,146.0
2022-04-01,9944,326105.0,6859962.0,20.8,21.25,20.8,21.25,0.25,210.0
2022-04-06,9944,129839.0,2759694.0,21.25,21.35,21.1,21.35,0.1,101.0
2022-04-07,9944,174335.0,3720614.0,21.3,21.45,21.15,21.4,0.05,97.0
2022-04-08,9944,81925.0,1748087.0,21.35,21.4,21.25,21.25,-0.15,58.0
2022-04-11,9944,90020.0,1913174.0,21.3,21.35,21.05,21.1,-0.15,75.0
2022-04-12,9944,109928.0,2310097.0,21.1,21.15,20.65,21.0,-0.1,109.0
2022-04-13,9944,166228.0,3490187.0,21.0,21.15,20.85,21.15,0.15,136.0
2022-04-14,9944,198869.0,4186866.0,21.05,21.2,20.9,21.0,-0.15,156.0
2022-04-15,9944,84493.0,1770652.0,20.95,21.0,20.9,20.95,-0.05,71.0
2022-04-18,9944,132271.0,2777534.0,20.95,21.05,20.9,21.05,0.1,103.0
2022-04-19,9944,126702.0,2658506.0,21.0,21.05,20.85,20.85,-0.2,100.0
2022-04-20,9944,123926.0,2590360.0,20.85,21.05,20.85,21.05,0.2,104.0
2022-04-21,9944,119033.0,2509217.0,21.1,21.1,21.0,21.1,0.05,74.0
2022-04-22,9944,98549.0,2071835.0,21.0,21.15,20.9,21.15,0.05,94.0
2022-04-25,9944,204551.0,4268914.0,21.15,21.15,20.65,20.7,-0.45,307.0
2022-04-26,9944,99462.0,2066895.0,20.8,20.8,20.7,20.75,0.05,210.0
2022-04-27,9944,145338.0,3003477.0,20.75,20.75,20.4,20.75,0.0,320.0
2022-04-28,9944,82048.0,1701001.0,20.75,20.75,20.6,20.75,0.0,232.0
2022-04-29,9944,168751.0,3509599.0,20.7,20.95,20.6,20.8,0.05,191.0
2022-05-03,9944,183934.0,3808686.0,20.75,20.8,20.5,20.8,0.0,230.0
2022-05-04,9944,78749.0,1633403.0,20.75,20.8,20.65,20.65,-0.15,131.0
2022-05-05,9944,91629.0,1899806.0,20.7,20.8,20.7,20.8,0.15,146.0
2022-05-06,9944,171806.0,3549007.0,20.5,20.8,20.5,20.7,-0.1,276.0
2022-05-09,9944,70134.0,1446413.0,20.6,20.75,20.6,20.65,-0.05,137.0
2022-05-10,9944,66243.0,1366678.0,20.65,20.65,20.5,20.65,0.0,162.0
2022-05-11,9944,138002.0,2852026.0,20.65,20.75,20.55,20.65,0.0,109.0
2022-05-12,9944,92527.0,1907167.0,20.65,20.65,20.45,20.55,-0.1,137.0
2022-05-13,9944,81119.0,1652331.0,20.2,20.6,20.2,20.6,0.05,106.0
2022-05-16,9944,324094.0,6520439.0,20.6,20.6,19.8,20.05,-0.55,647.0
2022-05-17,9944,296854.0,5892269.0,20.0,20.1,19.55,19.8,-0.25,821.0
2022-05-18,9944,76137.0,1519424.0,20.0,20.05,19.85,20.05,0.25,178.0
2022-05-19,9944,113300.0,2245573.0,19.95,19.95,19.7,19.95,-0.1,250.0
2022-05-20,9944,54821.0,1094885.0,19.95,20.1,19.8,20.1,0.15,176.0
2022-05-23,9944,84599.0,1703572.0,20.15,20.2,20.1,20.15,0.05,142.0
2022-05-24,9944,76786.0,1545360.0,20.15,20.2,20.0,20.0,-0.15,137.0
2022-05-25,9944,54632.0,1096244.0,20.0,20.2,19.85,20.2,0.2,92.0
2022-05-26,9944,98698.0,1988074.0,20.2,20.25,20.0,20.2,0.0,183.0
2022-05-27,9944,73345.0,1483660.0,20.2,20.3,20.15,20.3,0.1,86.0
2022-05-30,9944,97080.0,1972348.0,20.3,20.4,20.3,20.4,0.1,112.0
2022-05-31,9944,67331.0,1373260.0,20.35,20.5,20.35,20.5,0.1,98.0
2022-06-01,9944,61361.0,1252905.0,20.4,20.45,20.4,20.45,-0.05,140.0
2022-06-02,9944,74125.0,1515480.0,20.45,20.5,20.4,20.45,0.0,90.0
2022-06-06,9944,56100.0,1142330.0,20.35,20.4,20.3,20.4,-0.05,119.0
2022-06-07,9944,68624.0,1383013.0,19.85,20.35,19.85,20.25,-0.15,207.0
2022-06-08,9944,78524.0,1595359.0,20.3,20.4,20.3,20.3,0.05,111.0
2022-06-09,9944,64954.0,1319412.0,20.25,20.35,20.25,20.35,0.05,136.0
2022-06-10,9944,74104.0,1507985.0,20.2,20.5,20.2,20.5,0.15,145.0
2022-06-13,9944,76443.0,1544336.0,20.05,20.4,20.05,20.3,-0.2,190.0
2022-06-14,9944,99665.0,2006141.0,20.1,20.2,20.05,20.1,-0.2,192.0
2022-06-15,9944,119021.0,2412332.0,20.1,20.4,20.1,20.35,0.25,122.0
2022-06-16,9944,70749.0,1433128.0,20.35,20.35,20.05,20.1,-0.25,150.0
2022-06-17,9944,77909.0,1564794.0,20.1,20.2,19.9,20.2,0.1,191.0
2022-06-20,9944,131569.0,2646340.0,20.2,20.2,19.9,20.1,-0.1,195.0
2022-06-21,9944,179230.0,3473582.0,19.3,19.8,19.3,19.5,0.0,274.0
2022-06-22,9944,96727.0,1877465.0,19.4,19.5,19.25,19.5,0.0,211.0
2022-06-23,9944,71014.0,1374871.0,19.35,19.4,19.3,19.4,-0.1,145.0
2022-06-24,9944,82196.0,1597373.0,19.4,19.5,19.3,19.5,0.1,114.0
2022-06-27,9944,97026.0,1884098.0,19.4,19.5,19.4,19.5,0.0,176.0
2022-06-28,9944,71887.0,1395323.0,19.4,19.45,19.4,19.4,-0.1,124.0
2022-06-29,9944,76729.0,1487822.0,19.4,19.4,19.3,19.4,0.0,114.0
2022-06-30,9944,88223.0,1708265.0,19.4,19.4,19.2,19.25,-0.15,156.0
2022-07-01,9944,104057.0,1995381.0,19.25,19.25,19.0,19.2,-0.05,159.0
2022-07-04,9944,149687.0,2875284.0,19.2,19.3,18.85,19.25,0.05,127.0
2022-07-05,9944,55226.0,1066986.0,19.35,19.35,19.1,19.3,0.05,51.0
2022-07-06,9944,60134.0,1157600.0,19.3,19.35,19.0,19.3,0.0,127.0
2022-07-07,9944,96608.0,1868422.0,19.3,19.45,19.15,19.35,0.05,81.0
2022-07-08,9944,78825.0,1524093.0,19.35,19.35,19.2,19.35,0.0,102.0
2022-07-11,9944,50299.0,973248.0,19.35,19.35,19.3,19.35,0.0,44.0
2022-07-12,9944,92532.0,1789120.0,19.15,19.55,19.15,19.35,0.0,96.0
2022-07-13,9944,93284.0,1800623.0,19.35,19.4,19.1,19.4,0.05,144.0
2022-07-14,9944,38339.0,744343.0,19.4,19.4,19.4,19.4,0.0,43.0
2022-07-15,9944,98855.0,1908188.0,19.1,19.45,19.1,19.45,0.05,112.0
2022-07-18,9944,89070.0,1725312.0,19.2,19.55,19.2,19.5,0.05,63.0
2022-07-19,9944,111549.0,2173209.0,19.45,19.55,19.4,19.5,0.0,108.0
2022-07-20,9944,84215.0,1642909.0,19.5,19.55,19.45,19.55,0.05,114.0
2022-07-21,9944,69224.0,1351657.0,19.5,19.6,19.45,19.6,0.05,98.0
2022-07-22,9944,105064.0,2052109.0,19.35,19.8,19.35,19.8,0.2,96.0
2022-07-25,9944,95327.0,1879572.0,19.7,19.8,19.6,19.75,-0.05,59.0
2022-07-26,9944,74204.0,1468589.0,19.75,19.85,19.6,19.85,0.1,49.0
2022-07-27,9944,62523.0,1237614.0,19.8,19.8,19.75,19.75,-0.1,65.0
2022-07-28,9944,68219.0,1348929.0,19.75,19.8,19.7,19.8,0.05,61.0
2022-07-29,9944,73582.0,1493674.0,19.7,21.1,19.65,21.1,1.3,89.0
2022-08-01,9944,103322.0,2109616.0,20.3,20.7,20.3,20.55,-0.55,119.0
2022-08-02,9944,71465.0,1459544.0,20.5,20.5,20.15,20.5,-0.05,51.0
2022-08-03,9944,56337.0,1147955.0,20.45,20.5,20.0,20.45,-0.05,54.0
2022-08-04,9944,88577.0,1795389.0,20.4,20.5,20.0,20.4,-0.05,74.0
2022-08-05,9944,68235.0,1391556.0,20.4,20.45,20.2,20.45,0.05,40.0
2022-08-08,9944,39810.0,811701.0,20.4,20.4,20.25,20.35,-0.1,33.0
2022-08-09,9944,68167.0,1389112.0,20.3,20.5,20.3,20.5,0.15,46.0
2022-08-10,9944,55346.0,1134572.0,20.5,20.6,20.45,20.5,0.0,48.0
2022-08-11,9944,70417.0,1439783.0,20.4,20.55,20.4,20.45,-0.05,46.0
2022-08-12,9944,55288.0,1129602.0,20.4,20.5,20.4,20.5,0.05,51.0
2022-08-15,9944,69382.0,1417942.0,20.4,20.55,20.35,20.55,0.05,52.0
2022-08-16,9944,76361.0,1560525.0,20.35,20.65,20.35,20.6,0.05,44.0
2022-08-17,9944,72577.0,1488255.0,20.45,20.6,20.45,20.6,0.0,58.0
2022-08-18,9944,79455.0,1630412.0,20.5,20.65,20.4,20.65,0.05,49.0
2022-08-19,9944,69807.0,1435641.0,20.55,20.6,20.55,20.6,-0.05,62.0
2022-08-22,9944,48275.0,990518.0,20.5,20.6,20.5,20.6,0.0,36.0
2022-08-23,9944,65628.0,1347123.0,20.5,20.6,20.5,20.6,0.0,59.0
2022-08-24,9944,94468.0,1944648.0,20.5,20.7,20.5,20.65,0.05,66.0
2022-08-25,9944,78408.0,1616310.0,20.55,20.7,20.55,20.7,0.05,63.0
2022-08-26,9944,113543.0,2355292.0,20.7,20.8,20.7,20.8,0.1,73.0
2022-08-29,9944,137140.0,2811305.0,20.55,20.6,20.4,20.4,-0.4,96.0
2022-08-30,9944,84010.0,1719706.0,20.3,20.75,20.3,20.75,0.35,41.0
2022-08-31,9944,86717.0,1786305.0,20.6,20.6,20.55,20.6,-0.15,65.0
2022-09-01,9944,75787.0,1561936.0,20.55,20.8,20.5,20.75,0.15,59.0
2022-09-02,9944,60770.0,1257350.0,20.65,20.8,20.65,20.75,0.0,41.0
2022-09-05,9944,84455.0,1744469.0,20.65,20.75,20.55,20.7,-0.05,48.0
2022-09-06,9944,66327.0,1364484.0,20.6,20.65,20.4,20.6,-0.1,66.0
2022-09-07,9944,64855.0,1330775.0,20.6,20.6,20.3,20.35,-0.25,59.0
2022-09-08,9944,42191.0,864850.0,20.5,20.55,20.4,20.5,0.15,29.0
2022-09-12,9944,61055.0,1251716.0,20.5,20.55,20.45,20.5,0.0,47.0
2022-09-13,9944,85733.0,1755874.0,20.5,20.5,20.4,20.5,0.0,81.0
2022-09-14,9944,136480.0,2814666.0,20.55,20.9,20.3,20.7,0.2,96.0
2022-09-15,9944,136384.0,2821911.0,20.65,20.8,20.5,20.7,0.0,97.0
2022-09-16,9944,99626.0,2060073.0,20.65,20.8,20.45,20.75,0.05,67.0
2022-09-19,9944,80318.0,1655826.0,20.6,20.75,20.55,20.65,-0.1,46.0
2022-09-20,9944,57838.0,1192033.0,20.6,20.7,20.55,20.65,0.0,44.0
2022-09-21,9944,118562.0,2441933.0,20.6,20.7,20.45,20.65,0.0,67.0
2022-09-22,9944,81101.0,1666933.0,20.6,20.65,20.45,20.65,0.0,44.0
2022-09-23,9944,88253.0,1813189.0,20.55,20.65,20.45,20.55,-0.1,47.0
2022-09-26,9944,80083.0,1636912.0,20.55,20.55,20.25,20.35,-0.2,68.0
2022-09-27,9944,46000.0,941650.0,20.5,20.5,20.3,20.3,-0.05,19.0
2022-09-28,9944,104608.0,2122834.0,20.4,20.4,20.1,20.3,0.0,85.0
2022-09-29,9944,64596.0,1317911.0,20.4,20.5,20.35,20.4,0.1,40.0
2022-09-30,9944,71154.0,1445889.0,20.3,20.4,20.3,20.35,-0.05,40.0
2022-10-03,9944,83426.0,1690104.0,20.35,20.4,20.1,20.3,-0.05,55.0
2022-10-04,9944,88092.0,1789718.0,20.3,20.35,20.3,20.35,0.05,34.0
2022-10-05,9944,66199.0,1345109.0,20.35,20.4,20.25,20.25,-0.1,40.0
2022-10-06,9944,130165.0,2618983.0,20.2,20.25,19.95,20.1,-0.15,105.0
2022-10-07,9944,83038.0,1668651.0,20.1,20.2,20.0,20.1,0.0,58.0
2022-10-11,9944,101567.0,2026314.0,20.05,20.05,19.75,19.8,-0.3,99.0
2022-10-12,9944,72191.0,1434803.0,19.8,20.0,19.75,20.0,0.2,63.0
2022-10-13,9944,76379.0,1517393.0,19.9,20.15,19.65,19.65,-0.35,82.0
2022-10-14,9944,105771.0,2107330.0,19.65,20.1,19.65,20.1,0.45,133.0
2022-10-17,9944,57324.0,1144800.0,19.9,20.1,19.85,20.1,0.0,32.0
2022-10-18,9944,85361.0,1731318.0,20.25,20.4,20.1,20.4,0.3,47.0
2022-10-19,9944,68485.0,1396345.0,20.45,20.45,20.1,20.4,0.0,48.0
2022-10-20,9944,60408.0,1227424.0,20.3,20.4,20.15,20.4,0.0,33.0
2022-10-21,9944,40034.0,809893.0,20.3,20.3,20.0,20.1,-0.3,23.0
2022-10-24,9944,46106.0,928461.0,20.1,20.3,20.1,20.3,0.2,22.0
2022-10-25,9944,47130.0,956100.0,20.35,20.35,20.05,20.25,-0.05,38.0
2022-10-26,9944,106000.0,2145100.0,20.2,20.3,20.05,20.15,-0.1,32.0
2022-10-27,9944,66250.0,1333074.0,20.0,20.4,20.0,20.3,0.15,32.0
2022-10-28,9944,56759.0,1150122.0,20.25,20.35,20.15,20.35,0.05,45.0
2022-10-31,9944,71751.0,1459923.0,20.35,20.4,20.25,20.4,0.05,38.0
2022-11-01,9944,79347.0,1616855.0,20.4,20.4,20.25,20.25,-0.15,36.0
2022-11-02,9944,88776.0,1816252.0,20.5,20.5,20.3,20.3,0.05,71.0
2022-11-03,9944,77314.0,1572004.0,20.35,20.35,20.2,20.35,0.05,41.0
2022-11-04,9944,64536.0,1314320.0,20.35,20.4,20.35,20.4,0.05,38.0
2022-11-07,9944,76992.0,1571069.0,20.35,20.5,20.35,20.45,0.05,47.0
2022-11-08,9944,67222.0,1375483.0,20.45,20.5,20.4,20.5,0.05,44.0
2022-11-09,9944,60850.0,1244825.0,20.45,20.5,20.4,20.5,0.0,47.0
2022-11-10,9944,59958.0,1228989.0,20.5,20.5,20.35,20.5,0.0,34.0
2022-11-11,9944,55234.0,1132269.0,20.5,20.5,20.5,20.5,0.0,35.0
2022-11-14,9944,97248.0,1989661.0,20.45,20.5,20.4,20.5,0.0,59.0
2022-11-15,9944,98358.0,2011448.0,20.45,20.5,20.35,20.5,0.0,84.0
2022-11-16,9944,69324.0,1418089.0,20.5,20.5,20.3,20.3,-0.2,38.0
2022-11-17,9944,53125.0,1083912.0,20.4,20.45,20.4,20.45,0.15,25.0
2022-11-18,9944,119534.0,2443245.0,20.4,20.55,20.35,20.5,0.05,43.0
2022-11-21,9944,71119.0,1453916.0,20.5,20.5,20.25,20.25,-0.25,57.0
2022-11-22,9944,60455.0,1219596.0,20.15,20.35,20.15,20.35,0.1,38.0
2022-11-23,9944,67592.0,1379947.0,20.4,20.5,20.4,20.45,0.1,42.0
2022-11-24,9944,168207.0,3448991.0,20.4,20.6,20.35,20.5,0.05,64.0
2022-11-25,9944,67297.0,1379399.0,20.5,20.55,20.45,20.45,-0.05,35.0
2022-11-28,9944,92479.0,1891732.0,20.45,20.5,20.4,20.45,0.0,47.0
2022-11-29,9944,67181.0,1373998.0,20.45,20.5,20.45,20.45,0.0,37.0
2022-11-30,9944,246115.0,5043876.0,20.5,20.6,20.4,20.6,0.15,83.0
2022-12-01,9944,122325.0,2512076.0,20.5,20.6,20.5,20.6,0.0,67.0
2022-12-02,9944,66318.0,1361167.0,20.5,20.6,20.5,20.6,0.0,50.0
2022-12-05,9944,364920.0,7540676.0,20.5,20.85,20.5,20.8,0.2,104.0
2022-12-06,9944,128989.0,2657801.0,20.65,20.7,20.45,20.65,-0.15,92.0
2022-12-07,9944,143437.0,2955319.0,20.6,20.65,20.5,20.6,-0.05,51.0
2022-12-08,9944,129181.0,2659077.0,20.5,20.65,20.5,20.6,0.0,42.0
2022-12-09,9944,121422.0,2504914.0,20.65,20.65,20.55,20.6,0.0,49.0
2022-12-12,9944,96806.0,1991602.0,20.65,20.65,20.35,20.35,-0.25,66.0
2022-12-13,9944,81334.0,1668390.0,20.55,20.55,20.35,20.45,0.1,60.0
2022-12-14,9944,140418.0,2875859.0,20.4,20.55,20.4,20.5,0.05,44.0
2022-12-15,9944,103155.0,2106634.0,20.4,20.55,20.35,20.45,-0.05,58.0
2022-12-16,9944,164463.0,3370322.0,20.45,20.55,20.3,20.55,0.1,62.0
2022-12-19,9944,313332.0,6463600.0,20.55,21.15,20.3,20.3,-0.25,179.0
2022-12-20,9944,153609.0,3119148.0,20.3,20.5,20.2,20.2,-0.1,116.0
2022-12-21,9944,72195.0,1467065.0,20.3,20.4,20.3,20.4,0.2,30.0
2022-12-22,9944,65119.0,1335525.0,20.6,20.6,20.3,20.3,-0.1,33.0
2022-12-23,9944,106007.0,2162664.0,20.35,20.55,20.25,20.55,0.25,66.0
2022-12-26,9944,68990.0,1414658.0,20.55,20.6,20.3,20.3,-0.25,64.0
2022-12-27,9944,66431.0,1349267.0,20.3,20.4,20.25,20.25,-0.05,42.0
2022-12-28,9944,68776.0,1402712.0,20.4,20.45,20.3,20.45,0.2,49.0
2022-12-29,9944,59595.0,1213106.0,20.3,20.45,20.2,20.45,0.0,43.0
2022-12-30,9944,58726.0,1200828.0,20.45,20.5,20.35,20.45,0.0,44.0
2023-01-03,9944,73177.0,1487980.0,20.4,20.4,20.15,20.3,-0.15,54.0
2023-01-04,9944,45956.0,933732.0,20.3,20.4,20.3,20.35,0.05,39.0
2023-01-05,9944,43762.0,890195.0,20.3,20.5,20.3,20.45,0.1,49.0
2023-01-06,9944,52824.0,1079384.0,20.45,20.45,20.3,20.45,0.0,54.0
2023-01-09,9944,49147.0,999959.0,20.3,20.45,20.3,20.45,0.0,25.0
2023-01-10,9944,41260.0,842377.0,20.45,20.45,20.25,20.25,-0.2,35.0
2023-01-11,9944,39058.0,793583.0,20.25,20.5,20.25,20.45,0.2,35.0
2023-01-12,9944,49616.0,1013718.0,20.45,20.45,20.25,20.45,0.0,40.0
2023-01-13,9944,51278.0,1046103.0,20.35,20.5,20.35,20.5,0.05,40.0
2023-01-16,9944,56220.0,1152375.0,20.5,20.5,20.45,20.5,0.0,31.0
2023-01-17,9944,65758.0,1342123.0,20.3,20.55,20.3,20.55,0.05,44.0
2023-01-30,9944,59022.0,1207171.0,20.5,20.5,20.35,20.35,-0.2,51.0
2023-01-31,9944,63564.0,1293269.0,20.3,20.5,20.3,20.5,0.15,56.0
2023-02-01,9944,70942.0,1448281.0,20.45,20.45,20.3,20.3,-0.2,70.0
2023-02-02,9944,141055.0,2893815.0,20.35,20.6,20.3,20.45,0.15,76.0
2023-02-03,9944,130758.0,2681374.0,20.35,20.65,20.35,20.6,0.15,50.0
2023-02-06,9944,52334.0,1071550.0,20.5,20.5,20.35,20.35,-0.25,98.0
2023-02-07,9944,36064.0,734463.0,20.35,20.4,20.3,20.4,0.05,84.0
2023-02-08,9944,107535.0,2209186.0,20.4,20.7,20.4,20.65,0.25,73.0
2023-02-09,9944,51817.0,1062338.0,20.5,20.55,20.45,20.55,-0.1,70.0
2023-02-10,9944,45527.0,932784.0,20.5,20.5,20.4,20.5,-0.05,50.0
2023-02-13,9944,53468.0,1094132.0,20.5,20.5,20.35,20.35,-0.15,56.0
2023-02-14,9944,51846.0,1062328.0,20.5,20.5,20.35,20.5,0.15,63.0
2023-02-15,9944,38130.0,779451.0,20.4,20.55,20.4,20.55,0.05,45.0
2023-02-16,9944,41497.0,847574.0,20.4,20.5,20.4,20.45,-0.1,66.0
2023-02-17,9944,57158.0,1167544.0,20.4,20.5,20.35,20.5,0.05,55.0
2023-02-20,9944,123953.0,2534095.0,20.5,20.55,20.35,20.55,0.05,162.0
2023-02-21,9944,74472.0,1526030.0,20.55,20.55,20.35,20.35,-0.2,98.0
2023-02-22,9944,72906.0,1487941.0,20.35,20.5,20.35,20.45,0.1,69.0
2023-02-23,9944,102801.0,2105058.0,20.4,20.55,20.35,20.55,0.1,83.0
2023-02-24,9944,88406.0,1811276.0,20.55,20.55,20.35,20.35,-0.2,96.0
2023-03-01,9944,58128.0,1189764.0,20.5,20.5,20.35,20.35,0.0,107.0
2023-03-02,9944,102742.0,2108100.0,20.35,20.65,20.35,20.5,0.15,84.0
2023-03-03,9944,110423.0,2270222.0,20.45,20.65,20.45,20.65,0.15,87.0
2023-03-06,9944,95547.0,1963598.0,20.55,20.6,20.45,20.45,-0.2,232.0
2023-03-07,9944,78249.0,1602776.0,20.45,20.5,20.45,20.5,0.05,197.0
2023-03-08,9944,56417.0,1157034.0,20.5,20.55,20.45,20.55,0.05,98.0
2023-03-09,9944,84354.0,1727978.0,20.5,20.55,20.45,20.45,-0.1,181.0
2023-03-10,9944,105202.0,2145837.0,20.45,20.5,20.35,20.35,-0.1,231.0
2023-03-13,9944,91642.0,1863186.0,20.35,20.35,20.25,20.35,0.0,113.0
2023-03-14,9944,97361.0,1977130.0,20.25,20.4,20.25,20.3,-0.05,161.0
2023-03-15,9944,53205.0,1080668.0,20.3,20.35,20.3,20.35,0.05,55.0
2023-03-16,9944,59358.0,1206057.0,20.35,20.35,20.25,20.35,0.0,97.0
2023-03-17,9944,116551.0,2374643.0,20.35,20.45,20.25,20.4,0.05,68.0
2023-03-20,9944,42941.0,875216.0,20.4,20.4,20.3,20.4,0.0,53.0
2023-03-21,9944,121772.0,2471669.0,20.3,20.35,20.25,20.35,-0.05,112.0
2023-03-22,9944,217242.0,4422224.0,20.3,20.45,20.3,20.3,-0.05,200.0
2023-03-23,9944,118730.0,2415828.0,20.3,20.45,20.3,20.45,0.15,75.0
2023-03-24,9944,149203.0,3044144.0,20.35,20.5,20.3,20.45,0.0,90.0
2023-03-27,9944,70147.0,1428648.0,20.4,20.4,20.3,20.4,-0.05,88.0
2023-03-28,9944,62414.0,1271062.0,20.35,20.4,20.35,20.4,0.0,95.0
2023-03-29,9944,90011.0,1829084.0,20.35,20.4,20.25,20.3,-0.1,100.0
2023-03-30,9944,81528.0,1660033.0,20.4,20.4,20.3,20.3,0.0,113.0
2023-03-31,9944,100619.0,2053041.0,20.4,20.45,20.3,20.4,0.1,78.0
2023-04-06,9944,126517.0,2583028.0,20.35,20.5,20.35,20.4,0.0,100.0
2023-04-07,9944,89917.0,1837366.0,20.45,20.5,20.4,20.4,0.0,82.0
2023-04-10,9944,46956.0,956372.0,20.35,20.4,20.35,20.4,0.0,111.0
2023-04-11,9944,82596.0,1687683.0,20.4,20.5,20.4,20.5,0.1,126.0
2023-04-12,9944,117865.0,2415838.0,20.45,20.55,20.45,20.5,0.0,93.0
2023-04-13,9944,111861.0,2286555.0,20.4,20.5,20.4,20.4,-0.1,79.0
2023-04-14,9944,62988.0,1286301.0,20.45,20.45,20.4,20.45,0.05,103.0
2023-04-17,9944,109226.0,2232340.0,20.4,20.5,20.4,20.45,0.0,169.0
2023-04-18,9944,88647.0,1811092.0,20.45,20.45,20.4,20.4,-0.05,123.0
2023-04-19,9944,118699.0,2416253.0,20.4,20.4,20.3,20.35,-0.05,137.0
2023-04-20,9944,86434.0,1756816.0,20.35,20.4,20.3,20.3,-0.05,92.0
2023-04-21,9944,48598.0,986936.0,20.3,20.35,20.3,20.3,0.0,85.0
2023-04-24,9944,103608.0,2100910.0,20.3,20.3,20.25,20.3,0.0,231.0
2023-04-25,9944,124586.0,2519882.0,20.3,20.3,20.15,20.2,-0.1,202.0
2023-04-26,9944,43310.0,875461.0,20.2,20.3,20.2,20.3,0.1,56.0
2023-04-27,9944,54165.0,1102473.0,20.3,20.4,20.3,20.35,0.05,56.0
2023-04-28,9944,55673.0,1133638.0,20.35,20.4,20.3,20.4,0.05,86.0
2023-05-02,9944,59944.0,1223465.0,20.4,20.45,20.4,20.45,0.05,76.0
2023-05-03,9944,61895.0,1258116.0,20.35,20.45,20.25,20.45,0.0,92.0
2023-05-04,9944,60051.0,1225173.0,20.45,20.45,20.3,20.3,-0.15,94.0
2023-05-05,9944,59820.0,1219490.0,20.35,20.45,20.35,20.45,0.15,103.0
2023-05-08,9944,83221.0,1699772.0,20.45,20.5,20.3,20.3,-0.15,77.0
2023-05-09,9944,77078.0,1566525.0,20.4,20.45,20.2,20.25,-0.05,69.0
2023-05-10,9944,264858.0,5412009.0,20.5,20.5,20.35,20.4,0.15,131.0
2023-05-11,9944,1366612.0,29057689.0,20.95,22.0,20.95,21.2,0.8,655.0
2023-05-12,9944,439676.0,9267714.0,21.1,21.25,20.9,20.95,-0.25,443.0
2023-05-15,9944,1109385.0,24002598.0,21.0,22.0,21.0,21.6,0.65,602.0
2023-05-16,9944,817379.0,17957784.0,21.8,22.3,21.8,21.95,0.35,512.0
2023-05-17,9944,361512.0,7878531.0,21.7,22.0,21.55,21.8,-0.15,317.0
2023-05-18,9944,618601.0,13656964.0,22.0,22.3,21.9,21.9,0.1,353.0
2023-05-19,9944,162812.0,3557803.0,21.9,21.95,21.7,21.9,0.0,184.0
2023-05-22,9944,1048776.0,23563695.0,21.9,22.85,21.9,22.35,0.45,555.0
2023-05-23,9944,321668.0,7188440.0,22.25,22.6,22.05,22.2,-0.15,242.0
2023-05-24,9944,342264.0,7662742.0,22.15,22.55,22.15,22.45,0.25,215.0
2023-05-25,9944,281953.0,6265074.0,22.45,22.45,21.95,21.95,-0.5,198.0
2023-05-26,9944,627212.0,13984806.0,22.25,23.15,21.75,22.45,0.5,338.0
2023-05-29,9944,2858944.0,66471998.0,22.55,23.75,22.3,23.3,0.85,1231.0
2023-05-30,9944,2528167.0,60283054.0,23.85,24.4,23.3,23.5,0.2,1307.0
2023-05-31,9944,1018331.0,23809361.0,23.5,23.7,23.15,23.2,-0.3,592.0
2023-06-01,9944,1623863.0,38136256.0,23.35,23.8,23.2,23.4,0.2,639.0
2023-06-02,9944,928365.0,21882704.0,23.6,23.8,23.4,23.4,0.0,463.0
2023-06-05,9944,1207079.0,27622138.0,23.6,23.6,22.65,22.7,-0.7,749.0
2023-06-06,9944,433547.0,9864797.0,22.75,22.95,22.6,22.75,0.05,237.0
2023-06-07,9944,454305.0,10305637.0,22.8,22.85,22.55,22.7,-0.05,248.0
2023-06-08,9944,838486.0,19274574.0,22.75,23.35,22.75,22.8,0.1,374.0
2023-06-09,9944,1302036.0,30379262.0,22.9,23.7,22.8,23.7,0.9,568.0
2023-06-12,9944,1909685.0,45678848.0,24.1,24.15,23.6,23.9,0.2,820.0
2023-06-13,9944,815266.0,19168586.0,23.8,23.85,23.25,23.4,-0.5,505.0
2023-06-14,9944,550965.0,12778119.0,23.4,23.5,22.9,23.05,-0.35,328.0
2023-06-15,9944,330906.0,7666705.0,23.2,23.35,23.05,23.1,0.05,167.0
2023-06-16,9944,409850.0,9433102.0,23.1,23.4,22.85,22.85,-0.25,259.0
2023-06-19,9944,424889.0,9756547.0,23.0,23.05,22.75,23.05,0.2,243.0
2023-06-20,9944,428507.0,9444963.0,22.3,22.3,21.85,21.85,0.0,271.0
2023-06-21,9944,404586.0,8781548.0,21.95,22.0,21.5,21.6,-0.25,290.0
2023-06-26,9944,408104.0,8686991.0,21.5,21.65,21.05,21.45,-0.15,276.0
2023-06-27,9944,321184.0,6895600.0,21.45,21.65,21.3,21.55,0.1,153.0
2023-06-28,9944,276756.0,5939808.0,21.75,21.75,21.15,21.15,-0.4,190.0
2023-06-29,9944,252743.0,5416198.0,21.45,21.65,21.3,21.5,0.35,148.0
2023-06-30,9944,223115.0,4799028.0,21.7,21.7,21.4,21.45,-0.05,144.0
2023-07-03,9944,201795.0,4338863.0,21.5,21.55,21.4,21.5,0.05,133.0
2023-07-04,9944,493074.0,10732851.0,21.5,22.2,21.4,21.95,0.45,316.0
2023-07-05,9944,203697.0,4474422.0,22.05,22.1,21.8,21.95,0.0,120.0
2023-07-06,9944,367331.0,7963770.0,21.95,21.95,21.45,21.6,-0.35,220.0
2023-07-07,9944,229757.0,4975744.0,21.9,21.9,21.4,21.6,0.0,118.0
2023-07-10,9944,289240.0,6175505.0,21.45,21.6,21.1,21.15,-0.45,155.0
2023-07-11,9944,197647.0,4188258.0,21.15,21.35,21.1,21.15,0.0,120.0
2023-07-12,9944,421929.0,8888298.0,21.55,21.55,20.8,20.85,-0.3,211.0
2023-07-13,9944,215950.0,4512829.0,20.95,20.95,20.8,20.85,0.0,125.0
2023-07-14,9944,195197.0,4111501.0,21.0,21.35,20.9,21.2,0.35,104.0
2023-07-17,9944,376553.0,8063705.0,21.2,21.7,21.15,21.5,0.3,205.0
2023-07-18,9944,371781.0,7908505.0,21.6,21.65,21.05,21.1,-0.4,221.0
2023-07-19,9944,300913.0,6365451.0,21.3,21.4,21.0,21.05,-0.05,166.0
2023-07-20,9944,407823.0,8675992.0,21.2,21.4,21.1,21.2,0.15,226.0
2023-07-21,9944,273656.0,5805755.0,21.2,21.3,21.05,21.25,0.05,127.0
2023-07-24,9944,340349.0,7156899.0,21.15,21.2,20.85,20.85,-0.4,172.0
2023-07-25,9944,158953.0,3339515.0,21.2,21.2,20.8,20.85,0.0,90.0
2023-07-26,9944,182976.0,3820651.0,20.85,21.1,20.85,20.9,0.05,90.0
2023-07-27,9944,246601.0,5177680.0,20.9,21.15,20.9,20.95,0.05,115.0
2023-07-28,9944,269064.0,5679229.0,21.05,21.25,21.0,21.25,0.3,117.0
2023-07-31,9944,450077.0,9514126.0,21.25,21.35,21.0,21.1,-0.15,249.0
2023-08-01,9944,178030.0,3778228.0,21.25,21.3,21.15,21.15,0.05,86.0
2023-08-02,9944,269619.0,5719058.0,21.3,21.3,21.05,21.15,0.0,154.0
2023-08-04,9944,245132.0,5153789.0,21.15,21.15,20.85,21.1,-0.05,156.0
2023-08-07,9944,230391.0,4815212.0,21.0,21.05,20.8,21.05,-0.05,181.0
2023-08-08,9944,192742.0,4015970.0,20.8,21.0,20.8,20.9,-0.15,142.0
2023-08-09,9944,284167.0,5843729.0,20.3,20.9,20.3,20.85,-0.05,199.0
2023-08-10,9944,438183.0,8935073.0,20.8,20.9,20.1,20.1,-0.75,323.0
2023-08-11,9944,554187.0,10995367.0,20.25,20.3,19.5,19.6,-0.5,570.0
2023-08-14,9944,738610.0,14298428.0,19.4,19.65,19.15,19.5,-0.1,428.0
2023-08-15,9944,257342.0,5045271.0,19.45,19.75,19.4,19.75,0.25,149.0
2023-08-16,9944,215877.0,4227529.0,19.45,19.75,19.45,19.7,-0.05,149.0
2023-08-17,9944,169923.0,3333927.0,19.65,19.75,19.45,19.7,0.0,205.0
2023-08-18,9944,135616.0,2672272.0,19.7,19.75,19.65,19.75,0.05,159.0
2023-08-21,9944,99097.0,1956983.0,19.75,19.85,19.6,19.8,0.05,108.0
2023-08-22,9944,134591.0,2659025.0,19.7,19.9,19.7,19.8,0.0,163.0
2023-08-23,9944,108882.0,2144938.0,19.7,19.85,19.6,19.75,-0.05,158.0
2023-08-24,9944,81427.0,1600394.0,19.7,19.75,19.55,19.7,-0.05,151.0
2023-08-25,9944,107633.0,2115500.0,19.65,19.75,19.6,19.75,0.05,162.0
2023-08-28,9944,110087.0,2158873.0,19.65,19.7,19.5,19.5,-0.25,167.0
2023-08-29,9944,113763.0,2212384.0,19.5,19.55,19.3,19.3,-0.2,335.0
2023-08-30,9944,112616.0,2175770.0,19.3,19.45,19.2,19.4,0.1,273.0
2023-08-31,9944,106900.0,2075845.0,19.4,19.65,19.05,19.6,0.2,274.0
2023-09-01,9944,70188.0,1373176.0,19.5,19.7,19.5,19.65,0.05,111.0
2023-09-04,9944,91140.0,1798341.0,19.65,19.85,19.65,19.75,0.1,80.0
2023-09-05,9944,103857.0,2046434.0,19.7,19.8,19.6,19.7,-0.05,302.0
2023-09-06,9944,110653.0,2181520.0,19.7,19.8,19.65,19.75,0.05,81.0
2023-09-07,9944,147853.0,2923325.0,19.7,19.9,19.7,19.9,0.15,147.0
2023-09-08,9944,109836.0,2172830.0,19.8,19.9,19.6,19.9,0.0,176.0
2023-09-11,9944,109156.0,2155294.0,19.85,19.85,19.6,19.75,-0.15,176.0
2023-09-12,9944,140959.0,2770922.0,19.75,19.75,19.5,19.75,0.0,214.0
2023-09-13,9944,100882.0,1999741.0,19.85,19.85,19.7,19.85,0.1,161.0
2023-09-14,9944,95532.0,1889279.0,19.7,19.85,19.7,19.85,0.0,128.0
2023-09-15,9944,131673.0,2607263.0,19.75,20.0,19.75,19.85,0.0,128.0
2023-09-18,9944,61395.0,1219200.0,19.85,19.9,19.8,19.9,0.05,164.0
2023-09-19,9944,107862.0,2146480.0,19.85,20.0,19.85,19.95,0.05,142.0
2023-09-20,9944,94104.0,1870312.0,19.85,20.0,19.8,19.9,-0.05,102.0
2023-09-21,9944,111315.0,2203536.0,19.75,19.9,19.75,19.9,0.0,178.0
2023-09-22,9944,297367.0,5829411.0,19.6,19.9,19.5,19.5,-0.4,299.0
2023-09-25,9944,192364.0,3761145.0,19.65,19.65,19.5,19.55,0.05,190.0
2023-09-26,9944,141022.0,2744390.0,19.55,19.7,19.3,19.5,-0.05,212.0
2023-09-27,9944,104535.0,2028515.0,19.3,19.5,19.3,19.45,-0.05,135.0
2023-09-28,9944,120751.0,2345622.0,19.45,19.5,19.35,19.45,0.0,110.0
2023-10-02,9944,128519.0,2494169.0,19.45,19.5,19.25,19.45,0.0,147.0
2023-10-03,9944,148252.0,2877146.0,19.45,19.45,19.35,19.45,0.0,133.0
2023-10-04,9944,120378.0,2348751.0,19.55,19.55,19.45,19.45,0.0,114.0
2023-10-05,9944,87396.0,1706466.0,19.45,19.6,19.45,19.6,0.15,97.0
2023-10-06,9944,122547.0,2399237.0,19.5,19.7,19.5,19.7,0.1,156.0
2023-10-11,9944,175541.0,3432490.0,19.65,19.7,19.4,19.7,0.0,257.0
2023-10-12,9944,105667.0,2071941.0,19.6,19.7,19.55,19.65,-0.05,156.0
2023-10-13,9944,194104.0,3788964.0,19.65,19.65,19.4,19.65,0.0,149.0
2023-10-16,9944,115180.0,2247622.0,19.65,19.65,19.4,19.5,-0.15,120.0
2023-10-17,9944,55651.0,1089136.0,19.55,19.65,19.5,19.6,0.1,85.0
2023-10-18,9944,82541.0,1609646.0,19.6,19.6,19.3,19.6,0.0,109.0
2023-10-19,9944,66113.0,1293371.0,19.6,19.6,19.45,19.6,0.0,63.0
2023-10-20,9944,110254.0,2147697.0,19.6,19.6,19.35,19.5,-0.1,151.0
2023-10-23,9944,194639.0,3787156.0,19.5,19.55,19.35,19.45,-0.05,123.0
2023-10-24,9944,87751.0,1712338.0,19.45,19.55,19.4,19.55,0.1,59.0
2023-10-25,9944,90179.0,1763013.0,19.55,19.65,19.45,19.6,0.05,101.0
2023-10-26,9944,106185.0,2073751.0,19.65,19.65,19.35,19.35,-0.25,179.0
2023-10-27,9944,37879.0,738871.0,19.5,19.55,19.5,19.5,0.15,67.0
2023-10-30,9944,47960.0,934583.0,19.5,19.55,19.4,19.5,0.0,75.0
2023-10-31,9944,75848.0,1474751.0,19.5,19.5,19.35,19.4,-0.1,118.0
2023-11-01,9944,121602.0,2354974.0,19.45,19.45,19.3,19.35,-0.05,126.0
2023-11-02,9944,69610.0,1348467.0,19.4,19.45,19.3,19.4,0.05,118.0
2023-11-03,9944,66091.0,1281827.0,19.4,19.45,19.35,19.4,0.0,103.0
2023-11-06,9944,105124.0,2045273.0,19.45,19.5,19.35,19.4,0.0,134.0
2023-11-07,9944,105963.0,2051811.0,19.4,19.45,19.3,19.35,-0.05,193.0
2023-11-08,9944,125771.0,2437977.0,19.35,19.5,19.3,19.4,0.05,130.0
2023-11-09,9944,125703.0,2449151.0,19.4,19.55,19.4,19.45,0.05,79.0
2023-11-10,9944,167787.0,3273096.0,19.45,19.55,19.45,19.55,0.1,97.0
2023-11-13,9944,56632.0,1106473.0,19.55,19.6,19.45,19.45,-0.1,45.0
2023-11-14,9944,92075.0,1790190.0,19.45,19.5,19.4,19.45,0.0,80.0
2023-11-15,9944,113700.0,2221627.0,19.55,19.6,19.5,19.5,0.05,77.0
2023-11-16,9944,175639.0,3430438.0,19.55,19.6,19.5,19.55,0.05,77.0
2023-11-17,9944,92007.0,1801301.0,19.55,19.65,19.55,19.65,0.1,81.0
2023-11-20,9944,97584.0,1911277.0,19.55,19.65,19.55,19.65,0.0,80.0
2023-11-21,9944,402522.0,7917300.0,19.6,19.75,19.55,19.7,0.05,156.0
2023-11-22,9944,139165.0,2743517.0,19.7,19.75,19.7,19.75,0.05,142.0
2023-11-23,9944,129158.0,2537765.0,19.7,19.75,19.6,19.6,-0.15,131.0
2023-11-24,9944,109943.0,2159210.0,19.6,19.75,19.6,19.7,0.1,69.0
2023-11-27,9944,1331093.0,27415793.0,19.75,21.35,19.65,20.55,0.85,772.0
2023-11-28,9944,334330.0,6794901.0,20.4,20.6,20.05,20.25,-0.3,253.0
2023-11-29,9944,282464.0,5807781.0,20.35,20.95,20.35,20.4,0.15,315.0
2023-11-30,9944,230012.0,4715295.0,20.5,20.6,20.4,20.45,0.05,240.0
2023-12-01,9944,215278.0,4433723.0,20.45,20.9,20.4,20.4,-0.05,165.0
2023-12-04,9944,156932.0,3201462.0,20.5,20.55,20.15,20.35,-0.05,171.0
2023-12-05,9944,87229.0,1779935.0,20.45,20.5,20.35,20.35,0.0,80.0
2023-12-06,9944,79503.0,1617730.0,20.35,20.4,20.3,20.4,0.05,115.0
2023-12-07,9944,97089.0,1979412.0,20.35,20.6,20.3,20.35,-0.05,79.0
2023-12-08,9944,152435.0,3094638.0,20.45,20.45,20.15,20.35,0.0,146.0
2023-12-11,9944,166157.0,3348969.0,20.35,20.35,20.05,20.15,-0.2,179.0
2023-12-12,9944,128581.0,2601515.0,20.25,20.3,20.15,20.25,0.1,157.0
2023-12-13,9944,86243.0,1747167.0,20.3,20.3,20.15,20.15,-0.1,145.0
2023-12-14,9944,95907.0,1943550.0,20.35,20.35,20.15,20.15,0.0,149.0
2023-12-15,9944,88289.0,1789265.0,20.4,20.4,20.15,20.2,0.05,67.0
2023-12-18,9944,101683.0,2061137.0,20.35,20.35,20.2,20.2,0.0,121.0
2023-12-19,9944,139790.0,2825790.0,20.25,20.25,20.15,20.15,-0.05,177.0
2023-12-20,9944,76188.0,1539232.0,20.2,20.3,20.15,20.25,0.1,98.0
2023-12-21,9944,130463.0,2644302.0,20.25,20.35,20.2,20.25,0.0,177.0
2023-12-22,9944,111725.0,2261777.0,20.3,20.3,20.15,20.2,-0.05,215.0
2023-12-25,9944,45453.0,919952.0,20.25,20.25,20.15,20.25,0.05,83.0
2023-12-26,9944,67480.0,1366604.0,20.25,20.3,20.2,20.2,-0.05,65.0
2023-12-27,9944,127735.0,2581484.0,20.25,20.3,20.15,20.15,-0.05,164.0
2023-12-28,9944,99436.0,2007785.0,20.2,20.3,20.15,20.15,0.0,127.0
2023-12-29,9944,107549.0,2166550.0,20.15,20.2,20.05,20.2,0.05,161.0
2024-01-02,9944,132686.0,2685810.0,20.2,20.3,20.2,20.25,0.05,150.0
2024-01-03,9944,125198.0,2538954.0,20.25,20.35,20.2,20.2,-0.05,306.0
2024-01-04,9944,88999.0,1800300.0,20.2,20.3,20.2,20.2,0.0,133.0
2024-01-05,9944,123889.0,2507257.0,20.2,20.25,20.2,20.2,0.0,228.0
2024-01-08,9944,62953.0,1273307.0,20.2,20.3,20.2,20.2,0.0,198.0
2024-01-09,9944,131618.0,2676115.0,20.2,20.45,20.2,20.2,0.0,149.0
2024-01-10,9944,97200.0,1961849.0,20.2,20.25,20.05,20.1,-0.1,244.0
2024-01-11,9944,65265.0,1314717.0,20.15,20.2,20.05,20.1,0.0,99.0
2024-01-12,9944,55619.0,1119710.0,20.15,20.2,20.05,20.15,0.05,113.0
2024-01-15,9944,69455.0,1400142.0,20.15,20.3,20.1,20.1,-0.05,97.0
2024-01-16,9944,135601.0,2714947.0,20.1,20.1,19.9,20.1,0.0,308.0
2024-01-17,9944,116419.0,2325292.0,20.05,20.15,19.85,20.0,-0.1,228.0
2024-01-18,9944,83287.0,1661334.0,20.05,20.05,19.8,20.0,0.0,76.0
2024-01-19,9944,83691.0,1673858.0,20.05,20.05,19.9,20.05,0.05,155.0
2024-01-22,9944,87236.0,1752824.0,20.2,20.2,20.0,20.15,0.1,52.0
2024-01-23,9944,117732.0,2378347.0,20.15,20.3,20.15,20.25,0.1,88.0
2024-01-24,9944,311374.0,6307842.0,20.25,20.35,20.2,20.35,0.1,145.0
2024-01-25,9944,117796.0,2393362.0,20.3,20.45,20.25,20.4,0.05,106.0
2024-01-26,9944,138488.0,2818658.0,20.35,20.45,20.3,20.4,0.0,145.0
2024-01-29,9944,89097.0,1814073.0,20.35,20.4,20.3,20.4,0.0,141.0
2024-01-30,9944,73562.0,1496449.0,20.35,20.4,20.3,20.35,-0.05,134.0
2024-01-31,9944,115690.0,2343602.0,20.3,20.4,20.1,20.1,-0.25,213.0
2024-02-01,9944,71359.0,1438850.0,20.15,20.25,20.1,20.2,0.1,178.0
2024-02-02,9944,60495.0,1222941.0,20.2,20.3,20.15,20.25,0.05,98.0
2024-02-05,9944,84890.0,1711390.0,20.2,20.25,20.05,20.2,-0.05,152.0
2024-02-15,9944,70289.0,1420969.0,20.2,20.25,20.2,20.25,0.05,175.0
2024-02-16,9944,86484.0,1750279.0,20.2,20.35,20.15,20.3,0.05,176.0
2024-02-19,9944,109484.0,2228815.0,20.3,20.45,20.3,20.45,0.15,133.0
2024-02-20,9944,90798.0,1850896.0,20.4,20.4,20.3,20.4,-0.05,128.0
2024-02-21,9944,166578.0,3400502.0,20.4,20.5,20.35,20.4,0.0,188.0
2024-02-22,9944,68406.0,1392439.0,20.35,20.4,20.3,20.4,0.0,148.0
2024-02-23,9944,124049.0,2529218.0,20.4,20.45,20.35,20.45,0.05,147.0
2024-02-26,9944,95648.0,1953037.0,20.4,20.45,20.35,20.45,0.0,178.0
2024-02-27,9944,142064.0,2875687.0,20.15,20.35,20.15,20.25,-0.2,293.0
2024-02-29,9944,116918.0,2364180.0,20.25,20.25,20.15,20.25,0.0,219.0
2024-03-01,9944,61169.0,1237227.0,20.2,20.3,20.2,20.3,0.05,87.0
2024-03-04,9944,67306.0,1361217.0,20.15,20.35,20.15,20.25,-0.05,178.0
2024-03-05,9944,97196.0,1965617.0,20.2,20.3,20.15,20.3,0.05,171.0
2024-03-06,9944,110784.0,2244408.0,20.2,20.4,20.2,20.35,0.05,158.0
2024-03-07,9944,100794.0,2038833.0,20.2,20.3,20.2,20.25,-0.1,133.0
2024-03-08,9944,122203.0,2464582.0,20.2,20.2,20.05,20.15,-0.1,207.0
2024-03-11,9944,80025.0,1616305.0,20.2,20.3,20.1,20.1,-0.05,101.0
2024-03-12,9944,253580.0,5107071.0,20.05,20.25,20.0,20.15,0.05,157.0
2024-03-13,9944,194970.0,3905122.0,20.15,20.2,19.9,19.95,-0.2,315.0
2024-03-14,9944,102700.0,2053048.0,19.95,20.1,19.9,20.0,0.05,184.0
2024-03-15,9944,90143.0,1797484.0,19.9,20.05,19.9,20.0,0.0,146.0
2024-03-18,9944,117734.0,2355069.0,20.0,20.1,19.9,20.1,0.1,217.0
2024-03-19,9944,96527.0,1935443.0,20.1,20.15,19.95,20.05,-0.05,93.0
2024-03-20,9944,79265.0,1586551.0,20.05,20.05,19.95,20.0,-0.05,90.0
2024-03-21,9944,106366.0,2134433.0,20.1,20.1,20.0,20.0,0.0,70.0
2024-03-22,9944,153230.0,3070965.0,20.1,20.15,20.0,20.05,0.05,108.0
2024-03-25,9944,107207.0,2146491.0,20.0,20.1,19.95,20.05,0.0,109.0
2024-03-26,9944,130425.0,2609560.0,20.05,20.05,19.95,20.05,0.0,129.0
2024-03-27,9944,158149.0,3181520.0,20.05,20.2,20.05,20.15,0.1,110.0
2024-03-28,9944,123754.0,2486912.0,20.05,20.2,20.05,20.1,-0.05,98.0
2024-03-29,9944,82607.0,1658987.0,20.05,20.15,20.05,20.15,0.05,96.0
2024-04-01,9944,321335.0,6529054.0,20.3,20.4,20.2,20.4,0.25,178.0
2024-04-02,9944,219486.0,4455629.0,20.25,20.4,20.25,20.35,-0.05,148.0
2024-04-03,9944,463608.0,9407085.0,20.2,20.5,20.2,20.45,0.1,118.0
2024-04-08,9944,632072.0,12983190.0,20.4,20.7,20.4,20.7,0.25,229.0
2024-04-09,9944,875400.0,18234986.0,20.7,21.0,20.7,21.0,0.3,350.0
2024-04-10,9944,1217333.0,26275957.0,21.5,21.9,21.45,21.65,0.65,489.0
2024-04-11,9944,606823.0,13091683.0,21.65,21.65,21.35,21.35,-0.3,269.0
2024-04-12,9944,550654.0,11726975.0,21.35,21.35,21.1,21.3,-0.05,183.0
2024-04-15,9944,342528.0,7269731.0,21.2,21.45,21.1,21.35,0.05,201.0
2024-04-16,9944,526752.0,11097936.0,21.2,21.25,20.75,20.75,-0.6,257.0
2024-04-17,9944,348972.0,7223947.0,20.65,20.95,20.65,20.85,0.1,130.0
2024-04-18,9944,360809.0,7526940.0,20.85,21.0,20.75,20.9,0.05,155.0
2024-04-19,9944,339214.0,7044586.0,20.8,20.9,20.6,20.7,-0.2,295.0
2024-04-22,9944,260776.0,5401957.0,20.7,20.8,20.65,20.75,0.05,101.0
2024-04-23,9944,254879.0,5279428.0,20.7,20.8,20.65,20.8,0.05,143.0
2024-04-24,9944,277075.0,5739334.0,20.7,20.8,20.7,20.7,-0.1,142.0
2024-04-25,9944,489310.0,10245828.0,20.8,21.2,20.8,21.15,0.45,210.0
2024-04-26,9944,338172.0,7129101.0,21.1,21.25,20.9,21.2,0.05,155.0
2024-04-29,9944,350288.0,7392569.0,21.1,21.2,21.05,21.05,-0.15,196.0
2024-04-30,9944,365656.0,7658539.0,20.95,21.05,20.75,20.95,-0.1,182.0
2024-05-02,9944,348651.0,7308377.0,20.95,21.05,20.9,20.95,0.0,147.0
2024-05-03,9944,335798.0,7035459.0,20.9,21.2,20.9,20.95,0.0,189.0
2024-05-06,9944,308720.0,6467822.0,20.95,21.0,20.9,20.95,0.0,216.0
2024-05-07,9944,281926.0,5901395.0,20.95,21.0,20.85,20.9,-0.05,172.0
2024-05-08,9944,387721.0,8052814.0,20.7,21.0,20.65,20.95,0.05,215.0
2024-05-09,9944,3011943.0,69274689.0,23.0,23.0,23.0,23.0,2.05,860.0
2024-05-10,9944,3192141.0,69346883.0,22.8,22.8,21.15,21.15,-1.85,2094.0
2024-05-13,9944,1017075.0,21658756.0,21.15,22.0,20.85,21.55,0.4,538.0
2024-05-14,9944,1649679.0,36766990.0,22.05,22.6,21.9,22.25,0.7,760.0
2024-05-15,9944,1498537.0,33893008.0,22.35,23.05,22.15,22.9,0.65,770.0
2024-05-16,9944,1499210.0,34875927.0,23.05,23.5,23.05,23.35,0.45,751.0
2024-05-17,9944,767453.0,17858023.0,23.15,23.45,23.1,23.25,-0.1,441.0
2024-05-20,9944,1214101.0,28281090.0,23.25,23.5,23.05,23.4,0.15,510.0
2024-05-21,9944,923735.0,21840398.0,23.6,23.95,23.4,23.4,0.0,447.0
2024-05-22,9944,709066.0,16638076.0,23.5,23.7,23.3,23.55,0.15,408.0
2024-05-23,9944,856869.0,19742184.0,23.4,23.4,22.7,23.0,-0.55,463.0
2024-05-24,9944,473429.0,10781754.0,22.8,23.0,22.45,23.0,0.0,239.0
2024-05-27,9944,691797.0,15773094.0,22.95,23.0,22.6,22.75,-0.25,286.0
2024-05-28,9944,380331.0,8691437.0,22.65,23.1,22.65,23.05,0.3,196.0
2024-05-29,9944,326111.0,7510762.0,23.1,23.2,22.9,23.0,-0.05,164.0
2024-05-30,9944,347256.0,7911628.0,22.75,23.0,22.7,22.8,-0.2,159.0
2024-05-31,9944,606025.0,14001217.0,23.0,23.3,22.75,23.15,0.35,238.0
2024-06-03,9944,515523.0,11960940.0,23.2,23.35,23.1,23.25,0.1,234.0
2024-06-04,9944,368363.0,8539871.0,23.2,23.3,23.1,23.1,-0.15,191.0
2024-06-05,9944,325037.0,7479717.0,23.1,23.1,22.9,22.9,-0.2,185.0
2024-06-06,9944,438397.0,10034215.0,22.95,23.1,22.7,22.9,0.0,163.0
2024-06-07,9944,473124.0,10917974.0,22.9,23.25,22.9,23.15,0.25,174.0
2024-06-11,9944,584013.0,13364718.0,23.15,23.15,22.55,22.55,-0.6,320.0
2024-06-12,9944,690190.0,15519850.0,22.65,22.9,22.15,22.9,0.35,279.0
2024-06-13,9944,325674.0,7366969.0,22.75,22.75,22.3,22.5,-0.4,174.0
2024-06-14,9944,183953.0,4147695.0,22.45,22.7,22.45,22.6,0.1,122.0
2024-06-17,9944,219320.0,4934785.0,22.6,22.65,22.3,22.45,-0.15,130.0
2024-06-18,9944,202834.0,4547774.0,22.45,22.6,22.3,22.4,-0.05,101.0
2024-06-19,9944,274217.0,6173589.0,22.35,22.7,22.35,22.65,0.25,122.0
2024-06-20,9944,191726.0,4323571.0,22.5,22.75,22.5,22.65,0.0,149.0
2024-06-21,9944,212956.0,4780051.0,22.4,22.55,22.4,22.55,-0.1,135.0
2024-06-24,9944,436258.0,9816616.0,22.45,22.65,22.35,22.65,0.1,231.0
2024-06-25,9944,188764.0,4185549.0,22.25,22.25,21.95,22.25,0.0,108.0
2024-06-26,9944,414694.0,9292243.0,22.85,22.85,22.2,22.4,0.15,150.0
2024-06-27,9944,187186.0,4199629.0,22.5,22.5,22.3,22.35,-0.05,110.0
2024-06-28,9944,126757.0,2831472.0,22.35,22.5,22.2,22.2,-0.15,72.0
2024-07-01,9944,180760.0,4029981.0,22.2,22.5,22.2,22.3,0.1,104.0
2024-07-02,9944,156408.0,3512456.0,22.6,22.6,22.3,22.45,0.15,99.0
2024-07-03,9944,227362.0,5110499.0,22.45,22.55,22.4,22.55,0.1,100.0
2024-07-04,9944,325392.0,7346561.0,22.5,22.8,22.45,22.55,0.0,166.0
2024-07-05,9944,231963.0,5230205.0,22.55,22.8,22.45,22.65,0.1,141.0
2024-07-08,9944,396972.0,9024591.0,22.5,23.05,22.45,22.9,0.25,235.0
2024-07-09,9944,296060.0,6663918.0,22.75,22.75,22.35,22.4,-0.5,205.0
2024-07-10,9944,317098.0,7156182.0,22.5,22.75,22.4,22.7,0.3,170.0
2024-07-11,9944,490703.0,11167086.0,22.7,23.1,22.3,22.95,0.25,246.0
2024-07-12,9944,557442.0,12883157.0,22.95,23.35,22.8,23.1,0.15,305.0
2024-07-15,9944,238115.0,5483317.0,23.1,23.1,22.8,23.05,-0.05,193.0
2024-07-16,9944,237386.0,5468950.0,23.05,23.2,22.95,23.05,0.0,140.0
2024-07-17,9944,231540.0,5298066.0,22.8,23.1,22.7,22.95,-0.1,160.0
2024-07-18,9944,161371.0,3677328.0,22.8,22.95,22.6,22.8,-0.15,105.0
2024-07-19,9944,197142.0,4485053.0,22.95,22.95,22.6,22.65,-0.15,111.0
2024-07-22,9944,238688.0,5432272.0,22.95,23.0,22.35,22.85,0.2,138.0
2024-07-23,9944,100447.0,2287591.0,22.75,22.95,22.7,22.85,0.0,66.0
2024-07-26,9944,264489.0,5962457.0,22.4,22.85,22.4,22.85,0.0,146.0
2024-07-29,9944,438775.0,10159410.0,23.0,23.35,23.0,23.1,0.25,227.0
2024-07-30,9944,784921.0,18408491.0,23.2,23.75,23.1,23.65,0.55,389.0
2024-07-31,9944,605707.0,14399941.0,23.75,24.05,23.5,23.7,0.05,441.0
2024-08-01,9944,653612.0,15536908.0,23.7,23.9,23.5,23.8,0.1,417.0
2024-08-02,9944,265826.0,6295945.0,23.5,23.85,23.5,23.65,-0.15,233.0
2024-08-05,9944,855616.0,18716230.0,23.2,23.2,21.3,21.6,-2.05,485.0
2024-08-06,9944,417049.0,8964582.0,22.0,22.1,20.75,21.85,0.25,307.0
2024-08-07,9944,376570.0,8416895.0,21.4,22.95,21.4,22.55,0.7,261.0
2024-08-08,9944,1839830.0,38277174.0,21.1,21.15,20.4,20.9,-1.65,1039.0
2024-08-09,9944,799900.0,16613356.0,20.8,20.9,20.6,20.7,-0.2,460.0
2024-08-12,9944,414526.0,8532678.0,20.5,20.85,20.35,20.6,-0.1,388.0
2024-08-13,9944,427760.0,8846751.0,20.55,20.9,20.45,20.65,0.05,247.0
2024-08-14,9944,447982.0,9327179.0,20.8,21.0,20.6,20.95,0.3,267.0
2024-08-15,9944,663009.0,13643988.0,20.65,20.9,20.45,20.45,-0.5,784.0
2024-08-16,9944,274818.0,5648387.0,20.45,20.65,20.45,20.6,0.15,352.0
2024-08-19,9944,144472.0,2985786.0,20.6,20.8,20.5,20.6,0.0,124.0
2024-08-20,9944,150559.0,3117092.0,20.7,20.75,20.65,20.75,0.15,124.0
2024-08-21,9944,327566.0,6734826.0,20.6,20.75,20.15,20.55,-0.2,317.0
2024-08-22,9944,111594.0,2306519.0,20.6,20.75,20.55,20.7,0.15,213.0
2024-08-23,9944,223003.0,4632446.0,20.55,20.95,20.55,20.85,0.15,155.0
2024-08-26,9944,78136.0,1621682.0,20.7,20.9,20.65,20.75,-0.1,85.0
2024-08-27,9944,107653.0,2237089.0,20.65,20.9,20.65,20.8,0.05,70.0
2024-08-28,9944,102121.0,2121990.0,20.8,20.85,20.7,20.8,0.0,97.0
2024-08-29,9944,159162.0,3290093.0,20.75,20.75,20.6,20.6,-0.2,152.0
2024-08-30,9944,159223.0,3293042.0,20.6,20.8,20.6,20.7,0.1,163.0
2024-09-02,9944,190801.0,3935811.0,20.7,20.7,20.55,20.65,-0.05,195.0
2024-09-03,9944,257542.0,5320532.0,20.7,20.8,20.5,20.5,-0.15,232.0
2024-09-04,9944,381831.0,7730693.0,20.35,20.55,19.85,19.95,-0.55,724.0
2024-09-05,9944,206354.0,4140639.0,20.1,20.15,19.95,19.95,0.0,447.0
2024-09-06,9944,211790.0,4222884.0,20.15,20.15,19.7,19.95,0.0,321.0
2024-09-09,9944,164186.0,3246284.0,19.6,20.05,19.6,19.9,-0.05,188.0
2024-09-10,9944,151238.0,3036897.0,20.1,20.25,19.95,20.05,0.15,168.0
2024-09-11,9944,93034.0,1856301.0,19.9,20.1,19.9,19.95,-0.1,140.0
2024-09-12,9944,65149.0,1304344.0,20.0,20.1,19.95,20.1,0.15,78.0
2024-09-13,9944,90559.0,1827086.0,20.2,20.2,20.1,20.1,0.0,123.0
2024-09-16,9944,125906.0,2541142.0,20.05,20.35,20.05,20.2,0.1,180.0
2024-09-18,9944,114355.0,2312508.0,20.2,20.25,20.15,20.2,0.0,213.0
2024-09-19,9944,191192.0,3850114.0,20.05,20.3,20.05,20.2,0.0,271.0
2024-09-20,9944,127455.0,2573894.0,20.1,20.3,20.1,20.25,0.05,215.0
2024-09-23,9944,106642.0,2159897.0,20.25,20.3,20.2,20.2,-0.05,240.0
2024-09-24,9944,85123.0,1723015.0,20.25,20.3,20.15,20.2,0.0,155.0
2024-09-25,9944,115923.0,2344259.0,20.15,20.35,20.15,20.3,0.1,211.0
2024-09-26,9944,97027.0,1965157.0,20.2,20.35,20.2,20.25,-0.05,235.0
2024-09-27,9944,145941.0,2961925.0,20.25,20.4,20.25,20.3,0.05,189.0
2024-09-30,9944,165109.0,3357655.0,20.2,20.5,20.15,20.4,0.1,132.0
2024-10-01,9944,111246.0,2272947.0,20.4,20.5,20.35,20.5,0.1,110.0
2024-10-04,9944,115018.0,2361735.0,20.5,20.6,20.4,20.6,0.1,141.0
2024-10-07,9944,111303.0,2288718.0,20.5,20.65,20.5,20.65,0.05,116.0
2024-10-08,9944,147160.0,3034515.0,20.7,20.7,20.5,20.55,-0.1,157.0
2024-10-09,9944,128238.0,2629736.0,20.5,20.6,20.4,20.55,0.0,264.0
2024-10-11,9944,121287.0,2488553.0,20.55,20.55,20.4,20.55,0.0,206.0
2024-10-14,9944,99404.0,2047918.0,20.6,20.65,20.55,20.65,0.1,61.0
2024-10-15,9944,108640.0,2234543.0,20.6,20.6,20.5,20.55,-0.1,141.0
2024-10-16,9944,128990.0,2639297.0,20.45,20.6,20.35,20.55,0.0,149.0
2024-10-17,9944,82263.0,1697745.0,20.65,20.7,20.5,20.5,-0.05,60.0
2024-10-18,9944,87085.0,1786070.0,20.45,20.65,20.45,20.65,0.15,122.0
2024-10-21,9944,124879.0,2571674.0,20.6,20.65,20.5,20.65,0.0,110.0
2024-10-22,9944,151513.0,3107191.0,20.5,20.65,20.4,20.65,0.0,171.0
2024-10-23,9944,166332.0,3433044.0,20.6,20.75,20.55,20.55,-0.1,83.0
2024-10-24,9944,146218.0,2997492.0,20.5,20.6,20.35,20.35,-0.2,190.0
2024-10-25,9944,131125.0,2695686.0,20.55,20.65,20.4,20.65,0.3,77.0
2024-10-28,9944,85170.0,1756428.0,20.65,20.65,20.5,20.5,-0.15,82.0
2024-10-29,9944,117537.0,2415215.0,20.6,20.6,20.45,20.5,0.0,77.0
2024-10-30,9944,93540.0,1924189.0,20.6,20.6,20.5,20.55,0.05,81.0
2024-11-01,9944,112260.0,2303474.0,20.5,20.65,20.4,20.65,0.1,94.0
2024-11-04,9944,120019.0,2477974.0,20.6,20.7,20.5,20.7,0.05,67.0
2024-11-05,9944,136217.0,2816687.0,20.6,20.8,20.6,20.65,-0.05,57.0
2024-11-06,9944,113169.0,2348131.0,20.8,20.8,20.65,20.65,0.0,64.0
2024-11-07,9944,121143.0,2495303.0,20.6,20.65,20.5,20.65,0.0,71.0
2024-11-08,9944,124290.0,2566122.0,20.6,20.7,20.6,20.7,0.05,36.0
2024-11-11,9944,104324.0,2156747.0,20.7,20.7,20.55,20.65,-0.05,63.0
2024-11-12,9944,118252.0,2429417.0,20.5,20.65,20.45,20.6,-0.05,96.0
2024-11-13,9944,105825.0,2174964.0,20.55,20.65,20.4,20.65,0.05,90.0
2024-11-14,9944,354030.0,7202894.0,20.4,20.6,20.1,20.45,-0.2,415.0
2024-11-15,9944,118612.0,2412233.0,20.4,20.4,20.25,20.3,-0.15,191.0
2024-11-18,9944,94714.0,1923058.0,20.3,20.4,20.25,20.35,0.05,95.0
2024-11-19,9944,148815.0,3020142.0,20.3,20.4,20.1,20.35,0.0,253.0
2024-11-20,9944,94439.0,1924367.0,20.4,20.4,20.25,20.4,0.05,58.0
2024-11-21,9944,67031.0,1367282.0,20.4,20.4,20.35,20.4,0.0,72.0
2024-11-22,9944,88662.0,1807446.0,20.4,20.45,20.3,20.4,0.0,91.0
2024-11-25,9944,96690.0,1975980.0,20.45,20.45,20.35,20.45,0.05,155.0
2024-11-26,9944,246240.0,5055226.0,20.4,20.8,20.3,20.45,0.0,81.0
2024-11-27,9944,82360.0,1705942.0,20.85,20.85,20.3,20.55,0.1,78.0
2024-11-28,9944,97134.0,1986424.0,20.45,20.6,20.35,20.4,-0.15,129.0
2024-11-29,9944,72234.0,1472846.0,20.35,20.55,20.35,20.5,0.1,53.0
2024-12-02,9944,101871.0,2103575.0,20.75,20.75,20.4,20.6,0.1,60.0
2024-12-03,9944,98391.0,2062011.0,21.15,21.15,20.55,20.55,-0.05,79.0
2024-12-04,9944,86510.0,1781577.0,20.6,20.65,20.5,20.5,-0.05,98.0
2024-12-05,9944,82058.0,1691861.0,20.6,20.95,20.5,20.5,0.0,68.0
2024-12-06,9944,95774.0,1969841.0,20.6,20.6,20.5,20.6,0.1,68.0
2024-12-09,9944,119641.0,2452975.0,20.55,20.6,20.35,20.45,-0.15,104.0
2024-12-10,9944,428864.0,8688073.0,20.45,20.55,19.95,20.3,-0.15,295.0
2024-12-11,9944,112235.0,2282034.0,20.35,20.45,20.15,20.15,-0.15,72.0
2024-12-12,9944,127599.0,2573845.0,20.15,20.3,20.1,20.2,0.05,79.0
2024-12-13,9944,296332.0,5977247.0,20.1,20.5,19.95,20.2,0.0,133.0
2024-12-16,9944,237525.0,4761733.0,20.1,20.15,19.8,20.05,-0.15,218.0
2024-12-17,9944,264165.0,5246086.0,19.9,20.1,19.5,19.95,-0.1,252.0
2024-12-18,9944,187500.0,3754429.0,20.05,20.05,19.8,19.95,0.0,88.0
2024-12-19,9944,205403.0,4087468.0,19.95,19.95,19.7,19.95,0.0,195.0
2024-12-20,9944,248576.0,4966065.0,20.0,20.05,19.7,19.95,0.0,128.0
2024-12-23,9944,182117.0,3640861.0,20.0,20.05,19.8,20.05,0.1,79.0
2024-12-24,9944,226987.0,4553099.0,19.95,20.75,19.95,20.3,0.25,134.0
2024-12-25,9944,205214.0,4136818.0,20.3,20.55,20.0,20.0,-0.3,245.0
2024-12-26,9944,134811.0,2741510.0,20.1,20.5,20.1,20.35,0.35,161.0
2024-12-27,9944,197219.0,3976303.0,20.4,20.5,19.95,20.0,-0.35,278.0
2024-12-30,9944,84768.0,1695273.0,19.95,20.15,19.9,20.15,0.15,161.0
2024-12-31,9944,115881.0,2329626.0,20.05,20.3,19.95,20.3,0.15,134.0
2025-01-02,9944,158098.0,3219166.0,20.75,20.75,20.0,20.0,-0.3,134.0
2025-01-03,9944,85140.0,1710564.0,20.2,20.2,19.95,20.15,0.15,72.0
2025-01-06,9944,82190.0,1656712.0,20.15,20.3,20.0,20.3,0.15,97.0
2025-01-07,9944,93411.0,1894442.0,20.3,20.35,20.05,20.3,0.0,111.0
2025-01-08,9944,77805.0,1583843.0,20.4,20.4,20.25,20.3,0.0,61.0
2025-01-09,9944,113548.0,2304470.0,20.3,20.45,20.15,20.4,0.1,113.0
2025-01-10,9944,112922.0,2299149.0,20.4,20.5,20.0,20.5,0.1,74.0
2025-01-13,9944,68835.0,1395945.0,20.5,20.55,20.0,20.15,-0.35,79.0
2025-01-14,9944,80810.0,1642743.0,20.25,20.55,20.2,20.4,0.25,81.0
2025-01-15,9944,61837.0,1269083.0,20.6,20.65,20.25,20.25,-0.15,82.0
2025-01-16,9944,81017.0,1656469.0,20.45,20.65,20.35,20.45,0.2,87.0
2025-01-17,9944,91396.0,1869382.0,20.45,20.5,20.35,20.45,0.0,82.0
2025-01-20,9944,97678.0,2005783.0,20.6,20.6,20.4,20.5,0.05,70.0
2025-01-21,9944,418191.0,8447123.0,20.5,20.65,19.85,20.0,-0.5,312.0
2025-01-22,9944,227403.0,4561040.0,20.05,20.2,19.95,20.15,0.15,174.0
2025-02-03,9944,112256.0,2260477.0,20.15,20.2,20.0,20.1,-0.05,80.0
2025-02-04,9944,54904.0,1108970.0,20.2,20.25,20.1,20.25,0.15,45.0
2025-02-05,9944,75410.0,1522375.0,20.2,20.25,20.05,20.2,-0.05,60.0
2025-02-06,9944,73919.0,1495293.0,20.2,20.35,20.2,20.35,0.15,90.0
2025-02-07,9944,76575.0,1558722.0,20.35,20.4,20.35,20.4,0.05,69.0
2025-02-10,9944,85999.0,1755414.0,20.4,20.45,20.3,20.45,0.05,102.0
2025-02-11,9944,79785.0,1631700.0,20.45,20.55,20.3,20.3,-0.15,74.0
2025-02-12,9944,66403.0,1354852.0,20.4,20.5,20.3,20.45,0.15,79.0
2025-02-13,9944,119511.0,2447220.0,20.45,20.55,20.35,20.5,0.05,124.0
2025-02-14,9944,437334.0,8834810.0,20.6,20.6,20.0,20.3,-0.2,547.0
2025-02-17,9944,84276.0,1712653.0,20.35,20.35,20.2,20.3,0.0,96.0
2025-02-18,9944,66168.0,1343862.0,20.35,20.35,20.2,20.25,-0.05,52.0
2025-02-19,9944,45553.0,927105.0,20.35,20.35,20.3,20.35,0.1,42.0
2025-02-20,9944,65402.0,1328384.0,20.35,20.35,20.1,20.25,-0.1,82.0
2025-02-21,9944,58822.0,1195926.0,20.35,20.35,20.25,20.3,0.05,70.0
2025-02-24,9944,62425.0,1269092.0,20.35,20.35,20.3,20.3,0.0,90.0
2025-02-25,9944,84369.0,1715611.0,20.35,20.35,20.25,20.35,0.05,142.0
2025-02-26,9944,61803.0,1259110.0,20.4,20.4,20.25,20.35,0.0,105.0
2025-02-27,9944,59221.0,1205202.0,20.4,20.4,20.2,20.3,-0.05,140.0
2025-03-03,9944,55098.0,1120133.0,20.35,20.35,20.2,20.35,0.05,75.0
2025-03-04,9944,53244.0,1080554.0,20.3,20.35,20.15,20.3,-0.05,79.0
2025-03-05,9944,77858.0,1568590.0,20.1,20.3,20.1,20.3,0.0,87.0
2025-03-06,9944,46169.0,936912.0,20.3,20.3,20.25,20.3,0.0,66.0
2025-03-07,9944,48469.0,984728.0,20.35,20.35,20.2,20.3,0.0,47.0
2025-03-10,9944,69592.0,1406927.0,20.3,20.3,20.05,20.1,-0.2,189.0
2025-03-11,9944,66058.0,1330510.0,20.2,20.2,20.0,20.1,0.0,130.0
2025-03-12,9944,116866.0,2344689.0,20.15,20.15,19.95,20.1,0.0,161.0
2025-03-13,9944,78617.0,1577633.0,20.15,20.15,19.9,20.0,-0.1,103.0
2025-03-14,9944,80194.0,1604693.0,20.0,20.1,19.95,20.1,0.1,139.0
2025-03-17,9944,89312.0,1789913.0,20.1,20.1,19.9,20.05,-0.05,145.0
2025-03-18,9944,104424.0,2090530.0,20.05,20.1,19.9,20.05,0.0,171.0
2025-03-19,9944,109856.0,2193217.0,20.1,20.1,19.85,19.9,-0.15,192.0
2025-03-20,9944,152942.0,3045304.0,19.85,20.15,19.8,19.9,0.0,176.0
2025-03-21,9944,82356.0,1636950.0,19.95,19.95,19.75,19.85,-0.05,180.0
2025-03-24,9944,79607.0,1578044.0,19.9,19.9,19.7,19.7,-0.15,150.0
2025-03-25,9944,154835.0,3046426.0,19.8,19.8,19.5,19.6,-0.1,205.0
2025-03-26,9944,60641.0,1188216.0,19.6,19.65,19.5,19.6,0.0,135.0
2025-03-27,9944,73378.0,1437255.0,19.6,19.6,19.5,19.55,-0.05,283.0
2025-03-28,9944,188122.0,3652255.0,19.65,19.65,19.1,19.25,-0.3,898.0
2025-03-31,9944,138356.0,2616260.0,19.25,19.25,18.55,18.7,-0.55,563.0
2025-04-01,9944,46783.0,901937.0,19.5,19.5,18.8,19.0,0.3,170.0
2025-04-02,9944,58901.0,1123846.0,19.1,19.15,18.9,19.15,0.15,142.0
2025-04-07,9944,203413.0,3519818.0,17.25,18.8,17.25,17.25,-1.9,351.0
2025-04-08,9944,234672.0,3847302.0,18.1,18.1,16.05,16.3,-0.95,296.0
2025-04-09,9944,181218.0,2742733.0,16.0,16.4,14.7,14.7,-1.6,394.0
2025-04-10,9944,422433.0,6521399.0,16.15,16.15,14.8,15.9,1.2,438.0
2025-04-11,9944,192129.0,3007842.0,15.8,15.9,15.35,15.9,0.0,204.0
2025-04-14,9944,76929.0,1227927.0,15.9,16.05,15.9,15.95,0.05,155.0
2025-04-15,9944,136874.0,2186901.0,15.95,16.1,15.9,16.0,0.05,179.0
2025-04-16,9944,68175.0,1087637.0,16.0,16.0,15.8,15.8,-0.2,210.0
2025-04-17,9944,107939.0,1719896.0,15.8,16.2,15.7,15.85,0.05,134.0
2025-04-18,9944,67117.0,1066866.0,15.75,16.0,15.75,16.0,0.15,163.0
2025-04-21,9944,66840.0,1064140.0,16.0,16.0,15.75,16.0,0.0,124.0
2025-04-22,9944,34292.0,545524.0,15.95,16.0,15.8,16.0,0.0,108.0
2025-04-23,9944,52270.0,837267.0,16.0,16.1,15.9,16.1,0.1,81.0
2025-04-24,9944,54939.0,879079.0,16.0,16.0,15.9,16.0,-0.1,113.0
2025-04-25,9944,73290.0,1175232.0,16.0,16.15,16.0,16.15,0.15,209.0
2025-04-28,9944,68561.0,1111797.0,16.15,16.35,16.15,16.25,0.1,146.0
2025-04-29,9944,68508.0,1121770.0,16.35,16.45,16.35,16.45,0.2,96.0
2025-04-30,9944,92687.0,1538868.0,16.4,17.0,16.35,16.8,0.35,123.0
2025-05-02,9944,103856.0,1747061.0,16.85,16.9,16.7,16.9,0.1,217.0
2025-05-05,9944,104131.0,1756030.0,16.9,16.95,16.65,16.8,-0.1,220.0
2025-05-06,9944,66722.0,1122383.0,16.8,16.9,16.8,16.8,0.0,116.0
2025-05-07,9944,66598.0,1116089.0,16.8,16.8,16.65,16.8,0.0,163.0
2025-05-08,9944,53080.0,890589.0,16.8,16.85,16.65,16.8,0.0,122.0
2025-05-09,9944,63091.0,1054121.0,16.65,16.85,16.6,16.85,0.05,105.0
2025-05-12,9944,54920.0,926574.0,16.85,16.95,16.8,16.95,0.1,140.0
2025-05-13,9944,65127.0,1100768.0,16.95,16.95,16.75,16.95,0.0,159.0
2025-05-14,9944,73277.0,1236092.0,16.9,16.95,16.8,16.95,0.0,184.0
2025-05-15,9944,111475.0,1894138.0,16.95,17.15,16.9,17.05,0.1,113.0
2025-05-16,9944,107333.0,1828897.0,16.95,17.15,16.85,17.15,0.1,224.0
2025-05-19,9944,250178.0,4335663.0,17.15,17.5,17.1,17.2,0.05,179.0
2025-05-20,9944,85391.0,1461495.0,17.15,17.25,17.05,17.1,-0.1,109.0
2025-05-21,9944,64248.0,1103852.0,17.15,17.25,17.05,17.15,0.05,78.0
2025-05-22,9944,81313.0,1395992.0,17.15,17.3,17.1,17.1,-0.05,86.0
2025-05-23,9944,54190.0,938105.0,17.4,17.4,17.1,17.25,0.15,104.0
2025-05-26,9944,64429.0,1109003.0,17.2,17.25,17.2,17.2,-0.05,122.0
2025-05-27,9944,54278.0,934960.0,17.25,17.3,17.15,17.25,0.05,75.0
2025-05-28,9944,62141.0,1073478.0,17.35,17.35,17.1,17.3,0.05,66.0
2025-05-29,9944,57332.0,994738.0,17.4,17.4,17.15,17.4,0.1,116.0
2025-06-02,9944,44265.0,760401.0,17.4,17.4,17.0,17.0,-0.4,122.0
2025-06-03,9944,22392.0,382784.0,17.3,17.3,16.95,17.1,0.1,60.0
2025-06-04,9944,20408.0,348259.0,17.1,17.2,16.95,16.95,-0.15,48.0
2025-06-05,9944,22723.0,384267.0,17.0,17.0,16.65,16.9,-0.05,94.0
2025-06-06,9944,21313.0,361298.0,16.75,17.05,16.75,17.0,0.1,45.0
2025-06-09,9944,1647.0,28282.0,17.05,17.05,17.05,17.05,0.05,15.0
2025-06-10,9944,29810.0,510477.0,17.15,17.25,16.9,16.9,-0.15,83.0
2025-06-11,9944,8489.0,144422.0,16.9,17.1,16.9,17.1,0.2,15.0
2025-06-12,9944,6823.0,116093.0,17.0,17.05,16.95,17.05,-0.05,37.0
2025-06-13,9944,23462.0,398344.0,17.2,17.2,16.9,16.95,-0.1,53.0
2025-06-16,9944,8778.0,148576.0,16.85,17.05,16.85,17.0,0.05,24.0
2025-06-17,9944,12734.0,215824.0,16.95,17.0,16.9,17.0,0.0,31.0
2025-06-18,9944,7870.0,133568.0,17.0,17.0,16.9,17.0,0.0,29.0
2025-06-19,9944,25733.0,433275.0,16.9,16.95,16.7,16.8,-0.2,71.0
2025-06-20,9944,10328.0,173454.0,16.65,16.85,16.65,16.85,0.05,32.0
2025-06-23,9944,58737.0,996156.0,17.2,17.2,16.7,16.75,-0.1,48.0
2025-06-24,9944,14994.0,254552.0,16.9,17.2,16.85,16.85,0.1,46.0
2025-06-25,9944,12947.0,217538.0,16.8,16.85,16.75,16.85,0.0,52.0
2025-06-26,9944,16539.0,279276.0,16.4,17.1,16.4,17.1,0.25,35.0
2025-06-27,9944,24884.0,425079.0,17.1,17.2,17.0,17.05,-0.05,66.0
2025-06-30,9944,19063.0,324172.0,17.05,17.05,16.95,17.0,-0.05,41.0
2025-07-01,9944,10104.0,172308.0,17.0,17.05,17.0,17.05,0.05,19.0
2025-07-02,9944,20354.0,347726.0,17.1,17.2,17.0,17.0,-0.05,22.0
2025-07-03,9944,35751.0,617319.0,17.2,17.5,17.0,17.2,0.2,50.0
2025-07-04,9944,36113.0,620033.0,17.1,17.3,17.1,17.25,0.05,45.0
2025-07-07,9944,13673.0,233608.0,17.2,17.2,17.0,17.1,-0.15,29.0
2025-07-08,9944,15954.0,270733.0,17.0,17.0,16.9,16.9,-0.2,69.0
2025-07-09,9944,6005.0,101285.0,16.8,16.9,16.8,16.9,0.0,12.0
2025-07-10,9944,6428.0,109736.0,17.05,17.1,17.05,17.1,0.2,14.0
2025-07-11,9944,13186.0,224613.0,17.0,17.2,16.95,17.2,0.1,40.0
2025-07-14,9944,5454.0,93494.0,17.2,17.2,16.95,16.95,-0.25,22.0
2025-07-15,9944,2856.0,48555.0,17.15,17.15,16.85,16.85,-0.1,23.0
2025-07-16,9944,32670.0,552674.0,16.9,17.15,16.85,17.05,0.2,21.0
2025-07-17,9944,34909.0,594966.0,17.05,17.05,16.9,16.9,-0.15,21.0
2025-07-18,9944,10107.0,172583.0,17.0,17.15,17.0,17.15,0.25,15.0
2025-07-21,9944,7321.0,125473.0,17.2,17.2,17.05,17.05,-0.1,52.0
2025-07-22,9944,25592.0,434067.0,17.15,17.15,16.85,17.05,0.0,84.0
2025-07-23,9944,1929.0,32934.0,17.1,17.1,17.1,17.1,0.05,14.0
2025-07-24,9944,14887.0,252952.0,17.2,17.2,16.95,17.05,-0.05,24.0
2025-07-25,9944,1534.0,26138.0,17.0,17.0,17.0,17.0,-0.05,12.0
2025-07-28,9944,4862.0,82905.0,17.05,17.05,17.05,17.05,0.05,23.0
2025-07-29,9944,10303.0,175437.0,17.0,17.1,16.9,16.9,-0.15,57.0
2025-07-30,9944,10321.0,175975.0,17.0,17.1,17.0,17.1,0.2,14.0
2025-07-31,9944,15544.0,266315.0,17.2,17.2,16.9,17.15,0.05,29.0
2025-08-01,9944,14032.0,241136.0,17.15,17.2,17.1,17.2,0.05,69.0
2025-08-04,9944,10129.0,173780.0,17.15,17.2,16.95,17.2,0.0,26.0
2025-08-05,9944,4485.0,76911.0,17.1,17.2,17.05,17.05,-0.15,32.0
2025-08-06,9944,5995.0,102643.0,17.0,17.2,17.0,17.2,0.15,23.0
2025-08-07,9944,15268.0,262051.0,17.15,17.2,17.1,17.1,-0.1,68.0
2025-08-08,9944,19002.0,324882.0,17.15,17.2,17.0,17.05,-0.05,54.0
2025-08-11,9944,18350.0,312509.0,17.2,17.2,16.9,17.1,0.05,43.0
2025-08-12,9944,11033.0,188196.0,17.2,17.2,16.85,16.85,-0.25,34.0
2025-08-13,9944,62709.0,1062486.0,17.1,17.1,16.9,17.1,0.25,54.0
2025-08-14,9944,11246.0,192287.0,17.1,17.1,17.05,17.1,0.0,40.0
2025-08-15,9944,14256.0,244240.0,17.15,17.15,17.1,17.1,0.0,45.0
2025-08-18,9944,96155.0,1622127.0,17.15,17.15,16.75,16.8,-0.3,265.0
2025-08-19,9944,94929.0,1583605.0,17.0,17.0,16.45,16.65,-0.15,194.0
2025-08-20,9944,39012.0,658089.0,16.8,17.0,16.7,16.75,0.1,85.0
2025-08-21,9944,19967.0,336392.0,16.85,16.9,16.8,16.85,0.1,41.0
2025-08-22,9944,25151.0,424031.0,17.1,17.1,16.75,16.85,0.0,97.0
2025-08-25,9944,43871.0,736640.0,16.75,16.9,16.75,16.9,0.05,43.0
2025-08-26,9944,25653.0,432182.0,16.95,16.95,16.75,16.8,-0.1,57.0
2025-08-27,9944,21328.0,360368.0,16.9,16.9,16.85,16.9,0.1,35.0
2025-08-28,9944,13372.0,226199.0,16.95,17.05,16.8,16.85,-0.05,31.0
2025-08-29,9944,17552.0,295699.0,17.0,17.0,16.75,16.95,0.1,39.0
2025-09-01,9944,18493.0,310984.0,16.9,16.9,16.75,16.75,-0.2,82.0
2025-09-02,9944,27023.0,454694.0,16.9,16.95,16.65,16.75,0.0,140.0
2025-09-03,9944,14360.0,242994.0,16.9,17.0,16.9,16.9,0.15,57.0
2025-09-04,9944,16003.0,270319.0,16.9,17.0,16.8,17.0,0.1,33.0
2025-09-05,9944,6810.0,115869.0,17.0,17.0,17.0,17.0,0.0,49.0
2025-09-08,9944,8956.0,152246.0,17.0,17.0,16.95,16.95,-0.05,50.0
2025-09-09,9944,10446.0,177251.0,17.0,17.0,16.9,16.9,-0.05,47.0
2025-09-10,9944,16731.0,281863.0,16.85,17.0,16.65,17.0,0.1,93.0
2025-09-11,9944,7725.0,130971.0,17.0,17.0,16.9,16.9,-0.1,35.0
2025-09-12,9944,23550.0,398179.0,16.95,16.95,16.75,16.9,0.0,39.0
2025-09-15,9944,27193.0,462783.0,17.15,17.15,16.75,16.9,0.0,79.0
2025-09-16,9944,20744.0,350748.0,16.9,17.0,16.75,17.0,0.1,30.0
2025-09-17,9944,34497.0,584838.0,16.95,17.0,16.9,17.0,0.0,62.0
2025-09-18,9944,48408.0,825485.0,17.0,17.2,17.0,17.0,0.0,36.0
2025-09-19,9944,54801.0,927649.0,17.0,17.0,16.7,17.0,0.0,80.0
2025-09-22,9944,48121.0,820522.0,17.1,17.1,16.85,17.0,0.0,38.0
2025-09-23,9944,77561.0,1313835.0,17.0,17.0,16.75,16.8,-0.2,62.0
2025-09-24,9944,69670.0,1181193.0,17.05,17.05,16.7,16.9,0.1,109.0
2025-09-25,9944,55635.0,939625.0,16.9,17.0,16.75,17.0,0.1,62.0
2025-09-26,9944,65036.0,1098611.0,16.95,17.0,16.65,16.95,-0.05,87.0
2025-09-30,9944,61432.0,1035626.0,16.85,17.0,16.75,17.0,0.05,50.0
2025-10-01,9944,109367.0,1839917.0,16.9,16.95,16.7,16.8,-0.2,141.0
2025-10-02,9944,66305.0,1111025.0,16.8,16.8,16.65,16.8,0.0,85.0
2025-10-03,9944,74745.0,1254759.0,16.8,16.95,16.65,16.9,0.1,36.0
2025-10-07,9944,37444.0,629781.0,16.9,16.95,16.7,16.9,0.0,73.0
2025-10-08,9944,74918.0,1261644.0,16.85,16.9,16.7,16.7,-0.2,63.0
2025-10-09,9944,62674.0,1048152.0,16.7,16.95,16.7,16.95,0.25,32.0
2025-10-13,9944,14124.0,238126.0,16.85,16.9,16.75,16.85,-0.1,37.0
2025-10-14,9944,11088.0,187126.0,16.95,16.95,16.75,16.9,0.05,76.0
2025-10-15,9944,19327.0,326932.0,16.85,17.0,16.75,17.0,0.1,79.0
2025-10-16,9944,14380.0,243938.0,16.95,17.0,16.95,17.0,0.0,38.0
2025-10-17,9944,17728.0,299212.0,16.95,17.0,16.8,17.0,0.0,25.0
2025-10-20,9944,5078.0,86204.0,16.95,17.0,16.95,16.95,-0.05,39.0
2025-10-21,9944,14343.0,242662.0,16.9,16.95,16.85,16.95,0.0,89.0
2025-10-22,9944,16838.0,285308.0,16.95,17.0,16.8,17.0,0.05,39.0
2025-10-23,9944,11375.0,193122.0,16.95,17.0,16.95,17.0,0.0,24.0
2025-10-27,9944,10034.0,170360.0,17.0,17.0,16.9,16.9,-0.1,51.0
2025-10-28,9944,17088.0,287931.0,17.0,17.0,16.75,16.75,-0.15,55.0
2025-10-29,9944,15628.0,262371.0,16.9,16.9,16.7,16.85,0.1,49.0
2025-10-30,9944,12458.0,209337.0,16.85,16.85,16.65,16.85,0.0,51.0
2025-10-31,9944,16178.0,271155.0,16.85,16.85,16.7,16.85,0.0,35.0
2025-11-03,9944,21772.0,364630.0,16.85,16.85,16.7,16.7,-0.15,55.0
2025-11-04,9944,29727.0,497726.0,16.7,17.0,16.65,16.65,-0.05,57.0
2025-11-05,9944,42555.0,708727.0,16.65,16.85,16.6,16.85,0.2,38.0
2025-11-06,9944,17885.0,300861.0,16.8,16.9,16.7,16.85,0.0,40.0
2025-11-07,9944,9798.0,164936.0,16.85,17.0,16.7,16.85,0.0,40.0
2025-11-10,9944,23294.0,392489.0,16.85,16.95,16.85,16.85,0.0,47.0
2025-11-11,9944,39915.0,665625.0,16.85,16.85,16.55,16.6,-0.25,94.0
2025-11-12,9944,27287.0,457876.0,16.6,16.9,16.6,16.7,0.1,45.0
2025-11-13,9944,25404.0,426317.0,16.8,16.85,16.7,16.7,0.0,60.0
2025-11-14,9944,11499.0,192597.0,16.7,16.85,16.7,16.75,0.05,31.0
2025-11-17,9944,7317.0,122854.0,16.75,16.85,16.75,16.85,0.1,38.0
2025-11-18,9944,9908.0,165980.0,16.75,16.8,16.6,16.8,-0.05,31.0
2025-11-19,9944,10316.0,172934.0,16.75,16.85,16.6,16.8,0.0,24.0
2025-11-20,9944,44080.0,735832.0,16.8,16.85,16.6,16.65,-0.15,91.0
2025-11-21,9944,25600.0,428526.0,16.65,16.85,16.55,16.8,0.15,39.0
2025-11-24,9944,47731.0,793915.0,16.75,16.85,16.45,16.85,0.05,79.0
2025-11-25,9944,29920.0,501517.0,16.75,16.85,16.65,16.85,0.0,40.0
2025-11-26,9944,11863.0,199313.0,16.8,16.85,16.75,16.8,-0.05,23.0
2025-11-27,9944,16564.0,277631.0,16.8,16.8,16.65,16.75,-0.05,38.0
2025-11-28,9944,25621.0,428643.0,16.75,16.85,16.6,16.75,0.0,58.0
2025-12-01,9944,32408.0,540870.0,16.75,16.75,16.55,16.55,-0.2,65.0
2025-12-02,9944,26204.0,438263.0,16.75,16.8,16.65,16.75,0.2,25.0
2025-12-03,9944,18442.0,308582.0,16.75,16.75,16.65,16.75,0.0,42.0
2025-12-04,9944,9361.0,156936.0,16.75,16.8,16.7,16.7,-0.05,34.0
2025-12-05,9944,17261.0,288305.0,16.65,16.75,16.65,16.75,0.05,20.0
2025-12-08,9944,27268.0,456452.0,16.75,16.8,16.65,16.75,0.0,111.0
2025-12-09,9944,12813.0,214516.0,16.75,16.8,16.65,16.7,-0.05,27.0
2025-12-10,9944,20384.0,340882.0,16.7,16.8,16.65,16.8,0.1,58.0
2025-12-11,9944,22372.0,373493.0,16.65,16.8,16.65,16.8,0.0,119.0
2025-12-12,9944,124787.0,2097329.0,16.75,16.9,16.6,16.85,0.05,82.0
2025-12-15,9944,32522.0,547395.0,16.85,16.85,16.75,16.85,0.0,79.0
2025-12-16,9944,55964.0,941460.0,16.85,16.9,16.6,16.9,0.05,74.0
2025-12-17,9944,28588.0,482474.0,16.95,16.95,16.7,16.7,-0.2,59.0
2025-12-18,9944,22260.0,373716.0,16.7,16.85,16.7,16.85,0.15,88.0
2025-12-19,9944,124141.0,2100084.0,16.8,16.95,16.8,16.95,0.1,33.0
2025-12-22,9944,13485.0,228619.0,16.95,17.0,16.9,17.0,0.05,32.0
2025-12-23,9944,20813.0,352343.0,16.9,17.0,16.8,17.0,0.0,44.0
2025-12-24,9944,40897.0,691784.0,17.0,17.05,16.85,17.0,0.0,63.0
2025-12-26,9944,12178.0,206979.0,17.0,17.0,17.0,17.0,0.0,52.0
2025-12-29,9944,31409.0,532335.0,17.0,17.0,16.85,17.0,0.0,52.0
2025-12-30,9944,26503.0,449605.0,16.95,17.05,16.95,16.95,-0.05,52.0
2025-12-31,9944,31259.0,531277.0,17.0,17.05,16.9,17.05,0.1,60.0
2026-01-02,9944,20699.0,351076.0,16.95,17.0,16.95,17.0,-0.05,53.0
2026-01-05,9944,22976.0,388967.0,17.0,17.0,16.8,16.95,-0.05,84.0
2026-01-06,9944,25154.0,424030.0,16.85,16.9,16.75,16.85,-0.1,55.0
2026-01-07,9944,22503.0,378152.0,16.85,16.85,16.65,16.8,-0.05,64.0
2026-01-08,9944,18732.0,314841.0,16.8,16.9,16.7,16.9,0.1,56.0
2026-01-09,9944,19950.0,336738.0,16.9,16.95,16.7,16.95,0.05,46.0
2026-01-12,9944,25217.0,425817.0,16.9,17.0,16.75,17.0,0.05,76.0
2026-01-13,9944,32543.0,551318.0,16.95,17.0,16.8,16.8,-0.2,44.0
2026-01-14,9944,31371.0,527010.0,16.8,16.85,16.75,16.8,0.0,44.0
2026-01-15,9944,67647.0,1142878.0,16.9,16.95,16.85,16.9,0.1,57.0
2026-01-16,9944,39634.0,665278.0,16.85,16.85,16.7,16.7,-0.2,108.0
2026-01-19,9944,34404.0,574899.0,16.7,16.85,16.65,16.85,0.15,51.0
2026-01-20,9944,72283.0,1215663.0,16.8,16.9,16.7,16.9,0.05,79.0
2026-01-21,9944,33345.0,561213.0,16.85,16.85,16.7,16.85,-0.05,71.0
2026-01-22,9944,36763.0,618787.0,16.85,16.85,16.75,16.85,0.0,63.0
2026-01-23,9944,54555.0,920259.0,16.85,17.0,16.7,17.0,0.15,166.0
2026-01-26,9944,40202.0,679614.0,16.9,16.95,16.8,16.95,-0.05,103.0
2026-01-27,9944,631275.0,11329531.0,16.9,18.6,16.9,17.55,0.6,463.0
2026-01-28,9944,132482.0,2298547.0,17.55,17.55,17.05,17.05,-0.5,281.0
2026-01-29,9944,131198.0,2212461.0,17.05,17.05,16.55,16.75,-0.3,170.0
2026-01-30,9944,124153.0,2062473.0,16.75,16.75,16.35,16.65,-0.1,237.0
2026-02-02,9944,68777.0,1141712.0,16.55,16.8,16.5,16.75,0.1,76.0
2026-02-03,9944,41249.0,689980.0,16.75,16.75,16.6,16.65,-0.1,70.0
2026-02-04,9944,42606.0,709560.0,16.65,16.7,16.65,16.65,0.0,51.0
2026-02-05,9944,32392.0,538716.0,16.6,16.8,16.6,16.65,0.0,39.0
2026-02-06,9944,33992.0,565476.0,16.65,16.75,16.55,16.75,0.1,48.0
2026-02-09,9944,35151.0,587471.0,16.75,16.75,16.6,16.65,-0.1,63.0
2026-02-10,9944,43612.0,727319.0,16.65,16.8,16.65,16.75,0.1,47.0
2026-02-11,9944,56331.0,944022.0,16.75,16.85,16.55,16.85,0.1,64.0
2026-02-23,9944,60265.0,1012862.0,16.7,16.95,16.7,16.8,-0.05,87.0
2026-02-24,9944,35911.0,600320.0,16.7,16.8,16.7,16.8,0.0,134.0
2026-02-25,9944,71589.0,1202041.0,16.8,16.95,16.75,16.95,0.15,67.0
2026-02-26,9944,34003.0,572400.0,16.75,16.95,16.75,16.8,-0.15,91.0
2026-03-02,9944,26862.0,451156.0,16.8,16.8,16.7,16.7,-0.1,109.0
2026-03-03,9944,56594.0,946550.0,16.55,16.95,16.55,16.95,0.25,192.0
2026-03-04,9944,46939.0,783494.0,16.9,16.9,16.55,16.55,-0.4,165.0
2026-03-05,9944,29383.0,486891.0,16.55,16.65,16.55,16.55,0.0,44.0
2026-03-06,9944,69439.0,1147840.0,16.55,16.7,16.45,16.6,0.05,117.0
2026-03-09,9944,90763.0,1476747.0,16.5,16.5,15.95,16.4,-0.2,244.0
2026-03-10,9944,60292.0,988314.0,16.35,16.55,16.3,16.3,-0.1,78.0
2026-03-11,9944,35361.0,578003.0,16.3,16.55,16.3,16.35,0.05,58.0
2026-03-12,9944,63756.0,1040095.0,16.25,16.6,16.2,16.45,0.1,87.0
2026-03-13,9944,54897.0,898093.0,16.4,16.5,16.2,16.5,0.05,125.0
2026-03-16,9944,39222.0,642745.0,16.4,16.45,16.3,16.45,-0.05,67.0
2026-03-17,9944,67411.0,1102976.0,16.4,16.4,16.25,16.35,-0.1,101.0
2026-03-18,9944,48157.0,794819.0,16.55,16.55,16.3,16.3,-0.05,69.0
2026-03-19,9944,53905.0,877847.0,16.3,16.3,16.2,16.25,-0.05,96.0
2026-03-20,9944,57080.0,938060.0,16.4,16.6,16.3,16.3,0.05,70.0
2026-03-23,9944,45303.0,735209.0,16.2,16.5,16.15,16.2,-0.1,77.0
2026-03-24,9944,28612.0,464610.0,16.2,16.5,16.2,16.5,0.3,23.0
2026-03-25,9944,48521.0,798456.0,16.5,16.5,16.3,16.4,-0.1,48.0
2026-03-26,9944,63682.0,1037492.0,16.4,16.45,16.1,16.3,-0.1,119.0
2026-03-27,9944,32190.0,525029.0,16.3,16.45,16.2,16.45,0.15,41.0
2026-03-30,9944,34672.0,564234.0,16.3,16.45,16.15,16.45,0.0,49.0
2026-03-31,9944,38353.0,629948.0,16.45,16.45,16.3,16.35,-0.1,44.0
2026-04-01,9944,25795.0,421543.0,16.35,16.5,16.2,16.2,-0.15,78.0
2026-04-02,9944,42664.0,693196.0,16.2,16.4,16.2,16.4,0.2,56.0
2026-04-07,9944,10790.0,177068.0,16.4,16.4,16.4,16.4,0.0,43.0
2026-04-08,9944,44818.0,735785.0,16.4,16.5,16.35,16.4,0.0,42.0
2026-04-09,9944,34903.0,572583.0,16.4,16.45,16.35,16.4,0.0,51.0
2026-04-10,9944,39839.0,655034.0,16.45,16.5,16.4,16.4,0.0,54.0
2026-04-13,9944,50095.0,826865.0,16.5,16.6,16.45,16.5,0.1,52.0
2026-04-14,9944,53771.0,889946.0,16.5,16.65,16.5,16.65,0.15,67.0
2026-04-15,9944,46029.0,761594.0,16.5,16.65,16.5,16.65,0.0,63.0
2026-04-16,9944,49625.0,822019.0,16.5,16.65,16.5,16.65,0.0,82.0
2026-04-17,9944,51470.0,852765.0,16.5,16.7,16.5,16.7,0.05,80.0
2026-04-20,9944,50002.0,828504.0,16.5,16.7,16.5,16.7,0.0,84.0
2026-04-21,9944,34231.0,569760.0,16.6,16.75,16.6,16.75,0.05,72.0
2026-04-22,9944,63104.0,1051254.0,16.7,16.7,16.55,16.6,-0.15,96.0
2026-04-23,9944,37273.0,611893.0,16.55,16.55,16.25,16.25,-0.35,82.0
2026-04-24,9944,33700.0,550647.0,16.25,16.55,16.2,16.45,0.2,39.0
2026-04-27,9944,59756.0,970462.0,16.3,16.35,16.1,16.35,-0.1,111.0
2026-04-28,9944,48514.0,796400.0,16.5,16.55,16.2,16.5,0.15,54.0
2026-04-29,9944,32745.0,538226.0,16.45,16.45,16.3,16.3,-0.2,38.0
2026-04-30,9944,44505.0,725374.0,16.3,16.4,16.2,16.4,0.1,67.0
2026-05-04,9944,25248.0,411782.0,16.3,16.4,16.25,16.35,-0.05,71.0
2026-05-05,9944,37672.0,611262.0,16.2,16.35,16.2,16.35,0.0,82.0
2026-05-06,9944,68021.0,1107347.0,16.25,16.45,16.2,16.45,0.1,70.0
2026-05-07,9944,122784.0,2007621.0,16.35,16.45,16.25,16.45,0.0,74.0
2026-05-08,9944,124637.0,2039865.0,16.35,16.5,16.3,16.5,0.05,65.0
2026-05-11,9944,243017.0,4086327.0,16.8,17.1,16.7,17.1,0.6,104.0
2026-05-12,9944,256341.0,4382471.0,17.05,17.35,16.95,17.1,0.0,175.0
2026-05-13,9944,199699.0,3412754.0,17.1,17.3,16.9,17.05,-0.05,158.0
2026-05-14,9944,180716.0,3105446.0,17.2,17.2,17.0,17.1,0.05,73.0
2026-05-15,9944,228768.0,3920006.0,17.15,17.15,16.95,17.0,-0.1,71.0
2026-05-18,9944,177824.0,3022908.0,17.0,17.05,16.95,17.0,0.0,54.0
2026-05-19,9944,180112.0,3078821.0,17.1,17.25,16.9,16.9,-0.1,66.0
2026-05-20,9944,97420.0,1644113.0,16.9,17.0,16.75,17.0,0.1,57.0
2026-05-21,9944,148240.0,2556657.0,17.3,17.3,16.85,17.0,0.0,60.0
2026-05-22,9944,160293.0,2713939.0,16.95,17.0,16.85,17.0,0.0,48.0
2026-05-25,9944,211933.0,3598931.0,17.0,17.05,16.75,17.05,0.05,104.0
2026-05-26,9944,163517.0,2776337.0,17.0,17.1,16.65,16.95,-0.1,79.0
2026-05-27,9944,120442.0,2039243.0,16.95,17.0,16.75,16.85,-0.1,138.0
2026-05-28,9944,116300.0,1963811.0,16.85,17.1,16.85,17.05,0.2,51.0
2026-05-29,9944,168567.0,2859371.0,16.95,17.1,16.9,17.1,0.05,86.0
2026-06-01,9944,140377.0,2369738.0,16.9,17.0,16.6,16.9,-0.2,179.0
2026-06-02,9944,67070.0,1132360.0,16.9,16.9,16.85,16.85,-0.05,128.0
2026-06-03,9944,75066.0,1266612.0,16.85,16.9,16.8,16.9,0.05,152.0
2026-06-04,9944,65044.0,1101029.0,16.9,16.95,16.9,16.9,0.0,162.0
2026-06-05,9944,52248.0,885172.0,16.9,17.1,16.9,16.95,0.05,49.0
2026-06-08,9944,52907.0,888446.0,16.7,17.05,16.6,16.8,-0.15,79.0
2026-06-09,9944,79419.0,1359781.0,17.35,17.8,16.7,16.9,0.1,106.0
2026-06-10,9944,48950.0,828655.0,16.9,17.2,16.75,17.2,0.3,62.0
2026-06-11,9944,30939.0,530276.0,17.15,17.2,17.0,17.2,0.0,40.0
2026-06-12,9944,32517.0,559999.0,17.2,17.4,17.15,17.4,0.2,41.0
2026-06-15,9944,70361.0,1221533.0,17.15,17.55,17.15,17.4,0.0,80.0
2026-06-16,9944,109326.0,1911085.0,17.4,17.8,17.35,17.6,0.2,93.0
2026-06-17,9944,87573.0,1547087.0,17.7,17.75,17.55,17.55,-0.05,109.0
2026-06-18,9944,116754.0,2072531.0,18.0,18.0,17.6,17.75,0.2,66.0
2026-06-22,9944,70174.0,1238546.0,17.55,17.75,17.55,17.7,-0.05,101.0
2026-06-23,9944,89907.0,1607767.0,18.0,18.0,17.6,17.9,0.2,112.0
2026-06-24,9944,46962.0,844357.0,18.15,18.15,17.8,17.85,-0.05,66.0
2026-06-25,9944,51318.0,906758.0,17.7,17.85,17.55,17.85,0.0,95.0
2026-06-26,9944,52759.0,928024.0,17.7,17.7,17.35,17.5,-0.35,76.0
2026-06-29,9944,43824.0,768984.0,17.5,17.7,17.5,17.55,0.05,36.0
2026-06-30,9944,58893.0,1039366.0,17.7,17.7,17.55,17.65,0.1,62.0
2026-07-01,9944,51043.0,900618.0,17.65,17.75,17.55,17.7,0.05,73.0
2026-07-02,9944,35948.0,633664.0,17.7,17.75,17.4,17.65,-0.05,55.0
2026-07-03,9944,46284.0,822049.0,17.65,18.0,17.65,18.0,0.35,68.0
2026-07-06,9944,48516.0,873006.0,18.0,18.0,17.9,18.0,0.0,65.0
2026-07-07,9944,106188.0,1909386.0,18.0,18.1,17.9,18.05,0.05,62.0
2026-07-08,9944,67928.0,1219783.0,18.1,18.1,17.85,17.85,-0.2,72.0
2026-07-09,9944,35551.0,632946.0,17.85,17.95,17.75,17.75,-0.1,68.0
2026-07-13,9944,61553.0,1097866.0,17.85,17.95,17.75,17.75,0.0,41.0
2026-07-14,9944,41066.0,735309.0,18.1,18.1,17.75,17.8,0.05,47.0
2026-07-15,9944,75746.0,1345367.0,17.8,18.0,17.6,17.95,0.15,92.0
2026-07-16,9944,49078.0,876783.0,17.8,17.95,17.75,17.95,0.0,73.0
2026-07-17,9944,78804.0,1408597.0,17.9,18.1,17.6,17.95,0.0,89.0
2026-07-20,9944,70436.0,1264148.0,17.95,18.05,17.9,18.0,0.05,35.0
2026-07-21,9944,95641.0,1741093.0,18.0,18.5,18.0,18.45,0.45,96.0
2026-07-22,9944,54139.0,986875.0,18.3,18.35,18.15,18.25,-0.2,98.0
2026-07-23,9944,71888.0,1298955.0,18.1,18.25,17.9,17.9,-0.35,93.0
2026-07-24,9944,29667.0,530367.0,17.9,17.9,17.75,17.9,0.0,73.0
2026-07-27,9944,30352.0,541336.0,17.9,17.9,17.7,17.75,-0.15,45.0
2026-07-28,9944,41526.0,733538.0,17.75,17.75,17.5,17.7,-0.05,44.0
2026-07-29,9944,50610.0,898854.0,17.85,17.95,17.55,17.7,0.0,76.0
2026-07-30,9944,42029.0,740847.0,17.7,17.85,17.5,17.7,0.0,48.0
2026-07-31,9944,28917.0,516821.0,17.95,17.95,17.75,17.75,0.05,53.0
2026-08-03,9944,23129.0,408891.0,17.75,17.75,17.55,17.75,0.0,46.0
2026-08-04,9944,35954.0,635888.0,17.8,17.85,17.55,17.7,-0.05,65.0
2026-08-05,9944,46606.0,824047.0,17.8,17.8,17.55,17.6,-0.1,37.0
2026-08-06,9944,27289.0,481474.0,17.7,17.7,17.6,17.6,0.0,30.0
2026-08-07,9944,21214.0,374585.0,17.55,17.8,17.55,17.6,0.0,16.0
2026-08-10,9944,35256.0,621211.0,17.6,17.75,17.6,17.6,0.0,33.0
2026-08-11,9944,67031.0,1162625.0,17.35,17.6,17.25,17.25,-0.35,69.0
2026-08-12,9944,83455.0,1456268.0,17.45,17.65,17.3,17.65,0.4,74.0
2026-08-13,9944,28666.0,505158.0,17.65,17.8,17.55,17.55,-0.1,34.0
2026-08-14,9944,42729.0,747803.0,17.55,17.7,17.3,17.7,0.15,35.0
2026-08-17,9944,25639.0,451797.0,17.7,17.7,17.5,17.5,-0.2,30.0
2026-08-18,9944,36390.0,632681.0,17.5,17.5,17.25,17.25,-0.25,66.0
2026-08-19,9944,38653.0,670104.0,17.5,17.5,17.05,17.4,0.15,58.0
2026-08-20,9944,20025.0,348796.0,17.4,17.5,17.4,17.5,0.1,43.0
2026-08-21,9944,24161.0,423190.0,17.5,17.55,17.5,17.5,0.0,37.0
2026-08-24,9944,17371.0,303881.0,17.5,17.5,17.5,17.5,0.0,50.0
2026-08-25,9944,49461.0,854814.0,17.5,17.5,17.0,17.25,-0.25,92.0
2026-08-26,9944,23726.0,411381.0,17.25,17.5,17.25,17.5,0.25,49.0
2026-08-27,9944,28860.0,504509.0,17.5,17.5,17.45,17.5,0.0,45.0
2026-08-28,9944,25515.0,445504.0,17.5,17.55,17.35,17.35,-0.15,93.0
2026-08-31,9944,21215.0,367502.0,17.35,17.45,17.2,17.2,-0.15,38.0
2026-09-01,9944,36441.0,628552.0,17.2,17.4,17.2,17.25,0.05,38.0
2026-09-02,9944,24769.0,426576.0,17.25,17.3,17.15,17.2,-0.05,34.0
2026-09-03,9944,52725.0,909878.0,17.2,17.35,17.2,17.2,0.0,43.0
2026-09-04,9944,54895.0,942873.0,17.25,17.3,17.0,17.2,0.0,43.0
2026-09-07,9944,39137.0,672785.0,17.2,17.3,17.05,17.2,0.0,53.0
2026-09-08,9944,26418.0,454808.0,17.2,17.35,17.2,17.2,0.0,74.0
2026-09-09,9944,24451.0,421175.0,17.2,17.4,17.15,17.4,0.2,21.0
2026-09-10,9944,16569.0,287666.0,17.4,17.4,17.25,17.3,-0.1,46.0
2026-09-11,9944,41237.0,710609.0,17.3,17.4,17.05,17.4,0.1,43.0
